date,account_balance
2011-01-01,100000
2011-01-02,100000
2011-01-03,100000
2011-01-04,100000
2011-01-05,100000
2011-01-06,100000
2011-01-07,100000
2011-01-08,100000
2011-01-09,100000
2011-01-10,100000
2011-01-11,100000
2011-01-12,100000
2011-01-12,100000
2011-01-13,100000
2011-01-14,100000
2011-01-15,100000
2011-01-16,100000
2011-01-17,100000
2011-01-18,100000
2011-01-19,100000
2011-01-20,100000
2011-01-21,100000
2011-01-22,100000
2011-01-23,100000
2011-01-24,100000
2011-01-25,100000
2011-01-26,100000
2011-01-27,100000
2011-01-28,100000
2011-01-29,100000
2011-01-30,100000
2011-01-31,100000
2011-02-01,100575.45
2011-02-02,100575.45
2011-02-03,100575.45
2011-02-04,100575.45
2011-02-05,100575.45
2011-02-06,100575.45
2011-02-07,100575.45
2011-02-08,100575.45
2011-02-09,100575.45
2011-02-10,100575.45
2011-02-11,100575.45
2011-02-12,100575.45
2011-02-13,100575.45
2011-02-14,100575.45
2011-02-15,100575.45
2011-02-16,100575.45
2011-02-17,100575.45
2011-02-18,100575.45
2011-02-19,100575.45
2011-02-20,100575.45
2011-02-21,101015.42
2011-02-22,101015.42
2011-02-23,101015.42
2011-02-24,101015.42
2011-02-25,101015.42
2011-02-26,101015.42
2011-02-27,101015.42
2011-02-28,101015.42
2011-03-01,101015.42
2011-03-02,101015.42
2011-03-03,101015.42
2011-03-04,101015.42
2011-03-05,101015.42
2011-03-06,101015.42
2011-03-07,101015.42
2011-03-08,101015.42
2011-03-09,101015.42
2011-03-10,101015.42
2011-03-11,101015.42
2011-03-12,101015.42
2011-03-13,101015.42
2011-03-14,101575.14
2011-03-15,101575.14
2011-03-16,101575.14
2011-03-17,101575.14
2011-03-18,101575.14
2011-03-19,101575.14
2011-03-20,101575.14
2011-03-21,101575.14
2011-03-22,101575.14
2011-03-23,101575.14
2011-03-24,101575.14
2011-03-25,101575.14
2011-03-26,101575.14
2011-03-27,101575.14
2011-03-28,101575.14
2011-03-29,101575.14
2011-03-30,101575.14
2011-03-31,101575.14
2011-04-01,101968.06
2011-04-02,101968.06
2011-04-03,101960.87
2011-04-04,101960.87
2011-04-05,101960.87
2011-04-06,101960.87
2011-04-07,101960.87
2011-04-08,101960.87
2011-04-09,101960.87
2011-04-10,101960.87
2011-04-11,101960.87
2011-04-12,101960.87
2011-04-13,101960.87
2011-04-14,101960.87
2011-04-15,101960.87
2011-04-16,101960.87
2011-04-17,102364.6
2011-04-18,102364.6
2011-04-19,102364.6
2011-04-20,102364.6
2011-04-21,102364.6
2011-04-22,102364.6
2011-04-23,102364.6
2011-04-24,102364.6
2011-04-25,102364.6
2011-04-26,102364.6
2011-04-27,102364.6
2011-04-28,102364.6
2011-04-29,102364.6
2011-04-30,102364.6
2011-05-01,102364.6
2011-05-02,102364.6
2011-05-03,103889.98
2011-05-04,103889.98
2011-05-05,103889.98
2011-05-06,103889.98
2011-05-07,103889.98
2011-05-08,103889.98
2011-05-09,103889.98
2011-05-10,103889.98
2011-05-11,103889.98
2011-05-12,103889.98
2011-05-13,103889.98
2011-05-14,103889.98
2011-05-15,103889.98
2011-05-16,103889.98
2011-05-17,103889.98
2011-05-18,103889.98
2011-05-19,103889.98
2011-05-20,103889.98
2011-05-21,103889.98
2011-05-22,103889.98
2011-05-23,103889.98
2011-05-24,103889.98
2011-05-25,103889.98
2011-05-26,103889.98
2011-05-27,103889.98
2011-05-28,103889.98
2011-05-29,103889.98
2011-05-30,103889.98
2011-05-31,103889.98
2011-06-01,103889.98
2011-06-02,103889.98
2011-06-03,103889.98
2011-06-04,103889.98
2011-06-05,103889.98
2011-06-06,103889.98
2011-06-07,103889.98
2011-06-08,103889.98
2011-06-09,103889.98
2011-06-10,103889.98
2011-06-11,103889.98
2011-06-12,103889.98
2011-06-13,103889.98
2011-06-14,103889.98
2011-06-15,103889.98
2011-06-16,103889.98
2011-06-17,103889.98
2011-06-18,103889.98
2011-06-19,103889.98
2011-06-20,103889.98
2011-06-21,103889.98
2011-06-22,103889.98
2011-06-23,103889.98
2011-06-24,103889.98
2011-06-25,103889.98
2011-06-26,103889.98
2011-06-27,103889.98
2011-06-28,103889.98
2011-06-29,103889.98
2011-06-30,103889.98
2011-07-01,103889.98
2011-07-02,103889.98
2011-07-03,103889.98
2011-07-04,104554.47
2011-07-05,104554.47
2011-07-06,104554.47
2011-07-07,104554.47
2011-07-08,104554.47
2011-07-09,104554.47
2011-07-10,104554.47
2011-07-11,104554.47
2011-07-12,104554.47
2011-07-13,104554.47
2011-07-14,104554.47
2011-07-15,104554.47
2011-07-16,104554.47
2011-07-17,104554.47
2011-07-18,104554.47
2011-07-19,104554.47
2011-07-20,104554.47
2011-07-21,104554.47
2011-07-22,104554.47
2011-07-23,104554.47
2011-07-24,104554.47
2011-07-25,104554.47
2011-07-26,104554.47
2011-07-27,104977.71
2011-07-28,104977.71
2011-07-29,104977.71
2011-07-30,104977.71
2011-07-31,104977.71
2011-08-01,104977.71
2011-08-02,104977.71
2011-08-03,104977.71
2011-08-04,104977.71
2011-08-05,104977.71
2011-08-06,104977.71
2011-08-07,104977.71
2011-08-08,104977.71
2011-08-09,104977.71
2011-08-10,104977.71
2011-08-11,104977.71
2011-08-12,104977.71
2011-08-13,104977.71
2011-08-14,105332.78
2011-08-15,105332.78
2011-08-16,105332.78
2011-08-17,105332.78
2011-08-18,105332.78
2011-08-19,105332.78
2011-08-20,105332.78
2011-08-21,105332.78
2011-08-22,105332.78
2011-08-23,105332.78
2011-08-24,105332.78
2011-08-25,105332.78
2011-08-26,105332.78
2011-08-27,105332.78
2011-08-28,105332.78
2011-08-29,105332.78
2011-08-30,105734.09
2011-08-31,105734.09
2011-09-01,105734.09
2011-09-02,105734.09
2011-09-03,105734.09
2011-09-04,105734.09
2011-09-05,105734.09
2011-09-06,103959.26
2011-09-07,103959.26
2011-09-08,103959.26
2011-09-09,103959.26
2011-09-10,103959.26
2011-09-11,103959.26
2011-09-12,103959.26
2011-09-13,103959.26
2011-09-14,103959.26
2011-09-15,103959.26
2011-09-16,103959.26
2011-09-17,103959.26
2011-09-18,103959.26
2011-09-19,103959.26
2011-09-20,103959.26
2011-09-21,103959.26
2011-09-22,103959.26
2011-09-23,103959.26
2011-09-24,103959.26
2011-09-25,103959.26
2011-09-26,103959.26
2011-09-27,103959.26
2011-09-28,103959.26
2011-09-29,103959.26
2011-09-30,103959.26
2011-10-01,103959.26
2011-10-02,103959.26
2011-10-03,103959.26
2011-10-04,103959.26
2011-10-05,103959.26
2011-10-06,103959.26
2011-10-07,103959.26
2011-10-08,103959.26
2011-10-09,103959.26
2011-10-10,104974.82
2011-10-11,104974.82
2011-10-12,104974.82
2011-10-13,104974.82
2011-10-14,104974.82
2011-10-15,104974.82
2011-10-16,104974.82
2011-10-17,104974.82
2011-10-18,104974.82
2011-10-19,104974.82
2011-10-20,104974.82
2011-10-21,104974.82
2011-10-22,104974.82
2011-10-23,104974.82
2011-10-24,104974.82
2011-10-25,104974.82
2011-10-26,104974.82
2011-10-27,104974.82
2011-10-28,104974.82
2011-10-29,104974.82
2011-10-30,104974.82
2011-10-31,104974.82
2011-11-01,104974.82
2011-11-02,104974.82
2011-11-03,104974.82
2011-11-04,104974.82
2011-11-05,104974.82
2011-11-06,104974.82
2011-11-07,104974.82
2011-11-08,104974.82
2011-11-09,104974.82
2011-11-10,104974.82
2011-11-11,104974.82
2011-11-12,104974.82
2011-11-13,104974.82
2011-11-14,104974.82
2011-11-15,104974.82
2011-11-16,104974.82
2011-11-17,104974.82
2011-11-18,104974.82
2011-11-19,104974.82
2011-11-20,104974.82
2011-11-21,104974.82
2011-11-22,104974.82
2011-11-23,104974.82
2011-11-24,104974.82
2011-11-25,104974.82
2011-11-26,104974.82
2011-11-27,104974.82
2011-11-28,104974.82
2011-11-29,104974.82
2011-11-30,104974.82
2011-12-01,104974.82
2011-12-02,104974.82
2011-12-03,104974.82
2011-12-04,104974.82
2011-12-05,104974.82
2011-12-06,104974.82
2011-12-07,104974.82
2011-12-08,104974.82
2011-12-09,104974.82
2011-12-10,104974.82
2011-12-11,104960.99
2011-12-12,104960.99
2011-12-13,104960.99
2011-12-14,104960.99
2011-12-15,104960.99
2011-12-16,105586.47
2011-12-17,105586.47
2011-12-18,105586.47
2011-12-19,105586.47
2011-12-20,105586.47
2011-12-21,105586.47
2011-12-22,105586.47
2011-12-23,105586.47
2011-12-24,105586.47
2011-12-25,105586.47
2011-12-26,105586.47
2011-12-27,105586.47
2011-12-28,105586.47
2011-12-29,105586.47
2011-12-30,105586.47
2011-12-31,105586.47
2012-01-01,105586.47
2012-01-02,105586.47
2012-01-03,105586.47
2012-01-04,105586.47
2012-01-05,105586.47
2012-01-06,105586.47
2012-01-07,105586.47
2012-01-08,105586.47
2012-01-09,105586.47
2012-01-10,105586.47
2012-01-11,105586.47
2012-01-12,105586.47
2012-01-13,105586.47
2012-01-14,105586.47
2012-01-15,105586.47
2012-01-16,105586.47
2012-01-17,105586.47
2012-01-18,105586.47
2012-01-19,105586.47
2012-01-20,105586.47
2012-01-21,105586.47
2012-01-22,105586.47
2012-01-23,105586.47
2012-01-24,105586.47
2012-01-25,105586.47
2012-01-26,105586.47
2012-01-27,105586.47
2012-01-28,105586.47
2012-01-29,105586.47
2012-01-30,105586.47
2012-01-31,105586.47
2012-02-01,105586.47
2012-02-02,105586.47
2012-02-03,105979.98
2012-02-04,105979.98
2012-02-05,105979.98
2012-02-06,105979.98
2012-02-07,105979.98
2012-02-08,105979.98
2012-02-09,105979.98
2012-02-10,105979.98
2012-02-11,105979.98
2012-02-12,105979.98
2012-02-13,105979.98
2012-02-14,105979.98
2012-02-15,105979.98
2012-02-16,104763.17
2012-02-17,104763.17
2012-02-18,104763.17
2012-02-19,104763.17
2012-02-20,104763.17
2012-02-21,104763.17
2012-02-22,104763.17
2012-02-23,104763.17
2012-02-24,104763.17
2012-02-25,104763.17
2012-02-26,104763.17
2012-02-27,104763.17
2012-02-28,104763.17
2012-02-29,104763.17
2012-03-01,104763.17
2012-03-02,104763.17
2012-03-03,104763.17
2012-03-04,104763.17
2012-03-05,104763.17
2012-03-06,104763.17
2012-03-07,104763.17
2012-03-08,105383.73
2012-03-09,105383.73
2012-03-10,105383.73
2012-03-11,105383.73
2012-03-12,105383.73
2012-03-13,105383.73
2012-03-14,105383.73
2012-03-15,105383.73
2012-03-16,105383.73
2012-03-17,105383.73
2012-03-18,105383.73
2012-03-19,105383.73
2012-03-20,105383.73
2012-03-21,105383.73
2012-03-22,105383.73
2012-03-23,105383.73
2012-03-24,105383.73
2012-03-25,105383.73
2012-03-26,105383.73
2012-03-27,105383.73
2012-03-28,105383.73
2012-03-29,105383.73
2012-03-30,105383.73
2012-03-31,105383.73
2012-04-01,105383.73
2012-04-02,105383.73
2012-04-03,105383.73
2012-04-04,105383.73
2012-04-05,105383.73
2012-04-06,105383.73
2012-04-07,105383.73
2012-04-08,105383.73
2012-04-09,105383.73
2012-04-10,105383.73
2012-04-11,105383.73
2012-04-12,105383.73
2012-04-13,105383.73
2012-04-14,105383.73
2012-04-15,105383.73
2012-04-16,105383.73
2012-04-17,105383.73
2012-04-18,105383.73
2012-04-19,105383.73
2012-04-20,105383.73
2012-04-21,105383.73
2012-04-22,105383.73
2012-04-23,105383.73
2012-04-24,105383.73
2012-04-25,105383.73
2012-04-26,105383.73
2012-04-27,105383.73
2012-04-28,105383.73
2012-04-29,105383.73
2012-04-30,105383.73
2012-05-01,105383.73
2012-05-02,105383.73
2012-05-03,105383.73
2012-05-04,105383.73
2012-05-05,105383.73
2012-05-06,105383.73
2012-05-07,105383.73
2012-05-08,105383.73
2012-05-09,105383.73
2012-05-10,105383.73
2012-05-11,105383.73
2012-05-12,105383.73
2012-05-13,105383.73
2012-05-14,105383.73
2012-05-15,105383.73
2012-05-16,105383.73
2012-05-17,105383.73
2012-05-18,105383.73
2012-05-19,105383.73
2012-05-20,105383.73
2012-05-21,105383.73
2012-05-22,105383.73
2012-05-23,103617.58
2012-05-24,103617.58
2012-05-25,103617.58
2012-05-26,103617.58
2012-05-27,103617.58
2012-05-28,103617.58
2012-05-29,103617.58
2012-05-30,103617.58
2012-05-31,103617.58
2012-06-01,103617.58
2012-06-02,103617.58
2012-06-03,103617.58
2012-06-04,103617.58
2012-06-05,103617.58
2012-06-06,103617.58
2012-06-07,103617.58
2012-06-08,103617.58
2012-06-09,103617.58
2012-06-10,103617.58
2012-06-11,103617.58
2012-06-12,103617.58
2012-06-13,103617.58
2012-06-14,103617.58
2012-06-15,103617.58
2012-06-16,103617.58
2012-06-17,103617.58
2012-06-18,103617.58
2012-06-19,103617.58
2012-06-20,103617.58
2012-06-21,103617.58
2012-06-22,103617.58
2012-06-23,103617.58
2012-06-24,103617.58
2012-06-25,103617.58
2012-06-26,103617.58
2012-06-27,103617.58
2012-06-28,103617.58
2012-06-29,103617.58
2012-06-30,103617.58
2012-07-01,103617.58
2012-07-02,103617.58
2012-07-03,103617.58
2012-07-04,103617.58
2012-07-05,103617.58
2012-07-06,103617.58
2012-07-07,103617.58
2012-07-08,103617.58
2012-07-09,103617.58
2012-07-10,103617.58
2012-07-11,103617.58
2012-07-12,103617.58
2012-07-13,103617.58
2012-07-14,103617.58
2012-07-15,103617.58
2012-07-16,103617.58
2012-07-17,104240.05
2012-07-18,104240.05
2012-07-19,104240.05
2012-07-20,104240.05
2012-07-21,104240.05
2012-07-22,104240.05
2012-07-23,104240.05
2012-07-24,104240.05
2012-07-25,104240.05
2012-07-26,104240.05
2012-07-27,104240.05
2012-07-28,104240.05
2012-07-29,104240.05
2012-07-30,104240.05
2012-07-31,104240.05
2012-08-01,104682.11
2012-08-02,105685.31
2012-08-03,105685.31
2012-08-04,105685.31
2012-08-05,105685.31
2012-08-06,105685.31
2012-08-07,105685.31
2012-08-08,105685.31
2012-08-09,105685.31
2012-08-10,105685.31
2012-08-11,105685.31
2012-08-12,105685.31
2012-08-13,105685.31
2012-08-14,105685.31
2012-08-15,105685.31
2012-08-16,105685.31
2012-08-17,105685.31
2012-08-18,105685.31
2012-08-19,105685.31
2012-08-20,105685.31
2012-08-21,105685.31
2012-08-22,105685.31
2012-08-23,105685.31
2012-08-24,105685.31
2012-08-25,105685.31
2012-08-26,105685.31
2012-08-27,105685.31
2012-08-28,105685.31
2012-08-29,105685.31
2012-08-30,105685.31
2012-08-31,105685.31
2012-09-01,105685.31
2012-09-02,105685.31
2012-09-03,105685.31
2012-09-04,105685.31
2012-09-05,105685.31
2012-09-06,105685.31
2012-09-07,105685.31
2012-09-08,105685.31
2012-09-09,105685.31
2012-09-10,105685.31
2012-09-11,105685.31
2012-09-12,105685.31
2012-09-13,105685.31
2012-09-14,105685.31
2012-09-15,105685.31
2012-09-16,105685.31
2012-09-17,105685.31
2012-09-18,105685.31
2012-09-19,105685.31
2012-09-20,105685.31
2012-09-21,105685.31
2012-09-22,105685.31
2012-09-23,105685.31
2012-09-24,105685.31
2012-09-25,105685.31
2012-09-26,105685.31
2012-09-27,105685.31
2012-09-28,105685.31
2012-09-29,105685.31
2012-09-30,105685.31
2012-10-01,105685.31
2012-10-02,105685.31
2012-10-03,105685.31
2012-10-04,105685.31
2012-10-05,105685.31
2012-10-06,105685.31
2012-10-07,105685.31
2012-10-08,106099.08
2012-10-09,106099.08
2012-10-10,106099.08
2012-10-11,106099.08
2012-10-12,106099.08
2012-10-13,106099.08
2012-10-14,106099.08
2012-10-15,106099.08
2012-10-16,106099.08
2012-10-17,106560.12
2012-10-18,106560.12
2012-10-19,106560.12
2012-10-20,106560.12
2012-10-21,106560.12
2012-10-22,106560.12
2012-10-23,106560.12
2012-10-24,106560.12
2012-10-25,106560.12
2012-10-26,106560.12
2012-10-27,106560.12
2012-10-28,106560.12
2012-10-29,106560.12
2012-10-30,106560.12
2012-10-31,106560.12
2012-11-01,106560.12
2012-11-02,106560.12
2012-11-03,106560.12
2012-11-04,106560.12
2012-11-05,106560.12
2012-11-06,106560.12
2012-11-07,106560.12
2012-11-08,106560.12
2012-11-09,106560.12
2012-11-10,106560.12
2012-11-11,106560.12
2012-11-12,106560.12
2012-11-13,106560.12
2012-11-14,106560.12
2012-11-15,106560.12
2012-11-16,106560.12
2012-11-17,106560.12
2012-11-18,106560.12
2012-11-19,106560.12
2012-11-20,106560.12
2012-11-21,105387.88
2012-11-22,105387.88
2012-11-23,105387.88
2012-11-24,105387.88
2012-11-25,105387.88
2012-11-26,105387.88
2012-11-27,105387.88
2012-11-28,105387.88
2012-11-29,105387.88
2012-11-30,105387.88
2012-12-01,105387.88
2012-12-02,105387.88
2012-12-03,105884.02
2012-12-04,105884.02
2012-12-05,105884.02
2012-12-06,105884.02
2012-12-07,105884.02
2012-12-08,105884.02
2012-12-09,105884.02
2012-12-10,105884.02
2012-12-11,105884.02
2012-12-12,105884.02
2012-12-13,105884.02
2012-12-14,106273.26
2012-12-15,106273.26
2012-12-16,106273.26
2012-12-17,106273.26
2012-12-18,106273.26
2012-12-19,106273.26
2012-12-20,106273.26
2012-12-21,106273.26
2012-12-22,106273.26
2012-12-23,106273.26
2012-12-24,106273.26
2012-12-25,106273.26
2012-12-26,106273.26
2012-12-27,106273.26
2012-12-28,106273.26
2012-12-29,106273.26
2012-12-30,106273.26
2012-12-31,107176.96
2013-01-01,107176.96
2013-01-02,107176.96
2013-01-03,107176.96
2013-01-04,107176.96
2013-01-05,107176.96
2013-01-06,107176.96
2013-01-07,107176.96
2013-01-08,107176.96
2013-01-09,107176.96
2013-01-10,107176.96
2013-01-11,107176.96
2013-01-12,107176.96
2013-01-13,107176.96
2013-01-14,107176.96
2013-01-15,107176.96
2013-01-16,107176.96
2013-01-17,107176.96
2013-01-18,107176.96
2013-01-19,107176.96
2013-01-20,107176.96
2013-01-21,107176.96
2013-01-22,107176.96
2013-01-23,107176.96
2013-01-24,107176.96
2013-01-25,107176.96
2013-01-26,107176.96
2013-01-27,107176.96
2013-01-28,107176.96
2013-01-29,107176.96
2013-01-30,107176.96
2013-01-31,107176.96
2013-02-01,107176.96
2013-02-02,107176.96
2013-02-03,107176.96
2013-02-04,107176.96
2013-02-05,107176.96
2013-02-06,107176.96
2013-02-07,107176.96
2013-02-08,107176.96
2013-02-09,107176.96
2013-02-10,107176.96
2013-02-11,107176.96
2013-02-12,107176.96
2013-02-13,107176.96
2013-02-14,107176.96
2013-02-15,107176.96
2013-02-16,107176.96
2013-02-17,107176.96
2013-02-18,107176.96
2013-02-19,107176.96
2013-02-20,107176.96
2013-02-21,107176.96
2013-02-22,107176.96
2013-02-23,107176.96
2013-02-24,107176.96
2013-02-25,107176.96
2013-02-26,107176.96
2013-02-27,107176.96
2013-02-28,107176.96
2013-03-01,107176.96
2013-03-02,107176.96
2013-03-03,107176.96
2013-03-04,107176.96
2013-03-05,107176.96
2013-03-06,107176.96
2013-03-07,107176.96
2013-03-08,107176.96
2013-03-09,107176.96
2013-03-10,107176.96
2013-03-11,107176.96
2013-03-12,107176.96
2013-03-13,108288.23
2013-03-14,108288.23
2013-03-15,108288.23
2013-03-16,108288.23
2013-03-17,108288.23
2013-03-18,108288.23
2013-03-19,108288.23
2013-03-20,108288.23
2013-03-21,108288.23
2013-03-22,108288.23
2013-03-23,108288.23
2013-03-24,108288.23
2013-03-25,108288.23
2013-03-26,108288.23
2013-03-27,108288.23
2013-03-28,108288.23
2013-03-29,108288.23
2013-03-30,108288.23
2013-03-31,108288.23
2013-04-01,108288.23
2013-04-02,108288.23
2013-04-03,108288.23
2013-04-04,108288.23
2013-04-05,108288.23
2013-04-06,108288.23
2013-04-07,108288.23
2013-04-08,108288.23
2013-04-09,108288.23
2013-04-10,109886.68
2013-04-11,109886.68
2013-04-12,109886.68
2013-04-13,109886.68
2013-04-14,109886.68
2013-04-15,110323.83
2013-04-16,110323.83
2013-04-17,110323.83
2013-04-18,110323.83
2013-04-19,110323.83
2013-04-20,110323.83
2013-04-21,110323.83
2013-04-22,111046.18
2013-04-23,111046.18
2013-04-24,111046.18
2013-04-25,111046.18
2013-04-26,111046.18
2013-04-27,111046.18
2013-04-28,111046.18
2013-04-29,111046.18
2013-04-30,111046.18
2013-05-01,111046.18
2013-05-02,111046.18
2013-05-03,111046.18
2013-05-04,111046.18
2013-05-05,111046.18
2013-05-06,111046.18
2013-05-07,111046.18
2013-05-08,111046.18
2013-05-09,111046.18
2013-05-10,111046.18
2013-05-11,111046.18
2013-05-12,111046.18
2013-05-13,111046.18
2013-05-14,111046.18
2013-05-15,111046.18
2013-05-16,111046.18
2013-05-17,111046.18
2013-05-18,111046.18
2013-05-19,111046.18
2013-05-20,111046.18
2013-05-21,111046.18
2013-05-22,111046.18
2013-05-23,111046.18
2013-05-24,111046.18
2013-05-25,111046.18
2013-05-26,111046.18
2013-05-27,111046.18
2013-05-28,111046.18
2013-05-29,111046.18
2013-05-30,111046.18
2013-05-31,111046.18
2013-06-01,111046.18
2013-06-02,111046.18
2013-06-03,111046.18
2013-06-04,111046.18
2013-06-05,111046.18
2013-06-06,111046.18
2013-06-07,111046.18
2013-06-08,111046.18
2013-06-09,111046.18
2013-06-10,111046.18
2013-06-11,111046.18
2013-06-12,111046.18
2013-06-13,111046.18
2013-06-14,111046.18
2013-06-15,111046.18
2013-06-16,111046.18
2013-06-17,111046.18
2013-06-18,111046.18
2013-06-19,111046.18
2013-06-20,111046.18
2013-06-21,111046.18
2013-06-22,111046.18
2013-06-23,111046.18
2013-06-24,111046.18
2013-06-25,111046.18
2013-06-26,111046.18
2013-06-27,111046.18
2013-06-28,111046.18
2013-06-29,111046.18
2013-06-30,111046.18
2013-07-01,111046.18
2013-07-02,111046.18
2013-07-03,111046.18
2013-07-04,111046.18
2013-07-05,111046.18
2013-07-06,111046.18
2013-07-07,111046.18
2013-07-08,111046.18
2013-07-09,111046.18
2013-07-10,111046.18
2013-07-11,111046.18
2013-07-12,111046.18
2013-07-13,111046.18
2013-07-14,111046.18
2013-07-15,111046.18
2013-07-16,111046.18
2013-07-17,111046.18
2013-07-18,111046.18
2013-07-19,111046.18
2013-07-20,111046.18
2013-07-21,111046.18
2013-07-22,111046.18
2013-07-23,111046.18
2013-07-24,111046.18
2013-07-25,111046.18
2013-07-26,111046.18
2013-07-27,111046.18
2013-07-28,111046.18
2013-07-29,111046.18
2013-07-30,111046.18
2013-07-31,111046.18
2013-08-01,111353.79
2013-08-02,111353.79
2013-08-03,111353.79
2013-08-04,111353.79
2013-08-05,111353.79
2013-08-06,111353.79
2013-08-07,111353.79
2013-08-08,111353.79
2013-08-09,111353.79
2013-08-10,111353.79
2013-08-11,111353.79
2013-08-12,111353.79
2013-08-13,111353.79
2013-08-14,111353.79
2013-08-15,111353.79
2013-08-16,111353.79
2013-08-17,111353.79
2013-08-18,111353.79
2013-08-19,111353.79
2013-08-20,111353.79
2013-08-21,111353.79
2013-08-22,111353.79
2013-08-23,111353.79
2013-08-24,111353.79
2013-08-25,111353.79
2013-08-26,111353.79
2013-08-27,111353.79
2013-08-28,111353.79
2013-08-29,111353.79
2013-08-30,111353.79
2013-08-31,111353.79
2013-09-01,111353.79
2013-09-02,111353.79
2013-09-03,111353.79
2013-09-04,111353.79
2013-09-05,111353.79
2013-09-06,111353.79
2013-09-07,111353.79
2013-09-08,111353.79
2013-09-09,111353.79
2013-09-10,111353.79
2013-09-11,111353.79
2013-09-12,111353.79
2013-09-13,111353.79
2013-09-14,111353.79
2013-09-15,111353.79
2013-09-16,111353.79
2013-09-17,111353.79
2013-09-18,111353.79
2013-09-19,111353.79
2013-09-20,111353.79
2013-09-21,111353.79
2013-09-22,111353.79
2013-09-23,111353.79
2013-09-24,112290.09
2013-09-25,112290.09
2013-09-26,112290.09
2013-09-27,112290.09
2013-09-28,112290.09
2013-09-29,112290.09
2013-09-30,112290.09
2013-10-01,112290.09
2013-10-02,112290.09
2013-10-03,112290.09
2013-10-04,112290.09
2013-10-05,112290.09
2013-10-06,112290.09
2013-10-07,112290.09
2013-10-08,113398.51
2013-10-09,113398.51
2013-10-10,111546.67
2013-10-11,111546.67
2013-10-12,111546.67
2013-10-13,111546.67
2013-10-14,111546.67
2013-10-15,111546.67
2013-10-16,111546.67
2013-10-17,111546.67
2013-10-18,111546.67
2013-10-19,111546.67
2013-10-20,111546.67
2013-10-21,111546.67
2013-10-22,111546.67
2013-10-23,111546.67
2013-10-24,111546.67
2013-10-25,111546.67
2013-10-26,111546.67
2013-10-27,111546.67
2013-10-28,111546.67
2013-10-29,111546.67
2013-10-30,111546.67
2013-10-31,111546.67
2013-11-01,111546.67
2013-11-02,111546.67
2013-11-03,111546.67
2013-11-04,111546.67
2013-11-05,111546.67
2013-11-06,111546.67
2013-11-07,111546.67
2013-11-08,111546.67
2013-11-09,111546.67
2013-11-10,111546.67
2013-11-11,111546.67
2013-11-12,111546.67
2013-11-13,111546.67
2013-11-14,111546.67
2013-11-15,111546.67
2013-11-16,111546.67
2013-11-17,111546.67
2013-11-18,111546.67
2013-11-19,111546.67
2013-11-20,111546.67
2013-11-21,111546.67
2013-11-22,111546.67
2013-11-23,111546.67
2013-11-24,111546.67
2013-11-25,111546.67
2013-11-26,111546.67
2013-11-27,111546.67
2013-11-28,111546.67
2013-11-29,111546.67
2013-11-30,111546.67
2013-12-01,111546.67
2013-12-02,111546.67
2013-12-03,111546.67
2013-12-04,111546.67
2013-12-05,111546.67
2013-12-06,111546.67
2013-12-07,111546.67
2013-12-08,111546.67
2013-12-09,111546.67
2013-12-10,111546.67
2013-12-11,111546.67
2013-12-12,111546.67
2013-12-13,111546.67
2013-12-14,111546.67
2013-12-15,111546.67
2013-12-16,111546.67
2013-12-17,111546.67
2013-12-18,111546.67
2013-12-19,111546.67
2013-12-20,111546.67
2013-12-21,111546.67
2013-12-22,111546.67
2013-12-23,111546.67
2013-12-24,111546.67
2013-12-25,111546.67
2013-12-26,111546.67
2013-12-27,111546.67
2013-12-28,111546.67
2013-12-29,111546.67
2013-12-30,111546.67
2013-12-31,111546.67
2014-01-01,111546.67
2014-01-02,111546.67
2014-01-03,111546.67
2014-01-04,111546.67
2014-01-05,111546.67
2014-01-06,111546.67
2014-01-07,111546.67
2014-01-08,111546.67
2014-01-09,111546.67
2014-01-10,111546.67
2014-01-11,111546.67
2014-01-12,111546.67
2014-01-13,112196.81
2014-01-14,112196.81
2014-01-15,112196.81
2014-01-16,112196.81
2014-01-17,112196.81
2014-01-18,112196.81
2014-01-19,112196.81
2014-01-20,112196.81
2014-01-21,112196.81
2014-01-22,112196.81
2014-01-23,111043.05
2014-01-24,111043.05
2014-01-25,111043.05
2014-01-26,111043.05
2014-01-27,111043.05
2014-01-28,111043.05
2014-01-29,111043.05
2014-01-30,111043.05
2014-01-31,111043.05
2014-02-01,111043.05
2014-02-02,111043.05
2014-02-03,111043.05
2014-02-04,111043.05
2014-02-05,111043.05
2014-02-06,111043.05
2014-02-07,111043.05
2014-02-08,111043.05
2014-02-09,111043.05
2014-02-10,111043.05
2014-02-11,111043.05
2014-02-12,111043.05
2014-02-13,111043.05
2014-02-14,111043.05
2014-02-15,111043.05
2014-02-16,111043.05
2014-02-17,111043.05
2014-02-18,111043.05
2014-02-19,111043.05
2014-02-20,111043.05
2014-02-21,111043.05
2014-02-22,111043.05
2014-02-23,111043.05
2014-02-24,111043.05
2014-02-25,111043.05
2014-02-26,111043.05
2014-02-27,111043.05
2014-02-28,111043.05
2014-03-01,111043.05
2014-03-02,111043.05
2014-03-03,111043.05
2014-03-04,111043.05
2014-03-05,111043.05
2014-03-06,111043.05
2014-03-07,111043.05
2014-03-08,111043.05
2014-03-09,111043.05
2014-03-10,111686.71
2014-03-11,111686.71
2014-03-12,111686.71
2014-03-13,111686.71
2014-03-14,111686.71
2014-03-15,111686.71
2014-03-16,111686.71
2014-03-17,111686.71
2014-03-18,111686.71
2014-03-19,111686.71
2014-03-20,111686.71
2014-03-21,111686.71
2014-03-22,111686.71
2014-03-23,111686.71
2014-03-24,111686.71
2014-03-25,111686.71
2014-03-26,111686.71
2014-03-27,111686.71
2014-03-28,111686.71
2014-03-29,111686.71
2014-03-30,111686.71
2014-03-31,111686.71
2014-04-01,111686.71
2014-04-02,111686.71
2014-04-03,111686.71
2014-04-04,111686.71
2014-04-05,111686.71
2014-04-06,111686.71
2014-04-07,111686.71
2014-04-08,111686.71
2014-04-09,111686.71
2014-04-10,111686.71
2014-04-11,111686.71
2014-04-12,111686.71
2014-04-13,111686.71
2014-04-14,111686.71
2014-04-15,111686.71
2014-04-16,111686.71
2014-04-17,111686.71
2014-04-18,111686.71
2014-04-19,111686.71
2014-04-20,111686.71
2014-04-21,111686.71
2014-04-22,111686.71
2014-04-23,111686.71
2014-04-24,111686.71
2014-04-25,113317.37
2014-04-26,113317.37
2014-04-27,113317.37
2014-04-28,113317.37
2014-04-29,113317.37
2014-04-30,113317.37
2014-05-01,113317.37
2014-05-02,113317.37
2014-05-03,113317.37
2014-05-04,113317.37
2014-05-05,113317.37
2014-05-06,113317.37
2014-05-07,113317.37
2014-05-08,113317.37
2014-05-09,113317.37
2014-05-10,113317.37
2014-05-11,113317.37
2014-05-12,113317.37
2014-05-13,113317.37
2014-05-14,113317.37
2014-05-15,113317.37
2014-05-16,114444.67
2014-05-17,114444.67
2014-05-18,114444.67
2014-05-19,114444.67
2014-05-20,114444.67
2014-05-21,114444.67
2014-05-22,114444.67
2014-05-23,114444.67
2014-05-24,114444.67
2014-05-25,114444.67
2014-05-26,114444.67
2014-05-27,114444.67
2014-05-28,114444.67
2014-05-29,114444.67
2014-05-30,114444.67
2014-05-31,114444.67
2014-06-01,114444.67
2014-06-02,114444.67
2014-06-03,114444.67
2014-06-04,114444.67
2014-06-05,114444.67
2014-06-06,113290.76
2014-06-07,113290.76
2014-06-08,113290.76
2014-06-09,113290.76
2014-06-10,113290.76
2014-06-11,114985.81
2014-06-12,114985.81
2014-06-13,116144.25
2014-06-14,116144.25
2014-06-15,116121.28
2014-06-16,116121.28
2014-06-17,116121.28
2014-06-18,116121.28
2014-06-19,116121.28
2014-06-20,116121.28
2014-06-21,116121.28
2014-06-22,116121.28
2014-06-23,116121.28
2014-06-24,116121.28
2014-06-25,116121.28
2014-06-26,116121.28
2014-06-27,116121.28
2014-06-28,116121.28
2014-06-29,116121.28
2014-06-30,116121.28
2014-07-01,116121.28
2014-07-02,116121.28
2014-07-03,116121.28
2014-07-04,116121.28
2014-07-05,116121.28
2014-07-06,116121.28
2014-07-07,116121.28
2014-07-08,116121.28
2014-07-09,116121.28
2014-07-10,114365.28
2014-07-11,114365.28
2014-07-12,114365.28
2014-07-13,114365.28
2014-07-14,114365.28
2014-07-15,114365.28
2014-07-16,112560.21
2014-07-17,112560.21
2014-07-18,112560.21
2014-07-19,112560.21
2014-07-20,112560.21
2014-07-21,112560.21
2014-07-22,112560.21
2014-07-23,112560.21
2014-07-24,112560.21
2014-07-25,112560.21
2014-07-26,112560.21
2014-07-27,112560.21
2014-07-28,112560.21
2014-07-29,112560.21
2014-07-30,112560.21
2014-07-31,112560.21
2014-08-01,112560.21
2014-08-02,112560.21
2014-08-03,112560.21
2014-08-04,112560.21
2014-08-05,112560.21
2014-08-06,112560.21
2014-08-07,112560.21
2014-08-08,111246.41
2014-08-09,111246.41
2014-08-10,111246.41
2014-08-11,111246.41
2014-08-12,111246.41
2014-08-13,111246.41
2014-08-14,111246.41
2014-08-15,111246.41
2014-08-16,111246.41
2014-08-17,111246.41
2014-08-18,111246.41
2014-08-19,111246.41
2014-08-20,111246.41
2014-08-21,111246.41
2014-08-22,111246.41
2014-08-23,111246.41
2014-08-24,111246.41
2014-08-25,111246.41
2014-08-26,109964.15
2014-08-27,109964.15
2014-08-28,109964.15
2014-08-29,109964.15
2014-08-30,109964.15
2014-08-31,109964.15
2014-09-01,109964.15
2014-09-02,111658.24
2014-09-03,111658.24
2014-09-04,111658.24
2014-09-05,111658.24
2014-09-06,111658.24
2014-09-07,111658.24
2014-09-08,111658.24
2014-09-09,111658.24
2014-09-10,111658.24
2014-09-11,111658.24
2014-09-12,111658.24
2014-09-13,111658.24
2014-09-14,111658.24
2014-09-15,111658.24
2014-09-16,111658.24
2014-09-17,111658.24
2014-09-18,111658.24
2014-09-19,111658.24
2014-09-20,111658.24
2014-09-21,111658.24
2014-09-22,111658.24
2014-09-23,111658.24
2014-09-24,111658.24
2014-09-25,111658.24
2014-09-26,111658.24
2014-09-27,111658.24
2014-09-28,111658.24
2014-09-29,111658.24
2014-09-30,111658.24
2014-10-01,111658.24
2014-10-02,112735.43
2014-10-03,112735.43
2014-10-04,112735.43
2014-10-05,112735.43
2014-10-06,112735.43
2014-10-07,112735.43
2014-10-08,112735.43
2014-10-09,113178.8
2014-10-10,113178.8
2014-10-11,113178.8
2014-10-12,113178.8
2014-10-13,113178.8
2014-10-14,113178.8
2014-10-15,113178.8
2014-10-16,113178.8
2014-10-17,113178.8
2014-10-18,113178.8
2014-10-19,113178.8
2014-10-20,113178.8
2014-10-21,113178.8
2014-10-22,113178.8
2014-10-23,113178.8
2014-10-24,113178.8
2014-10-25,113178.8
2014-10-26,113178.8
2014-10-27,114686.3
2014-10-28,114686.3
2014-10-29,114686.3
2014-10-30,114686.3
2014-10-31,114686.3
2014-11-01,114686.3
2014-11-02,114686.3
2014-11-03,114686.3
2014-11-04,114686.3
2014-11-05,114686.3
2014-11-06,114686.3
2014-11-07,114686.3
2014-11-08,114686.3
2014-11-09,114686.3
2014-11-10,114686.3
2014-11-11,114686.3
2014-11-12,114686.3
2014-11-13,114686.3
2014-11-14,114686.3
2014-11-15,114686.3
2014-11-16,114686.3
2014-11-17,114686.3
2014-11-18,114686.3
2014-11-19,114686.3
2014-11-20,114686.3
2014-11-21,114686.3
2014-11-22,114686.3
2014-11-23,114686.3
2014-11-24,114686.3
2014-11-25,114686.3
2014-11-26,114686.3
2014-11-27,114686.3
2014-11-28,114686.3
2014-11-29,114686.3
2014-11-30,114686.3
2014-12-01,114686.3
2014-12-02,114686.3
2014-12-03,114686.3
2014-12-04,114686.3
2014-12-05,114686.3
2014-12-06,114686.3
2014-12-07,114686.3
2014-12-08,114686.3
2014-12-09,114686.3
2014-12-10,114686.3
2014-12-11,114686.3
2014-12-12,114686.3
2014-12-13,114686.3
2014-12-14,114686.3
2014-12-15,112837.38
2014-12-16,112837.38
2014-12-17,112837.38
2014-12-18,112837.38
2014-12-19,112837.38
2014-12-20,112837.38
2014-12-21,112837.38
2014-12-22,112837.38
2014-12-23,112837.38
2014-12-24,112837.38
2014-12-25,112837.38
2014-12-26,112837.38
2014-12-27,112837.38
2014-12-28,112837.38
2014-12-29,112837.38
2014-12-30,112837.38
2014-12-31,112837.38
2015-01-01,112837.38
2015-01-02,112837.38
2015-01-03,112837.38
2015-01-04,112837.38
2015-01-05,112837.38
2015-01-06,112837.38
2015-01-07,112837.38
2015-01-08,112837.38
2015-01-09,112837.38
2015-01-10,112837.38
2015-01-11,112837.38
2015-01-12,112837.38
2015-01-13,112837.38
2015-01-14,112837.38
2015-01-15,112837.38
2015-01-16,112837.38
2015-01-17,112837.38
2015-01-18,112837.38
2015-01-19,112837.38
2015-01-20,114484.43
2015-01-21,114484.43
2015-01-22,114484.43
2015-01-23,114484.43
2015-01-24,114484.43
2015-01-25,114484.43
2015-01-26,114484.43
2015-01-27,114484.43
2015-01-28,114484.43
2015-01-29,114484.43
2015-01-30,114484.43
2015-01-31,114484.43
2015-02-01,114484.43
2015-02-02,114484.43
2015-02-03,114484.43
2015-02-04,114484.43
2015-02-05,114484.43
2015-02-06,114484.43
2015-02-07,114484.43
2015-02-08,114484.43
2015-02-09,114484.43
2015-02-10,114484.43
2015-02-11,114484.43
2015-02-12,114484.43
2015-02-13,114484.43
2015-02-14,114484.43
2015-02-15,114484.43
2015-02-16,114484.43
2015-02-17,114484.43
2015-02-18,114484.43
2015-02-19,114484.43
2015-02-20,114484.43
2015-02-21,114484.43
2015-02-22,114484.43
2015-02-23,114484.43
2015-02-24,114484.43
2015-02-25,114484.43
2015-02-26,114484.43
2015-02-27,114484.43
2015-02-28,114484.43
2015-03-01,114484.43
2015-03-02,114872.07
2015-03-03,114872.07
2015-03-04,114872.07
2015-03-05,114872.07
2015-03-06,114872.07
2015-03-07,114872.07
2015-03-08,114872.07
2015-03-09,114872.07
2015-03-10,114872.07
2015-03-11,114872.07
2015-03-12,114872.07
2015-03-13,114872.07
2015-03-14,114872.07
2015-03-15,114872.07
2015-03-16,114872.07
2015-03-17,114872.07
2015-03-18,114872.07
2015-03-19,114872.07
2015-03-20,114872.07
2015-03-21,114872.07
2015-03-22,114872.07
2015-03-23,114872.07
2015-03-24,114872.07
2015-03-25,114872.07
2015-03-26,114872.07
2015-03-27,114872.07
2015-03-28,114872.07
2015-03-29,114872.07
2015-03-30,114872.07
2015-03-31,114872.07
2015-04-01,114872.07
2015-04-02,114872.07
2015-04-03,114872.07
2015-04-04,114872.07
2015-04-05,114872.07
2015-04-06,114872.07
2015-04-07,114872.07
2015-04-08,114872.07
2015-04-09,114872.07
2015-04-10,114872.07
2015-04-11,114872.07
2015-04-12,114872.07
2015-04-13,114872.07
2015-04-14,114872.07
2015-04-15,114872.07
2015-04-16,114872.07
2015-04-17,114872.07
2015-04-18,114872.07
2015-04-19,114872.07
2015-04-20,114872.07
2015-04-21,114872.07
2015-04-22,114872.07
2015-04-23,114872.07
2015-04-24,114872.07
2015-04-25,114872.07
2015-04-26,114872.07
2015-04-27,114872.07
2015-04-28,114872.07
2015-04-29,114872.07
2015-04-30,114872.07
2015-05-01,114872.07
2015-05-02,114872.07
2015-05-03,114872.07
2015-05-04,118184.06
2015-05-05,118184.06
2015-05-06,118184.06
2015-05-07,118184.06
2015-05-08,118184.06
2015-05-09,118184.06
2015-05-10,118184.06
2015-05-11,118184.06
2015-05-12,118184.06
2015-05-13,118184.06
2015-05-14,118184.06
2015-05-15,118184.06
2015-05-16,118184.06
2015-05-17,118184.06
2015-05-18,118184.06
2015-05-19,118184.06
2015-05-20,118184.06
2015-05-21,118184.06
2015-05-22,118184.06
2015-05-23,118184.06
2015-05-24,118184.06
2015-05-25,118184.06
2015-05-26,118184.06
2015-05-27,118184.06
2015-05-28,118184.06
2015-05-29,118184.06
2015-05-30,118184.06
2015-05-31,118184.06
2015-06-01,118184.06
2015-06-02,118184.06
2015-06-03,118184.06
2015-06-04,118184.06
2015-06-05,118184.06
2015-06-06,118184.06
2015-06-07,118184.06
2015-06-08,118184.06
2015-06-09,118184.06
2015-06-10,118184.06
2015-06-11,118184.06
2015-06-12,118184.06
2015-06-13,118184.06
2015-06-14,118184.06
2015-06-15,118184.06
2015-06-16,118184.06
2015-06-17,118184.06
2015-06-18,118184.06
2015-06-19,118184.06
2015-06-20,118184.06
2015-06-21,118184.06
2015-06-22,118184.06
2015-06-23,118184.06
2015-06-24,118184.06
2015-06-25,118184.06
2015-06-26,118184.06
2015-06-27,118184.06
2015-06-28,118184.06
2015-06-29,118184.06
2015-06-30,118184.06
2015-07-01,118184.06
2015-07-02,118910.01
2015-07-03,118910.01
2015-07-04,118910.01
2015-07-05,118910.01
2015-07-06,118910.01
2015-07-07,118910.01
2015-07-08,118910.01
2015-07-09,118910.01
2015-07-10,118910.01
2015-07-11,118910.01
2015-07-12,118910.01
2015-07-13,118910.01
2015-07-14,118910.01
2015-07-15,118910.01
2015-07-16,118910.01
2015-07-17,118910.01
2015-07-18,118910.01
2015-07-19,118910.01
2015-07-20,118910.01
2015-07-21,118910.01
2015-07-22,118910.01
2015-07-23,118910.01
2015-07-24,118910.01
2015-07-25,118910.01
2015-07-26,118910.01
2015-07-27,118910.01
2015-07-28,118910.01
2015-07-29,118910.01
2015-07-30,118910.01
2015-07-31,118910.01
2015-08-01,118910.01
2015-08-02,118910.01
2015-08-03,118910.01
2015-08-04,118910.01
2015-08-05,118910.01
2015-08-06,118910.01
2015-08-07,118910.01
2015-08-08,118910.01
2015-08-09,118910.01
2015-08-10,118910.01
2015-08-11,118910.01
2015-08-12,118910.01
2015-08-13,118910.01
2015-08-14,118910.01
2015-08-15,118910.01
2015-08-16,118910.01
2015-08-17,118910.01
2015-08-18,118910.01
2015-08-19,118910.01
2015-08-20,118910.01
2015-08-21,118910.01
2015-08-22,118910.01
2015-08-23,118910.01
2015-08-24,118910.01
2015-08-25,118910.01
2015-08-26,118910.01
2015-08-27,118910.01
2015-08-28,118910.01
2015-08-29,118910.01
2015-08-30,118910.01
2015-08-31,118910.01
2015-09-01,118910.01
2015-09-02,118910.01
2015-09-03,118910.01
2015-09-04,118910.01
2015-09-05,118910.01
2015-09-06,118910.01
2015-09-07,118910.01
2015-09-08,118910.01
2015-09-09,118910.01
2015-09-10,118910.01
2015-09-11,118910.01
2015-09-12,118910.01
2015-09-13,118910.01
2015-09-14,118910.01
2015-09-15,118910.01
2015-09-16,118910.01
2015-09-17,118910.01
2015-09-18,118910.01
2015-09-19,118910.01
2015-09-20,118910.01
2015-09-21,118910.01
2015-09-22,118910.01
2015-09-23,118910.01
2015-09-24,118910.01
2015-09-25,118910.01
2015-09-26,118910.01
2015-09-27,118910.01
2015-09-28,118910.01
2015-09-29,118910.01
2015-09-30,119582.73
2015-10-01,120328.93
2015-10-02,120328.93
2015-10-03,120328.93
2015-10-04,120328.93
2015-10-05,120328.93
2015-10-06,120328.93
2015-10-07,120328.93
2015-10-08,120328.93
2015-10-09,120328.93
2015-10-10,120328.93
2015-10-11,120328.93
2015-10-12,120328.93
2015-10-13,120328.93
2015-10-14,120328.93
2015-10-15,120328.93
2015-10-16,120328.93
2015-10-17,120328.93
2015-10-18,120328.93
2015-10-19,120328.93
2015-10-20,120328.93
2015-10-21,120328.93
2015-10-22,120328.93
2015-10-23,120328.93
2015-10-24,120328.93
2015-10-25,120328.93
2015-10-26,120328.93
2015-10-27,120328.93
2015-10-28,121254.87
2015-10-29,121254.87
2015-10-30,121254.87
2015-10-31,121254.87
2015-11-01,121254.87
2015-11-02,121254.87
2015-11-03,121254.87
2015-11-04,121254.87
2015-11-05,121254.87
2015-11-06,121254.87
2015-11-07,121254.87
2015-11-08,121254.87
2015-11-09,121254.87
2015-11-10,121254.87
2015-11-11,121254.87
2015-11-12,121254.87
2015-11-13,121254.87
2015-11-14,121254.87
2015-11-15,121254.87
2015-11-16,121254.87
2015-11-17,121254.87
2015-11-18,121254.87
2015-11-19,121254.87
2015-11-20,121254.87
2015-11-21,121254.87
2015-11-22,121254.87
2015-11-23,121254.87
2015-11-24,121254.87
2015-11-25,121254.87
2015-11-26,121254.87
2015-11-27,121254.87
2015-11-28,121254.87
2015-11-29,121254.87
2015-11-30,121254.87
2015-12-01,121254.87
2015-12-02,121254.87
2015-12-03,121254.87
2015-12-04,121254.87
2015-12-05,121254.87
2015-12-06,121254.87
2015-12-07,122918.57
2015-12-08,122918.57
2015-12-09,122918.57
2015-12-10,122918.57
2015-12-11,122918.57
2015-12-12,122918.57
2015-12-13,122918.57
2015-12-14,122918.57
2015-12-15,122918.57
2015-12-16,122918.57
2015-12-17,122918.57
2015-12-18,122918.57
2015-12-19,122918.57
2015-12-20,122918.57
2015-12-21,122918.57
2015-12-22,123601.4
2015-12-23,123601.4
2015-12-24,123601.4
2015-12-25,123601.4
2015-12-26,123601.4
2015-12-27,123601.4
2015-12-28,123601.4
2015-12-29,123601.4
2015-12-30,123601.4
2015-12-31,123601.4
2016-01-01,123601.4
2016-01-02,123601.4
2016-01-03,123601.4
2016-01-04,123601.4
2016-01-05,123601.4
2016-01-06,123601.4
2016-01-07,123601.4
2016-01-08,123601.4
2016-01-09,123601.4
2016-01-10,123601.4
2016-01-11,123601.4
2016-01-12,123601.4
2016-01-13,123601.4
2016-01-14,123601.4
2016-01-15,123601.4
2016-01-16,123601.4
2016-01-17,123601.4
2016-01-18,123601.4
2016-01-19,123601.4
2016-01-20,123601.4
2016-01-21,123601.4
2016-01-22,123601.4
2016-01-23,123601.4
2016-01-24,123601.4
2016-01-25,123601.4
2016-01-26,123601.4
2016-01-27,123601.4
2016-01-28,123601.4
2016-01-29,123601.4
2016-01-30,123601.4
2016-01-31,123601.4
2016-02-01,123601.4
2016-02-02,125375.97
2016-02-03,125375.97
2016-02-04,125375.97
2016-02-05,125375.97
2016-02-06,125375.97
2016-02-07,125375.97
2016-02-08,125375.97
2016-02-09,125375.97
2016-02-10,125375.97
2016-02-11,125375.97
2016-02-12,126624.53
2016-02-13,126624.53
2016-02-14,126624.53
2016-02-15,126624.53
2016-02-16,126624.53
2016-02-17,126624.53
2016-02-18,126624.53
2016-02-19,126624.53
2016-02-20,126624.53
2016-02-21,126624.53
2016-02-22,126624.53
2016-02-23,126624.53
2016-02-24,126624.53
2016-02-25,126624.53
2016-02-26,126624.53
2016-02-27,126624.53
2016-02-28,126624.53
2016-02-29,126624.53
2016-03-01,126624.53
2016-03-02,126624.53
2016-03-03,126624.53
2016-03-04,126624.53
2016-03-05,126624.53
2016-03-06,126624.53
2016-03-07,126624.53
2016-03-08,126624.53
2016-03-09,126624.53
2016-03-10,126624.53
2016-03-11,126624.53
2016-03-12,126624.53
2016-03-13,126624.53
2016-03-14,126624.53
2016-03-15,126624.53
2016-03-16,126624.53
2016-03-17,126624.53
2016-03-18,126624.53
2016-03-19,126624.53
2016-03-20,126624.53
2016-03-21,126624.53
2016-03-22,126624.53
2016-03-23,126624.53
2016-03-24,126624.53
2016-03-25,126624.53
2016-03-26,126624.53
2016-03-27,126624.53
2016-03-28,126624.53
2016-03-29,126624.53
2016-03-30,126624.53
2016-03-31,126624.53
2016-04-01,126624.53
2016-04-02,126624.53
2016-04-03,126624.53
2016-04-04,126624.53
2016-04-05,126624.53
2016-04-06,126624.53
2016-04-07,126624.53
2016-04-08,126624.53
2016-04-09,126624.53
2016-04-10,126624.53
2016-04-11,126624.53
2016-04-12,126624.53
2016-04-13,126624.53
2016-04-14,126624.53
2016-04-15,126624.53
2016-04-16,126624.53
2016-04-17,126624.53
2016-04-18,126624.53
2016-04-19,126624.53
2016-04-20,126624.53
2016-04-21,126615.43
2016-04-22,126615.43
2016-04-23,126615.43
2016-04-24,126615.43
2016-04-25,126615.43
2016-04-26,126615.43
2016-04-27,126615.43
2016-04-28,126615.43
2016-04-29,126615.43
2016-04-30,126615.43
2016-05-01,126615.43
2016-05-02,126615.43
2016-05-03,126615.43
2016-05-04,126615.43
2016-05-05,126615.43
2016-05-06,126615.43
2016-05-07,126615.43
2016-05-08,126615.43
2016-05-09,126615.43
2016-05-10,126615.43
2016-05-11,126615.43
2016-05-12,126615.43
2016-05-13,126615.43
2016-05-14,126615.43
2016-05-15,126615.43
2016-05-16,126615.43
2016-05-17,126615.43
2016-05-18,126615.43
2016-05-19,126615.43
2016-05-20,126615.43
2016-05-21,126615.43
2016-05-22,126615.43
2016-05-23,126615.43
2016-05-24,126615.43
2016-05-25,126615.43
2016-05-26,127870.35
2016-05-27,127870.35
2016-05-28,127870.35
2016-05-29,127870.35
2016-05-30,127870.35
2016-05-31,127870.35
2016-06-01,127870.35
2016-06-02,127870.35
2016-06-03,127870.35
2016-06-04,127870.35
2016-06-05,127870.35
2016-06-06,127870.35
2016-06-07,127870.35
2016-06-08,127870.35
2016-06-09,127870.35
2016-06-10,127870.35
2016-06-11,127870.35
2016-06-12,127870.35
2016-06-13,127870.35
2016-06-14,127870.35
2016-06-15,127870.35
2016-06-16,127870.35
2016-06-17,127870.35
2016-06-18,127870.35
2016-06-19,127870.35
2016-06-20,127870.35
2016-06-21,127870.35
2016-06-22,127870.35
2016-06-23,127870.35
2016-06-24,127870.35
2016-06-25,127870.35
2016-06-26,127870.35
2016-06-27,127870.35
2016-06-28,127870.35
2016-06-29,127870.35
2016-06-30,127870.35
2016-07-01,127870.35
2016-07-02,127870.35
2016-07-03,127870.35
2016-07-04,127870.35
2016-07-05,127870.35
2016-07-06,127870.35
2016-07-07,127870.35
2016-07-08,127870.35
2016-07-09,127870.35
2016-07-10,127870.35
2016-07-11,127870.35
2016-07-12,127870.35
2016-07-13,127870.35
2016-07-14,127870.35
2016-07-15,127870.35
2016-07-16,127870.35
2016-07-17,127870.35
2016-07-18,127870.35
2016-07-19,127870.35
2016-07-20,127870.35
2016-07-21,127870.35
2016-07-22,127870.35
2016-07-23,127870.35
2016-07-24,127870.35
2016-07-25,127870.35
2016-07-26,127780.07
2016-07-27,127780.07
2016-07-28,127780.07
2016-07-29,127780.07
2016-07-30,127780.07
2016-07-31,127780.07
2016-08-01,127780.07
2016-08-02,127780.07
2016-08-03,127780.07
2016-08-04,127780.07
2016-08-05,127780.07
2016-08-06,127780.07
2016-08-07,127780.07
2016-08-08,127780.07
2016-08-09,127780.07
2016-08-10,127780.07
2016-08-11,127780.07
2016-08-12,127780.07
2016-08-13,127780.07
2016-08-14,127780.07
2016-08-15,125718.72
2016-08-16,125718.72
2016-08-17,125718.72
2016-08-18,127025.88
2016-08-19,127025.88
2016-08-20,127025.88
2016-08-21,127025.88
2016-08-22,127025.88
2016-08-23,127025.88
2016-08-24,127025.88
2016-08-25,127025.88
2016-08-26,127025.88
2016-08-27,127025.88
2016-08-28,127025.88
2016-08-29,127025.88
2016-08-30,127025.88
2016-08-31,127025.88
2016-09-01,127025.88
2016-09-02,127025.88
2016-09-03,127025.88
2016-09-04,127025.88
2016-09-05,127025.88
2016-09-06,127025.88
2016-09-07,127025.88
2016-09-08,127025.88
2016-09-09,127025.88
2016-09-10,127025.88
2016-09-11,127025.88
2016-09-12,127025.88
2016-09-13,127025.88
2016-09-14,127025.88
2016-09-15,127025.88
2016-09-16,127025.88
2016-09-17,127025.88
2016-09-18,127025.88
2016-09-19,127025.88
2016-09-20,127025.88
2016-09-21,127025.88
2016-09-22,127025.88
2016-09-23,127025.88
2016-09-24,127025.88
2016-09-25,127025.88
2016-09-26,127025.88
2016-09-27,127025.88
2016-09-28,127025.88
2016-09-29,127025.88
2016-09-30,127025.88
2016-10-01,127025.88
2016-10-02,127025.88
2016-10-03,127025.88
2016-10-04,127025.88
2016-10-05,127025.88
2016-10-06,127025.88
2016-10-07,127025.88
2016-10-08,127025.88
2016-10-09,127025.88
2016-10-10,127025.88
2016-10-11,127025.88
2016-10-12,127025.88
2016-10-13,127025.88
2016-10-14,127025.88
2016-10-15,127025.88
2016-10-16,127025.88
2016-10-17,127025.88
2016-10-18,127025.88
2016-10-19,127025.88
2016-10-20,127025.88
2016-10-21,127025.88
2016-10-22,127025.88
2016-10-23,127025.88
2016-10-24,127025.88
2016-10-25,127025.88
2016-10-26,127025.88
2016-10-27,127025.88
2016-10-28,127025.88
2016-10-29,127025.88
2016-10-30,127025.88
2016-10-31,127025.88
2016-11-01,127025.88
2016-11-02,127025.88
2016-11-03,127025.88
2016-11-04,127025.88
2016-11-05,127025.88
2016-11-06,127025.88
2016-11-07,127025.88
2016-11-08,127025.88
2016-11-09,127025.88
2016-11-10,127025.88
2016-11-11,127025.88
2016-11-12,127025.88
2016-11-13,127025.88
2016-11-14,127025.88
2016-11-15,127025.88
2016-11-16,127025.88
2016-11-17,127025.88
2016-11-18,127025.88
2016-11-19,127025.88
2016-11-20,127025.88
2016-11-21,127025.88
2016-11-22,127025.88
2016-11-23,127025.88
2016-11-24,127025.88
2016-11-25,127025.88
2016-11-26,127025.88
2016-11-27,127025.88
2016-11-28,127025.88
2016-11-29,127025.88
2016-11-30,127025.88
2016-12-01,127025.88
2016-12-02,127025.88
2016-12-03,127025.88
2016-12-04,127025.88
2016-12-05,127025.88
2016-12-06,127025.88
2016-12-07,127025.88
2016-12-08,127025.88
2016-12-09,127025.88
2016-12-10,127025.88
2016-12-11,127025.88
2016-12-12,127025.88
2016-12-13,127025.88
2016-12-14,127025.88
2016-12-15,127025.88
2016-12-16,127025.88
2016-12-17,127025.88
2016-12-18,127025.88
2016-12-19,127025.88
2016-12-20,127025.88
2016-12-21,127025.88
2016-12-22,127025.88
2016-12-23,127025.88
2016-12-24,127025.88
2016-12-25,127025.88
2016-12-26,127025.88
2016-12-27,127025.88
2016-12-28,128302.41
2016-12-29,128302.41
2016-12-30,128302.41
2016-12-31,128302.41
2017-01-01,128302.41
2017-01-02,130182.91
2017-01-03,130182.91
2017-01-04,130182.91
2017-01-05,130182.91
2017-01-06,130182.91
2017-01-07,130182.91
2017-01-08,130182.91
2017-01-09,130182.91
2017-01-10,130182.91
2017-01-11,130182.91
2017-01-12,130182.91
2017-01-13,130182.91
2017-01-14,130182.91
2017-01-15,130182.91
2017-01-16,130182.91
2017-01-17,131522.59
2017-01-18,131522.59
2017-01-19,131522.59
2017-01-20,131522.59
2017-01-21,131522.59
2017-01-22,131522.59
2017-01-23,131522.59
2017-01-24,131522.59
2017-01-25,131522.59
2017-01-26,131522.59
2017-01-27,131522.59
2017-01-28,131522.59
2017-01-29,131522.59
2017-01-30,131522.59
2017-01-31,131522.59
2017-02-01,131522.59
2017-02-02,131522.59
2017-02-03,131522.59
2017-02-04,131522.59
2017-02-05,131522.59
2017-02-06,131522.59
2017-02-07,131522.59
2017-02-08,131522.59
2017-02-09,131522.59
2017-02-10,131522.59
2017-02-11,131522.59
2017-02-12,131522.59
2017-02-13,131522.59
2017-02-14,131522.59
2017-02-15,131522.59
2017-02-16,131522.59
2017-02-17,131522.59
2017-02-18,131522.59
2017-02-19,131522.59
2017-02-20,131522.59
2017-02-21,131522.59
2017-02-22,131522.59
2017-02-23,131522.59
2017-02-24,131522.59
2017-02-25,131522.59
2017-02-26,131522.59
2017-02-27,131522.59
2017-02-28,131522.59
2017-03-01,131522.59
2017-03-02,131522.59
2017-03-03,131522.59
2017-03-04,131522.59
2017-03-05,131522.59
2017-03-06,131522.59
2017-03-07,131522.59
2017-03-08,131522.59
2017-03-09,131522.59
2017-03-10,131522.59
2017-03-11,131522.59
2017-03-12,131522.59
2017-03-13,131522.59
2017-03-14,131522.59
2017-03-15,131522.59
2017-03-16,131522.59
2017-03-17,131522.59
2017-03-18,131522.59
2017-03-19,131522.59
2017-03-20,131522.59
2017-03-21,131522.59
2017-03-22,131522.59
2017-03-23,131522.59
2017-03-24,132268.57
2017-03-25,132268.57
2017-03-26,132268.57
2017-03-27,132268.57
2017-03-28,132268.57
2017-03-29,132268.57
2017-03-30,132268.57
2017-03-31,130281.08
2017-04-01,130281.08
2017-04-02,130281.08
2017-04-03,130281.08
2017-04-04,130281.08
2017-04-05,130281.08
2017-04-06,130281.08
2017-04-07,130281.08
2017-04-08,130281.08
2017-04-09,130797.87
2017-04-10,130797.87
2017-04-11,130797.87
2017-04-12,130797.87
2017-04-13,130797.87
2017-04-14,130797.87
2017-04-15,130797.87
2017-04-16,130797.87
2017-04-17,130797.87
2017-04-18,130797.87
2017-04-19,130797.87
2017-04-20,130797.87
2017-04-21,130797.87
2017-04-22,130797.87
2017-04-23,130797.87
2017-04-24,130797.87
2017-04-25,130797.87
2017-04-26,130797.87
2017-04-27,130797.87
2017-04-28,130797.87
2017-04-29,130797.87
2017-04-30,130797.87
2017-05-01,130797.87
2017-05-02,130797.87
2017-05-03,130797.87
2017-05-04,130797.87
2017-05-05,130797.87
2017-05-06,130797.87
2017-05-07,130797.87
2017-05-08,130797.87
2017-05-09,130797.87
2017-05-10,130797.87
2017-05-11,130797.87
2017-05-12,130797.87
2017-05-13,130797.87
2017-05-14,130797.87
2017-05-15,130797.87
2017-05-16,130797.87
2017-05-17,130797.87
2017-05-18,130797.87
2017-05-19,130797.87
2017-05-20,130797.87
2017-05-21,130797.87
2017-05-22,130797.87
2017-05-23,130797.87
2017-05-24,130797.87
2017-05-25,130797.87
2017-05-26,130797.87
2017-05-27,130797.87
2017-05-28,130797.87
2017-05-29,130797.87
2017-05-30,130797.87
2017-05-31,130797.87
2017-06-01,130797.87
2017-06-02,130797.87
2017-06-03,130797.87
2017-06-04,130797.87
2017-06-05,130797.87
2017-06-06,130797.87
2017-06-07,130797.87
2017-06-08,130797.87
2017-06-09,130797.87
2017-06-10,130797.87
2017-06-11,130797.87
2017-06-12,130797.87
2017-06-13,130797.87
2017-06-14,130797.87
2017-06-15,130797.87
2017-06-16,131096.8
2017-06-17,131096.8
2017-06-18,131096.8
2017-06-19,131096.8
2017-06-20,131096.8
2017-06-21,131096.8
2017-06-22,131096.8
2017-06-23,131096.8
2017-06-24,131096.8
2017-06-25,131096.8
2017-06-26,131096.8
2017-06-27,131096.8
2017-06-28,131096.8
2017-06-29,131096.8
2017-06-30,131096.8
2017-07-01,131096.8
2017-07-02,131096.8
2017-07-03,131096.8
2017-07-04,131096.8
2017-07-05,131807.95
2017-07-06,131807.95
2017-07-07,131807.95
2017-07-08,131807.95
2017-07-09,131807.95
2017-07-10,131807.95
2017-07-11,131807.95
2017-07-12,131807.95
2017-07-13,131807.95
2017-07-14,131807.95
2017-07-15,131807.95
2017-07-16,131807.95
2017-07-17,131807.95
2017-07-18,131807.95
2017-07-19,131807.95
2017-07-20,131807.95
2017-07-21,131807.95
2017-07-22,131807.95
2017-07-23,131807.95
2017-07-24,131807.95
2017-07-25,131807.95
2017-07-26,133548.16
2017-07-27,133548.16
2017-07-28,135623.09
2017-07-29,135623.09
2017-07-30,135623.09
2017-07-31,135623.09
2017-08-01,135623.09
2017-08-02,135623.09
2017-08-03,135623.09
2017-08-04,135623.09
2017-08-05,135623.09
2017-08-06,135623.09
2017-08-07,135623.09
2017-08-08,135623.09
2017-08-09,135623.09
2017-08-10,135623.09
2017-08-11,135623.09
2017-08-12,135623.09
2017-08-13,135623.09
2017-08-14,135623.09
2017-08-15,135623.09
2017-08-16,135623.09
2017-08-17,135623.09
2017-08-18,135623.09
2017-08-19,135623.09
2017-08-20,135623.09
2017-08-21,135623.09
2017-08-22,135623.09
2017-08-23,135623.09
2017-08-24,136966.87
2017-08-25,136966.87
2017-08-26,136966.87
2017-08-27,136966.87
2017-08-28,136966.87
2017-08-29,136966.87
2017-08-30,136966.87
2017-08-31,136966.87
2017-09-01,136966.87
2017-09-02,136966.87
2017-09-03,136966.87
2017-09-04,136966.87
2017-09-05,136966.87
2017-09-06,136966.87
2017-09-07,136966.87
2017-09-08,136966.87
2017-09-09,136966.87
2017-09-10,136966.87
2017-09-11,136966.87
2017-09-12,136966.87
2017-09-13,136966.87
2017-09-14,136966.87
2017-09-15,139052.87
2017-09-16,139052.87
2017-09-17,139052.87
2017-09-18,139040.29
2017-09-19,139040.29
2017-09-20,140179.13
2017-09-21,140179.13
2017-09-22,140179.13
2017-09-23,140179.13
2017-09-24,140179.13
2017-09-25,140179.13
2017-09-26,140179.13
2017-09-27,140179.13
2017-09-28,140179.13
2017-09-29,142230.22
2017-09-30,142230.22
2017-10-01,142230.22
2017-10-02,142230.22
2017-10-03,142230.22
2017-10-04,142230.22
2017-10-05,142230.22
2017-10-06,142230.22
2017-10-07,142230.22
2017-10-08,142230.22
2017-10-09,142230.22
2017-10-10,142230.22
2017-10-11,142230.22
2017-10-12,142230.22
2017-10-13,142230.22
2017-10-14,142230.22
2017-10-15,142230.22
2017-10-16,142230.22
2017-10-17,142753.35
2017-10-18,142753.35
2017-10-19,142753.35
2017-10-20,142753.35
2017-10-21,142753.35
2017-10-22,142753.35
2017-10-23,143345.71
2017-10-24,143345.71
2017-10-25,143345.71
2017-10-26,143345.71
2017-10-27,143345.71
2017-10-28,143345.71
2017-10-29,143345.71
2017-10-30,143345.71
2017-10-31,143345.71
2017-11-01,143345.71
2017-11-02,143345.71
2017-11-03,143345.71
2017-11-04,143345.71
2017-11-05,143345.71
2017-11-06,143345.71
2017-11-07,143345.71
2017-11-08,143345.71
2017-11-09,143345.71
2017-11-10,143345.71
2017-11-11,143345.71
2017-11-12,143345.71
2017-11-13,143345.71
2017-11-14,143345.71
2017-11-15,143345.71
2017-11-16,143345.71
2017-11-17,143345.71
2017-11-18,143345.71
2017-11-19,143345.71
2017-11-20,143345.71
2017-11-21,143345.71
2017-11-22,143345.71
2017-11-23,143345.71
2017-11-24,143345.71
2017-11-25,143345.71
2017-11-26,143345.71
2017-11-27,143345.71
2017-11-28,143345.71
2017-11-29,143345.71
2017-11-30,143345.71
2017-12-01,143345.71
2017-12-02,143345.71
2017-12-03,143345.71
2017-12-04,141178.5
2017-12-05,141178.5
2017-12-06,141178.5
2017-12-07,141178.5
2017-12-08,141178.5
2017-12-09,141178.5
2017-12-10,141178.5
2017-12-11,141178.5
2017-12-12,141178.5
2017-12-13,141178.5
2017-12-14,141178.5
2017-12-15,141178.5
2017-12-16,141178.5
2017-12-17,141178.5
2017-12-18,141178.5
2017-12-19,141178.5
2017-12-20,141178.5
2017-12-21,141178.5
2017-12-22,141178.5
2017-12-23,141178.5
2017-12-24,141178.5
2017-12-25,141178.5
2017-12-26,141178.5
2017-12-27,141178.5
2017-12-28,142530.17
2017-12-29,142530.17
2017-12-30,142530.17
2017-12-31,142530.17
2018-01-01,142530.17
2018-01-02,142530.17
2018-01-03,142530.17
2018-01-04,142530.17
2018-01-05,142530.17
2018-01-06,142530.17
2018-01-07,142530.17
2018-01-08,142530.17
2018-01-09,144010.43
2018-01-10,144010.43
2018-01-11,144010.43
2018-01-12,144010.43
2018-01-13,144010.43
2018-01-14,144010.43
2018-01-15,144010.43
2018-01-16,144010.43
2018-01-17,144010.43
2018-01-18,144010.43
2018-01-19,144010.43
2018-01-20,144010.43
2018-01-21,144010.43
2018-01-22,144010.43
2018-01-23,144010.43
2018-01-24,144010.43
2018-01-25,144010.43
2018-01-26,144010.43
2018-01-27,144010.43
2018-01-28,144010.43
2018-01-29,144010.43
2018-01-30,144010.43
2018-01-31,144010.43
2018-02-01,144960.0
2018-02-02,144960.0
2018-02-03,144960.0
2018-02-04,144960.0
2018-02-05,144960.0
2018-02-06,144960.0
2018-02-07,144960.0
2018-02-08,144960.0
2018-02-09,144960.0
2018-02-10,144960.0
2018-02-11,144960.0
2018-02-12,144960.0
2018-02-13,144960.0
2018-02-14,144960.0
2018-02-15,144960.0
2018-02-16,145844.83
2018-02-17,145844.83
2018-02-18,145844.83
2018-02-19,145844.83
2018-02-20,145844.83
2018-02-21,145844.83
2018-02-22,145844.83
2018-02-23,145844.83
2018-02-24,145844.83
2018-02-25,145844.83
2018-02-26,145844.83
2018-02-27,145844.83
2018-02-28,145844.83
2018-03-01,145844.83
2018-03-02,145844.83
2018-03-03,145844.83
2018-03-04,145844.83
2018-03-05,145844.83
2018-03-06,145844.83
2018-03-07,145844.83
2018-03-08,145844.83
2018-03-09,145844.83
2018-03-10,145844.83
2018-03-11,145844.83
2018-03-12,148110.88
2018-03-13,148110.88
2018-03-14,148110.88
2018-03-15,148110.88
2018-03-16,148110.88
2018-03-17,148110.88
2018-03-18,148110.88
2018-03-19,149409.54
2018-03-20,149409.54
2018-03-21,149409.54
2018-03-22,149409.54
2018-03-23,149409.54
2018-03-24,149409.54
2018-03-25,149409.54
2018-03-26,149409.54
2018-03-27,150946.39
2018-03-28,150946.39
2018-03-29,150946.39
2018-03-30,150946.39
2018-03-31,150946.39
2018-04-01,150946.39
2018-04-02,150946.39
2018-04-03,150946.39
2018-04-04,150946.39
2018-04-05,150946.39
2018-04-06,150946.39
2018-04-07,150946.39
2018-04-08,150946.39
2018-04-09,150946.39
2018-04-10,150946.39
2018-04-11,150946.39
2018-04-12,150946.39
2018-04-13,150946.39
2018-04-14,150946.39
2018-04-15,150946.39
2018-04-16,150946.39
2018-04-17,150946.39
2018-04-18,150946.39
2018-04-19,150946.39
2018-04-20,150946.39
2018-04-21,150946.39
2018-04-22,150946.39
2018-04-23,150946.39
2018-04-24,148433.97
2018-04-25,148433.97
2018-04-26,148433.97
2018-04-27,148433.97
2018-04-28,148433.97
2018-04-29,148433.97
2018-04-30,148433.97
2018-05-01,148433.97
2018-05-02,148433.97
2018-05-03,148433.97
2018-05-04,148433.97
2018-05-05,148433.97
2018-05-06,148433.97
2018-05-07,148433.97
2018-05-08,148433.97
2018-05-09,148433.97
2018-05-10,148433.97
2018-05-11,148433.97
2018-05-12,148433.97
2018-05-13,148433.97
2018-05-14,148433.97
2018-05-15,148433.97
2018-05-16,148433.97
2018-05-17,148433.97
2018-05-18,148433.97
2018-05-19,148433.97
2018-05-20,148433.97
2018-05-21,148433.97
2018-05-22,148433.97
2018-05-23,148433.97
2018-05-24,148433.97
2018-05-25,148433.97
2018-05-26,148433.97
2018-05-27,148433.97
2018-05-28,149337.48
2018-05-29,149337.48
2018-05-30,149337.48
2018-05-31,150764.66
2018-06-01,150764.66
2018-06-02,150764.66
2018-06-03,150764.66
2018-06-04,150764.66
2018-06-05,150764.66
2018-06-06,150764.66
2018-06-07,150764.66
2018-06-08,150764.66
2018-06-09,150764.66
2018-06-10,150764.66
2018-06-11,150764.66
2018-06-12,150764.66
2018-06-13,149235.56
2018-06-14,149235.56
2018-06-15,149235.56
2018-06-16,149235.56
2018-06-17,149235.56
2018-06-18,149235.56
2018-06-19,149235.56
2018-06-20,149235.56
2018-06-21,149235.56
2018-06-22,149235.56
2018-06-23,149235.56
2018-06-24,149235.56
2018-06-25,149235.56
2018-06-26,149235.56
2018-06-27,149235.56
2018-06-28,149235.56
2018-06-29,149235.56
2018-06-30,149235.56
2018-07-01,149235.56
2018-07-02,149235.56
2018-07-03,149235.56
2018-07-04,149235.56
2018-07-05,149964.08
2018-07-06,149964.08
2018-07-07,149964.08
2018-07-08,149964.08
2018-07-09,149964.08
2018-07-10,149964.08
2018-07-11,149964.08
2018-07-12,149964.08
2018-07-13,149964.08
2018-07-14,149964.08
2018-07-15,149964.08
2018-07-16,149964.08
2018-07-17,149964.08
2018-07-18,150702.03
2018-07-19,150702.03
2018-07-20,150702.03
2018-07-21,150702.03
2018-07-22,150702.03
2018-07-23,150702.03
2018-07-24,150702.03
2018-07-25,148302.55
2018-07-26,148302.55
2018-07-27,148302.55
2018-07-28,148302.55
2018-07-29,148302.55
2018-07-30,148302.55
2018-07-31,148302.55
2018-08-01,148302.55
2018-08-02,148302.55
2018-08-03,148302.55
2018-08-04,148302.55
2018-08-05,148302.55
2018-08-06,148302.55
2018-08-07,150511.28
2018-08-08,150511.28
2018-08-09,150511.28
2018-08-10,150511.28
2018-08-11,150511.28
2018-08-12,150511.28
2018-08-13,150511.28
2018-08-14,150511.28
2018-08-15,150511.28
2018-08-16,150511.28
2018-08-17,150511.28
2018-08-18,150511.28
2018-08-19,150511.28
2018-08-20,150511.28
2018-08-21,150511.28
2018-08-22,150511.28
2018-08-23,150511.28
2018-08-24,150511.28
2018-08-25,150511.28
2018-08-26,150511.28
2018-08-27,150511.28
2018-08-28,150511.28
2018-08-29,150511.28
2018-08-30,150511.28
2018-08-31,150511.28
2018-09-01,150511.28
2018-09-02,150511.28
2018-09-03,150511.28
2018-09-04,150511.28
2018-09-05,150511.28
2018-09-06,150511.28
2018-09-07,150511.28
2018-09-08,150511.28
2018-09-09,150511.28
2018-09-10,150511.28
2018-09-11,150511.28
2018-09-12,150511.28
2018-09-13,150511.28
2018-09-14,150511.28
2018-09-15,150511.28
2018-09-16,150511.28
2018-09-17,150511.28
2018-09-18,150511.28
2018-09-19,150511.28
2018-09-20,150511.28
2018-09-21,151090.98
2018-09-22,151090.98
2018-09-23,151090.98
2018-09-24,152024.92
2018-09-25,152024.92
2018-09-26,152024.92
2018-09-27,152024.92
2018-09-28,152024.92
2018-09-29,152024.92
2018-09-30,152024.92
2018-10-01,152024.92
2018-10-02,152024.92
2018-10-03,152024.92
2018-10-04,152024.92
2018-10-05,152024.92
2018-10-06,152024.92
2018-10-07,152024.92
2018-10-08,152024.92
2018-10-09,152024.92
2018-10-10,154149.9
2018-10-11,154149.9
2018-10-12,154149.9
2018-10-13,154149.9
2018-10-14,154149.9
2018-10-15,154149.9
2018-10-16,154149.9
2018-10-17,154149.9
2018-10-18,154149.9
2018-10-19,154149.9
2018-10-20,154149.9
2018-10-21,154149.9
2018-10-22,154149.9
2018-10-23,156273.1
2018-10-24,156273.1
2018-10-25,156273.1
2018-10-26,156273.1
2018-10-27,156273.1
2018-10-28,156273.1
2018-10-29,156273.1
2018-10-30,158519.59
2018-10-31,158519.59
2018-11-01,158519.59
2018-11-02,158519.59
2018-11-03,158519.59
2018-11-04,158519.59
2018-11-05,158519.59
2018-11-06,158519.59
2018-11-07,158519.59
2018-11-08,158519.59
2018-11-09,158519.59
2018-11-10,158519.59
2018-11-11,158519.59
2018-11-12,158519.59
2018-11-13,158519.59
2018-11-14,158519.59
2018-11-15,158519.59
2018-11-16,158519.59
2018-11-17,158519.59
2018-11-18,158519.59
2018-11-19,158519.59
2018-11-20,158519.59
2018-11-21,158519.59
2018-11-22,158519.59
2018-11-23,158519.59
2018-11-24,158519.59
2018-11-25,158519.59
2018-11-26,158519.59
2018-11-27,158519.59
2018-11-28,158519.59
2018-11-29,158519.59
2018-11-30,158519.59
2018-12-01,158519.59
2018-12-02,158519.59
2018-12-03,158519.59
2018-12-04,158519.59
2018-12-05,158519.59
2018-12-06,158519.59
2018-12-07,158519.59
2018-12-08,158519.59
2018-12-09,158519.59
2018-12-10,158519.59
2018-12-11,158519.59
2018-12-12,158519.59
2018-12-13,158519.59
2018-12-14,158519.59
2018-12-15,158519.59
2018-12-16,158519.59
2018-12-17,158519.59
2018-12-18,158519.59
2018-12-19,158519.59
2018-12-20,158519.59
2018-12-21,158519.59
2018-12-22,158519.59
2018-12-23,158519.59
2018-12-24,158519.59
2018-12-25,158519.59
2018-12-26,160848.28
2018-12-27,160848.28
2018-12-28,160848.28
2018-12-29,160848.28
2018-12-30,160848.28
2018-12-31,160848.28
2019-01-01,160848.28
2019-01-02,160848.28
2019-01-03,160848.28
2019-01-04,160848.28
2019-01-05,160848.28
2019-01-06,160848.28
2019-01-07,160848.28
2019-01-08,160848.28
2019-01-09,160848.28
2019-01-10,160848.28
2019-01-11,160848.28
2019-01-12,160848.28
2019-01-13,160848.28
2019-01-14,160848.28
2019-01-15,160808.45
2019-01-16,160808.45
2019-01-17,163244.1
2019-01-18,163244.1
2019-01-19,163244.1
2019-01-20,163244.1
2019-01-21,163244.1
2019-01-22,163244.1
2019-01-23,163244.1
2019-01-24,163244.1
2019-01-25,163244.1
2019-01-26,163244.1
2019-01-27,163244.1
2019-01-28,163244.1
2019-01-29,163244.1
2019-01-30,163244.1
2019-01-31,163244.1
2019-02-01,163244.1
2019-02-02,163244.1
2019-02-03,163244.1
2019-02-04,163244.1
2019-02-05,163244.1
2019-02-06,163244.1
2019-02-07,163244.1
2019-02-08,163244.1
2019-02-09,163244.1
2019-02-10,163244.1
2019-02-11,163244.1
2019-02-12,163244.1
2019-02-13,163244.1
2019-02-14,163244.1
2019-02-15,163244.1
2019-02-16,163244.1
2019-02-17,163244.1
2019-02-18,164682.41
2019-02-19,164682.41
2019-02-20,164682.41
2019-02-21,164682.41
2019-02-22,164682.41
2019-02-23,164682.41
2019-02-24,164682.41
2019-02-25,164682.41
2019-02-26,164682.41
2019-02-27,164682.41
2019-02-28,164682.41
2019-03-01,164682.41
2019-03-02,164682.41
2019-03-03,164682.41
2019-03-04,164682.41
2019-03-05,164682.41
2019-03-06,164682.41
2019-03-07,164682.41
2019-03-08,164682.41
2019-03-09,164682.41
2019-03-10,164682.41
2019-03-11,164682.41
2019-03-12,164682.41
2019-03-13,164682.41
2019-03-14,164682.41
2019-03-15,166087.58
2019-03-16,166087.58
2019-03-17,166087.58
2019-03-18,166087.58
2019-03-19,166087.58
2019-03-20,167039.08
2019-03-21,167039.08
2019-03-22,167039.08
2019-03-23,167039.08
2019-03-24,167039.08
2019-03-25,167039.08
2019-03-26,167039.08
2019-03-27,167039.08
2019-03-28,167039.08
2019-03-29,167039.08
2019-03-30,167039.08
2019-03-31,167039.08
2019-04-01,167039.08
2019-04-02,167039.08
2019-04-03,167039.08
2019-04-04,167039.08
2019-04-05,167039.08
2019-04-06,167039.08
2019-04-07,167039.08
2019-04-08,167039.08
2019-04-09,167039.08
2019-04-10,167039.08
2019-04-11,167039.08
2019-04-12,167039.08
2019-04-13,167039.08
2019-04-14,167039.08
2019-04-15,167039.08
2019-04-16,167039.08
2019-04-17,167039.08
2019-04-18,167039.08
2019-04-19,167039.08
2019-04-20,167039.08
2019-04-21,167039.08
2019-04-22,167039.08
2019-04-23,167039.08
2019-04-24,167039.08
2019-04-25,168586.96
2019-04-26,168586.96
2019-04-27,168586.96
2019-04-28,168586.96
2019-04-29,168586.96
2019-04-30,171097.08
2019-05-01,171097.08
2019-05-02,171097.08
2019-05-03,171097.08
2019-05-04,171097.08
2019-05-05,171097.08
2019-05-06,171097.08
2019-05-07,171097.08
2019-05-08,171097.08
2019-05-09,171097.08
2019-05-10,171097.08
2019-05-11,171097.08
2019-05-12,171097.08
2019-05-13,173611.55
2019-05-14,171860.33
2019-05-15,173367.13
2019-05-16,173367.13
2019-05-17,173367.13
2019-05-18,173367.13
2019-05-19,173367.13
2019-05-20,173367.13
2019-05-21,173367.13
2019-05-22,173367.13
2019-05-23,173367.13
2019-05-24,173367.13
2019-05-25,173367.13
2019-05-26,173367.13
2019-05-27,173367.13
2019-05-28,173367.13
2019-05-29,173367.13
2019-05-30,173367.13
2019-05-31,173367.13
2019-06-01,173367.13
2019-06-02,173367.13
2019-06-03,173367.13
2019-06-04,173367.13
2019-06-05,173367.13
2019-06-06,173367.13
2019-06-07,174025.61
2019-06-08,174025.61
2019-06-09,174025.61
2019-06-10,174025.61
2019-06-11,174025.61
2019-06-12,174025.61
2019-06-13,174025.61
2019-06-14,174025.61
2019-06-15,174025.61
2019-06-16,174025.61
2019-06-17,174025.61
2019-06-18,174025.61
2019-06-19,174025.61
2019-06-20,174025.61
2019-06-21,174025.61
2019-06-22,174025.61
2019-06-23,174025.61
2019-06-24,174025.61
2019-06-25,174025.61
2019-06-26,174025.61
2019-06-27,174025.61
2019-06-28,174025.61
2019-06-29,174025.61
2019-06-30,174025.61
2019-07-01,174025.61
2019-07-02,174025.61
2019-07-03,174025.61
2019-07-04,174025.61
2019-07-05,174025.61
2019-07-06,174025.61
2019-07-07,174025.61
2019-07-08,174025.61
2019-07-09,174025.61
2019-07-10,174025.61
2019-07-11,174025.61
2019-07-12,174025.61
2019-07-13,174025.61
2019-07-14,174025.61
2019-07-15,174025.61
2019-07-16,174025.61
2019-07-17,174025.61
2019-07-18,174025.61
2019-07-19,174025.61
2019-07-20,174025.61
2019-07-21,174025.61
2019-07-22,174025.61
2019-07-23,174025.61
2019-07-24,174025.61
2019-07-25,174025.61
2019-07-26,174025.61
2019-07-27,174025.61
2019-07-28,174025.61
2019-07-29,174025.61
2019-07-30,174025.61
2019-07-31,174025.61
2019-08-01,174025.61
2019-08-02,174025.61
2019-08-03,174025.61
2019-08-04,174025.61
2019-08-05,174025.61
2019-08-06,174025.61
2019-08-07,174025.61
2019-08-08,174025.61
2019-08-09,174025.61
2019-08-10,174025.61
2019-08-11,174025.61
2019-08-12,174025.61
2019-08-13,174025.61
2019-08-14,174025.61
2019-08-15,174025.61
2019-08-16,174025.61
2019-08-17,174025.61
2019-08-18,174025.61
2019-08-19,174853.72
2019-08-20,174853.72
2019-08-21,174853.72
2019-08-22,174853.72
2019-08-23,174853.72
2019-08-24,174853.72
2019-08-25,174853.72
2019-08-26,174853.72
2019-08-27,174853.72
2019-08-28,174853.72
2019-08-29,174853.72
2019-08-30,174853.72
2019-08-31,174853.72
2019-09-01,174853.72
2019-09-02,174853.72
2019-09-03,174853.72
2019-09-04,174853.72
2019-09-05,174853.72
2019-09-06,174853.72
2019-09-07,174853.72
2019-09-08,174853.72
2019-09-09,174853.72
2019-09-10,176437.92
2019-09-11,176437.92
2019-09-12,176437.92
2019-09-13,176437.92
2019-09-14,176437.92
2019-09-15,176437.92
2019-09-16,176437.92
2019-09-17,176437.92
2019-09-18,176437.92
2019-09-19,176437.92
2019-09-20,176437.92
2019-09-21,176437.92
2019-09-22,176437.92
2019-09-23,176437.92
2019-09-24,177404.02
2019-09-25,177404.02
2019-09-26,177404.02
2019-09-27,177404.02
2019-09-28,177404.02
2019-09-29,177404.02
2019-09-30,177404.02
2019-10-01,177404.02
2019-10-02,177404.02
2019-10-03,180029.78
2019-10-04,180029.78
2019-10-05,180029.78
2019-10-06,180029.78
2019-10-07,180029.78
2019-10-08,180029.78
2019-10-09,180029.78
2019-10-10,180029.78
2019-10-11,180029.78
2019-10-12,180029.78
2019-10-13,180029.78
2019-10-14,180029.78
2019-10-15,180029.78
2019-10-16,180029.78
2019-10-17,180029.78
2019-10-18,180029.78
2019-10-19,180029.78
2019-10-20,180029.78
2019-10-21,180029.78
2019-10-22,180029.78
2019-10-23,180029.78
2019-10-24,180029.78
2019-10-25,180029.78
2019-10-26,180029.78
2019-10-27,180029.78
2019-10-28,180029.78
2019-10-29,180029.78
2019-10-30,180029.78
2019-10-31,180029.78
2019-11-01,180029.78
2019-11-02,180029.78
2019-11-03,180029.78
2019-11-04,180029.78
2019-11-05,180029.78
2019-11-06,180029.78
2019-11-07,180029.78
2019-11-08,180029.78
2019-11-09,180029.78
2019-11-10,180029.78
2019-11-11,180029.78
2019-11-12,180029.78
2019-11-13,179947.84
2019-11-14,179947.84
2019-11-15,179947.84
2019-11-16,179947.84
2019-11-17,179947.84
2019-11-18,179947.84
2019-11-19,179947.84
2019-11-20,179947.84
2019-11-21,179947.84
2019-11-22,179947.84
2019-11-23,179947.84
2019-11-24,179947.84
2019-11-25,179947.84
2019-11-26,179947.84
2019-11-27,179947.84
2019-11-28,179947.84
2019-11-29,179947.84
2019-11-30,179947.84
2019-12-01,179947.84
2019-12-02,180725.83
2019-12-03,180725.83
2019-12-04,180725.83
2019-12-05,180725.83
2019-12-06,180725.83
2019-12-07,180725.83
2019-12-08,180725.83
2019-12-09,180725.83
2019-12-10,183307.09
2019-12-11,180552.86
2019-12-12,180552.86
2019-12-13,180552.86
2019-12-14,180552.86
2019-12-15,180552.86
2019-12-16,180552.86
2019-12-17,180552.86
2019-12-18,180552.86
2019-12-19,180552.86
2019-12-20,180552.86
2019-12-21,180552.86
2019-12-22,180552.86
2019-12-23,180552.86
2019-12-24,180552.86
2019-12-25,180552.86
2019-12-26,180552.86
2019-12-27,180552.86
2019-12-28,180552.86
2019-12-29,180552.86
2019-12-30,180552.86
2019-12-31,180552.86
2020-01-01,180552.86
2020-01-02,180552.86
2020-01-03,180552.86
2020-01-04,180552.86
2020-01-05,180552.86
2020-01-06,180552.86
2020-01-07,180552.86
2020-01-08,180552.86
2020-01-09,180552.86
2020-01-10,180552.86
2020-01-11,180552.86
2020-01-12,180552.86
2020-01-13,180552.86
2020-01-14,180552.86
2020-01-15,180552.86
2020-01-16,181488.52
2020-01-17,181488.52
2020-01-18,181488.52
2020-01-19,181488.52
2020-01-20,178528.95
2020-01-21,178528.95
2020-01-22,178528.95
2020-01-23,178528.95
2020-01-24,178528.95
2020-01-25,178528.95
2020-01-26,178528.95
2020-01-27,178528.95
2020-01-28,178528.95
2020-01-29,178528.95
2020-01-30,178528.95
2020-01-31,178528.95
2020-02-01,178528.95
2020-02-02,178528.95
2020-02-03,178528.95
2020-02-04,178528.95
2020-02-05,178528.95
2020-02-06,178528.95
2020-02-07,178528.95
2020-02-08,178528.95
2020-02-09,178528.95
2020-02-10,178528.95
2020-02-11,178528.95
2020-02-12,178528.95
2020-02-13,178528.95
2020-02-14,178528.95
2020-02-15,178528.95
2020-02-16,178528.95
2020-02-17,178528.95
2020-02-18,178528.95
2020-02-19,178528.95
2020-02-20,178528.95
2020-02-21,178528.95
2020-02-22,178528.95
2020-02-23,178528.95
2020-02-24,178528.95
2020-02-25,178528.95
2020-02-26,178528.95
2020-02-27,178528.95
2020-02-28,178528.95
2020-02-29,178528.95
2020-03-01,178528.95
2020-03-02,178528.95
2020-03-03,178528.95
2020-03-04,178528.95
2020-03-05,178528.95
2020-03-06,178528.95
2020-03-07,178528.95
2020-03-08,178528.95
2020-03-09,178528.95
2020-03-10,178528.95
2020-03-11,178528.95
2020-03-12,178528.95
2020-03-13,178528.95
2020-03-14,178528.95
2020-03-15,178528.95
2020-03-16,178528.95
2020-03-17,178528.95
2020-03-18,178528.95
2020-03-19,178528.95
2020-03-20,178528.95
2020-03-21,178528.95
2020-03-22,178528.95
2020-03-23,178528.95
2020-03-24,178528.95
2020-03-25,178528.95
2020-03-26,178528.95
2020-03-27,178528.95
2020-03-28,178528.95
2020-03-29,178528.95
2020-03-30,178528.95
2020-03-31,178528.95
2020-04-01,178528.95
2020-04-02,178528.95
2020-04-03,178528.95
2020-04-04,178528.95
2020-04-05,178528.95
2020-04-06,178528.95
2020-04-07,178528.95
2020-04-08,178528.95
2020-04-09,178528.95
2020-04-10,178528.95
2020-04-11,178528.95
2020-04-12,175780.39
2020-04-13,175780.39
2020-04-14,175780.39
2020-04-15,175780.39
2020-04-16,175780.39
2020-04-17,175780.39
2020-04-18,175780.39
2020-04-19,175780.39
2020-04-20,175780.39
2020-04-21,175780.39
2020-04-22,175780.39
2020-04-23,175780.39
2020-04-24,175780.39
2020-04-25,175780.39
2020-04-26,175780.39
2020-04-27,175780.39
2020-04-28,175780.39
2020-04-29,175780.39
2020-04-30,175780.39
2020-05-01,175780.39
2020-05-02,175780.39
2020-05-03,175780.39
2020-05-04,175780.39
2020-05-05,175780.39
2020-05-06,175780.39
2020-05-07,175780.39
2020-05-08,175780.39
2020-05-09,175780.39
2020-05-10,175780.39
2020-05-11,175780.39
2020-05-12,175780.39
2020-05-13,175780.39
2020-05-14,175780.39
2020-05-15,175780.39
2020-05-16,175780.39
2020-05-17,175780.39
2020-05-18,175780.39
2020-05-19,175780.39
2020-05-20,175780.39
2020-05-21,175780.39
2020-05-22,175780.39
2020-05-23,175780.39
2020-05-24,175780.39
2020-05-25,175780.39
2020-05-26,175780.39
2020-05-27,175780.39
2020-05-28,175780.39
2020-05-29,175780.39
2020-05-30,175780.39
2020-05-31,175780.39
2020-06-01,175780.39
2020-06-02,175780.39
2020-06-03,175780.39
2020-06-04,178525.12
2020-06-05,178525.12
2020-06-06,178525.12
2020-06-07,178525.12
2020-06-08,178525.12
2020-06-09,179151.76
2020-06-10,179151.76
2020-06-11,179151.76
2020-06-12,179151.76
2020-06-13,179151.76
2020-06-14,179151.76
2020-06-15,181845.72
2020-06-16,181845.72
2020-06-17,181845.72
2020-06-18,181845.72
2020-06-19,181845.72
2020-06-20,181845.72
2020-06-21,181845.72
2020-06-22,181845.72
2020-06-23,181845.72
2020-06-24,181845.72
2020-06-25,181845.72
2020-06-26,181845.72
2020-06-27,181845.72
2020-06-28,181845.72
2020-06-29,181845.72
2020-06-30,181845.72
2020-07-01,181845.72
2020-07-02,184315.18
2020-07-03,184315.18
2020-07-04,184315.18
2020-07-05,184315.18
2020-07-06,184315.18
2020-07-07,184315.18
2020-07-08,184315.18
2020-07-09,184315.18
2020-07-10,184315.18
2020-07-11,184315.18
2020-07-12,184315.18
2020-07-13,184315.18
2020-07-14,184315.18
2020-07-15,184315.18
2020-07-16,184315.18
2020-07-17,184315.18
2020-07-18,184315.18
2020-07-19,184315.18
2020-07-20,184315.18
2020-07-21,184315.18
2020-07-22,184315.18
2020-07-23,184315.18
2020-07-24,184315.18
2020-07-25,184315.18
2020-07-26,184315.18
2020-07-27,184315.18
2020-07-28,184315.18
2020-07-29,184315.18
2020-07-30,184315.18
2020-07-31,184315.18
2020-08-01,184315.18
2020-08-02,184315.18
2020-08-03,184315.18
2020-08-04,184315.18
2020-08-05,184315.18
2020-08-06,184315.18
2020-08-07,184315.18
2020-08-08,184315.18
2020-08-09,184315.18
2020-08-10,184315.18
2020-08-11,184315.18
2020-08-12,184315.18
2020-08-13,184315.18
2020-08-14,184315.18
2020-08-15,184315.18
2020-08-16,184315.18
2020-08-17,184315.18
2020-08-18,184315.18
2020-08-19,184315.18
2020-08-20,184315.18
2020-08-21,184315.18
2020-08-22,184315.18
2020-08-23,184315.18
2020-08-24,184315.18
2020-08-25,184315.18
2020-08-26,184315.18
2020-08-27,184315.18
2020-08-28,184315.18
2020-08-29,184315.18
2020-08-30,184315.18
2020-08-31,184315.18
2020-09-01,184315.18
2020-09-02,184315.18
2020-09-03,184315.18
2020-09-04,184315.18
2020-09-05,184315.18
2020-09-06,184315.18
2020-09-07,184315.18
2020-09-08,184315.18
2020-09-09,184315.18
2020-09-10,184315.18
2020-09-11,184315.18
2020-09-12,184315.18
2020-09-13,184315.18
2020-09-14,184315.18
2020-09-15,184315.18
2020-09-16,184315.18
2020-09-17,184315.18
2020-09-18,184315.18
2020-09-19,184315.18
2020-09-20,184315.18
2020-09-21,184315.18
2020-09-22,184315.18
2020-09-23,184315.18
2020-09-24,184315.18
2020-09-25,184315.18
2020-09-26,184315.18
2020-09-27,184315.18
2020-09-28,184315.18
2020-09-29,184315.18
2020-09-30,184315.18
2020-10-01,184315.18
2020-10-02,184315.18
2020-10-03,184315.18
2020-10-04,184315.18
2020-10-05,184315.18
2020-10-06,184315.18
2020-10-07,184315.18
2020-10-08,184315.18
2020-10-09,184315.18
2020-10-10,184315.18
2020-10-11,184315.18
2020-10-12,184315.18
2020-10-13,184315.18
2020-10-14,184315.18
2020-10-15,184315.18
2020-10-16,184315.18
2020-10-17,184315.18
2020-10-18,184315.18
2020-10-19,184315.18
2020-10-20,184315.18
2020-10-21,184315.18
2020-10-22,184315.18
2020-10-23,184315.18
2020-10-24,184315.18
2020-10-25,184315.18
2020-10-26,184315.18
2020-10-27,184315.18
2020-10-28,184315.18
2020-10-29,184315.18
2020-10-30,184315.18
2020-10-31,184315.18
2020-11-01,184315.18
2020-11-02,184315.18
2020-11-03,184315.18
2020-11-04,184315.18
2020-11-05,184315.18
2020-11-06,184315.18
2020-11-07,184315.18
2020-11-08,184315.18
2020-11-09,184315.18
2020-11-10,184315.18
2020-11-11,184315.18
2020-11-12,184315.18
2020-11-13,184315.18
2020-11-14,184315.18
2020-11-15,184315.18
2020-11-16,184315.18
2020-11-17,184315.18
2020-11-18,184315.18
2020-11-19,184315.18
2020-11-20,184315.18
2020-11-21,184315.18
2020-11-22,184315.18
2020-11-23,184315.18
2020-11-24,184315.18
2020-11-25,184315.18
2020-11-26,184315.18
2020-11-27,184315.18
2020-11-28,184315.18
2020-11-29,184315.18
2020-11-30,184315.18
2020-12-01,184315.18
2020-12-02,184315.18
2020-12-03,184315.18
2020-12-04,184315.18
2020-12-05,184315.18
2020-12-06,184315.18
2020-12-07,184315.18
2020-12-08,184315.18
2020-12-09,184315.18
2020-12-10,184315.18
2020-12-11,184315.18
2020-12-12,184315.18
2020-12-13,184315.18
2020-12-14,184315.18
2020-12-15,184315.18
2020-12-16,184315.18
2020-12-17,184315.18
2020-12-18,184315.18
2020-12-19,184315.18
2020-12-20,184315.18
2020-12-21,184315.18
2020-12-22,184315.18
2020-12-23,184315.18
2020-12-24,184315.18
2020-12-25,184315.18
2020-12-26,184315.18
2020-12-27,184315.18
2020-12-28,184315.18
2020-12-29,184315.18
2020-12-30,184315.18
2020-12-31,184315.18
2021-01-01,184315.18
2021-01-02,184315.18
2021-01-03,184315.18
2021-01-04,184315.18
2021-01-05,184315.18
2021-01-06,184315.18
2021-01-07,184315.18
2021-01-08,184315.18
2021-01-09,184315.18
2021-01-10,184315.18
2021-01-11,184315.18
2021-01-12,184315.18
2021-01-13,184315.18
2021-01-14,184315.18
2021-01-15,184315.18
2021-01-16,184315.18
2021-01-17,184315.18
2021-01-18,184315.18
2021-01-19,184315.18
2021-01-20,184315.18
2021-01-21,184315.18
2021-01-22,184315.18
2021-01-23,184315.18
2021-01-24,184315.18
2021-01-25,184315.18
2021-01-26,184315.18
2021-01-27,184315.18
2021-01-28,184315.18
2021-01-29,184315.18
2021-01-30,184315.18
2021-01-31,184315.18
2021-02-01,185390.58
2021-02-02,185390.58
2021-02-03,185390.58
2021-02-04,185390.58
2021-02-05,185390.58
2021-02-06,185390.58
2021-02-07,185390.58
2021-02-08,185390.58
2021-02-09,185390.58
2021-02-10,185390.58
2021-02-11,185390.58
2021-02-12,185390.58
2021-02-13,185390.58
2021-02-14,185390.58
2021-02-15,185390.58
2021-02-16,185390.58
2021-02-17,185390.58
2021-02-18,185390.58
2021-02-19,186978.06
2021-02-20,186978.06
2021-02-21,186978.06
2021-02-22,186978.06
2021-02-23,186978.06
2021-02-24,186978.06
2021-02-25,186978.06
2021-02-26,186978.06
2021-02-27,186978.06
2021-02-28,186978.06
2021-03-01,186978.06
2021-03-02,186978.06
2021-03-03,186978.06
2021-03-04,186978.06
2021-03-05,186978.06
2021-03-06,186978.06
2021-03-07,186978.06
2021-03-08,186978.06
2021-03-09,186978.06
2021-03-10,186978.06
2021-03-11,186978.06
2021-03-12,186978.06
2021-03-13,186978.06
2021-03-14,186978.06
2021-03-15,186978.06
2021-03-16,186978.06
2021-03-17,186978.06
2021-03-18,186978.06
2021-03-19,186978.06
2021-03-20,186978.06
2021-03-21,186978.06
2021-03-22,186978.06
2021-03-23,186978.06
2021-03-24,186978.06
2021-03-25,183937.09
2021-03-26,183937.09
2021-03-27,183937.09
2021-03-28,183937.09
2021-03-29,183937.09
2021-03-30,183937.09
2021-03-31,183937.09
2021-04-01,183937.09
2021-04-02,183937.09
2021-04-03,183937.09
2021-04-04,183937.09
2021-04-05,183937.09
2021-04-06,183937.09
2021-04-07,183937.09
2021-04-08,183937.09
2021-04-09,183937.09
2021-04-10,183937.09
2021-04-11,183937.09
2021-04-12,183937.09
2021-04-13,183937.09
2021-04-14,183937.09
2021-04-15,183937.09
2021-04-16,183937.09
2021-04-17,183937.09
2021-04-18,183937.09
2021-04-19,183937.09
2021-04-20,183937.09
2021-04-21,183937.09
2021-04-22,183937.09
2021-04-23,183937.09
2021-04-24,183937.09
2021-04-25,183937.09
2021-04-26,183937.09
2021-04-27,183937.09
2021-04-28,183937.09
2021-04-29,183937.09
2021-04-30,183937.09
2021-05-01,183937.09
2021-05-02,183937.09
2021-05-03,183937.09
2021-05-04,183937.09
2021-05-05,183937.09
2021-05-06,183937.09
2021-05-07,183937.09
2021-05-08,183937.09
2021-05-09,183937.09
2021-05-10,183937.09
2021-05-11,185267.08
2021-05-12,185267.08
2021-05-13,185267.08
2021-05-14,185267.08
2021-05-15,185267.08
2021-05-16,185267.08
2021-05-17,185267.08
2021-05-18,185267.08
2021-05-19,185267.08
2021-05-20,185267.08
2021-05-21,185267.08
2021-05-22,185267.08
2021-05-23,185267.08
2021-05-24,185267.08
2021-05-25,185245.98
2021-05-26,185245.98
2021-05-27,185245.98
2021-05-28,185245.98
2021-05-29,185245.98
2021-05-30,185245.98
2021-05-31,185245.98
2021-06-01,185245.98
2021-06-02,185245.98
2021-06-03,185245.98
2021-06-04,185245.98
2021-06-05,185245.98
2021-06-06,185245.98
2021-06-07,185245.98
2021-06-08,185245.98
2021-06-09,185245.98
2021-06-10,185245.98
2021-06-11,185245.98
2021-06-12,185245.98
2021-06-13,185245.98
2021-06-14,185245.98
2021-06-15,185245.98
2021-06-16,185245.98
2021-06-17,185245.98
2021-06-18,185245.98
2021-06-19,185245.98
2021-06-20,185245.98
2021-06-21,185245.98
2021-06-22,185245.98
2021-06-23,185245.98
2021-06-24,185245.98
2021-06-25,185245.98
2021-06-26,185245.98
2021-06-27,185245.98
2021-06-28,185245.98
2021-06-29,185245.98
2021-06-30,185245.98
2021-07-01,185245.98
2021-07-02,185245.98
2021-07-03,185245.98
2021-07-04,185245.98
2021-07-05,185245.98
2021-07-06,185245.98
2021-07-07,185245.98
2021-07-08,185245.98
2021-07-09,185245.98
2021-07-10,185245.98
2021-07-11,185245.98
2021-07-12,185245.98
2021-07-13,186421.09
2021-07-14,186421.09
2021-07-15,186421.09
2021-07-16,186421.09
2021-07-17,186421.09
2021-07-18,186421.09
2021-07-19,186421.09
2021-07-20,186421.09
2021-07-21,186421.09
2021-07-22,186421.09
2021-07-23,186421.09
2021-07-24,186421.09
2021-07-25,186421.09
2021-07-26,186421.09
2021-07-27,186421.09
2021-07-28,186421.09
2021-07-29,183500.62
2021-07-30,183500.62
2021-07-31,183500.62
2021-08-01,183500.62
2021-08-02,183500.62
2021-08-03,183500.62
2021-08-04,183500.62
2021-08-05,183500.62
2021-08-06,183500.62
2021-08-07,183500.62
2021-08-08,183500.62
2021-08-09,183500.62
2021-08-10,184528.95
2021-08-11,184490.5
2021-08-12,184490.5
2021-08-13,184490.5
2021-08-14,184490.5
2021-08-15,184490.5
2021-08-16,184490.5
2021-08-17,184490.5
2021-08-18,184490.5
2021-08-19,184490.5
2021-08-20,184490.5
2021-08-21,184490.5
2021-08-22,184490.5
2021-08-23,184490.5
2021-08-24,184490.5
2021-08-25,184490.5
2021-08-26,184490.5
2021-08-27,184490.5
2021-08-28,184490.5
2021-08-29,184490.5
2021-08-30,184490.5
2021-08-31,184490.5
2021-09-01,184490.5
2021-09-02,184490.5
2021-09-03,184490.5
2021-09-04,184490.5
2021-09-05,184490.5
2021-09-06,184490.5
2021-09-07,185554.57
2021-09-08,185554.57
2021-09-09,185554.57
2021-09-10,185554.57
2021-09-11,185554.57
2021-09-12,185554.57
2021-09-13,185554.57
2021-09-14,185554.57
2021-09-15,185554.57
2021-09-16,185554.57
2021-09-17,185554.57
2021-09-18,185554.57
2021-09-19,185554.57
2021-09-20,185554.57
2021-09-21,185554.57
2021-09-22,185554.57
2021-09-23,185554.57
2021-09-24,185554.57
2021-09-25,185554.57
2021-09-26,185554.57
2021-09-27,185554.57
2021-09-28,185554.57
2021-09-29,185554.57
2021-09-30,185554.57
2021-10-01,185554.57
2021-10-02,185554.57
2021-10-03,185554.57
2021-10-04,185554.57
2021-10-05,185554.57
2021-10-06,185554.57
2021-10-07,185554.57
2021-10-08,185554.57
2021-10-09,185554.57
2021-10-10,185554.57
2021-10-11,185554.57
2021-10-12,185554.57
2021-10-13,185554.57
2021-10-14,185554.57
2021-10-15,185554.57
2021-10-16,185554.57
2021-10-17,185554.57
2021-10-18,185554.57
2021-10-19,185554.57
2021-10-20,185554.57
2021-10-21,185554.57
2021-10-22,185554.57
2021-10-23,185554.57
2021-10-24,185554.57
2021-10-25,185554.57
2021-10-26,185554.57
2021-10-27,185554.57
2021-10-28,185554.57
2021-10-29,185554.57
2021-10-30,185554.57
2021-10-31,185554.57
2021-11-01,185554.57
2021-11-02,185554.57
2021-11-03,185554.57
2021-11-04,185554.57
2021-11-05,185554.57
2021-11-06,185554.57
2021-11-07,185554.57
2021-11-08,185554.57
2021-11-09,185554.57
2021-11-10,185554.57
2021-11-11,185554.57
2021-11-12,185554.57
2021-11-13,185554.57
2021-11-14,185554.57
2021-11-15,185554.57
2021-11-16,185554.57
2021-11-17,185554.57
2021-11-18,185554.57
2021-11-19,185554.57
2021-11-20,185554.57
2021-11-21,185554.57
2021-11-22,185554.57
2021-11-23,185554.57
2021-11-24,185554.57
2021-11-25,185554.57
2021-11-26,185554.57
2021-11-27,185554.57
2021-11-28,185554.57
2021-11-29,185554.57
2021-11-30,185554.57
2021-12-01,185554.57
2021-12-02,188337.57
2021-12-03,188337.57
2021-12-04,188337.57
2021-12-05,188337.57
2021-12-06,188337.57
2021-12-07,188337.57
2021-12-08,188337.57
2021-12-09,188337.57
2021-12-10,188337.57
2021-12-11,188337.57
2021-12-12,188337.57
2021-12-13,188337.57
2021-12-14,188337.57
2021-12-15,188337.57
2021-12-16,188337.57
2021-12-17,186434.02
2021-12-18,186434.02
2021-12-19,186434.02
2021-12-20,186434.02
2021-12-21,186434.02
2021-12-22,186434.02
2021-12-23,186434.02
2021-12-24,186434.02
2021-12-25,186434.02
2021-12-26,186434.02
2021-12-27,186434.02
2021-12-28,186434.02
2021-12-29,186434.02
2021-12-30,186434.02
2021-12-31,186434.02
2022-01-01,186434.02
2022-01-02,186434.02
2022-01-03,186434.02
2022-01-04,186434.02
2022-01-05,186434.02
2022-01-06,186434.02
2022-01-07,186434.02
2022-01-08,186434.02
2022-01-09,186434.02
2022-01-10,186434.02
2022-01-11,186434.02
2022-01-12,186434.02
2022-01-13,186198.6
2022-01-14,186198.6
2022-01-15,186198.6
2022-01-16,186198.6
2022-01-17,186198.6
2022-01-18,186198.6
2022-01-19,186198.6
2022-01-20,186198.6
2022-01-21,186198.6
2022-01-22,186198.6
2022-01-23,186198.6
2022-01-24,186198.6
2022-01-25,186198.6
2022-01-26,186198.6
2022-01-27,186198.6
2022-01-28,186198.6
2022-01-29,186198.6
2022-01-30,186198.6
2022-01-31,186198.6
2022-02-01,186198.6
2022-02-02,186198.6
2022-02-03,186198.6
2022-02-04,186198.6
2022-02-05,186198.6
2022-02-06,186198.6
2022-02-07,186198.6
2022-02-08,186198.6
2022-02-09,187307.96
2022-02-10,187307.96
2022-02-11,187307.96
2022-02-12,187307.96
2022-02-13,187307.96
2022-02-14,187307.96
2022-02-15,187307.96
2022-02-16,187307.96
2022-02-17,187307.96
2022-02-18,184476.0
2022-02-19,184476.0
2022-02-20,184476.0
2022-02-21,184476.0
2022-02-22,184476.0
2022-02-23,184476.0
2022-02-24,184476.0
2022-02-25,184476.0
2022-02-26,184476.0
2022-02-27,184476.0
2022-02-28,184476.0
2022-03-01,184476.0
2022-03-02,184476.0
2022-03-03,184476.0
2022-03-04,184476.0
2022-03-05,184476.0
2022-03-06,184476.0
2022-03-07,184476.0
2022-03-08,184476.0
2022-03-09,184476.0
2022-03-10,184476.0
2022-03-11,184476.0
2022-03-12,184476.0
2022-03-13,184476.0
2022-03-14,184476.0
2022-03-15,184476.0
2022-03-16,184476.0
2022-03-17,184476.0
2022-03-18,184476.0
2022-03-19,184476.0
2022-03-20,184476.0
2022-03-21,184476.0
2022-03-22,184476.0
2022-03-23,184476.0
2022-03-24,184476.0
2022-03-25,184476.0
2022-03-26,184476.0
2022-03-27,184476.0
2022-03-28,184476.0
2022-03-29,184476.0
2022-03-30,184476.0
2022-03-31,184476.0
2022-04-01,184476.0
2022-04-02,184476.0
2022-04-03,184476.0
2022-04-04,184476.0
2022-04-05,184476.0
2022-04-06,184476.0
2022-04-07,184476.0
2022-04-08,184476.0
2022-04-09,184476.0
2022-04-10,184476.0
2022-04-11,184476.0
2022-04-12,184476.0
2022-04-13,184476.0
2022-04-14,184476.0
2022-04-15,184476.0
2022-04-16,184476.0
2022-04-17,184476.0
2022-04-18,184476.0
2022-04-19,184476.0
2022-04-20,184476.0
2022-04-21,184476.0
2022-04-22,185302.52
2022-04-23,185302.52
2022-04-24,185213.04
2022-04-25,185213.04
2022-04-26,185213.04
2022-04-27,185213.04
2022-04-28,185213.04
2022-04-29,185213.04
2022-04-30,185213.04
2022-05-01,185213.04
2022-05-02,185213.04
2022-05-03,185213.04
2022-05-04,185213.04
2022-05-05,185213.04
2022-05-06,185213.04
2022-05-07,185213.04
2022-05-08,185213.04
2022-05-09,185213.04
2022-05-10,182314.15
2022-05-11,182314.15
2022-05-12,182314.15
2022-05-13,182314.15
2022-05-14,182314.15
2022-05-15,182314.15
2022-05-16,182314.15
2022-05-17,182314.15
2022-05-18,182314.15
2022-05-19,182314.15
2022-05-20,182314.15
2022-05-21,182314.15
2022-05-22,182314.15
2022-05-23,182314.15
2022-05-24,182314.15
2022-05-25,182314.15
2022-05-26,182314.15
2022-05-27,182314.15
2022-05-28,182314.15
2022-05-29,182314.15
2022-05-30,182314.15
2022-05-31,182314.15
2022-06-01,182314.15
2022-06-02,182314.15
2022-06-03,182314.15
2022-06-04,182314.15
2022-06-05,182314.15
2022-06-06,182314.15
2022-06-07,182314.15
2022-06-08,182314.15
2022-06-09,182314.15
2022-06-10,182314.15
2022-06-11,182314.15
2022-06-12,182314.15
2022-06-13,182314.15
2022-06-14,182314.15
2022-06-15,182314.15
2022-06-16,182314.15
2022-06-17,182314.15
2022-06-18,182314.15
2022-06-19,182314.15
2022-06-20,182314.15
2022-06-21,182314.15
2022-06-22,182314.15
2022-06-23,182314.15
2022-06-24,182314.15
2022-06-25,182314.15
2022-06-26,182314.15
2022-06-27,182314.15
2022-06-28,182314.15
2022-06-29,182314.15
2022-06-30,182314.15
2022-07-01,182314.15
2022-07-02,182314.15
2022-07-03,182314.15
2022-07-04,182314.15
2022-07-05,182314.15
2022-07-06,182314.15
2022-07-07,182314.15
2022-07-08,182314.15
2022-07-09,182314.15
2022-07-10,182314.15
2022-07-11,182314.15
2022-07-12,182314.15
2022-07-13,182314.15
2022-07-14,182314.15
2022-07-15,182314.15
2022-07-16,182314.15
2022-07-17,182314.15
2022-07-18,182314.15
2022-07-19,182314.15
2022-07-20,182314.15
2022-07-21,182314.15
2022-07-22,182314.15
2022-07-23,182314.15
2022-07-24,182314.15
2022-07-25,182314.15
2022-07-26,182314.15
2022-07-27,182314.15
2022-07-28,182314.15
2022-07-29,182314.15
2022-07-30,182314.15
2022-07-31,182314.15
2022-08-01,182314.15
2022-08-02,182314.15
2022-08-03,182314.15
2022-08-04,182314.15
2022-08-05,182314.15
2022-08-06,182314.15
2022-08-07,182314.15
2022-08-08,182314.15
2022-08-09,182314.15
2022-08-10,182314.15
2022-08-11,182314.15
2022-08-12,182314.15
2022-08-13,182314.15
2022-08-14,182314.15
2022-08-15,182314.15
2022-08-16,183234.31
2022-08-17,183234.31
2022-08-18,183234.31
2022-08-19,183234.31
2022-08-20,183234.31
2022-08-21,183234.31
2022-08-22,183234.31
2022-08-23,183234.31
2022-08-24,183234.31
2022-08-25,183234.31
2022-08-26,183234.31
2022-08-27,183234.31
2022-08-28,183234.31
2022-08-29,183234.31
2022-08-30,183234.31
2022-08-31,183234.31
2022-09-01,183234.31
2022-09-02,183234.31
2022-09-03,183234.31
2022-09-04,183234.31
2022-09-05,183234.31
2022-09-06,183234.31
2022-09-07,183234.31
2022-09-08,183234.31
2022-09-09,183234.31
2022-09-10,183234.31
2022-09-11,183234.31
2022-09-12,183234.31
2022-09-13,183234.31
2022-09-14,183234.31
2022-09-15,183234.31
2022-09-16,183234.31
2022-09-17,183234.31
2022-09-18,183234.31
2022-09-19,183234.31
2022-09-20,183234.31
2022-09-21,183234.31
2022-09-22,183234.31
2022-09-23,183234.31
2022-09-24,183234.31
2022-09-25,183234.31
2022-09-26,183234.31
2022-09-27,183234.31
2022-09-28,183234.31
2022-09-29,183234.31
2022-09-30,183234.31
2022-10-01,183234.31
2022-10-02,183234.31
2022-10-03,183234.31
2022-10-04,183234.31
2022-10-05,183234.31
2022-10-06,183234.31
2022-10-07,183234.31
2022-10-08,183234.31
2022-10-09,183234.31
2022-10-10,183234.31
2022-10-11,183234.31
2022-10-12,183234.31
2022-10-13,183234.31
2022-10-14,183234.31
2022-10-15,183234.31
2022-10-16,183234.31
2022-10-17,183234.31
2022-10-18,183234.31
2022-10-19,183234.31
2022-10-20,183077.5
2022-10-21,183077.5
2022-10-22,183077.5
2022-10-23,183077.5
2022-10-24,183077.5
2022-10-25,183077.5
2022-10-26,183077.5
2022-10-27,183077.5
2022-10-28,185871.96
2022-10-29,185871.96
2022-10-30,185871.96
2022-10-31,185871.96
2022-11-01,185871.96
2022-11-02,185871.96
2022-11-03,185871.96
2022-11-04,185871.96
2022-11-05,185871.96
2022-11-06,185871.96
2022-11-07,185871.96
2022-11-08,185871.96
2022-11-09,185871.96
2022-11-10,185871.96
2022-11-11,185871.96
2022-11-12,185871.96
2022-11-13,185871.96
2022-11-14,185871.96
2022-11-15,185871.96
2022-11-16,185871.96
2022-11-17,185871.96
2022-11-18,185871.96
2022-11-19,185871.96
2022-11-20,185871.96
2022-11-21,185871.96
2022-11-22,185871.96
2022-11-23,185871.96
2022-11-24,185871.96
2022-11-25,185871.96
2022-11-26,185871.96
2022-11-27,185871.96
2022-11-28,185871.96
2022-11-29,185871.96
2022-11-30,185871.96
2022-12-01,185871.96
2022-12-02,185871.96
2022-12-03,185871.96
2022-12-04,185871.96
2022-12-05,185871.96
2022-12-06,185871.96
2022-12-07,185871.96
2022-12-08,185871.96
2022-12-09,185871.96
2022-12-10,185871.96
2022-12-11,185871.96
2022-12-12,185871.96
2022-12-13,185871.96
2022-12-14,185871.96
2022-12-15,185871.96
2022-12-16,185871.96
2022-12-17,185871.96
2022-12-18,185871.96
2022-12-19,185871.96
2022-12-20,185871.96
2022-12-21,185871.96
2022-12-22,185871.96
2022-12-23,185871.96
2022-12-24,185871.96
2022-12-25,185871.96
2022-12-26,185871.96
2022-12-27,185871.96
2022-12-28,185871.96
2022-12-29,185871.96
2022-12-30,186872.29
2022-12-31,186872.29
2023-01-01,186872.29
2023-01-02,186872.29
2023-01-03,186872.29
2023-01-04,186872.29
2023-01-05,186872.29
2023-01-06,186872.29
2023-01-07,186872.29
2023-01-08,186872.29
2023-01-09,186872.29
2023-01-10,186872.29
2023-01-11,186872.29
2023-01-12,186872.29
2023-01-13,186872.29
2023-01-14,186872.29
2023-01-15,186872.29
2023-01-16,186872.29
2023-01-17,186872.29
2023-01-18,186872.29
2023-01-19,186872.29
2023-01-20,186872.29
2023-01-21,186872.29
2023-01-22,186872.29
2023-01-23,186872.29
2023-01-24,186872.29
2023-01-25,186872.29
2023-01-26,186872.29
2023-01-27,186872.29
2023-01-28,186872.29
2023-01-29,186872.29
2023-01-30,186872.29
2023-01-31,186872.29
2023-02-01,186872.29
2023-02-02,186872.29
2023-02-03,188724.26
2023-02-04,188724.26
2023-02-05,188724.26
2023-02-06,188724.26
2023-02-07,188724.26
2023-02-08,188724.26
2023-02-09,188724.26
2023-02-10,188724.26
2023-02-11,188724.26
2023-02-12,188724.26
2023-02-13,188724.26
2023-02-14,188724.26
2023-02-15,188724.26
2023-02-16,188724.26
2023-02-17,188724.26
2023-02-18,188724.26
2023-02-19,188724.26
2023-02-20,188724.26
2023-02-21,188724.26
2023-02-22,188724.26
2023-02-23,188724.26
2023-02-24,188724.26
2023-02-25,188724.26
2023-02-26,188724.26
2023-02-27,188724.26
2023-02-28,188724.26
2023-03-01,188724.26
2023-03-02,188724.26
2023-03-03,188724.26
2023-03-04,188724.26
2023-03-05,188724.26
2023-03-06,188724.26
2023-03-07,188724.26
2023-03-08,188724.26
2023-03-09,188724.26
2023-03-10,188724.26
2023-03-11,188724.26
2023-03-12,188724.26
2023-03-13,188724.26
2023-03-14,188724.26
2023-03-15,188724.26
2023-03-16,188724.26
2023-03-17,188724.26
2023-03-18,188724.26
2023-03-19,188724.26
2023-03-20,188724.26
2023-03-21,188724.26
2023-03-22,188724.26
2023-03-23,188724.26
2023-03-24,188724.26
2023-03-25,188724.26
2023-03-26,188724.26
2023-03-27,188724.26
2023-03-28,188724.26
2023-03-29,188724.26
2023-03-30,188724.26
2023-03-31,188724.26
2023-04-01,188724.26
2023-04-02,188724.26
2023-04-03,188724.26
2023-04-04,188724.26
2023-04-05,188724.26
2023-04-06,188724.26
2023-04-07,188724.26
2023-04-08,188724.26
2023-04-09,188724.26
2023-04-10,188724.26
2023-04-11,188724.26
2023-04-12,188724.26
2023-04-13,188724.26
2023-04-14,188724.26
2023-04-15,188724.26
2023-04-16,188724.26
2023-04-17,188724.26
2023-04-18,188724.26
2023-04-19,188724.26
2023-04-20,188724.26
2023-04-21,188724.26
2023-04-22,188724.26
2023-04-23,188724.26
2023-04-24,188724.26
2023-04-25,189937.2
2023-04-26,189937.2
2023-04-27,189937.2
2023-04-28,189937.2
2023-04-29,189937.2
2023-04-30,189937.2
2023-05-01,189937.2
2023-05-02,189937.2
2023-05-03,189937.2
2023-05-04,189937.2
2023-05-05,189937.2
2023-05-06,189937.2
2023-05-07,189937.2
2023-05-08,189937.2
2023-05-09,189937.2
2023-05-10,189937.2
2023-05-11,189937.2
2023-05-12,189937.2
2023-05-13,189937.2
2023-05-14,189937.2
2023-05-15,189937.2
2023-05-16,189937.2
2023-05-17,189937.2
2023-05-18,189937.2
2023-05-19,189937.2
2023-05-20,189937.2
2023-05-21,189937.2
2023-05-22,189937.2
2023-05-23,189937.2
2023-05-24,189937.2
2023-05-25,189937.2
2023-05-26,189937.2
2023-05-27,189937.2
2023-05-28,189937.2
2023-05-29,189937.2
2023-05-30,189937.2
2023-05-31,189937.2
2023-06-01,189937.2
2023-06-02,189937.2
2023-06-03,189937.2
2023-06-04,189937.2
2023-06-05,189937.2
2023-06-06,189937.2
2023-06-07,189937.2
2023-06-08,189937.2
2023-06-09,189937.2
2023-06-10,189937.2
2023-06-11,189937.2
2023-06-12,189937.2
2023-06-13,189937.2
2023-06-14,191176.27
2023-06-15,191164.02
2023-06-16,191164.02
2023-06-17,191164.02
2023-06-18,191164.02
2023-06-19,191164.02
2023-06-20,191164.02
2023-06-21,191164.02
2023-06-22,191164.02
2023-06-23,191164.02
2023-06-24,191164.02
2023-06-25,191164.02
2023-06-26,191164.02
2023-06-27,191164.02
2023-06-28,191164.02
2023-06-29,191164.02
2023-06-30,191164.02
2023-07-01,191164.02
2023-07-02,191164.02
2023-07-03,191164.02
2023-07-04,191164.02
2023-07-05,191164.02
2023-07-06,191164.02
2023-07-07,191164.02
2023-07-08,191164.02
2023-07-09,191164.02
2023-07-10,191164.02
2023-07-11,191164.02
2023-07-12,191164.02
2023-07-13,191164.02
2023-07-14,191164.02
2023-07-15,191164.02
2023-07-16,191164.02
2023-07-17,191164.02
2023-07-18,191164.02
2023-07-19,191164.02
2023-07-20,191164.02
2023-07-21,191164.02
2023-07-22,191164.02
2023-07-23,191164.02
2023-07-24,191164.02
2023-07-25,191164.02
2023-07-26,191164.02
2023-07-27,191164.02
2023-07-28,191164.02
2023-07-29,191164.02
2023-07-30,191164.02
2023-07-31,191164.02
2023-08-01,191164.02
2023-08-02,191164.02
2023-08-03,191164.02
2023-08-04,191164.02
2023-08-05,191164.02
2023-08-06,191164.02
2023-08-07,191164.02
2023-08-08,191164.02
2023-08-09,191164.02
2023-08-10,191164.02
2023-08-11,191164.02
2023-08-12,191164.02
2023-08-13,191164.02
2023-08-14,191164.02
2023-08-15,191164.02
2023-08-16,191164.02
2023-08-17,191164.02
2023-08-18,191164.02
2023-08-19,191164.02
2023-08-20,191164.02
2023-08-21,191164.02
2023-08-22,191164.02
2023-08-23,193937.99
2023-08-24,193937.99
2023-08-25,193937.99
2023-08-26,193937.99
2023-08-27,193937.99
2023-08-28,193937.99
2023-08-29,190899.57
2023-08-30,190899.57
2023-08-31,190899.57
2023-09-01,190899.57
2023-09-02,190899.57
2023-09-03,190899.57
2023-09-04,190899.57
2023-09-05,190899.57
2023-09-06,190899.57
2023-09-07,190899.57
2023-09-08,193709.32
2023-09-09,193709.32
2023-09-10,193709.32
2023-09-11,193709.32
2023-09-12,193709.32
2023-09-13,193709.32
2023-09-14,193709.32
2023-09-15,193709.32
2023-09-16,193709.32
2023-09-17,193709.32
2023-09-18,193709.32
2023-09-19,193709.32
2023-09-20,193709.32
2023-09-21,193709.32
2023-09-22,193709.32
2023-09-23,193709.32
2023-09-24,193709.32
2023-09-25,193709.32
2023-09-26,193709.32
2023-09-27,193709.32
2023-09-28,193709.32
2023-09-29,193709.32
2023-09-30,193709.32
2023-10-01,193709.32
2023-10-02,190733.74
2023-10-03,190733.74
2023-10-04,190733.74
2023-10-05,191927.53
2023-10-06,191927.53
2023-10-07,191927.53
2023-10-08,191927.53
2023-10-09,191927.53
2023-10-10,194778.87
2023-10-11,194778.87
2023-10-12,194778.87
2023-10-13,194778.87
2023-10-14,194778.87
2023-10-15,194778.87
2023-10-16,194778.87
2023-10-17,194778.87
2023-10-18,194778.87
2023-10-19,194778.87
2023-10-20,194778.87
2023-10-21,194778.87
2023-10-22,194778.87
2023-10-23,194778.87
2023-10-24,194778.87
2023-10-25,194778.87
2023-10-26,194778.87
2023-10-27,194778.87
2023-10-28,194778.87
2023-10-29,194778.87
2023-10-30,194778.87
2023-10-31,194778.87
2023-11-01,194740.08
2023-11-02,194740.08
2023-11-03,194740.08
2023-11-04,194740.08
2023-11-05,194740.08
2023-11-06,194740.08
2023-11-07,194740.08
2023-11-08,197661.89
2023-11-09,197661.89
2023-11-10,197661.89
2023-11-11,197661.89
2023-11-12,197661.89
2023-11-13,197661.89
2023-11-14,197661.89
2023-11-15,197661.89
2023-11-16,197661.89
2023-11-17,197661.89
2023-11-18,197661.89
2023-11-19,197661.89
2023-11-20,194106.79
2023-11-21,194106.79
2023-11-22,194106.79
2023-11-23,194106.79
2023-11-24,194106.79
2023-11-25,194106.79
2023-11-26,194106.79
2023-11-27,194106.79
2023-11-28,194106.79
2023-11-29,194106.79
2023-11-30,194106.79
2023-12-01,194106.79
2023-12-02,194106.79
2023-12-03,194106.79
2023-12-04,194106.79
2023-12-05,194106.79
2023-12-06,194106.79
2023-12-07,194106.79
2023-12-08,194106.79
2023-12-09,194106.79
2023-12-10,194106.79
2023-12-11,194106.79
2023-12-12,194106.79
2023-12-13,194106.79
2023-12-14,194106.79
2023-12-15,194106.79
2023-12-16,194106.79
2023-12-17,195361.13
2023-12-18,197019.12
2023-12-19,197019.12
2023-12-20,197019.12
2023-12-21,197019.12
2023-12-22,197019.12
2023-12-23,197019.12
2023-12-24,197019.12
2023-12-25,197019.12
2023-12-26,197019.12
2023-12-27,197019.12
2023-12-28,197019.12
2023-12-29,197019.12
2023-12-30,197019.12
2023-12-31,197019.12
2024-01-01,197019.12
2024-01-02,197019.12
2024-01-03,197019.12
2024-01-04,197019.12
2024-01-05,197019.12
2024-01-06,197019.12
2024-01-07,197019.12
2024-01-08,197019.12
2024-01-09,197019.12
2024-01-10,197019.12
2024-01-11,197019.12
2024-01-12,197019.12
2024-01-13,197019.12
2024-01-14,197019.12
2024-01-15,197019.12
2024-01-16,197019.12
2024-01-17,197019.12
2024-01-18,197019.12
2024-01-19,199945.39
2024-01-20,199945.39
2024-01-21,199945.39
2024-01-22,199945.39
2024-01-23,199945.39
2024-01-24,199945.39
2024-01-25,199945.39
2024-01-26,199945.39
2024-01-27,199945.39
2024-01-28,199945.39
2024-01-29,199945.39
2024-01-30,199945.39
2024-01-31,199945.39
2024-02-01,199945.39
2024-02-02,199945.39
2024-02-03,199945.39
2024-02-04,199945.39
2024-02-05,199945.39
2024-02-06,199945.39
2024-02-07,202971.32
2024-02-08,202971.32
2024-02-09,202971.32
2024-02-10,202971.32
2024-02-11,202971.32
2024-02-12,202971.32
2024-02-13,202959.21
2024-02-14,202959.21
2024-02-15,202959.21
2024-02-16,202959.21
2024-02-17,202959.21
2024-02-18,202959.21
2024-02-19,202959.21
2024-02-20,202959.21
2024-02-21,202959.21
2024-02-22,202959.21
2024-02-23,202959.21
2024-02-24,202959.21
2024-02-25,202959.21
2024-02-26,202959.21
2024-02-27,202959.21
2024-02-28,202959.21
2024-02-29,202959.21
2024-03-01,202959.21
2024-03-02,202959.21
2024-03-03,202959.21
2024-03-04,202959.21
2024-03-05,202959.21
2024-03-06,200562.18
2024-03-07,200562.18
2024-03-08,200562.18
2024-03-09,200562.18
2024-03-10,200562.18
2024-03-11,200562.18
2024-03-12,200562.18
2024-03-13,201412.97
2024-03-14,201412.97
2024-03-15,201412.97
2024-03-16,201412.97
2024-03-17,201412.97
2024-03-18,201412.97
2024-03-19,201412.97
2024-03-20,201412.97
2024-03-21,201412.97
2024-03-22,201412.97
2024-03-23,201412.97
2024-03-24,201412.97
2024-03-25,201412.97
2024-03-26,201412.97
2024-03-27,201412.97
2024-03-28,201412.97
2024-03-29,201412.97
2024-03-30,201412.97
2024-03-31,201412.97
2024-04-01,201412.97
2024-04-02,201412.97
2024-04-03,201412.97
2024-04-04,201412.97
2024-04-05,201412.97
2024-04-06,201412.97
2024-04-07,201412.97
2024-04-08,201412.97
2024-04-09,201412.97
2024-04-10,201412.97
2024-04-11,201412.97
2024-04-12,201412.97
2024-04-13,201412.97
2024-04-14,201412.97
2024-04-15,201412.97
2024-04-16,201412.97
2024-04-17,201412.97
2024-04-18,201412.97
2024-04-19,201412.97
2024-04-20,201412.97
2024-04-21,201412.97
2024-04-22,201412.97
2024-04-23,201412.97
2024-04-24,201412.97
2024-04-25,201412.97
2024-04-26,201412.97
2024-04-27,201412.97
2024-04-28,201412.97
2024-04-29,201412.97
2024-04-30,202581.22
2024-05-01,202581.22
2024-05-02,202581.22
2024-05-03,202581.22
2024-05-04,202581.22
2024-05-05,202581.22
2024-05-06,202581.22
2024-05-07,202581.22
2024-05-08,202581.22
2024-05-09,202581.22
2024-05-10,202581.22
2024-05-11,202581.22
2024-05-12,202581.22
2024-05-13,202581.22
2024-05-14,202581.22
2024-05-15,202581.22
2024-05-16,202581.22
2024-05-17,202581.22
2024-05-18,202581.22
2024-05-19,202581.22
2024-05-20,202581.22
2024-05-21,202581.22
2024-05-22,202581.22
2024-05-23,202581.22
2024-05-24,202581.22
2024-05-25,202581.22
2024-05-26,202581.22
2024-05-27,202581.22
2024-05-28,202581.22
2024-05-29,202581.22
2024-05-30,202581.22
2024-05-31,202581.22
2024-06-01,202581.22
2024-06-02,202581.22
2024-06-03,202581.22
2024-06-04,202581.22
2024-06-05,202581.22
2024-06-06,202581.22
2024-06-07,202581.22
2024-06-08,202581.22
2024-06-09,202581.22
2024-06-10,202581.22
2024-06-11,202581.22
2024-06-12,202581.22
2024-06-13,202581.22
2024-06-14,202581.22
2024-06-15,202581.22
2024-06-16,202581.22
2024-06-17,202581.22
2024-06-18,202581.22
2024-06-19,202581.22
2024-06-20,202581.22
2024-06-21,202581.22
2024-06-22,202581.22
2024-06-23,202581.22
2024-06-24,202581.22
2024-06-25,202581.22
2024-06-26,202581.22
2024-06-27,202581.22
2024-06-28,202581.22
2024-06-29,202581.22
2024-06-30,202581.22
2024-07-01,202581.22
2024-07-02,202581.22
2024-07-03,202581.22
2024-07-04,202581.22
2024-07-05,202581.22
2024-07-06,202581.22
2024-07-07,202581.22
2024-07-08,202581.22
2024-07-09,202581.22
2024-07-10,202581.22
2024-07-11,202581.22
2024-07-12,202581.22
2024-07-13,202581.22
2024-07-14,202581.22
2024-07-15,202581.22
2024-07-16,202581.22
2024-07-17,202581.22
2024-07-18,202581.22
2024-07-19,202581.22
2024-07-20,202581.22
2024-07-21,202581.22
2024-07-22,202581.22
2024-07-23,202581.22
2024-07-24,202581.22
2024-07-25,202581.22
2024-07-26,202581.22
2024-07-27,202581.22
2024-07-28,202581.22
2024-07-29,202581.22
2024-07-30,202581.22
2024-07-31,202581.22
2024-08-01,202581.22
2024-08-02,202581.22
2024-08-03,202581.22
2024-08-04,202581.22
2024-08-05,202581.22
2024-08-06,202581.22
2024-08-07,202581.22
2024-08-08,202581.22
2024-08-09,202581.22
2024-08-10,202581.22
2024-08-11,202581.22
2024-08-12,202581.22
2024-08-13,202581.22
2024-08-14,202581.22
2024-08-15,202581.22
2024-08-16,202581.22
2024-08-17,202581.22
2024-08-18,202581.22
2024-08-19,202581.22
2024-08-20,202581.22
2024-08-21,202581.22
2024-08-22,202581.22
2024-08-23,202581.22
2024-08-24,202581.22
2024-08-25,202581.22
2024-08-26,202581.22
2024-08-27,202581.22
2024-08-28,202581.22
2024-08-29,202581.22
2024-08-30,202581.22
2024-08-31,202581.22
2024-09-01,202581.22
2024-09-02,202581.22
2024-09-03,202581.22
2024-09-04,202581.22
2024-09-05,202581.22
2024-09-06,202581.22
2024-09-07,202581.22
2024-09-08,202581.22
2024-09-09,202581.22
2024-09-10,204430.58
2024-09-11,204430.58
2024-09-12,204430.58
2024-09-13,204430.58
2024-09-14,204430.58
2024-09-15,204430.58
2024-09-16,204430.58
2024-09-17,204430.58
2024-09-18,204430.58
2024-09-19,204430.58
2024-09-20,204430.58
2024-09-21,204430.58
2024-09-22,204430.58
2024-09-23,204430.58
2024-09-24,204430.58
2024-09-25,204430.58
2024-09-26,204430.58
2024-09-27,204430.58
2024-09-28,204430.58
2024-09-29,204430.58
2024-09-30,204430.58
2024-10-01,204430.58
2024-10-02,204430.58
2024-10-03,204430.58
2024-10-04,204430.58
2024-10-05,204430.58
2024-10-06,204430.58
2024-10-07,204430.58
2024-10-08,204430.58
2024-10-09,204430.58
2024-10-10,204430.58
2024-10-11,204430.58
2024-10-12,204430.58
2024-10-13,204430.58
2024-10-14,204430.58
2024-10-15,204430.58
2024-10-16,204430.58
2024-10-17,204430.58
2024-10-18,204430.58
2024-10-19,204430.58
2024-10-20,204430.58
2024-10-21,204430.58
2024-10-22,204430.58
2024-10-23,204430.58
2024-10-24,204430.58
2024-10-25,204430.58
2024-10-26,204430.58
2024-10-27,204430.58
2024-10-28,204430.58
2024-10-29,204430.58
2024-10-30,204430.58
2024-10-31,204430.58
2024-11-01,204430.58
2024-11-02,204430.58
2024-11-03,204430.58
2024-11-04,204430.58
2024-11-05,204430.58
2024-11-06,204430.58
2024-11-07,204430.58
2024-11-08,204430.58
2024-11-09,204430.58
2024-11-10,204430.58
2024-11-11,204430.58
2024-11-12,204430.58
2024-11-13,204430.58
2024-11-14,204430.58
2024-11-15,204430.58
2024-11-16,204430.58
2024-11-17,204430.58
2024-11-18,204430.58
2024-11-19,204430.58
2024-11-20,204430.58
2024-11-21,204430.58
2024-11-22,204430.58
2024-11-23,204430.58
2024-11-24,204430.58
2024-11-25,204430.58
2024-11-26,204430.58
2024-11-27,204430.58
2024-11-28,204430.58
2024-11-29,204430.58
2024-11-30,204430.58
2024-12-01,204430.58
2024-12-02,206462.43
2024-12-03,206462.43
2024-12-04,206462.43
2024-12-05,206462.43
2024-12-06,206462.43
2024-12-07,206462.43
2024-12-08,206462.43
2024-12-09,206462.43
2024-12-10,207255.94
2024-12-11,207255.94
2024-12-12,207255.94
2024-12-13,207255.94
2024-12-14,207255.94
2024-12-15,207255.94
2024-12-16,207255.94
2024-12-17,207255.94
2024-12-18,207255.94
2024-12-19,207255.94
2024-12-20,210459.57
2024-12-21,210459.57
2024-12-22,210459.57
2024-12-23,210459.57
2024-12-24,210459.57
2024-12-25,210459.57
2024-12-26,211259.14
2024-12-27,211259.14
2024-12-28,211259.14
2024-12-29,211259.14
2024-12-30,211259.14
2024-12-31,211259.14
2025-01-01,211259.14
2025-01-02,211259.14
2025-01-03,211259.14
2025-01-04,211259.14
2025-01-05,211259.14
2025-01-06,211259.14
2025-01-07,211259.14
2025-01-08,211259.14
2025-01-09,211259.14
2025-01-10,211259.14
2025-01-11,211259.14
2025-01-12,211259.14
2025-01-13,211259.14
2025-01-14,211259.14
2025-01-15,211259.14
2025-01-16,211259.14
2025-01-17,211259.14
2025-01-18,211259.14
2025-01-19,213420.18
2025-01-20,213420.18
2025-01-21,213420.18
2025-01-22,213420.18
2025-01-23,213420.18
2025-01-24,213420.18
2025-01-25,213420.18
2025-01-26,213420.18
2025-01-27,213420.18
2025-01-28,213420.18
2025-01-29,215514.21
2025-01-30,215514.21
2025-01-31,215514.21
2025-02-01,215514.21
2025-02-02,215514.21
2025-02-03,215514.21
2025-02-04,215514.21
2025-02-05,215514.21
2025-02-06,215514.21
2025-02-07,215514.21
2025-02-08,215514.21
2025-02-09,215514.21
2025-02-10,215514.21
2025-02-11,215514.21
2025-02-12,215514.21
2025-02-13,215514.21
2025-02-14,215514.21
2025-02-15,215514.21
2025-02-16,215514.21
2025-02-17,215514.21
2025-02-18,215514.21
2025-02-19,215514.21
2025-02-20,215514.21
2025-02-21,215514.21
2025-02-22,215514.21
2025-02-23,215514.21
2025-02-24,215514.21
2025-02-25,215514.21
2025-02-26,215514.21
2025-02-27,215514.21
2025-02-28,215514.21
2025-03-01,215514.21
2025-03-02,215514.21
2025-03-03,215514.21
2025-03-04,215514.21
2025-03-05,215514.21
2025-03-06,215514.21
2025-03-07,215514.21
2025-03-08,215514.21
2025-03-09,215514.21
2025-03-10,215514.21
2025-03-11,215514.21
2025-03-12,215514.21
2025-03-13,215514.21
2025-03-14,215514.21
2025-03-15,215514.21
2025-03-16,215514.21
2025-03-17,215514.21
2025-03-18,215514.21
2025-03-19,216223.93
2025-03-20,216223.93
2025-03-21,216223.93
2025-03-22,216223.93
2025-03-23,216223.93
2025-03-24,216223.93
2025-03-25,216223.93
2025-03-26,216223.93
2025-03-27,216223.93
2025-03-28,216223.93
2025-03-29,216223.93
2025-03-30,216223.93
2025-03-31,216223.93
2025-04-01,216223.93
2025-04-02,216223.93
2025-04-03,216223.93
2025-04-04,216223.93
2025-04-05,216223.93
2025-04-06,216223.93
2025-04-07,216223.93
2025-04-08,216223.93
2025-04-09,216223.93
2025-04-10,216223.93
2025-04-11,216223.93
2025-04-12,216223.93
2025-04-13,216223.93
2025-04-14,216223.93
2025-04-15,216223.93
2025-04-16,216223.93
2025-04-17,216223.93
2025-04-18,216223.93
2025-04-19,216223.93
2025-04-20,216223.93
2025-04-21,216223.93
2025-04-22,216223.93
2025-04-23,216223.93
2025-04-24,219435.4
2025-04-25,219435.4
2025-04-26,219435.4
2025-04-27,219435.4
2025-04-28,219435.4
2025-04-29,219435.4
2025-04-30,219435.4
2025-05-01,219435.4
2025-05-02,219435.4
2025-05-03,219435.4
2025-05-04,219435.4
2025-05-05,219435.4
2025-05-06,219435.4
2025-05-07,219435.4
2025-05-08,219435.4
2025-05-09,219435.4
2025-05-10,219435.4
2025-05-11,219435.4
2025-05-12,219435.4
2025-05-13,219435.4
2025-05-14,219435.4
2025-05-15,219435.4
2025-05-16,219435.4
2025-05-17,219435.4
2025-05-18,219435.4
2025-05-19,219435.4
2025-05-20,219435.4
2025-05-21,219435.4
2025-05-22,219435.4
2025-05-23,219435.4
2025-05-24,219435.4
2025-05-25,219435.4
2025-05-26,219435.4
2025-05-27,219435.4
2025-05-28,219435.4
2025-05-29,220336.22
2025-05-30,220336.22
2025-05-31,220336.22
2025-06-01,220336.22
2025-06-02,220336.22
2025-06-03,220336.22
2025-06-04,220336.22
2025-06-05,220336.22
2025-06-06,220336.22
2025-06-07,220336.22
2025-06-08,220336.22
2025-06-09,220336.22
2025-06-10,220336.22
2025-06-11,220336.22
2025-06-12,220336.22
2025-06-13,220336.22
2025-06-14,220336.22
2025-06-15,223496.3
2025-06-16,223496.3
2025-06-17,223496.3
2025-06-18,223496.3
2025-06-19,223496.3
2025-06-20,223496.3
2025-06-21,223496.3
2025-06-22,223496.3
2025-06-23,223496.3
2025-06-24,223496.3
2025-06-25,223496.3
2025-06-26,223496.3
2025-06-27,223496.3
2025-06-28,223496.3
2025-06-29,223496.3
2025-06-30,223496.3
2025-07-01,223496.3
2025-07-02,223496.3
2025-07-03,223496.3
2025-07-04,223496.3
2025-07-05,223496.3
2025-07-06,223496.3
2025-07-07,223496.3
2025-07-08,223496.3
2025-07-09,223496.3
2025-07-10,223496.3
2025-07-11,223496.3
2025-07-12,223496.3
2025-07-13,223496.3
2025-07-14,223496.3
2025-07-15,223496.3
2025-07-16,223496.3
2025-07-17,223496.3
2025-07-18,223496.3
2025-07-19,223496.3
2025-07-20,223496.3
2025-07-21,223496.3
2025-07-22,223496.3
2025-07-23,223496.3
2025-07-24,223496.3
2025-07-25,223496.3
2025-07-26,223496.3
2025-07-27,223496.3
2025-07-28,223496.3
2025-07-29,223496.3
2025-07-30,223496.3
2025-07-31,223496.3
2025-08-01,223496.3
2025-08-02,223496.3
2025-08-03,223496.3
2025-08-04,223496.3
2025-08-05,223496.3
2025-08-06,221111.0
2025-08-07,221111.0
2025-08-08,221111.0
2025-08-09,221111.0
2025-08-10,221111.0
2025-08-11,221111.0
2025-08-12,221111.0
2025-08-13,221879.33
2025-08-14,221879.33
2025-08-15,221879.33
2025-08-16,221879.33
2025-08-17,221879.33
2025-08-18,221879.33
2025-08-19,223241.82
2025-08-20,223241.82
2025-08-21,223241.82
2025-08-22,223241.82
2025-08-23,223241.82
2025-08-24,223241.82
2025-08-25,223241.82
2025-08-26,223061.6
2025-08-27,223061.6
2025-08-28,223061.6
2025-08-29,223061.6
2025-08-30,223061.6
2025-08-31,223061.6
2025-09-01,223061.6
2025-09-02,223061.6
2025-09-03,223061.6
2025-09-04,226128.05
2025-09-05,226128.05
2025-09-06,226128.05
2025-09-07,226128.05
2025-09-08,226128.05
2025-09-09,226128.05
2025-09-10,226128.05
2025-09-11,226128.05
2025-09-12,226128.05
2025-09-13,226128.05
2025-09-14,226128.05
2025-09-15,226128.05
2025-09-16,226128.05
2025-09-17,226128.05
2025-09-18,226128.05
2025-09-19,226128.05
2025-09-20,226128.05
2025-09-21,226128.05
2025-09-22,226128.05
2025-09-23,226128.05
2025-09-24,226128.05
2025-09-25,226128.05
2025-09-26,226128.05
2025-09-27,226128.05
2025-09-28,226128.05
2025-09-29,226128.05
2025-09-30,226128.05
2025-10-01,226128.05
2025-10-02,226128.05
2025-10-03,226128.05
2025-10-04,226128.05
2025-10-05,226128.05
2025-10-06,226128.05
2025-10-07,226128.05
2025-10-08,226128.05
2025-10-09,226128.05
2025-10-10,226128.05
2025-10-11,226128.05
2025-10-12,226128.05
2025-10-13,226128.05
2025-10-14,227383.22
2025-10-15,227383.22
2025-10-16,223778.16
2025-10-17,223778.16
2025-10-18,223778.16
2025-10-19,223778.16
2025-10-20,227203.23
2025-10-21,227203.23
2025-10-22,227203.23
2025-10-23,227203.23
2025-10-24,227203.23
2025-10-25,227203.23
2025-10-26,227203.23
2025-10-27,227203.23
2025-10-28,227203.23
2025-10-29,227203.23
2025-10-30,227203.23
2025-10-31,227203.23
2025-11-01,227203.23
2025-11-02,227203.23
2025-11-03,227203.23
2025-11-04,228564.38
2025-11-05,228564.38
2025-11-06,228564.38
2025-11-07,228564.38
2025-11-08,228564.38
2025-11-09,228564.38
2025-11-10,228564.38
2025-11-11,228564.38
2025-11-12,228564.38
2025-11-13,228564.38
2025-11-14,228564.38
2025-11-15,228564.38
2025-11-16,228564.38
2025-11-17,229732.92
2025-11-18,229732.92
2025-11-19,229732.92
2025-11-20,229732.92
2025-11-21,229732.92
2025-11-22,229732.92
2025-11-23,229732.92
2025-11-24,229732.92
2025-11-25,229732.92
2025-11-26,229732.92
2025-11-27,229732.92
2025-11-28,229732.92
2025-11-29,229732.92
2025-11-30,229732.92
2025-12-01,229732.92
2025-12-02,229732.92
2025-12-03,229732.92
2025-12-04,229732.92
2025-12-05,229732.92
2025-12-06,229732.92
2025-12-07,229732.92
2025-12-08,229732.92
2025-12-09,229732.92
2025-12-10,229732.92
2025-12-11,229732.92
2025-12-12,226156.87
2025-12-13,226156.87
2025-12-14,226156.87
2025-12-15,226156.87
2025-12-16,226156.87
2025-12-17,226156.87
2025-12-18,226156.87
2025-12-19,226156.87
2025-12-20,226156.87
2025-12-21,226120.63
2025-12-22,227352.21
2025-12-23,227352.21
2025-12-24,227352.21
2025-12-25,227352.21
2025-12-26,227352.21
2025-12-27,227352.21
2025-12-28,227352.21
2025-12-29,227352.21
2025-12-30,227352.21
2025-12-31,227352.21
2026-01-01,227352.21
2026-01-02,227352.21
2026-01-03,227352.21
2026-01-04,227352.21
2026-01-05,227352.21
2026-01-06,227352.21
2026-01-07,227352.21
2026-01-08,227352.21
2026-01-09,227352.21
2026-01-10,227352.21
2026-01-11,227352.21
2026-01-12,227352.21
2026-01-13,227352.21
2026-01-14,227352.21
2026-01-15,227352.21
2026-01-16,227352.21
2026-01-17,227352.21
2026-01-18,227352.21
2026-01-19,227352.21
2026-01-20,227352.21
2026-01-21,229345.68
2026-01-22,229345.68
2026-01-23,229345.68
2026-01-24,229345.68
2026-01-25,229345.68
2026-01-26,229345.68
2026-01-27,229345.68
2026-01-28,229345.68
2026-01-29,229345.68
2026-01-30,229345.68
2026-01-31,229345.68
2026-02-01,229345.68
2026-02-02,229345.68
2026-02-03,229345.68
2026-02-04,227029.95
2026-02-05,227029.95
2026-02-06,227029.95
2026-02-07,227029.95
2026-02-08,227029.95
2026-02-09,227029.95
2026-02-10,227029.95
2026-02-11,227029.95
2026-02-12,227029.95
2026-02-13,227029.95
2026-02-14,227029.95
2026-02-15,227029.95
2026-02-16,227029.95
2026-02-17,227029.95
2026-02-18,227029.95
2026-02-19,227029.95
2026-02-20,227029.95
2026-02-21,227029.95
2026-02-22,227029.95
2026-02-23,227029.95
2026-02-24,227029.95
2026-02-25,228272.79
2026-02-26,228272.79
2026-02-27,228272.79
2026-02-28,228272.79
2026-03-01,228272.79
2026-03-02,228272.79
2026-03-03,228272.79
2026-03-04,228272.79
2026-03-05,228272.79
2026-03-06,228272.79
2026-03-07,228272.79
2026-03-08,228272.79
2026-03-09,228272.79
2026-03-10,228272.79
2026-03-11,228272.79
2026-03-12,228272.79
2026-03-13,228272.79
2026-03-14,228272.79
2026-03-15,229026.42
