date,sigma,open,exit_px,t_1.5,disp_1.5,px_1.5_d0,px_1.5_d1,px_1.5_d5,px_1.5_d15,t_2.0,disp_2.0,px_2.0_d0,px_2.0_d1,px_2.0_d5,px_2.0_d15,t_2.5,disp_2.5,px_2.5_d0,px_2.5_d1,px_2.5_d5,px_2.5_d15
2011-01-03,,1.0178,1.0203,,,,,,,,,,,,,,,,,,
2011-01-04,,1.0071,1.004,,,,,,,,,,,,,,,,,,
2011-01-05,,0.9994,1.0011,,,,,,,,,,,,,,,,,,
2011-01-06,,0.9983,0.9964,,,,,,,,,,,,,,,,,,
2011-01-07,,0.9987,0.9935,,,,,,,,,,,,,,,,,,
2011-01-10,,0.9901,0.9947,,,,,,,,,,,,,,,,,,
2011-01-11,,0.9874,0.9874,,,,,,,,,,,,,,,,,,
2011-01-12,,0.9915,0.994,,,,,,,,,,,,,,,,,,
2011-01-13,,1.0003,0.9995,,,,,,,,,,,,,,,,,,
2011-01-14,,0.9885,0.9899,,,,,,,,,,,,,,,,,,
2011-01-17,,0.9938,0.994,,,,,,,,,,,,,,,,,,
2011-01-18,,0.9972,0.9975,,,,,,,,,,,,,,,,,,
2011-01-19,,1.0044,1.002,,,,,,,,,,,,,,,,,,
2011-01-20,,0.9881,0.9871,,,,,,,,,,,,,,,,,,
2011-01-21,,0.9914,0.9887,,,,,,,,,,,,,,,,,,
2011-01-24,,0.9923,0.9994,,,,,,,,,,,,,,,,,,
2011-01-25,,0.991,0.9933,,,,,,,,,,,,,,,,,,
2011-01-26,,0.9964,0.9947,,,,,,,,,,,,,,,,,,
2011-01-27,,0.9927,0.9914,,,,,,,,,,,,,,,,,,
2011-01-28,,0.9956,0.9939,,,,,,,,,,,,,,,,,,
2011-01-31,,0.9955,0.9982,,,,,,,,,,,,,,,,,,
2011-02-01,,1.0071,1.0142,,,,,,,,,,,,,,,,,,
2011-02-02,,1.0086,1.0074,,,,,,,,,,,,,,,,,,
2011-02-03,,1.0122,1.0147,,,,,,,,,,,,,,,,,,
2011-02-04,,1.0177,1.0111,,,,,,,,,,,,,,,,,,
2011-02-07,,1.0136,1.0133,,,,,,,,,,,,,,,,,,
2011-02-08,,1.0135,1.0175,,,,,,,,,,,,,,,,,,
2011-02-09,,1.0104,1.0113,,,,,,,,,,,,,,,,,,
2011-02-10,,1.0025,1.0043,,,,,,,,,,,,,,,,,,
2011-02-11,,0.9992,0.9998,,,,,,,,,,,,,,,,,,
2011-02-14,,1.0021,1.0035,,,,,,,,,,,,,,,,,,
2011-02-15,,0.9995,0.9998,,,,,,,,,,,,,,,,,,
2011-02-16,,0.9975,0.9989,,,,,,,,,,,,,,,,,,
2011-02-17,,1.005,1.0123,,,,,,,,,,,,,,,,,,
2011-02-18,,1.0111,1.0145,,,,,,,,,,,,,,,,,,
2011-02-21,,1.0109,1.0086,,,,,,,,,,,,,,,,,,
2011-02-22,,1.0033,0.9981,,,,,,,,,,,,,,,,,,
2011-02-23,,1.0021,0.9986,,,,,,,,,,,,,,,,,,
2011-02-24,,1.0072,1.0085,,,,,,,,,,,,,,,,,,
2011-02-25,,1.0144,1.0151,,,,,,,,,,,,,,,,,,
2011-02-28,,1.0176,1.0176,,,,,,,,,,,,,,,,,,
2011-03-01,,1.0175,1.0155,,,,,,,,,,,,,,,,,,
2011-03-02,,1.0134,1.0166,,,,,,,,,,,,,,,,,,
2011-03-03,,1.0165,1.0139,,,,,,,,,,,,,,,,,,
2011-03-04,,1.0088,1.0115,,,,,,,,,,,,,,,,,,
2011-03-07,,1.016,1.0101,,,,,,,,,,,,,,,,,,
2011-03-08,,1.0087,1.0103,,,,,,,,,,,,,,,,,,
2011-03-09,,1.012,1.0103,,,,,,,,,,,,,,,,,,
2011-03-10,,1.0021,1.0017,,,,,,,,,,,,,,,,,,
2011-03-11,,1.0019,1.0119,,,,,,,,,,,,,,,,,,
2011-03-14,,1.0068,1.0077,,,,,,,,,,,,,,,,,,
2011-03-15,,0.9877,0.9901,,,,,,,,,,,,,,,,,,
2011-03-16,,0.9918,0.9839,,,,,,,,,,,,,,,,,,
2011-03-17,,0.9829,0.9823,,,,,,,,,,,,,,,,,,
2011-03-18,,0.9922,0.9948,,,,,,,,,,,,,,,,,,
2011-03-21,,1.005,1.0042,,,,,,,,,,,,,,,,,,
2011-03-22,,1.0115,1.0114,,,,,,,,,,,,,,,,,,
2011-03-23,,1.0094,1.0105,,,,,,,,,,,,,,,,,,
2011-03-24,,1.0177,1.0215,,,,,,,,,,,,,,,,,,
2011-03-25,,1.0242,1.028,,,,,,,,,,,,,,,,,,
2011-03-28,,1.0264,1.0278,,,,,,,,,,,,,,,,,,
2011-03-29,,1.0227,1.026,,,,,,,,,,,,,,,,,,
2011-03-30,,1.0308,1.0317,,,,,,,,,,,,,,,,,,
2011-03-31,,1.0347,1.0356,,,,,,,,,,,,,,,,,,
2011-04-01,,1.0357,1.0381,,,,,,,,,,,,,,,,,,
2011-04-04,,1.0368,1.0346,,,,,,,,,,,,,,,,,,
2011-04-05,,1.0314,1.0345,,,,,,,,,,,,,,,,,,
2011-04-06,,1.0382,1.042,,,,,,,,,,,,,,,,,,
2011-04-07,,1.0483,1.0455,,,,,,,,,,,,,,,,,,
2011-04-08,,1.0531,1.0531,,,,,,,,,,,,,,,,,,
2011-04-11,,1.054,1.0535,,,,,,,,,,,,,,,,,,
2011-04-12,,1.0486,1.0469,,,,,,,,,,,,,,,,,,
2011-04-13,,1.0494,1.0501,,,,,,,,,,,,,,,,,,
2011-04-14,,1.0495,1.052,,,,,,,,,,,,,,,,,,
2011-04-15,,1.0526,1.0559,,,,,,,,,,,,,,,,,,
2011-04-18,,1.0513,1.049,,,,,,,,,,,,,,,,,,
2011-04-19,,1.0505,1.0505,,,,,,,,,,,,,,,,,,
2011-04-20,,1.0657,1.0674,,,,,,,,,,,,,,,,,,
2011-04-21,,1.0759,1.0743,,,,,,,,,,,,,,,,,,
2011-04-22,,1.0738,1.0733,,,,,,,,,,,,,,,,,,
2011-04-25,,1.0745,1.0707,,,,,,,,,,,,,,,,,,
2011-04-26,,1.0752,1.0769,,,,,,,,,,,,,,,,,,
2011-04-27,,1.0815,1.079,,,,,,,,,,,,,,,,,,
2011-04-28,,1.0883,1.0891,,,,,,,,,,,,,,,,,,
2011-04-29,,1.096,1.0936,,,,,,,,,,,,,,,,,,
2011-05-02,,1.0948,1.097,,,,,,,,,,,,,,,,,,
2011-05-03,,1.0853,1.092,,,,,,,,,,,,,,,,,,
2011-05-04,,1.0826,1.0764,,,,,,,,,,,,,,,,,,
2011-05-05,,1.0673,1.0647,,,,,,,,,,,,,,,,,,
2011-05-06,,1.0676,1.0757,,,,,,,,,,,,,,,,,,
2011-05-09,,1.0758,1.0751,,,,,,,,,,,,,,,,,,
2011-05-10,,1.0798,1.0801,,,,,,,,,,,,,,,,,,
2011-05-11,,1.0836,1.0752,,,,,,,,,,,,,,,,,,
2011-05-12,,1.0605,1.0653,,,,,,,,,,,,,,,,,,
2011-05-13,,1.0686,1.0568,,,,,,,,,,,,,,,,,,
2011-05-16,,1.0544,1.0618,,,,,,,,,,,,,,,,,,
2011-05-17,,1.0586,1.0536,,,,,,,,,,,,,,,,,,
2011-05-18,,1.0582,1.062,,,,,,,,,,,,,,,,,,
2011-05-19,,1.0644,1.0614,,,,,,,,,,,,,,,,,,
2011-05-20,,1.0649,1.0646,,,,,,,,,,,,,,,,,,
2011-05-23,,1.0528,1.0492,,,,,,,,,,,,,,,,,,
2011-05-24,,1.0566,1.0553,,,,,,,,,,,,,,,,,,
2011-05-25,,1.0498,1.0536,,,,,,,,,,,,,,,,,,
2011-05-26,,1.0588,1.0586,,,,,,,,,,,,,,,,,,
2011-05-27,,1.0684,1.0708,,,,,,,,,,,,,,,,,,
2011-05-30,,1.0693,1.0682,,,,,,,,,,,,,,,,,,
2011-05-31,,1.0644,1.0656,,,,,,,,,,,,,,,,,,
2011-06-01,,1.0744,1.0719,,,,,,,,,,,,,,,,,,
2011-06-02,,1.0654,1.0614,,,,,,,,,,,,,,,,,,
2011-06-03,,1.0663,1.0714,,,,,,,,,,,,,,,,,,
2011-06-06,,1.0736,1.0732,,,,,,,,,,,,,,,,,,
2011-06-07,,1.0698,1.071,,,,,,,,,,,,,,,,,,
2011-06-08,,1.0617,1.0632,,,,,,,,,,,,,,,,,,
2011-06-09,,1.0593,1.0639,,,,,,,,,,,,,,,,,,
2011-06-10,,1.0608,1.0567,,,,,,,,,,,,,,,,,,
2011-06-13,,1.0568,1.0559,,,,,,,,,,,,,,,,,,
2011-06-14,,1.0644,1.0688,,,,,,,,,,,,,,,,,,
2011-06-15,,1.0677,1.0618,,,,,,,,,,,,,,,,,,
2011-06-16,,1.0499,1.054,,,,,,,,,,,,,,,,,,
2011-06-17,,1.063,1.0618,,,,,,,,,,,,,,,,,,
2011-06-20,,1.0516,1.0587,,,,,,,,,,,,,,,,,,
2011-06-21,,1.059,1.0596,,,,,,,,,,,,,,,,,,
2011-06-22,,1.0597,1.0626,,,,,,,,,,,,,,,,,,
2011-06-23,,1.0513,1.0485,,,,,,,,,,,,,,,,,,
2011-06-24,,1.0552,1.0522,,,,,,,,,,,,,,,,,,
2011-06-27,,1.0436,1.0439,,,,,,,,,,,,,,,,,,
2011-06-28,,1.0456,1.0517,,,,,,,,,,,,,,,,,,
2011-06-29,,1.0611,1.067,,,,,,,,,,,,,,,,,,
2011-06-30,,1.0718,1.0729,,,,,,,,,,,,,,,,,,
2011-07-01,,1.071,1.0749,,,,,,,,,,,,,,,,,,
2011-07-04,,1.0717,1.0732,,,,,,,,,,,,,,,,,,
2011-07-05,,1.0693,1.0696,,,,,,,,,,,,,,,,,,
2011-07-06,,1.0663,1.0692,,,,,,,,,,,,,,,,,,
2011-07-07,,1.0725,1.0761,,,,,,,,,,,,,,,,,,
2011-07-08,,1.0761,1.0726,,,,,,,,,,,,,,,,,,
2011-07-11,,1.0672,1.0659,,,,,,,,,,,,,,,,,,
2011-07-12,,1.0598,1.0625,,,,,,,,,,,,,,,,,,
2011-07-13,,1.0671,1.0762,,,,,,,,,,,,,,,,,,
2011-07-14,,1.0754,1.0734,,,,,,,,,,,,,,,,,,
2011-07-15,,1.0665,1.066,,,,,,,,,,,,,,,,,,
2011-07-18,,1.0614,1.0566,,,,,,,,,,,,,,,,,,
2011-07-19,,1.0659,1.07,,,,,,,,,,,,,,,,,,
2011-07-20,,1.0747,1.0726,,,,,,,,,,,,,,,,,,
2011-07-21,,1.073,1.0838,,,,,,,,,,,,,,,,,,
2011-07-22,,1.086,1.0849,,,,,,,,,,,,,,,,,,
2011-07-25,,1.0843,1.0852,,,,,,,,,,,,,,,,,,
2011-07-26,,1.096,1.094,,,,,,,,,,,,,,,,,,
2011-07-27,,1.1038,1.1025,,,,,,,,,,,,,,,,,,
2011-07-28,,1.1032,1.1023,,,,,,,,,,,,,,,,,,
2011-07-29,,1.0926,1.0996,,,,,,,,,,,,,,,,,,
2011-08-01,,1.1047,1.0932,,,,,,,,,,,,,,,,,,
2011-08-02,,1.0847,1.0838,,,,,,,,,,,,,,,,,,
2011-08-03,,1.0757,1.0716,,,,,,,,,,,,,,,,,,
2011-08-04,,1.0574,1.0508,,,,,,,,,,,,,,,,,,
2011-08-05,,1.0468,1.0376,,,,,,,,,,,,,,,,,,
2011-08-08,,1.0363,1.0341,,,,,,,,,,,,,,,,,,
2011-08-09,,1.0204,1.0198,,,,,,,,,,,,,,,,,,
2011-08-10,,1.034,1.0204,,,,,,,,,,,,,,,,,,
2011-08-11,,1.02,1.0266,,,,,,,,,,,,,,,,,,
2011-08-12,,1.0348,1.0353,,,,,,,,,,,,,,,,,,
2011-08-15,,1.0403,1.0478,,,,,,,,,,,,,,,,,,
2011-08-16,,1.0416,1.0489,,,,,,,,,,,,,,,,,,
2011-08-17,,1.0581,1.0537,,,,,,,,,,,,,,,,,,
2011-08-18,,1.0449,1.039,,,,,,,,,,,,,,,,,,
2011-08-19,,1.0435,1.044,,,,,,,,,,,,,,,,,,
2011-08-22,,1.0464,1.0417,,,,,,,,,,,,,,,,,,
2011-08-23,,1.0491,1.0505,,,,,,,,,,,,,,,,,,
2011-08-24,,1.0483,1.0465,,,,,,,,,,,,,,,,,,
2011-08-25,,1.0493,1.0459,,,,,,,,,,,,,,,,,,
2011-08-26,,1.0495,1.0578,,,,,,,,,,,,,,,,,,
2011-08-29,,1.0614,1.0618,,,,,,,,,,,,,,,,,,
2011-08-30,,1.0647,1.0676,,,,,,,,,,,,,,,,,,
2011-08-31,,1.0679,1.0701,,,,,,,,,,,,,,,,,,
2011-09-01,,1.0691,1.0747,,,,,,,,,,,,,,,,,,
2011-09-02,,1.0698,1.0675,,,,,,,,,,,,,,,,,,
2011-09-05,,1.0562,1.0558,,,,,,,,,,,,,,,,,,
2011-09-06,,1.0552,1.0506,,,,,,,,,,,,,,,,,,
2011-09-07,,1.0617,1.061,,,,,,,,,,,,,,,,,,
2011-09-08,,1.0625,1.0623,,,,,,,,,,,,,,,,,,
2011-09-09,,1.052,1.0442,,,,,,,,,,,,,,,,,,
2011-09-12,,1.0338,1.031,,,,,,,,,,,,,,,,,,
2011-09-13,,1.0337,1.0313,,,,,,,,,,,,,,,,,,
2011-09-14,,1.0259,1.0237,,,,,,,,,,,,,,,,,,
2011-09-15,,1.0282,1.031,,,,,,,,,,,,,,,,,,
2011-09-16,,1.0353,1.0377,,,,,,,,,,,,,,,,,,
2011-09-19,,1.0247,1.0216,,,,,,,,,,,,,,,,,,
2011-09-20,,1.0275,1.0286,,,,,,,,,,,,,,,,,,
2011-09-21,,1.0222,1.0209,,,,,,,,,,,,,,,,,,
2011-09-22,,0.9846,0.9766,,,,,,,,,,,,,,,,,,
2011-09-23,,0.9711,0.9784,,,,,,,,,,,,,,,,,,
2011-09-26,,0.979,0.9741,,,,,,,,,,,,,,,,,,
2011-09-27,,0.9925,0.9957,,,,,,,,,,,,,,,,,,
2011-09-28,,0.9893,0.9903,,,,,,,,,,,,,,,,,,
2011-09-29,,0.9819,0.9817,,,,,,,,,,,,,,,,,,
2011-09-30,,0.9724,0.9744,,,,,,,,,,,,,,,,,,
2011-10-03,,0.9645,0.9646,,,,,,,,,,,,,,,,,,
2011-10-04,,0.9426,0.9458,,,,,,,,,,,,,,,,,,
2011-10-05,,0.958,0.9622,,,,,,,,,,,,,,,,,,
2011-10-06,,0.968,0.97,,,,,,,,,,,,,,,,,,
2011-10-07,,0.9784,0.9836,,,,,,,,,,,,,,,,,,
2011-10-10,,0.9934,0.9997,,,,,,,,,,,,,,,,,,
2011-10-11,,0.994,0.9979,,,,,,,,,,,,,,,,,,
2011-10-12,,1.0111,1.0165,,,,,,,,,,,,,,,,,,
2011-10-13,,1.0151,1.0149,,,,,,,,,,,,,,,,,,
2011-10-14,,1.0243,1.0295,,,,,,,,,,,,,,,,,,
2011-10-17,,1.0279,1.0237,,,,,,,,,,,,,,,,,,
2011-10-18,,1.0127,1.0216,,,,,,,,,,,,,,,,,,
2011-10-19,,1.0308,1.0271,,,,,,,,,,,,,,,,,,
2011-10-20,,1.0263,1.0181,,,,,,,,,,,,,,,,,,
2011-10-21,,1.03,1.0328,,,,,,,,,,,,,,,,,,
2011-10-24,,1.0385,1.0449,,,,,,,,,,,,,,,,,,
2011-10-25,,1.0491,1.0443,,,,,,,,,,,,,,,,,,
2011-10-26,,1.0362,1.0344,,,,,,,,,,,,,,,,,,
2011-10-27,,1.0626,1.0686,,,,,,,,,,,,,,,,,,
2011-10-28,,1.0666,1.0706,,,,,,,,,,,,,,,,,,
2011-10-31,,1.0595,1.0606,,,,,,,,,,,,,,,,,,
2011-11-01,,1.0289,1.0296,,,,,,,,,,,,,,,,,,
2011-11-02,,1.0354,1.0363,,,,,,,,,,,,,,,,,,
2011-11-03,,1.0362,1.0352,,,,,,,,,,,,,,,,,,
2011-11-04,,1.0381,1.0357,,,,,,,,,,,,,,,,,,
2011-11-07,,1.0339,1.0339,,,,,,,,,,,,,,,,,,
2011-11-08,,1.0334,1.0338,,,,,,,,,,,,,,,,,,
2011-11-09,,1.0226,1.0193,,,,,,,,,,,,,,,,,,
2011-11-10,,1.0201,1.0154,,,,,,,,,,,,,,,,,,
2011-11-11,,1.0168,1.0285,,,,,,,,,,,,,,,,,,
2011-11-14,,1.0227,1.0168,,,,,,,,,,,,,,,,,,
2011-11-15,,1.0159,1.0181,,,,,,,,,,,,,,,,,,
2011-11-16,,1.0113,1.0135,,,,,,,,,,,,,,,,,,
2011-11-17,,1.0067,0.9998,,,,,,,,,,,,,,,,,,
2011-11-18,,1.0083,1.0024,,,,,,,,,,,,,,,,,,
2011-11-21,,0.9893,0.9835,,,,,,,,,,,,,,,,,,
2011-11-22,,0.9828,0.9857,,,,,,,,,,,,,,,,,,
2011-11-23,,0.9713,0.9705,,,,,,,,,,,,,,,,,,
2011-11-24,,0.9736,0.9723,,,,,,,,,,,,,,,,,,
2011-11-25,,0.9694,0.9703,,,,,,,,,,,,,,,,,,
2011-11-28,,0.9958,0.9895,,,,,,,,,,,,,,,,,,
2011-11-29,,0.9985,1.0018,,,,,,,,,,,,,,,,,,
2011-11-30,,1.0296,1.0251,,,,,,,,,,,,,,,,,,
2011-12-01,,1.0228,1.0207,,,,,,,,,,,,,,,,,,
2011-12-02,,1.0286,1.0223,,,,,,,,,,,,,,,,,,
2011-12-05,,1.02765,1.02961,,,,,,,,,,,,,,,,,,
2011-12-06,,1.02099,1.02332,,,,,,,,,,,,,,,,,,
2011-12-07,,1.02438,1.02899,,,,,,,,,,,,,,,,,,
2011-12-08,,1.03123,1.0177,,,,,,,,,,,,,,,,,,
2011-12-09,,1.01199,1.01972,,,,,,,,,,,,,,,,,,
2011-12-12,,1.00745,1.00716,,,,,,,,,,,,,,,,,,
2011-12-13,,1.012,1.00707,,,,,,,,,,,,,,,,,,
2011-12-14,,0.99535,0.99209,,,,,,,,,,,,,,,,,,
2011-12-15,,0.99851,0.99289,,,,,,,,,,,,,,,,,,
2011-12-16,,0.99963,0.99519,,,,,,,,,,,,,,,,,,
2011-12-19,,0.99642,0.99262,,,,,,,,,,,,,,,,,,
2011-12-20,,1.00308,1.00728,,,,,,,,,,,,,,,,,,
2011-12-21,,1.01018,1.00808,,,,,,,,,,,,,,,,,,
2011-12-22,,1.01042,1.01375,,,,,,,,,,,,,,,,,,
2011-12-23,,1.01573,1.01649,,,,,,,,,,,,,,,,,,
2011-12-26,,1.0161,1.0163,,,,,,,,,,,,,,,,,,
2011-12-27,,1.01523,1.01556,,,,,,,,,,,,,,,,,,
2011-12-28,,1.01954,1.00867,,,,,,,,,,,,,,,,,,
2011-12-29,,1.00728,1.01312,,,,,,,,,,,,,,,,,,
2011-12-30,,1.01716,1.02526,,,,,,,,,,,,,,,,,,
2012-01-02,,1.0219,1.02207,,,,,,,,,,,,,,,,,,
2012-01-03,,1.03406,1.03607,,,,,,,,,,,,,,,,,,
2012-01-04,,1.03176,1.03611,,,,,,,,,,,,,,,,,,
2012-01-05,,1.02718,1.02615,,,,,,,,,,,,,,,,,,
2012-01-06,,1.02242,1.02272,,,,,,,,,,,,,,,,,,
2012-01-09,,1.02319,1.02095,,,,,,,,,,,,,,,,,,
2012-01-10,,1.03376,1.03144,,,,,,,,,,,,,,,,,,
2012-01-11,,1.02904,1.02973,,,,,,,,,,,,,,,,,,
2012-01-12,,1.03393,1.03259,,,,,,,,,,,,,,,,,,
2012-01-13,,1.03084,1.02819,,,,,,,,,,,,,,,,,,
2012-01-16,,1.03174,1.03262,,,,,,,,,,,,,,,,,,
2012-01-17,,1.03955,1.03824,,,,,,,,,,,,,,,,,,
2012-01-18,,1.03685,1.04169,,,,,,,,,,,,,,,,,,
2012-01-19,,1.04231,1.04002,,,,,,,,,,,,,,,,,,
2012-01-20,,1.04504,1.04705,,,,,,,,,,,,,,,,,,
2012-01-23,,1.05495,1.05276,,,,,,,,,,,,,,,,,,
2012-01-24,,1.04335,1.04775,,,,,,,,,,,,,,,,,,
2012-01-25,,1.04572,1.0549,,,,,,,,,,,,,,,,,,
2012-01-26,,1.06703,1.06369,,,,,,,,,,,,,,,,,,
2012-01-27,,1.06052,1.06342,,,,,,,,,,,,,,,,,,
2012-01-30,,1.05333,1.05828,,,,,,,,,,,,,,,,,,
2012-01-31,,1.06538,1.05981,,,,,,,,,,,,,,,,,,
2012-02-01,,1.07009,1.07201,,,,,,,,,,,,,,,,,,
2012-02-02,,1.07114,1.07105,,,,,,,,,,,,,,,,,,
2012-02-03,,1.07384,1.07821,,,,,,,,,,,,,,,,,,
2012-02-06,,1.06927,1.07352,,,,,,,,,,,,,,,,,,
2012-02-07,,1.07907,1.08011,,,,,,,,,,,,,,,,,,
2012-02-08,,1.08289,1.07969,,,,,,,,,,,,,,,,,,
2012-02-09,,1.07961,1.08013,,,,,,,,,,,,,,,,,,
2012-02-10,,1.06548,1.06755,,,,,,,,,,,,,,,,,,
2012-02-13,,1.07444,1.07441,,,,,,,,,,,,,,,,,,
2012-02-14,,1.06977,1.06622,,,,,,,,,,,,,,,,,,
2012-02-15,,1.07426,1.07073,,,,,,,,,,,,,,,,,,
2012-02-16,,1.06903,1.07545,,,,,,,,,,,,,,,,,,
2012-02-17,,1.07481,1.0708,,,,,,,,,,,,,,,,,,
2012-02-20,,1.07645,1.07428,,,,,,,,,,,,,,,,,,
2012-02-21,,1.06799,1.06823,,,,,,,,,,,,,,,,,,
2012-02-22,,1.06266,1.0626,,,,,,,,,,,,,,,,,,
2012-02-23,,1.07038,1.06799,,,,,,,,,,,,,,,,,,
2012-02-24,,1.07152,1.07074,,,,,,,,,,,,,,,,,,
2012-02-27,,1.06865,1.07792,,,,,,,,,,,,,,,,,,
2012-02-28,,1.07502,1.07547,,,,,,,,,,,,,,,,,,
2012-02-29,,1.08323,1.07786,,,,,,,,,,,,,,,,,,
2012-03-01,,1.07574,1.07971,,,,,,,,,,,,,,,,,,
2012-03-02,,1.07539,1.07434,,,,,,,,,,,,,,,,,,
2012-03-05,,1.06973,1.06619,,,,,,,,,,,,,,,,,,
2012-03-06,,1.05627,1.05306,,,,,,,,,,,,,,,,,,
2012-03-07,,1.05637,1.0577,,,,,,,,,,,,,,,,,,
2012-03-08,,1.06302,1.06315,,,,,,,,,,,,,,,,,,
2012-03-09,,1.06018,1.05813,,,,,,,,,,,,,,,,,,
2012-03-12,,1.05084,1.04881,,,,,,,,,,,,,,,,,,
2012-03-13,,1.05252,1.05388,,,,,,,,,,,,,,,,,,
2012-03-14,,1.04739,1.04427,,,,,,,,,,,,,,,,,,
2012-03-15,,1.05148,1.05261,,,,,,,,,,,,,,,,,,
2012-03-16,,1.0536,1.05846,,,,,,,,,,,,,,,,,,
2012-03-19,,1.05795,1.06045,,,,,,,,,,,,,,,,,,
2012-03-20,,1.04821,1.04819,,,,,,,,,,,,,,,,,,
2012-03-21,,1.04688,1.04409,,,,,,,,,,,,,,,,,,
2012-03-22,,1.0364,1.03725,,,,,,,,,,,,,,,,,,
2012-03-23,,1.03772,1.0455,,,,,,,,,,,,,,,,,,
2012-03-26,,1.04884,1.05069,,,,,,,,,,,,,,,,,,
2012-03-27,,1.05088,1.04893,,,,,,,,,,,,,,,,,,
2012-03-28,,1.04102,1.03683,,,,,,,,,,,,,,,,,,
2012-03-29,,1.03471,1.03226,,,,,,,,,,,,,,,,,,
2012-03-30,,1.04056,1.03658,,,,,,,,,,,,,,,,,,
2012-04-02,,1.03808,1.04253,,,,,,,,,,,,,,,,,,
2012-04-03,,1.03613,1.03701,,,,,,,,,,,,,,,,,,
2012-04-04,,1.02723,1.02542,,,,,,,,,,,,,,,,,,
2012-04-05,,1.02912,1.03038,,,,,,,,,,,,,,,,,,
2012-04-06,,1.03178,1.03095,,,,,,,,,,,,,,,,,,
2012-04-09,,1.02925,1.03189,,,,,,,,,,,,,,,,,,
2012-04-10,,1.02906,1.02597,,,,,,,,,,,,,,,,,,
2012-04-11,,1.03062,1.02975,,,,,,,,,,,,,,,,,,
2012-04-12,,1.04109,1.04398,,,,,,,,,,,,,,,,,,
2012-04-13,,1.04031,1.03703,,,,,,,,,,,,,,,,,,
2012-04-16,,1.03427,1.03397,,,,,,,,,,,,,,,,,,
2012-04-17,,1.03734,1.04045,,,,,,,,,,,,,,,,,,
2012-04-18,,1.03552,1.03643,,,,,,,,,,,,,,,,,,
2012-04-19,,1.03429,1.03329,,,,,,,,,,,,,,,,,,
2012-04-20,,1.03467,1.03737,,,,,,,,,,,,,,,,,,
2012-04-23,,1.02886,1.02984,,,,,,,,,,,,,,,,,,
2012-04-24,,1.02942,1.02957,,,,,,,,,,,,,,,,,,
2012-04-25,,1.03376,1.03307,,,,,,,,,,,,,,,,,,
2012-04-26,,1.03721,1.0381,,,,,,,,,,,,,,,,,,
2012-04-27,,1.04316,1.04455,,,,,,,,,,,,,,,,,,
2012-04-30,,1.04193,1.04088,,,,,,,,,,,,,,,,,,
2012-05-01,,1.03243,1.03451,,,,,,,,,,,,,,,,,,
2012-05-02,,1.03253,1.03013,,,,,,,,,,,,,,,,,,
2012-05-03,,1.02847,1.02584,,,,,,,,,,,,,,,,,,
2012-05-04,,1.02406,1.01883,,,,,,,,,,,,,,,,,,
2012-05-07,,1.01871,1.02014,,,,,,,,,,,,,,,,,,
2012-05-08,,1.01544,1.01167,,,,,,,,,,,,,,,,,,
2012-05-09,,1.00667,1.00637,,,,,,,,,,,,,,,,,,
2012-05-10,,1.01228,1.01075,,,,,,,,,,,,,,,,,,
2012-05-11,,1.00556,1.00629,,,,,,,,,,,,,,,,,,
2012-05-14,,0.99837,0.99961,,,,,,,,,,,,,,,,,,
2012-05-15,,1.0004,0.99741,,,,,,,,,,,,,,,,,,
2012-05-16,,0.99368,0.99309,,,,,,,,,,,,,,,,,,
2012-05-17,,0.99128,0.99228,,,,,,,,,,,,,,,,,,
2012-05-18,,0.98665,0.98215,,,,,,,,,,,,,,,,,,
2012-05-21,,0.98432,0.98516,,,,,,,,,,,,,,,,,,
2012-05-22,,0.98904,0.98673,,,,,,,,,,,,,,,,,,
2012-05-23,,0.97628,0.97068,,,,,,,,,,,,,,,,,,
2012-05-24,,0.97839,0.97644,,,,,,,,,,,,,,,,,,
2012-05-25,,0.97929,0.97762,,,,,,,,,,,,,,,,,,
2012-05-28,,0.98662,0.98485,,,,,,,,,,,,,,,,,,
2012-05-29,,0.98357,0.98162,,,,,,,,,,,,,,,,,,
2012-05-30,,0.97834,0.97364,,,,,,,,,,,,,,,,,,
2012-05-31,,0.97376,0.9711,,,,,,,,,,,,,,,,,,
2012-06-01,,0.96454,0.96853,,,,,,,,,,,,,,,,,,
2012-06-04,,0.97178,0.97174,,,,,,,,,,,,,,,,,,
2012-06-05,,0.97253,0.9723,,,,,,,,,,,,,,,,,,
2012-06-06,,0.98609,0.99083,,,,,,,,,,,,,,,,,,
2012-06-07,,0.9986,0.99339,,,,,,,,,,,,,,,,,,
2012-06-08,,0.98501,0.98659,,,,,,,,,,,,,,,,,,
2012-06-11,,0.99483,0.99236,,,,,,,,,,,,,,,,,,
2012-06-12,,0.99048,0.99244,,,,,,,,,,,,,,,,,,
2012-06-13,,0.99808,0.99692,,,,,,,,,,,,,,,,,,
2012-06-14,,0.99466,0.99891,,,,,,,,,,,,,,,,,,
2012-06-15,,1.003,1.0056,,,,,,,,,,,,,,,,,,
2012-06-18,,1.00773,1.00854,,,,,,,,,,,,,,,,,,
2012-06-19,,1.01692,1.0195,,,,,,,,,,,,,,,,,,
2012-06-20,,1.01998,1.01911,,,,,,,,,,,,,,,,,,
2012-06-21,,1.01805,1.00933,,,,,,,,,,,,,,,,,,
2012-06-22,,1.00477,1.00565,,,,,,,,,,,,,,,,,,
2012-06-25,,1.00019,0.99771,,,,,,,,,,,,,,,,,,
2012-06-26,,1.00479,1.0046,,,,,,,,,,,,,,,,,,
2012-06-27,,1.00746,1.00686,,,,,,,,,,,,,,,,,,
2012-06-28,,1.00544,1.00262,,,,,,,,,,,,,,,,,,
2012-06-29,,1.01893,1.02353,,,,,,,,,,,,,,,,,,
2012-07-02,,1.02553,1.0237,,,,,,,,,,,,,,,,,,
2012-07-03,,1.0259,1.0292,,,,,,,,,,,,,,,,,,
2012-07-04,,1.02759,1.02788,,,,,,,,,,,,,,,,,,
2012-07-05,,1.02891,1.02898,,,,,,,,,,,,,,,,,,
2012-07-06,,1.02656,1.01845,,,,,,,,,,,,,,,,,,
2012-07-09,,1.01732,1.0175,,,,,,,,,,,,,,,,,,
2012-07-10,,1.02231,1.02143,,,,,,,,,,,,,,,,,,
2012-07-11,,1.02594,1.02525,,,,,,,,,,,,,,,,,,
2012-07-12,,1.01252,1.01326,,,,,,,,,,,,,,,,,,
2012-07-13,,1.01672,1.02122,,,,,,,,,,,,,,,,,,
2012-07-16,,1.02198,1.02329,,,,,,,,,,,,,,,,,,
2012-07-17,,1.02829,1.0283,,,,,,,,,,,,,,,,,,
2012-07-18,,1.03089,1.0347,,,,,,,,,,,,,,,,,,
2012-07-19,,1.04328,1.04211,,,,,,,,,,,,,,,,,,
2012-07-20,,1.03935,1.03795,,,,,,,,,,,,,,,,,,
2012-07-23,,1.02822,1.02689,,,,,,,,,,,,,,,,,,
2012-07-24,,1.0282,1.02498,,,,,,,,,,,,,,,,,,
2012-07-25,,1.02867,1.02754,,,,,,,,,,,,,,,,,,
2012-07-26,,1.04,1.03904,,,,,,,,,,,,,,,,,,
2012-07-27,,1.04267,1.04375,,,,,,,,,,,,,,,,,,
2012-07-30,,1.0492,1.04874,,,,,,,,,,,,,,,,,,
2012-07-31,,1.05212,1.05174,,,,,,,,,,,,,,,,,,
2012-08-01,,1.05221,1.0516,,,,,,,,,,,,,,,,,,
2012-08-02,,1.05173,1.04495,,,,,,,,,,,,,,,,,,
2012-08-03,,1.05137,1.05634,,,,,,,,,,,,,,,,,,
2012-08-06,,1.05555,1.05889,,,,,,,,,,,,,,,,,,
2012-08-07,,1.05886,1.05702,,,,,,,,,,,,,,,,,,
2012-08-08,,1.05509,1.05707,,,,,,,,,,,,,,,,,,
2012-08-09,,1.05687,1.05634,,,,,,,,,,,,,,,,,,
2012-08-10,,1.05147,1.0567,,,,,,,,,,,,,,,,,,
2012-08-13,,1.05624,1.05052,,,,,,,,,,,,,,,,,,
2012-08-14,,1.05255,1.05043,,,,,,,,,,,,,,,,,,
2012-08-15,,1.0464,1.05068,,,,,,,,,,,,,,,,,,
2012-08-16,,1.04874,1.05043,,,,,,,,,,,,,,,,,,
2012-08-17,,1.04327,1.04235,,,,,,,,,,,,,,,,,,
2012-08-20,,1.04424,1.04557,,,,,,,,,,,,,,,,,,
2012-08-21,,1.05103,1.04908,,,,,,,,,,,,,,,,,,
2012-08-22,,1.04375,1.04456,,,,,,,,,,,,,,,,,,
2012-08-23,,1.04714,1.0476,,,,,,,,,,,,,,,,,,
2012-08-24,,1.03932,1.04076,,,,,,,,,,,,,,,,,,
2012-08-27,,1.03888,1.03849,,,,,,,,,,,,,,,,,,
2012-08-28,,1.03758,1.03827,,,,,,,,,,,,,,,,,,
2012-08-29,,1.03648,1.03657,,,,,,,,,,,,,,,,,,
2012-08-30,,1.03235,1.02989,,,,,,,,,,,,,,,,,,
2012-08-31,,1.03311,1.03309,,,,,,,,,,,,,,,,,,
2012-09-03,,1.02419,1.02396,,,,,,,,,,,,,,,,,,
2012-09-04,,1.026,1.02297,,,,,,,,,,,,,,,,,,
2012-09-05,,1.01958,1.01929,,,,,,,,,,,,,,,,,,
2012-09-06,,1.02379,1.0286,,,,,,,,,,,,,,,,,,
2012-09-07,,1.03433,1.03871,,,,,,,,,,,,,,,,,,
2012-09-10,,1.03477,1.03616,,,,,,,,,,,,,,,,,,
2012-09-11,,1.03926,1.04412,,,,,,,,,,,,,,,,,,
2012-09-12,,1.0466,1.04525,,,,,,,,,,,,,,,,,,
2012-09-13,,1.04449,1.04468,,,,,,,,,,,,,,,,,,
2012-09-14,,1.05853,1.05591,,,,,,,,,,,,,,,,,,
2012-09-17,,1.05105,1.04893,,,,,,,,,,,,,,,,,,
2012-09-18,,1.04238,1.04435,,,,,,,,,,,,,,,,,,
2012-09-19,,1.04338,1.04799,,,,,,,,,,,,,,,,,,
2012-09-20,,1.04012,1.04128,,,,,,,,,,,,,,,,,,
2012-09-21,,1.04927,1.04696,,,,,,,,,,,,,,,,,,
2012-09-24,,1.04062,1.0413,,,,,,,,,,,,,,,,,,
2012-09-25,,1.04314,1.0445,,,,,,,,,,,,,,,,,,
2012-09-26,,1.0358,1.03635,,,,,,,,,,,,,,,,,,
2012-09-27,,1.04113,1.04385,,,,,,,,,,,,,,,,,,
2012-09-28,,1.0433,1.03886,,,,,,,,,,,,,,,,,,
2012-10-01,,1.03611,1.0373,,,,,,,,,,,,,,,,,,
2012-10-02,,1.03137,1.02919,,,,,,,,,,,,,,,,,,
2012-10-03,,1.02252,1.02172,,,,,,,,,,,,,,,,,,
2012-10-04,,1.02219,1.02278,,,,,,,,,,,,,,,,,,
2012-10-05,,1.02481,1.02148,,,,,,,,,,,,,,,,,,
2012-10-08,,1.01838,1.0216,,,,,,,,,,,,,,,,,,
2012-10-09,,1.02337,1.01884,,,,,,,,,,,,,,,,,,
2012-10-10,,1.0253,1.02417,,,,,,,,,,,,,,,,,,
2012-10-11,,1.02689,1.02605,,,,,,,,,,,,,,,,,,
2012-10-12,,1.0255,1.02232,,,,,,,,,,,,,,,,,,
2012-10-15,,1.02431,1.02442,,,,,,,,,,,,,,,,,,
2012-10-16,,1.02803,1.0268,,,,,,,,,,,,,,,,,,
2012-10-17,,1.03366,1.03769,,,,,,,,,,,,,,,,,,
2012-10-18,,1.03784,1.04,,,,,,,,,,,,,,,,,,
2012-10-19,,1.03644,1.03256,,,,,,,,,,,,,,,,,,
2012-10-22,,1.03257,1.03166,,,,,,,,,,,,,,,,,,
2012-10-23,,1.02698,1.02476,,,,,,,,,,,,,,,,,,
2012-10-24,,1.03309,1.03309,,,,,,,,,,,,,,,,,,
2012-10-25,,1.03833,1.03461,,,,,,,,,,,,,,,,,,
2012-10-26,,1.03371,1.03527,,,,,,,,,,,,,,,,,,
2012-10-29,,1.03469,1.03271,,,,,,,,,,,,,,,,,,
2012-10-30,,1.03719,1.03687,,,,,,,,,,,,,,,,,,
2012-10-31,,1.03836,1.03696,,,,,,,,,,,,,,,,,,
2012-11-01,,1.03801,1.0403,,,,,,,,,,,,,,,,,,
2012-11-02,,1.03695,1.03686,,,,,,,,,,,,,,,,,,
2012-11-05,,1.03569,1.03611,,,,,,,,,,,,,,,,,,
2012-11-06,,1.04361,1.04348,,,,,,,,,,,,,,,,,,
2012-11-07,,1.0423,1.04056,,,,,,,,,,,,,,,,,,
2012-11-08,,1.04195,1.04394,,,,,,,,,,,,,,,,,,
2012-11-09,,1.03668,1.03969,,,,,,,,,,,,,,,,,,
2012-11-12,,1.04367,1.04298,,,,,,,,,,,,,,,,,,
2012-11-13,,1.04085,1.04296,,,,,,,,,,,,,,,,,,
2012-11-14,,1.04046,1.03873,,,,,,,,,,,,,,,,,,
2012-11-15,,1.0315,1.03101,,,,,,,,,,,,,,,,,,
2012-11-16,,1.03327,1.03237,,,,,,,,,,,,,,,,,,
2012-11-19,,1.04053,1.04002,,,,,,,,,,,,,,,,,,
2012-11-20,,1.03755,1.03772,,,,,,,,,,,,,,,,,,
2012-11-21,,1.03532,1.03559,,,,,,,,,,,,,,,,,,
2012-11-22,,1.03766,1.03817,,,,,,,,,,,,,,,,,,
2012-11-23,,1.04145,1.04637,,,,,,,,,,,,,,,,,,
2012-11-26,,1.04495,1.04549,,,,,,,,,,,,,,,,,,
2012-11-27,,1.04701,1.04581,,,,,,,,,,,,,,,,,,
2012-11-28,,1.04322,1.04754,,,,,,,,,,,,,,,,,,
2012-11-29,,1.04369,1.04286,,,,,,,,,,,,,,,,,,
2012-11-30,,1.04105,1.04255,,,,,,,,,,,,,,,,,,
2012-12-03,,1.04351,1.04239,,,,,,,,,,,,,,,,,,
2012-12-04,,1.04786,1.04756,,,,,,,,,,,,,,,,,,
2012-12-05,,1.04661,1.0467,,,,,,,,,,,,,,,,,,
2012-12-06,,1.04876,1.04727,,,,,,,,,,,,,,,,,,
2012-12-07,,1.0477,1.04808,,,,,,,,,,,,,,,,,,
2012-12-10,,1.04977,1.04818,,,,,,,,,,,,,,,,,,
2012-12-11,,1.05068,1.05256,,,,,,,,,,,,,,,,,,
2012-12-12,,1.05526,1.0578,,,,,,,,,,,,,,,,,,
2012-12-13,,1.05545,1.05172,,,,,,,,,,,,,,,,,,
2012-12-14,,1.05267,1.05696,,,,,,,,,,,,,,,,,,
2012-12-17,,1.05359,1.05475,,,,,,,,,,,,,,,,,,
2012-12-18,,1.05326,1.05333,,,,,,,,,,,,,,,,,,
2012-12-19,,1.04878,1.04989,,,,,,,,,,,,,,,,,,
2012-12-20,,1.0486,1.04855,,,,,,,,,,,,,,,,,,
2012-12-21,,1.04296,1.04195,,,,,,,,,,,,,,,,,,
2012-12-24,,1.03873,1.03662,,,,,,,,,,,,,,,,,,
2012-12-26,,1.03644,1.03619,,,,,,,,,,,,,,,,,,
2012-12-27,,1.03692,1.03574,,,,,,,,,,,,,,,,,,
2012-12-28,,1.03877,1.03819,,,,,,,,,,,,,,,,,,
2012-12-31,,1.03746,1.03868,,,,,,,,,,,,,,,,,,
2013-01-02,,1.05002,1.04862,,,,,,,,,,,,,,,,,,
2013-01-03,0.0013909103775481151,1.05174,1.05136,,,,,,,,,,,,,,,,,,
2013-01-04,0.0013720050692459008,1.0442,1.04646,,,,,,,,,,,,,,,,,,
2013-01-07,0.0014521197435295328,1.04906,1.04881,,,,,,,,,,,,,,,,,,
2013-01-08,0.0014628997855492575,1.0492,1.04851,,,,,,,,,,,,,,,,,,
2013-01-09,0.0014215569666935612,1.05155,1.05051,,,,,,,,,,,,,,,,,,
2013-01-10,0.0014017985525531518,1.05755,1.05913,,,,,,,,,,,,,,,,,,
2013-01-11,0.0014452573832502997,1.0572,1.05434,51.0,-0.0022916893712259844,1.05478,1.05488,1.05496,1.05476,142.0,-0.002936581468990471,1.0541,1.05411,1.05397,1.05449,,,,,,
2013-01-14,0.0014512796248679757,1.0565,1.0557,,,,,,,,,,,,,,,,,,
2013-01-15,0.0014662934208757616,1.05403,1.05595,170.0,0.0022365225725050094,1.05639,1.05643,1.05603,,,,,,,,,,,,,
2013-01-16,0.0014277844356930713,1.05461,1.05552,,,,,,,,,,,,,,,,,,
2013-01-17,0.0013987275469500033,1.05345,1.05464,,,,,,,,,,,,,,,,,,
2013-01-18,0.0014717196802968577,1.05114,1.05036,60.0,-0.002352594891181792,1.04867,1.04862,1.04869,1.04895,,,,,,,,,,,,
2013-01-21,0.0014323874127118515,1.05188,1.05119,,,,,,,,,,,,,,,,,,
2013-01-22,0.0013502323787935701,1.0565,1.05565,,,,,,,,,,,,,,,,,,
2013-01-23,0.0013576531003187387,1.05495,1.0545,,,,,,,,,,,,,,,,,,
2013-01-24,0.001322793265557012,1.04676,1.04553,,,,,,,,,,,,,,,,,,
2013-01-25,0.0012989867522645144,1.04384,1.04035,148.0,-0.0019850314101967905,1.04177,1.04146,1.04167,1.04185,,,,,,,,,,,,
2013-01-28,0.0014223517929783977,1.03974,1.04023,,,,,,,,,,,,,,,,,,
2013-01-29,0.0013583079823713253,1.04469,1.04637,,,,,,,,,,,,,,,,,,
2013-01-30,0.0013502527831687277,1.04224,1.0424,,,,,,,,,,,,,,,,,,
2013-01-31,0.0013485634078688566,1.04204,1.04369,,,,,,,,,,,,,,,,,,
2013-02-01,0.0015609658081655884,1.04206,1.04144,83.0,-0.002382737815700559,1.03958,1.03944,1.03912,1.0387,91.0,-0.003287358177455337,1.03864,1.03875,1.03871,1.03893,,,,,,
2013-02-04,0.0015133519713072241,1.04257,1.04175,,,,,,,,,,,,,,,,,,
2013-02-05,0.001452997535820155,1.03924,1.04041,,,,,,,,,,,,,,,,,,
2013-02-06,0.0014355834856136266,1.03073,1.03105,,,,,,,,,,,,,,,,,,
2013-02-07,0.0014695884310948388,1.03342,1.02795,117.0,-0.002402682858670815,1.03094,1.03066,1.0312,1.03071,137.0,-0.0032760538348162696,1.03004,1.03003,1.02977,1.02917,143.0,-0.004189056413851015,1.0291,1.02873,1.02897,1.02877
2013-02-08,0.001473852865835564,1.03204,1.0308,,,,,,,,,,,,,,,,,,
2013-02-11,0.0014622301421218778,1.02765,1.02895,,,,,,,,,,,,,,,,,,
2013-02-12,0.0014272440166482004,1.02718,1.03166,72.0,0.002217209559323481,1.02946,1.02941,1.03008,1.02913,75.0,0.0028969466243669233,1.03016,1.03,1.02936,1.02887,114.0,0.00385750090889462,1.03115,1.03135,1.03081,1.03044
2013-02-13,0.001479057530544789,1.03451,1.03464,,,,,,,,,,,,,,,,,,
2013-02-14,0.0018410650051567015,1.03498,1.03437,,,,,,,,,,,,,,,,,,
2013-02-15,0.001785246146368972,1.03213,1.02997,,,,,,,,,,,,,,,,,,
2013-02-18,0.0017379033625582456,1.03079,1.02909,,,,,,,,,,,,,,,,,,
2013-02-19,0.001749554566807196,1.03397,1.03547,,,,,,,,,,,,,,,,,,
2013-02-20,0.001756875418306706,1.03098,1.02764,128.0,-0.0027390092592152046,1.02816,1.02824,1.02803,1.02829,,,,,,,,,,,,
2013-02-21,0.0017318771379206592,1.02472,1.02497,,,,,,,,,,,,,,,,,,
2013-02-22,0.0020917145686072842,1.03256,1.03206,,,,,,,,,,,,,,,,,,
2013-02-25,0.0021751442066619067,1.03144,1.02901,77.0,-0.0033601725296459567,1.02798,1.02812,1.02821,1.02897,,,,,,,,,,,,
2013-02-26,0.002082004078072052,1.02469,1.02253,73.0,-0.00326484620712795,1.02135,1.02152,1.02117,1.02193,105.0,-0.004607108561269937,1.01998,1.02014,1.02128,1.02134,,,,,,
2013-02-27,0.0020193794161101476,1.01972,1.01945,,,,,,,,,,,,,,,,,,
2013-02-28,0.0020555123735654765,1.02464,1.02377,,,,,,,,,,,,,,,,,,
2013-03-01,0.0020988775971180155,1.02084,1.02045,,,,,,,,,,,,,,,,,,
2013-03-04,0.0020811262591008415,1.01473,1.01616,,,,,,,,,,,,,,,,,,
2013-03-05,0.0021418501026552687,1.02355,1.0236,,,,,,,,,,,,,,,,,,
2013-03-06,0.0024304409139973473,1.02876,1.02331,178.0,-0.003759146641147576,1.0249,1.02465,,,,,,,,,,,,,,
2013-03-07,0.0023932679947651684,1.02622,1.02694,,,,,,,,,,,,,,,,,,
2013-03-08,0.002333661773219067,1.02406,1.02281,,,,,,,,,,,,,,,,,,
2013-03-11,0.00226270087132326,1.02243,1.02631,,,,,,,,,,,,,,,,,,
2013-03-12,0.0021289988007180956,1.03108,1.03151,,,,,,,,,,,,,,,,,,
2013-03-13,0.0022166430172836436,1.03082,1.02907,,,,,,,,,,,,,,,,,,
2013-03-14,0.0021564611821572686,1.03482,1.03826,146.0,0.003780941636478896,1.03874,1.03886,1.03893,1.03832,,,,,,,,,,,,
2013-03-15,0.002180482750237104,1.03685,1.04054,,,,,,,,,,,,,,,,,,
2013-03-18,0.002112000189345849,1.03847,1.03951,,,,,,,,,,,,,,,,,,
2013-03-19,0.002097149906884305,1.03805,1.03614,,,,,,,,,,,,,,,,,,
2013-03-20,0.0020527235955566155,1.03823,1.03884,,,,,,,,,,,,,,,,,,
2013-03-21,0.00199200887262315,1.04252,1.04378,,,,,,,,,,,,,,,,,,
2013-03-22,0.0019323137733598475,1.04291,1.04431,,,,,,,,,,,,,,,,,,
2013-03-25,0.0019324662823585056,1.04754,1.04511,,,,,,,,,,,,,,,,,,
2013-03-26,0.0018297391394695211,1.04772,1.04832,,,,,,,,,,,,,,,,,,
2013-03-27,0.0017740164106743418,1.04306,1.04333,,,,,,,,,,,,,,,,,,
2013-03-28,0.001727434598760529,1.0409,1.04199,,,,,,,,,,,,,,,,,,
2013-03-29,0.0017305530529338935,1.04139,1.04074,,,,,,,,,,,,,,,,,,
2013-04-01,0.0016792388709596547,1.04133,1.04192,,,,,,,,,,,,,,,,,,
2013-04-02,0.0016079250062237833,1.0468,1.04555,,,,,,,,,,,,,,,,,,
2013-04-03,0.001704840847821876,1.04885,1.04808,,,,,,,,,,,,,,,,,,
2013-04-04,0.001652209869602884,1.04221,1.03964,,,,,,,,,,,,,,,,,,
2013-04-05,0.001625037317835711,1.04131,1.03822,92.0,-0.0033282702571982934,1.03785,1.03764,1.03792,1.03736,92.0,-0.0033282702571982934,1.03785,1.03764,1.03792,1.03736,110.0,-0.00420546752376672,1.03694,1.0371,1.03654,1.03702
2013-04-08,0.0017381455242157825,1.04201,1.03883,179.0,-0.002815833948534624,1.03908,1.03941,,,,,,,,,,,,,,
2013-04-09,0.0016476372106153804,1.04684,1.04878,,,,,,,,,,,,,,,,,,
2013-04-10,0.001705494423431734,1.05347,1.05361,,,,,,,,,,,,,,,,,,
2013-04-11,0.001871440428574985,1.05746,1.05603,,,,,,,,,,,,,,,,,,
2013-04-12,0.001814769809790377,1.05284,1.04995,175.0,-0.0032441151618487684,1.04943,1.04923,1.04984,,,,,,,,,,,,,
2013-04-15,0.0018177291240260506,1.04093,1.03918,167.0,-0.0027513244868995175,1.03807,1.03794,1.0379,,,,,,,,,,,,,
2013-04-16,0.0018836049833597204,1.0373,1.03651,170.0,-0.002934988300848469,1.03426,1.03439,1.03448,,,,,,,,,,,,,
2013-04-17,0.002114776450780061,1.03452,1.03074,173.0,-0.0031755893776562872,1.03124,1.03141,1.03065,,,,,,,,,,,,,
2013-04-18,0.0020781683720924823,1.03209,1.03036,126.0,-0.0031733581225083657,1.02882,1.02893,1.02895,1.02878,,,,,,,,,,,,
2013-04-19,0.0021012870936765616,1.03355,1.02958,146.0,-0.0031882806914787496,1.03026,1.03028,1.03034,1.03091,,,,,,,,,,,,
2013-04-22,0.002042928033318808,1.02674,1.02555,,,,,,,,,,,,,,,,,,
2013-04-23,0.001984467786790732,1.0257,1.02611,,,,,,,,,,,,,,,,,,
2013-04-24,0.002079399974257657,1.02753,1.02546,,,,,,,,,,,,,,,,,,
2013-04-25,0.0020198486403535344,1.0322,1.0307,,,,,,,,,,,,,,,,,,
2013-04-26,0.0021180479059809145,1.02723,1.02696,,,,,,,,,,,,,,,,,,
2013-04-29,0.0020550129741169283,1.03463,1.03461,,,,,,,,,,,,,,,,,,
2013-04-30,0.0019919132413823747,1.03359,1.03693,168.0,0.003226245481402212,1.03693,1.03644,1.03694,,179.0,0.004594735730053748,1.03835,1.03758,,,,,,,,
2013-05-01,0.0019976103947541195,1.03527,1.02835,60.0,-0.003163595202630164,1.032,1.03187,1.03212,1.03135,71.0,-0.004045767147640385,1.03109,1.03107,1.03144,1.02999,84.0,-0.005054917509343271,1.03005,1.02989,1.03053,1.0302
2013-05-02,0.001954778409381947,1.02537,1.02565,,,,,,,,,,,,,,,,,,
2013-05-03,0.0022375390013966907,1.02535,1.03147,80.0,0.0036894842994760766,1.02914,1.02914,1.02909,1.02927,99.0,0.0045053668576527485,1.02998,1.0309,1.03084,1.03124,105.0,0.006018813535606574,1.03154,1.03166,1.03075,1.03055
2013-05-06,0.0021774988686999266,1.02442,1.0246,,,,,,,,,,,,,,,,,,
2013-05-07,0.00213431135381482,1.01604,1.01616,,,,,,,,,,,,,,,,,,
2013-05-08,0.0021171836044558915,1.02024,1.01833,,,,,,,,,,,,,,,,,,
2013-05-09,0.0021623072559770287,1.02237,1.01934,90.0,-0.003399847489520011,1.0189,1.01924,1.01832,1.01835,144.0,-0.004342484192535377,1.01794,1.01777,1.01811,1.01889,,,,,,
2013-05-10,0.0022270057244084414,1.00124,0.99905,139.0,-0.0035819739134283894,0.99766,0.99708,0.99714,0.99719,151.0,-0.004524622826479969,0.99672,0.99657,0.9967,0.99833,,,,,,
2013-05-13,0.0028171742586844692,0.99789,0.99635,,,,,,,,,,,,,,,,,,
2013-05-14,0.002736621964869409,0.99305,0.99016,,,,,,,,,,,,,,,,,,
2013-05-15,0.002647579383291433,0.98695,0.98856,34.0,0.004438183689944839,0.99134,0.99154,0.99054,0.98924,,,,,,,,,,,,
2013-05-16,0.0027417145884777805,0.9824,0.98451,,,,,,,,,,,,,,,,,,
2013-05-17,0.0026522994308620256,0.97432,0.97356,,,,,,,,,,,,,,,,,,
2013-05-20,0.002914426791251707,0.97854,0.97875,,,,,,,,,,,,,,,,,,
2013-05-21,0.002800991312586802,0.97816,0.98036,,,,,,,,,,,,,,,,,,
2013-05-22,0.002728545299503168,0.97632,0.96816,129.0,0.004761670469396323,0.98098,0.98232,0.98116,0.97732,130.0,0.006126719323952399,0.98232,0.98169,0.98103,0.97625,161.0,-0.007061501151290627,0.96945,0.97036,0.97185,0.96907
2013-05-23,0.0026469906850458158,0.96852,0.97596,84.0,0.003998109317687072,0.9724,0.97235,0.97204,0.97206,,,,,,,,,,,,
2013-05-24,0.0030792589098565543,0.96947,0.96713,,,,,,,,,,,,,,,,,,
2013-05-27,0.0030093912058665826,0.96456,0.96264,,,,,,,,,,,,,,,,,,
2013-05-28,0.002840552852751109,0.96824,0.96403,151.0,-0.00454430958674795,0.96385,0.96403,0.9634,0.96306,179.0,-0.00606021651380469,0.96239,0.96242,,,,,,,,
2013-05-29,0.0027585536831494744,0.96317,0.96288,,,,,,,,,,,,,,,,,,
2013-05-30,0.0027261549365616227,0.95966,0.96578,83.0,0.004252869814150136,0.96375,0.96294,0.96355,0.96263,128.0,0.005756278687487495,0.9652,0.96506,0.96637,0.96743,133.0,0.006967728588958343,0.96637,0.96678,0.96752,0.96682
2013-05-31,0.0028149697461193265,0.9589,0.96003,,,,,,,,,,,,,,,,,,
2013-06-03,0.002723665809742996,0.96617,0.97716,138.0,0.004450992296561417,0.97048,0.97074,0.96997,0.96933,169.0,0.00584108987871038,0.97183,0.97205,0.97232,,,,,,,
2013-06-04,0.0027372104897855384,0.96706,0.96408,,,,,,,,,,,,,,,,,,
2013-06-05,0.0028927193514890637,0.95718,0.9533,147.0,-0.0047333896443734645,0.95266,0.95255,0.95283,0.95266,166.0,-0.005804649527318087,0.95164,0.95182,0.95132,,,,,,,
2013-06-06,0.0029202189579787263,0.94942,0.95986,,,,,,,,,,,,,,,,,,
2013-06-07,0.003515056690184552,0.95135,0.9488,50.0,-0.0054809096363502945,0.94615,0.94456,0.94512,0.94688,51.0,-0.007162817887555458,0.94456,0.94381,0.94473,0.94685,,,,,,
2013-06-10,0.003508995237925392,0.94461,0.94646,,,,,,,,,,,,,,,,,,
2013-06-11,0.0034228716377251722,0.93516,0.94199,162.0,0.006161737953663261,0.94094,0.94071,0.93954,0.93994,,,,,,,,,,,,
2013-06-12,0.003329119793303203,0.95346,0.95104,154.0,-0.005057552142457306,0.94865,0.94868,0.94808,0.9481,,,,,,,,,,,,
2013-06-13,0.003234298643787054,0.9575,0.96009,,,,,,,,,,,,,,,,,,
2013-06-14,0.00312568195321172,0.96184,0.95863,,,,,,,,,,,,,,,,,,
2013-06-17,0.0034207677692543203,0.96109,0.95401,,,,,,,,,,,,,,,,,,
2013-06-18,0.003250500729016975,0.94559,0.94926,,,,,,,,,,,,,,,,,,
2013-06-19,0.0032868165539261117,0.94955,0.95323,,,,,,,,,,,,,,,,,,
2013-06-20,0.0032075856472988436,0.92171,0.91849,121.0,-0.004937798251613386,0.91717,0.91677,0.91801,0.91746,,,,,,,,,,,,
2013-06-21,0.003884939569029105,0.92278,0.91898,,,,,,,,,,,,,,,,,,
2013-06-24,0.0037744580016928105,0.91982,0.9244,59.0,0.007020157533192455,0.9263,0.92612,0.92619,0.92448,179.0,0.007570583587637256,0.92681,0.92633,,,,,,,,
2013-06-25,0.0035672558495677756,0.92759,0.9247,137.0,-0.005545810273439447,0.92246,0.92194,0.92274,0.92316,,,,,,,,,,,,
2013-06-26,0.003512453866493584,0.92714,0.92928,36.0,0.005571524420788731,0.93232,0.93112,0.93123,0.9306,119.0,0.00767160019530063,0.93428,0.93391,0.93329,0.93308,,,,,,
2013-06-27,0.003405503302644316,0.93144,0.92786,,,,,,,,,,,,,,,,,,
2013-06-28,0.003455062739606515,0.92246,0.91621,111.0,-0.005467731800747393,0.91743,0.91778,0.91663,0.91493,118.0,-0.006983982698010826,0.91604,0.91597,0.9164,0.91503,127.0,-0.009322858262831035,0.9139,0.9137,0.91446,0.91577
2013-07-01,0.003442711849505877,0.91824,0.92416,,,,,,,,,,,,,,,,,,
2013-07-02,0.003532883379360748,0.91629,0.91554,,,,,,,,,,,,,,,,,,
2013-07-03,0.0034815737430530596,0.90791,0.90849,,,,,,,,,,,,,,,,,,
2013-07-04,0.0035627976082638507,0.91212,0.91594,165.0,0.005521281840396693,0.91717,0.91741,0.91685,0.91712,,,,,,,,,,,,
2013-07-05,0.0034823088877290803,0.91694,0.90728,30.0,-0.0073776837807845224,0.9102,0.91084,0.91165,0.91077,30.0,-0.0073776837807845224,0.9102,0.91084,0.91165,0.91077,62.0,-0.008950002504680176,0.90877,0.90897,0.90901,0.90941
2013-07-08,0.003446352970623879,0.90791,0.91119,150.0,0.005393454166609727,0.91282,0.91308,0.91267,0.9133,,,,,,,,,,,,
2013-07-09,0.0033372846666236463,0.91696,0.91587,,,,,,,,,,,,,,,,,,
2013-07-10,0.003327790346400665,0.92042,0.9139,112.0,-0.0050211680297732025,0.91581,0.91553,0.91653,0.91653,,,,,,,,,,,,
2013-07-11,0.0032327032178741605,0.92058,0.91442,123.0,-0.004987541511038939,0.916,0.91579,0.91511,0.91579,158.0,-0.006517094961214535,0.9146,0.91462,0.91569,0.91485,,,,,,
2013-07-12,0.0035423644383077153,0.9028,0.90474,,,,,,,,,,,,,,,,,,
2013-07-15,0.003672880487437109,0.90497,0.9087,130.0,0.005927346970764362,0.91035,0.91054,0.90923,0.90769,,,,,,,,,,,,
2013-07-16,0.0037312751565679045,0.92208,0.92238,,,,,,,,,,,,,,,,,,
2013-07-17,0.0037009984449293525,0.92087,0.92046,44.0,0.005846893450160468,0.92627,0.92679,0.92596,0.92533,66.0,0.007561983966740529,0.92786,0.92757,0.92778,0.92742,,,,,,
2013-07-18,0.003698587450960772,0.91669,0.91473,,,,,,,,,,,,,,,,,,
2013-07-19,0.0036278195511234403,0.92125,0.9199,,,,,,,,,,,,,,,,,,
2013-07-22,0.0035134281969323704,0.92218,0.92539,,,,,,,,,,,,,,,,,,
2013-07-23,0.003357125093386086,0.92362,0.92572,,,,,,,,,,,,,,,,,,
2013-07-24,0.003311313219233812,0.92261,0.9184,,,,,,,,,,,,,,,,,,
2013-07-25,0.0032012563170894137,0.91832,0.91876,,,,,,,,,,,,,,,,,,
2013-07-26,0.0033905042309331666,0.92614,0.924,,,,,,,,,,,,,,,,,,
2013-07-29,0.0036331220281860246,0.92427,0.92067,,,,,,,,,,,,,,,,,,
2013-07-30,0.0034158023545228667,0.90841,0.90616,,,,,,,,,,,,,,,,,,
2013-07-31,0.003585189428121831,0.90203,0.89548,20.0,-0.005681107027714631,0.89692,0.89744,0.89768,0.89551,30.0,-0.00748892129293428,0.8953,0.89479,0.89551,0.89656,,,,,,
2013-08-01,0.003793202259766508,0.8982,0.89177,64.0,-0.007005106489301424,0.89193,0.89274,0.89265,0.89451,153.0,-0.007823891480618093,0.8912,0.89147,0.89192,0.89156,,,,,,
2013-08-02,0.0037724444138378774,0.89054,0.89016,30.0,0.0060565875404533336,0.89595,0.89604,0.89438,0.89546,,,,,,,,,,,,
2013-08-05,0.003730563413633807,0.88907,0.89145,,,,,,,,,,,,,,,,,,
2013-08-06,0.0035374507667472292,0.8964,0.89689,,,,,,,,,,,,,,,,,,
2013-08-07,0.0035143870406047027,0.8937,0.90111,179.0,0.005623634021336299,0.89874,0.89863,,,,,,,,,,,,,,
2013-08-08,0.003438568366776839,0.90754,0.91082,177.0,0.005176433013933287,0.91225,0.9123,,,,,,,,,,,,,,
2013-08-09,0.0034072108065589376,0.91648,0.9185,,,,,,,,,,,,,,,,,,
2013-08-12,0.0035153204218532704,0.91599,0.91781,,,,,,,,,,,,,,,,,,
2013-08-13,0.0034587496614449397,0.91292,0.90904,156.0,-0.005602132471572587,0.90782,0.90806,0.90838,0.90831,,,,,,,,,,,,
2013-08-14,0.003494824345535638,0.91167,0.91394,,,,,,,,,,,,,,,,,,
2013-08-15,0.0034054290296342553,0.9155,0.91027,32.0,-0.005289771776585027,0.91067,0.9107,0.90966,0.91017,107.0,-0.007092267181353497,0.90903,0.90926,0.90852,0.90924,127.0,-0.008798836785905546,0.90748,0.90692,0.90658,0.90736
2013-08-16,0.0034537614437210517,0.91802,0.91924,,,,,,,,,,,,,,,,,,
2013-08-19,0.00335311663632138,0.91455,0.91303,,,,,,,,,,,,,,,,,,
2013-08-20,0.0031860995888475284,0.9072,0.90916,,,,,,,,,,,,,,,,,,
2013-08-21,0.0034565792404149497,0.9033,0.90176,,,,,,,,,,,,,,,,,,
2013-08-22,0.0034219963086080138,0.89931,0.90273,115.0,0.005201557773717642,0.904,0.90397,0.90317,0.9034,,,,,,,,,,,,
2013-08-23,0.00336900445937396,0.89884,0.90353,145.0,0.005525182418164703,0.90382,0.9034,0.9031,0.90364,,,,,,,,,,,,
2013-08-26,0.0033413458535005883,0.90063,0.90373,50.0,0.006893564746052821,0.90686,0.90646,0.90654,0.90609,50.0,0.006893564746052821,0.90686,0.90646,0.90654,0.90609,,,,,,
2013-08-27,0.003141402694489191,0.89577,0.89637,,,,,,,,,,,,,,,,,,
2013-08-28,0.003100893460187439,0.89153,0.89477,,,,,,,,,,,,,,,,,,
2013-08-29,0.003020112327975178,0.89314,0.89222,,,,,,,,,,,,,,,,,,
2013-08-30,0.0029307573257709297,0.89314,0.88978,,,,,,,,,,,,,,,,,,
2013-09-02,0.0028549910200522384,0.89927,0.89738,,,,,,,,,,,,,,,,,,
2013-09-03,0.0028457288405880038,0.90253,0.9051,133.0,0.004764098168832586,0.90684,0.9063,0.9061,0.90621,,,,,,,,,,,,
2013-09-04,0.002761840655658369,0.91675,0.91842,,,,,,,,,,,,,,,,,,
2013-09-05,0.003031050479644354,0.91302,0.91319,,,,,,,,,,,,,,,,,,
2013-09-06,0.0030377426068754786,0.91612,0.92028,32.0,0.0050520555169543645,0.92076,0.92138,0.92077,0.91941,,,,,,,,,,,,
2013-09-09,0.002954755355795794,0.92039,0.92317,,,,,,,,,,,,,,,,,,
2013-09-10,0.002824857027115436,0.92857,0.92893,,,,,,,,,,,,,,,,,,
2013-09-11,0.002866259131936067,0.92842,0.93081,,,,,,,,,,,,,,,,,,
2013-09-12,0.0028076170074244193,0.92476,0.92673,,,,,,,,,,,,,,,,,,
2013-09-13,0.0027406046026790527,0.92382,0.92416,,,,,,,,,,,,,,,,,,
2013-09-16,0.0026691981336532085,0.93753,0.93298,,,,,,,,,,,,,,,,,,
2013-09-17,0.0027376115511497743,0.93478,0.9361,,,,,,,,,,,,,,,,,,
2013-09-18,0.0026791203467974247,0.93478,0.93433,,,,,,,,,,,,,,,,,,
2013-09-19,0.0026320868009231373,0.94955,0.94434,,,,,,,,,,,,,,,,,,
2013-09-20,0.0032056331256004942,0.9419,0.93999,,,,,,,,,,,,,,,,,,
2013-09-23,0.0031608568474229192,0.94237,0.94486,,,,,,,,,,,,,,,,,,
2013-09-24,0.003058885231105063,0.9395,0.94032,,,,,,,,,,,,,,,,,,
2013-09-25,0.002963442112206908,0.93593,0.93838,,,,,,,,,,,,,,,,,,
2013-09-26,0.0028834294012278507,0.93784,0.93526,,,,,,,,,,,,,,,,,,
2013-09-27,0.0028109581283154252,0.93144,0.93223,,,,,,,,,,,,,,,,,,
2013-09-30,0.0027251796428073615,0.9313,0.93386,162.0,0.004146871415970529,0.93517,0.93522,0.93527,0.9348,,,,,,,,,,,,
2013-10-01,0.0025821119095345785,0.9423,0.93863,55.0,-0.003902329865846638,0.93863,0.9389,0.93932,0.9395,,,,,,,,,,,,
2013-10-02,0.0025262674826654116,0.93426,0.9366,,,,,,,,,,,,,,,,,,
2013-10-03,0.002494245362434207,0.93881,0.93784,,,,,,,,,,,,,,,,,,
2013-10-04,0.002421656867442154,0.94244,0.94426,,,,,,,,,,,,,,,,,,
2013-10-07,0.002421258310599781,0.94138,0.94344,,,,,,,,,,,,,,,,,,
2013-10-08,0.0022787045402054697,0.94791,0.94437,,,,,,,,,,,,,,,,,,
2013-10-09,0.002209093315016581,0.94555,0.94295,,,,,,,,,,,,,,,,,,
2013-10-10,0.0021423624407360714,0.94334,0.94649,,,,,,,,,,,,,,,,,,
2013-10-11,0.0021064059124537766,0.94793,0.94701,80.0,-0.003529688951949663,0.94459,0.94493,0.94524,0.94569,,,,,,,,,,,,
2013-10-14,0.0022527016381599456,0.94691,0.94746,,,,,,,,,,,,,,,,,,
2013-10-15,0.0021179180411654555,0.95225,0.95217,,,,,,,,,,,,,,,,,,
2013-10-16,0.0021859673904245096,0.95305,0.95276,,,,,,,,,,,,,,,,,,
2013-10-17,0.0021178025061836104,0.96212,0.96403,,,,,,,,,,,,,,,,,,
2013-10-18,0.002062568676120688,0.96543,0.96687,,,,,,,,,,,,,,,,,,
2013-10-21,0.0022358896748158304,0.96635,0.96593,,,,,,,,,,,,,,,,,,
2013-10-22,0.002193031839696543,0.96673,0.97018,37.0,0.004170328624706228,0.97077,0.9704,0.96945,0.96882,89.0,0.004386628355174716,0.97098,0.97082,0.97096,0.97087,124.0,0.005488001064974489,0.97205,0.97194,0.97183,0.97165
2013-10-23,0.0021357630929326825,0.9615,0.96315,,,,,,,,,,,,,,,,,,
2013-10-24,0.0023415505810527866,0.96174,0.95965,59.0,-0.0035728274250036223,0.95831,0.95793,0.9589,0.9589,123.0,-0.0047944726211828015,0.95714,0.95742,0.95795,0.9581,,,,,,
2013-10-25,0.002470902864624498,0.95848,0.9577,,,,,,,,,,,,,,,,,,
2013-10-28,0.002439676483753422,0.96051,0.95685,93.0,-0.004194059355965696,0.95649,0.95647,0.95609,0.95635,99.0,-0.005030800715749504,0.95569,0.95586,0.95599,0.95609,,,,,,
2013-10-29,0.0023281397386146103,0.94886,0.94956,,,,,,,,,,,,,,,,,,
2013-10-30,0.0024779646188844272,0.94946,0.94863,,,,,,,,,,,,,,,,,,
2013-10-31,0.002475667517992471,0.95078,0.94634,131.0,-0.003751321575147597,0.94722,0.94741,0.94738,0.9484,,,,,,,,,,,,
2013-11-01,0.0024254187407056,0.94709,0.94341,137.0,-0.004115776406008716,0.9432,0.94294,0.9435,0.94375,,,,,,,,,,,,
2013-11-04,0.002370506009340068,0.94953,0.95083,,,,,,,,,,,,,,,,,,
2013-11-05,0.0023047617384752512,0.95028,0.94821,,,,,,,,,,,,,,,,,,
2013-11-06,0.0022360989436853154,0.95254,0.95209,,,,,,,,,,,,,,,,,,
2013-11-07,0.0022518082422796817,0.94603,0.94632,,,,,,,,,,,,,,,,,,
2013-11-08,0.002230455409205842,0.93965,0.93862,50.0,-0.0035928884609061538,0.93628,0.9364,0.93689,0.93764,88.0,-0.004565292566060136,0.93537,0.93549,0.93585,0.93686,,,,,,
2013-11-11,0.0021626901705327126,0.93553,0.93447,,,,,,,,,,,,,,,,,,
2013-11-12,0.002212728107302929,0.93212,0.92923,177.0,-0.003471236848076139,0.92889,0.92866,,,,,,,,,,,,,,
2013-11-13,0.0022103702114774073,0.93065,0.93239,,,,,,,,,,,,,,,,,,
2013-11-14,0.002167700954417316,0.93069,0.93247,,,,,,,,,,,,,,,,,,
2013-11-15,0.0021584765840861,0.9348,0.93579,,,,,,,,,,,,,,,,,,
2013-11-18,0.002091437253397162,0.9404,0.93898,,,,,,,,,,,,,,,,,,
2013-11-19,0.002017377334682609,0.94149,0.94232,,,,,,,,,,,,,,,,,,
2013-11-20,0.001958122349065637,0.93773,0.93676,,,,,,,,,,,,,,,,,,
2013-11-21,0.0019104197265314097,0.92473,0.92355,,,,,,,,,,,,,,,,,,
2013-11-22,0.0022462351341808167,0.91625,0.91446,,,,,,,,,,,,,,,,,,
2013-11-25,0.00255937282416288,0.9154,0.91568,,,,,,,,,,,,,,,,,,
2013-11-26,0.002439998406118688,0.91047,0.91138,,,,,,,,,,,,,,,,,,
2013-11-27,0.0024371531273376943,0.90926,0.90708,,,,,,,,,,,,,,,,,,
2013-11-28,0.002509334348611468,0.9103,0.91028,,,,,,,,,,,,,,,,,,
2013-11-29,0.002434245063274427,0.91052,0.91013,,,,,,,,,,,,,,,,,,
2013-12-02,0.0024214660510254067,0.91169,0.91022,,,,,,,,,,,,,,,,,,
2013-12-03,0.002347566898235366,0.9124,0.91192,,,,,,,,,,,,,,,,,,
2013-12-04,0.002473254503139875,0.90226,0.90214,,,,,,,,,,,,,,,,,,
2013-12-05,0.002395917595877572,0.9013,0.9063,139.0,0.003842602191183934,0.90477,0.90467,0.90574,0.90709,144.0,0.00491412357776512,0.90574,0.90552,0.90509,0.90657,154.0,0.006403507854895104,0.90709,0.90662,0.90657,0.9067
2013-12-06,0.002346648182516761,0.90614,0.9099,4.0,0.003844103931315717,0.90963,0.91002,0.90836,0.90867,94.0,0.0048330280625433954,0.91053,0.91031,0.91013,0.91051,111.0,0.005974568167846616,0.91157,0.91162,0.9108,0.91034
2013-12-09,0.0022849384135243244,0.9082,0.90912,,,,,,,,,,,,,,,,,,
2013-12-10,0.00221360785566505,0.91393,0.9158,,,,,,,,,,,,,,,,,,
2013-12-11,0.0021443281211069123,0.90999,0.90644,72.0,-0.003699181811830674,0.90663,0.90648,0.90628,0.9048,74.0,-0.0043832669298669875,0.90601,0.90618,0.90574,0.90502,82.0,-0.0056091700824394955,0.9049,0.90523,0.9048,0.90539
2013-12-12,0.002109699246061271,0.8969,0.89297,26.0,-0.0031826711027454894,0.89405,0.89374,0.89397,0.89424,64.0,-0.004536979633145976,0.89284,0.89256,0.89257,0.8918,75.0,-0.005310093246519669,0.89215,0.89228,0.89223,0.89255
2013-12-13,0.0024319300273521797,0.89414,0.89553,,,,,,,,,,,,,,,,,,
2013-12-16,0.002598299535353129,0.89416,0.89538,,,,,,,,,,,,,,,,,,
2013-12-17,0.0024710977161164025,0.8914,0.88977,,,,,,,,,,,,,,,,,,
2013-12-18,0.002397052150575879,0.89041,0.88817,113.0,-0.0037017701607658486,0.88712,0.88765,0.88816,0.88877,,,,,,,,,,,,
2013-12-19,0.0023644032386797025,0.88384,0.8862,,,,,,,,,,,,,,,,,,
2013-12-20,0.002433261105122859,0.88753,0.89211,70.0,0.0037449647061332473,0.89086,0.89082,0.89037,0.89083,94.0,0.004866845994147914,0.89186,0.89193,0.89225,0.89222,131.0,0.006177851341902415,0.89303,0.89288,0.89276,0.89283
2013-12-23,0.002402736684677284,0.89378,0.89365,,,,,,,,,,,,,,,,,,
2013-12-24,0.00235660988859214,0.89189,0.89244,,,,,,,,,,,,,,,,,,
2013-12-26,0.002298688814298104,0.88822,0.88861,,,,,,,,,,,,,,,,,,
2013-12-27,0.002228337098124304,0.89111,0.88827,166.0,-0.003372267446461224,0.88811,0.88808,0.88824,,,,,,,,,,,,,
2013-12-30,0.00217485715757905,0.88852,0.89179,124.0,0.003841708554233757,0.89194,0.89156,0.89179,0.89202,142.0,0.004704622904700122,0.89271,0.8926,0.89215,0.89217,,,,,,
2013-12-31,0.0020849686687526995,0.89376,0.8927,,,,,,,,,,,,,,,,,,
2014-01-02,0.0022753046546991314,0.88715,0.89141,40.0,0.003769025360127889,0.8905,0.89055,0.89127,0.89107,43.0,0.0048016195077282,0.89142,0.89112,0.891,0.89126,65.0,0.0060908645811754815,0.89257,0.89274,0.89224,0.89231
2014-01-03,0.00228640553315665,0.89979,0.89807,,,,,,,,,,,,,,,,,,
2014-01-06,0.00234193837296916,0.8948,0.89656,,,,,,,,,,,,,,,,,,
2014-01-07,0.0022732288886560042,0.89165,0.89223,,,,,,,,,,,,,,,,,,
2014-01-08,0.0022463736017353246,0.89312,0.89039,,,,,,,,,,,,,,,,,,
2014-01-09,0.002208810516819138,0.88923,0.88916,,,,,,,,,,,,,,,,,,
2014-01-10,0.002218036363597566,0.89167,0.89901,40.0,0.003370003469302665,0.89468,0.89459,0.89515,0.89775,49.0,0.005268321237006096,0.89638,0.89639,0.89711,0.89883,51.0,0.006494727018809878,0.89748,0.89733,0.89763,0.8997
2014-01-13,0.0022001926496385397,0.90671,0.90562,,,,,,,,,,,,,,,,,,
2014-01-14,0.002343621688225278,0.89945,0.89699,,,,,,,,,,,,,,,,,,
2014-01-15,0.0022951045922806274,0.89148,0.89118,,,,,,,,,,,,,,,,,,
2014-01-16,0.0025446574690879574,0.88073,0.88075,,,,,,,,,,,,,,,,,,
2014-01-17,0.002672184601408749,0.87937,0.87698,,,,,,,,,,,,,,,,,,
2014-01-20,0.0026159372143118157,0.88077,0.87982,,,,,,,,,,,,,,,,,,
2014-01-21,0.0025327840419468524,0.87996,0.88012,,,,,,,,,,,,,,,,,,
2014-01-22,0.0025155102364603377,0.88674,0.88444,,,,,,,,,,,,,,,,,,
2014-01-23,0.002515372436593883,0.87994,0.87438,170.0,-0.0038485672324467075,0.87656,0.87645,0.87704,,,,,,,,,,,,,
2014-01-24,0.002553293324890756,0.87112,0.87152,,,,,,,,,,,,,,,,,,
2014-01-27,0.002628975813114386,0.87366,0.87297,,,,,,,,,,,,,,,,,,
2014-01-28,0.0025711099063096695,0.87937,0.8778,,,,,,,,,,,,,,,,,,
2014-01-29,0.002612421921264177,0.87422,0.87581,,,,,,,,,,,,,,,,,,
2014-01-30,0.0025647390846424436,0.87973,0.87754,118.0,-0.003940779587405078,0.87627,0.8759,0.87616,0.87607,,,,,,,,,,,,
2014-01-31,0.0026384743490577255,0.87019,0.87469,138.0,0.004151382108846087,0.87381,0.87351,0.87379,0.87386,,,,,,,,,,,,
2014-02-03,0.002618721475967966,0.88043,0.87759,,,,,,,,,,,,,,,,,,
2014-02-04,0.002507091642923303,0.88984,0.89364,178.0,0.0037688486822290896,0.8932,0.8933,,,,,,,,,,,,,,
2014-02-05,0.0027705346786303844,0.89142,0.8911,,,,,,,,,,,,,,,,,,
2014-02-06,0.0027103660494342562,0.89642,0.89748,,,,,,,,,,,,,,,,,,
2014-02-07,0.002749788926651413,0.8977,0.89588,,,,,,,,,,,,,,,,,,
2014-02-10,0.0026994478043273875,0.89331,0.89453,,,,,,,,,,,,,,,,,,
2014-02-11,0.0026024472878068633,0.90064,0.90407,147.0,0.004000249116490943,0.90425,0.90448,0.90445,0.90401,,,,,,,,,,,,
2014-02-12,0.0026629490398427822,0.9036,0.90224,,,,,,,,,,,,,,,,,,
2014-02-13,0.002633420473936324,0.89663,0.89881,,,,,,,,,,,,,,,,,,
2014-02-14,0.0028063685682269625,0.90198,0.90263,,,,,,,,,,,,,,,,,,
2014-02-17,0.002811162328531551,0.90351,0.90261,,,,,,,,,,,,,,,,,,
2014-02-18,0.0027203634321506143,0.90315,0.90374,,,,,,,,,,,,,,,,,,
2014-02-19,0.0026615658693555154,0.90272,0.90235,,,,,,,,,,,,,,,,,,
2014-02-20,0.0026256851376060095,0.89724,0.89815,,,,,,,,,,,,,,,,,,
2014-02-21,0.0026459501110545403,0.8962,0.8968,,,,,,,,,,,,,,,,,,
2014-02-24,0.0026203209205475126,0.89863,0.90434,121.0,0.004408106048147392,0.9026,0.90243,0.90313,0.90349,129.0,0.00527190304313016,0.90338,0.90361,0.90323,0.90354,,,,,,
2014-02-25,0.0025210617059511055,0.90324,0.90279,,,,,,,,,,,,,,,,,,
2014-02-26,0.0025582089387871,0.89755,0.8958,,,,,,,,,,,,,,,,,,
2014-02-27,0.002512241353482702,0.89381,0.89622,,,,,,,,,,,,,,,,,,
2014-02-28,0.002554828917613702,0.89538,0.89251,,,,,,,,,,,,,,,,,,
2014-03-03,0.0025044703131068997,0.89233,0.89298,,,,,,,,,,,,,,,,,,
2014-03-04,0.002416513187208367,0.8947,0.89394,,,,,,,,,,,,,,,,,,
2014-03-05,0.0023779232260638917,0.89684,0.89835,,,,,,,,,,,,,,,,,,
2014-03-06,0.0023520382342277885,0.90558,0.90966,134.0,0.0035604290280833793,0.90881,0.9086,0.90873,0.90854,178.0,0.0048360095351121304,0.90997,0.90979,,,,,,,,
2014-03-07,0.002370303865696364,0.91043,0.90686,174.0,-0.0037414897343658418,0.90703,0.90713,0.90699,,,,,,,,,,,,,
2014-03-10,0.002449576824378096,0.90376,0.90193,,,,,,,,,,,,,,,,,,
2014-03-11,0.0023745141469198104,0.90174,0.9021,,,,,,,,,,,,,,,,,,
2014-03-12,0.0023291671864956115,0.89417,0.89717,,,,,,,,,,,,,,,,,,
2014-03-13,0.0023737578155807824,0.90581,0.90553,102.0,0.00397746264577481,0.90942,0.90934,0.90903,0.90933,150.0,0.004878729976491569,0.91024,0.91006,0.90984,0.90967,,,,,,
2014-03-14,0.0025336125087785373,0.9033,0.90375,,,,,,,,,,,,,,,,,,
2014-03-17,0.0025051882899770673,0.9084,0.9091,,,,,,,,,,,,,,,,,,
2014-03-18,0.0024051297676521643,0.91002,0.91324,150.0,0.003674478602218617,0.91337,0.91324,0.9131,0.91289,,,,,,,,,,,,
2014-03-19,0.0024180051724202963,0.91198,0.91021,,,,,,,,,,,,,,,,,,
2014-03-20,0.0023927245436758736,0.90164,0.90401,,,,,,,,,,,,,,,,,,
2014-03-21,0.002529052009389883,0.90804,0.90862,,,,,,,,,,,,,,,,,,
2014-03-24,0.0025113104501262085,0.91137,0.91228,,,,,,,,,,,,,,,,,,
2014-03-25,0.002423806193538225,0.91501,0.91427,,,,,,,,,,,,,,,,,,
2014-03-26,0.002487230518049716,0.92362,0.92231,,,,,,,,,,,,,,,,,,
2014-03-27,0.0024392844453650607,0.92328,0.92576,,,,,,,,,,,,,,,,,,
2014-03-28,0.002516277921643945,0.92522,0.92388,,,,,,,,,,,,,,,,,,
2014-03-31,0.0025146177909216227,0.92297,0.9272,164.0,0.0038281077092473443,0.92651,0.92637,0.92717,0.92666,,,,,,,,,,,,
2014-04-01,0.0024459817489832078,0.92347,0.92514,,,,,,,,,,,,,,,,,,
2014-04-02,0.0024450233869055503,0.92549,0.9234,,,,,,,,,,,,,,,,,,
2014-04-03,0.002432657337745143,0.92322,0.92159,,,,,,,,,,,,,,,,,,
2014-04-04,0.0023893975226924116,0.92495,0.929,50.0,0.0037122211255717725,0.92839,0.92854,0.9284,0.92842,131.0,0.005229827259086153,0.9298,0.92972,0.92945,0.92955,,,,,,
2014-04-07,0.0023511917432944797,0.92618,0.92623,,,,,,,,,,,,,,,,,,
2014-04-08,0.002324234973068888,0.93301,0.93555,,,,,,,,,,,,,,,,,,
2014-04-09,0.0022787155845102793,0.93676,0.93662,,,,,,,,,,,,,,,,,,
2014-04-10,0.0024366412205717404,0.94128,0.94217,,,,,,,,,,,,,,,,,,
2014-04-11,0.0024122816544594828,0.93926,0.93993,,,,,,,,,,,,,,,,,,
2014-04-14,0.00238367876912205,0.94051,0.94081,,,,,,,,,,,,,,,,,,
2014-04-15,0.002300595844932467,0.93889,0.93403,84.0,-0.0034568515224550275,0.93565,0.93582,0.93565,0.93584,,,,,,,,,,,,
2014-04-16,0.002260278571043255,0.93625,0.93785,,,,,,,,,,,,,,,,,,
2014-04-17,0.0022532891575865683,0.93423,0.93375,,,,,,,,,,,,,,,,,,
2014-04-18,0.002232976135980899,0.93322,0.93314,,,,,,,,,,,,,,,,,,
2014-04-21,0.002241891503280862,0.93211,0.93346,,,,,,,,,,,,,,,,,,
2014-04-22,0.0021664148956736496,0.93606,0.93625,,,,,,,,,,,,,,,,,,
2014-04-23,0.0021492957889780854,0.9286,0.92836,,,,,,,,,,,,,,,,,,
2014-04-24,0.002148669457012956,0.92652,0.92564,,,,,,,,,,,,,,,,,,
2014-04-25,0.002123948249212666,0.92919,0.92708,,,,,,,,,,,,,,,,,,
2014-04-28,0.002093517221571072,0.9284,0.92473,142.0,-0.0031501525608006197,0.92548,0.92558,0.92557,0.92548,,,,,,,,,,,,
2014-04-29,0.0020328311967562815,0.9263,0.9264,,,,,,,,,,,,,,,,,,
2014-04-30,0.0020378329942880038,0.92652,0.92797,,,,,,,,,,,,,,,,,,
2014-05-01,0.0020439715542273887,0.92679,0.92728,,,,,,,,,,,,,,,,,,
2014-05-02,0.0020161193423026166,0.92551,0.92559,30.0,-0.005699564666334761,0.92025,0.92114,0.92178,0.9207,30.0,-0.005699564666334761,0.92025,0.92114,0.92178,0.9207,30.0,-0.005699564666334761,0.92025,0.92114,0.92178,0.9207
2014-05-05,0.001989751278142744,0.92614,0.9274,,,,,,,,,,,,,,,,,,
2014-05-06,0.001940766704996915,0.93363,0.93573,139.0,0.003026594613412035,0.93646,0.93644,0.93591,0.9356,,,,,,,,,,,,
2014-05-07,0.001931295488635453,0.93394,0.9335,,,,,,,,,,,,,,,,,,
2014-05-08,0.001991089460041965,0.93829,0.93823,,,,,,,,,,,,,,,,,,
2014-05-09,0.0019789218652684452,0.93662,0.93557,,,,,,,,,,,,,,,,,,
2014-05-12,0.0019535904596418114,0.93761,0.93617,,,,,,,,,,,,,,,,,,
2014-05-13,0.001904291302111215,0.93581,0.93675,,,,,,,,,,,,,,,,,,
2014-05-14,0.0018809964344906674,0.93948,0.93767,,,,,,,,,,,,,,,,,,
2014-05-15,0.0018797156881935958,0.93658,0.93436,61.0,-0.0028227463517493745,0.93394,0.93419,0.93449,0.935,138.0,-0.00396908702613364,0.93287,0.93306,0.93362,0.93379,,,,,,
2014-05-16,0.0018614901978738242,0.93589,0.93645,,,,,,,,,,,,,,,,,,
2014-05-19,0.0018399504776825493,0.93626,0.93403,,,,,,,,,,,,,,,,,,
2014-05-20,0.0017993907678223093,0.92575,0.92559,,,,,,,,,,,,,,,,,,
2014-05-21,0.0018461006974738162,0.92278,0.92137,,,,,,,,,,,,,,,,,,
2014-05-22,0.001949596243980348,0.92335,0.92209,,,,,,,,,,,,,,,,,,
2014-05-23,0.001945779304363883,0.92204,0.92339,,,,,,,,,,,,,,,,,,
2014-05-26,0.0019276473767366094,0.92381,0.92459,,,,,,,,,,,,,,,,,,
2014-05-27,0.0018855778671818253,0.92562,0.92391,,,,,,,,,,,,,,,,,,
2014-05-28,0.00187401675634875,0.92229,0.92238,,,,,,,,,,,,,,,,,,
2014-05-29,0.0018526066338094259,0.9291,0.92866,,,,,,,,,,,,,,,,,,
2014-05-30,0.0018344314399469828,0.93015,0.92953,,,,,,,,,,,,,,,,,,
2014-06-03,0.0018663749161328014,0.92588,0.92521,,,,,,,,,,,,,,,,,,
2014-06-04,0.0019313724441663998,0.92701,0.92674,,,,,,,,,,,,,,,,,,
2014-06-05,0.0019176228497335816,0.92898,0.93207,51.0,0.0029558630869483357,0.93173,0.93164,0.93189,0.93145,,,,,,,,,,,,
2014-06-06,0.001897421031600341,0.93394,0.93269,,,,,,,,,,,,,,,,,,
2014-06-09,0.0019494988425446187,0.9358,0.93454,,,,,,,,,,,,,,,,,,
2014-06-10,0.0019103370434705791,0.9371,0.93631,,,,,,,,,,,,,,,,,,
2014-06-11,0.0018861762766603585,0.93954,0.93896,,,,,,,,,,,,,,,,,,
2014-06-12,0.0018768198486016996,0.94039,0.94275,,,,,,,,,,,,,,,,,,
2014-06-13,0.0018547194722915597,0.93887,0.93939,,,,,,,,,,,,,,,,,,
2014-06-16,0.0018791717641189257,0.93832,0.93985,,,,,,,,,,,,,,,,,,
2014-06-17,0.0018371044342094403,0.93644,0.93389,44.0,-0.002951684388019163,0.93368,0.93366,0.93349,0.9338,82.0,-0.0037124055025713944,0.93297,0.93296,0.93339,0.93369,,,,,,
2014-06-18,0.001840210216812365,0.93369,0.93379,,,,,,,,,,,,,,,,,,
2014-06-19,0.0018299818753482184,0.94079,0.94039,,,,,,,,,,,,,,,,,,
2014-06-20,0.0018984777143439785,0.93951,0.93853,,,,,,,,,,,,,,,,,,
2014-06-23,0.0018761156715344897,0.94374,0.94155,,,,,,,,,,,,,,,,,,
2014-06-24,0.0018982821026353861,0.94021,0.93787,144.0,-0.0029184972357991375,0.93747,0.93753,0.93764,0.93757,,,,,,,,,,,,
2014-06-25,0.0018762264677285555,0.93618,0.93968,47.0,0.0028586076297026897,0.93886,0.93895,0.93915,0.93902,,,,,,,,,,,,
2014-06-26,0.001947836216461181,0.94078,0.94029,,,,,,,,,,,,,,,,,,
2014-06-27,0.0019593200502095896,0.94146,0.94118,,,,,,,,,,,,,,,,,,
2014-06-30,0.0019448746234667716,0.9395,0.94243,166.0,0.003050159920803104,0.94237,0.94238,0.94206,,179.0,0.004471096705522684,0.94371,0.94349,,,,,,,,
2014-07-01,0.0018990885422163091,0.94539,0.94866,71.0,0.0031155469747149635,0.94834,0.94818,0.9479,0.94799,121.0,0.003832332433578253,0.94902,0.94904,0.9486,0.94839,,,,,,
2014-07-02,0.0018772713741209463,0.9455,0.94413,,,,,,,,,,,,,,,,,,
2014-07-03,0.0018890341851433626,0.93761,0.93564,30.0,-0.004703828388475983,0.93321,0.93425,0.93407,0.93452,30.0,-0.004703828388475983,0.93321,0.93425,0.93407,0.93452,96.0,-0.0047895576768681464,0.93313,0.93328,0.93351,0.93381
2014-07-04,0.002013227293429126,0.93522,0.93567,,,,,,,,,,,,,,,,,,
2014-07-07,0.0019915114290723237,0.93618,0.93702,,,,,,,,,,,,,,,,,,
2014-07-08,0.001939759416022771,0.93975,0.93982,,,,,,,,,,,,,,,,,,
2014-07-09,0.0019421333712088306,0.93957,0.93941,,,,,,,,,,,,,,,,,,
2014-07-10,0.0019192723040599366,0.93653,0.9385,,,,,,,,,,,,,,,,,,
2014-07-11,0.0018982695313415961,0.9401,0.93813,,,,,,,,,,,,,,,,,,
2014-07-14,0.0018844601239662421,0.9399,0.93904,,,,,,,,,,,,,,,,,,
2014-07-15,0.0018427000872430876,0.93715,0.93634,,,,,,,,,,,,,,,,,,
2014-07-16,0.0018212403329211841,0.93473,0.93597,,,,,,,,,,,,,,,,,,
2014-07-17,0.0018766596796023335,0.93718,0.93716,,,,,,,,,,,,,,,,,,
2014-07-18,0.0018656842957770969,0.93846,0.93844,,,,,,,,,,,,,,,,,,
2014-07-21,0.0018442080754671694,0.93803,0.93752,,,,,,,,,,,,,,,,,,
2014-07-22,0.0018294462488380406,0.9387,0.93864,49.0,0.0029677873489428086,0.94149,0.94169,0.94182,0.94179,,,,,,,,,,,,
2014-07-23,0.001810167455928642,0.9451,0.9448,,,,,,,,,,,,,,,,,,
2014-07-24,0.0018684907488680526,0.94383,0.94169,119.0,-0.0028329081699576377,0.94116,0.94191,0.94176,0.94236,,,,,,,,,,,,
2014-07-25,0.0018595380685610381,0.94068,0.94019,,,,,,,,,,,,,,,,,,
2014-07-28,0.001885096847496965,0.94098,0.94082,,,,,,,,,,,,,,,,,,
2014-07-29,0.0018437781232187585,0.93936,0.93759,,,,,,,,,,,,,,,,,,
2014-07-30,0.001822898899213005,0.9365,0.93132,76.0,-0.0027801557684710683,0.9339,0.93392,0.93359,0.93334,149.0,-0.004344715599821544,0.93244,0.93239,0.93232,0.93144,155.0,-0.004709416817031708,0.9321,0.9314,0.93159,0.93109
2014-07-31,0.0018097202455680716,0.92937,0.92967,,,,,,,,,,,,,,,,,,
2014-08-01,0.001848518341694244,0.92808,0.93032,30.0,0.00346352356046089,0.9313,0.93032,0.93059,0.93006,62.0,0.00374266423843803,0.93156,0.93157,0.93157,0.93057,163.0,0.0049013383300883055,0.93264,0.93293,0.93251,0.93241
2014-08-04,0.0018632777843291192,0.93147,0.9326,,,,,,,,,,,,,,,,,,
2014-08-05,0.001836321796869486,0.93194,0.92978,,,,,,,,,,,,,,,,,,
2014-08-06,0.001816094329155585,0.93068,0.93262,,,,,,,,,,,,,,,,,,
2014-08-07,0.001813059349453293,0.92753,0.92783,,,,,,,,,,,,,,,,,,
2014-08-08,0.0017970612503790616,0.92766,0.92748,,,,,,,,,,,,,,,,,,
2014-08-11,0.001790697120417245,0.92629,0.92621,,,,,,,,,,,,,,,,,,
2014-08-12,0.0017650514970620674,0.9264,0.92674,,,,,,,,,,,,,,,,,,
2014-08-13,0.0017588305017367778,0.92932,0.92998,,,,,,,,,,,,,,,,,,
2014-08-14,0.0017520163246301736,0.93136,0.93187,,,,,,,,,,,,,,,,,,
2014-08-15,0.0017471654084239856,0.93221,0.93037,,,,,,,,,,,,,,,,,,
2014-08-18,0.0017507016028603492,0.93182,0.93281,,,,,,,,,,,,,,,,,,
2014-08-19,0.0017196828041430214,0.93398,0.93102,173.0,-0.0026910413194915785,0.93147,0.93136,0.93103,,,,,,,,,,,,,
2014-08-20,0.0017130949494308493,0.92935,0.93049,,,,,,,,,,,,,,,,,,
2014-08-21,0.0017210959586931567,0.92817,0.93004,126.0,0.0026253794440424852,0.93061,0.93044,0.93005,0.92995,,,,,,,,,,,,
2014-08-22,0.0017830308787799365,0.93104,0.93107,,,,,,,,,,,,,,,,,,
2014-08-25,0.0018823245066190996,0.93097,0.92949,,,,,,,,,,,,,,,,,,
2014-08-26,0.0018385684597136158,0.93123,0.93183,,,,,,,,,,,,,,,,,,
2014-08-27,0.0018231226215190003,0.9343,0.93339,,,,,,,,,,,,,,,,,,
2014-08-28,0.0018098232604783686,0.93552,0.93503,,,,,,,,,,,,,,,,,,
2014-08-29,0.0018463015266088868,0.93369,0.9342,,,,,,,,,,,,,,,,,,
2014-09-01,0.0018257319657797937,0.93397,0.93402,,,,,,,,,,,,,,,,,,
2014-09-02,0.0017903606615676168,0.92811,0.92748,,,,,,,,,,,,,,,,,,
2014-09-03,0.0018041067042778409,0.93301,0.93388,,,,,,,,,,,,,,,,,,
2014-09-04,0.001802450800052429,0.93543,0.93594,34.0,0.002892874981919001,0.93814,0.93837,0.93858,0.93769,38.0,0.0036067991977560302,0.93881,0.93858,0.93802,0.93732,,,,,,
2014-09-05,0.0019107057584938766,0.93629,0.93758,30.0,0.0036779837094011616,0.93974,0.94004,0.93848,0.93766,31.0,0.003997169999868032,0.94004,0.93893,0.93841,0.93787,,,,,,
2014-09-08,0.0018866179806874338,0.93344,0.92975,149.0,-0.002832255251220014,0.9308,0.93053,0.93074,0.93114,,,,,,,,,,,,
2014-09-09,0.0018761716075685385,0.92771,0.92022,56.0,-0.0028497736230593826,0.92507,0.92482,0.92457,0.92347,63.0,-0.0045916987279831225,0.92346,0.92357,0.92227,0.92313,65.0,-0.005122452681832119,0.92297,0.92303,0.92305,0.92358
2014-09-10,0.0020806741541314973,0.91401,0.91526,,,,,,,,,,,,,,,,,,
2014-09-11,0.002270717389613402,0.91108,0.91134,,,,,,,,,,,,,,,,,,
2014-09-12,0.0022403932373317942,0.90551,0.90456,,,,,,,,,,,,,,,,,,
2014-09-15,0.0024536986847581155,0.90163,0.90249,,,,,,,,,,,,,,,,,,
2014-09-16,0.00239719109449254,0.90312,0.90953,,,,,,,,,,,,,,,,,,
2014-09-17,0.0023796869589285375,0.90639,0.90235,,,,,,,,,,,,,,,,,,
2014-09-18,0.0023427663509678065,0.89541,0.89822,155.0,0.0039012042879632267,0.89891,0.89918,0.89901,0.89834,,,,,,,,,,,,
2014-09-19,0.00247553764747919,0.8975,0.89354,168.0,-0.003985648030793669,0.89393,0.89374,0.89406,,,,,,,,,,,,,
2014-09-22,0.0024343669562931778,0.8869,0.88727,,,,,,,,,,,,,,,,,,
2014-09-23,0.002359896942741767,0.89092,0.88504,42.0,-0.0035419362487492455,0.88777,0.8878,0.88717,0.88823,94.0,-0.004826877814182081,0.88663,0.88658,0.88633,0.88675,120.0,-0.006090886469390342,0.88551,0.8855,0.88553,0.88513
2014-09-24,0.0023718601757205127,0.88713,0.8867,,,,,,,,,,,,,,,,,,
2014-09-25,0.002341412690257519,0.88141,0.87947,,,,,,,,,,,,,,,,,,
2014-09-26,0.0023076262563369427,0.87851,0.87615,,,,,,,,,,,,,,,,,,
2014-09-29,0.002328479943487518,0.87354,0.87389,,,,,,,,,,,,,,,,,,
2014-09-30,0.002350438198250508,0.87117,0.87345,145.0,0.003838028644551416,0.87452,0.87494,0.87515,0.87442,153.0,0.004866635430329541,0.87542,0.87511,0.87458,0.87439,,,,,,
2014-10-01,0.0023573169096298857,0.86975,0.87304,120.0,0.004267970361543871,0.87347,0.87342,0.87462,0.87339,123.0,0.005160561911433844,0.87425,0.87424,0.87437,0.8739,,,,,,
2014-10-02,0.002399552080563157,0.87743,0.8787,,,,,,,,,,,,,,,,,,
2014-10-03,0.0026798410205634243,0.87519,0.867,30.0,-0.005407709980603173,0.87047,0.87033,0.87241,0.8705,30.0,-0.005407709980603173,0.87047,0.87033,0.87241,0.8705,79.0,-0.006902272352112092,0.86917,0.86901,0.86904,0.86898
2014-10-06,0.0026362828707139634,0.87393,0.87424,,,,,,,,,,,,,,,,,,
2014-10-07,0.002762801944557957,0.87977,0.88087,,,,,,,,,,,,,,,,,,
2014-10-08,0.002746107650938898,0.87739,0.8749,,,,,,,,,,,,,,,,,,
2014-10-09,0.002737380150994094,0.88656,0.87804,79.0,-0.004114208846028452,0.88292,0.88254,0.88293,0.88335,,,,,,,,,,,,
2014-10-10,0.0027544157356216106,0.87137,0.87172,,,,,,,,,,,,,,,,,,
2014-10-13,0.0028245851781791916,0.8755,0.87598,,,,,,,,,,,,,,,,,,
2014-10-14,0.002834938332975489,0.87343,0.87246,,,,,,,,,,,,,,,,,,
2014-10-15,0.0028674518107713004,0.87223,0.87925,37.0,0.0044613311544847494,0.87613,0.87581,0.87594,0.87812,50.0,0.005978219657523824,0.87746,0.87775,0.8775,0.87734,77.0,0.00739039190386865,0.8787,0.87826,0.87803,0.88183
2014-10-16,0.002969789607792427,0.87016,0.87626,142.0,0.005249596559190598,0.87474,0.87467,0.87316,0.87582,154.0,0.006175157532314997,0.87555,0.87558,0.87549,0.87527,173.0,0.007579002929021108,0.87678,0.87752,0.87595,
2014-10-17,0.003049080652937197,0.87876,0.876,117.0,-0.004779485865388184,0.87457,0.8748,0.87507,0.87541,,,,,,,,,,,,
2014-10-20,0.002992109235357459,0.87645,0.87852,,,,,,,,,,,,,,,,,,
2014-10-21,0.002894638714240899,0.88106,0.87956,,,,,,,,,,,,,,,,,,
2014-10-22,0.0028353063680820237,0.87966,0.87923,,,,,,,,,,,,,,,,,,
2014-10-23,0.002772956981587978,0.87982,0.87735,129.0,-0.004374081469901423,0.87598,0.87581,0.87552,0.8759,,,,,,,,,,,,
2014-10-24,0.0027303233491066167,0.87844,0.88092,112.0,0.0042031665101305805,0.88214,0.88227,0.88203,0.88171,,,,,,,,,,,,
2014-10-27,0.00267549875604563,0.87969,0.88001,,,,,,,,,,,,,,,,,,
2014-10-28,0.0026289147023788413,0.88361,0.88464,34.0,0.004167355021208376,0.8873,0.88759,0.88643,0.88632,,,,,,,,,,,,
2014-10-29,0.002573164521004166,0.88858,0.88982,,,,,,,,,,,,,,,,,,
2014-10-30,0.0025673637084912596,0.87858,0.8823,150.0,0.004247834202670559,0.88232,0.88229,0.88224,0.88214,,,,,,,,,,,,
2014-10-31,0.0026555187164125477,0.88328,0.87896,49.0,-0.004265947018531294,0.87952,0.87887,0.87992,0.8786,62.0,-0.005540180375615356,0.8784,0.87869,0.87859,0.8788,88.0,-0.006667865153481911,0.87741,0.87778,0.87849,0.87848
2014-11-03,0.002646666075537415,0.87123,0.86936,,,,,,,,,,,,,,,,,,
2014-11-04,0.0026152008312739787,0.87328,0.87341,,,,,,,,,,,,,,,,,,
2014-11-05,0.002564379509142934,0.86148,0.85818,70.0,-0.004782276327811245,0.85737,0.85739,0.85792,0.85728,78.0,-0.005423978844887364,0.85682,0.85692,0.85698,0.85802,,,,,,
2014-11-06,0.002510983242120021,0.85849,0.85663,,,,,,,,,,,,,,,,,,
2014-11-07,0.002761797306258132,0.85996,0.86249,,,,,,,,,,,,,,,,,,
2014-11-10,0.002775768244830216,0.86615,0.8626,168.0,-0.004211360683748795,0.86251,0.86263,0.86256,,,,,,,,,,,,,
2014-11-11,0.002829559056495844,0.86469,0.86726,,,,,,,,,,,,,,,,,,
2014-11-12,0.0028128030366019966,0.87149,0.87216,,,,,,,,,,,,,,,,,,
2014-11-13,0.0028091338136796823,0.87392,0.87126,,,,,,,,,,,,,,,,,,
2014-11-14,0.0027623816528981582,0.86651,0.8743,68.0,0.004145990667814725,0.87011,0.86926,0.86922,0.87053,95.0,0.005868426387503229,0.87161,0.87211,0.87171,0.87173,102.0,0.007771136603459621,0.87327,0.87253,0.87289,0.87251
2014-11-17,0.00271438201600722,0.8725,0.87111,,,,,,,,,,,,,,,,,,
2014-11-18,0.0026949065898921043,0.87295,0.87287,,,,,,,,,,,,,,,,,,
2014-11-19,0.0027175701760765994,0.86502,0.86255,74.0,-0.004100787675475388,0.86148,0.86157,0.86197,0.86213,,,,,,,,,,,,
2014-11-20,0.0027186267024564754,0.86106,0.8618,,,,,,,,,,,,,,,,,,
2014-11-21,0.002754879468819775,0.86963,0.86778,,,,,,,,,,,,,,,,,,
2014-11-24,0.0027286445307780293,0.8629,0.86123,,,,,,,,,,,,,,,,,,
2014-11-25,0.002641903936627134,0.85234,0.85232,,,,,,,,,,,,,,,,,,
2014-11-26,0.0027589590151771573,0.85087,0.85386,,,,,,,,,,,,,,,,,,
2014-11-27,0.0027556261233309194,0.85653,0.8546,,,,,,,,,,,,,,,,,,
2014-11-28,0.002771651409833554,0.8508,0.85082,,,,,,,,,,,,,,,,,,
2014-12-01,0.002931157524583312,0.85065,0.85231,,,,,,,,,,,,,,,,,,
2014-12-02,0.0028502250481891563,0.84579,0.84429,,,,,,,,,,,,,,,,,,
2014-12-03,0.002834315130901356,0.84217,0.84162,,,,,,,,,,,,,,,,,,
2014-12-04,0.002944384953615889,0.83948,0.83904,,,,,,,,,,,,,,,,,,
2014-12-05,0.002877703182687204,0.83312,0.83207,,,,,,,,,,,,,,,,,,
2014-12-08,0.002823353271044426,0.83035,0.82912,,,,,,,,,,,,,,,,,,
2014-12-09,0.0027838734185705568,0.83031,0.83172,74.0,0.004374323488147683,0.83395,0.8346,0.83333,0.83392,93.0,0.006470571972356061,0.8357,0.83603,0.83608,0.83503,95.0,0.007487166468637823,0.83655,0.83591,0.83519,0.83492
2014-12-10,0.002747033537280879,0.83263,0.82977,,,,,,,,,,,,,,,,,,
2014-12-11,0.0028255051448166806,0.82661,0.82692,,,,,,,,,,,,,,,,,,
2014-12-12,0.002761315614217009,0.82577,0.82559,,,,,,,,,,,,,,,,,,
2014-12-15,0.0027480973759983628,0.8219,0.8212,,,,,,,,,,,,,,,,,,
2014-12-16,0.002648080685237369,0.82369,0.82182,,,,,,,,,,,,,,,,,,
2014-12-17,0.002593993050953502,0.81983,0.81807,119.0,-0.0038986404156571976,0.81664,0.8167,0.81652,0.81674,,,,,,,,,,,,
2014-12-18,0.0026304842571487656,0.81882,0.81522,134.0,-0.004001547218038053,0.81555,0.81548,0.81582,0.81624,,,,,,,,,,,,
2014-12-19,0.002581896905625079,0.81812,0.81274,119.0,-0.004054067882209448,0.81481,0.81494,0.81397,0.81369,125.0,-0.005318965907287148,0.81378,0.81357,0.81357,0.81282,140.0,-0.006499342289265512,0.81282,0.81336,0.81359,0.81332
2014-12-22,0.0025837987180179984,0.81372,0.81412,,,,,,,,,,,,,,,,,,
2014-12-23,0.0025318287097228576,0.81164,0.81012,,,,,,,,,,,,,,,,,,
2014-12-24,0.00252074282472957,0.81125,0.81065,,,,,,,,,,,,,,,,,,
2014-12-26,0.002470315780256664,0.81286,0.81104,,,,,,,,,,,,,,,,,,
2014-12-29,0.0023877206141485704,0.81458,0.81417,,,,,,,,,,,,,,,,,,
2014-12-30,0.0023107126095623255,0.8186,0.81809,,,,,,,,,,,,,,,,,,
2014-12-31,0.002267974330750465,0.8186,0.81668,,,,,,,,,,,,,,,,,,
2015-01-02,0.002367725864940038,0.81093,0.81109,,,,,,,,,,,,,,,,,,
2015-01-05,0.002289980443262339,0.80762,0.80896,139.0,0.0035843661300696676,0.81052,0.81042,0.81048,0.81016,,,,,,,,,,,,
2015-01-06,0.0022458480597437177,0.81234,0.81107,,,,,,,,,,,,,,,,,,
2015-01-07,0.0023523015611930853,0.80547,0.80524,,,,,,,,,,,,,,,,,,
2015-01-08,0.002381560205123668,0.81064,0.81277,,,,,,,,,,,,,,,,,,
2015-01-09,0.002365466776485219,0.8157,0.81904,69.0,0.003622216936756236,0.81866,0.81841,0.81833,0.81894,126.0,0.0048185791620971655,0.81964,0.81974,0.81996,0.81912,,,,,,
2015-01-12,0.0023381065841508505,0.8148,0.81552,,,,,,,,,,,,,,,,,,
2015-01-13,0.002420794888736613,0.81464,0.81646,,,,,,,,,,,,,,,,,,
2015-01-14,0.0025174069117954575,0.81684,0.81511,,,,,,,,,,,,,,,,,,
2015-01-15,0.002608611760432518,0.8246,0.82131,44.0,-0.004119557900653928,0.82121,0.82066,0.82002,0.82074,49.0,-0.00556969006803562,0.82002,0.81997,0.82082,0.82105,,,,,,
2015-01-16,0.0028808060733069244,0.81961,0.82197,,,,,,,,,,,,,,,,,,
2015-01-19,0.0028326425142824498,0.82221,0.82062,,,,,,,,,,,,,,,,,,
2015-01-20,0.0026805361731709384,0.81915,0.81724,,,,,,,,,,,,,,,,,,
2015-01-21,0.002658757911749938,0.82209,0.80937,67.0,-0.004571979946947423,0.81834,0.81776,0.81813,0.81645,69.0,-0.0055011208030721894,0.81758,0.81813,0.818,0.81586,82.0,-0.006884204565467365,0.81645,0.81573,0.81643,0.81595
2015-01-22,0.0026553286004823524,0.81062,0.80753,,,,,,,,,,,,,,,,,,
2015-01-23,0.003145789981655104,0.7926,0.79162,,,,,,,,,,,,,,,,,,
2015-01-26,0.0032330931145131184,0.79174,0.79264,,,,,,,,,,,,,,,,,,
2015-01-27,0.0032372055925249162,0.79461,0.79301,,,,,,,,,,,,,,,,,,
2015-01-28,0.0032525265802441634,0.79632,0.79738,,,,,,,,,,,,,,,,,,
2015-01-29,0.003226198036837992,0.77877,0.77276,168.0,-0.004968858377276019,0.77491,0.77496,0.77564,,,,,,,,,,,,,
2015-01-30,0.0035220357510866904,0.77449,0.77658,119.0,0.0058062976530222875,0.779,0.77828,0.77759,0.77739,,,,,,,,,,,,
2015-02-02,0.0036090680264395316,0.77938,0.78168,,,,,,,,,,,,,,,,,,
2015-02-03,0.0033968090055036546,0.76987,0.7764,,,,,,,,,,,,,,,,,,
2015-02-04,0.0035980056829286833,0.77659,0.77546,,,,,,,,,,,,,,,,,,
2015-02-05,0.0041370061042366865,0.77985,0.77929,,,,,,,,,,,,,,,,,,
2015-02-06,0.004067204974667146,0.78266,0.77972,,,,,,,,,,,,,,,,,,
2015-02-09,0.004034260279147644,0.78096,0.78123,,,,,,,,,,,,,,,,,,
2015-02-10,0.0038414421649860643,0.77687,0.77755,,,,,,,,,,,,,,,,,,
2015-02-11,0.003827745263954915,0.77378,0.77106,,,,,,,,,,,,,,,,,,
2015-02-12,0.0037794903830063007,0.76816,0.77439,126.0,0.00603517799054971,0.77281,0.77276,0.77391,0.77444,140.0,0.008619793223452531,0.77481,0.77444,0.77478,0.77453,160.0,0.009664664741281035,0.77562,0.77442,0.77675,0.77725
2015-02-13,0.004006588385402281,0.77566,0.77715,,,,,,,,,,,,,,,,,,
2015-02-16,0.004293436204710705,0.77785,0.77641,,,,,,,,,,,,,,,,,,
2015-02-17,0.004086469203582411,0.7817,0.78207,,,,,,,,,,,,,,,,,,
2015-02-18,0.0039650749822615515,0.77929,0.77807,,,,,,,,,,,,,,,,,,
2015-02-19,0.0038671194643330915,0.77861,0.77931,,,,,,,,,,,,,,,,,,
2015-02-20,0.0037763803959963292,0.78392,0.78329,,,,,,,,,,,,,,,,,,
2015-02-23,0.003669069066643255,0.77998,0.77977,,,,,,,,,,,,,,,,,,
2015-02-24,0.003478210850383222,0.77675,0.78128,94.0,0.005430993044011491,0.78098,0.78152,0.78058,0.7812,125.0,0.007567049061075086,0.78265,0.78244,0.78255,0.78174,,,,,,
2015-02-25,0.003459824237459142,0.78978,0.78919,,,,,,,,,,,,,,,,,,
2015-02-26,0.003681455547298441,0.78497,0.7808,,,,,,,,,,,,,,,,,,
2015-02-27,0.003591547531553286,0.78116,0.78082,,,,,,,,,,,,,,,,,,
2015-03-02,0.0035850026545613564,0.77831,0.77658,,,,,,,,,,,,,,,,,,
2015-03-03,0.003414782128382163,0.78193,0.78363,,,,,,,,,,,,,,,,,,
2015-03-04,0.0034142803034993676,0.78488,0.78166,66.0,-0.00527584369194736,0.78075,0.78035,0.78137,0.78152,,,,,,,,,,,,
2015-03-05,0.00332185988866903,0.77925,0.77577,,,,,,,,,,,,,,,,,,
2015-03-06,0.003229891286044132,0.77661,0.77114,54.0,-0.005254506489794498,0.77254,0.77236,0.77176,0.77234,60.0,-0.006523854500396071,0.77156,0.7716,0.77212,0.77256,,,,,,
2015-03-09,0.003144621493270968,0.7718,0.77157,,,,,,,,,,,,,,,,,,
2015-03-10,0.003181715455826542,0.76293,0.76385,45.0,0.0053596300747563155,0.76703,0.76623,0.76673,0.76563,102.0,0.006870814427169224,0.76819,0.7679,0.7681,0.76745,,,,,,
2015-03-11,0.003126142688735601,0.76223,0.75789,158.0,-0.004852814352680273,0.75854,0.75859,0.75889,0.75763,176.0,-0.006739794096441631,0.75711,0.75714,,,,,,,,
2015-03-12,0.0030945844939725387,0.76938,0.77072,,,,,,,,,,,,,,,,,,
2015-03-13,0.003042079619350596,0.76445,0.76276,,,,,,,,,,,,,,,,,,
2015-03-16,0.003414595991279348,0.76353,0.76563,95.0,0.005199092074839565,0.76751,0.76766,0.76792,0.76681,,,,,,,,,,,,
2015-03-17,0.0033338124859503414,0.76521,0.76139,,,,,,,,,,,,,,,,,,
2015-03-18,0.0032395611909850474,0.76089,0.76547,,,,,,,,,,,,,,,,,,
2015-03-19,0.0031387226402920377,0.76699,0.76167,121.0,-0.004822624668190551,0.7633,0.76321,0.76381,0.76517,,,,,,,,,,,,
2015-03-20,0.0034787067651227688,0.76934,0.77627,117.0,0.005276304575840262,0.77341,0.77365,0.77486,0.77357,122.0,0.007149363440153862,0.77486,0.77439,0.77371,0.77367,,,,,,
2015-03-23,0.0034990965510890352,0.78131,0.78474,,,,,,,,,,,,,,,,,,
2015-03-24,0.0035332301853004855,0.78971,0.78675,,,,,,,,,,,,,,,,,,
2015-03-25,0.0035473531743307617,0.78794,0.7857,,,,,,,,,,,,,,,,,,
2015-03-26,0.0034748596776976873,0.78659,0.78303,126.0,-0.005609469189536172,0.78219,0.78263,0.7822,0.78263,,,,,,,,,,,,
2015-03-27,0.0034569943248556377,0.7798,0.77511,,,,,,,,,,,,,,,,,,
2015-03-30,0.0033704579765397803,0.76564,0.76412,,,,,,,,,,,,,,,,,,
2015-03-31,0.0032499438265684868,0.75993,0.76238,177.0,0.004883245241186042,0.76365,0.76415,,,,,,,,,,,,,,
2015-04-01,0.003388675882293747,0.75997,0.76127,151.0,0.005301919269035809,0.76401,0.76397,0.76319,0.76315,,,,,,,,,,,,
2015-04-02,0.003288189198517566,0.75544,0.75647,108.0,0.005083425152625785,0.75929,0.7601,0.75928,0.75821,,,,,,,,,,,,
2015-04-03,0.00330128204944717,0.76167,0.76395,30.0,0.00835446407783936,0.76806,0.76811,0.76643,0.76503,30.0,0.00835446407783936,0.76806,0.76811,0.76643,0.76503,30.0,0.00835446407783936,0.76806,0.76811,0.76643,0.76503
2015-04-06,0.0032188084776026632,0.76358,0.76552,,,,,,,,,,,,,,,,,,
2015-04-07,0.003097691067844513,0.76597,0.76459,,,,,,,,,,,,,,,,,,
2015-04-08,0.0030074512271753982,0.77031,0.77158,,,,,,,,,,,,,,,,,,
2015-04-09,0.002958459324972463,0.77328,0.77027,156.0,-0.004770308745277182,0.7696,0.76978,0.7698,0.77029,,,,,,,,,,,,
2015-04-10,0.0029599306333215575,0.7643,0.76728,97.0,0.004842371647396781,0.76801,0.76811,0.76786,0.76916,107.0,0.006364630087711778,0.76918,0.76871,0.76916,0.76857,,,,,,
2015-04-13,0.002879318765860352,0.75777,0.75773,,,,,,,,,,,,,,,,,,
2015-04-14,0.0029045406808919936,0.7583,0.76367,61.0,0.004604968337613806,0.7618,0.76175,0.76146,0.76221,77.0,0.0060216592899856435,0.76288,0.76347,0.76275,0.76243,158.0,0.00751488112746376,0.76402,0.76406,0.76409,0.76397
2015-04-15,0.0028400065516252515,0.75862,0.76082,76.0,0.0043668191663403895,0.76194,0.7619,0.76213,0.76299,91.0,0.005743931776018711,0.76299,0.76276,0.7632,0.76217,,,,,,
2015-04-16,0.002758999091038509,0.7773,0.77959,,,,,,,,,,,,,,,,,,
2015-04-17,0.0034162991568483323,0.78147,0.77775,80.0,-0.005659193945222361,0.77706,0.7774,0.77761,0.77765,,,,,,,,,,,,
2015-04-20,0.003332580913473122,0.77747,0.77265,121.0,-0.0053909181604605855,0.77329,0.77343,0.77352,0.77181,131.0,-0.007099368933881747,0.77197,0.77234,0.77181,0.77237,,,,,,
2015-04-21,0.003166860640203501,0.77349,0.7739,,,,,,,,,,,,,,,,,,
2015-04-22,0.0034392693701044584,0.77797,0.77708,,,,,,,,,,,,,,,,,,
2015-04-23,0.0034808207628290624,0.77325,0.77831,,,,,,,,,,,,,,,,,,
2015-04-24,0.003407935979692525,0.77931,0.78241,,,,,,,,,,,,,,,,,,
2015-04-27,0.0033558366034241675,0.78109,0.78579,140.0,0.005235346636217946,0.78519,0.78531,0.78528,0.78648,155.0,0.006876912982441304,0.78648,0.78622,0.78561,0.78516,,,,,,
2015-04-28,0.0032423047975706928,0.79522,0.80137,153.0,0.004879802448936665,0.79911,0.79898,0.79922,0.79901,178.0,0.006742640626954907,0.8006,0.80024,,,,,,,,
2015-04-29,0.0032118648219958456,0.79908,0.80652,38.0,0.005354314017969629,0.80337,0.80316,0.80275,0.80184,116.0,0.006486401346915027,0.80428,0.80448,0.80614,0.80541,121.0,0.00879635878294413,0.80614,0.80606,0.80624,0.80524
2015-04-30,0.0034940395012256426,0.79201,0.78675,101.0,-0.005329767460536048,0.7878,0.78749,0.78748,0.78791,,,,,,,,,,,,
2015-05-01,0.003393548042357063,0.78757,0.78127,135.0,-0.005130142177922896,0.78354,0.78352,0.78359,0.78327,158.0,-0.006854577852705639,0.78219,0.78217,0.78274,0.78252,,,,,,
2015-05-04,0.0035829164706899473,0.78301,0.78362,,,,,,,,,,,,,,,,,,
2015-05-05,0.003429930604425981,0.78725,0.79413,53.0,0.005320846150613414,0.79145,0.79124,0.79053,0.79052,152.0,0.0070881886544426585,0.79285,0.79293,0.79282,0.79384,170.0,0.009129365685494072,0.79447,0.79432,0.79461,
2015-05-06,0.003352017247063767,0.79971,0.80039,,,,,,,,,,,,,,,,,,
2015-05-07,0.0036223350926701306,0.79522,0.79105,,,,,,,,,,,,,,,,,,
2015-05-08,0.0035256838106992885,0.79038,0.79137,81.0,0.005626994067824687,0.79484,0.7954,0.79654,0.79577,83.0,0.007625398523579799,0.79643,0.79633,0.79605,0.79493,,,,,,
2015-05-11,0.0036690502827463247,0.7899,0.78973,,,,,,,,,,,,,,,,,,
2015-05-12,0.0035533392645627653,0.79847,0.79875,,,,,,,,,,,,,,,,,,
2015-05-13,0.003457416238192292,0.80461,0.81161,42.0,0.005404145578240062,0.80897,0.80902,0.80893,0.80902,111.0,0.007170264960100781,0.8104,0.81035,0.81024,0.81092,136.0,0.008797765134395258,0.81172,0.81161,0.8111,0.81042
2015-05-14,0.0034746714313307983,0.81035,0.80798,,,,,,,,,,,,,,,,,,
2015-05-15,0.0038520019674779696,0.80048,0.80518,178.0,0.0061275006774588504,0.8054,0.80537,,,,,,,,,,,,,,
2015-05-18,0.0038343523811325444,0.80056,0.79992,,,,,,,,,,,,,,,,,,
2015-05-19,0.003623416178022055,0.79745,0.79166,50.0,-0.005961681892317454,0.79271,0.79272,0.79275,0.79372,151.0,-0.007653516041632915,0.79137,0.79152,0.7922,0.79234,,,,,,
2015-05-20,0.0035535983841894843,0.79001,0.78748,,,,,,,,,,,,,,,,,,
2015-05-21,0.0035254602885864714,0.78859,0.7887,,,,,,,,,,,,,,,,,,
2015-05-22,0.0034391620182210128,0.78839,0.78257,38.0,-0.0062090663248406544,0.78351,0.78345,0.78434,0.78426,71.0,-0.006987917367461544,0.7829,0.78236,0.78275,0.7829,,,,,,
2015-05-25,0.0033550950665943496,0.78302,0.78283,,,,,,,,,,,,,,,,,,
2015-05-26,0.003359977164663134,0.7803,0.77358,48.0,-0.005294009074884631,0.77618,0.77617,0.77615,0.77561,120.0,-0.00796447876786827,0.77411,0.77394,0.77418,0.77429,122.0,-0.0084554856001434,0.77373,0.77408,0.77444,0.77433
2015-05-27,0.003269596527043562,0.77102,0.77102,,,,,,,,,,,,,,,,,,
2015-05-28,0.003376579825328914,0.76445,0.76258,,,,,,,,,,,,,,,,,,
2015-05-29,0.0033855193707626875,0.76526,0.76575,,,,,,,,,,,,,,,,,,
2015-06-01,0.003297111422520043,0.76347,0.7607,,,,,,,,,,,,,,,,,,
2015-06-02,0.0031319221580613033,0.76965,0.77478,75.0,0.004769999582045228,0.77333,0.77449,0.7734,0.77285,76.0,0.006268882161642606,0.77449,0.77361,0.77351,0.77267,121.0,0.008706224989410972,0.77638,0.77639,0.77501,0.7745
2015-06-03,0.0030470530127617163,0.77702,0.77993,127.0,0.004981010606510591,0.7809,0.78124,0.78086,0.78092,,,,,,,,,,,,
2015-06-04,0.0037314004043084432,0.77511,0.76729,82.0,-0.007030110712320948,0.76968,0.7697,0.76934,0.76976,84.0,-0.00804403272719505,0.7689,0.76877,0.76961,0.76958,152.0,-0.00933241598464962,0.76791,0.76799,0.76758,0.76749
2015-06-05,0.0037403072611512547,0.77163,0.762,30.0,-0.00821111350778832,0.76532,0.76677,0.76429,0.76334,30.0,-0.00821111350778832,0.76532,0.76677,0.76429,0.76334,35.0,-0.00955786222893778,0.76429,0.76399,0.7637,0.76367
2015-06-08,0.0036703125638955936,0.76389,0.76505,,,,,,,,,,,,,,,,,,
2015-06-09,0.0035855864232861054,0.77006,0.76828,,,,,,,,,,,,,,,,,,
2015-06-10,0.0036949873084678874,0.77424,0.7747,,,,,,,,,,,,,,,,,,
2015-06-11,0.0036453784613972085,0.77221,0.77272,,,,,,,,,,,,,,,,,,
2015-06-12,0.003920299417449613,0.77086,0.77415,,,,,,,,,,,,,,,,,,
2015-06-15,0.0038169564500869797,0.77389,0.77631,,,,,,,,,,,,,,,,,,
2015-06-16,0.003605617016858749,0.77451,0.77515,,,,,,,,,,,,,,,,,,
2015-06-17,0.003571264962639375,0.76799,0.76654,,,,,,,,,,,,,,,,,,
2015-06-18,0.0035071172085260915,0.78326,0.78252,,,,,,,,,,,,,,,,,,
2015-06-19,0.0034066094625541223,0.77537,0.77547,,,,,,,,,,,,,,,,,,
2015-06-22,0.0033889854558140026,0.77599,0.77431,,,,,,,,,,,,,,,,,,
2015-06-23,0.00320335587990124,0.77083,0.77364,,,,,,,,,,,,,,,,,,
2015-06-24,0.0032781552539354743,0.77439,0.76872,130.0,-0.005139801968924366,0.77042,0.77021,0.76968,0.7695,146.0,-0.006854622592842233,0.7691,0.76901,0.76884,0.76963,,,,,,
2015-06-25,0.0032354481294473727,0.7742,0.77413,,,,,,,,,,,,,,,,,,
2015-06-26,0.0031413020384799878,0.7656,0.76488,,,,,,,,,,,,,,,,,,
2015-06-29,0.003052123395304395,0.76571,0.76762,,,,,,,,,,,,,,,,,,
2015-06-30,0.0030283899267245173,0.76817,0.77037,70.0,0.0051030124956501985,0.7721,0.77226,0.77157,0.77079,,,,,,,,,,,,
2015-07-01,0.002946498399177902,0.76829,0.76602,,,,,,,,,,,,,,,,,,
2015-07-02,0.0029565819630667655,0.75927,0.76298,33.0,0.0053853962974575,0.76337,0.76398,0.76217,0.75986,34.0,0.006184165449823861,0.76398,0.76342,0.76181,0.76025,,,,,,
2015-07-03,0.0030756946392571445,0.75243,0.75153,,,,,,,,,,,,,,,,,,
2015-07-06,0.003090908113808902,0.74913,0.75191,167.0,0.004647919138224839,0.75262,0.75282,0.75267,,,,,,,,,,,,,
2015-07-07,0.00308133126436396,0.74261,0.74342,,,,,,,,,,,,,,,,,,
2015-07-08,0.0029986777662930606,0.74246,0.74433,,,,,,,,,,,,,,,,,,
2015-07-09,0.003043346241423086,0.74533,0.74365,,,,,,,,,,,,,,,,,,
2015-07-10,0.0030216097239490706,0.74699,0.74249,79.0,-0.005005881951516767,0.74326,0.74286,0.74312,0.74195,91.0,-0.006217497452251725,0.74236,0.74205,0.74206,0.74225,,,,,,
2015-07-13,0.0029723924667707713,0.74321,0.7407,92.0,-0.004801541399171833,0.73965,0.74035,0.74017,0.74051,168.0,-0.005978465704581566,0.73878,0.73876,0.73913,,,,,,,
2015-07-14,0.0028708138372482233,0.74356,0.74487,33.0,0.0045086223119358585,0.74692,0.74664,0.74719,0.74667,,,,,,,,,,,,
2015-07-15,0.0027974225263260313,0.74594,0.73636,76.0,-0.004299117242981672,0.74274,0.74277,0.74273,0.74338,120.0,-0.007711238291757895,0.74021,0.74003,0.74046,0.7409,120.0,-0.007711238291757895,0.74021,0.74003,0.74046,0.7409
2015-07-16,0.0027944055078373384,0.73891,0.74291,108.0,0.0047120541378943975,0.7424,0.74257,0.74234,0.74341,122.0,0.005748693365874115,0.74317,0.74341,0.74334,0.74281,,,,,,
2015-07-17,0.003041222514603017,0.74027,0.73715,122.0,-0.004630640856810104,0.73685,0.73684,0.73723,0.73749,,,,,,,,,,,,
2015-07-20,0.003016374432497732,0.73788,0.73798,,,,,,,,,,,,,,,,,,
2015-07-21,0.0029391847786544704,0.73753,0.74313,125.0,0.005233525363881207,0.7414,0.74169,0.74096,0.74181,136.0,0.00610986098907675,0.74205,0.74235,0.74165,0.74266,147.0,0.007819873052699367,0.74332,0.74269,0.74264,0.74226
2015-07-22,0.002903727668053072,0.73888,0.7368,,,,,,,,,,,,,,,,,,
2015-07-23,0.0028460170691524903,0.7411,0.73744,45.0,-0.004883040157300674,0.73749,0.7375,0.73784,0.73761,67.0,-0.005737654106965477,0.73686,0.7369,0.73627,0.73665,,,,,,
2015-07-24,0.002776852406819119,0.72666,0.72782,,,,,,,,,,,,,,,,,,
2015-07-27,0.002897694786285295,0.72891,0.73048,84.0,0.0047219287472860545,0.73236,0.73196,0.73196,0.73137,,,,,,,,,,,,
2015-07-28,0.002769038529942172,0.73056,0.73273,,,,,,,,,,,,,,,,,,
2015-07-29,0.002692050555049152,0.73091,0.73068,,,,,,,,,,,,,,,,,,
2015-07-30,0.0026604183518321614,0.72727,0.72749,,,,,,,,,,,,,,,,,,
2015-07-31,0.0026039695542010265,0.72399,0.73316,30.0,0.006745248855365839,0.72889,0.7288,0.72932,0.73187,30.0,0.006745248855365839,0.72889,0.7288,0.72932,0.73187,30.0,0.006745248855365839,0.72889,0.7288,0.72932,0.73187
2015-08-03,0.0025597580210854477,0.72658,0.72749,,,,,,,,,,,,,,,,,,
2015-08-04,0.002425789803660727,0.73946,0.74146,,,,,,,,,,,,,,,,,,
2015-08-05,0.0023647362361202983,0.73703,0.73445,128.0,-0.0036292253319762826,0.73436,0.73447,0.73441,0.73433,,,,,,,,,,,,
2015-08-06,0.002558004161905342,0.73325,0.73421,,,,,,,,,,,,,,,,,,
2015-08-07,0.002532011847646296,0.73861,0.73979,31.0,-0.00390683785722531,0.73573,0.7362,0.7358,0.73694,59.0,-0.00534862265540568,0.73467,0.73517,0.73521,0.73528,81.0,-0.007119692026550688,0.73337,0.73397,0.73466,0.73538
2015-08-10,0.0025532033316221212,0.73664,0.74025,,,,,,,,,,,,,,,,,,
2015-08-11,0.002509602142711262,0.7321,0.72841,139.0,-0.004023929987876174,0.72916,0.72902,0.72901,0.72913,167.0,-0.0050255834858209504,0.72843,0.72889,0.729,,,,,,,
2015-08-12,0.0027424964819758864,0.73571,0.73761,,,,,,,,,,,,,,,,,,
2015-08-13,0.0027673340191087643,0.73414,0.736,,,,,,,,,,,,,,,,,,
2015-08-14,0.003273270083780561,0.73861,0.73726,,,,,,,,,,,,,,,,,,
2015-08-17,0.0031892587243926704,0.73533,0.73855,,,,,,,,,,,,,,,,,,
2015-08-18,0.0030148657519000325,0.73373,0.73348,,,,,,,,,,,,,,,,,,
2015-08-19,0.0029283679610296797,0.7344,0.73143,,,,,,,,,,,,,,,,,,
2015-08-20,0.002912307878511645,0.73114,0.7357,144.0,0.004870903650978835,0.73471,0.73471,0.73462,0.73432,,,,,,,,,,,,
2015-08-21,0.0028407730240350058,0.7334,0.73401,,,,,,,,,,,,,,,,,,
2015-08-24,0.002853803743392035,0.72366,0.71946,68.0,-0.004362374229425196,0.72051,0.71955,0.714,0.71551,70.0,-0.010445990249944859,0.71614,0.71146,0.71369,0.71452,70.0,-0.010445990249944859,0.71614,0.71146,0.71369,0.71452
2015-08-25,0.0030623111304408993,0.72212,0.71825,125.0,-0.004622087331508803,0.71879,0.71879,0.71905,0.72086,178.0,-0.006376571462082149,0.71753,0.7174,,,,,,,,
2015-08-26,0.0029764495998468097,0.71402,0.7085,178.0,-0.0045339456252644185,0.71079,0.71073,,,,,,,,,,,,,,
2015-08-27,0.0032373649237757165,0.71432,0.71802,,,,,,,,,,,,,,,,,,
2015-08-28,0.0031457162773751656,0.71402,0.7132,,,,,,,,,,,,,,,,,,
2015-08-31,0.003145765315391791,0.71254,0.71019,179.0,-0.005220327466247555,0.70883,0.70891,,,,,,,,,,,,,,
2015-09-01,0.0030143105244015657,0.70525,0.70377,150.0,-0.004718665927890662,0.70193,0.7017,0.703,0.70287,,,,,,,,,,,,
2015-09-02,0.002924209570260174,0.70034,0.70125,,,,,,,,,,,,,,,,,,
2015-09-03,0.0033522206459469213,0.7004,0.70243,130.0,0.005140960190916617,0.70401,0.70382,0.7049,0.70524,138.0,0.0070000001280257984,0.70532,0.70592,0.7054,0.70414,,,,,,
2015-09-04,0.0032563413307761745,0.69837,0.69162,49.0,-0.006205044255207399,0.69405,0.69471,0.69402,0.69447,51.0,-0.007473768924750603,0.69317,0.69305,0.69431,0.6949,,,,,,
2015-09-07,0.0032208703186646565,0.69375,0.69227,,,,,,,,,,,,,,,,,,
2015-09-08,0.0032367258424094904,0.69805,0.70245,89.0,0.005086960657431295,0.70161,0.7016,0.7014,0.70072,,,,,,,,,,,,
2015-09-09,0.003159350486737718,0.70289,0.70227,,,,,,,,,,,,,,,,,,
2015-09-10,0.003437426659548622,0.70589,0.70861,,,,,,,,,,,,,,,,,,
2015-09-11,0.003432622135131018,0.70625,0.70755,,,,,,,,,,,,,,,,,,
2015-09-14,0.0035125756240811552,0.71223,0.71377,,,,,,,,,,,,,,,,,,
2015-09-15,0.0033373210862531933,0.71255,0.70911,179.0,-0.005163825380174258,0.70888,0.70887,,,,,,,,,,,,,,
2015-09-16,0.0032575060922157254,0.71562,0.71835,165.0,0.004892848234795908,0.71913,0.71915,0.71945,0.71916,,,,,,,,,,,,
2015-09-17,0.0031698313969886717,0.71663,0.71461,,,,,,,,,,,,,,,,,,
2015-09-18,0.0032283598549502084,0.72732,0.72235,132.0,-0.00494815109727891,0.72373,0.72371,0.72324,0.72264,142.0,-0.006524566048441897,0.72259,0.72201,0.72264,0.72303,,,,,,
2015-09-21,0.0031423485210873483,0.71677,0.71248,,,,,,,,,,,,,,,,,,
2015-09-22,0.002983201192737523,0.70944,0.70744,159.0,-0.0044783257841887174,0.70627,0.70602,0.70648,0.7065,,,,,,,,,,,,
2015-09-23,0.0029228325560187894,0.70564,0.70035,178.0,-0.004958136014015821,0.70215,0.70146,,,179.0,-0.005941315181422658,0.70146,0.7017,,,,,,,,
2015-09-24,0.0032374404687417866,0.69635,0.69941,165.0,0.00504219601155595,0.69987,0.70018,0.69969,0.69919,,,,,,,,,,,,
2015-09-25,0.0031825174213597745,0.701,0.7012,,,,,,,,,,,,,,,,,,
2015-09-28,0.0030924327488147294,0.6985,0.7004,,,,,,,,,,,,,,,,,,
2015-09-29,0.0029351439124756335,0.69915,0.70064,,,,,,,,,,,,,,,,,,
2015-09-30,0.0031243848030441048,0.70277,0.70176,,,,,,,,,,,,,,,,,,
2015-10-01,0.0031756927536867765,0.7068,0.70335,,,,,,,,,,,,,,,,,,
2015-10-02,0.0031370784972737887,0.70286,0.70253,,,,,,,,,,,,,,,,,,
2015-10-05,0.003064306129867709,0.70875,0.70853,,,,,,,,,,,,,,,,,,
2015-10-06,0.0029506204764501004,0.71105,0.71411,,,,,,,,,,,,,,,,,,
2015-10-07,0.002864283262232673,0.72241,0.72112,,,,,,,,,,,,,,,,,,
2015-10-08,0.0031841093465951806,0.71938,0.72249,,,,,,,,,,,,,,,,,,
2015-10-09,0.0030958576000880275,0.73231,0.73277,,,,,,,,,,,,,,,,,,
2015-10-12,0.003232080167511587,0.73726,0.73804,,,,,,,,,,,,,,,,,,
2015-10-13,0.003201706084253284,0.72933,0.7283,89.0,-0.005265232155163108,0.7255,0.72572,0.72655,0.72722,,,,,,,,,,,,
2015-10-14,0.003135758526858882,0.72566,0.72557,51.0,0.004797886589861375,0.72915,0.72875,0.7285,0.7272,,,,,,,,,,,,
2015-10-15,0.0032284568816305426,0.7331,0.73138,39.0,-0.006019993553304367,0.7287,0.72877,0.72682,0.72907,41.0,-0.006500416334584098,0.72835,0.7281,0.7282,0.72911,44.0,-0.008603264199508518,0.72682,0.7276,0.72867,0.72893
2015-10-16,0.0035581317206241614,0.72645,0.72618,,,,,,,,,,,,,,,,,,
2015-10-19,0.0034988926312880288,0.72751,0.72561,,,,,,,,,,,,,,,,,,
2015-10-20,0.0033563462461090113,0.72922,0.72552,,,,,,,,,,,,,,,,,,
2015-10-21,0.0032790458230714022,0.7231,0.72249,,,,,,,,,,,,,,,,,,
2015-10-22,0.003193481308291515,0.72083,0.72178,,,,,,,,,,,,,,,,,,
2015-10-23,0.0031569393575551392,0.72808,0.72138,34.0,-0.005011989672765157,0.72444,0.72398,0.7245,0.72457,53.0,-0.00686340708819405,0.7231,0.72332,0.72343,0.72133,63.0,-0.008081130649401826,0.72222,0.72189,0.72133,0.7212
2015-10-26,0.0030765901016971634,0.72521,0.72594,,,,,,,,,,,,,,,,,,
2015-10-27,0.002945433740203343,0.72431,0.72331,,,,,,,,,,,,,,,,,,
2015-10-28,0.0028603693706996296,0.71288,0.71414,,,,,,,,,,,,,,,,,,
2015-10-29,0.003248471948702873,0.70921,0.7079,,,,,,,,,,,,,,,,,,
2015-10-30,0.0031657073239062077,0.71103,0.71394,,,,,,,,,,,,,,,,,,
2015-11-02,0.0030781457791110496,0.71392,0.71355,,,,,,,,,,,,,,,,,,
2015-11-03,0.0029271380147159686,0.71642,0.71921,,,,,,,,,,,,,,,,,,
2015-11-04,0.003019856224286042,0.71622,0.71497,,,,,,,,,,,,,,,,,,
2015-11-05,0.002932485757147064,0.71587,0.71444,,,,,,,,,,,,,,,,,,
2015-11-06,0.0029577470299241046,0.70673,0.7032,117.0,-0.004595035811254415,0.70349,0.70386,0.70367,0.70342,,,,,,,,,,,,
2015-11-09,0.0028714427332753715,0.70484,0.70415,,,,,,,,,,,,,,,,,,
2015-11-10,0.003123692216372919,0.70338,0.70323,,,,,,,,,,,,,,,,,,
2015-11-11,0.00303417730495099,0.7066,0.70509,,,,,,,,,,,,,,,,,,
2015-11-12,0.0029568860835285427,0.71059,0.71143,,,,,,,,,,,,,,,,,,
2015-11-13,0.0030869293276563903,0.7125,0.71201,,,,,,,,,,,,,,,,,,
2015-11-16,0.002998667833476898,0.70944,0.70897,,,,,,,,,,,,,,,,,,
2015-11-17,0.0028357941928938315,0.712,0.71193,,,,,,,,,,,,,,,,,,
2015-11-18,0.002777156241920215,0.70975,0.70819,,,,,,,,,,,,,,,,,,
2015-11-19,0.0026998549659950893,0.71572,0.7193,63.0,0.0042663013472806184,0.71878,0.71867,0.71851,0.71885,104.0,0.0054203695653872565,0.71961,0.71962,0.71983,0.72022,115.0,0.006906181723838292,0.72068,0.72065,0.71998,0.72
2015-11-20,0.002870572974011863,0.72341,0.72378,,,,,,,,,,,,,,,,,,
2015-11-23,0.002810826112143497,0.71924,0.71985,,,,,,,,,,,,,,,,,,
2015-11-24,0.0028493257789758276,0.72155,0.72345,,,,,,,,,,,,,,,,,,
2015-11-25,0.0027807937346117344,0.72439,0.72487,,,,,,,,,,,,,,,,,,
2015-11-26,0.0028936386210751913,0.7226,0.72379,,,,,,,,,,,,,,,,,,
2015-11-27,0.002831978643715225,0.7197,0.71942,,,,,,,,,,,,,,,,,,
2015-11-30,0.0027570125808666864,0.72241,0.72339,,,,,,,,,,,,,,,,,,
2015-12-01,0.002650600283017821,0.72836,0.73153,64.0,0.004069362807894954,0.73133,0.73167,0.7321,0.73183,170.0,0.005340210689018225,0.73226,0.73224,0.73218,,,,,,,
2015-12-02,0.0028135330549188633,0.73147,0.73068,,,,,,,,,,,,,,,,,,
2015-12-03,0.0028252351557624855,0.73447,0.73332,51.0,-0.004585223442998157,0.73111,0.73079,0.73035,0.73031,66.0,-0.005680049132956604,0.73031,0.73035,0.73009,0.73016,98.0,-0.007159967733494195,0.72923,0.7291,0.7292,0.72937
2015-12-04,0.002750668730264527,0.73264,0.73432,39.0,0.004208754688879216,0.73573,0.7356,0.73539,0.73634,59.0,0.005811319134420366,0.73691,0.73717,0.73789,0.7376,64.0,0.007140313091895144,0.73789,0.73823,0.73807,0.73665
2015-12-07,0.0026767093257128163,0.72809,0.72648,,,,,,,,,,,,,,,,,,
2015-12-08,0.0025379431784906935,0.71919,0.72153,110.0,0.003996508379193294,0.72207,0.72195,0.72185,0.72234,,,,,,,,,,,,
2015-12-09,0.0028983198270080227,0.72211,0.7203,,,,,,,,,,,,,,,,,,
2015-12-10,0.002816781921384679,0.73015,0.72979,,,,,,,,,,,,,,,,,,
2015-12-11,0.002917903830415684,0.72186,0.71915,,,,,,,,,,,,,,,,,,
2015-12-14,0.0028879881063481397,0.72377,0.72529,,,,,,,,,,,,,,,,,,
2015-12-15,0.0028949043391709927,0.72179,0.71837,104.0,-0.004457195462709513,0.71858,0.7186,0.7191,0.71693,117.0,-0.005961290225685283,0.7175,0.71687,0.71682,0.71722,121.0,-0.007858559286199772,0.71614,0.71682,0.71722,0.7172
2015-12-16,0.0029341731373064904,0.71933,0.72188,,,,,,,,,,,,,,,,,,
2015-12-17,0.0029243106774977158,0.71798,0.71182,27.0,-0.005166671178134838,0.71428,0.71452,0.71389,0.71433,44.0,-0.006735914340489243,0.71316,0.71308,0.71254,0.71293,49.0,-0.007605662589186596,0.71254,0.71264,0.71308,0.71175
2015-12-18,0.002869367803902821,0.71341,0.71755,63.0,0.004712669277642666,0.71678,0.71677,0.71676,0.71706,71.0,0.006204343365601215,0.71785,0.71727,0.71705,0.71698,155.0,0.008333439721736358,0.71938,0.71948,0.71935,0.71996
2015-12-21,0.0028900519794077613,0.71791,0.71775,,,,,,,,,,,,,,,,,,
2015-12-22,0.002804065061954669,0.72418,0.72309,,,,,,,,,,,,,,,,,,
2015-12-23,0.0028764671064375924,0.72173,0.72216,,,,,,,,,,,,,,,,,,
2015-12-24,0.0028021462890083244,0.72659,0.72703,,,,,,,,,,,,,,,,,,
2015-12-28,0.002745009036775871,0.72614,0.72508,,,,,,,,,,,,,,,,,,
2015-12-29,0.0026023363006756283,0.72789,0.72938,,,,,,,,,,,,,,,,,,
2015-12-30,0.002531910309058962,0.72875,0.7286,,,,,,,,,,,,,,,,,,
2015-12-31,0.0024978631711231945,0.73162,0.72903,117.0,-0.004726716066390425,0.72817,0.72797,0.72772,0.72815,118.0,-0.005001414929491001,0.72797,0.72754,0.72743,0.72804,120.0,-0.006527366711333528,0.72686,0.72665,0.72784,0.72784
2016-01-04,0.0024456594874483883,0.71879,0.71767,125.0,-0.003917009127329206,0.71598,0.71619,0.71567,0.71598,,,,,,,,,,,,
2016-01-05,0.0025362867515802915,0.71702,0.71459,79.0,-0.004542952619978762,0.71377,0.71403,0.71401,0.71382,100.0,-0.0052016449293868046,0.7133,0.71333,0.7137,0.71359,,,,,,
2016-01-06,0.002482606461166079,0.708,0.70541,,,,,,,,,,,,,,,,,,
2016-01-07,0.0026994626492261196,0.69891,0.70269,46.0,0.004211975358214453,0.70186,0.70187,0.70201,0.70068,107.0,0.005578834926891159,0.70282,0.70312,0.70299,0.70213,,,,,,
2016-01-08,0.0028974384994240733,0.70093,0.69921,53.0,-0.004475495949191997,0.6978,0.69832,0.69843,0.69734,153.0,-0.006254090181505631,0.69656,0.69637,0.69662,0.6972,,,,,,
2016-01-11,0.0028360711879713793,0.70252,0.6978,118.0,-0.00467983961055185,0.69924,0.69897,0.6992,0.69915,129.0,-0.005795959065330328,0.69846,0.6986,0.6991,0.69874,,,,,,
2016-01-12,0.003141979231309416,0.70046,0.69805,155.0,-0.004994893849405672,0.69697,0.69713,0.69675,0.69727,,,,,,,,,,,,
2016-01-13,0.003062592988849408,0.7024,0.69856,,,,,,,,,,,,,,,,,,
2016-01-14,0.003102314874309691,0.69559,0.69811,,,,,,,,,,,,,,,,,,
2016-01-15,0.0033898560517978825,0.68801,0.68443,,,,,,,,,,,,,,,,,,
2016-01-18,0.003311111833600939,0.68808,0.68595,,,,,,,,,,,,,,,,,,
2016-01-19,0.0034868274235075815,0.69298,0.6932,,,,,,,,,,,,,,,,,,
2016-01-20,0.0034289579421425765,0.68766,0.68641,116.0,-0.005716801335940844,0.68374,0.68397,0.68464,0.68536,,,,,,,,,,,,
2016-01-21,0.0033413152802789325,0.69237,0.69862,128.0,0.005703191090519787,0.69633,0.69669,0.69741,0.69682,130.0,0.006822722726568509,0.69711,0.69732,0.69708,0.69659,168.0,0.008843316264581734,0.69852,0.69888,0.69846,
2016-01-22,0.0033221698613152407,0.70168,0.70051,,,,,,,,,,,,,,,,,,
2016-01-25,0.003552637298761956,0.69769,0.69798,,,,,,,,,,,,,,,,,,
2016-01-26,0.003385737992044646,0.69969,0.70192,,,,,,,,,,,,,,,,,,
2016-01-27,0.0034658010761127196,0.7062,0.70625,,,,,,,,,,,,,,,,,,
2016-01-28,0.003552012371090146,0.70946,0.70919,,,,,,,,,,,,,,,,,,
2016-01-29,0.0034773416338405158,0.70869,0.70788,,,,,,,,,,,,,,,,,,
2016-02-01,0.003486676802618346,0.70635,0.70804,,,,,,,,,,,,,,,,,,
2016-02-02,0.003322265829734081,0.70472,0.70588,,,,,,,,,,,,,,,,,,
2016-02-03,0.0032362257164092753,0.70793,0.71543,130.0,0.005184789782356844,0.71161,0.71163,0.71166,0.71263,140.0,0.0068556574073431525,0.7128,0.71283,0.71263,0.71255,161.0,0.008145509813971745,0.71372,0.71374,0.71313,0.71314
2016-02-04,0.0032656320968252007,0.72319,0.72215,,,,,,,,,,,,,,,,,,
2016-02-05,0.003909357409008734,0.71455,0.70754,93.0,-0.006754268142103291,0.70974,0.70993,0.70952,0.70931,117.0,-0.008009035364163341,0.70885,0.70864,0.70903,0.70872,,,,,,
2016-02-08,0.0038200185040526548,0.70688,0.70977,,,,,,,,,,,,,,,,,,
2016-02-09,0.004042413053406804,0.69987,0.70763,45.0,0.006167803210295214,0.7042,0.70436,0.70456,0.70541,61.0,0.008777289601421098,0.70604,0.70672,0.70651,0.70584,63.0,0.010390626869888156,0.70718,0.70699,0.7071,0.70562
2016-02-10,0.004036620077475598,0.70902,0.70955,,,,,,,,,,,,,,,,,,
2016-02-11,0.003939907011330572,0.70759,0.70949,,,,,,,,,,,,,,,,,,
2016-02-12,0.0038825790187281837,0.70838,0.71006,,,,,,,,,,,,,,,,,,
2016-02-15,0.0037864110289679296,0.71529,0.71442,,,,,,,,,,,,,,,,,,
2016-02-16,0.003665004124395238,0.71448,0.71018,71.0,-0.005740890373322846,0.71039,0.71051,0.71009,0.71026,92.0,-0.00769947884350318,0.709,0.70902,0.70875,0.70954,,,,,,
2016-02-17,0.0035722926549533506,0.71161,0.71766,100.0,0.005591343102950908,0.7156,0.71555,0.71564,0.71676,115.0,0.007211048000601712,0.71676,0.71636,0.71713,0.71708,,,,,,
2016-02-18,0.0035982179559543807,0.71559,0.71518,,,,,,,,,,,,,,,,,,
2016-02-19,0.003632624376977053,0.70858,0.71324,173.0,0.005545014559596314,0.71252,0.71266,0.7126,,,,,,,,,,,,,
2016-02-22,0.003605427998085264,0.7211,0.72392,,,,,,,,,,,,,,,,,,
2016-02-23,0.0034832921145510234,0.72317,0.72135,,,,,,,,,,,,,,,,,,
2016-02-24,0.0035222355456668965,0.71712,0.71783,,,,,,,,,,,,,,,,,,
2016-02-25,0.0035048938261255814,0.72073,0.72094,,,,,,,,,,,,,,,,,,
2016-02-26,0.0034125384066651986,0.7214,0.7122,68.0,-0.005420820835662468,0.7175,0.71743,0.71722,0.71649,78.0,-0.006885307306826777,0.71645,0.7166,0.71649,0.7172,128.0,-0.008785359571039916,0.71509,0.71397,0.7138,0.71432
2016-02-29,0.0034712560610064137,0.71437,0.71484,,,,,,,,,,,,,,,,,,
2016-03-01,0.0036624967554735777,0.71645,0.71635,80.0,-0.0055987269208140015,0.71245,0.71223,0.71274,0.71404,,,,,,,,,,,,
2016-03-02,0.0035627609415531734,0.72218,0.72746,116.0,0.005468418399501567,0.72614,0.72601,0.72645,0.7268,,,,,,,,,,,,
2016-03-03,0.003746379653671819,0.73323,0.7362,,,,,,,,,,,,,,,,,,
2016-03-04,0.003818892689219937,0.7408,0.74276,,,,,,,,,,,,,,,,,,
2016-03-07,0.00381291708798932,0.74155,0.74827,95.0,0.0063180745188401695,0.74625,0.74657,0.74653,0.74565,,,,,,,,,,,,
2016-03-08,0.0037592091176014853,0.74659,0.74684,,,,,,,,,,,,,,,,,,
2016-03-09,0.0036751719973979833,0.74776,0.75112,135.0,0.005773926765394135,0.75209,0.75213,0.75143,0.75229,,,,,,,,,,,,
2016-03-10,0.0035847253807895323,0.74769,0.74331,141.0,-0.005404512434061307,0.74366,0.74397,0.74368,0.74421,,,,,,,,,,,,
2016-03-11,0.0035544133121328115,0.75093,0.75594,42.0,0.005365574994920028,0.75497,0.75547,0.75498,0.75559,61.0,0.007178572163285402,0.75634,0.7567,0.75638,0.7569,84.0,0.009014683294883453,0.75773,0.75779,0.75764,0.7569
2016-03-14,0.003475357312804865,0.75345,0.75151,,,,,,,,,,,,,,,,,,
2016-03-15,0.003461137594745022,0.74625,0.74629,,,,,,,,,,,,,,,,,,
2016-03-16,0.003621054772478422,0.74495,0.74357,,,,,,,,,,,,,,,,,,
2016-03-17,0.0035400066516470233,0.76212,0.76367,,,,,,,,,,,,,,,,,,
2016-03-18,0.003941747571732774,0.76213,0.76161,,,,,,,,,,,,,,,,,,
2016-03-21,0.003924813328795063,0.76048,0.75906,,,,,,,,,,,,,,,,,,
2016-03-22,0.003784481708322515,0.76004,0.76264,,,,,,,,,,,,,,,,,,
2016-03-23,0.003686024023947867,0.75919,0.75315,123.0,-0.005852257529709404,0.75476,0.75498,0.75512,0.75483,,,,,,,,,,,,
2016-03-24,0.0036373939908303865,0.7499,0.75174,,,,,,,,,,,,,,,,,,
2016-03-25,0.0039219464510762995,0.75245,0.75102,,,,,,,,,,,,,,,,,,
2016-03-28,0.0038218498566118917,0.75313,0.75488,,,,,,,,,,,,,,,,,,
2016-03-29,0.0036274587358606706,0.75224,0.75647,164.0,0.005488473429422094,0.75638,0.75643,0.75661,0.75693,,,,,,,,,,,,
2016-03-30,0.0036487147713247558,0.7669,0.76656,,,,,,,,,,,,,,,,,,
2016-03-31,0.0036779398424581135,0.76913,0.76758,,,,,,,,,,,,,,,,,,
2016-04-01,0.0035893229628752676,0.7669,0.76718,53.0,-0.005911295723494537,0.76238,0.76293,0.76277,0.76257,116.0,-0.007184437207585869,0.76141,0.76137,0.76056,0.76082,,,,,,
2016-04-04,0.0035134251209621627,0.76336,0.76144,,,,,,,,,,,,,,,,,,
2016-04-05,0.0033706774192754606,0.7537,0.75231,,,,,,,,,,,,,,,,,,
2016-04-06,0.003421078706190577,0.75358,0.76154,96.0,0.005531529183682681,0.75776,0.75727,0.75702,0.75684,,,,,,,,,,,,
2016-04-07,0.0033351313533721083,0.75285,0.75021,,,,,,,,,,,,,,,,,,
2016-04-08,0.003301756720706646,0.75402,0.75565,,,,,,,,,,,,,,,,,,
2016-04-11,0.003356106136896044,0.75595,0.75955,46.0,0.005066842882451429,0.75979,0.75956,0.75948,0.75938,113.0,0.0073805936353027604,0.76155,0.76145,0.76199,0.76161,119.0,0.008430531391705897,0.76235,0.76283,0.76169,0.76167
2016-04-12,0.003205997582748454,0.76598,0.76594,141.0,-0.005038914929118762,0.76213,0.76211,0.76225,0.76344,,,,,,,,,,,,
2016-04-13,0.0032022015930928322,0.76519,0.76449,,,,,,,,,,,,,,,,,,
2016-04-14,0.003351125926148213,0.77023,0.77035,,,,,,,,,,,,,,,,,,
2016-04-15,0.003344409757364082,0.77113,0.77147,,,,,,,,,,,,,,,,,,
2016-04-18,0.0033734895166696163,0.77081,0.77486,177.0,0.005124301123576524,0.77477,0.77462,,,,,,,,,,,,,,
2016-04-19,0.003276258628640133,0.77951,0.78051,,,,,,,,,,,,,,,,,,
2016-04-20,0.003508122313122657,0.78189,0.78149,,,,,,,,,,,,,,,,,,
2016-04-21,0.003426286423469212,0.78099,0.77576,107.0,-0.005533920534148599,0.77668,0.7772,0.77684,0.77667,116.0,-0.00720911389524665,0.77538,0.77624,0.77664,0.77731,,,,,,
2016-04-22,0.003342737920151509,0.77422,0.77127,,,,,,,,,,,,,,,,,,
2016-04-25,0.003297405891408118,0.77251,0.77166,,,,,,,,,,,,,,,,,,
2016-04-26,0.0031998897864716183,0.7724,0.77407,80.0,0.00489478501995068,0.77619,0.77617,0.7762,0.77558,,,,,,,,,,,,
2016-04-27,0.003124728250811485,0.75958,0.75923,,,,,,,,,,,,,,,,,,
2016-04-28,0.003134065403116513,0.76055,0.76356,,,,,,,,,,,,,,,,,,
2016-04-29,0.0031952235213987116,0.76338,0.76112,,,,,,,,,,,,,,,,,,
2016-05-02,0.0032086298022460215,0.76452,0.76392,,,,,,,,,,,,,,,,,,
2016-05-03,0.003097071242668021,0.75593,0.74907,36.0,-0.005026302464899366,0.75214,0.75233,0.75278,0.75275,112.0,-0.006196982391070293,0.75126,0.75122,0.75163,0.7511,,,,,,
2016-05-04,0.003245822297694991,0.74843,0.7453,,,,,,,,,,,,,,,,,,
2016-05-05,0.004303023037042402,0.74956,0.74655,,,,,,,,,,,,,,,,,,
2016-05-06,0.004187576631480461,0.73698,0.73589,,,,,,,,,,,,,,,,,,
2016-05-09,0.004276838135570121,0.73259,0.73214,,,,,,,,,,,,,,,,,,
2016-05-10,0.004080360558890086,0.73291,0.735,,,,,,,,,,,,,,,,,,
2016-05-11,0.004018021853783163,0.73639,0.73982,,,,,,,,,,,,,,,,,,
2016-05-12,0.003932089780417976,0.73248,0.7313,,,,,,,,,,,,,,,,,,
2016-05-13,0.003836941461372988,0.72877,0.72723,,,,,,,,,,,,,,,,,,
2016-05-16,0.0037821682361172506,0.72914,0.7299,,,,,,,,,,,,,,,,,,
2016-05-17,0.00361186365879179,0.73219,0.73509,,,,,,,,,,,,,,,,,,
2016-05-18,0.003682849866236167,0.72794,0.72833,,,,,,,,,,,,,,,,,,
2016-05-19,0.0037160116700267172,0.71942,0.72103,,,,,,,,,,,,,,,,,,
2016-05-20,0.0037811481491189375,0.723,0.72143,,,,,,,,,,,,,,,,,,
2016-05-23,0.003698298595191988,0.72163,0.72034,,,,,,,,,,,,,,,,,,
2016-05-24,0.0035198648198941796,0.71499,0.71842,,,,,,,,,,,,,,,,,,
2016-05-25,0.0034378937386571437,0.7204,0.71846,,,,,,,,,,,,,,,,,,
2016-05-26,0.0033721843075887607,0.7215,0.72225,,,,,,,,,,,,,,,,,,
2016-05-27,0.00329051675424838,0.72096,0.72041,,,,,,,,,,,,,,,,,,
2016-05-30,0.0032126505492812187,0.71857,0.71835,,,,,,,,,,,,,,,,,,
2016-05-31,0.003085246793641763,0.72618,0.72378,,,,,,,,,,,,,,,,,,
2016-06-01,0.003156044863760276,0.72697,0.72446,120.0,-0.005213229658784696,0.72319,0.72306,0.7232,0.72359,,,,,,,,,,,,
2016-06-02,0.0031568074221899464,0.72069,0.72227,,,,,,,,,,,,,,,,,,
2016-06-03,0.003128891643104915,0.72424,0.73374,30.0,0.005754975750285731,0.72842,0.7283,0.73025,0.72986,33.0,0.006880066768079293,0.72924,0.72964,0.72974,0.72983,35.0,0.008264112100665466,0.73025,0.73012,0.72962,0.72989
2016-06-06,0.003057121008611587,0.73572,0.73624,,,,,,,,,,,,,,,,,,
2016-06-07,0.003457622635238295,0.74372,0.74505,,,,,,,,,,,,,,,,,,
2016-06-08,0.0034212831727128104,0.74781,0.74778,,,,,,,,,,,,,,,,,,
2016-06-09,0.0035156510971509156,0.74289,0.74267,,,,,,,,,,,,,,,,,,
2016-06-10,0.003462255358356961,0.73988,0.73944,,,,,,,,,,,,,,,,,,
2016-06-13,0.0034886858655853374,0.74016,0.73912,,,,,,,,,,,,,,,,,,
2016-06-14,0.003355379207089756,0.7346,0.73603,,,,,,,,,,,,,,,,,,
2016-06-15,0.0032706748129244056,0.73914,0.74037,,,,,,,,,,,,,,,,,,
2016-06-16,0.0031992779623907807,0.73409,0.73091,130.0,-0.005189921372188547,0.73029,0.73047,0.73036,0.72978,143.0,-0.006642453966973297,0.72923,0.72969,0.72966,0.72906,,,,,,
2016-06-17,0.0031430948380155393,0.73872,0.73852,,,,,,,,,,,,,,,,,,
2016-06-20,0.003064363349502266,0.74471,0.74573,,,,,,,,,,,,,,,,,,
2016-06-21,0.0029964150877386337,0.74969,0.74619,172.0,-0.004786745334521181,0.74611,0.74628,0.7456,,,,,,,,,,,,,
2016-06-22,0.0029576627172928907,0.74979,0.74918,,,,,,,,,,,,,,,,,,
2016-06-23,0.002884287409816154,0.75649,0.75969,,,,,,,,,,,,,,,,,,
2016-06-24,0.002918673582598135,0.74191,0.74435,55.0,0.005041790226526319,0.74566,0.74567,0.74416,0.74446,116.0,0.006864016525966798,0.74702,0.74695,0.74661,0.74954,124.0,0.008829901706843023,0.74849,0.74803,0.74861,0.74746
2016-06-27,0.003791353806366084,0.73991,0.73548,170.0,-0.00605959762458548,0.73544,0.73497,0.73536,,178.0,-0.007692606533561214,0.73424,0.73447,,,,,,,,
2016-06-28,0.004147311902449298,0.73892,0.73512,,,,,,,,,,,,,,,,,,
2016-06-29,0.004041794151982689,0.74359,0.74407,,,,,,,,,,,,,,,,,,
2016-06-30,0.0039471777911216305,0.74375,0.74333,,,,,,,,,,,,,,,,,,
2016-07-01,0.003880712591873898,0.74832,0.74848,,,,,,,,,,,,,,,,,,
2016-07-04,0.0037801015067343664,0.75289,0.75366,,,,,,,,,,,,,,,,,,
2016-07-05,0.0036321865492532383,0.74839,0.74551,,,,,,,,,,,,,,,,,,
2016-07-06,0.0035515835641994377,0.74681,0.75086,,,,,,,,,,,,,,,,,,
2016-07-07,0.0036738347283726235,0.75121,0.74868,,,,,,,,,,,,,,,,,,
2016-07-08,0.0037604732928623054,0.75148,0.75568,30.0,-0.005644794235051088,0.74725,0.74723,0.75139,0.75365,,,,,,,,,,,,
2016-07-11,0.0036635858518647628,0.75597,0.75347,,,,,,,,,,,,,,,,,,
2016-07-12,0.0035807256602664937,0.763,0.76289,,,,,,,,,,,,,,,,,,
2016-07-13,0.0035153968393438423,0.76256,0.76229,,,,,,,,,,,,,,,,,,
2016-07-14,0.003425189097433289,0.76412,0.76317,,,,,,,,,,,,,,,,,,
2016-07-15,0.0033762262435214807,0.76535,0.75856,83.0,-0.0052138034687938765,0.76137,0.76124,0.76051,0.76076,95.0,-0.00685692998455923,0.76012,0.76014,0.76095,0.76075,145.0,-0.008515938383606592,0.75886,0.75893,0.75857,0.75857
2016-07-18,0.003325259317412282,0.7595,0.75952,,,,,,,,,,,,,,,,,,
2016-07-19,0.003358850180889243,0.74936,0.74924,,,,,,,,,,,,,,,,,,
2016-07-20,0.003370240905314167,0.74882,0.74831,,,,,,,,,,,,,,,,,,
2016-07-21,0.003309633315726109,0.74842,0.74958,,,,,,,,,,,,,,,,,,
2016-07-22,0.0032345403780704874,0.74819,0.74524,169.0,-0.005024698538646889,0.74444,0.74461,0.74456,,,,,,,,,,,,,
2016-07-25,0.0031551966588547298,0.74861,0.74574,,,,,,,,,,,,,,,,,,
2016-07-26,0.00301100221937412,0.75262,0.75138,,,,,,,,,,,,,,,,,,
2016-07-27,0.002938868531798998,0.74687,0.74596,,,,,,,,,,,,,,,,,,
2016-07-28,0.0028697704721209333,0.75238,0.75099,,,,,,,,,,,,,,,,,,
2016-07-29,0.002808275153179149,0.75184,0.75976,47.0,0.004750350612551263,0.75542,0.75579,0.75555,0.75718,53.0,0.005901365153766897,0.75629,0.75609,0.75605,0.75735,60.0,0.007196325560950884,0.75727,0.75728,0.75782,0.75829
2016-08-01,0.0027665870026921916,0.75666,0.75662,,,,,,,,,,,,,,,,,,
2016-08-02,0.0027756771962207084,0.76009,0.76106,117.0,0.004384590095113588,0.76343,0.76355,0.7629,0.76222,,,,,,,,,,,,
2016-08-03,0.0028572636134759975,0.75947,0.759,,,,,,,,,,,,,,,,,,
2016-08-04,0.002910865416220298,0.76171,0.76375,,,,,,,,,,,,,,,,,,
2016-08-05,0.0028458340404116335,0.76584,0.76146,35.0,-0.004396992008727303,0.76248,0.7625,0.76416,0.76426,87.0,-0.0058406944368490175,0.76138,0.76152,0.76147,0.76052,101.0,-0.007128660023823627,0.7604,0.76052,0.75985,0.76096
2016-08-08,0.002840420948795561,0.76375,0.7655,122.0,0.004272366160784092,0.76702,0.7666,0.7666,0.76669,,,,,,,,,,,,
2016-08-09,0.002751324426105664,0.76648,0.76758,,,,,,,,,,,,,,,,,,
2016-08-10,0.0026964038592203173,0.77439,0.77168,,,,,,,,,,,,,,,,,,
2016-08-11,0.002768408745875559,0.77105,0.77106,,,,,,,,,,,,,,,,,,
2016-08-12,0.002709986900696778,0.76789,0.76683,36.0,0.004443874256995097,0.77131,0.77133,0.77171,0.77131,47.0,0.005480533198364267,0.77211,0.7717,0.77184,0.77172,,,,,,
2016-08-15,0.002661410392975875,0.76692,0.76891,,,,,,,,,,,,,,,,,,
2016-08-16,0.002571153178464787,0.77326,0.76943,75.0,-0.004043027406993756,0.77014,0.77044,0.76973,0.76874,86.0,-0.00551137058735487,0.76901,0.76919,0.76856,0.76856,94.0,-0.006487126387580134,0.76826,0.768,0.76846,0.76867
2016-08-17,0.0025516282022768964,0.76311,0.76214,,,,,,,,,,,,,,,,,,
2016-08-18,0.0024929629865754893,0.76774,0.76834,,,,,,,,,,,,,,,,,,
2016-08-19,0.0024449962021290714,0.76144,0.76195,,,,,,,,,,,,,,,,,,
2016-08-22,0.002564430340738919,0.76119,0.76288,,,,,,,,,,,,,,,,,,
2016-08-23,0.0024851540692726296,0.7653,0.76314,,,,,,,,,,,,,,,,,,
2016-08-24,0.0025072765241559228,0.76243,0.75999,,,,,,,,,,,,,,,,,,
2016-08-25,0.0024712884824687345,0.76099,0.76099,,,,,,,,,,,,,,,,,,
2016-08-26,0.0024354874505961802,0.76394,0.76127,55.0,0.00441467221698882,0.76732,0.76688,0.76674,0.76617,134.0,0.005691029822440965,0.7683,0.76831,0.76856,0.76751,136.0,0.006770753882248158,0.76913,0.7684,0.76843,0.76747
2016-08-29,0.0023769651929969795,0.75482,0.75743,,,,,,,,,,,,,,,,,,
2016-08-30,0.00245366569571798,0.75513,0.75151,127.0,-0.00425998454523243,0.75192,0.75199,0.75232,0.75208,169.0,-0.004965095296785785,0.75139,0.75145,0.75134,,,,,,,
2016-08-31,0.002417905025134721,0.75178,0.75161,,,,,,,,,,,,,,,,,,
2016-09-01,0.0024069174170017523,0.7533,0.7542,110.0,-0.0036173138361085275,0.75058,0.75053,0.75072,0.75405,,,,,,,,,,,,
2016-09-02,0.0023521144744375194,0.75592,0.75553,30.0,0.004408724257080288,0.75926,0.75836,0.7614,0.75909,33.0,0.004935414285846307,0.75966,0.76068,0.7594,0.75848,34.0,0.006277219609704929,0.76068,0.7614,0.75919,0.75838
2016-09-05,0.002314417281157185,0.75879,0.7588,,,,,,,,,,,,,,,,,,
2016-09-06,0.0022489022583069276,0.76264,0.76747,124.0,0.003834556232693502,0.76557,0.76538,0.7653,0.76624,137.0,0.0051399201576583994,0.76657,0.7664,0.7663,0.76687,150.0,0.0056876652872923745,0.76699,0.76688,0.76686,0.76779
2016-09-07,0.0022557582813599953,0.76748,0.76737,,,,,,,,,,,,,,,,,,
2016-09-08,0.002278392412755604,0.7717,0.76682,120.0,-0.0035699255776249304,0.76895,0.76907,0.76857,0.76734,126.0,-0.004558775079854701,0.76819,0.76789,0.76713,0.76753,130.0,-0.006291618091879419,0.76686,0.76713,0.76734,0.76737
2016-09-09,0.0022361727334342016,0.75946,0.75502,99.0,-0.004288539036924755,0.75621,0.7564,0.75646,0.75559,109.0,-0.004579505842310394,0.75599,0.75581,0.75559,0.75619,130.0,-0.005810438131020444,0.75506,0.7555,0.75733,0.75626
2016-09-12,0.0022422031632029827,0.75165,0.75236,,,,,,,,,,,,,,,,,,
2016-09-13,0.0025707834105366863,0.7525,0.74697,130.0,-0.004208177519981918,0.74934,0.74964,0.74971,0.74925,,,,,,,,,,,,
2016-09-14,0.0025208493423177487,0.74712,0.74853,,,,,,,,,,,,,,,,,,
2016-09-15,0.0025925775818907326,0.74757,0.75083,,,,,,,,,,,,,,,,,,
2016-09-16,0.0025409233507904484,0.75012,0.74869,,,,,,,,,,,,,,,,,,
2016-09-19,0.002618310111888879,0.75476,0.75615,,,,,,,,,,,,,,,,,,
2016-09-20,0.002618454964472396,0.75483,0.75498,,,,,,,,,,,,,,,,,,
2016-09-21,0.0025601664051546793,0.75986,0.7589,145.0,-0.003850215726808711,0.75694,0.75676,0.75687,0.75698,,,,,,,,,,,,
2016-09-22,0.0025050268733054883,0.76633,0.76432,,,,,,,,,,,,,,,,,,
2016-09-23,0.0026469861716822167,0.76354,0.76192,,,,,,,,,,,,,,,,,,
2016-09-26,0.002584684332907935,0.76357,0.7641,,,,,,,,,,,,,,,,,,
2016-09-27,0.002471017492949162,0.7663,0.76581,,,,,,,,,,,,,,,,,,
2016-09-28,0.002513214596031526,0.76646,0.76547,,,,,,,,,,,,,,,,,,
2016-09-29,0.0024546067885924823,0.76663,0.76756,,,,,,,,,,,,,,,,,,
2016-09-30,0.0024314276474917246,0.76178,0.76673,59.0,0.0037473347398477848,0.76464,0.76464,0.76407,0.76457,78.0,0.004949792079872046,0.76556,0.76538,0.76492,0.76532,,,,,,
2016-10-03,0.0025485335091649988,0.76752,0.76657,,,,,,,,,,,,,,,,,,
2016-10-04,0.0024676441912457664,0.76668,0.76418,141.0,-0.0038420872918541217,0.76374,0.76379,0.76405,0.76436,,,,,,,,,,,,
2016-10-05,0.002422660853265899,0.76183,0.76175,,,,,,,,,,,,,,,,,,
2016-10-06,0.0024257935501132547,0.75801,0.75806,,,,,,,,,,,,,,,,,,
2016-10-07,0.0023959221127238836,0.75804,0.75602,61.0,0.0038709216087836895,0.76098,0.76144,0.76048,0.7617,76.0,0.004816622680133106,0.7617,0.76089,0.76099,0.7615,,,,,,
2016-10-10,0.0023722063314575216,0.75924,0.76166,158.0,0.003654869114574051,0.76202,0.76214,0.76247,0.76239,,,,,,,,,,,,
2016-10-11,0.0022711795140085713,0.75476,0.75455,,,,,,,,,,,,,,,,,,
2016-10-12,0.0022392095856048552,0.75744,0.75529,,,,,,,,,,,,,,,,,,
2016-10-13,0.0021923430542347988,0.7561,0.75572,,,,,,,,,,,,,,,,,,
2016-10-14,0.0022586200753212946,0.76298,0.76107,,,,,,,,,,,,,,,,,,
2016-10-17,0.0024577143253150437,0.76143,0.76241,,,,,,,,,,,,,,,,,,
2016-10-18,0.0023676715933908803,0.76695,0.76782,,,,,,,,,,,,,,,,,,
2016-10-19,0.0024875995520058443,0.76772,0.77132,,,,,,,,,,,,,,,,,,
2016-10-20,0.002428981055922626,0.7668,0.76384,136.0,-0.0038545763597576223,0.76385,0.76386,0.76344,0.76296,150.0,-0.00496797988703246,0.763,0.76296,0.76302,0.76292,,,,,,
2016-10-21,0.002400060820146993,0.76321,0.75973,96.0,-0.0036623105588758087,0.76042,0.76056,0.76104,0.76031,,,,,,,,,,,,
2016-10-24,0.002465049244252925,0.76274,0.76017,,,,,,,,,,,,,,,,,,
2016-10-25,0.002370905556573314,0.76376,0.7651,,,,,,,,,,,,,,,,,,
2016-10-26,0.0023224067333240937,0.76748,0.76578,124.0,-0.0036418975488934093,0.76469,0.7646,0.76433,0.76482,,,,,,,,,,,,
2016-10-27,0.0025172313855561907,0.76127,0.76051,,,,,,,,,,,,,,,,,,
2016-10-28,0.002603549482980677,0.75721,0.75797,,,,,,,,,,,,,,,,,,
2016-10-31,0.0025698939695706965,0.76061,0.76115,,,,,,,,,,,,,,,,,,
2016-11-01,0.002451611021550503,0.76783,0.766,,,,,,,,,,,,,,,,,,
2016-11-02,0.0024074652616655583,0.76707,0.76699,,,,,,,,,,,,,,,,,,
2016-11-03,0.0023503369318386477,0.76703,0.76805,,,,,,,,,,,,,,,,,,
2016-11-04,0.0023702534457811218,0.76869,0.76664,135.0,-0.00393649977819204,0.76567,0.76579,0.76591,0.76526,,,,,,,,,,,,
2016-11-07,0.0023265315244670294,0.76929,0.7705,,,,,,,,,,,,,,,,,,
2016-11-08,0.0022210748862402604,0.77056,0.77414,152.0,0.0036271349160032097,0.77336,0.77326,0.77325,0.77327,,,,,,,,,,,,
2016-11-09,0.002200214089162591,0.76751,0.76418,79.0,-0.0033148913211260944,0.76497,0.7651,0.76573,0.76557,,,,,,,,,,,,
2016-11-10,0.0025656317172685476,0.76329,0.76192,47.0,-0.003951251227191357,0.76028,0.76007,0.75958,0.7585,53.0,-0.005544037952845049,0.75907,0.7583,0.75859,0.75922,54.0,-0.006558952002938215,0.7583,0.75849,0.75912,0.75943
2016-11-11,0.002665388298814657,0.75876,0.7557,44.0,-0.004239560998752858,0.75555,0.75554,0.75555,0.75462,58.0,-0.005524218787688863,0.75458,0.75462,0.75409,0.75509,119.0,-0.006783990471525238,0.75363,0.75365,0.75404,0.75336
2016-11-14,0.002661570111539344,0.75607,0.75338,106.0,-0.004267959716643682,0.75285,0.75297,0.75322,0.75311,,,,,,,,,,,,
2016-11-15,0.002694322589061606,0.75311,0.75459,78.0,0.004094591988607106,0.7562,0.75622,0.75562,0.7553,,,,,,,,,,,,
2016-11-16,0.0026339292384605973,0.74806,0.74862,,,,,,,,,,,,,,,,,,
2016-11-17,0.0025699390119540352,0.74628,0.74227,,,,,,,,,,,,,,,,,,
2016-11-18,0.0026831801666563995,0.73791,0.73371,102.0,-0.004346002413016587,0.73471,0.73486,0.7353,0.73424,135.0,-0.005544471784406974,0.73383,0.7337,0.73318,0.73376,,,,,,
2016-11-21,0.002874543862041976,0.73719,0.73571,,,,,,,,,,,,,,,,,,
2016-11-22,0.0028549545160295596,0.73961,0.73927,,,,,,,,,,,,,,,,,,
2016-11-23,0.0029815157151328224,0.73837,0.73869,,,,,,,,,,,,,,,,,,
2016-11-24,0.0029310737358858056,0.73999,0.74017,,,,,,,,,,,,,,,,,,
2016-11-25,0.002939295613052944,0.74467,0.74304,,,,,,,,,,,,,,,,,,
2016-11-28,0.0029843862807811886,0.74608,0.74735,,,,,,,,,,,,,,,,,,
2016-11-29,0.002903995374215729,0.744,0.74744,105.0,0.0045059619207061365,0.74736,0.74713,0.74713,0.74665,,,,,,,,,,,,
2016-11-30,0.0028331139473200474,0.74434,0.73926,69.0,-0.004321871187591959,0.74113,0.74132,0.7414,0.74158,111.0,-0.005739631229556026,0.74008,0.74017,0.74003,0.738,117.0,-0.007213530635702263,0.73899,0.73875,0.73859,0.73843
2016-12-01,0.0027659899412827127,0.73997,0.73985,,,,,,,,,,,,,,,,,,
2016-12-02,0.002847562170229349,0.74264,0.74527,63.0,0.004313102508262367,0.74585,0.74596,0.74624,0.74585,,,,,,,,,,,,
2016-12-05,0.0027776074747873913,0.744,0.74932,120.0,0.004385530777066759,0.74727,0.74698,0.74726,0.74741,,,,,,,,,,,,
2016-12-06,0.0027110335363075525,0.74558,0.7453,,,,,,,,,,,,,,,,,,
2016-12-07,0.002647382161217132,0.74496,0.74745,114.0,0.004112558459122989,0.74803,0.7479,0.74827,0.74744,,,,,,,,,,,,
2016-12-08,0.0026115795043400373,0.74578,0.74488,,,,,,,,,,,,,,,,,,
2016-12-09,0.002726007035237375,0.74706,0.7443,177.0,-0.004131350441034246,0.74398,0.74394,,,,,,,,,,,,,,
2016-12-12,0.00271246162641129,0.74892,0.75024,,,,,,,,,,,,,,,,,,
2016-12-13,0.002588971116286534,0.75093,0.74963,,,,,,,,,,,,,,,,,,
2016-12-14,0.0025903022247062606,0.75124,0.75083,,,,,,,,,,,,,,,,,,
2016-12-15,0.0025263380180153014,0.7381,0.73619,77.0,-0.004072772395964727,0.7351,0.73505,0.73572,0.73628,158.0,-0.005270605550374854,0.73422,0.73421,0.73398,0.73402,,,,,,
2016-12-16,0.002651238190577388,0.73313,0.7299,87.0,-0.004525111108561772,0.72982,0.7297,0.72962,0.7282,96.0,-0.005484711988262595,0.72912,0.72876,0.7284,0.72759,102.0,-0.006747303762501998,0.7282,0.72763,0.7279,0.72744
2016-12-19,0.002714941904357357,0.72552,0.7257,,,,,,,,,,,,,,,,,,
2016-12-20,0.002714031715094886,0.72311,0.72536,,,,,,,,,,,,,,,,,,
2016-12-21,0.0027026267722154848,0.72712,0.72481,160.0,-0.004175831758305578,0.72409,0.72419,0.72449,0.72465,,,,,,,,,,,,
2016-12-22,0.0026399203189288777,0.72062,0.72066,,,,,,,,,,,,,,,,,,
2016-12-23,0.0025979617374652228,0.71658,0.71688,,,,,,,,,,,,,,,,,,
2016-12-27,0.002571285684760105,0.719,0.71859,,,,,,,,,,,,,,,,,,
2016-12-28,0.0024308970641352453,0.71645,0.71746,,,,,,,,,,,,,,,,,,
2016-12-29,0.0023940522665236576,0.72036,0.7207,,,,,,,,,,,,,,,,,,
2016-12-30,0.0023388254262531973,0.72199,0.72201,,,,,,,,,,,,,,,,,,
2017-01-02,0.0023309141342562206,0.71729,0.71821,,,,,,,,,,,,,,,,,,
2017-01-03,0.0024518620150869364,0.7212,0.72364,163.0,0.003888713115863558,0.72401,0.72389,0.72363,0.72318,,,,,,,,,,,,
2017-01-04,0.0024479527588976645,0.72646,0.72683,,,,,,,,,,,,,,,,,,
2017-01-05,0.002411364699063939,0.73086,0.73389,70.0,0.00374199800233272,0.7336,0.73356,0.73318,0.73276,107.0,0.004845532831387992,0.73441,0.73444,0.7346,0.73447,129.0,0.006070256060977403,0.73531,0.73538,0.73507,0.73417
2017-01-06,0.0024973549000587474,0.73097,0.73041,,,,,,,,,,,,,,,,,,
2017-01-09,0.0024677873887306995,0.73366,0.73687,150.0,0.003863529864354938,0.7365,0.73663,0.73633,0.73649,,,,,,,,,,,,
2017-01-10,0.002413375241062638,0.73445,0.73626,39.0,0.0037101759703581233,0.73718,0.73711,0.73739,0.73728,118.0,0.005052230599553355,0.73817,0.73826,0.73801,0.73794,,,,,,
2017-01-11,0.0025090675553120713,0.73795,0.7429,164.0,0.004475369318277708,0.74126,0.74252,0.74155,0.7398,165.0,0.006173734713237483,0.74252,0.74164,0.74184,0.73844,,,,,,
2017-01-12,0.0024690350834815564,0.74973,0.75067,,,,,,,,,,,,,,,,,,
2017-01-13,0.002624555960136777,0.74764,0.74873,,,,,,,,,,,,,,,,,,
2017-01-16,0.002596690737831829,0.74725,0.74792,,,,,,,,,,,,,,,,,,
2017-01-17,0.0025282587081611706,0.75456,0.75449,,,,,,,,,,,,,,,,,,
2017-01-18,0.002501276243033022,0.75449,0.754,,,,,,,,,,,,,,,,,,
2017-01-19,0.0025420452188252363,0.75535,0.75384,,,,,,,,,,,,,,,,,,
2017-01-20,0.0025209935985135443,0.75473,0.75412,,,,,,,,,,,,,,,,,,
2017-01-23,0.002563666872886034,0.75742,0.75615,,,,,,,,,,,,,,,,,,
2017-01-24,0.0024940102548240096,0.75759,0.7588,,,,,,,,,,,,,,,,,,
2017-01-25,0.0024611803053220093,0.755,0.75583,,,,,,,,,,,,,,,,,,
2017-01-26,0.002454196520511715,0.754,0.75395,,,,,,,,,,,,,,,,,,
2017-01-27,0.0024414043208540203,0.75602,0.75459,,,,,,,,,,,,,,,,,,
2017-01-30,0.002455216702231768,0.75438,0.75545,,,,,,,,,,,,,,,,,,
2017-01-31,0.0023927256241607305,0.75725,0.75695,55.0,0.0038617974356294333,0.76018,0.75999,0.76021,0.75947,,,,,,,,,,,,
2017-02-01,0.0023650403647399424,0.75651,0.75627,,,,,,,,,,,,,,,,,,
2017-02-02,0.0023298357791366286,0.76857,0.76685,,,,,,,,,,,,,,,,,,
2017-02-03,0.0024535348369918754,0.76757,0.76869,,,,,,,,,,,,,,,,,,
2017-02-06,0.002423187501842371,0.76445,0.76497,,,,,,,,,,,,,,,,,,
2017-02-07,0.0023745254323750513,0.76185,0.76324,,,,,,,,,,,,,,,,,,
2017-02-08,0.002341526366276953,0.76452,0.76422,,,,,,,,,,,,,,,,,,
2017-02-09,0.0023483012269689975,0.76597,0.76288,59.0,-0.0035966792413273086,0.76322,0.76309,0.76277,0.76337,86.0,-0.004711002339872657,0.76237,0.76248,0.76233,0.76271,,,,,,
2017-02-10,0.002317770852715596,0.76456,0.76794,83.0,0.0035382553250211846,0.76727,0.76718,0.76707,0.76705,147.0,0.004840728906132445,0.76827,0.76845,0.76864,0.76827,,,,,,
2017-02-13,0.0023009296836509034,0.765,0.76416,,,,,,,,,,,,,,,,,,
2017-02-14,0.002269229706287692,0.7679,0.76403,65.0,-0.0034177364045112246,0.76528,0.76528,0.76554,0.76562,91.0,-0.004581386211891351,0.76439,0.7645,0.76399,0.76234,97.0,-0.005851177783269078,0.76342,0.76414,0.76288,0.76272
2017-02-15,0.002247998339401997,0.76451,0.76978,62.0,0.0034733138438394094,0.76717,0.76711,0.76718,0.76783,78.0,0.004932160311523413,0.76829,0.76889,0.76842,0.76847,79.0,0.005712810632853058,0.76889,0.76889,0.76855,0.76826
2017-02-16,0.002223468474677257,0.76969,0.7699,,,,,,,,,,,,,,,,,,
2017-02-17,0.0022550830460639597,0.76694,0.76622,,,,,,,,,,,,,,,,,,
2017-02-20,0.002226245805779225,0.76738,0.76831,,,,,,,,,,,,,,,,,,
2017-02-21,0.0022408999837662674,0.76575,0.76749,,,,,,,,,,,,,,,,,,
2017-02-22,0.0022150516975920783,0.7677,0.76895,,,,,,,,,,,,,,,,,,
2017-02-23,0.002206762496503963,0.77284,0.77124,,,,,,,,,,,,,,,,,,
2017-02-24,0.002180446705993951,0.76738,0.76807,,,,,,,,,,,,,,,,,,
2017-02-27,0.0021837831717537227,0.76768,0.76832,,,,,,,,,,,,,,,,,,
2017-02-28,0.002204279104518149,0.76695,0.76777,,,,,,,,,,,,,,,,,,
2017-03-01,0.0021787771393419323,0.76544,0.76741,,,,,,,,,,,,,,,,,,
2017-03-02,0.002184210316324732,0.75919,0.75628,,,,,,,,,,,,,,,,,,
2017-03-03,0.0021567910850130447,0.75789,0.75563,,,,,,,,,,,,,,,,,,
2017-03-06,0.002394522854040559,0.76015,0.75751,,,,,,,,,,,,,,,,,,
2017-03-07,0.0023695818537812297,0.76079,0.76039,,,,,,,,,,,,,,,,,,
2017-03-08,0.0023980650505193166,0.75421,0.7535,,,,,,,,,,,,,,,,,,
2017-03-09,0.00238321306653839,0.7521,0.75079,130.0,-0.0035830635532606513,0.74941,0.74944,0.74965,0.7506,,,,,,,,,,,,
2017-03-10,0.0025103374363523744,0.7552,0.75379,,,,,,,,,,,,,,,,,,
2017-03-13,0.0024727943004934885,0.75691,0.75811,,,,,,,,,,,,,,,,,,
2017-03-14,0.002431142397633108,0.75548,0.75763,,,,,,,,,,,,,,,,,,
2017-03-15,0.002396126780458859,0.75864,0.75912,,,,,,,,,,,,,,,,,,
2017-03-16,0.002359976117543122,0.76886,0.76734,,,,,,,,,,,,,,,,,,
2017-03-17,0.0027473823881521533,0.77035,0.76886,,,,,,,,,,,,,,,,,,
2017-03-20,0.00269938742532471,0.77211,0.77338,,,,,,,,,,,,,,,,,,
2017-03-21,0.0026259171099518547,0.77362,0.77171,,,,,,,,,,,,,,,,,,
2017-03-22,0.002584712886723058,0.7659,0.76725,,,,,,,,,,,,,,,,,,
2017-03-23,0.002600435273783003,0.7639,0.76458,,,,,,,,,,,,,,,,,,
2017-03-24,0.002556315732372799,0.76141,0.76182,,,,,,,,,,,,,,,,,,
2017-03-27,0.0025674753550735674,0.76405,0.76228,134.0,-0.004065579370457456,0.76095,0.76096,0.76127,0.7611,,,,,,,,,,,,
2017-03-28,0.0024886482539061643,0.7599,0.76498,86.0,0.0037828085143467582,0.76278,0.76278,0.76328,0.76293,174.0,0.005119129115676698,0.7638,0.76371,0.76348,,,,,,,
2017-03-29,0.002451584615773551,0.76478,0.76586,,,,,,,,,,,,,,,,,,
2017-03-30,0.002423088346495814,0.76721,0.76649,,,,,,,,,,,,,,,,,,
2017-03-31,0.0023940003846774673,0.76479,0.76365,,,,,,,,,,,,,,,,,,
2017-04-03,0.0023671723278017105,0.76053,0.76011,,,,,,,,,,,,,,,,,,
2017-04-04,0.002311224546081237,0.75507,0.75657,,,,,,,,,,,,,,,,,,
2017-04-05,0.0022812059476036567,0.75831,0.75727,,,,,,,,,,,,,,,,,,
2017-04-06,0.002285490820172476,0.75585,0.75474,,,,,,,,,,,,,,,,,,
2017-04-07,0.0022817500688355917,0.75255,0.75157,,,,,,,,,,,,,,,,,,
2017-04-10,0.002258908383424414,0.74921,0.74993,,,,,,,,,,,,,,,,,,
2017-04-11,0.0022314393388144197,0.75092,0.74966,127.0,-0.0033615270562269636,0.7484,0.74846,0.74853,0.74758,163.0,-0.004551438354382179,0.74751,0.74779,0.74776,0.74765,,,,,,
2017-04-12,0.002212652880543831,0.74846,0.74845,,,,,,,,,,,,,,,,,,
2017-04-13,0.0021869167812699026,0.75733,0.75834,,,,,,,,,,,,,,,,,,
2017-04-14,0.002387745497171325,0.75721,0.75757,,,,,,,,,,,,,,,,,,
2017-04-17,0.0023539032986232174,0.75902,0.76041,,,,,,,,,,,,,,,,,,
2017-04-18,0.00229730426188655,0.75495,0.75543,,,,,,,,,,,,,,,,,,
2017-04-19,0.002287389305959855,0.75241,0.74995,,,,,,,,,,,,,,,,,,
2017-04-20,0.0022840061804140447,0.75213,0.7538,,,,,,,,,,,,,,,,,,
2017-04-21,0.0022646167724582706,0.75192,0.75388,62.0,0.003438596618497133,0.75451,0.75439,0.7542,0.75407,,,,,,,,,,,,
2017-04-24,0.0022445059631492803,0.75677,0.75562,,,,,,,,,,,,,,,,,,
2017-04-25,0.002203515618177447,0.75328,0.75378,,,,,,,,,,,,,,,,,,
2017-04-26,0.0021777531246396716,0.74824,0.74613,,,,,,,,,,,,,,,,,,
2017-04-27,0.0022187767063379113,0.74684,0.74515,128.0,-0.003393357378826762,0.74431,0.7442,0.74432,0.74433,,,,,,,,,,,,
2017-04-28,0.002213224551462501,0.74713,0.74774,,,,,,,,,,,,,,,,,,
2017-05-01,0.00219395518882468,0.75244,0.7533,,,,,,,,,,,,,,,,,,
2017-05-02,0.002150357505450949,0.7514,0.75223,,,,,,,,,,,,,,,,,,
2017-05-03,0.0022487385393601565,0.74768,0.74504,,,,,,,,,,,,,,,,,,
2017-05-04,0.0022324180198455904,0.74022,0.74014,,,,,,,,,,,,,,,,,,
2017-05-05,0.002527373439938122,0.73885,0.74141,,,,,,,,,,,,,,,,,,
2017-05-08,0.0024991880159509405,0.73959,0.73841,,,,,,,,,,,,,,,,,,
2017-05-09,0.0024503481079553666,0.73523,0.7351,,,,,,,,,,,,,,,,,,
2017-05-10,0.002449049646179569,0.73795,0.7382,,,,,,,,,,,,,,,,,,
2017-05-11,0.0024135849934196385,0.73656,0.73726,,,,,,,,,,,,,,,,,,
2017-05-12,0.0023780365455578984,0.73807,0.73967,40.0,0.003948458877456423,0.74099,0.74112,0.74136,0.74155,52.0,0.004771343200730149,0.7416,0.7417,0.74189,0.74164,,,,,,
2017-05-15,0.0023752068795401117,0.74406,0.74247,,,,,,,,,,,,,,,,,,
2017-05-16,0.0023169459653743824,0.7414,0.74285,,,,,,,,,,,,,,,,,,
2017-05-17,0.0022912139054799305,0.74063,0.74257,164.0,0.00402897631077534,0.74362,0.74342,0.74317,0.74257,,,,,,,,,,,,
2017-05-18,0.0022622516311302182,0.74389,0.74313,,,,,,,,,,,,,,,,,,
2017-05-19,0.002282075352418234,0.74389,0.7449,,,,,,,,,,,,,,,,,,
2017-05-22,0.0022808217246155322,0.74673,0.74756,,,,,,,,,,,,,,,,,,
2017-05-23,0.002262869299928118,0.75061,0.7485,,,,,,,,,,,,,,,,,,
2017-05-24,0.002315658799162565,0.7476,0.74617,,,,,,,,,,,,,,,,,,
2017-05-25,0.002325698000126633,0.74659,0.7465,,,,,,,,,,,,,,,,,,
2017-05-26,0.002383492545101647,0.74443,0.74402,,,,,,,,,,,,,,,,,,
2017-05-29,0.002521281966477364,0.74369,0.74473,,,,,,,,,,,,,,,,,,
2017-05-30,0.002448536363317841,0.74504,0.74639,,,,,,,,,,,,,,,,,,
2017-05-31,0.0024174442418525123,0.74515,0.74361,,,,,,,,,,,,,,,,,,
2017-06-01,0.002397876395206972,0.73884,0.73857,,,,,,,,,,,,,,,,,,
2017-06-02,0.002457604438427658,0.73904,0.74412,44.0,0.004320594321138295,0.74224,0.7422,0.74163,0.74085,134.0,0.005020931050099444,0.74276,0.74302,0.74336,0.74294,142.0,0.0062050000797210705,0.74364,0.74357,0.74312,0.74291
2017-06-05,0.002424286160077494,0.74754,0.74783,,,,,,,,,,,,,,,,,,
2017-06-06,0.002451836358643882,0.74832,0.7513,87.0,0.0036814767470343297,0.75108,0.75129,0.75115,0.75166,,,,,,,,,,,,
2017-06-07,0.00242327739094273,0.75551,0.75492,,,,,,,,,,,,,,,,,,
2017-06-08,0.002520440449483749,0.75434,0.75421,,,,,,,,,,,,,,,,,,
2017-06-09,0.0024814602206497676,0.75319,0.75312,,,,,,,,,,,,,,,,,,
2017-06-12,0.002444708628835163,0.75419,0.75379,,,,,,,,,,,,,,,,,,
2017-06-13,0.002372857275807709,0.75368,0.75381,,,,,,,,,,,,,,,,,,
2017-06-14,0.0023720613029073767,0.75788,0.76195,36.0,0.00374029146702738,0.76072,0.76133,0.76137,0.76234,42.0,0.0049883292540725535,0.76167,0.76237,0.76236,0.76205,45.0,0.006339707406031469,0.7627,0.76269,0.76247,0.7628
2017-06-15,0.0023500045280843824,0.75834,0.75814,,,,,,,,,,,,,,,,,,
2017-06-16,0.0024921078419423287,0.76051,0.76224,,,,,,,,,,,,,,,,,,
2017-06-19,0.0024605406954858527,0.76088,0.76045,,,,,,,,,,,,,,,,,,
2017-06-20,0.0023979047968689647,0.75995,0.75729,,,,,,,,,,,,,,,,,,
2017-06-21,0.002387006778332255,0.75597,0.75488,,,,,,,,,,,,,,,,,,
2017-06-22,0.0023615756157381704,0.75398,0.75402,,,,,,,,,,,,,,,,,,
2017-06-23,0.0023433262165211224,0.75683,0.75774,,,,,,,,,,,,,,,,,,
2017-06-26,0.0023103841048646447,0.75721,0.75887,105.0,0.003493579986806757,0.75986,0.75983,0.75976,0.75962,,,,,,,,,,,,
2017-06-27,0.0022672145812773553,0.7606,0.7587,,,,,,,,,,,,,,,,,,
2017-06-28,0.0022401394782090986,0.75931,0.76396,141.0,0.0033658113001562837,0.76187,0.7617,0.76127,0.76139,,,,,,,,,,,,
2017-06-29,0.002219187992318221,0.76742,0.76788,,,,,,,,,,,,,,,,,,
2017-06-30,0.002285160783292455,0.76826,0.76756,,,,,,,,,,,,,,,,,,
2017-07-03,0.0023107099250313213,0.76581,0.76515,,,,,,,,,,,,,,,,,,
2017-07-04,0.0022564321927856083,0.76079,0.76029,,,,,,,,,,,,,,,,,,
2017-07-05,0.0022301625376465683,0.7599,0.75868,121.0,-0.0036518764670959154,0.75713,0.75727,0.75743,0.75771,,,,,,,,,,,,
2017-07-06,0.002265349782268709,0.75865,0.75827,,,,,,,,,,,,,,,,,,
2017-07-07,0.002246851621951515,0.76007,0.75984,,,,,,,,,,,,,,,,,,
2017-07-10,0.0022265486730586154,0.75897,0.75988,,,,,,,,,,,,,,,,,,
2017-07-11,0.0021883101186447986,0.76078,0.76142,,,,,,,,,,,,,,,,,,
2017-07-12,0.0021617606892569722,0.76513,0.76719,46.0,0.003470504227019498,0.76779,0.76781,0.76748,0.76805,,,,,,,,,,,,
2017-07-13,0.002211054132480068,0.77267,0.77265,,,,,,,,,,,,,,,,,,
2017-07-14,0.002212019708123266,0.77617,0.78126,30.0,0.0033698647931656475,0.77879,0.7791,0.77887,0.78114,41.0,0.004447879810103447,0.77963,0.78018,0.7819,0.78175,44.0,0.005870619528551484,0.78074,0.78114,0.78119,0.78195
2017-07-17,0.0022566271363036925,0.78274,0.78107,,,,,,,,,,,,,,,,,,
2017-07-18,0.002426167815837591,0.79336,0.79228,,,,,,,,,,,,,,,,,,
2017-07-19,0.0025494264225807686,0.79332,0.7945,,,,,,,,,,,,,,,,,,
2017-07-20,0.002549639785675369,0.79171,0.79549,151.0,0.0038953475329307785,0.7948,0.79507,0.79477,0.79584,166.0,0.005202997470309004,0.79584,0.79582,0.79526,,,,,,,
2017-07-21,0.002514145430582165,0.7917,0.79088,,,,,,,,,,,,,,,,,,
2017-07-24,0.002560749283942595,0.79451,0.79216,,,,,,,,,,,,,,,,,,
2017-07-25,0.0025084794759332022,0.79526,0.79478,,,,,,,,,,,,,,,,,,
2017-07-26,0.0024716230334413656,0.79164,0.79218,,,,,,,,,,,,,,,,,,
2017-07-27,0.002439088711456488,0.80002,0.79615,,,,,,,,,,,,,,,,,,
2017-07-28,0.0028434511034034736,0.79573,0.7992,47.0,0.004413855615435689,0.79925,0.79926,0.79813,0.79762,177.0,0.005839176553892087,0.80039,0.8003,,,,,,,,
2017-07-31,0.0029050338118502116,0.79728,0.79898,,,,,,,,,,,,,,,,,,
2017-08-01,0.002797718633265689,0.798,0.79716,,,,,,,,,,,,,,,,,,
2017-08-02,0.002816344287849891,0.79636,0.79821,,,,,,,,,,,,,,,,,,
2017-08-03,0.0029028082881477012,0.79387,0.79424,,,,,,,,,,,,,,,,,,
2017-08-04,0.0028545414805160978,0.79686,0.79234,32.0,-0.004792733290645433,0.79305,0.79344,0.79503,0.79515,57.0,-0.005953484881375023,0.79213,0.7917,0.79252,0.79216,112.0,-0.007178781727005751,0.79116,0.79116,0.79108,0.78954
2017-08-07,0.0028173171463236188,0.7913,0.79039,,,,,,,,,,,,,,,,,,
2017-08-08,0.002737901156031199,0.79354,0.7905,153.0,-0.004230525400593218,0.79019,0.79028,0.79012,0.78923,166.0,-0.005484174125303237,0.7892,0.78911,0.78912,,,,,,,
2017-08-09,0.002690748049024141,0.78933,0.7874,,,,,,,,,,,,,,,,,,
2017-08-10,0.002723617433575568,0.78766,0.7888,,,,,,,,,,,,,,,,,,
2017-08-11,0.0026818040444683356,0.78607,0.78779,31.0,0.004442646488607208,0.78957,0.78886,0.79001,0.78987,39.0,0.005366773223024924,0.7903,0.79073,0.78975,0.78877,,,,,,
2017-08-14,0.002662745387350011,0.78726,0.78643,,,,,,,,,,,,,,,,,,
2017-08-15,0.002616689679702221,0.78359,0.78201,,,,,,,,,,,,,,,,,,
2017-08-16,0.002603501667384281,0.7857,0.78813,169.0,0.004001148521687191,0.78885,0.78888,0.78884,,,,,,,,,,,,,
2017-08-17,0.002592196854000225,0.793,0.79157,,,,,,,,,,,,,,,,,,
2017-08-18,0.0027994695167922216,0.79162,0.79329,,,,,,,,,,,,,,,,,,
2017-08-21,0.0027821258909292504,0.79328,0.79347,,,,,,,,,,,,,,,,,,
2017-08-22,0.0027077441371145773,0.7904,0.79126,,,,,,,,,,,,,,,,,,
2017-08-23,0.0026612270639936675,0.79059,0.78921,,,,,,,,,,,,,,,,,,
2017-08-24,0.0026506905245464625,0.78973,0.79022,,,,,,,,,,,,,,,,,,
2017-08-25,0.0026062960045635493,0.79151,0.79281,127.0,0.004072503658572016,0.79474,0.79485,0.79498,0.7942,,,,,,,,,,,,
2017-08-28,0.002563893542788954,0.7944,0.79558,,,,,,,,,,,,,,,,,,
2017-08-29,0.0025132076186563466,0.79769,0.79727,,,,,,,,,,,,,,,,,,
2017-08-30,0.0024768560716113145,0.79429,0.79031,139.0,-0.003998970896475978,0.79112,0.79127,0.79114,0.7911,178.0,-0.005111937065896646,0.79024,0.79025,,,,,,,,
2017-08-31,0.002541488265054276,0.78785,0.79327,95.0,0.0038891084445742186,0.79092,0.79103,0.79082,0.79094,175.0,0.005190542100374745,0.79195,0.79225,0.79277,,177.0,0.006893743899902707,0.7933,0.79303,,
2017-09-01,0.0026712355911583897,0.79346,0.79793,30.0,0.004200577152349764,0.7968,0.79908,0.79922,0.79892,31.0,0.007057936792492817,0.79908,0.79793,0.799,0.79809,31.0,0.007057936792492817,0.79908,0.79793,0.799,0.79809
2017-09-04,0.002678380042471233,0.79576,0.79495,,,,,,,,,,,,,,,,,,
2017-09-05,0.0025917790103749433,0.79764,0.80091,37.0,0.004203579226868395,0.801,0.8008,0.80031,0.80071,124.0,0.0055634531802636845,0.80209,0.8023,0.80208,0.80209,,,,,,
2017-09-06,0.0025509448056457223,0.79781,0.80138,,,,,,,,,,,,,,,,,,
2017-09-07,0.0025296813204137925,0.80234,0.8038,,,,,,,,,,,,,,,,,,
2017-09-08,0.002487310554913943,0.81024,0.80697,121.0,-0.0039077041292247166,0.80708,0.80741,0.80753,0.8077,166.0,-0.005184724753694415,0.80605,0.80605,0.80624,,,,,,,
2017-09-11,0.0027088498224274705,0.80486,0.80228,,,,,,,,,,,,,,,,,,
2017-09-12,0.002646953591026213,0.80256,0.80426,,,,,,,,,,,,,,,,,,
2017-09-13,0.0026307604902142496,0.80388,0.79867,119.0,-0.003988637685671417,0.80068,0.80091,0.8009,0.80027,151.0,-0.005551030589007088,0.79943,0.79938,0.79916,0.79952,,,,,,
2017-09-14,0.0026014583788726607,0.79962,0.79786,30.0,-0.00413549970944648,0.79632,0.79585,0.79703,0.79723,,,,,,,,,,,,
2017-09-15,0.002575698020463702,0.80166,0.80063,,,,,,,,,,,,,,,,,,
2017-09-18,0.002536953641137069,0.79906,0.79656,,,,,,,,,,,,,,,,,,
2017-09-19,0.0024777227772550784,0.79973,0.80127,,,,,,,,,,,,,,,,,,
2017-09-20,0.0025218474549454336,0.80596,0.807,,,,,,,,,,,,,,,,,,
2017-09-21,0.0025370228813607855,0.7934,0.79399,,,,,,,,,,,,,,,,,,
2017-09-22,0.0024976943540673947,0.79665,0.79744,,,,,,,,,,,,,,,,,,
2017-09-25,0.0026051714769805075,0.79587,0.79366,,,,,,,,,,,,,,,,,,
2017-09-26,0.002549738550880107,0.78881,0.78796,,,,,,,,,,,,,,,,,,
2017-09-27,0.002512100414266024,0.78558,0.78641,,,,,,,,,,,,,,,,,,
2017-09-28,0.00258053774911655,0.78194,0.78294,,,,,,,,,,,,,,,,,,
2017-09-29,0.002598071489280882,0.78366,0.78387,,,,,,,,,,,,,,,,,,
2017-10-02,0.0025600248595386227,0.78137,0.78236,,,,,,,,,,,,,,,,,,
2017-10-03,0.0024822377584227326,0.78123,0.78264,,,,,,,,,,,,,,,,,,
2017-10-04,0.002443436478583723,0.78657,0.78541,,,,,,,,,,,,,,,,,,
2017-10-05,0.002464384842843222,0.7815,0.77986,,,,,,,,,,,,,,,,,,
2017-10-06,0.002448764673584852,0.77765,0.77671,45.0,-0.003916874604274134,0.77461,0.77478,0.77483,0.77521,112.0,-0.005105274924982041,0.77369,0.77385,0.77354,0.7736,,,,,,
2017-10-09,0.0024909695874084097,0.77612,0.77629,,,,,,,,,,,,,,,,,,
2017-10-10,0.0024242495902320814,0.77843,0.77868,,,,,,,,,,,,,,,,,,
2017-10-11,0.0023885074288538845,0.7791,0.7781,,,,,,,,,,,,,,,,,,
2017-10-12,0.002353840865844727,0.78129,0.78257,,,,,,,,,,,,,,,,,,
2017-10-13,0.0023450581722836215,0.78321,0.78825,32.0,0.004395275473831219,0.78666,0.78637,0.78737,0.78782,35.0,0.005538699008097436,0.78756,0.78748,0.78714,0.78768,43.0,0.0063890661767866085,0.78823,0.78773,0.78783,0.78759
2017-10-16,0.0023398861022105566,0.78716,0.78592,,,,,,,,,,,,,,,,,,
2017-10-17,0.002330734748709975,0.78431,0.78327,,,,,,,,,,,,,,,,,,
2017-10-18,0.0023197347936758936,0.78286,0.78368,,,,,,,,,,,,,,,,,,
2017-10-19,0.00228814701408901,0.78711,0.78763,,,,,,,,,,,,,,,,,,
2017-10-20,0.0022579768844387745,0.78515,0.78104,119.0,-0.0036364836399278375,0.7823,0.78216,0.78217,0.78201,,,,,,,,,,,,
2017-10-23,0.002233260055220939,0.7815,0.78063,,,,,,,,,,,,,,,,,,
2017-10-24,0.0021929465783971196,0.77792,0.77788,,,,,,,,,,,,,,,,,,
2017-10-25,0.002165031023950845,0.77158,0.76942,,,,,,,,,,,,,,,,,,
2017-10-26,0.0023793902963858897,0.77114,0.7687,155.0,-0.0036636264069304894,0.76832,0.76829,0.76865,0.76803,178.0,-0.004770548690303122,0.76747,0.76744,,,,,,,,
2017-10-27,0.0023504408435965378,0.76427,0.76591,128.0,0.00360478415558967,0.76703,0.76708,0.76625,0.76546,,,,,,,,,,,,
2017-10-30,0.00242841206476507,0.76674,0.76754,,,,,,,,,,,,,,,,,,
2017-10-31,0.002372506148891724,0.76603,0.76693,,,,,,,,,,,,,,,,,,
2017-11-01,0.002339118102367073,0.76752,0.76751,,,,,,,,,,,,,,,,,,
2017-11-02,0.0023113830564604706,0.76964,0.77216,126.0,0.0035667307579732898,0.77239,0.77228,0.77258,0.77276,,,,,,,,,,,,
2017-11-03,0.002353817730971018,0.76664,0.76498,177.0,-0.0035804394881927323,0.7639,0.76411,,,,,,,,,,,,,,
2017-11-06,0.0023455056876494807,0.76587,0.76797,,,,,,,,,,,,,,,,,,
2017-11-07,0.0023194280096796643,0.76527,0.76384,,,,,,,,,,,,,,,,,,
2017-11-08,0.0023093612479615604,0.76779,0.76736,,,,,,,,,,,,,,,,,,
2017-11-09,0.0022998065324910987,0.76506,0.76759,,,,,,,,,,,,,,,,,,
2017-11-10,0.0022984076533920095,0.76635,0.76574,,,,,,,,,,,,,,,,,,
2017-11-13,0.002267557622949561,0.76401,0.76212,,,,,,,,,,,,,,,,,,
2017-11-14,0.002228112819216516,0.76373,0.7625,,,,,,,,,,,,,,,,,,
2017-11-15,0.0022171866600661267,0.76072,0.75806,115.0,-0.003476432260768123,0.75808,0.75828,0.7583,0.75803,177.0,-0.004466263476393453,0.75733,0.75742,,,,,,,,
2017-11-16,0.002267356756884211,0.75939,0.75935,,,,,,,,,,,,,,,,,,
2017-11-17,0.0022424231546047677,0.75416,0.75674,,,,,,,,,,,,,,,,,,
2017-11-20,0.002227574861545436,0.75467,0.75506,,,,,,,,,,,,,,,,,,
2017-11-21,0.0021774171728872723,0.75731,0.75807,,,,,,,,,,,,,,,,,,
2017-11-22,0.0021629901636881356,0.75769,0.7588,,,,,,,,,,,,,,,,,,
2017-11-23,0.002169396579003988,0.76241,0.76268,,,,,,,,,,,,,,,,,,
2017-11-24,0.002239719714149751,0.76213,0.7614,,,,,,,,,,,,,,,,,,
2017-11-27,0.002212191002511173,0.76359,0.76078,64.0,-0.0033844975243167053,0.76101,0.76091,0.76086,0.76098,,,,,,,,,,,,
2017-11-28,0.002167232387469109,0.76049,0.76104,,,,,,,,,,,,,,,,,,
2017-11-29,0.0021454712093864634,0.75598,0.75687,,,,,,,,,,,,,,,,,,
2017-11-30,0.0021419483656563024,0.75635,0.7563,79.0,0.0034053145203202313,0.75893,0.75874,0.75873,0.75891,,,,,,,,,,,,
2017-12-01,0.0021182625791087003,0.75731,0.7619,98.0,0.0032562368514281854,0.75978,0.75996,0.75987,0.75979,128.0,0.005740710179089944,0.76167,0.7623,0.76288,0.76254,128.0,0.005740710179089944,0.76167,0.7623,0.76288,0.76254
2017-12-04,0.0021109781620515166,0.76035,0.75921,,,,,,,,,,,,,,,,,,
2017-12-05,0.0021412387893643145,0.76254,0.76014,,,,,,,,,,,,,,,,,,
2017-12-06,0.0022097621813573177,0.75844,0.75614,94.0,-0.003367829218509466,0.75589,0.7561,0.7564,0.7567,,,,,,,,,,,,
2017-12-07,0.002340579709956089,0.75279,0.75241,,,,,,,,,,,,,,,,,,
2017-12-08,0.002339024903528835,0.75297,0.7505,,,,,,,,,,,,,,,,,,
2017-12-11,0.0023374022643799022,0.75242,0.75348,,,,,,,,,,,,,,,,,,
2017-12-12,0.0022879333735845338,0.75683,0.75491,,,,,,,,,,,,,,,,,,
2017-12-13,0.002260633063570307,0.76007,0.76067,,,,,,,,,,,,,,,,,,
2017-12-14,0.0022737882890986505,0.7658,0.76719,,,,,,,,,,,,,,,,,,
2017-12-15,0.0025099280690911926,0.767,0.76468,,,,,,,,,,,,,,,,,,
2017-12-18,0.002474009479787597,0.76652,0.7675,,,,,,,,,,,,,,,,,,
2017-12-19,0.0024317499632642986,0.76644,0.76555,,,,,,,,,,,,,,,,,,
2017-12-20,0.0023998902998627635,0.76682,0.76719,,,,,,,,,,,,,,,,,,
2017-12-21,0.0023675521255088604,0.76855,0.77031,,,,,,,,,,,,,,,,,,
2017-12-22,0.002335812227104542,0.77163,0.77132,,,,,,,,,,,,,,,,,,
2017-12-26,0.0023719272707156836,0.77164,0.77258,,,,,,,,,,,,,,,,,,
2017-12-27,0.002312909111965913,0.77697,0.77781,,,,,,,,,,,,,,,,,,
2017-12-28,0.0022988593709104927,0.77911,0.77894,,,,,,,,,,,,,,,,,,
2017-12-29,0.0023300129297094347,0.78089,0.78109,,,,,,,,,,,,,,,,,,
2018-01-02,0.0023007414921533778,0.782,0.78236,,,,,,,,,,,,,,,,,,
2018-01-03,0.0020746151972775174,0.78403,0.78408,,,,,,,,,,,,,,,,,,
2018-01-04,0.0020490425849415276,0.78308,0.78625,106.0,0.003289266960929411,0.78566,0.78591,0.78586,0.78608,,,,,,,,,,,,
2018-01-05,0.0020280789422231814,0.78529,0.78622,,,,,,,,,,,,,,,,,,
2018-01-08,0.0020140285448257173,0.78378,0.78387,,,,,,,,,,,,,,,,,,
2018-01-09,0.0019552681671984548,0.78203,0.78186,,,,,,,,,,,,,,,,,,
2018-01-10,0.0019284149349919318,0.78353,0.78425,,,,,,,,,,,,,,,,,,
2018-01-11,0.001918657660020351,0.78739,0.78855,,,,,,,,,,,,,,,,,,
2018-01-12,0.001969112098641132,0.78531,0.78879,36.0,0.0030006761316707367,0.78767,0.78779,0.78764,0.78742,94.0,0.004206038235117577,0.78862,0.78873,0.78839,0.78943,107.0,0.004928558722117387,0.78919,0.78945,0.78947,0.78891
2018-01-15,0.0019419215020354832,0.79598,0.79718,,,,,,,,,,,,,,,,,,
2018-01-16,0.0019529959858512376,0.79499,0.79558,,,,,,,,,,,,,,,,,,
2018-01-17,0.0019383537314795647,0.79708,0.80002,,,,,,,,,,,,,,,,,,
2018-01-18,0.0019114326670071789,0.79963,0.79954,,,,,,,,,,,,,,,,,,
2018-01-19,0.0018827297475421357,0.7994,0.79991,,,,,,,,,,,,,,,,,,
2018-01-22,0.0019715455693682096,0.80191,0.80031,,,,,,,,,,,,,,,,,,
2018-01-23,0.001951903120195531,0.79749,0.79838,,,,,,,,,,,,,,,,,,
2018-01-24,0.001918685230340476,0.80638,0.80586,,,,,,,,,,,,,,,,,,
2018-01-25,0.001914855974854649,0.80959,0.80858,43.0,-0.0028821493804627937,0.80726,0.80739,0.80747,0.80695,,,,,,,,,,,,
2018-01-26,0.0020970856911218826,0.80795,0.81105,69.0,0.003262202159021699,0.81059,0.81007,0.80956,0.80885,,,,,,,,,,,,
2018-01-29,0.002114974653530071,0.80904,0.80935,,,,,,,,,,,,,,,,,,
2018-01-30,0.00213462917014387,0.81062,0.80778,140.0,-0.0032868346263107257,0.80796,0.80797,0.80764,0.80757,,,,,,,,,,,,
2018-01-31,0.0021147138170592196,0.81023,0.8053,134.0,-0.0032141251261498605,0.80763,0.80784,0.80845,0.80754,171.0,-0.004316722535871193,0.80674,0.80651,0.80716,,,,,,,
2018-02-01,0.0020778837308346467,0.80034,0.80254,175.0,0.0031561705580645276,0.80287,0.80263,0.80263,,,,,,,,,,,,,
2018-02-02,0.0020665679976657543,0.79499,0.79481,68.0,-0.0031117939328100352,0.79252,0.79222,0.79243,0.79323,,,,,,,,,,,,
2018-02-05,0.002098060533124047,0.79405,0.79226,,,,,,,,,,,,,,,,,,
2018-02-06,0.0021923748695813214,0.78587,0.78846,,,,,,,,,,,,,,,,,,
2018-02-07,0.0023613326811909928,0.7858,0.7828,,,,,,,,,,,,,,,,,,
2018-02-08,0.0023631902542029528,0.78194,0.77912,114.0,-0.0036129336060397844,0.77912,0.7793,0.77962,0.77964,,,,,,,,,,,,
2018-02-09,0.0024672009982480898,0.78202,0.77795,,,,,,,,,,,,,,,,,,
2018-02-12,0.0024464297562058843,0.78319,0.78415,,,,,,,,,,,,,,,,,,
2018-02-13,0.002401047619740578,0.78456,0.78541,,,,,,,,,,,,,,,,,,
2018-02-14,0.0023967159071571036,0.77853,0.78974,50.0,0.0037052512021189437,0.78142,0.78118,0.78141,0.7811,68.0,0.005597447736822422,0.7829,0.78388,0.78459,0.78563,69.0,0.006848421233807279,0.78388,0.78421,0.78433,0.78549
2018-02-15,0.0023601514802523956,0.79151,0.79155,,,,,,,,,,,,,,,,,,
2018-02-16,0.002409384086821524,0.79204,0.79213,,,,,,,,,,,,,,,,,,
2018-02-19,0.002399556204722259,0.79012,0.79126,,,,,,,,,,,,,,,,,,
2018-02-20,0.0024324264264400093,0.78831,0.7897,,,,,,,,,,,,,,,,,,
2018-02-21,0.00238623183066688,0.78427,0.78389,,,,,,,,,,,,,,,,,,
2018-02-22,0.0024975208631714428,0.78348,0.78511,,,,,,,,,,,,,,,,,,
2018-02-23,0.0025109573543310106,0.78195,0.78316,,,,,,,,,,,,,,,,,,
2018-02-26,0.0024708292355022084,0.78394,0.78474,,,,,,,,,,,,,,,,,,
2018-02-27,0.002405842466947776,0.78293,0.781,107.0,-0.00372373186928255,0.78002,0.78038,0.7805,0.78083,,,,,,,,,,,,
2018-02-28,0.0023662732348514086,0.78065,0.77907,,,,,,,,,,,,,,,,,,
2018-03-01,0.0024109289243618025,0.77468,0.77339,,,,,,,,,,,,,,,,,,
2018-03-02,0.002471468243988665,0.77569,0.77523,,,,,,,,,,,,,,,,,,
2018-03-05,0.0024436879497997162,0.77353,0.77564,143.0,0.003819310200072214,0.77649,0.77666,0.77659,0.77616,,,,,,,,,,,,
2018-03-06,0.002353840015666925,0.78224,0.78208,,,,,,,,,,,,,,,,,,
2018-03-07,0.0023271639472057545,0.78095,0.78007,,,,,,,,,,,,,,,,,,
2018-03-08,0.0023157049073586062,0.78009,0.77823,,,,,,,,,,,,,,,,,,
2018-03-09,0.0022954370490506425,0.78103,0.7843,67.0,0.0038464780631880906,0.78404,0.78428,0.78384,0.78421,169.0,0.004738891335229832,0.78474,0.78521,0.78484,,,,,,,
2018-03-12,0.0022936314335891936,0.78611,0.78633,,,,,,,,,,,,,,,,,,
2018-03-13,0.0023058991677317566,0.78656,0.78793,70.0,0.003477469776741293,0.7893,0.78923,0.78942,0.78861,,,,,,,,,,,,
2018-03-14,0.002269671364517483,0.79001,0.7874,,,,,,,,,,,,,,,,,,
2018-03-15,0.0022277768265587246,0.78448,0.78153,145.0,-0.003588421307421405,0.78167,0.78187,0.7825,0.7824,,,,,,,,,,,,
2018-03-16,0.002188406183364296,0.77625,0.77332,161.0,-0.0033162818389807108,0.77368,0.77374,0.77326,0.77268,176.0,-0.00460964190959608,0.77268,0.77263,,,,,,,,
2018-03-19,0.002424979452801987,0.77096,0.77025,,,,,,,,,,,,,,,,,,
2018-03-20,0.002500076572777711,0.77029,0.76911,,,,,,,,,,,,,,,,,,
2018-03-21,0.002451644162197121,0.76776,0.77075,,,,,,,,,,,,,,,,,,
2018-03-22,0.0024114088412399847,0.77251,0.76921,,,,,,,,,,,,,,,,,,
2018-03-23,0.0024583470794565378,0.77231,0.77215,,,,,,,,,,,,,,,,,,
2018-03-26,0.002427221713753256,0.77326,0.77255,,,,,,,,,,,,,,,,,,
2018-03-27,0.0023833084752810816,0.77027,0.77142,,,,,,,,,,,,,,,,,,
2018-03-28,0.0023410454533694157,0.76847,0.76807,98.0,-0.003637197243801697,0.76568,0.76574,0.76583,0.76651,,,,,,,,,,,,
2018-03-29,0.002344539330922187,0.76844,0.7671,,,,,,,,,,,,,,,,,,
2018-03-30,0.0023451976642304253,0.76949,0.76809,,,,,,,,,,,,,,,,,,
2018-04-02,0.0023256877802615952,0.76832,0.76562,,,,,,,,,,,,,,,,,,
2018-04-03,0.0022424589386699995,0.7684,0.7674,,,,,,,,,,,,,,,,,,
2018-04-04,0.002200802460714643,0.76815,0.77,,,,,,,,,,,,,,,,,,
2018-04-05,0.0021937204517122545,0.76864,0.76869,,,,,,,,,,,,,,,,,,
2018-04-06,0.0021535696551718245,0.76763,0.76812,,,,,,,,,,,,,,,,,,
2018-04-09,0.0021237864217469584,0.76607,0.7707,146.0,0.003284118000000086,0.76859,0.76857,0.76898,0.76915,160.0,0.00427245312603147,0.76935,0.76915,0.7695,0.76928,,,,,,
2018-04-10,0.0020742932118241737,0.7739,0.77598,165.0,0.003160783150765224,0.77635,0.7763,0.77613,0.77529,,,,,,,,,,,,
2018-04-11,0.002122719229508082,0.7748,0.77644,,,,,,,,,,,,,,,,,,
2018-04-12,0.0020945498240660097,0.77521,0.7756,,,,,,,,,,,,,,,,,,
2018-04-13,0.002057366393129886,0.77952,0.77678,,,,,,,,,,,,,,,,,,
2018-04-16,0.002039425689968194,0.77678,0.77774,,,,,,,,,,,,,,,,,,
2018-04-17,0.0019793014853006865,0.77716,0.77674,,,,,,,,,,,,,,,,,,
2018-04-18,0.0019454135727601646,0.77591,0.77846,95.0,0.0030755198896954923,0.7783,0.77831,0.7782,0.77807,154.0,0.004500689128998725,0.77941,0.77932,0.77932,0.77947,156.0,0.00487269623990725,0.7797,0.77957,0.77916,0.77917
2018-04-19,0.0019138127359589255,0.77928,0.77468,,,,,,,,,,,,,,,,,,
2018-04-20,0.001890457486815039,0.76978,0.767,75.0,-0.0028750792237764514,0.76757,0.76759,0.76746,0.7668,84.0,-0.003813544641123658,0.76685,0.7668,0.76668,0.76669,116.0,-0.0047659443034521335,0.76612,0.76588,0.7661,0.76647
2018-04-23,0.002029726732795246,0.76455,0.76137,113.0,-0.0030521975265937413,0.76222,0.76211,0.7621,0.76174,,,,,,,,,,,,
2018-04-24,0.0020289264207632865,0.76193,0.75987,177.0,-0.0033128719481179507,0.75941,0.75954,,,,,,,,,,,,,,
2018-04-25,0.0021610679206186994,0.75576,0.75581,,,,,,,,,,,,,,,,,,
2018-04-26,0.002140755933719686,0.75688,0.75591,,,,,,,,,,,,,,,,,,
2018-04-27,0.0021105038788059812,0.75526,0.75658,,,,,,,,,,,,,,,,,,
2018-04-30,0.002076608614821779,0.75416,0.75417,,,,,,,,,,,,,,,,,,
2018-05-01,0.0020270162218327483,0.75083,0.74876,130.0,-0.0032015821805761197,0.74843,0.74878,0.74786,0.7483,155.0,-0.004070444226534414,0.74778,0.74794,0.74787,0.74763,,,,,,
2018-05-02,0.002006372017597703,0.75062,0.75019,,,,,,,,,,,,,,,,,,
2018-05-03,0.002033762506857222,0.75359,0.7513,143.0,-0.003070035038686952,0.75128,0.75118,0.75088,0.75023,153.0,-0.004082153915871186,0.75052,0.75042,0.75023,0.75067,,,,,,
2018-05-04,0.0020118119637304475,0.75241,0.75324,81.0,-0.0032615163665679083,0.74996,0.74973,0.74941,0.74997,84.0,-0.004115259548459854,0.74932,0.74958,0.74965,0.75007,,,,,,
2018-05-07,0.002014286144830007,0.74955,0.75255,166.0,0.003236701393162107,0.75198,0.75207,0.75208,,,,,,,,,,,,,
2018-05-08,0.0019511360285080531,0.74558,0.74457,,,,,,,,,,,,,,,,,,
2018-05-09,0.0019647297171038595,0.74581,0.74568,,,,,,,,,,,,,,,,,,
2018-05-10,0.002108008685563413,0.74874,0.75125,32.0,0.0037193348081036633,0.75153,0.75179,0.75241,0.75189,37.0,0.004889594393499987,0.75241,0.75265,0.7522,0.75209,40.0,0.005500776385314447,0.75287,0.75242,0.75187,0.75257
2018-05-11,0.0021085226515400557,0.75545,0.75443,,,,,,,,,,,,,,,,,,
2018-05-14,0.002220836654501288,0.75574,0.75512,,,,,,,,,,,,,,,,,,
2018-05-15,0.0021576557952204607,0.74871,0.74743,64.0,-0.0033580648449582987,0.7462,0.74626,0.74677,0.74591,104.0,-0.004336833685623684,0.74547,0.74562,0.74536,0.74529,,,,,,
2018-05-16,0.0021442773858528696,0.74835,0.75019,107.0,0.003441655390151055,0.75093,0.75103,0.75112,0.75167,121.0,0.004519736510360248,0.75174,0.75167,0.75161,0.75094,,,,,,
2018-05-17,0.0022384024871539214,0.75239,0.75077,100.0,-0.0034883137039356756,0.74977,0.7501,0.75027,0.75008,,,,,,,,,,,,
2018-05-18,0.0024016734089511854,0.75157,0.75101,,,,,,,,,,,,,,,,,,
2018-05-21,0.00239045052526494,0.75316,0.75637,125.0,0.0037372321749098926,0.75598,0.75587,0.75572,0.75545,,,,,,,,,,,,
2018-05-22,0.002311698658280196,0.75968,0.75932,,,,,,,,,,,,,,,,,,
2018-05-23,0.0023765984893298828,0.753,0.75344,,,,,,,,,,,,,,,,,,
2018-05-24,0.0023677812442482443,0.7553,0.7566,,,,,,,,,,,,,,,,,,
2018-05-25,0.002338592258861979,0.75709,0.75587,,,,,,,,,,,,,,,,,,
2018-05-28,0.002294778385375306,0.75577,0.75462,,,,,,,,,,,,,,,,,,
2018-05-29,0.0022423074200227395,0.7524,0.75106,,,,,,,,,,,,,,,,,,
2018-05-30,0.002244056761782923,0.75495,0.75743,,,,,,,,,,,,,,,,,,
2018-05-31,0.002249364057122097,0.75888,0.75698,,,,,,,,,,,,,,,,,,
2018-06-01,0.0023664354839766323,0.75337,0.75644,180.0,0.0035642631295341523,0.75606,,,,,,,,,,,,,,,
2018-06-04,0.0023226861473693164,0.76618,0.76464,,,,,,,,,,,,,,,,,,
2018-06-05,0.002283358893521805,0.7614,0.76086,,,,,,,,,,,,,,,,,,
2018-06-06,0.002281273776243089,0.76585,0.76739,,,,,,,,,,,,,,,,,,
2018-06-07,0.002250907785435138,0.76547,0.76274,,,,,,,,,,,,,,,,,,
2018-06-08,0.0022093792667568913,0.75841,0.76,,,,,,,,,,,,,,,,,,
2018-06-11,0.002202019236293697,0.7606,0.76148,,,,,,,,,,,,,,,,,,
2018-06-12,0.0021358289124592976,0.76081,0.76027,,,,,,,,,,,,,,,,,,
2018-06-13,0.0021014125524175284,0.75855,0.76019,,,,,,,,,,,,,,,,,,
2018-06-14,0.0021647810823330897,0.75576,0.75127,129.0,-0.003273585641011644,0.75329,0.75297,0.75311,0.75333,,,,,,,,,,,,
2018-06-15,0.0021249375810377218,0.74741,0.74533,121.0,-0.003256524296600927,0.74498,0.74488,0.74553,0.74548,,,,,,,,,,,,
2018-06-18,0.0023618276393984877,0.74431,0.74177,,,,,,,,,,,,,,,,,,
2018-06-19,0.0023028126649245317,0.73579,0.73842,,,,,,,,,,,,,,,,,,
2018-06-20,0.002302505811857774,0.73831,0.73858,,,,,,,,,,,,,,,,,,
2018-06-21,0.00226509924710467,0.7368,0.7373,,,,,,,,,,,,,,,,,,
2018-06-22,0.0022359070399741166,0.74254,0.74247,,,,,,,,,,,,,,,,,,
2018-06-25,0.002201884668256268,0.74281,0.74044,152.0,-0.0035063622389775156,0.74021,0.74025,0.7406,0.74069,,,,,,,,,,,,
2018-06-26,0.0022279728095423047,0.73954,0.74015,,,,,,,,,,,,,,,,,,
2018-06-27,0.002191996028199111,0.73988,0.7371,58.0,-0.0033304031324368614,0.73742,0.73741,0.73786,0.73731,,,,,,,,,,,,
2018-06-28,0.0021981388841964744,0.73426,0.73542,,,,,,,,,,,,,,,,,,
2018-06-29,0.0021603976474891718,0.73817,0.73988,,,,,,,,,,,,,,,,,,
2018-07-02,0.0021411374731304866,0.73547,0.7321,178.0,-0.0034731952184433395,0.73292,0.73266,,,,,,,,,,,,,,
2018-07-03,0.0020875522395969767,0.74037,0.73839,166.0,-0.003287540757492224,0.73794,0.73799,0.73811,,,,,,,,,,,,,
2018-07-04,0.002116211249479254,0.73856,0.738,,,,,,,,,,,,,,,,,,
2018-07-05,0.0022654333895543353,0.74004,0.7387,,,,,,,,,,,,,,,,,,
2018-07-06,0.0022467194544308327,0.74127,0.74188,36.0,0.0035685707717466163,0.74392,0.74433,0.74394,0.74256,,,,,,,,,,,,
2018-07-09,0.002205500192962945,0.74799,0.74654,,,,,,,,,,,,,,,,,,
2018-07-10,0.0022483201088816405,0.74365,0.74627,174.0,0.0034231667484505473,0.7462,0.74621,0.74644,,,,,,,,,,,,,
2018-07-11,0.0022227408254095857,0.73908,0.73988,,,,,,,,,,,,,,,,,,
2018-07-12,0.0022994862305683182,0.73876,0.74168,,,,,,,,,,,,,,,,,,
2018-07-13,0.002331292598423331,0.73761,0.74102,169.0,0.0035051903178422747,0.7402,0.74024,0.74074,,178.0,0.004787804325655557,0.74115,0.74094,,,,,,,,
2018-07-16,0.0023618918987855565,0.74287,0.74141,,,,,,,,,,,,,,,,,,
2018-07-17,0.0022745303798793696,0.74029,0.73906,,,,,,,,,,,,,,,,,,
2018-07-18,0.0022320443198278945,0.73495,0.73922,170.0,0.003463618525978238,0.7375,0.73765,0.73767,,,,,,,,,,,,,
2018-07-19,0.0022180177591100006,0.73418,0.73306,,,,,,,,,,,,,,,,,,
2018-07-20,0.002241149581734924,0.73781,0.74076,48.0,0.003382678515758864,0.74031,0.74041,0.74024,0.74074,59.0,0.004516695080525332,0.74115,0.74064,0.74081,0.74174,,,,,,
2018-07-23,0.0023997470612964027,0.74068,0.73825,,,,,,,,,,,,,,,,,,
2018-07-24,0.0024357576013172727,0.74104,0.74154,,,,,,,,,,,,,,,,,,
2018-07-25,0.0024256118994016953,0.74158,0.74109,,,,,,,,,,,,,,,,,,
2018-07-26,0.0023991210852694245,0.74183,0.73823,130.0,-0.0037409979546446804,0.73906,0.73931,0.7393,0.73775,142.0,-0.00498659789906629,0.73814,0.73793,0.7383,0.73845,,,,,,
2018-07-27,0.0024000111425637387,0.73744,0.74062,102.0,0.0036005832312226396,0.7401,0.73982,0.73967,0.74004,124.0,0.004910358798740917,0.74107,0.74096,0.74098,0.74132,,,,,,
2018-07-30,0.0024535277061852444,0.73951,0.74067,,,,,,,,,,,,,,,,,,
2018-07-31,0.0023621609480622744,0.74259,0.74357,,,,,,,,,,,,,,,,,,
2018-08-01,0.002359424170291141,0.74142,0.74004,,,,,,,,,,,,,,,,,,
2018-08-02,0.002316238828034892,0.73632,0.73782,,,,,,,,,,,,,,,,,,
2018-08-03,0.0022898674444531636,0.7391,0.74052,,,,,,,,,,,,,,,,,,
2018-08-06,0.00226959777370521,0.73837,0.73921,,,,,,,,,,,,,,,,,,
2018-08-07,0.00223320498490993,0.74378,0.74281,,,,,,,,,,,,,,,,,,
2018-08-08,0.002192283936453507,0.7406,0.74191,,,,,,,,,,,,,,,,,,
2018-08-09,0.0021922901328067824,0.74168,0.73928,,,,,,,,,,,,,,,,,,
2018-08-10,0.002170453344780014,0.73077,0.72968,,,,,,,,,,,,,,,,,,
2018-08-13,0.002335268557015476,0.72769,0.72682,,,,,,,,,,,,,,,,,,
2018-08-14,0.0024413487549478996,0.72637,0.72389,,,,,,,,,,,,,,,,,,
2018-08-15,0.002398439211320604,0.7225,0.72324,,,,,,,,,,,,,,,,,,
2018-08-16,0.0024991164095198195,0.72658,0.72756,,,,,,,,,,,,,,,,,,
2018-08-17,0.0025277123077512417,0.72661,0.72803,,,,,,,,,,,,,,,,,,
2018-08-20,0.002481395052917548,0.73062,0.73093,,,,,,,,,,,,,,,,,,
2018-08-21,0.0024571657567239204,0.73552,0.73519,,,,,,,,,,,,,,,,,,
2018-08-22,0.0024927518731228046,0.73569,0.73512,,,,,,,,,,,,,,,,,,
2018-08-23,0.0024431060483516053,0.72859,0.72633,,,,,,,,,,,,,,,,,,
2018-08-24,0.0025343448556990784,0.73016,0.73314,122.0,0.003936582448335932,0.73304,0.73411,0.7343,0.73388,123.0,0.005395192937660141,0.73411,0.73403,0.73415,0.7341,,,,,,
2018-08-27,0.00248516565434643,0.73209,0.73453,,,,,,,,,,,,,,,,,,
2018-08-28,0.002448327624084729,0.73547,0.73515,,,,,,,,,,,,,,,,,,
2018-08-29,0.0024024579877393016,0.72931,0.72925,,,,,,,,,,,,,,,,,,
2018-08-30,0.002360031056796092,0.7295,0.72621,,,,,,,,,,,,,,,,,,
2018-08-31,0.0024076561277490962,0.72256,0.719,,,,,,,,,,,,,,,,,,
2018-09-03,0.002419728225115123,0.72066,0.72136,,,,,,,,,,,,,,,,,,
2018-09-04,0.002453241707240422,0.71834,0.71741,,,,,,,,,,,,,,,,,,
2018-09-05,0.0024075278359895415,0.71741,0.71887,,,,,,,,,,,,,,,,,,
2018-09-06,0.0023753854383156826,0.71966,0.71957,,,,,,,,,,,,,,,,,,
2018-09-07,0.002330355921454162,0.71573,0.71332,31.0,-0.0035130726498021716,0.71322,0.71331,0.71353,0.71402,,,,,,,,,,,,
2018-09-10,0.0023180151446492033,0.71166,0.71169,,,,,,,,,,,,,,,,,,
2018-09-11,0.0023966582383533816,0.70996,0.71042,,,,,,,,,,,,,,,,,,
2018-09-12,0.002353238038573106,0.71159,0.7161,170.0,0.00374513885864399,0.71426,0.7143,0.71434,,,,,,,,,,,,,
2018-09-13,0.002311391607448635,0.71878,0.71921,36.0,0.0035691260208397563,0.72135,0.721,0.72141,0.72211,44.0,0.00474677847241569,0.7222,0.72159,0.72189,0.72229,,,,,,
2018-09-14,0.0025348502420724593,0.71888,0.71645,,,,,,,,,,,,,,,,,,
2018-09-17,0.0024854939189560207,0.71779,0.7185,,,,,,,,,,,,,,,,,,
2018-09-18,0.0024451379223089076,0.72034,0.72189,,,,,,,,,,,,,,,,,,
2018-09-19,0.0024190799009803973,0.72514,0.72729,,,,,,,,,,,,,,,,,,
2018-09-20,0.0024577492240230683,0.72805,0.72742,,,,,,,,,,,,,,,,,,
2018-09-21,0.00245135348357477,0.72844,0.72756,,,,,,,,,,,,,,,,,,
2018-09-24,0.0024358187572040744,0.72734,0.72634,,,,,,,,,,,,,,,,,,
2018-09-25,0.0023562430784059315,0.72555,0.72498,,,,,,,,,,,,,,,,,,
2018-09-26,0.0023272486504537357,0.72445,0.72592,,,,,,,,,,,,,,,,,,
2018-09-27,0.0023241707619570894,0.72269,0.72175,,,,,,,,,,,,,,,,,,
2018-09-28,0.0022910599068753194,0.72126,0.72372,,,,,,,,,,,,,,,,,,
2018-10-01,0.0023176301762958163,0.72158,0.72221,,,,,,,,,,,,,,,,,,
2018-10-02,0.0022323838931237443,0.71746,0.71977,178.0,0.0034090072461341577,0.71991,0.72002,,,,,,,,,,,,,,
2018-10-03,0.00219486196665412,0.7149,0.71375,,,,,,,,,,,,,,,,,,
2018-10-04,0.002222236431779518,0.70856,0.70758,,,,,,,,,,,,,,,,,,
2018-10-05,0.002458630798359498,0.70732,0.7049,,,,,,,,,,,,,,,,,,
2018-10-08,0.0024392744763330493,0.70721,0.70605,,,,,,,,,,,,,,,,,,
2018-10-09,0.002356272302521117,0.70577,0.7092,152.0,0.003663033661701889,0.70836,0.70812,0.708,0.70804,,,,,,,,,,,,
2018-10-10,0.0023680339084609027,0.7097,0.7098,,,,,,,,,,,,,,,,,,
2018-10-11,0.002354733013398995,0.70986,0.71124,34.0,0.003964744322142738,0.71268,0.71247,0.7123,0.71207,,,,,,,,,,,,
2018-10-12,0.0023723937941943084,0.71266,0.71156,,,,,,,,,,,,,,,,,,
2018-10-15,0.0024143639656415794,0.71336,0.71409,,,,,,,,,,,,,,,,,,
2018-10-16,0.002326184731042525,0.71332,0.71398,,,,,,,,,,,,,,,,,,
2018-10-17,0.002302479887946183,0.71178,0.71282,,,,,,,,,,,,,,,,,,
2018-10-18,0.0022605786788305895,0.71436,0.71176,,,,,,,,,,,,,,,,,,
2018-10-19,0.0022185496683962045,0.71366,0.71316,,,,,,,,,,,,,,,,,,
2018-10-22,0.002199353155196731,0.71055,0.70854,,,,,,,,,,,,,,,,,,
2018-10-23,0.0021228899374686177,0.70641,0.70727,,,,,,,,,,,,,,,,,,
2018-10-24,0.0021406180630720783,0.70939,0.70729,,,,,,,,,,,,,,,,,,
2018-10-25,0.0021214555135064886,0.70917,0.70843,,,,,,,,,,,,,,,,,,
2018-10-26,0.0020894404383618734,0.70293,0.70915,133.0,0.0032099564533597676,0.70519,0.70534,0.70549,0.7062,143.0,0.004230437018143089,0.70591,0.70585,0.7062,0.70636,162.0,0.005278180218708644,0.70665,0.70669,0.70667,0.70735
2018-10-29,0.0020669781020406014,0.70865,0.70734,,,,,,,,,,,,,,,,,,
2018-10-30,0.0020297563236643537,0.70957,0.71107,118.0,0.0031237713249563986,0.71179,0.71168,0.71145,0.71128,,,,,,,,,,,,
2018-10-31,0.0019956804883868194,0.71061,0.7085,78.0,-0.003058386514168748,0.70844,0.70854,0.70849,0.70846,,,,,,,,,,,,
2018-11-01,0.0019620603583459283,0.71709,0.71874,132.0,0.003091063446970666,0.71931,0.7192,0.71951,0.71972,146.0,0.003924848462131509,0.71991,0.71972,0.71974,0.71978,173.0,0.005063231525983843,0.72073,0.72083,0.72083,
2018-11-02,0.0019850808306299934,0.72355,0.72002,30.0,-0.003405696059567107,0.72109,0.72247,0.72132,0.72175,37.0,-0.00444632941350366,0.72034,0.72075,0.72147,0.72112,,,,,,
2018-11-05,0.0022382791598378493,0.71995,0.72026,,,,,,,,,,,,,,,,,,
2018-11-06,0.0021590384612742153,0.7232,0.72166,,,,,,,,,,,,,,,,,,
2018-11-07,0.0021416883692435395,0.72847,0.72844,,,,,,,,,,,,,,,,,,
2018-11-08,0.0022051894432950246,0.72908,0.72828,,,,,,,,,,,,,,,,,,
2018-11-09,0.002169684437778393,0.72438,0.7228,,,,,,,,,,,,,,,,,,
2018-11-12,0.002160577721535873,0.72148,0.71937,,,,,,,,,,,,,,,,,,
2018-11-13,0.0021045803328698996,0.72113,0.72086,,,,,,,,,,,,,,,,,,
2018-11-14,0.002073224725248071,0.72141,0.72169,,,,,,,,,,,,,,,,,,
2018-11-15,0.0020360418688913167,0.7272,0.72667,,,,,,,,,,,,,,,,,,
2018-11-16,0.002165904722792439,0.7292,0.73317,29.0,0.003285873712202672,0.7316,0.73142,0.73161,0.73119,,,,,,,,,,,,
2018-11-19,0.002129696138352934,0.72876,0.7296,,,,,,,,,,,,,,,,,,
2018-11-20,0.0021935409849584806,0.72623,0.72343,73.0,-0.004056520822841316,0.72329,0.72347,0.72376,0.72405,,,,,,,,,,,,
2018-11-21,0.002194951172603362,0.72628,0.72643,,,,,,,,,,,,,,,,,,
2018-11-22,0.002207899212860868,0.7252,0.72515,,,,,,,,,,,,,,,,,,
2018-11-23,0.002176073662064646,0.7226,0.723,,,,,,,,,,,,,,,,,,
2018-11-26,0.0021363584265610327,0.72481,0.72299,,,,,,,,,,,,,,,,,,
2018-11-27,0.002092835946360075,0.72401,0.7203,132.0,-0.003181808289868984,0.72171,0.72167,0.72182,0.722,165.0,-0.004429624773215441,0.72081,0.72087,0.72046,0.72061,,,,,,
2018-11-28,0.0020753956032047915,0.72419,0.72937,,,,,,,,,,,,,,,,,,
2018-11-29,0.0020384949482121738,0.73259,0.73029,,,,,,,,,,,,,,,,,,
2018-11-30,0.0022649128448415995,0.73052,0.72968,,,,,,,,,,,,,,,,,,
2018-12-03,0.0022230686933957817,0.73782,0.73567,,,,,,,,,,,,,,,,,,
2018-12-04,0.0023056367765868337,0.73713,0.73391,,,,,,,,,,,,,,,,,,
2018-12-05,0.002265192944307727,0.72958,0.72742,59.0,-0.003487529451019239,0.72704,0.72691,0.72688,0.72707,93.0,-0.004588487395540948,0.72624,0.7262,0.72614,0.72641,,,,,,
2018-12-06,0.0024765355482303303,0.72056,0.7227,,,,,,,,,,,,,,,,,,
2018-12-07,0.002557147873857945,0.72279,0.72079,,,,,,,,,,,,,,,,,,
2018-12-10,0.0025084935662496063,0.72114,0.7186,119.0,-0.0037789369486258416,0.71842,0.71843,0.71819,0.71851,,,,,,,,,,,,
2018-12-11,0.002443256637117006,0.72203,0.71999,166.0,-0.0039133018772348335,0.71921,0.71931,0.72013,,,,,,,,,,,,,
2018-12-12,0.002403962767597662,0.72226,0.72283,,,,,,,,,,,,,,,,,,
2018-12-13,0.002363864453648883,0.72306,0.7229,,,,,,,,,,,,,,,,,,
2018-12-14,0.0023222436627390406,0.71527,0.71776,151.0,0.003544816283451082,0.71781,0.71767,0.71768,0.71768,,,,,,,,,,,,
2018-12-17,0.002324345633217377,0.71796,0.718,,,,,,,,,,,,,,,,,,
2018-12-18,0.002245502951829491,0.71902,0.71716,,,,,,,,,,,,,,,,,,
2018-12-19,0.002214320053804475,0.71799,0.71612,,,,,,,,,,,,,,,,,,
2018-12-20,0.002172453799028758,0.71324,0.71114,114.0,-0.003384668310886613,0.71083,0.71058,0.71098,0.71108,163.0,-0.004567084236714631,0.70999,0.71025,0.71008,0.71022,,,,,,
2018-12-21,0.0024765007447500862,0.70982,0.70498,179.0,-0.0037968922427374847,0.70713,0.70711,,,,,,,,,,,,,,
2018-12-24,0.0024356843299907626,0.70526,0.70489,,,,,,,,,,,,,,,,,,
2018-12-26,0.0025777141578998478,0.70546,0.70508,,,,,,,,,,,,,,,,,,
2018-12-27,0.0024845481779078565,0.70412,0.70222,,,,,,,,,,,,,,,,,,
2018-12-28,0.00244860120566943,0.7055,0.704,,,,,,,,,,,,,,,,,,
2018-12-31,0.0024048029867290797,0.70493,0.70461,,,,,,,,,,,,,,,,,,
2019-01-02,0.0023354956008237162,0.69893,0.69974,,,,,,,,,,,,,,,,,,
2019-01-03,0.002273895455997268,0.69878,0.70157,142.0,0.003728123046501969,0.70139,0.7012,0.7011,0.70117,,,,,,,,,,,,
2019-01-04,0.0024336271475458734,0.70388,0.71098,84.0,0.004337909582300805,0.70694,0.70769,0.70793,0.70952,85.0,0.005398257617152462,0.70769,0.7078,0.70862,0.70987,90.0,0.006711529617862703,0.70862,0.70893,0.70952,0.7088
2019-01-07,0.002614522511921768,0.71334,0.71469,,,,,,,,,,,,,,,,,,
2019-01-08,0.0027844891261705916,0.71271,0.71442,,,,,,,,,,,,,,,,,,
2019-01-09,0.0027326096275620817,0.71679,0.71805,,,,,,,,,,,,,,,,,,
2019-01-10,0.002703207459397723,0.71812,0.71827,,,,,,,,,,,,,,,,,,
2019-01-11,0.0026823559711645537,0.72134,0.72075,51.0,-0.004056237155604836,0.71842,0.71865,0.71886,0.71927,,,,,,,,,,,,
2019-01-14,0.0026687389459568796,0.71959,0.72047,,,,,,,,,,,,,,,,,,
2019-01-15,0.0025963876759425826,0.71988,0.71826,,,,,,,,,,,,,,,,,,
2019-01-16,0.002573681325959765,0.71724,0.71783,,,,,,,,,,,,,,,,,,
2019-01-17,0.0025331709042579775,0.71631,0.71722,,,,,,,,,,,,,,,,,,
2019-01-18,0.0025429547661514887,0.71921,0.71723,,,,,,,,,,,,,,,,,,
2019-01-21,0.002549166049601563,0.71454,0.71562,,,,,,,,,,,,,,,,,,
2019-01-22,0.002490736601696442,0.71296,0.71351,,,,,,,,,,,,,,,,,,
2019-01-23,0.0024769509386106505,0.71264,0.71418,,,,,,,,,,,,,,,,,,
2019-01-24,0.002432541538899068,0.71015,0.70866,,,,,,,,,,,,,,,,,,
2019-01-25,0.002412725741542001,0.71372,0.71781,82.0,0.0036223055907492535,0.71631,0.7163,0.7166,0.71712,98.0,0.005031316516995307,0.71732,0.71722,0.71723,0.71659,,,,,,
2019-01-28,0.0023761799584113524,0.71713,0.71657,,,,,,,,,,,,,,,,,,
2019-01-29,0.0025323421491241023,0.71598,0.71522,,,,,,,,,,,,,,,,,,
2019-01-30,0.0025226318759585665,0.71854,0.71955,,,,,,,,,,,,,,,,,,
2019-01-31,0.002498746308850347,0.72754,0.72708,,,,,,,,,,,,,,,,,,
2019-02-01,0.002618351463454551,0.72657,0.7262,,,,,,,,,,,,,,,,,,
2019-02-04,0.0025911360365957086,0.72211,0.72146,,,,,,,,,,,,,,,,,,
2019-02-05,0.0025125532161040048,0.7244,0.7237,,,,,,,,,,,,,,,,,,
2019-02-06,0.0024982530860607707,0.71325,0.71249,,,,,,,,,,,,,,,,,,
2019-02-07,0.0027832258668670567,0.71086,0.70901,,,,,,,,,,,,,,,,,,
2019-02-08,0.002809461339649156,0.7092,0.70959,,,,,,,,,,,,,,,,,,
2019-02-11,0.002768543615512474,0.70718,0.70611,,,,,,,,,,,,,,,,,,
2019-02-12,0.0026713522318949643,0.70904,0.70942,,,,,,,,,,,,,,,,,,
2019-02-13,0.0026371503957178044,0.71032,0.71035,,,,,,,,,,,,,,,,,,
2019-02-14,0.002710419036506266,0.71111,0.71015,97.0,-0.004891639709910005,0.70764,0.70803,0.7086,0.70917,,,,,,,,,,,,
2019-02-15,0.0026658959100565975,0.71116,0.71245,,,,,,,,,,,,,,,,,,
2019-02-18,0.0026337709381282913,0.71567,0.71286,142.0,-0.003976204048646934,0.71283,0.71264,0.71299,0.71289,,,,,,,,,,,,
2019-02-19,0.002605898776964546,0.71164,0.71699,131.0,0.004094803085218244,0.71456,0.71462,0.71449,0.71442,,,,,,,,,,,,
2019-02-20,0.002597966768721142,0.7159,0.71762,,,,,,,,,,,,,,,,,,
2019-02-21,0.0026353977926605906,0.71079,0.70778,131.0,-0.004003557795515437,0.70795,0.70774,0.70792,0.70773,,,,,,,,,,,,
2019-02-22,0.0025867077764529,0.71274,0.71409,,,,,,,,,,,,,,,,,,
2019-02-25,0.002680618090079662,0.7173,0.71705,,,,,,,,,,,,,,,,,,
2019-02-26,0.0026264432615794578,0.71572,0.7178,,,,,,,,,,,,,,,,,,
2019-02-27,0.0025863842716218285,0.71531,0.71344,,,,,,,,,,,,,,,,,,
2019-02-28,0.0025559662523909725,0.71237,0.70978,,,,,,,,,,,,,,,,,,
2019-03-01,0.0025471366332724364,0.71021,0.70758,,,,,,,,,,,,,,,,,,
2019-03-04,0.0025843697263137635,0.70881,0.70791,,,,,,,,,,,,,,,,,,
2019-03-05,0.002507765581032126,0.70764,0.70794,,,,,,,,,,,,,,,,,,
2019-03-06,0.002470581245010076,0.70339,0.70258,,,,,,,,,,,,,,,,,,
2019-03-07,0.0024809463540804025,0.70399,0.70258,,,,,,,,,,,,,,,,,,
2019-03-08,0.002443806569934953,0.70303,0.70464,,,,,,,,,,,,,,,,,,
2019-03-11,0.00245039062795713,0.70523,0.7056,,,,,,,,,,,,,,,,,,
2019-03-12,0.0024049863969886976,0.7085,0.70848,,,,,,,,,,,,,,,,,,
2019-03-13,0.002401677231237421,0.70604,0.70801,172.0,0.0038591802266290747,0.70877,0.70867,0.70865,,,,,,,,,,,,,
2019-03-14,0.002364731809363025,0.70485,0.70579,,,,,,,,,,,,,,,,,,
2019-03-15,0.0023264352153143245,0.70737,0.70839,,,,,,,,,,,,,,,,,,
2019-03-18,0.0022970525554662866,0.71007,0.70934,,,,,,,,,,,,,,,,,,
2019-03-19,0.0022553612745285696,0.71012,0.70945,,,,,,,,,,,,,,,,,,
2019-03-20,0.002217614411067088,0.70943,0.70874,,,,,,,,,,,,,,,,,,
2019-03-21,0.002213547984683337,0.71229,0.71,,,,,,,,,,,,,,,,,,
2019-03-22,0.002370151647256097,0.70969,0.70857,,,,,,,,,,,,,,,,,,
2019-03-25,0.002389738053800243,0.71041,0.71081,,,,,,,,,,,,,,,,,,
2019-03-26,0.002326304283360125,0.71287,0.7143,,,,,,,,,,,,,,,,,,
2019-03-27,0.0023388754027261634,0.70895,0.70834,,,,,,,,,,,,,,,,,,
2019-03-28,0.0023052169223618923,0.7083,0.70668,,,,,,,,,,,,,,,,,,
2019-03-29,0.0022679238934056236,0.70973,0.71007,,,,,,,,,,,,,,,,,,
2019-04-01,0.0022307603941832278,0.71191,0.71162,,,,,,,,,,,,,,,,,,
2019-04-02,0.002196541724548005,0.70847,0.70584,,,,,,,,,,,,,,,,,,
2019-04-03,0.0021701802091030663,0.71183,0.71234,,,,,,,,,,,,,,,,,,
2019-04-04,0.002136774765740213,0.7109,0.7112,,,,,,,,,,,,,,,,,,
2019-04-05,0.002116325779414727,0.71153,0.70974,,,,,,,,,,,,,,,,,,
2019-04-08,0.0020837774519988804,0.71059,0.71237,,,,,,,,,,,,,,,,,,
2019-04-09,0.0020323050864393547,0.71426,0.71285,,,,,,,,,,,,,,,,,,
2019-04-10,0.0020365179639130347,0.71475,0.71558,,,,,,,,,,,,,,,,,,
2019-04-11,0.00201000472871583,0.71513,0.71267,,,,,,,,,,,,,,,,,,
2019-04-12,0.002061910689219353,0.717,0.71755,,,,,,,,,,,,,,,,,,
2019-04-15,0.0020675909974057715,0.7175,0.71785,,,,,,,,,,,,,,,,,,
2019-04-16,0.0020784028153487673,0.71678,0.71729,,,,,,,,,,,,,,,,,,
2019-04-17,0.0020797159826099186,0.71914,0.71668,130.0,-0.0034405700427718854,0.71667,0.71649,0.71695,0.71724,,,,,,,,,,,,
2019-04-18,0.002130814711218296,0.71593,0.71485,,,,,,,,,,,,,,,,,,
2019-04-19,0.0021022826998084924,0.71533,0.71447,,,,,,,,,,,,,,,,,,
2019-04-22,0.002103462491893152,0.71345,0.71335,,,,,,,,,,,,,,,,,,
2019-04-23,0.0020379025272147834,0.71122,0.70974,134.0,-0.003098070410128491,0.70902,0.70874,0.70847,0.70843,151.0,-0.004241145405996233,0.70821,0.70814,0.70836,0.70855,,,,,,
2019-04-24,0.0020087645861262566,0.70468,0.70259,66.0,-0.0031838107512856223,0.70244,0.70275,0.70276,0.70278,,,,,,,,,,,,
2019-04-25,0.0022737682114232736,0.69976,0.70103,,,,,,,,,,,,,,,,,,
2019-04-26,0.002243507201570434,0.70392,0.70437,,,,,,,,,,,,,,,,,,
2019-04-29,0.002206585013177005,0.70443,0.70525,,,,,,,,,,,,,,,,,,
2019-04-30,0.0021510635548012682,0.70556,0.70403,,,,,,,,,,,,,,,,,,
2019-05-01,0.002117131168251188,0.70491,0.70362,,,,,,,,,,,,,,,,,,
2019-05-02,0.0020838199790512257,0.7021,0.70003,150.0,-0.003238395617226901,0.69983,0.69985,0.70027,0.70034,,,,,,,,,,,,
2019-05-03,0.002088574734096466,0.69954,0.70166,135.0,0.003282481646873398,0.70184,0.70184,0.70167,0.70194,,,,,,,,,,,,
2019-05-06,0.0020798732644507385,0.69892,0.69939,,,,,,,,,,,,,,,,,,
2019-05-07,0.0021259742606501326,0.70177,0.70028,,,,,,,,,,,,,,,,,,
2019-05-08,0.002117991960228627,0.70026,0.7004,,,,,,,,,,,,,,,,,,
2019-05-09,0.0021005656552985853,0.69741,0.69755,,,,,,,,,,,,,,,,,,
2019-05-10,0.002155874999497844,0.69907,0.69973,,,,,,,,,,,,,,,,,,
2019-05-13,0.0021499927527483214,0.69684,0.69462,,,,,,,,,,,,,,,,,,
2019-05-14,0.0020913852332796637,0.69462,0.69457,,,,,,,,,,,,,,,,,,
2019-05-15,0.0020834546153798033,0.69158,0.693,,,,,,,,,,,,,,,,,,
2019-05-16,0.0020638155996966848,0.6921,0.69045,,,,,,,,,,,,,,,,,,
2019-05-17,0.0020427574544234135,0.68801,0.68723,,,,,,,,,,,,,,,,,,
2019-05-20,0.002025666729933052,0.69175,0.69124,,,,,,,,,,,,,,,,,,
2019-05-21,0.002087065089299385,0.68748,0.68761,,,,,,,,,,,,,,,,,,
2019-05-22,0.002052848849493598,0.68837,0.68791,,,,,,,,,,,,,,,,,,
2019-05-23,0.0020581717347034015,0.68773,0.68961,,,,,,,,,,,,,,,,,,
2019-05-24,0.0020263585895798006,0.69018,0.69132,,,,,,,,,,,,,,,,,,
2019-05-27,0.0019994768211635617,0.69253,0.69149,,,,,,,,,,,,,,,,,,
2019-05-28,0.002041367788861819,0.69261,0.69292,,,,,,,,,,,,,,,,,,
2019-05-29,0.002008830173926657,0.69221,0.69105,,,,,,,,,,,,,,,,,,
2019-05-30,0.001978509850364577,0.69171,0.69095,,,,,,,,,,,,,,,,,,
2019-05-31,0.0019477424226404332,0.69094,0.69295,131.0,0.0031645824671597453,0.69313,0.69318,0.69304,0.6935,158.0,0.004173984410165219,0.69383,0.69419,0.69382,0.69288,,,,,,
2019-06-03,0.0019208170469583897,0.69569,0.69528,,,,,,,,,,,,,,,,,,
2019-06-04,0.0019034583009621174,0.69858,0.69853,,,,,,,,,,,,,,,,,,
2019-06-05,0.0018864179483158365,0.69825,0.6972,,,,,,,,,,,,,,,,,,
2019-06-06,0.0018854312367513131,0.69837,0.69826,,,,,,,,,,,,,,,,,,
2019-06-07,0.0018846843783927435,0.69678,0.70013,30.0,0.002837613151307526,0.69876,0.69894,0.69866,0.69951,36.0,0.003910367443289758,0.69951,0.6993,0.69952,0.6997,107.0,0.004810592560349548,0.70014,0.70013,0.69992,0.70015
2019-06-10,0.0018597547925673936,0.69601,0.69629,,,,,,,,,,,,,,,,,,
2019-06-11,0.001839473100776829,0.69518,0.69551,,,,,,,,,,,,,,,,,,
2019-06-12,0.0018268610272948278,0.69492,0.69427,,,,,,,,,,,,,,,,,,
2019-06-13,0.0018053313213519226,0.69138,0.69094,,,,,,,,,,,,,,,,,,
2019-06-14,0.0018395507908935643,0.69004,0.68713,117.0,-0.002829923594110561,0.68809,0.68818,0.68839,0.68819,167.0,-0.0037750139205757847,0.68744,0.68753,0.68742,,,,,,,
2019-06-17,0.0018256104785413022,0.68685,0.68597,,,,,,,,,,,,,,,,,,
2019-06-18,0.0018128579750769896,0.68456,0.68703,118.0,0.003121219516831481,0.6867,0.68649,0.68619,0.68632,150.0,0.0037326533481698366,0.68712,0.68689,0.68712,0.68685,,,,,,
2019-06-19,0.0018563169124738471,0.68725,0.68697,,,,,,,,,,,,,,,,,,
2019-06-20,0.0018782917847481504,0.6927,0.69156,,,,,,,,,,,,,,,,,,
2019-06-21,0.0018629786941367326,0.69067,0.69189,,,,,,,,,,,,,,,,,,
2019-06-24,0.0019071052832254957,0.69526,0.69623,,,,,,,,,,,,,,,,,,
2019-06-25,0.001915705612917293,0.69667,0.69741,,,,,,,,,,,,,,,,,,
2019-06-26,0.0018869863745867063,0.69783,0.69885,,,,,,,,,,,,,,,,,,
2019-06-27,0.0018638040506120238,0.69937,0.69979,,,,,,,,,,,,,,,,,,
2019-06-28,0.0018772199135792707,0.70043,0.70087,,,,,,,,,,,,,,,,,,
2019-07-01,0.0018562473556617083,0.69942,0.69621,169.0,-0.0028779470477179113,0.69741,0.69732,0.69716,,176.0,-0.004011351758620661,0.69662,0.6966,,,,,,,,
2019-07-02,0.0018134872879184787,0.69931,0.69914,,,,,,,,,,,,,,,,,,
2019-07-03,0.0018230608232909307,0.70191,0.70314,,,,,,,,,,,,,,,,,,
2019-07-04,0.0018065435421168081,0.70212,0.70195,,,,,,,,,,,,,,,,,,
2019-07-05,0.0018662460528326339,0.7012,0.69675,42.0,-0.002985055526164555,0.69911,0.69948,0.69961,0.69989,90.0,-0.003843658060272507,0.69851,0.69849,0.6982,0.69774,103.0,-0.004702998426241484,0.69791,0.69775,0.69787,0.69741
2019-07-08,0.0018418853421788546,0.69854,0.69673,,,,,,,,,,,,,,,,,,
2019-07-09,0.001891367297881042,0.69321,0.69256,,,,,,,,,,,,,,,,,,
2019-07-10,0.0018954630288622572,0.69209,0.69622,31.0,0.0029720705164565384,0.69415,0.69425,0.69461,0.69551,35.0,0.003965598269367812,0.69484,0.69461,0.69505,0.69544,45.0,0.004785594718838956,0.69541,0.69551,0.69544,0.69551
2019-07-11,0.0019058908857646675,0.6985,0.69811,,,,,,,,,,,,,,,,,,
2019-07-12,0.0019735268283541667,0.69871,0.70062,,,,,,,,,,,,,,,,,,
2019-07-15,0.0019512538846041948,0.70274,0.70349,,,,,,,,,,,,,,,,,,
2019-07-16,0.0019477118972003186,0.70309,0.70178,,,,,,,,,,,,,,,,,,
2019-07-17,0.0019185233996408847,0.7005,0.70204,,,,,,,,,,,,,,,,,,
2019-07-18,0.0019332467160737487,0.70345,0.70425,,,,,,,,,,,,,,,,,,
2019-07-19,0.0019289104418169104,0.70542,0.70424,,,,,,,,,,,,,,,,,,
2019-07-22,0.0019745247891273373,0.70484,0.70394,,,,,,,,,,,,,,,,,,
2019-07-23,0.0019495663686426479,0.70277,0.69986,99.0,-0.0030640116889053366,0.70062,0.70076,0.70066,0.70038,140.0,-0.003949333961179298,0.7,0.69997,0.70018,0.7002,,,,,,
2019-07-24,0.0019266330450294078,0.69795,0.69773,,,,,,,,,,,,,,,,,,
2019-07-25,0.0019789826321442157,0.69679,0.69541,,,,,,,,,,,,,,,,,,
2019-07-26,0.0019477916639964539,0.69278,0.6907,145.0,-0.0029345246677231927,0.69075,0.69085,0.69094,0.6912,,,,,,,,,,,,
2019-07-29,0.001965270500303767,0.68997,0.69049,,,,,,,,,,,,,,,,,,
2019-07-30,0.0019567866391231874,0.68863,0.68705,,,,,,,,,,,,,,,,,,
2019-07-31,0.0019264869849832643,0.68927,0.68856,,,,,,,,,,,,,,,,,,
2019-08-01,0.001913343184647146,0.68397,0.6857,,,,,,,,,,,,,,,,,,
2019-08-02,0.001926490127251857,0.67894,0.68033,46.0,-0.0038072797410252882,0.67636,0.67665,0.67699,0.67906,,,,,,,,,,,,
2019-08-05,0.001981484950330822,0.6766,0.67793,,,,,,,,,,,,,,,,,,
2019-08-06,0.001948937013158294,0.67919,0.67688,,,,,,,,,,,,,,,,,,
2019-08-07,0.0019289669536112376,0.67363,0.67533,178.0,0.0030385924321490133,0.67568,0.6756,,,,,,,,,,,,,,
2019-08-08,0.002071289112594387,0.67859,0.68105,116.0,0.003133945521383946,0.68072,0.68066,0.68071,0.68091,158.0,0.0046165690085032355,0.68173,0.68112,0.68055,0.68074,,,,,,
2019-08-09,0.0021577256661163254,0.68065,0.67958,,,,,,,,,,,,,,,,,,
2019-08-12,0.0021617174285007384,0.67455,0.67552,,,,,,,,,,,,,,,,,,
2019-08-13,0.0021223125787565356,0.67655,0.67963,112.0,0.0034085660228664215,0.67886,0.67854,0.67927,0.67996,115.0,0.0042920103349925855,0.67946,0.67951,0.67987,0.68019,129.0,0.00552752264136186,0.6803,0.68019,0.68047,0.68128
2019-08-14,0.002121669074126882,0.67486,0.67404,,,,,,,,,,,,,,,,,,
2019-08-15,0.0021210037091995222,0.67739,0.67825,,,,,,,,,,,,,,,,,,
2019-08-16,0.0020880846191934656,0.67869,0.67815,,,,,,,,,,,,,,,,,,
2019-08-19,0.0020562967446679406,0.67787,0.677,,,,,,,,,,,,,,,,,,
2019-08-20,0.0019955335048976205,0.67757,0.67753,,,,,,,,,,,,,,,,,,
2019-08-21,0.0019649092876772877,0.67955,0.67916,,,,,,,,,,,,,,,,,,
2019-08-22,0.0019345814652647294,0.67661,0.67635,,,,,,,,,,,,,,,,,,
2019-08-23,0.0019162152645676807,0.67481,0.67461,170.0,0.002944638524312954,0.6768,0.67681,0.67712,,178.0,0.004288298057149466,0.67771,0.67733,,,,,,,,
2019-08-26,0.001887856001291648,0.67648,0.67805,,,,,,,,,,,,,,,,,,
2019-08-27,0.001842634965259695,0.67627,0.67567,,,,,,,,,,,,,,,,,,
2019-08-28,0.0018670611946074822,0.67451,0.67448,,,,,,,,,,,,,,,,,,
2019-08-29,0.0018801384391873518,0.67495,0.67335,175.0,-0.0028487088805807474,0.67303,0.67306,0.67293,,,,,,,,,,,,,
2019-08-30,0.0018577290456952527,0.67295,0.67294,,,,,,,,,,,,,,,,,,
2019-09-02,0.0018452215129590025,0.67145,0.67156,,,,,,,,,,,,,,,,,,
2019-09-03,0.0018198300222268917,0.6731,0.67591,161.0,0.0028187838558624955,0.675,0.67492,0.67497,0.67534,174.0,0.0037220794652198224,0.67561,0.67552,0.67555,,,,,,,
2019-09-04,0.001852725348818928,0.67896,0.67952,,,,,,,,,,,,,,,,,,
2019-09-05,0.0021727942663387016,0.68247,0.68187,,,,,,,,,,,,,,,,,,
2019-09-06,0.002199198844244001,0.68316,0.68547,178.0,0.003331875068338536,0.68544,0.68569,,,,,,,,,,,,,,
2019-09-09,0.0021634560745072886,0.6869,0.68749,,,,,,,,,,,,,,,,,,
2019-09-10,0.002134228754410325,0.68535,0.68676,,,,,,,,,,,,,,,,,,
2019-09-11,0.002099319005892059,0.68676,0.68565,,,,,,,,,,,,,,,,,,
2019-09-12,0.002065380244989444,0.68775,0.68708,,,,,,,,,,,,,,,,,,
2019-09-13,0.002045192343905948,0.68769,0.68847,,,,,,,,,,,,,,,,,,
2019-09-16,0.0020125530709655995,0.68678,0.68638,,,,,,,,,,,,,,,,,,
2019-09-17,0.001955944983442487,0.68428,0.68581,,,,,,,,,,,,,,,,,,
2019-09-18,0.0019558284910592295,0.68389,0.68427,,,,,,,,,,,,,,,,,,
2019-09-19,0.0019278624574238193,0.67921,0.67942,,,,,,,,,,,,,,,,,,
2019-09-20,0.002078898322827563,0.6792,0.6769,,,,,,,,,,,,,,,,,,
2019-09-23,0.002046672599225507,0.67685,0.67693,,,,,,,,,,,,,,,,,,
2019-09-24,0.0020182488324228805,0.67934,0.67917,,,,,,,,,,,,,,,,,,
2019-09-25,0.001986508371129008,0.67651,0.67481,129.0,-0.003316605299617631,0.67427,0.67437,0.67436,0.67426,,,,,,,,,,,,
2019-09-26,0.0019791999541520157,0.67621,0.67535,,,,,,,,,,,,,,,,,,
2019-09-27,0.0020195559327049,0.6753,0.6761,145.0,0.0030310894459492166,0.67735,0.67742,0.67736,0.67756,,,,,,,,,,,,
2019-09-30,0.0019878013420390707,0.67567,0.67455,,,,,,,,,,,,,,,,,,
2019-10-01,0.0019314261157980244,0.66963,0.67006,103.0,-0.0031260074664296237,0.66754,0.66744,0.66746,0.66723,,,,,,,,,,,,
2019-10-02,0.001920252246543031,0.66816,0.66978,,,,,,,,,,,,,,,,,,
2019-10-03,0.0019050683237997882,0.67204,0.67486,124.0,0.003045770593883851,0.67409,0.67388,0.67354,0.67363,167.0,0.0038317068252185465,0.67462,0.67472,0.67444,,,,,,,
2019-10-04,0.0018764946541273012,0.67599,0.67621,,,,,,,,,,,,,,,,,,
2019-10-07,0.0019284913446183556,0.67397,0.67402,,,,,,,,,,,,,,,,,,
2019-10-08,0.0018900855190846486,0.67447,0.67261,,,,,,,,,,,,,,,,,,
2019-10-09,0.0018622583367100202,0.67426,0.67288,,,,,,,,,,,,,,,,,,
2019-10-10,0.001835443257571346,0.67613,0.6769,,,,,,,,,,,,,,,,,,
2019-10-11,0.0018099737690830892,0.68031,0.68042,,,,,,,,,,,,,,,,,,
2019-10-14,0.0018290395651855728,0.67546,0.67693,,,,,,,,,,,,,,,,,,
2019-10-15,0.0017839331035733833,0.67529,0.67563,,,,,,,,,,,,,,,,,,
2019-10-16,0.001761980621345139,0.67263,0.67553,179.0,0.002791099990306423,0.67451,0.67457,,,,,,,,,,,,,,
2019-10-17,0.0018130496641235963,0.68268,0.68251,,,,,,,,,,,,,,,,,,
2019-10-18,0.0019067452315625949,0.68447,0.68452,,,,,,,,,,,,,,,,,,
2019-10-21,0.0019665882694326585,0.68788,0.68661,,,,,,,,,,,,,,,,,,
2019-10-22,0.001942956908166091,0.68556,0.68627,,,,,,,,,,,,,,,,,,
2019-10-23,0.0019155926979564962,0.68418,0.68483,,,,,,,,,,,,,,,,,,
2019-10-24,0.001932368302488165,0.68348,0.68155,,,,,,,,,,,,,,,,,,
2019-10-25,0.0019082799942519906,0.68239,0.68288,,,,,,,,,,,,,,,,,,
2019-10-28,0.001923801702429837,0.6824,0.68379,,,,,,,,,,,,,,,,,,
2019-10-29,0.001868299087238319,0.68577,0.68589,,,,,,,,,,,,,,,,,,
2019-10-30,0.0018980196681015018,0.68567,0.68735,,,,,,,,,,,,,,,,,,
2019-10-31,0.0018747307099769074,0.69094,0.68869,92.0,-0.003029448826886502,0.68885,0.68891,0.68918,0.68895,,,,,,,,,,,,
2019-11-01,0.002045904410923997,0.68944,0.6914,82.0,0.0031714566757798206,0.69163,0.69171,0.69152,0.6917,,,,,,,,,,,,
2019-11-04,0.0020259097948179066,0.69033,0.68964,,,,,,,,,,,,,,,,,,
2019-11-05,0.0019661394957267704,0.69105,0.68935,69.0,-0.003057995556890351,0.68894,0.68864,0.68895,0.68913,,,,,,,,,,,,
2019-11-06,0.001947713613197828,0.69009,0.68754,172.0,-0.003033185934693554,0.688,0.68781,0.68805,,,,,,,,,,,,,
2019-11-07,0.001918858709190325,0.68919,0.69025,,,,,,,,,,,,,,,,,,
2019-11-08,0.0019245816315611257,0.68649,0.68529,,,,,,,,,,,,,,,,,,
2019-11-11,0.0019049325003106347,0.6856,0.68531,,,,,,,,,,,,,,,,,,
2019-11-12,0.0018690608788496995,0.68477,0.68455,,,,,,,,,,,,,,,,,,
2019-11-13,0.0018427117890385401,0.68282,0.68324,,,,,,,,,,,,,,,,,,
2019-11-14,0.001815240184541538,0.6777,0.67823,,,,,,,,,,,,,,,,,,
2019-11-15,0.0018836726650432523,0.68033,0.68134,,,,,,,,,,,,,,,,,,
2019-11-18,0.0018553156678568696,0.6803,0.68198,,,,,,,,,,,,,,,,,,
2019-11-19,0.001826850542863204,0.68284,0.68273,,,,,,,,,,,,,,,,,,
2019-11-20,0.0018082945832206265,0.68124,0.67928,,,,,,,,,,,,,,,,,,
2019-11-21,0.0018017699863741756,0.68038,0.67891,,,,,,,,,,,,,,,,,,
2019-11-22,0.001794112073615999,0.67934,0.67816,,,,,,,,,,,,,,,,,,
2019-11-25,0.001771446873174109,0.67819,0.67706,,,,,,,,,,,,,,,,,,
2019-11-26,0.0017300861652744372,0.67806,0.67869,,,,,,,,,,,,,,,,,,
2019-11-27,0.0017126763616297316,0.67832,0.67759,,,,,,,,,,,,,,,,,,
2019-11-28,0.001690909862333295,0.67698,0.67648,,,,,,,,,,,,,,,,,,
2019-11-29,0.0016757755060826031,0.6763,0.67636,,,,,,,,,,,,,,,,,,
2019-12-02,0.0016650959991057726,0.67937,0.68156,81.0,0.00269005064575383,0.6812,0.68137,0.68134,0.68109,89.0,0.003365101667088732,0.68166,0.68159,0.68143,0.68096,,,,,,
2019-12-03,0.0016428582157404883,0.68358,0.68412,,,,,,,,,,,,,,,,,,
2019-12-04,0.001852932177259154,0.68448,0.68518,,,,,,,,,,,,,,,,,,
2019-12-05,0.0018357140976748908,0.68243,0.68347,,,,,,,,,,,,,,,,,,
2019-12-06,0.001819545479955277,0.6843,0.684,111.0,-0.0027950760501378046,0.68239,0.68238,0.68278,0.68299,,,,,,,,,,,,
2019-12-09,0.0017938074906231336,0.68273,0.68305,,,,,,,,,,,,,,,,,,
2019-12-10,0.0017451311003653896,0.68099,0.68095,,,,,,,,,,,,,,,,,,
2019-12-11,0.0017209932631568315,0.68449,0.68637,146.0,0.002771943885068331,0.68639,0.68642,0.68656,0.6865,,,,,,,,,,,,
2019-12-12,0.0017015428537235082,0.68915,0.68924,,,,,,,,,,,,,,,,,,
2019-12-13,0.0018783402022254383,0.69056,0.68667,23.0,-0.004324676222347855,0.68758,0.68774,0.68817,0.68829,23.0,-0.004324676222347855,0.68758,0.68774,0.68817,0.68829,114.0,-0.004979359778985777,0.68713,0.68733,0.6873,0.68776
2019-12-16,0.0019353997002481613,0.68962,0.68897,,,,,,,,,,,,,,,,,,
2019-12-17,0.001985702011167113,0.6841,0.68506,,,,,,,,,,,,,,,,,,
2019-12-18,0.0019543590563465287,0.68488,0.68546,,,,,,,,,,,,,,,,,,
2019-12-19,0.0019500553900703994,0.68628,0.6882,166.0,0.003040776358201167,0.68837,0.68843,0.68846,,,,,,,,,,,,,
2019-12-20,0.001971718721044206,0.68981,0.69016,,,,,,,,,,,,,,,,,,
2019-12-23,0.0019476008422310276,0.6915,0.69195,,,,,,,,,,,,,,,,,,
2019-12-24,0.0018942768757916888,0.69194,0.69232,,,,,,,,,,,,,,,,,,
2019-12-26,0.00186915457572576,0.69306,0.69392,,,,,,,,,,,,,,,,,,
2019-12-27,0.001819885870437172,0.69719,0.69752,,,,,,,,,,,,,,,,,,
2019-12-30,0.001825035482534279,0.69975,0.70003,,,,,,,,,,,,,,,,,,
2019-12-31,0.0018111416179128954,0.7024,0.70229,,,,,,,,,,,,,,,,,,
2020-01-02,0.0017977040130746455,0.69966,0.69825,,,,,,,,,,,,,,,,,,
2020-01-03,0.001716627329336155,0.69453,0.69621,151.0,0.0026026889957268293,0.69634,0.69639,0.69632,0.69616,,,,,,,,,,,,
2020-01-06,0.0017530078648331018,0.69441,0.69346,58.0,-0.0026532481786679745,0.69257,0.69274,0.69277,0.69281,,,,,,,,,,,,
2020-01-07,0.0017180094114690922,0.68664,0.68678,,,,,,,,,,,,,,,,,,
2020-01-08,0.0017060609325743896,0.68673,0.68752,94.0,-0.002609958687010642,0.68494,0.68495,0.68524,0.68514,,,,,,,,,,,,
2020-01-09,0.0018299175050022522,0.68635,0.68511,,,,,,,,,,,,,,,,,,
2020-01-10,0.001803114195029724,0.68789,0.69055,85.0,0.0027582620123705525,0.68979,0.68993,0.68976,0.69001,117.0,0.003627713877775472,0.69039,0.69052,0.69028,0.69017,,,,,,
2020-01-13,0.0017768685448294986,0.6908,0.69118,,,,,,,,,,,,,,,,,,
2020-01-14,0.0017678728816558236,0.69012,0.69043,,,,,,,,,,,,,,,,,,
2020-01-15,0.0017483797464622052,0.68855,0.69094,119.0,0.002712170890287468,0.69042,0.69045,0.69041,0.69051,156.0,0.0035953009922032354,0.69103,0.69097,0.69104,0.69094,,,,,,
2020-01-16,0.001723984923054488,0.69207,0.6892,71.0,-0.002734673435129554,0.69018,0.69007,0.69023,0.6896,78.0,-0.0034883840459492737,0.68966,0.6896,0.68967,0.68984,,,,,,
2020-01-17,0.0017033308779075417,0.68877,0.6878,,,,,,,,,,,,,,,,,,
2020-01-20,0.0016853972067662722,0.68611,0.687,,,,,,,,,,,,,,,,,,
2020-01-21,0.0016700623250973565,0.68659,0.68512,,,,,,,,,,,,,,,,,,
2020-01-22,0.0016630475622807755,0.68487,0.68386,,,,,,,,,,,,,,,,,,
2020-01-23,0.00167203253783526,0.68668,0.68397,107.0,-0.002624749968498171,0.68488,0.68486,0.68478,0.68459,125.0,-0.003515813826163693,0.68427,0.6842,0.68387,0.68342,129.0,-0.004495439161292667,0.6836,0.68387,0.6837,0.68332
2020-01-24,0.001691433676518388,0.68447,0.68231,88.0,-0.002545349531051211,0.68273,0.68244,0.68207,0.68215,93.0,-0.0035125242840531035,0.68207,0.68198,0.68217,0.68227,,,,,,
2020-01-27,0.0016869014760171968,0.67727,0.67598,127.0,-0.002572443760397153,0.67553,0.6755,0.67532,0.6757,,,,,,,,,,,,
2020-01-28,0.001681486329829096,0.67538,0.67479,,,,,,,,,,,,,,,,,,
2020-01-29,0.0017549594362904289,0.67463,0.67463,,,,,,,,,,,,,,,,,,
2020-01-30,0.001737734232677715,0.67187,0.6706,113.0,-0.002652837705897109,0.67009,0.67003,0.67044,0.67051,,,,,,,,,,,,
2020-01-31,0.0017718744896965117,0.67039,0.6697,,,,,,,,,,,,,,,,,,
2020-02-03,0.0017560243135926413,0.66948,0.66884,,,,,,,,,,,,,,,,,,
2020-02-04,0.0017731467147432175,0.67217,0.67349,,,,,,,,,,,,,,,,,,
2020-02-05,0.0017740499212702517,0.67694,0.67447,75.0,-0.002736627374502073,0.67509,0.67502,0.67481,0.67484,92.0,-0.0035516656152738755,0.67454,0.67482,0.67462,0.6745,,,,,,
2020-02-06,0.0017672495108413846,0.67535,0.67374,74.0,-0.0026539962646647923,0.67356,0.67326,0.67312,0.67335,,,,,,,,,,,,
2020-02-07,0.0017653102019677476,0.66745,0.66763,,,,,,,,,,,,,,,,,,
2020-02-10,0.0018211634210155048,0.66837,0.66728,,,,,,,,,,,,,,,,,,
2020-02-11,0.0018909931679355848,0.67099,0.67114,57.0,0.002887078617071888,0.67293,0.67289,0.67307,0.67348,71.0,0.0038970746926510974,0.67361,0.67348,0.67294,0.67273,,,,,,
2020-02-12,0.0018688727809751992,0.67389,0.6739,,,,,,,,,,,,,,,,,,
2020-02-13,0.001856491576837545,0.67344,0.67231,,,,,,,,,,,,,,,,,,
2020-02-14,0.0018317426537681424,0.6722,0.67136,,,,,,,,,,,,,,,,,,
2020-02-17,0.001804427549834654,0.67178,0.67174,,,,,,,,,,,,,,,,,,
2020-02-18,0.0017624889365160002,0.66813,0.66894,,,,,,,,,,,,,,,,,,
2020-02-19,0.0017859718182817997,0.66818,0.66699,,,,,,,,,,,,,,,,,,
2020-02-20,0.0017602222226337561,0.66192,0.66176,,,,,,,,,,,,,,,,,,
2020-02-21,0.0018355531538564512,0.66038,0.66302,76.0,0.002842801164495722,0.66226,0.66238,0.66266,0.66273,85.0,0.0039293969069146084,0.66298,0.66276,0.66284,0.66283,108.0,0.004653138683326754,0.66346,0.66342,0.66321,0.6634
2020-02-24,0.001899707223348827,0.65961,0.66177,69.0,0.0029065827266079964,0.66153,0.66153,0.66134,0.66148,,,,,,,,,,,,
2020-02-25,0.0018716695215718702,0.65886,0.66037,131.0,0.0028342155544896206,0.66073,0.66062,0.66069,0.66024,,,,,,,,,,,,
2020-02-26,0.001843931324547166,0.65645,0.65534,,,,,,,,,,,,,,,,,,
2020-02-27,0.0018320916103689666,0.65747,0.65809,,,,,,,,,,,,,,,,,,
2020-02-28,0.0018825911086811518,0.6502,0.64908,108.0,-0.0028801818867597857,0.64833,0.64824,0.64778,0.64574,114.0,-0.004022227816184259,0.64759,0.64664,0.64574,0.64785,115.0,-0.005490282444216099,0.64664,0.64665,0.64453,0.64794
2020-03-02,0.0018920880242475784,0.65448,0.65343,117.0,-0.003673773419240743,0.65208,0.65145,0.65182,0.65267,118.0,-0.004640379556502225,0.65145,0.65171,0.65188,0.65244,161.0,-0.00479389506186962,0.65135,0.65125,0.65164,0.65199
2020-03-03,0.0018615451231300505,0.65711,0.66091,60.0,0.007474544900508237,0.66204,0.6617,0.66233,0.66174,60.0,0.007474544900508237,0.66204,0.6617,0.66233,0.66174,60.0,0.007474544900508237,0.66204,0.6617,0.66233,0.66174
2020-03-04,0.0018746043936348803,0.66161,0.66113,,,,,,,,,,,,,,,,,,
2020-03-05,0.0019412215947737664,0.66,0.65943,,,,,,,,,,,,,,,,,,
2020-03-06,0.0019410209752445116,0.66289,0.66319,,,,,,,,,,,,,,,,,,
2020-03-09,0.0019263335675339193,0.66156,0.66161,38.0,-0.0030277363568249963,0.65956,0.65966,0.65932,0.66106,89.0,0.003907345188919855,0.66415,0.66378,0.66436,0.6645,96.0,0.004960768913122419,0.66485,0.66483,0.66454,0.6663
2020-03-10,0.0024889579413380557,0.65478,0.64656,115.0,-0.004270076967333007,0.65199,0.65199,0.65249,0.65287,146.0,-0.005067953430878137,0.65147,0.65169,0.65228,0.65135,174.0,-0.006727118391403005,0.65039,0.65021,0.64688,
2020-03-11,0.0025705326613843964,0.65175,0.65098,,,,,,,,,,,,,,,,,,
2020-03-12,0.0026610024416799964,0.63425,0.6345,127.0,-0.004440273079244215,0.63144,0.63122,0.63041,0.63065,130.0,-0.0055336109582240925,0.63075,0.63046,0.62981,0.63125,133.0,-0.007390268081516557,0.62958,0.62933,0.63049,0.63137
2020-03-13,0.0027125725179005197,0.62832,0.61536,138.0,-0.004642156167244069,0.62541,0.62551,0.62611,0.62498,150.0,-0.005650003059839931,0.62478,0.62428,0.62436,0.62188,156.0,-0.007396140775524817,0.62369,0.62359,0.62245,0.62047
2020-03-16,0.003547218599749817,0.61167,0.61421,45.0,-0.0058700240698502035,0.60809,0.60843,0.61062,0.61173,145.0,0.007329978088674414,0.61617,0.61636,0.61583,0.61471,,,,,,
2020-03-17,0.003722751274436934,0.60053,0.59644,176.0,-0.005761490875148157,0.59708,0.59742,,,,,,,,,,,,,,
2020-03-18,0.0036965725765877237,0.58929,0.578,119.0,-0.005854638300130081,0.58585,0.5865,0.58609,0.58645,142.0,-0.007460433171817654,0.58491,0.58411,0.58316,0.58344,144.0,-0.009291449726156996,0.58384,0.58459,0.58388,0.58368
2020-03-19,0.003819864446209301,0.57885,0.58498,1.0,0.008069624567633793,0.58354,0.5801,0.57831,0.57816,1.0,0.008069624567633793,0.58354,0.5801,0.57831,0.57816,71.0,0.010380418711440497,0.58489,0.58607,0.58366,0.58676
2020-03-20,0.007664516615855128,0.58664,0.58137,,,,,,,,,,,,,,,,,,
2020-03-23,0.00879251933100877,0.58241,0.5795,174.0,-0.014736926740670765,0.57389,0.57445,0.57515,,,,,,,,,,,,,
2020-03-24,0.008513091727984378,0.58928,0.59276,,,,,,,,,,,,,,,,,,
2020-03-25,0.00869064366824757,0.60106,0.59632,,,,,,,,,,,,,,,,,,
2020-03-26,0.008562751498531902,0.60255,0.60648,,,,,,,,,,,,,,,,,,
2020-03-27,0.008395901146339205,0.60275,0.61425,169.0,0.013332542023700478,0.61084,0.6107,0.61138,,,,,,,,,,,,,
2020-03-30,0.008730273897198078,0.61233,0.61404,,,,,,,,,,,,,,,,,,
2020-03-31,0.008407066503240506,0.61,0.61368,,,,,,,,,,,,,,,,,,
2020-04-01,0.00825808727521941,0.60614,0.61053,169.0,0.012835084528706487,0.61397,0.61193,0.61202,,,,,,,,,,,,,
2020-04-02,0.008146568913750258,0.60789,0.60469,,,,,,,,,,,,,,,,,,
2020-04-03,0.008028441422851845,0.59989,0.59996,,,,,,,,,,,,,,,,,,
2020-04-06,0.007860806645893849,0.60793,0.60945,,,,,,,,,,,,,,,,,,
2020-04-07,0.007621740377928431,0.61887,0.61859,,,,,,,,,,,,,,,,,,
2020-04-08,0.007601837499249405,0.61773,0.62205,,,,,,,,,,,,,,,,,,
2020-04-09,0.007449906860694884,0.623,0.63059,84.0,0.011427236607615764,0.63016,0.63005,0.62977,0.63001,,,,,,,,,,,,
2020-04-10,0.007416575211082269,0.63461,0.63444,,,,,,,,,,,,,,,,,,
2020-04-13,0.007442388228356906,0.63607,0.63787,,,,,,,,,,,,,,,,,,
2020-04-14,0.007139100698217024,0.64024,0.64182,,,,,,,,,,,,,,,,,,
2020-04-15,0.007100056692124666,0.63158,0.63258,,,,,,,,,,,,,,,,,,
2020-04-16,0.006949560496056048,0.63018,0.63019,,,,,,,,,,,,,,,,,,
2020-04-17,0.006983940122633735,0.63535,0.63544,,,,,,,,,,,,,,,,,,
2020-04-20,0.006936284664123177,0.63534,0.63857,,,,,,,,,,,,,,,,,,
2020-04-21,0.006668612728354455,0.62701,0.62744,,,,,,,,,,,,,,,,,,
2020-04-22,0.006560862654362095,0.633,0.6318,,,,,,,,,,,,,,,,,,
2020-04-23,0.006433305618837534,0.63518,0.63862,,,,,,,,,,,,,,,,,,
2020-04-24,0.006308898284534901,0.63739,0.63755,,,,,,,,,,,,,,,,,,
2020-04-27,0.00622897957233065,0.64568,0.64568,,,,,,,,,,,,,,,,,,
2020-04-28,0.006014484596759944,0.65039,0.64935,,,,,,,,,,,,,,,,,,
2020-04-29,0.005891880399571848,0.65083,0.65381,,,,,,,,,,,,,,,,,,
2020-04-30,0.005892120860861355,0.65487,0.65163,68.0,-0.008849954614957791,0.6491,0.6492,0.64982,0.65055,,,,,,,,,,,,
2020-05-01,0.005772615190656269,0.64453,0.64181,,,,,,,,,,,,,,,,,,
2020-05-04,0.005735833283138462,0.64185,0.64103,,,,,,,,,,,,,,,,,,
2020-05-05,0.005549263568050599,0.64414,0.64576,,,,,,,,,,,,,,,,,,
2020-05-06,0.005475275123137439,0.64436,0.64165,,,,,,,,,,,,,,,,,,
2020-05-07,0.005367224226389046,0.64635,0.64985,,,,,,,,,,,,,,,,,,
2020-05-08,0.0052587898205693736,0.65204,0.65404,,,,,,,,,,,,,,,,,,
2020-05-11,0.005406115994568832,0.64734,0.64655,,,,,,,,,,,,,,,,,,
2020-05-12,0.005197153126350597,0.65275,0.65072,,,,,,,,,,,,,,,,,,
2020-05-13,0.0052880901725101265,0.65201,0.64654,142.0,-0.00810007816621017,0.64675,0.64679,0.64728,0.64751,,,,,,,,,,,,
2020-05-14,0.005203591588532066,0.64126,0.64246,,,,,,,,,,,,,,,,,,
2020-05-15,0.005117489322507664,0.64203,0.64096,,,,,,,,,,,,,,,,,,
2020-05-18,0.005018190561637802,0.6473,0.65129,,,,,,,,,,,,,,,,,,
2020-05-19,0.004866099187282825,0.65412,0.65647,,,,,,,,,,,,,,,,,,
2020-05-20,0.004881424931355076,0.65781,0.65997,,,,,,,,,,,,,,,,,,
2020-05-21,0.004792794880158157,0.65769,0.65606,,,,,,,,,,,,,,,,,,
2020-05-22,0.004705525388060298,0.653,0.65267,,,,,,,,,,,,,,,,,,
2020-05-25,0.004617550907525698,0.65434,0.65472,,,,,,,,,,,,,,,,,,
2020-05-26,0.004439679523268361,0.66324,0.66427,,,,,,,,,,,,,,,,,,
2020-05-27,0.004372582351795567,0.66513,0.65893,69.0,-0.006561554867320684,0.66078,0.66066,0.66121,0.66103,100.0,-0.00877350940907311,0.65932,0.65931,0.65897,0.65824,113.0,-0.010975166855174145,0.65787,0.65776,0.65819,0.65881
2020-05-28,0.004421848331077691,0.66172,0.66643,175.0,0.006822469741239119,0.66625,0.66612,0.66602,,,,,,,,,,,,,
2020-05-29,0.004347041099216484,0.66672,0.66401,,,,,,,,,,,,,,,,,,
2020-06-01,0.004270488200210761,0.67386,0.67825,178.0,0.006655746272199904,0.67836,0.67872,,,,,,,,,,,,,,
2020-06-02,0.004216508133654795,0.68527,0.68707,,,,,,,,,,,,,,,,,,
2020-06-03,0.0041587182356482896,0.68754,0.69434,123.0,0.00691382251818555,0.69231,0.69144,0.69128,0.69187,166.0,0.008501445170741579,0.69341,0.69333,0.69398,,,,,,,
2020-06-04,0.004541912947578274,0.69223,0.69423,174.0,0.0069675657965832544,0.69707,0.69717,0.69773,,,,,,,,,,,,,
2020-06-05,0.004483054701190892,0.69794,0.69835,,,,,,,,,,,,,,,,,,
2020-06-08,0.004437018354110799,0.69803,0.69944,,,,,,,,,,,,,,,,,,
2020-06-09,0.004272788599140691,0.69385,0.69631,,,,,,,,,,,,,,,,,,
2020-06-10,0.004207779120606152,0.70117,0.70036,,,,,,,,,,,,,,,,,,
2020-06-11,0.004147612617792479,0.6913,0.68854,,,,,,,,,,,,,,,,,,
2020-06-12,0.0040590654271604526,0.68877,0.68511,173.0,-0.006569435802583299,0.68426,0.68424,0.68398,,,,,,,,,,,,,
2020-06-15,0.004392049196000507,0.68333,0.68497,,,,,,,,,,,,,,,,,,
2020-06-16,0.0042769682984200655,0.69179,0.68868,172.0,-0.00876931153606995,0.68575,0.68544,0.68467,,172.0,-0.00876931153606995,0.68575,0.68544,0.68467,,175.0,-0.01076912243953214,0.68438,0.68569,0.68409,
2020-06-17,0.004606693927503053,0.68884,0.68953,,,,,,,,,,,,,,,,,,
2020-06-18,0.004719458076058317,0.68619,0.68472,,,,,,,,,,,,,,,,,,
2020-06-19,0.004626830132521021,0.68883,0.68539,,,,,,,,,,,,,,,,,,
2020-06-22,0.004536875722990558,0.68809,0.69031,,,,,,,,,,,,,,,,,,
2020-06-23,0.004374780085464578,0.69473,0.69527,,,,,,,,,,,,,,,,,,
2020-06-24,0.004381328670048037,0.69028,0.68745,,,,,,,,,,,,,,,,,,
2020-06-25,0.004298498911213699,0.68595,0.68688,,,,,,,,,,,,,,,,,,
2020-06-26,0.004319056639949326,0.6873,0.68585,,,,,,,,,,,,,,,,,,
2020-06-29,0.004243001736045565,0.68788,0.68509,,,,,,,,,,,,,,,,,,
2020-06-30,0.004092043637383576,0.68518,0.68918,,,,,,,,,,,,,,,,,,
2020-07-01,0.004014241819147629,0.68843,0.69144,95.0,0.0061256156034842895,0.69266,0.69221,0.69248,0.6925,149.0,0.008058317804618796,0.694,0.69418,0.69392,0.69338,,,,,,
2020-07-02,0.003961333516582929,0.69287,0.69153,,,,,,,,,,,,,,,,,,
2020-07-03,0.003886570655929561,0.69345,0.69399,,,,,,,,,,,,,,,,,,
2020-07-06,0.0038127202100321704,0.69719,0.69727,,,,,,,,,,,,,,,,,,
2020-07-07,0.003682694452835373,0.6942,0.69725,,,,,,,,,,,,,,,,,,
2020-07-08,0.003613007725068775,0.69528,0.69648,,,,,,,,,,,,,,,,,,
2020-07-09,0.003547011319093307,0.69832,0.69594,,,,,,,,,,,,,,,,,,
2020-07-10,0.0035006432048065687,0.6947,0.69569,,,,,,,,,,,,,,,,,,
2020-07-13,0.003457435090919912,0.69738,0.69816,,,,,,,,,,,,,,,,,,
2020-07-14,0.0033369832453469224,0.69636,0.69693,,,,,,,,,,,,,,,,,,
2020-07-15,0.0032920732651501683,0.70235,0.70012,,,,,,,,,,,,,,,,,,
2020-07-16,0.0033190477835426213,0.69861,0.70055,,,,,,,,,,,,,,,,,,
2020-07-17,0.0032582553125692186,0.69805,0.69929,,,,,,,,,,,,,,,,,,
2020-07-20,0.0031974407872605586,0.70001,0.70087,,,,,,,,,,,,,,,,,,
2020-07-21,0.003088363123794308,0.70801,0.71116,,,,,,,,,,,,,,,,,,
2020-07-22,0.0030938959663912025,0.71706,0.71466,128.0,-0.004836937841045024,0.7136,0.71357,0.71372,0.71444,,,,,,,,,,,,
2020-07-23,0.0033223599109579406,0.71172,0.71337,,,,,,,,,,,,,,,,,,
2020-07-24,0.0032595038975965253,0.7083,0.70927,,,,,,,,,,,,,,,,,,
2020-07-27,0.0032095882465297564,0.71392,0.71317,,,,,,,,,,,,,,,,,,
2020-07-28,0.0031193671252509178,0.71304,0.71601,,,,,,,,,,,,,,,,,,
2020-07-29,0.0030745649713781386,0.71671,0.71667,,,,,,,,,,,,,,,,,,
2020-07-30,0.0030176263778561997,0.71455,0.71401,,,,,,,,,,,,,,,,,,
2020-07-31,0.0029677492345451966,0.7183,0.71537,,,,,,,,,,,,,,,,,,
2020-08-03,0.0029262586506309473,0.71055,0.71083,,,,,,,,,,,,,,,,,,
2020-08-04,0.002907257221555284,0.71332,0.71506,,,,,,,,,,,,,,,,,,
2020-08-05,0.0028534029268206897,0.72223,0.72166,,,,,,,,,,,,,,,,,,
2020-08-06,0.0028906249337438965,0.71801,0.72273,110.0,0.004543914883518645,0.72128,0.72136,0.72179,0.72122,178.0,0.005887842818506423,0.72225,0.72186,,,,,,,,
2020-08-07,0.002839389404789295,0.72056,0.7162,98.0,-0.0044230012158744956,0.71738,0.71754,0.71766,0.71742,125.0,-0.005748142118806612,0.71643,0.71625,0.71685,0.71613,,,,,,
2020-08-10,0.0028080529681549426,0.71462,0.71616,105.0,0.004356453593310823,0.71774,0.71769,0.71829,0.71787,,,,,,,,,,,,
2020-08-11,0.0027905797564465908,0.71797,0.71535,,,,,,,,,,,,,,,,,,
2020-08-12,0.0027420386729303495,0.71317,0.71658,74.0,0.004183784516417101,0.71616,0.71621,0.71609,0.71609,176.0,0.005523369445473473,0.71712,0.71718,,,,,,,,
2020-08-13,0.002769225773571365,0.71596,0.71607,,,,,,,,,,,,,,,,,,
2020-08-14,0.0027834343858074624,0.71521,0.71663,,,,,,,,,,,,,,,,,,
2020-08-17,0.002753373780044779,0.71851,0.72106,111.0,0.004332918856898358,0.72163,0.72164,0.72103,0.72123,154.0,0.00563467779990041,0.72257,0.7224,0.7217,0.72123,,,,,,
2020-08-18,0.002692896389294947,0.72375,0.72315,,,,,,,,,,,,,,,,,,
2020-08-19,0.0026575627511334693,0.72635,0.72323,164.0,-0.004083496507169193,0.72339,0.72289,0.72345,0.72369,,,,,,,,,,,,
2020-08-20,0.0026270131200494284,0.71625,0.71769,,,,,,,,,,,,,,,,,,
2020-08-21,0.0026884943514651,0.716,0.71525,,,,,,,,,,,,,,,,,,
2020-08-24,0.002660036747232043,0.71972,0.71706,,,,,,,,,,,,,,,,,,
2020-08-25,0.0026108027043026424,0.71748,0.71779,,,,,,,,,,,,,,,,,,
2020-08-26,0.002565371661186272,0.72002,0.72218,,,,,,,,,,,,,,,,,,
2020-08-27,0.0025301953595759704,0.72458,0.72574,74.0,0.004791285738185763,0.72806,0.72816,0.72894,0.72745,76.0,0.005230713390748311,0.72838,0.72894,0.7287,0.72703,,,,,,
2020-08-28,0.002530856156801953,0.73421,0.73503,,,,,,,,,,,,,,,,,,
2020-08-31,0.0025504367357502976,0.73647,0.73876,171.0,0.003984069014874513,0.73941,0.73945,0.73998,,,,,,,,,,,,,
2020-09-01,0.00264320140370485,0.73797,0.73722,,,,,,,,,,,,,,,,,,
2020-09-02,0.002630440323623262,0.73348,0.73165,115.0,-0.004030032571660063,0.73053,0.73029,0.73052,0.73018,,,,,,,,,,,,
2020-09-03,0.00266727645873481,0.72836,0.72701,,,,,,,,,,,,,,,,,,
2020-09-04,0.002634150315525123,0.72724,0.72641,99.0,-0.004078488898630151,0.72428,0.72418,0.72466,0.7237,134.0,-0.00551542956811899,0.72324,0.72337,0.72249,0.72318,157.0,-0.006885207504727491,0.72225,0.72295,0.72306,0.72354
2020-09-07,0.002674964106587942,0.72846,0.72795,,,,,,,,,,,,,,,,,,
2020-09-08,0.0025866017644789138,0.72438,0.7229,,,,,,,,,,,,,,,,,,
2020-09-09,0.002540720656744717,0.7232,0.72731,51.0,0.0039743925135101825,0.72608,0.72594,0.72581,0.72567,77.0,0.005598238632509074,0.72726,0.7272,0.72698,0.72689,155.0,0.006477867046245633,0.7279,0.72792,0.72786,0.72744
2020-09-10,0.0025889692764024994,0.72727,0.72877,71.0,0.004349294437262322,0.73044,0.73049,0.73102,0.73114,78.0,0.005608016726863066,0.73136,0.73097,0.73122,0.73062,109.0,0.0066739546480856305,0.73214,0.73208,0.73211,0.73184
2020-09-11,0.0026113435165436446,0.72972,0.72764,,,,,,,,,,,,,,,,,,
2020-09-14,0.002565035313254489,0.7269,0.72981,138.0,0.0038856862219536306,0.72973,0.72973,0.72975,0.72948,,,,,,,,,,,,
2020-09-15,0.00247932661309675,0.73288,0.72974,178.0,-0.003992239586338876,0.72996,0.73027,,,,,,,,,,,,,,
2020-09-16,0.0024540373330199645,0.73371,0.73344,,,,,,,,,,,,,,,,,,
2020-09-17,0.002413702043194735,0.73077,0.72901,68.0,-0.0036329029804223834,0.72812,0.72833,0.72821,0.72843,,,,,,,,,,,,
2020-09-18,0.0024147632498238564,0.72953,0.73102,,,,,,,,,,,,,,,,,,
2020-09-21,0.0024179375215493785,0.72646,0.72137,49.0,-0.003751211128890462,0.72374,0.72372,0.72457,0.72487,97.0,-0.004871024333897609,0.72293,0.72277,0.72297,0.72288,115.0,-0.006130583654716678,0.72202,0.72235,0.72242,0.72209
2020-09-22,0.0023859505425916244,0.72153,0.71717,162.0,-0.0037351557272581625,0.71884,0.71873,0.71873,0.71772,170.0,-0.004904388342855482,0.718,0.71804,0.71806,,180.0,-0.006144711543304321,0.71711,,,
2020-09-23,0.002617424182373812,0.71162,0.70946,,,,,,,,,,,,,,,,,,
2020-09-24,0.0027535494799762585,0.70317,0.70456,,,,,,,,,,,,,,,,,,
2020-09-25,0.0028496855302148376,0.7031,0.70118,,,,,,,,,,,,,,,,,,
2020-09-28,0.002797656588595057,0.70724,0.70641,,,,,,,,,,,,,,,,,,
2020-09-29,0.002742416463882598,0.71287,0.71062,,,,,,,,,,,,,,,,,,
2020-09-30,0.0027149279192941276,0.71179,0.71593,134.0,0.004401711716114094,0.71493,0.71456,0.71519,0.71535,142.0,0.0054362427744100595,0.71567,0.71566,0.71532,0.71505,176.0,0.006874418912605566,0.7167,0.71689,,
2020-10-01,0.0027239824045596707,0.72015,0.71863,126.0,-0.004467368555341428,0.71694,0.71677,0.71668,0.71729,146.0,-0.005486103597917712,0.71621,0.71645,0.71704,0.71801,,,,,,
2020-10-02,0.0027524517125777285,0.71593,0.71465,,,,,,,,,,,,,,,,,,
2020-10-05,0.0027126109994918893,0.71821,0.71806,,,,,,,,,,,,,,,,,,
2020-10-06,0.0026361686211844224,0.71563,0.7148,,,,,,,,,,,,,,,,,,
2020-10-07,0.0025885954455100372,0.71282,0.71392,,,,,,,,,,,,,,,,,,
2020-10-08,0.00269231292472887,0.71582,0.71573,,,,,,,,,,,,,,,,,,
2020-10-09,0.002661012926979224,0.7187,0.72346,71.0,0.004165515603830717,0.7217,0.7216,0.72148,0.72149,167.0,0.005467148367191146,0.72264,0.72275,0.72264,,,,,,,
2020-10-12,0.0026673740667016795,0.72124,0.72035,,,,,,,,,,,,,,,,,,
2020-10-13,0.0026572267732591598,0.71867,0.71633,132.0,-0.004057366329605062,0.71576,0.71566,0.71605,0.71655,,,,,,,,,,,,
2020-10-14,0.002675412551909202,0.71746,0.71678,,,,,,,,,,,,,,,,,,
2020-10-15,0.002627581139031825,0.70698,0.70787,,,,,,,,,,,,,,,,,,
2020-10-16,0.002624119113510717,0.70886,0.70816,,,,,,,,,,,,,,,,,,
2020-10-19,0.002635686333716745,0.71102,0.70892,,,,,,,,,,,,,,,,,,
2020-10-20,0.002550358126028216,0.70294,0.70524,,,,,,,,,,,,,,,,,,
2020-10-21,0.002577026911381114,0.7084,0.71215,125.0,0.004015079531862219,0.71125,0.71109,0.71087,0.71176,147.0,0.005335823836703807,0.71219,0.71207,0.71196,0.71245,,,,,,
2020-10-22,0.002560596592251667,0.71067,0.71063,,,,,,,,,,,,,,,,,,
2020-10-23,0.0025281439818977875,0.71458,0.71147,97.0,-0.003968231354081484,0.71175,0.71206,0.71188,0.71172,126.0,-0.005233520430521439,0.71085,0.7106,0.71079,0.71092,,,,,,
2020-10-26,0.002507904406275491,0.71182,0.71165,,,,,,,,,,,,,,,,,,
2020-10-27,0.0024392988279294714,0.71318,0.71428,,,,,,,,,,,,,,,,,,
2020-10-28,0.0024073374468443066,0.7063,0.70597,,,,,,,,,,,,,,,,,,
2020-10-29,0.002365730329415634,0.70206,0.70106,100.0,0.0035972028978852023,0.70459,0.70449,0.70449,0.70382,,,,,,,,,,,,
2020-10-30,0.0024751460127555676,0.70662,0.70287,100.0,-0.0037715027195019445,0.70396,0.70384,0.70361,0.70348,107.0,-0.0051076981733929345,0.70302,0.70297,0.70353,0.70447,159.0,-0.0064314381450710405,0.70209,0.70205,0.70225,0.70278
2020-11-02,0.0024407891947579113,0.7048,0.70394,,,,,,,,,,,,,,,,,,
2020-11-03,0.0023930704183284498,0.71291,0.71594,110.0,0.004059583379133721,0.71581,0.71571,0.71606,0.71649,116.0,0.0051347096703953845,0.71658,0.71677,0.7167,0.71713,129.0,0.006097153514956538,0.71727,0.71713,0.71705,0.71692
2020-11-04,0.0023787127948614577,0.71385,0.71777,79.0,0.003803083399812352,0.71657,0.7168,0.71693,0.71725,161.0,0.005016464208511201,0.71744,0.71744,0.71725,0.71852,170.0,0.0063119004153310496,0.71837,0.71824,0.71856,
2020-11-05,0.0025160865134901443,0.72487,0.72673,,,,,,,,,,,,,,,,,,
2020-11-06,0.002572473350919759,0.72728,0.72696,52.0,-0.0044925315000384205,0.72402,0.72416,0.72467,0.72526,,,,,,,,,,,,
2020-11-09,0.002771574461825641,0.73293,0.72851,57.0,-0.004224867335597287,0.72984,0.73023,0.73039,0.73023,106.0,-0.0056508534270677205,0.7288,0.72894,0.72879,0.72903,108.0,-0.007023914194756776,0.7278,0.72811,0.72857,0.72841
2020-11-10,0.0027071693448363953,0.72647,0.72805,,,,,,,,,,,,,,,,,,
2020-11-11,0.002660350808233489,0.72773,0.72745,,,,,,,,,,,,,,,,,,
2020-11-12,0.0026323594339566106,0.7271,0.72422,,,,,,,,,,,,,,,,,,
2020-11-13,0.0026243046762241175,0.72556,0.72676,,,,,,,,,,,,,,,,,,
2020-11-16,0.0026175575298815284,0.72956,0.73169,121.0,0.00393981357771621,0.73244,0.73224,0.73227,0.73225,,,,,,,,,,,,
2020-11-17,0.002578852708376476,0.73083,0.73025,,,,,,,,,,,,,,,,,,
2020-11-18,0.0025603623801844096,0.73028,0.73237,,,,,,,,,,,,,,,,,,
2020-11-19,0.002533757152630469,0.72687,0.72738,,,,,,,,,,,,,,,,,,
2020-11-20,0.0024889085171610073,0.73076,0.73103,,,,,,,,,,,,,,,,,,
2020-11-23,0.0024450822379198326,0.73234,0.7286,70.0,-0.0037484482376566298,0.7296,0.7293,0.72905,0.72822,82.0,-0.005284715411306365,0.72848,0.72851,0.72807,0.7287,88.0,-0.00649344035381108,0.7276,0.72726,0.72856,0.72832
2020-11-24,0.0023686015431211363,0.73273,0.73441,145.0,0.003569291566579022,0.73535,0.7353,0.73512,0.73563,,,,,,,,,,,,
2020-11-25,0.0023283836561805143,0.73446,0.73634,,,,,,,,,,,,,,,,,,
2020-11-26,0.002332529948667103,0.73572,0.73623,,,,,,,,,,,,,,,,,,
2020-11-27,0.002293678855441852,0.73821,0.73903,,,,,,,,,,,,,,,,,,
2020-12-01,0.002260959440137444,0.73582,0.73652,,,,,,,,,,,,,,,,,,
2020-12-02,0.00216853497332268,0.7357,0.7395,93.0,0.0032975339108715375,0.73813,0.73793,0.73798,0.73789,158.0,0.004448430044298514,0.73898,0.73885,0.7388,0.73925,,,,,,
2020-12-03,0.0021346398702342777,0.74277,0.74437,,,,,,,,,,,,,,,,,,
2020-12-04,0.0021392348868285644,0.74193,0.74349,,,,,,,,,,,,,,,,,,
2020-12-07,0.0021157052075878625,0.74222,0.74479,129.0,0.0034566042715072037,0.74479,0.74483,0.7448,0.74436,,,,,,,,,,,,
2020-12-08,0.002049026335376649,0.74131,0.74162,,,,,,,,,,,,,,,,,,
2020-12-09,0.0020161786593884978,0.7482,0.74418,101.0,-0.0032262626797070816,0.74579,0.74601,0.74608,0.74622,130.0,-0.00411162211295954,0.74513,0.74518,0.74507,0.74514,,,,,,
2020-12-10,0.0019941400804767196,0.75009,0.75245,68.0,0.00350011336757795,0.75272,0.75224,0.75243,0.75212,,,,,,,,,,,,
2020-12-11,0.0020052718530869946,0.75355,0.75298,,,,,,,,,,,,,,,,,,
2020-12-14,0.0021871969313966245,0.75754,0.75461,71.0,-0.0033453470754799277,0.75501,0.75506,0.75492,0.75444,108.0,-0.004392238632303041,0.75422,0.75447,0.75452,0.75366,125.0,-0.005506592687655815,0.75338,0.75368,0.75351,0.75382
2020-12-15,0.002141587962803236,0.75359,0.75652,,,,,,,,,,,,,,,,,,
2020-12-16,0.002134584780473353,0.75625,0.75624,,,,,,,,,,,,,,,,,,
2020-12-17,0.0021878525595430643,0.76249,0.76267,,,,,,,,,,,,,,,,,,
2020-12-18,0.0021690389516403064,0.7608,0.76156,,,,,,,,,,,,,,,,,,
2020-12-21,0.002134099555300879,0.75245,0.75768,112.0,0.0032109997602204465,0.75487,0.75513,0.75577,0.75584,115.0,0.004270223712975018,0.75567,0.75554,0.7556,0.7564,124.0,0.005381202678970167,0.75651,0.75629,0.75629,0.75677
2020-12-22,0.0021629137792944383,0.75543,0.75292,40.0,-0.0033547066924743537,0.7529,0.7529,0.75293,0.75334,116.0,-0.004457718824477877,0.75207,0.75181,0.75194,0.75328,,,,,,
2020-12-23,0.0021316329776180807,0.75626,0.75734,40.0,0.0034188970079327093,0.75885,0.75857,0.75806,0.75772,,,,,,,,,,,,
2020-12-24,0.0020971802973912307,0.75997,0.76009,,,,,,,,,,,,,,,,,,
2020-12-28,0.0020911773110314225,0.75877,0.75725,110.0,-0.00336636203292832,0.75622,0.75615,0.75599,0.75682,,,,,,,,,,,,
2020-12-29,0.002000995878320544,0.76104,0.76117,,,,,,,,,,,,,,,,,,
2020-12-30,0.0019744649268514294,0.76635,0.76773,,,,,,,,,,,,,,,,,,
2020-12-31,0.0020659836752526294,0.77307,0.76988,165.0,-0.0033818616904686314,0.77046,0.77055,0.77054,0.77073,,,,,,,,,,,,
2021-01-04,0.0020928557975747647,0.77199,0.76589,80.0,-0.0031916576992432042,0.76953,0.76966,0.7691,0.7685,87.0,-0.004413929195649126,0.76859,0.7684,0.76827,0.7687,122.0,-0.005312080236506997,0.7679,0.76777,0.76748,0.76798
2021-01-05,0.002016437054708617,0.7691,0.77637,37.0,0.0031804784542055807,0.77155,0.77155,0.77115,0.77131,100.0,0.004242709757774482,0.77237,0.77243,0.77207,0.77298,125.0,0.005394343846610954,0.77326,0.77303,0.77247,0.77291
2021-01-06,0.0019671544057150324,0.77748,0.77958,,,,,,,,,,,,,,,,,,
2021-01-07,0.002155449832511689,0.77435,0.77476,,,,,,,,,,,,,,,,,,
2021-01-08,0.002143781560072923,0.77886,0.77599,69.0,-0.0033695614159140143,0.77624,0.77652,0.77644,0.77493,81.0,-0.004813456056209353,0.77512,0.77502,0.77497,0.7756,88.0,-0.005394179912533845,0.77467,0.77473,0.77531,0.77581
2021-01-11,0.0021250627856520387,0.76775,0.77109,160.0,0.003212029003958334,0.77022,0.77034,0.7706,0.77095,172.0,0.0043150013014132795,0.77107,0.77109,0.77124,,,,,,,
2021-01-12,0.0022061810366029657,0.7706,0.77316,135.0,0.0036010868070991686,0.77338,0.7731,0.77281,0.77236,,,,,,,,,,,,
2021-01-13,0.002146595029817425,0.77322,0.77471,,,,,,,,,,,,,,,,,,
2021-01-14,0.002322785436143869,0.77429,0.77969,112.0,0.0037255033518088566,0.77718,0.77735,0.77687,0.77698,144.0,0.004677210709347619,0.77792,0.77798,0.77842,0.77802,173.0,0.005936187507492054,0.7789,0.77884,0.77888,
2021-01-15,0.002262790964494327,0.77157,0.77201,66.0,-0.0034924895118549674,0.76888,0.76854,0.76909,0.76852,,,,,,,,,,,,
2021-01-18,0.002211970691238149,0.76831,0.76811,,,,,,,,,,,,,,,,,,
2021-01-19,0.002304458343275283,0.7716,0.76986,,,,,,,,,,,,,,,,,,
2021-01-20,0.0022912552023839758,0.77362,0.7736,,,,,,,,,,,,,,,,,,
2021-01-21,0.0022275294761291637,0.77593,0.77495,,,,,,,,,,,,,,,,,,
2021-01-22,0.0022853398562961967,0.77095,0.77141,,,,,,,,,,,,,,,,,,
2021-01-25,0.0022493190854787496,0.77291,0.77086,122.0,-0.003551342613146643,0.77017,0.76951,0.76863,0.76877,124.0,-0.004720599099319666,0.76927,0.76879,0.76829,0.76925,129.0,-0.005995346273682524,0.76829,0.76857,0.76898,0.76944
2021-01-26,0.002207112591401415,0.77383,0.77438,,,,,,,,,,,,,,,,,,
2021-01-27,0.002258557894397571,0.76897,0.76989,40.0,-0.0035695712733012867,0.76623,0.76603,0.76584,0.76593,48.0,-0.004927788039281237,0.76519,0.76526,0.76504,0.76719,50.0,-0.005895336034534081,0.76445,0.76499,0.76593,0.76714
2021-01-28,0.0023043979502821717,0.76446,0.76791,78.0,0.0036038898297873862,0.76722,0.7674,0.76713,0.76695,,,,,,,,,,,,
2021-01-29,0.002737648883761051,0.76977,0.76401,130.0,-0.00412661598245503,0.7666,0.76641,0.76615,0.76631,148.0,-0.005523364527233477,0.76553,0.76575,0.76579,0.76575,,,,,,
2021-02-01,0.0026695976601258204,0.76255,0.76255,,,,,,,,,,,,,,,,,,
2021-02-02,0.002517738705791902,0.76036,0.75865,47.0,-0.003794870943248445,0.75748,0.75763,0.75643,0.75737,52.0,-0.005182007785416005,0.75643,0.75696,0.75676,0.75731,,,,,,
2021-02-03,0.002479305930742475,0.7619,0.76235,,,,,,,,,,,,,,,,,,
2021-02-04,0.002410682128224262,0.76199,0.75923,91.0,-0.0038130847999310164,0.75909,0.75923,0.75946,0.75904,,,,,,,,,,,,
2021-02-05,0.002349479538862953,0.76253,0.76682,71.0,0.0035476581452840135,0.76524,0.76488,0.76448,0.76465,,,,,,,,,,,,
2021-02-08,0.0023293074006895766,0.76741,0.77004,63.0,0.0037328763699249552,0.77028,0.77053,0.76992,0.77057,92.0,0.004900600608333339,0.77118,0.77134,0.77086,0.77134,,,,,,
2021-02-09,0.002501683881099936,0.77208,0.77278,,,,,,,,,,,,,,,,,,
2021-02-10,0.002558599830402733,0.77424,0.77333,,,,,,,,,,,,,,,,,,
2021-02-11,0.002491450767309449,0.77667,0.77501,,,,,,,,,,,,,,,,,,
2021-02-12,0.0024192427979756927,0.77216,0.7759,117.0,0.00365834360762627,0.77499,0.77494,0.77483,0.77525,153.0,0.004870527492162169,0.77593,0.77589,0.77573,0.77626,,,,,,
2021-02-15,0.002355428771380958,0.77701,0.77843,,,,,,,,,,,,,,,,,,
2021-02-16,0.0022591846422443623,0.77511,0.7756,,,,,,,,,,,,,,,,,,
2021-02-17,0.002207413105036829,0.77279,0.77513,,,,,,,,,,,,,,,,,,
2021-02-18,0.002233830581642883,0.77746,0.77563,73.0,-0.003440170891592432,0.77479,0.77443,0.77384,0.77377,77.0,-0.004576608025587609,0.77391,0.77384,0.77353,0.77395,,,,,,
2021-02-19,0.002172673375557027,0.78635,0.78718,,,,,,,,,,,,,,,,,,
2021-02-22,0.0021259288847973487,0.78988,0.79191,,,,,,,,,,,,,,,,,,
2021-02-23,0.002442400595313718,0.79002,0.79008,,,,,,,,,,,,,,,,,,
2021-02-24,0.0024651568566410277,0.79022,0.79407,169.0,0.0038396490449745767,0.79326,0.7931,0.79312,,,,,,,,,,,,,
2021-02-25,0.002397696217038141,0.7973,0.79162,,,,,,,,,,,,,,,,,,
2021-02-26,0.0024518454714617206,0.77889,0.7716,63.0,-0.0037688567620171123,0.77596,0.77634,0.77552,0.77529,117.0,-0.006246277383975824,0.77404,0.77386,0.77447,0.77219,117.0,-0.006246277383975824,0.77404,0.77386,0.77447,0.77219
2021-03-01,0.003065251614634563,0.77526,0.7768,,,,,,,,,,,,,,,,,,
2021-03-02,0.003422203787744485,0.77929,0.78209,,,,,,,,,,,,,,,,,,
2021-03-03,0.003315895237964215,0.77878,0.77968,,,,,,,,,,,,,,,,,,
2021-03-04,0.0033565163779614837,0.77914,0.77444,,,,,,,,,,,,,,,,,,
2021-03-05,0.003271324307099705,0.76698,0.7676,20.0,0.0049422637276136305,0.77078,0.77038,0.76997,0.76936,,,,,,,,,,,,
2021-03-08,0.0034042068190270097,0.76695,0.76706,,,,,,,,,,,,,,,,,,
2021-03-09,0.0032166709914916393,0.77037,0.77029,,,,,,,,,,,,,,,,,,
2021-03-10,0.003165596895869046,0.77263,0.77188,,,,,,,,,,,,,,,,,,
2021-03-11,0.0030834186206477217,0.77683,0.77746,,,,,,,,,,,,,,,,,,
2021-03-12,0.003125054113773765,0.7741,0.77617,,,,,,,,,,,,,,,,,,
2021-03-15,0.003080421745687232,0.77316,0.7736,,,,,,,,,,,,,,,,,,
2021-03-16,0.0029142668291626565,0.77442,0.77477,,,,,,,,,,,,,,,,,,
2021-03-17,0.0028238114739740786,0.77218,0.77033,,,,,,,,,,,,,,,,,,
2021-03-18,0.0027464021824014774,0.77843,0.77825,,,,,,,,,,,,,,,,,,
2021-03-19,0.002954420350295606,0.77384,0.77529,,,,,,,,,,,,,,,,,,
2021-03-22,0.003072711501009364,0.77378,0.77483,,,,,,,,,,,,,,,,,,
2021-03-23,0.0028872474453268725,0.76814,0.76629,,,,,,,,,,,,,,,,,,
2021-03-24,0.0028003909292688154,0.76199,0.76131,,,,,,,,,,,,,,,,,,
2021-03-25,0.00314952394305507,0.75944,0.75775,,,,,,,,,,,,,,,,,,
2021-03-26,0.003049386143184777,0.76188,0.76297,,,,,,,,,,,,,,,,,,
2021-03-29,0.0029556680489048336,0.76527,0.76427,,,,,,,,,,,,,,,,,,
2021-03-30,0.002801040055405862,0.76065,0.7607,,,,,,,,,,,,,,,,,,
2021-03-31,0.0027155447203929374,0.76126,0.7614,,,,,,,,,,,,,,,,,,
2021-04-01,0.002708380638866177,0.75703,0.7604,101.0,0.004218136304538006,0.76023,0.75995,0.75967,0.75975,,,,,,,,,,,,
2021-04-02,0.002670774898494057,0.76129,0.76011,,,,,,,,,,,,,,,,,,
2021-04-05,0.0027622819978322215,0.76273,0.7656,151.0,0.00427806739876302,0.766,0.76581,0.76565,0.76531,,,,,,,,,,,,
2021-04-06,0.0026669546333102697,0.76233,0.76588,175.0,0.0043194915193466,0.76563,0.76558,0.76573,,,,,,,,,,,,,
2021-04-07,0.002605517586785387,0.76275,0.7624,,,,,,,,,,,,,,,,,,
2021-04-08,0.0025333456491859288,0.76435,0.76385,,,,,,,,,,,,,,,,,,
2021-04-09,0.002509147382747062,0.76317,0.76306,,,,,,,,,,,,,,,,,,
2021-04-12,0.0024550617600509837,0.76286,0.76188,,,,,,,,,,,,,,,,,,
2021-04-13,0.002338355591551617,0.75991,0.76343,108.0,0.0037040971264095213,0.76273,0.76248,0.76291,0.76256,,,,,,,,,,,,
2021-04-14,0.002274546555119798,0.76856,0.77282,152.0,0.003558768838470358,0.7713,0.7712,0.771,0.77225,166.0,0.004595441213287099,0.7721,0.77225,0.7721,,,,,,,
2021-04-15,0.0023290411085863418,0.77442,0.77455,,,,,,,,,,,,,,,,,,
2021-04-16,0.002418276297360697,0.77525,0.77344,,,,,,,,,,,,,,,,,,
2021-04-19,0.0023572840933101824,0.77719,0.7759,,,,,,,,,,,,,,,,,,
2021-04-20,0.0022265605741960603,0.77782,0.774,171.0,-0.0035159832989496136,0.77509,0.77479,0.77464,,174.0,-0.0047165643694135236,0.77416,0.77427,0.77487,,,,,,,
2021-04-21,0.0023702136182041952,0.77233,0.77545,,,,,,,,,,,,,,,,,,
2021-04-22,0.002563033465121694,0.7742,0.7724,135.0,-0.004154834832943903,0.77099,0.77098,0.77102,0.77112,,,,,,,,,,,,
2021-04-23,0.0025715703501388854,0.77379,0.77392,,,,,,,,,,,,,,,,,,
2021-04-26,0.0025618530045350193,0.77822,0.77995,175.0,0.003975536482461371,0.78132,0.78122,0.78096,,,,,,,,,,,,,
2021-04-27,0.002484556673681369,0.77831,0.77741,,,,,,,,,,,,,,,,,,
2021-04-28,0.0024157817353323108,0.77474,0.77658,,,,,,,,,,,,,,,,,,
2021-04-29,0.0024372672083470483,0.77962,0.7756,120.0,-0.0037395711593483953,0.77671,0.77677,0.77632,0.77658,138.0,-0.0051825914445364695,0.77559,0.77584,0.77591,0.7756,,,,,,
2021-04-30,0.002488810805451093,0.77568,0.77152,173.0,-0.0038362475118102445,0.77271,0.77276,0.77275,,,,,,,,,,,,,
2021-05-03,0.002427936020594035,0.77325,0.77553,180.0,0.0037949240091309875,0.77619,,,,,,,,,,,,,,,
2021-05-04,0.002473489796391232,0.77044,0.76887,,,,,,,,,,,,,,,,,,
2021-05-05,0.002426612621177314,0.77373,0.775,,,,,,,,,,,,,,,,,,
2021-05-06,0.0023578690392417347,0.7754,0.77656,,,,,,,,,,,,,,,,,,
2021-05-07,0.0022999166294270738,0.77712,0.78563,30.0,0.004211830151521425,0.7804,0.78077,0.78099,0.78082,31.0,0.004685833632151375,0.78077,0.78125,0.78134,0.78126,40.0,0.005799497894308071,0.78164,0.78161,0.78082,0.78245
2021-05-10,0.002408471678453698,0.78796,0.78742,,,,,,,,,,,,,,,,,,
2021-05-11,0.002448990894674682,0.78477,0.78409,,,,,,,,,,,,,,,,,,
2021-05-12,0.0023779916260946317,0.78034,0.77325,30.0,-0.0039805391610202995,0.77724,0.77605,0.77582,0.77905,31.0,-0.005512771046652823,0.77605,0.77674,0.77682,0.77986,152.0,-0.006157267073086545,0.77555,0.77517,0.77591,0.77563
2021-05-13,0.0023613812342171687,0.7704,0.77206,113.0,0.0038089361608275633,0.77334,0.77321,0.77343,0.77329,,,,,,,,,,,,
2021-05-14,0.00255439383397181,0.77513,0.77745,,,,,,,,,,,,,,,,,,
2021-05-17,0.0024790231850088575,0.77416,0.77633,,,,,,,,,,,,,,,,,,
2021-05-18,0.002461703331499498,0.77995,0.77799,,,,,,,,,,,,,,,,,,
2021-05-19,0.0024308860002919775,0.77404,0.77505,,,,,,,,,,,,,,,,,,
2021-05-20,0.0023610580480077762,0.77573,0.77762,,,,,,,,,,,,,,,,,,
2021-05-21,0.002403338881548597,0.77682,0.77296,136.0,-0.003623869895704075,0.77401,0.77413,0.77398,0.77403,158.0,-0.004877869607557778,0.77304,0.77331,0.77338,0.77307,,,,,,
2021-05-24,0.0023700355932492305,0.77253,0.77418,141.0,0.003605004388774638,0.77532,0.77543,0.77486,0.77493,,,,,,,,,,,,
2021-05-25,0.00228723632710455,0.77669,0.77408,,,,,,,,,,,,,,,,,,
2021-05-26,0.00227473940860323,0.77691,0.77419,177.0,-0.003726800493824275,0.77402,0.77404,,,,,,,,,,,,,,
2021-05-27,0.0022307742981082486,0.77507,0.77346,,,,,,,,,,,,,,,,,,
2021-05-28,0.002237508745712986,0.76942,0.77048,,,,,,,,,,,,,,,,,,
2021-06-01,0.002177596107894857,0.77366,0.77629,180.0,0.003290601535563491,0.77621,,,,,,,,,,,,,,,
2021-06-02,0.002148310855052041,0.77286,0.77494,,,,,,,,,,,,,,,,,,
2021-06-03,0.0020908719869156774,0.77179,0.76522,70.0,-0.003244480744740993,0.76929,0.76923,0.76912,0.76916,95.0,-0.004532210421450013,0.7683,0.76831,0.76826,0.76708,105.0,-0.005508868375828793,0.76755,0.76763,0.76708,0.76753
2021-06-04,0.0020583011266149926,0.76675,0.77406,31.0,0.0036191358794006403,0.76953,0.77014,0.76914,0.76988,32.0,0.004411513508264451,0.77014,0.77016,0.76897,0.76965,55.0,0.005825839960311015,0.77123,0.77156,0.77156,0.77209
2021-06-07,0.002336606605633998,0.77586,0.77637,,,,,,,,,,,,,,,,,,
2021-06-08,0.0024981678641680678,0.77494,0.77393,,,,,,,,,,,,,,,,,,
2021-06-09,0.0024335225662824997,0.77512,0.77285,,,,,,,,,,,,,,,,,,
2021-06-10,0.0023637344393480737,0.77355,0.77517,,,,,,,,,,,,,,,,,,
2021-06-11,0.0023042256347891193,0.77321,0.7694,133.0,-0.003588900298876095,0.77044,0.77049,0.7704,0.77011,159.0,-0.004692775010814496,0.76959,0.76957,0.76958,0.77006,,,,,,
2021-06-14,0.0022643471253270655,0.77149,0.77164,,,,,,,,,,,,,,,,,,
2021-06-15,0.0022459488778379093,0.76894,0.76755,,,,,,,,,,,,,,,,,,
2021-06-16,0.0021839732604309195,0.77047,0.7712,,,,,,,,,,,,,,,,,,
2021-06-17,0.002127464469924188,0.75673,0.75524,,,,,,,,,,,,,,,,,,
2021-06-18,0.0022707865553097785,0.7527,0.74981,25.0,-0.003940262279576594,0.74974,0.74974,0.75028,0.75088,99.0,-0.004607382612794837,0.74924,0.74929,0.74963,0.74918,174.0,-0.0057558716748135055,0.74838,0.74823,0.74838,
2021-06-21,0.0024865445994097894,0.75164,0.75289,,,,,,,,,,,,,,,,,,
2021-06-22,0.002646181660269643,0.75162,0.75272,,,,,,,,,,,,,,,,,,
2021-06-23,0.002566873536921161,0.75742,0.75861,,,,,,,,,,,,,,,,,,
2021-06-24,0.0025344773757733515,0.75768,0.75731,,,,,,,,,,,,,,,,,,
2021-06-25,0.0025048156182837862,0.75943,0.75933,,,,,,,,,,,,,,,,,,
2021-06-28,0.002442435121460764,0.75574,0.75728,,,,,,,,,,,,,,,,,,
2021-06-29,0.0023048365078305742,0.75155,0.75159,,,,,,,,,,,,,,,,,,
2021-06-30,0.002277626591909602,0.75049,0.74946,,,,,,,,,,,,,,,,,,
2021-07-01,0.0022687927959110696,0.75004,0.74706,,,,,,,,,,,,,,,,,,
2021-07-02,0.002253786278667101,0.74645,0.74962,57.0,0.003396996793646899,0.74899,0.74888,0.74948,0.74886,,,,,,,,,,,,
2021-07-05,0.0022307974371775243,0.75298,0.75316,,,,,,,,,,,,,,,,,,
2021-07-06,0.0022852859343539087,0.75776,0.74931,91.0,-0.003543008914998504,0.75508,0.75516,0.75491,0.75471,112.0,-0.00462957666073674,0.75426,0.75471,0.75434,0.75341,127.0,-0.0057571444840112595,0.75341,0.75355,0.75354,0.75163
2021-07-07,0.002313690751295611,0.75233,0.74847,124.0,-0.004169086909508862,0.7492,0.74957,0.7489,0.74838,130.0,-0.004796619591842072,0.74873,0.74872,0.74875,0.74833,140.0,-0.005812187261141967,0.74797,0.74811,0.74833,0.74669
2021-07-08,0.002497639388292755,0.74228,0.74371,,,,,,,,,,,,,,,,,,
2021-07-09,0.0024471991993051207,0.74664,0.74788,,,,,,,,,,,,,,,,,,
2021-07-12,0.0024780313999757187,0.74555,0.74889,149.0,0.003802031435158796,0.74839,0.74847,0.74874,0.74905,166.0,0.004977198163621457,0.74927,0.74905,0.74903,,,,,,,
2021-07-13,0.0025895440751726112,0.7475,0.74706,31.0,-0.00415578049674598,0.7444,0.7441,0.74446,0.74491,52.0,-0.0055404033410806335,0.74337,0.7431,0.7429,0.74354,,,,,,
2021-07-14,0.002539090852482583,0.74608,0.74683,,,,,,,,,,,,,,,,,,
2021-07-15,0.0025219255516544877,0.74465,0.74357,,,,,,,,,,,,,,,,,,
2021-07-16,0.0024523624197349252,0.74162,0.74084,,,,,,,,,,,,,,,,,,
2021-07-19,0.0024080513912183763,0.73408,0.7341,104.0,0.003657752998824349,0.73677,0.73643,0.73601,0.73472,,,,,,,,,,,,
2021-07-20,0.0023445318357543585,0.73296,0.73245,79.0,-0.0035809510007975593,0.73034,0.73011,0.73043,0.73054,,,,,,,,,,,,
2021-07-21,0.0023451914220328413,0.73148,0.73548,160.0,0.003643488402514324,0.73415,0.73419,0.73413,0.73387,,,,,,,,,,,,
2021-07-22,0.002343118790586354,0.73842,0.73635,,,,,,,,,,,,,,,,,,
2021-07-23,0.0023879111617243283,0.73755,0.73638,,,,,,,,,,,,,,,,,,
2021-07-26,0.0023737868162932592,0.73626,0.73845,,,,,,,,,,,,,,,,,,
2021-07-27,0.002264468506261853,0.73666,0.73643,,,,,,,,,,,,,,,,,,
2021-07-28,0.0022529343937514926,0.73413,0.73474,,,,,,,,,,,,,,,,,,
2021-07-29,0.002200504280340489,0.73926,0.73987,,,,,,,,,,,,,,,,,,
2021-07-30,0.0021435494566214366,0.73651,0.73502,,,,,,,,,,,,,,,,,,
2021-08-02,0.0021142083153263924,0.7362,0.73631,,,,,,,,,,,,,,,,,,
2021-08-03,0.0021513345300003643,0.73958,0.7384,98.0,-0.0033724560802244606,0.73709,0.73714,0.73739,0.73627,108.0,-0.004309008144283106,0.7364,0.73628,0.73627,0.73695,,,,,,
2021-08-04,0.00212685630137992,0.74087,0.73766,150.0,-0.0033394881198026017,0.7384,0.73803,0.7383,0.73836,,,,,,,,,,,,
2021-08-05,0.0021638699011849354,0.74129,0.74076,,,,,,,,,,,,,,,,,,
2021-08-06,0.0021187145968938523,0.73918,0.7355,108.0,-0.0033064152839141605,0.73674,0.73673,0.73669,0.73638,141.0,-0.004542349895970533,0.73583,0.73578,0.7357,0.73609,175.0,-0.005317285526727273,0.73526,0.73519,0.73532,
2021-08-09,0.002064112050221024,0.73542,0.7339,,,,,,,,,,,,,,,,,,
2021-08-10,0.0020167758908286124,0.73439,0.73438,,,,,,,,,,,,,,,,,,
2021-08-11,0.0020141907098392415,0.73375,0.73734,35.0,0.0034556917195201113,0.73629,0.73641,0.73688,0.73757,40.0,0.004256685537673892,0.73688,0.73731,0.73762,0.73707,42.0,0.005219743524443191,0.73759,0.73764,0.73793,0.73737
2021-08-12,0.0019930645998304354,0.73537,0.73449,,,,,,,,,,,,,,,,,,
2021-08-13,0.001966339102511287,0.73472,0.73762,136.0,0.003098417938244262,0.737,0.73698,0.73712,0.73657,,,,,,,,,,,,
2021-08-16,0.001946525250454772,0.73281,0.7337,,,,,,,,,,,,,,,,,,
2021-08-17,0.0019131278791036793,0.72896,0.72525,78.0,-0.002953765448086849,0.72681,0.72709,0.72718,0.72686,153.0,-0.0038622557649496516,0.72615,0.72612,0.72605,0.7268,,,,,,
2021-08-18,0.0019586110394795462,0.72521,0.72358,,,,,,,,,,,,,,,,,,
2021-08-19,0.0020471693956121435,0.71665,0.71678,,,,,,,,,,,,,,,,,,
2021-08-20,0.002181021858708382,0.71258,0.71315,,,,,,,,,,,,,,,,,,
2021-08-23,0.002409894896049593,0.71824,0.72074,,,,,,,,,,,,,,,,,,
2021-08-24,0.002305916052384815,0.72453,0.72517,,,,,,,,,,,,,,,,,,
2021-08-25,0.002456457550775403,0.72532,0.72643,,,,,,,,,,,,,,,,,,
2021-08-26,0.002411548544575517,0.72624,0.72481,,,,,,,,,,,,,,,,,,
2021-08-27,0.0023647845276431236,0.72508,0.73079,121.0,0.004362402244825695,0.72825,0.72855,0.72818,0.72987,122.0,0.004774263865145318,0.72855,0.72784,0.72825,0.72956,132.0,0.0063926091178252995,0.72973,0.72963,0.72956,0.72849
2021-08-30,0.002333109115017702,0.72978,0.72928,,,,,,,,,,,,,,,,,,
2021-08-31,0.0024701433882465327,0.73266,0.7306,,,,,,,,,,,,,,,,,,
2021-09-01,0.0024015801806373136,0.73429,0.7369,151.0,0.0038737874910511447,0.73714,0.73699,0.73692,0.73697,,,,,,,,,,,,
2021-09-02,0.00236593408652996,0.7387,0.74015,,,,,,,,,,,,,,,,,,
2021-09-03,0.0023945729179411274,0.74358,0.74409,30.0,0.004227314707575523,0.74673,0.74686,0.74647,0.7443,32.0,0.005244567944096953,0.74749,0.74738,0.7454,0.74467,,,,,,
2021-09-06,0.002440545649838693,0.74377,0.74349,,,,,,,,,,,,,,,,,,
2021-09-07,0.002388916824940127,0.73931,0.73921,,,,,,,,,,,,,,,,,,
2021-09-08,0.0023290360134665357,0.73776,0.73657,153.0,-0.003884132923569827,0.7349,0.73481,0.73453,0.73514,,,,,,,,,,,,
2021-09-09,0.00241080922110386,0.73813,0.73797,,,,,,,,,,,,,,,,,,
2021-09-10,0.0024010889527174405,0.73991,0.73639,,,,,,,,,,,,,,,,,,
2021-09-13,0.0023719949568551694,0.73497,0.73691,,,,,,,,,,,,,,,,,,
2021-09-14,0.002299349831884961,0.73283,0.73333,32.0,0.0037455522844649777,0.73558,0.73606,0.73511,0.73554,35.0,0.004628818524344512,0.73623,0.73577,0.7354,0.73583,,,,,,
2021-09-15,0.0022401772923895317,0.7319,0.73221,,,,,,,,,,,,,,,,,,
2021-09-16,0.0023170006321297674,0.7319,0.72864,100.0,-0.0036272838593506642,0.72925,0.72932,0.72917,0.72913,121.0,-0.004669993902100153,0.72849,0.72834,0.72854,0.72816,175.0,-0.005906189872944565,0.72759,0.72765,0.72786,
2021-09-17,0.002260239753905446,0.73095,0.72744,132.0,-0.0035358971137950477,0.72837,0.72826,0.7282,0.72792,150.0,-0.004813536539967533,0.72744,0.7276,0.7278,0.72754,172.0,-0.005693721435608747,0.7268,0.72722,0.72699,
2021-09-20,0.002276915494721534,0.72216,0.72457,58.0,0.0036352367341997323,0.72479,0.7246,0.72459,0.72493,92.0,0.004986439234065534,0.72577,0.72538,0.72544,0.72576,,,,,,
2021-09-21,0.002244358974203269,0.72615,0.72404,90.0,-0.0035731322203787536,0.72356,0.7235,0.7239,0.72411,129.0,-0.004679388210183067,0.72276,0.72306,0.72336,0.72277,,,,,,
2021-09-22,0.002256840830283875,0.72497,0.72614,,,,,,,,,,,,,,,,,,
2021-09-23,0.002204622429991276,0.72776,0.72948,106.0,0.0033197555763928707,0.73018,0.73038,0.73007,0.73026,174.0,0.004660990534597105,0.73116,0.73099,0.7308,,,,,,,
2021-09-24,0.002191495831420492,0.72497,0.72554,,,,,,,,,,,,,,,,,,
2021-09-27,0.002400800202590431,0.72553,0.72808,117.0,0.0037557050316202947,0.72826,0.72798,0.72807,0.72787,,,,,,,,,,,,
2021-09-28,0.002365138694142747,0.72517,0.7235,,,,,,,,,,,,,,,,,,
2021-09-29,0.0023062002054149992,0.72299,0.71913,54.0,-0.003477734251205955,0.72048,0.72078,0.72068,0.72017,98.0,-0.004880560968291197,0.71947,0.71943,0.71905,0.72012,151.0,-0.006132264839542642,0.71857,0.71846,0.71858,0.71825
2021-09-30,0.0024125610441557924,0.71955,0.72295,104.0,0.0037591682556345897,0.72226,0.722,0.72239,0.72233,153.0,0.005115100666770409,0.72324,0.72317,0.72313,0.72368,,,,,,
2021-10-01,0.002409715937432001,0.7259,0.72681,,,,,,,,,,,,,,,,,,
2021-10-04,0.002359293349482227,0.72883,0.7283,,,,,,,,,,,,,,,,,,
2021-10-05,0.002304397199131006,0.72797,0.72936,,,,,,,,,,,,,,,,,,
2021-10-06,0.002252039870825776,0.72448,0.72569,,,,,,,,,,,,,,,,,,
2021-10-07,0.0021939235831344335,0.73036,0.73204,86.0,-0.0034837983910988818,0.72782,0.72819,0.72877,0.72941,,,,,,,,,,,,
2021-10-08,0.0021498274593405283,0.73024,0.73059,37.0,0.0033084998393293134,0.73266,0.73347,0.73278,0.73239,38.0,0.004413449717459802,0.73347,0.73362,0.73257,0.73244,,,,,,
2021-10-11,0.002167738924051067,0.73431,0.73658,130.0,0.0034937739030518433,0.73688,0.73681,0.73679,0.73684,,,,,,,,,,,,
2021-10-12,0.0020798132722020515,0.73824,0.73641,47.0,-0.0032562711937750475,0.73584,0.73591,0.73586,0.73633,137.0,-0.0042488271065267745,0.73511,0.73508,0.73495,0.73505,,,,,,
2021-10-13,0.0020454999522604507,0.73547,0.73698,48.0,-0.003118512723762643,0.73318,0.73339,0.73326,0.73324,,,,,,,,,,,,
2021-10-14,0.0019927265645089047,0.74114,0.74197,,,,,,,,,,,,,,,,,,
2021-10-15,0.002043539399271063,0.74187,0.74152,,,,,,,,,,,,,,,,,,
2021-10-18,0.0021007704627037686,0.7383,0.74153,124.0,0.0032184371044954373,0.74068,0.74057,0.74082,0.74049,154.0,0.0042574823559582975,0.74145,0.74123,0.74138,0.7409,,,,,,
2021-10-19,0.001994068872983432,0.74667,0.74811,,,,,,,,,,,,,,,,,,
2021-10-20,0.001995634818311293,0.74813,0.75122,150.0,0.0031229172584532686,0.75047,0.75062,0.75046,0.75058,170.0,0.0042016588313497,0.75128,0.7513,0.75111,,,,,,,
2021-10-21,0.002031492215217544,0.74917,0.74911,,,,,,,,,,,,,,,,,,
2021-10-22,0.002190357645003878,0.75022,0.74604,,,,,,,,,,,,,,,,,,
2021-10-25,0.002366703212525508,0.74848,0.74916,,,,,,,,,,,,,,,,,,
2021-10-26,0.0022470843167270893,0.75133,0.74938,,,,,,,,,,,,,,,,,,
2021-10-27,0.0022383423696759118,0.75069,0.75153,,,,,,,,,,,,,,,,,,
2021-10-28,0.0021940979552291925,0.75206,0.75459,147.0,0.003292184043477098,0.75454,0.75434,0.75449,0.75444,,,,,,,,,,,,
2021-10-29,0.0021458593153287873,0.75367,0.75085,136.0,-0.0032959906504712298,0.75119,0.75128,0.75099,0.75075,,,,,,,,,,,,
2021-11-01,0.0021455543074776345,0.75149,0.75295,,,,,,,,,,,,,,,,,,
2021-11-02,0.0020638620255716104,0.74657,0.74213,90.0,-0.003098947363104497,0.74426,0.74457,0.74463,0.7447,175.0,-0.004376198355192381,0.74331,0.74325,0.7427,,180.0,-0.005197188838786705,0.7427,,,
2021-11-03,0.002010643788202913,0.7436,0.74158,,,,,,,,,,,,,,,,,,
2021-11-04,0.002211963102223613,0.74107,0.73955,145.0,-0.0037719313318484555,0.73828,0.73832,0.73842,0.73856,,,,,,,,,,,,
2021-11-05,0.0021667692759081585,0.7381,0.74071,159.0,0.003259821229589771,0.74051,0.74042,0.74029,0.74059,,,,,,,,,,,,
2021-11-08,0.002277641997104915,0.74123,0.74209,,,,,,,,,,,,,,,,,,
2021-11-09,0.0021543809160979154,0.74071,0.73741,64.0,-0.003313119591456648,0.73826,0.73828,0.73765,0.7375,79.0,-0.004343097456675176,0.7375,0.73755,0.73743,0.73757,125.0,-0.00549630451728674,0.73665,0.73669,0.73673,0.73691
2021-11-10,0.0021063356972459975,0.73768,0.73549,113.0,-0.0032315470287092945,0.7353,0.73527,0.73572,0.7364,,,,,,,,,,,,
2021-11-11,0.0021462260009974545,0.7307,0.72919,,,,,,,,,,,,,,,,,,
2021-11-12,0.0023080872397997646,0.73023,0.73279,,,,,,,,,,,,,,,,,,
2021-11-15,0.0022582435832046686,0.73622,0.73522,,,,,,,,,,,,,,,,,,
2021-11-16,0.002243759730531115,0.73366,0.73052,108.0,-0.00339971518646894,0.73117,0.73124,0.7314,0.7316,,,,,,,,,,,,
2021-11-17,0.002190654099703138,0.7281,0.72683,,,,,,,,,,,,,,,,,,
2021-11-18,0.0023996685859258627,0.72618,0.72743,,,,,,,,,,,,,,,,,,
2021-11-19,0.002335814635890058,0.72463,0.72416,,,,,,,,,,,,,,,,,,
2021-11-22,0.002269671918819824,0.72592,0.72287,173.0,-0.003408380732563175,0.72345,0.7235,0.7234,,,,,,,,,,,,,
2021-11-23,0.002265654186385231,0.7217,0.72169,,,,,,,,,,,,,,,,,,
2021-11-24,0.002255902712764772,0.71956,0.71884,,,,,,,,,,,,,,,,,,
2021-11-25,0.002203017994972668,0.71826,0.71841,,,,,,,,,,,,,,,,,,
2021-11-26,0.0021432772193195424,0.71414,0.71309,142.0,-0.0032539510884613994,0.71182,0.71195,0.71174,0.71184,,,,,,,,,,,,
2021-11-29,0.002303012843778623,0.71476,0.71282,109.0,-0.003574010265637848,0.71221,0.71205,0.71196,0.71177,121.0,-0.004740076470158287,0.71138,0.71167,0.71207,0.71201,,,,,,
2021-11-30,0.002259906428893844,0.71486,0.71029,107.0,-0.003433130951238598,0.71241,0.71236,0.71043,0.70752,110.0,-0.0045286059070043,0.71163,0.71104,0.71019,0.70877,112.0,-0.006216298810019188,0.71043,0.71002,0.70927,0.70872
2021-12-01,0.002200963500694528,0.71596,0.71245,160.0,-0.003399817194451042,0.71353,0.71353,0.71313,0.71304,,,,,,,,,,,,
2021-12-02,0.0021823496790684613,0.70933,0.709,,,,,,,,,,,,,,,,,,
2021-12-03,0.0024038412063064106,0.70604,0.70069,46.0,-0.003931006757950655,0.70327,0.70347,0.7032,0.70264,61.0,-0.00482722350321621,0.70264,0.70272,0.7026,0.70226,90.0,-0.0060234299629635625,0.7018,0.7017,0.70181,0.70151
2021-12-06,0.00236403086732999,0.70449,0.7044,,,,,,,,,,,,,,,,,,
2021-12-07,0.002590389909416738,0.70966,0.71104,,,,,,,,,,,,,,,,,,
2021-12-08,0.0026306539687232875,0.71441,0.71777,,,,,,,,,,,,,,,,,,
2021-12-09,0.002743366689434677,0.71447,0.71497,,,,,,,,,,,,,,,,,,
2021-12-10,0.002739244575799869,0.71784,0.7178,,,,,,,,,,,,,,,,,,
2021-12-13,0.00268096228035804,0.71342,0.71206,,,,,,,,,,,,,,,,,,
2021-12-14,0.0025421109253208336,0.71096,0.71051,,,,,,,,,,,,,,,,,,
2021-12-15,0.0027165454388279674,0.71457,0.71281,66.0,-0.004277436417546466,0.71152,0.71157,0.71149,0.71146,,,,,,,,,,,,
2021-12-16,0.0026394572099564377,0.72187,0.71801,65.0,-0.004220177013727389,0.71883,0.71882,0.71868,0.71928,,,,,,,,,,,,
2021-12-17,0.002668440042659531,0.71535,0.71444,,,,,,,,,,,,,,,,,,
2021-12-20,0.0025920406546684027,0.71195,0.71147,,,,,,,,,,,,,,,,,,
2021-12-21,0.002545405443634631,0.71287,0.71442,,,,,,,,,,,,,,,,,,
2021-12-22,0.002470903144346168,0.71872,0.7218,180.0,0.00374963984536776,0.72142,,,,,,,,,,,,,,,
2021-12-23,0.002422686258591126,0.72317,0.72497,,,,,,,,,,,,,,,,,,
2021-12-24,0.0026591916679355185,0.72326,0.72201,,,,,,,,,,,,,,,,,,
2021-12-27,0.0026042606982737007,0.723,0.7234,,,,,,,,,,,,,,,,,,
2021-12-28,0.002478762416064149,0.72539,0.72239,96.0,-0.004005862195772476,0.72249,0.72233,0.72231,0.72274,,,,,,,,,,,,
2021-12-29,0.0024092167872681947,0.72312,0.72486,81.0,0.003919733398044492,0.72596,0.72583,0.72568,0.72591,101.0,0.004883509270858653,0.72666,0.72674,0.72682,0.72595,,,,,,
2021-12-30,0.0023416881705700283,0.72544,0.72514,,,,,,,,,,,,,,,,,,
2021-12-31,0.002308310833350009,0.72546,0.72747,,,,,,,,,,,,,,,,,,
2022-01-03,0.0022438757707291886,0.72209,0.71955,50.0,-0.003426489955198152,0.71962,0.71987,0.71968,0.71932,88.0,-0.004650105892511934,0.71874,0.71881,0.71852,0.71881,,,,,,
2022-01-04,0.0021453974660935655,0.72088,0.72382,84.0,0.0032407756360527955,0.72322,0.72328,0.72367,0.72416,92.0,0.004291079767983887,0.72398,0.72382,0.72399,0.72447,,,,,,
2022-01-05,0.002171320021051306,0.72577,0.72607,,,,,,,,,,,,,,,,,,
2022-01-06,0.0021418270752715522,0.71628,0.71654,,,,,,,,,,,,,,,,,,
2022-01-07,0.0022541408209185666,0.71392,0.71766,43.0,0.003397963095213614,0.71635,0.71698,0.71672,0.71677,71.0,0.004555943873777047,0.71718,0.71717,0.71689,0.71661,169.0,0.005642945945773172,0.71796,0.71784,0.71798,
2022-01-10,0.002209521577873853,0.71708,0.71655,,,,,,,,,,,,,,,,,,
2022-01-11,0.0021275069060849635,0.71634,0.71968,125.0,0.0032056223355991704,0.71864,0.71844,0.71863,0.71922,146.0,0.004332116624074768,0.71945,0.71935,0.71951,0.71979,,,,,,
2022-01-12,0.0020751768975413396,0.72458,0.72827,71.0,0.003141710129753606,0.72686,0.72691,0.72705,0.72766,85.0,0.004365405980956996,0.72775,0.72766,0.72741,0.72701,,,,,,
2022-01-13,0.0020813423947998832,0.73067,0.72871,,,,,,,,,,,,,,,,,,
2022-01-14,0.0023304845428704576,0.7235,0.71997,,,,,,,,,,,,,,,,,,
2022-01-17,0.0022688666032142685,0.72126,0.72132,,,,,,,,,,,,,,,,,,
2022-01-18,0.002403772005695903,0.71864,0.71738,,,,,,,,,,,,,,,,,,
2022-01-19,0.002343569020289287,0.7224,0.72274,,,,,,,,,,,,,,,,,,
2022-01-20,0.0022824956371354003,0.72596,0.72577,,,,,,,,,,,,,,,,,,
2022-01-21,0.002356787408253701,0.72141,0.71905,74.0,-0.0036105634201754277,0.71881,0.71896,0.71875,0.71933,,,,,,,,,,,,
2022-01-24,0.0023961174490412297,0.71092,0.7111,,,,,,,,,,,,,,,,,,
2022-01-25,0.0022830025123001334,0.71294,0.71438,,,,,,,,,,,,,,,,,,
2022-01-26,0.0023329828373350597,0.71696,0.71685,,,,,,,,,,,,,,,,,,
2022-01-27,0.002314604841411944,0.70781,0.7035,94.0,-0.0035382736189477778,0.70531,0.70508,0.70503,0.7044,108.0,-0.004644782271821061,0.70453,0.7044,0.70449,0.70563,,,,,,
2022-01-28,0.002577044048714519,0.69992,0.69876,,,,,,,,,,,,,,,,,,
2022-01-31,0.0026370089920913758,0.7066,0.70617,,,,,,,,,,,,,,,,,,
2022-02-01,0.002561719604257957,0.71035,0.71109,,,,,,,,,,,,,,,,,,
2022-02-02,0.002645030366453906,0.71357,0.71363,,,,,,,,,,,,,,,,,,
2022-02-03,0.0027860131412396883,0.71364,0.71394,41.0,0.0043345192935863265,0.71674,0.71636,0.71569,0.71409,,,,,,,,,,,,
2022-02-04,0.0027118154451195734,0.70557,0.70685,,,,,,,,,,,,,,,,,,
2022-02-07,0.002675768792966912,0.71091,0.71072,,,,,,,,,,,,,,,,,,
2022-02-08,0.002784379519475843,0.71252,0.71328,,,,,,,,,,,,,,,,,,
2022-02-09,0.0027457022747267197,0.71791,0.71829,,,,,,,,,,,,,,,,,,
2022-02-10,0.0027656763706923834,0.71598,0.7217,50.0,0.004612380761935719,0.71929,0.719,0.71912,0.71974,66.0,0.00576563117980254,0.72012,0.71999,0.72021,0.7202,86.0,0.006917553143036625,0.72095,0.72144,0.72272,0.72332
2022-02-11,0.002692787795395638,0.71617,0.71799,,,,,,,,,,,,,,,,,,
2022-02-14,0.0027554224261446517,0.71136,0.7139,,,,,,,,,,,,,,,,,,
2022-02-15,0.00261569484754678,0.71453,0.71454,56.0,-0.004024714623015243,0.71166,0.71169,0.71193,0.71251,,,,,,,,,,,,
2022-02-16,0.0025445512394448697,0.71599,0.71823,,,,,,,,,,,,,,,,,,
2022-02-17,0.0025125081855692346,0.72048,0.7198,,,,,,,,,,,,,,,,,,
2022-02-18,0.00245572729812306,0.72082,0.71686,115.0,-0.0038223955247257573,0.71807,0.71783,0.71762,0.71665,121.0,-0.00497894023286138,0.71724,0.71734,0.7169,0.71708,,,,,,
2022-02-21,0.0024512017590595726,0.72015,0.72072,,,,,,,,,,,,,,,,,,
2022-02-22,0.00246139462654177,0.72117,0.72174,,,,,,,,,,,,,,,,,,
2022-02-23,0.0024001739568511953,0.72806,0.72429,73.0,-0.0036050950637971074,0.72544,0.72535,0.7256,0.72519,114.0,-0.005302056806517135,0.72421,0.72417,0.7243,0.72389,132.0,-0.006034156653428214,0.72368,0.72352,0.72337,0.72414
2022-02-24,0.0023926887651835936,0.71554,0.71371,82.0,-0.004103216204015496,0.71261,0.71287,0.71234,0.71186,90.0,-0.004791065858784914,0.71212,0.7125,0.71217,0.71115,105.0,-0.006154124379209768,0.71115,0.71115,0.71057,0.7098
2022-02-25,0.0023897051466443588,0.72295,0.72126,,,,,,,,,,,,,,,,,,
2022-02-28,0.002323994716684619,0.72287,0.72522,116.0,0.0037970621875899955,0.72562,0.72541,0.72552,0.72472,153.0,0.004678677805207447,0.72626,0.72612,0.72588,0.72506,,,,,,
2022-03-01,0.002408727039192516,0.72717,0.72517,178.0,-0.0037199348509688998,0.72447,0.72458,,,,,,,,,,,,,,
2022-03-02,0.002656810805154544,0.72716,0.72843,,,,,,,,,,,,,,,,,,
2022-03-03,0.002583064732148952,0.73208,0.73168,,,,,,,,,,,,,,,,,,
2022-03-04,0.002558925598393979,0.73411,0.73748,,,,,,,,,,,,,,,,,,
2022-03-07,0.002642396669523063,0.73711,0.73187,109.0,-0.004146365640572552,0.73406,0.73368,0.733,0.73318,113.0,-0.005673291635946704,0.73294,0.733,0.73288,0.73376,155.0,-0.0066151490756071836,0.73225,0.73247,0.73219,0.73212
2022-03-08,0.0026101237714197833,0.72823,0.72779,141.0,-0.003921276892559924,0.72538,0.72527,0.72552,0.72495,,,,,,,,,,,,
2022-03-09,0.003024702460639825,0.7325,0.73216,,,,,,,,,,,,,,,,,,
2022-03-10,0.0029569788987785254,0.73419,0.73563,,,,,,,,,,,,,,,,,,
2022-03-11,0.002924916524234513,0.73252,0.73013,,,,,,,,,,,,,,,,,,
2022-03-14,0.0028458050852334066,0.72465,0.72189,,,,,,,,,,,,,,,,,,
2022-03-15,0.0028159269591691437,0.72067,0.71877,,,,,,,,,,,,,,,,,,
2022-03-16,0.0029120008696752755,0.72521,0.7251,,,,,,,,,,,,,,,,,,
2022-03-17,0.0028287373529552228,0.73402,0.73926,165.0,0.004295819548081945,0.73718,0.73722,0.73734,0.7389,175.0,0.006003576702668658,0.73844,0.73824,0.7389,,,,,,,
2022-03-18,0.003256392424975821,0.73725,0.74092,128.0,0.00497910620184703,0.74093,0.7409,0.74095,0.73995,,,,,,,,,,,,
2022-03-21,0.003311769587267844,0.74031,0.74011,,,,,,,,,,,,,,,,,,
2022-03-22,0.0031622234464232105,0.74412,0.74388,,,,,,,,,,,,,,,,,,
2022-03-23,0.003063420433521339,0.74649,0.74981,,,,,,,,,,,,,,,,,,
2022-03-24,0.003098465897321971,0.74908,0.74965,122.0,0.004648228660142396,0.75257,0.75231,0.75217,0.75142,,,,,,,,,,,,
2022-03-25,0.0030227541872871054,0.75172,0.7516,,,,,,,,,,,,,,,,,,
2022-03-28,0.0029973736099363855,0.751,0.74843,116.0,-0.00451082426661947,0.74762,0.74773,0.74742,0.74677,,,,,,,,,,,,
2022-03-29,0.0028229368671222645,0.75042,0.75005,32.0,-0.004474160880391453,0.74707,0.74611,0.74697,0.7472,33.0,-0.005760007372136607,0.74611,0.74636,0.74692,0.74697,,,,,,
2022-03-30,0.0027720041768764967,0.75173,0.75063,,,,,,,,,,,,,,,,,,
2022-03-31,0.0027101291077442826,0.74821,0.74982,,,,,,,,,,,,,,,,,,
2022-04-01,0.002634129655514904,0.75186,0.74925,145.0,-0.004104921000278168,0.74878,0.74876,0.74865,0.74817,,,,,,,,,,,,
2022-04-04,0.002587890342561435,0.7508,0.75475,171.0,0.004637604734680363,0.75429,0.75413,0.75439,,,,,,,,,,,,,
2022-04-05,0.002476453264969471,0.7634,0.75935,,,,,,,,,,,,,,,,,,
2022-04-06,0.002441560080737877,0.75726,0.75422,167.0,-0.004234715059791186,0.75406,0.75383,0.7536,,173.0,-0.005083814269666825,0.75342,0.75376,0.75344,,,,,,,
2022-04-07,0.002415433033067545,0.74863,0.74718,,,,,,,,,,,,,,,,,,
2022-04-08,0.002619440461942241,0.74598,0.74587,99.0,-0.0040565827251483385,0.74296,0.74295,0.74283,0.74282,,,,,,,,,,,,
2022-04-11,0.0025462905054962834,0.74425,0.74173,,,,,,,,,,,,,,,,,,
2022-04-12,0.002451369700375255,0.74446,0.74796,54.0,0.003713912654663368,0.74723,0.74805,0.74785,0.74753,130.0,0.004997833067492168,0.74819,0.74827,0.74817,0.74777,,,,,,
2022-04-13,0.002389950607310081,0.74141,0.74291,,,,,,,,,,,,,,,,,,
2022-04-14,0.0024452509120382535,0.74401,0.7404,170.0,-0.0037704896475996875,0.74121,0.74107,0.74078,,,,,,,,,,,,,
2022-04-15,0.0023826741252633084,0.74041,0.73927,,,,,,,,,,,,,,,,,,
2022-04-18,0.0024633189900563532,0.73666,0.73532,,,,,,,,,,,,,,,,,,
2022-04-19,0.0023494047463325325,0.73634,0.73703,,,,,,,,,,,,,,,,,,
2022-04-20,0.0022938751275545077,0.74319,0.745,,,,,,,,,,,,,,,,,,
2022-04-21,0.00237151068916808,0.74257,0.73753,175.0,-0.0036426472376581607,0.73987,0.73999,0.73976,,,,,,,,,,,,,
2022-04-22,0.002330492084820471,0.73061,0.72581,103.0,-0.0037298637687480578,0.72789,0.72787,0.72807,0.72756,122.0,-0.004760770439295199,0.72714,0.72704,0.72769,0.72654,153.0,-0.006040572451111558,0.72621,0.72605,0.72557,0.72517
2022-04-25,0.002526539332680289,0.71767,0.71469,77.0,-0.0041189957634975944,0.71472,0.71481,0.7151,0.71422,91.0,-0.005336997132077036,0.71385,0.71422,0.71496,0.71511,,,,,,
2022-04-26,0.0030956239487976815,0.72005,0.71449,136.0,-0.004733077674166853,0.71665,0.71658,0.71624,0.7162,155.0,-0.006283151647944786,0.71554,0.71558,0.71582,0.71571,,,,,,
2022-04-27,0.003028169971661008,0.71352,0.71241,,,,,,,,,,,,,,,,,,
2022-04-28,0.0030243334483607406,0.70827,0.70761,,,,,,,,,,,,,,,,,,
2022-04-29,0.003003837253384267,0.71645,0.70986,155.0,-0.00460266199604235,0.71316,0.7131,0.71256,0.7127,171.0,-0.006497439295066574,0.71181,0.71159,0.71114,,177.0,-0.008212850289397075,0.71059,0.71002,,
2022-05-02,0.002914744439342154,0.70661,0.70576,,,,,,,,,,,,,,,,,,
2022-05-03,0.0028908546036366064,0.71209,0.70978,,,,,,,,,,,,,,,,,,
2022-05-04,0.0029367414201836527,0.71361,0.71445,,,,,,,,,,,,,,,,,,
2022-05-05,0.002857166538373139,0.71911,0.70864,120.0,-0.00476722397132493,0.71569,0.71574,0.71503,0.71401,127.0,-0.006683295074524709,0.71432,0.71429,0.71355,0.71379,132.0,-0.007761824737085421,0.71355,0.71356,0.71389,0.7137
2022-05-06,0.0034279560641578754,0.7092,0.70901,37.0,0.005343846214243049,0.713,0.71249,0.71215,0.70904,,,,,,,,,,,,
2022-05-09,0.003943235276226997,0.70032,0.69863,,,,,,,,,,,,,,,,,,
2022-05-10,0.0038152133947624888,0.6956,0.69239,,,,,,,,,,,,,,,,,,
2022-05-11,0.0037978682037891247,0.70135,0.69903,30.0,-0.0057482927751241536,0.69733,0.69672,0.6957,0.69536,32.0,-0.008160388877794692,0.69565,0.69657,0.69555,0.6946,38.0,-0.009728497614397097,0.69456,0.69408,0.69423,0.69305
2022-05-12,0.003677766155059216,0.68553,0.68487,,,,,,,,,,,,,,,,,,
2022-05-13,0.003600671404313777,0.68935,0.69168,,,,,,,,,,,,,,,,,,
2022-05-16,0.0035400987110447576,0.69202,0.69402,,,,,,,,,,,,,,,,,,
2022-05-17,0.0034780811638741808,0.70299,0.701,,,,,,,,,,,,,,,,,,
2022-05-18,0.0037042662843952087,0.70141,0.6994,,,,,,,,,,,,,,,,,,
2022-05-19,0.0035997745273469084,0.70011,0.70563,80.0,0.00576813750787921,0.70416,0.70379,0.70335,0.70368,120.0,0.007527552247049506,0.7054,0.70622,0.70603,0.70605,122.0,0.009085736569680038,0.7065,0.70617,0.70588,0.70609
2022-05-20,0.0035011529336132466,0.70576,0.70309,,,,,,,,,,,,,,,,,,
2022-05-23,0.0034041449542737525,0.71151,0.70988,,,,,,,,,,,,,,,,,,
2022-05-24,0.003325690768181439,0.70747,0.70794,,,,,,,,,,,,,,,,,,
2022-05-25,0.0032273161102200783,0.705,0.70647,,,,,,,,,,,,,,,,,,
2022-05-26,0.0031492414818650475,0.70865,0.70789,,,,,,,,,,,,,,,,,,
2022-05-27,0.003056381335473097,0.71428,0.71534,,,,,,,,,,,,,,,,,,
2022-05-30,0.00306077432083612,0.71862,0.71968,,,,,,,,,,,,,,,,,,
2022-05-31,0.0029127771169919336,0.71752,0.71874,,,,,,,,,,,,,,,,,,
2022-06-01,0.00282866868811631,0.71943,0.71617,68.0,0.0044934546170231505,0.72267,0.72253,0.72261,0.72255,,,,,,,,,,,,
2022-06-02,0.0027442226789572265,0.72084,0.72506,134.0,0.004664206926373786,0.72421,0.72394,0.72329,0.72227,,,,,,,,,,,,
2022-06-03,0.002682128704250859,0.72419,0.72084,,,,,,,,,,,,,,,,,,
2022-06-06,0.003010898620382808,0.72241,0.72045,,,,,,,,,,,,,,,,,,
2022-06-07,0.0029407732128284886,0.71663,0.7211,115.0,0.0044137272908894905,0.7198,0.71948,0.71921,0.71882,161.0,0.00616268322162379,0.72106,0.72132,0.72121,0.72175,174.0,0.007590116509765685,0.72209,0.72178,0.72182,
2022-06-08,0.0028979382545738556,0.72016,0.7218,,,,,,,,,,,,,,,,,,
2022-06-09,0.002958008109241535,0.71728,0.71195,102.0,-0.0049755518439013975,0.71372,0.71337,0.71373,0.71427,128.0,-0.0060549886790013325,0.71295,0.7125,0.71223,0.71194,138.0,-0.007753604224746398,0.71174,0.71197,0.71194,0.71275
2022-06-10,0.0029709154405265013,0.71132,0.70523,32.0,-0.004706554168309461,0.70798,0.70773,0.70921,0.70965,78.0,-0.005978585207777386,0.70708,0.70688,0.70643,0.70599,93.0,-0.007521325788481442,0.70599,0.70607,0.70623,0.70638
2022-06-13,0.0030962598830958387,0.69649,0.6943,164.0,-0.005081158148679329,0.69296,0.69298,0.69269,0.69249,,,,,,,,,,,,
2022-06-14,0.0030704365097580107,0.68873,0.6883,,,,,,,,,,,,,,,,,,
2022-06-15,0.003199450341340662,0.69417,0.69465,,,,,,,,,,,,,,,,,,
2022-06-16,0.003131984935338374,0.69529,0.69961,63.0,0.004963999748792481,0.69875,0.69837,0.69799,0.69733,,,,,,,,,,,,
2022-06-17,0.0035219548570109686,0.69778,0.6921,133.0,-0.005763373360399123,0.69377,0.69401,0.69309,0.69264,139.0,-0.00727798969478379,0.69272,0.69233,0.6927,0.69162,154.0,-0.008867194993353266,0.69162,0.69125,0.69195,0.69104
2022-06-20,0.0034150367205959212,0.69893,0.69786,,,,,,,,,,,,,,,,,,
2022-06-21,0.0035169387122152367,0.69468,0.69733,157.0,0.005283421237660061,0.69836,0.69841,0.69892,0.69867,,,,,,,,,,,,
2022-06-22,0.003428070052249127,0.68936,0.69349,102.0,0.0052807981687103,0.69301,0.69276,0.69253,0.6933,164.0,0.007068495255397581,0.69425,0.6943,0.69412,0.69432,,,,,,
2022-06-23,0.00341410640132887,0.68935,0.68896,,,,,,,,,,,,,,,,,,
2022-06-24,0.003347129947749205,0.68974,0.69463,122.0,0.00545094427582093,0.69351,0.69333,0.69306,0.69319,143.0,0.006733448360366201,0.6944,0.69434,0.69444,0.69358,,,,,,
2022-06-27,0.0032488534383469285,0.69241,0.69391,,,,,,,,,,,,,,,,,,
2022-06-28,0.0031281236308792386,0.69409,0.69152,,,,,,,,,,,,,,,,,,
2022-06-29,0.003032157248558951,0.68974,0.68868,105.0,-0.004577398589073444,0.68659,0.68639,0.68688,0.68786,,,,,,,,,,,,
2022-06-30,0.0029441608299490126,0.68802,0.69043,80.0,0.004423213818856836,0.69107,0.69121,0.69079,0.6909,,,,,,,,,,,,
2022-07-01,0.00287721777796564,0.67811,0.67883,,,,,,,,,,,,,,,,,,
2022-07-04,0.002800995451082065,0.68771,0.68614,,,,,,,,,,,,,,,,,,
2022-07-05,0.002835617335323348,0.67822,0.67713,,,,,,,,,,,,,,,,,,
2022-07-06,0.002993274407260689,0.68027,0.67714,139.0,-0.004715113278337616,0.67707,0.67746,0.67797,0.67808,,,,,,,,,,,,
2022-07-07,0.0030865217215416117,0.68404,0.68268,,,,,,,,,,,,,,,,,,
2022-07-08,0.002992626929506852,0.6832,0.68559,46.0,-0.00566590386526327,0.67934,0.67915,0.68041,0.68143,163.0,0.006026883762152011,0.68733,0.68718,0.6866,0.68661,,,,,,
2022-07-11,0.0029204025122995273,0.677,0.6748,47.0,-0.004396652604769148,0.67403,0.67398,0.67425,0.67446,87.0,-0.006133988681639335,0.67286,0.67327,0.67276,0.67208,103.0,-0.007368290528445306,0.67203,0.67227,0.67157,0.6732
2022-07-12,0.0028117892227693606,0.67363,0.67696,176.0,0.004635706137111116,0.67676,0.67667,,,,,,,,,,,,,,
2022-07-13,0.003129900233565519,0.6791,0.6785,30.0,-0.006233494829335951,0.67488,0.67496,0.67395,0.67346,32.0,-0.006277948164454871,0.67485,0.67431,0.67366,0.67368,37.0,-0.00804285952424503,0.67366,0.67327,0.67278,0.67562
2022-07-14,0.0031019048460591237,0.67156,0.67384,100.0,-0.004701606457737974,0.66841,0.66851,0.66849,0.66996,,,,,,,,,,,,
2022-07-15,0.0030076564261048984,0.67537,0.67916,65.0,0.004697479685020356,0.67855,0.67849,0.67845,0.67734,155.0,0.006228986309194245,0.67959,0.68031,0.67955,0.67862,,,,,,
2022-07-18,0.0029334760019853285,0.68269,0.68355,,,,,,,,,,,,,,,,,,
2022-07-19,0.002838492639483328,0.68972,0.69013,,,,,,,,,,,,,,,,,,
2022-07-20,0.0027673265979667586,0.68991,0.6896,,,,,,,,,,,,,,,,,,
2022-07-21,0.00305877188670901,0.68694,0.68948,44.0,0.005082123354712682,0.69044,0.69007,0.69074,0.69026,,,,,,,,,,,,
2022-07-22,0.002978952068918559,0.69395,0.69449,110.0,0.004858844588707513,0.69733,0.69743,0.69731,0.69584,,,,,,,,,,,,
2022-07-25,0.0029097622331146003,0.6953,0.69515,,,,,,,,,,,,,,,,,,
2022-07-26,0.0027449220730384628,0.69308,0.69371,,,,,,,,,,,,,,,,,,
2022-07-27,0.0028639308722934187,0.69469,0.69202,,,,,,,,,,,,,,,,,,
2022-07-28,0.0029088510606286085,0.69688,0.69711,,,,,,,,,,,,,,,,,,
2022-07-29,0.0030336967268652306,0.69705,0.69825,62.0,-0.004774308382840271,0.69373,0.69389,0.69408,0.69263,75.0,-0.006101352874904709,0.69281,0.6924,0.69259,0.69258,96.0,-0.007719265831659223,0.69169,0.6913,0.69199,0.69247
2022-08-01,0.002946156755197872,0.70368,0.70347,,,,,,,,,,,,,,,,,,
2022-08-02,0.0027795243968159688,0.69335,0.69519,,,,,,,,,,,,,,,,,,
2022-08-03,0.0027152315674218086,0.69429,0.69264,120.0,-0.004171213172156145,0.6914,0.691,0.69185,0.69109,,,,,,,,,,,,
2022-08-04,0.003038046217984679,0.69641,0.69645,,,,,,,,,,,,,,,,,,
2022-08-05,0.0029942300395616665,0.69501,0.68982,30.0,-0.006843408550936339,0.69027,0.69087,0.69065,0.68976,30.0,-0.006843408550936339,0.69027,0.69087,0.69065,0.68976,45.0,-0.007582522951662971,0.68976,0.68992,0.68946,0.68913
2022-08-08,0.002908596919458538,0.69786,0.69883,,,,,,,,,,,,,,,,,,
2022-08-09,0.0028642643905390877,0.69681,0.69714,,,,,,,,,,,,,,,,,,
2022-08-10,0.002928804626690579,0.6983,0.70976,30.0,0.008086931761702238,0.70397,0.70482,0.70346,0.70529,30.0,0.008086931761702238,0.70397,0.70482,0.70346,0.70529,30.0,0.008086931761702238,0.70397,0.70482,0.70346,0.70529
2022-08-11,0.002875676536789852,0.71067,0.71182,,,,,,,,,,,,,,,,,,
2022-08-12,0.003278336179868991,0.70853,0.71052,,,,,,,,,,,,,,,,,,
2022-08-15,0.0032323492798133104,0.70263,0.7043,,,,,,,,,,,,,,,,,,
2022-08-16,0.0030685308775098468,0.69981,0.70089,,,,,,,,,,,,,,,,,,
2022-08-17,0.00314701437505677,0.69402,0.69148,,,,,,,,,,,,,,,,,,
2022-08-18,0.003114188616852994,0.69592,0.69275,,,,,,,,,,,,,,,,,,
2022-08-19,0.0031826656191944226,0.68917,0.68691,,,,,,,,,,,,,,,,,,
2022-08-22,0.003092203844020413,0.69086,0.68711,149.0,-0.004642668583452313,0.68766,0.68791,0.68779,0.68748,,,,,,,,,,,,
2022-08-23,0.0030505067423617963,0.68741,0.6943,105.0,0.005006286439640825,0.69086,0.69077,0.69136,0.69268,120.0,0.007637220203475757,0.69268,0.69263,0.69262,0.69429,120.0,0.007637220203475757,0.69268,0.69263,0.69262,0.69429
2022-08-24,0.002966418844022991,0.68978,0.69109,,,,,,,,,,,,,,,,,,
2022-08-25,0.002876643651671337,0.69719,0.69591,,,,,,,,,,,,,,,,,,
2022-08-26,0.002871595442267425,0.69789,0.69201,158.0,-0.004336719511082734,0.69487,0.69476,0.69465,0.69457,175.0,-0.00615165432594334,0.69361,0.69383,0.69415,,,,,,,
2022-08-29,0.0028343027075524857,0.68739,0.69051,36.0,0.004441742191999305,0.69045,0.69023,0.69015,0.6903,126.0,0.005758855444262315,0.69136,0.69144,0.69158,0.6921,139.0,0.007088681317437599,0.69228,0.69207,0.6924,0.69144
2022-08-30,0.0029651085199821803,0.69318,0.6875,110.0,-0.004656080826554123,0.68996,0.68969,0.68955,0.68841,120.0,-0.005990381242064079,0.68904,0.68893,0.68841,0.6887,140.0,-0.007573544849156853,0.68795,0.68795,0.688,0.68727
2022-08-31,0.0028910453159836,0.6856,0.68621,,,,,,,,,,,,,,,,,,
2022-09-01,0.0028067115134308013,0.68327,0.67815,121.0,-0.004223933065405273,0.68039,0.67963,0.67977,0.67916,133.0,-0.005753637571854528,0.67935,0.67957,0.67921,0.68184,168.0,-0.007138271307097182,0.67841,0.67796,0.6786,
2022-09-02,0.0028918989382399913,0.68125,0.6844,30.0,0.005124462165733688,0.68475,0.6824,0.68273,0.68179,167.0,0.005810608604618571,0.68522,0.68515,0.68501,,,,,,,
2022-09-05,0.0028367739478084206,0.67906,0.68017,,,,,,,,,,,,,,,,,,
2022-09-06,0.0027636512972258258,0.67723,0.67475,120.0,-0.004157887098402711,0.67442,0.67406,0.67404,0.67388,130.0,-0.0055378014065875225,0.67349,0.67325,0.67388,0.67507,,,,,,
2022-09-07,0.0027503072280218592,0.67014,0.67293,159.0,0.004199246733544875,0.67296,0.67271,0.6727,0.67237,,,,,,,,,,,,
2022-09-08,0.003264134266209726,0.67548,0.67374,73.0,-0.005061047499089886,0.67207,0.67202,0.67218,0.67242,,,,,,,,,,,,
2022-09-09,0.0032288494616548495,0.68266,0.68406,,,,,,,,,,,,,,,,,,
2022-09-12,0.003323597668973872,0.68764,0.68862,,,,,,,,,,,,,,,,,,
2022-09-13,0.003154764700354989,0.69091,0.67605,30.0,-0.010110132884267686,0.68396,0.684,0.68287,0.68191,30.0,-0.010110132884267686,0.68396,0.684,0.68287,0.68191,30.0,-0.010110132884267686,0.68396,0.684,0.68287,0.68191
2022-09-14,0.0031520095235113756,0.67116,0.67509,163.0,0.00503824326332911,0.67455,0.67449,0.67463,0.67505,,,,,,,,,,,,
2022-09-15,0.003825354376533943,0.67287,0.67054,,,,,,,,,,,,,,,,,,
2022-09-16,0.0037365912858812094,0.66914,0.66989,,,,,,,,,,,,,,,,,,
2022-09-19,0.003711189529348442,0.66773,0.66945,,,,,,,,,,,,,,,,,,
2022-09-20,0.003483321388390437,0.67063,0.67035,,,,,,,,,,,,,,,,,,
2022-09-21,0.00339033628247927,0.66726,0.66578,,,,,,,,,,,,,,,,,,
2022-09-22,0.0033736970893144193,0.66522,0.66356,103.0,-0.005109087636533853,0.66183,0.66185,0.6622,0.66163,,,,,,,,,,,,
2022-09-23,0.0036138439184611472,0.65756,0.65425,174.0,-0.005596873049251697,0.65389,0.65405,0.65358,,,,,,,,,,,,,
2022-09-26,0.0035359442366685737,0.64926,0.64645,,,,,,,,,,,,,,,,,,
2022-09-27,0.003640600545842491,0.64881,0.64429,128.0,-0.005533073372447295,0.64523,0.64507,0.64534,0.6461,,,,,,,,,,,,
2022-09-28,0.003579449171712478,0.641,0.65125,103.0,0.005507427147911187,0.64454,0.64536,0.64608,0.64491,108.0,0.007893878203802576,0.64608,0.64608,0.64597,0.64489,144.0,0.008976748844710761,0.64678,0.6469,0.64769,0.64736
2022-09-29,0.0037864387842626063,0.64861,0.64883,157.0,-0.005829387569569881,0.64484,0.64513,0.6457,0.64757,,,,,,,,,,,,
2022-09-30,0.00392444149426059,0.64662,0.64322,179.0,-0.005909605156051212,0.64281,0.64294,,,,,,,,,,,,,,
2022-10-03,0.0038144746579960274,0.64563,0.6501,122.0,0.005914664101307696,0.64946,0.64931,0.65011,0.64812,145.0,0.007637688434542252,0.65058,0.6506,0.65074,0.64995,,,,,,
2022-10-04,0.003943651076821158,0.64584,0.64911,133.0,0.0059897057644349595,0.64972,0.64977,0.65033,0.65016,160.0,0.008126803661981164,0.65111,0.65115,0.6506,0.65011,,,,,,
2022-10-05,0.0040204856445680654,0.64393,0.64611,,,,,,,,,,,,,,,,,,
2022-10-06,0.003898729046524843,0.64609,0.64085,154.0,-0.0059144672825923485,0.64228,0.64227,0.64282,0.64399,,,,,,,,,,,,
2022-10-07,0.0038736576477524727,0.64107,0.63896,51.0,-0.006212026204039385,0.6371,0.63831,0.63807,0.63851,,,,,,,,,,,,
2022-10-10,0.0041918672133425035,0.6314,0.62934,,,,,,,,,,,,,,,,,,
2022-10-11,0.0040802637514794175,0.62948,0.63249,,,,,,,,,,,,,,,,,,
2022-10-12,0.004304837039290586,0.62549,0.62707,,,,,,,,,,,,,,,,,,
2022-10-13,0.004166152734508591,0.62879,0.6283,30.0,-0.014061730739326006,0.62001,0.61891,0.61861,0.6174,30.0,-0.014061730739326006,0.62001,0.61891,0.61861,0.6174,30.0,-0.014061730739326006,0.62001,0.61891,0.61861,0.6174
2022-10-14,0.004050660391327745,0.62769,0.6219,56.0,0.006304860683743023,0.63166,0.63191,0.63126,0.63141,,,,,,,,,,,,
2022-10-17,0.004044248177600655,0.62479,0.63049,99.0,0.006111347317174685,0.62862,0.629,0.62841,0.62801,,,,,,,,,,,,
2022-10-18,0.004454773033446143,0.63149,0.62777,,,,,,,,,,,,,,,,,,
2022-10-19,0.004404574459748227,0.62822,0.62654,,,,,,,,,,,,,,,,,,
2022-10-20,0.004303820540231248,0.6312,0.63327,141.0,0.006694902793212119,0.63544,0.63515,0.63462,0.63448,,,,,,,,,,,,
2022-10-21,0.004371621524121255,0.62363,0.63687,62.0,0.006648471853431023,0.62779,0.62678,0.62786,0.62643,105.0,0.009511570088808834,0.62959,0.62976,0.62947,0.63131,113.0,0.011621827831407593,0.63092,0.63081,0.63185,0.63275
2022-10-24,0.00426898297912763,0.63025,0.63099,,,,,,,,,,,,,,,,,,
2022-10-25,0.004527556662664156,0.63203,0.63902,90.0,0.007393137122892768,0.63672,0.63669,0.63687,0.63756,107.0,0.009777526782395513,0.63824,0.63832,0.63854,0.63972,116.0,0.011562095437465126,0.63938,0.63943,0.63981,0.63761
2022-10-26,0.0043987998563594175,0.64756,0.64999,,,,,,,,,,,,,,,,,,
2022-10-27,0.004437063845311579,0.64402,0.64785,123.0,0.006731739532420606,0.64837,0.64864,0.64912,0.64921,145.0,0.00905794893879934,0.64988,0.64954,0.65014,0.64863,,,,,,
2022-10-28,0.004617050121696953,0.64178,0.63933,,,,,,,,,,,,,,,,,,
2022-10-31,0.004473859572505667,0.63779,0.63886,,,,,,,,,,,,,,,,,,
2022-11-01,0.004295205073922215,0.64537,0.63875,64.0,-0.006903549146874856,0.64093,0.64065,0.63965,0.63922,69.0,-0.00890264397309501,0.63965,0.63986,0.64004,0.63973,115.0,-0.011031070211294692,0.63829,0.63859,0.63881,0.63885
2022-11-02,0.00416097575233398,0.64201,0.6408,,,,,,,,,,,,,,,,,,
2022-11-03,0.004026291032467648,0.62765,0.62955,105.0,0.006178594771345597,0.63154,0.63134,0.63211,0.63132,,,,,,,,,,,,
2022-11-04,0.004006368763108811,0.64358,0.64442,86.0,0.006026121020603124,0.64747,0.64728,0.64709,0.64716,,,,,,,,,,,,
2022-11-07,0.003918615872367173,0.64738,0.64746,,,,,,,,,,,,,,,,,,
2022-11-08,0.00449372748780518,0.64743,0.65285,78.0,0.007325250896165014,0.65219,0.65256,0.65205,0.6526,108.0,0.00908698796454273,0.65334,0.65346,0.65317,0.65298,160.0,0.011258076654672003,0.65476,0.6548,0.65443,0.6543
2022-11-09,0.004399347772350103,0.6459,0.64441,,,,,,,,,,,,,,,,,,
2022-11-10,0.004302240848346264,0.65246,0.65641,67.0,0.006675398464203596,0.65683,0.65751,0.65731,0.65714,87.0,0.008607060826303407,0.6581,0.65799,0.65804,0.65815,117.0,0.010823111396997594,0.65956,0.65961,0.65916,0.65796
2022-11-11,0.004397696704244519,0.66866,0.67002,,,,,,,,,,,,,,,,,,
2022-11-14,0.005553523417710744,0.66953,0.67051,,,,,,,,,,,,,,,,,,
2022-11-15,0.0053918839443387705,0.67542,0.67795,,,,,,,,,,,,,,,,,,
2022-11-16,0.005214106848220113,0.67585,0.67353,,,,,,,,,,,,,,,,,,
2022-11-17,0.0051060088774866445,0.66361,0.66806,,,,,,,,,,,,,,,,,,
2022-11-18,0.004973297976614177,0.66975,0.66688,,,,,,,,,,,,,,,,,,
2022-11-21,0.004806393442326931,0.66138,0.6593,,,,,,,,,,,,,,,,,,
2022-11-22,0.004543560008424014,0.66335,0.66372,,,,,,,,,,,,,,,,,,
2022-11-23,0.0044052011492957425,0.66557,0.67031,52.0,0.007156147671734242,0.67035,0.67004,0.66958,0.66952,108.0,0.0088999832094448,0.67152,0.67126,0.67165,0.6717,,,,,,
2022-11-24,0.004267461794563418,0.67568,0.67645,,,,,,,,,,,,,,,,,,
2022-11-25,0.004671792973135396,0.673,0.67425,,,,,,,,,,,,,,,,,,
2022-11-28,0.004518588530127531,0.66873,0.66794,,,,,,,,,,,,,,,,,,
2022-11-29,0.004347127564591839,0.67133,0.669,,,,,,,,,,,,,,,,,,
2022-11-30,0.004211292201970711,0.67121,0.67098,,,,,,,,,,,,,,,,,,
2022-12-01,0.004070691590166683,0.68017,0.68086,,,,,,,,,,,,,,,,,,
2022-12-02,0.004373350355973017,0.67669,0.68003,,,,,,,,,,,,,,,,,,
2022-12-05,0.004230682169956836,0.67911,0.67083,62.0,-0.00691522769911648,0.67443,0.67444,0.67492,0.67468,137.0,-0.008532714714918815,0.67334,0.67323,0.67256,0.67267,166.0,-0.010614066560487013,0.67194,0.67196,0.67187,
2022-12-06,0.004060294478060971,0.67211,0.66904,,,,,,,,,,,,,,,,,,
2022-12-07,0.00435970854604825,0.67139,0.67339,,,,,,,,,,,,,,,,,,
2022-12-08,0.004261800712170594,0.67642,0.67627,,,,,,,,,,,,,,,,,,
2022-12-09,0.004143969439347201,0.67745,0.67983,,,,,,,,,,,,,,,,,,
2022-12-12,0.004210514564611796,0.67635,0.67424,,,,,,,,,,,,,,,,,,
2022-12-13,0.003948033919132193,0.68642,0.68555,,,,,,,,,,,,,,,,,,
2022-12-14,0.0038362077227502484,0.68624,0.68615,,,,,,,,,,,,,,,,,,
2022-12-15,0.0039623373029415345,0.67585,0.66796,73.0,-0.006233786420814473,0.67165,0.67167,0.6718,0.67101,144.0,-0.008007113960060127,0.67046,0.67055,0.67095,0.67051,,,,,,
2022-12-16,0.0038381199653852328,0.66926,0.66913,,,,,,,,,,,,,,,,,,
2022-12-19,0.004220609385950743,0.67095,0.6719,,,,,,,,,,,,,,,,,,
2022-12-20,0.003988379029171945,0.66505,0.66613,,,,,,,,,,,,,,,,,,
2022-12-21,0.003964183230268532,0.67104,0.6697,,,,,,,,,,,,,,,,,,
2022-12-22,0.0038333576166494554,0.66963,0.66592,,,,,,,,,,,,,,,,,,
2022-12-23,0.0040799056672085245,0.66969,0.67141,,,,,,,,,,,,,,,,,,
2022-12-26,0.004184498203315193,0.67126,0.67115,,,,,,,,,,,,,,,,,,
2022-12-27,0.003956596585335274,0.67323,0.67357,,,,,,,,,,,,,,,,,,
2022-12-28,0.0038700566835310505,0.67862,0.676,135.0,-0.005822819969277723,0.67468,0.67465,0.67486,0.67464,,,,,,,,,,,,
2022-12-29,0.0037465826350239102,0.67369,0.67802,174.0,0.0056542483381853284,0.67751,0.6775,0.67762,,,,,,,,,,,,,
2022-12-30,0.0036329375280302924,0.67945,0.6817,,,,,,,,,,,,,,,,,,
2023-01-02,0.003538858041572045,0.68054,0.68127,,,,,,,,,,,,,,,,,,
2023-01-03,0.0034600295033303985,0.67359,0.67232,,,,,,,,,,,,,,,,,,
2023-01-04,0.0033844423106374447,0.6872,0.68463,71.0,-0.005076893581978383,0.68372,0.68386,0.68409,0.68407,,,,,,,,,,,,
2023-01-05,0.0033015887142414635,0.67713,0.6744,114.0,-0.005286199369666588,0.67356,0.67405,0.67379,0.67449,,,,,,,,,,,,
2023-01-06,0.0032073283590899502,0.67841,0.68688,44.0,-0.005113210880253838,0.67495,0.67491,0.67522,0.67479,101.0,0.006450165985195613,0.6828,0.68303,0.68336,0.68375,109.0,0.008176852493888467,0.68398,0.68423,0.68407,0.68356
2023-01-09,0.003209246663468337,0.69304,0.6937,,,,,,,,,,,,,,,,,,
2023-01-10,0.0035950709953497437,0.68828,0.6884,,,,,,,,,,,,,,,,,,
2023-01-11,0.003505408542529977,0.68941,0.68938,,,,,,,,,,,,,,,,,,
2023-01-12,0.0034010438465511125,0.69773,0.69748,17.0,-0.0055764096271568005,0.69385,0.694,0.69388,0.69617,41.0,-0.006932087817998619,0.69291,0.69163,0.69147,0.68958,42.0,-0.008781077900868413,0.69163,0.69155,0.69192,0.69
2023-01-13,0.0033053393947374697,0.69213,0.69662,90.0,0.005044110539122989,0.69563,0.69513,0.69511,0.69553,,,,,,,,,,,,
2023-01-16,0.0032515251760627316,0.69608,0.69534,,,,,,,,,,,,,,,,,,
2023-01-17,0.003086052035482032,0.6948,0.69868,93.0,0.004924527011954991,0.69823,0.69783,0.69798,0.69792,118.0,0.006241277119909869,0.69915,0.69902,0.69919,0.698,,,,,,
2023-01-18,0.0030049120583157075,0.70384,0.69615,132.0,-0.0048709024850372646,0.70042,0.70054,0.70057,0.69957,141.0,-0.00618526349487382,0.6995,0.69914,0.69943,0.69866,157.0,-0.007529984238830696,0.69856,0.6985,0.69853,0.69829
2023-01-19,0.002938815796656912,0.69062,0.68987,,,,,,,,,,,,,,,,,,
2023-01-20,0.003205105605913942,0.69137,0.69634,82.0,0.005596356790669407,0.69525,0.69538,0.6959,0.69592,84.0,0.0064589835424576384,0.69585,0.69546,0.69635,0.69558,,,,,,
2023-01-23,0.0031185713274115615,0.69739,0.70266,109.0,0.00486347494856286,0.70079,0.70021,0.70136,0.70328,115.0,0.007030106827417611,0.70231,0.70188,0.70346,0.70337,118.0,0.00869465170274618,0.70348,0.70312,0.70387,0.70325
2023-01-24,0.0030630406542995307,0.70154,0.70464,106.0,0.005331147162910854,0.70529,0.70535,0.70492,0.70463,,,,,,,,,,,,
2023-01-25,0.0030833384417259975,0.70658,0.70823,,,,,,,,,,,,,,,,,,
2023-01-26,0.0032008203882712273,0.71285,0.70938,106.0,-0.005175747479070664,0.70917,0.70912,0.70946,0.70846,114.0,-0.006671570742850093,0.70811,0.70816,0.70843,0.70864,,,,,,
2023-01-27,0.003121747387587778,0.71109,0.71055,,,,,,,,,,,,,,,,,,
2023-01-30,0.003036358476745906,0.70715,0.7069,,,,,,,,,,,,,,,,,,
2023-01-31,0.002870157591884334,0.70302,0.70487,,,,,,,,,,,,,,,,,,
2023-02-01,0.0029224991344329,0.70856,0.70648,,,,,,,,,,,,,,,,,,
2023-02-02,0.002879257747037686,0.71195,0.70764,57.0,-0.004363745663363101,0.70885,0.70883,0.70935,0.70729,68.0,-0.006171119674514251,0.70757,0.70745,0.70709,0.70884,,,,,,
2023-02-03,0.003094998780513269,0.697,0.69447,66.0,-0.004659331389351757,0.69376,0.69382,0.69336,0.69776,,,,,,,,,,,,
2023-02-06,0.0033107746836068225,0.6889,0.68688,,,,,,,,,,,,,,,,,,
2023-02-07,0.0038470655969787162,0.69073,0.6981,,,,,,,,,,,,,,,,,,
2023-02-08,0.003733136631483622,0.69565,0.69334,,,,,,,,,,,,,,,,,,
2023-02-09,0.0036616635735168945,0.70047,0.6953,101.0,-0.005712460503528877,0.69648,0.69697,0.69665,0.69704,,,,,,,,,,,,
2023-02-10,0.0035545433558770035,0.69409,0.69161,,,,,,,,,,,,,,,,,,
2023-02-13,0.0034940270284350636,0.6932,0.69663,,,,,,,,,,,,,,,,,,
2023-02-14,0.003287588673584983,0.7,0.69787,13.0,-0.005299733094903567,0.6963,0.69626,0.6958,0.69332,23.0,-0.007413123715674408,0.69483,0.69443,0.69332,0.6939,26.0,-0.00857955650803944,0.69402,0.69398,0.69231,0.69495
2023-02-15,0.0033874031405435106,0.68836,0.68824,,,,,,,,,,,,,,,,,,
2023-02-16,0.0033429016251385053,0.6878,0.68975,,,,,,,,,,,,,,,,,,
2023-02-17,0.003253865846194524,0.68363,0.6864,79.0,0.004902900484100108,0.68699,0.68699,0.68584,0.68645,,,,,,,,,,,,
2023-02-20,0.003395159546446127,0.69168,0.69125,,,,,,,,,,,,,,,,,,
2023-02-21,0.003250983521316624,0.68645,0.68644,,,,,,,,,,,,,,,,,,
2023-02-22,0.0031544730599617227,0.68287,0.6821,,,,,,,,,,,,,,,,,,
2023-02-23,0.003201242572273723,0.68314,0.67862,180.0,-0.0067269108774490145,0.67856,,,,180.0,-0.0067269108774490145,0.67856,,,,,,,,,
2023-02-24,0.0031093126649184444,0.67394,0.67334,,,,,,,,,,,,,,,,,,
2023-02-27,0.003033084162842083,0.67276,0.67358,,,,,,,,,,,,,,,,,,
2023-02-28,0.003193932818978624,0.67488,0.67526,,,,,,,,,,,,,,,,,,
2023-03-01,0.0031163554226945915,0.67549,0.67601,,,,,,,,,,,,,,,,,,
2023-03-02,0.0030446034324517705,0.67117,0.67118,,,,,,,,,,,,,,,,,,
2023-03-03,0.0029564166545351157,0.67551,0.6759,,,,,,,,,,,,,,,,,,
2023-03-06,0.0028705523254162965,0.67329,0.67351,,,,,,,,,,,,,,,,,,
2023-03-07,0.0027594944164547924,0.66582,0.65961,120.0,-0.007840575735017227,0.66062,0.66092,0.66137,0.66037,120.0,-0.007840575735017227,0.66062,0.66092,0.66137,0.66037,120.0,-0.007840575735017227,0.66062,0.66092,0.66137,0.66037
2023-03-08,0.0027688385578458967,0.65993,0.65909,,,,,,,,,,,,,,,,,,
2023-03-09,0.0034172870749381613,0.66346,0.6608,,,,,,,,,,,,,,,,,,
2023-03-10,0.003333864525751078,0.66031,0.66175,,,,,,,,,,,,,,,,,,
2023-03-13,0.0032392510024739883,0.66931,0.66643,,,,,,,,,,,,,,,,,,
2023-03-14,0.003417638679716438,0.66869,0.66679,,,,,,,,,,,,,,,,,,
2023-03-15,0.003329262513638177,0.66386,0.65949,152.0,-0.005028740805173828,0.66053,0.66025,0.66059,0.66058,,,,,,,,,,,,
2023-03-16,0.003358057067224931,0.66434,0.66527,,,,,,,,,,,,,,,,,,
2023-03-17,0.0034505957746391773,0.67004,0.66945,,,,,,,,,,,,,,,,,,
2023-03-20,0.0035982679090116898,0.66988,0.67189,,,,,,,,,,,,,,,,,,
2023-03-21,0.0033858990958679377,0.6678,0.66548,,,,,,,,,,,,,,,,,,
2023-03-22,0.003284940403871146,0.66831,0.66746,,,,,,,,,,,,,,,,,,
2023-03-23,0.0031868328356145404,0.67135,0.67154,,,,,,,,,,,,,,,,,,
2023-03-24,0.003164116015767701,0.66396,0.66415,,,,,,,,,,,,,,,,,,
2023-03-27,0.0031713466259922804,0.66487,0.66431,,,,,,,,,,,,,,,,,,
2023-03-28,0.003059295018348342,0.66799,0.67071,,,,,,,,,,,,,,,,,,
2023-03-29,0.0030394007839102703,0.6676,0.66784,,,,,,,,,,,,,,,,,,
2023-03-30,0.0029607460899125303,0.66987,0.66989,,,,,,,,,,,,,,,,,,
2023-03-31,0.002916655979791095,0.66855,0.67029,,,,,,,,,,,,,,,,,,
2023-04-03,0.0029741624335047723,0.67577,0.67821,,,,,,,,,,,,,,,,,,
2023-04-04,0.0028928597160422487,0.67251,0.67413,,,,,,,,,,,,,,,,,,
2023-04-05,0.0033723000928736107,0.66987,0.67266,,,,,,,,,,,,,,,,,,
2023-04-06,0.0032738383095927987,0.66691,0.66726,,,,,,,,,,,,,,,,,,
2023-04-10,0.0033662116718076018,0.6658,0.6625,56.0,-0.005119722069874553,0.6624,0.66242,0.66205,0.66205,,,,,,,,,,,,
2023-04-11,0.0032009677992897,0.66551,0.6647,,,,,,,,,,,,,,,,,,
2023-04-12,0.003107685313146105,0.66708,0.66864,30.0,0.00527776718665409,0.67061,0.67151,0.67183,0.67096,31.0,0.0066189291317911205,0.67151,0.67134,0.67205,0.67047,,,,,,
2023-04-13,0.003020367962809605,0.6756,0.67667,,,,,,,,,,,,,,,,,,
2023-04-14,0.0030944292490145747,0.67748,0.67018,126.0,-0.004660426689234285,0.67433,0.67401,0.67385,0.67307,141.0,-0.006530695899981179,0.67307,0.67269,0.67264,0.67189,152.0,-0.00791337986481293,0.67214,0.67195,0.6722,0.6721
2023-04-17,0.003236074763936815,0.66936,0.66888,,,,,,,,,,,,,,,,,,
2023-04-18,0.003303673325559493,0.67371,0.67171,,,,,,,,,,,,,,,,,,
2023-04-19,0.003209237628533038,0.67184,0.67159,,,,,,,,,,,,,,,,,,
2023-04-20,0.003118384569362029,0.6719,0.67655,120.0,0.005151168916254922,0.67537,0.67547,0.67575,0.67666,127.0,0.006320214501587599,0.67616,0.67632,0.6763,0.67642,,,,,,
2023-04-21,0.003051808013751703,0.66971,0.66892,,,,,,,,,,,,,,,,,,
2023-04-24,0.0029844285490996216,0.66808,0.66796,,,,,,,,,,,,,,,,,,
2023-04-25,0.0028788955372118018,0.66528,0.66263,,,,,,,,,,,,,,,,,,
2023-04-26,0.002795972240701831,0.66032,0.6614,,,,,,,,,,,,,,,,,,
2023-04-27,0.002912782095158706,0.66117,0.66131,,,,,,,,,,,,,,,,,,
2023-04-28,0.0028355456195533666,0.65875,0.66162,,,,,,,,,,,,,,,,,,
2023-05-01,0.0027823592513660303,0.66574,0.66336,,,,,,,,,,,,,,,,,,
2023-05-02,0.002650083896712142,0.66851,0.66684,,,,,,,,,,,,,,,,,,
2023-05-03,0.0025854324174466553,0.66556,0.6674,,,,,,,,,,,,,,,,,,
2023-05-04,0.0026016585844230128,0.66684,0.6676,,,,,,,,,,,,,,,,,,
2023-05-05,0.002553282165595761,0.67218,0.67464,,,,,,,,,,,,,,,,,,
2023-05-08,0.0025400165942855335,0.67871,0.67905,,,,,,,,,,,,,,,,,,
2023-05-09,0.0024580643315746755,0.67577,0.67488,,,,,,,,,,,,,,,,,,
2023-05-10,0.00241005590697462,0.67494,0.6761,30.0,0.004066158208761784,0.67769,0.67809,0.67797,0.68017,32.0,0.005540671517985617,0.67869,0.67798,0.67839,0.67968,41.0,0.006365450273667584,0.67925,0.67945,0.67969,0.68154
2023-05-11,0.002358711838479084,0.67309,0.66916,180.0,-0.004616263372326801,0.66999,,,,,,,,,,,,,,,
2023-05-12,0.002300883069028223,0.66813,0.66467,,,,,,,,,,,,,,,,,,
2023-05-15,0.0025528333467557136,0.66843,0.6698,,,,,,,,,,,,,,,,,,
2023-05-16,0.0026184842146773986,0.66773,0.66609,,,,,,,,,,,,,,,,,,
2023-05-17,0.002621629695439064,0.66577,0.66499,,,,,,,,,,,,,,,,,,
2023-05-18,0.0025755997054975723,0.66391,0.6618,120.0,-0.004301990830646577,0.66106,0.66139,0.66111,0.66124,,,,,,,,,,,,
2023-05-19,0.002518320193051009,0.66588,0.66595,,,,,,,,,,,,,,,,,,
2023-05-22,0.002461994267577154,0.66411,0.6644,,,,,,,,,,,,,,,,,,
2023-05-23,0.0023431123910609385,0.66146,0.66209,,,,,,,,,,,,,,,,,,
2023-05-24,0.0022826990309395977,0.65723,0.6537,117.0,-0.003490404939768491,0.65494,0.65487,0.65457,0.65455,139.0,-0.004666776808896415,0.65417,0.65427,0.65385,0.6543,171.0,-0.005859838836674578,0.65339,0.65335,0.65329,
2023-05-25,0.0024277909137142037,0.65274,0.65037,,,,,,,,,,,,,,,,,,
2023-05-26,0.0026355617024920504,0.65409,0.65099,180.0,-0.0050886794969359425,0.65077,,,,,,,,,,,,,,,
2023-05-29,0.0025895174574146456,0.65392,0.65394,,,,,,,,,,,,,,,,,,
2023-05-30,0.002479816772522792,0.65506,0.65115,180.0,-0.005142501155048874,0.6517,,,,180.0,-0.005142501155048874,0.6517,,,,,,,,,
2023-05-31,0.0024154564665212924,0.64772,0.64719,,,,,,,,,,,,,,,,,,
2023-06-01,0.0024428451183634305,0.65238,0.65776,166.0,0.0037179029813827523,0.65481,0.65466,0.655,,,,,,,,,,,,,
2023-06-02,0.0023867232617082066,0.66178,0.66144,,,,,,,,,,,,,,,,,,
2023-06-05,0.0028854140980803075,0.65833,0.66238,120.0,0.005423269669957123,0.66191,0.66268,0.6632,0.66181,121.0,0.006585893707181883,0.66268,0.66285,0.66327,0.6615,125.0,0.007370278457930488,0.6632,0.66327,0.66276,0.66122
2023-06-06,0.0027250928651051396,0.6662,0.66728,,,,,,,,,,,,,,,,,,
2023-06-07,0.002659557949820163,0.66962,0.66667,172.0,-0.004145254239060567,0.66685,0.66688,0.66678,,,,,,,,,,,,,
2023-06-08,0.0027489698214000846,0.6685,0.67068,,,,,,,,,,,,,,,,,,
2023-06-09,0.002671968435342197,0.67285,0.67378,,,,,,,,,,,,,,,,,,
2023-06-12,0.0026684806253293876,0.67605,0.67457,,,,,,,,,,,,,,,,,,
2023-06-13,0.00258587202822704,0.6777,0.6775,,,,,,,,,,,,,,,,,,
2023-06-14,0.0025213163234625653,0.67895,0.68303,180.0,0.005595919751328364,0.68276,,,,180.0,0.005595919751328364,0.68276,,,,,,,,,
2023-06-15,0.0025081333875112306,0.68111,0.6869,103.0,0.00402939803916599,0.68386,0.68384,0.68441,0.68501,109.0,0.005198544403306571,0.68466,0.68464,0.68473,0.68605,180.0,0.007226691095847502,0.68605,,,
2023-06-16,0.00244915921202994,0.68737,0.68636,,,,,,,,,,,,,,,,,,
2023-06-19,0.0027560271770605015,0.68497,0.68472,,,,,,,,,,,,,,,,,,
2023-06-20,0.002651907802521979,0.6785,0.67684,141.0,-0.004224089462779535,0.67564,0.67562,0.6756,0.67561,,,,,,,,,,,,
2023-06-21,0.002702260317620218,0.6756,0.678,,,,,,,,,,,,,,,,,,
2023-06-22,0.0026380733191279353,0.67702,0.67521,,,,,,,,,,,,,,,,,,
2023-06-23,0.0025652305016745196,0.66758,0.66835,,,,,,,,,,,,,,,,,,
2023-06-26,0.0028167442340363423,0.66764,0.66798,,,,,,,,,,,,,,,,,,
2023-06-27,0.002726324458949282,0.66892,0.66822,,,,,,,,,,,,,,,,,,
2023-06-28,0.002686312543257757,0.66063,0.66192,,,,,,,,,,,,,,,,,,
2023-06-29,0.0028896158656086077,0.66346,0.66322,56.0,-0.004365466929951812,0.66057,0.66069,0.66088,0.66088,,,,,,,,,,,,
2023-06-30,0.002862078664735288,0.66191,0.66614,42.0,0.004461937790526871,0.66487,0.66498,0.66433,0.66419,136.0,0.005769608894720107,0.66574,0.66572,0.66576,0.66565,,,,,,
2023-07-03,0.0027917826871450284,0.665,0.66768,180.0,0.0049351704094009385,0.66829,,,,,,,,,,,,,,,
2023-07-04,0.0027292617381243413,0.66933,0.67031,,,,,,,,,,,,,,,,,,
2023-07-05,0.0026947664463311725,0.66612,0.66612,,,,,,,,,,,,,,,,,,
2023-07-06,0.002629788304286652,0.66426,0.66174,180.0,-0.00402761037721468,0.66159,,,,,,,,,,,,,,,
2023-07-07,0.002572662169323215,0.66257,0.66826,98.0,0.0038863664738435894,0.66515,0.6651,0.6656,0.6666,106.0,0.005628815054337409,0.66631,0.66631,0.66646,0.66532,134.0,0.0064689117148567735,0.66687,0.6667,0.66698,0.6672
2023-07-10,0.0026045185238769506,0.66431,0.66675,,,,,,,,,,,,,,,,,,
2023-07-11,0.0026704581306652582,0.66561,0.66622,,,,,,,,,,,,,,,,,,
2023-07-12,0.0026027772624509097,0.66867,0.67827,30.0,0.0071230891586125285,0.67345,0.67359,0.67414,0.67401,30.0,0.0071230891586125285,0.67345,0.67359,0.67414,0.67401,30.0,0.0071230891586125285,0.67345,0.67359,0.67414,0.67401
2023-07-13,0.0026676500563445472,0.6857,0.68699,120.0,0.004031529944311416,0.68847,0.68838,0.68853,0.68851,179.0,0.005410450105614779,0.68942,,,,,,,,,
2023-07-14,0.002844987754197376,0.68641,0.6842,,,,,,,,,,,,,,,,,,
2023-07-17,0.0030894831259428907,0.67992,0.68198,,,,,,,,,,,,,,,,,,
2023-07-18,0.0030180273452321896,0.6805,0.68155,,,,,,,,,,,,,,,,,,
2023-07-19,0.0029325114287804205,0.67705,0.67622,,,,,,,,,,,,,,,,,,
2023-07-20,0.0029447933982770496,0.68104,0.6777,,,,,,,,,,,,,,,,,,
2023-07-21,0.0030058763218715387,0.67336,0.6736,,,,,,,,,,,,,,,,,,
2023-07-24,0.0030756689397697197,0.67427,0.67485,,,,,,,,,,,,,,,,,,
2023-07-25,0.0030273566787252988,0.67657,0.67835,,,,,,,,,,,,,,,,,,
2023-07-26,0.0029971927498761617,0.67362,0.67543,,,,,,,,,,,,,,,,,,
2023-07-27,0.0029110934651368644,0.67962,0.6741,180.0,-0.01026408478612809,0.67268,,,,180.0,-0.01026408478612809,0.67268,,,,180.0,-0.01026408478612809,0.67268,,,
2023-07-28,0.002897601681693872,0.66628,0.66693,,,,,,,,,,,,,,,,,,
2023-07-31,0.003400799070113887,0.67077,0.67298,,,,,,,,,,,,,,,,,,
2023-08-01,0.0033056983951849756,0.66266,0.66095,,,,,,,,,,,,,,,,,,
2023-08-02,0.003215331629431053,0.65773,0.65406,143.0,-0.004907648696595028,0.65451,0.65427,0.65395,0.65394,161.0,-0.006589709158022384,0.65341,0.65331,0.65337,0.65342,,,,,,
2023-08-03,0.0034674278713867457,0.65259,0.65517,,,,,,,,,,,,,,,,,,
2023-08-04,0.0035814873524577036,0.65458,0.66033,51.0,0.005590989785562707,0.65825,0.65835,0.65765,0.65885,67.0,0.007306190983213426,0.65938,0.65934,0.65892,0.65904,100.0,0.0089578942037379,0.66047,0.66036,0.66042,0.65969
2023-08-07,0.0035248110223382225,0.65704,0.65624,,,,,,,,,,,,,,,,,,
2023-08-08,0.0033392689072674563,0.65018,0.65135,,,,,,,,,,,,,,,,,,
2023-08-09,0.003300353043108952,0.65366,0.65244,,,,,,,,,,,,,,,,,,
2023-08-10,0.0032061622120815063,0.65695,0.6555,30.0,0.006206440305097708,0.66104,0.66104,0.65909,0.65666,,,,,,,,,,,,
2023-08-11,0.00314264604171079,0.65268,0.64943,,,,,,,,,,,,,,,,,,
2023-08-14,0.0030612875935421575,0.64922,0.64968,91.0,-0.004647113957391025,0.64621,0.6463,0.64605,0.64584,,,,,,,,,,,,
2023-08-15,0.002969379409450079,0.64684,0.64843,,,,,,,,,,,,,,,,,,
2023-08-16,0.002939860874345249,0.64585,0.64389,,,,,,,,,,,,,,,,,,
2023-08-17,0.0029714846909471497,0.64321,0.64145,,,,,,,,,,,,,,,,,,
2023-08-18,0.003131778875774235,0.63861,0.64119,,,,,,,,,,,,,,,,,,
2023-08-21,0.003120888315427311,0.64169,0.63932,,,,,,,,,,,,,,,,,,
2023-08-22,0.0029589168710448368,0.64508,0.64241,102.0,-0.00445898710507418,0.64221,0.64176,0.64197,0.64099,114.0,-0.006251283828052257,0.64106,0.64124,0.64103,0.64155,,,,,,
2023-08-23,0.0028748464023656047,0.64179,0.64681,107.0,0.004368822004905856,0.6446,0.64446,0.6445,0.64522,128.0,0.005872500098130815,0.64557,0.64569,0.64596,0.64616,142.0,0.007265646046498095,0.64647,0.64616,0.64645,0.64582
2023-08-24,0.002844725038635341,0.64366,0.64244,,,,,,,,,,,,,,,,,,
2023-08-25,0.0028349564591655194,0.6424,0.64001,150.0,-0.004727846094090739,0.63937,0.63945,0.63938,0.6382,164.0,-0.006073825575475076,0.63851,0.6382,0.63835,0.63843,,,,,,
2023-08-28,0.002963169810553465,0.64157,0.64246,,,,,,,,,,,,,,,,,,
2023-08-29,0.0028589228174228432,0.64158,0.64576,124.0,0.004540938382621655,0.6445,0.64471,0.64468,0.64464,141.0,0.005936395621241036,0.6454,0.64554,0.64517,0.64425,,,,,,
2023-08-30,0.0027858265125594653,0.64666,0.64921,30.0,0.004690063828712621,0.6497,0.64944,0.64916,0.65042,43.0,0.005736153395524595,0.65038,0.65023,0.65051,0.65096,51.0,0.007072939009804048,0.65125,0.651,0.65114,0.65034
2023-08-31,0.002733241525141606,0.64743,0.6466,,,,,,,,,,,,,,,,,,
2023-09-01,0.0027051113972124015,0.64798,0.64428,31.0,0.004818767070306566,0.65111,0.65071,0.65146,0.65075,34.0,0.005816564323951732,0.65176,0.65143,0.65141,0.65173,,,,,,
2023-09-04,0.002646552109286035,0.64645,0.6459,,,,,,,,,,,,,,,,,,
2023-09-05,0.002572347946628446,0.63658,0.6383,,,,,,,,,,,,,,,,,,
2023-09-06,0.002616367963697963,0.63871,0.638,,,,,,,,,,,,,,,,,,
2023-09-07,0.0026863579896446365,0.63801,0.63789,,,,,,,,,,,,,,,,,,
2023-09-08,0.002616995072874378,0.63931,0.63835,,,,,,,,,,,,,,,,,,
2023-09-11,0.0025702778972017688,0.64297,0.6434,,,,,,,,,,,,,,,,,,
2023-09-12,0.0025483255320906404,0.6422,0.64225,,,,,,,,,,,,,,,,,,
2023-09-13,0.002501630491850347,0.64071,0.64241,,,,,,,,,,,,,,,,,,
2023-09-14,0.002488697582729269,0.64435,0.64419,31.0,-0.003778371400884093,0.64192,0.64217,0.64196,0.64298,,,,,,,,,,,,
2023-09-15,0.002467350865541532,0.64573,0.64415,,,,,,,,,,,,,,,,,,
2023-09-18,0.0024691103357598844,0.64339,0.6441,,,,,,,,,,,,,,,,,,
2023-09-19,0.0024148542656031017,0.64649,0.64554,,,,,,,,,,,,,,,,,,
2023-09-20,0.002352143723707215,0.64872,0.64982,,,,,,,,,,,,,,,,,,
2023-09-21,0.0023151840821599356,0.64,0.64198,156.0,0.0035717387400992315,0.64229,0.64229,0.64226,0.64159,,,,,,,,,,,,
2023-09-22,0.00238372984600141,0.64596,0.64492,,,,,,,,,,,,,,,,,,
2023-09-25,0.002329457684668033,0.64241,0.64175,,,,,,,,,,,,,,,,,,
2023-09-26,0.0022512118912358524,0.64087,0.64029,,,,,,,,,,,,,,,,,,
2023-09-27,0.002197675202730995,0.63669,0.63657,,,,,,,,,,,,,,,,,,
2023-09-28,0.0022053999964610238,0.63923,0.6425,166.0,0.0036227963232285413,0.64155,0.64164,0.64156,,,,,,,,,,,,,
2023-09-29,0.0021940282537654394,0.64779,0.64484,144.0,-0.0036033288552953023,0.64546,0.6456,0.64554,0.64533,,,,,,,,,,,,
2023-10-02,0.0027357478116162887,0.63929,0.63723,,,,,,,,,,,,,,,,,,
2023-10-03,0.0026488461506202717,0.6304,0.62916,,,,,,,,,,,,,,,,,,
2023-10-04,0.002886843062681872,0.63198,0.63357,,,,,,,,,,,,,,,,,,
2023-10-05,0.0028809106366394855,0.63494,0.63455,,,,,,,,,,,,,,,,,,
2023-10-06,0.0029900908342482637,0.63594,0.63898,32.0,-0.004823388554077501,0.63288,0.63209,0.63285,0.63207,33.0,-0.006072430195708382,0.63209,0.63165,0.63271,0.63221,,,,,,
2023-10-09,0.0029203044206552254,0.6362,0.63784,,,,,,,,,,,,,,,,,,
2023-10-10,0.0027744682029161127,0.63939,0.64295,,,,,,,,,,,,,,,,,,
2023-10-11,0.0028263468958519633,0.64107,0.64048,,,,,,,,,,,,,,,,,,
2023-10-12,0.0027587432655675655,0.64061,0.63352,40.0,-0.004505851139204044,0.63773,0.6374,0.63847,0.63861,91.0,-0.005541307773922184,0.63707,0.6369,0.63689,0.63585,102.0,-0.007096505825271825,0.63608,0.63627,0.63583,0.63513
2023-10-13,0.0026916425201020337,0.63175,0.62898,,,,,,,,,,,,,,,,,,
2023-10-16,0.0030493452555280603,0.63265,0.63385,,,,,,,,,,,,,,,,,,
2023-10-17,0.0029639382893576036,0.63623,0.6375,,,,,,,,,,,,,,,,,,
2023-10-18,0.002943050480487048,0.63666,0.63354,162.0,-0.0046758852462927365,0.63369,0.63399,0.63378,0.63436,,,,,,,,,,,,
2023-10-19,0.0028859802363134066,0.63098,0.63271,,,,,,,,,,,,,,,,,,
2023-10-20,0.0030978828123995944,0.63132,0.63189,,,,,,,,,,,,,,,,,,
2023-10-23,0.0030327521710540044,0.63089,0.63355,,,,,,,,,,,,,,,,,,
2023-10-24,0.00286733268105259,0.63634,0.63495,,,,,,,,,,,,,,,,,,
2023-10-25,0.0029236168187844157,0.63385,0.63313,,,,,,,,,,,,,,,,,,
2023-10-26,0.0028936561443246417,0.6299,0.63097,104.0,0.004640747045689308,0.63283,0.63275,0.6323,0.63152,,,,,,,,,,,,
2023-10-27,0.0034794305655260864,0.6338,0.63509,,,,,,,,,,,,,,,,,,
2023-10-30,0.0035806017541752124,0.63739,0.63687,,,,,,,,,,,,,,,,,,
2023-10-31,0.0033908035611011768,0.63448,0.63287,,,,,,,,,,,,,,,,,,
2023-11-01,0.0032900953598684725,0.63553,0.63594,96.0,0.005257346875932079,0.63888,0.63899,0.63907,0.63861,,,,,,,,,,,,
2023-11-02,0.0031968397342917163,0.64509,0.64156,95.0,-0.005050790500006562,0.64184,0.64179,0.64265,0.64239,,,,,,,,,,,,
2023-11-03,0.0035597845136824875,0.6494,0.65123,,,,,,,,,,,,,,,,,,
2023-11-06,0.0034494694706866686,0.6501,0.64962,,,,,,,,,,,,,,,,,,
2023-11-07,0.003533526840147485,0.6415,0.64174,,,,,,,,,,,,,,,,,,
2023-11-08,0.0036480633922287902,0.64281,0.64109,,,,,,,,,,,,,,,,,,
2023-11-09,0.003536035800921935,0.64111,0.64123,,,,,,,,,,,,,,,,,,
2023-11-10,0.00345133022757899,0.63611,0.63569,,,,,,,,,,,,,,,,,,
2023-11-13,0.0034828608950059304,0.63672,0.63827,,,,,,,,,,,,,,,,,,
2023-11-14,0.0032756789912494937,0.64435,0.64947,70.0,0.005108370241864715,0.64765,0.64775,0.6479,0.64821,131.0,0.006620389538168884,0.64863,0.64893,0.6491,0.64858,,,,,,
2023-11-15,0.0031850581270672046,0.65076,0.65177,,,,,,,,,,,,,,,,,,
2023-11-16,0.0038466474149673746,0.65062,0.6475,145.0,-0.006151493670584291,0.64663,0.64645,0.64618,0.64676,,,,,,,,,,,,
2023-11-17,0.0037641691906766615,0.6501,0.65035,,,,,,,,,,,,,,,,,,
2023-11-20,0.0036473303330952934,0.65509,0.65485,,,,,,,,,,,,,,,,,,
2023-11-21,0.003575357885639496,0.65694,0.65605,,,,,,,,,,,,,,,,,,
2023-11-22,0.00350127709366516,0.65516,0.65406,,,,,,,,,,,,,,,,,,
2023-11-23,0.003416368609975727,0.65576,0.65595,,,,,,,,,,,,,,,,,,
2023-11-24,0.0033130403246513247,0.65689,0.65887,,,,,,,,,,,,,,,,,,
2023-11-27,0.0032180110339559724,0.66014,0.65909,,,,,,,,,,,,,,,,,,
2023-11-28,0.0030505875741676245,0.6624,0.66473,146.0,0.004623954859978787,0.66547,0.66542,0.66521,0.6657,,,,,,,,,,,,
2023-11-29,0.003084659933520912,0.66134,0.66221,,,,,,,,,,,,,,,,,,
2023-11-30,0.00303219438943726,0.65855,0.66046,94.0,0.004575349617222531,0.66157,0.66179,0.66069,0.66157,115.0,0.006281950649125547,0.6627,0.66281,0.6627,0.66192,,,,,,
2023-12-01,0.002944351292395406,0.66114,0.66701,79.0,0.004542409850771824,0.66415,0.66382,0.66408,0.66369,133.0,0.005971787562634975,0.6651,0.6653,0.66545,0.66566,153.0,0.007459178817853721,0.66609,0.66604,0.66562,0.66608
2023-12-04,0.0029279709114125936,0.66437,0.66189,93.0,-0.004692117266208615,0.66126,0.66127,0.66146,0.66128,,,,,,,,,,,,
2023-12-05,0.0029601101445961417,0.65614,0.65565,,,,,,,,,,,,,,,,,,
2023-12-06,0.003147524695699933,0.65856,0.65616,,,,,,,,,,,,,,,,,,
2023-12-07,0.0030542470297567205,0.65812,0.66069,,,,,,,,,,,,,,,,,,
2023-12-08,0.003102347916190069,0.6587,0.65762,,,,,,,,,,,,,,,,,,
2023-12-11,0.0033988151557052507,0.65612,0.65574,,,,,,,,,,,,,,,,,,
2023-12-12,0.003293617575709839,0.65589,0.65498,,,,,,,,,,,,,,,,,,
2023-12-13,0.0032589265697529814,0.65766,0.6575,,,,,,,,,,,,,,,,,,
2023-12-14,0.00321487830636914,0.67066,0.67086,,,,,,,,,,,,,,,,,,
2023-12-15,0.004149348992647157,0.66711,0.67092,113.0,0.006559066103842008,0.6715,0.6717,0.67196,0.6713,150.0,0.00835938052913887,0.67271,0.67277,0.67245,0.67169,,,,,,
2023-12-18,0.004022273425180736,0.67257,0.67034,,,,,,,,,,,,,,,,,,
2023-12-19,0.003792580827129937,0.67386,0.67617,,,,,,,,,,,,,,,,,,
2023-12-20,0.0036795401591647723,0.67693,0.67654,,,,,,,,,,,,,,,,,,
2023-12-21,0.0036642543123773562,0.67784,0.67806,,,,,,,,,,,,,,,,,,
2023-12-22,0.003576050646249686,0.68158,0.68048,,,,,,,,,,,,,,,,,,
2023-12-26,0.0035197949947780895,0.68144,0.68131,,,,,,,,,,,,,,,,,,
2023-12-27,0.0032507797290203286,0.6832,0.68443,,,,,,,,,,,,,,,,,,
2023-12-28,0.0031764592720183614,0.68282,0.68454,100.0,0.0049378487789698625,0.6862,0.68638,0.68608,0.68588,,,,,,,,,,,,
2023-12-29,0.0030840216406121676,0.67854,0.68299,60.0,0.004660916359186701,0.68171,0.68168,0.68175,0.68194,92.0,0.006185329242523779,0.68275,0.68279,0.68254,0.68184,,,,,,
