date,sigma,open,exit_px,t_1.5,disp_1.5,px_1.5_d0,px_1.5_d1,px_1.5_d5,px_1.5_d15,t_2.0,disp_2.0,px_2.0_d0,px_2.0_d1,px_2.0_d5,px_2.0_d15,t_2.5,disp_2.5,px_2.5_d0,px_2.5_d1,px_2.5_d5,px_2.5_d15
2011-01-03,,1.2489,1.2484,,,,,,,,,,,,,,,,,,
2011-01-04,,1.2651,1.2598,,,,,,,,,,,,,,,,,,
2011-01-05,,1.2636,1.2709,,,,,,,,,,,,,,,,,,
2011-01-06,,1.2662,1.2556,,,,,,,,,,,,,,,,,,
2011-01-07,,1.2533,1.2482,,,,,,,,,,,,,,,,,,
2011-01-10,,1.2501,1.2542,,,,,,,,,,,,,,,,,,
2011-01-11,,1.2547,1.265,,,,,,,,,,,,,,,,,,
2011-01-12,,1.2644,1.2702,,,,,,,,,,,,,,,,,,
2011-01-13,,1.2821,1.2855,,,,,,,,,,,,,,,,,,
2011-01-14,,1.2915,1.2874,,,,,,,,,,,,,,,,,,
2011-01-17,,1.2824,1.2822,,,,,,,,,,,,,,,,,,
2011-01-18,,1.2826,1.2886,,,,,,,,,,,,,,,,,,
2011-01-19,,1.2964,1.2885,,,,,,,,,,,,,,,,,,
2011-01-20,,1.2929,1.2998,,,,,,,,,,,,,,,,,,
2011-01-21,,1.299,1.3011,,,,,,,,,,,,,,,,,,
2011-01-24,,1.2992,1.2941,,,,,,,,,,,,,,,,,,
2011-01-25,,1.2837,1.2879,,,,,,,,,,,,,,,,,,
2011-01-26,,1.2915,1.2906,,,,,,,,,,,,,,,,,,
2011-01-27,,1.296,1.2974,,,,,,,,,,,,,,,,,,
2011-01-28,,1.2927,1.2823,,,,,,,,,,,,,,,,,,
2011-01-31,,1.2911,1.2887,,,,,,,,,,,,,,,,,,
2011-02-01,,1.295,1.2932,,,,,,,,,,,,,,,,,,
2011-02-02,,1.2895,1.2994,,,,,,,,,,,,,,,,,,
2011-02-03,,1.2948,1.2881,,,,,,,,,,,,,,,,,,
2011-02-04,,1.2981,1.2999,,,,,,,,,,,,,,,,,,
2011-02-07,,1.2942,1.2967,,,,,,,,,,,,,,,,,,
2011-02-08,,1.3033,1.3093,,,,,,,,,,,,,,,,,,
2011-02-09,,1.3158,1.3141,,,,,,,,,,,,,,,,,,
2011-02-10,,1.3129,1.3189,,,,,,,,,,,,,,,,,,
2011-02-11,,1.316,1.3182,,,,,,,,,,,,,,,,,,
2011-02-14,,1.3079,1.3088,,,,,,,,,,,,,,,,,,
2011-02-15,,1.3121,1.3051,,,,,,,,,,,,,,,,,,
2011-02-16,,1.3105,1.304,,,,,,,,,,,,,,,,,,
2011-02-17,,1.292,1.2928,,,,,,,,,,,,,,,,,,
2011-02-18,,1.296,1.2941,,,,,,,,,,,,,,,,,,
2011-02-21,,1.2959,1.2936,,,,,,,,,,,,,,,,,,
2011-02-22,,1.2857,1.2819,,,,,,,,,,,,,,,,,,
2011-02-23,,1.2856,1.2815,,,,,,,,,,,,,,,,,,
2011-02-24,,1.2755,1.2768,,,,,,,,,,,,,,,,,,
2011-02-25,,1.2774,1.2772,,,,,,,,,,,,,,,,,,
2011-02-28,,1.2842,1.2821,,,,,,,,,,,,,,,,,,
2011-03-01,,1.2865,1.282,,,,,,,,,,,,,,,,,,
2011-03-02,,1.2795,1.2792,,,,,,,,,,,,,,,,,,
2011-03-03,,1.2948,1.2986,,,,,,,,,,,,,,,,,,
2011-03-04,,1.2974,1.2949,,,,,,,,,,,,,,,,,,
2011-03-07,,1.2966,1.2925,,,,,,,,,,,,,,,,,,
2011-03-08,,1.2959,1.3001,,,,,,,,,,,,,,,,,,
2011-03-09,,1.2902,1.2921,,,,,,,,,,,,,,,,,,
2011-03-10,,1.291,1.2893,,,,,,,,,,,,,,,,,,
2011-03-11,,1.2851,1.2899,,,,,,,,,,,,,,,,,,
2011-03-14,,1.2938,1.2938,,,,,,,,,,,,,,,,,,
2011-03-15,,1.2768,1.2833,,,,,,,,,,,,,,,,,,
2011-03-16,,1.2782,1.2696,,,,,,,,,,,,,,,,,,
2011-03-17,,1.2639,1.262,,,,,,,,,,,,,,,,,,
2011-03-18,,1.2734,1.2759,,,,,,,,,,,,,,,,,,
2011-03-21,,1.283,1.2843,,,,,,,,,,,,,,,,,,
2011-03-22,,1.2854,1.2842,,,,,,,,,,,,,,,,,,
2011-03-23,,1.2741,1.2798,,,,,,,,,,,,,,,,,,
2011-03-24,,1.2858,1.2861,,,,,,,,,,,,,,,,,,
2011-03-25,,1.2923,1.2929,,,,,,,,,,,,,,,,,,
2011-03-28,,1.291,1.2934,,,,,,,,,,,,,,,,,,
2011-03-29,,1.2941,1.2969,,,,,,,,,,,,,,,,,,
2011-03-30,,1.299,1.2985,,,,,,,,,,,,,,,,,,
2011-03-31,,1.3009,1.2988,,,,,,,,,,,,,,,,,,
2011-04-01,,1.3053,1.3135,,,,,,,,,,,,,,,,,,
2011-04-04,,1.3116,1.3114,,,,,,,,,,,,,,,,,,
2011-04-05,,1.3097,1.3152,,,,,,,,,,,,,,,,,,
2011-04-06,,1.3091,1.3143,,,,,,,,,,,,,,,,,,
2011-04-07,,1.3118,1.3115,,,,,,,,,,,,,,,,,,
2011-04-08,,1.3164,1.3144,,,,,,,,,,,,,,,,,,
2011-04-11,,1.312,1.3105,,,,,,,,,,,,,,,,,,
2011-04-12,,1.3009,1.2982,,,,,,,,,,,,,,,,,,
2011-04-13,,1.3003,1.2944,,,,,,,,,,,,,,,,,,
2011-04-14,,1.2861,1.2908,,,,,,,,,,,,,,,,,,
2011-04-15,,1.2904,1.2904,,,,,,,,,,,,,,,,,,
2011-04-18,,1.2819,1.2764,,,,,,,,,,,,,,,,,,
2011-04-19,,1.2849,1.2871,,,,,,,,,,,,,,,,,,
2011-04-20,,1.2937,1.2934,,,,,,,,,,,,,,,,,,
2011-04-21,,1.2879,1.2865,,,,,,,,,,,,,,,,,,
2011-04-22,,1.2884,1.2897,,,,,,,,,,,,,,,,,,
2011-04-25,,1.2839,1.2836,,,,,,,,,,,,,,,,,,
2011-04-26,,1.2819,1.2872,,,,,,,,,,,,,,,,,,
2011-04-27,,1.286,1.291,,,,,,,,,,,,,,,,,,
2011-04-28,,1.2943,1.2916,,,,,,,,,,,,,,,,,,
2011-04-29,,1.2866,1.2841,,,,,,,,,,,,,,,,,,
2011-05-02,,1.2856,1.2849,,,,,,,,,,,,,,,,,,
2011-05-03,,1.279,1.2806,,,,,,,,,,,,,,,,,,
2011-05-04,,1.2822,1.2751,,,,,,,,,,,,,,,,,,
2011-05-05,,1.2735,1.2685,,,,,,,,,,,,,,,,,,
2011-05-06,,1.2662,1.2654,,,,,,,,,,,,,,,,,,
2011-05-09,,1.2624,1.2517,,,,,,,,,,,,,,,,,,
2011-05-10,,1.2608,1.2637,,,,,,,,,,,,,,,,,,
2011-05-11,,1.2658,1.2618,,,,,,,,,,,,,,,,,,
2011-05-12,,1.2585,1.2584,,,,,,,,,,,,,,,,,,
2011-05-13,,1.2668,1.2598,,,,,,,,,,,,,,,,,,
2011-05-16,,1.2539,1.2536,,,,,,,,,,,,,,,,,,
2011-05-17,,1.255,1.2527,,,,,,,,,,,,,,,,,,
2011-05-18,,1.2549,1.2549,,,,,,,,,,,,,,,,,,
2011-05-19,,1.26,1.26,,,,,,,,,,,,,,,,,,
2011-05-20,,1.2536,1.2441,,,,,,,,,,,,,,,,,,
2011-05-23,,1.2387,1.2375,,,,,,,,,,,,,,,,,,
2011-05-24,,1.2403,1.2413,,,,,,,,,,,,,,,,,,
2011-05-25,,1.2325,1.2296,,,,,,,,,,,,,,,,,,
2011-05-26,,1.2333,1.2208,,,,,,,,,,,,,,,,,,
2011-05-27,,1.2202,1.2171,,,,,,,,,,,,,,,,,,
2011-05-30,,1.2152,1.2166,,,,,,,,,,,,,,,,,,
2011-05-31,,1.2272,1.2259,,,,,,,,,,,,,,,,,,
2011-06-01,,1.2182,1.213,,,,,,,,,,,,,,,,,,
2011-06-02,,1.2169,1.2173,,,,,,,,,,,,,,,,,,
2011-06-03,,1.2196,1.2193,,,,,,,,,,,,,,,,,,
2011-06-06,,1.222,1.2221,,,,,,,,,,,,,,,,,,
2011-06-07,,1.2233,1.2303,,,,,,,,,,,,,,,,,,
2011-06-08,,1.2226,1.2204,,,,,,,,,,,,,,,,,,
2011-06-09,,1.2258,1.2225,,,,,,,,,,,,,,,,,,
2011-06-10,,1.2186,1.2093,,,,,,,,,,,,,,,,,,
2011-06-13,,1.2028,1.202,,,,,,,,,,,,,,,,,,
2011-06-14,,1.2114,1.2222,,,,,,,,,,,,,,,,,,
2011-06-15,,1.2162,1.2098,,,,,,,,,,,,,,,,,,
2011-06-16,,1.1961,1.204,,,,,,,,,,,,,,,,,,
2011-06-17,,1.2113,1.2119,,,,,,,,,,,,,,,,,,
2011-06-20,,1.2038,1.2053,,,,,,,,,,,,,,,,,,
2011-06-21,,1.213,1.2139,,,,,,,,,,,,,,,,,,
2011-06-22,,1.2113,1.2035,,,,,,,,,,,,,,,,,,
2011-06-23,,1.1959,1.1871,,,,,,,,,,,,,,,,,,
2011-06-24,,1.1892,1.1882,,,,,,,,,,,,,,,,,,
2011-06-27,,1.1839,1.1949,,,,,,,,,,,,,,,,,,
2011-06-28,,1.1887,1.1921,,,,,,,,,,,,,,,,,,
2011-06-29,,1.203,1.2043,,,,,,,,,,,,,,,,,,
2011-06-30,,1.2072,1.2214,,,,,,,,,,,,,,,,,,
2011-07-01,,1.2264,1.23,,,,,,,,,,,,,,,,,,
2011-07-04,,1.2317,1.2321,,,,,,,,,,,,,,,,,,
2011-07-05,,1.2221,1.2229,,,,,,,,,,,,,,,,,,
2011-07-06,,1.2062,1.2025,,,,,,,,,,,,,,,,,,
2011-07-07,,1.2029,1.2111,,,,,,,,,,,,,,,,,,
2011-07-08,,1.2081,1.1938,,,,,,,,,,,,,,,,,,
2011-07-11,,1.1746,1.1715,,,,,,,,,,,,,,,,,,
2011-07-12,,1.1678,1.1681,,,,,,,,,,,,,,,,,,
2011-07-13,,1.1689,1.1636,,,,,,,,,,,,,,,,,,
2011-07-14,,1.158,1.1581,,,,,,,,,,,,,,,,,,
2011-07-15,,1.1577,1.156,,,,,,,,,,,,,,,,,,
2011-07-18,,1.149,1.1484,,,,,,,,,,,,,,,,,,
2011-07-19,,1.1613,1.1565,,,,,,,,,,,,,,,,,,
2011-07-20,,1.1657,1.1641,,,,,,,,,,,,,,,,,,
2011-07-21,,1.1662,1.1749,,,,,,,,,,,,,,,,,,
2011-07-22,,1.1783,1.1733,,,,,,,,,,,,,,,,,,
2011-07-25,,1.1561,1.1574,,,,,,,,,,,,,,,,,,
2011-07-26,,1.1624,1.1635,,,,,,,,,,,,,,,,,,
2011-07-27,,1.1582,1.1529,,,,,,,,,,,,,,,,,,
2011-07-28,,1.1443,1.1494,,,,,,,,,,,,,,,,,,
2011-07-29,,1.1407,1.1339,,,,,,,,,,,,,,,,,,
2011-08-01,,1.1302,1.1102,,,,,,,,,,,,,,,,,,
2011-08-02,,1.1056,1.097,,,,,,,,,,,,,,,,,,
2011-08-03,,1.1041,1.0966,,,,,,,,,,,,,,,,,,
2011-08-04,,1.1048,1.0859,,,,,,,,,,,,,,,,,,
2011-08-05,,1.0856,1.0759,,,,,,,,,,,,,,,,,,
2011-08-08,,1.0845,1.0753,,,,,,,,,,,,,,,,,,
2011-08-09,,1.0595,1.0428,,,,,,,,,,,,,,,,,,
2011-08-10,,1.0425,1.0358,,,,,,,,,,,,,,,,,,
2011-08-11,,1.0484,1.0748,,,,,,,,,,,,,,,,,,
2011-08-12,,1.0976,1.0986,,,,,,,,,,,,,,,,,,
2011-08-15,,1.1317,1.1274,,,,,,,,,,,,,,,,,,
2011-08-16,,1.1179,1.1434,,,,,,,,,,,,,,,,,,
2011-08-17,,1.1377,1.1384,,,,,,,,,,,,,,,,,,
2011-08-18,,1.1418,1.1321,,,,,,,,,,,,,,,,,,
2011-08-19,,1.134,1.1316,,,,,,,,,,,,,,,,,,
2011-08-22,,1.1352,1.1328,,,,,,,,,,,,,,,,,,
2011-08-23,,1.1405,1.1386,,,,,,,,,,,,,,,,,,
2011-08-24,,1.1403,1.1452,,,,,,,,,,,,,,,,,,
2011-08-25,,1.1467,1.1446,,,,,,,,,,,,,,,,,,
2011-08-26,,1.1464,1.1656,,,,,,,,,,,,,,,,,,
2011-08-29,,1.1829,1.1886,,,,,,,,,,,,,,,,,,
2011-08-30,,1.183,1.1793,,,,,,,,,,,,,,,,,,
2011-08-31,,1.1658,1.1573,,,,,,,,,,,,,,,,,,
2011-09-01,,1.1421,1.135,,,,,,,,,,,,,,,,,,
2011-09-02,,1.1133,1.117,,,,,,,,,,,,,,,,,,
2011-09-05,,1.1107,1.1067,,,,,,,,,,,,,,,,,,
2011-09-06,,1.2037,1.2028,,,,,,,,,,,,,,,,,,
2011-09-07,,1.2044,1.2086,,,,,,,,,,,,,,,,,,
2011-09-08,,1.2136,1.2149,,,,,,,,,,,,,,,,,,
2011-09-09,,1.2163,1.2078,,,,,,,,,,,,,,,,,,
2011-09-12,,1.2044,1.2046,,,,,,,,,,,,,,,,,,
2011-09-13,,1.2039,1.2033,,,,,,,,,,,,,,,,,,
2011-09-14,,1.2032,1.2033,,,,,,,,,,,,,,,,,,
2011-09-15,,1.2067,1.2061,,,,,,,,,,,,,,,,,,
2011-09-16,,1.2057,1.2065,,,,,,,,,,,,,,,,,,
2011-09-19,,1.2062,1.2052,,,,,,,,,,,,,,,,,,
2011-09-20,,1.2064,1.2158,,,,,,,,,,,,,,,,,,
2011-09-21,,1.2199,1.226,,,,,,,,,,,,,,,,,,
2011-09-22,,1.2279,1.2199,,,,,,,,,,,,,,,,,,
2011-09-23,,1.2189,1.2215,,,,,,,,,,,,,,,,,,
2011-09-26,,1.2199,1.2193,,,,,,,,,,,,,,,,,,
2011-09-27,,1.2223,1.2188,,,,,,,,,,,,,,,,,,
2011-09-28,,1.2203,1.2205,,,,,,,,,,,,,,,,,,
2011-09-29,,1.2197,1.22,,,,,,,,,,,,,,,,,,
2011-09-30,,1.2161,1.2171,,,,,,,,,,,,,,,,,,
2011-10-03,,1.2144,1.2154,,,,,,,,,,,,,,,,,,
2011-10-04,,1.2152,1.2268,,,,,,,,,,,,,,,,,,
2011-10-05,,1.2263,1.2293,,,,,,,,,,,,,,,,,,
2011-10-06,,1.2317,1.2364,,,,,,,,,,,,,,,,,,
2011-10-07,,1.2359,1.238,,,,,,,,,,,,,,,,,,
2011-10-10,,1.2321,1.2351,,,,,,,,,,,,,,,,,,
2011-10-11,,1.2378,1.2383,,,,,,,,,,,,,,,,,,
2011-10-12,,1.2365,1.2346,,,,,,,,,,,,,,,,,,
2011-10-13,,1.2337,1.2359,,,,,,,,,,,,,,,,,,
2011-10-14,,1.238,1.2372,,,,,,,,,,,,,,,,,,
2011-10-17,,1.2369,1.2361,,,,,,,,,,,,,,,,,,
2011-10-18,,1.2341,1.2362,,,,,,,,,,,,,,,,,,
2011-10-19,,1.2428,1.243,,,,,,,,,,,,,,,,,,
2011-10-20,,1.2362,1.2312,,,,,,,,,,,,,,,,,,
2011-10-21,,1.2303,1.2276,,,,,,,,,,,,,,,,,,
2011-10-24,,1.2278,1.2263,,,,,,,,,,,,,,,,,,
2011-10-25,,1.2257,1.2237,,,,,,,,,,,,,,,,,,
2011-10-26,,1.2195,1.2236,,,,,,,,,,,,,,,,,,
2011-10-27,,1.2227,1.22,,,,,,,,,,,,,,,,,,
2011-10-28,,1.2214,1.2218,,,,,,,,,,,,,,,,,,
2011-10-31,,1.2198,1.2152,,,,,,,,,,,,,,,,,,
2011-11-01,,1.2195,1.217,,,,,,,,,,,,,,,,,,
2011-11-02,,1.2164,1.2159,,,,,,,,,,,,,,,,,,
2011-11-03,,1.2151,1.2139,,,,,,,,,,,,,,,,,,
2011-11-04,,1.2221,1.2216,,,,,,,,,,,,,,,,,,
2011-11-07,,1.2363,1.2383,,,,,,,,,,,,,,,,,,
2011-11-08,,1.2375,1.2362,,,,,,,,,,,,,,,,,,
2011-11-09,,1.2312,1.2326,,,,,,,,,,,,,,,,,,
2011-11-10,,1.2318,1.2323,,,,,,,,,,,,,,,,,,
2011-11-11,,1.236,1.239,,,,,,,,,,,,,,,,,,
2011-11-14,,1.236,1.2364,,,,,,,,,,,,,,,,,,
2011-11-15,,1.2398,1.2404,,,,,,,,,,,,,,,,,,
2011-11-16,,1.238,1.2389,,,,,,,,,,,,,,,,,,
2011-11-17,,1.2395,1.2382,,,,,,,,,,,,,,,,,,
2011-11-18,,1.2379,1.2383,,,,,,,,,,,,,,,,,,
2011-11-21,,1.2367,1.2372,,,,,,,,,,,,,,,,,,
2011-11-22,,1.2354,1.235,,,,,,,,,,,,,,,,,,
2011-11-23,,1.2302,1.2282,,,,,,,,,,,,,,,,,,
2011-11-24,,1.2265,1.2265,,,,,,,,,,,,,,,,,,
2011-11-25,,1.2305,1.2309,,,,,,,,,,,,,,,,,,
2011-11-28,,1.2299,1.2289,,,,,,,,,,,,,,,,,,
2011-11-29,,1.2282,1.2265,,,,,,,,,,,,,,,,,,
2011-11-30,,1.2266,1.2255,,,,,,,,,,,,,,,,,,
2011-12-01,,1.2267,1.232,,,,,,,,,,,,,,,,,,
2011-12-02,,1.2351,1.2338,,,,,,,,,,,,,,,,,,
2011-12-05,,1.23683,1.23556,,,,,,,,,,,,,,,,,,
2011-12-06,,1.23939,1.24258,,,,,,,,,,,,,,,,,,
2011-12-07,,1.23964,1.23938,,,,,,,,,,,,,,,,,,
2011-12-08,,1.2339,1.23595,,,,,,,,,,,,,,,,,,
2011-12-09,,1.23246,1.23608,,,,,,,,,,,,,,,,,,
2011-12-12,,1.23462,1.23411,,,,,,,,,,,,,,,,,,
2011-12-13,,1.23361,1.23234,,,,,,,,,,,,,,,,,,
2011-12-14,,1.23077,1.23654,,,,,,,,,,,,,,,,,,
2011-12-15,,1.22665,1.22415,,,,,,,,,,,,,,,,,,
2011-12-16,,1.22353,1.22071,,,,,,,,,,,,,,,,,,
2011-12-19,,1.22006,1.21912,,,,,,,,,,,,,,,,,,
2011-12-20,,1.21765,1.21753,,,,,,,,,,,,,,,,,,
2011-12-21,,1.21916,1.22087,,,,,,,,,,,,,,,,,,
2011-12-22,,1.22318,1.22203,,,,,,,,,,,,,,,,,,
2011-12-23,,1.22287,1.22251,,,,,,,,,,,,,,,,,,
2011-12-26,,1.2232,1.22249,,,,,,,,,,,,,,,,,,
2011-12-27,,1.22063,1.22088,,,,,,,,,,,,,,,,,,
2011-12-28,,1.21851,1.21976,,,,,,,,,,,,,,,,,,
2011-12-29,,1.21756,1.21848,,,,,,,,,,,,,,,,,,
2011-12-30,,1.21572,1.21626,,,,,,,,,,,,,,,,,,
2012-01-02,,1.21511,1.21522,,,,,,,,,,,,,,,,,,
2012-01-03,,1.21807,1.21682,,,,,,,,,,,,,,,,,,
2012-01-04,,1.21854,1.21843,,,,,,,,,,,,,,,,,,
2012-01-05,,1.21839,1.21824,,,,,,,,,,,,,,,,,,
2012-01-06,,1.21765,1.21586,,,,,,,,,,,,,,,,,,
2012-01-09,,1.21364,1.21324,,,,,,,,,,,,,,,,,,
2012-01-10,,1.21401,1.21291,,,,,,,,,,,,,,,,,,
2012-01-11,,1.21191,1.21298,,,,,,,,,,,,,,,,,,
2012-01-12,,1.2111,1.20964,,,,,,,,,,,,,,,,,,
2012-01-13,,1.21015,1.20833,,,,,,,,,,,,,,,,,,
2012-01-16,,1.20874,1.20918,,,,,,,,,,,,,,,,,,
2012-01-17,,1.20923,1.20949,,,,,,,,,,,,,,,,,,
2012-01-18,,1.20882,1.20739,,,,,,,,,,,,,,,,,,
2012-01-19,,1.208,1.20794,,,,,,,,,,,,,,,,,,
2012-01-20,,1.20716,1.20812,,,,,,,,,,,,,,,,,,
2012-01-23,,1.20685,1.20775,,,,,,,,,,,,,,,,,,
2012-01-24,,1.2061,1.20857,,,,,,,,,,,,,,,,,,
2012-01-25,,1.20762,1.20761,,,,,,,,,,,,,,,,,,
2012-01-26,,1.20664,1.20683,,,,,,,,,,,,,,,,,,
2012-01-27,,1.20664,1.20641,,,,,,,,,,,,,,,,,,
2012-01-30,,1.20428,1.20489,,,,,,,,,,,,,,,,,,
2012-01-31,,1.20454,1.20405,,,,,,,,,,,,,,,,,,
2012-02-01,,1.20481,1.20499,,,,,,,,,,,,,,,,,,
2012-02-02,,1.2047,1.2054,,,,,,,,,,,,,,,,,,
2012-02-03,,1.20572,1.20727,,,,,,,,,,,,,,,,,,
2012-02-06,,1.20624,1.20642,,,,,,,,,,,,,,,,,,
2012-02-07,,1.20902,1.20982,,,,,,,,,,,,,,,,,,
2012-02-08,,1.2107,1.21022,,,,,,,,,,,,,,,,,,
2012-02-09,,1.21098,1.21082,,,,,,,,,,,,,,,,,,
2012-02-10,,1.20997,1.20915,,,,,,,,,,,,,,,,,,
2012-02-13,,1.20892,1.20855,,,,,,,,,,,,,,,,,,
2012-02-14,,1.20765,1.20755,,,,,,,,,,,,,,,,,,
2012-02-15,,1.20739,1.20651,,,,,,,,,,,,,,,,,,
2012-02-16,,1.20725,1.2073,,,,,,,,,,,,,,,,,,
2012-02-17,,1.20861,1.20802,,,,,,,,,,,,,,,,,,
2012-02-20,,1.20689,1.20719,,,,,,,,,,,,,,,,,,
2012-02-21,,1.20781,1.20823,,,,,,,,,,,,,,,,,,
2012-02-22,,1.20681,1.20606,,,,,,,,,,,,,,,,,,
2012-02-23,,1.20486,1.20568,,,,,,,,,,,,,,,,,,
2012-02-24,,1.20479,1.20416,,,,,,,,,,,,,,,,,,
2012-02-27,,1.20478,1.2051,,,,,,,,,,,,,,,,,,
2012-02-28,,1.20505,1.20517,,,,,,,,,,,,,,,,,,
2012-02-29,,1.20496,1.20529,,,,,,,,,,,,,,,,,,
2012-03-01,,1.20499,1.20561,,,,,,,,,,,,,,,,,,
2012-03-02,,1.20674,1.20669,,,,,,,,,,,,,,,,,,
2012-03-05,,1.20594,1.20586,,,,,,,,,,,,,,,,,,
2012-03-06,,1.20548,1.20516,,,,,,,,,,,,,,,,,,
2012-03-07,,1.20533,1.20526,,,,,,,,,,,,,,,,,,
2012-03-08,,1.20503,1.20539,,,,,,,,,,,,,,,,,,
2012-03-09,,1.20556,1.20555,,,,,,,,,,,,,,,,,,
2012-03-12,,1.20569,1.20595,,,,,,,,,,,,,,,,,,
2012-03-13,,1.20588,1.20582,,,,,,,,,,,,,,,,,,
2012-03-14,,1.21007,1.21326,,,,,,,,,,,,,,,,,,
2012-03-15,,1.20984,1.20705,,,,,,,,,,,,,,,,,,
2012-03-16,,1.20718,1.20654,,,,,,,,,,,,,,,,,,
2012-03-19,,1.2065,1.20631,,,,,,,,,,,,,,,,,,
2012-03-20,,1.20576,1.20616,,,,,,,,,,,,,,,,,,
2012-03-21,,1.20583,1.20579,,,,,,,,,,,,,,,,,,
2012-03-22,,1.20546,1.20531,,,,,,,,,,,,,,,,,,
2012-03-23,,1.20534,1.20505,,,,,,,,,,,,,,,,,,
2012-03-26,,1.20537,1.20501,,,,,,,,,,,,,,,,,,
2012-03-27,,1.20573,1.20539,,,,,,,,,,,,,,,,,,
2012-03-28,,1.20607,1.20553,,,,,,,,,,,,,,,,,,
2012-03-29,,1.20519,1.20494,,,,,,,,,,,,,,,,,,
2012-03-30,,1.20451,1.20356,,,,,,,,,,,,,,,,,,
2012-04-02,,1.20427,1.20411,,,,,,,,,,,,,,,,,,
2012-04-03,,1.20329,1.20358,,,,,,,,,,,,,,,,,,
2012-04-04,,1.20351,1.20361,,,,,,,,,,,,,,,,,,
2012-04-05,,1.20203,1.20191,,,,,,,,,,,,,,,,,,
2012-04-06,,1.20152,1.20107,,,,,,,,,,,,,,,,,,
2012-04-09,,1.20149,1.20134,,,,,,,,,,,,,,,,,,
2012-04-10,,1.20276,1.20169,,,,,,,,,,,,,,,,,,
2012-04-11,,1.20128,1.20094,,,,,,,,,,,,,,,,,,
2012-04-12,,1.20253,1.20195,,,,,,,,,,,,,,,,,,
2012-04-13,,1.20155,1.20224,,,,,,,,,,,,,,,,,,
2012-04-16,,1.20226,1.20194,,,,,,,,,,,,,,,,,,
2012-04-17,,1.20157,1.20148,,,,,,,,,,,,,,,,,,
2012-04-18,,1.20311,1.20226,,,,,,,,,,,,,,,,,,
2012-04-19,,1.20192,1.20219,,,,,,,,,,,,,,,,,,
2012-04-20,,1.20169,1.2016,,,,,,,,,,,,,,,,,,
2012-04-23,,1.20172,1.20166,,,,,,,,,,,,,,,,,,
2012-04-24,,1.20205,1.2016,,,,,,,,,,,,,,,,,,
2012-04-25,,1.20179,1.20171,,,,,,,,,,,,,,,,,,
2012-04-26,,1.2015,1.20152,,,,,,,,,,,,,,,,,,
2012-04-27,,1.20139,1.20113,,,,,,,,,,,,,,,,,,
2012-04-30,,1.20166,1.20124,,,,,,,,,,,,,,,,,,
2012-05-01,,1.20131,1.20168,,,,,,,,,,,,,,,,,,
2012-05-02,,1.20163,1.20149,,,,,,,,,,,,,,,,,,
2012-05-03,,1.20135,1.20137,,,,,,,,,,,,,,,,,,
2012-05-04,,1.20142,1.20117,,,,,,,,,,,,,,,,,,
2012-05-07,,1.20107,1.2013,,,,,,,,,,,,,,,,,,
2012-05-08,,1.20136,1.20105,,,,,,,,,,,,,,,,,,
2012-05-09,,1.20096,1.20101,,,,,,,,,,,,,,,,,,
2012-05-10,,1.20119,1.20124,,,,,,,,,,,,,,,,,,
2012-05-11,,1.20108,1.20102,,,,,,,,,,,,,,,,,,
2012-05-14,,1.20089,1.20102,,,,,,,,,,,,,,,,,,
2012-05-15,,1.20097,1.20092,,,,,,,,,,,,,,,,,,
2012-05-16,,1.20106,1.20106,,,,,,,,,,,,,,,,,,
2012-05-17,,1.20096,1.20096,,,,,,,,,,,,,,,,,,
2012-05-18,,1.20104,1.20101,,,,,,,,,,,,,,,,,,
2012-05-21,,1.20105,1.20103,,,,,,,,,,,,,,,,,,
2012-05-22,,1.20104,1.20101,,,,,,,,,,,,,,,,,,
2012-05-23,,1.20104,1.20093,,,,,,,,,,,,,,,,,,
2012-05-24,,1.20095,1.20268,,,,,,,,,,,,,,,,,,
2012-05-25,,1.20136,1.2007,,,,,,,,,,,,,,,,,,
2012-05-28,,1.20211,1.20187,,,,,,,,,,,,,,,,,,
2012-05-29,,1.20145,1.20095,,,,,,,,,,,,,,,,,,
2012-05-30,,1.20099,1.20105,,,,,,,,,,,,,,,,,,
2012-05-31,,1.20103,1.2009,,,,,,,,,,,,,,,,,,
2012-06-01,,1.20078,1.20107,,,,,,,,,,,,,,,,,,
2012-06-04,,1.20089,1.20072,,,,,,,,,,,,,,,,,,
2012-06-05,,1.20097,1.20089,,,,,,,,,,,,,,,,,,
2012-06-06,,1.2008,1.20064,,,,,,,,,,,,,,,,,,
2012-06-07,,1.20105,1.20114,,,,,,,,,,,,,,,,,,
2012-06-08,,1.20115,1.20081,,,,,,,,,,,,,,,,,,
2012-06-11,,1.20098,1.20094,,,,,,,,,,,,,,,,,,
2012-06-12,,1.20098,1.2008,,,,,,,,,,,,,,,,,,
2012-06-13,,1.20091,1.20075,,,,,,,,,,,,,,,,,,
2012-06-14,,1.20076,1.20096,,,,,,,,,,,,,,,,,,
2012-06-15,,1.20099,1.20096,,,,,,,,,,,,,,,,,,
2012-06-18,,1.20097,1.20087,,,,,,,,,,,,,,,,,,
2012-06-19,,1.20085,1.20083,,,,,,,,,,,,,,,,,,
2012-06-20,,1.20082,1.20076,,,,,,,,,,,,,,,,,,
2012-06-21,,1.20092,1.20088,,,,,,,,,,,,,,,,,,
2012-06-22,,1.20086,1.20085,,,,,,,,,,,,,,,,,,
2012-06-25,,1.2008,1.20071,,,,,,,,,,,,,,,,,,
2012-06-26,,1.20097,1.20095,,,,,,,,,,,,,,,,,,
2012-06-27,,1.20107,1.20096,,,,,,,,,,,,,,,,,,
2012-06-28,,1.20096,1.20114,,,,,,,,,,,,,,,,,,
2012-06-29,,1.20256,1.20153,,,,,,,,,,,,,,,,,,
2012-07-02,,1.20148,1.20105,,,,,,,,,,,,,,,,,,
2012-07-03,,1.20116,1.20108,,,,,,,,,,,,,,,,,,
2012-07-04,,1.20119,1.20125,,,,,,,,,,,,,,,,,,
2012-07-05,,1.20109,1.201,,,,,,,,,,,,,,,,,,
2012-07-06,,1.20101,1.20091,,,,,,,,,,,,,,,,,,
2012-07-09,,1.20097,1.20086,,,,,,,,,,,,,,,,,,
2012-07-10,,1.20096,1.20079,,,,,,,,,,,,,,,,,,
2012-07-11,,1.20095,1.20079,,,,,,,,,,,,,,,,,,
2012-07-12,,1.20086,1.20078,,,,,,,,,,,,,,,,,,
2012-07-13,,1.20089,1.20089,,,,,,,,,,,,,,,,,,
2012-07-16,,1.20095,1.20099,,,,,,,,,,,,,,,,,,
2012-07-17,,1.20093,1.20106,,,,,,,,,,,,,,,,,,
2012-07-18,,1.20095,1.20093,,,,,,,,,,,,,,,,,,
2012-07-19,,1.20094,1.201,,,,,,,,,,,,,,,,,,
2012-07-20,,1.20084,1.20078,,,,,,,,,,,,,,,,,,
2012-07-23,,1.20093,1.20088,,,,,,,,,,,,,,,,,,
2012-07-24,,1.20088,1.2009,,,,,,,,,,,,,,,,,,
2012-07-25,,1.20096,1.20089,,,,,,,,,,,,,,,,,,
2012-07-26,,1.20092,1.20096,,,,,,,,,,,,,,,,,,
2012-07-27,,1.20094,1.20087,,,,,,,,,,,,,,,,,,
2012-07-30,,1.20104,1.20099,,,,,,,,,,,,,,,,,,
2012-07-31,,1.20144,1.20107,,,,,,,,,,,,,,,,,,
2012-08-01,,1.20106,1.20133,,,,,,,,,,,,,,,,,,
2012-08-02,,1.20218,1.20112,,,,,,,,,,,,,,,,,,
2012-08-03,,1.20112,1.20141,,,,,,,,,,,,,,,,,,
2012-08-06,,1.20129,1.20114,,,,,,,,,,,,,,,,,,
2012-08-07,,1.20179,1.20145,,,,,,,,,,,,,,,,,,
2012-08-08,,1.20123,1.20113,,,,,,,,,,,,,,,,,,
2012-08-09,,1.20101,1.20093,,,,,,,,,,,,,,,,,,
2012-08-10,,1.20083,1.20078,,,,,,,,,,,,,,,,,,
2012-08-13,,1.20096,1.20095,,,,,,,,,,,,,,,,,,
2012-08-14,,1.20095,1.20108,,,,,,,,,,,,,,,,,,
2012-08-15,,1.20107,1.20092,,,,,,,,,,,,,,,,,,
2012-08-16,,1.20092,1.20091,,,,,,,,,,,,,,,,,,
2012-08-17,,1.20098,1.20096,,,,,,,,,,,,,,,,,,
2012-08-20,,1.20096,1.20095,,,,,,,,,,,,,,,,,,
2012-08-21,,1.20096,1.20101,,,,,,,,,,,,,,,,,,
2012-08-22,,1.20085,1.20083,,,,,,,,,,,,,,,,,,
2012-08-23,,1.2009,1.20077,,,,,,,,,,,,,,,,,,
2012-08-24,,1.20085,1.20075,,,,,,,,,,,,,,,,,,
2012-08-27,,1.20099,1.20096,,,,,,,,,,,,,,,,,,
2012-08-28,,1.20095,1.20086,,,,,,,,,,,,,,,,,,
2012-08-29,,1.20094,1.20092,,,,,,,,,,,,,,,,,,
2012-08-30,,1.20084,1.20083,,,,,,,,,,,,,,,,,,
2012-08-31,,1.20087,1.20075,,,,,,,,,,,,,,,,,,
2012-09-03,,1.20075,1.20075,,,,,,,,,,,,,,,,,,
2012-09-04,,1.20103,1.20105,,,,,,,,,,,,,,,,,,
2012-09-05,,1.20133,1.20336,,,,,,,,,,,,,,,,,,
2012-09-06,,1.20435,1.20439,,,,,,,,,,,,,,,,,,
2012-09-07,,1.21218,1.20961,,,,,,,,,,,,,,,,,,
2012-09-10,,1.2096,1.2076,,,,,,,,,,,,,,,,,,
2012-09-11,,1.2075,1.20712,,,,,,,,,,,,,,,,,,
2012-09-12,,1.20817,1.20874,,,,,,,,,,,,,,,,,,
2012-09-13,,1.2121,1.21311,,,,,,,,,,,,,,,,,,
2012-09-14,,1.21609,1.21571,,,,,,,,,,,,,,,,,,
2012-09-17,,1.21611,1.21621,,,,,,,,,,,,,,,,,,
2012-09-18,,1.21143,1.21211,,,,,,,,,,,,,,,,,,
2012-09-19,,1.20946,1.21072,,,,,,,,,,,,,,,,,,
2012-09-20,,1.20897,1.2092,,,,,,,,,,,,,,,,,,
2012-09-21,,1.2104,1.21154,,,,,,,,,,,,,,,,,,
2012-09-24,,1.20932,1.20971,,,,,,,,,,,,,,,,,,
2012-09-25,,1.209,1.21032,,,,,,,,,,,,,,,,,,
2012-09-26,,1.2086,1.2083,,,,,,,,,,,,,,,,,,
2012-09-27,,1.20829,1.20856,,,,,,,,,,,,,,,,,,
2012-09-28,,1.2099,1.20857,,,,,,,,,,,,,,,,,,
2012-10-01,,1.2093,1.20958,,,,,,,,,,,,,,,,,,
2012-10-02,,1.21029,1.20976,,,,,,,,,,,,,,,,,,
2012-10-03,,1.21022,1.21119,,,,,,,,,,,,,,,,,,
2012-10-04,,1.21218,1.21132,,,,,,,,,,,,,,,,,,
2012-10-05,,1.21185,1.21219,,,,,,,,,,,,,,,,,,
2012-10-08,,1.2107,1.21043,,,,,,,,,,,,,,,,,,
2012-10-09,,1.21095,1.21035,,,,,,,,,,,,,,,,,,
2012-10-10,,1.21072,1.21045,,,,,,,,,,,,,,,,,,
2012-10-11,,1.20885,1.20925,,,,,,,,,,,,,,,,,,
2012-10-12,,1.20914,1.20836,,,,,,,,,,,,,,,,,,
2012-10-15,,1.20908,1.2084,,,,,,,,,,,,,,,,,,
2012-10-16,,1.20986,1.20878,,,,,,,,,,,,,,,,,,
2012-10-17,,1.21059,1.21045,,,,,,,,,,,,,,,,,,
2012-10-18,,1.20916,1.20904,,,,,,,,,,,,,,,,,,
2012-10-19,,1.20837,1.20904,,,,,,,,,,,,,,,,,,
2012-10-22,,1.20977,1.2101,,,,,,,,,,,,,,,,,,
2012-10-23,,1.20982,1.20988,,,,,,,,,,,,,,,,,,
2012-10-24,,1.20973,1.20954,,,,,,,,,,,,,,,,,,
2012-10-25,,1.20959,1.20978,,,,,,,,,,,,,,,,,,
2012-10-26,,1.20944,1.2094,,,,,,,,,,,,,,,,,,
2012-10-29,,1.20879,1.20857,,,,,,,,,,,,,,,,,,
2012-10-30,,1.20852,1.20812,,,,,,,,,,,,,,,,,,
2012-10-31,,1.20789,1.20659,,,,,,,,,,,,,,,,,,
2012-11-01,,1.20696,1.20658,,,,,,,,,,,,,,,,,,
2012-11-02,,1.20719,1.20681,,,,,,,,,,,,,,,,,,
2012-11-05,,1.20609,1.20704,,,,,,,,,,,,,,,,,,
2012-11-06,,1.20755,1.20825,,,,,,,,,,,,,,,,,,
2012-11-07,,1.20616,1.20615,,,,,,,,,,,,,,,,,,
2012-11-08,,1.20588,1.20587,,,,,,,,,,,,,,,,,,
2012-11-09,,1.20559,1.20599,,,,,,,,,,,,,,,,,,
2012-11-12,,1.2056,1.20513,,,,,,,,,,,,,,,,,,
2012-11-13,,1.20429,1.20419,,,,,,,,,,,,,,,,,,
2012-11-14,,1.20412,1.20385,,,,,,,,,,,,,,,,,,
2012-11-15,,1.20416,1.20394,,,,,,,,,,,,,,,,,,
2012-11-16,,1.20426,1.20446,,,,,,,,,,,,,,,,,,
2012-11-19,,1.2045,1.20426,,,,,,,,,,,,,,,,,,
2012-11-20,,1.20486,1.20463,,,,,,,,,,,,,,,,,,
2012-11-21,,1.20414,1.20377,,,,,,,,,,,,,,,,,,
2012-11-22,,1.20458,1.20447,,,,,,,,,,,,,,,,,,
2012-11-23,,1.20492,1.20424,,,,,,,,,,,,,,,,,,
2012-11-26,,1.20449,1.20382,,,,,,,,,,,,,,,,,,
2012-11-27,,1.20413,1.20429,,,,,,,,,,,,,,,,,,
2012-11-28,,1.20349,1.2034,,,,,,,,,,,,,,,,,,
2012-11-29,,1.20406,1.20369,,,,,,,,,,,,,,,,,,
2012-11-30,,1.20519,1.20497,,,,,,,,,,,,,,,,,,
2012-12-03,,1.20899,1.20849,,,,,,,,,,,,,,,,,,
2012-12-04,,1.21351,1.2129,,,,,,,,,,,,,,,,,,
2012-12-05,,1.21266,1.21194,,,,,,,,,,,,,,,,,,
2012-12-06,,1.20985,1.20958,,,,,,,,,,,,,,,,,,
2012-12-07,,1.20807,1.20781,,,,,,,,,,,,,,,,,,
2012-12-10,,1.20722,1.20754,,,,,,,,,,,,,,,,,,
2012-12-11,,1.21191,1.21278,,,,,,,,,,,,,,,,,,
2012-12-12,,1.21077,1.21085,,,,,,,,,,,,,,,,,,
2012-12-13,,1.20907,1.20821,,,,,,,,,,,,,,,,,,
2012-12-14,,1.20845,1.2075,,,,,,,,,,,,,,,,,,
2012-12-17,,1.20848,1.20811,,,,,,,,,,,,,,,,,,
2012-12-18,,1.2077,1.20804,,,,,,,,,,,,,,,,,,
2012-12-19,,1.20878,1.20815,,,,,,,,,,,,,,,,,,
2012-12-20,,1.20791,1.20743,,,,,,,,,,,,,,,,,,
2012-12-21,,1.20749,1.20797,,,,,,,,,,,,,,,,,,
2012-12-24,,1.20766,1.20738,,,,,,,,,,,,,,,,,,
2012-12-26,,1.20739,1.20762,,,,,,,,,,,,,,,,,,
2012-12-27,,1.20809,1.20907,,,,,,,,,,,,,,,,,,
2012-12-28,,1.20791,1.20717,,,,,,,,,,,,,,,,,,
2012-12-31,,1.20729,1.20736,,,,,,,,,,,,,,,,,,
2013-01-02,,1.20857,1.2097,,,,,,,,,,,,,,,,,,
2013-01-03,0.0003363071073595985,1.20975,1.20881,103.0,-0.0006118837942485384,1.20901,1.20911,1.20903,1.20909,116.0,-0.000744232234798028,1.20885,1.209,1.20898,1.20874,133.0,-0.0008848716479844088,1.20868,1.20871,1.20877,1.20877
2013-01-04,0.00033298308008507244,1.2093,1.20869,109.0,-0.000512824765786193,1.20868,1.20867,1.20859,1.20846,117.0,-0.0006865831180012731,1.20847,1.20855,1.20845,1.20847,,,,,,
2013-01-07,0.00030869775488379163,1.20869,1.20866,,,,,,,,,,,,,,,,,,
2013-01-08,0.0002901654584260228,1.20906,1.20888,,,,,,,,,,,,,,,,,,
2013-01-09,0.00027511316153284294,1.20907,1.20865,,,,,,,,,,,,,,,,,,
2013-01-10,0.00026195977291769196,1.21196,1.21144,6.0,-0.00048693327913034,1.21137,1.21148,1.21117,1.21086,8.0,-0.0008419662885443811,1.21094,1.21106,1.21108,1.21087,8.0,-0.0008419662885443811,1.21094,1.21106,1.21108,1.21087
2013-01-11,0.00025043753654599985,1.21671,1.21828,11.0,0.00046015169383585884,1.21727,1.21745,1.21792,1.21771,12.0,0.0006080126391008812,1.21745,1.21746,1.21791,1.21767,15.0,0.0007312133948880102,1.2176,1.21792,1.21737,1.2179
2013-01-14,0.0009926417707492843,1.22526,1.22635,,,,,,,,,,,,,,,,,,
2013-01-15,0.0012789093367545734,1.23743,1.23896,27.0,0.002098924668427838,1.24003,1.24011,1.23989,1.2399,30.0,0.0027922158946235647,1.24089,1.2412,1.24001,1.23967,,,,,,
2013-01-16,0.0025583270737309055,1.23411,1.23727,172.0,0.0039626111242199325,1.23901,1.23903,1.23909,,,,,,,,,,,,,
2013-01-17,0.002365898785137845,1.24615,1.24834,,,,,,,,,,,,,,,,,,
2013-01-18,0.002082187897483456,1.24403,1.2419,58.0,-0.0031318333121721238,1.24014,1.24011,1.24087,1.24013,,,,,,,,,,,,
2013-01-21,0.0035424742512416827,1.2415,1.24188,,,,,,,,,,,,,,,,,,
2013-01-22,0.0031643108010797863,1.23852,1.2365,,,,,,,,,,,,,,,,,,
2013-01-23,0.002847175443051972,1.23875,1.2371,104.0,-0.004482280680325043,1.23321,1.23391,1.23388,1.2333,,,,,,,,,,,,
2013-01-24,0.0026581385255969535,1.24306,1.24204,,,,,,,,,,,,,,,,,,
2013-01-25,0.002363748636772729,1.24407,1.24823,,,,,,,,,,,,,,,,,,
2013-01-28,0.002218200966248441,1.24975,1.24674,,,,,,,,,,,,,,,,,,
2013-01-29,0.0018740270253618818,1.24228,1.24274,,,,,,,,,,,,,,,,,,
2013-01-30,0.0017097350928764945,1.23952,1.23572,101.0,-0.0025688057876228484,1.23634,1.23627,1.23766,1.23755,,,,,,,,,,,,
2013-01-31,0.0015592932261558462,1.23515,1.23452,,,,,,,,,,,,,,,,,,
2013-02-01,0.00232055957469809,1.23557,1.23685,35.0,-0.0035918326537898704,1.23114,1.2312,1.23279,1.23073,,,,,,,,,,,,
2013-02-04,0.0023501133131981463,1.23455,1.23141,141.0,-0.00405014940177804,1.22956,1.22869,1.22971,1.22868,142.0,-0.00475797003541835,1.22869,1.2288,1.22951,1.22895,,,,,,
2013-02-05,0.0018346402025072595,1.2283,1.23305,61.0,0.0027804669907836614,1.23172,1.23173,1.23172,1.2315,141.0,0.004094836809953819,1.23334,1.23346,1.2336,1.2329,147.0,0.004629825920284419,1.234,1.23366,1.23363,1.23299
2013-02-06,0.0025040804660787933,1.23281,1.23001,,,,,,,,,,,,,,,,,,
2013-02-07,0.002412729920335727,1.22884,1.22951,,,,,,,,,,,,,,,,,,
2013-02-08,0.0022060653423451736,1.22661,1.22705,,,,,,,,,,,,,,,,,,
2013-02-11,0.0019428372335681694,1.22894,1.23205,159.0,0.0032576626464207352,1.23295,1.23284,1.23234,1.23274,,,,,,,,,,,,
2013-02-12,0.001727127084970258,1.23254,1.23345,,,,,,,,,,,,,,,,,,
2013-02-13,0.001655905360481327,1.23519,1.2344,,,,,,,,,,,,,,,,,,
2013-02-14,0.0014960295154822785,1.22921,1.23216,,,,,,,,,,,,,,,,,,
2013-02-15,0.0013316409150028752,1.23104,1.23289,,,,,,,,,,,,,,,,,,
2013-02-18,0.0012064368311384267,1.23271,1.23283,,,,,,,,,,,,,,,,,,
2013-02-19,0.0010011989177955757,1.23307,1.23471,,,,,,,,,,,,,,,,,,
2013-02-20,0.0008940292595844781,1.23509,1.23279,,,,,,,,,,,,,,,,,,
2013-02-21,0.0009684985346495032,1.22857,1.22976,,,,,,,,,,,,,,,,,,
2013-02-22,0.001050361218539802,1.22828,1.2261,87.0,-0.0015806930636423529,1.22634,1.22621,1.22636,1.22635,,,,,,,,,,,,
2013-02-25,0.0013070340244141646,1.23166,1.22609,89.0,-0.0019993017233222673,1.2292,1.22953,1.23002,1.22958,140.0,-0.0029434505131598677,1.22804,1.2287,1.22839,1.22892,166.0,-0.003350686283861693,1.22754,1.22759,1.22683,
2013-02-26,0.0011028205928991712,1.21753,1.21672,,,,,,,,,,,,,,,,,,
2013-02-27,0.00276675435792577,1.2173,1.22072,,,,,,,,,,,,,,,,,,
2013-02-28,0.002562609831938307,1.22081,1.22178,,,,,,,,,,,,,,,,,,
2013-03-01,0.002327122060146534,1.22459,1.22867,,,,,,,,,,,,,,,,,,
2013-03-04,0.0021012174438720405,1.22528,1.22432,,,,,,,,,,,,,,,,,,
2013-03-05,0.00171605885434988,1.22649,1.22787,,,,,,,,,,,,,,,,,,
2013-03-06,0.001528312949027765,1.23016,1.23068,,,,,,,,,,,,,,,,,,
2013-03-07,0.0014509833371114482,1.23279,1.23545,118.0,0.0022039469278503873,1.23551,1.23558,1.23556,1.23524,,,,,,,,,,,,
2013-03-08,0.0014128832778271122,1.23806,1.23694,,,,,,,,,,,,,,,,,,
2013-03-11,0.001518745575789704,1.23554,1.23542,,,,,,,,,,,,,,,,,,
2013-03-12,0.0011890302981601869,1.23286,1.2331,,,,,,,,,,,,,,,,,,
2013-03-13,0.001055201211638926,1.2317,1.23252,,,,,,,,,,,,,,,,,,
2013-03-14,0.0010363962159252002,1.23418,1.23285,,,,,,,,,,,,,,,,,,
2013-03-15,0.0009152923256805388,1.23136,1.22661,54.0,-0.0014628678063467126,1.22956,1.22939,1.22968,1.22998,162.0,-0.0019509663468604288,1.22896,1.22881,1.22784,1.22784,166.0,-0.002642847354652588,1.22811,1.22784,1.22788,
2013-03-18,0.0008939759680301095,1.22321,1.22459,80.0,-0.0013989391615993239,1.2215,1.2216,1.22162,1.22179,,,,,,,,,,,,
2013-03-19,0.0020406523939575857,1.22258,1.21871,,,,,,,,,,,,,,,,,,
2013-03-20,0.002372524425765968,1.22092,1.2223,,,,,,,,,,,,,,,,,,
2013-03-21,0.0023685413642880013,1.22229,1.22227,,,,,,,,,,,,,,,,,,
2013-03-22,0.0021549043509475727,1.22158,1.22208,,,,,,,,,,,,,,,,,,
2013-03-25,0.0019054248643079412,1.22183,1.22016,,,,,,,,,,,,,,,,,,
2013-03-26,0.0015367011499930786,1.21959,1.21969,,,,,,,,,,,,,,,,,,
2013-03-27,0.00153011743332635,1.21715,1.21846,,,,,,,,,,,,,,,,,,
2013-03-28,0.001357886328597987,1.21989,1.21621,,,,,,,,,,,,,,,,,,
2013-03-29,0.0012064454804909274,1.21706,1.21637,,,,,,,,,,,,,,,,,,
2013-04-01,0.0011044703134576407,1.21698,1.2163,,,,,,,,,,,,,,,,,,
2013-04-02,0.0008655107417267098,1.2157,1.21736,175.0,0.0013398932556224344,1.21733,1.21718,1.21752,,,,,,,,,,,,,
2013-04-03,0.0007686143563802737,1.21654,1.21439,120.0,-0.0011843859850407523,1.2151,1.2151,1.21511,1.2151,148.0,-0.0016700606501907891,1.21451,1.2145,1.21432,1.2144,,,,,,
2013-04-04,0.0006822628614613714,1.21548,1.21568,35.0,-0.00128426789694121,1.21392,1.21352,1.2143,1.21458,36.0,-0.001613833203289168,1.21352,1.2136,1.21474,1.21427,38.0,-0.0017951404288787053,1.2133,1.21403,1.21447,1.21437
2013-04-05,0.0007084929453232813,1.21603,1.21479,32.0,-0.0011601836201492724,1.21462,1.21424,1.21515,1.21543,33.0,-0.0014730876188157832,1.21424,1.21462,1.21515,1.21551,,,,,,
2013-04-08,0.0006619926009461612,1.2167,1.21589,,,,,,,,,,,,,,,,,,
2013-04-09,0.0005560585916371719,1.21959,1.21973,62.0,0.0009343037658404126,1.22073,1.22075,1.22052,1.22088,78.0,0.0011636484145147788,1.22101,1.2211,1.22071,1.22081,,,,,,
2013-04-10,0.0008824454206456693,1.21858,1.21879,,,,,,,,,,,,,,,,,,
2013-04-11,0.0008402558245985542,1.2188,1.2199,,,,,,,,,,,,,,,,,,
2013-04-12,0.0007901158828957673,1.21647,1.21647,,,,,,,,,,,,,,,,,,
2013-04-15,0.0007180426007969373,1.21479,1.21666,178.0,0.0011517989903453124,1.21619,1.21642,,,,,,,,,,,,,,
2013-04-16,0.0007578909517852449,1.21619,1.21627,,,,,,,,,,,,,,,,,,
2013-04-17,0.0007338354092983306,1.21459,1.21441,,,,,,,,,,,,,,,,,,
2013-04-18,0.0007041212871027146,1.21603,1.21651,,,,,,,,,,,,,,,,,,
2013-04-19,0.0006471599768439393,1.21724,1.21842,,,,,,,,,,,,,,,,,,
2013-04-22,0.0006601735515834168,1.21897,1.22016,140.0,0.0010085398756609608,1.2202,1.2201,1.22013,1.21989,,,,,,,,,,,,
2013-04-23,0.0006084544149632633,1.22192,1.22666,96.0,0.0009161704717795821,1.22304,1.2231,1.22301,1.22285,122.0,0.001300384982647578,1.22351,1.22357,1.22356,1.22429,126.0,0.0015700644334820557,1.22384,1.22356,1.22351,1.22507
2013-04-24,0.0006085720517561171,1.23028,1.23259,40.0,-0.0010979136678926007,1.22893,1.22905,1.22872,1.22923,43.0,-0.001317641125349966,1.22866,1.2287,1.2291,1.22919,123.0,0.0016080960526004722,1.23226,1.23215,1.23186,1.23272
2013-04-25,0.0016591994745675399,1.23279,1.22946,,,,,,,,,,,,,,,,,,
2013-04-26,0.0016804825045729944,1.22686,1.22633,,,,,,,,,,,,,,,,,,
2013-04-29,0.0016688017487464107,1.2281,1.2268,,,,,,,,,,,,,,,,,,
2013-04-30,0.0013215489515855199,1.22416,1.22447,,,,,,,,,,,,,,,,,,
2013-05-01,0.0011842365984728199,1.22544,1.22283,131.0,-0.001854113681072364,1.22317,1.22329,1.22312,1.22267,,,,,,,,,,,,
2013-05-02,0.0012363544086567487,1.22454,1.22143,63.0,-0.0026248343885891916,1.22133,1.22077,1.22105,1.22073,63.0,-0.0026248343885891916,1.22133,1.22077,1.22105,1.22073,65.0,-0.003919343557187603,1.21975,1.2208,1.22061,1.22095
2013-05-03,0.0011292915754637005,1.22295,1.22453,33.0,0.001903416511900128,1.22528,1.22468,1.22508,1.22516,62.0,0.002360350492891462,1.22584,1.22569,1.22591,1.22565,90.0,0.00288230522516921,1.22648,1.2263,1.22639,1.22606
2013-05-06,0.0010030074378660904,1.22786,1.22736,,,,,,,,,,,,,,,,,,
2013-05-07,0.0011385808500759367,1.23274,1.23033,,,,,,,,,,,,,,,,,,
2013-05-08,0.0010048794971414929,1.23392,1.23202,45.0,-0.0017195792891284345,1.2318,1.23174,1.23171,1.23174,,,,,,,,,,,,
2013-05-09,0.001086674186642574,1.22951,1.23271,92.0,0.0020069151847348313,1.23198,1.23233,1.23279,1.23285,93.0,0.0022909703582750674,1.23233,1.23334,1.23277,1.23279,94.0,0.003110220344275112,1.23334,1.23313,1.23332,1.23256
2013-05-10,0.000961802573413585,1.24219,1.24264,,,,,,,,,,,,,,,,,,
2013-05-13,0.0015473761602515861,1.24089,1.24275,,,,,,,,,,,,,,,,,,
2013-05-14,0.001522753185889196,1.24224,1.24515,,,,,,,,,,,,,,,,,,
2013-05-15,0.0014813099177531455,1.25133,1.2441,28.0,-0.0023522645381252047,1.24839,1.24814,1.24784,1.24794,34.0,-0.003201718854906693,1.24733,1.24698,1.24796,1.24775,54.0,-0.0038673616859308513,1.2465,1.2467,1.2477,1.24836
2013-05-16,0.002078787547563409,1.24465,1.24029,39.0,-0.003154449822975687,1.24073,1.2411,1.24194,1.24282,178.0,-0.004186633062613982,1.23945,1.23916,,,,,,,,
2013-05-17,0.0021267809869795003,1.24435,1.24714,115.0,0.003553769488399921,1.24878,1.24847,1.24739,1.24729,,,,,,,,,,,,
2013-05-20,0.0018716595533701033,1.24627,1.24469,,,,,,,,,,,,,,,,,,
2013-05-21,0.001714613789973026,1.24833,1.24943,128.0,0.0026799908840945976,1.25168,1.25129,1.25164,1.2518,139.0,0.0034546492146723708,1.25265,1.2528,1.25151,1.25122,,,,,,
2013-05-22,0.0015313450134730314,1.25968,1.26262,144.0,0.002996268798364048,1.26346,1.26449,1.26338,1.26298,145.0,0.003811158378456218,1.26449,1.26458,1.26431,1.26176,146.0,0.003882330785734842,1.26458,1.2644,1.26369,1.26195
2013-05-23,0.0016816687157404793,1.24795,1.25234,89.0,-0.002543397567213388,1.24478,1.24509,1.24634,1.24727,,,,,,,,,,,,
2013-05-24,0.0016783436161679742,1.24692,1.2427,88.0,-0.0025776625009429617,1.24371,1.2434,1.24422,1.24474,144.0,-0.0033900788406068193,1.2427,1.2426,1.24323,1.24288,,,,,,
2013-05-27,0.0016186060025567084,1.24516,1.24702,,,,,,,,,,,,,,,,,,
2013-05-28,0.002062730080357106,1.25285,1.25261,,,,,,,,,,,,,,,,,,
2013-05-29,0.00197077798822875,1.24857,1.24443,,,,,,,,,,,,,,,,,,
2013-05-30,0.001993095040050942,1.2467,1.24653,,,,,,,,,,,,,,,,,,
2013-05-31,0.002331736916435778,1.24005,1.2442,163.0,0.0035178565301058613,1.24442,1.2444,1.24449,1.24489,,,,,,,,,,,,
2013-06-03,0.0020540664976602388,1.24541,1.23676,172.0,-0.0031444670066328576,1.2415,1.24176,1.24169,,,,,,,,,,,,,
2013-06-04,0.0017494112544850992,1.23858,1.2399,,,,,,,,,,,,,,,,,,
2013-06-05,0.001901244811118725,1.23718,1.23333,,,,,,,,,,,,,,,,,,
2013-06-06,0.0016856152735994522,1.23545,1.23258,,,,,,,,,,,,,,,,,,
2013-06-07,0.00182929358019872,1.22824,1.23746,36.0,0.003048497826762379,1.23199,1.23172,1.23209,1.23315,44.0,0.003794978448873895,1.23291,1.23287,1.23251,1.23316,80.0,0.004962265369188018,1.23435,1.23461,1.23482,1.23394
2013-06-10,0.0018564123797963081,1.23905,1.23831,,,,,,,,,,,,,,,,,,
2013-06-11,0.001901399934107791,1.23063,1.23125,122.0,-0.003198596322559845,1.2267,1.22785,1.22847,1.22837,,,,,,,,,,,,
2013-06-12,0.0016862883999648175,1.23216,1.22626,167.0,-0.002722505409812353,1.22881,1.22838,1.22733,,172.0,-0.003927648584977899,1.22733,1.22713,1.22698,,,,,,,
2013-06-13,0.0018716532221530497,1.2289,1.22942,,,,,,,,,,,,,,,,,,
2013-06-14,0.0019119261905117084,1.23133,1.22929,,,,,,,,,,,,,,,,,,
2013-06-17,0.002094261045189654,1.23109,1.23434,,,,,,,,,,,,,,,,,,
2013-06-18,0.0017221495894543834,1.23132,1.23165,,,,,,,,,,,,,,,,,,
2013-06-19,0.0015574700296860382,1.23252,1.23221,,,,,,,,,,,,,,,,,,
2013-06-20,0.0013778118131072368,1.23184,1.22833,103.0,-0.002153570679102226,1.22919,1.22871,1.2287,1.22872,125.0,-0.0028697456842808012,1.22831,1.22883,1.22868,1.2268,137.0,-0.0035701398882391528,1.22745,1.22712,1.22722,1.22612
2013-06-21,0.0012178394231789247,1.22632,1.2266,,,,,,,,,,,,,,,,,,
2013-06-24,0.0016735421728897857,1.22449,1.22339,,,,,,,,,,,,,,,,,,
2013-06-25,0.0013462335968399768,1.22658,1.22771,124.0,0.002239496682980989,1.22933,1.22961,1.22809,1.22825,,,,,,,,,,,,
2013-06-26,0.0012687559580088108,1.22639,1.22669,166.0,-0.0019343707697923637,1.22402,1.2242,1.22416,,,,,,,,,,,,,
2013-06-27,0.0011379670409306997,1.2319,1.23178,,,,,,,,,,,,,,,,,,
2013-06-28,0.0010083343192639686,1.23359,1.22948,77.0,-0.001622599922768342,1.23159,1.23125,1.23122,1.2319,80.0,-0.0020855234146563385,1.23102,1.23113,1.23172,1.23194,116.0,-0.0025974251407054256,1.23039,1.23039,1.23026,1.22987
2013-07-01,0.0014427173289488068,1.23388,1.23437,121.0,0.0022586073433476447,1.23667,1.23639,1.23616,1.23662,,,,,,,,,,,,
2013-07-02,0.0013136822122963513,1.23545,1.23558,,,,,,,,,,,,,,,,,,
2013-07-03,0.0013803248783934568,1.23028,1.23233,,,,,,,,,,,,,,,,,,
2013-07-04,0.0012339954742871004,1.233,1.23621,98.0,0.0024544064033953294,1.23603,1.23604,1.23486,1.23556,,,,,,,,,,,,
2013-07-05,0.0011295229585853415,1.23501,1.23501,35.0,0.0017716946156270434,1.2372,1.23719,1.23674,1.23737,,,,,,,,,,,,
2013-07-08,0.0011002528599879959,1.23961,1.24057,,,,,,,,,,,,,,,,,,
2013-07-09,0.0010003289911023404,1.2444,1.2434,,,,,,,,,,,,,,,,,,
2013-07-10,0.0009488543834480951,1.24376,1.24379,,,,,,,,,,,,,,,,,,
2013-07-11,0.001018159149855329,1.24097,1.23919,149.0,-0.0015483749192298866,1.23905,1.23885,1.23888,1.23914,,,,,,,,,,,,
2013-07-12,0.001035245942884575,1.2389,1.2356,78.0,-0.0017045757028524254,1.23679,1.2366,1.23592,1.23724,83.0,-0.002408257117898833,1.23592,1.23648,1.23718,1.23718,116.0,-0.002683393676381451,1.23558,1.23568,1.23526,1.23591
2013-07-15,0.0009498593924426202,1.23895,1.23961,,,,,,,,,,,,,,,,,,
2013-07-16,0.0008518897606853601,1.2368,1.23648,,,,,,,,,,,,,,,,,,
2013-07-17,0.0008672647127568547,1.23376,1.2347,161.0,0.0015873790527259552,1.23572,1.23602,1.23616,1.23588,162.0,0.0018301230318443788,1.23602,1.23565,1.23582,1.23603,,,,,,
2013-07-18,0.0008160292867594598,1.23679,1.2382,136.0,0.0013332096365985852,1.23844,1.23863,1.23872,1.23879,152.0,0.0017691470299770493,1.23898,1.23899,1.23848,1.23811,,,,,,
2013-07-19,0.000875634330119095,1.23623,1.23552,,,,,,,,,,,,,,,,,,
2013-07-22,0.0008983726508456286,1.23721,1.23465,107.0,-0.001350723084746047,1.23554,1.23592,1.23552,1.2354,126.0,-0.0018040689468245856,1.23498,1.23509,1.23495,1.23524,156.0,-0.002379142365528256,1.23427,1.23264,1.23393,1.23472
2013-07-23,0.0007325720207408715,1.23888,1.23754,176.0,-0.0012842415654248738,1.23729,1.2373,,,,,,,,,,,,,,
2013-07-24,0.0006555862912518248,1.23867,1.23737,160.0,-0.0010177378022987779,1.23741,1.2375,1.23784,1.2377,,,,,,,,,,,,
2013-07-25,0.0006001646062209991,1.23612,1.23543,45.0,-0.0014815357246202763,1.23429,1.23494,1.23463,1.23441,45.0,-0.0014815357246202763,1.23429,1.23494,1.23463,1.23441,,,,,,
2013-07-26,0.0005967540717318607,1.23191,1.23259,12.0,0.0012087730804028554,1.2334,1.23313,1.23324,1.2329,12.0,0.0012087730804028554,1.2334,1.23313,1.23324,1.2329,,,,,,
2013-07-29,0.000832906909903869,1.23287,1.23449,52.0,0.0013131446021556264,1.23449,1.23448,1.23438,1.23445,,,,,,,,,,,,
2013-07-30,0.0006809277722842427,1.23356,1.23338,,,,,,,,,,,,,,,,,,
2013-07-31,0.0007622075580205711,1.23163,1.233,30.0,0.0012414852352646089,1.23316,1.2332,1.23365,1.23339,34.0,0.0015739091355502278,1.23357,1.23365,1.23335,1.23333,93.0,0.0019143263931290587,1.23399,1.23404,1.23397,1.23408
2013-08-01,0.0008010835133191752,1.23163,1.23606,52.0,0.0012739217003414534,1.2332,1.23319,1.23289,1.23352,68.0,0.0017117110333813854,1.23374,1.2338,1.23367,1.23365,120.0,0.002238425602733292,1.23439,1.23421,1.23483,1.23441
2013-08-02,0.0007253909365436991,1.23834,1.23307,30.0,-0.0013009734893003398,1.23673,1.23695,1.23724,1.23563,40.0,-0.0020289639443330657,1.23583,1.23554,1.23563,1.23519,40.0,-0.0020289639443330657,1.23583,1.23554,1.23563,1.23519
2013-08-05,0.0012631718909468484,1.23531,1.23323,,,,,,,,,,,,,,,,,,
2013-08-06,0.0011313911718519255,1.23139,1.23202,,,,,,,,,,,,,,,,,,
2013-08-07,0.0013516559367429749,1.23198,1.22919,130.0,-0.002031315446632399,1.22948,1.22952,1.22852,1.22869,135.0,-0.002812438350466508,1.22852,1.22891,1.22904,1.22887,,,,,,
2013-08-08,0.0012344821896311264,1.23026,1.23118,,,,,,,,,,,,,,,,,,
2013-08-09,0.001119116317697052,1.2312,1.23006,,,,,,,,,,,,,,,,,,
2013-08-12,0.00102488041254815,1.23265,1.23104,,,,,,,,,,,,,,,,,,
2013-08-13,0.0008139579373212137,1.23576,1.23718,32.0,0.001455533709982291,1.23756,1.23726,1.2366,1.23771,48.0,0.0016736811542806356,1.23783,1.2377,1.23732,1.2373,,,,,,
2013-08-14,0.0007625680757584878,1.24079,1.23989,149.0,-0.0015647435884470365,1.23885,1.23884,1.23923,1.23862,149.0,-0.0015647435884470365,1.23885,1.23884,1.23923,1.23862,,,,,,
2013-08-15,0.0011398770923996783,1.24267,1.23804,120.0,-0.001771950494641109,1.24047,1.24029,1.24062,1.23902,130.0,-0.0023848092579466496,1.23971,1.23975,1.23902,1.23751,135.0,-0.0029415459883065757,1.23902,1.23863,1.23866,1.23748
2013-08-16,0.0010899460527946973,1.23583,1.2348,70.0,-0.0018304046578022243,1.23357,1.23372,1.23314,1.23329,72.0,-0.0022763644720521625,1.23302,1.23322,1.23335,1.23337,,,,,,
2013-08-19,0.0010927351025848393,1.2357,1.23427,,,,,,,,,,,,,,,,,,
2013-08-20,0.0009079918167916206,1.23146,1.23232,30.0,0.0018578544291842753,1.23375,1.23134,1.23154,1.23211,30.0,0.0018578544291842753,1.23375,1.23134,1.23154,1.23211,,,,,,
2013-08-21,0.0009191045366290814,1.23117,1.23115,,,,,,,,,,,,,,,,,,
2013-08-22,0.0008948186274176875,1.23486,1.23398,,,,,,,,,,,,,,,,,,
2013-08-23,0.0009209148646598884,1.23576,1.23297,140.0,-0.0017656544391232382,1.23358,1.23368,1.23342,1.23388,142.0,-0.001944013053911711,1.23336,1.23344,1.23352,1.2338,177.0,-0.002398160400089637,1.2328,1.23217,,
2013-08-26,0.0008331195750766261,1.23511,1.23373,,,,,,,,,,,,,,,,,,
2013-08-27,0.0006614112487625458,1.23011,1.22978,20.0,-0.001146896388542595,1.2287,1.22893,1.229,1.22882,94.0,-0.001334103623428,1.22847,1.2283,1.22873,1.22936,,,,,,
2013-08-28,0.0006058479718557644,1.22889,1.22874,,,,,,,,,,,,,,,,,,
2013-08-29,0.0008930999699017991,1.23048,1.23225,164.0,0.001348157857424243,1.23214,1.23222,1.23198,1.23198,,,,,,,,,,,,
2013-08-30,0.0008177661328872338,1.23109,1.22904,175.0,-0.0012273081636635962,1.22958,1.22951,1.22942,,,,,,,,,,,,,
2013-09-02,0.0008455404781742051,1.23179,1.23217,,,,,,,,,,,,,,,,,,
2013-09-03,0.000887185994556836,1.23281,1.23261,,,,,,,,,,,,,,,,,,
2013-09-04,0.0008371643720971966,1.23448,1.23618,,,,,,,,,,,,,,,,,,
2013-09-05,0.0007533454457093509,1.23928,1.23836,26.0,-0.0011868766759081904,1.23781,1.23772,1.23797,1.23732,38.0,-0.0019869963324352672,1.23682,1.23732,1.23688,1.23695,38.0,-0.0019869963324352672,1.23682,1.23732,1.23688,1.23695
2013-09-06,0.0007923529286994444,1.2384,1.23559,30.0,-0.0017376198985407374,1.23625,1.23647,1.2365,1.23559,30.0,-0.0017376198985407374,1.23625,1.23647,1.2365,1.23559,40.0,-0.0023768534873523936,1.23546,1.23572,1.23559,1.2377
2013-09-09,0.0009557010567448677,1.2349,1.23512,,,,,,,,,,,,,,,,,,
2013-09-10,0.0009112674996769435,1.23907,1.23918,,,,,,,,,,,,,,,,,,
2013-09-11,0.000807961335638496,1.23908,1.2388,116.0,-0.0012678725265905836,1.23751,1.23763,1.23734,1.23791,,,,,,,,,,,,
2013-09-12,0.001126497371489569,1.2366,1.23641,,,,,,,,,,,,,,,,,,
2013-09-13,0.0011471069987331168,1.23777,1.23717,,,,,,,,,,,,,,,,,,
2013-09-16,0.0010122727084388612,1.2379,1.23614,153.0,-0.0015279459379705248,1.23601,1.2358,1.23608,1.23587,,,,,,,,,,,,
2013-09-17,0.0008788867220499316,1.23747,1.2377,,,,,,,,,,,,,,,,,,
2013-09-18,0.0007984562392216257,1.237,1.23626,142.0,-0.0012457230443777454,1.23546,1.23547,1.23549,1.23542,,,,,,,,,,,,
2013-09-19,0.0007218715894788331,1.23331,1.23275,103.0,0.0010940166490260076,1.23466,1.23464,1.23471,1.23441,,,,,,,,,,,,
2013-09-20,0.0008549068619155051,1.23203,1.23108,,,,,,,,,,,,,,,,,,
2013-09-23,0.0008065434859959892,1.23241,1.22921,34.0,-0.0012747388308932718,1.23084,1.23048,1.23031,1.22927,39.0,-0.0017054318062849824,1.23031,1.23027,1.22917,1.22947,42.0,-0.0023965533614169043,1.22946,1.22942,1.2292,1.22882
2013-09-24,0.0007411166000085368,1.22908,1.2296,,,,,,,,,,,,,,,,,,
2013-09-25,0.001065464448628084,1.23035,1.22925,,,,,,,,,,,,,,,,,,
2013-09-26,0.0009735096652748782,1.22881,1.22797,,,,,,,,,,,,,,,,,,
2013-09-27,0.0008672224459906486,1.22525,1.22504,,,,,,,,,,,,,,,,,,
2013-09-30,0.0010056029068024606,1.22209,1.22376,133.0,0.00161069470466131,1.22406,1.22382,1.22384,1.22394,,,,,,,,,,,,
2013-10-01,0.0010696178719647818,1.22512,1.22669,,,,,,,,,,,,,,,,,,
2013-10-02,0.001088130581306182,1.22409,1.2257,,,,,,,,,,,,,,,,,,
2013-10-03,0.0009902036782419707,1.22737,1.2238,,,,,,,,,,,,,,,,,,
2013-10-04,0.0008760038773630942,1.22727,1.22951,,,,,,,,,,,,,,,,,,
2013-10-07,0.0008223732153179279,1.22655,1.22789,,,,,,,,,,,,,,,,,,
2013-10-08,0.0011785106619945415,1.2277,1.22773,,,,,,,,,,,,,,,,,,
2013-10-09,0.0010443709388717457,1.23117,1.23019,,,,,,,,,,,,,,,,,,
2013-10-10,0.0010446194100969728,1.23104,1.23233,,,,,,,,,,,,,,,,,,
2013-10-11,0.0010196381335870188,1.23188,1.23428,145.0,0.0015492749492349992,1.23379,1.23389,1.23375,1.23356,,,,,,,,,,,,
2013-10-14,0.0009321018294400863,1.23367,1.23327,,,,,,,,,,,,,,,,,,
2013-10-15,0.0008274707569715604,1.23636,1.23489,107.0,-0.001246368293169415,1.23482,1.23478,1.23511,1.23539,,,,,,,,,,,,
2013-10-16,0.0007485213703393195,1.2343,1.23626,99.0,0.0011416959066220308,1.23571,1.2356,1.2356,1.23592,115.0,0.0015219717325398474,1.23618,1.23649,1.2364,1.23605,,,,,,
2013-10-17,0.000671473724764641,1.23282,1.23351,,,,,,,,,,,,,,,,,,
2013-10-18,0.0006053115510714211,1.23439,1.23412,,,,,,,,,,,,,,,,,,
2013-10-21,0.0006011449138447661,1.23526,1.23306,137.0,-0.0009152058434465136,1.23413,1.23415,1.23375,1.23359,142.0,-0.0012231624726207879,1.23375,1.23379,1.23369,1.23355,161.0,-0.0015068906629195197,1.2334,1.23341,1.23339,1.23322
2013-10-22,0.0004907043665216739,1.23519,1.23296,30.0,-0.002001694409219875,1.23272,1.23329,1.23345,1.23405,30.0,-0.002001694409219875,1.23272,1.23329,1.23345,1.23405,30.0,-0.002001694409219875,1.23272,1.23329,1.23345,1.23405
2013-10-23,0.0004460126981393738,1.22993,1.22952,16.0,0.0007883519383606021,1.2309,1.2308,1.23083,1.23085,49.0,0.0009508214756797057,1.2311,1.2311,1.23102,1.2307,129.0,-0.0012040450856249671,1.22845,1.22823,1.22869,1.2291
2013-10-24,0.00045010097528517124,1.23061,1.23131,28.0,-0.0008292009254887878,1.22959,1.22991,1.22998,1.23012,62.0,-0.0009512002505770711,1.22944,1.22943,1.2294,1.22988,,,,,,
2013-10-25,0.0008067016021769313,1.23437,1.23299,,,,,,,,,,,,,,,,,,
2013-10-28,0.0007559047473445325,1.2338,1.23442,,,,,,,,,,,,,,,,,,
2013-10-29,0.0006578836488174727,1.23528,1.23666,,,,,,,,,,,,,,,,,,
2013-10-30,0.000703313339592702,1.23493,1.23422,,,,,,,,,,,,,,,,,,
2013-10-31,0.000705214744571555,1.23386,1.23118,177.0,-0.0010784994497359097,1.23253,1.23244,,,,,,,,,,,,,,
2013-11-01,0.0007087767876641718,1.23042,1.23063,133.0,0.0011858832563880618,1.23188,1.23182,1.23152,1.23134,,,,,,,,,,,,
2013-11-04,0.0009687135524907861,1.23247,1.23017,99.0,-0.001469675027945294,1.23066,1.23055,1.23062,1.23052,,,,,,,,,,,,
2013-11-05,0.0007685143511193898,1.2296,1.22965,,,,,,,,,,,,,,,,,,
2013-11-06,0.0007230114884164405,1.23153,1.23226,,,,,,,,,,,,,,,,,,
2013-11-07,0.0007693843659021423,1.23071,1.22923,120.0,-0.001195146385069429,1.22924,1.2292,1.22916,1.22859,133.0,-0.0015857078220926305,1.22876,1.22889,1.22917,1.22904,,,,,,
2013-11-08,0.0006968174188469504,1.23085,1.23178,,,,,,,,,,,,,,,,,,
2013-11-11,0.0007745369467444714,1.23307,1.23311,,,,,,,,,,,,,,,,,,
2013-11-12,0.0006982925051804008,1.23212,1.23276,,,,,,,,,,,,,,,,,,
2013-11-13,0.0006381258407124523,1.2321,1.23184,,,,,,,,,,,,,,,,,,
2013-11-14,0.0005728440888057789,1.23341,1.23253,99.0,-0.0008841195678368851,1.23232,1.23235,1.23219,1.23233,,,,,,,,,,,,
2013-11-15,0.0005146527525789952,1.23386,1.234,35.0,-0.0008675734839674612,1.23279,1.23292,1.23306,1.2332,,,,,,,,,,,,
2013-11-18,0.0006151279728972862,1.23272,1.2333,,,,,,,,,,,,,,,,,,
2013-11-19,0.0005078315142595783,1.23317,1.23313,,,,,,,,,,,,,,,,,,
2013-11-20,0.0005130802487879427,1.23263,1.23224,82.0,-0.0008278414912931612,1.23161,1.23154,1.23159,1.2314,90.0,-0.0012420193744305406,1.2311,1.23098,1.2313,1.23159,91.0,-0.001339497929225782,1.23098,1.23106,1.2316,1.23135
2013-11-21,0.0004687518242308444,1.23194,1.23185,,,,,,,,,,,,,,,,,,
2013-11-22,0.0005433688192683735,1.23,1.22918,56.0,-0.0008214755300326369,1.22899,1.22898,1.22884,1.22906,63.0,-0.0011795571927534438,1.22855,1.2288,1.22909,1.22894,,,,,,
2013-11-25,0.0005015117053867161,1.23095,1.2327,133.0,0.0008688697526278036,1.23202,1.23213,1.23222,1.23205,138.0,0.0010311916047521217,1.23222,1.23218,1.23186,1.2321,,,,,,
2013-11-26,0.0006320510287199337,1.23164,1.23063,,,,,,,,,,,,,,,,,,
2013-11-27,0.0006582546273148218,1.23102,1.23248,90.0,0.001006787782745671,1.23226,1.23236,1.23267,1.23257,95.0,0.0013394544335480732,1.23267,1.23264,1.23263,1.23259,,,,,,
2013-11-28,0.0006142880071130407,1.23206,1.23209,,,,,,,,,,,,,,,,,,
2013-11-29,0.000577651473438144,1.22962,1.23156,125.0,0.0008860600580518924,1.23071,1.23067,1.23058,1.23033,,,,,,,,,,,,
2013-12-02,0.0005169063542999016,1.23112,1.23021,88.0,-0.0008857648426678369,1.23003,1.2302,1.23015,1.2299,100.0,-0.0010646382658063048,1.22981,1.22961,1.2299,1.22992,,,,,,
2013-12-03,0.0004495338819300831,1.22918,1.22873,160.0,-0.0007406051326327811,1.22827,1.22839,1.22818,1.228,168.0,-0.0010093118002105657,1.22794,1.22809,1.2281,,,,,,,
2013-12-04,0.0004068228727963085,1.227,1.22652,15.0,0.000716939351572044,1.22788,1.2276,1.22722,1.22787,,,,,,,,,,,,
2013-12-05,0.0004749485048094036,1.22795,1.22581,35.0,-0.0007820965473161002,1.22699,1.22686,1.22683,1.22736,96.0,-0.0010184752270599616,1.2267,1.22655,1.2267,1.22636,105.0,-0.0012875258468879464,1.22637,1.22632,1.22626,1.22648
2013-12-06,0.0008086229158959581,1.22395,1.22306,,,,,,,,,,,,,,,,,,
2013-12-09,0.0007168449953442735,1.22318,1.22318,,,,,,,,,,,,,,,,,,
2013-12-10,0.0007183147165738019,1.22099,1.22137,,,,,,,,,,,,,,,,,,
2013-12-11,0.0006426557761776107,1.22162,1.2217,,,,,,,,,,,,,,,,,,
2013-12-12,0.0007134498551593743,1.22191,1.22393,66.0,0.0010796928832139798,1.22323,1.22317,1.2228,1.22276,158.0,0.0014965349428916169,1.22374,1.2239,1.22425,1.224,160.0,0.0018641925189406717,1.22419,1.22431,1.22432,1.22402
2013-12-13,0.000752127646636258,1.22242,1.22176,,,,,,,,,,,,,,,,,,
2013-12-16,0.0006765826795093521,1.22146,1.22097,,,,,,,,,,,,,,,,,,
2013-12-17,0.0005979276407502632,1.22082,1.21967,105.0,-0.00114742824771527,1.21942,1.2194,1.21937,1.21959,109.0,-0.001229437810076295,1.21932,1.21937,1.21945,1.21969,,,,,,
2013-12-18,0.000567601150916868,1.22052,1.22241,15.0,0.0009908896296483435,1.22173,1.22155,1.22197,1.22141,18.0,0.001187313086514232,1.22197,1.22198,1.22165,1.22148,,,,,,
2013-12-19,0.0006512577769957882,1.22498,1.22469,,,,,,,,,,,,,,,,,,
2013-12-20,0.0009760570581237738,1.225,1.22515,,,,,,,,,,,,,,,,,,
2013-12-23,0.0010091801825137415,1.22572,1.22512,98.0,-0.001534969846933602,1.22384,1.22393,1.22383,1.22409,,,,,,,,,,,,
2013-12-24,0.0007969882149335807,1.22421,1.22546,56.0,0.0012000540239895197,1.22568,1.22579,1.22546,1.22521,,,,,,,,,,,,
2013-12-26,0.0007480824533389615,1.2267,1.227,,,,,,,,,,,,,,,,,,
2013-12-27,0.0006874568143992382,1.22436,1.224,,,,,,,,,,,,,,,,,,
2013-12-30,0.0007775380797042664,1.22531,1.22504,,,,,,,,,,,,,,,,,,
2013-12-31,0.0007137600912238908,1.22743,1.2257,118.0,-0.0016062688694285638,1.22546,1.22529,1.22619,1.22585,118.0,-0.0016062688694285638,1.22546,1.22529,1.22619,1.22585,,,,,,
2014-01-02,0.0006793279232375345,1.2294,1.22981,,,,,,,,,,,,,,,,,,
2014-01-03,0.0007269991617640223,1.23013,1.23021,,,,,,,,,,,,,,,,,,
2014-01-06,0.0006840019885698816,1.23257,1.23152,,,,,,,,,,,,,,,,,,
2014-01-07,0.0006576629116563773,1.2367,1.23707,,,,,,,,,,,,,,,,,,
2014-01-08,0.0007616588014072533,1.23757,1.23663,132.0,-0.0011561582879888184,1.23614,1.23608,1.23604,1.23605,,,,,,,,,,,,
2014-01-09,0.0009364679094986886,1.23629,1.2349,145.0,-0.0014489295433120588,1.2345,1.23461,1.23472,1.23499,,,,,,,,,,,,
2014-01-10,0.000875523511313472,1.23385,1.23342,,,,,,,,,,,,,,,,,,
2014-01-13,0.0010117990761357779,1.2333,1.23088,31.0,-0.0015580119028712216,1.23138,1.23147,1.23165,1.23141,,,,,,,,,,,,
2014-01-14,0.0008948919965352537,1.23283,1.23324,,,,,,,,,,,,,,,,,,
2014-01-15,0.0009083307315825366,1.23532,1.23572,,,,,,,,,,,,,,,,,,
2014-01-16,0.001181497360505154,1.23391,1.23217,,,,,,,,,,,,,,,,,,
2014-01-17,0.001124558317476911,1.23325,1.2329,,,,,,,,,,,,,,,,,,
2014-01-20,0.0012407475298595529,1.23346,1.23341,,,,,,,,,,,,,,,,,,
2014-01-21,0.0010824902216986592,1.23494,1.23337,140.0,-0.0017424925287612453,1.23279,1.23255,1.23299,1.23336,,,,,,,,,,,,
2014-01-22,0.0010438936863406791,1.23443,1.23468,,,,,,,,,,,,,,,,,,
2014-01-23,0.0009802437505243959,1.23131,1.2302,,,,,,,,,,,,,,,,,,
2014-01-24,0.0009220581928595147,1.22552,1.22402,47.0,-0.0014698439712450895,1.22372,1.22361,1.22444,1.22507,140.0,-0.0019193942242295367,1.22317,1.22327,1.22304,1.22329,,,,,,
2014-01-27,0.0012571093613811591,1.22587,1.22461,,,,,,,,,,,,,,,,,,
2014-01-28,0.0013270068571984033,1.22709,1.22759,,,,,,,,,,,,,,,,,,
2014-01-29,0.0012499257465828527,1.22261,1.22165,,,,,,,,,,,,,,,,,,
2014-01-30,0.0012738737220259588,1.22453,1.22447,,,,,,,,,,,,,,,,,,
2014-01-31,0.0014651249582785064,1.22162,1.22218,,,,,,,,,,,,,,,,,,
2014-02-03,0.0013644510373246957,1.22155,1.21954,74.0,-0.002056880414107449,1.21904,1.21913,1.21915,1.21954,,,,,,,,,,,,
2014-02-04,0.0011906859627890177,1.22197,1.22296,,,,,,,,,,,,,,,,,,
2014-02-05,0.0012367363178959064,1.22214,1.22233,,,,,,,,,,,,,,,,,,
2014-02-06,0.0011849500793039882,1.22184,1.22342,,,,,,,,,,,,,,,,,,
2014-02-07,0.0011344236676882934,1.22472,1.22347,,,,,,,,,,,,,,,,,,
2014-02-10,0.0010609333413837676,1.22367,1.22366,,,,,,,,,,,,,,,,,,
2014-02-11,0.0009253232084871696,1.22328,1.22441,,,,,,,,,,,,,,,,,,
2014-02-12,0.0008841873519561083,1.22475,1.22477,,,,,,,,,,,,,,,,,,
2014-02-13,0.00083306325032096,1.22147,1.22242,,,,,,,,,,,,,,,,,,
2014-02-14,0.0007996158214630061,1.22225,1.22209,,,,,,,,,,,,,,,,,,
2014-02-17,0.0007852976400022136,1.22183,1.22174,,,,,,,,,,,,,,,,,,
2014-02-18,0.0007037115544053903,1.22239,1.22185,,,,,,,,,,,,,,,,,,
2014-02-19,0.0007105391266948086,1.2208,1.21985,,,,,,,,,,,,,,,,,,
2014-02-20,0.000714445347722349,1.2207,1.22014,,,,,,,,,,,,,,,,,,
2014-02-21,0.0007023436483647074,1.21959,1.21927,,,,,,,,,,,,,,,,,,
2014-02-24,0.0006597270778957894,1.22087,1.22103,,,,,,,,,,,,,,,,,,
2014-02-25,0.0005976995124284596,1.21929,1.21914,,,,,,,,,,,,,,,,,,
2014-02-26,0.0006430081882526993,1.21959,1.21943,,,,,,,,,,,,,,,,,,
2014-02-27,0.0006447551674826091,1.21648,1.21757,141.0,0.0010270273393613487,1.21773,1.21753,1.21738,1.21763,,,,,,,,,,,,
2014-02-28,0.0006247650704523844,1.21537,1.21542,60.0,0.0009950863297721385,1.21658,1.2165,1.21636,1.21604,,,,,,,,,,,,
2014-03-03,0.0006139085370723396,1.21271,1.21239,,,,,,,,,,,,,,,,,,
2014-03-04,0.0007118534813507796,1.2168,1.2178,118.0,0.001223774222681634,1.21829,1.2181,1.21777,1.2181,164.0,0.0014371653365722523,1.21855,1.21849,1.21826,1.21779,,,,,,
2014-03-05,0.0006987760381266371,1.21857,1.21875,,,,,,,,,,,,,,,,,,
2014-03-06,0.0009968374540121777,1.22133,1.21982,,,,,,,,,,,,,,,,,,
2014-03-07,0.0009369157870933465,1.22108,1.21759,56.0,-0.0015244030325694804,1.21922,1.21924,1.2195,1.21994,108.0,-0.001918174879689431,1.21874,1.21882,1.21882,1.2186,,,,,,
2014-03-10,0.0008858325710878719,1.21837,1.21858,,,,,,,,,,,,,,,,,,
2014-03-11,0.0007738152048017478,1.21811,1.21785,,,,,,,,,,,,,,,,,,
2014-03-12,0.0007286540502392742,1.21589,1.21585,,,,,,,,,,,,,,,,,,
2014-03-13,0.0007519842956125305,1.21561,1.21539,,,,,,,,,,,,,,,,,,
2014-03-14,0.0007100165325762223,1.21335,1.21295,,,,,,,,,,,,,,,,,,
2014-03-17,0.0007492399307278955,1.21569,1.21528,,,,,,,,,,,,,,,,,,
2014-03-18,0.0006644830248872273,1.21639,1.21639,158.0,0.0011338614946008988,1.21777,1.21752,1.21763,1.21678,,,,,,,,,,,,
2014-03-19,0.0006756615202496652,1.21688,1.21676,,,,,,,,,,,,,,,,,,
2014-03-20,0.0006350797115372732,1.2195,1.21761,156.0,-0.000992702488210173,1.21829,1.21837,1.21822,1.21836,,,,,,,,,,,,
2014-03-21,0.0007109901962867684,1.21799,1.21801,,,,,,,,,,,,,,,,,,
2014-03-24,0.0007031325040630305,1.21991,1.21863,170.0,-0.0011154582326670813,1.21855,1.21866,1.21859,,,,,,,,,,,,,
2014-03-25,0.0006289408209071108,1.21961,1.22084,,,,,,,,,,,,,,,,,,
2014-03-26,0.000590882620535961,1.22222,1.22066,120.0,-0.0009249747928564889,1.22109,1.2211,1.22141,1.22149,,,,,,,,,,,,
2014-03-27,0.0006258857723398843,1.21939,1.2181,96.0,-0.001009210153143004,1.21816,1.21807,1.21799,1.21823,164.0,-0.0012555135509119254,1.21786,1.21779,1.21779,1.21803,,,,,,
2014-03-28,0.0005878620613203765,1.21881,1.21962,,,,,,,,,,,,,,,,,,
2014-03-31,0.0005898761403214552,1.21916,1.21792,178.0,-0.0009355074989467525,1.21802,1.21734,,,179.0,-0.0014939465122110597,1.21734,1.21769,,,179.0,-0.0014939465122110597,1.21734,1.21769,,
2014-04-01,0.0005307652081436715,1.21796,1.21823,,,,,,,,,,,,,,,,,,
2014-04-02,0.0005218895202161203,1.21917,1.22051,,,,,,,,,,,,,,,,,,
2014-04-03,0.0004938460594663166,1.22099,1.22282,39.0,-0.0009832923054814236,1.21979,1.21998,1.22011,1.22019,45.0,-0.0011800668434912552,1.21955,1.21982,1.22015,1.22007,107.0,0.0012686565811693197,1.22254,1.22247,1.22263,1.22249
2014-04-04,0.0005679934106448459,1.22376,1.222,36.0,0.0009229576135551916,1.22489,1.22467,1.22395,1.22298,,,,,,,,,,,,
2014-04-07,0.0006297208733580319,1.22037,1.22007,,,,,,,,,,,,,,,,,,
2014-04-08,0.0005655889370734498,1.21995,1.21944,,,,,,,,,,,,,,,,,,
2014-04-09,0.0006275283197996165,1.21854,1.21811,86.0,-0.0009606266980087372,1.21737,1.21747,1.21758,1.21732,,,,,,,,,,,,
2014-04-10,0.0006019763260846054,1.21803,1.2168,,,,,,,,,,,,,,,,,,
2014-04-11,0.000581398971393699,1.21627,1.2159,137.0,-0.0008801260711177259,1.2152,1.21523,1.21523,1.21559,,,,,,,,,,,,
2014-04-14,0.0005491284456323013,1.21534,1.21441,,,,,,,,,,,,,,,,,,
2014-04-15,0.0005694309822690354,1.21598,1.21543,173.0,-0.0008803360654768747,1.21491,1.21511,1.21535,,,,,,,,,,,,,
2014-04-16,0.0005944144714754747,1.21669,1.218,,,,,,,,,,,,,,,,,,
2014-04-17,0.0005583320555674684,1.21722,1.21878,85.0,0.0008376241528394332,1.21824,1.21817,1.2182,1.21849,102.0,0.0011577068846468806,1.21863,1.21857,1.21839,1.21862,,,,,,
2014-04-18,0.0005877669626841386,1.21959,1.2202,,,,,,,,,,,,,,,,,,
2014-04-21,0.0006268547448277689,1.22007,1.22048,,,,,,,,,,,,,,,,,,
2014-04-22,0.0005526133412047845,1.2213,1.22171,,,,,,,,,,,,,,,,,,
2014-04-23,0.000532963630347943,1.22,1.21958,,,,,,,,,,,,,,,,,,
2014-04-24,0.0005096724892291427,1.22029,1.21923,46.0,0.0008273297790454473,1.2213,1.22134,1.2212,1.22082,126.0,-0.0013694644419005406,1.21862,1.21858,1.21869,1.21898,126.0,-0.0013694644419005406,1.21862,1.21858,1.21869,1.21898
2014-04-25,0.0004966954226426602,1.21926,1.21903,,,,,,,,,,,,,,,,,,
2014-04-28,0.0004745699796884058,1.21775,1.21918,133.0,0.0007141772694446901,1.21862,1.21864,1.21898,1.21892,135.0,0.0009521230599524949,1.21891,1.2189,1.21908,1.21902,,,,,,
2014-04-29,0.00043092501611645835,1.21976,1.22116,122.0,0.0006638446683411659,1.22057,1.2204,1.22049,1.22004,,,,,,,,,,,,
2014-04-30,0.0004098070926716865,1.2198,1.22054,169.0,0.0006228589425908987,1.22056,1.22048,1.22058,,,,,,,,,,,,,
2014-05-01,0.00040604721414358284,1.21917,1.21988,,,,,,,,,,,,,,,,,,
2014-05-02,0.00039079961005640925,1.21887,1.21862,30.0,0.0008610828032575061,1.21992,1.21974,1.21966,1.22047,30.0,0.0008610828032575061,1.21992,1.21974,1.21966,1.22047,43.0,0.0010004264946971424,1.22009,1.22017,1.22034,1.22057
2014-05-05,0.00041033920087873613,1.21748,1.2181,,,,,,,,,,,,,,,,,,
2014-05-06,0.0004150966480447003,1.21722,1.21732,111.0,-0.0006327891831626672,1.21645,1.21641,1.21638,1.21648,,,,,,,,,,,,
2014-05-07,0.00039832792838686947,1.21814,1.21882,100.0,0.0006483195211224832,1.21893,1.2189,1.21882,1.21904,,,,,,,,,,,,
2014-05-08,0.00038340148270512024,1.21752,1.21772,101.0,0.000599399797071319,1.21825,1.21805,1.21802,1.21817,,,,,,,,,,,,
2014-05-09,0.0004357719691997134,1.21831,1.2194,69.0,0.0006564318244099715,1.21911,1.21901,1.21911,1.21897,155.0,0.0010418846747677726,1.21958,1.21963,1.21959,1.21957,,,,,,
2014-05-12,0.00041554503219810363,1.22098,1.22122,105.0,0.000638627137157456,1.22176,1.22166,1.22156,1.22162,,,,,,,,,,,,
2014-05-13,0.0004172580136458439,1.21961,1.21937,,,,,,,,,,,,,,,,,,
2014-05-14,0.0004113116478025508,1.21981,1.22008,,,,,,,,,,,,,,,,,,
2014-05-15,0.0004664870357759849,1.22207,1.2201,99.0,-0.000736726674994994,1.22117,1.22108,1.22136,1.22067,110.0,-0.0009742320506943759,1.22088,1.22089,1.22078,1.22064,125.0,-0.0011708308913944694,1.22064,1.2206,1.22009,1.22056
2014-05-16,0.00045827667214280666,1.22111,1.22126,,,,,,,,,,,,,,,,,,
2014-05-19,0.0004729010649207324,1.22266,1.22292,,,,,,,,,,,,,,,,,,
2014-05-20,0.00044905159735163946,1.22207,1.22163,,,,,,,,,,,,,,,,,,
2014-05-21,0.0004616884911508155,1.22181,1.22251,152.0,0.0007118049464167499,1.22268,1.22267,1.22255,1.22246,,,,,,,,,,,,
2014-05-22,0.00046472662302084644,1.22133,1.2215,,,,,,,,,,,,,,,,,,
2014-05-23,0.0004431144047404532,1.22095,1.22079,,,,,,,,,,,,,,,,,,
2014-05-26,0.00043752979022456827,1.22099,1.22081,,,,,,,,,,,,,,,,,,
2014-05-27,0.00040141969365529827,1.22216,1.22235,,,,,,,,,,,,,,,,,,
2014-05-28,0.00040683665903571553,1.22267,1.22112,58.0,-0.0006545198921348304,1.22187,1.22181,1.22198,1.22208,124.0,-0.0009082615599242353,1.22156,1.22147,1.22135,1.22137,129.0,-0.0010801876648706143,1.22135,1.22129,1.22134,1.22157
2014-05-29,0.0004243694104815312,1.22109,1.22058,157.0,-0.0006471723301670083,1.2203,1.2203,1.22045,1.22037,,,,,,,,,,,,
2014-05-30,0.00046800170583196824,1.22036,1.21993,130.0,0.0007126503932443451,1.22123,1.22127,1.22121,1.22126,,,,,,,,,,,,
2014-06-03,0.00044318840748798336,1.22138,1.22147,,,,,,,,,,,,,,,,,,
2014-06-04,0.0004531619576687448,1.22051,1.21955,,,,,,,,,,,,,,,,,,
2014-06-05,0.00043258991264477436,1.21958,1.21809,115.0,-0.0006643837265323901,1.21877,1.21879,1.21864,1.21858,126.0,-0.0009762220983087065,1.21839,1.21839,1.21863,1.21821,141.0,-0.0011239689589567696,1.21821,1.21813,1.21816,1.21852
2014-06-06,0.00045679502035978587,1.21822,1.21912,86.0,0.0007385100485814489,1.21912,1.21914,1.21905,1.21922,94.0,0.000918951803292987,1.21934,1.21925,1.21928,1.21915,,,,,,
2014-06-09,0.0005722444983541767,1.21925,1.21931,,,,,,,,,,,,,,,,,,
2014-06-10,0.0005428366065475262,1.21884,1.21826,,,,,,,,,,,,,,,,,,
2014-06-11,0.0005111555020553028,1.21768,1.21755,,,,,,,,,,,,,,,,,,
2014-06-12,0.0005102444983321183,1.21732,1.21759,,,,,,,,,,,,,,,,,,
2014-06-13,0.0004815279456686512,1.21753,1.21808,,,,,,,,,,,,,,,,,,
2014-06-16,0.0004573103929805661,1.2177,1.21757,,,,,,,,,,,,,,,,,,
2014-06-17,0.00043217438110638594,1.21857,1.21861,,,,,,,,,,,,,,,,,,
2014-06-18,0.0004111483287478552,1.21802,1.21783,,,,,,,,,,,,,,,,,,
2014-06-19,0.00039195441533239084,1.21665,1.21641,165.0,-0.0008140410183485399,1.21566,1.21559,1.21547,1.2154,165.0,-0.0008140410183485399,1.21566,1.21559,1.21547,1.2154,169.0,-0.0010032565559767216,1.21543,1.21547,1.21522,
2014-06-20,0.0003747530542464172,1.217,1.21741,132.0,0.0005832316950488336,1.21771,1.21764,1.2175,1.21722,,,,,,,,,,,,
2014-06-23,0.0004281524297232605,1.21669,1.21628,,,,,,,,,,,,,,,,,,
2014-06-24,0.00040808308642098,1.21718,1.21681,,,,,,,,,,,,,,,,,,
2014-06-25,0.0003995844966171989,1.21673,1.21608,86.0,-0.0006001488220320295,1.216,1.21599,1.21607,1.21613,,,,,,,,,,,,
2014-06-26,0.0003858208767018611,1.2165,1.21576,100.0,-0.0006496149820792291,1.21571,1.21584,1.21606,1.21612,,,,,,,,,,,,
2014-06-27,0.00037638264730622026,1.21603,1.21578,61.0,-0.0005840376911442072,1.21532,1.21531,1.21527,1.21542,176.0,-0.0007650763598523171,1.2151,1.21518,,,,,,,,
2014-06-30,0.0003753622137212696,1.21526,1.21402,175.0,-0.0006008749908130566,1.21453,1.2146,1.21404,,179.0,-0.000987930859335837,1.21406,1.21404,,,179.0,-0.000987930859335837,1.21406,1.21404,,
2014-07-01,0.00034683757185804,1.21375,1.21359,,,,,,,,,,,,,,,,,,
2014-07-02,0.0003785591156203105,1.21356,1.2136,,,,,,,,,,,,,,,,,,
2014-07-03,0.00036433094577725827,1.21462,1.21583,49.0,0.0005514607676658312,1.21529,1.21527,1.21551,1.21568,53.0,0.0007324711351174937,1.21551,1.21551,1.21556,1.21582,66.0,0.0009134487437454068,1.21573,1.21577,1.21579,1.21577
2014-07-04,0.0003493676632647025,1.21586,1.21576,,,,,,,,,,,,,,,,,,
2014-07-07,0.00040423150334771405,1.21538,1.21524,,,,,,,,,,,,,,,,,,
2014-07-08,0.00038005013882365303,1.21548,1.21501,153.0,-0.0005760700660490819,1.21478,1.21479,1.21477,1.21493,,,,,,,,,,,,
2014-07-09,0.00038474812976292493,1.21549,1.21557,,,,,,,,,,,,,,,,,,
2014-07-10,0.00036815216439722934,1.21453,1.21401,60.0,-0.0005765207954247394,1.21383,1.2138,1.21383,1.21403,,,,,,,,,,,,
2014-07-11,0.000354414732763902,1.21442,1.21389,87.0,-0.0005436170434264783,1.21376,1.21377,1.21379,1.21379,,,,,,,,,,,,
2014-07-14,0.0003631323512424162,1.21368,1.21462,61.0,0.0005683573390780004,1.21437,1.21436,1.21428,1.21437,91.0,0.0007495048265637875,1.21459,1.21458,1.21458,1.21458,,,,,,
2014-07-15,0.00034450917097550324,1.21414,1.21523,147.0,0.0005928365756174119,1.21486,1.21479,1.2148,1.2152,156.0,0.0008150597132527391,1.21513,1.21507,1.21513,1.21538,162.0,0.0008726650590446826,1.2152,1.21521,1.2154,1.21521
2014-07-16,0.00034265367976926345,1.21552,1.21544,,,,,,,,,,,,,,,,,,
2014-07-17,0.0003481252237356573,1.21469,1.21389,,,,,,,,,,,,,,,,,,
2014-07-18,0.0003534411051889622,1.21444,1.2148,,,,,,,,,,,,,,,,,,
2014-07-21,0.00034880593717963006,1.21443,1.21428,,,,,,,,,,,,,,,,,,
2014-07-22,0.00035336709205980693,1.21507,1.21523,,,,,,,,,,,,,,,,,,
2014-07-23,0.00034170524596101277,1.21514,1.21489,,,,,,,,,,,,,,,,,,
2014-07-24,0.00033144146721739685,1.2152,1.21537,,,,,,,,,,,,,,,,,,
2014-07-25,0.00032042869419634054,1.21518,1.2149,,,,,,,,,,,,,,,,,,
2014-07-28,0.0003183009050987125,1.21488,1.21461,,,,,,,,,,,,,,,,,,
2014-07-29,0.000303045230897174,1.21511,1.21604,112.0,0.00046898334323204014,1.21568,1.21566,1.21557,1.21585,126.0,0.0006088129980395674,1.21585,1.21585,1.2158,1.21575,168.0,0.0007897400027108144,1.21607,1.21611,1.21613,
2014-07-30,0.00030279515039395095,1.21605,1.21703,30.0,0.0005836871931285667,1.21676,1.21653,1.21635,1.21655,75.0,0.0006494334127444652,1.21684,1.21687,1.21703,1.21715,80.0,0.0008055633624837799,1.21703,1.21712,1.21708,1.21718
2014-07-31,0.0003584873938225705,1.21676,1.21653,,,,,,,,,,,,,,,,,,
2014-08-01,0.0003737617117075776,1.21637,1.21566,164.0,-0.000567422559990959,1.21568,1.21568,1.21563,1.21554,,,,,,,,,,,,
2014-08-04,0.00035972917214554997,1.21644,1.21642,,,,,,,,,,,,,,,,,,
2014-08-05,0.00034140708328869626,1.21743,1.21647,119.0,-0.000591584724788511,1.21671,1.2169,1.2168,1.21713,179.0,-0.0006984359427885695,1.21658,1.21667,,,,,,,,
2014-08-06,0.0003347678625843722,1.21506,1.21461,,,,,,,,,,,,,,,,,,
2014-08-07,0.00036420653656265184,1.21491,1.21403,56.0,-0.0005598689394290592,1.21423,1.21424,1.21422,1.21405,72.0,-0.0007657819377967416,1.21398,1.21407,1.21409,1.21421,,,,,,
2014-08-08,0.0003754898699840779,1.21375,1.21384,142.0,-0.000585135112851069,1.21304,1.213,1.21303,1.2132,,,,,,,,,,,,
2014-08-11,0.0004845521630224466,1.21336,1.21308,,,,,,,,,,,,,,,,,,
2014-08-12,0.0005018675248477649,1.21386,1.21304,,,,,,,,,,,,,,,,,,
2014-08-13,0.00047953300285054383,1.2135,1.21357,,,,,,,,,,,,,,,,,,
2014-08-14,0.0004575253801257904,1.21227,1.21134,49.0,-0.0007426845912498769,1.21137,1.21138,1.21137,1.21139,57.0,-0.0010068832040927747,1.21105,1.21112,1.21135,1.2117,,,,,,
2014-08-15,0.000435788206522793,1.21126,1.2087,166.0,-0.0008259275635522306,1.21026,1.21053,1.21044,,173.0,-0.0009581393008417618,1.2101,1.21011,1.20979,,175.0,-0.0013796809095205892,1.20959,1.20963,1.21015,
2014-08-18,0.00045819499475516635,1.21073,1.21091,,,,,,,,,,,,,,,,,,
2014-08-19,0.0005063638561369358,1.2104,1.21068,,,,,,,,,,,,,,,,,,
2014-08-20,0.0005560559644668026,1.21062,1.21085,,,,,,,,,,,,,,,,,,
2014-08-21,0.0005322646686085162,1.21089,1.21055,,,,,,,,,,,,,,,,,,
2014-08-22,0.0005086885453495328,1.20996,1.21002,,,,,,,,,,,,,,,,,,
2014-08-25,0.0004961283444411183,1.2089,1.2076,93.0,-0.0007778688442011905,1.20796,1.20785,1.2078,1.20742,100.0,-0.0012415678456204756,1.2074,1.2074,1.20739,1.20763,100.0,-0.0012415678456204756,1.2074,1.2074,1.20739,1.20763
2014-08-26,0.00046175334238456517,1.20836,1.20907,,,,,,,,,,,,,,,,,,
2014-08-27,0.0005053385288548789,1.20673,1.20666,,,,,,,,,,,,,,,,,,
2014-08-28,0.0004799014845370207,1.20592,1.20586,132.0,-0.0007299997006001485,1.20504,1.20507,1.20516,1.20537,,,,,,,,,,,,
2014-08-29,0.0004725113132710661,1.20603,1.20623,,,,,,,,,,,,,,,,,,
2014-09-01,0.0004494971591621554,1.20686,1.20696,,,,,,,,,,,,,,,,,,
2014-09-02,0.0004122057138026975,1.20712,1.20693,151.0,0.0006542362025966326,1.20791,1.20793,1.20769,1.20728,,,,,,,,,,,,
2014-09-03,0.0004217288007317735,1.20763,1.20665,,,,,,,,,,,,,,,,,,
2014-09-04,0.0004013282984565836,1.2057,1.20536,35.0,-0.0009210510589770326,1.20459,1.20458,1.20501,1.20482,35.0,-0.0009210510589770326,1.20459,1.20458,1.20501,1.20482,37.0,-0.0010206749787626686,1.20447,1.20453,1.20529,1.20482
2014-09-05,0.0003922111704771385,1.20618,1.20567,47.0,0.0005967477426081563,1.2069,1.2066,1.20642,1.20645,,,,,,,,,,,,
2014-09-08,0.0003914036046260627,1.20679,1.20626,172.0,-0.0006050935800183085,1.20606,1.20607,1.2062,,,,,,,,,,,,,
2014-09-09,0.00037053903807649836,1.20582,1.20679,173.0,0.0005886376524974813,1.20653,1.20655,1.20651,,,,,,,,,,,,,
2014-09-10,0.00035509323895488557,1.20725,1.21097,32.0,0.0012003561117600713,1.2087,1.20946,1.20982,1.21114,32.0,0.0012003561117600713,1.2087,1.20946,1.20982,1.21114,32.0,0.0012003561117600713,1.2087,1.20946,1.20982,1.21114
2014-09-11,0.000360586104052756,1.20963,1.2094,45.0,0.0006446174666614081,1.21041,1.21025,1.20979,1.20954,,,,,,,,,,,,
2014-09-12,0.0004804695716862342,1.20894,1.2096,179.0,0.0008020340674261047,1.20991,1.20981,,,,,,,,,,,,,,
2014-09-15,0.00045441300920353857,1.20984,1.21006,,,,,,,,,,,,,,,,,,
2014-09-16,0.00041209753900251303,1.20852,1.20891,,,,,,,,,,,,,,,,,,
2014-09-17,0.00039621410487953695,1.20999,1.21111,51.0,0.0008756567985096643,1.21105,1.21073,1.2108,1.21093,51.0,0.0008756567985096643,1.21105,1.21073,1.2108,1.21093,69.0,0.0009995085893583955,1.2112,1.21108,1.21119,1.21133
2014-09-18,0.00042519200636697896,1.20871,1.20679,46.0,-0.0006951973730072696,1.20787,1.2078,1.20797,1.20763,60.0,-0.0009104754966133803,1.20761,1.20763,1.20798,1.20775,93.0,-0.0011009524763901132,1.20738,1.2073,1.20744,1.20718
2014-09-19,0.0005608309687153345,1.20667,1.20713,,,,,,,,,,,,,,,,,,
2014-09-22,0.0007789846380235955,1.2068,1.20707,,,,,,,,,,,,,,,,,,
2014-09-23,0.0006810450585076642,1.20669,1.20676,,,,,,,,,,,,,,,,,,
2014-09-24,0.0006387069443173825,1.20795,1.20774,,,,,,,,,,,,,,,,,,
2014-09-25,0.0005989928988923306,1.20761,1.2068,,,,,,,,,,,,,,,,,,
2014-09-26,0.0005775964709766364,1.20716,1.20681,,,,,,,,,,,,,,,,,,
2014-09-29,0.0005548160468483599,1.20719,1.2068,,,,,,,,,,,,,,,,,,
2014-09-30,0.0004953896681632525,1.20631,1.20618,,,,,,,,,,,,,,,,,,
2014-10-01,0.0004680188745267301,1.20736,1.20704,102.0,-0.0007374173328948532,1.20647,1.20659,1.20647,1.20648,,,,,,,,,,,,
2014-10-02,0.0004550449198171272,1.20828,1.2076,180.0,-0.0006871629136203566,1.20745,,,,,,,,,,,,,,,
2014-10-03,0.00046715306572176445,1.20886,1.21029,82.0,0.00074422608060815,1.20976,1.20983,1.20988,1.20968,88.0,0.0010334978203634557,1.21011,1.21019,1.21015,1.20966,90.0,0.001231807233273737,1.21035,1.21041,1.20994,1.20974
2014-10-06,0.0004823641647392543,1.21168,1.212,17.0,0.0007342477384631018,1.21257,1.21278,1.21265,1.21213,80.0,0.0009898704078135543,1.21288,1.2128,1.21281,1.21369,89.0,0.0012783981352687856,1.21323,1.21338,1.21371,1.21303
2014-10-07,0.0005312249088601942,1.21122,1.21291,152.0,0.000833522505911451,1.21223,1.21213,1.2122,1.21236,179.0,0.0012294085948613273,1.21271,1.21245,,,,,,,,
2014-10-08,0.0005728643221626735,1.213,1.21296,,,,,,,,,,,,,,,,,,
2014-10-09,0.0005569057569288834,1.21083,1.21057,67.0,-0.0008758159693930427,1.20977,1.20969,1.20974,1.20975,87.0,-0.0011238277429564936,1.20947,1.20948,1.20952,1.2099,144.0,-0.00144633503317616,1.20908,1.20888,1.20907,1.20911
2014-10-10,0.0005273403987560137,1.20901,1.20911,,,,,,,,,,,,,,,,,,
2014-10-13,0.0005054194542351956,1.20777,1.2079,,,,,,,,,,,,,,,,,,
2014-10-14,0.0005616638549647352,1.20791,1.20738,,,,,,,,,,,,,,,,,,
2014-10-15,0.0005304157211955633,1.20739,1.20667,64.0,-0.0008368652016931922,1.20638,1.20639,1.20671,1.20642,,,,,,,,,,,,
2014-10-16,0.0005414330411585054,1.20634,1.20731,,,,,,,,,,,,,,,,,,
2014-10-17,0.0005101263810607306,1.20752,1.20751,,,,,,,,,,,,,,,,,,
2014-10-20,0.00048199398115652046,1.2063,1.20655,,,,,,,,,,,,,,,,,,
2014-10-21,0.00043443861052501725,1.20698,1.2065,,,,,,,,,,,,,,,,,,
2014-10-22,0.00045024127830444436,1.20631,1.2064,,,,,,,,,,,,,,,,,,
2014-10-23,0.00043074588056124226,1.20651,1.20682,,,,,,,,,,,,,,,,,,
2014-10-24,0.0004127498581135671,1.20609,1.20592,,,,,,,,,,,,,,,,,,
2014-10-27,0.0003929732312650288,1.20591,1.20559,,,,,,,,,,,,,,,,,,
2014-10-28,0.000375821715275048,1.20638,1.20625,65.0,-0.0006135936047107847,1.20564,1.2057,1.20557,1.20573,,,,,,,,,,,,
2014-10-29,0.00036671846471637853,1.20579,1.20606,,,,,,,,,,,,,,,,,,
2014-10-30,0.00035152516090157905,1.20591,1.20564,,,,,,,,,,,,,,,,,,
2014-10-31,0.00034005111886594564,1.2064,1.20571,,,,,,,,,,,,,,,,,,
2014-11-03,0.0003335782189298248,1.20536,1.20558,106.0,0.0005142369086589991,1.20598,1.20596,1.20591,1.20582,,,,,,,,,,,,
2014-11-04,0.0003152796436355874,1.20545,1.20464,162.0,-0.0004978633467977961,1.20485,1.2049,1.20481,1.20477,180.0,-0.0006306687787351042,1.20469,,,,,,,,,
2014-11-05,0.00030584955157572023,1.20388,1.20394,,,,,,,,,,,,,,,,,,
2014-11-06,0.00036393230034250995,1.20474,1.20403,47.0,-0.0005479861646082525,1.20408,1.20409,1.20406,1.20394,66.0,-0.0007722489018027234,1.20381,1.20376,1.20389,1.20375,,,,,,
2014-11-07,0.0003731739003109073,1.20394,1.20378,150.0,-0.000564971766440366,1.20326,1.20325,1.20324,1.20301,165.0,-0.0007727622478905927,1.20301,1.20301,1.20301,1.20304,,,,,,
2014-11-10,0.0003674320166499313,1.20299,1.20239,65.0,-0.0005737354073126741,1.2023,1.20234,1.20237,1.20243,,,,,,,,,,,,
2014-11-11,0.0003469020704557918,1.20256,1.20302,,,,,,,,,,,,,,,,,,
2014-11-12,0.0003606485902688778,1.20203,1.20212,,,,,,,,,,,,,,,,,,
2014-11-13,0.0003671369597797247,1.2017,1.20203,,,,,,,,,,,,,,,,,,
2014-11-14,0.00038135551355702644,1.20155,1.2012,54.0,0.0005824111987578852,1.20225,1.20215,1.20195,1.20163,,,,,,,,,,,,
2014-11-17,0.00037283637717109273,1.20127,1.20139,,,,,,,,,,,,,,,,,,
2014-11-18,0.0003542432736454921,1.20116,1.20117,,,,,,,,,,,,,,,,,,
2014-11-19,0.00034141400058820283,1.20122,1.20117,108.0,0.0005243293074553708,1.20185,1.20199,1.20242,1.20222,111.0,0.0009236338573458087,1.20233,1.20253,1.20207,1.20213,111.0,0.0009236338573458087,1.20233,1.20253,1.20207,1.20213
2014-11-20,0.0003288333992438738,1.20119,1.20175,152.0,0.0005160216510675605,1.20181,1.20178,1.20164,1.20191,168.0,0.0007406575546532962,1.20208,1.20211,1.20241,,170.0,0.0008737513194069004,1.20224,1.20217,1.2023,
2014-11-21,0.0003181265964479789,1.20198,1.20168,,,,,,,,,,,,,,,,,,
2014-11-24,0.0003338927760350036,1.20282,1.20257,,,,,,,,,,,,,,,,,,
2014-11-25,0.0004093434722116869,1.20296,1.20303,,,,,,,,,,,,,,,,,,
2014-11-26,0.0003916938492829759,1.20273,1.20213,,,,,,,,,,,,,,,,,,
2014-11-27,0.0003754365139846157,1.20201,1.20199,,,,,,,,,,,,,,,,,,
2014-11-28,0.00035958821745282055,1.20154,1.20145,,,,,,,,,,,,,,,,,,
2014-12-01,0.00034824203522155133,1.20299,1.20252,,,,,,,,,,,,,,,,,,
2014-12-02,0.00048064761309639923,1.20418,1.20458,,,,,,,,,,,,,,,,,,
2014-12-03,0.0004556165527566924,1.20289,1.20323,,,,,,,,,,,,,,,,,,
2014-12-04,0.0004420091314273378,1.20263,1.20261,,,,,,,,,,,,,,,,,,
2014-12-05,0.0004260190028819955,1.20268,1.20238,,,,,,,,,,,,,,,,,,
2014-12-08,0.0004196587586853915,1.20214,1.20208,,,,,,,,,,,,,,,,,,
2014-12-09,0.00038643069467905186,1.20193,1.20181,,,,,,,,,,,,,,,,,,
2014-12-10,0.00037991547140149416,1.2025,1.20312,,,,,,,,,,,,,,,,,,
2014-12-11,0.0003636620409134109,1.20117,1.20142,,,,,,,,,,,,,,,,,,
2014-12-12,0.000429670354917989,1.20094,1.20099,,,,,,,,,,,,,,,,,,
2014-12-15,0.0005315202096749931,1.201,1.201,,,,,,,,,,,,,,,,,,
2014-12-16,0.00047319855515550217,1.2009,1.20092,,,,,,,,,,,,,,,,,,
2014-12-17,0.00044790020178380743,1.20085,1.20086,,,,,,,,,,,,,,,,,,
2014-12-18,0.00042480114961881277,1.20468,1.20386,121.0,-0.0006476845504548117,1.2039,1.20389,1.20373,1.20382,,,,,,,,,,,,
2014-12-19,0.0004037795439002079,1.20331,1.20309,138.0,-0.0006317907320294223,1.20255,1.20259,1.20261,1.20267,,,,,,,,,,,,
2014-12-22,0.0006872330256045164,1.20357,1.20321,,,,,,,,,,,,,,,,,,
2014-12-23,0.0006282431311548167,1.20272,1.20263,,,,,,,,,,,,,,,,,,
2014-12-24,0.0005893358105633783,1.20244,1.20239,,,,,,,,,,,,,,,,,,
2014-12-26,0.000560654352685746,1.20258,1.20262,,,,,,,,,,,,,,,,,,
2014-12-29,0.0004974558852728797,1.20311,1.20311,,,,,,,,,,,,,,,,,,
2014-12-30,0.00044704712715005964,1.20267,1.20241,,,,,,,,,,,,,,,,,,
2014-12-31,0.00042501699336508497,1.20248,1.20257,,,,,,,,,,,,,,,,,,
2015-01-01,0.00040579144981931896,1.2026,1.2026,,,,,,,,,,,,,,,,,,
2015-01-02,0.0003841041943482033,1.20205,1.20193,,,,,,,,,,,,,,,,,,
2015-01-05,0.00036716170722834546,1.20145,1.2016,,,,,,,,,,,,,,,,,,
2015-01-06,0.0003432626695493013,1.20126,1.20111,,,,,,,,,,,,,,,,,,
2015-01-07,0.00033008017988685564,1.20096,1.20102,,,,,,,,,,,,,,,,,,
2015-01-08,0.0003272017216500211,1.20094,1.20104,,,,,,,,,,,,,,,,,,
2015-01-09,0.00031681618648749194,1.20095,1.20092,,,,,,,,,,,,,,,,,,
2015-01-12,0.00030643526383960205,1.20096,1.20094,,,,,,,,,,,,,,,,,,
2015-01-13,0.0002899872175334807,1.20096,1.20094,,,,,,,,,,,,,,,,,,
2015-01-14,0.0002828583110022423,1.20096,1.20093,,,,,,,,,,,,,,,,,,
2015-01-15,0.0002768560626682886,1.02233,1.03422,1.0,-0.0008611494920024908,1.02145,1.02069,1.01805,1.01899,1.0,-0.0008611494920024908,1.02145,1.02069,1.01805,1.01899,1.0,-0.0008611494920024908,1.02145,1.02069,1.01805,1.01899
2015-01-16,0.00019351039472117362,1.01184,0.99098,5.0,-0.00029653352528764257,1.01154,1.01078,1.0089,1.00384,6.0,-0.001048145570639915,1.01078,1.01069,1.00812,1.00305,6.0,-0.001048145570639915,1.01078,1.01069,1.00812,1.00305
2015-01-19,0.02362031130374403,1.00993,1.01913,,,,,,,,,,,,,,,,,,
2015-01-20,0.02047053279055215,1.00883,1.01207,,,,,,,,,,,,,,,,,,
2015-01-21,0.019036470640316452,0.99809,0.99974,,,,,,,,,,,,,,,,,,
2015-01-22,0.0176294566678293,0.99299,0.99112,,,,,,,,,,,,,,,,,,
2015-01-23,0.016335650192384407,0.9813,0.98926,,,,,,,,,,,,,,,,,,
2015-01-26,0.015244113624145897,1.00477,1.01311,,,,,,,,,,,,,,,,,,
2015-01-27,0.013005611819683939,1.0176,1.02771,,,,,,,,,,,,,,,,,,
2015-01-28,0.012940518754444064,1.02492,1.02786,,,,,,,,,,,,,,,,,,
2015-01-29,0.01203840639963752,1.03893,1.04408,,,,,,,,,,,,,,,,,,
2015-01-30,0.011122604742804174,1.04655,1.03893,,,,,,,,,,,,,,,,,,
2015-02-02,0.010582270436986136,1.05277,1.05213,,,,,,,,,,,,,,,,,,
2015-02-03,0.00915332911994503,1.05562,1.05851,,,,,,,,,,,,,,,,,,
2015-02-04,0.008474753487542919,1.05885,1.05332,,,,,,,,,,,,,,,,,,
2015-02-05,0.007986318604456076,1.05825,1.05659,,,,,,,,,,,,,,,,,,
2015-02-06,0.007591302274601278,1.05158,1.04689,,,,,,,,,,,,,,,,,,
2015-02-09,0.007166084607294126,1.04175,1.04581,,,,,,,,,,,,,,,,,,
2015-02-10,0.006305871002117471,1.04509,1.04861,,,,,,,,,,,,,,,,,,
2015-02-11,0.005838439469501396,1.0475,1.04911,,,,,,,,,,,,,,,,,,
2015-02-12,0.005415366098045777,1.05681,1.05907,,,,,,,,,,,,,,,,,,
2015-02-13,0.005016724976187038,1.06073,1.06201,,,,,,,,,,,,,,,,,,
2015-02-16,0.004800176137100068,1.0623,1.05754,,,,,,,,,,,,,,,,,,
2015-02-17,0.004111172876995973,1.0625,1.06678,,,,,,,,,,,,,,,,,,
2015-02-18,0.00381030906242661,1.07113,1.07109,,,,,,,,,,,,,,,,,,
2015-02-19,0.0036728452808049558,1.07787,1.07906,,,,,,,,,,,,,,,,,,
2015-02-20,0.0035570008247962277,1.06966,1.07097,,,,,,,,,,,,,,,,,,
2015-02-23,0.0033375887937133622,1.07288,1.07868,,,,,,,,,,,,,,,,,,
2015-02-24,0.0033752580404062425,1.07554,1.07579,,,,,,,,,,,,,,,,,,
2015-02-25,0.0031510322815667237,1.07664,1.07718,,,,,,,,,,,,,,,,,,
2015-02-26,0.0029251360321198745,1.07228,1.06808,,,,,,,,,,,,,,,,,,
2015-02-27,0.0027047517262792863,1.0648,1.06664,,,,,,,,,,,,,,,,,,
2015-03-02,0.002978387607057127,1.07276,1.07213,,,,,,,,,,,,,,,,,,
2015-03-03,0.0025509818440560363,1.07251,1.07571,,,,,,,,,,,,,,,,,,
2015-03-04,0.002390614164702725,1.06964,1.06706,53.0,-0.0037465856271466477,1.06564,1.06647,1.0651,1.06889,60.0,-0.005512341697842592,1.06376,1.06468,1.07116,1.06781,115.0,-0.006170601470908834,1.06306,1.06331,1.06492,1.06581
2015-03-05,0.002278195017797235,1.06846,1.07287,120.0,0.004118941251357392,1.07287,1.07277,1.07313,1.07201,124.0,0.004631453551222878,1.07342,1.07313,1.0723,1.07197,,,,,,
2015-03-06,0.002307543309452044,1.06822,1.06686,,,,,,,,,,,,,,,,,,
2015-03-09,0.0022536590382900915,1.06961,1.07079,,,,,,,,,,,,,,,,,,
2015-03-10,0.002003591628533016,1.06734,1.07036,90.0,0.0030590075071220326,1.07061,1.07062,1.07064,1.07232,102.0,0.004589672431756296,1.07225,1.07232,1.07264,1.07148,108.0,0.005009262638150072,1.0727,1.07251,1.07227,1.07181
2015-03-11,0.0018559930853505875,1.06643,1.06507,,,,,,,,,,,,,,,,,,
2015-03-12,0.001724474285694023,1.06518,1.06544,,,,,,,,,,,,,,,,,,
2015-03-13,0.0016975230210623969,1.06521,1.05769,124.0,-0.002726180525758567,1.06231,1.062,1.06263,1.06207,141.0,-0.003479540073965904,1.06151,1.06157,1.06183,1.06169,167.0,-0.004318320028238385,1.06062,1.06035,1.05995,
2015-03-16,0.0016145497654557514,1.05818,1.06585,47.0,0.002538874915601403,1.06087,1.06028,1.05928,1.06082,82.0,0.0035469727581939063,1.06194,1.06152,1.06203,1.06344,90.0,0.004074170526048357,1.0625,1.06254,1.0629,1.06241
2015-03-17,0.0019682084308636763,1.06346,1.06486,83.0,0.0030232777682426995,1.06668,1.06663,1.06632,1.06587,,,,,,,,,,,,
2015-03-18,0.0021104552052473987,1.06422,1.05849,125.0,-0.0031810893342091176,1.06084,1.06048,1.06024,1.06013,132.0,-0.004341220568574723,1.05961,1.0594,1.05983,1.06028,,,,,,
2015-03-19,0.0019573534061987597,1.05834,1.05404,,,,,,,,,,,,,,,,,,
2015-03-20,0.0018108540401865153,1.05592,1.05424,139.0,-0.002759695055653348,1.05301,1.05292,1.05333,1.05363,,,,,,,,,,,,
2015-03-23,0.0020482813697205973,1.05911,1.05632,75.0,-0.0033480274147760967,1.05557,1.05588,1.0574,1.05625,,,,,,,,,,,,
2015-03-24,0.0018100175612141194,1.05099,1.0458,31.0,-0.00299213121787459,1.04785,1.04774,1.04904,1.05151,120.0,-0.0040711117338072976,1.04672,1.04729,1.04708,1.04444,130.0,-0.006251720490153475,1.04444,1.04435,1.04444,1.04282
2015-03-25,0.0016848273888058955,1.05103,1.05218,142.0,0.002537143892332479,1.0537,1.05356,1.05314,1.05297,,,,,,,,,,,,
2015-03-26,0.002013997481492868,1.04959,1.04929,,,,,,,,,,,,,,,,,,
2015-03-27,0.001982042930656412,1.04769,1.04343,,,,,,,,,,,,,,,,,,
2015-03-30,0.0019071673629917298,1.04386,1.04663,159.0,0.00297489733132615,1.04697,1.04683,1.04707,1.04804,168.0,0.003948663017161294,1.04799,1.04813,1.04788,,,,,,,
2015-03-31,0.0016602016555078737,1.04547,1.04362,145.0,-0.0024996062489612892,1.04286,1.04282,1.04298,1.04291,,,,,,,,,,,,
2015-04-01,0.0015608992137400508,1.04222,1.04131,,,,,,,,,,,,,,,,,,
2015-04-02,0.00147561686084644,1.03955,1.04123,56.0,0.0022676400327629907,1.04191,1.04154,1.04152,1.04182,125.0,0.0029872129253610577,1.04266,1.04287,1.04223,1.04313,150.0,0.003907511320356945,1.04362,1.04355,1.04352,1.04309
2015-04-03,0.0015570657642692812,1.04533,1.04465,19.0,-0.0025574849068359324,1.04266,1.04268,1.04335,1.04499,,,,,,,,,,,,
2015-04-06,0.0015363134125351173,1.04527,1.04829,63.0,0.0023220601268747875,1.0477,1.04754,1.04776,1.04753,136.0,0.003085346109930201,1.0485,1.04865,1.0488,1.04904,,,,,,
2015-04-07,0.0013535488184719957,1.04378,1.04591,138.0,0.002057702512422097,1.04593,1.04563,1.04551,1.04581,,,,,,,,,,,,
2015-04-08,0.0012557097778118414,1.044,1.04239,,,,,,,,,,,,,,,,,,
2015-04-09,0.0011959578337980374,1.04375,1.041,177.0,-0.0020428036662230213,1.04162,1.04161,,,,,,,,,,,,,,
2015-04-10,0.0011189586068086053,1.04034,1.03879,,,,,,,,,,,,,,,,,,
2015-04-13,0.0010600317618153904,1.03697,1.03484,134.0,-0.001650396324869801,1.03526,1.03485,1.03467,1.03463,138.0,-0.002307451966334119,1.03458,1.03467,1.03458,1.03458,,,,,,
2015-04-14,0.0010116735222141713,1.03386,1.03671,32.0,0.0024441504740886077,1.03639,1.03639,1.03607,1.0361,32.0,0.0024441504740886077,1.03639,1.03639,1.03607,1.0361,48.0,0.0030518450635697624,1.03702,1.03721,1.03681,1.03755
2015-04-15,0.0011614499151342938,1.0324,1.03016,30.0,0.002003029403970018,1.03447,1.03413,1.03371,1.03324,94.0,0.0026118515452455385,1.0351,1.03477,1.03439,1.03398,,,,,,
2015-04-16,0.0011539197142830724,1.03288,1.0293,136.0,-0.0017539189069486867,1.03107,1.03084,1.03139,1.03043,149.0,-0.002365121394069522,1.03044,1.03031,1.03135,1.03004,169.0,-0.003015540549029418,1.02977,1.02952,1.02842,
2015-04-17,0.0012541505372720822,1.02868,1.02729,55.0,-0.001907171931588087,1.02672,1.02645,1.02687,1.02803,,,,,,,,,,,,
2015-04-20,0.0011659823213712628,1.02875,1.02731,45.0,-0.0018193940697875284,1.02688,1.02656,1.02626,1.02669,48.0,-0.0025013030516243874,1.02618,1.02627,1.0263,1.02647,90.0,-0.003056915482393297,1.02561,1.02541,1.02536,1.02478
2015-04-21,0.0010276830214502291,1.02484,1.02499,,,,,,,,,,,,,,,,,,
2015-04-22,0.0009953131900996798,1.02898,1.03686,4.0,0.0020387762758429713,1.03108,1.03127,1.03161,1.03254,4.0,0.0020387762758429713,1.03108,1.03127,1.03161,1.03254,6.0,0.0032406761975948177,1.03232,1.03232,1.03276,1.03424
2015-04-23,0.0009439150887294414,1.03819,1.03176,81.0,-0.0017642384851287488,1.03636,1.03645,1.03653,1.03633,100.0,-0.0019186369105714312,1.0362,1.03638,1.03639,1.03659,126.0,-0.0023723201991590432,1.03573,1.03577,1.0364,1.03672
2015-04-24,0.002080571034157407,1.03385,1.0367,,,,,,,,,,,,,,,,,,
2015-04-27,0.0020787690009658214,1.03701,1.03851,,,,,,,,,,,,,,,,,,
2015-04-28,0.0018544039144923164,1.04681,1.04735,,,,,,,,,,,,,,,,,,
2015-04-29,0.0017481452763107776,1.04908,1.04528,119.0,-0.003074076141306767,1.04586,1.04609,1.04645,1.04641,135.0,-0.0038297207947296723,1.04507,1.04581,1.04621,1.04734,,,,,,
2015-04-30,0.002137640397722682,1.04739,1.05056,149.0,0.0032694563989025334,1.05082,1.05108,1.04988,1.04925,,,,,,,,,,,,
2015-05-01,0.00204734842191278,1.04676,1.04527,,,,,,,,,,,,,,,,,,
2015-05-04,0.0019155830344304147,1.04208,1.04284,,,,,,,,,,,,,,,,,,
2015-05-05,0.00168830945442773,1.03776,1.03532,,,,,,,,,,,,,,,,,,
2015-05-06,0.001607608725235019,1.03713,1.03838,,,,,,,,,,,,,,,,,,
2015-05-07,0.0015478650632068387,1.03278,1.0381,178.0,0.002504655227122274,1.03537,1.03586,,,,,,,,,,,,,,
2015-05-08,0.001437757295580159,1.03748,1.04266,25.0,0.0023010095116536506,1.03987,1.03904,1.03784,1.0382,179.0,0.003242991203053843,1.04085,1.04084,,,,,,,,
2015-05-11,0.0014147360316535888,1.04045,1.04113,,,,,,,,,,,,,,,,,,
2015-05-12,0.001657088455232639,1.03903,1.04157,151.0,0.0025568086519041347,1.04169,1.04164,1.04152,1.04121,,,,,,,,,,,,
2015-05-13,0.0015379015734487442,1.04193,1.04194,,,,,,,,,,,,,,,,,,
2015-05-14,0.0014275118846368302,1.03843,1.03962,102.0,0.0023469447602466015,1.04087,1.04099,1.04056,1.04173,112.0,0.002913617685083973,1.04146,1.04134,1.04173,1.0415,144.0,0.0035855252558839377,1.04216,1.04221,1.04197,1.04194
2015-05-15,0.001351926523037298,1.04598,1.04846,60.0,0.002253715763509039,1.04834,1.04838,1.04843,1.0486,86.0,0.002721012176214331,1.04883,1.04877,1.04924,1.04902,109.0,0.003521584055999117,1.04967,1.04966,1.04958,1.04948
2015-05-18,0.0012564150851826837,1.04804,1.04822,116.0,-0.0019388272829264802,1.04601,1.04601,1.04582,1.04583,125.0,-0.0025891280699471262,1.04533,1.04552,1.0458,1.04592,,,,,,
2015-05-19,0.0013882977201835041,1.04064,1.0447,24.0,0.0020830841005823105,1.04281,1.04279,1.04304,1.04315,45.0,0.002830783521919168,1.04359,1.04357,1.04374,1.04376,154.0,0.0035013201679214533,1.04429,1.04453,1.04464,1.04386
2015-05-20,0.0013542332918696797,1.04296,1.041,123.0,-0.0020347449193137855,1.04084,1.04097,1.04083,1.04158,,,,,,,,,,,,
2015-05-21,0.001305487765959472,1.04047,1.03993,,,,,,,,,,,,,,,,,,
2015-05-22,0.0013630991492612874,1.04209,1.04024,40.0,0.002338711516372057,1.04453,1.04407,1.04357,1.04379,129.0,-0.002786748420947604,1.03919,1.03946,1.03966,1.03939,,,,,,
2015-05-25,0.0013259580495623275,1.03487,1.03641,,,,,,,,,,,,,,,,,,
2015-05-26,0.0012548298321887127,1.03518,1.03363,,,,,,,,,,,,,,,,,,
2015-05-27,0.0011623133877970437,1.03336,1.03501,139.0,0.001788675745306753,1.03521,1.03475,1.03494,1.0354,162.0,0.00236810039285879,1.03581,1.03565,1.03521,1.03463,,,,,,
2015-05-28,0.0010774925359735516,1.03392,1.03123,30.0,0.0018842496842090214,1.03587,1.03576,1.03518,1.0352,,,,,,,,,,,,
2015-05-29,0.0010063270727814634,1.03349,1.03398,33.0,-0.0016365744057294533,1.0318,1.0323,1.0326,1.03245,62.0,-0.0021891596948470813,1.03123,1.03127,1.03161,1.0316,64.0,-0.002800267322155222,1.0306,1.03062,1.03194,1.03213
2015-06-01,0.0009650423395100421,1.03264,1.03317,124.0,-0.0016670224256314895,1.03092,1.03086,1.03125,1.03053,134.0,-0.00200658264989943,1.03057,1.03069,1.03053,1.03019,148.0,-0.002569536424909744,1.02999,1.03019,1.03,1.02983
2015-06-02,0.0008446888710976468,1.03809,1.04027,17.0,0.0014150605205821003,1.03956,1.03918,1.03814,1.03928,59.0,0.0022035448446331126,1.04038,1.04106,1.04099,1.04122,59.0,0.0022035448446331126,1.04038,1.04106,1.04099,1.04122
2015-06-03,0.0007855479756545437,1.04254,1.0533,23.0,0.0015431140413551658,1.04415,1.04453,1.04495,1.04716,24.0,0.0019069802192212195,1.04453,1.04475,1.04485,1.04692,25.0,0.0021175790865948585,1.04475,1.04467,1.04533,1.04634
2015-06-04,0.0013764679045415165,1.05545,1.05303,41.0,-0.002067605729185341,1.05327,1.05362,1.05337,1.05341,78.0,-0.00308400595537264,1.0522,1.05175,1.05132,1.05115,79.0,-0.0035117727814492528,1.05175,1.05176,1.05137,1.0513
2015-06-05,0.00207202659635827,1.04736,1.04813,82.0,0.0034598647710107878,1.05099,1.05101,1.0508,1.04958,165.0,0.004258791968469356,1.05183,1.05181,1.05128,1.05213,,,,,,
2015-06-08,0.0020105104064149903,1.04644,1.04815,73.0,0.0031200082557426697,1.04971,1.04955,1.04932,1.0504,95.0,0.004243496901005139,1.05089,1.05062,1.05034,1.04937,,,,,,
2015-06-09,0.0018050414397341927,1.04646,1.049,,,,,,,,,,,,,,,,,,
2015-06-10,0.0017462675101430228,1.04927,1.05059,,,,,,,,,,,,,,,,,,
2015-06-11,0.001653201047841379,1.05222,1.05193,,,,,,,,,,,,,,,,,,
2015-06-12,0.00158043566914135,1.04597,1.04451,91.0,-0.0026901166462596302,1.04316,1.04324,1.04311,1.04387,,,,,,,,,,,,
2015-06-15,0.0015438012128491936,1.04973,1.05388,75.0,0.0024167471325159916,1.05227,1.05255,1.05266,1.05229,84.0,0.0032431895352004487,1.05314,1.05312,1.05202,1.05266,,,,,,
2015-06-16,0.0015004717897669658,1.04703,1.04789,,,,,,,,,,,,,,,,,,
2015-06-17,0.0014758673449208537,1.04518,1.04256,,,,,,,,,,,,,,,,,,
2015-06-18,0.001372037694039477,1.04577,1.04879,,,,,,,,,,,,,,,,,,
2015-06-19,0.0012981282774538613,1.04521,1.04328,131.0,0.0019689561338843606,1.04727,1.04757,1.04731,1.0466,,,,,,,,,,,,
2015-06-22,0.0012440966325837975,1.04615,1.04611,13.0,-0.0023829928829134364,1.04366,1.04342,1.04192,1.04268,14.0,-0.002612979276399057,1.04342,1.04315,1.04231,1.04306,16.0,-0.004704448191861516,1.04124,1.04182,1.04209,1.04289
2015-06-23,0.0014201196821155997,1.04567,1.04476,,,,,,,,,,,,,,,,,,
2015-06-24,0.0013224958020595016,1.04482,1.04624,,,,,,,,,,,,,,,,,,
2015-06-25,0.0012313066543078231,1.05292,1.04931,14.0,-0.0022058273186820027,1.0506,1.05081,1.05085,1.05134,99.0,-0.003024742397251557,1.04974,1.05028,1.04994,1.04932,108.0,-0.003453511883055863,1.04929,1.04805,1.04915,1.04785
2015-06-26,0.0012385189147413544,1.04411,1.04313,169.0,-0.0018789609891840416,1.04215,1.04252,1.04199,,177.0,-0.0025124677581778686,1.04149,1.04163,,,,,,,,
2015-06-29,0.0011494286591634977,1.03695,1.03741,,,,,,,,,,,,,,,,,,
2015-06-30,0.001636453853632097,1.03986,1.04213,49.0,0.0026123216484739563,1.04258,1.04258,1.0427,1.04446,61.0,0.0035135249116154074,1.04352,1.04366,1.04419,1.04389,64.0,0.004413916738649361,1.04446,1.04414,1.04383,1.04346
2015-07-01,0.0015944563987791052,1.04541,1.04799,179.0,0.0036855313167095806,1.04927,1.04815,,,179.0,0.0036855313167095806,1.04927,1.04815,,,,,,,,
2015-07-02,0.0015858083122600947,1.05165,1.0466,54.0,-0.0030379384445520063,1.04846,1.04816,1.04682,1.04634,55.0,-0.003324113337520173,1.04816,1.04738,1.04631,1.04597,56.0,-0.004068551559670239,1.04738,1.04726,1.04671,1.04628
2015-07-03,0.0017316162608045527,1.04595,1.04447,,,,,,,,,,,,,,,,,,
2015-07-06,0.0016221260341246857,1.04151,1.04457,61.0,0.002656069526137518,1.04428,1.04427,1.04425,1.04427,177.0,0.003249603848887152,1.0449,1.04475,,,,,,,,
2015-07-07,0.0014354691235295754,1.04003,1.03834,20.0,-0.0022428332619894424,1.0377,1.03758,1.03813,1.03863,98.0,-0.002936916232765724,1.03698,1.03673,1.0374,1.0378,,,,,,
2015-07-08,0.0013445753475412317,1.04707,1.04739,78.0,0.002251372284130575,1.04943,1.04927,1.05028,1.04886,83.0,0.0030610079447047135,1.05028,1.0502,1.04964,1.04847,174.0,0.0035750244235867043,1.05082,1.05092,1.05104,
2015-07-09,0.001248214643394988,1.05015,1.04679,67.0,-0.0019826335478116226,1.04807,1.04825,1.04797,1.04835,96.0,-0.0030136303647676495,1.04699,1.04729,1.04718,1.04759,172.0,-0.0031760137714507254,1.04682,1.04681,1.04669,
2015-07-10,0.001468543659663455,1.04643,1.0493,120.0,0.0023385571744101645,1.04888,1.04862,1.04846,1.04803,,,,,,,,,,,,
2015-07-13,0.001439812101014619,1.04883,1.04613,161.0,-0.0022813298873710355,1.04644,1.04661,1.04612,1.0464,167.0,-0.0031608878706126864,1.04552,1.04524,1.0455,,,,,,,
2015-07-14,0.0012963310101687367,1.04238,1.0419,,,,,,,,,,,,,,,,,,
2015-07-15,0.001200687982910856,1.04424,1.04387,29.0,-0.0018211624046367218,1.04234,1.04274,1.04285,1.04235,,,,,,,,,,,,
2015-07-16,0.0013704861422738368,1.04121,1.04209,,,,,,,,,,,,,,,,,,
2015-07-17,0.0013017292079589003,1.04351,1.04247,,,,,,,,,,,,,,,,,,
2015-07-20,0.00120576837026962,1.04336,1.04513,132.0,0.001886350376702251,1.04533,1.0454,1.04522,1.04518,,,,,,,,,,,,
2015-07-21,0.0010454397714383234,1.0443,1.04788,176.0,0.0015978800397300587,1.04597,1.04604,,,,,,,,,,,,,,
2015-07-22,0.0009952027512247206,1.04822,1.04655,,,,,,,,,,,,,,,,,,
2015-07-23,0.0010530231121333336,1.05121,1.05182,162.0,0.0015968826168003866,1.05289,1.05288,1.05319,1.05335,178.0,0.0021191179859020464,1.05344,1.05333,,,,,,,,
2015-07-24,0.0010482466523200568,1.05189,1.05581,,,,,,,,,,,,,,,,,,
2015-07-27,0.0011238382126006646,1.05959,1.0666,123.0,0.0016879073489775506,1.06138,1.06141,1.06134,1.06099,169.0,0.0022907141864833514,1.06202,1.06238,1.06324,,171.0,0.0031095724427045134,1.06289,1.0629,1.06372,
2015-07-28,0.0010361019741076533,1.06658,1.06551,73.0,-0.0016139327153021556,1.06486,1.06496,1.06509,1.06509,,,,,,,,,,,,
2015-07-29,0.0015360696144945322,1.06308,1.06184,,,,,,,,,,,,,,,,,,
2015-07-30,0.0014272585767701792,1.06345,1.0584,51.0,-0.0021745380617046012,1.06114,1.0617,1.06201,1.06183,100.0,-0.003173963004173365,1.06008,1.05983,1.06025,1.05991,175.0,-0.0035702380242193382,1.05966,1.06004,1.05912,
2015-07-31,0.0013348998829684213,1.0569,1.06259,30.0,0.002598569887281358,1.05965,1.05892,1.05926,1.06036,37.0,0.0029382470085757106,1.06001,1.06044,1.06036,1.05992,38.0,0.0033438213026119154,1.06044,1.06034,1.05997,1.0596
2015-08-03,0.0013951426740793332,1.05999,1.06147,,,,,,,,,,,,,,,,,,
2015-08-04,0.0012427382507486857,1.06419,1.066,159.0,0.0018869790004792369,1.0662,1.0669,1.06635,1.06709,160.0,0.0025433008092341173,1.0669,1.06643,1.06673,1.06698,,,,,,
2015-08-05,0.0011639126967813236,1.06517,1.06635,54.0,0.001932095892731726,1.06723,1.0674,1.06715,1.06702,105.0,0.002531599446821439,1.06787,1.06814,1.06776,1.06629,,,,,,
2015-08-06,0.0011098815256683993,1.07156,1.07122,,,,,,,,,,,,,,,,,,
2015-08-07,0.0012182948833904758,1.07433,1.07646,,,,,,,,,,,,,,,,,,
2015-08-10,0.0012291455956904528,1.07899,1.08251,65.0,0.0018611202646135023,1.081,1.08071,1.08085,1.08075,89.0,0.00263787679050949,1.08184,1.08214,1.08282,1.08311,92.0,0.0031091847712696645,1.08235,1.08273,1.08301,1.08285
2015-08-11,0.0013862164626538434,1.08608,1.08979,129.0,0.002455365560905848,1.08875,1.08854,1.08844,1.08833,,,,,,,,,,,,
2015-08-12,0.0013300083142362888,1.08669,1.08514,148.0,-0.002275544417618426,1.08422,1.08437,1.08479,1.08582,,,,,,,,,,,,
2015-08-13,0.0018614512051899766,1.08553,1.08771,,,,,,,,,,,,,,,,,,
2015-08-14,0.0017841381420843786,1.08777,1.08661,,,,,,,,,,,,,,,,,,
2015-08-17,0.0016535678648891513,1.08432,1.08217,,,,,,,,,,,,,,,,,,
2015-08-18,0.0015298710352741145,1.08057,1.07614,,,,,,,,,,,,,,,,,,
2015-08-19,0.001423418098466838,1.07514,1.07307,113.0,-0.002281373351353616,1.07269,1.07247,1.07268,1.07339,,,,,,,,,,,,
2015-08-20,0.00145527451092167,1.0774,1.07793,,,,,,,,,,,,,,,,,,
2015-08-21,0.0014164355250374265,1.07592,1.07723,121.0,0.0021910694867275206,1.07828,1.07793,1.07774,1.0787,141.0,0.002840040889866877,1.07898,1.07899,1.07879,1.07859,,,,,,
2015-08-24,0.001386860715931602,1.07734,1.08205,29.0,0.0021048247182944508,1.07961,1.07939,1.07895,1.08001,46.0,0.003678228963440125,1.08131,1.08029,1.08018,1.08045,46.0,0.003678228963440125,1.08131,1.08029,1.08018,1.08045
2015-08-25,0.0012153024588513446,1.08401,1.08276,44.0,-0.0018651898297509346,1.08199,1.08159,1.08163,1.08017,53.0,-0.002651088082513586,1.08114,1.08111,1.08068,1.07989,58.0,-0.0030766554349688276,1.08068,1.08017,1.08037,1.0802
2015-08-26,0.0011536393018712885,1.07829,1.07855,49.0,-0.0018286377107313919,1.07632,1.07617,1.07635,1.07678,,,,,,,,,,,,
2015-08-27,0.00133122516202834,1.07862,1.0823,,,,,,,,,,,,,,,,,,
2015-08-28,0.0013935752455236932,1.08162,1.07491,161.0,-0.0022491575144399593,1.07919,1.07918,1.07933,1.07904,177.0,-0.002953637479801756,1.07843,1.07814,,,179.0,-0.0037606913596636643,1.07756,1.07746,,
2015-08-31,0.0015700915582781308,1.08173,1.08387,86.0,0.002520555856460663,1.08446,1.08434,1.08414,1.08442,128.0,0.003165830166513655,1.08516,1.08491,1.08413,1.08402,,,,,,
2015-09-01,0.0019091413520103215,1.08336,1.0838,,,,,,,,,,,,,,,,,,
2015-09-02,0.0019091022732262435,1.08679,1.08937,,,,,,,,,,,,,,,,,,
2015-09-03,0.0017668068081793198,1.08932,1.08436,41.0,-0.0035774265075783017,1.08543,1.08475,1.08575,1.08458,41.0,-0.0035774265075783017,1.08543,1.08475,1.08575,1.08458,54.0,-0.0048496209376951566,1.08405,1.08401,1.08438,1.08524
2015-09-04,0.0017038156195912475,1.08538,1.08438,30.0,-0.0026754511175620123,1.08248,1.08255,1.08211,1.08276,,,,,,,,,,,,
2015-09-07,0.001727162406080588,1.08669,1.08867,,,,,,,,,,,,,,,,,,
2015-09-08,0.001487611339717209,1.09175,1.09345,131.0,0.0023329760587271404,1.0943,1.09481,1.09469,1.0948,,,,,,,,,,,,
2015-09-09,0.0014754700936980656,1.08992,1.09051,,,,,,,,,,,,,,,,,,
2015-09-10,0.0017017136128295214,1.09334,1.0959,,,,,,,,,,,,,,,,,,
2015-09-11,0.0015781621741975539,1.10159,1.10361,,,,,,,,,,,,,,,,,,
2015-09-14,0.0015622308088760748,1.09907,1.09517,152.0,-0.0023957998442139033,1.09644,1.09639,1.09709,1.09687,178.0,-0.0031895918850193094,1.09557,1.09489,,,,,,,,
2015-09-15,0.001344522274747028,1.09703,1.09853,,,,,,,,,,,,,,,,,,
2015-09-16,0.0013272274992438898,1.09413,1.09474,55.0,-0.002003596163551671,1.09194,1.0917,1.09245,1.09211,,,,,,,,,,,,
2015-09-17,0.0013018879421575317,1.09586,1.09814,,,,,,,,,,,,,,,,,,
2015-09-18,0.0012133094852398753,1.09091,1.09229,,,,,,,,,,,,,,,,,,
2015-09-21,0.0011550689042490007,1.0903,1.08727,66.0,0.001997453453684819,1.09248,1.09244,1.09253,1.09217,180.0,-0.0023967063662951966,1.08769,,,,,,,,,
2015-09-22,0.001035354567107731,1.0861,1.08378,98.0,-0.0016586808078541588,1.0843,1.08459,1.0848,1.08437,140.0,-0.0021937312352827264,1.08372,1.0837,1.08369,1.08362,,,,,,
2015-09-23,0.0013341040996601914,1.08858,1.09155,177.0,0.003063519937813082,1.09192,1.0917,,,177.0,0.003063519937813082,1.09192,1.0917,,,,,,,,
2015-09-24,0.001307465983553494,1.09395,1.09485,116.0,-0.0020863652666564107,1.09167,1.0917,1.09215,1.09301,,,,,,,,,,,,
2015-09-25,0.001802188782875604,1.09273,1.09234,,,,,,,,,,,,,,,,,,
2015-09-28,0.0016717960893794734,1.09513,1.09367,87.0,-0.002541738892851762,1.09235,1.09264,1.09335,1.0924,,,,,,,,,,,,
2015-09-29,0.001460673534117039,1.09137,1.09206,,,,,,,,,,,,,,,,,,
2015-09-30,0.0013773363850834107,1.09183,1.09062,151.0,-0.002127133665338706,1.08951,1.08954,1.08997,1.09018,,,,,,,,,,,,
2015-10-01,0.0012867375331313045,1.09135,1.09188,,,,,,,,,,,,,,,,,,
2015-10-02,0.0013348237721164176,1.09225,1.09183,,,,,,,,,,,,,,,,,,
2015-10-05,0.0013960286854760486,1.09303,1.09148,,,,,,,,,,,,,,,,,,
2015-10-06,0.0013308666707795105,1.09359,1.09041,177.0,-0.002334492484397051,1.09104,1.09088,,,179.0,-0.003022146374046255,1.09029,1.09054,,,,,,,,
2015-10-07,0.0012365607614329458,1.08807,1.09287,121.0,0.0019648536354209874,1.09021,1.09039,1.09163,1.09088,124.0,0.0029183435722454393,1.09125,1.0916,1.09163,1.09089,125.0,0.003239025252616748,1.0916,1.09163,1.09124,1.09113
2015-10-08,0.0011612450620884873,1.09328,1.09129,117.0,-0.0019043439432706092,1.0912,1.09113,1.09164,1.092,175.0,-0.002353491715852719,1.09071,1.0904,1.09028,,,,,,,
2015-10-09,0.0012671987390327265,1.09129,1.0926,,,,,,,,,,,,,,,,,,
2015-10-12,0.001321907513308216,1.0927,1.09293,,,,,,,,,,,,,,,,,,
2015-10-13,0.0011688008934131128,1.09143,1.09186,35.0,-0.001953474916519959,1.0893,1.0893,1.09002,1.09087,,,,,,,,,,,,
2015-10-14,0.001112850755764696,1.0899,1.08835,,,,,,,,,,,,,,,,,,
2015-10-15,0.0011104414894075236,1.08709,1.08338,99.0,-0.001703240711348476,1.08524,1.08528,1.08512,1.08502,139.0,-0.0022470470928147787,1.08465,1.08461,1.08481,1.08467,171.0,-0.00333554783678518,1.08347,1.08344,1.08298,
2015-10-16,0.0010497336355872525,1.08033,1.0834,30.0,0.0016647710623265651,1.08213,1.08216,1.08156,1.08184,,,,,,,,,,,,
2015-10-19,0.001357529459788003,1.08277,1.08196,,,,,,,,,,,,,,,,,,
2015-10-20,0.0012106452818408757,1.0819,1.08354,,,,,,,,,,,,,,,,,,
2015-10-21,0.001125957191535308,1.0873,1.08553,,,,,,,,,,,,,,,,,,
2015-10-22,0.0010753308108230459,1.08904,1.08172,29.0,-0.0023626654858111876,1.08647,1.08516,1.08637,1.08629,29.0,-0.0023626654858111876,1.08647,1.08516,1.08637,1.08629,30.0,-0.0035691326638286735,1.08516,1.08589,1.08619,1.08724
2015-10-23,0.0010950358547833136,1.08039,1.0762,18.0,-0.0018436258864087897,1.0784,1.07854,1.07806,1.07735,27.0,-0.0022146145755088465,1.078,1.07797,1.07736,1.07763,32.0,-0.0028084829026649213,1.07736,1.07735,1.07698,1.07768
2015-10-26,0.0013756210691659426,1.08184,1.0846,,,,,,,,,,,,,,,,,,
2015-10-27,0.0012600643461945045,1.08874,1.08875,127.0,-0.0020411360212146644,1.08652,1.0863,1.08646,1.08642,149.0,-0.002593510324077666,1.08592,1.08623,1.08623,1.08641,,,,,,
2015-10-28,0.0015827071112733948,1.08953,1.08989,,,,,,,,,,,,,,,,,,
2015-10-29,0.001517300665446874,1.08475,1.0871,,,,,,,,,,,,,,,,,,
2015-10-30,0.0014477085523884501,1.08922,1.08796,98.0,0.002191826925360908,1.09161,1.09145,1.0911,1.09155,,,,,,,,,,,,
2015-11-02,0.001347900358158665,1.08849,1.08692,119.0,-0.002520422262945939,1.08575,1.08598,1.08612,1.08644,,,,,,,,,,,,
2015-11-03,0.0011884097944115215,1.08661,1.08606,128.0,-0.0017961842831801514,1.08466,1.08469,1.0853,1.0852,,,,,,,,,,,,
2015-11-04,0.0011150217193361279,1.08087,1.07968,78.0,-0.0016852480006134024,1.07905,1.07915,1.07908,1.07847,92.0,-0.002287811230043559,1.0784,1.07847,1.07889,1.07936,,,,,,
2015-11-05,0.0010380853818903921,1.08333,1.08323,,,,,,,,,,,,,,,,,,
2015-11-06,0.0013102790834351506,1.07969,1.08011,16.0,-0.002104668596351866,1.07742,1.07793,1.07792,1.07839,,,,,,,,,,,,
2015-11-09,0.0013271048485606364,1.08,1.07876,151.0,-0.0020391146188690795,1.0778,1.07796,1.07791,1.07794,,,,,,,,,,,,
2015-11-10,0.0012522133080958098,1.07738,1.07774,,,,,,,,,,,,,,,,,,
2015-11-11,0.0011928109364659164,1.07901,1.07859,,,,,,,,,,,,,,,,,,
2015-11-12,0.0011078980589280592,1.0774,1.07912,41.0,0.0017897469921411557,1.07933,1.07927,1.07954,1.07941,43.0,0.0026047354144056265,1.08021,1.0798,1.07944,1.07959,60.0,0.002799123163035731,1.08042,1.07954,1.07957,1.07953
2015-11-13,0.0010274784642122497,1.07847,1.08222,59.0,0.0015565503323408483,1.08015,1.07954,1.07965,1.08027,81.0,0.002065609278475303,1.0807,1.08082,1.08061,1.08106,110.0,0.0026021544952804132,1.08128,1.08111,1.08116,1.08168
2015-11-16,0.0009669050667286622,1.08024,1.07945,58.0,-0.0015656922120612909,1.07855,1.07869,1.07899,1.07911,,,,,,,,,,,,
2015-11-17,0.0010003658522991733,1.08114,1.08088,,,,,,,,,,,,,,,,,,
2015-11-18,0.0009586804820603698,1.08411,1.08435,43.0,0.0015024082831598367,1.08574,1.08551,1.08539,1.08524,,,,,,,,,,,,
2015-11-19,0.0009696299470101644,1.08872,1.08875,,,,,,,,,,,,,,,,,,
2015-11-20,0.0013217232711636808,1.08491,1.08537,,,,,,,,,,,,,,,,,,
2015-11-23,0.0012398191503028037,1.08521,1.08269,103.0,-0.002047782285565309,1.08299,1.08307,1.08285,1.08299,142.0,-0.002528049766834854,1.08247,1.08226,1.08233,1.0821,180.0,-0.0031656840728329933,1.08178,,,
2015-11-24,0.0011026776025992167,1.08396,1.0816,103.0,-0.0016619581688140388,1.08216,1.08219,1.08215,1.08196,,,,,,,,,,,,
2015-11-25,0.0010347994745222892,1.08249,1.08474,62.0,0.0015692214344969289,1.08419,1.08409,1.08397,1.08347,112.0,0.0022791769768452136,1.08496,1.08487,1.08559,1.08538,117.0,0.0028596750235996182,1.08559,1.08552,1.0855,1.08593
2015-11-26,0.0009849562421591269,1.08739,1.086,,,,,,,,,,,,,,,,,,
2015-11-27,0.0009700603533652503,1.0904,1.09117,174.0,0.001512062420097332,1.09205,1.09203,1.09195,,,,,,,,,,,,,
2015-11-30,0.0009002089892032923,1.09075,1.08498,32.0,-0.0014679575093535658,1.08915,1.08926,1.08936,1.08919,66.0,-0.0018169143157156888,1.08877,1.08877,1.08867,1.08844,83.0,-0.00242328675721265,1.08811,1.08812,1.08854,1.08816
2015-12-01,0.0009733180738815945,1.09137,1.09327,147.0,0.0014741230036847725,1.09298,1.09303,1.09323,1.09294,,,,,,,,,,,,
2015-12-02,0.001117845896219643,1.08707,1.08354,,,,,,,,,,,,,,,,,,
2015-12-03,0.0011424958825472264,1.09009,1.08814,35.0,0.001750615682938007,1.092,1.0913,1.09069,1.08911,86.0,-0.002305217146323373,1.08758,1.0873,1.08677,1.08713,91.0,-0.0030502674256889027,1.08677,1.08618,1.0865,1.08771
2015-12-04,0.0015958455124236862,1.08999,1.0872,145.0,-0.002434175167276941,1.08734,1.08728,1.08714,1.08736,,,,,,,,,,,,
2015-12-07,0.001575324879756547,1.08363,1.08658,129.0,0.002635800467999278,1.08649,1.08635,1.08679,1.08765,138.0,0.0032706714678990027,1.08718,1.08719,1.08739,1.08684,,,,,,
2015-12-08,0.001364982566321266,1.08214,1.08067,,,,,,,,,,,,,,,,,,
2015-12-09,0.0012641870202679188,1.08328,1.08407,,,,,,,,,,,,,,,,,,
2015-12-10,0.001194275881390829,1.08057,1.08231,174.0,0.0018214520247732064,1.08254,1.08251,1.08252,,,,,,,,,,,,,
2015-12-11,0.0011155824347411365,1.08131,1.0808,,,,,,,,,,,,,,,,,,
2015-12-14,0.0010919167985427617,1.07884,1.08409,51.0,0.001639306671958668,1.08061,1.08083,1.08092,1.08065,93.0,0.0024625765798432244,1.0815,1.08141,1.08168,1.08162,99.0,0.0027769053518340585,1.08184,1.08176,1.08171,1.0818
2015-12-15,0.0009478720634902675,1.08246,1.08306,26.0,-0.0014977121091148838,1.08084,1.08082,1.08075,1.08134,96.0,-0.0019048857743061078,1.0804,1.08058,1.08116,1.08086,,,,,,
2015-12-16,0.001023078476688936,1.08088,1.07731,50.0,-0.0018149833670217832,1.07892,1.07847,1.07816,1.07734,51.0,-0.0022321541210590804,1.07847,1.07847,1.07805,1.0772,56.0,-0.0026216705691424523,1.07805,1.07827,1.07809,1.07717
2015-12-17,0.0009491440130704253,1.0808,1.07803,62.0,-0.0014444179470978816,1.07924,1.07918,1.07874,1.07891,67.0,-0.0019078142797305199,1.07874,1.07846,1.07893,1.07866,85.0,-0.002427073234705904,1.07818,1.07821,1.07837,1.07873
2015-12-18,0.0010172143137970745,1.07652,1.07806,63.0,0.0016335626428290548,1.07828,1.07897,1.07833,1.07861,64.0,0.002273265990637788,1.07897,1.07882,1.07815,1.07846,,,,,,
2015-12-21,0.0009538481522667026,1.08166,1.08303,119.0,0.0015611940298260573,1.08335,1.08321,1.08342,1.08326,,,,,,,,,,,,
2015-12-22,0.000824388007483739,1.08358,1.08207,,,,,,,,,,,,,,,,,,
2015-12-23,0.0011280828173325216,1.0813,1.08132,,,,,,,,,,,,,,,,,,
2015-12-24,0.001088035885110919,1.0804,1.08119,,,,,,,,,,,,,,,,,,
2015-12-28,0.0010142245857052566,1.08467,1.08463,,,,,,,,,,,,,,,,,,
2015-12-29,0.0008933419302143272,1.08428,1.08413,121.0,-0.0013751288465961315,1.08279,1.0829,1.08313,1.08302,,,,,,,,,,,,
2015-12-30,0.0008885244048553513,1.08227,1.07987,90.0,-0.0013776845062944338,1.08078,1.08087,1.08134,1.08071,115.0,-0.001840420394166174,1.08028,1.08005,1.08091,1.08081,149.0,-0.002312631694346076,1.07977,1.07966,1.07976,1.07961
2015-12-31,0.0008249211825014028,1.08477,1.08606,12.0,0.0015014948679601104,1.0864,1.08677,1.08563,1.08542,13.0,0.0018420112597520317,1.08677,1.08646,1.08545,1.08559,114.0,0.00214561727348308,1.0871,1.08707,1.0873,1.08743
2016-01-04,0.0009538189308900731,1.08772,1.08566,119.0,-0.0017943496617880358,1.08577,1.08603,1.0855,1.08476,121.0,-0.0019509328331013833,1.0856,1.08535,1.08537,1.08521,133.0,-0.002494558831811457,1.08501,1.08476,1.08505,1.08482
2016-01-05,0.0023155153919833488,1.08505,1.08419,,,,,,,,,,,,,,,,,,
2016-01-06,0.0022579841528577813,1.08494,1.08619,,,,,,,,,,,,,,,,,,
2016-01-07,0.0022103167130326884,1.08699,1.08747,,,,,,,,,,,,,,,,,,
2016-01-08,0.0021757149826762945,1.08514,1.08631,,,,,,,,,,,,,,,,,,
2016-01-11,0.0021513084595925045,1.08563,1.08821,,,,,,,,,,,,,,,,,,
2016-01-12,0.0021328360092687892,1.08504,1.08736,,,,,,,,,,,,,,,,,,
2016-01-13,0.0021338011017813237,1.09273,1.09255,,,,,,,,,,,,,,,,,,
2016-01-14,0.002123297069168123,1.09448,1.09217,,,,,,,,,,,,,,,,,,
2016-01-15,0.0023276113303803848,1.09462,1.09419,,,,,,,,,,,,,,,,,,
2016-01-18,0.002281947641084313,1.09472,1.09502,,,,,,,,,,,,,,,,,,
2016-01-19,0.002210939131485747,1.09193,1.09374,,,,,,,,,,,,,,,,,,
2016-01-20,0.002178855166065031,1.0924,1.09412,,,,,,,,,,,,,,,,,,
2016-01-21,0.0021536749792230507,1.09378,1.09581,,,,,,,,,,,,,,,,,,
2016-01-22,0.002147682696600438,1.09629,1.09738,,,,,,,,,,,,,,,,,,
2016-01-25,0.0021331915615280294,1.09853,1.09995,,,,,,,,,,,,,,,,,,
2016-01-26,0.0021463388032796444,1.1012,1.10494,156.0,0.003671059437900384,1.10525,1.1052,1.10509,1.10555,,,,,,,,,,,,
2016-01-27,0.0021793896690201634,1.10549,1.10672,,,,,,,,,,,,,,,,,,
2016-01-28,0.0022301939900937484,1.10562,1.10995,103.0,0.0033679946237667522,1.10935,1.10934,1.10924,1.10894,,,,,,,,,,,,
2016-01-29,0.002219988354124001,1.11244,1.10829,112.0,-0.0033947023069160706,1.10867,1.10861,1.1082,1.10836,130.0,-0.005552765403208314,1.10628,1.10629,1.10618,1.10715,130.0,-0.005552765403208314,1.10628,1.10629,1.10618,1.10715
2016-02-01,0.0022055696665086518,1.10933,1.11057,,,,,,,,,,,,,,,,,,
2016-02-02,0.002158173532378015,1.11412,1.11099,134.0,-0.0034346065538211025,1.1103,1.11069,1.11066,1.11042,,,,,,,,,,,,
2016-02-03,0.002179909660085525,1.11234,1.11255,,,,,,,,,,,,,,,,,,
2016-02-04,0.002155622646124081,1.11749,1.11457,65.0,-0.0035858719362417153,1.11349,1.11429,1.11448,1.11455,145.0,-0.004313579196464693,1.11268,1.11275,1.11304,1.11324,,,,,,
2016-02-05,0.002180080466919164,1.10983,1.10538,143.0,-0.0035654523240985273,1.10588,1.10581,1.10625,1.10572,,,,,,,,,,,,
2016-02-08,0.0021643849618812805,1.10596,1.10523,80.0,-0.0033511185140803774,1.10226,1.10203,1.10267,1.10304,,,,,,,,,,,,
2016-02-09,0.0022769749510944664,1.09797,1.09856,,,,,,,,,,,,,,,,,,
2016-02-10,0.0022439213706494,1.09589,1.09737,,,,,,,,,,,,,,,,,,
2016-02-11,0.002291061194981941,1.10225,1.10203,,,,,,,,,,,,,,,,,,
2016-02-12,0.002238012525109591,1.09799,1.09809,,,,,,,,,,,,,,,,,,
2016-02-15,0.0022448879933744683,1.10266,1.10123,,,,,,,,,,,,,,,,,,
2016-02-16,0.0021754231952568286,1.10208,1.10102,,,,,,,,,,,,,,,,,,
2016-02-17,0.002172040073734958,1.10424,1.10567,,,,,,,,,,,,,,,,,,
2016-02-18,0.0021517595933466496,1.10286,1.10349,,,,,,,,,,,,,,,,,,
2016-02-19,0.0021730690533086658,1.10075,1.10163,,,,,,,,,,,,,,,,,,
2016-02-22,0.002162599327590252,1.10011,1.10106,,,,,,,,,,,,,,,,,,
2016-02-23,0.0021376278276617,1.09331,1.09188,,,,,,,,,,,,,,,,,,
2016-02-24,0.002134524691206739,1.09107,1.08703,171.0,-0.0035808764574784,1.08717,1.08707,1.08692,,,,,,,,,,,,,
2016-02-25,0.002250286832945639,1.09433,1.09173,,,,,,,,,,,,,,,,,,
2016-02-26,0.0022460360920994013,1.09302,1.09019,155.0,-0.003390858935997722,1.08932,1.08935,1.08948,1.08946,,,,,,,,,,,,
2016-02-29,0.002213949986359876,1.08983,1.08368,112.0,-0.0033363541561515875,1.0862,1.086,1.08476,1.0821,117.0,-0.004662956406939182,1.08476,1.08258,1.0829,1.08274,118.0,-0.0066746396086344115,1.08258,1.08197,1.0826,1.08296
2016-03-01,0.0021866122626296937,1.08555,1.08527,,,,,,,,,,,,,,,,,,
2016-03-02,0.0022310100203497512,1.0838,1.0822,,,,,,,,,,,,,,,,,,
2016-03-03,0.0021985576743502482,1.08333,1.08509,,,,,,,,,,,,,,,,,,
2016-03-04,0.002175303215141525,1.08999,1.09286,117.0,0.003699604040237067,1.09403,1.09359,1.09312,1.09282,,,,,,,,,,,,
2016-03-07,0.002189231584188928,1.09613,1.09602,,,,,,,,,,,,,,,,,,
2016-03-08,0.002252546550232717,1.09448,1.09644,,,,,,,,,,,,,,,,,,
2016-03-09,0.0022366082684580767,1.09749,1.09766,,,,,,,,,,,,,,,,,,
2016-03-10,0.002198775655337392,1.09356,1.10056,12.0,0.003969943200829732,1.09791,1.09949,1.0967,1.09791,13.0,0.005408006614218511,1.09949,1.098,1.0976,1.0976,98.0,0.005835386192889333,1.09996,1.09969,1.09951,1.10045
2016-03-11,0.002177257868398153,1.09608,1.09521,,,,,,,,,,,,,,,,,,
2016-03-14,0.0022860682045660226,1.09697,1.09488,,,,,,,,,,,,,,,,,,
2016-03-15,0.0022684632414237834,1.09548,1.09491,,,,,,,,,,,,,,,,,,
2016-03-16,0.002230082059577086,1.09594,1.09403,,,,,,,,,,,,,,,,,,
2016-03-17,0.0021964552295129555,1.09651,1.09511,158.0,-0.0033251453414503205,1.09287,1.09283,1.09279,1.09268,,,,,,,,,,,,
2016-03-18,0.002174737183785083,1.09153,1.09336,,,,,,,,,,,,,,,,,,
2016-03-21,0.0021848935835965767,1.09265,1.08936,,,,,,,,,,,,,,,,,,
2016-03-22,0.0021712244129462733,1.08877,1.08967,,,,,,,,,,,,,,,,,,
2016-03-23,0.00217970214791678,1.08985,1.08764,,,,,,,,,,,,,,,,,,
2016-03-24,0.0021699251912628338,1.08853,1.09009,,,,,,,,,,,,,,,,,,
2016-03-25,0.0021646298660589784,1.09059,1.09181,,,,,,,,,,,,,,,,,,
2016-03-28,0.0021519108018796863,1.09116,1.09091,,,,,,,,,,,,,,,,,,
2016-03-29,0.0021386363115975344,1.09187,1.09169,,,,,,,,,,,,,,,,,,
2016-03-30,0.0021345579467179636,1.09135,1.09169,,,,,,,,,,,,,,,,,,
2016-03-31,0.0021369445563796485,1.0933,1.09132,,,,,,,,,,,,,,,,,,
2016-04-01,0.002137795162344564,1.09414,1.09147,99.0,-0.0032223246908492484,1.09062,1.09068,1.09148,1.09125,,,,,,,,,,,,
2016-04-04,0.0021328765504709255,1.09169,1.09249,,,,,,,,,,,,,,,,,,
2016-04-05,0.0021447153732404695,1.08936,1.0887,,,,,,,,,,,,,,,,,,
2016-04-06,0.002137258228954479,1.08903,1.09008,,,,,,,,,,,,,,,,,,
2016-04-07,0.0021802189265796496,1.08831,1.08732,168.0,-0.003405558949245667,1.08461,1.0846,1.08576,,,,,,,,,,,,,
2016-04-08,0.0021652906784910605,1.08777,1.08776,,,,,,,,,,,,,,,,,,
2016-04-11,0.0021716573868764692,1.08817,1.08842,,,,,,,,,,,,,,,,,,
2016-04-12,0.00215266129849647,1.08778,1.08796,,,,,,,,,,,,,,,,,,
2016-04-13,0.0021528889721819807,1.08821,1.08883,,,,,,,,,,,,,,,,,,
2016-04-14,0.0021456366336484603,1.08764,1.08863,,,,,,,,,,,,,,,,,,
2016-04-15,0.002149470260430228,1.09181,1.09209,,,,,,,,,,,,,,,,,,
2016-04-18,0.0021405825672175436,1.09123,1.09105,,,,,,,,,,,,,,,,,,
2016-04-19,0.002148944197095375,1.09237,1.09189,,,,,,,,,,,,,,,,,,
2016-04-20,0.0021418097630585813,1.09362,1.09585,,,,,,,,,,,,,,,,,,
2016-04-21,0.0021473641180759237,1.0982,1.09859,,,,,,,,,,,,,,,,,,
2016-04-22,0.00221507146835616,1.09988,1.09861,,,,,,,,,,,,,,,,,,
2016-04-25,0.0022314685719933666,1.09681,1.09834,,,,,,,,,,,,,,,,,,
2016-04-26,0.002205684970677918,1.09954,1.09935,,,,,,,,,,,,,,,,,,
2016-04-27,0.002180096111392934,1.09942,1.09948,,,,,,,,,,,,,,,,,,
2016-04-28,0.0021732300993607388,1.09729,1.09708,,,,,,,,,,,,,,,,,,
2016-04-29,0.0021583987944933597,1.09837,1.09833,,,,,,,,,,,,,,,,,,
2016-05-02,0.0021576002909935305,1.09972,1.1005,,,,,,,,,,,,,,,,,,
2016-05-03,0.0021453229396002703,1.09754,1.09798,,,,,,,,,,,,,,,,,,
2016-05-04,0.002142301097653984,1.0994,1.09979,,,,,,,,,,,,,,,,,,
2016-05-05,0.00215285436574038,1.10168,1.10442,,,,,,,,,,,,,,,,,,
2016-05-06,0.0021598963748863,1.10685,1.10753,,,,,,,,,,,,,,,,,,
2016-05-09,0.0022065824397733574,1.10482,1.10583,,,,,,,,,,,,,,,,,,
2016-05-10,0.0022264449432498517,1.10725,1.10961,,,,,,,,,,,,,,,,,,
2016-05-11,0.0022134960477585485,1.10993,1.11019,,,,,,,,,,,,,,,,,,
2016-05-12,0.0022289842890806217,1.10622,1.1032,,,,,,,,,,,,,,,,,,
2016-05-13,0.00219638002696296,1.10201,1.10192,,,,,,,,,,,,,,,,,,
2016-05-16,0.0022487684706576313,1.10566,1.10701,,,,,,,,,,,,,,,,,,
2016-05-17,0.002186899208564709,1.10796,1.10656,,,,,,,,,,,,,,,,,,
2016-05-18,0.0021961862786507203,1.10857,1.10775,,,,,,,,,,,,,,,,,,
2016-05-19,0.002194401142826008,1.10846,1.10943,,,,,,,,,,,,,,,,,,
2016-05-20,0.002172797176309993,1.11245,1.1119,,,,,,,,,,,,,,,,,,
2016-05-23,0.0021719435513805215,1.11044,1.11013,,,,,,,,,,,,,,,,,,
2016-05-24,0.0021498732041815125,1.10806,1.10685,,,,,,,,,,,,,,,,,,
2016-05-25,0.002145727649139018,1.10474,1.10505,,,,,,,,,,,,,,,,,,
2016-05-26,0.002191342170791459,1.10774,1.10708,,,,,,,,,,,,,,,,,,
2016-05-27,0.0021730227260297777,1.10673,1.10462,,,,,,,,,,,,,,,,,,
2016-05-30,0.002167613157484909,1.10605,1.10571,,,,,,,,,,,,,,,,,,
2016-05-31,0.0021549110701698563,1.10425,1.10646,,,,,,,,,,,,,,,,,,
2016-06-01,0.0021495688805407034,1.10518,1.10413,,,,,,,,,,,,,,,,,,
2016-06-02,0.00214143289440385,1.10534,1.10483,,,,,,,,,,,,,,,,,,
2016-06-03,0.0021401442223713623,1.10409,1.10816,46.0,0.003219187675229871,1.10765,1.1075,1.11013,1.1071,50.0,0.004635599338954632,1.10922,1.11013,1.10742,1.10751,51.0,0.00545565931236812,1.11013,1.11015,1.10806,1.10763
2016-06-06,0.0021523044520551514,1.10565,1.10349,,,,,,,,,,,,,,,,,,
2016-06-07,0.002192193966169322,1.09765,1.09677,,,,,,,,,,,,,,,,,,
2016-06-08,0.0022931015893145894,1.0941,1.09385,,,,,,,,,,,,,,,,,,
2016-06-09,0.0023491395489192825,1.09162,1.0919,,,,,,,,,,,,,,,,,,
2016-06-10,0.002314511201391851,1.08911,1.08664,,,,,,,,,,,,,,,,,,
2016-06-13,0.00230703060746192,1.08861,1.08987,,,,,,,,,,,,,,,,,,
2016-06-14,0.002266555758277807,1.08283,1.08,,,,,,,,,,,,,,,,,,
2016-06-15,0.0022551993599904895,1.08191,1.08427,,,,,,,,,,,,,,,,,,
2016-06-16,0.002447354231531581,1.08156,1.07811,,,,,,,,,,,,,,,,,,
2016-06-17,0.002373594073756491,1.08173,1.08158,,,,,,,,,,,,,,,,,,
2016-06-20,0.0023426762837489143,1.08816,1.08838,,,,,,,,,,,,,,,,,,
2016-06-21,0.002448422807580173,1.08507,1.0806,112.0,-0.003683959571167313,1.08108,1.08073,1.08159,1.08192,,,,,,,,,,,,
2016-06-22,0.0023550937444111893,1.08288,1.08173,,,,,,,,,,,,,,,,,,
2016-06-23,0.002527943141092224,1.08771,1.08784,,,,,,,,,,,,,,,,,,
2016-06-24,0.0025524911861915978,1.0779,1.07931,27.0,0.0038334445122327754,1.08204,1.08249,1.08221,1.08014,,,,,,,,,,,,
2016-06-27,0.003111787308347385,1.07385,1.07885,,,,,,,,,,,,,,,,,,
2016-06-28,0.0029194192367395597,1.08419,1.08487,,,,,,,,,,,,,,,,,,
2016-06-29,0.002864987016146402,1.08662,1.08859,,,,,,,,,,,,,,,,,,
2016-06-30,0.002735834587349009,1.08528,1.08087,,,,,,,,,,,,,,,,,,
2016-07-01,0.0026076949226021017,1.08253,1.08429,,,,,,,,,,,,,,,,,,
2016-07-04,0.002535473739271341,1.08379,1.08243,,,,,,,,,,,,,,,,,,
2016-07-05,0.002326373346171995,1.08386,1.08203,,,,,,,,,,,,,,,,,,
2016-07-06,0.0022902082161763643,1.082,1.08304,,,,,,,,,,,,,,,,,,
2016-07-07,0.0022451422445229417,1.08166,1.08209,,,,,,,,,,,,,,,,,,
2016-07-08,0.0022120402817661076,1.08464,1.08629,,,,,,,,,,,,,,,,,,
2016-07-11,0.00220954482235954,1.0863,1.08585,,,,,,,,,,,,,,,,,,
2016-07-12,0.0021744715949011425,1.09083,1.09297,,,,,,,,,,,,,,,,,,
2016-07-13,0.0022140800788551227,1.09041,1.09257,,,,,,,,,,,,,,,,,,
2016-07-14,0.002261063970525316,1.09037,1.08939,,,,,,,,,,,,,,,,,,
2016-07-15,0.0022222031363741826,1.08961,1.08733,,,,,,,,,,,,,,,,,,
2016-07-18,0.0021973737198261152,1.08711,1.08791,,,,,,,,,,,,,,,,,,
2016-07-19,0.002360123327163847,1.08742,1.08489,,,,,,,,,,,,,,,,,,
2016-07-20,0.002289030094751004,1.08776,1.08651,,,,,,,,,,,,,,,,,,
2016-07-21,0.0022566901303283675,1.08741,1.08709,,,,,,,,,,,,,,,,,,
2016-07-22,0.002219158620027863,1.08597,1.08462,,,,,,,,,,,,,,,,,,
2016-07-25,0.0021905758575327975,1.08322,1.08345,,,,,,,,,,,,,,,,,,
2016-07-26,0.002185603288816645,1.08758,1.08985,,,,,,,,,,,,,,,,,,
2016-07-27,0.0021665660765287677,1.09267,1.09196,,,,,,,,,,,,,,,,,,
2016-07-28,0.002335951597780596,1.08967,1.08783,,,,,,,,,,,,,,,,,,
2016-07-29,0.002274816945026385,1.08247,1.08229,,,,,,,,,,,,,,,,,,
2016-08-01,0.002351133310909445,1.0808,1.08077,,,,,,,,,,,,,,,,,,
2016-08-02,0.002261287907170125,1.08137,1.08244,,,,,,,,,,,,,,,,,,
2016-08-03,0.0022278158148102485,1.0846,1.08541,,,,,,,,,,,,,,,,,,
2016-08-04,0.0022037623824420895,1.08309,1.08419,,,,,,,,,,,,,,,,,,
2016-08-05,0.0021885432366423275,1.08562,1.08554,,,,,,,,,,,,,,,,,,
2016-08-08,0.002169138011642392,1.08818,1.08957,,,,,,,,,,,,,,,,,,
2016-08-09,0.00215950886305861,1.09002,1.09162,,,,,,,,,,,,,,,,,,
2016-08-10,0.002170973872705101,1.09183,1.09007,,,,,,,,,,,,,,,,,,
2016-08-11,0.002188137833282462,1.08579,1.08596,,,,,,,,,,,,,,,,,,
2016-08-12,0.0022011655000798575,1.08865,1.088,,,,,,,,,,,,,,,,,,
2016-08-15,0.0022134885625113595,1.0887,1.08787,,,,,,,,,,,,,,,,,,
2016-08-16,0.002179292178758675,1.08489,1.08506,,,,,,,,,,,,,,,,,,
2016-08-17,0.0021630951799468255,1.08545,1.08578,,,,,,,,,,,,,,,,,,
2016-08-18,0.002182656432687251,1.08504,1.08526,,,,,,,,,,,,,,,,,,
2016-08-19,0.0021735531362253404,1.08524,1.08657,,,,,,,,,,,,,,,,,,
2016-08-22,0.0021971611671099053,1.08861,1.08911,,,,,,,,,,,,,,,,,,
2016-08-23,0.0021966104941953525,1.0899,1.08837,,,,,,,,,,,,,,,,,,
2016-08-24,0.0022071764442330943,1.08889,1.08888,,,,,,,,,,,,,,,,,,
2016-08-25,0.0021839322479705273,1.09041,1.09188,,,,,,,,,,,,,,,,,,
2016-08-26,0.0021677732727163395,1.09235,1.09248,,,,,,,,,,,,,,,,,,
2016-08-29,0.002165406007970146,1.09368,1.09372,,,,,,,,,,,,,,,,,,
2016-08-30,0.002172824348926372,1.09469,1.09502,,,,,,,,,,,,,,,,,,
2016-08-31,0.00215802540607483,1.0959,1.09576,,,,,,,,,,,,,,,,,,
2016-09-01,0.0021528243012744717,1.09783,1.09611,,,,,,,,,,,,,,,,,,
2016-09-02,0.002145459739651205,1.09602,1.09404,,,,,,,,,,,,,,,,,,
2016-09-05,0.0021426278080917184,1.09261,1.09265,,,,,,,,,,,,,,,,,,
2016-09-06,0.00218265915045702,1.09204,1.09216,,,,,,,,,,,,,,,,,,
2016-09-07,0.0021648515472371213,1.08918,1.09017,,,,,,,,,,,,,,,,,,
2016-09-08,0.0021685277363487623,1.09214,1.09447,,,,,,,,,,,,,,,,,,
2016-09-09,0.0021558756462472877,1.0965,1.09539,,,,,,,,,,,,,,,,,,
2016-09-12,0.00225291844487079,1.09372,1.09313,,,,,,,,,,,,,,,,,,
2016-09-13,0.0021916612035551104,1.09183,1.09485,,,,,,,,,,,,,,,,,,
2016-09-14,0.00225159458845924,1.0946,1.09437,,,,,,,,,,,,,,,,,,
2016-09-15,0.0022994764582569666,1.09428,1.09254,,,,,,,,,,,,,,,,,,
2016-09-16,0.0022608812206203087,1.09377,1.0931,,,,,,,,,,,,,,,,,,
2016-09-19,0.00223233715102991,1.09534,1.0952,,,,,,,,,,,,,,,,,,
2016-09-20,0.002177476263126104,1.09438,1.09283,,,,,,,,,,,,,,,,,,
2016-09-21,0.002183028296917359,1.08775,1.08947,,,,,,,,,,,,,,,,,,
2016-09-22,0.002226554533501549,1.08685,1.08652,,,,,,,,,,,,,,,,,,
2016-09-23,0.0022027923238264373,1.08865,1.08906,,,,,,,,,,,,,,,,,,
2016-09-26,0.0022162729801407594,1.0905,1.08942,,,,,,,,,,,,,,,,,,
2016-09-27,0.0021861612025900292,1.08816,1.08927,,,,,,,,,,,,,,,,,,
2016-09-28,0.002168741626848406,1.08919,1.08916,,,,,,,,,,,,,,,,,,
2016-09-29,0.0021610048714284613,1.08801,1.08543,,,,,,,,,,,,,,,,,,
2016-09-30,0.002154266678308999,1.08761,1.08951,,,,,,,,,,,,,,,,,,
2016-10-03,0.0022795661547036577,1.09164,1.0919,,,,,,,,,,,,,,,,,,
2016-10-04,0.0023532599350645595,1.09491,1.09673,,,,,,,,,,,,,,,,,,
2016-10-05,0.0022848561245074795,1.09553,1.09375,,,,,,,,,,,,,,,,,,
2016-10-06,0.002354103963960948,1.09413,1.09316,,,,,,,,,,,,,,,,,,
2016-10-07,0.0023699820920256545,1.0945,1.09427,,,,,,,,,,,,,,,,,,
2016-10-10,0.002296576461224562,1.09569,1.09551,,,,,,,,,,,,,,,,,,
2016-10-11,0.0022122313002684514,1.09353,1.09258,,,,,,,,,,,,,,,,,,
2016-10-12,0.0021843432077205556,1.09023,1.09054,,,,,,,,,,,,,,,,,,
2016-10-13,0.0021827092004419726,1.09035,1.08953,,,,,,,,,,,,,,,,,,
2016-10-14,0.0021738378030236013,1.08893,1.08755,,,,,,,,,,,,,,,,,,
2016-10-17,0.0021613989968443915,1.08691,1.08669,,,,,,,,,,,,,,,,,,
2016-10-18,0.0021686016366169033,1.08831,1.08719,,,,,,,,,,,,,,,,,,
2016-10-19,0.0021596275494393078,1.08531,1.08488,,,,,,,,,,,,,,,,,,
2016-10-20,0.0021503848403799136,1.08501,1.08417,,,,,,,,,,,,,,,,,,
2016-10-21,0.0021480916625276347,1.0826,1.08149,,,,,,,,,,,,,,,,,,
2016-10-24,0.002141621345099895,1.08157,1.08001,,,,,,,,,,,,,,,,,,
2016-10-25,0.0021673099509760506,1.08351,1.08234,,,,,,,,,,,,,,,,,,
2016-10-26,0.0021556771887252953,1.08354,1.08367,,,,,,,,,,,,,,,,,,
2016-10-27,0.0021589961853819973,1.08384,1.08379,,,,,,,,,,,,,,,,,,
2016-10-28,0.0021482073280230337,1.08558,1.08592,,,,,,,,,,,,,,,,,,
2016-10-31,0.002140227287577917,1.08289,1.08427,,,,,,,,,,,,,,,,,,
2016-11-01,0.0021398293401393817,1.08342,1.08126,,,,,,,,,,,,,,,,,,
2016-11-02,0.0021393165567959735,1.07737,1.07867,,,,,,,,,,,,,,,,,,
2016-11-03,0.002342433228461056,1.07786,1.08122,,,,,,,,,,,,,,,,,,
2016-11-04,0.0022866735648375772,1.07865,1.07709,,,,,,,,,,,,,,,,,,
2016-11-07,0.002269080877906464,1.07821,1.07674,,,,,,,,,,,,,,,,,,
2016-11-08,0.0022435898865388387,1.07761,1.07617,,,,,,,,,,,,,,,,,,
2016-11-09,0.0022801712696180294,1.07752,1.07538,,,,,,,,,,,,,,,,,,
2016-11-10,0.002239868738257089,1.07607,1.07541,,,,,,,,,,,,,,,,,,
2016-11-11,0.0022292276918584,1.07326,1.07093,,,,,,,,,,,,,,,,,,
2016-11-14,0.0021977817065070115,1.07445,1.07179,57.0,-0.0035803232562143608,1.07061,1.0706,1.07085,1.07124,126.0,-0.004477410586147554,1.06965,1.06975,1.0697,1.06984,,,,,,
2016-11-15,0.002199613175948175,1.07404,1.07391,,,,,,,,,,,,,,,,,,
2016-11-16,0.0021874264145573833,1.07446,1.07145,,,,,,,,,,,,,,,,,,
2016-11-17,0.0021938639597513534,1.07256,1.07027,,,,,,,,,,,,,,,,,,
2016-11-18,0.002207337566481896,1.07054,1.0702,,,,,,,,,,,,,,,,,,
2016-11-21,0.0021976921884161687,1.07298,1.07188,,,,,,,,,,,,,,,,,,
2016-11-22,0.002162038532351215,1.07283,1.07336,,,,,,,,,,,,,,,,,,
2016-11-23,0.002176739943335663,1.07189,1.073,,,,,,,,,,,,,,,,,,
2016-11-24,0.0021778252639586826,1.07253,1.07344,,,,,,,,,,,,,,,,,,
2016-11-25,0.0021692352054222233,1.0736,1.07381,,,,,,,,,,,,,,,,,,
2016-11-28,0.002158910501819381,1.07432,1.07418,,,,,,,,,,,,,,,,,,
2016-11-29,0.0021554634464154353,1.07495,1.07638,,,,,,,,,,,,,,,,,,
2016-11-30,0.002148734359209,1.07998,1.07883,,,,,,,,,,,,,,,,,,
2016-12-01,0.0021660840096547522,1.07716,1.0764,,,,,,,,,,,,,,,,,,
2016-12-02,0.002153613624905752,1.07439,1.07781,108.0,0.0032523678008616404,1.07789,1.07804,1.07799,1.07859,,,,,,,,,,,,
2016-12-05,0.002156270781669779,1.07931,1.08392,78.0,0.0033945525568844304,1.08298,1.08304,1.0831,1.0838,90.0,0.0044097529615567945,1.08408,1.08408,1.08416,1.08426,,,,,,
2016-12-06,0.002230241464021371,1.08376,1.08244,,,,,,,,,,,,,,,,,,
2016-12-07,0.0026077575885611578,1.08418,1.08278,,,,,,,,,,,,,,,,,,
2016-12-08,0.0024692054096000626,1.08219,1.0783,130.0,-0.0037865331847208835,1.0781,1.07822,1.0783,1.079,,,,,,,,,,,,
2016-12-09,0.002377465811727754,1.07692,1.07397,,,,,,,,,,,,,,,,,,
2016-12-12,0.002416432866520349,1.07794,1.07805,,,,,,,,,,,,,,,,,,
2016-12-13,0.0023196519516913484,1.07444,1.07575,,,,,,,,,,,,,,,,,,
2016-12-14,0.0023094869478117036,1.07494,1.07668,,,,,,,,,,,,,,,,,,
2016-12-15,0.0022726636833148915,1.07374,1.07304,,,,,,,,,,,,,,,,,,
2016-12-16,0.002230948051633672,1.07474,1.07186,126.0,-0.0033832779202521857,1.07111,1.0716,1.07104,1.07225,,,,,,,,,,,,
2016-12-19,0.002217935045106784,1.07089,1.06872,,,,,,,,,,,,,,,,,,
2016-12-20,0.0021728292936478905,1.06901,1.06904,,,,,,,,,,,,,,,,,,
2016-12-21,0.0022083020960569225,1.06928,1.06917,,,,,,,,,,,,,,,,,,
2016-12-22,0.0021873256559363963,1.07068,1.07037,,,,,,,,,,,,,,,,,,
2016-12-23,0.002171223870288376,1.07123,1.07323,,,,,,,,,,,,,,,,,,
2016-12-27,0.002159280761653576,1.07509,1.07522,,,,,,,,,,,,,,,,,,
2016-12-28,0.0021576389394339034,1.07065,1.07067,,,,,,,,,,,,,,,,,,
2016-12-29,0.0021647106553814364,1.07141,1.07237,,,,,,,,,,,,,,,,,,
2016-12-30,0.0021949097670202053,1.07281,1.07241,,,,,,,,,,,,,,,,,,
2017-01-02,0.0021926527948215447,1.07126,1.07137,,,,,,,,,,,,,,,,,,
2017-01-03,0.0020558584980731377,1.0703,1.06906,,,,,,,,,,,,,,,,,,
2017-01-04,0.0020314926253731484,1.07068,1.07087,,,,,,,,,,,,,,,,,,
2017-01-05,0.002025291374561256,1.07034,1.07091,,,,,,,,,,,,,,,,,,
2017-01-06,0.0020350065377602237,1.0714,1.07189,,,,,,,,,,,,,,,,,,
2017-01-09,0.002025330518716838,1.07205,1.07319,,,,,,,,,,,,,,,,,,
2017-01-10,0.0020041552556519684,1.07402,1.0737,,,,,,,,,,,,,,,,,,
2017-01-11,0.0020177917928593386,1.0727,1.07257,,,,,,,,,,,,,,,,,,
2017-01-12,0.0020083595405879454,1.07363,1.07375,,,,,,,,,,,,,,,,,,
2017-01-13,0.001998852078794962,1.07248,1.07296,,,,,,,,,,,,,,,,,,
2017-01-16,0.0019956489416720715,1.07176,1.07211,,,,,,,,,,,,,,,,,,
2017-01-17,0.001986703476236444,1.07048,1.07265,,,,,,,,,,,,,,,,,,
2017-01-18,0.001984049287956159,1.07052,1.07174,,,,,,,,,,,,,,,,,,
2017-01-19,0.001982704749543247,1.07134,1.07344,,,,,,,,,,,,,,,,,,
2017-01-20,0.0019882921497927693,1.07287,1.07263,,,,,,,,,,,,,,,,,,
2017-01-23,0.0019970080935420432,1.07285,1.0726,,,,,,,,,,,,,,,,,,
2017-01-24,0.0019963876037133324,1.07454,1.07453,,,,,,,,,,,,,,,,,,
2017-01-25,0.001990285494655805,1.07307,1.07402,,,,,,,,,,,,,,,,,,
2017-01-26,0.001998370784760243,1.06851,1.06841,,,,,,,,,,,,,,,,,,
2017-01-27,0.0019909675810411438,1.06912,1.06817,,,,,,,,,,,,,,,,,,
2017-01-30,0.002108152355974372,1.06585,1.06456,,,,,,,,,,,,,,,,,,
2017-01-31,0.0020451032677911885,1.06662,1.06821,,,,,,,,,,,,,,,,,,
2017-02-01,0.0021307501920236355,1.06732,1.06832,,,,,,,,,,,,,,,,,,
2017-02-02,0.002161685594886205,1.06894,1.06927,,,,,,,,,,,,,,,,,,
2017-02-03,0.002106490174319354,1.06986,1.06936,,,,,,,,,,,,,,,,,,
2017-02-06,0.002069931458040636,1.06632,1.06562,,,,,,,,,,,,,,,,,,
2017-02-07,0.002033306221339684,1.06595,1.06572,,,,,,,,,,,,,,,,,,
2017-02-08,0.002100984457733078,1.06406,1.06358,,,,,,,,,,,,,,,,,,
2017-02-09,0.0020645591006137904,1.06601,1.06697,,,,,,,,,,,,,,,,,,
2017-02-10,0.0020417474402132448,1.06641,1.06705,,,,,,,,,,,,,,,,,,
2017-02-13,0.002071678492618384,1.0669,1.066,,,,,,,,,,,,,,,,,,
2017-02-14,0.002029780127731883,1.06568,1.06493,,,,,,,,,,,,,,,,,,
2017-02-15,0.002016141899864999,1.06477,1.0659,,,,,,,,,,,,,,,,,,
2017-02-16,0.0020082781768239358,1.06475,1.06517,,,,,,,,,,,,,,,,,,
2017-02-17,0.002000973800860901,1.06399,1.06391,,,,,,,,,,,,,,,,,,
2017-02-20,0.001996148235515255,1.06476,1.06462,,,,,,,,,,,,,,,,,,
2017-02-21,0.001986897886762022,1.06419,1.06386,,,,,,,,,,,,,,,,,,
2017-02-22,0.00198403564302552,1.06424,1.06709,,,,,,,,,,,,,,,,,,
2017-02-23,0.001981753245062977,1.06572,1.06485,,,,,,,,,,,,,,,,,,
2017-02-24,0.0020157429859214305,1.06456,1.06387,,,,,,,,,,,,,,,,,,
2017-02-27,0.0020195204571412896,1.06688,1.06775,,,,,,,,,,,,,,,,,,
2017-02-28,0.002002732783450308,1.06537,1.06404,,,,,,,,,,,,,,,,,,
2017-03-01,0.0020209694131244735,1.06536,1.06408,,,,,,,,,,,,,,,,,,
2017-03-02,0.002039603579099394,1.06502,1.06474,,,,,,,,,,,,,,,,,,
2017-03-03,0.0020205138761348745,1.06713,1.06779,,,,,,,,,,,,,,,,,,
2017-03-06,0.0020109589822299282,1.0694,1.0709,,,,,,,,,,,,,,,,,,
2017-03-07,0.0020574881552975037,1.07366,1.07106,,,,,,,,,,,,,,,,,,
2017-03-08,0.002037643429630493,1.07058,1.06971,,,,,,,,,,,,,,,,,,
2017-03-09,0.0020189297501558095,1.07318,1.07203,,,,,,,,,,,,,,,,,,
2017-03-10,0.002008917315281118,1.07479,1.0779,169.0,0.0030378359056614174,1.07806,1.07814,1.07794,,,,,,,,,,,,,
2017-03-13,0.0020272443250679683,1.07593,1.07417,,,,,,,,,,,,,,,,,,
2017-03-14,0.002093964849331982,1.07236,1.07265,,,,,,,,,,,,,,,,,,
2017-03-15,0.002184807896444791,1.07181,1.07146,,,,,,,,,,,,,,,,,,
2017-03-16,0.0021373887637850197,1.06989,1.06869,,,,,,,,,,,,,,,,,,
2017-03-17,0.0020943213048331176,1.07051,1.07186,,,,,,,,,,,,,,,,,,
2017-03-20,0.0020618278095124983,1.07246,1.07201,,,,,,,,,,,,,,,,,,
2017-03-21,0.002025235717265432,1.07606,1.07386,,,,,,,,,,,,,,,,,,
2017-03-22,0.002032829359756258,1.07188,1.06924,,,,,,,,,,,,,,,,,,
2017-03-23,0.0020213819805917185,1.07086,1.07064,,,,,,,,,,,,,,,,,,
2017-03-24,0.002032045967931501,1.07178,1.07105,,,,,,,,,,,,,,,,,,
2017-03-27,0.0020207009500418293,1.07105,1.06959,,,,,,,,,,,,,,,,,,
2017-03-28,0.002005670919748088,1.07018,1.06899,,,,,,,,,,,,,,,,,,
2017-03-29,0.0019993725124917757,1.07201,1.07192,,,,,,,,,,,,,,,,,,
2017-03-30,0.0020193803562996867,1.06967,1.06934,,,,,,,,,,,,,,,,,,
2017-03-31,0.002008307577196015,1.06913,1.06952,,,,,,,,,,,,,,,,,,
2017-04-03,0.00203787657974862,1.06848,1.06856,,,,,,,,,,,,,,,,,,
2017-04-04,0.0020119926294144453,1.06748,1.06849,,,,,,,,,,,,,,,,,,
2017-04-05,0.002002404001297048,1.07091,1.07135,,,,,,,,,,,,,,,,,,
2017-04-06,0.002004233135184731,1.07022,1.06984,,,,,,,,,,,,,,,,,,
2017-04-07,0.002001622962061066,1.06907,1.06853,,,,,,,,,,,,,,,,,,
2017-04-10,0.002009799077187196,1.06821,1.06869,,,,,,,,,,,,,,,,,,
2017-04-11,0.0019955690968150677,1.06927,1.06908,,,,,,,,,,,,,,,,,,
2017-04-12,0.001989732945389026,1.06788,1.06684,,,,,,,,,,,,,,,,,,
2017-04-13,0.0019862901537685863,1.06862,1.06813,,,,,,,,,,,,,,,,,,
2017-04-14,0.001983571870192392,1.06642,1.06647,,,,,,,,,,,,,,,,,,
2017-04-17,0.0019868579305076187,1.06778,1.06824,,,,,,,,,,,,,,,,,,
2017-04-18,0.001982022829870073,1.06864,1.06803,,,,,,,,,,,,,,,,,,
2017-04-19,0.00200000919397863,1.06917,1.06911,,,,,,,,,,,,,,,,,,
2017-04-20,0.0019932640554947913,1.07014,1.07159,,,,,,,,,,,,,,,,,,
2017-04-21,0.001988853044209959,1.06769,1.06801,,,,,,,,,,,,,,,,,,
2017-04-24,0.001990005982661541,1.08047,1.08095,,,,,,,,,,,,,,,,,,
2017-04-25,0.0025356491620069743,1.08264,1.08576,,,,,,,,,,,,,,,,,,
2017-04-26,0.002386969171499649,1.08374,1.08232,,,,,,,,,,,,,,,,,,
2017-04-27,0.002308838365394782,1.0822,1.08079,,,,,,,,,,,,,,,,,,
2017-04-28,0.0022265438533488227,1.08305,1.08302,,,,,,,,,,,,,,,,,,
2017-05-01,0.0021850213035934096,1.08381,1.0862,,,,,,,,,,,,,,,,,,
2017-05-02,0.002114717328595912,1.0853,1.08161,,,,,,,,,,,,,,,,,,
2017-05-03,0.002082532237688465,1.08063,1.08234,,,,,,,,,,,,,,,,,,
2017-05-04,0.0020770939286890054,1.08444,1.08488,,,,,,,,,,,,,,,,,,
2017-05-05,0.002048163404776938,1.08367,1.08604,,,,,,,,,,,,,,,,,,
2017-05-08,0.0020271475817806197,1.08766,1.09055,103.0,0.0033318831163511357,1.09129,1.09124,1.09112,1.09066,,,,,,,,,,,,
2017-05-09,0.002023866327423317,1.09333,1.09539,,,,,,,,,,,,,,,,,,
2017-05-10,0.0020970731254476224,1.09456,1.09668,,,,,,,,,,,,,,,,,,
2017-05-11,0.002170915907287006,1.09465,1.09364,,,,,,,,,,,,,,,,,,
2017-05-12,0.0021144162007775834,1.0963,1.0935,,,,,,,,,,,,,,,,,,
2017-05-15,0.002082035414798408,1.09468,1.09399,,,,,,,,,,,,,,,,,,
2017-05-16,0.002036367503998173,1.09521,1.0938,,,,,,,,,,,,,,,,,,
2017-05-17,0.0020191861926568094,1.09265,1.09189,134.0,-0.0031349137449259504,1.08923,1.08958,1.0893,1.08944,,,,,,,,,,,,
2017-05-18,0.0020177076082784056,1.08838,1.08698,,,,,,,,,,,,,,,,,,
2017-05-19,0.0020064082004317453,1.09142,1.09145,,,,,,,,,,,,,,,,,,
2017-05-22,0.0020595630975885626,1.09094,1.09381,,,,,,,,,,,,,,,,,,
2017-05-23,0.00202659093413643,1.09099,1.09082,,,,,,,,,,,,,,,,,,
2017-05-24,0.002070702596264408,1.09322,1.09194,,,,,,,,,,,,,,,,,,
2017-05-25,0.0020651622131825738,1.09065,1.09043,,,,,,,,,,,,,,,,,,
2017-05-26,0.0020417887017679976,1.0889,1.08934,,,,,,,,,,,,,,,,,,
2017-05-29,0.0020398498093810876,1.08952,1.09056,,,,,,,,,,,,,,,,,,
2017-05-30,0.002014516750284711,1.08997,1.08943,,,,,,,,,,,,,,,,,,
2017-05-31,0.002003657600461798,1.08976,1.08834,,,,,,,,,,,,,,,,,,
2017-06-01,0.0020005774505181657,1.08838,1.08919,,,,,,,,,,,,,,,,,,
2017-06-02,0.002002383392948272,1.089,1.08684,,,,,,,,,,,,,,,,,,
2017-06-05,0.0019991193887026176,1.08587,1.08638,,,,,,,,,,,,,,,,,,
2017-06-06,0.002030120459511168,1.08527,1.08481,,,,,,,,,,,,,,,,,,
2017-06-07,0.002016217652665498,1.0846,1.08526,,,,,,,,,,,,,,,,,,
2017-06-08,0.002008048505379135,1.08476,1.0854,,,,,,,,,,,,,,,,,,
2017-06-09,0.002005849983823835,1.08614,1.08545,,,,,,,,,,,,,,,,,,
2017-06-12,0.002005282671628678,1.08603,1.0856,,,,,,,,,,,,,,,,,,
2017-06-13,0.0019934081788088565,1.0852,1.08493,,,,,,,,,,,,,,,,,,
2017-06-14,0.0019893380367905604,1.08745,1.08966,,,,,,,,,,,,,,,,,,
2017-06-15,0.001988993534711935,1.08756,1.08718,,,,,,,,,,,,,,,,,,
2017-06-16,0.0020361653381359927,1.08839,1.09003,,,,,,,,,,,,,,,,,,
2017-06-19,0.0020450450107298316,1.08668,1.08754,,,,,,,,,,,,,,,,,,
2017-06-20,0.0020331279311858715,1.08561,1.08565,,,,,,,,,,,,,,,,,,
2017-06-21,0.0020360860894910204,1.08592,1.08585,,,,,,,,,,,,,,,,,,
2017-06-22,0.0020501327510755074,1.08703,1.08464,,,,,,,,,,,,,,,,,,
2017-06-23,0.0020323447660561813,1.08544,1.0852,,,,,,,,,,,,,,,,,,
2017-06-26,0.002035539769297764,1.08802,1.08678,,,,,,,,,,,,,,,,,,
2017-06-27,0.0020123054439964197,1.08837,1.08924,,,,,,,,,,,,,,,,,,
2017-06-28,0.002020117792122287,1.09165,1.09185,,,,,,,,,,,,,,,,,,
2017-06-29,0.002021576089981781,1.09328,1.09271,,,,,,,,,,,,,,,,,,
2017-06-30,0.0020445805343285647,1.09285,1.09375,,,,,,,,,,,,,,,,,,
2017-07-03,0.0020370624733630186,1.09404,1.09496,,,,,,,,,,,,,,,,,,
2017-07-04,0.0020104753603209587,1.09515,1.09544,,,,,,,,,,,,,,,,,,
2017-07-05,0.002001289094395976,1.09501,1.09409,,,,,,,,,,,,,,,,,,
2017-07-06,0.001996358752738179,1.0982,1.09896,,,,,,,,,,,,,,,,,,
2017-07-07,0.0020005675429781876,1.09858,1.09906,,,,,,,,,,,,,,,,,,
2017-07-10,0.0020271610978191317,1.10111,1.10051,,,,,,,,,,,,,,,,,,
2017-07-11,0.002011175783590482,1.10346,1.10559,,,,,,,,,,,,,,,,,,
2017-07-12,0.0020147980692972723,1.10257,1.10099,,,,,,,,,,,,,,,,,,
2017-07-13,0.002067907955975525,1.10098,1.10235,,,,,,,,,,,,,,,,,,
2017-07-14,0.0020817205079775723,1.10537,1.10538,,,,,,,,,,,,,,,,,,
2017-07-17,0.002054967654927649,1.10125,1.10411,178.0,0.0031279066278400718,1.1047,1.10461,,,,,,,,,,,,,,
2017-07-18,0.00202688380476953,1.1024,1.10318,,,,,,,,,,,,,,,,,,
2017-07-19,0.0020192766326963202,1.09952,1.09969,,,,,,,,,,,,,,,,,,
2017-07-20,0.0020628181078039087,1.10384,1.10595,149.0,0.003174763768055721,1.10735,1.10746,1.10641,1.10571,,,,,,,,,,,,
2017-07-21,0.00205300141090588,1.10518,1.10359,,,,,,,,,,,,,,,,,,
2017-07-24,0.002139605356044542,1.10211,1.10102,,,,,,,,,,,,,,,,,,
2017-07-25,0.0021020798660028595,1.10576,1.10667,,,,,,,,,,,,,,,,,,
2017-07-26,0.002069859974563422,1.11556,1.11449,,,,,,,,,,,,,,,,,,
2017-07-27,0.002183694552935136,1.12322,1.12552,,,,,,,,,,,,,,,,,,
2017-07-28,0.0022793674468759135,1.13778,1.13828,17.0,-0.0037688044327884346,1.1335,1.13394,1.13395,1.13373,,,,,,,,,,,,
2017-07-31,0.0030573740156840837,1.13701,1.1405,,,,,,,,,,,,,,,,,,
2017-08-01,0.0025813104839354805,1.14209,1.13935,,,,,,,,,,,,,,,,,,
2017-08-02,0.0025519952459673147,1.14599,1.14839,,,,,,,,,,,,,,,,,,
2017-08-03,0.0024020574172968433,1.14906,1.15121,,,,,,,,,,,,,,,,,,
2017-08-04,0.002482337618744681,1.14996,1.14271,131.0,-0.00468066488340252,1.14459,1.14494,1.14544,1.14517,142.0,-0.005117597969683303,1.14409,1.14383,1.14498,1.14381,,,,,,
2017-08-07,0.00234344095724963,1.14822,1.14693,,,,,,,,,,,,,,,,,,
2017-08-08,0.0022044641694050947,1.14802,1.14483,,,,,,,,,,,,,,,,,,
2017-08-09,0.0021718263649746095,1.12991,1.13329,78.0,-0.003342127620561192,1.12614,1.1262,1.12791,1.12764,165.0,0.004397746402480918,1.13489,1.13485,1.13494,1.13413,,,,,,
2017-08-10,0.0024788448904334275,1.13399,1.13371,,,,,,,,,,,,,,,,,,
2017-08-11,0.002386804834301267,1.13161,1.13614,60.0,0.003827907794683546,1.13595,1.13749,1.13683,1.13667,61.0,0.005182683144413492,1.13749,1.13791,1.13675,1.13649,63.0,0.006017506759527779,1.13844,1.13665,1.13778,1.13621
2017-08-14,0.002291678456619071,1.14172,1.14487,,,,,,,,,,,,,,,,,,
2017-08-15,0.0022281079984338035,1.14128,1.14069,,,,,,,,,,,,,,,,,,
2017-08-16,0.002305981601717278,1.14031,1.14024,,,,,,,,,,,,,,,,,,
2017-08-17,0.0022947363102641064,1.13207,1.13042,,,,,,,,,,,,,,,,,,
2017-08-18,0.00227952188497075,1.12827,1.1323,,,,,,,,,,,,,,,,,,
2017-08-21,0.0023832364880520232,1.13681,1.13742,,,,,,,,,,,,,,,,,,
2017-08-22,0.0022624856273700776,1.13611,1.13714,,,,,,,,,,,,,,,,,,
2017-08-23,0.00219328662933277,1.14025,1.1407,,,,,,,,,,,,,,,,,,
2017-08-24,0.002137331150028198,1.13824,1.13832,,,,,,,,,,,,,,,,,,
2017-08-25,0.002099571559518284,1.1386,1.13659,,,,,,,,,,,,,,,,,,
2017-08-28,0.002080648046375685,1.13843,1.14388,123.0,0.003384899229637004,1.14229,1.14217,1.14155,1.14173,,,,,,,,,,,,
2017-08-29,0.0020370418255735508,1.13829,1.13989,,,,,,,,,,,,,,,,,,
2017-08-30,0.0020199878700703374,1.14236,1.14298,,,,,,,,,,,,,,,,,,
2017-08-31,0.0020757770632998124,1.14527,1.14303,,,,,,,,,,,,,,,,,,
2017-09-01,0.0020497729727533753,1.14356,1.14333,101.0,-0.0034425552680792367,1.13963,1.14022,1.13999,1.14142,,,,,,,,,,,,
2017-09-04,0.002047549648355236,1.14023,1.14092,,,,,,,,,,,,,,,,,,
2017-09-05,0.0020293192804867796,1.14155,1.14054,,,,,,,,,,,,,,,,,,
2017-09-06,0.0020607027254235188,1.14069,1.1391,,,,,,,,,,,,,,,,,,
2017-09-07,0.002038144327853637,1.14093,1.14236,45.0,0.004224452971774809,1.14576,1.14543,1.14769,1.14699,45.0,0.004224452971774809,1.14576,1.14543,1.14769,1.14699,50.0,0.005907507283478408,1.14769,1.14736,1.14781,1.14608
2017-09-08,0.002052399655175371,1.141,1.13841,,,,,,,,,,,,,,,,,,
2017-09-11,0.002032545110544683,1.13976,1.14062,,,,,,,,,,,,,,,,,,
2017-09-12,0.0021157194759516365,1.14423,1.14827,,,,,,,,,,,,,,,,,,
2017-09-13,0.002105946782252551,1.15024,1.14689,,,,,,,,,,,,,,,,,,
2017-09-14,0.00218008092367886,1.14991,1.14807,,,,,,,,,,,,,,,,,,
2017-09-15,0.002165494334802394,1.14812,1.14749,,,,,,,,,,,,,,,,,,
2017-09-18,0.002127829880675844,1.14645,1.14977,,,,,,,,,,,,,,,,,,
2017-09-19,0.002065106226924216,1.1531,1.15347,,,,,,,,,,,,,,,,,,
2017-09-20,0.002062796394070145,1.15361,1.15393,,,,,,,,,,,,,,,,,,
2017-09-21,0.0021066733693207466,1.15889,1.15792,,,,,,,,,,,,,,,,,,
2017-09-22,0.0020716750144626882,1.15905,1.16038,,,,,,,,,,,,,,,,,,
2017-09-25,0.0020656317374424162,1.15581,1.14748,171.0,-0.003918344053677952,1.15129,1.15221,1.15051,,175.0,-0.004483087566534972,1.15064,1.15051,1.15007,,,,,,,
2017-09-26,0.002027153984146303,1.1453,1.14229,179.0,-0.003095679892135231,1.14176,1.14227,,,,,,,,,,,,,,
2017-09-27,0.002437899252404364,1.14531,1.14469,,,,,,,,,,,,,,,,,,
2017-09-28,0.0023184980715886725,1.14631,1.14335,,,,,,,,,,,,,,,,,,
2017-09-29,0.0022286951870200693,1.14551,1.14416,,,,,,,,,,,,,,,,,,
2017-10-02,0.002173758779475767,1.13973,1.14367,,,,,,,,,,,,,,,,,,
2017-10-03,0.0020838159894172362,1.14495,1.14462,,,,,,,,,,,,,,,,,,
2017-10-04,0.002071716122016345,1.14454,1.14753,,,,,,,,,,,,,,,,,,
2017-10-05,0.002047418194462615,1.14635,1.14613,,,,,,,,,,,,,,,,,,
2017-10-06,0.002042964349620756,1.1471,1.14713,,,,,,,,,,,,,,,,,,
2017-10-09,0.002025111342257825,1.1498,1.15038,,,,,,,,,,,,,,,,,,
2017-10-10,0.002013572235417885,1.15171,1.15018,,,,,,,,,,,,,,,,,,
2017-10-11,0.002044093842930315,1.15242,1.1529,,,,,,,,,,,,,,,,,,
2017-10-12,0.002026849445700444,1.15478,1.15552,,,,,,,,,,,,,,,,,,
2017-10-13,0.0020337647596380902,1.15356,1.15329,,,,,,,,,,,,,,,,,,
2017-10-16,0.002018948330198941,1.15102,1.14962,,,,,,,,,,,,,,,,,,
2017-10-17,0.002023485310881429,1.15062,1.15206,,,,,,,,,,,,,,,,,,
2017-10-18,0.0020225860158291534,1.15398,1.15596,,,,,,,,,,,,,,,,,,
2017-10-19,0.002013752092601829,1.15385,1.1546,,,,,,,,,,,,,,,,,,
2017-10-20,0.002118515185697653,1.15974,1.15863,,,,,,,,,,,,,,,,,,
2017-10-23,0.002104007787108518,1.15822,1.15986,,,,,,,,,,,,,,,,,,
2017-10-24,0.0020471308717709634,1.16164,1.16378,,,,,,,,,,,,,,,,,,
2017-10-25,0.0020291531979533205,1.16823,1.16699,,,,,,,,,,,,,,,,,,
2017-10-26,0.0021883936254455255,1.16812,1.16433,,,,,,,,,,,,,,,,,,
2017-10-27,0.0021813933318637147,1.16362,1.15677,102.0,-0.0033744845478026874,1.1597,1.15963,1.16002,1.15948,175.0,-0.004375243827957912,1.15854,1.15838,1.15749,,179.0,-0.005835041356769082,1.15685,1.15749,,
2017-10-30,0.0023068188534572823,1.161,1.15919,,,,,,,,,,,,,,,,,,
2017-10-31,0.0021750384984932695,1.16157,1.16085,,,,,,,,,,,,,,,,,,
2017-11-01,0.0021206955841614277,1.1643,1.163,,,,,,,,,,,,,,,,,,
2017-11-02,0.002115960777052986,1.1646,1.1645,,,,,,,,,,,,,,,,,,
2017-11-03,0.002102095420997564,1.16344,1.16212,,,,,,,,,,,,,,,,,,
2017-11-06,0.0020671861958391343,1.15986,1.15932,,,,,,,,,,,,,,,,,,
2017-11-07,0.0020580487993429844,1.15521,1.15753,,,,,,,,,,,,,,,,,,
2017-11-08,0.0020748355642602055,1.15927,1.15934,,,,,,,,,,,,,,,,,,
2017-11-09,0.0020500466313987642,1.15943,1.15614,,,,,,,,,,,,,,,,,,
2017-11-10,0.0020310816694274906,1.15972,1.16064,,,,,,,,,,,,,,,,,,
2017-11-13,0.0020174162267414877,1.16007,1.16201,,,,,,,,,,,,,,,,,,
2017-11-14,0.0020227326391129737,1.16545,1.16532,,,,,,,,,,,,,,,,,,
2017-11-15,0.002019272859945126,1.16678,1.16658,,,,,,,,,,,,,,,,,,
2017-11-16,0.0020414950790948972,1.16781,1.16905,,,,,,,,,,,,,,,,,,
2017-11-17,0.0020265235405492843,1.16969,1.16644,141.0,-0.003176821314799789,1.16598,1.16629,1.16601,1.1661,,,,,,,,,,,,
2017-11-20,0.0021305832984572304,1.16735,1.16536,,,,,,,,,,,,,,,,,,
2017-11-21,0.0022199048204803694,1.16344,1.16468,,,,,,,,,,,,,,,,,,
2017-11-22,0.002244530948546991,1.16053,1.15985,,,,,,,,,,,,,,,,,,
2017-11-23,0.0021873801145457106,1.16222,1.16313,,,,,,,,,,,,,,,,,,
2017-11-24,0.0021364861901687388,1.16628,1.16873,,,,,,,,,,,,,,,,,,
2017-11-27,0.0021077847640592366,1.17173,1.16789,147.0,-0.0032397759641597766,1.16794,1.16792,1.16813,1.16778,,,,,,,,,,,,
2017-11-28,0.002097299943538136,1.16831,1.16723,,,,,,,,,,,,,,,,,,
2017-11-29,0.0020659391241237574,1.16761,1.16731,,,,,,,,,,,,,,,,,,
2017-11-30,0.0020466313026281046,1.16973,1.17054,,,,,,,,,,,,,,,,,,
2017-12-01,0.0020305372947335633,1.17056,1.16056,129.0,-0.004100453884062206,1.16577,1.16572,1.16627,1.16614,129.0,-0.004100453884062206,1.16577,1.16572,1.16627,1.16614,148.0,-0.0061355142857850735,1.1634,1.16298,1.16349,1.16358
2017-12-04,0.002080492622135953,1.16561,1.16858,,,,,,,,,,,,,,,,,,
2017-12-05,0.002391746632760677,1.16637,1.16679,,,,,,,,,,,,,,,,,,
2017-12-06,0.0022963116499615925,1.16726,1.16753,,,,,,,,,,,,,,,,,,
2017-12-07,0.0022125283509954467,1.16959,1.17095,,,,,,,,,,,,,,,,,,
2017-12-08,0.002148405224514903,1.1695,1.16801,,,,,,,,,,,,,,,,,,
2017-12-11,0.0021260027144095377,1.16778,1.16798,,,,,,,,,,,,,,,,,,
2017-12-12,0.0020650459408181636,1.1657,1.16334,,,,,,,,,,,,,,,,,,
2017-12-13,0.002045490751245388,1.16286,1.16284,,,,,,,,,,,,,,,,,,
2017-12-14,0.0020697497528706275,1.16834,1.16598,,,,,,,,,,,,,,,,,,
2017-12-15,0.002050538213335886,1.16755,1.16641,,,,,,,,,,,,,,,,,,
2017-12-18,0.002032958357902493,1.16482,1.16157,,,,,,,,,,,,,,,,,,
2017-12-19,0.0020160591778521004,1.16617,1.16651,,,,,,,,,,,,,,,,,,
2017-12-20,0.0020306529194547298,1.17055,1.17095,,,,,,,,,,,,,,,,,,
2017-12-21,0.0020862804654419916,1.17374,1.17392,,,,,,,,,,,,,,,,,,
2017-12-22,0.002097864171766853,1.17365,1.17307,,,,,,,,,,,,,,,,,,
2017-12-26,0.002077132180130089,1.17409,1.17415,,,,,,,,,,,,,,,,,,
2017-12-27,0.0020406338097333165,1.1771,1.17436,,,,,,,,,,,,,,,,,,
2017-12-28,0.002026402681196764,1.17068,1.16946,,,,,,,,,,,,,,,,,,
2017-12-29,0.0020206203311403277,1.17057,1.17056,,,,,,,,,,,,,,,,,,
2018-01-02,0.0020699621398425115,1.1716,1.17138,,,,,,,,,,,,,,,,,,
2018-01-03,0.0019201227956019552,1.1745,1.17453,,,,,,,,,,,,,,,,,,
2018-01-04,0.0019119675929233837,1.17668,1.17634,,,,,,,,,,,,,,,,,,
2018-01-05,0.0019420837603517688,1.17575,1.17524,,,,,,,,,,,,,,,,,,
2018-01-08,0.0019299700919501801,1.17047,1.16932,,,,,,,,,,,,,,,,,,
2018-01-09,0.0019440239064735126,1.17182,1.1724,,,,,,,,,,,,,,,,,,
2018-01-10,0.0019657622502655,1.17231,1.17037,,,,,,,,,,,,,,,,,,
2018-01-11,0.001995173518771116,1.17345,1.17448,,,,,,,,,,,,,,,,,,
2018-01-12,0.0020025893073365077,1.17853,1.17879,,,,,,,,,,,,,,,,,,
2018-01-15,0.0020812046559923283,1.17965,1.18113,,,,,,,,,,,,,,,,,,
2018-01-16,0.002013559844153564,1.17837,1.17875,,,,,,,,,,,,,,,,,,
2018-01-17,0.0019812065291220683,1.17615,1.17659,,,,,,,,,,,,,,,,,,
2018-01-18,0.001976767546520226,1.17525,1.17325,,,,,,,,,,,,,,,,,,
2018-01-19,0.001968388388372603,1.1753,1.17679,,,,,,,,,,,,,,,,,,
2018-01-22,0.001965930702996105,1.17775,1.1791,,,,,,,,,,,,,,,,,,
2018-01-23,0.0019518902593511078,1.17731,1.17757,,,,,,,,,,,,,,,,,,
2018-01-24,0.0019427300369101793,1.174,1.17237,57.0,-0.00456748494306493,1.16865,1.16991,1.16937,1.17049,57.0,-0.00456748494306493,1.16865,1.16991,1.16937,1.17049,,,,,,
2018-01-25,0.0019439745897367195,1.1728,1.1681,59.0,-0.00308285078852628,1.16919,1.16924,1.16918,1.16521,67.0,-0.003989872567889757,1.16813,1.16725,1.16569,1.16584,69.0,-0.005146234183910745,1.16678,1.16678,1.16521,1.1661
2018-01-26,0.00196260375794146,1.16355,1.16335,152.0,-0.0032453446638102176,1.15978,1.15935,1.16027,1.16031,,,,,,,,,,,,
2018-01-29,0.002036720216102322,1.15562,1.15937,,,,,,,,,,,,,,,,,,
2018-01-30,0.0020751636907749664,1.1594,1.15984,,,,,,,,,,,,,,,,,,
2018-01-31,0.0020296051448574883,1.16309,1.15802,108.0,-0.003134501864579501,1.15945,1.15914,1.15866,1.15877,117.0,-0.004429056287194503,1.15795,1.1584,1.15851,1.1583,,,,,,
2018-02-01,0.0019871843428735016,1.15825,1.15978,,,,,,,,,,,,,,,,,,
2018-02-02,0.0019843657610924296,1.15973,1.15971,,,,,,,,,,,,,,,,,,
2018-02-05,0.0019603487506658457,1.16016,1.163,102.0,0.002986502721101547,1.16363,1.16373,1.16382,1.16317,,,,,,,,,,,,
2018-02-06,0.0019458195271499837,1.15806,1.16137,,,,,,,,,,,,,,,,,,
2018-02-07,0.002099800137979803,1.16061,1.15859,,,,,,,,,,,,,,,,,,
2018-02-08,0.0021562046880345045,1.15467,1.14734,135.0,-0.0033311676867806973,1.15083,1.1508,1.15076,1.14704,143.0,-0.0044005330812617975,1.1496,1.14883,1.14611,1.14921,145.0,-0.006324791072743401,1.14739,1.14598,1.14704,1.14917
2018-02-09,0.0020795930443404257,1.15041,1.14709,,,,,,,,,,,,,,,,,,
2018-02-12,0.002222841107987659,1.14958,1.15209,,,,,,,,,,,,,,,,,,
2018-02-13,0.0020720916065007046,1.15329,1.15356,,,,,,,,,,,,,,,,,,
2018-02-14,0.0020294148319068253,1.15163,1.15521,154.0,0.0033375119294334118,1.15548,1.15537,1.15489,1.15506,,,,,,,,,,,,
2018-02-15,0.0019875786305972682,1.15378,1.15478,,,,,,,,,,,,,,,,,,
2018-02-16,0.0019655517597772097,1.15085,1.15179,,,,,,,,,,,,,,,,,,
2018-02-19,0.0019577467349709506,1.15261,1.15259,,,,,,,,,,,,,,,,,,
2018-02-20,0.001944539517420294,1.1539,1.15548,,,,,,,,,,,,,,,,,,
2018-02-21,0.0019280601267079472,1.15468,1.1545,,,,,,,,,,,,,,,,,,
2018-02-22,0.0019402760176603275,1.15213,1.15144,,,,,,,,,,,,,,,,,,
2018-02-23,0.0019440847200552823,1.15103,1.15074,,,,,,,,,,,,,,,,,,
2018-02-26,0.001948249574932519,1.15364,1.15414,,,,,,,,,,,,,,,,,,
2018-02-27,0.0019152574749659002,1.15378,1.1498,128.0,-0.0030728924102973545,1.15024,1.15018,1.15028,1.14938,142.0,-0.003838242943395135,1.14936,1.14938,1.14979,1.14983,,,,,,
2018-02-28,0.0019911744788279886,1.15188,1.15281,,,,,,,,,,,,,,,,,,
2018-03-01,0.0020964389283920585,1.15333,1.15549,,,,,,,,,,,,,,,,,,
2018-03-02,0.0020738351012039758,1.15131,1.15505,108.0,0.0033644081160957204,1.15519,1.15538,1.15489,1.15447,,,,,,,,,,,,
2018-03-05,0.002030811909215887,1.15478,1.15942,135.0,0.003708109787282534,1.15907,1.1592,1.15949,1.1592,140.0,0.004070403628799755,1.15949,1.15935,1.15959,1.15923,,,,,,
2018-03-06,0.001959121589699453,1.1619,1.16501,,,,,,,,,,,,,,,,,,
2018-03-07,0.0020721124151908033,1.168,1.17054,,,,,,,,,,,,,,,,,,
2018-03-08,0.0020637680021621794,1.1738,1.16973,93.0,-0.0034221036216708686,1.16979,1.16948,1.16893,1.16888,98.0,-0.0041575486845797805,1.16893,1.16873,1.16971,1.16855,,,,,,
2018-03-09,0.0021307555391518423,1.16824,1.17006,,,,,,,,,,,,,,,,,,
2018-03-12,0.0020760659270539408,1.16834,1.16879,,,,,,,,,,,,,,,,,,
2018-03-13,0.001988623571922251,1.16926,1.1703,,,,,,,,,,,,,,,,,,
2018-03-14,0.0019751797443230286,1.16985,1.16969,,,,,,,,,,,,,,,,,,
2018-03-15,0.00195730853268404,1.16848,1.17063,,,,,,,,,,,,,,,,,,
2018-03-16,0.0019370747437748369,1.17085,1.1702,,,,,,,,,,,,,,,,,,
2018-03-19,0.00192751059915451,1.17206,1.17251,,,,,,,,,,,,,,,,,,
2018-03-20,0.0019100193293386317,1.17311,1.17149,,,,,,,,,,,,,,,,,,
2018-03-21,0.0019560888102713348,1.1707,1.17052,,,,,,,,,,,,,,,,,,
2018-03-22,0.0019599399792645227,1.16738,1.16822,,,,,,,,,,,,,,,,,,
2018-03-23,0.001938250734441525,1.16961,1.17008,,,,,,,,,,,,,,,,,,
2018-03-26,0.00201293931334045,1.1734,1.17436,,,,,,,,,,,,,,,,,,
2018-03-27,0.00198813407474387,1.17618,1.17561,,,,,,,,,,,,,,,,,,
2018-03-28,0.002061516189803022,1.17975,1.17831,,,,,,,,,,,,,,,,,,
2018-03-29,0.0020234139449251,1.17796,1.17601,,,,,,,,,,,,,,,,,,
2018-03-30,0.0020144246516575173,1.1751,1.17459,,,,,,,,,,,,,,,,,,
2018-04-02,0.0019909564828596176,1.17593,1.17442,,,,,,,,,,,,,,,,,,
2018-04-03,0.001952710801976271,1.17686,1.17583,,,,,,,,,,,,,,,,,,
2018-04-04,0.001932909400308216,1.17782,1.17928,,,,,,,,,,,,,,,,,,
2018-04-05,0.0019209456981678934,1.17962,1.17797,,,,,,,,,,,,,,,,,,
2018-04-06,0.0019552446292456856,1.17921,1.17856,,,,,,,,,,,,,,,,,,
2018-04-09,0.0019392386081293496,1.17838,1.17945,,,,,,,,,,,,,,,,,,
2018-04-10,0.0019181964342942703,1.17963,1.181,,,,,,,,,,,,,,,,,,
2018-04-11,0.0019092702666405493,1.18547,1.18595,,,,,,,,,,,,,,,,,,
2018-04-12,0.001950843456242711,1.18671,1.18578,,,,,,,,,,,,,,,,,,
2018-04-13,0.0019491276481997692,1.18559,1.18672,,,,,,,,,,,,,,,,,,
2018-04-16,0.0019437646294846143,1.18774,1.18705,,,,,,,,,,,,,,,,,,
2018-04-17,0.001915862801689685,1.19048,1.19325,,,,,,,,,,,,,,,,,,
2018-04-18,0.0019128342873476272,1.198,1.19713,,,,,,,,,,,,,,,,,,
2018-04-19,0.002104868409461948,1.19766,1.19801,,,,,,,,,,,,,,,,,,
2018-04-20,0.0020515497590261078,1.19642,1.19674,,,,,,,,,,,,,,,,,,
2018-04-23,0.002005246803717465,1.19409,1.19423,,,,,,,,,,,,,,,,,,
2018-04-24,0.0019520671839200676,1.19447,1.19863,164.0,0.002942580055597887,1.19799,1.19777,1.19806,1.19825,,,,,,,,,,,,
2018-04-25,0.001964500771387114,1.19817,1.19702,,,,,,,,,,,,,,,,,,
2018-04-26,0.0019954638689358675,1.19699,1.19683,,,,,,,,,,,,,,,,,,
2018-04-27,0.0019744124167041448,1.19623,1.19683,,,,,,,,,,,,,,,,,,
2018-04-30,0.0019557976002412504,1.19695,1.19668,,,,,,,,,,,,,,,,,,
2018-05-01,0.0019279184189106183,1.19509,1.19451,,,,,,,,,,,,,,,,,,
2018-05-02,0.001920280263891026,1.19551,1.19386,,,,,,,,,,,,,,,,,,
2018-05-03,0.0019179629693244237,1.19537,1.19425,,,,,,,,,,,,,,,,,,
2018-05-04,0.0019101486957874743,1.19454,1.19526,,,,,,,,,,,,,,,,,,
2018-05-07,0.0019064216814373904,1.19646,1.19527,,,,,,,,,,,,,,,,,,
2018-05-08,0.0019016745115873887,1.19066,1.1883,,,,,,,,,,,,,,,,,,
2018-05-09,0.0018975270933952444,1.18976,1.1905,,,,,,,,,,,,,,,,,,
2018-05-10,0.002004808684599241,1.19075,1.19384,90.0,0.003094095601464545,1.19444,1.1943,1.19422,1.19424,,,,,,,,,,,,
2018-05-11,0.001980039016412821,1.19318,1.19477,,,,,,,,,,,,,,,,,,
2018-05-14,0.001996774437251476,1.19629,1.19472,,,,,,,,,,,,,,,,,,
2018-05-15,0.0019482337276230121,1.19085,1.18612,62.0,-0.003044475203606544,1.18723,1.18743,1.18726,1.18753,,,,,,,,,,,,
2018-05-16,0.0019350233096307428,1.17948,1.17933,,,,,,,,,,,,,,,,,,
2018-05-17,0.002251134079035192,1.18134,1.18135,,,,,,,,,,,,,,,,,,
2018-05-18,0.0021516404939282566,1.17754,1.17409,155.0,-0.0034964326955052565,1.17343,1.17432,1.17489,1.17529,,,,,,,,,,,,
2018-05-21,0.0020781703555712732,1.17531,1.17416,,,,,,,,,,,,,,,,,,
2018-05-22,0.0021087418876477,1.17514,1.16928,124.0,-0.0033925787984034074,1.17116,1.17115,1.17109,1.17047,159.0,-0.004340806495337942,1.17005,1.16979,1.16906,1.16954,165.0,-0.005700646945038363,1.16846,1.16884,1.16964,1.16916
2018-05-23,0.002047308962260894,1.15875,1.16376,100.0,0.0031105832216319065,1.16236,1.16261,1.16206,1.16225,140.0,0.004211185224390277,1.16364,1.1638,1.16364,1.16313,,,,,,
2018-05-24,0.002144664162780686,1.16013,1.16298,,,,,,,,,,,,,,,,,,
2018-05-25,0.002120430612336367,1.15885,1.15635,103.0,-0.003223899385604968,1.15512,1.15488,1.15434,1.15413,,,,,,,,,,,,
2018-05-28,0.002063543707632119,1.15701,1.15511,,,,,,,,,,,,,,,,,,
2018-05-29,0.002299519934207073,1.15178,1.14613,,,,,,,,,,,,,,,,,,
2018-05-30,0.002326821027093807,1.15216,1.15372,114.0,-0.0035648801784400864,1.14806,1.14834,1.14765,1.14843,,,,,,,,,,,,
2018-05-31,0.002494350033902574,1.15326,1.1483,116.0,-0.0039531409404628065,1.14871,1.1485,1.14901,1.14881,178.0,-0.00515521073556362,1.14733,1.14758,,,,,,,,
2018-06-01,0.0025236523207205477,1.15332,1.15226,,,,,,,,,,,,,,,,,,
2018-06-04,0.0023580867432236078,1.15436,1.1562,,,,,,,,,,,,,,,,,,
2018-06-05,0.0022000987232328657,1.15167,1.15271,,,,,,,,,,,,,,,,,,
2018-06-06,0.002113978158965756,1.16339,1.15929,127.0,-0.0033751528041066716,1.15947,1.15953,1.15983,1.16085,,,,,,,,,,,,
2018-06-07,0.0020654146225015982,1.16064,1.15989,,,,,,,,,,,,,,,,,,
2018-06-08,0.0022465340336169063,1.15625,1.16083,57.0,0.0037895672679025627,1.16064,1.16091,1.16056,1.16137,59.0,0.004530263383828881,1.1615,1.1611,1.16112,1.16106,,,,,,
2018-06-11,0.0022183668496479135,1.16266,1.16238,,,,,,,,,,,,,,,,,,
2018-06-12,0.0021243727874836194,1.16125,1.16026,,,,,,,,,,,,,,,,,,
2018-06-13,0.0020656667878318703,1.16167,1.15999,,,,,,,,,,,,,,,,,,
2018-06-14,0.0020191979801840545,1.15844,1.15643,,,,,,,,,,,,,,,,,,
2018-06-15,0.001994386032117015,1.15735,1.15741,,,,,,,,,,,,,,,,,,
2018-06-18,0.0021855303949385903,1.15543,1.15505,,,,,,,,,,,,,,,,,,
2018-06-19,0.002067911828802726,1.15048,1.15208,,,,,,,,,,,,,,,,,,
2018-06-20,0.0020208685544453792,1.15268,1.1542,,,,,,,,,,,,,,,,,,
2018-06-21,0.001995657091613477,1.14909,1.15075,,,,,,,,,,,,,,,,,,
2018-06-22,0.0019714900417138782,1.15255,1.15157,,,,,,,,,,,,,,,,,,
2018-06-25,0.00198814073494688,1.15383,1.15486,,,,,,,,,,,,,,,,,,
2018-06-26,0.0019429836294891046,1.15423,1.15582,,,,,,,,,,,,,,,,,,
2018-06-27,0.0019978065228106116,1.15414,1.15444,,,,,,,,,,,,,,,,,,
2018-06-28,0.0019690810043688617,1.15541,1.1558,,,,,,,,,,,,,,,,,,
2018-06-29,0.0019548126002325453,1.15683,1.15867,,,,,,,,,,,,,,,,,,
2018-07-02,0.0020226688925420924,1.15555,1.15422,,,,,,,,,,,,,,,,,,
2018-07-03,0.0019591978045045057,1.15769,1.15609,,,,,,,,,,,,,,,,,,
2018-07-04,0.0019398983150955712,1.15535,1.15692,,,,,,,,,,,,,,,,,,
2018-07-05,0.001925359501005185,1.16079,1.16084,,,,,,,,,,,,,,,,,,
2018-07-06,0.0019240555268363736,1.1626,1.16213,,,,,,,,,,,,,,,,,,
2018-07-09,0.001948610818834771,1.16435,1.165,,,,,,,,,,,,,,,,,,
2018-07-10,0.0019208370949412796,1.16396,1.16396,,,,,,,,,,,,,,,,,,
2018-07-11,0.001956096550762406,1.1638,1.16426,,,,,,,,,,,,,,,,,,
2018-07-12,0.0019464773156435999,1.16387,1.1702,78.0,0.0029512971944772952,1.16731,1.16757,1.16819,1.16881,89.0,0.003910308116787917,1.16843,1.16875,1.1687,1.16932,111.0,0.004928250507033732,1.16962,1.16966,1.16983,1.16982
2018-07-13,0.0019392144585770605,1.17044,1.16996,,,,,,,,,,,,,,,,,,
2018-07-16,0.0020622570942728014,1.16907,1.16791,,,,,,,,,,,,,,,,,,
2018-07-17,0.00198096330201975,1.16521,1.1654,,,,,,,,,,,,,,,,,,
2018-07-18,0.0019928807519741802,1.16166,1.16363,,,,,,,,,,,,,,,,,,
2018-07-19,0.0019652505427465747,1.16241,1.16233,,,,,,,,,,,,,,,,,,
2018-07-20,0.0019701047066384924,1.16299,1.16417,,,,,,,,,,,,,,,,,,
2018-07-23,0.0019491288546556243,1.16132,1.16179,,,,,,,,,,,,,,,,,,
2018-07-24,0.0019224112878789784,1.16286,1.16165,,,,,,,,,,,,,,,,,,
2018-07-25,0.001935866600353405,1.15988,1.16099,,,,,,,,,,,,,,,,,,
2018-07-26,0.0019244695621027982,1.16191,1.15802,123.0,-0.003111789806129258,1.1583,1.15806,1.15845,1.1588,,,,,,,,,,,,
2018-07-27,0.0019253878084352074,1.1595,1.15883,,,,,,,,,,,,,,,,,,
2018-07-30,0.0019970436321327294,1.15941,1.15809,,,,,,,,,,,,,,,,,,
2018-07-31,0.0019540446410760584,1.15933,1.15833,,,,,,,,,,,,,,,,,,
2018-08-01,0.00196816939405123,1.1582,1.15762,,,,,,,,,,,,,,,,,,
2018-08-02,0.00196709077008447,1.15483,1.15456,,,,,,,,,,,,,,,,,,
2018-08-03,0.0019587504838706037,1.15287,1.151,,,,,,,,,,,,,,,,,,
2018-08-06,0.001972102792086786,1.15117,1.15207,,,,,,,,,,,,,,,,,,
2018-08-07,0.001968392649312418,1.15303,1.15325,,,,,,,,,,,,,,,,,,
2018-08-08,0.0019527325144606217,1.15446,1.1532,,,,,,,,,,,,,,,,,,
2018-08-09,0.0019715468669376035,1.15125,1.14585,113.0,-0.002966393225598922,1.14784,1.14827,1.14794,1.14809,147.0,-0.003960056525257939,1.1467,1.14663,1.14662,1.14682,,,,,,
2018-08-10,0.001962030887138565,1.13907,1.1345,79.0,-0.0030598003350734634,1.13559,1.13551,1.13558,1.13607,,,,,,,,,,,,
2018-08-13,0.002105799283043443,1.1336,1.13223,,,,,,,,,,,,,,,,,,
2018-08-14,0.00232017833179067,1.12955,1.12705,,,,,,,,,,,,,,,,,,
2018-08-15,0.002253262069046136,1.12908,1.12676,177.0,-0.003682330326259156,1.12493,1.12463,,,,,,,,,,,,,,
2018-08-16,0.002245828972189986,1.12978,1.13436,,,,,,,,,,,,,,,,,,
2018-08-17,0.002153555074218781,1.13417,1.13487,,,,,,,,,,,,,,,,,,
2018-08-20,0.002152341811882906,1.13644,1.13742,,,,,,,,,,,,,,,,,,
2018-08-21,0.0020577705951575274,1.13773,1.13918,,,,,,,,,,,,,,,,,,
2018-08-22,0.0020246338826803473,1.13959,1.14048,,,,,,,,,,,,,,,,,,
2018-08-23,0.0019878464254250968,1.13831,1.13912,,,,,,,,,,,,,,,,,,
2018-08-24,0.001964266869049058,1.14005,1.14215,,,,,,,,,,,,,,,,,,
2018-08-27,0.0019501606835889496,1.14256,1.14457,,,,,,,,,,,,,,,,,,
2018-08-28,0.0019420687644119568,1.14297,1.14282,,,,,,,,,,,,,,,,,,
2018-08-29,0.001941588901740564,1.13882,1.1385,110.0,-0.0030692810410842997,1.13533,1.13528,1.13486,1.13539,,,,,,,,,,,,
2018-08-30,0.001953216258616176,1.13335,1.13078,,,,,,,,,,,,,,,,,,
2018-08-31,0.002055687937053074,1.12798,1.12448,177.0,-0.003187756043694358,1.12439,1.12508,,,,,,,,,,,,,,
2018-09-03,0.0021370806157976255,1.12673,1.12601,,,,,,,,,,,,,,,,,,
2018-09-04,0.0021045927883236405,1.12552,1.1279,,,,,,,,,,,,,,,,,,
2018-09-05,0.002044708283076994,1.12882,1.12897,,,,,,,,,,,,,,,,,,
2018-09-06,0.0020549748677941536,1.12735,1.12521,,,,,,,,,,,,,,,,,,
2018-09-07,0.002008042477428008,1.12114,1.12042,,,,,,,,,,,,,,,,,,
2018-09-10,0.002156328380266823,1.12679,1.12995,,,,,,,,,,,,,,,,,,
2018-09-11,0.0020336667861026144,1.12769,1.1285,,,,,,,,,,,,,,,,,,
2018-09-12,0.0023054317369410066,1.12772,1.12812,,,,,,,,,,,,,,,,,,
2018-09-13,0.0021975613993383872,1.12658,1.1299,99.0,0.0037034782333650634,1.13076,1.13116,1.13059,1.13075,,,,,,,,,,,,
2018-09-14,0.0021137886668568884,1.12749,1.12593,,,,,,,,,,,,,,,,,,
2018-09-17,0.002052684520318546,1.12388,1.12418,,,,,,,,,,,,,,,,,,
2018-09-18,0.0020006625168216313,1.12515,1.12486,,,,,,,,,,,,,,,,,,
2018-09-19,0.00197072508744206,1.13107,1.13006,,,,,,,,,,,,,,,,,,
2018-09-20,0.0019532625009806917,1.13139,1.13008,152.0,-0.0032490699687180006,1.12772,1.12772,1.12781,1.12758,,,,,,,,,,,,
2018-09-21,0.001995703067011895,1.1233,1.12619,,,,,,,,,,,,,,,,,,
2018-09-24,0.0019672860989235937,1.12849,1.13266,84.0,0.0032026922890084335,1.13211,1.13196,1.13136,1.1319,,,,,,,,,,,,
2018-09-25,0.0019652958533749334,1.13777,1.13543,,,,,,,,,,,,,,,,,,
2018-09-26,0.002124641288804768,1.13719,1.13813,,,,,,,,,,,,,,,,,,
2018-09-27,0.0020627952429887035,1.13661,1.14106,173.0,0.0032412376690148623,1.1403,1.1402,1.13887,,,,,,,,,,,,,
2018-09-28,0.0020148262804173802,1.1314,1.13384,177.0,0.0030711145447215146,1.13488,1.13447,,,,,,,,,,,,,,
2018-10-01,0.002008108639468258,1.14107,1.13827,,,,,,,,,,,,,,,,,,
2018-10-02,0.001969901164762442,1.13394,1.13791,,,,,,,,,,,,,,,,,,
2018-10-03,0.0019507485119783206,1.14163,1.14022,,,,,,,,,,,,,,,,,,
2018-10-04,0.0019422185512316704,1.14072,1.14193,,,,,,,,,,,,,,,,,,
2018-10-05,0.0019413951777502542,1.14322,1.14145,,,,,,,,,,,,,,,,,,
2018-10-08,0.0019954061177913014,1.13976,1.13975,,,,,,,,,,,,,,,,,,
2018-10-09,0.0019497712691390037,1.1374,1.13983,152.0,0.0030812337012916884,1.14091,1.1408,1.14052,1.14025,,,,,,,,,,,,
2018-10-10,0.001944462805795696,1.14067,1.14339,,,,,,,,,,,,,,,,,,
2018-10-11,0.0019314957289740568,1.143,1.14752,,,,,,,,,,,,,,,,,,
2018-10-12,0.0019209701442284477,1.14728,1.14609,,,,,,,,,,,,,,,,,,
2018-10-15,0.0021163392407316664,1.14319,1.14411,,,,,,,,,,,,,,,,,,
2018-10-16,0.0020371718238965837,1.1442,1.14686,,,,,,,,,,,,,,,,,,
2018-10-17,0.001997468719649,1.14564,1.14532,,,,,,,,,,,,,,,,,,
2018-10-18,0.001986314463814226,1.14422,1.1423,,,,,,,,,,,,,,,,,,
2018-10-19,0.001975537904146878,1.14211,1.14784,179.0,0.003312925613454855,1.1459,1.14564,,,,,,,,,,,,,,
2018-10-22,0.0019614142398361395,1.14588,1.14251,,,,,,,,,,,,,,,,,,
2018-10-23,0.0019668136912717304,1.14242,1.14162,,,,,,,,,,,,,,,,,,
2018-10-24,0.00201966908758741,1.13679,1.13678,,,,,,,,,,,,,,,,,,
2018-10-25,0.001992342426834513,1.14049,1.13859,,,,,,,,,,,,,,,,,,
2018-10-26,0.00201818261776312,1.13653,1.1375,,,,,,,,,,,,,,,,,,
2018-10-29,0.0019833191528820767,1.13891,1.13952,,,,,,,,,,,,,,,,,,
2018-10-30,0.0019418874984533394,1.13765,1.14146,,,,,,,,,,,,,,,,,,
2018-10-31,0.001958074104174161,1.14048,1.14001,,,,,,,,,,,,,,,,,,
2018-11-01,0.0019407368121158361,1.14297,1.14338,,,,,,,,,,,,,,,,,,
2018-11-02,0.0019353070084120838,1.14125,1.14161,,,,,,,,,,,,,,,,,,
2018-11-05,0.0019248266504181951,1.14367,1.14501,,,,,,,,,,,,,,,,,,
2018-11-06,0.0019186922125253264,1.14563,1.14537,,,,,,,,,,,,,,,,,,
2018-11-07,0.001934440535998575,1.14425,1.14586,,,,,,,,,,,,,,,,,,
2018-11-08,0.0019241474777955086,1.14537,1.14439,,,,,,,,,,,,,,,,,,
2018-11-09,0.0019170674051756634,1.14199,1.13927,,,,,,,,,,,,,,,,,,
2018-11-12,0.0019429203687231292,1.13641,1.13412,,,,,,,,,,,,,,,,,,
2018-11-13,0.0019464572787290845,1.13754,1.1381,,,,,,,,,,,,,,,,,,
2018-11-14,0.0019750003860508954,1.13962,1.13751,,,,,,,,,,,,,,,,,,
2018-11-15,0.0019553052751857575,1.13631,1.13877,163.0,0.0030578645153157584,1.13979,1.13968,1.13898,1.13879,,,,,,,,,,,,
2018-11-16,0.0019701020513406544,1.14271,1.14134,,,,,,,,,,,,,,,,,,
2018-11-19,0.0019531287985321676,1.13862,1.13716,,,,,,,,,,,,,,,,,,
2018-11-20,0.0019270498513332826,1.13198,1.13177,,,,,,,,,,,,,,,,,,
2018-11-21,0.0019613961651041827,1.134,1.1329,,,,,,,,,,,,,,,,,,
2018-11-22,0.0020343490763737497,1.13505,1.13487,,,,,,,,,,,,,,,,,,
2018-11-23,0.002001830147499221,1.13087,1.13067,,,,,,,,,,,,,,,,,,
2018-11-26,0.0019823111279485945,1.13395,1.13178,,,,,,,,,,,,,,,,,,
2018-11-27,0.0019778673717940664,1.13091,1.12789,,,,,,,,,,,,,,,,,,
2018-11-28,0.0019555256378666007,1.12718,1.12932,,,,,,,,,,,,,,,,,,
2018-11-29,0.0019619183380123143,1.13238,1.13395,,,,,,,,,,,,,,,,,,
2018-11-30,0.0019455195579027567,1.13353,1.1299,,,,,,,,,,,,,,,,,,
2018-12-03,0.00205336778592899,1.13074,1.13314,,,,,,,,,,,,,,,,,,
2018-12-04,0.0020330309603591177,1.13408,1.13168,,,,,,,,,,,,,,,,,,
2018-12-05,0.001995844336519667,1.13281,1.13225,,,,,,,,,,,,,,,,,,
2018-12-06,0.0019710770385737006,1.13046,1.12978,,,,,,,,,,,,,,,,,,
2018-12-07,0.0019619827645054036,1.13068,1.12987,,,,,,,,,,,,,,,,,,
2018-12-10,0.0019487716175660575,1.12881,1.12457,118.0,-0.0030698821000317276,1.12535,1.12516,1.12552,1.12451,,,,,,,,,,,,
2018-12-11,0.0019393364320081953,1.12491,1.12427,,,,,,,,,,,,,,,,,,
2018-12-12,0.002026488644643052,1.12919,1.12855,,,,,,,,,,,,,,,,,,
2018-12-13,0.001990449218953916,1.12744,1.12876,,,,,,,,,,,,,,,,,,
2018-12-14,0.0020576352776262045,1.12447,1.12677,,,,,,,,,,,,,,,,,,
2018-12-17,0.002013393102384578,1.12596,1.12653,,,,,,,,,,,,,,,,,,
2018-12-18,0.001974703413867529,1.127,1.1284,,,,,,,,,,,,,,,,,,
2018-12-19,0.0019725032720675655,1.1322,1.13344,,,,,,,,,,,,,,,,,,
2018-12-20,0.001986083679447181,1.13328,1.13328,,,,,,,,,,,,,,,,,,
2018-12-21,0.002000023659954332,1.13104,1.13012,,,,,,,,,,,,,,,,,,
2018-12-24,0.0019919637760796374,1.12984,1.12786,,,,,,,,,,,,,,,,,,
2018-12-26,0.0019500393894848062,1.12854,1.12914,,,,,,,,,,,,,,,,,,
2018-12-27,0.002033565797068974,1.12616,1.12977,95.0,0.0030765299402625403,1.12963,1.13059,1.13082,1.12971,100.0,0.004129417736881455,1.13082,1.13061,1.12986,1.12907,,,,,,
2018-12-28,0.00207329113939112,1.12265,1.12641,120.0,0.0033702551586911877,1.12644,1.12579,1.1259,1.12602,,,,,,,,,,,,
2018-12-31,0.0020332122342022756,1.12629,1.12575,,,,,,,,,,,,,,,,,,
2019-01-02,0.001983292308370702,1.12396,1.12238,,,,,,,,,,,,,,,,,,
2019-01-03,0.0018613922602857631,1.12332,1.12676,92.0,0.0028446486486799673,1.12652,1.12609,1.12554,1.12624,142.0,0.0037674198669130216,1.12756,1.12745,1.12724,1.12748,,,,,,
2019-01-04,0.001914860406361887,1.12454,1.12453,,,,,,,,,,,,,,,,,,
2019-01-07,0.0019422231361364269,1.1232,1.12464,,,,,,,,,,,,,,,,,,
2019-01-08,0.0018881592832709316,1.12291,1.12332,,,,,,,,,,,,,,,,,,
2019-01-09,0.0018743028476805423,1.12103,1.12543,85.0,0.0028237660341021817,1.1242,1.12418,1.12416,1.12432,143.0,0.004166042148892832,1.12571,1.12608,1.12587,1.12602,163.0,0.0047255324057114126,1.12634,1.12636,1.12604,1.12546
2019-01-10,0.0018708899566442663,1.12837,1.13069,,,,,,,,,,,,,,,,,,
2019-01-11,0.001856095875273939,1.13183,1.12853,102.0,-0.002849004776074826,1.12861,1.12862,1.12862,1.12816,149.0,-0.003797523341083392,1.12754,1.12755,1.12751,1.12729,,,,,,
2019-01-14,0.0020907948431529177,1.12563,1.12489,,,,,,,,,,,,,,,,,,
2019-01-15,0.0020153800415454314,1.12654,1.12584,,,,,,,,,,,,,,,,,,
2019-01-16,0.0019739605274772427,1.12698,1.12829,,,,,,,,,,,,,,,,,,
2019-01-17,0.0019344706381500551,1.13122,1.13175,,,,,,,,,,,,,,,,,,
2019-01-18,0.0019127408034314932,1.13312,1.13076,,,,,,,,,,,,,,,,,,
2019-01-21,0.0019212556949445155,1.13396,1.13357,,,,,,,,,,,,,,,,,,
2019-01-22,0.0018914175877750108,1.13219,1.13332,,,,,,,,,,,,,,,,,,
2019-01-23,0.0018780206326997945,1.13305,1.13301,,,,,,,,,,,,,,,,,,
2019-01-24,0.0018613267670031246,1.1288,1.12656,,,,,,,,,,,,,,,,,,
2019-01-25,0.0018572063114134592,1.13169,1.1328,,,,,,,,,,,,,,,,,,
2019-01-28,0.0019294330503918287,1.133,1.13322,,,,,,,,,,,,,,,,,,
2019-01-29,0.0019519328758378458,1.13535,1.1374,,,,,,,,,,,,,,,,,,
2019-01-30,0.0019183910872141974,1.1407,1.14078,,,,,,,,,,,,,,,,,,
2019-01-31,0.001956413632858831,1.14153,1.13764,112.0,-0.003018049158313563,1.13809,1.13816,1.13738,1.13907,,,,,,,,,,,,
2019-02-01,0.0019581623384141854,1.1393,1.14054,,,,,,,,,,,,,,,,,,
2019-02-04,0.001962614683292991,1.14206,1.14056,,,,,,,,,,,,,,,,,,
2019-02-05,0.0019051569808835771,1.14278,1.14119,,,,,,,,,,,,,,,,,,
2019-02-06,0.001882087570588407,1.13904,1.13929,,,,,,,,,,,,,,,,,,
2019-02-07,0.0018716724976684954,1.13483,1.13655,,,,,,,,,,,,,,,,,,
2019-02-08,0.0018580170207127978,1.13627,1.13276,122.0,-0.0029084647955003005,1.13297,1.13258,1.13268,1.13317,,,,,,,,,,,,
2019-02-11,0.001876337441404887,1.13533,1.13225,118.0,-0.0029197101033347503,1.13202,1.1323,1.13268,1.13259,,,,,,,,,,,,
2019-02-12,0.0018853728514127363,1.13944,1.13956,,,,,,,,,,,,,,,,,,
2019-02-13,0.0018693323405426809,1.13707,1.13729,,,,,,,,,,,,,,,,,,
2019-02-14,0.0020051030849212764,1.13686,1.13511,,,,,,,,,,,,,,,,,,
2019-02-15,0.0019725571291347326,1.13401,1.13458,,,,,,,,,,,,,,,,,,
2019-02-18,0.0019513313841741339,1.13565,1.1358,,,,,,,,,,,,,,,,,,
2019-02-19,0.0018898776666374385,1.13469,1.1354,,,,,,,,,,,,,,,,,,
2019-02-20,0.0018707679114082624,1.13366,1.1348,,,,,,,,,,,,,,,,,,
2019-02-21,0.0018567711014224686,1.13617,1.1346,,,,,,,,,,,,,,,,,,
2019-02-22,0.0018464494490296629,1.13439,1.13368,,,,,,,,,,,,,,,,,,
2019-02-25,0.0018415387377615632,1.13602,1.1357,,,,,,,,,,,,,,,,,,
2019-02-26,0.0018350020421653225,1.13755,1.13798,,,,,,,,,,,,,,,,,,
2019-02-27,0.00185662630598431,1.1359,1.13822,,,,,,,,,,,,,,,,,,
2019-02-28,0.0018649549345073192,1.13372,1.1353,,,,,,,,,,,,,,,,,,
2019-03-01,0.0018652635488627396,1.13635,1.13554,,,,,,,,,,,,,,,,,,
2019-03-04,0.0018533225394293566,1.13408,1.13285,,,,,,,,,,,,,,,,,,
2019-03-05,0.0018393293598218561,1.13404,1.13558,,,,,,,,,,,,,,,,,,
2019-03-06,0.0018626184035944273,1.13635,1.13608,,,,,,,,,,,,,,,,,,
2019-03-07,0.0018794976618795606,1.13475,1.13415,,,,,,,,,,,,,,,,,,
2019-03-08,0.0018630342703271888,1.13174,1.13203,,,,,,,,,,,,,,,,,,
2019-03-11,0.0018957564575994193,1.13455,1.13599,,,,,,,,,,,,,,,,,,
2019-03-12,0.001861557345975831,1.13744,1.13691,,,,,,,,,,,,,,,,,,
2019-03-13,0.0019327808065563712,1.13658,1.13602,,,,,,,,,,,,,,,,,,
2019-03-14,0.0019032453859034318,1.13519,1.1348,,,,,,,,,,,,,,,,,,
2019-03-15,0.0018798803004921318,1.13595,1.13523,,,,,,,,,,,,,,,,,,
2019-03-18,0.001878437156578737,1.13589,1.13435,,,,,,,,,,,,,,,,,,
2019-03-19,0.001851892652179667,1.13501,1.13435,,,,,,,,,,,,,,,,,,
2019-03-20,0.0018431375446744498,1.13387,1.13233,,,,,,,,,,,,,,,,,,
2019-03-21,0.0018384241473420077,1.13028,1.12805,,,,,,,,,,,,,,,,,,
2019-03-22,0.0018446611227108665,1.1239,1.12232,,,,,,,,,,,,,,,,,,
2019-03-25,0.0018692669559730608,1.1237,1.12273,,,,,,,,,,,,,,,,,,
2019-03-26,0.0019419384478619162,1.12228,1.12141,,,,,,,,,,,,,,,,,,
2019-03-27,0.0019097886659139637,1.11998,1.11933,,,,,,,,,,,,,,,,,,
2019-03-28,0.001898497771935356,1.11792,1.11817,,,,,,,,,,,,,,,,,,
2019-03-29,0.0018773495632528614,1.11845,1.11754,,,,,,,,,,,,,,,,,,
2019-04-01,0.0018730984580151001,1.11743,1.11961,,,,,,,,,,,,,,,,,,
2019-04-02,0.0018794255702273943,1.11983,1.11715,,,,,,,,,,,,,,,,,,
2019-04-03,0.0018633424545868459,1.12059,1.12082,,,,,,,,,,,,,,,,,,
2019-04-04,0.0018555376613029328,1.121,1.12177,,,,,,,,,,,,,,,,,,
2019-04-05,0.0018520938727105201,1.12325,1.12203,,,,,,,,,,,,,,,,,,
2019-04-08,0.0018518036284333101,1.12446,1.12541,,,,,,,,,,,,,,,,,,
2019-04-09,0.0018399303519552742,1.12723,1.12765,,,,,,,,,,,,,,,,,,
2019-04-10,0.00188059355674325,1.12802,1.12881,,,,,,,,,,,,,,,,,,
2019-04-11,0.0018701220310564327,1.13021,1.1293,,,,,,,,,,,,,,,,,,
2019-04-12,0.0019051945742235323,1.13198,1.13237,,,,,,,,,,,,,,,,,,
2019-04-15,0.0018921458765278067,1.13431,1.13472,,,,,,,,,,,,,,,,,,
2019-04-16,0.0018637987629227001,1.13732,1.13676,,,,,,,,,,,,,,,,,,
2019-04-17,0.0018527778932133133,1.14036,1.14085,,,,,,,,,,,,,,,,,,
2019-04-18,0.0018833267940770416,1.13847,1.14098,,,,,,,,,,,,,,,,,,
2019-04-19,0.0018949701694620888,1.13986,1.14075,,,,,,,,,,,,,,,,,,
2019-04-22,0.0018750213337163078,1.14122,1.14324,,,,,,,,,,,,,,,,,,
2019-04-23,0.0018496248182100492,1.14708,1.14568,,,,,,,,,,,,,,,,,,
2019-04-24,0.0018598686243621587,1.14166,1.13989,,,,,,,,,,,,,,,,,,
2019-04-25,0.001861865223759365,1.13729,1.1362,,,,,,,,,,,,,,,,,,
2019-04-26,0.001980148706183944,1.13766,1.13675,,,,,,,,,,,,,,,,,,
2019-04-29,0.0019504467639669483,1.13763,1.13912,,,,,,,,,,,,,,,,,,
2019-04-30,0.0018895195158384244,1.14348,1.1425,,,,,,,,,,,,,,,,,,
2019-05-01,0.0019171000826721431,1.14142,1.13998,,,,,,,,,,,,,,,,,,
2019-05-02,0.0019102466778543362,1.14169,1.13845,,,,,,,,,,,,,,,,,,
2019-05-03,0.0019029470965124032,1.13803,1.1384,,,,,,,,,,,,,,,,,,
2019-05-06,0.001885899603427339,1.14004,1.13966,,,,,,,,,,,,,,,,,,
2019-05-07,0.0018643788789722631,1.14128,1.14167,,,,,,,,,,,,,,,,,,
2019-05-08,0.0018776150802196994,1.13969,1.14096,,,,,,,,,,,,,,,,,,
2019-05-09,0.001872173789948829,1.1397,1.13766,,,,,,,,,,,,,,,,,,
2019-05-10,0.0018614457354637595,1.13792,1.13637,,,,,,,,,,,,,,,,,,
2019-05-13,0.0018666375023945105,1.13171,1.13045,,,,,,,,,,,,,,,,,,
2019-05-14,0.0018750306268800116,1.13152,1.13057,,,,,,,,,,,,,,,,,,
2019-05-15,0.0019281962622542254,1.12721,1.13108,134.0,0.0030825127379831897,1.13069,1.13076,1.13066,1.13121,,,,,,,,,,,,
2019-05-16,0.0019002446080026443,1.13037,1.12905,,,,,,,,,,,,,,,,,,
2019-05-17,0.0018784793613353646,1.12845,1.1285,,,,,,,,,,,,,,,,,,
2019-05-20,0.0018692171811470802,1.12615,1.12624,,,,,,,,,,,,,,,,,,
2019-05-21,0.0018501483573413035,1.12685,1.12752,,,,,,,,,,,,,,,,,,
2019-05-22,0.001849043821248093,1.12519,1.12562,,,,,,,,,,,,,,,,,,
2019-05-23,0.0018520362925017915,1.12267,1.12149,,,,,,,,,,,,,,,,,,
2019-05-24,0.001908844716294988,1.1216,1.12197,,,,,,,,,,,,,,,,,,
2019-05-27,0.001895939889525042,1.12533,1.12373,,,,,,,,,,,,,,,,,,
2019-05-28,0.001875264835783789,1.12544,1.12762,,,,,,,,,,,,,,,,,,
2019-05-29,0.0018666637141088436,1.1214,1.12112,,,,,,,,,,,,,,,,,,
2019-05-30,0.0018542103626542497,1.12336,1.1221,,,,,,,,,,,,,,,,,,
2019-05-31,0.0018483329443115513,1.12131,1.11856,,,,,,,,,,,,,,,,,,
2019-06-03,0.0018621557323697821,1.11639,1.1199,,,,,,,,,,,,,,,,,,
2019-06-04,0.0018580784073893406,1.11804,1.117,,,,,,,,,,,,,,,,,,
2019-06-05,0.001849493534517124,1.11652,1.11566,,,,,,,,,,,,,,,,,,
2019-06-06,0.001842690247654293,1.11788,1.1165,,,,,,,,,,,,,,,,,,
2019-06-07,0.0018372953445603872,1.11902,1.11858,,,,,,,,,,,,,,,,,,
2019-06-10,0.0018368389388309734,1.12047,1.11962,,,,,,,,,,,,,,,,,,
2019-06-11,0.0018430873036721295,1.1223,1.12299,,,,,,,,,,,,,,,,,,
2019-06-12,0.0018376379823120189,1.12515,1.12453,,,,,,,,,,,,,,,,,,
2019-06-13,0.0018867547706562008,1.12034,1.12132,,,,,,,,,,,,,,,,,,
2019-06-14,0.0018750827921860723,1.12095,1.1206,,,,,,,,,,,,,,,,,,
2019-06-17,0.0018822286243491415,1.12133,1.12142,,,,,,,,,,,,,,,,,,
2019-06-18,0.001864010642342551,1.11836,1.11908,,,,,,,,,,,,,,,,,,
2019-06-19,0.0018531452350240736,1.11779,1.11688,,,,,,,,,,,,,,,,,,
2019-06-20,0.0018446617271763287,1.11424,1.10802,94.0,-0.002948051748644748,1.11096,1.111,1.11056,1.11069,148.0,-0.003713448644281975,1.11011,1.10999,1.10969,1.1094,157.0,-0.004713849789402451,1.109,1.10918,1.10925,1.10936
2019-06-21,0.001903920432745421,1.11116,1.10878,,,,,,,,,,,,,,,,,,
2019-06-24,0.002031191795444337,1.1107,1.10715,175.0,-0.003156141309669237,1.1072,1.1072,1.10718,,,,,,,,,,,,,
2019-06-25,0.0019483600749100518,1.11219,1.10727,103.0,-0.0029895657683348376,1.10887,1.10891,1.10851,1.10812,126.0,-0.003900817991104696,1.10786,1.10764,1.10803,1.1082,,,,,,
2019-06-26,0.001980495540533231,1.11086,1.11166,,,,,,,,,,,,,,,,,,
2019-06-27,0.0019488035918458785,1.11141,1.1106,,,,,,,,,,,,,,,,,,
2019-06-28,0.001961047914258709,1.10997,1.10989,,,,,,,,,,,,,,,,,,
2019-07-01,0.001969213944999979,1.114,1.11499,,,,,,,,,,,,,,,,,,
2019-07-02,0.0019568439180219425,1.11627,1.11421,,,,,,,,,,,,,,,,,,
2019-07-03,0.0019205493007338193,1.11145,1.11227,,,,,,,,,,,,,,,,,,
2019-07-04,0.0019021860562669101,1.11215,1.11155,,,,,,,,,,,,,,,,,,
2019-07-05,0.0018850995778452787,1.11249,1.11296,,,,,,,,,,,,,,,,,,
2019-07-08,0.0018753017884392982,1.11321,1.11381,,,,,,,,,,,,,,,,,,
2019-07-09,0.0018630637339326524,1.11362,1.11292,,,,,,,,,,,,,,,,,,
2019-07-10,0.0018773922576230475,1.11258,1.11386,,,,,,,,,,,,,,,,,,
2019-07-11,0.0018654155905832004,1.11178,1.11327,,,,,,,,,,,,,,,,,,
2019-07-12,0.0018660428328537118,1.10915,1.10789,,,,,,,,,,,,,,,,,,
2019-07-15,0.0018961640968965135,1.10672,1.10871,,,,,,,,,,,,,,,,,,
2019-07-16,0.0019532990117973642,1.10764,1.10891,,,,,,,,,,,,,,,,,,
2019-07-17,0.0019197054831508898,1.10939,1.1085,,,,,,,,,,,,,,,,,,
2019-07-18,0.001908576260740365,1.10706,1.10719,,,,,,,,,,,,,,,,,,
2019-07-19,0.0018856902557297384,1.10333,1.10213,,,,,,,,,,,,,,,,,,
2019-07-22,0.001869219596739119,1.10078,1.10077,,,,,,,,,,,,,,,,,,
2019-07-23,0.0019285889324968082,1.0989,1.09878,,,,,,,,,,,,,,,,,,
2019-07-24,0.0019047962088381018,1.098,1.09779,,,,,,,,,,,,,,,,,,
2019-07-25,0.0018950711809510822,1.09834,1.10424,50.0,0.0028547809661916865,1.10148,1.10188,1.10192,1.10272,64.0,0.003852938993948849,1.10258,1.10272,1.1024,1.10191,96.0,0.004886343428026735,1.10372,1.10397,1.10424,1.10418
2019-07-26,0.001897961267920143,1.10515,1.10463,,,,,,,,,,,,,,,,,,
2019-07-29,0.0020340397153558736,1.10381,1.10495,,,,,,,,,,,,,,,,,,
2019-07-30,0.0019414726943948846,1.10387,1.10443,,,,,,,,,,,,,,,,,,
2019-07-31,0.0019105250913785188,1.10447,1.10228,,,,,,,,,,,,,,,,,,
2019-08-01,0.0018883160484854924,1.09823,1.09922,,,,,,,,,,,,,,,,,,
2019-08-02,0.001914877075477502,1.09307,1.09113,,,,,,,,,,,,,,,,,,
2019-08-05,0.0020092548238327796,1.08936,1.08836,,,,,,,,,,,,,,,,,,
2019-08-06,0.001974386455281757,1.09189,1.09515,,,,,,,,,,,,,,,,,,
2019-08-07,0.0019703399602679513,1.0925,1.09114,,,,,,,,,,,,,,,,,,
2019-08-08,0.0019367837233081288,1.09176,1.09294,62.0,0.0029632903207427613,1.095,1.09464,1.09477,1.09511,,,,,,,,,,,,
2019-08-09,0.001907883435341895,1.09008,1.08979,,,,,,,,,,,,,,,,,,
2019-08-12,0.0019115262443585566,1.08795,1.08717,,,,,,,,,,,,,,,,,,
2019-08-13,0.0018739907365367297,1.0852,1.08993,133.0,0.0028157886704236784,1.08826,1.0886,1.08844,1.09067,144.0,0.003853604757878922,1.08939,1.08948,1.09154,1.091,148.0,0.005027884499799975,1.09067,1.09154,1.09188,1.09036
2019-08-14,0.0018674189969467095,1.08619,1.08485,,,,,,,,,,,,,,,,,,
2019-08-15,0.0018655138913403382,1.08633,1.08375,,,,,,,,,,,,,,,,,,
2019-08-16,0.001946043731604757,1.08538,1.08677,,,,,,,,,,,,,,,,,,
2019-08-19,0.0019211711238885814,1.08825,1.08815,,,,,,,,,,,,,,,,,,
2019-08-20,0.0018890101984146864,1.08599,1.08612,,,,,,,,,,,,,,,,,,
2019-08-21,0.0018835532940303496,1.08729,1.08932,,,,,,,,,,,,,,,,,,
2019-08-22,0.0018754086277576977,1.0902,1.09046,,,,,,,,,,,,,,,,,,
2019-08-23,0.0018993423287245294,1.09067,1.08595,,,,,,,,,,,,,,,,,,
2019-08-26,0.0018844911265223883,1.08912,1.08679,,,,,,,,,,,,,,,,,,
2019-08-27,0.0019229764147808853,1.08792,1.08888,113.0,0.002918745360349535,1.0911,1.09101,1.0912,1.09116,,,,,,,,,,,,
2019-08-28,0.0018974430100901524,1.08736,1.08708,,,,,,,,,,,,,,,,,,
2019-08-29,0.0018900087523514022,1.08792,1.08953,,,,,,,,,,,,,,,,,,
2019-08-30,0.001887461305604571,1.09091,1.08797,,,,,,,,,,,,,,,,,,
2019-09-02,0.0019359162966630335,1.08751,1.08635,,,,,,,,,,,,,,,,,,
2019-09-03,0.0019088588328394621,1.08291,1.08269,,,,,,,,,,,,,,,,,,
2019-09-04,0.0019180798988875972,1.08438,1.0823,,,,,,,,,,,,,,,,,,
2019-09-05,0.0019127324641793628,1.08648,1.08935,102.0,0.0028858987907427265,1.08962,1.08946,1.08934,1.08926,133.0,0.003876579138884496,1.0907,1.0909,1.0908,1.09046,,,,,,
2019-09-06,0.0019132814395401913,1.09243,1.08936,,,,,,,,,,,,,,,,,,
2019-09-09,0.0019388505014814128,1.09264,1.09582,,,,,,,,,,,,,,,,,,
2019-09-10,0.0018971097973145131,1.09437,1.09403,,,,,,,,,,,,,,,,,,
2019-09-11,0.0019797688955654506,1.09332,1.0925,,,,,,,,,,,,,,,,,,
2019-09-12,0.0019387791028380222,1.09013,1.09507,36.0,-0.003197386014893646,1.08665,1.08626,1.08589,1.08705,39.0,-0.004339159386448805,1.08541,1.08556,1.08685,1.08683,,,,,,
2019-09-13,0.0019234899527127423,1.09431,1.09599,,,,,,,,,,,,,,,,,,
2019-09-16,0.0019072707033359238,1.09342,1.0917,,,,,,,,,,,,,,,,,,
2019-09-17,0.001886121030081102,1.09642,1.09803,,,,,,,,,,,,,,,,,,
2019-09-18,0.0018868678535669458,1.09965,1.10046,,,,,,,,,,,,,,,,,,
2019-09-19,0.002050410889201685,1.09701,1.0967,,,,,,,,,,,,,,,,,,
2019-09-20,0.0019913976198442135,1.09388,1.0927,,,,,,,,,,,,,,,,,,
2019-09-23,0.001999103049564224,1.08896,1.0874,,,,,,,,,,,,,,,,,,
2019-09-24,0.001957516946687248,1.08762,1.08583,,,,,,,,,,,,,,,,,,
2019-09-25,0.0019765399337399923,1.08367,1.08498,,,,,,,,,,,,,,,,,,
2019-09-26,0.0019550774983360156,1.08676,1.08585,,,,,,,,,,,,,,,,,,
2019-09-27,0.0019209958842997987,1.08628,1.08513,,,,,,,,,,,,,,,,,,
2019-09-30,0.0018970286770201353,1.08549,1.08801,,,,,,,,,,,,,,,,,,
2019-10-01,0.0018743085618746246,1.09089,1.08614,176.0,-0.0029836655093373144,1.08764,1.08771,,,,,,,,,,,,,,
2019-10-02,0.0019117290143687846,1.09323,1.09222,,,,,,,,,,,,,,,,,,
2019-10-03,0.0018952056915509728,1.09552,1.09631,,,,,,,,,,,,,,,,,,
2019-10-04,0.002050925079481756,1.09106,1.09287,,,,,,,,,,,,,,,,,,
2019-10-07,0.002030438026595921,1.09222,1.09256,,,,,,,,,,,,,,,,,,
2019-10-08,0.001978243936691891,1.08918,1.08829,,,,,,,,,,,,,,,,,,
2019-10-09,0.0019394220577763908,1.09257,1.0922,,,,,,,,,,,,,,,,,,
2019-10-10,0.0019393390474162647,1.09463,1.09688,,,,,,,,,,,,,,,,,,
2019-10-11,0.00196134734976479,1.1031,1.10021,,,,,,,,,,,,,,,,,,
2019-10-14,0.0020194146164637296,1.09769,1.09953,,,,,,,,,,,,,,,,,,
2019-10-15,0.0019401069152506984,1.09785,1.10151,162.0,0.002983203514839164,1.10113,1.10092,1.10129,1.10204,174.0,0.004154041614603321,1.10242,1.10239,1.10204,,,,,,,
2019-10-16,0.00191419278558138,1.09992,1.10274,,,,,,,,,,,,,,,,,,
2019-10-17,0.0018981266638164289,1.0999,1.09825,,,,,,,,,,,,,,,,,,
2019-10-18,0.0018805798812028904,1.09922,1.09927,,,,,,,,,,,,,,,,,,
2019-10-21,0.0018782471164648796,1.10051,1.09939,,,,,,,,,,,,,,,,,,
2019-10-22,0.0018586251876997614,1.10113,1.10131,,,,,,,,,,,,,,,,,,
2019-10-23,0.0018539353373306928,1.10035,1.1014,,,,,,,,,,,,,,,,,,
2019-10-24,0.0018482050775855303,1.10167,1.10133,,,,,,,,,,,,,,,,,,
2019-10-25,0.0018647012179408059,1.1017,1.10207,,,,,,,,,,,,,,,,,,
2019-10-28,0.0018563141679513004,1.10504,1.10449,,,,,,,,,,,,,,,,,,
2019-10-29,0.0018625621162466149,1.10401,1.10442,,,,,,,,,,,,,,,,,,
2019-10-30,0.0018546109722576106,1.10365,1.10186,,,,,,,,,,,,,,,,,,
2019-10-31,0.0018518144844830067,1.1008,1.09996,,,,,,,,,,,,,,,,,,
2019-11-01,0.0018657721275824022,1.10103,1.1008,,,,,,,,,,,,,,,,,,
2019-11-04,0.0018615035146746024,1.10137,1.09928,,,,,,,,,,,,,,,,,,
2019-11-05,0.0018595190144358204,1.10027,1.09915,,,,,,,,,,,,,,,,,,
2019-11-06,0.0018630169236619454,1.10069,1.09823,,,,,,,,,,,,,,,,,,
2019-11-07,0.0018560862445713257,1.09903,1.10108,,,,,,,,,,,,,,,,,,
2019-11-08,0.0018609866009174768,1.09917,1.09919,,,,,,,,,,,,,,,,,,
2019-11-11,0.0018618996331014241,1.09644,1.0964,,,,,,,,,,,,,,,,,,
2019-11-12,0.0018492795493399205,1.09636,1.09357,,,,,,,,,,,,,,,,,,
2019-11-13,0.0018551590462116652,1.0903,1.08885,,,,,,,,,,,,,,,,,,
2019-11-14,0.0019512548180437132,1.08733,1.08887,,,,,,,,,,,,,,,,,,
2019-11-15,0.0019391924244373969,1.09249,1.09414,,,,,,,,,,,,,,,,,,
2019-11-18,0.0019184700414719693,1.09413,1.09467,,,,,,,,,,,,,,,,,,
2019-11-19,0.0019079580970058315,1.09817,1.09763,,,,,,,,,,,,,,,,,,
2019-11-20,0.001896606766397605,1.09837,1.0966,,,,,,,,,,,,,,,,,,
2019-11-21,0.0018794026543730751,1.09881,1.09802,,,,,,,,,,,,,,,,,,
2019-11-22,0.0018691372940190026,1.09965,1.09986,,,,,,,,,,,,,,,,,,
2019-11-25,0.0018743958482854118,1.09939,1.09697,,,,,,,,,,,,,,,,,,
2019-11-26,0.0018564548166497873,1.09834,1.09936,,,,,,,,,,,,,,,,,,
2019-11-27,0.0018533379234944869,1.09875,1.09963,,,,,,,,,,,,,,,,,,
2019-11-28,0.0018575639730038786,1.09946,1.09954,,,,,,,,,,,,,,,,,,
2019-11-29,0.0018518616127453974,1.10102,1.10152,,,,,,,,,,,,,,,,,,
2019-12-02,0.0018470005112462661,1.09957,1.09872,,,,,,,,,,,,,,,,,,
2019-12-03,0.001852207137633475,1.09414,1.09348,,,,,,,,,,,,,,,,,,
2019-12-04,0.0018706306276955224,1.09628,1.09584,,,,,,,,,,,,,,,,,,
2019-12-05,0.001957056058370762,1.09722,1.09624,,,,,,,,,,,,,,,,,,
2019-12-06,0.0019290862890609824,1.09692,1.09464,,,,,,,,,,,,,,,,,,
2019-12-09,0.001911817072251646,1.09577,1.09313,,,,,,,,,,,,,,,,,,
2019-12-10,0.0018787467094759634,1.09236,1.09215,,,,,,,,,,,,,,,,,,
2019-12-11,0.0018765593165871485,1.092,1.09344,,,,,,,,,,,,,,,,,,
2019-12-12,0.001868988126979139,1.09376,1.0959,82.0,0.0028211338845252135,1.09685,1.09645,1.09667,1.09662,,,,,,,,,,,,
2019-12-13,0.0018779352636025702,1.09835,1.09414,90.0,-0.0028264059661868525,1.09525,1.09555,1.09515,1.09497,98.0,-0.003831247559825761,1.09415,1.09407,1.09509,1.09429,,,,,,
2019-12-16,0.0019948652577851944,1.09541,1.09567,,,,,,,,,,,,,,,,,,
2019-12-17,0.0020400765004157033,1.09395,1.09305,,,,,,,,,,,,,,,,,,
2019-12-18,0.001983867167291211,1.09118,1.09008,,,,,,,,,,,,,,,,,,
2019-12-19,0.001988306945406221,1.08912,1.08726,,,,,,,,,,,,,,,,,,
2019-12-20,0.001954456152336482,1.08748,1.08796,,,,,,,,,,,,,,,,,,
2019-12-23,0.0019346908806456861,1.08738,1.08913,,,,,,,,,,,,,,,,,,
2019-12-24,0.0018870736598452114,1.0876,1.08644,,,,,,,,,,,,,,,,,,
2019-12-26,0.0018813658494162737,1.08815,1.08893,,,,,,,,,,,,,,,,,,
2019-12-27,0.0018899008519613007,1.08876,1.08858,,,,,,,,,,,,,,,,,,
2019-12-30,0.001887653821674759,1.08703,1.08535,,,,,,,,,,,,,,,,,,
2019-12-31,0.0018634605358732771,1.08453,1.08554,,,,,,,,,,,,,,,,,,
2020-01-02,0.0019244756159223883,1.08625,1.08646,,,,,,,,,,,,,,,,,,
2020-01-03,0.0018007745988942465,1.08377,1.08458,,,,,,,,,,,,,,,,,,
2020-01-06,0.0018124253466245742,1.08562,1.08399,,,,,,,,,,,,,,,,,,
2020-01-07,0.0017847574877043319,1.08361,1.08144,,,,,,,,,,,,,,,,,,
2020-01-08,0.0017754533754115876,1.07889,1.08203,,,,,,,,,,,,,,,,,,
2020-01-09,0.0018048778396278446,1.08041,1.07994,,,,,,,,,,,,,,,,,,
2020-01-10,0.0017956750497115502,1.08248,1.08181,,,,,,,,,,,,,,,,,,
2020-01-13,0.001794021597692541,1.08045,1.08064,,,,,,,,,,,,,,,,,,
2020-01-14,0.00177837296582394,1.07768,1.07754,,,,,,,,,,,,,,,,,,
2020-01-15,0.0017748485598431626,1.07457,1.07498,,,,,,,,,,,,,,,,,,
2020-01-16,0.0018354664707072078,1.07465,1.07436,,,,,,,,,,,,,,,,,,
2020-01-17,0.0018176824245538534,1.0752,1.0736,,,,,,,,,,,,,,,,,,
2020-01-20,0.0018012846441724066,1.07401,1.07404,,,,,,,,,,,,,,,,,,
2020-01-21,0.0017843545977761748,1.07462,1.07395,,,,,,,,,,,,,,,,,,
2020-01-22,0.0017745502961810226,1.07549,1.07422,,,,,,,,,,,,,,,,,,
2020-01-23,0.0017689474038951169,1.07223,1.07101,,,,,,,,,,,,,,,,,,
2020-01-24,0.0017691787648231744,1.07035,1.07047,,,,,,,,,,,,,,,,,,
2020-01-27,0.0017718058103042072,1.06831,1.06885,,,,,,,,,,,,,,,,,,
2020-01-28,0.001764979551984876,1.07075,1.07169,,,,,,,,,,,,,,,,,,
2020-01-29,0.0017642036942353161,1.0731,1.07265,,,,,,,,,,,,,,,,,,
2020-01-30,0.001795942894539344,1.06909,1.06881,,,,,,,,,,,,,,,,,,
2020-01-31,0.0017917895766125568,1.06857,1.06837,,,,,,,,,,,,,,,,,,
2020-02-03,0.0017835684295914467,1.06661,1.06829,,,,,,,,,,,,,,,,,,
2020-02-04,0.0017745305073259994,1.07045,1.07038,,,,,,,,,,,,,,,,,,
2020-02-05,0.0017738714775016714,1.07149,1.07061,,,,,,,,,,,,,,,,,,
2020-02-06,0.0017703816089794208,1.07166,1.07029,,,,,,,,,,,,,,,,,,
2020-02-07,0.0017715898432815254,1.06992,1.0698,,,,,,,,,,,,,,,,,,
2020-02-10,0.0017701851155881136,1.06902,1.06648,,,,,,,,,,,,,,,,,,
2020-02-11,0.0017612402234259892,1.06695,1.06544,,,,,,,,,,,,,,,,,,
2020-02-12,0.0017854784889273032,1.06417,1.06375,,,,,,,,,,,,,,,,,,
2020-02-13,0.0018010440950856823,1.06257,1.06098,,,,,,,,,,,,,,,,,,
2020-02-14,0.0017972669202703953,1.06437,1.06423,,,,,,,,,,,,,,,,,,
2020-02-17,0.0017888219847661461,1.06362,1.06278,,,,,,,,,,,,,,,,,,
2020-02-18,0.0017848740626494422,1.06153,1.06136,,,,,,,,,,,,,,,,,,
2020-02-19,0.0017982994619656402,1.06152,1.06188,,,,,,,,,,,,,,,,,,
2020-02-20,0.0017851693807335641,1.06208,1.06145,,,,,,,,,,,,,,,,,,
2020-02-21,0.0017772949806908489,1.0609,1.0618,,,,,,,,,,,,,,,,,,
2020-02-24,0.0017742697108079374,1.05932,1.06189,,,,,,,,,,,,,,,,,,
2020-02-25,0.0017623866871319404,1.0597,1.06127,,,,,,,,,,,,,,,,,,
2020-02-26,0.0017755383823630985,1.06077,1.06286,,,,,,,,,,,,,,,,,,
2020-02-27,0.0017727771220622762,1.06305,1.06676,66.0,0.0026961410809400793,1.06592,1.066,1.0657,1.06467,,,,,,,,,,,,
2020-02-28,0.0017673543025902442,1.06072,1.06528,119.0,0.0027208595490412174,1.06361,1.06341,1.06352,1.06366,149.0,0.00366061208740147,1.06461,1.06472,1.06456,1.06426,,,,,,
2020-03-02,0.0017789150546769392,1.06432,1.06933,117.0,0.003498458339175501,1.06805,1.06812,1.06785,1.06791,118.0,0.003563996194332397,1.06812,1.06827,1.06805,1.06812,150.0,0.004602665668019061,1.06923,1.06927,1.06848,1.06826
2020-03-03,0.0017707027996923257,1.06401,1.06887,60.0,0.004267158315185311,1.06856,1.06795,1.06763,1.06554,60.0,0.004267158315185311,1.06856,1.06795,1.06763,1.06554,158.0,0.0046788426713805994,1.069,1.06888,1.06849,1.06866
2020-03-04,0.0017881132551918087,1.06427,1.06389,,,,,,,,,,,,,,,,,,
2020-03-05,0.001779025803983746,1.06498,1.06232,,,,,,,,,,,,,,,,,,
2020-03-06,0.001801106737462578,1.05843,1.06024,,,,,,,,,,,,,,,,,,
2020-03-09,0.0018507051615358123,1.05913,1.06143,,,,,,,,,,,,,,,,,,
2020-03-10,0.001838411344480611,1.05923,1.05869,,,,,,,,,,,,,,,,,,
2020-03-11,0.0019360551287506357,1.05794,1.05897,,,,,,,,,,,,,,,,,,
2020-03-12,0.0018971893171522375,1.0559,1.05694,,,,,,,,,,,,,,,,,,
2020-03-13,0.0019305947789706962,1.06055,1.05767,58.0,-0.0029178353192796,1.05746,1.05811,1.05793,1.05703,88.0,-0.003911273975730139,1.05641,1.05673,1.0564,1.05659,,,,,,
2020-03-16,0.0019047702576196588,1.0544,1.0564,,,,,,,,,,,,,,,,,,
2020-03-17,0.0018575987595122743,1.05662,1.05695,,,,,,,,,,,,,,,,,,
2020-03-18,0.0018829338273637013,1.05463,1.05338,,,,,,,,,,,,,,,,,,
2020-03-19,0.0018812889507998623,1.05399,1.05263,,,,,,,,,,,,,,,,,,
2020-03-20,0.0018473856388975618,1.05342,1.05323,,,,,,,,,,,,,,,,,,
2020-03-23,0.001876838044857667,1.05831,1.05528,,,,,,,,,,,,,,,,,,
2020-03-24,0.0018214279960976877,1.05755,1.05863,,,,,,,,,,,,,,,,,,
2020-03-25,0.0018697382809725824,1.06,1.06173,,,,,,,,,,,,,,,,,,
2020-03-26,0.0018465976111743654,1.06333,1.06285,,,,,,,,,,,,,,,,,,
2020-03-27,0.001865625938687815,1.05876,1.05977,,,,,,,,,,,,,,,,,,
2020-03-30,0.0018361539595503557,1.05775,1.05798,,,,,,,,,,,,,,,,,,
2020-03-31,0.0018482255709025683,1.05823,1.06053,177.0,0.0028309116506231094,1.06123,1.06173,,,,,,,,,,,,,,
2020-04-01,0.0018273904189876305,1.0563,1.05781,,,,,,,,,,,,,,,,,,
2020-04-02,0.0018157518806422486,1.0551,1.05649,,,,,,,,,,,,,,,,,,
2020-04-03,0.001811240170263874,1.05436,1.05544,,,,,,,,,,,,,,,,,,
2020-04-06,0.001807544873170114,1.05603,1.0557,,,,,,,,,,,,,,,,,,
2020-04-07,0.001817047948549433,1.05759,1.05683,,,,,,,,,,,,,,,,,,
2020-04-08,0.0018007695689409768,1.05576,1.055,,,,,,,,,,,,,,,,,,
2020-04-09,0.0017898122666471776,1.05552,1.05592,,,,,,,,,,,,,,,,,,
2020-04-10,0.0017810616806270107,1.05597,1.05629,,,,,,,,,,,,,,,,,,
2020-04-13,0.0017761757299625122,1.05594,1.05504,,,,,,,,,,,,,,,,,,
2020-04-14,0.0017697022942750578,1.05479,1.05374,,,,,,,,,,,,,,,,,,
2020-04-15,0.0017674824789959804,1.05342,1.05243,,,,,,,,,,,,,,,,,,
2020-04-16,0.001766763691342186,1.05145,1.05096,,,,,,,,,,,,,,,,,,
2020-04-17,0.0017828009753936135,1.05128,1.05157,,,,,,,,,,,,,,,,,,
2020-04-20,0.0017759008978693426,1.0518,1.05147,,,,,,,,,,,,,,,,,,
2020-04-21,0.0017719594109154092,1.05147,1.05202,,,,,,,,,,,,,,,,,,
2020-04-22,0.0017679562482042777,1.05257,1.05156,,,,,,,,,,,,,,,,,,
2020-04-23,0.001769774592616608,1.05105,1.05237,,,,,,,,,,,,,,,,,,
2020-04-24,0.001771466949468402,1.05236,1.05285,,,,,,,,,,,,,,,,,,
2020-04-27,0.0017702389031333528,1.05601,1.05647,,,,,,,,,,,,,,,,,,
2020-04-28,0.0017727826282376291,1.05894,1.05585,179.0,-0.002685530020100519,1.0561,1.05608,,,,,,,,,,,,,,
2020-04-29,0.0017925279899165332,1.05679,1.05796,,,,,,,,,,,,,,,,,,
2020-04-30,0.0017864080801074209,1.05562,1.0574,,,,,,,,,,,,,,,,,,
2020-05-01,0.0018306109475599555,1.05677,1.05585,,,,,,,,,,,,,,,,,,
2020-05-04,0.0018391751684184417,1.05465,1.05258,,,,,,,,,,,,,,,,,,
2020-05-05,0.0018052160026875105,1.05216,1.05417,,,,,,,,,,,,,,,,,,
2020-05-06,0.0018009354546641505,1.0524,1.05316,,,,,,,,,,,,,,,,,,
2020-05-07,0.0017944779675362022,1.0529,1.05375,,,,,,,,,,,,,,,,,,
2020-05-08,0.0017878356983106604,1.05284,1.05279,,,,,,,,,,,,,,,,,,
2020-05-11,0.0017831752641555008,1.05158,1.05154,,,,,,,,,,,,,,,,,,
2020-05-12,0.0017829721750068034,1.05184,1.05167,,,,,,,,,,,,,,,,,,
2020-05-13,0.0017788723712646101,1.05245,1.0517,,,,,,,,,,,,,,,,,,
2020-05-14,0.0017734862499978585,1.05114,1.05053,,,,,,,,,,,,,,,,,,
2020-05-15,0.0017693005867060396,1.05138,1.05201,,,,,,,,,,,,,,,,,,
2020-05-18,0.0017660694204081966,1.0518,1.05764,,,,,,,,,,,,,,,,,,
2020-05-19,0.0017621817648523965,1.06368,1.06357,95.0,-0.002664120227848378,1.06085,1.06095,1.06094,1.06056,,,,,,,,,,,,
2020-05-20,0.002036281811466769,1.05863,1.05954,,,,,,,,,,,,,,,,,,
2020-05-21,0.001967370046644764,1.06253,1.06277,,,,,,,,,,,,,,,,,,
2020-05-22,0.00192480265571151,1.05949,1.0591,,,,,,,,,,,,,,,,,,
2020-05-25,0.0019217884052091004,1.05957,1.05792,,,,,,,,,,,,,,,,,,
2020-05-26,0.0018912357818241924,1.06034,1.06054,,,,,,,,,,,,,,,,,,
2020-05-27,0.0018590545119409477,1.06806,1.06355,168.0,-0.002972411293253723,1.06489,1.06461,1.06544,,,,,,,,,,,,,
2020-05-28,0.0018318510024008566,1.06782,1.06751,,,,,,,,,,,,,,,,,,
2020-05-29,0.002015333607308696,1.07165,1.06838,177.0,-0.003046674381479519,1.06839,1.06873,,,,,,,,,,,,,,
2020-06-01,0.0019532932958514016,1.0682,1.06929,,,,,,,,,,,,,,,,,,
2020-06-02,0.0018954340737653986,1.07374,1.07433,,,,,,,,,,,,,,,,,,
2020-06-03,0.0018582955735646773,1.07958,1.08114,,,,,,,,,,,,,,,,,,
2020-06-04,0.0019799315095135888,1.07935,1.08307,152.0,0.0032559157806535234,1.08287,1.08286,1.0823,1.0842,166.0,0.0039851925827409625,1.08366,1.0842,1.08455,,172.0,0.00518411185464579,1.08496,1.08513,1.08595,
2020-06-05,0.0019349846926441435,1.08623,1.08699,74.0,0.003024246818381567,1.08952,1.08949,1.08987,1.09063,89.0,0.004042525465183239,1.09063,1.0906,1.09082,1.09096,,,,,,
2020-06-08,0.0019818912625534225,1.08552,1.08062,132.0,-0.0031185727829527057,1.08214,1.08216,1.08204,1.08165,154.0,-0.0041448445021650395,1.08103,1.08077,1.08077,1.08074,,,,,,
2020-06-09,0.0019051001253885238,1.07664,1.0765,107.0,0.0029955830627928135,1.07987,1.07964,1.07909,1.07809,,,,,,,,,,,,
2020-06-10,0.0019588010764445703,1.07668,1.07327,132.0,-0.0029951560430550384,1.07346,1.07339,1.0731,1.07439,,,,,,,,,,,,
2020-06-11,0.0019254836861535213,1.06978,1.06743,,,,,,,,,,,,,,,,,,
2020-06-12,0.0019542120922978004,1.06994,1.07067,,,,,,,,,,,,,,,,,,
2020-06-15,0.00210191554476368,1.06836,1.071,,,,,,,,,,,,,,,,,,
2020-06-16,0.0020226368624671424,1.07127,1.06886,,,,,,,,,,,,,,,,,,
2020-06-17,0.002045050232731228,1.06662,1.06712,,,,,,,,,,,,,,,,,,
2020-06-18,0.0020696052037227184,1.06647,1.06673,,,,,,,,,,,,,,,,,,
2020-06-19,0.002023884237527839,1.06531,1.06525,,,,,,,,,,,,,,,,,,
2020-06-22,0.0019607648247127784,1.06547,1.06722,,,,,,,,,,,,,,,,,,
2020-06-23,0.0018824595353743184,1.06985,1.06863,,,,,,,,,,,,,,,,,,
2020-06-24,0.0018736158703805139,1.06791,1.06757,,,,,,,,,,,,,,,,,,
2020-06-25,0.001844703573004343,1.06407,1.06447,,,,,,,,,,,,,,,,,,
2020-06-26,0.0018293415357701307,1.06286,1.0631,,,,,,,,,,,,,,,,,,
2020-06-29,0.0018455992879314218,1.06667,1.06796,,,,,,,,,,,,,,,,,,
2020-06-30,0.0018176743651305079,1.06528,1.06386,,,,,,,,,,,,,,,,,,
2020-07-01,0.001870352378457142,1.06213,1.06462,130.0,0.0029331875235575396,1.06525,1.06519,1.06552,1.06522,,,,,,,,,,,,
2020-07-02,0.001958366459917341,1.0646,1.06218,,,,,,,,,,,,,,,,,,
2020-07-03,0.0019178387682046048,1.06214,1.06292,,,,,,,,,,,,,,,,,,
2020-07-06,0.001891110979783407,1.064,1.06467,,,,,,,,,,,,,,,,,,
2020-07-07,0.0018610569670667937,1.06455,1.06324,,,,,,,,,,,,,,,,,,
2020-07-08,0.0018479984674347819,1.06251,1.06277,,,,,,,,,,,,,,,,,,
2020-07-09,0.0018519518172183112,1.06355,1.06182,,,,,,,,,,,,,,,,,,
2020-07-10,0.0018299381854973294,1.06293,1.06332,,,,,,,,,,,,,,,,,,
2020-07-13,0.0018303125677090733,1.06785,1.06936,,,,,,,,,,,,,,,,,,
2020-07-14,0.0018113085979248695,1.06887,1.07047,,,,,,,,,,,,,,,,,,
2020-07-15,0.001854704925784527,1.07731,1.07673,,,,,,,,,,,,,,,,,,
2020-07-16,0.0018907573539133703,1.07865,1.07823,,,,,,,,,,,,,,,,,,
2020-07-17,0.001962266688413451,1.07509,1.07373,,,,,,,,,,,,,,,,,,
2020-07-20,0.0019176629955813403,1.07379,1.07452,,,,,,,,,,,,,,,,,,
2020-07-21,0.001885381342038422,1.07393,1.07346,,,,,,,,,,,,,,,,,,
2020-07-22,0.0018629964232515916,1.07879,1.07625,,,,,,,,,,,,,,,,,,
2020-07-23,0.001837945289064812,1.07272,1.07499,,,,,,,,,,,,,,,,,,
2020-07-24,0.0018195884887774085,1.07257,1.07308,,,,,,,,,,,,,,,,,,
2020-07-27,0.0018095179859587732,1.08316,1.08151,,,,,,,,,,,,,,,,,,
2020-07-28,0.0018028759986154323,1.07603,1.07574,,,,,,,,,,,,,,,,,,
2020-07-29,0.001945679809800822,1.07643,1.07575,,,,,,,,,,,,,,,,,,
2020-07-30,0.001990017307556059,1.07428,1.07544,,,,,,,,,,,,,,,,,,
2020-07-31,0.0019368729870869335,1.07646,1.07701,,,,,,,,,,,,,,,,,,
2020-08-03,0.0019338484256214415,1.07862,1.08032,128.0,0.0030270653660027414,1.08189,1.08191,1.08224,1.08188,154.0,0.003923242813671006,1.08286,1.0828,1.08315,1.08337,,,,,,
2020-08-04,0.00188175272470031,1.07624,1.0771,,,,,,,,,,,,,,,,,,
2020-08-05,0.0018959269566576793,1.07687,1.07698,,,,,,,,,,,,,,,,,,
2020-08-06,0.0018674558161218206,1.07565,1.0791,109.0,0.0028129413766146577,1.07868,1.07857,1.07918,1.07825,,,,,,,,,,,,
2020-08-07,0.001840065102221535,1.08035,1.07636,83.0,-0.003393542551291886,1.07669,1.07688,1.07736,1.07713,123.0,-0.003774411773767118,1.07628,1.07635,1.07601,1.07613,,,,,,
2020-08-10,0.001830682830648834,1.07874,1.0761,,,,,,,,,,,,,,,,,,
2020-08-11,0.0018596220026433703,1.07418,1.07791,145.0,0.0028260686281379958,1.07722,1.07707,1.07699,1.07731,,,,,,,,,,,,
2020-08-12,0.0018448384769619987,1.07528,1.07445,,,,,,,,,,,,,,,,,,
2020-08-13,0.0018394375557745177,1.07822,1.07505,,,,,,,,,,,,,,,,,,
2020-08-14,0.001831130016739699,1.07509,1.07559,,,,,,,,,,,,,,,,,,
2020-08-17,0.0018144551876617691,1.07644,1.07509,,,,,,,,,,,,,,,,,,
2020-08-18,0.0018083250319736628,1.07652,1.07692,,,,,,,,,,,,,,,,,,
2020-08-19,0.0018046748385845577,1.08142,1.08425,144.0,0.002751846303518403,1.0844,1.08433,1.08431,1.08385,,,,,,,,,,,,
2020-08-20,0.0018113183826026743,1.0784,1.07746,,,,,,,,,,,,,,,,,,
2020-08-21,0.0019008338347969353,1.07456,1.07492,,,,,,,,,,,,,,,,,,
2020-08-24,0.002025498134406056,1.07547,1.07495,,,,,,,,,,,,,,,,,,
2020-08-25,0.0019149560920880856,1.07499,1.07412,,,,,,,,,,,,,,,,,,
2020-08-26,0.0018746909362382183,1.07365,1.07323,,,,,,,,,,,,,,,,,,
2020-08-27,0.0018536212275800873,1.07533,1.07313,,,,,,,,,,,,,,,,,,
2020-08-28,0.0018300420064183663,1.07588,1.07582,,,,,,,,,,,,,,,,,,
2020-08-31,0.0018137304625553997,1.07716,1.07674,,,,,,,,,,,,,,,,,,
2020-09-01,0.0017960949435978648,1.08676,1.08393,,,,,,,,,,,,,,,,,,
2020-09-02,0.00182737972883968,1.08026,1.07827,,,,,,,,,,,,,,,,,,
2020-09-03,0.001872590863606977,1.07771,1.07712,,,,,,,,,,,,,,,,,,
2020-09-04,0.0019508260838903267,1.07918,1.08105,,,,,,,,,,,,,,,,,,
2020-09-07,0.0019041079134905865,1.08061,1.082,,,,,,,,,,,,,,,,,,
2020-09-08,0.0018727265877348342,1.08296,1.08059,,,,,,,,,,,,,,,,,,
2020-09-09,0.001852300371613732,1.08026,1.07824,,,,,,,,,,,,,,,,,,
2020-09-10,0.0018486267412888189,1.07619,1.07841,,,,,,,,,,,,,,,,,,
2020-09-11,0.0018657212360440436,1.07759,1.07565,,,,,,,,,,,,,,,,,,
2020-09-14,0.0018406351805310354,1.07661,1.07704,,,,,,,,,,,,,,,,,,
2020-09-15,0.0018051307627300949,1.07685,1.07626,,,,,,,,,,,,,,,,,,
2020-09-16,0.0018006459823566067,1.07544,1.07475,,,,,,,,,,,,,,,,,,
2020-09-17,0.0018118658108303518,1.07456,1.07573,,,,,,,,,,,,,,,,,,
2020-09-18,0.0018125758600572805,1.07776,1.07847,,,,,,,,,,,,,,,,,,
2020-09-21,0.0018321779078517915,1.07606,1.07547,,,,,,,,,,,,,,,,,,
2020-09-22,0.001817468027879303,1.07528,1.07663,,,,,,,,,,,,,,,,,,
2020-09-23,0.0018321375317987187,1.07695,1.07815,,,,,,,,,,,,,,,,,,
2020-09-24,0.0018138691923668885,1.0773,1.08069,,,,,,,,,,,,,,,,,,
2020-09-25,0.0018007360798225013,1.0797,1.07947,,,,,,,,,,,,,,,,,,
2020-09-28,0.001881659670740966,1.08121,1.078,,,,,,,,,,,,,,,,,,
2020-09-29,0.0018343309371449425,1.07942,1.07962,,,,,,,,,,,,,,,,,,
2020-09-30,0.0018255209780435047,1.08032,1.07744,177.0,-0.0028086651358411622,1.07729,1.07748,,,,,,,,,,,,,,
2020-10-01,0.0018269408947531951,1.07882,1.07872,,,,,,,,,,,,,,,,,,
2020-10-02,0.0018151985164948999,1.07895,1.07747,,,,,,,,,,,,,,,,,,
2020-10-05,0.0018055042466412043,1.07829,1.07889,,,,,,,,,,,,,,,,,,
2020-10-06,0.0018058259225414033,1.07761,1.07801,,,,,,,,,,,,,,,,,,
2020-10-07,0.0018318864194225499,1.07871,1.07876,,,,,,,,,,,,,,,,,,
2020-10-08,0.0018260112140965207,1.07976,1.07837,,,,,,,,,,,,,,,,,,
2020-10-09,0.0018249105718522091,1.07688,1.07595,,,,,,,,,,,,,,,,,,
2020-10-12,0.0018102122809710958,1.07393,1.07398,,,,,,,,,,,,,,,,,,
2020-10-13,0.001802671159071648,1.0734,1.07374,,,,,,,,,,,,,,,,,,
2020-10-14,0.0018225129151058423,1.07349,1.07288,,,,,,,,,,,,,,,,,,
2020-10-15,0.0018122793796484006,1.06973,1.06981,,,,,,,,,,,,,,,,,,
2020-10-16,0.0018041135400433045,1.07192,1.07249,,,,,,,,,,,,,,,,,,
2020-10-19,0.0018104798345340845,1.07224,1.07181,,,,,,,,,,,,,,,,,,
2020-10-20,0.0017931145835477582,1.07211,1.07268,,,,,,,,,,,,,,,,,,
2020-10-21,0.0017890187232807095,1.07114,1.07322,,,,,,,,,,,,,,,,,,
2020-10-22,0.0017882952817623236,1.0726,1.07285,,,,,,,,,,,,,,,,,,
2020-10-23,0.0017907078859512066,1.07167,1.07234,,,,,,,,,,,,,,,,,,
2020-10-26,0.0018173207125116997,1.07175,1.07231,,,,,,,,,,,,,,,,,,
2020-10-27,0.001803589190013952,1.07308,1.0724,,,,,,,,,,,,,,,,,,
2020-10-28,0.0017980433996216615,1.06935,1.0689,,,,,,,,,,,,,,,,,,
2020-10-29,0.0017995672489168966,1.06831,1.06883,,,,,,,,,,,,,,,,,,
2020-10-30,0.0017958379923452554,1.06963,1.06742,,,,,,,,,,,,,,,,,,
2020-11-02,0.0017881988288406645,1.06935,1.06998,,,,,,,,,,,,,,,,,,
2020-11-03,0.0017796876519026537,1.07135,1.0689,,,,,,,,,,,,,,,,,,
2020-11-04,0.0018062499468347619,1.06752,1.06903,,,,,,,,,,,,,,,,,,
2020-11-05,0.0018304620345513088,1.0723,1.06964,,,,,,,,,,,,,,,,,,
2020-11-06,0.0018342588927612498,1.06833,1.06856,,,,,,,,,,,,,,,,,,
2020-11-09,0.0018227763205858627,1.07901,1.07784,,,,,,,,,,,,,,,,,,
2020-11-10,0.0018008167251021398,1.08091,1.08032,,,,,,,,,,,,,,,,,,
2020-11-11,0.0021330445133947067,1.07871,1.0799,,,,,,,,,,,,,,,,,,
2020-11-12,0.0020510923557997534,1.07964,1.07997,,,,,,,,,,,,,,,,,,
2020-11-13,0.0020062647875352755,1.07945,1.08014,,,,,,,,,,,,,,,,,,
2020-11-16,0.001950226397973894,1.08078,1.08012,,,,,,,,,,,,,,,,,,
2020-11-17,0.0018700506832491175,1.08089,1.0803,,,,,,,,,,,,,,,,,,
2020-11-18,0.001847185026820783,1.08108,1.07976,,,,,,,,,,,,,,,,,,
2020-11-19,0.0018294601105616275,1.07935,1.08062,,,,,,,,,,,,,,,,,,
2020-11-20,0.00181990745845479,1.08065,1.0807,,,,,,,,,,,,,,,,,,
2020-11-23,0.001818382239998704,1.08027,1.08003,,,,,,,,,,,,,,,,,,
2020-11-24,0.0017999855839410665,1.08179,1.08336,,,,,,,,,,,,,,,,,,
2020-11-25,0.0017905249565665074,1.08402,1.08214,,,,,,,,,,,,,,,,,,
2020-11-26,0.0018213059103274246,1.08048,1.08001,,,,,,,,,,,,,,,,,,
2020-11-27,0.0018285008770884093,1.08224,1.08204,,,,,,,,,,,,,,,,,,
2020-12-01,0.0018200824972148344,1.0839,1.08461,,,,,,,,,,,,,,,,,,
2020-12-02,0.0018299207278959706,1.0819,1.08383,,,,,,,,,,,,,,,,,,
2020-12-03,0.0018176528146389068,1.08326,1.08265,,,,,,,,,,,,,,,,,,
2020-12-04,0.0018285263389559141,1.08169,1.08111,,,,,,,,,,,,,,,,,,
2020-12-07,0.0018172989251245583,1.07986,1.07904,,,,,,,,,,,,,,,,,,
2020-12-08,0.001794289237523938,1.07773,1.0764,,,,,,,,,,,,,,,,,,
2020-12-09,0.0017934030759536419,1.07638,1.07482,,,,,,,,,,,,,,,,,,
2020-12-10,0.0018033820279484403,1.07553,1.07608,,,,,,,,,,,,,,,,,,
2020-12-11,0.0018046046667854984,1.07788,1.07782,,,,,,,,,,,,,,,,,,
2020-12-14,0.0018014132794467047,1.07767,1.07742,,,,,,,,,,,,,,,,,,
2020-12-15,0.0017933425778661972,1.07705,1.07728,,,,,,,,,,,,,,,,,,
2020-12-16,0.0017916404896777783,1.07979,1.0794,,,,,,,,,,,,,,,,,,
2020-12-17,0.0017850651550401352,1.08236,1.08427,,,,,,,,,,,,,,,,,,
2020-12-18,0.0018413813826392508,1.08387,1.0827,,,,,,,,,,,,,,,,,,
2020-12-21,0.0018423654149661499,1.08152,1.08327,67.0,0.0028806756265054847,1.08464,1.08454,1.08412,1.08398,,,,,,,,,,,,
2020-12-22,0.0018154542351965443,1.08296,1.08245,,,,,,,,,,,,,,,,,,
2020-12-23,0.0018299515510140306,1.08418,1.0825,,,,,,,,,,,,,,,,,,
2020-12-24,0.0018197941518802475,1.08532,1.08636,,,,,,,,,,,,,,,,,,
2020-12-28,0.0018104782773360835,1.086,1.08654,,,,,,,,,,,,,,,,,,
2020-12-29,0.0018491485174330193,1.08516,1.08279,,,,,,,,,,,,,,,,,,
2020-12-30,0.0018303237429968609,1.08515,1.08487,,,,,,,,,,,,,,,,,,
2020-12-31,0.0018273636395470445,1.08063,1.0819,,,,,,,,,,,,,,,,,,
2021-01-04,0.001810940611172094,1.08139,1.07999,,,,,,,,,,,,,,,,,,
2021-01-05,0.0017584975614906384,1.07952,1.07983,,,,,,,,,,,,,,,,,,
2021-01-06,0.0017661881000103855,1.08297,1.08332,,,,,,,,,,,,,,,,,,
2021-01-07,0.0017466796732265636,1.08288,1.08534,98.0,0.0027205129495959314,1.08583,1.08603,1.08616,1.08591,,,,,,,,,,,,
2021-01-08,0.0017610893659115911,1.08335,1.0833,,,,,,,,,,,,,,,,,,
2021-01-11,0.0017736351825967543,1.08241,1.08187,,,,,,,,,,,,,,,,,,
2021-01-12,0.0017742389443209886,1.0812,1.08221,,,,,,,,,,,,,,,,,,
2021-01-13,0.0017542762533922405,1.08022,1.07925,,,,,,,,,,,,,,,,,,
2021-01-14,0.001738534924717533,1.07895,1.07858,,,,,,,,,,,,,,,,,,
2021-01-15,0.0017617248942111917,1.07605,1.07627,,,,,,,,,,,,,,,,,,
2021-01-18,0.0017459346407959781,1.07539,1.07609,,,,,,,,,,,,,,,,,,
2021-01-19,0.0017561995399997864,1.07679,1.07749,,,,,,,,,,,,,,,,,,
2021-01-20,0.001742760886595481,1.07784,1.07771,,,,,,,,,,,,,,,,,,
2021-01-21,0.001730526439374902,1.07754,1.07675,,,,,,,,,,,,,,,,,,
2021-01-22,0.0017203008922250342,1.07751,1.0779,,,,,,,,,,,,,,,,,,
2021-01-25,0.0017152485026410414,1.0775,1.07843,,,,,,,,,,,,,,,,,,
2021-01-26,0.001707328839125293,1.0792,1.0785,,,,,,,,,,,,,,,,,,
2021-01-27,0.0017035110598936165,1.07624,1.07609,,,,,,,,,,,,,,,,,,
2021-01-28,0.0017003181928293247,1.07875,1.07693,,,,,,,,,,,,,,,,,,
2021-01-29,0.0017192071437425493,1.07858,1.08029,,,,,,,,,,,,,,,,,,
2021-02-01,0.0017162447169545578,1.08242,1.08194,,,,,,,,,,,,,,,,,,
2021-02-02,0.0017489376260540453,1.08085,1.0803,,,,,,,,,,,,,,,,,,
2021-02-03,0.0017388780695851568,1.08014,1.0816,,,,,,,,,,,,,,,,,,
2021-02-04,0.001735023017104295,1.08157,1.08111,,,,,,,,,,,,,,,,,,
2021-02-05,0.0017242238393325006,1.0828,1.08321,,,,,,,,,,,,,,,,,,
2021-02-08,0.001716025426298233,1.08405,1.08257,,,,,,,,,,,,,,,,,,
2021-02-09,0.0017106987351847352,1.08101,1.08063,,,,,,,,,,,,,,,,,,
2021-02-10,0.0017062415354045738,1.07977,1.07933,,,,,,,,,,,,,,,,,,
2021-02-11,0.0017076031146528252,1.08046,1.08,,,,,,,,,,,,,,,,,,
2021-02-12,0.0017208414632350004,1.08021,1.08072,,,,,,,,,,,,,,,,,,
2021-02-15,0.001714045963069667,1.08016,1.08001,,,,,,,,,,,,,,,,,,
2021-02-16,0.0017083075296366436,1.07994,1.08052,,,,,,,,,,,,,,,,,,
2021-02-17,0.0017130812392668006,1.08051,1.08182,,,,,,,,,,,,,,,,,,
2021-02-18,0.0017087817453939089,1.08269,1.08301,,,,,,,,,,,,,,,,,,
2021-02-19,0.0017223684886179217,1.08518,1.08653,,,,,,,,,,,,,,,,,,
2021-02-22,0.0017256678265172238,1.08854,1.08928,,,,,,,,,,,,,,,,,,
2021-02-23,0.0017450186892403647,1.09385,1.09774,,,,,,,,,,,,,,,,,,
2021-02-24,0.001740441363218056,1.10133,1.10198,,,,,,,,,,,,,,,,,,
2021-02-25,0.002127631914797268,1.10759,1.10494,121.0,-0.0031921895395561166,1.10406,1.10397,1.10401,1.10426,,,,,,,,,,,,
2021-02-26,0.002031053938426999,1.09813,1.09871,,,,,,,,,,,,,,,,,,
2021-03-01,0.0019577456151451786,1.10169,1.10145,,,,,,,,,,,,,,,,,,
2021-03-02,0.0018892628955077498,1.10429,1.10427,,,,,,,,,,,,,,,,,,
2021-03-03,0.0018691016810426697,1.10585,1.10855,,,,,,,,,,,,,,,,,,
2021-03-04,0.0019191912007165328,1.11164,1.11365,163.0,0.0029193429311026027,1.11489,1.11485,1.11482,1.11501,,,,,,,,,,,,
2021-03-05,0.0018702265533263023,1.10639,1.10918,137.0,0.0029692224678195345,1.10968,1.10978,1.10975,1.109,,,,,,,,,,,,
2021-03-08,0.0018542651435947536,1.1088,1.1092,,,,,,,,,,,,,,,,,,
2021-03-09,0.0017939536841478044,1.10779,1.10382,144.0,-0.002865655253168476,1.10462,1.10431,1.10448,1.10449,,,,,,,,,,,,
2021-03-10,0.0017694179445859987,1.10654,1.10828,,,,,,,,,,,,,,,,,,
2021-03-11,0.0018353565513281281,1.10676,1.10763,,,,,,,,,,,,,,,,,,
2021-03-12,0.0018776540137084004,1.1104,1.10968,,,,,,,,,,,,,,,,,,
2021-03-15,0.0018331134086199356,1.10851,1.10614,,,,,,,,,,,,,,,,,,
2021-03-16,0.0017851788676097626,1.10405,1.10176,,,,,,,,,,,,,,,,,,
2021-03-17,0.0018342678080603156,1.10509,1.10443,,,,,,,,,,,,,,,,,,
2021-03-18,0.0018460238924121186,1.10694,1.10743,,,,,,,,,,,,,,,,,,
2021-03-19,0.001833427862893583,1.10588,1.10728,,,,,,,,,,,,,,,,,,
2021-03-22,0.0017974260986285795,1.10295,1.10209,,,,,,,,,,,,,,,,,,
2021-03-23,0.0017537956687317651,1.1063,1.10703,,,,,,,,,,,,,,,,,,
2021-03-24,0.0017646405688039666,1.10674,1.10668,,,,,,,,,,,,,,,,,,
2021-03-25,0.0018052202238989787,1.10451,1.10533,,,,,,,,,,,,,,,,,,
2021-03-26,0.0017773022503802774,1.10854,1.10809,,,,,,,,,,,,,,,,,,
2021-03-29,0.0017611920936775724,1.10739,1.10494,176.0,-0.0027036941313584367,1.1044,1.10445,,,,,,,,,,,,,,
2021-03-30,0.00173131844766208,1.10529,1.10531,,,,,,,,,,,,,,,,,,
2021-03-31,0.0017389081307787634,1.10724,1.10606,,,,,,,,,,,,,,,,,,
2021-04-01,0.0017269894825425703,1.11017,1.10758,,,,,,,,,,,,,,,,,,
2021-04-02,0.0017455287728127546,1.10827,1.10787,,,,,,,,,,,,,,,,,,
2021-04-05,0.0017361245004511238,1.10813,1.10532,141.0,-0.002719983603969495,1.10512,1.10535,1.10542,1.10511,,,,,,,,,,,,
2021-04-06,0.0017309640444253228,1.10723,1.10507,,,,,,,,,,,,,,,,,,
2021-04-07,0.0017297542978239153,1.10453,1.1027,,,,,,,,,,,,,,,,,,
2021-04-08,0.0017358723316862746,1.10161,1.10102,,,,,,,,,,,,,,,,,,
2021-04-09,0.0017334030619429125,1.10121,1.10034,,,,,,,,,,,,,,,,,,
2021-04-12,0.001739271903718234,1.09987,1.09866,,,,,,,,,,,,,,,,,,
2021-04-13,0.0017295293803619416,1.10008,1.09993,,,,,,,,,,,,,,,,,,
2021-04-14,0.0017276277897938543,1.10308,1.10498,,,,,,,,,,,,,,,,,,
2021-04-15,0.0017208016324927267,1.10464,1.10377,,,,,,,,,,,,,,,,,,
2021-04-16,0.0018422375343758696,1.10139,1.10164,,,,,,,,,,,,,,,,,,
2021-04-19,0.0018318427271242523,1.09975,1.10129,,,,,,,,,,,,,,,,,,
2021-04-20,0.001778536058157295,1.10285,1.10151,,,,,,,,,,,,,,,,,,
2021-04-21,0.001766720528746933,1.10255,1.10304,,,,,,,,,,,,,,,,,,
2021-04-22,0.0017481180125336981,1.10328,1.10303,,,,,,,,,,,,,,,,,,
2021-04-23,0.0017408727076931737,1.10338,1.10449,,,,,,,,,,,,,,,,,,
2021-04-26,0.0017311415873201882,1.10626,1.10502,,,,,,,,,,,,,,,,,,
2021-04-27,0.00172970006231467,1.10345,1.10337,,,,,,,,,,,,,,,,,,
2021-04-28,0.0017204360332337696,1.10475,1.1038,,,,,,,,,,,,,,,,,,
2021-04-29,0.0017135726245941817,1.10237,1.10201,,,,,,,,,,,,,,,,,,
2021-04-30,0.0017172735989117126,1.09947,1.09804,,,,,,,,,,,,,,,,,,
2021-05-03,0.0017284608251921813,1.10169,1.09927,101.0,-0.0026812957170924707,1.09874,1.09917,1.09941,1.09936,145.0,-0.003473425449263145,1.09787,1.098,1.09789,1.09831,,,,,,
2021-05-04,0.0017510064633150726,1.09807,1.09751,,,,,,,,,,,,,,,,,,
2021-05-05,0.0017457571122783224,1.0967,1.09566,,,,,,,,,,,,,,,,,,
2021-05-06,0.0017510782190149957,1.09474,1.09597,,,,,,,,,,,,,,,,,,
2021-05-07,0.001737497067493605,1.09642,1.09588,,,,,,,,,,,,,,,,,,
2021-05-10,0.001734806104121546,1.09375,1.09375,,,,,,,,,,,,,,,,,,
2021-05-11,0.0017172570505227945,1.09725,1.09784,,,,,,,,,,,,,,,,,,
2021-05-12,0.001724166163413566,1.09657,1.09724,,,,,,,,,,,,,,,,,,
2021-05-13,0.0017892818410639398,1.09602,1.09456,,,,,,,,,,,,,,,,,,
2021-05-14,0.0017651434603169578,1.09551,1.09518,,,,,,,,,,,,,,,,,,
2021-05-17,0.0017780514544610841,1.09512,1.09599,,,,,,,,,,,,,,,,,,
2021-05-18,0.0017416313966270396,1.09626,1.09644,,,,,,,,,,,,,,,,,,
2021-05-19,0.0017483248344949322,1.10016,1.09976,,,,,,,,,,,,,,,,,,
2021-05-20,0.0017349080960604526,1.09878,1.09838,,,,,,,,,,,,,,,,,,
2021-05-21,0.0017597767460808358,1.0952,1.0945,,,,,,,,,,,,,,,,,,
2021-05-24,0.0017817435384643058,1.09623,1.09556,,,,,,,,,,,,,,,,,,
2021-05-25,0.0017919699933526166,1.09712,1.0974,,,,,,,,,,,,,,,,,,
2021-05-26,0.0017837724952323105,1.09544,1.09505,,,,,,,,,,,,,,,,,,
2021-05-27,0.0017619157964606426,1.09628,1.09479,,,,,,,,,,,,,,,,,,
2021-05-28,0.0017646614022006459,1.09596,1.09683,,,,,,,,,,,,,,,,,,
2021-06-01,0.0017462370227748303,1.09829,1.09599,,,,,,,,,,,,,,,,,,
2021-06-02,0.0017459203917109928,1.09779,1.09679,,,,,,,,,,,,,,,,,,
2021-06-03,0.0017464479468177652,1.0959,1.09704,,,,,,,,,,,,,,,,,,
2021-06-04,0.001733041351256432,1.09517,1.09438,,,,,,,,,,,,,,,,,,
2021-06-07,0.0017235425062440662,1.0934,1.09414,,,,,,,,,,,,,,,,,,
2021-06-08,0.0017272367887501646,1.09131,1.09178,,,,,,,,,,,,,,,,,,
2021-06-09,0.0017195838455584698,1.09172,1.09151,,,,,,,,,,,,,,,,,,
2021-06-10,0.0017189835824219688,1.09074,1.08975,,,,,,,,,,,,,,,,,,
2021-06-11,0.0017245955150793698,1.08831,1.08824,,,,,,,,,,,,,,,,,,
2021-06-14,0.0017187134088916716,1.08844,1.09029,,,,,,,,,,,,,,,,,,
2021-06-15,0.0017221430803228614,1.08977,1.08916,,,,,,,,,,,,,,,,,,
2021-06-16,0.0017462206292279204,1.08984,1.0891,,,,,,,,,,,,,,,,,,
2021-06-17,0.0017348723017914735,1.09255,1.09256,,,,,,,,,,,,,,,,,,
2021-06-18,0.0017241602222921048,1.0942,1.09393,,,,,,,,,,,,,,,,,,
2021-06-21,0.0017606306437714814,1.09536,1.09388,,,,,,,,,,,,,,,,,,
2021-06-22,0.0017340980655690126,1.09435,1.0957,,,,,,,,,,,,,,,,,,
2021-06-23,0.0017253283106290962,1.09616,1.09564,,,,,,,,,,,,,,,,,,
2021-06-24,0.0017268504029492634,1.09682,1.09585,,,,,,,,,,,,,,,,,,
2021-06-25,0.0017185234394882576,1.0955,1.09552,,,,,,,,,,,,,,,,,,
2021-06-28,0.0017134305423592638,1.09661,1.09641,,,,,,,,,,,,,,,,,,
2021-06-29,0.0017177394815586957,1.09647,1.09543,,,,,,,,,,,,,,,,,,
2021-06-30,0.0017157154731481878,1.09762,1.09647,,,,,,,,,,,,,,,,,,
2021-07-01,0.0017102297854618732,1.09842,1.097,,,,,,,,,,,,,,,,,,
2021-07-02,0.0017078718283192467,1.09425,1.09286,,,,,,,,,,,,,,,,,,
2021-07-05,0.001704248477728783,1.09374,1.09386,,,,,,,,,,,,,,,,,,
2021-07-06,0.0017655942263662854,1.09288,1.09237,,,,,,,,,,,,,,,,,,
2021-07-07,0.0017470578494746772,1.09188,1.0919,,,,,,,,,,,,,,,,,,
2021-07-08,0.0017364795967122714,1.08524,1.08381,,,,,,,,,,,,,,,,,,
2021-07-09,0.001727761701939323,1.08517,1.08539,,,,,,,,,,,,,,,,,,
2021-07-12,0.0018998371803691423,1.08524,1.08555,,,,,,,,,,,,,,,,,,
2021-07-13,0.0018131057946052845,1.08547,1.08263,,,,,,,,,,,,,,,,,,
2021-07-14,0.0017827642601390338,1.08407,1.0826,,,,,,,,,,,,,,,,,,
2021-07-15,0.001800350531622443,1.08283,1.08461,,,,,,,,,,,,,,,,,,
2021-07-16,0.001773073723807157,1.08511,1.08559,,,,,,,,,,,,,,,,,,
2021-07-19,0.0017793650778005125,1.08389,1.08339,,,,,,,,,,,,,,,,,,
2021-07-20,0.0017414865646044886,1.08384,1.08544,,,,,,,,,,,,,,,,,,
2021-07-21,0.0017385404412539472,1.08485,1.08302,,,,,,,,,,,,,,,,,,
2021-07-22,0.0017359779575538622,1.08291,1.08222,,,,,,,,,,,,,,,,,,
2021-07-23,0.0017535551010601708,1.08371,1.08325,,,,,,,,,,,,,,,,,,
2021-07-26,0.001740674412665126,1.08263,1.08153,,,,,,,,,,,,,,,,,,
2021-07-27,0.0017223878770545682,1.08086,1.0808,,,,,,,,,,,,,,,,,,
2021-07-28,0.001718699896563048,1.07999,1.07867,,,,,,,,,,,,,,,,,,
2021-07-29,0.0017129892963167277,1.07884,1.07706,,,,,,,,,,,,,,,,,,
2021-07-30,0.0017499636411196801,1.07689,1.07488,,,,,,,,,,,,,,,,,,
2021-08-02,0.0017366588626851222,1.07625,1.07465,,,,,,,,,,,,,,,,,,
2021-08-03,0.0017426244180652449,1.07355,1.07291,,,,,,,,,,,,,,,,,,
2021-08-04,0.0017303117923045783,1.07297,1.07306,,,,,,,,,,,,,,,,,,
2021-08-05,0.0017349486268677784,1.0732,1.07361,,,,,,,,,,,,,,,,,,
2021-08-06,0.0017291208495169008,1.07251,1.07526,175.0,0.002607296315518285,1.07531,1.07539,1.0756,,,,,,,,,,,,,
2021-08-09,0.0017226310195659058,1.07836,1.07983,,,,,,,,,,,,,,,,,,
2021-08-10,0.0017258023655789224,1.08126,1.08145,,,,,,,,,,,,,,,,,,
2021-08-11,0.001768725784864731,1.08165,1.08157,,,,,,,,,,,,,,,,,,
2021-08-12,0.001756707432022983,1.0824,1.08323,,,,,,,,,,,,,,,,,,
2021-08-13,0.0017439958658439078,1.08293,1.08066,,,,,,,,,,,,,,,,,,
2021-08-16,0.0017406025846486298,1.07575,1.07432,,,,,,,,,,,,,,,,,,
2021-08-17,0.0017589609014984752,1.07127,1.0712,,,,,,,,,,,,,,,,,,
2021-08-18,0.0018147398876844879,1.07264,1.07393,,,,,,,,,,,,,,,,,,
2021-08-19,0.001835353385611254,1.07243,1.0727,,,,,,,,,,,,,,,,,,
2021-08-20,0.0018297824453837542,1.07112,1.07277,,,,,,,,,,,,,,,,,,
2021-08-23,0.0018099092746392098,1.07457,1.07196,161.0,-0.00273039620566293,1.07164,1.07167,1.07203,1.07164,,,,,,,,,,,,
2021-08-24,0.0017629284741146937,1.07099,1.07238,,,,,,,,,,,,,,,,,,
2021-08-25,0.0017507956228050112,1.07352,1.07423,,,,,,,,,,,,,,,,,,
2021-08-26,0.001749467651197613,1.07889,1.07896,,,,,,,,,,,,,,,,,,
2021-08-27,0.0017487655543592245,1.0793,1.07562,,,,,,,,,,,,,,,,,,
2021-08-30,0.001754075452459065,1.07939,1.08176,148.0,0.002701579105310966,1.08231,1.08236,1.0821,1.08119,,,,,,,,,,,,
2021-08-31,0.0017710875511165538,1.08066,1.08085,,,,,,,,,,,,,,,,,,
2021-09-01,0.001910120034964105,1.08387,1.08385,,,,,,,,,,,,,,,,,,
2021-09-02,0.001860713044897921,1.08401,1.08599,,,,,,,,,,,,,,,,,,
2021-09-03,0.0018212687643962033,1.08627,1.08572,,,,,,,,,,,,,,,,,,
2021-09-06,0.001805231855743919,1.08669,1.08641,,,,,,,,,,,,,,,,,,
2021-09-07,0.001763718537394264,1.08524,1.08768,,,,,,,,,,,,,,,,,,
2021-09-08,0.0017472533692332731,1.08903,1.08952,,,,,,,,,,,,,,,,,,
2021-09-09,0.001772796449249014,1.08606,1.08498,,,,,,,,,,,,,,,,,,
2021-09-10,0.0017532508039974678,1.08535,1.0851,,,,,,,,,,,,,,,,,,
2021-09-13,0.0017949204585895459,1.08744,1.08796,,,,,,,,,,,,,,,,,,
2021-09-14,0.0017509923453535388,1.0886,1.08688,,,,,,,,,,,,,,,,,,
2021-09-15,0.0018138193310578909,1.08433,1.08618,,,,,,,,,,,,,,,,,,
2021-09-16,0.0018184989384695787,1.08849,1.08823,,,,,,,,,,,,,,,,,,
2021-09-17,0.0017891427345181309,1.09311,1.09234,,,,,,,,,,,,,,,,,,
2021-09-20,0.0018308252616414404,1.08825,1.08802,,,,,,,,,,,,,,,,,,
2021-09-21,0.0017801429473142925,1.08498,1.08277,169.0,-0.002824313105422174,1.08192,1.08176,1.08192,,,,,,,,,,,,,
2021-09-22,0.0018055770519055797,1.08153,1.08259,,,,,,,,,,,,,,,,,,
2021-09-23,0.0018543614472748878,1.0836,1.08462,,,,,,,,,,,,,,,,,,
2021-09-24,0.0018164692311160254,1.08289,1.08315,,,,,,,,,,,,,,,,,,
2021-09-27,0.0017909386745917682,1.08514,1.08315,,,,,,,,,,,,,,,,,,
2021-09-28,0.0017685323492109208,1.08382,1.08429,,,,,,,,,,,,,,,,,,
2021-09-29,0.0017570193372834428,1.08262,1.08402,,,,,,,,,,,,,,,,,,
2021-09-30,0.0017699780762630286,1.08298,1.08113,,,,,,,,,,,,,,,,,,
2021-10-01,0.0017725482008440552,1.0791,1.07815,,,,,,,,,,,,,,,,,,
2021-10-04,0.0018192829446825253,1.07715,1.07459,144.0,-0.0028169425535883733,1.07412,1.07415,1.07478,1.07438,,,,,,,,,,,,
2021-10-05,0.0017674065918933063,1.07468,1.07635,,,,,,,,,,,,,,,,,,
2021-10-06,0.001827739085704143,1.07223,1.0714,,,,,,,,,,,,,,,,,,
2021-10-07,0.0018136566727190862,1.07099,1.07266,,,,,,,,,,,,,,,,,,
2021-10-08,0.0018468990042202374,1.07375,1.07279,,,,,,,,,,,,,,,,,,
2021-10-11,0.0018148616480619093,1.07187,1.07254,,,,,,,,,,,,,,,,,,
2021-10-12,0.0017693091773570602,1.07232,1.07361,,,,,,,,,,,,,,,,,,
2021-10-13,0.0017696879490838474,1.07229,1.07124,,,,,,,,,,,,,,,,,,
2021-10-14,0.0017591795433834218,1.06817,1.07001,,,,,,,,,,,,,,,,,,
2021-10-15,0.0017653678670618293,1.0724,1.07136,,,,,,,,,,,,,,,,,,
2021-10-18,0.0017515477805818312,1.07178,1.07171,,,,,,,,,,,,,,,,,,
2021-10-19,0.0017363733636755463,1.07146,1.07339,,,,,,,,,,,,,,,,,,
2021-10-20,0.0017477323069243775,1.07414,1.07108,179.0,-0.002722155538587137,1.07122,1.07117,,,,,,,,,,,,,,
2021-10-21,0.0017539246012388144,1.06884,1.06796,,,,,,,,,,,,,,,,,,
2021-10-22,0.0017930869188532384,1.06708,1.06611,,,,,,,,,,,,,,,,,,
2021-10-25,0.0018384188771111301,1.06704,1.06718,,,,,,,,,,,,,,,,,,
2021-10-26,0.001784969322721562,1.06811,1.06665,,,,,,,,,,,,,,,,,,
2021-10-27,0.001765492862942434,1.06651,1.06505,,,,,,,,,,,,,,,,,,
2021-10-28,0.0017535383033577515,1.06544,1.06604,,,,,,,,,,,,,,,,,,
2021-10-29,0.001745072544021957,1.06111,1.05839,130.0,-0.0028217814809880217,1.05812,1.05816,1.05836,1.05905,178.0,-0.0035970412791087093,1.0573,1.05759,,,,,,,,
2021-11-01,0.0017379046737022658,1.05644,1.05606,,,,,,,,,,,,,,,,,,
2021-11-02,0.001831943487516997,1.05952,1.05901,,,,,,,,,,,,,,,,,,
2021-11-03,0.0018354447233486929,1.05623,1.05764,,,,,,,,,,,,,,,,,,
2021-11-04,0.0018296193501744096,1.05519,1.05412,,,,,,,,,,,,,,,,,,
2021-11-05,0.0017967124497181774,1.05592,1.05445,,,,,,,,,,,,,,,,,,
2021-11-08,0.0018126346548271639,1.05909,1.05846,,,,,,,,,,,,,,,,,,
2021-11-09,0.0017657908181530606,1.05866,1.05622,,,,,,,,,,,,,,,,,,
2021-11-10,0.0017644367835525424,1.0548,1.0553,,,,,,,,,,,,,,,,,,
2021-11-11,0.00175247109590224,1.05652,1.05479,,,,,,,,,,,,,,,,,,
2021-11-12,0.0017537205220802656,1.05611,1.05422,,,,,,,,,,,,,,,,,,
2021-11-15,0.0017418549589954743,1.05332,1.05141,,,,,,,,,,,,,,,,,,
2021-11-16,0.0017296196183107194,1.05319,1.05428,,,,,,,,,,,,,,,,,,
2021-11-17,0.0017280556343537454,1.05308,1.05073,,,,,,,,,,,,,,,,,,
2021-11-18,0.001722876766493434,1.05109,1.05222,,,,,,,,,,,,,,,,,,
2021-11-19,0.001726513925537734,1.04583,1.04873,107.0,0.0026260393909045116,1.04858,1.04847,1.04855,1.04859,,,,,,,,,,,,
2021-11-22,0.0017223475376777326,1.04584,1.04821,,,,,,,,,,,,,,,,,,
2021-11-23,0.001764881216425364,1.05014,1.05007,,,,,,,,,,,,,,,,,,
2021-11-24,0.0017481801364556,1.04814,1.04681,,,,,,,,,,,,,,,,,,
2021-11-25,0.001745849872430622,1.04762,1.0489,,,,,,,,,,,,,,,,,,
2021-11-26,0.0017527841287243704,1.04495,1.04308,,,,,,,,,,,,,,,,,,
2021-11-29,0.0017390747262244503,1.04303,1.0418,,,,,,,,,,,,,,,,,,
2021-11-30,0.00173713757513457,1.04291,1.04082,126.0,-0.0026884059552213964,1.04011,1.03989,1.03906,1.0402,129.0,-0.0035733192049068672,1.03919,1.0391,1.03997,1.03954,,,,,,
2021-12-01,0.0017375666539846202,1.04241,1.04089,,,,,,,,,,,,,,,,,,
2021-12-02,0.0017294233501600669,1.04134,1.04048,,,,,,,,,,,,,,,,,,
2021-12-03,0.0017246129889573632,1.03972,1.03841,,,,,,,,,,,,,,,,,,
2021-12-06,0.0017296453146723666,1.04194,1.04485,,,,,,,,,,,,,,,,,,
2021-12-07,0.001741922575872067,1.04155,1.04161,,,,,,,,,,,,,,,,,,
2021-12-08,0.0018018643536571338,1.04398,1.04483,,,,,,,,,,,,,,,,,,
2021-12-09,0.0017769145574224683,1.04495,1.04413,,,,,,,,,,,,,,,,,,
2021-12-10,0.001758243716758961,1.04248,1.04164,,,,,,,,,,,,,,,,,,
2021-12-13,0.0017450250055712708,1.04151,1.04083,,,,,,,,,,,,,,,,,,
2021-12-14,0.0017398569145551748,1.03994,1.04011,,,,,,,,,,,,,,,,,,
2021-12-15,0.0017296042842636482,1.04216,1.04339,,,,,,,,,,,,,,,,,,
2021-12-16,0.0017218611476665072,1.04531,1.04193,89.0,-0.002595898790484951,1.0426,1.04261,1.04296,1.04231,,,,,,,,,,,,
2021-12-17,0.0017558929482170312,1.04093,1.0407,,,,,,,,,,,,,,,,,,
2021-12-20,0.0017693504608953965,1.04108,1.03951,,,,,,,,,,,,,,,,,,
2021-12-21,0.001766737932127836,1.04156,1.04227,,,,,,,,,,,,,,,,,,
2021-12-22,0.0017514253242548656,1.04291,1.04216,,,,,,,,,,,,,,,,,,
2021-12-23,0.0017551987095834958,1.04013,1.04023,,,,,,,,,,,,,,,,,,
2021-12-24,0.0017415001331155854,1.03992,1.03971,,,,,,,,,,,,,,,,,,
2021-12-27,0.0017568891329851164,1.03979,1.0395,,,,,,,,,,,,,,,,,,
2021-12-28,0.001750993300962866,1.03758,1.03701,,,,,,,,,,,,,,,,,,
2021-12-29,0.0017489368262994165,1.03777,1.03745,,,,,,,,,,,,,,,,,,
2021-12-30,0.001750078632903376,1.03579,1.03453,,,,,,,,,,,,,,,,,,
2021-12-31,0.0017393571905838373,1.03437,1.03729,92.0,0.002635810878801803,1.0371,1.03696,1.03671,1.03662,,,,,,,,,,,,
2022-01-03,0.0017700224446854556,1.03834,1.03718,,,,,,,,,,,,,,,,,,
2022-01-04,0.001694063753859872,1.03481,1.03389,,,,,,,,,,,,,,,,,,
2022-01-05,0.0016799590227011434,1.03672,1.03889,,,,,,,,,,,,,,,,,,
2022-01-06,0.0016994393291978975,1.03906,1.03973,,,,,,,,,,,,,,,,,,
2022-01-07,0.0017347071265809717,1.04283,1.04346,,,,,,,,,,,,,,,,,,
2022-01-10,0.0017419323784044294,1.04531,1.04922,121.0,0.002665509051641141,1.0481,1.04789,1.04822,1.0481,,,,,,,,,,,,
2022-01-11,0.0017108232858285845,1.05011,1.04994,,,,,,,,,,,,,,,,,,
2022-01-12,0.0018886818630472245,1.04872,1.04529,96.0,-0.002989053512039504,1.04559,1.04559,1.04551,1.04509,150.0,-0.003878899282991835,1.04466,1.04457,1.04472,1.04415,166.0,-0.004769537584722529,1.04373,1.04413,1.04429,
2022-01-13,0.0018294650611250858,1.0441,1.04359,,,,,,,,,,,,,,,,,,
2022-01-14,0.0018248966984051257,1.04237,1.04216,,,,,,,,,,,,,,,,,,
2022-01-17,0.0017908449994827643,1.04228,1.04306,,,,,,,,,,,,,,,,,,
2022-01-18,0.001732983112569948,1.04113,1.03873,,,,,,,,,,,,,,,,,,
2022-01-19,0.0017115785950444623,1.03923,1.03876,,,,,,,,,,,,,,,,,,
2022-01-20,0.0017832947640895303,1.0384,1.03836,,,,,,,,,,,,,,,,,,
2022-01-21,0.0017521582861532961,1.03509,1.03422,,,,,,,,,,,,,,,,,,
2022-01-24,0.0017405240776174238,1.03192,1.03439,95.0,0.002758035125349898,1.03477,1.03515,1.0351,1.03462,121.0,0.003598448426296425,1.03564,1.03548,1.03552,1.0355,,,,,,
2022-01-25,0.0017172301813078823,1.03552,1.03753,,,,,,,,,,,,,,,,,,
2022-01-26,0.0016976810898513283,1.03838,1.03953,,,,,,,,,,,,,,,,,,
2022-01-27,0.0016937888122550008,1.03885,1.0375,,,,,,,,,,,,,,,,,,
2022-01-28,0.0016801690208829245,1.03875,1.03833,,,,,,,,,,,,,,,,,,
2022-01-31,0.0016695200439189606,1.04059,1.04316,113.0,0.0026296610032550466,1.04333,1.04335,1.04334,1.04332,,,,,,,,,,,,
2022-02-01,0.0016738116147555274,1.0383,1.03667,,,,,,,,,,,,,,,,,,
2022-02-02,0.0016686783911600638,1.04056,1.03838,148.0,-0.00257885864906457,1.03788,1.03796,1.03819,1.03809,,,,,,,,,,,,
2022-02-03,0.0016726925741404285,1.04587,1.05208,104.0,0.0025210338126168638,1.04851,1.0488,1.04941,1.04908,109.0,0.0033790265437136646,1.04941,1.04937,1.04948,1.04878,148.0,0.004245804707547984,1.05032,1.05024,1.05116,1.0505
2022-02-04,0.0016655743373564858,1.05733,1.05958,,,,,,,,,,,,,,,,,,
2022-02-07,0.002379969845371592,1.05676,1.05582,,,,,,,,,,,,,,,,,,
2022-02-08,0.0021291730352852646,1.05397,1.05603,,,,,,,,,,,,,,,,,,
2022-02-09,0.0020276913103880532,1.05507,1.05603,,,,,,,,,,,,,,,,,,
2022-02-10,0.001936368961551187,1.05797,1.05966,139.0,0.0029541282508450586,1.0611,1.0609,1.06059,1.06019,,,,,,,,,,,,
2022-02-11,0.0018664820347589733,1.05542,1.055,,,,,,,,,,,,,,,,,,
2022-02-14,0.0018113605868838628,1.04718,1.04664,,,,,,,,,,,,,,,,,,
2022-02-15,0.0018175590525169143,1.04815,1.05201,98.0,0.002867610846088095,1.05116,1.05106,1.05118,1.05196,115.0,0.0037424516238179027,1.05208,1.0521,1.0521,1.05281,131.0,0.004569043215896152,1.05295,1.05278,1.05249,1.05225
2022-02-16,0.0018547346125699995,1.04988,1.04858,,,,,,,,,,,,,,,,,,
2022-02-17,0.0018685147704179067,1.04545,1.04535,,,,,,,,,,,,,,,,,,
2022-02-18,0.0018724386537101816,1.04471,1.04291,,,,,,,,,,,,,,,,,,
2022-02-21,0.0018201340340874325,1.03887,1.03796,,,,,,,,,,,,,,,,,,
2022-02-22,0.0018012572548031733,1.04294,1.04364,91.0,0.002920157369907104,1.04599,1.04576,1.04532,1.04583,,,,,,,,,,,,
2022-02-23,0.0020755294284840447,1.04217,1.03852,86.0,-0.0032292505644994636,1.03881,1.03859,1.03887,1.03925,133.0,-0.0042983521876320575,1.0377,1.03792,1.03783,1.03869,,,,,,
2022-02-24,0.002140360150328344,1.03082,1.03384,,,,,,,,,,,,,,,,,,
2022-02-25,0.002268585249025724,1.04181,1.04296,,,,,,,,,,,,,,,,,,
2022-02-28,0.0021455469360796638,1.03034,1.02929,,,,,,,,,,,,,,,,,,
2022-03-01,0.0023571327768473283,1.02571,1.02156,146.0,-0.003603994661452611,1.02202,1.02198,1.02187,1.02146,166.0,-0.004739646412579753,1.02086,1.02121,1.0213,,,,,,,
2022-03-02,0.0022501263731018136,1.02118,1.02389,152.0,0.004201974267286232,1.02548,1.02605,1.02408,1.02384,153.0,0.004757657113422797,1.02605,1.02485,1.02394,1.02378,,,,,,
2022-03-03,0.002201983577471687,1.01994,1.01663,134.0,-0.0033489353509094304,1.01653,1.01685,1.01701,1.01673,,,,,,,,,,,,
2022-03-04,0.0020750025993114454,1.00352,1.00348,,,,,,,,,,,,,,,,,,
2022-03-07,0.0021630831055451,1.00765,1.00735,,,,,,,,,,,,,,,,,,
2022-03-08,0.0022359417240858915,1.01252,1.0165,,,,,,,,,,,,,,,,,,
2022-03-09,0.0021764200272893107,1.02178,1.02704,51.0,0.0033024935484057332,1.02516,1.02535,1.02456,1.02387,157.0,0.0043749215304143005,1.02626,1.02631,1.02555,1.0251,,,,,,
2022-03-10,0.0022383514930076564,1.0296,1.02246,21.0,-0.003385678326052859,1.02612,1.02649,1.02633,1.02396,31.0,-0.004643632123184015,1.02483,1.02527,1.02396,1.02366,38.0,-0.005766399520763856,1.02368,1.02309,1.02396,1.02416
2022-03-11,0.002509714523602009,1.02447,1.01941,170.0,-0.0037945142494219936,1.02059,1.02025,1.02017,,,,,,,,,,,,,
2022-03-14,0.002336421336553249,1.02456,1.02761,,,,,,,,,,,,,,,,,,
2022-03-15,0.002089282776620603,1.03218,1.03164,,,,,,,,,,,,,,,,,,
2022-03-16,0.0022445874155646514,1.0338,1.03639,118.0,0.003370209216764712,1.03729,1.03727,1.03683,1.0374,,,,,,,,,,,,
2022-03-17,0.0021080139214345135,1.03871,1.0398,,,,,,,,,,,,,,,,,,
2022-03-18,0.0021344239620096355,1.03167,1.03122,,,,,,,,,,,,,,,,,,
2022-03-21,0.002020390120793936,1.02736,1.02855,,,,,,,,,,,,,,,,,,
2022-03-22,0.0020347579673634193,1.02711,1.02789,,,,,,,,,,,,,,,,,,
2022-03-23,0.0019554084905737666,1.02665,1.02474,,,,,,,,,,,,,,,,,,
2022-03-24,0.001882600423859599,1.0223,1.02371,,,,,,,,,,,,,,,,,,
2022-03-25,0.0019475252990769592,1.02036,1.02204,94.0,0.0029260532397568685,1.02335,1.0234,1.02352,1.02364,,,,,,,,,,,,
2022-03-28,0.0018763612782267893,1.02597,1.02558,,,,,,,,,,,,,,,,,,
2022-03-29,0.0017808323002218263,1.03564,1.03303,,,,,,,,,,,,,,,,,,
2022-03-30,0.0017784473062914749,1.03205,1.03069,145.0,-0.0028721989140794123,1.02909,1.02973,1.02962,1.02994,,,,,,,,,,,,
2022-03-31,0.0018866283929046275,1.0271,1.02185,73.0,-0.003091132283914069,1.02393,1.0243,1.02476,1.02492,121.0,-0.0038043259071254875,1.0232,1.02282,1.0233,1.02392,147.0,-0.004723434631982607,1.02226,1.02219,1.02276,1.02202
2022-04-01,0.0018267239442831312,1.02139,1.02209,127.0,0.0028059559387498367,1.02426,1.02426,1.02404,1.02354,,,,,,,,,,,,
2022-04-04,0.002015394421228944,1.02032,1.01747,74.0,-0.003052718158943985,1.01721,1.01719,1.01702,1.01672,87.0,-0.0041445340751257035,1.0161,1.01661,1.0171,1.0173,,,,,,
2022-04-05,0.0018720002967473033,1.01447,1.01491,,,,,,,,,,,,,,,,,,
2022-04-06,0.0019978577095616555,1.01904,1.01772,,,,,,,,,,,,,,,,,,
2022-04-07,0.0019273206346423755,1.01806,1.01717,,,,,,,,,,,,,,,,,,
2022-04-08,0.0019000277709536261,1.0155,1.01485,,,,,,,,,,,,,,,,,,
2022-04-11,0.0018530356511660049,1.0181,1.01222,157.0,-0.0028426574856780973,1.01521,1.01529,1.01501,1.01493,174.0,-0.00375914395774332,1.01428,1.01427,1.01424,,,,,,,
2022-04-12,0.0017876216390202214,1.01242,1.00937,,,,,,,,,,,,,,,,,,
2022-04-13,0.0018586738654188999,1.01219,1.01521,,,,,,,,,,,,,,,,,,
2022-04-14,0.0018223259660766474,1.01901,1.0178,78.0,-0.00277122818861105,1.01619,1.01615,1.01611,1.01658,102.0,-0.0045441211270547295,1.01439,1.01455,1.01474,1.01516,111.0,-0.004721583416783826,1.01421,1.01394,1.01522,1.01618
2022-04-15,0.00194739641409691,1.01881,1.01878,,,,,,,,,,,,,,,,,,
2022-04-18,0.0018857471430596387,1.01882,1.01816,,,,,,,,,,,,,,,,,,
2022-04-19,0.0017806886914868013,1.02203,1.0229,36.0,-0.002802275006438152,1.01917,1.01937,1.02028,1.01953,,,,,,,,,,,,
2022-04-20,0.001746395670532455,1.02543,1.02801,168.0,0.0028143658259840087,1.02832,1.02793,1.02773,,,,,,,,,,,,,
2022-04-21,0.0020811720460249985,1.03316,1.03343,,,,,,,,,,,,,,,,,,
2022-04-22,0.001983504193233243,1.03297,1.0345,,,,,,,,,,,,,,,,,,
2022-04-25,0.0019605784270542033,1.02733,1.02573,,,,,,,,,,,,,,,,,,
2022-04-26,0.0018320194961102942,1.02296,1.02472,,,,,,,,,,,,,,,,,,
2022-04-27,0.0018393089150441657,1.02201,1.02262,,,,,,,,,,,,,,,,,,
2022-04-28,0.0018296610792207567,1.02158,1.02111,,,,,,,,,,,,,,,,,,
2022-04-29,0.0018145340936892374,1.02382,1.02459,154.0,-0.0027483964621221268,1.02101,1.02081,1.01992,1.02005,156.0,-0.003669477523576988,1.02007,1.01978,1.01967,1.02097,166.0,-0.004552159364296732,1.01917,1.0194,1.02097,
2022-05-02,0.001771445894294663,1.02474,1.02798,115.0,0.0027773329162217174,1.02759,1.02763,1.02715,1.02757,138.0,0.00358472202920064,1.02842,1.02846,1.02852,1.02873,,,,,,
2022-05-03,0.0017881880578703817,1.02698,1.03046,120.0,0.002907219043668686,1.02997,1.02977,1.03031,1.03039,134.0,0.0035963220238895525,1.03068,1.03039,1.03068,1.0309,,,,,,
2022-05-04,0.0017750487990238996,1.03162,1.03608,61.0,0.0027685028088973197,1.03448,1.03443,1.03425,1.03462,89.0,0.003657443289102166,1.0354,1.03541,1.03565,1.03557,148.0,0.004487695405183867,1.03626,1.03614,1.03627,1.03575
2022-05-05,0.0017814488611243317,1.035,1.03741,90.0,0.0027883793857785754,1.03789,1.03753,1.03709,1.03767,142.0,0.00356850453429626,1.0387,1.0387,1.03865,1.03893,,,,,,
2022-05-06,0.0017659031313586938,1.04136,1.042,90.0,0.002915006666768705,1.0444,1.04468,1.04433,1.04439,,,,,,,,,,,,
2022-05-09,0.0018733190288624088,1.04621,1.04805,177.0,0.0028538587000537714,1.0492,1.04905,,,,,,,,,,,,,,
2022-05-10,0.0018058853688647644,1.04825,1.04777,,,,,,,,,,,,,,,,,,
2022-05-11,0.0019202893806306665,1.0442,1.04395,54.0,0.0028879919853734923,1.04722,1.04735,1.04736,1.04728,,,,,,,,,,,,
2022-05-12,0.001853995354640838,1.03751,1.0377,95.0,0.00287775522106958,1.0405,1.04021,1.03982,1.03993,,,,,,,,,,,,
2022-05-13,0.0018205754018562742,1.03831,1.0425,134.0,0.0029523652370888427,1.04138,1.041,1.04052,1.0402,,,,,,,,,,,,
2022-05-16,0.0018632957472206003,1.04681,1.04482,,,,,,,,,,,,,,,,,,
2022-05-17,0.001774897886435836,1.04592,1.04607,,,,,,,,,,,,,,,,,,
2022-05-18,0.0017671227327591475,1.04823,1.03887,126.0,-0.0033732646073176336,1.0447,1.04496,1.04499,1.04421,135.0,-0.003919024687504184,1.04413,1.04473,1.0445,1.04243,147.0,-0.004877218756773409,1.04313,1.0429,1.04236,1.04153
2022-05-19,0.0017492916977457555,1.02704,1.02979,,,,,,,,,,,,,,,,,,
2022-05-20,0.002154183061230246,1.02735,1.02937,,,,,,,,,,,,,,,,,,
2022-05-23,0.0022414457679423697,1.03139,1.03104,25.0,-0.004752449551434359,1.0265,1.02869,1.02925,1.02902,25.0,-0.004752449551434359,1.0265,1.02869,1.02925,1.02902,,,,,,
2022-05-24,0.002004967247128851,1.03391,1.0313,90.0,-0.0030319344770819317,1.03078,1.03071,1.03032,1.0298,100.0,-0.0041190810188977914,1.02966,1.0302,1.0298,1.03116,137.0,-0.005081025970718417,1.02867,1.0288,1.02981,1.0305
2022-05-25,0.0019406093620719818,1.02698,1.02707,,,,,,,,,,,,,,,,,,
2022-05-26,0.001870836803484632,1.02807,1.02923,,,,,,,,,,,,,,,,,,
2022-05-27,0.001828896393936225,1.02641,1.0253,,,,,,,,,,,,,,,,,,
2022-05-30,0.0017882673698680462,1.03265,1.03203,,,,,,,,,,,,,,,,,,
2022-05-31,0.0017495491683735835,1.02795,1.02716,,,,,,,,,,,,,,,,,,
2022-06-01,0.0017927992163197404,1.0304,1.02659,,,,,,,,,,,,,,,,,,
2022-06-02,0.0017763839511711365,1.02662,1.02945,164.0,0.0028499608331886777,1.02955,1.0296,1.02931,1.02894,,,,,,,,,,,,
2022-06-03,0.0017879760722074593,1.03039,1.03221,,,,,,,,,,,,,,,,,,
2022-06-06,0.0018026862197007092,1.03215,1.03659,161.0,0.0028250519461143707,1.03507,1.03523,1.0353,1.03556,170.0,0.0036362621423156145,1.03591,1.03591,1.03547,,,,,,,
2022-06-07,0.0017437800099569475,1.04171,1.04091,,,,,,,,,,,,,,,,,,
2022-06-08,0.0018554608194215822,1.04806,1.04718,138.0,-0.002828261550098521,1.0451,1.04552,1.04554,1.04528,,,,,,,,,,,,
2022-06-09,0.001854285196280266,1.04844,1.04187,65.0,-0.0038703621943959148,1.04439,1.04404,1.04285,1.04343,65.0,-0.0038703621943959148,1.04439,1.04404,1.04285,1.04343,69.0,-0.0047228975807480375,1.0435,1.04285,1.04293,1.04091
2022-06-10,0.0020025392337493252,1.04039,1.04015,,,,,,,,,,,,,,,,,,
2022-06-13,0.002120798895890003,1.03821,1.04005,,,,,,,,,,,,,,,,,,
2022-06-14,0.0019392430555723655,1.03797,1.0434,151.0,0.003039779167204502,1.04113,1.04092,1.0413,1.04055,,,,,,,,,,,,
2022-06-15,0.001870252802243836,1.04498,1.04104,35.0,-0.002922983905925731,1.04193,1.0419,1.04231,1.04259,165.0,-0.0037487160699821625,1.04107,1.04081,1.04064,1.04205,,,,,,
2022-06-16,0.001921311564103609,1.01765,1.01778,14.0,-0.0035241112998920113,1.01407,1.01417,1.01424,1.0142,27.0,-0.0038594500938422915,1.01373,1.01408,1.01425,1.01366,,,,,,
2022-06-17,0.0018775547850216527,1.01009,1.01748,102.0,0.003074203351287315,1.0132,1.01314,1.01277,1.01208,140.0,0.00402124785423812,1.01416,1.01398,1.01429,1.01433,161.0,0.004868880939022475,1.01502,1.01477,1.01494,1.01677
2022-06-20,0.00293734084260244,1.01666,1.01752,,,,,,,,,,,,,,,,,,
2022-06-21,0.002458122751897057,1.02099,1.01901,,,,,,,,,,,,,,,,,,
2022-06-22,0.0022885163086843775,1.01539,1.01743,,,,,,,,,,,,,,,,,,
2022-06-23,0.0021757553338235627,1.01345,1.00896,112.0,-0.0037566155591417408,1.00965,1.01031,1.01054,1.01029,136.0,-0.0047277203165788945,1.00867,1.009,1.00871,1.00819,146.0,-0.005808935549001995,1.00758,1.00688,1.00819,1.00811
2022-06-24,0.0020562129507868785,1.00638,1.00841,,,,,,,,,,,,,,,,,,
2022-06-27,0.0019993891180453095,1.01446,1.01256,,,,,,,,,,,,,,,,,,
2022-06-28,0.0018549931329135342,1.01072,1.00735,81.0,-0.002982518324902344,1.00771,1.00769,1.00807,1.00737,133.0,-0.0038958963978335563,1.00679,1.0068,1.00681,1.00623,150.0,-0.004670936182257837,1.00601,1.00635,1.00618,1.00619
2022-06-29,0.0018061861233692356,1.00097,0.99947,154.0,-0.0029314531675436396,0.99804,0.99816,0.99792,0.99927,,,,,,,,,,,,
2022-06-30,0.0018371898758474438,0.99499,0.99983,167.0,0.003110765749348747,0.99809,0.99831,0.99956,,169.0,0.00418223912761211,0.99916,0.99971,0.99957,,170.0,0.004732550067173256,0.99971,0.9983,0.99989,
2022-07-01,0.002089808847101828,1.0022,1.00156,125.0,-0.003138025620543972,0.99906,0.9996,0.99912,0.9991,146.0,-0.004239667177712054,0.99796,0.99793,0.99779,0.999,,,,,,
2022-07-04,0.0020181434059000493,1.00362,1.00172,,,,,,,,,,,,,,,,,,
2022-07-05,0.0018644215974546708,0.99377,0.99353,,,,,,,,,,,,,,,,,,
2022-07-06,0.0018293857397074485,0.98982,0.98811,,,,,,,,,,,,,,,,,,
2022-07-07,0.0020800078901731175,0.99115,0.98894,,,,,,,,,,,,,,,,,,
2022-07-08,0.0020370450278296443,0.99103,0.99494,,,,,,,,,,,,,,,,,,
2022-07-11,0.0019466293899852857,0.9899,0.98795,,,,,,,,,,,,,,,,,,
2022-07-12,0.0018952589214561875,0.9882,0.9879,,,,,,,,,,,,,,,,,,
2022-07-13,0.0020501191336604425,0.98255,0.98609,123.0,0.003231250398173953,0.98573,0.98529,0.98396,0.98413,168.0,0.004468146555220337,0.98695,0.98724,0.98712,,171.0,0.005369508280018436,0.98784,0.98749,0.98811,
2022-07-14,0.0019597616549851854,0.98399,0.98561,,,,,,,,,,,,,,,,,,
2022-07-15,0.0018982730515110856,0.98454,0.98639,,,,,,,,,,,,,,,,,,
2022-07-18,0.0018463224567238686,0.9908,0.99197,,,,,,,,,,,,,,,,,,
2022-07-19,0.0017641535475561231,0.9923,0.99135,,,,,,,,,,,,,,,,,,
2022-07-20,0.0018646502989676413,0.98823,0.99302,77.0,0.002970599335144514,0.99117,0.99128,0.99159,0.99095,,,,,,,,,,,,
2022-07-21,0.0018191772492041128,0.99136,0.98831,18.0,0.003192525963114588,0.99453,0.99471,0.99397,0.9942,86.0,-0.004417830118553077,0.98699,0.98717,0.98832,0.98883,,,,,,
2022-07-22,0.0017823796587106136,0.98155,0.98275,69.0,0.0029196804008036143,0.98442,0.98442,0.98423,0.98333,,,,,,,,,,,,
2022-07-25,0.001800274128498007,0.98647,0.98551,,,,,,,,,,,,,,,,,,
2022-07-26,0.0018224430307495442,0.97713,0.97451,138.0,-0.0027670189209539134,0.97443,0.9747,0.9751,0.97594,,,,,,,,,,,,
2022-07-27,0.0018255200865976474,0.97685,0.97549,,,,,,,,,,,,,,,,,,
2022-07-28,0.002142364053401661,0.97396,0.97253,,,,,,,,,,,,,,,,,,
2022-07-29,0.002037785415158978,0.97443,0.9706,170.0,-0.003804318886321564,0.97073,0.971,0.97087,,,,,,,,,,,,,
2022-08-01,0.0020238309324479577,0.97188,0.97423,139.0,0.003082046451285478,0.97488,0.97489,0.9754,0.97463,,,,,,,,,,,,
2022-08-02,0.0018705098725282142,0.97393,0.97272,,,,,,,,,,,,,,,,,,
2022-08-03,0.0018408891149758596,0.97667,0.97704,,,,,,,,,,,,,,,,,,
2022-08-04,0.001805854921553558,0.97615,0.97759,,,,,,,,,,,,,,,,,,
2022-08-05,0.0018124244360816146,0.97746,0.97973,,,,,,,,,,,,,,,,,,
2022-08-08,0.0017921268939602756,0.97585,0.97425,119.0,-0.0028117578659377102,0.97311,0.97268,0.97255,0.97202,125.0,-0.0036547722059836695,0.97229,0.97247,0.97208,0.97206,,,,,,
2022-08-09,0.001735323110590611,0.97569,0.97403,,,,,,,,,,,,,,,,,,
2022-08-10,0.001813859859170841,0.97212,0.97262,,,,,,,,,,,,,,,,,,
2022-08-11,0.0017758718497814575,0.97066,0.97089,,,,,,,,,,,,,,,,,,
2022-08-12,0.0017869393329002924,0.96904,0.96711,,,,,,,,,,,,,,,,,,
2022-08-15,0.0017554234606757572,0.96293,0.96233,,,,,,,,,,,,,,,,,,
2022-08-16,0.0017923667452645323,0.96222,0.96687,85.0,0.0027502624894225384,0.96487,0.96491,0.96456,0.96532,107.0,0.003599756987715602,0.96569,0.96543,0.96516,0.96587,134.0,0.004562335530297482,0.96662,0.96657,0.96636,0.96662
2022-08-17,0.0018203503139023174,0.9679,0.96951,,,,,,,,,,,,,,,,,,
2022-08-18,0.0018434740575927996,0.96873,0.96531,81.0,-0.0028531574634997345,0.96597,0.96585,0.96595,0.96557,120.0,-0.0038267463544889753,0.96503,0.96492,0.96567,0.96602,,,,,,
2022-08-19,0.0018240123395552696,0.96162,0.96258,,,,,,,,,,,,,,,,,,
2022-08-22,0.0018038794573367357,0.95766,0.95892,,,,,,,,,,,,,,,,,,
2022-08-23,0.0017655597472570018,0.95952,0.96086,74.0,0.0027164172507122106,0.96213,0.96215,0.96241,0.96257,83.0,0.0035371751991790075,0.96292,0.96309,0.96259,0.96395,97.0,0.004429893377530151,0.96378,0.96395,0.96373,0.96286
2022-08-24,0.0018229427924305092,0.95705,0.96321,85.0,0.0027755188000687958,0.95971,0.95972,0.96021,0.96008,109.0,0.0036504003823331077,0.96055,0.96056,0.96047,0.95989,162.0,0.004753326369194326,0.96161,0.9616,0.96223,0.96441
2022-08-25,0.0018080509815451469,0.96163,0.96062,,,,,,,,,,,,,,,,,,
2022-08-26,0.0017988019174796153,0.9642,0.96321,92.0,0.003034180847250357,0.96713,0.96661,0.96579,0.96648,,,,,,,,,,,,
2022-08-29,0.0017779755603443284,0.96729,0.9687,,,,,,,,,,,,,,,,,,
2022-08-30,0.0017928322551873227,0.97318,0.97647,,,,,,,,,,,,,,,,,,
2022-08-31,0.0018920557906863976,0.9799,0.9809,,,,,,,,,,,,,,,,,,
2022-09-01,0.0021035889142800557,0.9794,0.97876,,,,,,,,,,,,,,,,,,
2022-09-02,0.00215560346346051,0.9821,0.98295,33.0,0.0040240685144812835,0.98606,0.98629,0.98506,0.98475,,,,,,,,,,,,
2022-09-05,0.002143367482235514,0.97362,0.97292,,,,,,,,,,,,,,,,,,
2022-09-06,0.0019517206488077574,0.97438,0.97524,,,,,,,,,,,,,,,,,,
2022-09-07,0.0018886850002001099,0.97422,0.97513,145.0,0.0029723186477465793,0.97712,0.9773,0.97614,0.97585,,,,,,,,,,,,
2022-09-08,0.001837228426292099,0.97397,0.96846,65.0,-0.003950419210800393,0.97013,0.97053,0.96905,0.97022,65.0,-0.003950419210800393,0.97013,0.97053,0.96905,0.97022,70.0,-0.0050642922000681805,0.96905,0.96872,0.96907,0.97018
2022-09-09,0.0018170134027601973,0.96594,0.96471,,,,,,,,,,,,,,,,,,
2022-09-12,0.0018452077025654199,0.96755,0.96418,100.0,-0.0029084681707811587,0.96474,0.96464,0.96448,0.96454,161.0,-0.0042361314712896754,0.96346,0.96358,0.96383,0.96384,,,,,,
2022-09-13,0.0019915060437586595,0.96701,0.96042,32.0,-0.00387509032895419,0.96327,0.96308,0.96312,0.9632,33.0,-0.004072354585829751,0.96308,0.9627,0.96244,0.96337,,,,,,
2022-09-14,0.0019329327080433627,0.96085,0.96034,,,,,,,,,,,,,,,,,,
2022-09-15,0.00194870713536256,0.95623,0.95974,156.0,0.0029864483487507558,0.95909,0.9593,0.95918,0.96021,167.0,0.003924397851617989,0.95999,0.95968,0.96053,,,,,,,
2022-09-16,0.0018820819516193283,0.95909,0.96578,144.0,0.003143871005053163,0.96211,0.96197,0.96154,0.96248,158.0,0.0037880804161646926,0.96273,0.96248,0.96373,0.96387,162.0,0.004836630450722779,0.96374,0.96373,0.96364,0.96479
2022-09-19,0.0018363650670104976,0.96556,0.96642,,,,,,,,,,,,,,,,,,
2022-09-20,0.0018198544665803634,0.9642,0.96244,,,,,,,,,,,,,,,,,,
2022-09-21,0.001796398061720034,0.95436,0.95346,,,,,,,,,,,,,,,,,,
2022-09-22,0.0019340251653342745,0.96863,0.96468,50.0,-0.003526647396901368,0.96522,0.96474,0.96467,0.96438,51.0,-0.004024067042797624,0.96474,0.96537,0.96468,0.96429,73.0,-0.005123412731761952,0.96368,0.96338,0.9646,0.96568
2022-09-23,0.0023823145564740482,0.95603,0.95317,92.0,-0.0036152003369262467,0.95258,0.95282,0.95262,0.9531,115.0,-0.005191112327972183,0.95108,0.95094,0.94994,0.95167,119.0,-0.005980000614976579,0.95033,0.94994,0.95056,0.952
2022-09-26,0.0027230522287088753,0.95476,0.95493,,,,,,,,,,,,,,,,,,
2022-09-27,0.002541079083521488,0.95083,0.9513,,,,,,,,,,,,,,,,,,
2022-09-28,0.002469892014906223,0.94488,0.94511,,,,,,,,,,,,,,,,,,
2022-09-29,0.002402621319700748,0.95337,0.95761,129.0,0.003873458078906152,0.95707,0.95651,0.95513,0.95579,178.0,0.00481338629582044,0.95797,0.9579,,,,,,,,
2022-09-30,0.002253073139417151,0.95609,0.96288,159.0,0.0036123736845451934,0.95955,0.95979,0.95887,0.9621,170.0,0.004706038351012918,0.9606,0.9613,0.96326,,173.0,0.006432633539835598,0.96226,0.9621,0.96407,
2022-10-03,0.0024184001704097213,0.96491,0.974,124.0,0.0037962486565920424,0.96858,0.9691,0.96989,0.96957,129.0,0.005147830264172016,0.96989,0.96992,0.97012,0.97024,147.0,0.006116542982656255,0.97083,0.97028,0.96968,0.96988
2022-10-04,0.002348010485861095,0.97682,0.97858,,,,,,,,,,,,,,,,,,
2022-10-05,0.002400110243238021,0.97569,0.97027,154.0,-0.003603940508455194,0.97218,0.9719,0.97194,0.97126,180.0,-0.004818444718094796,0.971,,,,,,,,,
2022-10-06,0.0022596517444684293,0.97034,0.97068,146.0,0.003466992490549517,0.97371,0.97371,0.97328,0.97321,,,,,,,,,,,,
2022-10-07,0.0021926539734424054,0.96985,0.96977,,,,,,,,,,,,,,,,,,
2022-10-10,0.0020853386215590884,0.96834,0.96999,150.0,0.003690231270700592,0.97192,0.97159,0.97185,0.97061,,,,,,,,,,,,
2022-10-11,0.0019326582220816457,0.96817,0.96954,,,,,,,,,,,,,,,,,,
2022-10-12,0.0018836308389250103,0.96608,0.96706,,,,,,,,,,,,,,,,,,
2022-10-13,0.0018468958518611152,0.97204,0.97659,161.0,0.0029379457581433887,0.9749,0.97442,0.9746,0.97558,177.0,0.00389143503698626,0.97583,0.97565,,,,,,,,
2022-10-14,0.0018029535624782171,0.97586,0.97843,179.0,0.0027118730067126917,0.97851,0.97834,,,,,,,,,,,,,,
2022-10-17,0.002179000352328245,0.97539,0.97956,,,,,,,,,,,,,,,,,,
2022-10-18,0.001975507276135434,0.97886,0.98053,,,,,,,,,,,,,,,,,,
2022-10-19,0.0019034038235041738,0.98023,0.98147,,,,,,,,,,,,,,,,,,
2022-10-20,0.0018553306335000583,0.98356,0.98228,,,,,,,,,,,,,,,,,,
2022-10-21,0.0018362200860628094,0.98631,0.9831,,,,,,,,,,,,,,,,,,
2022-10-24,0.0017981130039319865,0.98509,0.98802,160.0,0.0027371169920692973,0.98779,0.98771,0.98835,0.98883,174.0,0.0036275980118219363,0.98867,0.98883,0.989,,,,,,,
2022-10-25,0.0017472562726299496,0.98854,0.99202,94.0,0.002656956369557901,0.99117,0.99134,0.99116,0.99109,138.0,0.0036351192158518846,0.99214,0.99188,0.99157,0.99055,,,,,,
2022-10-26,0.0018533791251689408,0.9915,0.99316,,,,,,,,,,,,,,,,,,
2022-10-27,0.0018252685490862542,0.99538,0.98815,22.0,-0.003179716907282705,0.99222,0.99218,0.99151,0.99176,26.0,-0.003935883481431661,0.99147,0.99151,0.99136,0.99242,54.0,-0.00461187618223812,0.9908,0.99102,0.99021,0.98975
2022-10-28,0.0018194326869885862,0.99232,0.99047,,,,,,,,,,,,,,,,,,
2022-10-31,0.0018820011633223718,0.99246,0.98897,168.0,-0.003391270736389778,0.9891,0.98904,0.98891,,174.0,-0.003927255013532198,0.98857,0.98816,0.98889,,,,,,,
2022-11-01,0.001846684983773949,0.98688,0.98664,,,,,,,,,,,,,,,,,,
2022-11-02,0.0018163425403084081,0.98558,0.98574,,,,,,,,,,,,,,,,,,
2022-11-03,0.0018277758235130013,0.98786,0.98758,,,,,,,,,,,,,,,,,,
2022-11-04,0.0018223140902144837,0.98578,0.98899,107.0,0.002866710161705123,0.98861,0.98848,0.98779,0.98729,,,,,,,,,,,,
2022-11-07,0.0018266190919124599,0.98811,0.99086,,,,,,,,,,,,,,,,,,
2022-11-08,0.0017739061286449237,0.99051,0.99313,,,,,,,,,,,,,,,,,,
2022-11-09,0.0017672100014650518,0.98765,0.98661,,,,,,,,,,,,,,,,,,
2022-11-10,0.001753060360995334,0.98706,0.98326,44.0,-0.002911860015601156,0.98419,0.98356,0.98257,0.98306,45.0,-0.0035521852820484525,0.98356,0.98287,0.98299,0.98283,47.0,-0.004701733473481337,0.98243,0.98261,0.98309,0.98285
2022-11-11,0.0019388022303057936,0.97773,0.97449,,,,,,,,,,,,,,,,,,
2022-11-14,0.0018814922094280827,0.97529,0.97385,,,,,,,,,,,,,,,,,,
2022-11-15,0.002090844062299192,0.98112,0.98064,,,,,,,,,,,,,,,,,,
2022-11-16,0.0019977420121923286,0.97863,0.97999,152.0,0.003284912771863157,0.98185,0.98189,0.98151,0.98198,,,,,,,,,,,,
2022-11-17,0.001971368460941813,0.98183,0.98602,47.0,0.003000088693366201,0.98478,0.98466,0.98474,0.98551,87.0,0.0039947399877274725,0.98576,0.98584,0.98586,0.98624,131.0,0.004947864584588054,0.9867,0.98643,0.98638,0.986
2022-11-18,0.0019340910798915762,0.98825,0.98501,115.0,-0.003040286101681802,0.98525,0.9852,0.98535,0.98551,,,,,,,,,,,,
2022-11-21,0.001982428804123193,0.98216,0.98098,,,,,,,,,,,,,,,,,,
2022-11-22,0.0018914875606822787,0.97663,0.98024,117.0,0.00303645510186875,0.9796,0.97946,0.97934,0.97972,,,,,,,,,,,,
2022-11-23,0.0018428317692721695,0.98047,0.97848,101.0,-0.002767807387338764,0.97776,0.97792,0.97808,0.97802,146.0,-0.003821790876996535,0.97673,0.97677,0.97703,0.97654,,,,,,
2022-11-24,0.0018028128383025222,0.98152,0.98173,,,,,,,,,,,,,,,,,,
2022-11-25,0.0017733411380656315,0.98429,0.9836,,,,,,,,,,,,,,,,,,
2022-11-28,0.0017625772415220818,0.98659,0.9828,70.0,-0.0028115994384502172,0.98382,0.98396,0.98416,0.98374,98.0,-0.0036149144268664835,0.98303,0.98299,0.98348,0.98264,123.0,-0.004469780600786581,0.98219,0.98216,0.98251,0.98223
2022-11-29,0.0017325263936016297,0.984,0.98439,,,,,,,,,,,,,,,,,,
2022-11-30,0.001746287980511023,0.98609,0.98125,105.0,-0.00324024275494514,0.9829,0.98304,0.98225,0.98048,109.0,-0.0036981764643239483,0.98245,0.98225,0.98182,0.98088,115.0,-0.004421120813825209,0.98174,0.98166,0.98048,0.98023
2022-12-01,0.001760646896340094,0.98766,0.98582,114.0,-0.0027679363101147107,0.98493,0.98415,0.98489,0.98503,115.0,-0.0035601845080525346,0.98415,0.98435,0.98476,0.98503,,,,,,
2022-12-02,0.001750509555730518,0.98524,0.98687,,,,,,,,,,,,,,,,,,
2022-12-05,0.0017546615051614626,0.98935,0.9892,,,,,,,,,,,,,,,,,,
2022-12-06,0.0017362268658482863,0.98691,0.98699,,,,,,,,,,,,,,,,,,
2022-12-07,0.0017222302612479622,0.98784,0.98885,71.0,-0.0027065262009574645,0.98517,0.98548,0.98662,0.98644,,,,,,,,,,,,
2022-12-08,0.001742752131356022,0.98837,0.98784,,,,,,,,,,,,,,,,,,
2022-12-09,0.0017582384502698547,0.98491,0.98394,,,,,,,,,,,,,,,,,,
2022-12-12,0.0017459073015409386,0.98599,0.98585,,,,,,,,,,,,,,,,,,
2022-12-13,0.0017593028806524782,0.98583,0.98663,,,,,,,,,,,,,,,,,,
2022-12-14,0.0017664961797305531,0.98647,0.98491,90.0,-0.0027712799622356273,0.98374,0.98398,0.9843,0.98391,,,,,,,,,,,,
2022-12-15,0.001745989130705799,0.98712,0.98662,9.0,0.0029436331095326544,0.99003,0.98938,0.99036,0.98989,13.0,0.0041247177246542715,0.9912,0.99036,0.9913,0.99042,,,,,,
2022-12-16,0.0017334111083471548,0.98945,0.98867,,,,,,,,,,,,,,,,,,
2022-12-19,0.0017211492030492848,0.98886,0.98753,,,,,,,,,,,,,,,,,,
2022-12-20,0.0017186842646075094,0.98584,0.98368,,,,,,,,,,,,,,,,,,
2022-12-21,0.0017539066191092022,0.98306,0.98262,,,,,,,,,,,,,,,,,,
2022-12-22,0.0017359358449386911,0.98569,0.98564,,,,,,,,,,,,,,,,,,
2022-12-23,0.0017297227007924216,0.98782,0.99068,60.0,0.0027194670836761525,0.99051,0.99046,0.99082,0.99028,179.0,0.0035873299754539613,0.99137,0.99165,,,,,,,,
2022-12-26,0.001805406747372513,0.9899,0.9899,,,,,,,,,,,,,,,,,,
2022-12-27,0.0017784454406205377,0.9891,0.98927,,,,,,,,,,,,,,,,,,
2022-12-28,0.0017563412284404601,0.98536,0.98446,,,,,,,,,,,,,,,,,,
2022-12-29,0.001745789553540748,0.98412,0.98563,,,,,,,,,,,,,,,,,,
2022-12-30,0.0018110003913553816,0.98528,0.98743,142.0,0.002787196923213596,0.98803,0.98802,0.98791,0.9885,,,,,,,,,,,,
2023-01-02,0.0017831701192399952,0.98699,0.98661,,,,,,,,,,,,,,,,,,
2023-01-03,0.0018347617639165614,0.98831,0.98826,,,,,,,,,,,,,,,,,,
2023-01-04,0.0018212745853465595,0.98409,0.98538,,,,,,,,,,,,,,,,,,
2023-01-05,0.0017862847408975182,0.98516,0.98585,,,,,,,,,,,,,,,,,,
2023-01-06,0.001759440330534095,0.9859,0.98738,,,,,,,,,,,,,,,,,,
2023-01-09,0.0017419939662069125,0.98601,0.98856,,,,,,,,,,,,,,,,,,
2023-01-10,0.0017287507959725715,0.99084,0.9907,,,,,,,,,,,,,,,,,,
2023-01-11,0.0017177368526012473,0.99884,1.00088,102.0,0.002609623085856131,1.00145,1.00162,1.00166,1.00119,,,,,,,,,,,,
2023-01-12,0.0017108383439822662,1.00454,1.00673,,,,,,,,,,,,,,,,,,
2023-01-13,0.002222299447322066,1.00456,1.00312,,,,,,,,,,,,,,,,,,
2023-01-16,0.0021738707536765964,1.00096,1.00127,,,,,,,,,,,,,,,,,,
2023-01-17,0.0020121839037152357,0.99828,0.99452,117.0,-0.003552401604367772,0.99474,0.99459,0.99437,0.99449,120.0,-0.004065229863393581,0.99423,0.99402,0.99445,0.99449,,,,,,
2023-01-18,0.0019356241677371696,0.99052,0.98876,,,,,,,,,,,,,,,,,,
2023-01-19,0.002049184009152349,0.99218,0.99077,135.0,-0.003200099642371192,0.98901,0.98892,0.98902,0.98954,,,,,,,,,,,,
2023-01-20,0.0020772360137786346,0.99768,0.99958,,,,,,,,,,,,,,,,,,
2023-01-23,0.002049741948611441,1.00139,1.00295,,,,,,,,,,,,,,,,,,
2023-01-24,0.00197944416683096,1.00626,1.00406,,,,,,,,,,,,,,,,,,
2023-01-25,0.0019294914896622,1.00292,1.00242,,,,,,,,,,,,,,,,,,
2023-01-26,0.0019052951068612958,0.99918,1.00111,,,,,,,,,,,,,,,,,,
2023-01-27,0.001911301150796744,1.00161,1.00137,,,,,,,,,,,,,,,,,,
2023-01-30,0.0018568689207507298,1.00409,1.00269,,,,,,,,,,,,,,,,,,
2023-01-31,0.0017809091395879174,1.00227,0.99686,102.0,-0.003227888537526026,0.99904,0.99916,0.99907,0.99753,110.0,-0.003898757337751056,0.99837,0.99711,0.99765,0.99775,111.0,-0.005161611555737655,0.99711,0.99758,0.99783,0.99793
2023-02-01,0.001771782810217494,0.99798,0.99916,,,,,,,,,,,,,,,,,,
2023-02-02,0.0019542295004082734,0.99617,0.99639,,,,,,,,,,,,,,,,,,
2023-02-03,0.0019473165090383403,1.00046,1.00058,,,,,,,,,,,,,,,,,,
2023-02-06,0.001926836240072764,0.99606,0.99458,,,,,,,,,,,,,,,,,,
2023-02-07,0.0018499246741446736,0.98995,0.98922,,,,,,,,,,,,,,,,,,
2023-02-08,0.0018670565614759252,0.98716,0.98711,,,,,,,,,,,,,,,,,,
2023-02-09,0.0019358156911724782,0.98844,0.98897,,,,,,,,,,,,,,,,,,
2023-02-10,0.0018872936268821752,0.98753,0.98658,,,,,,,,,,,,,,,,,,
2023-02-13,0.0018676214930519407,0.98585,0.98624,,,,,,,,,,,,,,,,,,
2023-02-14,0.0018220960762389239,0.98724,0.98899,,,,,,,,,,,,,,,,,,
2023-02-15,0.0017927639742750991,0.98753,0.98704,,,,,,,,,,,,,,,,,,
2023-02-16,0.0018129958756873275,0.98745,0.98816,,,,,,,,,,,,,,,,,,
2023-02-17,0.0017921285817961098,0.98967,0.98948,,,,,,,,,,,,,,,,,,
2023-02-20,0.001766232658120134,0.98663,0.98602,,,,,,,,,,,,,,,,,,
2023-02-21,0.00172609755099405,0.98751,0.98767,,,,,,,,,,,,,,,,,,
2023-02-22,0.0017379233620631678,0.98712,0.9878,,,,,,,,,,,,,,,,,,
2023-02-23,0.0017390289179753126,0.98908,0.98886,,,,,,,,,,,,,,,,,,
2023-02-24,0.0017223213338125132,0.9902,0.99146,,,,,,,,,,,,,,,,,,
2023-02-27,0.0017396740842733445,0.99193,0.99294,,,,,,,,,,,,,,,,,,
2023-02-28,0.0017258519767802646,0.99469,0.9941,,,,,,,,,,,,,,,,,,
2023-03-01,0.001715439199399883,1.00127,1.00241,,,,,,,,,,,,,,,,,,
2023-03-02,0.0017789346649384355,0.99808,0.99821,,,,,,,,,,,,,,,,,,
2023-03-03,0.0019329027081152724,0.99583,0.99628,,,,,,,,,,,,,,,,,,
2023-03-06,0.0019486764367161607,0.99574,0.99531,,,,,,,,,,,,,,,,,,
2023-03-07,0.001851646888132211,0.99533,0.99466,,,,,,,,,,,,,,,,,,
2023-03-08,0.0018206725111505077,0.99365,0.99254,,,,,,,,,,,,,,,,,,
2023-03-09,0.001785375509303906,0.99098,0.99034,,,,,,,,,,,,,,,,,,
2023-03-10,0.0017642286074062697,0.98287,0.98026,25.0,-0.002750837173565948,0.98017,0.98035,0.97997,0.97975,,,,,,,,,,,,
2023-03-13,0.0019500348018881748,0.9737,0.97833,100.0,0.003055817142239816,0.97668,0.97674,0.9748,0.9753,180.0,0.004989074361166978,0.97857,,,,180.0,0.004989074361166978,0.97857,,,
2023-03-14,0.0019068644954621209,0.97801,0.98056,120.0,0.0038269843673638267,0.98176,0.98167,0.98138,0.98085,120.0,0.0038269843673638267,0.98176,0.98167,0.98138,0.98085,,,,,,
2023-03-15,0.0019147619610189787,0.97262,0.97814,,,,,,,,,,,,,,,,,,
2023-03-16,0.0019112657544409933,0.98122,0.98669,57.0,0.003093394411715169,0.98426,0.98429,0.98597,0.98597,120.0,0.004829232795428302,0.98597,0.98588,0.98508,0.98584,120.0,0.004829232795428302,0.98597,0.98588,0.98508,0.98584
2023-03-17,0.0019275427358597785,0.9861,0.99068,,,,,,,,,,,,,,,,,,
2023-03-20,0.0018681179856146026,0.99275,0.99304,,,,,,,,,,,,,,,,,,
2023-03-21,0.001791757558553045,0.99631,0.99352,,,,,,,,,,,,,,,,,,
2023-03-22,0.001957491546870794,0.99502,0.9968,,,,,,,,,,,,,,,,,,
2023-03-23,0.0019017151579538902,0.99653,0.99573,,,,,,,,,,,,,,,,,,
2023-03-24,0.0019219292297180117,0.9885,0.98801,,,,,,,,,,,,,,,,,,
2023-03-27,0.001979831302619422,0.98828,0.98862,,,,,,,,,,,,,,,,,,
2023-03-28,0.0018825925049853597,0.99468,0.99746,136.0,0.002841096384989328,0.99751,0.99783,0.99764,0.99695,,,,,,,,,,,,
2023-03-29,0.0018360871130914474,0.99738,0.99549,,,,,,,,,,,,,,,,,,
2023-03-30,0.002101466215056345,0.99591,0.99598,,,,,,,,,,,,,,,,,,
2023-03-31,0.002012036685374549,0.99647,0.99246,180.0,-0.004163320575186406,0.99233,,,,180.0,-0.004163320575186406,0.99233,,,,,,,,,
2023-04-03,0.0019364195949601267,0.99465,0.99431,,,,,,,,,,,,,,,,,,
2023-04-04,0.0018940950462831736,0.99472,0.99333,,,,,,,,,,,,,,,,,,
2023-04-05,0.0018996515991095372,0.98977,0.98834,,,,,,,,,,,,,,,,,,
2023-04-06,0.0018607644032762054,0.98768,0.98784,,,,,,,,,,,,,,,,,,
2023-04-10,0.0018944147494173932,0.98759,0.98756,,,,,,,,,,,,,,,,,,
2023-04-11,0.00180134145563602,0.98769,0.98591,,,,,,,,,,,,,,,,,,
2023-04-12,0.0017734284823124203,0.98451,0.98533,,,,,,,,,,,,,,,,,,
2023-04-13,0.0017696665184302452,0.98022,0.98087,,,,,,,,,,,,,,,,,,
2023-04-14,0.0017469733902084157,0.98267,0.98322,,,,,,,,,,,,,,,,,,
2023-04-17,0.001754828005347073,0.98146,0.98165,,,,,,,,,,,,,,,,,,
2023-04-18,0.0017212862742533427,0.98303,0.98391,,,,,,,,,,,,,,,,,,
2023-04-19,0.0017105496820192933,0.98307,0.98413,,,,,,,,,,,,,,,,,,
2023-04-20,0.001732124640747336,0.98028,0.98113,,,,,,,,,,,,,,,,,,
2023-04-21,0.0017237190140918384,0.97946,0.98046,,,,,,,,,,,,,,,,,,
2023-04-24,0.0017599209993782324,0.97961,0.97989,,,,,,,,,,,,,,,,,,
2023-04-25,0.001727397833669771,0.9791,0.97907,,,,,,,,,,,,,,,,,,
2023-04-26,0.0017147292158093436,0.98221,0.98357,,,,,,,,,,,,,,,,,,
2023-04-27,0.0017218963306044163,0.98615,0.98668,,,,,,,,,,,,,,,,,,
2023-04-28,0.0018580245093509189,0.98367,0.9838,,,,,,,,,,,,,,,,,,
2023-05-01,0.0018159812898596872,0.98388,0.98299,,,,,,,,,,,,,,,,,,
2023-05-02,0.0017557771787489844,0.98371,0.98194,,,,,,,,,,,,,,,,,,
2023-05-03,0.001742144434708046,0.9806,0.9801,,,,,,,,,,,,,,,,,,
2023-05-04,0.0017286926079969037,0.97765,0.97545,176.0,-0.0031348630352600712,0.97459,0.97482,,,,,,,,,,,,,,
2023-05-05,0.0017793159932808942,0.98243,0.98264,,,,,,,,,,,,,,,,,,
2023-05-08,0.0017715141448857439,0.9813,0.98011,,,,,,,,,,,,,,,,,,
2023-05-09,0.0017972866971144987,0.97855,0.97642,,,,,,,,,,,,,,,,,,
2023-05-10,0.0017978286212794272,0.97658,0.9771,,,,,,,,,,,,,,,,,,
2023-05-11,0.001778863620861934,0.97605,0.97716,,,,,,,,,,,,,,,,,,
2023-05-12,0.0017553945126126715,0.97426,0.97405,,,,,,,,,,,,,,,,,,
2023-05-15,0.001762112070692605,0.97487,0.97305,,,,,,,,,,,,,,,,,,
2023-05-16,0.001724661654870538,0.97309,0.97402,,,,,,,,,,,,,,,,,,
2023-05-17,0.0017134591464371166,0.9743,0.97302,,,,,,,,,,,,,,,,,,
2023-05-18,0.001706125277559378,0.97346,0.97477,,,,,,,,,,,,,,,,,,
2023-05-19,0.0017024864631737767,0.97459,0.97248,,,,,,,,,,,,,,,,,,
2023-05-22,0.0016970173947095397,0.96987,0.97135,,,,,,,,,,,,,,,,,,
2023-05-23,0.001704191870168688,0.97176,0.97083,,,,,,,,,,,,,,,,,,
2023-05-24,0.0016987826118293754,0.97395,0.97451,,,,,,,,,,,,,,,,,,
2023-05-25,0.0016933727132847208,0.97118,0.97155,,,,,,,,,,,,,,,,,,
2023-05-26,0.0017108101839935523,0.97034,0.97051,,,,,,,,,,,,,,,,,,
2023-05-29,0.0017091774617215387,0.9679,0.96804,,,,,,,,,,,,,,,,,,
2023-05-30,0.0017040548031651856,0.9691,0.97019,,,,,,,,,,,,,,,,,,
2023-05-31,0.0017318279485550676,0.97198,0.97446,172.0,0.0027534641158261947,0.97466,0.97448,0.97392,,,,,,,,,,,,,
2023-06-01,0.0017566493063142417,0.97295,0.97571,157.0,0.0026379687553412133,0.97552,0.97567,0.97576,0.97549,,,,,,,,,,,,
2023-06-02,0.001752876935653262,0.97496,0.97317,,,,,,,,,,,,,,,,,,
2023-06-05,0.0017359588520315975,0.97311,0.97083,159.0,-0.0026857256022081253,0.9705,0.97063,0.97059,0.97031,,,,,,,,,,,,
2023-06-06,0.0017120988065457549,0.96967,0.97067,,,,,,,,,,,,,,,,,,
2023-06-07,0.0017405885098348852,0.97024,0.9727,,,,,,,,,,,,,,,,,,
2023-06-08,0.001726122130683497,0.97006,0.97036,,,,,,,,,,,,,,,,,,
2023-06-09,0.001771402237609963,0.97109,0.9702,,,,,,,,,,,,,,,,,,
2023-06-12,0.0018171780913958607,0.97481,0.97761,,,,,,,,,,,,,,,,,,
2023-06-13,0.0017662699839219725,0.97829,0.97717,,,,,,,,,,,,,,,,,,
2023-06-14,0.0019453574839233304,0.97513,0.97413,,,,,,,,,,,,,,,,,,
2023-06-15,0.0018899722006761627,0.97575,0.97601,,,,,,,,,,,,,,,,,,
2023-06-16,0.001838847396468968,0.97681,0.97693,,,,,,,,,,,,,,,,,,
2023-06-19,0.0018010929120900803,0.97689,0.97883,147.0,0.002872346206371249,0.9797,0.97966,0.97951,0.97937,,,,,,,,,,,,
2023-06-20,0.0017662251936550724,0.97985,0.98027,,,,,,,,,,,,,,,,,,
2023-06-21,0.0017469969317222606,0.98063,0.98015,,,,,,,,,,,,,,,,,,
2023-06-22,0.0017460258868436285,0.98266,0.98198,,,,,,,,,,,,,,,,,,
2023-06-23,0.0017287780184681671,0.97723,0.97749,,,,,,,,,,,,,,,,,,
2023-06-26,0.001716104546450479,0.97461,0.97603,,,,,,,,,,,,,,,,,,
2023-06-27,0.0017580640472882692,0.97909,0.98014,169.0,0.0027233104522559927,0.98176,0.98213,0.98198,,,,,,,,,,,,,
2023-06-28,0.001739625135737223,0.98172,0.97864,144.0,-0.0026621395443964468,0.97911,0.9792,0.97949,0.97912,178.0,-0.00354087422308535,0.97825,0.97803,,,,,,,,
2023-06-29,0.0017347224730129536,0.97824,0.97748,,,,,,,,,,,,,,,,,,
2023-06-30,0.00172198592982304,0.97839,0.97694,,,,,,,,,,,,,,,,,,
2023-07-03,0.0017234808639988337,0.97997,0.97788,,,,,,,,,,,,,,,,,,
2023-07-04,0.0017034252894539792,0.97589,0.97636,,,,,,,,,,,,,,,,,,
2023-07-05,0.0017003018236866744,0.97787,0.97593,,,,,,,,,,,,,,,,,,
2023-07-06,0.00170313005944062,0.9754,0.97481,,,,,,,,,,,,,,,,,,
2023-07-07,0.001705054994780704,0.97536,0.97439,,,,,,,,,,,,,,,,,,
2023-07-10,0.0017013075092722001,0.97581,0.97468,,,,,,,,,,,,,,,,,,
2023-07-11,0.00169418908148357,0.97007,0.96937,,,,,,,,,,,,,,,,,,
2023-07-12,0.0016962837641914654,0.96733,0.96507,121.0,-0.0029920768580792736,0.96444,0.9643,0.96429,0.96373,128.0,-0.003593643022567042,0.96386,0.96375,0.96409,0.96509,165.0,-0.004278624316150044,0.9632,0.96327,0.96333,
2023-07-13,0.001814418421927769,0.96402,0.96211,,,,,,,,,,,,,,,,,,
2023-07-14,0.0018377650309690666,0.96446,0.96685,120.0,0.003353762666533691,0.9677,0.96788,0.96797,0.96792,129.0,0.0037153796148111855,0.96805,0.96811,0.96809,0.96812,,,,,,
2023-07-17,0.001804202530370384,0.96555,0.96649,,,,,,,,,,,,,,,,,,
2023-07-18,0.0018168441526070726,0.96366,0.96312,,,,,,,,,,,,,,,,,,
2023-07-19,0.001783068973063333,0.96267,0.96236,,,,,,,,,,,,,,,,,,
2023-07-20,0.0018074033008402392,0.96283,0.96564,133.0,0.002727807156396615,0.96546,0.96552,0.96574,0.96547,,,,,,,,,,,,
2023-07-21,0.0017861815586213447,0.96323,0.96281,,,,,,,,,,,,,,,,,,
2023-07-24,0.001813878438473726,0.9588,0.96024,,,,,,,,,,,,,,,,,,
2023-07-25,0.0017615904972946195,0.95885,0.95642,162.0,-0.002725722149799069,0.95624,0.95615,0.95614,0.95658,,,,,,,,,,,,
2023-07-26,0.0017452387259518185,0.9546,0.95504,,,,,,,,,,,,,,,,,,
2023-07-27,0.0019393733016978688,0.953,0.95526,,,,,,,,,,,,,,,,,,
2023-07-28,0.00188219818066324,0.95597,0.95897,,,,,,,,,,,,,,,,,,
2023-07-31,0.0018349297232315058,0.96068,0.95729,140.0,-0.0029814981690107845,0.95782,0.95771,0.95778,0.95745,151.0,-0.0036708004344470856,0.95716,0.95724,0.95729,0.95741,174.0,-0.004621981904816554,0.95625,0.9559,0.95602,
2023-08-01,0.001824180381745548,0.96081,0.96131,,,,,,,,,,,,,,,,,,
2023-08-02,0.0017937654870876776,0.96449,0.96037,144.0,-0.0029905011643662975,0.96161,0.96186,0.96097,0.95998,149.0,-0.003656273224452372,0.96097,0.96088,0.96049,0.95936,155.0,-0.004676596484717922,0.95999,0.96023,0.95998,0.95906
2023-08-03,0.0017844565794593122,0.95786,0.95723,,,,,,,,,,,,,,,,,,
2023-08-04,0.0017615950404709065,0.95983,0.96138,,,,,,,,,,,,,,,,,,
2023-08-07,0.0017607563483014723,0.96216,0.96156,,,,,,,,,,,,,,,,,,
2023-08-08,0.0017717063033960122,0.9599,0.95902,,,,,,,,,,,,,,,,,,
2023-08-09,0.001772163939945033,0.96242,0.9624,,,,,,,,,,,,,,,,,,
2023-08-10,0.001750578451094785,0.9617,0.96239,,,,,,,,,,,,,,,,,,
2023-08-11,0.0017794175659490274,0.96167,0.96033,,,,,,,,,,,,,,,,,,
2023-08-14,0.0017553078294025666,0.96057,0.95823,169.0,-0.0026373275094472544,0.95804,0.9581,0.95843,,,,,,,,,,,,,
2023-08-15,0.0017613106855749474,0.95867,0.95826,,,,,,,,,,,,,,,,,,
2023-08-16,0.0017631077965137886,0.96038,0.958,,,,,,,,,,,,,,,,,,
2023-08-17,0.0017465563045608657,0.95574,0.95605,,,,,,,,,,,,,,,,,,
2023-08-18,0.0017379358493522208,0.95679,0.95872,,,,,,,,,,,,,,,,,,
2023-08-21,0.0017274991541768644,0.95912,0.95803,,,,,,,,,,,,,,,,,,
2023-08-22,0.0017490821594480575,0.95588,0.95442,,,,,,,,,,,,,,,,,,
2023-08-23,0.0017486631439476478,0.95259,0.95422,,,,,,,,,,,,,,,,,,
2023-08-24,0.0017477699956887336,0.95603,0.95543,,,,,,,,,,,,,,,,,,
2023-08-25,0.0017529231590559416,0.95618,0.95562,,,,,,,,,,,,,,,,,,
2023-08-28,0.0017670973017815655,0.9561,0.95466,,,,,,,,,,,,,,,,,,
2023-08-29,0.0017394481665894065,0.95626,0.95472,,,,,,,,,,,,,,,,,,
2023-08-30,0.0017431666406152047,0.95631,0.95834,,,,,,,,,,,,,,,,,,
2023-08-31,0.0017371772452805657,0.95783,0.95794,,,,,,,,,,,,,,,,,,
2023-09-01,0.001795581573842097,0.95701,0.95538,,,,,,,,,,,,,,,,,,
2023-09-04,0.0017742528996877724,0.95438,0.95477,,,,,,,,,,,,,,,,,,
2023-09-05,0.001785584040376162,0.95425,0.95334,,,,,,,,,,,,,,,,,,
2023-09-06,0.0017664825643632258,0.95626,0.95598,,,,,,,,,,,,,,,,,,
2023-09-07,0.0017477756502075395,0.95552,0.95549,,,,,,,,,,,,,,,,,,
2023-09-08,0.0017452612216736134,0.95405,0.9562,,,,,,,,,,,,,,,,,,
2023-09-11,0.0017330682894550029,0.95606,0.95727,,,,,,,,,,,,,,,,,,
2023-09-12,0.0017142354501458357,0.95582,0.95597,,,,,,,,,,,,,,,,,,
2023-09-13,0.001724693862398792,0.9586,0.95819,,,,,,,,,,,,,,,,,,
2023-09-14,0.001716684085138891,0.95888,0.95392,17.0,-0.0031335545496988196,0.95588,0.95611,0.9563,0.95565,34.0,-0.003646302628971214,0.95539,0.95529,0.95537,0.95599,81.0,-0.004368781705887607,0.9547,0.9549,0.95496,0.9545
2023-09-15,0.0017093305925825943,0.95528,0.95615,,,,,,,,,,,,,,,,,,
2023-09-18,0.0018192461848218545,0.9563,0.95867,,,,,,,,,,,,,,,,,,
2023-09-19,0.0018030113590612768,0.95923,0.9591,,,,,,,,,,,,,,,,,,
2023-09-20,0.001794596790905245,0.96014,0.95913,,,,,,,,,,,,,,,,,,
2023-09-21,0.0017678358790756442,0.96278,0.96298,,,,,,,,,,,,,,,,,,
2023-09-22,0.0017668195164093202,0.96419,0.96623,,,,,,,,,,,,,,,,,,
2023-09-25,0.001907154031726295,0.96753,0.96572,,,,,,,,,,,,,,,,,,
2023-09-26,0.0018313363872108836,0.96754,0.96687,,,,,,,,,,,,,,,,,,
2023-09-27,0.0017954318176931642,0.96832,0.96674,,,,,,,,,,,,,,,,,,
2023-09-28,0.0017844605772856243,0.96791,0.96785,,,,,,,,,,,,,,,,,,
2023-09-29,0.0017627740432529797,0.96681,0.96744,,,,,,,,,,,,,,,,,,
2023-10-02,0.0017442653143289208,0.96335,0.96365,,,,,,,,,,,,,,,,,,
2023-10-03,0.0017192552462287735,0.96604,0.96433,,,,,,,,,,,,,,,,,,
2023-10-04,0.001850520025953971,0.96345,0.96349,,,,,,,,,,,,,,,,,,
2023-10-05,0.001839284569700757,0.96223,0.96231,,,,,,,,,,,,,,,,,,
2023-10-06,0.0018278914508321142,0.96289,0.96215,,,,,,,,,,,,,,,,,,
2023-10-09,0.001796752730949853,0.95786,0.95702,,,,,,,,,,,,,,,,,,
2023-10-10,0.0017735495586350123,0.95913,0.95976,,,,,,,,,,,,,,,,,,
2023-10-11,0.0018098739378434013,0.95771,0.95794,,,,,,,,,,,,,,,,,,
2023-10-12,0.0018072717669713253,0.95577,0.95658,,,,,,,,,,,,,,,,,,
2023-10-13,0.0017923336494259097,0.95478,0.94677,128.0,-0.0027058506897290396,0.9522,0.95203,0.9515,0.9513,134.0,-0.0038301960346984495,0.95113,0.95111,0.95154,0.9508,152.0,-0.004503306355545115,0.95049,0.95052,0.95053,0.95131
2023-10-16,0.0017673761147619477,0.9504,0.94967,,,,,,,,,,,,,,,,,,
2023-10-17,0.001986315398127567,0.95145,0.95295,,,,,,,,,,,,,,,,,,
2023-10-18,0.0019246470158571572,0.94932,0.94631,99.0,-0.002911578738925136,0.94656,0.94642,0.9463,0.94629,130.0,-0.004317654697803184,0.94523,0.9452,0.94504,0.94711,,,,,,
2023-10-19,0.0018719299167044444,0.94736,0.94681,,,,,,,,,,,,,,,,,,
2023-10-20,0.001888143830577786,0.94399,0.94468,,,,,,,,,,,,,,,,,,
2023-10-23,0.0018992850999299147,0.94642,0.94946,,,,,,,,,,,,,,,,,,
2023-10-24,0.0018221977184331866,0.94983,0.94645,155.0,-0.0029205720615831142,0.94706,0.94724,0.94723,0.94651,,,,,,,,,,,,
2023-10-25,0.00190135447878766,0.94724,0.94734,,,,,,,,,,,,,,,,,,
2023-10-26,0.001925265352604546,0.9462,0.94738,,,,,,,,,,,,,,,,,,
2023-10-27,0.001868497064794041,0.95001,0.95543,64.0,0.002911516201742669,0.95278,0.95286,0.952,0.9529,92.0,0.00395004137965981,0.95377,0.95449,0.95418,0.95375,93.0,0.004704655566580389,0.95449,0.95428,0.95397,0.9537
2023-10-30,0.0018424799568928845,0.95697,0.95711,,,,,,,,,,,,,,,,,,
2023-10-31,0.0018336842177399885,0.96116,0.9609,,,,,,,,,,,,,,,,,,
2023-11-01,0.0018241625161273028,0.957,0.95891,,,,,,,,,,,,,,,,,,
2023-11-02,0.0019001853114823091,0.96214,0.96165,,,,,,,,,,,,,,,,,,
2023-11-03,0.001936631063393739,0.96277,0.9636,,,,,,,,,,,,,,,,,,
2023-11-06,0.0019956856848148004,0.96447,0.96387,,,,,,,,,,,,,,,,,,
2023-11-07,0.0018750528119366849,0.96161,0.96236,,,,,,,,,,,,,,,,,,
2023-11-08,0.0018309670927104309,0.96056,0.96291,,,,,,,,,,,,,,,,,,
2023-11-09,0.0018004422200835644,0.96377,0.96393,,,,,,,,,,,,,,,,,,
2023-11-10,0.001772390447515756,0.96365,0.9637,,,,,,,,,,,,,,,,,,
2023-11-13,0.0017561964687512219,0.96487,0.96474,,,,,,,,,,,,,,,,,,
2023-11-14,0.0017287641292424813,0.96663,0.96788,,,,,,,,,,,,,,,,,,
2023-11-15,0.001721932903977501,0.96373,0.96322,,,,,,,,,,,,,,,,,,
2023-11-16,0.0017226184836629937,0.96549,0.9643,,,,,,,,,,,,,,,,,,
2023-11-17,0.0017704906723418582,0.96427,0.9654,,,,,,,,,,,,,,,,,,
2023-11-20,0.001756159020366541,0.96675,0.96783,,,,,,,,,,,,,,,,,,
2023-11-21,0.00173410720705107,0.96634,0.96486,,,,,,,,,,,,,,,,,,
2023-11-22,0.0017538520681910767,0.96345,0.9623,,,,,,,,,,,,,,,,,,
2023-11-23,0.0017983124973669621,0.96361,0.96374,,,,,,,,,,,,,,,,,,
2023-11-24,0.0017764067944159,0.96413,0.9643,,,,,,,,,,,,,,,,,,
2023-11-27,0.0017601108969551318,0.96308,0.9637,,,,,,,,,,,,,,,,,,
2023-11-28,0.0017405263052638338,0.96436,0.96419,,,,,,,,,,,,,,,,,,
2023-11-29,0.001736725704003942,0.96162,0.95969,,,,,,,,,,,,,,,,,,
2023-11-30,0.0017244395926011358,0.95532,0.95269,98.0,-0.0026308495204408985,0.95281,0.9529,0.95222,0.95099,106.0,-0.0036073864623117303,0.95188,0.95192,0.95097,0.94904,110.0,-0.0044376675969415615,0.95109,0.95097,0.95059,0.95046
2023-12-01,0.0019088575551654049,0.95245,0.94713,61.0,-0.0030494240244529954,0.94955,0.94954,0.94942,0.94848,64.0,-0.0038501236257933533,0.94879,0.9492,0.94866,0.9483,87.0,-0.00498906390182463,0.94771,0.9477,0.94755,0.94754
2023-12-04,0.0019087776665962734,0.94713,0.94467,70.0,-0.0034267254396676437,0.94389,0.94432,0.94447,0.9448,,,,,,,,,,,,
2023-12-05,0.002017778274768508,0.94555,0.94409,,,,,,,,,,,,,,,,,,
2023-12-06,0.0019408625253870995,0.94302,0.94304,,,,,,,,,,,,,,,,,,
2023-12-07,0.0018876980450597924,0.94441,0.94507,,,,,,,,,,,,,,,,,,
2023-12-08,0.0018615749018553662,0.94529,0.94718,,,,,,,,,,,,,,,,,,
2023-12-11,0.001836298203681109,0.94741,0.94547,117.0,-0.002779849479834587,0.94478,0.94463,0.94493,0.94511,,,,,,,,,,,,
2023-12-12,0.0017998832130471083,0.94513,0.94523,,,,,,,,,,,,,,,,,,
2023-12-13,0.001805945757194989,0.94532,0.94581,,,,,,,,,,,,,,,,,,
2023-12-14,0.0017769898946404072,0.9519,0.95073,175.0,-0.0027772535682320304,0.94926,0.94928,0.94995,,,,,,,,,,,,,
2023-12-15,0.0017746568048798985,0.9488,0.94754,117.0,-0.0027969093934015017,0.94615,0.94598,0.94582,0.94609,,,,,,,,,,,,
2023-12-18,0.0018811731352268212,0.94762,0.94815,,,,,,,,,,,,,,,,,,
2023-12-19,0.0018576517695081726,0.94687,0.94573,89.0,-0.0027920276188374885,0.94423,0.94439,0.94464,0.9443,,,,,,,,,,,,
2023-12-20,0.0018318755576024533,0.94495,0.94419,,,,,,,,,,,,,,,,,,
2023-12-21,0.0018146587817612818,0.94293,0.94269,,,,,,,,,,,,,,,,,,
2023-12-22,0.0017856030463993776,0.94075,0.94282,,,,,,,,,,,,,,,,,,
2023-12-26,0.001766913324622841,0.9426,0.94365,,,,,,,,,,,,,,,,,,
2023-12-27,0.0017213866023106943,0.94212,0.9369,120.0,-0.0030935586215603008,0.93921,0.93918,0.93901,0.93815,126.0,-0.0048305674609470176,0.93758,0.93799,0.93808,0.93782,126.0,-0.0048305674609470176,0.93758,0.93799,0.93808,0.93782
2023-12-28,0.0017150575085652991,0.9297,0.93084,57.0,-0.002627952572211796,0.92726,0.92723,0.92766,0.92692,85.0,-0.003545052228111624,0.92641,0.92643,0.92624,0.92801,,,,,,
2023-12-29,0.002056792452549942,0.92776,0.92871,122.0,0.003432491493613578,0.93095,0.9307,0.93005,0.93011,,,,,,,,,,,,
