date,sigma,open,exit_px,t_1.5,disp_1.5,px_1.5_d0,px_1.5_d1,px_1.5_d5,px_1.5_d15,t_2.0,disp_2.0,px_2.0_d0,px_2.0_d1,px_2.0_d5,px_2.0_d15,t_2.5,disp_2.5,px_2.5_d0,px_2.5_d1,px_2.5_d5,px_2.5_d15
2011-01-03,,0.861,0.8634,,,,,,,,,,,,,,,,,,
2011-01-04,,0.858,0.8538,,,,,,,,,,,,,,,,,,
2011-01-05,,0.8486,0.8501,,,,,,,,,,,,,,,,,,
2011-01-06,,0.8454,0.8405,,,,,,,,,,,,,,,,,,
2011-01-07,,0.8368,0.8313,,,,,,,,,,,,,,,,,,
2011-01-10,,0.8317,0.8311,,,,,,,,,,,,,,,,,,
2011-01-11,,0.8313,0.8304,,,,,,,,,,,,,,,,,,
2011-01-12,,0.8316,0.8308,,,,,,,,,,,,,,,,,,
2011-01-13,,0.8385,0.8418,,,,,,,,,,,,,,,,,,
2011-01-14,,0.842,0.8403,,,,,,,,,,,,,,,,,,
2011-01-17,,0.8351,0.8366,,,,,,,,,,,,,,,,,,
2011-01-18,,0.8371,0.8368,,,,,,,,,,,,,,,,,,
2011-01-19,,0.8441,0.8431,,,,,,,,,,,,,,,,,,
2011-01-20,,0.8423,0.8469,,,,,,,,,,,,,,,,,,
2011-01-21,,0.8469,0.8498,,,,,,,,,,,,,,,,,,
2011-01-24,,0.853,0.8527,,,,,,,,,,,,,,,,,,
2011-01-25,,0.8626,0.8627,,,,,,,,,,,,,,,,,,
2011-01-26,,0.8618,0.8617,,,,,,,,,,,,,,,,,,
2011-01-27,,0.86,0.8607,,,,,,,,,,,,,,,,,,
2011-01-28,,0.861,0.859,,,,,,,,,,,,,,,,,,
2011-01-31,,0.861,0.8543,,,,,,,,,,,,,,,,,,
2011-02-01,,0.8535,0.8565,,,,,,,,,,,,,,,,,,
2011-02-02,,0.8521,0.8527,,,,,,,,,,,,,,,,,,
2011-02-03,,0.8445,0.8449,,,,,,,,,,,,,,,,,,
2011-02-04,,0.8449,0.8435,,,,,,,,,,,,,,,,,,
2011-02-07,,0.8394,0.8414,,,,,,,,,,,,,,,,,,
2011-02-08,,0.8484,0.849,,,,,,,,,,,,,,,,,,
2011-02-09,,0.8517,0.8517,,,,,,,,,,,,,,,,,,
2011-02-10,,0.8486,0.8449,,,,,,,,,,,,,,,,,,
2011-02-11,,0.8459,0.8449,,,,,,,,,,,,,,,,,,
2011-02-14,,0.8409,0.8417,,,,,,,,,,,,,,,,,,
2011-02-15,,0.8371,0.8372,,,,,,,,,,,,,,,,,,
2011-02-16,,0.8416,0.8434,,,,,,,,,,,,,,,,,,
2011-02-17,,0.8411,0.8405,,,,,,,,,,,,,,,,,,
2011-02-18,,0.8396,0.842,,,,,,,,,,,,,,,,,,
2011-02-21,,0.8422,0.843,,,,,,,,,,,,,,,,,,
2011-02-22,,0.8461,0.8466,,,,,,,,,,,,,,,,,,
2011-02-23,,0.846,0.8488,,,,,,,,,,,,,,,,,,
2011-02-24,,0.8504,0.8552,,,,,,,,,,,,,,,,,,
2011-02-25,,0.854,0.8544,,,,,,,,,,,,,,,,,,
2011-02-28,,0.8527,0.8485,,,,,,,,,,,,,,,,,,
2011-03-01,,0.8493,0.848,,,,,,,,,,,,,,,,,,
2011-03-02,,0.8489,0.8494,,,,,,,,,,,,,,,,,,
2011-03-03,,0.8554,0.857,,,,,,,,,,,,,,,,,,
2011-03-04,,0.8588,0.8602,,,,,,,,,,,,,,,,,,
2011-03-07,,0.8613,0.8622,,,,,,,,,,,,,,,,,,
2011-03-08,,0.8604,0.8607,,,,,,,,,,,,,,,,,,
2011-03-09,,0.8582,0.8579,,,,,,,,,,,,,,,,,,
2011-03-10,,0.8588,0.8603,,,,,,,,,,,,,,,,,,
2011-03-11,,0.8611,0.864,,,,,,,,,,,,,,,,,,
2011-03-14,,0.8668,0.8638,,,,,,,,,,,,,,,,,,
2011-03-15,,0.8665,0.8692,,,,,,,,,,,,,,,,,,
2011-03-16,,0.8673,0.8681,,,,,,,,,,,,,,,,,,
2011-03-17,,0.869,0.8686,,,,,,,,,,,,,,,,,,
2011-03-18,,0.8744,0.8735,,,,,,,,,,,,,,,,,,
2011-03-21,,0.8708,0.8712,,,,,,,,,,,,,,,,,,
2011-03-22,,0.8694,0.8668,,,,,,,,,,,,,,,,,,
2011-03-23,,0.8691,0.869,,,,,,,,,,,,,,,,,,
2011-03-24,,0.8735,0.878,,,,,,,,,,,,,,,,,,
2011-03-25,,0.8791,0.8791,,,,,,,,,,,,,,,,,,
2011-03-28,,0.8781,0.8802,,,,,,,,,,,,,,,,,,
2011-03-29,,0.8811,0.8812,,,,,,,,,,,,,,,,,,
2011-03-30,,0.8787,0.8788,,,,,,,,,,,,,,,,,,
2011-03-31,,0.8842,0.8839,,,,,,,,,,,,,,,,,,
2011-04-01,,0.8817,0.8809,,,,,,,,,,,,,,,,,,
2011-04-04,,0.8805,0.8814,,,,,,,,,,,,,,,,,,
2011-04-05,,0.8725,0.8741,,,,,,,,,,,,,,,,,,
2011-04-06,,0.877,0.8784,,,,,,,,,,,,,,,,,,
2011-04-07,,0.8756,0.876,,,,,,,,,,,,,,,,,,
2011-04-08,,0.8808,0.8833,,,,,,,,,,,,,,,,,,
2011-04-11,,0.8827,0.8821,,,,,,,,,,,,,,,,,,
2011-04-12,,0.888,0.8887,,,,,,,,,,,,,,,,,,
2011-04-13,,0.8903,0.8891,,,,,,,,,,,,,,,,,,
2011-04-14,,0.8813,0.8845,,,,,,,,,,,,,,,,,,
2011-04-15,,0.8837,0.8846,,,,,,,,,,,,,,,,,,
2011-04-18,,0.877,0.8754,,,,,,,,,,,,,,,,,,
2011-04-19,,0.8776,0.8778,,,,,,,,,,,,,,,,,,
2011-04-20,,0.8864,0.8845,,,,,,,,,,,,,,,,,,
2011-04-21,,0.8819,0.88,,,,,,,,,,,,,,,,,,
2011-04-22,,0.8805,0.8805,,,,,,,,,,,,,,,,,,
2011-04-25,,0.8836,0.8837,,,,,,,,,,,,,,,,,,
2011-04-26,,0.8862,0.888,,,,,,,,,,,,,,,,,,
2011-04-27,,0.8865,0.8868,,,,,,,,,,,,,,,,,,
2011-04-28,,0.8884,0.8886,,,,,,,,,,,,,,,,,,
2011-04-29,,0.8918,0.8874,,,,,,,,,,,,,,,,,,
2011-05-02,,0.889,0.8909,,,,,,,,,,,,,,,,,,
2011-05-03,,0.8963,0.8994,,,,,,,,,,,,,,,,,,
2011-05-04,,0.8995,0.8993,,,,,,,,,,,,,,,,,,
2011-05-05,,0.8986,0.8877,,,,,,,,,,,,,,,,,,
2011-05-06,,0.884,0.8828,,,,,,,,,,,,,,,,,,
2011-05-09,,0.8795,0.8753,,,,,,,,,,,,,,,,,,
2011-05-10,,0.8785,0.879,,,,,,,,,,,,,,,,,,
2011-05-11,,0.8712,0.8691,,,,,,,,,,,,,,,,,,
2011-05-12,,0.8706,0.8736,,,,,,,,,,,,,,,,,,
2011-05-13,,0.8782,0.8741,,,,,,,,,,,,,,,,,,
2011-05-16,,0.8718,0.8753,,,,,,,,,,,,,,,,,,
2011-05-17,,0.8729,0.8735,,,,,,,,,,,,,,,,,,
2011-05-18,,0.8809,0.8835,,,,,,,,,,,,,,,,,,
2011-05-19,,0.8799,0.881,,,,,,,,,,,,,,,,,,
2011-05-20,,0.8764,0.8737,,,,,,,,,,,,,,,,,,
2011-05-23,,0.8701,0.8702,,,,,,,,,,,,,,,,,,
2011-05-24,,0.872,0.8714,,,,,,,,,,,,,,,,,,
2011-05-25,,0.8672,0.8661,,,,,,,,,,,,,,,,,,
2011-05-26,,0.8691,0.8618,,,,,,,,,,,,,,,,,,
2011-05-27,,0.8663,0.8659,,,,,,,,,,,,,,,,,,
2011-05-30,,0.8674,0.8672,,,,,,,,,,,,,,,,,,
2011-05-31,,0.8715,0.8744,,,,,,,,,,,,,,,,,,
2011-06-01,,0.8775,0.8807,,,,,,,,,,,,,,,,,,
2011-06-02,,0.8828,0.8835,,,,,,,,,,,,,,,,,,
2011-06-03,,0.8877,0.8904,,,,,,,,,,,,,,,,,,
2011-06-06,,0.8901,0.8932,,,,,,,,,,,,,,,,,,
2011-06-07,,0.8924,0.8923,,,,,,,,,,,,,,,,,,
2011-06-08,,0.8933,0.8905,,,,,,,,,,,,,,,,,,
2011-06-09,,0.8898,0.887,,,,,,,,,,,,,,,,,,
2011-06-10,,0.8877,0.8838,,,,,,,,,,,,,,,,,,
2011-06-13,,0.8813,0.8809,,,,,,,,,,,,,,,,,,
2011-06-14,,0.8808,0.8831,,,,,,,,,,,,,,,,,,
2011-06-15,,0.8794,0.8768,,,,,,,,,,,,,,,,,,
2011-06-16,,0.8752,0.8773,,,,,,,,,,,,,,,,,,
2011-06-17,,0.8831,0.8849,,,,,,,,,,,,,,,,,,
2011-06-20,,0.8792,0.8834,,,,,,,,,,,,,,,,,,
2011-06-21,,0.887,0.887,,,,,,,,,,,,,,,,,,
2011-06-22,,0.8928,0.8924,,,,,,,,,,,,,,,,,,
2011-06-23,,0.8891,0.8866,,,,,,,,,,,,,,,,,,
2011-06-24,,0.887,0.8876,,,,,,,,,,,,,,,,,,
2011-06-27,,0.8893,0.8941,,,,,,,,,,,,,,,,,,
2011-06-28,,0.8937,0.8972,,,,,,,,,,,,,,,,,,
2011-06-29,,0.8988,0.898,,,,,,,,,,,,,,,,,,
2011-06-30,,0.9026,0.9036,,,,,,,,,,,,,,,,,,
2011-07-01,,0.9049,0.9025,,,,,,,,,,,,,,,,,,
2011-07-04,,0.902,0.9024,,,,,,,,,,,,,,,,,,
2011-07-05,,0.8977,0.8994,,,,,,,,,,,,,,,,,,
2011-07-06,,0.8952,0.8954,,,,,,,,,,,,,,,,,,
2011-07-07,,0.8923,0.8984,,,,,,,,,,,,,,,,,,
2011-07-08,,0.8929,0.889,,,,,,,,,,,,,,,,,,
2011-07-11,,0.8811,0.8807,,,,,,,,,,,,,,,,,,
2011-07-12,,0.8829,0.879,,,,,,,,,,,,,,,,,,
2011-07-13,,0.8815,0.8793,,,,,,,,,,,,,,,,,,
2011-07-14,,0.8807,0.8794,,,,,,,,,,,,,,,,,,
2011-07-15,,0.8779,0.8771,,,,,,,,,,,,,,,,,,
2011-07-18,,0.8741,0.8763,,,,,,,,,,,,,,,,,,
2011-07-19,,0.8787,0.8771,,,,,,,,,,,,,,,,,,
2011-07-20,,0.8805,0.8792,,,,,,,,,,,,,,,,,,
2011-07-21,,0.8774,0.8817,,,,,,,,,,,,,,,,,,
2011-07-22,,0.882,0.8803,,,,,,,,,,,,,,,,,,
2011-07-25,,0.882,0.8815,,,,,,,,,,,,,,,,,,
2011-07-26,,0.8829,0.8842,,,,,,,,,,,,,,,,,,
2011-07-27,,0.883,0.8784,,,,,,,,,,,,,,,,,,
2011-07-28,,0.8747,0.8752,,,,,,,,,,,,,,,,,,
2011-07-29,,0.8752,0.8743,,,,,,,,,,,,,,,,,,
2011-08-01,,0.879,0.8729,,,,,,,,,,,,,,,,,,
2011-08-02,,0.8718,0.8738,,,,,,,,,,,,,,,,,,
2011-08-03,,0.8732,0.8725,,,,,,,,,,,,,,,,,,
2011-08-04,,0.8716,0.8679,,,,,,,,,,,,,,,,,,
2011-08-05,,0.8695,0.8649,,,,,,,,,,,,,,,,,,
2011-08-08,,0.8683,0.8706,,,,,,,,,,,,,,,,,,
2011-08-09,,0.8731,0.8794,,,,,,,,,,,,,,,,,,
2011-08-10,,0.8841,0.8775,,,,,,,,,,,,,,,,,,
2011-08-11,,0.8757,0.8766,,,,,,,,,,,,,,,,,,
2011-08-12,,0.877,0.8743,,,,,,,,,,,,,,,,,,
2011-08-15,,0.8771,0.8818,,,,,,,,,,,,,,,,,,
2011-08-16,,0.8776,0.8781,,,,,,,,,,,,,,,,,,
2011-08-17,,0.8778,0.8702,,,,,,,,,,,,,,,,,,
2011-08-18,,0.8702,0.8685,,,,,,,,,,,,,,,,,,
2011-08-19,,0.87,0.8707,,,,,,,,,,,,,,,,,,
2011-08-22,,0.8732,0.8742,,,,,,,,,,,,,,,,,,
2011-08-23,,0.876,0.8738,,,,,,,,,,,,,,,,,,
2011-08-24,,0.8765,0.8793,,,,,,,,,,,,,,,,,,
2011-08-25,,0.8818,0.8827,,,,,,,,,,,,,,,,,,
2011-08-26,,0.8855,0.8859,,,,,,,,,,,,,,,,,,
2011-08-29,,0.8846,0.8847,,,,,,,,,,,,,,,,,,
2011-08-30,,0.8836,0.8866,,,,,,,,,,,,,,,,,,
2011-08-31,,0.8855,0.8854,,,,,,,,,,,,,,,,,,
2011-09-01,,0.8805,0.8827,,,,,,,,,,,,,,,,,,
2011-09-02,,0.8788,0.8771,,,,,,,,,,,,,,,,,,
2011-09-05,,0.875,0.8755,,,,,,,,,,,,,,,,,,
2011-09-06,,0.8778,0.8773,,,,,,,,,,,,,,,,,,
2011-09-07,,0.878,0.8814,,,,,,,,,,,,,,,,,,
2011-09-08,,0.8766,0.8703,,,,,,,,,,,,,,,,,,
2011-09-09,,0.8658,0.861,,,,,,,,,,,,,,,,,,
2011-09-12,,0.8589,0.8622,,,,,,,,,,,,,,,,,,
2011-09-13,,0.8639,0.8653,,,,,,,,,,,,,,,,,,
2011-09-14,,0.8689,0.8692,,,,,,,,,,,,,,,,,,
2011-09-15,,0.8726,0.8765,,,,,,,,,,,,,,,,,,
2011-09-16,,0.8732,0.872,,,,,,,,,,,,,,,,,,
2011-09-19,,0.8683,0.8699,,,,,,,,,,,,,,,,,,
2011-09-20,,0.8719,0.8711,,,,,,,,,,,,,,,,,,
2011-09-21,,0.8727,0.8784,,,,,,,,,,,,,,,,,,
2011-09-22,,0.8735,0.8756,,,,,,,,,,,,,,,,,,
2011-09-23,,0.8723,0.8735,,,,,,,,,,,,,,,,,,
2011-09-26,,0.8702,0.8688,,,,,,,,,,,,,,,,,,
2011-09-27,,0.8698,0.8675,,,,,,,,,,,,,,,,,,
2011-09-28,,0.8712,0.8708,,,,,,,,,,,,,,,,,,
2011-09-29,,0.8698,0.8697,,,,,,,,,,,,,,,,,,
2011-09-30,,0.8661,0.8606,,,,,,,,,,,,,,,,,,
2011-10-03,,0.86,0.8583,,,,,,,,,,,,,,,,,,
2011-10-04,,0.8564,0.8632,,,,,,,,,,,,,,,,,,
2011-10-05,,0.8628,0.8632,,,,,,,,,,,,,,,,,,
2011-10-06,,0.8679,0.8705,,,,,,,,,,,,,,,,,,
2011-10-07,,0.8648,0.8641,,,,,,,,,,,,,,,,,,
2011-10-10,,0.8679,0.8726,,,,,,,,,,,,,,,,,,
2011-10-11,,0.87,0.8759,,,,,,,,,,,,,,,,,,
2011-10-12,,0.875,0.8756,,,,,,,,,,,,,,,,,,
2011-10-13,,0.8754,0.8727,,,,,,,,,,,,,,,,,,
2011-10-14,,0.8741,0.8765,,,,,,,,,,,,,,,,,,
2011-10-17,,0.8742,0.8723,,,,,,,,,,,,,,,,,,
2011-10-18,,0.8695,0.876,,,,,,,,,,,,,,,,,,
2011-10-19,,0.8744,0.8717,,,,,,,,,,,,,,,,,,
2011-10-20,,0.8736,0.8693,,,,,,,,,,,,,,,,,,
2011-10-21,,0.8683,0.8699,,,,,,,,,,,,,,,,,,
2011-10-24,,0.8687,0.8712,,,,,,,,,,,,,,,,,,
2011-10-25,,0.8707,0.8696,,,,,,,,,,,,,,,,,,
2011-10-26,,0.8718,0.8697,,,,,,,,,,,,,,,,,,
2011-10-27,,0.8768,0.8815,,,,,,,,,,,,,,,,,,
2011-10-28,,0.8791,0.8781,,,,,,,,,,,,,,,,,,
2011-10-31,,0.8744,0.8642,,,,,,,,,,,,,,,,,,
2011-11-01,,0.8598,0.8572,,,,,,,,,,,,,,,,,,
2011-11-02,,0.8612,0.8636,,,,,,,,,,,,,,,,,,
2011-11-03,,0.8622,0.8608,,,,,,,,,,,,,,,,,,
2011-11-04,,0.8632,0.8585,,,,,,,,,,,,,,,,,,
2011-11-07,,0.8573,0.8574,,,,,,,,,,,,,,,,,,
2011-11-08,,0.8577,0.8568,,,,,,,,,,,,,,,,,,
2011-11-09,,0.8535,0.852,,,,,,,,,,,,,,,,,,
2011-11-10,,0.8542,0.8533,,,,,,,,,,,,,,,,,,
2011-11-11,,0.8567,0.856,,,,,,,,,,,,,,,,,,
2011-11-14,,0.8562,0.8566,,,,,,,,,,,,,,,,,,
2011-11-15,,0.8537,0.8551,,,,,,,,,,,,,,,,,,
2011-11-16,,0.8544,0.8575,,,,,,,,,,,,,,,,,,
2011-11-17,,0.8554,0.8544,,,,,,,,,,,,,,,,,,
2011-11-18,,0.858,0.8555,,,,,,,,,,,,,,,,,,
2011-11-21,,0.8615,0.8629,,,,,,,,,,,,,,,,,,
2011-11-22,,0.8657,0.8633,,,,,,,,,,,,,,,,,,
2011-11-23,,0.8601,0.8604,,,,,,,,,,,,,,,,,,
2011-11-24,,0.86,0.861,,,,,,,,,,,,,,,,,,
2011-11-25,,0.8548,0.8574,,,,,,,,,,,,,,,,,,
2011-11-28,,0.8591,0.8583,,,,,,,,,,,,,,,,,,
2011-11-29,,0.8537,0.8538,,,,,,,,,,,,,,,,,,
2011-11-30,,0.8585,0.8557,,,,,,,,,,,,,,,,,,
2011-12-01,,0.8578,0.8569,,,,,,,,,,,,,,,,,,
2011-12-02,,0.86,0.8588,,,,,,,,,,,,,,,,,,
2011-12-05,,0.85875,0.85844,,,,,,,,,,,,,,,,,,
2011-12-06,,0.85686,0.85989,,,,,,,,,,,,,,,,,,
2011-12-07,,0.85431,0.85466,,,,,,,,,,,,,,,,,,
2011-12-08,,0.85046,0.85309,,,,,,,,,,,,,,,,,,
2011-12-09,,0.85322,0.85472,,,,,,,,,,,,,,,,,,
2011-12-12,,0.84779,0.84662,,,,,,,,,,,,,,,,,,
2011-12-13,,0.84609,0.84253,,,,,,,,,,,,,,,,,,
2011-12-14,,0.83942,0.83987,,,,,,,,,,,,,,,,,,
2011-12-15,,0.84055,0.83944,,,,,,,,,,,,,,,,,,
2011-12-16,,0.84029,0.83951,,,,,,,,,,,,,,,,,,
2011-12-19,,0.83868,0.83845,,,,,,,,,,,,,,,,,,
2011-12-20,,0.83594,0.83539,,,,,,,,,,,,,,,,,,
2011-12-21,,0.83169,0.8331,,,,,,,,,,,,,,,,,,
2011-12-22,,0.83232,0.83282,,,,,,,,,,,,,,,,,,
2011-12-23,,0.83234,0.83533,,,,,,,,,,,,,,,,,,
2011-12-26,,0.83637,0.83598,,,,,,,,,,,,,,,,,,
2011-12-27,,0.83419,0.83463,,,,,,,,,,,,,,,,,,
2011-12-28,,0.83606,0.83574,,,,,,,,,,,,,,,,,,
2011-12-29,,0.83602,0.84051,,,,,,,,,,,,,,,,,,
2011-12-30,,0.83445,0.83536,,,,,,,,,,,,,,,,,,
2012-01-02,,0.83491,0.83369,,,,,,,,,,,,,,,,,,
2012-01-03,,0.83658,0.83385,,,,,,,,,,,,,,,,,,
2012-01-04,,0.82904,0.82827,,,,,,,,,,,,,,,,,,
2012-01-05,,0.82673,0.82576,,,,,,,,,,,,,,,,,,
2012-01-06,,0.82496,0.8248,,,,,,,,,,,,,,,,,,
2012-01-09,,0.82479,0.82566,,,,,,,,,,,,,,,,,,
2012-01-10,,0.82715,0.8253,,,,,,,,,,,,,,,,,,
2012-01-11,,0.82649,0.82817,,,,,,,,,,,,,,,,,,
2012-01-12,,0.83206,0.83672,,,,,,,,,,,,,,,,,,
2012-01-13,,0.83109,0.82846,,,,,,,,,,,,,,,,,,
2012-01-16,,0.8271,0.82686,,,,,,,,,,,,,,,,,,
2012-01-17,,0.82935,0.82943,,,,,,,,,,,,,,,,,,
2012-01-18,,0.83358,0.8329,,,,,,,,,,,,,,,,,,
2012-01-19,,0.83563,0.836,,,,,,,,,,,,,,,,,,
2012-01-20,,0.83239,0.83198,,,,,,,,,,,,,,,,,,
2012-01-23,,0.83648,0.8354,,,,,,,,,,,,,,,,,,
2012-01-24,,0.83118,0.83449,,,,,,,,,,,,,,,,,,
2012-01-25,,0.83197,0.83595,,,,,,,,,,,,,,,,,,
2012-01-26,,0.83863,0.83683,,,,,,,,,,,,,,,,,,
2012-01-27,,0.83455,0.83865,,,,,,,,,,,,,,,,,,
2012-01-30,,0.8352,0.83679,,,,,,,,,,,,,,,,,,
2012-01-31,,0.8352,0.82974,,,,,,,,,,,,,,,,,,
2012-02-01,,0.83168,0.83199,,,,,,,,,,,,,,,,,,
2012-02-02,,0.82899,0.83187,,,,,,,,,,,,,,,,,,
2012-02-03,,0.83126,0.83067,,,,,,,,,,,,,,,,,,
2012-02-06,,0.82678,0.82983,,,,,,,,,,,,,,,,,,
2012-02-07,,0.83259,0.83411,,,,,,,,,,,,,,,,,,
2012-02-08,,0.83432,0.83832,,,,,,,,,,,,,,,,,,
2012-02-09,,0.83707,0.83953,,,,,,,,,,,,,,,,,,
2012-02-10,,0.83519,0.83771,,,,,,,,,,,,,,,,,,
2012-02-13,,0.83775,0.837,,,,,,,,,,,,,,,,,,
2012-02-14,,0.83766,0.83633,,,,,,,,,,,,,,,,,,
2012-02-15,,0.83404,0.83184,,,,,,,,,,,,,,,,,,
2012-02-16,,0.8291,0.83002,,,,,,,,,,,,,,,,,,
2012-02-17,,0.83273,0.83064,,,,,,,,,,,,,,,,,,
2012-02-20,,0.83578,0.83556,,,,,,,,,,,,,,,,,,
2012-02-21,,0.83774,0.83839,,,,,,,,,,,,,,,,,,
2012-02-22,,0.84439,0.84554,,,,,,,,,,,,,,,,,,
2012-02-23,,0.84554,0.84794,,,,,,,,,,,,,,,,,,
2012-02-24,,0.84693,0.84828,,,,,,,,,,,,,,,,,,
2012-02-27,,0.8447,0.84634,,,,,,,,,,,,,,,,,,
2012-02-28,,0.84719,0.84712,,,,,,,,,,,,,,,,,,
2012-02-29,,0.84303,0.83801,,,,,,,,,,,,,,,,,,
2012-03-01,,0.83404,0.8347,,,,,,,,,,,,,,,,,,
2012-03-02,,0.83344,0.83283,,,,,,,,,,,,,,,,,,
2012-03-05,,0.83355,0.83363,,,,,,,,,,,,,,,,,,
2012-03-06,,0.83202,0.83469,,,,,,,,,,,,,,,,,,
2012-03-07,,0.83473,0.83496,,,,,,,,,,,,,,,,,,
2012-03-08,,0.83921,0.83815,,,,,,,,,,,,,,,,,,
2012-03-09,,0.83494,0.83662,,,,,,,,,,,,,,,,,,
2012-03-12,,0.83885,0.84098,,,,,,,,,,,,,,,,,,
2012-03-13,,0.83726,0.83313,,,,,,,,,,,,,,,,,,
2012-03-14,,0.83187,0.8304,,,,,,,,,,,,,,,,,,
2012-03-15,,0.83266,0.83392,,,,,,,,,,,,,,,,,,
2012-03-16,,0.83085,0.83122,,,,,,,,,,,,,,,,,,
2012-03-19,,0.82875,0.83309,,,,,,,,,,,,,,,,,,
2012-03-20,,0.83203,0.83377,,,,,,,,,,,,,,,,,,
2012-03-21,,0.83536,0.83248,,,,,,,,,,,,,,,,,,
2012-03-22,,0.83318,0.83442,,,,,,,,,,,,,,,,,,
2012-03-23,,0.83561,0.83593,,,,,,,,,,,,,,,,,,
2012-03-26,,0.83463,0.83613,,,,,,,,,,,,,,,,,,
2012-03-27,,0.83584,0.83484,,,,,,,,,,,,,,,,,,
2012-03-28,,0.83913,0.83869,,,,,,,,,,,,,,,,,,
2012-03-29,,0.83577,0.83362,,,,,,,,,,,,,,,,,,
2012-03-30,,0.83283,0.83377,,,,,,,,,,,,,,,,,,
2012-04-02,,0.8312,0.83152,,,,,,,,,,,,,,,,,,
2012-04-03,,0.83197,0.83524,,,,,,,,,,,,,,,,,,
2012-04-04,,0.82845,0.82679,,,,,,,,,,,,,,,,,,
2012-04-05,,0.82487,0.82566,,,,,,,,,,,,,,,,,,
2012-04-06,,0.82391,0.82429,,,,,,,,,,,,,,,,,,
2012-04-09,,0.82431,0.8241,,,,,,,,,,,,,,,,,,
2012-04-10,,0.82609,0.8251,,,,,,,,,,,,,,,,,,
2012-04-11,,0.82598,0.82452,,,,,,,,,,,,,,,,,,
2012-04-12,,0.82487,0.82642,,,,,,,,,,,,,,,,,,
2012-04-13,,0.82476,0.82525,,,,,,,,,,,,,,,,,,
2012-04-16,,0.82234,0.82357,,,,,,,,,,,,,,,,,,
2012-04-17,,0.82324,0.82362,,,,,,,,,,,,,,,,,,
2012-04-18,,0.81883,0.81887,,,,,,,,,,,,,,,,,,
2012-04-19,,0.8167,0.81771,,,,,,,,,,,,,,,,,,
2012-04-20,,0.81908,0.81938,,,,,,,,,,,,,,,,,,
2012-04-23,,0.81676,0.81529,,,,,,,,,,,,,,,,,,
2012-04-24,,0.81546,0.81827,,,,,,,,,,,,,,,,,,
2012-04-25,,0.81929,0.81808,,,,,,,,,,,,,,,,,,
2012-04-26,,0.81633,0.81715,,,,,,,,,,,,,,,,,,
2012-04-27,,0.81519,0.81571,,,,,,,,,,,,,,,,,,
2012-04-30,,0.81303,0.81512,,,,,,,,,,,,,,,,,,
2012-05-01,,0.81748,0.81527,,,,,,,,,,,,,,,,,,
2012-05-02,,0.81211,0.8122,,,,,,,,,,,,,,,,,,
2012-05-03,,0.81155,0.81215,,,,,,,,,,,,,,,,,,
2012-05-04,,0.81169,0.81068,,,,,,,,,,,,,,,,,,
2012-05-07,,0.80676,0.80612,,,,,,,,,,,,,,,,,,
2012-05-08,,0.80651,0.80567,,,,,,,,,,,,,,,,,,
2012-05-09,,0.80466,0.80309,,,,,,,,,,,,,,,,,,
2012-05-10,,0.80142,0.80177,,,,,,,,,,,,,,,,,,
2012-05-11,,0.80348,0.80467,,,,,,,,,,,,,,,,,,
2012-05-14,,0.80024,0.79685,,,,,,,,,,,,,,,,,,
2012-05-15,,0.80035,0.79689,,,,,,,,,,,,,,,,,,
2012-05-16,,0.79836,0.79883,,,,,,,,,,,,,,,,,,
2012-05-17,,0.80004,0.80318,,,,,,,,,,,,,,,,,,
2012-05-18,,0.80369,0.80552,,,,,,,,,,,,,,,,,,
2012-05-21,,0.80711,0.80867,,,,,,,,,,,,,,,,,,
2012-05-22,,0.80917,0.80685,,,,,,,,,,,,,,,,,,
2012-05-23,,0.80491,0.80092,,,,,,,,,,,,,,,,,,
2012-05-24,,0.80123,0.80142,,,,,,,,,,,,,,,,,,
2012-05-25,,0.80142,0.79998,,,,,,,,,,,,,,,,,,
2012-05-28,,0.80075,0.79959,,,,,,,,,,,,,,,,,,
2012-05-29,,0.79912,0.79857,,,,,,,,,,,,,,,,,,
2012-05-30,,0.79776,0.79892,,,,,,,,,,,,,,,,,,
2012-05-31,,0.79997,0.8023,,,,,,,,,,,,,,,,,,
2012-06-01,,0.80469,0.80733,,,,,,,,,,,,,,,,,,
2012-06-04,,0.80893,0.81208,,,,,,,,,,,,,,,,,,
2012-06-05,,0.80933,0.81015,,,,,,,,,,,,,,,,,,
2012-06-06,,0.80639,0.81021,,,,,,,,,,,,,,,,,,
2012-06-07,,0.80845,0.80768,,,,,,,,,,,,,,,,,,
2012-06-08,,0.80734,0.80879,,,,,,,,,,,,,,,,,,
2012-06-11,,0.80724,0.80583,,,,,,,,,,,,,,,,,,
2012-06-12,,0.80401,0.80181,,,,,,,,,,,,,,,,,,
2012-06-13,,0.80585,0.80947,,,,,,,,,,,,,,,,,,
2012-06-14,,0.80991,0.81159,,,,,,,,,,,,,,,,,,
2012-06-15,,0.81131,0.80696,,,,,,,,,,,,,,,,,,
2012-06-18,,0.80629,0.80298,,,,,,,,,,,,,,,,,,
2012-06-19,,0.80481,0.80657,,,,,,,,,,,,,,,,,,
2012-06-20,,0.80608,0.80632,,,,,,,,,,,,,,,,,,
2012-06-21,,0.80723,0.80505,,,,,,,,,,,,,,,,,,
2012-06-22,,0.80432,0.80503,,,,,,,,,,,,,,,,,,
2012-06-25,,0.80313,0.80222,,,,,,,,,,,,,,,,,,
2012-06-26,,0.79917,0.79857,,,,,,,,,,,,,,,,,,
2012-06-27,,0.79988,0.80104,,,,,,,,,,,,,,,,,,
2012-06-28,,0.79878,0.80199,,,,,,,,,,,,,,,,,,
2012-06-29,,0.80688,0.80751,,,,,,,,,,,,,,,,,,
2012-07-02,,0.80395,0.80265,,,,,,,,,,,,,,,,,,
2012-07-03,,0.8026,0.80365,,,,,,,,,,,,,,,,,,
2012-07-04,,0.80332,0.80329,,,,,,,,,,,,,,,,,,
2012-07-05,,0.79797,0.79752,,,,,,,,,,,,,,,,,,
2012-07-06,,0.7966,0.79332,,,,,,,,,,,,,,,,,,
2012-07-09,,0.7937,0.79288,,,,,,,,,,,,,,,,,,
2012-07-10,,0.79194,0.79037,,,,,,,,,,,,,,,,,,
2012-07-11,,0.78795,0.78818,,,,,,,,,,,,,,,,,,
2012-07-12,,0.78855,0.79078,,,,,,,,,,,,,,,,,,
2012-07-13,,0.78738,0.78659,,,,,,,,,,,,,,,,,,
2012-07-16,,0.78436,0.78442,,,,,,,,,,,,,,,,,,
2012-07-17,,0.78562,0.78349,,,,,,,,,,,,,,,,,,
2012-07-18,,0.78441,0.78411,,,,,,,,,,,,,,,,,,
2012-07-19,,0.78351,0.77969,,,,,,,,,,,,,,,,,,
2012-07-20,,0.77819,0.77904,,,,,,,,,,,,,,,,,,
2012-07-23,,0.77999,0.78148,,,,,,,,,,,,,,,,,,
2012-07-24,,0.77901,0.777,,,,,,,,,,,,,,,,,,
2012-07-25,,0.78314,0.7837,,,,,,,,,,,,,,,,,,
2012-07-26,,0.78347,0.78296,,,,,,,,,,,,,,,,,,
2012-07-27,,0.78285,0.78629,,,,,,,,,,,,,,,,,,
2012-07-30,,0.78024,0.78044,,,,,,,,,,,,,,,,,,
2012-07-31,,0.78354,0.78497,,,,,,,,,,,,,,,,,,
2012-08-01,,0.78747,0.78855,,,,,,,,,,,,,,,,,,
2012-08-02,,0.78955,0.78367,,,,,,,,,,,,,,,,,,
2012-08-03,,0.78739,0.79181,,,,,,,,,,,,,,,,,,
2012-08-06,,0.79517,0.79503,,,,,,,,,,,,,,,,,,
2012-08-07,,0.79317,0.79339,,,,,,,,,,,,,,,,,,
2012-08-08,,0.78904,0.78951,,,,,,,,,,,,,,,,,,
2012-08-09,,0.78739,0.78579,,,,,,,,,,,,,,,,,,
2012-08-10,,0.78624,0.78438,,,,,,,,,,,,,,,,,,
2012-08-13,,0.78686,0.7865,,,,,,,,,,,,,,,,,,
2012-08-14,,0.78663,0.78578,,,,,,,,,,,,,,,,,,
2012-08-15,,0.78305,0.78328,,,,,,,,,,,,,,,,,,
2012-08-16,,0.78234,0.78511,,,,,,,,,,,,,,,,,,
2012-08-17,,0.78646,0.78455,,,,,,,,,,,,,,,,,,
2012-08-20,,0.78428,0.78586,,,,,,,,,,,,,,,,,,
2012-08-21,,0.78864,0.78978,,,,,,,,,,,,,,,,,,
2012-08-22,,0.78828,0.78917,,,,,,,,,,,,,,,,,,
2012-08-23,,0.79043,0.79208,,,,,,,,,,,,,,,,,,
2012-08-24,,0.78985,0.79232,,,,,,,,,,,,,,,,,,
2012-08-27,,0.79214,0.79191,,,,,,,,,,,,,,,,,,
2012-08-28,,0.79426,0.79374,,,,,,,,,,,,,,,,,,
2012-08-29,,0.79186,0.79153,,,,,,,,,,,,,,,,,,
2012-08-30,,0.79157,0.79123,,,,,,,,,,,,,,,,,,
2012-08-31,,0.79465,0.79259,,,,,,,,,,,,,,,,,,
2012-09-03,,0.79185,0.79266,,,,,,,,,,,,,,,,,,
2012-09-04,,0.79278,0.79089,,,,,,,,,,,,,,,,,,
2012-09-05,,0.78991,0.79229,,,,,,,,,,,,,,,,,,
2012-09-06,,0.79441,0.79272,,,,,,,,,,,,,,,,,,
2012-09-07,,0.7977,0.79873,,,,,,,,,,,,,,,,,,
2012-09-10,,0.79985,0.79917,,,,,,,,,,,,,,,,,,
2012-09-11,,0.79746,0.80001,,,,,,,,,,,,,,,,,,
2012-09-12,,0.80117,0.80009,,,,,,,,,,,,,,,,,,
2012-09-13,,0.80129,0.80069,,,,,,,,,,,,,,,,,,
2012-09-14,,0.8073,0.80896,,,,,,,,,,,,,,,,,,
2012-09-17,,0.80738,0.80702,,,,,,,,,,,,,,,,,,
2012-09-18,,0.80372,0.80319,,,,,,,,,,,,,,,,,,
2012-09-19,,0.8022,0.80562,,,,,,,,,,,,,,,,,,
2012-09-20,,0.80008,0.79938,,,,,,,,,,,,,,,,,,
2012-09-21,,0.79798,0.79943,,,,,,,,,,,,,,,,,,
2012-09-24,,0.79701,0.79668,,,,,,,,,,,,,,,,,,
2012-09-25,,0.79671,0.79752,,,,,,,,,,,,,,,,,,
2012-09-26,,0.79497,0.79638,,,,,,,,,,,,,,,,,,
2012-09-27,,0.79344,0.79374,,,,,,,,,,,,,,,,,,
2012-09-28,,0.79866,0.79706,,,,,,,,,,,,,,,,,,
2012-10-01,,0.79839,0.79912,,,,,,,,,,,,,,,,,,
2012-10-02,,0.80056,0.80008,,,,,,,,,,,,,,,,,,
2012-10-03,,0.80079,0.80289,,,,,,,,,,,,,,,,,,
2012-10-04,,0.80375,0.80432,,,,,,,,,,,,,,,,,,
2012-10-05,,0.80353,0.80609,,,,,,,,,,,,,,,,,,
2012-10-08,,0.80807,0.80927,,,,,,,,,,,,,,,,,,
2012-10-09,,0.80765,0.80538,,,,,,,,,,,,,,,,,,
2012-10-10,,0.80436,0.80503,,,,,,,,,,,,,,,,,,
2012-10-11,,0.80536,0.80655,,,,,,,,,,,,,,,,,,
2012-10-12,,0.80729,0.80523,,,,,,,,,,,,,,,,,,
2012-10-15,,0.8073,0.80583,,,,,,,,,,,,,,,,,,
2012-10-16,,0.80968,0.80929,,,,,,,,,,,,,,,,,,
2012-10-17,,0.81122,0.8122,,,,,,,,,,,,,,,,,,
2012-10-18,,0.81231,0.81205,,,,,,,,,,,,,,,,,,
2012-10-19,,0.81282,0.8136,,,,,,,,,,,,,,,,,,
2012-10-22,,0.81465,0.81502,,,,,,,,,,,,,,,,,,
2012-10-23,,0.81355,0.81416,,,,,,,,,,,,,,,,,,
2012-10-24,,0.80817,0.80832,,,,,,,,,,,,,,,,,,
2012-10-25,,0.80507,0.80381,,,,,,,,,,,,,,,,,,
2012-10-26,,0.80028,0.80365,,,,,,,,,,,,,,,,,,
2012-10-29,,0.80319,0.80504,,,,,,,,,,,,,,,,,,
2012-10-30,,0.80582,0.80682,,,,,,,,,,,,,,,,,,
2012-10-31,,0.80687,0.80448,,,,,,,,,,,,,,,,,,
2012-11-01,,0.80183,0.80155,,,,,,,,,,,,,,,,,,
2012-11-02,,0.80067,0.80071,,,,,,,,,,,,,,,,,,
2012-11-05,,0.80027,0.80041,,,,,,,,,,,,,,,,,,
2012-11-06,,0.80116,0.80149,,,,,,,,,,,,,,,,,,
2012-11-07,,0.79883,0.79852,,,,,,,,,,,,,,,,,,
2012-11-08,,0.79715,0.79721,,,,,,,,,,,,,,,,,,
2012-11-09,,0.79831,0.7992,,,,,,,,,,,,,,,,,,
2012-11-12,,0.80133,0.80075,,,,,,,,,,,,,,,,,,
2012-11-13,,0.79868,0.80033,,,,,,,,,,,,,,,,,,
2012-11-14,,0.80265,0.80378,,,,,,,,,,,,,,,,,,
2012-11-15,,0.80581,0.80538,,,,,,,,,,,,,,,,,,
2012-11-16,,0.80231,0.8016,,,,,,,,,,,,,,,,,,
2012-11-19,,0.80317,0.80468,,,,,,,,,,,,,,,,,,
2012-11-20,,0.80446,0.80408,,,,,,,,,,,,,,,,,,
2012-11-21,,0.80392,0.80447,,,,,,,,,,,,,,,,,,
2012-11-22,,0.80798,0.80737,,,,,,,,,,,,,,,,,,
2012-11-23,,0.81059,0.809,,,,,,,,,,,,,,,,,,
2012-11-26,,0.80981,0.80908,,,,,,,,,,,,,,,,,,
2012-11-27,,0.80668,0.80715,,,,,,,,,,,,,,,,,,
2012-11-28,,0.80724,0.80795,,,,,,,,,,,,,,,,,,
2012-11-29,,0.80972,0.80859,,,,,,,,,,,,,,,,,,
2012-11-30,,0.81127,0.81099,,,,,,,,,,,,,,,,,,
2012-12-03,,0.81146,0.81069,,,,,,,,,,,,,,,,,,
2012-12-04,,0.81205,0.81316,,,,,,,,,,,,,,,,,,
2012-12-05,,0.81203,0.81237,,,,,,,,,,,,,,,,,,
2012-12-06,,0.80909,0.8073,,,,,,,,,,,,,,,,,,
2012-12-07,,0.8055,0.80675,,,,,,,,,,,,,,,,,,
2012-12-10,,0.80369,0.80487,,,,,,,,,,,,,,,,,,
2012-12-11,,0.80725,0.80684,,,,,,,,,,,,,,,,,,
2012-12-12,,0.80763,0.80962,,,,,,,,,,,,,,,,,,
2012-12-13,,0.80958,0.81169,,,,,,,,,,,,,,,,,,
2012-12-14,,0.81157,0.81417,,,,,,,,,,,,,,,,,,
2012-12-17,,0.81225,0.81221,,,,,,,,,,,,,,,,,,
2012-12-18,,0.81287,0.81397,,,,,,,,,,,,,,,,,,
2012-12-19,,0.816,0.81398,,,,,,,,,,,,,,,,,,
2012-12-20,,0.8159,0.8133,,,,,,,,,,,,,,,,,,
2012-12-21,,0.81353,0.81448,,,,,,,,,,,,,,,,,,
2012-12-24,,0.81723,0.81734,,,,,,,,,,,,,,,,,,
2012-12-26,,0.81775,0.82039,,,,,,,,,,,,,,,,,,
2012-12-27,,0.82175,0.82177,,,,,,,,,,,,,,,,,,
2012-12-28,,0.8188,0.81791,,,,,,,,,,,,,,,,,,
2012-12-31,,0.81592,0.81231,,,,,,,,,,,,,,,,,,
2013-01-02,,0.813,0.81121,,,,,,,,,,,,,,,,,,
2013-01-03,0.0015670948357948556,0.81071,0.8115,,,,,,,,,,,,,,,,,,
2013-01-04,0.0015694561629230632,0.81322,0.81323,,,,,,,,,,,,,,,,,,
2013-01-07,0.0015592501679351485,0.81269,0.81455,132.0,0.002359738082637508,0.81461,0.81475,0.81443,0.81449,,,,,,,,,,,,
2013-01-08,0.001548764719697023,0.81455,0.81454,,,,,,,,,,,,,,,,,,
2013-01-09,0.0015406459706196367,0.81528,0.81534,,,,,,,,,,,,,,,,,,
2013-01-10,0.0015299687670688148,0.81983,0.82046,,,,,,,,,,,,,,,,,,
2013-01-11,0.0015147006747081467,0.82612,0.82764,60.0,0.00243010547275989,0.82813,0.82819,0.82767,0.82747,,,,,,,,,,,,
2013-01-14,0.001575102756171497,0.83215,0.83136,,,,,,,,,,,,,,,,,,
2013-01-15,0.001628816598007374,0.83085,0.82957,133.0,-0.0025065992083248213,0.82877,0.82878,0.82851,0.82835,,,,,,,,,,,,
2013-01-16,0.0016190446973457116,0.83019,0.83052,,,,,,,,,,,,,,,,,,
2013-01-17,0.001625149128053375,0.83419,0.83558,119.0,0.002574034811821935,0.83634,0.83621,0.83623,0.83594,,,,,,,,,,,,
2013-01-18,0.0016229946296250743,0.83616,0.83921,101.0,0.0024606135278443493,0.83822,0.83813,0.83794,0.83795,,,,,,,,,,,,
2013-01-21,0.0016960308810693968,0.83875,0.84134,166.0,0.0025957339779480145,0.84093,0.84127,0.84137,,,,,,,,,,,,,
2013-01-22,0.001680041545828853,0.83923,0.83921,96.0,-0.002804113739370258,0.83688,0.83688,0.83683,0.83725,105.0,-0.003437619016857769,0.83635,0.83648,0.83692,0.83722,,,,,,
2013-01-23,0.0016744871373393282,0.83951,0.84006,,,,,,,,,,,,,,,,,,
2013-01-24,0.0016630315740759735,0.84685,0.84719,,,,,,,,,,,,,,,,,,
2013-01-25,0.0016469985344276265,0.85116,0.85152,,,,,,,,,,,,,,,,,,
2013-01-28,0.001695243261807873,0.85567,0.85773,150.0,0.0027076566149699267,0.85799,0.85801,0.85728,0.85762,,,,,,,,,,,,
2013-01-29,0.001712441778468568,0.85544,0.85561,,,,,,,,,,,,,,,,,,
2013-01-30,0.0017144027088361726,0.85752,0.85917,64.0,0.002620409234872409,0.85977,0.86008,0.85994,0.85956,,,,,,,,,,,,
2013-01-31,0.0017022713250290397,0.85702,0.85575,,,,,,,,,,,,,,,,,,
2013-02-01,0.0016970576113129146,0.86277,0.86922,81.0,0.0030667948281010086,0.86542,0.86533,0.86518,0.86652,83.0,0.0034826913220810736,0.86578,0.86542,0.8654,0.86682,91.0,0.004313965759771431,0.8665,0.86638,0.86652,0.86844
2013-02-04,0.0016887849944335078,0.86211,0.85979,166.0,-0.002566769314168911,0.8599,0.85975,0.85974,,176.0,-0.0034044267147554266,0.85918,0.85917,,,,,,,,
2013-02-05,0.0018219836292203125,0.86024,0.86822,70.0,0.0027976267456020472,0.86265,0.86246,0.86214,0.86176,109.0,0.004014066203969137,0.8637,0.86401,0.86378,0.86419,111.0,0.0046737999038298835,0.86427,0.86365,0.86383,0.86364
2013-02-06,0.0019861786625282127,0.86199,0.86358,100.0,0.0030001702134522354,0.86458,0.86485,0.86497,0.86519,,,,,,,,,,,,
2013-02-07,0.0021159522943979404,0.85687,0.85364,67.0,-0.0032964750586647706,0.85405,0.85381,0.85422,0.8541,96.0,-0.00437427598072351,0.85313,0.85326,0.85235,0.85238,98.0,-0.005300706884231775,0.85234,0.85233,0.85263,0.85247
2013-02-08,0.0021189915998546236,0.84608,0.84539,27.0,0.0032450129070563665,0.84883,0.84882,0.84848,0.84908,,,,,,,,,,,,
2013-02-11,0.0022159462680142344,0.85311,0.85556,124.0,0.0034052445536083883,0.85602,0.85649,0.85636,0.85689,138.0,0.00475943574818076,0.85718,0.85689,0.85701,0.85607,,,,,,
2013-02-12,0.002233223131777176,0.86086,0.85937,,,,,,,,,,,,,,,,,,
2013-02-13,0.0023066601821674316,0.86606,0.86513,,,,,,,,,,,,,,,,,,
2013-02-14,0.002286202607963544,0.8597,0.86092,,,,,,,,,,,,,,,,,,
2013-02-15,0.0023430659031050843,0.86214,0.86008,,,,,,,,,,,,,,,,,,
2013-02-18,0.002353515456873979,0.86324,0.86299,,,,,,,,,,,,,,,,,,
2013-02-19,0.0023187608766352973,0.86276,0.86831,130.0,0.0036328756995822405,0.8659,0.86567,0.86607,0.86643,150.0,0.004925491811054923,0.86702,0.86691,0.86714,0.86733,,,,,,
2013-02-20,0.0023113843220072513,0.87387,0.87271,,,,,,,,,,,,,,,,,,
2013-02-21,0.0023296979759497172,0.8645,0.86511,,,,,,,,,,,,,,,,,,
2013-02-22,0.0023164312808659363,0.86242,0.86435,,,,,,,,,,,,,,,,,,
2013-02-25,0.0023666457090301568,0.88132,0.8707,74.0,-0.0036603012300381985,0.8781,0.87825,0.87772,0.87656,87.0,-0.004913791223804981,0.877,0.87695,0.87683,0.87665,106.0,-0.005929129766690812,0.87611,0.87609,0.87535,0.87356
2013-02-26,0.0023987546466935103,0.86291,0.86177,,,,,,,,,,,,,,,,,,
2013-02-27,0.0025494316805403433,0.86317,0.86558,,,,,,,,,,,,,,,,,,
2013-02-28,0.002564612905502196,0.86458,0.86151,118.0,-0.004102878925737041,0.86104,0.86117,0.86171,0.86228,,,,,,,,,,,,
2013-03-01,0.002553596913105636,0.86501,0.86658,,,,,,,,,,,,,,,,,,
2013-03-04,0.0025557913003217505,0.86314,0.86202,,,,,,,,,,,,,,,,,,
2013-03-05,0.0025341246805133328,0.86046,0.86231,,,,,,,,,,,,,,,,,,
2013-03-06,0.002531557488512399,0.86406,0.86464,,,,,,,,,,,,,,,,,,
2013-03-07,0.002512631611762936,0.86837,0.87173,,,,,,,,,,,,,,,,,,
2013-03-08,0.0025029353842624617,0.87032,0.86892,,,,,,,,,,,,,,,,,,
2013-03-11,0.002536714881183975,0.87399,0.87329,,,,,,,,,,,,,,,,,,
2013-03-12,0.002503362152395638,0.87425,0.87498,89.0,0.0037903482946846454,0.87757,0.87774,0.878,0.87833,108.0,0.005099927196066391,0.87872,0.87849,0.8786,0.87907,,,,,,
2013-03-13,0.00249762909704667,0.86865,0.86774,,,,,,,,,,,,,,,,,,
2013-03-14,0.0024784698781800943,0.86452,0.86235,,,,,,,,,,,,,,,,,,
2013-03-15,0.002488735178747692,0.86166,0.86367,,,,,,,,,,,,,,,,,,
2013-03-18,0.002492175488737057,0.85683,0.85739,,,,,,,,,,,,,,,,,,
2013-03-19,0.0025764900913962173,0.8564,0.85194,,,,,,,,,,,,,,,,,,
2013-03-20,0.002567276675895752,0.85401,0.85561,34.0,0.0039733139416923005,0.85741,0.85708,0.85736,0.85813,47.0,0.005686311581320976,0.85888,0.85808,0.85615,0.85475,,,,,,
2013-03-21,0.0025701481662580477,0.85042,0.85165,,,,,,,,,,,,,,,,,,
2013-03-22,0.0025592336953223285,0.85166,0.8527,,,,,,,,,,,,,,,,,,
2013-03-25,0.0025781169532426923,0.85358,0.84856,148.0,-0.0038970844701492475,0.85026,0.85028,0.85029,0.85071,172.0,-0.005297636681338385,0.84907,0.84936,0.84939,,,,,,,
2013-03-26,0.0025543146994752145,0.84809,0.84823,,,,,,,,,,,,,,,,,,
2013-03-27,0.002580157461761219,0.84565,0.84541,,,,,,,,,,,,,,,,,,
2013-03-28,0.002559745098269595,0.84679,0.84498,,,,,,,,,,,,,,,,,,
2013-03-29,0.002554055656924229,0.84374,0.84365,,,,,,,,,,,,,,,,,,
2013-04-01,0.0025361224221110974,0.84335,0.84404,,,,,,,,,,,,,,,,,,
2013-04-02,0.0025005846458902676,0.84606,0.84908,,,,,,,,,,,,,,,,,,
2013-04-03,0.0024901017641734227,0.84801,0.84849,,,,,,,,,,,,,,,,,,
2013-04-04,0.0024946045742542233,0.84769,0.84566,37.0,-0.004018965444535252,0.84429,0.84445,0.84498,0.84383,,,,,,,,,,,,
2013-04-05,0.0024768370147147715,0.84942,0.84942,,,,,,,,,,,,,,,,,,
2013-04-08,0.002459107518369013,0.85073,0.85243,,,,,,,,,,,,,,,,,,
2013-04-09,0.0024191472051567943,0.85202,0.85495,,,,,,,,,,,,,,,,,,
2013-04-10,0.0024677204645562633,0.8548,0.85264,,,,,,,,,,,,,,,,,,
2013-04-11,0.002452853831944835,0.85244,0.85191,,,,,,,,,,,,,,,,,,
2013-04-12,0.0024374185374648975,0.84926,0.85193,,,,,,,,,,,,,,,,,,
2013-04-15,0.0024220834396730378,0.85267,0.85407,,,,,,,,,,,,,,,,,,
2013-04-16,0.002398687189033634,0.85701,0.85799,,,,,,,,,,,,,,,,,,
2013-04-17,0.0023793234559661707,0.86133,0.85538,135.0,-0.003593925604595161,0.85824,0.85794,0.85806,0.85703,150.0,-0.005004782438458729,0.85703,0.8572,0.85705,0.85633,179.0,-0.006102195456038256,0.85609,0.85613,,
2013-04-18,0.0023954220904438745,0.85455,0.85536,,,,,,,,,,,,,,,,,,
2013-04-19,0.0023856676237654076,0.85283,0.85671,100.0,0.0037335093255398714,0.85602,0.85624,0.85611,0.85598,127.0,0.0048893561118991576,0.85701,0.8571,0.85726,0.85749,,,,,,
2013-04-22,0.0023771590364656454,0.85646,0.85514,,,,,,,,,,,,,,,,,,
2013-04-23,0.0023504026170517263,0.85181,0.85215,,,,,,,,,,,,,,,,,,
2013-04-24,0.002347778039012005,0.85247,0.85176,,,,,,,,,,,,,,,,,,
2013-04-25,0.0023331790486395194,0.84589,0.84258,90.0,-0.003718973397584947,0.84275,0.84307,0.84276,0.84254,120.0,-0.004894389529258007,0.84176,0.84171,0.84171,0.84147,,,,,,
2013-04-26,0.0023152997176272747,0.84028,0.84142,,,,,,,,,,,,,,,,,,
2013-04-29,0.0023787139091213834,0.84352,0.84466,,,,,,,,,,,,,,,,,,
2013-04-30,0.0023441304097955857,0.84439,0.84735,114.0,0.0036881654195470804,0.84751,0.84778,0.84763,0.84794,,,,,,,,,,,,
2013-05-01,0.002351010283841887,0.84882,0.84689,,,,,,,,,,,,,,,,,,
2013-05-02,0.002338636635585502,0.84702,0.84196,63.0,-0.004164405138140237,0.8435,0.84282,0.8425,0.84145,64.0,-0.004970895053289809,0.84282,0.84145,0.84199,0.84139,65.0,-0.006597712965080911,0.84145,0.84229,0.84154,0.84135
2013-05-03,0.0023278304974411975,0.84286,0.84257,,,,,,,,,,,,,,,,,,
2013-05-06,0.002340613866887425,0.84187,0.84092,,,,,,,,,,,,,,,,,,
2013-05-07,0.0023073160571580043,0.84461,0.84588,,,,,,,,,,,,,,,,,,
2013-05-08,0.002290078654710333,0.84668,0.84672,,,,,,,,,,,,,,,,,,
2013-05-09,0.0022925988836279155,0.84391,0.84523,,,,,,,,,,,,,,,,,,
2013-05-10,0.0022782107390730832,0.84421,0.84467,,,,,,,,,,,,,,,,,,
2013-05-13,0.0022697529331965603,0.84463,0.84883,,,,,,,,,,,,,,,,,,
2013-05-14,0.0022382382847660966,0.84751,0.84997,94.0,0.0034747409767523388,0.85046,0.85112,0.85086,0.85018,142.0,0.004614650260001224,0.85143,0.85126,0.85085,0.85084,,,,,,
2013-05-15,0.0022512971224196215,0.84535,0.84545,,,,,,,,,,,,,,,,,,
2013-05-16,0.002233217652024746,0.84515,0.84292,,,,,,,,,,,,,,,,,,
2013-05-17,0.002235555705461316,0.84436,0.84477,,,,,,,,,,,,,,,,,,
2013-05-20,0.0022222328428312113,0.8461,0.84496,,,,,,,,,,,,,,,,,,
2013-05-21,0.002201772726243371,0.8493,0.85092,,,,,,,,,,,,,,,,,,
2013-05-22,0.0021799536055762147,0.85612,0.85546,,,,,,,,,,,,,,,,,,
2013-05-23,0.0022301662793259296,0.8546,0.85571,,,,,,,,,,,,,,,,,,
2013-05-24,0.0022191129693527305,0.85723,0.85405,167.0,-0.0033653147595576706,0.85435,0.8543,0.85459,,,,,,,,,,,,,
2013-05-27,0.002211216581935851,0.85564,0.85678,,,,,,,,,,,,,,,,,,
2013-05-28,0.0021815843060889496,0.85559,0.85439,,,,,,,,,,,,,,,,,,
2013-05-29,0.0021662410004814744,0.85731,0.85595,,,,,,,,,,,,,,,,,,
2013-05-30,0.002150307507269859,0.85634,0.85753,105.0,0.0036367915127927843,0.85946,0.85937,0.85919,0.85953,,,,,,,,,,,,
2013-05-31,0.002136180469372647,0.85365,0.85507,,,,,,,,,,,,,,,,,,
2013-06-03,0.0021207762082910957,0.85207,0.85308,,,,,,,,,,,,,,,,,,
2013-06-04,0.002090508812822035,0.85503,0.85434,,,,,,,,,,,,,,,,,,
2013-06-05,0.002081650792260272,0.85072,0.85024,,,,,,,,,,,,,,,,,,
2013-06-06,0.0020687420980115274,0.8491,0.84941,118.0,0.003116091535758145,0.85175,0.85174,0.85147,0.8517,,,,,,,,,,,,
2013-06-07,0.0020745099784459254,0.85132,0.85075,,,,,,,,,,,,,,,,,,
2013-06-10,0.0020603180216485872,0.85049,0.85069,,,,,,,,,,,,,,,,,,
2013-06-11,0.0020303131380209963,0.85422,0.85163,85.0,-0.003177527838716766,0.85151,0.85139,0.85151,0.85114,99.0,-0.004082212876187737,0.85074,0.85114,0.85109,0.85076,,,,,,
2013-06-12,0.002022529456798038,0.84813,0.85087,,,,,,,,,,,,,,,,,,
2013-06-13,0.002009365764566492,0.84997,0.84802,,,,,,,,,,,,,,,,,,
2013-06-14,0.0019966871177267156,0.85156,0.84971,,,,,,,,,,,,,,,,,,
2013-06-17,0.0019854492776778393,0.84835,0.8491,,,,,,,,,,,,,,,,,,
2013-06-18,0.0019586794339363765,0.85575,0.85792,122.0,0.0029987129181960896,0.85832,0.85809,0.85768,0.85759,,,,,,,,,,,,
2013-06-19,0.0019481773306022588,0.85613,0.85609,,,,,,,,,,,,,,,,,,
2013-06-20,0.0019883106278488307,0.85434,0.85425,180.0,-0.0030479250829970783,0.85174,,,,,,,,,,,,,,,
2013-06-21,0.0019768544201660796,0.85448,0.85284,,,,,,,,,,,,,,,,,,
2013-06-24,0.0019912433057049897,0.85213,0.84989,30.0,-0.0029969876285159494,0.84958,0.84975,0.85009,0.84989,83.0,-0.004174733089002979,0.84858,0.84856,0.84867,0.84906,,,,,,
2013-06-25,0.0019746523527309707,0.84976,0.8483,126.0,-0.0031234003245596757,0.84711,0.84721,0.84834,0.8478,,,,,,,,,,,,
2013-06-26,0.0019635193082995607,0.84782,0.84822,,,,,,,,,,,,,,,,,,
2013-06-27,0.001953862334049517,0.85252,0.85432,105.0,0.0030802228526627105,0.85515,0.85497,0.85452,0.85449,170.0,0.003921826156537335,0.85587,0.85581,0.85524,,,,,,,
2013-06-28,0.0019415569499889305,0.85739,0.85534,,,,,,,,,,,,,,,,,,
2013-07-01,0.0019819896080866305,0.85656,0.85671,,,,,,,,,,,,,,,,,,
2013-07-02,0.001953966373520568,0.85831,0.85804,,,,,,,,,,,,,,,,,,
2013-07-03,0.001947975844487698,0.84905,0.85175,,,,,,,,,,,,,,,,,,
2013-07-04,0.001938460093556449,0.85993,0.85695,35.0,-0.0031330645194599088,0.85724,0.85793,0.85684,0.85627,45.0,-0.004148464843629686,0.85637,0.85602,0.85627,0.85556,55.0,-0.005328557635380809,0.85536,0.85515,0.85556,0.85568
2013-07-05,0.0019515809268444782,0.85977,0.86057,30.0,0.0030890745734846476,0.86243,0.862,0.86204,0.86206,,,,,,,,,,,,
2013-07-08,0.001976967568851207,0.86194,0.86122,,,,,,,,,,,,,,,,,,
2013-07-09,0.001975759274157757,0.86514,0.86081,158.0,-0.0031721433918777743,0.8624,0.86286,0.8626,0.86205,,,,,,,,,,,,
2013-07-10,0.001967139240183513,0.85984,0.86026,,,,,,,,,,,,,,,,,,
2013-07-11,0.0019490674949669184,0.86324,0.86258,,,,,,,,,,,,,,,,,,
2013-07-12,0.0020113944825284314,0.8632,0.86377,,,,,,,,,,,,,,,,,,
2013-07-15,0.002029222879899599,0.86467,0.86425,,,,,,,,,,,,,,,,,,
2013-07-16,0.002010113856696014,0.86921,0.86905,,,,,,,,,,,,,,,,,,
2013-07-17,0.0019940459461462215,0.8628,0.86254,,,,,,,,,,,,,,,,,,
2013-07-18,0.0020002118111275987,0.86088,0.86065,,,,,,,,,,,,,,,,,,
2013-07-19,0.00204225274941533,0.85966,0.86118,,,,,,,,,,,,,,,,,,
2013-07-22,0.0020284156684070953,0.85877,0.85862,,,,,,,,,,,,,,,,,,
2013-07-23,0.001999793119789951,0.85926,0.86037,,,,,,,,,,,,,,,,,,
2013-07-24,0.001988762669843352,0.86276,0.86075,,,,,,,,,,,,,,,,,,
2013-07-25,0.001975482546847574,0.86351,0.86299,,,,,,,,,,,,,,,,,,
2013-07-26,0.0019651619743997328,0.86114,0.86342,,,,,,,,,,,,,,,,,,
2013-07-29,0.0019532976734079337,0.86331,0.86391,,,,,,,,,,,,,,,,,,
2013-07-30,0.0019251796050648252,0.86759,0.87033,,,,,,,,,,,,,,,,,,
2013-07-31,0.0019111388195233068,0.87298,0.87517,173.0,0.002871083546398616,0.87549,0.87581,0.87574,,,,,,,,,,,,,
2013-08-01,0.0019461208156260838,0.86886,0.87273,87.0,0.0029535328804416614,0.87143,0.87209,0.8721,0.87212,104.0,0.0039055370356374094,0.87226,0.87219,0.87175,0.87177,120.0,0.004959712584723652,0.87318,0.87329,0.87318,0.87341
2013-08-02,0.0019629154539800376,0.8715,0.86848,49.0,-0.0029648037713459097,0.86892,0.86914,0.86939,0.87017,,,,,,,,,,,,
2013-08-05,0.001950809638608131,0.86406,0.86369,,,,,,,,,,,,,,,,,,
2013-08-06,0.0019557456700751547,0.86484,0.8652,,,,,,,,,,,,,,,,,,
2013-08-07,0.001974185430827248,0.8605,0.85901,,,,,,,,,,,,,,,,,,
2013-08-08,0.001972322230412648,0.86158,0.86077,,,,,,,,,,,,,,,,,,
2013-08-09,0.0020124782910587104,0.86106,0.86015,,,,,,,,,,,,,,,,,,
2013-08-12,0.0019981307568228404,0.85844,0.86005,,,,,,,,,,,,,,,,,,
2013-08-13,0.0019696005524513674,0.85948,0.85724,125.0,-0.004501202865407888,0.85562,0.85637,0.85651,0.85619,125.0,-0.004501202865407888,0.85562,0.85637,0.85651,0.85619,,,,,,
2013-08-14,0.0019591034230649895,0.85482,0.85334,,,,,,,,,,,,,,,,,,
2013-08-15,0.0019500965113763663,0.85306,0.85167,123.0,-0.003005473158575888,0.8505,0.85056,0.85052,0.85109,,,,,,,,,,,,
2013-08-16,0.0019402058026423317,0.85338,0.85266,,,,,,,,,,,,,,,,,,
2013-08-19,0.00193617437117008,0.85321,0.85195,,,,,,,,,,,,,,,,,,
2013-08-20,0.001909937561029837,0.85423,0.85613,57.0,0.002922338078247134,0.85673,0.85659,0.85631,0.85642,,,,,,,,,,,,
2013-08-21,0.0018959544571678982,0.85326,0.85259,,,,,,,,,,,,,,,,,,
2013-08-22,0.0019106608763458973,0.85414,0.85724,175.0,0.0028876243943477303,0.85661,0.85662,0.85648,,,,,,,,,,,,,
2013-08-23,0.0019025235662619054,0.85867,0.85956,,,,,,,,,,,,,,,,,,
2013-08-26,0.0018901483713141775,0.8589,0.8586,,,,,,,,,,,,,,,,,,
2013-08-27,0.0018749805663552796,0.85976,0.86204,171.0,0.0028223834758083553,0.86219,0.86216,0.86177,,,,,,,,,,,,,
2013-08-28,0.0018618752873767268,0.86336,0.85854,47.0,-0.003039269203386275,0.86074,0.86084,0.86112,0.86057,54.0,-0.003887736492409788,0.86001,0.85995,0.8601,0.86075,92.0,-0.004690374772487701,0.85932,0.85877,0.85855,0.85852
2013-08-29,0.0018672936872464654,0.85449,0.8539,,,,,,,,,,,,,,,,,,
2013-08-30,0.0018734879802717302,0.85392,0.85298,,,,,,,,,,,,,,,,,,
2013-09-02,0.001882575306254712,0.84801,0.84913,,,,,,,,,,,,,,,,,,
2013-09-03,0.0018752100150944613,0.84692,0.84694,,,,,,,,,,,,,,,,,,
2013-09-04,0.001862617891659324,0.84381,0.84454,,,,,,,,,,,,,,,,,,
2013-09-05,0.0018546743020487805,0.84384,0.84131,51.0,-0.0028363090058395966,0.84145,0.84116,0.8412,0.84077,,,,,,,,,,,,
2013-09-06,0.0018434331976951957,0.8416,0.84218,,,,,,,,,,,,,,,,,,
2013-09-09,0.0018466110713498754,0.84114,0.8431,,,,,,,,,,,,,,,,,,
2013-09-10,0.0018254211547950347,0.84333,0.84267,,,,,,,,,,,,,,,,,,
2013-09-11,0.0018206266056133708,0.84055,0.84135,,,,,,,,,,,,,,,,,,
2013-09-12,0.0018094699554726088,0.84143,0.84172,,,,,,,,,,,,,,,,,,
2013-09-13,0.0018011599418692882,0.83957,0.83685,95.0,-0.0032211141878079165,0.83687,0.83671,0.83657,0.83696,120.0,-0.0037231102301906864,0.83645,0.83664,0.83635,0.83615,179.0,-0.004644091319491909,0.83568,0.83606,,
2013-09-16,0.0017909485601357274,0.83817,0.83813,,,,,,,,,,,,,,,,,,
2013-09-17,0.0017843057832450963,0.83911,0.83987,,,,,,,,,,,,,,,,,,
2013-09-18,0.001771576928853678,0.83622,0.83621,,,,,,,,,,,,,,,,,,
2013-09-19,0.0017613396585640204,0.84234,0.84309,,,,,,,,,,,,,,,,,,
2013-09-20,0.001750221115472416,0.84325,0.84401,40.0,0.002723829253934131,0.84555,0.84551,0.84527,0.84518,,,,,,,,,,,,
2013-09-23,0.0017854804194488115,0.84166,0.84115,,,,,,,,,,,,,,,,,,
2013-09-24,0.0017620788337413408,0.84353,0.84266,,,,,,,,,,,,,,,,,,
2013-09-25,0.0017573202759918849,0.84194,0.84157,,,,,,,,,,,,,,,,,,
2013-09-26,0.0017460723181089498,0.84155,0.84197,,,,,,,,,,,,,,,,,,
2013-09-27,0.0017372809770642642,0.84058,0.8388,,,,,,,,,,,,,,,,,,
2013-09-30,0.001724653395988915,0.83596,0.83633,47.0,0.002723690609858999,0.83824,0.83811,0.83805,0.83835,,,,,,,,,,,,
2013-10-01,0.0017236129753873334,0.83434,0.83495,,,,,,,,,,,,,,,,,,
2013-10-02,0.0017108924166326087,0.83455,0.83784,77.0,0.0027641350366278046,0.83686,0.83698,0.83738,0.83682,83.0,0.003504725392634069,0.83748,0.83729,0.83699,0.83736,,,,,,
2013-10-03,0.0017019453867745747,0.83957,0.84346,124.0,0.0029495388945828364,0.84205,0.84186,0.84188,0.84159,166.0,0.0035194138936809737,0.84253,0.84242,0.84248,,,,,,,
2013-10-04,0.0017010586918120771,0.84671,0.84527,,,,,,,,,,,,,,,,,,
2013-10-07,0.0017182696162046224,0.84409,0.84366,,,,,,,,,,,,,,,,,,
2013-10-08,0.0017179150930853259,0.84256,0.8439,,,,,,,,,,,,,,,,,,
2013-10-09,0.0017147968956590376,0.84657,0.8474,,,,,,,,,,,,,,,,,,
2013-10-10,0.0017032800465802463,0.84827,0.84718,,,,,,,,,,,,,,,,,,
2013-10-11,0.0017068552831887838,0.84953,0.85027,,,,,,,,,,,,,,,,,,
2013-10-14,0.001694674468228822,0.84829,0.84879,,,,,,,,,,,,,,,,,,
2013-10-15,0.0016763335302165863,0.8466,0.84472,,,,,,,,,,,,,,,,,,
2013-10-16,0.001664212548964343,0.84524,0.84808,,,,,,,,,,,,,,,,,,
2013-10-17,0.001659374918797776,0.84784,0.845,,,,,,,,,,,,,,,,,,
2013-10-18,0.0016524846907410974,0.84504,0.84605,,,,,,,,,,,,,,,,,,
2013-10-21,0.0016451377991407248,0.84629,0.84647,,,,,,,,,,,,,,,,,,
2013-10-22,0.0016212595170731615,0.84731,0.84938,126.0,0.002463592549189567,0.8494,0.84948,0.84947,0.84959,,,,,,,,,,,,
2013-10-23,0.0016138246660074326,0.85152,0.8525,,,,,,,,,,,,,,,,,,
2013-10-24,0.0016035544166064578,0.85423,0.85301,,,,,,,,,,,,,,,,,,
2013-10-25,0.0016047240010610003,0.85182,0.85362,160.0,0.0025091173805857473,0.85396,0.85394,0.85415,0.85379,,,,,,,,,,,,
2013-10-28,0.0015933477337867915,0.85227,0.85457,,,,,,,,,,,,,,,,,,
2013-10-29,0.0015771604301532053,0.85619,0.85742,169.0,0.0025778771879812127,0.8584,0.85839,0.85822,,,,,,,,,,,,,
2013-10-30,0.001580102782162719,0.85649,0.85665,,,,,,,,,,,,,,,,,,
2013-10-31,0.0015697831902034883,0.85029,0.84632,179.0,-0.002413853149950032,0.84824,0.84828,,,,,,,,,,,,,,
2013-11-01,0.001552353829570964,0.84669,0.8471,,,,,,,,,,,,,,,,,,
2013-11-04,0.0017168473023027363,0.84563,0.84696,,,,,,,,,,,,,,,,,,
2013-11-05,0.0016949483212358805,0.83976,0.83958,,,,,,,,,,,,,,,,,,
2013-11-06,0.001681314644376513,0.83914,0.8407,69.0,0.002570756694177904,0.8413,0.84133,0.84128,0.841,,,,,,,,,,,,
2013-11-07,0.0017240228988627381,0.83252,0.83339,137.0,0.0026510736774429185,0.83473,0.83398,0.83348,0.83314,,,,,,,,,,,,
2013-11-08,0.0017089500677687874,0.83474,0.83534,,,,,,,,,,,,,,,,,,
2013-11-11,0.0017740377376824355,0.83913,0.83872,,,,,,,,,,,,,,,,,,
2013-11-12,0.0017492695255587345,0.8445,0.84463,,,,,,,,,,,,,,,,,,
2013-11-13,0.001751691219808892,0.84148,0.83946,39.0,-0.002701273144155892,0.83921,0.83913,0.839,0.83909,82.0,-0.0036311508964790083,0.83843,0.83841,0.8382,0.83778,93.0,-0.004382837752894042,0.8378,0.83789,0.83779,0.83838
2013-11-14,0.0018350358537847112,0.8368,0.83832,,,,,,,,,,,,,,,,,,
2013-11-15,0.0018736073752227951,0.83686,0.83709,,,,,,,,,,,,,,,,,,
2013-11-18,0.0018705704539707373,0.83894,0.83885,,,,,,,,,,,,,,,,,,
2013-11-19,0.0018440613576519306,0.83862,0.83952,,,,,,,,,,,,,,,,,,
2013-11-20,0.001838382469037493,0.83743,0.83291,82.0,-0.003181440310504277,0.83477,0.8343,0.83404,0.83295,83.0,-0.0037446282084628232,0.8343,0.834,0.83425,0.833,93.0,-0.004859956896280897,0.83337,0.83339,0.833,0.83331
2013-11-21,0.0018341740197454707,0.8351,0.83286,,,,,,,,,,,,,,,,,,
2013-11-22,0.0018798004353341765,0.83469,0.83525,,,,,,,,,,,,,,,,,,
2013-11-25,0.0018745972782137868,0.83558,0.83687,,,,,,,,,,,,,,,,,,
2013-11-26,0.001867138356760469,0.83831,0.83727,,,,,,,,,,,,,,,,,,
2013-11-27,0.0018648447189169872,0.8334,0.8339,,,,,,,,,,,,,,,,,,
2013-11-28,0.001848746260265247,0.83148,0.83236,,,,,,,,,,,,,,,,,,
2013-11-29,0.0018855071921892463,0.83277,0.83014,,,,,,,,,,,,,,,,,,
2013-12-02,0.0018727779125610083,0.82727,0.82835,,,,,,,,,,,,,,,,,,
2013-12-03,0.0018544112341119384,0.82805,0.82886,,,,,,,,,,,,,,,,,,
2013-12-04,0.0018421815583604298,0.82884,0.8296,,,,,,,,,,,,,,,,,,
2013-12-05,0.0018331928293964619,0.83287,0.83684,50.0,0.003033084500209589,0.8354,0.83522,0.83521,0.83655,62.0,0.004217443918226625,0.83639,0.8363,0.83656,0.83662,71.0,0.004635821456260679,0.83674,0.83687,0.83653,0.83634
2013-12-06,0.001825132184915393,0.8358,0.83808,179.0,0.0030224677008688972,0.83833,0.83833,,,,,,,,,,,,,,
2013-12-09,0.001868890625512543,0.83765,0.83633,,,,,,,,,,,,,,,,,,
2013-12-10,0.0018451499882185,0.83685,0.8378,,,,,,,,,,,,,,,,,,
2013-12-11,0.0018418583556560272,0.84021,0.84191,82.0,0.002769278251724651,0.84254,0.84222,0.84213,0.84186,,,,,,,,,,,,
2013-12-12,0.0018280550602021587,0.84077,0.84144,,,,,,,,,,,,,,,,,,
2013-12-13,0.001867239853615459,0.84376,0.84211,,,,,,,,,,,,,,,,,,
2013-12-16,0.0018574306418385192,0.84416,0.84323,,,,,,,,,,,,,,,,,,
2013-12-17,0.0018355537494729498,0.84483,0.84579,,,,,,,,,,,,,,,,,,
2013-12-18,0.00182211650997226,0.83905,0.83956,,,,,,,,,,,,,,,,,,
2013-12-19,0.0018036014918148238,0.83612,0.83426,157.0,-0.002706620893293865,0.83386,0.83395,0.83367,0.83402,,,,,,,,,,,,
2013-12-20,0.0019755590045406448,0.83512,0.83619,,,,,,,,,,,,,,,,,,
2013-12-23,0.0019608137190334244,0.83875,0.83739,,,,,,,,,,,,,,,,,,
2013-12-24,0.0019504978439198132,0.83505,0.83529,,,,,,,,,,,,,,,,,,
2013-12-26,0.0019361199751161055,0.8334,0.83378,,,,,,,,,,,,,,,,,,
2013-12-27,0.0019227712393434621,0.83645,0.83485,,,,,,,,,,,,,,,,,,
2013-12-30,0.0019097628382035547,0.83597,0.83569,,,,,,,,,,,,,,,,,,
2013-12-31,0.0018832813647542599,0.83325,0.83186,176.0,-0.0028483370918403876,0.83088,0.83107,,,,,,,,,,,,,,
2014-01-02,0.0018821119769007655,0.8282,0.83141,59.0,0.002965894413378027,0.83066,0.83036,0.8304,0.82989,169.0,0.00397662752151549,0.8315,0.83172,0.83183,,,,,,,
2014-01-03,0.0021841268045560153,0.83079,0.82805,119.0,-0.003617556309225553,0.82779,0.82797,0.82818,0.82835,,,,,,,,,,,,
2014-01-06,0.002157232378802649,0.82956,0.83098,,,,,,,,,,,,,,,,,,
2014-01-07,0.0021357410526541385,0.83048,0.82984,,,,,,,,,,,,,,,,,,
2014-01-08,0.002095621780705572,0.82728,0.82519,,,,,,,,,,,,,,,,,,
2014-01-09,0.002053989421067408,0.82338,0.82524,,,,,,,,,,,,,,,,,,
2014-01-10,0.002111887574927928,0.82782,0.82958,,,,,,,,,,,,,,,,,,
2014-01-13,0.0020683422137646053,0.83399,0.83415,,,,,,,,,,,,,,,,,,
2014-01-14,0.002033386277139367,0.83229,0.83162,,,,,,,,,,,,,,,,,,
2014-01-15,0.0020955226382319567,0.83177,0.83096,,,,,,,,,,,,,,,,,,
2014-01-16,0.0021044741135851125,0.83272,0.83167,,,,,,,,,,,,,,,,,,
2014-01-17,0.002074475311816091,0.82557,0.82444,,,,,,,,,,,,,,,,,,
2014-01-20,0.002033688473809329,0.825,0.82557,,,,,,,,,,,,,,,,,,
2014-01-21,0.002259039921377161,0.82171,0.82226,,,,,,,,,,,,,,,,,,
2014-01-22,0.002209447189606202,0.81899,0.81765,,,,,,,,,,,,,,,,,,
2014-01-23,0.0021682728147671662,0.82248,0.82286,,,,,,,,,,,,,,,,,,
2014-01-24,0.0022245292755773854,0.82806,0.8289,,,,,,,,,,,,,,,,,,
2014-01-27,0.002269386735034281,0.82394,0.82474,,,,,,,,,,,,,,,,,,
2014-01-28,0.0023545699787668995,0.82328,0.82444,,,,,,,,,,,,,,,,,,
2014-01-29,0.002401113904660297,0.82409,0.82449,,,,,,,,,,,,,,,,,,
2014-01-30,0.002343570835743409,0.82259,0.82206,,,,,,,,,,,,,,,,,,
2014-01-31,0.0022889184945914212,0.82005,0.82048,,,,,,,,,,,,,,,,,,
2014-02-03,0.002246132619616891,0.82565,0.82871,135.0,0.0034941608163174672,0.82854,0.82832,0.82852,0.82899,169.0,0.004579819374803173,0.82944,0.82948,0.8294,,,,,,,
2014-02-04,0.002159079765631228,0.82893,0.8282,,,,,,,,,,,,,,,,,,
2014-02-05,0.0024067262307310663,0.83064,0.82909,,,,,,,,,,,,,,,,,,
2014-02-06,0.0023661525070263214,0.83417,0.83246,,,,,,,,,,,,,,,,,,
2014-02-07,0.002322454778963254,0.83039,0.83074,,,,,,,,,,,,,,,,,,
2014-02-10,0.002309612093864211,0.83072,0.83137,,,,,,,,,,,,,,,,,,
2014-02-11,0.002213219924437119,0.82992,0.82907,,,,,,,,,,,,,,,,,,
2014-02-12,0.002178599041510124,0.82038,0.81945,,,,,,,,,,,,,,,,,,
2014-02-13,0.00217141084799237,0.8209,0.82129,,,,,,,,,,,,,,,,,,
2014-02-14,0.002454385870731526,0.81928,0.81833,,,,,,,,,,,,,,,,,,
2014-02-17,0.0024169135879164643,0.81929,0.82022,,,,,,,,,,,,,,,,,,
2014-02-18,0.0023579049507854266,0.82263,0.82378,,,,,,,,,,,,,,,,,,
2014-02-19,0.002332472869549432,0.82457,0.82217,,,,,,,,,,,,,,,,,,
2014-02-20,0.0023687355247745037,0.82152,0.82286,,,,,,,,,,,,,,,,,,
2014-02-21,0.0023133531267019334,0.82214,0.82536,129.0,0.0037272025423204435,0.82521,0.82471,0.82423,0.8245,,,,,,,,,,,,
2014-02-24,0.0022639965586560306,0.82558,0.82476,,,,,,,,,,,,,,,,,,
2014-02-25,0.002215446185752507,0.82331,0.82347,,,,,,,,,,,,,,,,,,
2014-02-26,0.002170723280258202,0.82258,0.82152,,,,,,,,,,,,,,,,,,
2014-02-27,0.002123125516417174,0.82058,0.82178,,,,,,,,,,,,,,,,,,
2014-02-28,0.0021104753505569863,0.82585,0.82524,,,,,,,,,,,,,,,,,,
2014-03-03,0.002066016732075485,0.8236,0.82429,,,,,,,,,,,,,,,,,,
2014-03-04,0.0020244612198426076,0.82418,0.82354,,,,,,,,,,,,,,,,,,
2014-03-05,0.002001233383484615,0.8209,0.82077,,,,,,,,,,,,,,,,,,
2014-03-06,0.0019643770351359655,0.82674,0.82676,,,,,,,,,,,,,,,,,,
2014-03-07,0.0019481249003695114,0.82814,0.82944,,,,,,,,,,,,,,,,,,
2014-03-10,0.0020973732261442796,0.83412,0.8344,,,,,,,,,,,,,,,,,,
2014-03-11,0.0020305960458028055,0.83379,0.83371,,,,,,,,,,,,,,,,,,
2014-03-12,0.002036220208703226,0.83597,0.83704,,,,,,,,,,,,,,,,,,
2014-03-13,0.001994046904131775,0.83483,0.83498,,,,,,,,,,,,,,,,,,
2014-03-14,0.0019901832141113697,0.83691,0.83756,,,,,,,,,,,,,,,,,,
2014-03-17,0.001969355016911179,0.83624,0.83666,,,,,,,,,,,,,,,,,,
2014-03-18,0.0019068657859458125,0.83779,0.83933,,,,,,,,,,,,,,,,,,
2014-03-19,0.0018793189742835168,0.83621,0.83644,,,,,,,,,,,,,,,,,,
2014-03-20,0.001862665441730433,0.83386,0.83473,,,,,,,,,,,,,,,,,,
2014-03-21,0.0018659783224525817,0.83569,0.8356,,,,,,,,,,,,,,,,,,
2014-03-24,0.001844408606866304,0.83463,0.83591,,,,,,,,,,,,,,,,,,
2014-03-25,0.001802480090259841,0.83661,0.83461,116.0,-0.002848868365233224,0.83423,0.83417,0.8342,0.83474,,,,,,,,,,,,
2014-03-26,0.0017834734838479678,0.83318,0.83222,,,,,,,,,,,,,,,,,,
2014-03-27,0.0017934506625314941,0.82728,0.82715,,,,,,,,,,,,,,,,,,
2014-03-28,0.0018439265477408035,0.82606,0.82645,,,,,,,,,,,,,,,,,,
2014-03-31,0.0018918528843490832,0.82834,0.82602,,,,,,,,,,,,,,,,,,
2014-04-01,0.001825801587432233,0.82888,0.82955,,,,,,,,,,,,,,,,,,
2014-04-02,0.0017935700391221794,0.82819,0.82725,,,,,,,,,,,,,,,,,,
2014-04-03,0.0018168361553278832,0.82969,0.82649,71.0,-0.0027638830211818544,0.8274,0.82742,0.82732,0.82759,143.0,-0.0036828451423934305,0.82664,0.82656,0.82645,0.82686,,,,,,
2014-04-04,0.0018410570330839797,0.82754,0.82579,154.0,-0.002928614148888015,0.82512,0.82518,0.82513,0.82503,,,,,,,,,,,,
2014-04-07,0.0018108340254541382,0.82729,0.82718,,,,,,,,,,,,,,,,,,
2014-04-08,0.001752118767217599,0.82424,0.82436,,,,,,,,,,,,,,,,,,
2014-04-09,0.00172587843853458,0.82372,0.82472,,,,,,,,,,,,,,,,,,
2014-04-10,0.0017655174106857058,0.82677,0.82783,,,,,,,,,,,,,,,,,,
2014-04-11,0.0017416644292742596,0.82951,0.83042,,,,,,,,,,,,,,,,,,
2014-04-14,0.0017918205002917778,0.82763,0.82571,,,,,,,,,,,,,,,,,,
2014-04-15,0.0017576676244659697,0.82532,0.8255,,,,,,,,,,,,,,,,,,
2014-04-16,0.001741644104348882,0.82369,0.82288,,,,,,,,,,,,,,,,,,
2014-04-17,0.0017144902774556712,0.8244,0.82281,,,,,,,,,,,,,,,,,,
2014-04-18,0.0017637754657628577,0.82299,0.82282,,,,,,,,,,,,,,,,,,
2014-04-21,0.0017369362379185801,0.82191,0.82106,,,,,,,,,,,,,,,,,,
2014-04-22,0.0016861679694854111,0.82107,0.82001,,,,,,,,,,,,,,,,,,
2014-04-23,0.0016649300609850226,0.82367,0.82392,,,,,,,,,,,,,,,,,,
2014-04-24,0.0016432830223954847,0.82301,0.82316,,,,,,,,,,,,,,,,,,
2014-04-25,0.0016557857104343779,0.8228,0.82316,,,,,,,,,,,,,,,,,,
2014-04-28,0.0016333122246584646,0.82282,0.82343,,,,,,,,,,,,,,,,,,
2014-04-29,0.0015921845392476324,0.82321,0.82036,75.0,-0.0024202927110564287,0.82122,0.82119,0.82125,0.82123,165.0,-0.00321211143813007,0.82057,0.8205,0.82066,0.82031,,,,,,
2014-04-30,0.0015815327664876371,0.82315,0.82146,179.0,-0.002578794505303812,0.82103,0.82109,,,,,,,,,,,,,,
2014-05-01,0.0016380248644559598,0.82084,0.82043,,,,,,,,,,,,,,,,,,
2014-05-02,0.0016238357512993681,0.82195,0.82187,,,,,,,,,,,,,,,,,,
2014-05-05,0.0016067978963649678,0.82296,0.82281,,,,,,,,,,,,,,,,,,
2014-05-06,0.0015794946438868872,0.82124,0.82014,,,,,,,,,,,,,,,,,,
2014-05-07,0.0015617572587634427,0.82054,0.8203,,,,,,,,,,,,,,,,,,
2014-05-08,0.0015600888372690486,0.82309,0.81816,55.0,-0.0031028906091210163,0.82054,0.82108,0.82049,0.8198,60.0,-0.003163827947275063,0.82049,0.82031,0.81992,0.81903,64.0,-0.0039929446197796235,0.81981,0.81992,0.82005,0.81893
2014-05-09,0.0015510316488407724,0.81714,0.81669,,,,,,,,,,,,,,,,,,
2014-05-12,0.001591210333046453,0.8151,0.81543,,,,,,,,,,,,,,,,,,
2014-05-13,0.0015625593912132775,0.81403,0.81413,,,,,,,,,,,,,,,,,,
2014-05-14,0.0015510512657185818,0.81747,0.81727,,,,,,,,,,,,,,,,,,
2014-05-15,0.0015396389335259437,0.81515,0.81664,,,,,,,,,,,,,,,,,,
2014-05-16,0.0016095086864847468,0.81527,0.81438,,,,,,,,,,,,,,,,,,
2014-05-19,0.001594662630817464,0.81472,0.81544,,,,,,,,,,,,,,,,,,
2014-05-20,0.0015853900077538964,0.81426,0.81316,,,,,,,,,,,,,,,,,,
2014-05-21,0.0015706445040366375,0.80957,0.80991,,,,,,,,,,,,,,,,,,
2014-05-22,0.0015659384453986594,0.81022,0.80963,,,,,,,,,,,,,,,,,,
2014-05-23,0.0016370514451929789,0.80928,0.8101,,,,,,,,,,,,,,,,,,
2014-05-26,0.001616703227960116,0.80978,0.81009,,,,,,,,,,,,,,,,,,
2014-05-27,0.0015801168152681105,0.81096,0.81052,,,,,,,,,,,,,,,,,,
2014-05-28,0.001570291257996426,0.81266,0.81353,,,,,,,,,,,,,,,,,,
2014-05-29,0.0015582572612301436,0.81433,0.81388,,,,,,,,,,,,,,,,,,
2014-05-30,0.0015750434108060846,0.813,0.81352,,,,,,,,,,,,,,,,,,
2014-06-03,0.001557949183329458,0.81333,0.81312,,,,,,,,,,,,,,,,,,
2014-06-04,0.0015391361962934793,0.81282,0.81316,,,,,,,,,,,,,,,,,,
2014-06-05,0.0015443972728024474,0.80998,0.81065,33.0,-0.002534134898806703,0.80793,0.808,0.80643,0.80705,36.0,-0.003772632512002892,0.80693,0.80665,0.8067,0.80711,37.0,-0.004119686891470318,0.80665,0.80643,0.80665,0.807
2014-06-06,0.0015518537621097921,0.81063,0.81203,78.0,0.0023657276401468645,0.81255,0.81242,0.81254,0.81231,,,,,,,,,,,,
2014-06-09,0.0015378837237825925,0.80991,0.80896,,,,,,,,,,,,,,,,,,
2014-06-10,0.001508742805937092,0.80728,0.80824,,,,,,,,,,,,,,,,,,
2014-06-11,0.0015534030890563713,0.80721,0.80567,,,,,,,,,,,,,,,,,,
2014-06-12,0.0015399667139604275,0.80427,0.80428,,,,,,,,,,,,,,,,,,
2014-06-13,0.001534476116264735,0.7983,0.79761,,,,,,,,,,,,,,,,,,
2014-06-16,0.0017221540260953735,0.79755,0.79917,,,,,,,,,,,,,,,,,,
2014-06-17,0.0016941990906274545,0.79919,0.79826,,,,,,,,,,,,,,,,,,
2014-06-18,0.0016985661334875336,0.80037,0.80041,,,,,,,,,,,,,,,,,,
2014-06-19,0.0016781820823189347,0.79955,0.79892,,,,,,,,,,,,,,,,,,
2014-06-20,0.0016643698527121923,0.79771,0.79845,,,,,,,,,,,,,,,,,,
2014-06-23,0.0016467977371558648,0.79936,0.79882,,,,,,,,,,,,,,,,,,
2014-06-24,0.0016067590835375318,0.80173,0.80059,,,,,,,,,,,,,,,,,,
2014-06-25,0.0015868819426122656,0.80194,0.80278,,,,,,,,,,,,,,,,,,
2014-06-26,0.0016113592868574622,0.79927,0.79975,,,,,,,,,,,,,,,,,,
2014-06-27,0.00160138250607965,0.79986,0.80094,,,,,,,,,,,,,,,,,,
2014-06-30,0.0016314350569932063,0.80099,0.80022,,,,,,,,,,,,,,,,,,
2014-07-01,0.0016056630459609957,0.79812,0.79773,,,,,,,,,,,,,,,,,,
2014-07-02,0.001592348316162422,0.79616,0.7955,,,,,,,,,,,,,,,,,,
2014-07-03,0.0016117224333515208,0.79662,0.79346,58.0,-0.002564103968937759,0.79458,0.79446,0.7942,0.79386,64.0,-0.0033446949914887505,0.79396,0.79408,0.79366,0.79367,119.0,-0.004176316827908382,0.7933,0.79336,0.79352,0.79359
2014-07-04,0.0016150450795810048,0.7928,0.79227,,,,,,,,,,,,,,,,,,
2014-07-07,0.0016372267228576005,0.79364,0.79409,,,,,,,,,,,,,,,,,,
2014-07-08,0.0015971011439972682,0.79407,0.79489,,,,,,,,,,,,,,,,,,
2014-07-09,0.0015959792452886407,0.7951,0.79555,,,,,,,,,,,,,,,,,,
2014-07-10,0.0015806221666685627,0.79496,0.79427,,,,,,,,,,,,,,,,,,
2014-07-11,0.0015683653846258418,0.79427,0.79472,,,,,,,,,,,,,,,,,,
2014-07-14,0.001565736523438376,0.79658,0.79741,,,,,,,,,,,,,,,,,,
2014-07-15,0.0015455176649625695,0.79353,0.79146,117.0,-0.0023467081170716036,0.79167,0.79163,0.79157,0.79193,169.0,-0.0031048870077822204,0.79107,0.79107,0.79107,,,,,,,
2014-07-16,0.001561163099375219,0.79017,0.78972,,,,,,,,,,,,,,,,,,
2014-07-17,0.0017205545963147946,0.79101,0.79094,,,,,,,,,,,,,,,,,,
2014-07-18,0.0017183101007857034,0.79161,0.79171,,,,,,,,,,,,,,,,,,
2014-07-21,0.0017109436407410329,0.7915,0.79232,,,,,,,,,,,,,,,,,,
2014-07-22,0.0016641679873597378,0.79022,0.78942,,,,,,,,,,,,,,,,,,
2014-07-23,0.0016436984035117653,0.79074,0.79009,,,,,,,,,,,,,,,,,,
2014-07-24,0.0016860629937057777,0.79217,0.79299,,,,,,,,,,,,,,,,,,
2014-07-25,0.0016758054912032292,0.79172,0.7913,,,,,,,,,,,,,,,,,,
2014-07-28,0.0016897045799479653,0.79101,0.79094,,,,,,,,,,,,,,,,,,
2014-07-29,0.001656296395498324,0.79239,0.79159,,,,,,,,,,,,,,,,,,
2014-07-30,0.0016341467710421274,0.79163,0.79133,,,,,,,,,,,,,,,,,,
2014-07-31,0.0016131862003571308,0.79286,0.79264,,,,,,,,,,,,,,,,,,
2014-08-01,0.0015959898077923824,0.79617,0.798,,,,,,,,,,,,,,,,,,
2014-08-04,0.001587248058338191,0.79705,0.79644,,,,,,,,,,,,,,,,,,
2014-08-05,0.0016844238325408238,0.79397,0.79208,,,,,,,,,,,,,,,,,,
2014-08-06,0.0016834960479055615,0.79271,0.79324,,,,,,,,,,,,,,,,,,
2014-08-07,0.001725699425558459,0.79411,0.79299,,,,,,,,,,,,,,,,,,
2014-08-08,0.0017242582635419454,0.79657,0.79929,152.0,0.002770553688729385,0.79878,0.7988,0.79894,0.79885,,,,,,,,,,,,
2014-08-11,0.0016984544455033352,0.7977,0.79735,,,,,,,,,,,,,,,,,,
2014-08-12,0.0017733486897944884,0.79539,0.79469,,,,,,,,,,,,,,,,,,
2014-08-13,0.0017529709708236335,0.79979,0.80054,,,,,,,,,,,,,,,,,,
2014-08-14,0.0017408075316045755,0.80172,0.80115,,,,,,,,,,,,,,,,,,
2014-08-15,0.0018756330631401678,0.80209,0.80264,,,,,,,,,,,,,,,,,,
2014-08-18,0.0018416535228226762,0.80041,0.79881,,,,,,,,,,,,,,,,,,
2014-08-19,0.0018002916208090473,0.80231,0.80132,,,,,,,,,,,,,,,,,,
2014-08-20,0.0017879547134901125,0.79788,0.79852,,,,,,,,,,,,,,,,,,
2014-08-21,0.00178683987321552,0.7993,0.8008,,,,,,,,,,,,,,,,,,
2014-08-22,0.0017756162894174894,0.80008,0.79851,,,,,,,,,,,,,,,,,,
2014-08-25,0.001767142028148735,0.79563,0.79612,,,,,,,,,,,,,,,,,,
2014-08-26,0.0017435912579055897,0.79595,0.79593,,,,,,,,,,,,,,,,,,
2014-08-27,0.0017329642439518095,0.79438,0.79581,,,,,,,,,,,,,,,,,,
2014-08-28,0.0017072111096743403,0.79457,0.79469,,,,,,,,,,,,,,,,,,
2014-08-29,0.0016863163786254751,0.79539,0.79282,179.0,-0.003009338769038948,0.793,0.79317,,,,,,,,,,,,,,
2014-09-01,0.001673282278425444,0.79056,0.7901,,,,,,,,,,,,,,,,,,
2014-09-02,0.0016928956741460706,0.79333,0.79532,148.0,0.0025555660384511025,0.79536,0.79534,0.79524,0.79488,,,,,,,,,,,,
2014-09-03,0.001669159322222235,0.79903,0.79849,,,,,,,,,,,,,,,,,,
2014-09-04,0.001842113607785276,0.79384,0.7906,37.0,-0.002876247725283121,0.79156,0.79166,0.79193,0.79281,155.0,-0.0038494838118353306,0.79079,0.79073,0.79088,0.79077,,,,,,
2014-09-05,0.0018210560501863216,0.79499,0.79415,,,,,,,,,,,,,,,,,,
2014-09-08,0.001954279313504795,0.80203,0.80211,160.0,-0.0030344110244550485,0.7996,0.79994,0.8003,0.80058,,,,,,,,,,,,
2014-09-09,0.0019969984585376794,0.80011,0.80251,,,,,,,,,,,,,,,,,,
2014-09-10,0.001995804138155432,0.80193,0.80011,83.0,-0.003072314143896692,0.79947,0.79938,0.79918,0.79958,,,,,,,,,,,,
2014-09-11,0.001961632774550904,0.79535,0.79712,,,,,,,,,,,,,,,,,,
2014-09-12,0.0020235721461720753,0.79694,0.79753,,,,,,,,,,,,,,,,,,
2014-09-15,0.0019933666935554725,0.79563,0.79725,,,,,,,,,,,,,,,,,,
2014-09-16,0.0019321847715413382,0.79886,0.79732,,,,,,,,,,,,,,,,,,
2014-09-17,0.0018983163664593107,0.79347,0.79329,,,,,,,,,,,,,,,,,,
2014-09-18,0.0018637829516705352,0.78818,0.78892,30.0,-0.003418763298590638,0.78549,0.78596,0.78589,0.78654,,,,,,,,,,,,
2014-09-19,0.001979125714707558,0.7866,0.78678,,,,,,,,,,,,,,,,,,
2014-09-22,0.002181468435694221,0.78623,0.78504,,,,,,,,,,,,,,,,,,
2014-09-23,0.0021667624784746055,0.78598,0.78536,,,,,,,,,,,,,,,,,,
2014-09-24,0.0021311190460802537,0.78231,0.7822,,,,,,,,,,,,,,,,,,
2014-09-25,0.0020871945290941683,0.78097,0.78147,74.0,-0.0031549004032702718,0.77851,0.77858,0.77872,0.7786,,,,,,,,,,,,
2014-09-26,0.0020471652519547553,0.78061,0.78039,,,,,,,,,,,,,,,,,,
2014-09-29,0.0020119299446862172,0.78244,0.78066,,,,,,,,,,,,,,,,,,
2014-09-30,0.0019361881679104695,0.77762,0.77853,,,,,,,,,,,,,,,,,,
2014-10-01,0.0018992460206317598,0.77811,0.77804,,,,,,,,,,,,,,,,,,
2014-10-02,0.0018813895781865965,0.78265,0.78496,172.0,0.002832501638597071,0.78487,0.78483,0.78478,,,,,,,,,,,,,
2014-10-03,0.0018492841342524298,0.78481,0.78401,32.0,-0.003241700773827765,0.78227,0.78307,0.78258,0.78227,,,,,,,,,,,,
2014-10-06,0.0019319450087610796,0.78563,0.78542,,,,,,,,,,,,,,,,,,
2014-10-07,0.0018622136712417557,0.78431,0.78557,,,,,,,,,,,,,,,,,,
2014-10-08,0.0018802449687982216,0.78693,0.78934,180.0,0.0029311580018646977,0.78924,,,,,,,,,,,,,,,
2014-10-09,0.001847493383282251,0.78793,0.78658,87.0,-0.0027960314594787316,0.78573,0.78573,0.78562,0.78571,,,,,,,,,,,,
2014-10-10,0.001819435379162126,0.78809,0.78728,,,,,,,,,,,,,,,,,,
2014-10-13,0.0017887057781383457,0.78822,0.78931,,,,,,,,,,,,,,,,,,
2014-10-14,0.0017795828971596617,0.79466,0.79464,,,,,,,,,,,,,,,,,,
2014-10-15,0.001848373583617915,0.79573,0.80084,76.0,0.0031994807752693728,0.79828,0.79835,0.79821,0.79955,86.0,0.0038506692171448617,0.7988,0.79941,0.79955,0.80128,88.0,0.004676567428344483,0.79946,0.79986,0.79962,0.8011
2014-10-16,0.001862883816230338,0.79722,0.79758,,,,,,,,,,,,,,,,,,
2014-10-17,0.0020729350769808624,0.7961,0.79301,135.0,-0.003145250123869512,0.7936,0.79349,0.79365,0.7943,,,,,,,,,,,,
2014-10-20,0.0021841159116035855,0.79177,0.79216,,,,,,,,,,,,,,,,,,
2014-10-21,0.002120810981158816,0.79076,0.78871,86.0,-0.003318769275790861,0.78814,0.7883,0.78865,0.78879,,,,,,,,,,,,
2014-10-22,0.0020764609317387773,0.79138,0.78774,,,,,,,,,,,,,,,,,,
2014-10-23,0.0020639723148068033,0.79048,0.78916,,,,,,,,,,,,,,,,,,
2014-10-24,0.0020373558963809636,0.7887,0.78728,,,,,,,,,,,,,,,,,,
2014-10-27,0.0020157515060180023,0.78744,0.78793,,,,,,,,,,,,,,,,,,
2014-10-28,0.001960533424962708,0.78815,0.78874,,,,,,,,,,,,,,,,,,
2014-10-29,0.00192636921884147,0.79004,0.79003,,,,,,,,,,,,,,,,,,
2014-10-30,0.0019026644709489882,0.78733,0.78769,,,,,,,,,,,,,,,,,,
2014-10-31,0.0018672817561578422,0.78618,0.78293,86.0,-0.003006371691116328,0.78382,0.78388,0.78368,0.78407,88.0,-0.0038742943473250983,0.78314,0.78323,0.78399,0.78368,,,,,,
2014-11-03,0.0018485052716265035,0.78157,0.78102,,,,,,,,,,,,,,,,,,
2014-11-04,0.0019466035297338736,0.78206,0.7845,106.0,0.003025875439095582,0.78443,0.78452,0.78476,0.78521,115.0,0.004057939595125965,0.78524,0.78504,0.78531,0.7848,,,,,,
2014-11-05,0.0019172275744976988,0.78257,0.78183,,,,,,,,,,,,,,,,,,
2014-11-06,0.0018911884763755439,0.78072,0.78273,,,,,,,,,,,,,,,,,,
2014-11-07,0.0018602038830362413,0.78286,0.7846,,,,,,,,,,,,,,,,,,
2014-11-10,0.0018331771824123026,0.78512,0.78361,165.0,-0.0027549632240292782,0.78296,0.78287,0.7831,0.78351,,,,,,,,,,,,
2014-11-11,0.0018032296845533623,0.78305,0.78455,,,,,,,,,,,,,,,,,,
2014-11-12,0.0017767839130901988,0.78774,0.78736,,,,,,,,,,,,,,,,,,
2014-11-13,0.0017465532010247674,0.79154,0.79358,177.0,0.002699942342380593,0.79368,0.79392,,,,,,,,,,,,,,
2014-11-14,0.0018769184602542926,0.79462,0.79936,83.0,0.0030533991191101844,0.79705,0.79703,0.79723,0.79761,95.0,0.00410673037629294,0.79789,0.79797,0.79755,0.7978,,,,,,
2014-11-17,0.001970150562430019,0.79857,0.79604,115.0,-0.0029596580377435405,0.79621,0.79633,0.79595,0.796,,,,,,,,,,,,
2014-11-18,0.00201592466250428,0.8002,0.801,,,,,,,,,,,,,,,,,,
2014-11-19,0.0019785919184477857,0.80083,0.80017,,,,,,,,,,,,,,,,,,
2014-11-20,0.002073745116547737,0.7991,0.79926,,,,,,,,,,,,,,,,,,
2014-11-21,0.0020417140061811004,0.79227,0.79141,,,,,,,,,,,,,,,,,,
2014-11-24,0.001997619508587611,0.79189,0.79165,,,,,,,,,,,,,,,,,,
2014-11-25,0.0021975338787735064,0.79232,0.79321,,,,,,,,,,,,,,,,,,
2014-11-26,0.0021502046735694166,0.79133,0.79224,,,,,,,,,,,,,,,,,,
2014-11-27,0.002132724557938688,0.79276,0.79323,,,,,,,,,,,,,,,,,,
2014-11-28,0.002113161590623894,0.79549,0.79587,,,,,,,,,,,,,,,,,,
2014-12-01,0.0020676246187835614,0.79322,0.79317,,,,,,,,,,,,,,,,,,
2014-12-02,0.00204201448714777,0.79305,0.79183,,,,,,,,,,,,,,,,,,
2014-12-03,0.0020999484207844875,0.78586,0.78358,144.0,-0.0032756617251369193,0.78329,0.78332,0.7835,0.78348,,,,,,,,,,,,
2014-12-04,0.0020570618724827902,0.79002,0.7894,,,,,,,,,,,,,,,,,,
2014-12-05,0.002221168149391831,0.78679,0.78838,,,,,,,,,,,,,,,,,,
2014-12-08,0.0023699063423996154,0.78507,0.78741,,,,,,,,,,,,,,,,,,
2014-12-09,0.00231814664264379,0.79064,0.79005,,,,,,,,,,,,,,,,,,
2014-12-10,0.0022856461356391884,0.78971,0.79123,,,,,,,,,,,,,,,,,,
2014-12-11,0.0022797007088755992,0.79141,0.78866,92.0,-0.0034428234753332097,0.78869,0.78888,0.78916,0.78903,,,,,,,,,,,,
2014-12-12,0.0022413650180426728,0.79235,0.79271,,,,,,,,,,,,,,,,,,
2014-12-15,0.0022473568661342054,0.7938,0.79515,146.0,0.0035085769680401322,0.79659,0.79651,0.79661,0.79711,,,,,,,,,,,,
2014-12-16,0.002215809615994145,0.79469,0.79399,,,,,,,,,,,,,,,,,,
2014-12-17,0.0022381640448248187,0.79292,0.79304,,,,,,,,,,,,,,,,,,
2014-12-18,0.0021945911866089298,0.78597,0.78424,,,,,,,,,,,,,,,,,,
2014-12-19,0.002166886144450325,0.78515,0.7836,158.0,-0.00325307255465083,0.7826,0.78262,0.78323,0.78366,,,,,,,,,,,,
2014-12-22,0.002339462025256067,0.78494,0.78508,,,,,,,,,,,,,,,,,,
2014-12-23,0.002249715387221697,0.78614,0.7846,,,,,,,,,,,,,,,,,,
2014-12-24,0.002218957358195956,0.7854,0.78377,,,,,,,,,,,,,,,,,,
2014-12-26,0.00216926776054144,0.78271,0.78275,,,,,,,,,,,,,,,,,,
2014-12-29,0.0020836279567799077,0.7851,0.78406,,,,,,,,,,,,,,,,,,
2014-12-30,0.002032595349060124,0.78296,0.78138,,,,,,,,,,,,,,,,,,
2014-12-31,0.0019915613604566066,0.77839,0.77666,168.0,-0.00301073282671521,0.77605,0.77601,0.77615,,,,,,,,,,,,,
2015-01-01,0.001955132764676642,0.77668,0.77668,,,,,,,,,,,,,,,,,,
2015-01-02,0.0020003655924542424,0.78029,0.78199,,,,,,,,,,,,,,,,,,
2015-01-05,0.0019584076997623727,0.78331,0.78288,,,,,,,,,,,,,,,,,,
2015-01-06,0.002144965412902597,0.78446,0.78604,,,,,,,,,,,,,,,,,,
2015-01-07,0.002116101547023613,0.78303,0.78405,,,,,,,,,,,,,,,,,,
2015-01-08,0.00207866182588642,0.7821,0.78163,,,,,,,,,,,,,,,,,,
2015-01-09,0.0020355548753480087,0.77958,0.78143,,,,,,,,,,,,,,,,,,
2015-01-12,0.002000108619345393,0.77997,0.7798,,,,,,,,,,,,,,,,,,
2015-01-13,0.0019308563298304632,0.77658,0.77744,,,,,,,,,,,,,,,,,,
2015-01-14,0.0018961771647608584,0.77536,0.77447,,,,,,,,,,,,,,,,,,
2015-01-15,0.0019126710960605977,0.7682,0.7657,47.0,-0.0031421351936191805,0.76579,0.76588,0.76578,0.76511,61.0,-0.0039128783457066585,0.7652,0.76511,0.76466,0.76635,65.0,-0.004867332646854098,0.76447,0.76466,0.76621,0.76601
2015-01-16,0.0019511984140829493,0.76273,0.76227,103.0,-0.003112097003875523,0.76036,0.76071,0.76008,0.76019,111.0,-0.003993647009980351,0.75969,0.76,0.76018,0.76107,,,,,,
2015-01-19,0.002115385229121072,0.76662,0.76703,,,,,,,,,,,,,,,,,,
2015-01-20,0.002067331917275576,0.76338,0.76213,,,,,,,,,,,,,,,,,,
2015-01-21,0.0021366730103051434,0.76938,0.76587,37.0,-0.0034763623081109176,0.76671,0.76664,0.76809,0.76979,164.0,-0.004363662234535134,0.76603,0.76604,0.76602,0.7663,,,,,,
2015-01-22,0.002209713318561262,0.7617,0.75764,8.0,-0.004064966033132317,0.75861,0.75834,0.758,0.75894,9.0,-0.004420943491652572,0.75834,0.75833,0.759,0.75866,57.0,-0.005912151580331337,0.75721,0.7575,0.75811,0.75785
2015-01-23,0.0022060185522908516,0.7493,0.74946,,,,,,,,,,,,,,,,,,
2015-01-26,0.002544342703293303,0.75021,0.74736,,,,,,,,,,,,,,,,,,
2015-01-27,0.0026860602773023014,0.74698,0.74702,103.0,0.004514680354526613,0.75036,0.75015,0.74941,0.75027,,,,,,,,,,,,
2015-01-28,0.002618102761649137,0.74692,0.74807,,,,,,,,,,,,,,,,,,
2015-01-29,0.0025795349743157735,0.74909,0.75103,89.0,0.004050044837386754,0.75213,0.75243,0.75208,0.75143,,,,,,,,,,,,
2015-01-30,0.002548127757034098,0.75174,0.7515,,,,,,,,,,,,,,,,,,
2015-02-02,0.0026835101240513634,0.75218,0.75428,,,,,,,,,,,,,,,,,,
2015-02-03,0.002581043255712266,0.75781,0.75698,,,,,,,,,,,,,,,,,,
2015-02-04,0.002597239136252947,0.75136,0.75087,,,,,,,,,,,,,,,,,,
2015-02-05,0.0025356760432348425,0.74648,0.7485,,,,,,,,,,,,,,,,,,
2015-02-06,0.002811551484243544,0.74481,0.74268,,,,,,,,,,,,,,,,,,
2015-02-09,0.0027442235108939847,0.74199,0.74443,,,,,,,,,,,,,,,,,,
2015-02-10,0.0027465571981898375,0.74221,0.74151,,,,,,,,,,,,,,,,,,
2015-02-11,0.002678776475895373,0.7396,0.74155,,,,,,,,,,,,,,,,,,
2015-02-12,0.002618200820561686,0.73886,0.74081,162.0,0.004052088314946579,0.74186,0.742,0.74209,0.7417,,,,,,,,,,,,
2015-02-13,0.0025586658334999703,0.74022,0.74073,,,,,,,,,,,,,,,,,,
2015-02-16,0.002506894202988608,0.74195,0.7392,,,,,,,,,,,,,,,,,,
2015-02-17,0.002410464855087964,0.74355,0.74322,,,,,,,,,,,,,,,,,,
2015-02-18,0.0023536629636038034,0.73713,0.73545,,,,,,,,,,,,,,,,,,
2015-02-19,0.0023606970191152993,0.73754,0.73712,,,,,,,,,,,,,,,,,,
2015-02-20,0.002356261409240664,0.73554,0.74003,105.0,0.0040432601925844604,0.73852,0.73885,0.73885,0.73966,117.0,0.004774185115825772,0.73906,0.73958,0.73954,0.73871,,,,,,
2015-02-23,0.002329124937551525,0.73474,0.73315,,,,,,,,,,,,,,,,,,
2015-02-24,0.0022483725039238144,0.73436,0.73321,,,,,,,,,,,,,,,,,,
2015-02-25,0.0023470056781095578,0.73238,0.73266,,,,,,,,,,,,,,,,,,
2015-02-26,0.002294265103831314,0.72737,0.72631,,,,,,,,,,,,,,,,,,
2015-02-27,0.0022532966790117367,0.72771,0.72503,173.0,-0.0034689276991202514,0.72519,0.72518,0.72525,,,,,,,,,,,,,
2015-03-02,0.002322020941238247,0.72944,0.72793,,,,,,,,,,,,,,,,,,
2015-03-03,0.0022388949770921784,0.72769,0.72821,,,,,,,,,,,,,,,,,,
2015-03-04,0.0022121703463993743,0.72648,0.72535,,,,,,,,,,,,,,,,,,
2015-03-05,0.002162355658687412,0.7244,0.72349,,,,,,,,,,,,,,,,,,
2015-03-06,0.002136982811724391,0.72006,0.72089,,,,,,,,,,,,,,,,,,
2015-03-09,0.0021144459045579116,0.71905,0.71826,,,,,,,,,,,,,,,,,,
2015-03-10,0.002043192754712327,0.71343,0.71001,,,,,,,,,,,,,,,,,,
2015-03-11,0.002028267230699969,0.70404,0.70753,120.0,0.0031482689266754053,0.70626,0.70625,0.70635,0.70642,173.0,0.0042662120280165675,0.70705,0.70692,0.70692,,,,,,,
2015-03-12,0.0023350237576106343,0.70988,0.71223,,,,,,,,,,,,,,,,,,
2015-03-13,0.002364644443374556,0.71404,0.71298,94.0,0.003578821691502013,0.7166,0.71676,0.71691,0.71616,,,,,,,,,,,,
2015-03-16,0.002679353762000839,0.71226,0.71481,100.0,0.004091245968984544,0.71518,0.71494,0.71464,0.71577,120.0,0.0057258610458837955,0.71635,0.71625,0.71587,0.71597,,,,,,
2015-03-17,0.00259074859126478,0.71946,0.71905,,,,,,,,,,,,,,,,,,
2015-03-18,0.0025222903786446377,0.7244,0.72464,,,,,,,,,,,,,,,,,,
2015-03-19,0.0026012305695568413,0.71799,0.72164,118.0,0.004308314749801664,0.72109,0.72082,0.72158,0.7218,125.0,0.005417131340419759,0.72189,0.72189,0.72184,0.72237,141.0,0.006773758254650781,0.72287,0.72283,0.72301,0.72288
2015-03-20,0.0026586511453788667,0.72517,0.72346,,,,,,,,,,,,,,,,,,
2015-03-23,0.002592022512094798,0.73076,0.73166,,,,,,,,,,,,,,,,,,
2015-03-24,0.002458168563390926,0.73651,0.7334,77.0,-0.003931630158873232,0.73362,0.73384,0.73441,0.73404,,,,,,,,,,,,
2015-03-25,0.0026848712438520194,0.73677,0.73653,,,,,,,,,,,,,,,,,,
2015-03-26,0.002672116367747829,0.73645,0.73561,,,,,,,,,,,,,,,,,,
2015-03-27,0.0026195504870174303,0.72875,0.73212,,,,,,,,,,,,,,,,,,
2015-03-30,0.0026361572689077525,0.73269,0.73133,,,,,,,,,,,,,,,,,,
2015-03-31,0.002508592772775864,0.72657,0.72347,177.0,-0.0037920880527309744,0.72382,0.7235,,,,,,,,,,,,,,
2015-04-01,0.0024473449591392842,0.72799,0.72628,,,,,,,,,,,,,,,,,,
2015-04-02,0.00256655673551736,0.73058,0.73222,79.0,0.0038525164112099084,0.7334,0.73329,0.73361,0.73315,172.0,0.005201483429824601,0.73439,0.73433,0.73392,,,,,,,
2015-04-03,0.0025075764275095886,0.73489,0.73683,67.0,0.0038977403096590686,0.73776,0.73745,0.73775,0.73744,,,,,,,,,,,,
2015-04-06,0.002645776293042486,0.73553,0.73584,,,,,,,,,,,,,,,,,,
2015-04-07,0.002538792634597799,0.72902,0.73031,,,,,,,,,,,,,,,,,,
2015-04-08,0.0024806751161155923,0.72661,0.72497,165.0,-0.003778064170724746,0.72387,0.72352,0.72353,0.72311,173.0,-0.004994491618454282,0.72299,0.72299,0.72314,,,,,,,
2015-04-09,0.002486610911333532,0.72567,0.72386,,,,,,,,,,,,,,,,,,
2015-04-10,0.002555615766494595,0.72444,0.72343,,,,,,,,,,,,,,,,,,
2015-04-13,0.002494276640309569,0.72164,0.72202,,,,,,,,,,,,,,,,,,
2015-04-14,0.0023740973880101083,0.72086,0.72162,158.0,0.003572668758916233,0.72344,0.72312,0.72298,0.7227,,,,,,,,,,,,
2015-04-15,0.002396114192166892,0.71774,0.71694,89.0,0.003671464085781372,0.72038,0.7205,0.72026,0.72016,,,,,,,,,,,,
2015-04-16,0.00233863769213085,0.7191,0.71982,,,,,,,,,,,,,,,,,,
2015-04-17,0.0022847589142975613,0.71931,0.7216,,,,,,,,,,,,,,,,,,
2015-04-20,0.0022331912990288952,0.71954,0.72172,,,,,,,,,,,,,,,,,,
2015-04-21,0.0021396584884701957,0.71862,0.71959,,,,,,,,,,,,,,,,,,
2015-04-22,0.002094270915271187,0.71348,0.71399,,,,,,,,,,,,,,,,,,
2015-04-23,0.002064712641654608,0.71664,0.71808,,,,,,,,,,,,,,,,,,
2015-04-24,0.0021982924304934787,0.71666,0.71646,,,,,,,,,,,,,,,,,,
2015-04-27,0.0023099627188631227,0.71663,0.71482,,,,,,,,,,,,,,,,,,
2015-04-28,0.0022308526532408275,0.71555,0.7163,,,,,,,,,,,,,,,,,,
2015-04-29,0.0021859409958581294,0.71608,0.72152,119.0,0.0033320584312433385,0.71847,0.71848,0.71869,0.71921,135.0,0.00443101314389031,0.71926,0.71942,0.72039,0.7211,139.0,0.006181280992674094,0.72052,0.72039,0.72121,0.72079
2015-04-30,0.002150204167193607,0.72619,0.7283,164.0,0.0034916044600276585,0.72873,0.72871,0.72896,0.72886,,,,,,,,,,,,
2015-05-01,0.0022393484345624524,0.73778,0.73964,106.0,0.0035043840619497332,0.74037,0.74021,0.7402,0.74109,119.0,0.005164337073728702,0.7416,0.74158,0.74002,0.7395,,,,,,
2015-05-04,0.0026163302062374035,0.73799,0.73715,,,,,,,,,,,,,,,,,,
2015-05-05,0.0027644590007081652,0.73534,0.73645,,,,,,,,,,,,,,,,,,
2015-05-06,0.002700996285322321,0.73752,0.74436,47.0,0.004450975670607586,0.74081,0.74065,0.74095,0.74146,64.0,0.005665124701395487,0.74171,0.74164,0.74171,0.74142,112.0,0.0068508689621324444,0.74259,0.74244,0.74285,0.74205
2015-05-07,0.0026555179665223713,0.74292,0.74098,,,,,,,,,,,,,,,,,,
2015-05-08,0.0026767711883802837,0.72802,0.72732,,,,,,,,,,,,,,,,,,
2015-05-11,0.003861873415466623,0.71942,0.71459,,,,,,,,,,,,,,,,,,
2015-05-12,0.003681897964481626,0.71609,0.71673,,,,,,,,,,,,,,,,,,
2015-05-13,0.0037076561713226884,0.7177,0.72235,112.0,0.005668728882262704,0.72178,0.7219,0.72192,0.72162,,,,,,,,,,,,
2015-05-14,0.0036140903732561247,0.72266,0.721,,,,,,,,,,,,,,,,,,
2015-05-15,0.0035669685090325546,0.72155,0.72472,,,,,,,,,,,,,,,,,,
2015-05-18,0.003485458802488684,0.72762,0.72403,98.0,-0.005457265073548942,0.72366,0.7237,0.72394,0.72348,,,,,,,,,,,,
2015-05-19,0.003365719903150549,0.7222,0.71852,84.0,-0.005136403324277678,0.7185,0.71855,0.71852,0.71914,,,,,,,,,,,,
2015-05-20,0.003374976214217084,0.71592,0.71281,,,,,,,,,,,,,,,,,,
2015-05-21,0.0033297503555268044,0.71062,0.70995,,,,,,,,,,,,,,,,,,
2015-05-22,0.0032663312136490515,0.71406,0.71252,99.0,-0.0053781311834898695,0.71023,0.71006,0.70998,0.71011,,,,,,,,,,,,
2015-05-25,0.0032446612988843012,0.70941,0.70949,,,,,,,,,,,,,,,,,,
2015-05-26,0.00307459172993324,0.70931,0.70644,,,,,,,,,,,,,,,,,,
2015-05-27,0.002997750677512753,0.70687,0.71041,,,,,,,,,,,,,,,,,,
2015-05-28,0.00293214883718162,0.71264,0.71263,,,,,,,,,,,,,,,,,,
2015-05-29,0.0028903942616451987,0.71951,0.7193,,,,,,,,,,,,,,,,,,
2015-06-01,0.002892265534798617,0.71847,0.71851,,,,,,,,,,,,,,,,,,
2015-06-02,0.0028344497434571988,0.72443,0.72593,66.0,0.0051631316466209005,0.72818,0.72744,0.7276,0.72785,75.0,0.006370894413180401,0.72906,0.72903,0.72774,0.72725,,,,,,
2015-06-03,0.0027796159701565463,0.72728,0.73513,72.0,0.004431372537390103,0.73051,0.73058,0.73027,0.73022,92.0,0.006059046076381549,0.7317,0.73287,0.73233,0.73232,93.0,0.007656785001656635,0.73287,0.73311,0.73211,0.73193
2015-06-04,0.002998310222908639,0.73607,0.73335,77.0,-0.004779974102506453,0.73256,0.73286,0.73227,0.73266,,,,,,,,,,,,
2015-06-05,0.0031250066696716277,0.73222,0.72772,31.0,-0.004942405822122727,0.72861,0.72884,0.72872,0.72853,40.0,-0.0064395251776621035,0.72752,0.72757,0.7283,0.72868,,,,,,
2015-06-08,0.0031223874939858213,0.73134,0.73492,,,,,,,,,,,,,,,,,,
2015-06-09,0.0029719225494337564,0.7346,0.73364,,,,,,,,,,,,,,,,,,
2015-06-10,0.0032245755706623693,0.72846,0.72855,,,,,,,,,,,,,,,,,,
2015-06-11,0.003175282585481265,0.72742,0.72529,,,,,,,,,,,,,,,,,,
2015-06-12,0.0031522441309887756,0.72345,0.72342,,,,,,,,,,,,,,,,,,
2015-06-15,0.0031178485431202483,0.72309,0.72338,,,,,,,,,,,,,,,,,,
2015-06-16,0.002980370479748566,0.71842,0.71855,,,,,,,,,,,,,,,,,,
2015-06-17,0.002904612840531233,0.71634,0.71578,,,,,,,,,,,,,,,,,,
2015-06-18,0.0028534780328598112,0.71667,0.71796,,,,,,,,,,,,,,,,,,
2015-06-19,0.002803036652228379,0.71325,0.714,,,,,,,,,,,,,,,,,,
2015-06-22,0.002734667677587118,0.717,0.71887,175.0,0.004161482425140217,0.71999,0.72006,0.72041,,,,,,,,,,,,,
2015-06-23,0.0026198305953048307,0.71012,0.71031,,,,,,,,,,,,,,,,,,
2015-06-24,0.0025666489446178847,0.71173,0.71271,,,,,,,,,,,,,,,,,,
2015-06-25,0.0025524598686005873,0.71265,0.71178,,,,,,,,,,,,,,,,,,
2015-06-26,0.002552453114804561,0.71206,0.7088,170.0,-0.0041797196971999125,0.70909,0.70901,0.7088,,179.0,-0.005576850866680384,0.7081,0.70758,,,,,,,,
2015-06-29,0.002556181941698154,0.70741,0.70901,,,,,,,,,,,,,,,,,,
2015-06-30,0.002685246737185591,0.71096,0.70927,,,,,,,,,,,,,,,,,,
2015-07-01,0.0030383036248382077,0.70934,0.70961,,,,,,,,,,,,,,,,,,
2015-07-02,0.002967976056680458,0.71081,0.71034,,,,,,,,,,,,,,,,,,
2015-07-03,0.002890506598404662,0.71015,0.71259,,,,,,,,,,,,,,,,,,
2015-07-06,0.002822881433250007,0.70797,0.70899,,,,,,,,,,,,,,,,,,
2015-07-07,0.0027519264942508347,0.70927,0.70941,,,,,,,,,,,,,,,,,,
2015-07-08,0.0026962380707066997,0.71677,0.72098,83.0,0.00446842574021194,0.71998,0.71988,0.71975,0.71944,177.0,0.005454078328911979,0.72069,0.72053,,,,,,,,
2015-07-09,0.0026921051442781066,0.71788,0.71719,,,,,,,,,,,,,,,,,,
2015-07-10,0.002894509822804531,0.72031,0.71935,,,,,,,,,,,,,,,,,,
2015-07-13,0.0028214890618964354,0.71233,0.7101,177.0,-0.004474217442289826,0.70915,0.70899,,,,,,,,,,,,,,
2015-07-14,0.002697782374826282,0.70814,0.70675,,,,,,,,,,,,,,,,,,
2015-07-15,0.002812796468807295,0.70424,0.70219,,,,,,,,,,,,,,,,,,
2015-07-16,0.0029568483607370004,0.6985,0.6986,,,,,,,,,,,,,,,,,,
2015-07-17,0.002922165910403885,0.69793,0.69426,153.0,-0.004725085448000941,0.69464,0.69449,0.69436,0.69423,171.0,-0.005978317726460276,0.69377,0.6937,0.69411,,,,,,,
2015-07-20,0.002875005929659901,0.69744,0.69623,,,,,,,,,,,,,,,,,,
2015-07-21,0.0027647455516360653,0.69889,0.70275,149.0,0.004596724724980225,0.70211,0.7023,0.70201,0.7019,170.0,0.00600576702299321,0.7031,0.70305,0.70264,,,,,,,
2015-07-22,0.0027059978005398544,0.69837,0.69703,,,,,,,,,,,,,,,,,,
2015-07-23,0.002798731746976786,0.7046,0.70677,,,,,,,,,,,,,,,,,,
2015-07-24,0.0027304253690339313,0.70632,0.70744,,,,,,,,,,,,,,,,,,
2015-07-27,0.0028388003554197625,0.71341,0.71267,,,,,,,,,,,,,,,,,,
2015-07-28,0.0027025065863040864,0.70804,0.70781,,,,,,,,,,,,,,,,,,
2015-07-29,0.0026700143673303,0.70536,0.70565,,,,,,,,,,,,,,,,,,
2015-07-30,0.002617581107760816,0.70095,0.70053,,,,,,,,,,,,,,,,,,
2015-07-31,0.0027133692868160585,0.70426,0.70533,30.0,0.005536571706871211,0.70817,0.70738,0.70637,0.70647,30.0,0.005536571706871211,0.70817,0.70738,0.70637,0.70647,73.0,0.0075961012823669675,0.70963,0.70896,0.70974,0.70834
2015-08-03,0.0026691243803045168,0.70317,0.70263,,,,,,,,,,,,,,,,,,
2015-08-04,0.002554577385667096,0.70289,0.70163,,,,,,,,,,,,,,,,,,
2015-08-05,0.0024917626417499173,0.69636,0.69651,,,,,,,,,,,,,,,,,,
2015-08-06,0.002467071909312703,0.70327,0.70381,16.0,-0.003975072019629402,0.70048,0.70081,0.70131,0.7004,,,,,,,,,,,,
2015-08-07,0.002404676587864841,0.7046,0.70857,37.0,-0.0038820642154049163,0.70187,0.70233,0.70334,0.70239,,,,,,,,,,,,
2015-08-10,0.00250041371272418,0.70758,0.70724,,,,,,,,,,,,,,,,,,
2015-08-11,0.002431871837352103,0.70799,0.70913,51.0,0.0037078591200550943,0.71062,0.71063,0.71037,0.71035,88.0,0.0049735574622006016,0.71152,0.71168,0.7113,0.71024,,,,,,
2015-08-12,0.0024003280253396095,0.71496,0.7161,,,,,,,,,,,,,,,,,,
2015-08-13,0.0024836694241022104,0.71122,0.71448,179.0,0.004041203265956663,0.7141,0.71415,,,,,,,,,,,,,,
2015-08-14,0.002448034386796733,0.71439,0.71101,162.0,-0.004067669086597856,0.71149,0.71152,0.71177,0.71171,,,,,,,,,,,,
2015-08-17,0.002391878852939226,0.71016,0.7102,,,,,,,,,,,,,,,,,,
2015-08-18,0.002341977675451468,0.70478,0.70432,,,,,,,,,,,,,,,,,,
2015-08-19,0.0022979865382094754,0.7048,0.70706,,,,,,,,,,,,,,,,,,
2015-08-20,0.0023979758441114345,0.71373,0.714,,,,,,,,,,,,,,,,,,
2015-08-21,0.0024573079597392136,0.71942,0.72325,178.0,0.003690604258374653,0.72208,0.72185,,,,,,,,,,,,,,
2015-08-24,0.002684982408065447,0.7307,0.73602,62.0,0.005132556518304,0.73446,0.73471,0.73487,0.73764,63.0,0.005472884734116815,0.73471,0.73436,0.73525,0.73868,69.0,0.007430923514245431,0.73615,0.7388,0.73882,0.73835
2015-08-25,0.0028816192822421773,0.72849,0.7265,,,,,,,,,,,,,,,,,,
2015-08-26,0.0028069348249431768,0.73222,0.73528,,,,,,,,,,,,,,,,,,
2015-08-27,0.0027504359250649472,0.73154,0.72925,69.0,-0.004205456845683363,0.72847,0.72871,0.72888,0.72899,,,,,,,,,,,,
2015-08-28,0.0026942220067510594,0.73225,0.72742,,,,,,,,,,,,,,,,,,
2015-08-31,0.0026370157048076696,0.72719,0.72873,,,,,,,,,,,,,,,,,,
2015-09-01,0.002564875773563201,0.73333,0.73413,,,,,,,,,,,,,,,,,,
2015-09-02,0.0025388421387893207,0.73734,0.73412,81.0,-0.0038999648564129446,0.73447,0.73451,0.73481,0.73439,165.0,-0.005112457767465372,0.73358,0.73332,0.73446,0.73438,,,,,,
2015-09-03,0.002597488225451663,0.73539,0.72815,34.0,-0.0042243603646760705,0.73229,0.73219,0.73033,0.72945,37.0,-0.006480108349412013,0.73064,0.73043,0.72857,0.72845,38.0,-0.006767568911118123,0.73043,0.73033,0.72914,0.72835
2015-09-04,0.002603270644289557,0.732,0.73198,32.0,-0.004243965573144313,0.7289,0.72882,0.73052,0.72977,,,,,,,,,,,,
2015-09-07,0.002578040231696681,0.73075,0.7307,,,,,,,,,,,,,,,,,,
2015-09-08,0.0025317678731703996,0.72454,0.72704,123.0,0.0038158258236789477,0.72731,0.72734,0.72753,0.72752,177.0,0.005285919308836949,0.72838,0.72825,,,,,,,,
2015-09-09,0.0025309659388020366,0.72543,0.72653,,,,,,,,,,,,,,,,,,
2015-09-10,0.002541781015794829,0.72731,0.72863,,,,,,,,,,,,,,,,,,
2015-09-11,0.0025559109133899745,0.7308,0.73494,,,,,,,,,,,,,,,,,,
2015-09-14,0.0024922196957040755,0.7349,0.73301,,,,,,,,,,,,,,,,,,
2015-09-15,0.002440517475418731,0.73449,0.73352,,,,,,,,,,,,,,,,,,
2015-09-16,0.0023812026134095053,0.72703,0.72938,67.0,0.0036657486148984147,0.7297,0.72967,0.72977,0.7294,,,,,,,,,,,,
2015-09-17,0.0023327060863689276,0.729,0.72938,,,,,,,,,,,,,,,,,,
2015-09-18,0.0024476207321242846,0.73115,0.72936,,,,,,,,,,,,,,,,,,
2015-09-21,0.0024310670921529475,0.72453,0.72259,,,,,,,,,,,,,,,,,,
2015-09-22,0.0024216468072654697,0.72271,0.72504,175.0,0.003742762270698627,0.72542,0.72555,0.72547,,,,,,,,,,,,,
2015-09-23,0.002531082688439519,0.72946,0.73219,108.0,0.004076891890770804,0.73244,0.73262,0.73297,0.73323,122.0,0.005291270830679338,0.73333,0.73323,0.73323,0.73251,,,,,,
2015-09-24,0.002522285005343714,0.73885,0.73767,,,,,,,,,,,,,,,,,,
2015-09-25,0.002717670785861502,0.73617,0.73786,,,,,,,,,,,,,,,,,,
2015-09-28,0.0026524295506655604,0.73576,0.73879,,,,,,,,,,,,,,,,,,
2015-09-29,0.002554189035549696,0.74056,0.7416,,,,,,,,,,,,,,,,,,
2015-09-30,0.0026119916475996455,0.73865,0.73821,,,,,,,,,,,,,,,,,,
2015-10-01,0.002545914085243052,0.73698,0.73882,,,,,,,,,,,,,,,,,,
2015-10-02,0.0025661010151742268,0.73599,0.74105,30.0,0.004920009111432142,0.73962,0.74004,0.74169,0.74196,31.0,0.005487707111350803,0.74004,0.74054,0.74131,0.74235,33.0,0.007094436817625419,0.74123,0.74142,0.74222,0.74243
2015-10-05,0.0025198234801460297,0.73968,0.73859,,,,,,,,,,,,,,,,,,
2015-10-06,0.0024004513949517307,0.73972,0.73982,,,,,,,,,,,,,,,,,,
2015-10-07,0.0023482014784360107,0.7363,0.73442,127.0,-0.003537418654722545,0.7337,0.73376,0.73391,0.73358,,,,,,,,,,,,
2015-10-08,0.0023196015190712974,0.73756,0.73652,,,,,,,,,,,,,,,,,,
2015-10-09,0.0023644799957899115,0.74069,0.74195,,,,,,,,,,,,,,,,,,
2015-10-12,0.002306038802536267,0.74052,0.74071,,,,,,,,,,,,,,,,,,
2015-10-13,0.0023866168618071225,0.74675,0.74673,,,,,,,,,,,,,,,,,,
2015-10-14,0.002328246536941143,0.74182,0.74038,,,,,,,,,,,,,,,,,,
2015-10-15,0.0023263799466799844,0.73886,0.73746,161.0,-0.0035387228391863886,0.73625,0.73607,0.73636,0.736,,,,,,,,,,,,
2015-10-16,0.0023108468254419974,0.73501,0.7358,,,,,,,,,,,,,,,,,,
2015-10-19,0.00245151425620838,0.7316,0.73145,,,,,,,,,,,,,,,,,,
2015-10-20,0.002343135257919891,0.73497,0.73432,,,,,,,,,,,,,,,,,,
2015-10-21,0.002338998500826368,0.73473,0.7337,,,,,,,,,,,,,,,,,,
2015-10-22,0.00232886519403758,0.73193,0.7234,29.0,-0.004587446679539925,0.72858,0.72739,0.72785,0.72695,30.0,-0.0062220961091039705,0.72739,0.7282,0.72831,0.72709,30.0,-0.0062220961091039705,0.72739,0.7282,0.72831,0.72709
2015-10-23,0.002279158503361868,0.71958,0.71831,38.0,-0.003466352736866176,0.71709,0.71714,0.71783,0.71739,,,,,,,,,,,,
2015-10-26,0.0029479394953320177,0.7182,0.7195,,,,,,,,,,,,,,,,,,
2015-10-27,0.00281236206029793,0.72136,0.72165,,,,,,,,,,,,,,,,,,
2015-10-28,0.0027433178496397447,0.72365,0.72249,,,,,,,,,,,,,,,,,,
2015-10-29,0.002671901686000241,0.71827,0.71661,,,,,,,,,,,,,,,,,,
2015-10-30,0.002693843515076363,0.71773,0.71501,,,,,,,,,,,,,,,,,,
2015-11-02,0.0026285955754833832,0.7141,0.71461,,,,,,,,,,,,,,,,,,
2015-11-03,0.0025766334576591892,0.71286,0.71082,,,,,,,,,,,,,,,,,,
2015-11-04,0.002513811400403532,0.70844,0.70642,107.0,-0.003889322009381402,0.70569,0.70563,0.70568,0.70637,,,,,,,,,,,,
2015-11-05,0.002520697418642605,0.71419,0.71424,,,,,,,,,,,,,,,,,,
2015-11-06,0.002506833693605175,0.71342,0.71411,,,,,,,,,,,,,,,,,,
2015-11-09,0.002773465458317191,0.71185,0.71187,,,,,,,,,,,,,,,,,,
2015-11-10,0.002656314410654448,0.70759,0.70826,,,,,,,,,,,,,,,,,,
2015-11-11,0.002634080206139312,0.70667,0.70587,,,,,,,,,,,,,,,,,,
2015-11-12,0.0025792565628672765,0.70606,0.70862,60.0,0.004183515161134612,0.70902,0.70839,0.70802,0.70735,,,,,,,,,,,,
2015-11-13,0.002541439904796693,0.70509,0.70537,,,,,,,,,,,,,,,,,,
2015-11-16,0.0025127768866202347,0.70587,0.70307,,,,,,,,,,,,,,,,,,
2015-11-17,0.0024418925216653717,0.70075,0.69971,,,,,,,,,,,,,,,,,,
2015-11-18,0.0024054790903569267,0.70095,0.69938,,,,,,,,,,,,,,,,,,
2015-11-19,0.002374128938378001,0.69961,0.70113,121.0,0.003624019489680527,0.70215,0.70209,0.70184,0.70218,,,,,,,,,,,,
2015-11-20,0.0023225973779515833,0.70158,0.70077,,,,,,,,,,,,,,,,,,
2015-11-23,0.002268144781333937,0.70206,0.70209,,,,,,,,,,,,,,,,,,
2015-11-24,0.0021680420415499655,0.7072,0.70662,,,,,,,,,,,,,,,,,,
2015-11-25,0.0021549431682212116,0.70056,0.70277,115.0,0.0037328893418396734,0.70318,0.70333,0.70348,0.70326,121.0,0.0043868465167357755,0.70364,0.70368,0.70338,0.70295,,,,,,
2015-11-26,0.002166881184738765,0.70267,0.70226,,,,,,,,,,,,,,,,,,
2015-11-27,0.0021746135663189754,0.70295,0.70437,,,,,,,,,,,,,,,,,,
2015-11-30,0.002127113831450904,0.70415,0.70239,118.0,-0.003542445428472413,0.70166,0.70164,0.70193,0.70179,,,,,,,,,,,,
2015-12-01,0.0020474840538364635,0.70392,0.70451,,,,,,,,,,,,,,,,,,
2015-12-02,0.0020568501449289723,0.70553,0.70886,137.0,0.003268786031760809,0.70784,0.70768,0.70779,0.70808,170.0,0.004426569429710842,0.70866,0.70854,0.70811,,,,,,,
2015-12-03,0.002078327096038278,0.71902,0.72237,69.0,0.0033877628757685426,0.72146,0.72104,0.72005,0.72045,121.0,0.004274459711275475,0.7221,0.72167,0.72107,0.7214,154.0,0.0052710547609559864,0.72282,0.72246,0.72328,0.72218
2015-12-04,0.002148544802690386,0.72255,0.71966,145.0,-0.003285440979031088,0.72018,0.7203,0.72039,0.72097,,,,,,,,,,,,
2015-12-07,0.0028699188962610033,0.71736,0.72045,121.0,0.004325970177348099,0.72047,0.72021,0.72031,0.72031,,,,,,,,,,,,
2015-12-08,0.0027590356545215554,0.72773,0.72554,163.0,-0.004268920526292685,0.72463,0.72456,0.72492,0.72485,,,,,,,,,,,,
2015-12-09,0.002696698033056756,0.72576,0.72523,92.0,-0.0042251833703424255,0.7227,0.7228,0.7224,0.72284,,,,,,,,,,,,
2015-12-10,0.002766811110700027,0.72362,0.72178,125.0,-0.004418136752947648,0.72043,0.7207,0.72115,0.72067,,,,,,,,,,,,
2015-12-11,0.002703858028704007,0.72226,0.7227,,,,,,,,,,,,,,,,,,
2015-12-14,0.002671275773878301,0.72542,0.72726,111.0,0.004017174673725339,0.72834,0.72843,0.72878,0.72944,118.0,0.005361795706961797,0.72932,0.72952,0.72967,0.72953,,,,,,
2015-12-15,0.002540950869002312,0.72312,0.72555,113.0,0.004773410457062224,0.72658,0.72647,0.72599,0.7257,,,,,,,,,,,,
2015-12-16,0.0025974293199307196,0.7276,0.72793,,,,,,,,,,,,,,,,,,
2015-12-17,0.002532536583497181,0.7275,0.72642,,,,,,,,,,,,,,,,,,
2015-12-18,0.0024766662890227786,0.72632,0.72731,,,,,,,,,,,,,,,,,,
2015-12-21,0.0024285052021589437,0.73121,0.73319,137.0,0.0036857090975493663,0.73391,0.7339,0.73363,0.73412,,,,,,,,,,,,
2015-12-22,0.0023287770551441767,0.73713,0.74016,35.0,0.0035345057007974603,0.73974,0.73963,0.73885,0.73869,141.0,0.004763911620342298,0.74065,0.74065,0.74021,0.74041,,,,,,
2015-12-23,0.002378175752633368,0.73222,0.73144,,,,,,,,,,,,,,,,,,
2015-12-24,0.0023837530006932386,0.73364,0.73369,,,,,,,,,,,,,,,,,,
2015-12-28,0.002356599599156259,0.73614,0.73785,,,,,,,,,,,,,,,,,,
2015-12-29,0.002250219912789988,0.73821,0.73825,,,,,,,,,,,,,,,,,,
2015-12-30,0.0022007441538061854,0.73819,0.73593,75.0,-0.003365224696988026,0.73571,0.73571,0.73626,0.73572,,,,,,,,,,,,
2015-12-31,0.002153337827057257,0.73467,0.7372,91.0,0.00338354616435224,0.73716,0.73686,0.73725,0.73785,99.0,0.004468203790080594,0.73796,0.73776,0.73828,0.73802,,,,,,
2016-01-04,0.002106940267693119,0.73655,0.73619,,,,,,,,,,,,,,,,,,
2016-01-05,0.0021529649928409677,0.73154,0.73271,,,,,,,,,,,,,,,,,,
2016-01-06,0.0021488530499900503,0.73357,0.73572,94.0,0.003225567780888054,0.73594,0.73595,0.73622,0.73594,113.0,0.0045698821454854795,0.73693,0.7368,0.7359,0.73565,,,,,,
2016-01-07,0.002124749559996635,0.74556,0.74496,48.0,-0.0031973373826923355,0.74318,0.74325,0.74308,0.74378,,,,,,,,,,,,
2016-01-08,0.0022700067654628417,0.74405,0.75,20.0,0.0036088287679236154,0.74674,0.74674,0.74633,0.74544,69.0,0.0047063327260425695,0.74756,0.74745,0.74799,0.74878,79.0,0.0058293575238753045,0.7484,0.74847,0.74878,0.74753
2016-01-11,0.002271252772217985,0.74578,0.74727,128.0,0.0034802198215064905,0.74838,0.74852,0.74832,0.74886,152.0,0.004548624527961197,0.74918,0.7487,0.74834,0.74844,,,,,,
2016-01-12,0.002478499908953275,0.75198,0.75121,,,,,,,,,,,,,,,,,,
2016-01-13,0.002440837993545168,0.75099,0.75039,,,,,,,,,,,,,,,,,,
2016-01-14,0.0023866584680164353,0.75625,0.75362,105.0,-0.003881905018504817,0.75332,0.75339,0.75268,0.753,115.0,-0.004824844003194706,0.75261,0.75245,0.753,0.75372,,,,,,
2016-01-15,0.002550662180194325,0.76391,0.76734,175.0,0.003958590269176208,0.76694,0.7671,0.76701,,,,,,,,,,,,,
2016-01-18,0.002495841369543393,0.76258,0.76363,,,,,,,,,,,,,,,,,,
2016-01-19,0.00271380729630788,0.7643,0.77024,35.0,0.0043474639766456135,0.76763,0.76719,0.76807,0.77013,43.0,0.006481630965351815,0.76927,0.76902,0.76942,0.7695,46.0,0.007274276298084832,0.76988,0.76966,0.77003,0.76949
2016-01-20,0.0026561998300349793,0.77026,0.77029,50.0,-0.004032735623658617,0.76716,0.76714,0.76791,0.76724,,,,,,,,,,,,
2016-01-21,0.002908867840701718,0.76472,0.76286,46.0,0.004761634211190546,0.76837,0.76898,0.76862,0.76717,,,,,,,,,,,,
2016-01-22,0.0029309628609387574,0.75477,0.75626,,,,,,,,,,,,,,,,,,
2016-01-25,0.002964854490674188,0.75976,0.76029,,,,,,,,,,,,,,,,,,
2016-01-26,0.002936596148499429,0.75989,0.75551,90.0,-0.004643011519854679,0.75637,0.75639,0.75653,0.75724,,,,,,,,,,,,
2016-01-27,0.003009217518573048,0.75987,0.7621,69.0,0.004700268611892536,0.76345,0.763,0.76343,0.76356,,,,,,,,,,,,
2016-01-28,0.0030291170377610447,0.76139,0.76173,,,,,,,,,,,,,,,,,,
2016-01-29,0.0031008794502729075,0.76213,0.76274,,,,,,,,,,,,,,,,,,
2016-02-01,0.00306331639969978,0.76136,0.75703,108.0,-0.004950765892219481,0.7576,0.75768,0.75784,0.75798,,,,,,,,,,,,
2016-02-02,0.0029357632953468204,0.76016,0.75694,,,,,,,,,,,,,,,,,,
2016-02-03,0.0028971878586043884,0.75396,0.75912,68.0,0.004538996114566637,0.75739,0.75738,0.75892,0.75799,72.0,0.006082582950952322,0.75856,0.75892,0.75775,0.75843,90.0,0.0086762424502057,0.76053,0.76067,0.75958,0.75881
2016-02-04,0.002839155535616031,0.76658,0.76733,,,,,,,,,,,,,,,,,,
2016-02-05,0.0028029033399182756,0.77056,0.76953,64.0,-0.004369999671118379,0.7672,0.76713,0.76773,0.76802,,,,,,,,,,,,
2016-02-08,0.0029357415433784954,0.77126,0.7745,103.0,0.004476132649809949,0.77472,0.77451,0.7741,0.77538,129.0,0.005933661429609281,0.77585,0.77558,0.77562,0.77573,,,,,,
2016-02-09,0.0028161980419945743,0.78429,0.78095,61.0,-0.004575087852448273,0.78071,0.7808,0.78076,0.78201,164.0,-0.006036364293671954,0.77957,0.77985,0.77976,0.78109,,,,,,
2016-02-10,0.0030613729241474913,0.77401,0.77486,,,,,,,,,,,,,,,,,,
2016-02-11,0.003025499768679664,0.78549,0.78407,,,,,,,,,,,,,,,,,,
2016-02-12,0.002997478746035439,0.77622,0.77712,,,,,,,,,,,,,,,,,,
2016-02-15,0.002977116602291178,0.77208,0.77227,,,,,,,,,,,,,,,,,,
2016-02-16,0.002948939483193733,0.77888,0.77885,,,,,,,,,,,,,,,,,,
2016-02-17,0.0028785260479639247,0.77841,0.77872,,,,,,,,,,,,,,,,,,
2016-02-18,0.003022206461924427,0.77098,0.77549,164.0,0.004619782662723119,0.77455,0.77444,0.77467,0.77394,,,,,,,,,,,,
2016-02-19,0.00297972513130898,0.77769,0.77527,,,,,,,,,,,,,,,,,,
2016-02-22,0.002926707535257151,0.78219,0.77836,174.0,-0.0046130862570858645,0.77859,0.77844,0.77819,,,,,,,,,,,,,
2016-02-23,0.0029331474076954712,0.78089,0.78579,174.0,0.004421054452584332,0.78435,0.78429,0.78452,,,,,,,,,,,,,
2016-02-24,0.002916994952653005,0.78944,0.79191,,,,,,,,,,,,,,,,,,
2016-02-25,0.0029546872099671605,0.78895,0.7913,,,,,,,,,,,,,,,,,,
2016-02-26,0.002918543883333855,0.78592,0.7873,78.0,0.00460815683398396,0.78955,0.78909,0.78939,0.78876,,,,,,,,,,,,
2016-02-29,0.0028620517834318593,0.78493,0.78174,109.0,-0.004660941518479131,0.78128,0.78131,0.78045,0.78093,115.0,-0.006108332944638124,0.78015,0.78025,0.78012,0.78027,117.0,-0.007352457184045448,0.77918,0.77974,0.78022,0.77971
2016-03-01,0.0027537194147917114,0.7782,0.77796,,,,,,,,,,,,,,,,,,
2016-03-02,0.002835081593773497,0.77331,0.77183,116.0,-0.0043024753728459885,0.76999,0.76966,0.76973,0.76936,,,,,,,,,,,,
2016-03-03,0.002799048839400739,0.77432,0.77384,,,,,,,,,,,,,,,,,,
2016-03-04,0.002865953816985778,0.77541,0.77338,,,,,,,,,,,,,,,,,,
2016-03-07,0.002814446997845497,0.774,0.77214,,,,,,,,,,,,,,,,,,
2016-03-08,0.0026962133002945182,0.77606,0.7744,,,,,,,,,,,,,,,,,,
2016-03-09,0.0026395055281978118,0.77122,0.77508,92.0,0.004166510950940389,0.77444,0.77416,0.77374,0.77341,,,,,,,,,,,,
2016-03-10,0.0025879183505040423,0.77033,0.78351,10.0,0.004365207089611991,0.7737,0.7765,0.77682,0.77718,11.0,0.007977648122944854,0.7765,0.77835,0.77682,0.77599,11.0,0.007977648122944854,0.7765,0.77835,0.77682,0.77599
2016-03-11,0.002554928288338092,0.77868,0.77445,107.0,-0.003885898581028646,0.77566,0.77569,0.77531,0.77534,,,,,,,,,,,,
2016-03-14,0.0027751568145254315,0.77428,0.77527,,,,,,,,,,,,,,,,,,
2016-03-15,0.002816803038526809,0.7836,0.78468,,,,,,,,,,,,,,,,,,
2016-03-16,0.002776308881332252,0.78653,0.78544,,,,,,,,,,,,,,,,,,
2016-03-17,0.0028573598914246197,0.7879,0.78084,14.0,-0.005025935445182925,0.78395,0.78456,0.78494,0.78574,64.0,-0.0057915834121463495,0.78335,0.78256,0.78202,0.78219,66.0,-0.007235147348899984,0.78222,0.7819,0.78231,0.78272
2016-03-18,0.0028103453363573336,0.77928,0.77789,,,,,,,,,,,,,,,,,,
2016-03-21,0.0028050371647463388,0.78322,0.78156,,,,,,,,,,,,,,,,,,
2016-03-22,0.0027500441460641006,0.78537,0.78941,83.0,0.004459273706712758,0.78888,0.78875,0.7893,0.78912,106.0,0.005624804535188079,0.7898,0.78946,0.79032,0.78987,,,,,,
2016-03-23,0.002697806497033842,0.78946,0.79187,,,,,,,,,,,,,,,,,,
2016-03-24,0.002801563755186272,0.78963,0.78937,,,,,,,,,,,,,,,,,,
2016-03-25,0.002765757582454286,0.78934,0.79005,,,,,,,,,,,,,,,,,,
2016-03-28,0.002720529159450454,0.78822,0.78676,101.0,-0.004106259861706354,0.78499,0.78484,0.78502,0.78531,,,,,,,,,,,,
2016-03-29,0.0026053914128243475,0.78382,0.78447,,,,,,,,,,,,,,,,,,
2016-03-30,0.0025992416876745653,0.7861,0.78741,,,,,,,,,,,,,,,,,,
2016-03-31,0.0025445182351979613,0.79173,0.79215,,,,,,,,,,,,,,,,,,
2016-04-01,0.0025338257619690763,0.79846,0.80143,70.0,0.004323979793435827,0.80192,0.80184,0.80101,0.80054,,,,,,,,,,,,
2016-04-04,0.002521572593511382,0.7972,0.7973,,,,,,,,,,,,,,,,,,
2016-04-05,0.0025980489604114825,0.80099,0.80428,175.0,0.004335212898831389,0.80447,0.80449,0.80504,,,,,,,,,,,,,
2016-04-06,0.002554842964792149,0.80909,0.80681,,,,,,,,,,,,,,,,,,
2016-04-07,0.002555576589718131,0.80745,0.80853,,,,,,,,,,,,,,,,,,
2016-04-08,0.0025563247839458297,0.80719,0.80866,,,,,,,,,,,,,,,,,,
2016-04-11,0.0025036845605856985,0.80078,0.80136,,,,,,,,,,,,,,,,,,
2016-04-12,0.0024073712123379885,0.79767,0.80005,,,,,,,,,,,,,,,,,,
2016-04-13,0.002469259937396036,0.7939,0.79324,,,,,,,,,,,,,,,,,,
2016-04-14,0.0024812313666004063,0.79603,0.79604,,,,,,,,,,,,,,,,,,
2016-04-15,0.002434232869326875,0.79505,0.7945,,,,,,,,,,,,,,,,,,
2016-04-18,0.0023845181674600957,0.79777,0.79322,125.0,-0.003805318216289846,0.79474,0.79448,0.79447,0.79465,172.0,-0.004774658196893381,0.79397,0.79391,0.79364,,,,,,,
2016-04-19,0.0023109399399100328,0.78867,0.79032,,,,,,,,,,,,,,,,,,
2016-04-20,0.002358094943634346,0.79131,0.78827,105.0,-0.004394776411335782,0.78784,0.78769,0.78766,0.78769,111.0,-0.0048772242084163435,0.78746,0.78762,0.78777,0.78767,,,,,,
2016-04-21,0.0023162414507060134,0.78713,0.78831,,,,,,,,,,,,,,,,,,
2016-04-22,0.0022866648757941354,0.78255,0.7812,136.0,-0.0037640234945561855,0.77961,0.77972,0.78104,0.78141,,,,,,,,,,,,
2016-04-25,0.0022368730352038744,0.77556,0.77795,131.0,0.0035909454190538944,0.77835,0.77839,0.77831,0.77817,,,,,,,,,,,,
2016-04-26,0.002490879518748781,0.77501,0.77463,,,,,,,,,,,,,,,,,,
2016-04-27,0.0024503335794009615,0.7743,0.77791,155.0,0.0038541157150699243,0.77729,0.77743,0.77767,0.77783,180.0,0.004985613913529234,0.77817,,,,,,,,,
2016-04-28,0.002416848698761909,0.7792,0.77666,175.0,-0.003947720402786038,0.77613,0.77612,0.77621,,,,,,,,,,,,,
2016-04-29,0.002396033246922982,0.78054,0.78212,141.0,0.0037212557088947273,0.78345,0.78372,0.78347,0.78197,,,,,,,,,,,,
2016-05-02,0.002346661037488442,0.78284,0.78531,,,,,,,,,,,,,,,,,,
2016-05-03,0.002397650003790228,0.79053,0.79131,,,,,,,,,,,,,,,,,,
2016-05-04,0.0023513387569714813,0.79287,0.79357,,,,,,,,,,,,,,,,,,
2016-05-05,0.002379147529256695,0.78867,0.78703,,,,,,,,,,,,,,,,,,
2016-05-06,0.0023339490563524332,0.7888,0.791,177.0,0.0035181448353145,0.79158,0.79151,,,,,,,,,,,,,,
2016-05-09,0.00234291497505536,0.78979,0.79127,,,,,,,,,,,,,,,,,,
2016-05-10,0.0022707057279813024,0.78781,0.7878,,,,,,,,,,,,,,,,,,
2016-05-11,0.00222498468675025,0.78934,0.79033,,,,,,,,,,,,,,,,,,
2016-05-12,0.0021944501794629477,0.78814,0.78766,86.0,-0.003711805756501537,0.78522,0.78468,0.78517,0.78531,87.0,-0.004399747690760879,0.78468,0.78477,0.78507,0.78543,,,,,,
2016-05-13,0.0021788521019343527,0.78769,0.78598,,,,,,,,,,,,,,,,,,
2016-05-16,0.0021775781863860658,0.78794,0.78618,,,,,,,,,,,,,,,,,,
2016-05-17,0.002092981110611866,0.7818,0.78273,101.0,0.0032436464517807007,0.78434,0.78453,0.7852,0.78454,105.0,0.004288565310793047,0.78516,0.7852,0.7847,0.7846,,,,,,
2016-05-18,0.00216393656801671,0.7753,0.77168,85.0,-0.003372118002352897,0.77269,0.77272,0.77277,0.77238,177.0,-0.004382088307030679,0.77191,0.77148,,,,,,,,
2016-05-19,0.002116722617366691,0.76569,0.76758,148.0,0.003207638488021424,0.76815,0.76817,0.76809,0.76847,,,,,,,,,,,,
2016-05-20,0.0025879892968159656,0.77008,0.77225,,,,,,,,,,,,,,,,,,
2016-05-23,0.0025492535308933844,0.77444,0.77481,,,,,,,,,,,,,,,,,,
2016-05-24,0.0025714500828603088,0.76493,0.76208,,,,,,,,,,,,,,,,,,
2016-05-25,0.002510802849564203,0.75874,0.75913,,,,,,,,,,,,,,,,,,
2016-05-26,0.0028252406611050866,0.75962,0.76236,102.0,0.004308652857489351,0.7629,0.76297,0.76303,0.76245,,,,,,,,,,,,
2016-05-27,0.0027893195824667443,0.76212,0.76065,,,,,,,,,,,,,,,,,,
2016-05-30,0.0027590343526202104,0.76192,0.76111,,,,,,,,,,,,,,,,,,
2016-05-31,0.002673274808140597,0.76203,0.76668,155.0,0.0042558549415815,0.76528,0.76526,0.76596,0.76565,161.0,0.0054834097806802625,0.76622,0.76663,0.76657,0.76584,,,,,,
2016-06-01,0.002615004479547333,0.77394,0.77556,,,,,,,,,,,,,,,,,,
2016-06-02,0.0028043211122081224,0.77417,0.77374,,,,,,,,,,,,,,,,,,
2016-06-03,0.0030098752830091725,0.77285,0.78031,36.0,0.004531349534198765,0.77636,0.77628,0.77609,0.77816,49.0,0.00632015517941877,0.77775,0.77809,0.77781,0.77722,121.0,0.007836202441552653,0.77893,0.77897,0.77902,0.77991
2016-06-06,0.0029807911017476537,0.78788,0.78579,,,,,,,,,,,,,,,,,,
2016-06-07,0.003109544210162602,0.77833,0.77941,,,,,,,,,,,,,,,,,,
2016-06-08,0.0030600976492342175,0.77983,0.7837,125.0,0.004963106750683647,0.78371,0.78351,0.78344,0.78326,,,,,,,,,,,,
2016-06-09,0.0030228509772305037,0.78438,0.78295,,,,,,,,,,,,,,,,,,
2016-06-10,0.0030282311008881443,0.78497,0.78649,128.0,0.004702481912351207,0.78867,0.78855,0.78855,0.78799,,,,,,,,,,,,
2016-06-13,0.003038346742622863,0.79476,0.79336,92.0,-0.0053871759367553045,0.79049,0.79104,0.79168,0.79093,110.0,-0.0063617300288603225,0.78972,0.79009,0.79057,0.7897,,,,,,
2016-06-14,0.0030798920565844666,0.79435,0.79299,,,,,,,,,,,,,,,,,,
2016-06-15,0.003051648255611743,0.79115,0.79217,,,,,,,,,,,,,,,,,,
2016-06-16,0.0030258413818157037,0.79043,0.79271,154.0,0.004682666943346526,0.79414,0.79409,0.79426,0.79277,,,,,,,,,,,,
2016-06-17,0.002967214473583521,0.78735,0.7879,,,,,,,,,,,,,,,,,,
2016-06-20,0.002950638214812003,0.77393,0.7708,,,,,,,,,,,,,,,,,,
2016-06-21,0.003008757577794281,0.76778,0.76772,,,,,,,,,,,,,,,,,,
2016-06-22,0.0030236110276085646,0.76816,0.76898,,,,,,,,,,,,,,,,,,
2016-06-23,0.0030575508337329894,0.76592,0.76812,149.0,0.005247852030222834,0.76995,0.76985,0.76931,0.76778,,,,,,,,,,,,
2016-06-24,0.0028476536282891988,0.80883,0.81574,12.0,-0.004808595318198061,0.80495,0.80595,0.80507,0.80646,18.0,-0.005927302706467816,0.80405,0.80617,0.80501,0.80735,91.0,-0.007508055199829303,0.80278,0.80297,0.80562,0.80638
2016-06-27,0.006286425890289095,0.83508,0.83401,,,,,,,,,,,,,,,,,,
2016-06-28,0.0061067933857066065,0.82944,0.83151,,,,,,,,,,,,,,,,,,
2016-06-29,0.006037447192108581,0.82501,0.82307,,,,,,,,,,,,,,,,,,
2016-06-30,0.005902781627922828,0.82689,0.83321,,,,,,,,,,,,,,,,,,
2016-07-01,0.005781936294643198,0.83678,0.83932,,,,,,,,,,,,,,,,,,
2016-07-04,0.00565580418953955,0.83908,0.83789,,,,,,,,,,,,,,,,,,
2016-07-05,0.005448166527137725,0.8499,0.85062,,,,,,,,,,,,,,,,,,
2016-07-06,0.005297643027150447,0.85225,0.8571,177.0,0.00831965163817987,0.85937,0.85925,,,,,,,,,,,,,,
2016-07-07,0.005548098397827375,0.85106,0.85601,,,,,,,,,,,,,,,,,,
2016-07-08,0.005426871483179631,0.85241,0.85292,,,,,,,,,,,,,,,,,,
2016-07-11,0.005299415263741734,0.85074,0.85087,,,,,,,,,,,,,,,,,,
2016-07-12,0.005057408934485944,0.84314,0.83676,,,,,,,,,,,,,,,,,,
2016-07-13,0.004969916617620202,0.83383,0.84318,158.0,0.007527097117012582,0.84013,0.83982,0.8394,0.84107,,,,,,,,,,,,
2016-07-14,0.005138437554486637,0.83385,0.83255,,,,,,,,,,,,,,,,,,
2016-07-15,0.005120026592670493,0.83195,0.8381,,,,,,,,,,,,,,,,,,
2016-07-18,0.005271444313039185,0.83387,0.83411,,,,,,,,,,,,,,,,,,
2016-07-19,0.005108323423175701,0.83971,0.83924,,,,,,,,,,,,,,,,,,
2016-07-20,0.004989233122968694,0.83598,0.8353,,,,,,,,,,,,,,,,,,
2016-07-21,0.004886746107580476,0.83592,0.83346,,,,,,,,,,,,,,,,,,
2016-07-22,0.004862666788799457,0.84051,0.83788,,,,,,,,,,,,,,,,,,
2016-07-25,0.004748370743227642,0.83692,0.83651,,,,,,,,,,,,,,,,,,
2016-07-26,0.004544331210355324,0.83773,0.83647,,,,,,,,,,,,,,,,,,
2016-07-27,0.0044487724266695635,0.839,0.83914,,,,,,,,,,,,,,,,,,
2016-07-28,0.0043450438084030735,0.84233,0.84359,,,,,,,,,,,,,,,,,,
2016-07-29,0.004244394433798133,0.84347,0.84176,,,,,,,,,,,,,,,,,,
2016-08-01,0.004155081651233514,0.84615,0.84659,,,,,,,,,,,,,,,,,,
2016-08-02,0.0039941791464353235,0.84502,0.84251,,,,,,,,,,,,,,,,,,
2016-08-03,0.003928774698231591,0.83889,0.83779,,,,,,,,,,,,,,,,,,
2016-08-04,0.0038811711693232586,0.84612,0.84733,,,,,,,,,,,,,,,,,,
2016-08-05,0.0038404086936940497,0.84726,0.84777,,,,,,,,,,,,,,,,,,
2016-08-08,0.0039930734972903285,0.84873,0.84932,,,,,,,,,,,,,,,,,,
2016-08-09,0.003808180027771938,0.85381,0.85385,,,,,,,,,,,,,,,,,,
2016-08-10,0.0037667278297105183,0.85517,0.85917,,,,,,,,,,,,,,,,,,
2016-08-11,0.0036799941401012516,0.85964,0.86156,,,,,,,,,,,,,,,,,,
2016-08-12,0.0036491303103687316,0.86049,0.86374,,,,,,,,,,,,,,,,,,
2016-08-15,0.003567555076486907,0.86713,0.86988,,,,,,,,,,,,,,,,,,
2016-08-16,0.0034439041402462563,0.87114,0.86628,,,,,,,,,,,,,,,,,,
2016-08-17,0.003404291817994565,0.86631,0.8656,,,,,,,,,,,,,,,,,,
2016-08-18,0.0033403597456906444,0.86112,0.86205,,,,,,,,,,,,,,,,,,
2016-08-19,0.003265482659959651,0.86364,0.86732,84.0,0.004920485342485949,0.8679,0.86791,0.86808,0.86887,,,,,,,,,,,,
2016-08-22,0.0032140925338301303,0.86265,0.86135,,,,,,,,,,,,,,,,,,
2016-08-23,0.00309114985852791,0.85995,0.85796,,,,,,,,,,,,,,,,,,
2016-08-24,0.0030307019606105137,0.85169,0.85045,,,,,,,,,,,,,,,,,,
2016-08-25,0.0030240013457067732,0.85557,0.8557,,,,,,,,,,,,,,,,,,
2016-08-26,0.0030055284106953613,0.8552,0.85324,,,,,,,,,,,,,,,,,,
2016-08-29,0.002953031216225474,0.85491,0.85451,,,,,,,,,,,,,,,,,,
2016-08-30,0.0028480813579820972,0.85201,0.85244,,,,,,,,,,,,,,,,,,
2016-08-31,0.0027852126768744575,0.8478,0.84902,112.0,0.004213803478438779,0.85138,0.85108,0.85069,0.84954,,,,,,,,,,,,
2016-09-01,0.002741851188344041,0.84182,0.84344,,,,,,,,,,,,,,,,,,
2016-09-02,0.0026964158003531056,0.84311,0.83908,67.0,-0.004148027317650368,0.83962,0.83952,0.84,0.83997,130.0,-0.00557826760341081,0.83842,0.83841,0.83844,0.83765,,,,,,
2016-09-05,0.0027101732062676364,0.83726,0.83763,,,,,,,,,,,,,,,,,,
2016-09-06,0.0026387699730480068,0.83561,0.83655,,,,,,,,,,,,,,,,,,
2016-09-07,0.00258706010519379,0.84082,0.84249,,,,,,,,,,,,,,,,,,
2016-09-08,0.0025365997518882904,0.84623,0.84639,,,,,,,,,,,,,,,,,,
2016-09-09,0.002520812532810346,0.84584,0.84594,,,,,,,,,,,,,,,,,,
2016-09-12,0.002505658038661113,0.84504,0.8435,,,,,,,,,,,,,,,,,,
2016-09-13,0.0024023653628451012,0.84772,0.85256,99.0,0.0036619510469453015,0.85083,0.85059,0.85039,0.85082,134.0,0.004930494858482328,0.85191,0.85181,0.85191,0.85201,,,,,,
2016-09-14,0.0024031214372304908,0.85141,0.85361,,,,,,,,,,,,,,,,,,
2016-09-15,0.0025020620862816387,0.85201,0.85118,,,,,,,,,,,,,,,,,,
2016-09-16,0.002458831112726861,0.8523,0.85266,,,,,,,,,,,,,,,,,,
2016-09-19,0.00240696138634605,0.85535,0.85651,,,,,,,,,,,,,,,,,,
2016-09-20,0.002476532566266078,0.86259,0.861,,,,,,,,,,,,,,,,,,
2016-09-21,0.0024240636987189713,0.85763,0.86036,,,,,,,,,,,,,,,,,,
2016-09-22,0.002389915768063232,0.85923,0.85767,,,,,,,,,,,,,,,,,,
2016-09-23,0.0023458425281559247,0.86468,0.86592,,,,,,,,,,,,,,,,,,
2016-09-26,0.002295339149977638,0.87136,0.8683,127.0,-0.0036215886028433206,0.86821,0.86821,0.86831,0.8686,,,,,,,,,,,,
2016-09-27,0.0023438614874967136,0.86432,0.86185,,,,,,,,,,,,,,,,,,
2016-09-28,0.0022983549775370034,0.86204,0.86167,,,,,,,,,,,,,,,,,,
2016-09-29,0.002295954288925033,0.8619,0.86569,170.0,0.003590252278525715,0.865,0.86569,0.86579,,172.0,0.005034295850759291,0.86625,0.86674,0.86519,,,,,,,
2016-09-30,0.0022501374970537304,0.8612,0.86338,136.0,0.003465886545165525,0.86419,0.8643,0.865,0.86492,142.0,0.004541460143486749,0.86512,0.86518,0.86484,0.86457,,,,,,
2016-10-03,0.002236912730878839,0.87323,0.87298,,,,,,,,,,,,,,,,,,
2016-10-04,0.0021657858289372777,0.87579,0.87962,,,,,,,,,,,,,,,,,,
2016-10-05,0.0021859077762898995,0.88174,0.87856,120.0,-0.0033171294105064928,0.87882,0.87881,0.87905,0.87885,,,,,,,,,,,,
2016-10-06,0.0022916951385481524,0.88335,0.88214,,,,,,,,,,,,,,,,,,
2016-10-07,0.002239841524711131,0.9015,0.89762,79.0,0.003499139859422693,0.90466,0.90471,0.90507,0.90192,153.0,-0.004558349101489031,0.8974,0.8975,0.89729,0.89853,,,,,,
2016-10-10,0.002725770134953566,0.90059,0.8999,,,,,,,,,,,,,,,,,,
2016-10-11,0.0026780426942454617,0.90272,0.90541,,,,,,,,,,,,,,,,,,
2016-10-12,0.002623702977155687,0.89964,0.90307,50.0,0.0043478329361034225,0.90356,0.90362,0.90385,0.90446,61.0,0.005586606708639776,0.90468,0.90502,0.90401,0.90377,,,,,,
2016-10-13,0.002639479097723626,0.90394,0.90517,,,,,,,,,,,,,,,,,,
2016-10-14,0.0027208501532424894,0.89774,0.90146,40.0,0.0041240839025630666,0.90145,0.90163,0.90144,0.90206,58.0,0.005465465726764416,0.90266,0.90274,0.90241,0.90044,,,,,,
2016-10-17,0.0026866452696904597,0.90488,0.90285,,,,,,,,,,,,,,,,,,
2016-10-18,0.00259233545379892,0.89667,0.89323,77.0,-0.0038997730793744155,0.89318,0.89326,0.89322,0.89342,178.0,-0.005546933780996776,0.89171,0.89199,,,,,,,,
2016-10-19,0.0025428509691599053,0.89307,0.89318,,,,,,,,,,,,,,,,,,
2016-10-20,0.002581410539999891,0.89513,0.89153,43.0,0.004480913487665166,0.89915,0.9011,0.90027,0.8972,44.0,0.006647280117450987,0.9011,0.90141,0.9004,0.89739,44.0,0.006647280117450987,0.9011,0.90141,0.9004,0.89739
2016-10-21,0.0025328976269284975,0.89249,0.89012,,,,,,,,,,,,,,,,,,
2016-10-24,0.0024887986189199834,0.89002,0.89203,,,,,,,,,,,,,,,,,,
2016-10-25,0.002391002535025204,0.88973,0.89504,67.0,0.003858886385948071,0.89317,0.89328,0.89394,0.89597,75.0,0.004921948440193761,0.89412,0.89419,0.89568,0.89594,79.0,0.0061067694584717195,0.89518,0.89568,0.89557,0.8956
2016-10-26,0.0023448708558337114,0.89402,0.89217,,,,,,,,,,,,,,,,,,
2016-10-27,0.002358138375868131,0.89224,0.89587,129.0,0.0036135654157984057,0.89547,0.89541,0.89577,0.89547,156.0,0.005153469308741584,0.89685,0.89662,0.8968,0.897,174.0,0.006067362781171129,0.89767,0.89793,0.89658,
2016-10-28,0.0023333529016984446,0.89951,0.89966,,,,,,,,,,,,,,,,,,
2016-10-31,0.0023022453544263794,0.89992,0.89756,,,,,,,,,,,,,,,,,,
2016-11-01,0.0022933158238687833,0.9014,0.90405,,,,,,,,,,,,,,,,,,
2016-11-02,0.0022759007239071664,0.90117,0.90254,,,,,,,,,,,,,,,,,,
2016-11-03,0.0023996166307548514,0.88871,0.89058,,,,,,,,,,,,,,,,,,
2016-11-04,0.002357072900673727,0.88856,0.88655,,,,,,,,,,,,,,,,,,
2016-11-07,0.0026902031725963417,0.88919,0.89012,,,,,,,,,,,,,,,,,,
2016-11-08,0.0025767938214291625,0.89295,0.88952,,,,,,,,,,,,,,,,,,
2016-11-09,0.0025311745082907994,0.88985,0.88088,31.0,-0.004279526774640681,0.88605,0.88625,0.88594,0.88507,42.0,-0.005069862143768846,0.88535,0.88529,0.88508,0.88455,53.0,-0.006460109164753194,0.88412,0.88399,0.88459,0.8831
2016-11-10,0.002622762680292431,0.87553,0.86839,47.0,-0.004051461319159249,0.87199,0.87165,0.87126,0.87161,124.0,-0.005371154194428079,0.87084,0.87069,0.86989,0.86837,127.0,-0.00664659861835257,0.86973,0.86973,0.87013,0.86825
2016-11-11,0.003277164432874924,0.86408,0.86164,176.0,-0.0051632929973857095,0.85963,0.85976,,,,,,,,,,,,,,
2016-11-14,0.0034662351025286924,0.86115,0.85984,,,,,,,,,,,,,,,,,,
2016-11-15,0.003406779515457952,0.86396,0.86256,,,,,,,,,,,,,,,,,,
2016-11-16,0.0033339007722665882,0.86005,0.85935,,,,,,,,,,,,,,,,,,
2016-11-17,0.0032604906400506045,0.85913,0.85546,,,,,,,,,,,,,,,,,,
2016-11-18,0.003193320162111391,0.86001,0.85799,,,,,,,,,,,,,,,,,,
2016-11-21,0.00317474835941062,0.85229,0.85002,,,,,,,,,,,,,,,,,,
2016-11-22,0.003045994315617081,0.85492,0.85564,,,,,,,,,,,,,,,,,,
2016-11-23,0.0031020653659789236,0.8521,0.847,126.0,-0.004693546473395188,0.84811,0.84828,0.84751,0.84849,,,,,,,,,,,,
2016-11-24,0.003082837001481945,0.84759,0.8472,,,,,,,,,,,,,,,,,,
2016-11-25,0.0031481051066002278,0.85218,0.85042,,,,,,,,,,,,,,,,,,
2016-11-28,0.0030825316963237607,0.85179,0.85277,,,,,,,,,,,,,,,,,,
2016-11-29,0.0029683320754381186,0.84823,0.85079,,,,,,,,,,,,,,,,,,
2016-11-30,0.0029204086390114395,0.85137,0.84805,130.0,-0.005051675496117722,0.84708,0.84743,0.84699,0.84637,137.0,-0.006682129903322317,0.8457,0.84555,0.84674,0.84701,,,,,,
2016-12-01,0.0028816238111764323,0.83739,0.84459,118.0,0.004361199448436218,0.84105,0.8408,0.84102,0.8436,128.0,0.006392308169574287,0.84276,0.84245,0.8436,0.84386,133.0,0.007388536815264682,0.8436,0.84384,0.84385,0.84474
2016-12-02,0.0028827791218401506,0.84212,0.84149,,,,,,,,,,,,,,,,,,
2016-12-05,0.002815465822260522,0.84041,0.84635,50.0,0.0043692559862116296,0.84409,0.84393,0.84369,0.84397,,,,,,,,,,,,
2016-12-06,0.0029747138847153825,0.84073,0.84558,88.0,0.004474174194691543,0.8445,0.8449,0.84443,0.84424,,,,,,,,,,,,
2016-12-07,0.0032376879178708153,0.85188,0.85255,,,,,,,,,,,,,,,,,,
2016-12-08,0.003179434620213333,0.8462,0.84375,,,,,,,,,,,,,,,,,,
2016-12-09,0.0031538750616877907,0.84063,0.83796,,,,,,,,,,,,,,,,,,
2016-12-12,0.0032317778067745117,0.83834,0.83834,,,,,,,,,,,,,,,,,,
2016-12-13,0.0031190960011435935,0.83538,0.83787,92.0,0.004872116824000371,0.83946,0.83989,0.83985,0.83939,133.0,0.006574143598438362,0.84089,0.84071,0.83967,0.83919,,,,,,
2016-12-14,0.003051408333782261,0.8376,0.83921,,,,,,,,,,,,,,,,,,
2016-12-15,0.002987562483660012,0.83619,0.83705,,,,,,,,,,,,,,,,,,
2016-12-16,0.002931299977332464,0.83934,0.83609,,,,,,,,,,,,,,,,,,
2016-12-19,0.002870772505250635,0.84142,0.84111,,,,,,,,,,,,,,,,,,
2016-12-20,0.002775655723498613,0.84023,0.84122,,,,,,,,,,,,,,,,,,
2016-12-21,0.0027166620555716435,0.84352,0.84408,,,,,,,,,,,,,,,,,,
2016-12-22,0.00266603508944723,0.84786,0.84894,,,,,,,,,,,,,,,,,,
2016-12-23,0.0026374672242015593,0.85232,0.85126,,,,,,,,,,,,,,,,,,
2016-12-27,0.002670537842042879,0.85281,0.85239,,,,,,,,,,,,,,,,,,
2016-12-28,0.0025070723448773267,0.85138,0.84929,,,,,,,,,,,,,,,,,,
2016-12-29,0.002457905902376135,0.85451,0.85648,118.0,0.0038660820318125576,0.85782,0.85781,0.85707,0.85646,,,,,,,,,,,,
2016-12-30,0.002412052638639064,0.85363,0.8541,,,,,,,,,,,,,,,,,,
2017-01-02,0.0024016079242211506,0.8517,0.85172,,,,,,,,,,,,,,,,,,
2017-01-03,0.0023969809040930287,0.84678,0.85046,138.0,0.003666008691260752,0.84989,0.85018,0.84971,0.84974,,,,,,,,,,,,
2017-01-04,0.002354507293746001,0.84907,0.85023,68.0,0.0038908039327185196,0.85238,0.85223,0.85242,0.85232,93.0,0.005180476183038033,0.85348,0.85315,0.85264,0.85221,,,,,,
2017-01-05,0.0023296164178531475,0.85401,0.85357,,,,,,,,,,,,,,,,,,
2017-01-06,0.002318180177858697,0.85452,0.85778,73.0,0.0035162560688262556,0.85753,0.85762,0.85795,0.85735,82.0,0.004774894807595077,0.85861,0.85826,0.8573,0.85762,,,,,,
2017-01-09,0.0022817058574760235,0.86772,0.86864,,,,,,,,,,,,,,,,,,
2017-01-10,0.0022448571545533942,0.86921,0.86847,,,,,,,,,,,,,,,,,,
2017-01-11,0.0025554372587114913,0.86669,0.86849,,,,,,,,,,,,,,,,,,
2017-01-12,0.002571562648783831,0.86805,0.87373,114.0,0.003920649341555201,0.87146,0.8722,0.87185,0.87174,117.0,0.005193563396793409,0.87257,0.8719,0.87136,0.87222,,,,,,
2017-01-13,0.002526851721755532,0.87506,0.87169,134.0,-0.0039159608065521675,0.87164,0.87184,0.87089,0.87117,142.0,-0.006282118972792831,0.86958,0.86972,0.87091,0.87137,,,,,,
2017-01-16,0.002521411625059833,0.87841,0.87857,,,,,,,,,,,,,,,,,,
2017-01-17,0.002610968302869644,0.86674,0.86399,118.0,-0.004162144422771842,0.86314,0.86348,0.86364,0.86509,,,,,,,,,,,,
2017-01-18,0.002557143821724287,0.86844,0.86768,,,,,,,,,,,,,,,,,,
2017-01-19,0.002906138475154076,0.8631,0.86398,,,,,,,,,,,,,,,,,,
2017-01-20,0.0028458873616892134,0.86645,0.8652,,,,,,,,,,,,,,,,,,
2017-01-23,0.002796002136557679,0.86142,0.8597,,,,,,,,,,,,,,,,,,
2017-01-24,0.002683645720167889,0.86276,0.85871,119.0,-0.004099913408011995,0.85923,0.85914,0.85926,0.85911,174.0,-0.005450871512507756,0.85807,0.85789,0.8577,,,,,,,
2017-01-25,0.0026884119543290627,0.85379,0.85167,,,,,,,,,,,,,,,,,,
2017-01-26,0.0026447991660010993,0.8498,0.84873,,,,,,,,,,,,,,,,,,
2017-01-27,0.002715048422906208,0.85278,0.85208,,,,,,,,,,,,,,,,,,
2017-01-30,0.0026608165248579044,0.84961,0.85683,73.0,0.0041814035717577126,0.85317,0.85323,0.85352,0.85318,120.0,0.005528410200063017,0.85432,0.85457,0.85479,0.85444,165.0,0.006733321235074309,0.85535,0.85624,0.85615,0.85599
2017-01-31,0.0025793271766127563,0.86131,0.85798,168.0,-0.004036884172275952,0.85784,0.85793,0.85796,,,,,,,,,,,,,
2017-02-01,0.0025375203556492654,0.85082,0.85081,,,,,,,,,,,,,,,,,,
2017-02-02,0.0025109009270037983,0.86054,0.85903,,,,,,,,,,,,,,,,,,
2017-02-03,0.0025590556831589064,0.86119,0.86187,,,,,,,,,,,,,,,,,,
2017-02-06,0.002632268567600439,0.86053,0.86084,,,,,,,,,,,,,,,,,,
2017-02-07,0.00256938512094255,0.8619,0.85572,137.0,-0.004593431921723473,0.85795,0.85746,0.85759,0.85709,138.0,-0.005164723931595179,0.85746,0.85715,0.85761,0.85728,172.0,-0.006798787510099129,0.85606,0.85604,0.85599,
2017-02-08,0.0025558893939182227,0.85287,0.85321,,,,,,,,,,,,,,,,,,
2017-02-09,0.0025614622857809003,0.84994,0.85193,,,,,,,,,,,,,,,,,,
2017-02-10,0.0025128401140695517,0.8521,0.85133,,,,,,,,,,,,,,,,,,
2017-02-13,0.002468635298282225,0.849,0.84745,,,,,,,,,,,,,,,,,,
2017-02-14,0.002384742084284763,0.85135,0.8476,108.0,-0.0036714994348901794,0.84823,0.84816,0.84757,0.84745,,,,,,,,,,,,
2017-02-15,0.00237944258166472,0.8498,0.85034,,,,,,,,,,,,,,,,,,
2017-02-16,0.0023500179012995647,0.85159,0.85427,169.0,0.0036453398237535507,0.8547,0.8546,0.85439,,,,,,,,,,,,,
2017-02-17,0.002329195779216519,0.85739,0.85321,178.0,-0.0037509465153245363,0.85418,0.85413,,,,,,,,,,,,,,
2017-02-20,0.002298355779139276,0.85163,0.85178,,,,,,,,,,,,,,,,,,
2017-02-21,0.0022230860256883082,0.84863,0.84612,108.0,-0.0037542545039457673,0.84545,0.84554,0.84567,0.8449,126.0,-0.004499697574193127,0.84482,0.84502,0.84485,0.84504,,,,,,
2017-02-22,0.002237942433063964,0.84457,0.84804,,,,,,,,,,,,,,,,,,
2017-02-23,0.002314703830909163,0.84593,0.84238,,,,,,,,,,,,,,,,,,
2017-02-24,0.0023425252309373715,0.84567,0.84791,,,,,,,,,,,,,,,,,,
2017-02-27,0.0023854126204039595,0.85316,0.85124,,,,,,,,,,,,,,,,,,
2017-02-28,0.0023623596068587794,0.85291,0.85458,,,,,,,,,,,,,,,,,,
2017-03-01,0.0023246422851237753,0.85558,0.85757,,,,,,,,,,,,,,,,,,
2017-03-02,0.0022896155830831647,0.85584,0.85669,,,,,,,,,,,,,,,,,,
2017-03-03,0.0022925350857217995,0.86347,0.8619,,,,,,,,,,,,,,,,,,
2017-03-06,0.002251317871159529,0.86334,0.86495,,,,,,,,,,,,,,,,,,
2017-03-07,0.0022545641691640653,0.86685,0.86628,,,,,,,,,,,,,,,,,,
2017-03-08,0.002220555278262814,0.86723,0.86701,,,,,,,,,,,,,,,,,,
2017-03-09,0.0021849024942077696,0.86839,0.86931,77.0,0.003620839276866864,0.87154,0.87115,0.87119,0.87103,,,,,,,,,,,,
2017-03-10,0.0021475683560604883,0.87396,0.87689,136.0,0.003324140755645363,0.87687,0.8769,0.87766,0.87767,145.0,0.004315814200225662,0.87774,0.87762,0.87773,0.87717,,,,,,
2017-03-13,0.0021921866667537603,0.87265,0.87201,,,,,,,,,,,,,,,,,,
2017-03-14,0.0021882852457802003,0.87654,0.875,,,,,,,,,,,,,,,,,,
2017-03-15,0.002218239609126633,0.87118,0.8698,,,,,,,,,,,,,,,,,,
2017-03-16,0.0021800498496821192,0.87298,0.86817,3.0,-0.0036378490764424846,0.86981,0.87055,0.86902,0.86867,8.0,-0.0045465061094541095,0.86902,0.86907,0.86901,0.8683,20.0,-0.005813101555534592,0.86792,0.86815,0.86742,0.86796
2017-03-17,0.0021478958906314734,0.86842,0.86819,,,,,,,,,,,,,,,,,,
2017-03-20,0.0021216413969224615,0.86798,0.86974,,,,,,,,,,,,,,,,,,
2017-03-21,0.002161791311257478,0.8673,0.86608,,,,,,,,,,,,,,,,,,
2017-03-22,0.00213217599333623,0.86662,0.86581,163.0,0.00346724609412985,0.86963,0.869,0.86943,0.86912,,,,,,,,,,,,
2017-03-23,0.002159592915249748,0.86314,0.86115,,,,,,,,,,,,,,,,,,
2017-03-24,0.0021312568795361446,0.86497,0.86519,,,,,,,,,,,,,,,,,,
2017-03-27,0.0021093114379289444,0.86347,0.86481,,,,,,,,,,,,,,,,,,
2017-03-28,0.0020810123316841204,0.86451,0.86791,,,,,,,,,,,,,,,,,,
2017-03-29,0.0020568449722848476,0.86284,0.86656,28.0,0.0032051865791909643,0.86561,0.86598,0.86603,0.86611,51.0,0.004878904411778077,0.86706,0.86719,0.86684,0.8664,,,,,,
2017-03-30,0.002162110218781167,0.86116,0.85885,106.0,-0.0034781025332167566,0.85817,0.85778,0.85825,0.85815,,,,,,,,,,,,
2017-03-31,0.0022622815351718176,0.85571,0.85338,,,,,,,,,,,,,,,,,,
2017-04-03,0.0024196497375603546,0.85258,0.85398,,,,,,,,,,,,,,,,,,
2017-04-04,0.0024468576069438656,0.8563,0.85744,,,,,,,,,,,,,,,,,,
2017-04-05,0.0024134331230255238,0.85486,0.85381,,,,,,,,,,,,,,,,,,
2017-04-06,0.0024110632762187976,0.85602,0.85296,172.0,-0.0036748827125584185,0.85288,0.85303,0.85299,,,,,,,,,,,,,
2017-04-07,0.0023875087776285254,0.85536,0.85627,,,,,,,,,,,,,,,,,,
2017-04-10,0.0023483693337894764,0.8533,0.85413,,,,,,,,,,,,,,,,,,
2017-04-11,0.0022709212723266213,0.8535,0.85023,,,,,,,,,,,,,,,,,,
2017-04-12,0.0022453650540949885,0.84836,0.84873,,,,,,,,,,,,,,,,,,
2017-04-13,0.00223234934924631,0.84812,0.84903,,,,,,,,,,,,,,,,,,
2017-04-14,0.0021937225873807915,0.84867,0.84785,,,,,,,,,,,,,,,,,,
2017-04-17,0.002156651123602205,0.84808,0.84678,,,,,,,,,,,,,,,,,,
2017-04-18,0.0020951978222778526,0.84276,0.83844,83.0,-0.00324461447359556,0.84003,0.83997,0.83938,0.83916,92.0,-0.004197415184053715,0.83923,0.83909,0.83917,0.839,122.0,-0.005270402244245417,0.83833,0.83838,0.83866,0.83807
2017-04-19,0.002060856531650412,0.83412,0.83722,,,,,,,,,,,,,,,,,,
2017-04-20,0.002371654612282461,0.83957,0.83851,,,,,,,,,,,,,,,,,,
2017-04-21,0.002339793379927584,0.83673,0.83648,,,,,,,,,,,,,,,,,,
2017-04-24,0.0022998553826752088,0.84676,0.84856,83.0,0.0034895819623036698,0.84972,0.84973,0.84967,0.8501,108.0,0.004771535411258809,0.85081,0.85051,0.85066,0.8508,,,,,,
2017-04-25,0.0024894033333726744,0.84912,0.85226,151.0,0.0037615240891041477,0.85232,0.85203,0.85186,0.8524,,,,,,,,,,,,
2017-04-26,0.0024586212591079224,0.84925,0.84676,179.0,-0.00395245773072446,0.8459,0.84592,,,,,,,,,,,,,,
2017-04-27,0.0024231418005122634,0.84477,0.84278,,,,,,,,,,,,,,,,,,
2017-04-28,0.0024104166477142883,0.84487,0.84192,177.0,-0.004020523101965738,0.84148,0.84167,,,,,,,,,,,,,,
2017-05-01,0.0024651854976221197,0.84381,0.84465,,,,,,,,,,,,,,,,,,
2017-05-02,0.0023934697137882547,0.84468,0.84427,,,,,,,,,,,,,,,,,,
2017-05-03,0.00235778722836693,0.84439,0.84548,,,,,,,,,,,,,,,,,,
2017-05-04,0.0023160405232750918,0.84786,0.84961,,,,,,,,,,,,,,,,,,
2017-05-05,0.0022770650520994654,0.84676,0.84916,,,,,,,,,,,,,,,,,,
2017-05-08,0.0022842709963145774,0.84496,0.84455,,,,,,,,,,,,,,,,,,
2017-05-09,0.0022331172001939033,0.84264,0.84039,,,,,,,,,,,,,,,,,,
2017-05-10,0.00221697505133293,0.83975,0.8404,,,,,,,,,,,,,,,,,,
2017-05-11,0.0021999833559837355,0.84422,0.84342,,,,,,,,,,,,,,,,,,
2017-05-12,0.0021646583077363922,0.84564,0.84824,,,,,,,,,,,,,,,,,,
2017-05-15,0.002158776459490434,0.84906,0.84997,,,,,,,,,,,,,,,,,,
2017-05-16,0.0021173559447488378,0.85845,0.85746,,,,,,,,,,,,,,,,,,
2017-05-17,0.00211449468185281,0.85718,0.86008,,,,,,,,,,,,,,,,,,
2017-05-18,0.002281707721204372,0.85384,0.85586,,,,,,,,,,,,,,,,,,
2017-05-19,0.002242300799468756,0.85891,0.85962,,,,,,,,,,,,,,,,,,
2017-05-22,0.0022286915136558063,0.86362,0.86386,,,,,,,,,,,,,,,,,,
2017-05-23,0.002168379413134737,0.86485,0.86298,,,,,,,,,,,,,,,,,,
2017-05-24,0.0022025422406268948,0.86299,0.86389,,,,,,,,,,,,,,,,,,
2017-05-25,0.002204877027684236,0.86527,0.86604,,,,,,,,,,,,,,,,,,
2017-05-26,0.0021922311263693566,0.87174,0.87324,,,,,,,,,,,,,,,,,,
2017-05-29,0.00218408424939098,0.87092,0.87021,,,,,,,,,,,,,,,,,,
2017-05-30,0.0021554015911397083,0.86826,0.8699,,,,,,,,,,,,,,,,,,
2017-05-31,0.0021367984934464916,0.87387,0.87081,160.0,-0.003266684472277469,0.87102,0.87095,0.87148,0.87178,,,,,,,,,,,,
2017-06-01,0.0021219906324009786,0.8726,0.86974,169.0,-0.003409426857518069,0.86963,0.86967,0.86995,,,,,,,,,,,,,
2017-06-02,0.002096429991184653,0.87219,0.87475,45.0,0.003193738870850766,0.87498,0.87465,0.87403,0.87464,99.0,0.00513475543084023,0.87668,0.87649,0.87589,0.87634,,,,,,
2017-06-05,0.002073225110241581,0.87087,0.871,,,,,,,,,,,,,,,,,,
2017-06-06,0.0020495839726916852,0.87159,0.87332,104.0,0.003253115662577088,0.87443,0.87433,0.87367,0.87403,,,,,,,,,,,,
2017-06-07,0.0020536945546056405,0.86882,0.86831,,,,,,,,,,,,,,,,,,
2017-06-08,0.0020220960185630635,0.86702,0.86697,,,,,,,,,,,,,,,,,,
2017-06-09,0.0020375335675890554,0.87732,0.87862,,,,,,,,,,,,,,,,,,
2017-06-12,0.0022174147098476113,0.88477,0.88524,,,,,,,,,,,,,,,,,,
2017-06-13,0.0021420173088346054,0.88113,0.87867,,,,,,,,,,,,,,,,,,
2017-06-14,0.0022094941933129557,0.87988,0.88032,136.0,0.003347122049714242,0.88283,0.88281,0.88284,0.88289,,,,,,,,,,,,
2017-06-15,0.0022416966520451167,0.87441,0.87343,,,,,,,,,,,,,,,,,,
2017-06-16,0.0022016371263334036,0.87439,0.87597,,,,,,,,,,,,,,,,,,
2017-06-19,0.002294941153740631,0.87496,0.87582,,,,,,,,,,,,,,,,,,
2017-06-20,0.0022389580350305406,0.88006,0.88109,113.0,0.003380412725031766,0.88304,0.88278,0.8828,0.88198,,,,,,,,,,,,
2017-06-21,0.0022013094335067446,0.87776,0.87981,,,,,,,,,,,,,,,,,,
2017-06-22,0.0022427132905900936,0.88114,0.88072,,,,,,,,,,,,,,,,,,
2017-06-23,0.0022033028590617352,0.878,0.87979,,,,,,,,,,,,,,,,,,
2017-06-26,0.0021862393646756907,0.87833,0.87951,,,,,,,,,,,,,,,,,,
2017-06-27,0.0021235094399595575,0.88354,0.88518,,,,,,,,,,,,,,,,,,
2017-06-28,0.0020934631967744924,0.88632,0.87856,17.0,-0.007144788168367275,0.88001,0.88125,0.88288,0.88328,17.0,-0.007144788168367275,0.88001,0.88125,0.88288,0.88328,17.0,-0.007144788168367275,0.88001,0.88125,0.88288,0.88328
2017-06-29,0.002158276085743697,0.87943,0.87952,,,,,,,,,,,,,,,,,,
2017-06-30,0.0021956005212173417,0.87876,0.87792,,,,,,,,,,,,,,,,,,
2017-07-03,0.0021647522996778587,0.8775,0.87767,,,,,,,,,,,,,,,,,,
2017-07-04,0.0021095338263282452,0.87783,0.87833,,,,,,,,,,,,,,,,,,
2017-07-05,0.0020765614018112967,0.87721,0.87637,,,,,,,,,,,,,,,,,,
2017-07-06,0.002043438710288851,0.87978,0.87986,,,,,,,,,,,,,,,,,,
2017-07-07,0.002018026227241728,0.8845,0.88476,,,,,,,,,,,,,,,,,,
2017-07-10,0.002016019098799833,0.88409,0.88453,,,,,,,,,,,,,,,,,,
2017-07-11,0.001998654041821913,0.88284,0.88975,54.0,0.003042352081142991,0.88553,0.88542,0.88543,0.88636,68.0,0.0040468951831967035,0.88642,0.88636,0.88659,0.88659,151.0,0.0052420021522081965,0.88748,0.88776,0.88849,0.88852
2017-07-12,0.001971251838844525,0.88923,0.88532,74.0,-0.003029673952830023,0.88654,0.88667,0.88708,0.88666,139.0,-0.00444064476535612,0.88529,0.8854,0.88535,0.88462,149.0,-0.00560478267196822,0.88426,0.88405,0.88462,0.88558
2017-07-13,0.002127692294340306,0.88186,0.88117,,,,,,,,,,,,,,,,,,
2017-07-14,0.002202594909753829,0.87969,0.87558,124.0,-0.0037926072623477155,0.87636,0.8761,0.87635,0.8764,156.0,-0.004546006154187697,0.8757,0.87543,0.87586,0.87489,165.0,-0.005928713394865766,0.87449,0.87478,0.87505,0.87507
2017-07-17,0.002235464290028335,0.87771,0.87834,,,,,,,,,,,,,,,,,,
2017-07-18,0.0022430261296292812,0.88787,0.88876,,,,,,,,,,,,,,,,,,
2017-07-19,0.0022858891484864407,0.88482,0.88346,,,,,,,,,,,,,,,,,,
2017-07-20,0.002297529834728588,0.88697,0.89661,48.0,0.004095461343792203,0.89061,0.89052,0.89092,0.89159,51.0,0.004600605404778444,0.89106,0.89148,0.89166,0.89125,132.0,0.0058007020051638975,0.89213,0.89215,0.89259,0.89392
2017-07-21,0.002264007671557685,0.89567,0.89883,,,,,,,,,,,,,,,,,,
2017-07-24,0.0025352588450223393,0.89322,0.89372,,,,,,,,,,,,,,,,,,
2017-07-25,0.002441078204604486,0.89326,0.89348,,,,,,,,,,,,,,,,,,
2017-07-26,0.0024065355672294475,0.89218,0.8915,,,,,,,,,,,,,,,,,,
2017-07-27,0.00236259599903008,0.8896,0.89228,,,,,,,,,,,,,,,,,,
2017-07-28,0.0023214400891566735,0.89547,0.89558,,,,,,,,,,,,,,,,,,
2017-07-31,0.0022800603383587178,0.89395,0.89612,,,,,,,,,,,,,,,,,,
2017-08-01,0.002202606047538213,0.8947,0.89357,,,,,,,,,,,,,,,,,,
2017-08-02,0.0021676647289966705,0.89448,0.89613,,,,,,,,,,,,,,,,,,
2017-08-03,0.0021324028727941167,0.90234,0.90345,,,,,,,,,,,,,,,,,,
2017-08-04,0.002105421438435767,0.90338,0.90156,142.0,-0.0038151899525604117,0.89994,0.89983,0.90093,0.90065,,,,,,,,,,,,
2017-08-07,0.002214511628299033,0.90434,0.90531,,,,,,,,,,,,,,,,,,
2017-08-08,0.0021493464990304037,0.90682,0.90395,,,,,,,,,,,,,,,,,,
2017-08-09,0.0021214556389019504,0.90354,0.90388,,,,,,,,,,,,,,,,,,
2017-08-10,0.0020941713871997533,0.90235,0.9054,,,,,,,,,,,,,,,,,,
2017-08-11,0.002060534732405265,0.90611,0.90925,31.0,0.0031183739217138834,0.90894,0.90854,0.90865,0.91069,43.0,0.004195972081916006,0.90992,0.90993,0.91067,0.91163,45.0,0.00522849669610541,0.91086,0.91069,0.9107,0.91157
2017-08-14,0.002052035735840003,0.90941,0.90819,,,,,,,,,,,,,,,,,,
2017-08-15,0.001994434808599141,0.91232,0.91263,40.0,-0.00321676065512744,0.90939,0.90937,0.90984,0.90965,,,,,,,,,,,,
2017-08-16,0.001963840352123222,0.90993,0.90993,,,,,,,,,,,,,,,,,,
2017-08-17,0.001968580147430935,0.90918,0.91066,,,,,,,,,,,,,,,,,,
2017-08-18,0.0019409635906939995,0.91126,0.91419,178.0,0.0029694909588052973,0.91397,0.91383,,,,,,,,,,,,,,
2017-08-21,0.001931274879170617,0.91336,0.9154,,,,,,,,,,,,,,,,,,
2017-08-22,0.0018894942062837692,0.91734,0.91657,,,,,,,,,,,,,,,,,,
2017-08-23,0.001884468010113186,0.9212,0.92285,,,,,,,,,,,,,,,,,,
2017-08-24,0.001862007341769413,0.92061,0.92172,,,,,,,,,,,,,,,,,,
2017-08-25,0.0019260701142336223,0.92094,0.92236,,,,,,,,,,,,,,,,,,
2017-08-28,0.001911472782787264,0.92352,0.92623,,,,,,,,,,,,,,,,,,
2017-08-29,0.0019091833846495397,0.92938,0.92954,,,,,,,,,,,,,,,,,,
2017-08-30,0.0018822099570226557,0.92291,0.922,,,,,,,,,,,,,,,,,,
2017-08-31,0.0018595125395109858,0.92049,0.92294,,,,,,,,,,,,,,,,,,
2017-09-01,0.0019453874563311279,0.92079,0.91565,48.0,-0.003089074320853274,0.91795,0.91733,0.91775,0.91747,55.0,-0.004353558830443107,0.91679,0.91722,0.91731,0.91789,75.0,-0.004910002406694195,0.91628,0.91657,0.91617,0.91635
2017-09-04,0.0019193374570242022,0.91897,0.92072,,,,,,,,,,,,,,,,,,
2017-09-05,0.0019263770399163718,0.91768,0.91544,179.0,-0.0030776978685020913,0.91486,0.91509,,,,,,,,,,,,,,
2017-09-06,0.0019342034338833789,0.91482,0.91374,,,,,,,,,,,,,,,,,,
2017-09-07,0.002039727730539534,0.91446,0.91869,43.0,0.0032970542002014576,0.91748,0.91715,0.91836,0.91933,48.0,0.004255743484016587,0.91836,0.91914,0.91964,0.9192,49.0,0.005104723126846459,0.91914,0.91926,0.91983,0.91876
2017-09-08,0.002007406946231271,0.91295,0.91141,,,,,,,,,,,,,,,,,,
2017-09-11,0.002050936689993548,0.90821,0.90813,,,,,,,,,,,,,,,,,,
2017-09-12,0.002133343808514987,0.89902,0.90127,149.0,0.004040678647204146,0.90266,0.90336,0.90254,0.90151,150.0,0.00481586389991811,0.90336,0.90254,0.90297,0.90146,,,,,,
2017-09-13,0.002136025225829103,0.90249,0.90028,157.0,-0.0032185058414402673,0.89959,0.8997,0.89981,0.90003,,,,,,,,,,,,
2017-09-14,0.0022266309195959626,0.89117,0.8872,33.0,-0.003484637414697237,0.88807,0.88861,0.88902,0.88977,,,,,,,,,,,,
2017-09-15,0.0021875073740265116,0.88043,0.88072,,,,,,,,,,,,,,,,,,
2017-09-18,0.002363666355012518,0.88221,0.88519,,,,,,,,,,,,,,,,,,
2017-09-19,0.0025509081191853423,0.88746,0.8862,,,,,,,,,,,,,,,,,,
2017-09-20,0.0025949686560963374,0.88692,0.88456,170.0,-0.003942728297832576,0.88343,0.8834,0.88342,,,,,,,,,,,,,
2017-09-21,0.002556232522877441,0.88284,0.87997,,,,,,,,,,,,,,,,,,
2017-09-22,0.0026191827339349305,0.88199,0.88451,106.0,0.004242735740469664,0.88574,0.88547,0.88667,0.88615,111.0,0.005292154425028168,0.88667,0.88642,0.88578,0.8866,,,,,,
2017-09-25,0.0025685115345480047,0.87956,0.88069,,,,,,,,,,,,,,,,,,
2017-09-26,0.002525109002188609,0.87847,0.87702,,,,,,,,,,,,,,,,,,
2017-09-27,0.0024897398307843796,0.87549,0.8765,,,,,,,,,,,,,,,,,,
2017-09-28,0.0024556571098905324,0.87732,0.87652,,,,,,,,,,,,,,,,,,
2017-09-29,0.002409868283083349,0.8824,0.88149,,,,,,,,,,,,,,,,,,
2017-10-02,0.002368299601397212,0.88365,0.8852,,,,,,,,,,,,,,,,,,
2017-10-03,0.0023063344829482605,0.88686,0.88762,,,,,,,,,,,,,,,,,,
2017-10-04,0.002286488214411746,0.88766,0.88661,,,,,,,,,,,,,,,,,,
2017-10-05,0.0022707533344504933,0.89131,0.89117,,,,,,,,,,,,,,,,,,
2017-10-06,0.0022321956332672917,0.8951,0.8983,151.0,0.003691090384768888,0.89841,0.89854,0.89824,0.89811,,,,,,,,,,,,
2017-10-09,0.002258322958202253,0.89155,0.89438,,,,,,,,,,,,,,,,,,
2017-10-10,0.002222538406042639,0.89374,0.89319,,,,,,,,,,,,,,,,,,
2017-10-11,0.002199771258376558,0.89685,0.8968,,,,,,,,,,,,,,,,,,
2017-10-12,0.0021624559748497137,0.90247,0.89877,138.0,-0.0037300634950918035,0.89911,0.89881,0.89928,0.8991,,,,,,,,,,,,
2017-10-13,0.002132367640227982,0.8895,0.88961,,,,,,,,,,,,,,,,,,
2017-10-16,0.0021303817390677625,0.88769,0.88899,,,,,,,,,,,,,,,,,,
2017-10-17,0.0020860665821617703,0.89231,0.89153,,,,,,,,,,,,,,,,,,
2017-10-18,0.0020523629870517084,0.89186,0.89324,,,,,,,,,,,,,,,,,,
2017-10-19,0.002051017519170396,0.898,0.89846,,,,,,,,,,,,,,,,,,
2017-10-20,0.002020400457508273,0.89631,0.89292,,,,,,,,,,,,,,,,,,
2017-10-23,0.0021408078302200934,0.8919,0.89104,,,,,,,,,,,,,,,,,,
2017-10-24,0.0022512255836076916,0.89331,0.89655,178.0,0.003386140189590776,0.89634,0.89653,,,,,,,,,,,,,,
2017-10-25,0.0022237067740331256,0.88857,0.89072,135.0,0.0035499672174311428,0.89173,0.8917,0.89195,0.89203,,,,,,,,,,,,
2017-10-26,0.0022596456123136284,0.89031,0.8876,,,,,,,,,,,,,,,,,,
2017-10-27,0.002261488434946572,0.88628,0.88351,179.0,-0.003515220212453588,0.88317,0.88337,,,,,,,,,,,,,,
2017-10-30,0.002279690482093214,0.88168,0.8812,,,,,,,,,,,,,,,,,,
2017-10-31,0.0022140696677253762,0.88036,0.8771,,,,,,,,,,,,,,,,,,
2017-11-01,0.002186978677857845,0.87512,0.87617,,,,,,,,,,,,,,,,,,
2017-11-02,0.0022179162056280444,0.8872,0.89338,128.0,0.003364487051811441,0.89019,0.89013,0.89011,0.89012,,,,,,,,,,,,
2017-11-03,0.002177715887752758,0.88944,0.88927,,,,,,,,,,,,,,,,,,
2017-11-06,0.002601115999284622,0.88422,0.88302,,,,,,,,,,,,,,,,,,
2017-11-07,0.0025443746359173217,0.88096,0.88057,,,,,,,,,,,,,,,,,,
2017-11-08,0.002585615741000055,0.88502,0.88428,,,,,,,,,,,,,,,,,,
2017-11-09,0.00253660000543082,0.88547,0.88515,,,,,,,,,,,,,,,,,,
2017-11-10,0.002505563485734747,0.88244,0.88361,,,,,,,,,,,,,,,,,,
2017-11-13,0.002470468995361162,0.8916,0.88942,,,,,,,,,,,,,,,,,,
2017-11-14,0.002418565054287057,0.89684,0.89446,,,,,,,,,,,,,,,,,,
2017-11-15,0.002380879630105913,0.89939,0.89567,100.0,-0.0035866286304147227,0.89617,0.89622,0.89638,0.89716,,,,,,,,,,,,
2017-11-16,0.0024538618963246676,0.89207,0.89247,,,,,,,,,,,,,,,,,,
2017-11-17,0.0024269306477202,0.89453,0.89341,,,,,,,,,,,,,,,,,,
2017-11-20,0.0023900526581173637,0.88888,0.88744,,,,,,,,,,,,,,,,,,
2017-11-21,0.0023251555114599796,0.88462,0.887,,,,,,,,,,,,,,,,,,
2017-11-22,0.0022992815850089716,0.88633,0.8874,,,,,,,,,,,,,,,,,,
2017-11-23,0.002258488346167036,0.88999,0.89053,,,,,,,,,,,,,,,,,,
2017-11-24,0.002229610441443737,0.89173,0.8949,144.0,0.0034480090582348446,0.89481,0.89477,0.89448,0.8943,,,,,,,,,,,,
2017-11-27,0.0022274033901081014,0.89392,0.89297,,,,,,,,,,,,,,,,,,
2017-11-28,0.0021655094979511837,0.89553,0.89031,,,,,,,,,,,,,,,,,,
2017-11-29,0.002143859728832082,0.88381,0.88251,,,,,,,,,,,,,,,,,,
2017-11-30,0.0021933007189268647,0.8809,0.88017,,,,,,,,,,,,,,,,,,
2017-12-01,0.0022408321930047883,0.88063,0.88134,,,,,,,,,,,,,,,,,,
2017-12-04,0.002202000008887235,0.87647,0.88027,112.0,0.006244226768289558,0.88196,0.88097,0.87948,0.88111,112.0,0.006244226768289558,0.88196,0.88097,0.87948,0.88111,112.0,0.006244226768289558,0.88196,0.88097,0.87948,0.88111
2017-12-05,0.0021396007102357,0.88154,0.87846,153.0,-0.0032268355045714835,0.8787,0.87882,0.87875,0.87839,,,,,,,,,,,,
2017-12-06,0.00210519668219268,0.88189,0.88153,,,,,,,,,,,,,,,,,,
2017-12-07,0.0020709320369934263,0.88151,0.87864,59.0,-0.003113143605482439,0.87877,0.87877,0.87926,0.87938,179.0,-0.004308709905399649,0.87772,0.87791,,,,,,,,
2017-12-08,0.002037046995193557,0.87607,0.87761,98.0,0.0031568596685070368,0.87884,0.87845,0.87906,0.87868,157.0,0.004396362434136815,0.87993,0.88042,0.87977,0.87996,,,,,,
2017-12-11,0.0022579040796828504,0.88166,0.88333,,,,,,,,,,,,,,,,,,
2017-12-12,0.0022943800854171303,0.88042,0.88046,,,,,,,,,,,,,,,,,,
2017-12-13,0.0022786516241944813,0.88062,0.881,,,,,,,,,,,,,,,,,,
2017-12-14,0.002238518255032555,0.88169,0.87711,108.0,-0.0033969778006552494,0.8787,0.8786,0.87847,0.87736,117.0,-0.004569851532357776,0.87767,0.87747,0.87733,0.877,140.0,-0.005801140094425424,0.87659,0.87667,0.8767,0.8765
2017-12-15,0.002209174368030535,0.885,0.88319,,,,,,,,,,,,,,,,,,
2017-12-18,0.002204844513594889,0.87992,0.88004,,,,,,,,,,,,,,,,,,
2017-12-19,0.0021815557762200903,0.88599,0.88483,,,,,,,,,,,,,,,,,,
2017-12-20,0.00214729037799553,0.8832,0.88671,91.0,0.0033571302660320907,0.88617,0.88664,0.8866,0.88699,103.0,0.0049920479541260224,0.88762,0.88749,0.88699,0.88638,,,,,,
2017-12-21,0.002138019927043581,0.88835,0.88764,,,,,,,,,,,,,,,,,,
2017-12-22,0.002140827823791741,0.88549,0.88586,,,,,,,,,,,,,,,,,,
2017-12-26,0.002121879587319452,0.88795,0.88711,,,,,,,,,,,,,,,,,,
2017-12-27,0.0020612736184531123,0.88683,0.88818,,,,,,,,,,,,,,,,,,
2017-12-28,0.00202865875756699,0.88916,0.88888,,,,,,,,,,,,,,,,,,
2017-12-29,0.0019970565015289465,0.88618,0.88882,155.0,0.003075902802018773,0.88891,0.88886,0.88865,0.889,,,,,,,,,,,,
2018-01-02,0.001967269373890656,0.88924,0.88664,177.0,-0.0033342375667155823,0.88628,0.88634,,,,,,,,,,,,,,
2018-01-03,0.0018437529603121522,0.88709,0.88923,111.0,0.002780515679905884,0.88956,0.8896,0.88936,0.88981,,,,,,,,,,,,
2018-01-04,0.0018432340797559564,0.89139,0.8913,,,,,,,,,,,,,,,,,,
2018-01-05,0.0018346022396331207,0.88835,0.88801,,,,,,,,,,,,,,,,,,
2018-01-08,0.0018023732493097594,0.88371,0.88316,,,,,,,,,,,,,,,,,,
2018-01-09,0.0017874672953450727,0.88193,0.88143,,,,,,,,,,,,,,,,,,
2018-01-10,0.0018482427922503282,0.88663,0.8848,,,,,,,,,,,,,,,,,,
2018-01-11,0.0018114002907202126,0.88986,0.88873,,,,,,,,,,,,,,,,,,
2018-01-12,0.0018243269457102822,0.88738,0.88618,,,,,,,,,,,,,,,,,,
2018-01-15,0.0018487162680629057,0.89015,0.88869,,,,,,,,,,,,,,,,,,
2018-01-16,0.0017882194001020456,0.88694,0.88897,,,,,,,,,,,,,,,,,,
2018-01-17,0.0017577747634330658,0.88569,0.88443,,,,,,,,,,,,,,,,,,
2018-01-18,0.001723486800961252,0.88346,0.88109,131.0,-0.002811092055416065,0.88098,0.88096,0.88101,0.88059,168.0,-0.0034923838108865926,0.88038,0.88042,0.88058,,,,,,,
2018-01-19,0.0018732807810390077,0.88338,0.88252,,,,,,,,,,,,,,,,,,
2018-01-22,0.001840359174189992,0.87964,0.87703,121.0,-0.0029715335498724715,0.87703,0.87722,0.87748,0.87738,,,,,,,,,,,,
2018-01-23,0.0017692730718342924,0.87821,0.87833,,,,,,,,,,,,,,,,,,
2018-01-24,0.0018349790886557267,0.87186,0.87297,,,,,,,,,,,,,,,,,,
2018-01-25,0.001806876009348044,0.87376,0.8762,,,,,,,,,,,,,,,,,,
2018-01-26,0.0020179626011580503,0.87329,0.87649,64.0,0.004045442401494611,0.87683,0.87623,0.87568,0.87758,64.0,0.004045442401494611,0.87683,0.87623,0.87568,0.87758,78.0,0.005151088718741136,0.8778,0.87758,0.87723,0.87682
2018-01-29,0.002096465621655446,0.87832,0.87935,,,,,,,,,,,,,,,,,,
2018-01-30,0.002017110610250833,0.88013,0.87719,173.0,-0.0031636232772359217,0.87735,0.87737,0.8774,,,,,,,,,,,,,
2018-01-31,0.002007683215631263,0.87918,0.87524,118.0,-0.0032925684983228557,0.87629,0.87594,0.87603,0.87596,120.0,-0.004103130970279283,0.87558,0.87579,0.87643,0.87568,,,,,,
2018-02-01,0.0020433329515965252,0.87521,0.87695,,,,,,,,,,,,,,,,,,
2018-02-02,0.002005642958112476,0.87908,0.88089,151.0,0.003157407191086185,0.88186,0.88151,0.88125,0.88132,,,,,,,,,,,,
2018-02-05,0.0019668979992748473,0.88571,0.88566,,,,,,,,,,,,,,,,,,
2018-02-06,0.0019911929099534114,0.89048,0.88774,108.0,-0.003171856394049769,0.88766,0.88779,0.88769,0.88702,158.0,-0.004028406802563756,0.8869,0.88686,0.8867,0.8872,,,,,,
2018-02-07,0.00199642533444961,0.88708,0.88447,146.0,-0.0032179601079151397,0.88423,0.88406,0.88492,0.88468,,,,,,,,,,,,
2018-02-08,0.0019572856261982647,0.87443,0.8816,134.0,0.003595873761228683,0.87758,0.87737,0.87781,0.8795,137.0,0.004404589712519236,0.87829,0.87822,0.87795,0.87899,147.0,0.004905437749761487,0.87873,0.8785,0.87899,0.87841
2018-02-09,0.0019672350732059534,0.88702,0.88597,,,,,,,,,,,,,,,,,,
2018-02-12,0.001974398942226696,0.88649,0.88831,120.0,0.002973611409333065,0.88913,0.88906,0.88844,0.88812,,,,,,,,,,,,
2018-02-13,0.0020098064618630606,0.88993,0.89093,,,,,,,,,,,,,,,,,,
2018-02-14,0.0019854428042755507,0.88974,0.88845,,,,,,,,,,,,,,,,,,
2018-02-15,0.0019613697190233492,0.88602,0.88789,,,,,,,,,,,,,,,,,,
2018-02-16,0.0019311358158347531,0.88732,0.88558,,,,,,,,,,,,,,,,,,
2018-02-19,0.0018994418930722004,0.88597,0.88537,,,,,,,,,,,,,,,,,,
2018-02-20,0.0019442702972813938,0.88215,0.88153,,,,,,,,,,,,,,,,,,
2018-02-21,0.0019113951666150746,0.88481,0.88253,68.0,-0.00294280978863971,0.88221,0.88162,0.88203,0.88213,119.0,-0.003963495778177705,0.88131,0.88142,0.88154,0.88191,,,,,,
2018-02-22,0.001960813158596137,0.88467,0.88361,,,,,,,,,,,,,,,,,,
2018-02-23,0.0019249560916650222,0.87954,0.88011,,,,,,,,,,,,,,,,,,
2018-02-26,0.0018866881191423209,0.87958,0.88136,144.0,0.0028609074506220217,0.8821,0.8821,0.88224,0.88188,,,,,,,,,,,,
2018-02-27,0.0018276000883080082,0.88309,0.87941,164.0,-0.002778204799877916,0.88064,0.88085,0.8807,0.88008,,,,,,,,,,,,
2018-02-28,0.0018430130417781726,0.88351,0.88581,,,,,,,,,,,,,,,,,,
2018-03-01,0.0018560768774143757,0.88497,0.88917,118.0,0.0028660427634414785,0.88751,0.88741,0.88708,0.88762,155.0,0.003778292310046017,0.88832,0.88843,0.88824,0.88836,,,,,,
2018-03-02,0.0020205334760684283,0.8926,0.89404,,,,,,,,,,,,,,,,,,
2018-03-05,0.002031937357389203,0.89156,0.89071,132.0,-0.003303039774592569,0.88862,0.88863,0.88925,0.88989,,,,,,,,,,,,
2018-03-06,0.001957978908623512,0.89216,0.89275,,,,,,,,,,,,,,,,,,
2018-03-07,0.001922378965710095,0.89413,0.8929,,,,,,,,,,,,,,,,,,
2018-03-08,0.0018911753817472316,0.89277,0.89154,,,,,,,,,,,,,,,,,,
2018-03-09,0.0018603760530221552,0.88832,0.88913,,,,,,,,,,,,,,,,,,
2018-03-12,0.0018228146884782083,0.8871,0.88626,,,,,,,,,,,,,,,,,,
2018-03-13,0.0018184539308054909,0.88786,0.8863,102.0,-0.0027293763066763926,0.88544,0.88555,0.88573,0.8858,,,,,,,,,,,,
2018-03-14,0.001793656811315198,0.88574,0.88612,,,,,,,,,,,,,,,,,,
2018-03-15,0.0017598955654196519,0.88651,0.88319,91.0,-0.0027448494859623786,0.88408,0.88388,0.88323,0.88359,96.0,-0.003706763429232807,0.88323,0.88348,0.88379,0.88331,158.0,-0.004408978834339854,0.88261,0.88259,0.88262,0.88299
2018-03-16,0.0017319085569174255,0.88257,0.88204,,,,,,,,,,,,,,,,,,
2018-03-19,0.0017150083583805712,0.87557,0.87889,,,,,,,,,,,,,,,,,,
2018-03-20,0.0016777383679032283,0.8777,0.87567,,,,,,,,,,,,,,,,,,
2018-03-21,0.0016543768156351002,0.87374,0.87212,,,,,,,,,,,,,,,,,,
2018-03-22,0.0017091264186925776,0.86846,0.87326,23.0,0.00275970094426521,0.87086,0.87061,0.87077,0.87093,39.0,0.00359760165040838,0.87159,0.87232,0.87181,0.87127,40.0,0.004434800866696254,0.87232,0.87186,0.87168,0.87098
2018-03-23,0.0017002899347290871,0.87391,0.8734,108.0,-0.002715633740865033,0.87154,0.87162,0.8718,0.87166,178.0,-0.003427271340770243,0.87092,0.87112,,,,,,,,
2018-03-26,0.001673618474304784,0.87202,0.87378,88.0,0.002519700801680637,0.87422,0.8743,0.87429,0.87492,102.0,0.003468668156391147,0.87505,0.87492,0.87488,0.87545,125.0,0.004188367969832852,0.87568,0.87553,0.87557,0.87576
2018-03-27,0.001613432384788368,0.8793,0.87635,65.0,-0.0024937242840856926,0.87711,0.87723,0.87727,0.87725,102.0,-0.0033834040580720745,0.87633,0.87644,0.87636,0.876,119.0,-0.004125408989348413,0.87568,0.87616,0.87649,0.87678
2018-03-28,0.0015900380330491953,0.87664,0.87537,,,,,,,,,,,,,,,,,,
2018-03-29,0.0015630757143616026,0.87526,0.87603,,,,,,,,,,,,,,,,,,
2018-03-30,0.0015361612809284887,0.87715,0.87807,,,,,,,,,,,,,,,,,,
2018-04-02,0.0015324042573867053,0.87701,0.87579,,,,,,,,,,,,,,,,,,
2018-04-03,0.0014917098611792526,0.87564,0.87158,74.0,-0.0022866560773185446,0.87364,0.87328,0.87315,0.873,89.0,-0.003019491725926844,0.873,0.87295,0.87301,0.87324,,,,,,
2018-04-04,0.0014816613647604304,0.87514,0.87314,169.0,-0.0023681376578248824,0.87307,0.87306,0.87286,,,,,,,,,,,,,
2018-04-05,0.0015261537019727134,0.87375,0.87404,,,,,,,,,,,,,,,,,,
2018-04-06,0.0015015683509058176,0.87333,0.87113,125.0,-0.002384529211122163,0.87125,0.87104,0.87077,0.87037,139.0,-0.0033950826899399847,0.87037,0.87037,0.87039,0.87071,,,,,,
2018-04-09,0.0015003269751220423,0.87,0.8715,,,,,,,,,,,,,,,,,,
2018-04-10,0.0015197093353376363,0.87204,0.87118,,,,,,,,,,,,,,,,,,
2018-04-11,0.0014990486044105884,0.87379,0.87232,100.0,-0.0022915029676831697,0.87179,0.87189,0.8719,0.87182,147.0,-0.003152172162380189,0.87104,0.8709,0.87131,0.87151,,,,,,
2018-04-12,0.0014745721099403803,0.86722,0.86489,160.0,-0.0023897908474110508,0.86515,0.86494,0.86484,0.86514,163.0,-0.0031645230543127564,0.86448,0.86459,0.86516,0.86524,,,,,,
2018-04-13,0.0014506715179560957,0.86347,0.86408,152.0,0.0022442284186803764,0.86541,0.86538,0.86516,0.86505,,,,,,,,,,,,
2018-04-16,0.0016003834244896927,0.86448,0.86318,,,,,,,,,,,,,,,,,,
2018-04-17,0.0015462096864872908,0.86271,0.86318,,,,,,,,,,,,,,,,,,
2018-04-18,0.0015361391480539664,0.87088,0.87,,,,,,,,,,,,,,,,,,
2018-04-19,0.0015278094714419252,0.86959,0.86919,,,,,,,,,,,,,,,,,,
2018-04-20,0.0016923564084138844,0.87582,0.87534,,,,,,,,,,,,,,,,,,
2018-04-23,0.0017468012532598433,0.87654,0.87549,,,,,,,,,,,,,,,,,,
2018-04-24,0.0016938376069360191,0.87493,0.87487,,,,,,,,,,,,,,,,,,
2018-04-25,0.0016622977400701112,0.87358,0.87341,,,,,,,,,,,,,,,,,,
2018-04-26,0.0016374904778207993,0.87118,0.8698,130.0,-0.0025630283033568654,0.86895,0.86916,0.86847,0.86862,136.0,-0.003438029798330998,0.86819,0.86827,0.86878,0.86895,,,,,,
2018-04-27,0.0016157943950724605,0.87696,0.87843,,,,,,,,,,,,,,,,,,
2018-04-30,0.0016360928315761818,0.87951,0.87806,149.0,-0.002971973424309646,0.8769,0.87707,0.8774,0.87772,,,,,,,,,,,,
2018-05-01,0.0019314557327447374,0.87936,0.88166,179.0,0.002929656328075953,0.88194,0.88192,,,,,,,,,,,,,,
2018-05-02,0.0019180632986137028,0.88002,0.87947,,,,,,,,,,,,,,,,,,
2018-05-03,0.0019493167933315738,0.88172,0.88223,,,,,,,,,,,,,,,,,,
2018-05-04,0.001911669280157908,0.88212,0.88259,,,,,,,,,,,,,,,,,,
2018-05-07,0.0018848423800866074,0.88028,0.87903,,,,,,,,,,,,,,,,,,
2018-05-08,0.0018142370142565564,0.87897,0.87755,,,,,,,,,,,,,,,,,,
2018-05-09,0.0018377512505028711,0.8743,0.8737,,,,,,,,,,,,,,,,,,
2018-05-10,0.001844829154461112,0.87818,0.88197,52.0,0.00285410712998272,0.88069,0.88067,0.88189,0.88191,56.0,0.0040683261222501385,0.88176,0.88189,0.88169,0.88186,117.0,0.004884541648451138,0.88248,0.88241,0.8826,0.88337
2018-05-11,0.001813205985362204,0.8796,0.88181,,,,,,,,,,,,,,,,,,
2018-05-14,0.0019133974468404048,0.88198,0.88096,,,,,,,,,,,,,,,,,,
2018-05-15,0.0018387109152005012,0.87863,0.87798,,,,,,,,,,,,,,,,,,
2018-05-16,0.0018159629416374637,0.87397,0.87452,,,,,,,,,,,,,,,,,,
2018-05-17,0.0018332229573793707,0.87344,0.87334,,,,,,,,,,,,,,,,,,
2018-05-18,0.0018551144663749711,0.87313,0.87382,,,,,,,,,,,,,,,,,,
2018-05-21,0.0018221315671199173,0.87603,0.87706,,,,,,,,,,,,,,,,,,
2018-05-22,0.0017564002796015546,0.87784,0.8764,,,,,,,,,,,,,,,,,,
2018-05-23,0.0017714458995900181,0.87884,0.87657,,,,,,,,,,,,,,,,,,
2018-05-24,0.0017469609387613958,0.87383,0.87631,120.0,0.0027085266525521522,0.8762,0.87633,0.87694,0.87659,124.0,0.003586935534190775,0.87697,0.87694,0.87657,0.87689,,,,,,
2018-05-25,0.0017148190828710358,0.87554,0.87589,,,,,,,,,,,,,,,,,,
2018-05-28,0.001683358184822232,0.87445,0.87383,,,,,,,,,,,,,,,,,,
2018-05-29,0.0016662977411051024,0.87181,0.87117,,,,,,,,,,,,,,,,,,
2018-05-30,0.0017907072858356484,0.8756,0.87719,143.0,-0.002698933501712493,0.87324,0.87326,0.87369,0.87356,,,,,,,,,,,,
2018-05-31,0.0017896454903561303,0.877,0.87821,,,,,,,,,,,,,,,,,,
2018-06-01,0.0019329486832680104,0.87652,0.87439,135.0,-0.003714735753775188,0.87327,0.87329,0.87476,0.87496,,,,,,,,,,,,
2018-06-04,0.00194602120538799,0.87694,0.87861,,,,,,,,,,,,,,,,,,
2018-06-05,0.002056481723232715,0.87431,0.87455,,,,,,,,,,,,,,,,,,
2018-06-06,0.0020772095860441945,0.8769,0.8771,,,,,,,,,,,,,,,,,,
2018-06-07,0.0020911613918418383,0.88366,0.87993,26.0,-0.0032872021529755384,0.88076,0.88046,0.88119,0.88105,,,,,,,,,,,,
2018-06-08,0.002095837649703529,0.87716,0.87815,,,,,,,,,,,,,,,,,,
2018-06-11,0.002055166131055229,0.88147,0.88164,,,,,,,,,,,,,,,,,,
2018-06-12,0.001996351788198104,0.88128,0.87859,,,,,,,,,,,,,,,,,,
2018-06-13,0.0019588328783967214,0.88186,0.88077,,,,,,,,,,,,,,,,,,
2018-06-14,0.0019271731168754589,0.87609,0.87261,145.0,-0.002914904071765141,0.87354,0.87387,0.87347,0.87406,,,,,,,,,,,,
2018-06-15,0.0019071326376763952,0.87295,0.87459,156.0,0.0028826045743877925,0.87547,0.87533,0.8753,0.87443,,,,,,,,,,,,
2018-06-18,0.002138685814260921,0.87638,0.87609,,,,,,,,,,,,,,,,,,
2018-06-19,0.0020490409177376548,0.87722,0.87881,,,,,,,,,,,,,,,,,,
2018-06-20,0.002045790356374862,0.87796,0.87741,,,,,,,,,,,,,,,,,,
2018-06-21,0.0020315986544377405,0.87312,0.87524,47.0,0.0030647509293762923,0.8758,0.87538,0.87517,0.87575,,,,,,,,,,,,
2018-06-22,0.0019939337936297798,0.87655,0.87723,,,,,,,,,,,,,,,,,,
2018-06-25,0.0019891828556973684,0.87996,0.88106,,,,,,,,,,,,,,,,,,
2018-06-26,0.0019387245532076999,0.88121,0.88162,,,,,,,,,,,,,,,,,,
2018-06-27,0.001930361936949634,0.88163,0.88215,,,,,,,,,,,,,,,,,,
2018-06-28,0.0018918288475231952,0.88503,0.88452,,,,,,,,,,,,,,,,,,
2018-06-29,0.0018547739865723833,0.88614,0.88475,,,,,,,,,,,,,,,,,,
2018-07-02,0.0019426910308183818,0.88519,0.8837,,,,,,,,,,,,,,,,,,
2018-07-03,0.0019095658525541735,0.88372,0.88464,,,,,,,,,,,,,,,,,,
2018-07-04,0.001879552684619674,0.8804,0.88042,,,,,,,,,,,,,,,,,,
2018-07-05,0.0018644524875414076,0.88257,0.88422,89.0,0.002975502401802137,0.8852,0.88511,0.88495,0.88534,,,,,,,,,,,,
2018-07-06,0.0018422611078101581,0.88554,0.8851,,,,,,,,,,,,,,,,,,
2018-07-09,0.0018368233473390221,0.88275,0.88869,128.0,0.0037426335939766634,0.88606,0.8857,0.88601,0.8855,128.0,0.0037426335939766634,0.88606,0.8857,0.88601,0.8855,154.0,0.004836768800614021,0.88703,0.88681,0.88676,0.88652
2018-07-10,0.001775871127035724,0.88353,0.88397,,,,,,,,,,,,,,,,,,
2018-07-11,0.0017640948569287791,0.88422,0.88547,,,,,,,,,,,,,,,,,,
2018-07-12,0.0017521440347716133,0.88251,0.88322,,,,,,,,,,,,,,,,,,
2018-07-13,0.0017186386401022234,0.8852,0.88278,,,,,,,,,,,,,,,,,,
2018-07-16,0.0016878746147474077,0.88248,0.88471,179.0,0.0027724201733483104,0.88493,0.88501,,,,,,,,,,,,,,
2018-07-17,0.0016396044657402983,0.88707,0.88606,53.0,0.0027468524177803513,0.88951,0.88971,0.88932,0.88935,,,,,,,,,,,,
2018-07-18,0.0016260185886271545,0.89134,0.89213,,,,,,,,,,,,,,,,,,
2018-07-19,0.001672699348793766,0.89324,0.89361,,,,,,,,,,,,,,,,,,
2018-07-20,0.0016553827689212788,0.89409,0.89274,,,,,,,,,,,,,,,,,,
2018-07-23,0.0016929995520356498,0.89153,0.89305,,,,,,,,,,,,,,,,,,
2018-07-24,0.0016664532239740151,0.89167,0.88917,,,,,,,,,,,,,,,,,,
2018-07-25,0.0016389164914947505,0.88851,0.88818,,,,,,,,,,,,,,,,,,
2018-07-26,0.0016613901834059968,0.88849,0.8883,,,,,,,,,,,,,,,,,,
2018-07-27,0.0016313693677852132,0.88783,0.88875,,,,,,,,,,,,,,,,,,
2018-07-30,0.0016018643629678317,0.89099,0.89155,,,,,,,,,,,,,,,,,,
2018-07-31,0.0015584534213984743,0.89181,0.89179,,,,,,,,,,,,,,,,,,
2018-08-01,0.0015657908311750045,0.88998,0.88915,,,,,,,,,,,,,,,,,,
2018-08-02,0.0015431706523141083,0.89115,0.89089,,,,,,,,,,,,,,,,,,
2018-08-03,0.0015364086147628111,0.8904,0.89061,,,,,,,,,,,,,,,,,,
2018-08-06,0.0015176221436994195,0.8923,0.89312,,,,,,,,,,,,,,,,,,
2018-08-07,0.0014743118888331998,0.89477,0.89499,,,,,,,,,,,,,,,,,,
2018-08-08,0.0015039948198355068,0.90084,0.90053,,,,,,,,,,,,,,,,,,
2018-08-09,0.0015420476753052793,0.89929,0.89866,,,,,,,,,,,,,,,,,,
2018-08-10,0.0016086722520631362,0.8972,0.89291,155.0,-0.0024662576179759702,0.89499,0.89499,0.895,0.89454,,,,,,,,,,,,
2018-08-13,0.0016171907656937418,0.8926,0.89334,,,,,,,,,,,,,,,,,,
2018-08-14,0.0016533023096738618,0.89311,0.89103,,,,,,,,,,,,,,,,,,
2018-08-15,0.001628613880140739,0.89117,0.89341,,,,,,,,,,,,,,,,,,
2018-08-16,0.001608974882160915,0.89505,0.89512,,,,,,,,,,,,,,,,,,
2018-08-17,0.0016105412648446534,0.89566,0.89578,,,,,,,,,,,,,,,,,,
2018-08-20,0.00158160248202458,0.89442,0.89635,,,,,,,,,,,,,,,,,,
2018-08-21,0.0015468007479877389,0.89797,0.89674,115.0,-0.0024529765775797335,0.89577,0.89556,0.89552,0.89555,177.0,-0.003502904072665666,0.89483,0.89513,,,,,,,,
2018-08-22,0.0015290178921520115,0.89915,0.89805,139.0,-0.0023159756930837172,0.89707,0.89722,0.89737,0.89748,,,,,,,,,,,,
2018-08-23,0.00151207103397584,0.89855,0.90162,121.0,0.002289958536433273,0.90061,0.90069,0.90086,0.90061,153.0,0.0033775182929465953,0.90159,0.9016,0.90192,0.90204,160.0,0.003843253497639118,0.90201,0.90179,0.90188,0.90174
2018-08-24,0.0014901636526376276,0.90248,0.90411,178.0,0.002291053170605271,0.90455,0.90434,,,,,,,,,,,,,,
2018-08-27,0.0015377137157754123,0.90379,0.90577,,,,,,,,,,,,,,,,,,
2018-08-28,0.0015092374662365078,0.90698,0.90931,156.0,0.0024116962381640883,0.90917,0.90919,0.90923,0.90933,,,,,,,,,,,,
2018-08-29,0.0015096399145409002,0.9051,0.89968,119.0,-0.004040856844915892,0.90145,0.90255,0.90236,0.90235,119.0,-0.004040856844915892,0.90145,0.90255,0.90236,0.90235,119.0,-0.004040856844915892,0.90145,0.90255,0.90236,0.90235
2018-08-30,0.0015013834502821592,0.89769,0.89613,152.0,-0.0022527555585895045,0.89567,0.89557,0.89549,0.89584,,,,,,,,,,,,
2018-08-31,0.0019389566982678243,0.8969,0.89459,,,,,,,,,,,,,,,,,,
2018-09-03,0.0019061653570950595,0.90213,0.90218,,,,,,,,,,,,,,,,,,
2018-09-04,0.001850444507815283,0.90064,0.90134,,,,,,,,,,,,,,,,,,
2018-09-05,0.0018936216650405177,0.90334,0.90059,65.0,-0.0067421851413454895,0.89727,0.89713,0.89752,0.89701,65.0,-0.0067421851413454895,0.89727,0.89713,0.89752,0.89701,65.0,-0.0067421851413454895,0.89727,0.89713,0.89752,0.89701
2018-09-06,0.001859501385638954,0.89893,0.89863,,,,,,,,,,,,,,,,,,
2018-09-07,0.0018238832116272382,0.8939,0.89473,,,,,,,,,,,,,,,,,,
2018-09-10,0.001804149878601727,0.89418,0.89081,53.0,-0.0034616647181136126,0.89109,0.8913,0.89062,0.88999,58.0,-0.003989247782587518,0.89062,0.89044,0.89039,0.88982,67.0,-0.004573281223870579,0.8901,0.88999,0.88985,0.8904
2018-09-11,0.0018373667837849482,0.89034,0.89067,,,,,,,,,,,,,,,,,,
2018-09-12,0.0018872504695994596,0.8909,0.89233,,,,,,,,,,,,,,,,,,
2018-09-13,0.0018610840685027129,0.89059,0.8907,,,,,,,,,,,,,,,,,,
2018-09-14,0.0018277964576784564,0.89295,0.89068,82.0,-0.002792405131726858,0.89046,0.89045,0.89064,0.89044,,,,,,,,,,,,
2018-09-17,0.0017920613136284144,0.88913,0.88897,,,,,,,,,,,,,,,,,,
2018-09-18,0.0017527152520544931,0.8904,0.88879,,,,,,,,,,,,,,,,,,
2018-09-19,0.0017229254459343432,0.88857,0.88791,,,,,,,,,,,,,,,,,,
2018-09-20,0.0016945444779019523,0.88562,0.88724,,,,,,,,,,,,,,,,,,
2018-09-21,0.0016688989114229378,0.89241,0.89826,22.0,0.0027527880952703705,0.89487,0.89457,0.89476,0.89394,65.0,0.0038584825336962277,0.89586,0.89597,0.89679,0.89715,69.0,0.005609454658809611,0.89743,0.89679,0.89741,0.89687
2018-09-24,0.0016417630198044002,0.89446,0.89684,79.0,0.0025234774833293584,0.89672,0.89685,0.89744,0.89722,84.0,0.0033260815305162536,0.89744,0.8974,0.89698,0.8975,,,,,,
2018-09-25,0.0019001988534478567,0.89498,0.89423,,,,,,,,,,,,,,,,,,
2018-09-26,0.001878842954992331,0.89167,0.89202,,,,,,,,,,,,,,,,,,
2018-09-27,0.0018709573765541142,0.89055,0.89079,,,,,,,,,,,,,,,,,,
2018-09-28,0.0018351737711934835,0.88783,0.8903,116.0,0.0027557367659580435,0.89028,0.89021,0.89037,0.89071,145.0,0.0037437016388459214,0.89116,0.89108,0.891,0.89108,,,,,,
2018-10-01,0.0018338885721474742,0.89048,0.88761,41.0,-0.0036902071488131884,0.8872,0.88801,0.88769,0.8878,41.0,-0.0036902071488131884,0.8872,0.88801,0.88769,0.8878,,,,,,
2018-10-02,0.0017644502242217415,0.88959,0.89027,,,,,,,,,,,,,,,,,,
2018-10-03,0.0017543518321068957,0.88944,0.887,112.0,-0.0027808913390290737,0.88697,0.88706,0.88733,0.88713,145.0,-0.0036606766379434262,0.88619,0.88634,0.88602,0.88623,,,,,,
2018-10-04,0.0017822047696530374,0.88556,0.88414,,,,,,,,,,,,,,,,,,
2018-10-05,0.001822213964374558,0.8816,0.87791,175.0,-0.0029307878437664398,0.87902,0.87997,0.8803,,,,,,,,,,,,,
2018-10-08,0.0018189999080670046,0.88005,0.8787,,,,,,,,,,,,,,,,,,
2018-10-09,0.0019151026880853152,0.87725,0.87376,,,,,,,,,,,,,,,,,,
2018-10-10,0.0018763567377966088,0.87416,0.87385,,,,,,,,,,,,,,,,,,
2018-10-11,0.001876593079566728,0.87467,0.87664,,,,,,,,,,,,,,,,,,
2018-10-12,0.0018415001005455006,0.87645,0.87866,,,,,,,,,,,,,,,,,,
2018-10-15,0.0018393078014078475,0.87986,0.88064,,,,,,,,,,,,,,,,,,
2018-10-16,0.001805078821396091,0.87616,0.8775,86.0,0.0029062002254009556,0.87871,0.87836,0.87846,0.87818,,,,,,,,,,,,
2018-10-17,0.0017710850030463752,0.87963,0.87829,,,,,,,,,,,,,,,,,,
2018-10-18,0.0017743102961826674,0.87832,0.88015,,,,,,,,,,,,,,,,,,
2018-10-19,0.001741011290544058,0.88014,0.88252,,,,,,,,,,,,,,,,,,
2018-10-22,0.0017229580193711715,0.88377,0.88377,,,,,,,,,,,,,,,,,,
2018-10-23,0.001677174723040652,0.88089,0.88439,165.0,0.0025170081315600734,0.88311,0.88314,0.88273,0.88314,,,,,,,,,,,,
2018-10-24,0.0016854872063073415,0.88257,0.88306,,,,,,,,,,,,,,,,,,
2018-10-25,0.0016556349038602423,0.88492,0.88675,155.0,0.0026295460848199162,0.88725,0.88709,0.88727,0.88729,175.0,0.0033618785964952963,0.8879,0.88795,0.88795,,,,,,,
2018-10-26,0.0016430566214324063,0.88705,0.88848,,,,,,,,,,,,,,,,,,
2018-10-29,0.0016234642651696354,0.88836,0.88915,,,,,,,,,,,,,,,,,,
2018-10-30,0.0015705586641428502,0.89059,0.89257,,,,,,,,,,,,,,,,,,
2018-10-31,0.0015441242588674234,0.88802,0.88689,149.0,-0.002435340685456812,0.88586,0.88621,0.88626,0.88642,,,,,,,,,,,,
2018-11-01,0.0016018392741540281,0.88167,0.87847,,,,,,,,,,,,,,,,,,
2018-11-02,0.0019742151790512336,0.87905,0.87763,,,,,,,,,,,,,,,,,,
2018-11-05,0.0020370012784258966,0.87442,0.87543,,,,,,,,,,,,,,,,,,
2018-11-06,0.0019539537765048097,0.874,0.87213,,,,,,,,,,,,,,,,,,
2018-11-07,0.0019432143612757836,0.8745,0.87163,98.0,-0.0029660868854743077,0.87191,0.87178,0.87228,0.87185,,,,,,,,,,,,
2018-11-08,0.0019101630826131818,0.87224,0.8701,,,,,,,,,,,,,,,,,,
2018-11-09,0.0018905655203583698,0.87084,0.87331,,,,,,,,,,,,,,,,,,
2018-11-12,0.0018583962295433008,0.87221,0.87498,142.0,0.0028964787415836682,0.87474,0.87485,0.87486,0.8753,,,,,,,,,,,,
2018-11-13,0.0018639541541141673,0.86961,0.86849,131.0,-0.0029251235818842872,0.86707,0.86714,0.8673,0.86606,145.0,-0.004240761394274062,0.86593,0.86606,0.86627,0.86579,,,,,,
2018-11-14,0.0018533274428207036,0.87187,0.87196,107.0,-0.0030095593382907615,0.86925,0.86962,0.86906,0.86932,137.0,-0.0038266891865528616,0.86854,0.86873,0.86889,0.86868,,,,,,
2018-11-15,0.0018790245475158649,0.88398,0.88761,132.0,0.002914367171721602,0.88656,0.88627,0.88702,0.88652,157.0,0.0038501320586308316,0.88739,0.88735,0.88751,0.88761,178.0,0.004830054982200312,0.88826,0.88815,,
2018-11-16,0.0018558200386960477,0.88524,0.88985,122.0,0.0027975832703170684,0.88772,0.88768,0.88794,0.88853,138.0,0.003754634275366309,0.88857,0.88858,0.88848,0.88814,,,,,,
2018-11-19,0.002523146572839558,0.88978,0.89086,,,,,,,,,,,,,,,,,,
2018-11-20,0.0024428554161803123,0.88835,0.8887,,,,,,,,,,,,,,,,,,
2018-11-21,0.0023965064785239814,0.89186,0.89137,,,,,,,,,,,,,,,,,,
2018-11-22,0.002346037500696601,0.88613,0.88542,,,,,,,,,,,,,,,,,,
2018-11-23,0.0023060840778404068,0.8849,0.88485,,,,,,,,,,,,,,,,,,
2018-11-26,0.0023384622615603896,0.8841,0.88455,,,,,,,,,,,,,,,,,,
2018-11-27,0.002249773192260453,0.88672,0.88625,,,,,,,,,,,,,,,,,,
2018-11-28,0.0022008534788035767,0.88243,0.88592,164.0,0.003337465834289571,0.88538,0.88532,0.88502,0.88411,,,,,,,,,,,,
2018-11-29,0.002165524372874885,0.89069,0.89003,,,,,,,,,,,,,,,,,,
2018-11-30,0.002118245522397264,0.8903,0.88703,119.0,-0.0031837666182841073,0.88747,0.88728,0.88777,0.88696,157.0,-0.004299919951555429,0.88648,0.8865,0.88624,0.88653,,,,,,
2018-12-03,0.0021462845900550864,0.89182,0.89106,,,,,,,,,,,,,,,,,,
2018-12-04,0.002144112984168261,0.89103,0.8919,,,,,,,,,,,,,,,,,,
2018-12-05,0.0021452383324632555,0.88982,0.89015,,,,,,,,,,,,,,,,,,
2018-12-06,0.0020991011012646173,0.89078,0.88995,,,,,,,,,,,,,,,,,,
2018-12-07,0.002057406489273426,0.89204,0.89536,,,,,,,,,,,,,,,,,,
2018-12-10,0.002018571310138214,0.90401,0.90467,114.0,0.003213821080545589,0.90692,0.90777,0.90731,0.90748,115.0,0.004150620271771464,0.90777,0.9075,0.9076,0.90757,,,,,,
2018-12-11,0.002002123456868213,0.90156,0.90442,120.0,0.004382768155095134,0.90552,0.90494,0.90418,0.90283,120.0,0.004382768155095134,0.90552,0.90494,0.90418,0.90283,,,,,,
2018-12-12,0.0021180982904628392,0.89993,0.89928,157.0,-0.003316863376585125,0.89695,0.89728,0.89748,0.89752,,,,,,,,,,,,
2018-12-13,0.002083872955820934,0.8958,0.89912,117.0,0.0034101199841458326,0.89886,0.89911,0.89925,0.89927,,,,,,,,,,,,
2018-12-14,0.002102136901456111,0.89888,0.8993,,,,,,,,,,,,,,,,,,
2018-12-17,0.0020676885977216667,0.89937,0.89984,,,,,,,,,,,,,,,,,,
2018-12-18,0.0019975115121644866,0.89784,0.89941,,,,,,,,,,,,,,,,,,
2018-12-19,0.001956098799388224,0.90322,0.90299,,,,,,,,,,,,,,,,,,
2018-12-20,0.001916225525211868,0.90338,0.90394,,,,,,,,,,,,,,,,,,
2018-12-21,0.0018965982833208902,0.90128,0.90049,113.0,-0.0029891069942553534,0.89859,0.89906,0.90004,0.90126,,,,,,,,,,,,
2018-12-24,0.0018972602148511041,0.89953,0.89699,171.0,-0.002916882119774365,0.89691,0.89661,0.8967,,,,,,,,,,,,,
2018-12-26,0.0019132291923950836,0.89771,0.89815,129.0,0.0029142865056607,0.90033,0.90049,0.89995,0.90054,,,,,,,,,,,,
2018-12-27,0.001838451835676022,0.90228,0.90508,,,,,,,,,,,,,,,,,,
2018-12-28,0.0018051960541974402,0.9037,0.90068,180.0,-0.0027369499558162146,0.90123,,,,,,,,,,,,,,,
2018-12-31,0.0018640576666660892,0.89506,0.89802,119.0,0.0028114977462836916,0.89758,0.89843,0.89775,0.89802,120.0,0.0037580404308596017,0.89843,0.89815,0.89804,0.89828,,,,,,
2019-01-02,0.00183302383921318,0.9014,0.90051,,,,,,,,,,,,,,,,,,
2019-01-03,0.001817065049050348,0.90271,0.90151,72.0,0.00288712224129639,0.90532,0.90577,0.90548,0.90544,,,,,,,,,,,,
2019-01-04,0.0019163372865395316,0.89929,0.89626,129.0,-0.0029734251350896387,0.89662,0.89662,0.8966,0.89712,178.0,-0.004011192132388651,0.89569,0.89569,,,,,,,,
2019-01-07,0.0019326197262775006,0.8975,0.89766,,,,,,,,,,,,,,,,,,
2019-01-08,0.001972055292586069,0.89711,0.90022,,,,,,,,,,,,,,,,,,
2019-01-09,0.0019440704034597409,0.90011,0.90279,103.0,0.0029397592821249186,0.90276,0.90294,0.90295,0.90354,122.0,0.003925139203641994,0.90365,0.90345,0.90346,0.90372,,,,,,
2019-01-10,0.001935070645929814,0.90253,0.90232,,,,,,,,,,,,,,,,,,
2019-01-11,0.0019647829020253203,0.89864,0.89259,103.0,-0.0029644180360815717,0.89598,0.89591,0.89593,0.89522,119.0,-0.003980581826377376,0.89507,0.89493,0.89515,0.89435,150.0,-0.004964228776462214,0.89419,0.89408,0.89407,0.89358
2019-01-14,0.0019392759094850967,0.89216,0.89033,114.0,-0.0037845015550363433,0.88879,0.88876,0.88814,0.89006,116.0,-0.0044598046229399335,0.88819,0.88756,0.88792,0.88948,117.0,-0.005169363993833846,0.88756,0.88793,0.88781,0.88998
2019-01-15,0.0021128923909728677,0.88989,0.89443,114.0,0.0032087268925443616,0.89275,0.89277,0.89299,0.89274,,,,,,,,,,,,
2019-01-16,0.0021095866730551855,0.88633,0.88681,,,,,,,,,,,,,,,,,,
2019-01-17,0.0020909218980782497,0.88225,0.87837,,,,,,,,,,,,,,,,,,
2019-01-18,0.0020804614483083666,0.88129,0.88153,,,,,,,,,,,,,,,,,,
2019-01-21,0.002156507051215329,0.88312,0.88118,,,,,,,,,,,,,,,,,,
2019-01-22,0.0021520114138924643,0.87773,0.87684,,,,,,,,,,,,,,,,,,
2019-01-23,0.0021310856116832817,0.87131,0.87169,,,,,,,,,,,,,,,,,,
2019-01-24,0.002138534701650729,0.86973,0.86779,,,,,,,,,,,,,,,,,,
2019-01-25,0.002202573701554108,0.86796,0.8656,,,,,,,,,,,,,,,,,,
2019-01-28,0.002306869290458235,0.86704,0.86823,,,,,,,,,,,,,,,,,,
2019-01-29,0.0022368043130181663,0.8662,0.86976,131.0,0.003825506474405103,0.86952,0.86923,0.86882,0.86864,,,,,,,,,,,,
2019-01-30,0.002241122980296724,0.87347,0.87427,,,,,,,,,,,,,,,,,,
2019-01-31,0.002259336492200658,0.87625,0.87249,115.0,-0.0036929732641708133,0.87302,0.87265,0.87247,0.87177,117.0,-0.00494229289140664,0.87193,0.8723,0.87256,0.87135,133.0,-0.005710998578098726,0.87126,0.87169,0.87151,0.87192
2019-02-01,0.0022360483521575956,0.87843,0.8766,91.0,-0.003398183305204401,0.87545,0.87545,0.87516,0.87476,,,,,,,,,,,,
2019-02-04,0.0022138594071510658,0.87711,0.87685,66.0,-0.0033346687670529522,0.87419,0.87362,0.87362,0.87304,76.0,-0.005109312443646981,0.87264,0.8728,0.87304,0.87403,,,,,,
2019-02-05,0.0021511026903837703,0.8802,0.8812,,,,,,,,,,,,,,,,,,
2019-02-06,0.002123112835868124,0.87837,0.87827,,,,,,,,,,,,,,,,,,
2019-02-07,0.0021114267760132125,0.87411,0.87539,,,,,,,,,,,,,,,,,,
2019-02-08,0.0020833672791775735,0.87505,0.8762,,,,,,,,,,,,,,,,,,
2019-02-11,0.002068811184480973,0.87718,0.87706,,,,,,,,,,,,,,,,,,
2019-02-12,0.002014901830449119,0.87665,0.87816,,,,,,,,,,,,,,,,,,
2019-02-13,0.0019882693198809386,0.87563,0.87711,,,,,,,,,,,,,,,,,,
2019-02-14,0.001967991338908878,0.88121,0.88252,40.0,0.0031384749219219403,0.88398,0.8838,0.88342,0.88336,,,,,,,,,,,,
2019-02-15,0.0019466538699360436,0.87881,0.87591,128.0,-0.003088479926785894,0.8761,0.87615,0.87647,0.87679,,,,,,,,,,,,
2019-02-18,0.0019806578698773306,0.8764,0.87505,,,,,,,,,,,,,,,,,,
2019-02-19,0.0019990354340926027,0.8723,0.86888,114.0,-0.003042569585010514,0.86965,0.86957,0.86972,0.86943,159.0,-0.0040434727822989,0.86878,0.86875,0.86915,0.8693,,,,,,
2019-02-20,0.001969659044270988,0.87005,0.86837,,,,,,,,,,,,,,,,,,
2019-02-21,0.0020676807549735946,0.86826,0.86884,,,,,,,,,,,,,,,,,,
2019-02-22,0.0020417599840352203,0.87242,0.86798,82.0,-0.003088140674213247,0.86973,0.86934,0.86916,0.86965,107.0,-0.004088951759768494,0.86886,0.86886,0.86828,0.86849,153.0,-0.005275116384158936,0.86783,0.86778,0.86777,0.86818
2019-02-25,0.0020128024774582207,0.86861,0.86702,,,,,,,,,,,,,,,,,,
2019-02-26,0.001965203622990429,0.86273,0.8586,113.0,-0.003436868404809245,0.85977,0.85974,0.85788,0.85733,116.0,-0.004728745472106279,0.85866,0.85817,0.85792,0.85724,117.0,-0.005299564963034192,0.85817,0.85788,0.85795,0.8569
2019-02-27,0.0019567794900217142,0.85501,0.85465,,,,,,,,,,,,,,,,,,
2019-02-28,0.0020233929918372097,0.85703,0.85814,,,,,,,,,,,,,,,,,,
2019-03-01,0.0020279027515672883,0.86037,0.86066,,,,,,,,,,,,,,,,,,
2019-03-04,0.0020113767475549342,0.85885,0.85967,,,,,,,,,,,,,,,,,,
2019-03-05,0.0019751987947077046,0.86339,0.85881,105.0,-0.0031669641619996476,0.86066,0.86068,0.86142,0.86215,129.0,-0.004143435921909392,0.85982,0.85984,0.8586,0.85961,133.0,-0.005155787864638321,0.85895,0.8586,0.85916,0.85989
2019-03-06,0.001962808316634819,0.86064,0.859,,,,,,,,,,,,,,,,,,
2019-03-07,0.0019370479140347055,0.85817,0.85498,112.0,-0.0031395001423740153,0.85548,0.85592,0.85634,0.85656,,,,,,,,,,,,
2019-03-08,0.0019212853723905672,0.8586,0.86411,74.0,0.00312810958082913,0.86129,0.86174,0.86171,0.86151,98.0,0.004056517775728429,0.86209,0.86263,0.86241,0.85966,118.0,0.004995653723801471,0.8629,0.86397,0.8627,0.86342
2019-03-11,0.0019158685997944375,0.86101,0.85556,156.0,-0.0029543837061292402,0.85847,0.85844,0.8582,0.85762,171.0,-0.0039450078220104445,0.85762,0.85772,0.85755,,,,,,,
2019-03-12,0.0020314508933191003,0.86174,0.8636,45.0,-0.0038484615884147983,0.85843,0.85891,0.85912,0.8587,53.0,-0.004104776251016631,0.85821,0.85829,0.85836,0.85851,,,,,,
2019-03-13,0.002432309730512082,0.85752,0.85552,,,,,,,,,,,,,,,,,,
2019-03-14,0.0026067398011189722,0.85177,0.85166,,,,,,,,,,,,,,,,,,
2019-03-15,0.002700346413505596,0.85398,0.85152,,,,,,,,,,,,,,,,,,
2019-03-18,0.0026541178435081914,0.85684,0.85633,,,,,,,,,,,,,,,,,,
2019-03-19,0.0025828419589629657,0.85533,0.85472,,,,,,,,,,,,,,,,,,
2019-03-20,0.0025479108743588336,0.8632,0.86108,127.0,-0.0040396591048497245,0.85972,0.86015,0.86006,0.86015,,,,,,,,,,,,
2019-03-21,0.002506159404822209,0.86699,0.8701,,,,,,,,,,,,,,,,,,
2019-03-22,0.002612657669786105,0.8591,0.8554,98.0,-0.003965482220001647,0.8557,0.85542,0.85562,0.85617,159.0,-0.005251806434086235,0.8546,0.8549,0.855,0.85407,179.0,-0.006586654354267936,0.85346,0.85334,,
2019-03-25,0.0025713447833488117,0.85549,0.85835,,,,,,,,,,,,,,,,,,
2019-03-26,0.0026884756708671852,0.85229,0.85395,,,,,,,,,,,,,,,,,,
2019-03-27,0.0026432765372488725,0.85131,0.85111,,,,,,,,,,,,,,,,,,
2019-03-28,0.002622301624396902,0.85533,0.85981,180.0,0.004048706620881674,0.8588,,,,,,,,,,,,,,,
2019-03-29,0.0025781005403223917,0.85776,0.86315,94.0,0.0044319662152535015,0.86157,0.86222,0.86213,0.8636,95.0,0.005186118438908557,0.86222,0.86238,0.86269,0.86378,103.0,0.007063226390749407,0.86384,0.86438,0.86347,0.86348
2019-04-01,0.0026131725741754134,0.85621,0.85319,,,,,,,,,,,,,,,,,,
2019-04-02,0.0025302659812335756,0.86037,0.85844,,,,,,,,,,,,,,,,,,
2019-04-03,0.0025323864407023303,0.85385,0.85334,,,,,,,,,,,,,,,,,,
2019-04-04,0.0025112674970095995,0.85457,0.85815,,,,,,,,,,,,,,,,,,
2019-04-05,0.002470781108614318,0.85912,0.86239,176.0,0.0039033506809015004,0.86248,0.86264,,,,,,,,,,,,,,
2019-04-08,0.0024870801712545795,0.86178,0.86301,,,,,,,,,,,,,,,,,,
2019-04-09,0.002413999604554816,0.86425,0.86435,,,,,,,,,,,,,,,,,,
2019-04-10,0.002379717033764682,0.86175,0.8601,,,,,,,,,,,,,,,,,,
2019-04-11,0.002343642275277074,0.86139,0.86182,,,,,,,,,,,,,,,,,,
2019-04-12,0.002311879144277519,0.8639,0.86377,,,,,,,,,,,,,,,,,,
2019-04-15,0.002294879514853602,0.86281,0.86271,,,,,,,,,,,,,,,,,,
2019-04-16,0.002223850720561652,0.86366,0.86548,,,,,,,,,,,,,,,,,,
2019-04-17,0.0021889078837202154,0.86563,0.86656,,,,,,,,,,,,,,,,,,
2019-04-18,0.0021662208291528414,0.86471,0.8644,,,,,,,,,,,,,,,,,,
2019-04-19,0.002132634790283615,0.8647,0.86478,,,,,,,,,,,,,,,,,,
2019-04-22,0.0021021575576693733,0.866,0.86718,,,,,,,,,,,,,,,,,,
2019-04-23,0.0020389332282688935,0.86489,0.86618,,,,,,,,,,,,,,,,,,
2019-04-24,0.0020143086370078066,0.86523,0.86444,,,,,,,,,,,,,,,,,,
2019-04-25,0.001985519064894799,0.86424,0.86356,,,,,,,,,,,,,,,,,,
2019-04-26,0.001977604805253069,0.86314,0.86267,,,,,,,,,,,,,,,,,,
2019-04-29,0.001950689743559133,0.8631,0.86401,,,,,,,,,,,,,,,,,,
2019-04-30,0.0018985612294914066,0.8628,0.85958,163.0,-0.0030993739006937417,0.86013,0.86019,0.86045,0.85945,175.0,-0.004006624992304925,0.85935,0.85918,0.85955,,,,,,,
2019-05-01,0.0018793608524583355,0.85974,0.85902,,,,,,,,,,,,,,,,,,
2019-05-02,0.001906598949764329,0.85893,0.85825,,,,,,,,,,,,,,,,,,
2019-05-03,0.0018865384559865505,0.85768,0.85156,146.0,-0.0029424836157769933,0.85516,0.85517,0.85503,0.85494,166.0,-0.003784785958510393,0.85444,0.8545,0.85305,,169.0,-0.004733224910917057,0.85363,0.85324,0.85306,
2019-05-06,0.001866561522703745,0.85469,0.85519,,,,,,,,,,,,,,,,,,
2019-05-07,0.0019515019587150997,0.85601,0.85659,,,,,,,,,,,,,,,,,,
2019-05-08,0.0019368422331472088,0.86106,0.86123,,,,,,,,,,,,,,,,,,
2019-05-09,0.001922750010944633,0.86115,0.86285,107.0,0.003072555244845273,0.8638,0.8637,0.86391,0.86427,116.0,0.003917301379449637,0.86453,0.86412,0.86449,0.86386,,,,,,
2019-05-10,0.0019342271736761728,0.86338,0.86224,,,,,,,,,,,,,,,,,,
2019-05-13,0.0019201182638130092,0.86312,0.86667,174.0,0.0029269385820005554,0.86565,0.86565,0.86585,,,,,,,,,,,,,
2019-05-14,0.0018716825834206165,0.86729,0.86747,,,,,,,,,,,,,,,,,,
2019-05-15,0.0018786981448695671,0.86794,0.87049,80.0,0.0030830136696771634,0.87062,0.87091,0.87087,0.87138,91.0,0.00396704998421913,0.87139,0.87148,0.87133,0.87128,133.0,0.006408437858626801,0.87352,0.8734,0.87276,0.87274
2019-05-16,0.0018566486349536112,0.87423,0.87322,,,,,,,,,,,,,,,,,,
2019-05-17,0.001891505005761484,0.8764,0.87741,,,,,,,,,,,,,,,,,,
2019-05-20,0.001869207614551961,0.8759,0.87833,,,,,,,,,,,,,,,,,,
2019-05-21,0.0018466209066583335,0.8775,0.87538,175.0,-0.004213994621747956,0.87381,0.87313,0.87482,,175.0,-0.004213994621747956,0.87381,0.87313,0.87482,,176.0,-0.004992498788283627,0.87313,0.87463,,
2019-05-22,0.0018246965140262129,0.88205,0.88065,,,,,,,,,,,,,,,,,,
2019-05-23,0.0018007673372561555,0.8813,0.8819,,,,,,,,,,,,,,,,,,
2019-05-24,0.0018204301611334482,0.88323,0.88168,,,,,,,,,,,,,,,,,,
2019-05-27,0.0018016842818758992,0.88212,0.88281,,,,,,,,,,,,,,,,,,
2019-05-28,0.0017880069915602946,0.88331,0.88242,,,,,,,,,,,,,,,,,,
2019-05-29,0.00176810430224691,0.88204,0.88178,,,,,,,,,,,,,,,,,,
2019-05-30,0.0017453420333431568,0.88179,0.88266,,,,,,,,,,,,,,,,,,
2019-05-31,0.0017231108991973257,0.88719,0.88342,154.0,-0.0026071219629458294,0.88488,0.88463,0.88481,0.88511,178.0,-0.004099963388318816,0.88356,0.88412,,,,,,,,
2019-06-03,0.0017034698401451477,0.88648,0.88786,,,,,,,,,,,,,,,,,,
2019-06-04,0.0016660392785740582,0.88727,0.88655,,,,,,,,,,,,,,,,,,
2019-06-05,0.001696723770591833,0.88636,0.88484,,,,,,,,,,,,,,,,,,
2019-06-06,0.0016861166213775931,0.88515,0.88834,52.0,0.0026175957900537975,0.88747,0.88687,0.88719,0.88667,,,,,,,,,,,,
2019-06-07,0.0016729211832376834,0.8869,0.88905,83.0,0.0026124375824460866,0.88922,0.88904,0.88864,0.88785,,,,,,,,,,,,
2019-06-10,0.0016760992902387956,0.89276,0.89167,,,,,,,,,,,,,,,,,,
2019-06-11,0.0016457125081733481,0.89071,0.88935,,,,,,,,,,,,,,,,,,
2019-06-12,0.0016520475904003064,0.88836,0.89116,,,,,,,,,,,,,,,,,,
2019-06-13,0.0016376845422083372,0.89019,0.88926,141.0,-0.0024857028719570923,0.88798,0.88801,0.88776,0.88821,,,,,,,,,,,,
2019-06-14,0.0016210201663758948,0.89058,0.89016,,,,,,,,,,,,,,,,,,
2019-06-17,0.0016023041398456294,0.89223,0.89412,,,,,,,,,,,,,,,,,,
2019-06-18,0.0015674942185703955,0.89442,0.8924,177.0,-0.002843869128224091,0.89188,0.89186,,,,,,,,,,,,,,
2019-06-19,0.0016634931758059306,0.89035,0.88815,133.0,-0.002597856824605822,0.88804,0.88809,0.88834,0.88823,,,,,,,,,,,,
2019-06-20,0.0017419430927337574,0.89141,0.88838,166.0,-0.002628506186268431,0.88907,0.88896,0.88936,,,,,,,,,,,,,
2019-06-21,0.0017368702048848775,0.89389,0.89185,178.0,-0.002609987759578969,0.89156,0.89173,,,,,,,,,,,,,,
2019-06-24,0.0017150344970613513,0.89325,0.89481,75.0,0.0025938901631219497,0.89557,0.89563,0.89554,0.89534,,,,,,,,,,,,
2019-06-25,0.0017000007707426987,0.89431,0.89497,,,,,,,,,,,,,,,,,,
2019-06-26,0.0016901408363249146,0.89593,0.89705,,,,,,,,,,,,,,,,,,
2019-06-27,0.0016699693310678906,0.89533,0.89722,,,,,,,,,,,,,,,,,,
2019-06-28,0.001651241580296322,0.896,0.89543,,,,,,,,,,,,,,,,,,
2019-07-01,0.0016377612525519157,0.89733,0.89429,176.0,-0.0024882435024632266,0.8951,0.89494,,,,,,,,,,,,,,
2019-07-02,0.0016160765872522483,0.89461,0.89698,160.0,0.0025007548785586074,0.89685,0.89677,0.8969,0.89687,,,,,,,,,,,,
2019-07-03,0.0016055966772538458,0.89758,0.89708,,,,,,,,,,,,,,,,,,
2019-07-04,0.001645840197393393,0.89716,0.89666,,,,,,,,,,,,,,,,,,
2019-07-05,0.0016264109782556397,0.89704,0.89673,,,,,,,,,,,,,,,,,,
2019-07-08,0.0016077677159253504,0.89666,0.89647,,,,,,,,,,,,,,,,,,
2019-07-09,0.0015737859809700266,0.89963,0.89963,,,,,,,,,,,,,,,,,,
2019-07-10,0.0015562364729937066,0.89907,0.90048,,,,,,,,,,,,,,,,,,
2019-07-11,0.0015823087674572325,0.89827,0.89734,,,,,,,,,,,,,,,,,,
2019-07-12,0.0015646441876972382,0.89742,0.89632,,,,,,,,,,,,,,,,,,
2019-07-15,0.0015543821072442345,0.89838,0.89913,,,,,,,,,,,,,,,,,,
2019-07-16,0.0015443595911380054,0.90283,0.90372,,,,,,,,,,,,,,,,,,
2019-07-17,0.0015577596129520033,0.90367,0.90302,,,,,,,,,,,,,,,,,,
2019-07-18,0.0015798233466601255,0.89839,0.89846,,,,,,,,,,,,,,,,,,
2019-07-19,0.0015616177750051264,0.8958,0.89772,,,,,,,,,,,,,,,,,,
2019-07-22,0.0016421449694764094,0.89966,0.89894,,,,,,,,,,,,,,,,,,
2019-07-23,0.001605196721969887,0.89696,0.89601,,,,,,,,,,,,,,,,,,
2019-07-24,0.0015950165459597094,0.89142,0.89142,,,,,,,,,,,,,,,,,,
2019-07-25,0.0015907937417734045,0.89008,0.89451,61.0,0.0025582922774660035,0.89236,0.89214,0.89248,0.89252,83.0,0.0033312240235095583,0.89305,0.893,0.89342,0.8942,91.0,0.004058802060363247,0.8937,0.89349,0.89405,0.89428
2019-07-26,0.001625147086440342,0.89558,0.89771,156.0,0.002665107094466198,0.89797,0.89822,0.89794,0.89772,,,,,,,,,,,,
2019-07-29,0.001638070157143688,0.90357,0.91058,30.0,0.0025422243774021547,0.90587,0.90596,0.90605,0.90617,48.0,0.003458051140520522,0.9067,0.90665,0.9069,0.90805,55.0,0.004428133012129254,0.90758,0.90757,0.90838,0.90688
2019-07-30,0.0016291953331211777,0.91612,0.91746,,,,,,,,,,,,,,,,,,
2019-07-31,0.0021878720272846684,0.9157,0.9108,94.0,-0.0032925171535620307,0.91269,0.91234,0.91214,0.91118,104.0,-0.0048385955220298345,0.91128,0.91159,0.91118,0.91114,170.0,-0.0055082077757061,0.91067,0.91027,0.91041,
2019-08-01,0.0021684572221103535,0.9107,0.91102,,,,,,,,,,,,,,,,,,
2019-08-02,0.00222685453789741,0.91551,0.91594,,,,,,,,,,,,,,,,,,
2019-08-05,0.0022211790088750598,0.9192,0.92052,,,,,,,,,,,,,,,,,,
2019-08-06,0.0021737464741904836,0.91822,0.92157,,,,,,,,,,,,,,,,,,
2019-08-07,0.0022533104323916794,0.92237,0.92412,,,,,,,,,,,,,,,,,,
2019-08-08,0.002223300555400509,0.92154,0.92344,60.0,0.004439206501879141,0.92564,0.92576,0.92642,0.92509,61.0,0.004568838132178358,0.92576,0.92595,0.92614,0.9249,,,,,,
2019-08-09,0.0021886098224297864,0.92773,0.92871,,,,,,,,,,,,,,,,,,
2019-08-12,0.002157187388944179,0.92593,0.92898,160.0,0.0032993366569265417,0.92899,0.92929,0.92938,0.92856,,,,,,,,,,,,
2019-08-13,0.002239211268888635,0.92786,0.92673,116.0,-0.003735980936182856,0.9244,0.92558,0.92639,0.92637,,,,,,,,,,,,
2019-08-14,0.0022297269698931224,0.92663,0.92356,,,,,,,,,,,,,,,,,,
2019-08-15,0.002195338475334592,0.91902,0.91698,141.0,-0.0034006964955757097,0.9159,0.9157,0.91603,0.91628,,,,,,,,,,,,
2019-08-16,0.0021754859045016706,0.91082,0.91306,165.0,0.0033430367246373633,0.91387,0.91393,0.91375,0.91412,,,,,,,,,,,,
2019-08-19,0.0022105519719570576,0.91621,0.91416,,,,,,,,,,,,,,,,,,
2019-08-20,0.002199502134025645,0.91673,0.91236,116.0,-0.003310700510356445,0.9137,0.91075,0.91361,0.91353,117.0,-0.006544554626258231,0.91075,0.91171,0.91381,0.91323,117.0,-0.006544554626258231,0.91075,0.91171,0.91381,0.91323
2019-08-21,0.002166297772623611,0.91542,0.91405,,,,,,,,,,,,,,,,,,
2019-08-22,0.002137870221744496,0.91241,0.9052,51.0,-0.0033044090644784065,0.9094,0.90718,0.90738,0.90539,52.0,-0.005748563580293542,0.90718,0.90706,0.90689,0.90599,52.0,-0.005748563580293542,0.90718,0.90706,0.90689,0.90599
2019-08-23,0.002120079802832184,0.90513,0.90884,,,,,,,,,,,,,,,,,,
2019-08-26,0.0022731601832802796,0.90819,0.90836,,,,,,,,,,,,,,,,,,
2019-08-27,0.0022122678276938704,0.90476,0.90284,,,,,,,,,,,,,,,,,,
2019-08-28,0.0021786707806396508,0.90746,0.90514,,,,,,,,,,,,,,,,,,
2019-08-29,0.0022117822734634748,0.90618,0.90672,,,,,,,,,,,,,,,,,,
2019-08-30,0.0022248748488341522,0.90578,0.90312,,,,,,,,,,,,,,,,,,
2019-09-02,0.002193840587191585,0.90835,0.90901,,,,,,,,,,,,,,,,,,
2019-09-03,0.00214831433984914,0.90967,0.90745,176.0,-0.003435710507611559,0.90655,0.90664,,,,,,,,,,,,,,
2019-09-04,0.0021603431667757992,0.90293,0.9044,,,,,,,,,,,,,,,,,,
2019-09-05,0.002139841641159062,0.89715,0.89509,,,,,,,,,,,,,,,,,,
2019-09-06,0.0021661115274690308,0.89575,0.89776,,,,,,,,,,,,,,,,,,
2019-09-09,0.0022117927995765137,0.89257,0.89421,157.0,0.004315266618135626,0.89643,0.89557,0.89678,0.89608,162.0,0.004705628042000776,0.89678,0.89718,0.8965,0.89579,,,,,,
2019-09-10,0.0021553654491784937,0.89419,0.89371,,,,,,,,,,,,,,,,,,
2019-09-11,0.002135454212305073,0.89098,0.89224,,,,,,,,,,,,,,,,,,
2019-09-12,0.0021028570719298216,0.8896,0.89561,104.0,0.0034674526547088737,0.89269,0.89391,0.89432,0.89379,105.0,0.004833175468577197,0.89391,0.89419,0.89445,0.89355,109.0,0.00529172946575237,0.89432,0.89445,0.89377,0.89382
2019-09-13,0.002078537831655428,0.89152,0.88861,,,,,,,,,,,,,,,,,,
2019-09-16,0.002082657042809593,0.8867,0.88623,,,,,,,,,,,,,,,,,,
2019-09-17,0.0023214926632569048,0.88768,0.88557,176.0,-0.0035435818191199542,0.88454,0.88489,,,,,,,,,,,,,,
2019-09-18,0.0022849290574978305,0.88728,0.88651,,,,,,,,,,,,,,,,,,
2019-09-19,0.0022513127159182514,0.88763,0.88511,,,,,,,,,,,,,,,,,,
2019-09-20,0.002218170767093391,0.88333,0.88106,,,,,,,,,,,,,,,,,,
2019-09-23,0.0022088900907462497,0.88313,0.88434,,,,,,,,,,,,,,,,,,
2019-09-24,0.002146576807222328,0.88162,0.88173,,,,,,,,,,,,,,,,,,
2019-09-25,0.002115945498574916,0.88695,0.8857,,,,,,,,,,,,,,,,,,
2019-09-26,0.00209125606323737,0.88537,0.88623,,,,,,,,,,,,,,,,,,
2019-09-27,0.0020898987023229617,0.88842,0.88888,,,,,,,,,,,,,,,,,,
2019-09-30,0.002057857105468739,0.88626,0.88614,172.0,-0.0034700082856002753,0.88319,0.88365,0.88457,,,,,,,,,,,,,
2019-10-01,0.002031755314488792,0.8885,0.89301,39.0,0.003056662978209071,0.89122,0.89095,0.89067,0.89052,120.0,0.004379814963671475,0.8924,0.89271,0.89285,0.89214,126.0,0.005186302753251481,0.89312,0.89337,0.8926,0.89173
2019-10-02,0.0020313486243833845,0.88944,0.88926,,,,,,,,,,,,,,,,,,
2019-10-03,0.0020356167849733446,0.88849,0.88704,42.0,-0.0033596423934461267,0.88551,0.88594,0.88573,0.88555,64.0,-0.004071350013340866,0.88488,0.8848,0.88639,0.88574,,,,,,
2019-10-04,0.0020076002814618317,0.88968,0.89165,97.0,0.0030750262713326007,0.89242,0.89241,0.89265,0.89276,138.0,0.004038234051463827,0.89328,0.89316,0.893,0.89327,,,,,,
2019-10-07,0.0019880716901252305,0.89168,0.8914,,,,,,,,,,,,,,,,,,
2019-10-08,0.0019358027549155135,0.89917,0.89699,,,,,,,,,,,,,,,,,,
2019-10-09,0.001915743094637554,0.89796,0.89874,,,,,,,,,,,,,,,,,,
2019-10-10,0.001943469980872389,0.90109,0.89003,134.0,-0.003101053396810394,0.8983,0.89905,0.89774,0.89668,148.0,-0.0049172402389871086,0.89667,0.89668,0.8969,0.89735,148.0,-0.0049172402389871086,0.89667,0.89668,0.8969,0.89735
2019-10-11,0.001918545401400496,0.87454,0.87014,115.0,-0.002931545969560381,0.87198,0.87186,0.87099,0.87188,120.0,-0.0040675381053565775,0.87099,0.87087,0.8714,0.872,177.0,-0.00534276273490775,0.86988,0.86996,,
2019-10-14,0.0022885327732835247,0.87975,0.87576,76.0,-0.0035299512855572097,0.87665,0.87673,0.87709,0.87569,90.0,-0.004831202496473128,0.87551,0.87569,0.87546,0.87576,113.0,-0.006832037797851046,0.87376,0.87467,0.87488,0.87441
2019-10-15,0.0025975985977068875,0.87147,0.86653,136.0,-0.004462188122235696,0.86759,0.86797,0.86782,0.86588,147.0,-0.008481365444631845,0.86411,0.86548,0.86615,0.86569,147.0,-0.008481365444631845,0.86411,0.86548,0.86615,0.86569
2019-10-16,0.002561235964325738,0.86535,0.86141,22.0,-0.004679563286841814,0.86131,0.86087,0.8603,0.86344,23.0,-0.005190543567153648,0.86087,0.86076,0.86055,0.86363,,,,,,
2019-10-17,0.002702204002101776,0.86528,0.86573,11.0,0.00409432499576128,0.86883,0.86853,0.86894,0.86817,,,,,,,,,,,,
2019-10-18,0.002656429202561027,0.86438,0.8646,,,,,,,,,,,,,,,,,,
2019-10-21,0.002617480000265469,0.85913,0.85847,,,,,,,,,,,,,,,,,,
2019-10-22,0.002614771996475337,0.86125,0.86017,,,,,,,,,,,,,,,,,,
2019-10-23,0.0026296213894552245,0.86385,0.86282,,,,,,,,,,,,,,,,,,
2019-10-24,0.0026640185824738445,0.86226,0.86643,,,,,,,,,,,,,,,,,,
2019-10-25,0.002638009755033436,0.86602,0.86358,,,,,,,,,,,,,,,,,,
2019-10-28,0.002606999639492839,0.86396,0.86312,,,,,,,,,,,,,,,,,,
2019-10-29,0.0025276521606447306,0.8627,0.86249,,,,,,,,,,,,,,,,,,
2019-10-30,0.00248617546526626,0.86245,0.8638,,,,,,,,,,,,,,,,,,
2019-10-31,0.0024448534988119617,0.86064,0.86128,,,,,,,,,,,,,,,,,,
2019-11-01,0.002404309572321985,0.86005,0.86329,162.0,0.003713809177701891,0.86325,0.86337,0.86328,0.86259,,,,,,,,,,,,
2019-11-04,0.00237546224612195,0.86364,0.86367,,,,,,,,,,,,,,,,,,
2019-11-05,0.0023023965159330805,0.86091,0.85973,,,,,,,,,,,,,,,,,,
2019-11-06,0.0022651048659502546,0.86025,0.86072,,,,,,,,,,,,,,,,,,
2019-11-07,0.00226474734501079,0.86403,0.86146,152.0,-0.0034200750972294526,0.86108,0.86111,0.86129,0.86137,,,,,,,,,,,,
2019-11-08,0.002233621070079152,0.86139,0.86291,,,,,,,,,,,,,,,,,,
2019-11-11,0.002201503906138524,0.85748,0.85844,,,,,,,,,,,,,,,,,,
2019-11-12,0.0021335488868369284,0.85846,0.85638,,,,,,,,,,,,,,,,,,
2019-11-13,0.0021335371785239595,0.85735,0.85666,,,,,,,,,,,,,,,,,,
2019-11-14,0.0021021787532275855,0.8566,0.85547,,,,,,,,,,,,,,,,,,
2019-11-15,0.0020704674537753674,0.85679,0.85634,,,,,,,,,,,,,,,,,,
2019-11-18,0.0020416936497477936,0.85319,0.85457,,,,,,,,,,,,,,,,,,
2019-11-19,0.001982458578474001,0.85595,0.85722,,,,,,,,,,,,,,,,,,
2019-11-20,0.001955677420088001,0.85718,0.85627,,,,,,,,,,,,,,,,,,
2019-11-21,0.0019451662041847632,0.85464,0.85734,120.0,0.003084258718611975,0.85728,0.85712,0.85717,0.85701,,,,,,,,,,,,
2019-11-22,0.0019195329994940293,0.86004,0.85935,,,,,,,,,,,,,,,,,,
2019-11-25,0.0018924996610450691,0.8553,0.85392,,,,,,,,,,,,,,,,,,
2019-11-26,0.0018491646038449841,0.85716,0.85677,,,,,,,,,,,,,,,,,,
2019-11-27,0.001864233621312981,0.85421,0.85373,,,,,,,,,,,,,,,,,,
2019-11-28,0.0018568566899656498,0.85257,0.85273,,,,,,,,,,,,,,,,,,
2019-11-29,0.0019112162009305759,0.85279,0.85196,,,,,,,,,,,,,,,,,,
2019-12-02,0.0018896250320095064,0.85333,0.85607,69.0,0.0030072043396948923,0.8559,0.85588,0.85524,0.85621,88.0,0.0038247226334015257,0.8566,0.85683,0.85699,0.85648,,,,,,
2019-12-03,0.0018556588251499983,0.85189,0.85233,,,,,,,,,,,,,,,,,,
2019-12-04,0.0018516669839327134,0.84807,0.84614,82.0,-0.0029167449988563026,0.8456,0.8455,0.8456,0.84626,,,,,,,,,,,,
2019-12-05,0.0018616486007423702,0.84484,0.84389,,,,,,,,,,,,,,,,,,
2019-12-06,0.001979229354513364,0.84361,0.84145,,,,,,,,,,,,,,,,,,
2019-12-09,0.0019524638089728154,0.84217,0.84078,,,,,,,,,,,,,,,,,,
2019-12-10,0.0019181050924837353,0.84114,0.84082,,,,,,,,,,,,,,,,,,
2019-12-11,0.0018913719423212748,0.84166,0.84209,,,,,,,,,,,,,,,,,,
2019-12-12,0.0018830966819953253,0.84652,0.84732,,,,,,,,,,,,,,,,,,
2019-12-13,0.0018570362502325936,0.83752,0.83425,67.0,-0.0030134191602440735,0.835,0.83479,0.83579,0.83536,121.0,-0.0037202557367166833,0.83441,0.83424,0.83436,0.83403,129.0,-0.004847435269446981,0.83347,0.83348,0.83404,0.83425
2019-12-16,0.002266242352679212,0.83564,0.83638,,,,,,,,,,,,,,,,,,
2019-12-17,0.0022429951192701574,0.84808,0.84942,166.0,0.0033666498350208023,0.85094,0.85057,0.85017,,,,,,,,,,,,,
2019-12-18,0.002315832316298075,0.85012,0.84975,,,,,,,,,,,,,,,,,,
2019-12-19,0.0025642716678321155,0.85108,0.85345,127.0,0.003940152383956917,0.85444,0.8545,0.85477,0.85514,,,,,,,,,,,,
2019-12-20,0.002522174100197163,0.84949,0.85,,,,,,,,,,,,,,,,,,
2019-12-23,0.002500448183428033,0.85712,0.85739,,,,,,,,,,,,,,,,,,
2019-12-24,0.002425553808945284,0.85568,0.85505,,,,,,,,,,,,,,,,,,
2019-12-26,0.0024398844327108405,0.85472,0.85339,,,,,,,,,,,,,,,,,,
2019-12-27,0.0023682964525313234,0.85227,0.85408,,,,,,,,,,,,,,,,,,
2019-12-30,0.002332157639464083,0.85283,0.85467,,,,,,,,,,,,,,,,,,
2019-12-31,0.002260053945301922,0.85035,0.84649,117.0,-0.0034161889743589842,0.84745,0.84747,0.84761,0.84785,155.0,-0.004703228430334304,0.84636,0.84585,0.84608,0.84587,162.0,-0.0058499700958253,0.84539,0.84558,0.84561,0.84606
2020-01-02,0.002223954817247299,0.84973,0.85033,,,,,,,,,,,,,,,,,,
2020-01-03,0.0023821136379079213,0.85194,0.85358,,,,,,,,,,,,,,,,,,
2020-01-06,0.0023507316248173363,0.8521,0.8505,,,,,,,,,,,,,,,,,,
2020-01-07,0.0022489391083764486,0.85036,0.84866,,,,,,,,,,,,,,,,,,
2020-01-08,0.0022431987665154397,0.84709,0.84831,,,,,,,,,,,,,,,,,,
2020-01-09,0.0021915444653986893,0.8517,0.85007,,,,,,,,,,,,,,,,,,
2020-01-10,0.0021539306811523516,0.84906,0.85148,,,,,,,,,,,,,,,,,,
2020-01-13,0.002115886072417149,0.8561,0.85734,,,,,,,,,,,,,,,,,,
2020-01-14,0.002063062666376243,0.85535,0.85479,,,,,,,,,,,,,,,,,,
2020-01-15,0.0020645653774095415,0.85696,0.85608,,,,,,,,,,,,,,,,,,
2020-01-16,0.002045245451053684,0.85442,0.85148,138.0,-0.003329428632440756,0.85158,0.85163,0.85207,0.85203,,,,,,,,,,,,
2020-01-17,0.0020055323225765965,0.85085,0.85166,,,,,,,,,,,,,,,,,,
2020-01-20,0.002002883817396343,0.8525,0.85259,,,,,,,,,,,,,,,,,,
2020-01-21,0.001935603614641482,0.85012,0.85018,,,,,,,,,,,,,,,,,,
2020-01-22,0.0019026698435892864,0.84442,0.84447,,,,,,,,,,,,,,,,,,
2020-01-23,0.0019124796008034605,0.84443,0.84291,116.0,-0.0028937058415082952,0.84199,0.84194,0.84196,0.84181,,,,,,,,,,,,
2020-01-24,0.0019923540008206057,0.84273,0.84306,,,,,,,,,,,,,,,,,,
2020-01-27,0.00197619822787533,0.8442,0.84346,,,,,,,,,,,,,,,,,,
2020-01-28,0.0019162215353610056,0.84618,0.84686,,,,,,,,,,,,,,,,,,
2020-01-29,0.0018832917919435889,0.84611,0.8457,,,,,,,,,,,,,,,,,,
2020-01-30,0.0018627647281131581,0.84195,0.84295,,,,,,,,,,,,,,,,,,
2020-01-31,0.0018340470821711623,0.84095,0.83995,,,,,,,,,,,,,,,,,,
2020-02-03,0.0019044433120227807,0.8472,0.8502,118.0,0.002875936071487461,0.84964,0.84958,0.84959,0.84969,154.0,0.0038288268729040676,0.85045,0.85056,0.85055,0.85039,,,,,,
2020-02-04,0.0018698948808665871,0.84752,0.84695,,,,,,,,,,,,,,,,,,
2020-02-05,0.002120706399022213,0.84666,0.84593,,,,,,,,,,,,,,,,,,
2020-02-06,0.00210310224268465,0.84855,0.84856,,,,,,,,,,,,,,,,,,
2020-02-07,0.0020599303021449386,0.84718,0.84825,,,,,,,,,,,,,,,,,,
2020-02-10,0.0020287297515492286,0.84546,0.84512,,,,,,,,,,,,,,,,,,
2020-02-11,0.0019523272620336708,0.84287,0.84327,,,,,,,,,,,,,,,,,,
2020-02-12,0.0019867933228353506,0.84117,0.83895,,,,,,,,,,,,,,,,,,
2020-02-13,0.001980100572877442,0.83346,0.83033,75.0,-0.003341068162574588,0.83068,0.83049,0.83022,0.82996,81.0,-0.0040515819902820155,0.83009,0.83017,0.83028,0.82973,,,,,,
2020-02-14,0.001975887702709227,0.83399,0.8315,179.0,-0.0031344411594739544,0.83138,0.83141,,,,,,,,,,,,,,
2020-02-17,0.0022263049466838456,0.83246,0.83246,,,,,,,,,,,,,,,,,,
2020-02-18,0.0021313447504240383,0.82909,0.8308,,,,,,,,,,,,,,,,,,
2020-02-19,0.0021091473073514017,0.83167,0.83525,107.0,0.0033370976639024975,0.83445,0.83418,0.83355,0.83306,,,,,,,,,,,,
2020-02-20,0.002097884506238207,0.84002,0.83818,,,,,,,,,,,,,,,,,,
2020-02-21,0.0021822964594486755,0.83546,0.83682,78.0,0.0034651311392185687,0.83836,0.83828,0.83836,0.83749,,,,,,,,,,,,
2020-02-24,0.0021373072314704797,0.83824,0.8404,,,,,,,,,,,,,,,,,,
2020-02-25,0.0020497301740593455,0.83553,0.83631,,,,,,,,,,,,,,,,,,
2020-02-26,0.0020470420117655822,0.84006,0.84273,,,,,,,,,,,,,,,,,,
2020-02-27,0.0020343064392682807,0.85144,0.85229,103.0,0.003177788660277752,0.85415,0.85386,0.85334,0.85367,,,,,,,,,,,,
2020-02-28,0.00218093852111608,0.85448,0.86217,111.0,0.003516420383075293,0.85749,0.85753,0.85894,0.86017,115.0,0.004402335556361291,0.85825,0.85894,0.85951,0.85993,117.0,0.006636947349704448,0.86017,0.86034,0.85986,0.8601
2020-03-02,0.002435760048166949,0.87065,0.87271,,,,,,,,,,,,,,,,,,
2020-03-03,0.002457985380557628,0.86887,0.87097,60.0,0.004994011837278286,0.87322,0.87176,0.87169,0.87221,60.0,0.004994011837278286,0.87322,0.87176,0.87169,0.87221,,,,,,
2020-03-04,0.0026999789839761744,0.86712,0.86623,,,,,,,,,,,,,,,,,,
2020-03-05,0.0026268144667922445,0.86596,0.86661,,,,,,,,,,,,,,,,,,
2020-03-06,0.0026515972669675925,0.87112,0.86944,87.0,-0.005375335951551095,0.86645,0.86755,0.86702,0.86714,87.0,-0.005375335951551095,0.86645,0.86755,0.86702,0.86714,,,,,,
2020-03-09,0.0025864881215757244,0.87267,0.87298,56.0,-0.003938210852606867,0.86924,0.8698,0.87128,0.8725,,,,,,,,,,,,
2020-03-10,0.002637831181865709,0.87362,0.87611,,,,,,,,,,,,,,,,,,
2020-03-11,0.0025665253229673305,0.87645,0.8766,,,,,,,,,,,,,,,,,,
2020-03-12,0.0025562471005844806,0.88629,0.88472,51.0,0.004458111338520354,0.89025,0.8902,0.89097,0.88717,56.0,0.005266546050924239,0.89097,0.89114,0.88982,0.88549,,,,,,
2020-03-13,0.002562263104520193,0.89141,0.89609,93.0,-0.004080514207930581,0.88778,0.88776,0.88815,0.88703,,,,,,,,,,,,
2020-03-16,0.0028107070801382077,0.90938,0.91193,111.0,-0.004496668145134129,0.9053,0.90552,0.9042,0.90363,115.0,-0.006398397965106472,0.90358,0.9042,0.90417,0.90284,128.0,-0.007162318798063226,0.90289,0.90301,0.90339,0.90277
2020-03-17,0.002920925633172202,0.90784,0.90977,43.0,0.004593768037951303,0.91202,0.91209,0.91169,0.91202,177.0,0.006631120185795711,0.91388,0.91352,,,,,,,,
2020-03-18,0.0030848170993035954,0.92215,0.93665,45.0,0.005299601415047412,0.92705,0.92535,0.925,0.92477,,,,,,,,,,,,
2020-03-19,0.0029558701250700942,0.92957,0.91702,89.0,-0.004571682985352199,0.92533,0.92541,0.92443,0.92584,111.0,-0.006204866162091462,0.92382,0.9238,0.92226,0.91927,114.0,-0.007688939728199405,0.92245,0.9224,0.92156,0.919
2020-03-20,0.005050678667965819,0.90883,0.91019,90.0,-0.009008024393971215,0.90068,0.90003,0.90101,0.90379,,,,,,,,,,,,
2020-03-23,0.005553105100831565,0.92688,0.93622,146.0,0.00857267810900416,0.93486,0.93501,0.9352,0.9354,,,,,,,,,,,,
2020-03-24,0.005207487303622318,0.92084,0.91685,,,,,,,,,,,,,,,,,,
2020-03-25,0.005117992423087884,0.91446,0.91589,79.0,0.00770160506998575,0.92153,0.92144,0.92225,0.92187,116.0,0.01027011355088626,0.9239,0.92349,0.92291,0.92343,156.0,0.013209829910436729,0.92662,0.92667,0.92504,0.92301
2020-03-26,0.005154404379006094,0.91522,0.90815,,,,,,,,,,,,,,,,,,
2020-03-27,0.004987729006190323,0.89586,0.89248,,,,,,,,,,,,,,,,,,
2020-03-30,0.005277410743843073,0.88997,0.88896,,,,,,,,,,,,,,,,,,
2020-03-31,0.004989331132792566,0.88699,0.88442,,,,,,,,,,,,,,,,,,
2020-04-01,0.004816639691666666,0.88368,0.88187,,,,,,,,,,,,,,,,,,
2020-04-02,0.0046712786321718,0.87786,0.87774,,,,,,,,,,,,,,,,,,
2020-04-03,0.004573270188335687,0.87789,0.88292,,,,,,,,,,,,,,,,,,
2020-04-06,0.004475312969318634,0.87667,0.87881,,,,,,,,,,,,,,,,,,
2020-04-07,0.004209910151795645,0.88028,0.88201,,,,,,,,,,,,,,,,,,
2020-04-08,0.004077519790421489,0.87957,0.87681,,,,,,,,,,,,,,,,,,
2020-04-09,0.003939829304731418,0.87469,0.87772,,,,,,,,,,,,,,,,,,
2020-04-10,0.0038655760245632715,0.87621,0.87703,,,,,,,,,,,,,,,,,,
2020-04-13,0.0037373745047097587,0.87482,0.87116,,,,,,,,,,,,,,,,,,
2020-04-14,0.003495823468243631,0.87272,0.8697,,,,,,,,,,,,,,,,,,
2020-04-15,0.003442846453104937,0.87401,0.87098,,,,,,,,,,,,,,,,,,
2020-04-16,0.003333241073291434,0.87145,0.87173,,,,,,,,,,,,,,,,,,
2020-04-17,0.003228564495723533,0.86945,0.87073,,,,,,,,,,,,,,,,,,
2020-04-20,0.003143045232988337,0.87257,0.87231,,,,,,,,,,,,,,,,,,
2020-04-21,0.0029549235486624223,0.88068,0.88504,176.0,0.004678596348381579,0.88481,0.88495,,,,,,,,,,,,,,
2020-04-22,0.0028892002791250705,0.879,0.87835,,,,,,,,,,,,,,,,,,
2020-04-23,0.003013099057176155,0.87244,0.8747,,,,,,,,,,,,,,,,,,
2020-04-24,0.0030100515459308575,0.87401,0.87564,,,,,,,,,,,,,,,,,,
2020-04-27,0.002972988795057634,0.8727,0.87173,,,,,,,,,,,,,,,,,,
2020-04-28,0.0028250092068154813,0.87098,0.8712,,,,,,,,,,,,,,,,,,
2020-04-29,0.002750600965296572,0.87488,0.87333,,,,,,,,,,,,,,,,,,
2020-04-30,0.002685652795427831,0.86845,0.86792,,,,,,,,,,,,,,,,,,
2020-05-01,0.002627844443080047,0.87547,0.87936,,,,,,,,,,,,,,,,,,
2020-05-04,0.002559093565861565,0.87935,0.87768,,,,,,,,,,,,,,,,,,
2020-05-05,0.0025818990063629092,0.87012,0.87105,,,,,,,,,,,,,,,,,,
2020-05-06,0.0025331782669727712,0.87258,0.87516,,,,,,,,,,,,,,,,,,
2020-05-07,0.0025094387438515816,0.87387,0.87567,131.0,0.0037805932925424573,0.87718,0.87725,0.87716,0.87816,148.0,0.005386726559554151,0.87859,0.87823,0.87804,0.87773,,,,,,
2020-05-08,0.0025059948535823134,0.87558,0.87289,144.0,-0.004269133144206704,0.87185,0.87154,0.87216,0.87182,,,,,,,,,,,,
2020-05-11,0.0024454408213101363,0.87936,0.87728,160.0,-0.003771203220778687,0.87605,0.87589,0.87537,0.87613,,,,,,,,,,,,
2020-05-12,0.002330057350884923,0.87666,0.88317,76.0,0.0035071773594562835,0.87974,0.87976,0.87976,0.88092,91.0,0.004847583998642176,0.88092,0.88078,0.88103,0.88129,130.0,0.005857381387495982,0.88181,0.88201,0.88178,0.88163
2020-05-13,0.002327447120692088,0.88254,0.88642,123.0,0.004093407649370799,0.88616,0.88644,0.88678,0.88728,125.0,0.005040868750272938,0.887,0.88641,0.8865,0.88741,,,,,,
2020-05-14,0.0024311906782418656,0.88462,0.88533,,,,,,,,,,,,,,,,,,
2020-05-15,0.002371902560298895,0.88841,0.89177,121.0,0.0037749036501592784,0.89177,0.89122,0.8909,0.8901,163.0,0.004862036919834015,0.89274,0.89249,0.89281,0.89244,,,,,,
2020-05-18,0.0023130605760395833,0.89049,0.89315,,,,,,,,,,,,,,,,,,
2020-05-19,0.002398191482960352,0.89472,0.89267,,,,,,,,,,,,,,,,,,
2020-05-20,0.002337628174548402,0.89423,0.8958,,,,,,,,,,,,,,,,,,
2020-05-21,0.0022931760025323425,0.89942,0.8959,146.0,-0.003553034673676968,0.89623,0.89623,0.89608,0.89589,168.0,-0.005328708416354896,0.89464,0.89513,0.8951,,,,,,,
2020-05-22,0.002365103139222819,0.89559,0.89468,,,,,,,,,,,,,,,,,,
2020-05-25,0.0023289045439813744,0.89518,0.89315,,,,,,,,,,,,,,,,,,
2020-05-26,0.0022274127663341114,0.88966,0.88914,,,,,,,,,,,,,,,,,,
2020-05-27,0.002176201860194961,0.89497,0.89683,140.0,0.0036916255503505837,0.89828,0.89899,0.89828,0.89901,141.0,0.004481712779241087,0.89899,0.8988,0.89822,0.89896,,,,,,
2020-05-28,0.0021870057345704614,0.89815,0.89829,,,,,,,,,,,,,,,,,,
2020-05-29,0.0023704691581877225,0.90077,0.90166,,,,,,,,,,,,,,,,,,
2020-06-01,0.0023157410059036557,0.89681,0.89205,136.0,-0.003496253191439491,0.89368,0.89368,0.89361,0.89235,148.0,-0.004727876962949685,0.89258,0.89249,0.89213,0.89232,,,,,,
2020-06-02,0.0022119612283873747,0.89043,0.8911,,,,,,,,,,,,,,,,,,
2020-06-03,0.002308410637749517,0.89106,0.8925,,,,,,,,,,,,,,,,,,
2020-06-04,0.0022534827871917634,0.89617,0.89801,161.0,0.0037089262696666883,0.8995,0.89944,0.89937,0.89959,173.0,0.004520159110186575,0.90023,0.90036,0.89984,,,,,,,
2020-06-05,0.0022505596112170007,0.89536,0.88921,57.0,-0.003714897413144413,0.89204,0.89223,0.89231,0.89101,69.0,-0.0048365521957031464,0.89104,0.89095,0.89102,0.89087,123.0,-0.005779715455307731,0.8902,0.89021,0.89064,0.89066
2020-06-08,0.0022967748445156073,0.891,0.88982,,,,,,,,,,,,,,,,,,
2020-06-09,0.002417002620638669,0.89044,0.89104,117.0,0.0036991825523049757,0.89374,0.89349,0.89278,0.89251,,,,,,,,,,,,
2020-06-10,0.0023619539270817317,0.88994,0.89035,,,,,,,,,,,,,,,,,,
2020-06-11,0.0023306350587536427,0.89731,0.90037,,,,,,,,,,,,,,,,,,
2020-06-12,0.0023173296063632234,0.89613,0.89848,,,,,,,,,,,,,,,,,,
2020-06-15,0.0023126658331473963,0.89722,0.89866,,,,,,,,,,,,,,,,,,
2020-06-16,0.0022177646638345968,0.89372,0.89465,,,,,,,,,,,,,,,,,,
2020-06-17,0.0022114363756247754,0.89409,0.89575,,,,,,,,,,,,,,,,,,
2020-06-18,0.0021768296540416866,0.9007,0.90254,159.0,0.0033141424378671574,0.90369,0.90355,0.90373,0.90342,,,,,,,,,,,,
2020-06-19,0.002131698158432319,0.90591,0.90526,,,,,,,,,,,,,,,,,,
2020-06-22,0.0021666371529987754,0.90405,0.90481,,,,,,,,,,,,,,,,,,
2020-06-23,0.002100376163306985,0.90683,0.90346,,,,,,,,,,,,,,,,,,
2020-06-24,0.002067409521711799,0.90338,0.90663,,,,,,,,,,,,,,,,,,
2020-06-25,0.0020281525340449026,0.90157,0.90442,103.0,0.003045592063376116,0.90432,0.90429,0.90377,0.90361,,,,,,,,,,,,
2020-06-26,0.002001157958310204,0.90474,0.90913,147.0,0.0030128981355842066,0.90747,0.90747,0.90815,0.90861,154.0,0.004466434779461645,0.90879,0.90843,0.90853,0.90868,179.0,0.005027463126107892,0.9093,0.90936,,
2020-06-29,0.001984662149169895,0.91567,0.91519,,,,,,,,,,,,,,,,,,
2020-06-30,0.0020073883801259933,0.91211,0.9085,139.0,-0.003074526694154032,0.90931,0.90921,0.90961,0.90899,160.0,-0.004119821039663081,0.90836,0.90848,0.90833,0.90824,,,,,,
2020-07-01,0.0020422034981078595,0.90437,0.9026,,,,,,,,,,,,,,,,,,
2020-07-02,0.0021255114564190433,0.90151,0.90101,,,,,,,,,,,,,,,,,,
2020-07-03,0.0021813923543446416,0.90135,0.90183,,,,,,,,,,,,,,,,,,
2020-07-06,0.0021331619669743783,0.90483,0.90586,,,,,,,,,,,,,,,,,,
2020-07-07,0.0020994336919260463,0.90164,0.89871,125.0,-0.0035665317489198397,0.89843,0.8984,0.89839,0.89791,139.0,-0.004345972372738508,0.89773,0.89791,0.89735,0.89719,145.0,-0.005360154287981447,0.89682,0.89705,0.8969,0.89734
2020-07-08,0.002065022755418732,0.89861,0.89971,,,,,,,,,,,,,,,,,,
2020-07-09,0.002184583228263909,0.89655,0.89561,,,,,,,,,,,,,,,,,,
2020-07-10,0.0021454948668204097,0.8958,0.8944,,,,,,,,,,,,,,,,,,
2020-07-13,0.0021567490889951176,0.89935,0.90105,,,,,,,,,,,,,,,,,,
2020-07-14,0.002063453500593414,0.90788,0.9091,112.0,0.003123284184163943,0.91072,0.91056,0.91074,0.91056,,,,,,,,,,,,
2020-07-15,0.0022627679339096906,0.90541,0.90632,,,,,,,,,,,,,,,,,,
2020-07-16,0.0022352252864708106,0.90907,0.90589,,,,,,,,,,,,,,,,,,
2020-07-17,0.0021898459485403337,0.91048,0.91123,,,,,,,,,,,,,,,,,,
2020-07-20,0.002155155759665032,0.90609,0.90412,105.0,-0.0033385690652976926,0.90307,0.90331,0.90391,0.90407,,,,,,,,,,,,
2020-07-21,0.0021124204713831862,0.90107,0.9025,,,,,,,,,,,,,,,,,,
2020-07-22,0.0022627284735887766,0.91168,0.91035,,,,,,,,,,,,,,,,,,
2020-07-23,0.0022382608507723763,0.91193,0.91076,,,,,,,,,,,,,,,,,,
2020-07-24,0.002198788449810411,0.90988,0.90966,,,,,,,,,,,,,,,,,,
2020-07-27,0.0021562348314657412,0.91212,0.91191,,,,,,,,,,,,,,,,,,
2020-07-28,0.002064578955182163,0.90992,0.90614,145.0,-0.0031480834813649933,0.90706,0.90702,0.90694,0.90674,178.0,-0.004295302703972866,0.90602,0.90598,,,,,,,,
2020-07-29,0.002023621891170439,0.90423,0.90706,167.0,0.003069722602239567,0.90701,0.90737,0.90826,,172.0,0.004446928414677872,0.90826,0.90843,0.90806,,,,,,,
2020-07-30,0.0020513444914000557,0.9023,0.90455,,,,,,,,,,,,,,,,,,
2020-07-31,0.0020107204451762597,0.90073,0.9002,,,,,,,,,,,,,,,,,,
2020-08-03,0.0019785499038055382,0.90003,0.90007,,,,,,,,,,,,,,,,,,
2020-08-04,0.00200881468788789,0.90313,0.90106,,,,,,,,,,,,,,,,,,
2020-08-05,0.0019694398906097226,0.902,0.90543,103.0,0.003033089543135448,0.90474,0.90497,0.90454,0.9046,,,,,,,,,,,,
2020-08-06,0.0019770797454200847,0.90011,0.90189,,,,,,,,,,,,,,,,,,
2020-08-07,0.0019423044082927988,0.9037,0.90302,,,,,,,,,,,,,,,,,,
2020-08-10,0.0019138727059458736,0.90155,0.89859,144.0,-0.0030104611186456505,0.89884,0.89885,0.89887,0.89937,,,,,,,,,,,,
2020-08-11,0.0018514103952040062,0.89805,0.89967,,,,,,,,,,,,,,,,,,
2020-08-12,0.001899120697933506,0.90398,0.90409,,,,,,,,,,,,,,,,,,
2020-08-13,0.0018810901832391272,0.90386,0.90344,,,,,,,,,,,,,,,,,,
2020-08-14,0.0019211797237915376,0.90106,0.90265,,,,,,,,,,,,,,,,,,
2020-08-17,0.0018876174196574126,0.90618,0.90557,,,,,,,,,,,,,,,,,,
2020-08-18,0.0018250504262281918,0.90349,0.90168,,,,,,,,,,,,,,,,,,
2020-08-19,0.001798221534375676,0.9033,0.90195,,,,,,,,,,,,,,,,,,
2020-08-20,0.0018369851912341884,0.90145,0.89892,,,,,,,,,,,,,,,,,,
2020-08-21,0.0018428171772555116,0.89795,0.89896,177.0,0.0030911581978279755,0.90073,0.90096,,,,,,,,,,,,,,
2020-08-24,0.001998397074518618,0.90121,0.9025,123.0,0.0031906081462303973,0.90409,0.9039,0.9037,0.90336,,,,,,,,,,,,
2020-08-25,0.0019692282422779403,0.89961,0.89959,,,,,,,,,,,,,,,,,,
2020-08-26,0.0019322896522395614,0.89731,0.89581,158.0,-0.0029129322331071074,0.8947,0.89515,0.89476,0.89535,,,,,,,,,,,,
2020-08-27,0.0019028825997504414,0.89508,0.89388,,,,,,,,,,,,,,,,,,
2020-08-28,0.0019137954551168128,0.89487,0.89227,,,,,,,,,,,,,,,,,,
2020-08-31,0.0018922831059175517,0.89569,0.89342,177.0,-0.002929405704073512,0.89307,0.89339,,,,,,,,,,,,,,
2020-09-01,0.0018622460091916456,0.88979,0.89061,,,,,,,,,,,,,,,,,,
2020-09-02,0.0018447223794429324,0.88848,0.88933,,,,,,,,,,,,,,,,,,
2020-09-03,0.0018882478840287463,0.89121,0.89176,,,,,,,,,,,,,,,,,,
2020-09-04,0.0018797355718800166,0.89301,0.89321,,,,,,,,,,,,,,,,,,
2020-09-07,0.0019292095483399655,0.89819,0.8978,,,,,,,,,,,,,,,,,,
2020-09-08,0.0018859053081807108,0.90467,0.9042,,,,,,,,,,,,,,,,,,
2020-09-09,0.00191211014570786,0.91285,0.9077,49.0,-0.00333578705733371,0.90981,0.91015,0.91051,0.91156,112.0,-0.003929493783658981,0.90927,0.90876,0.90877,0.90905,120.0,-0.004787692938523153,0.90849,0.90839,0.9082,0.91001
2020-09-10,0.002267419738114792,0.91373,0.92476,32.0,0.004302725869368632,0.91767,0.91754,0.91698,0.91561,85.0,0.004607799906665743,0.91795,0.9178,0.91872,0.9192,92.0,0.005870687514225745,0.91911,0.91923,0.91879,0.91913
2020-09-11,0.002219398114514428,0.92382,0.9254,,,,,,,,,,,,,,,,,,
2020-09-14,0.0026627243634764508,0.92174,0.92202,,,,,,,,,,,,,,,,,,
2020-09-15,0.002538025272955364,0.92136,0.92085,,,,,,,,,,,,,,,,,,
2020-09-16,0.0024716647668224976,0.9144,0.91181,155.0,-0.003966737249723374,0.91078,0.91097,0.91051,0.91042,175.0,-0.004977370959084708,0.90986,0.9098,0.90967,,,,,,,
2020-09-17,0.0025359240233089474,0.91527,0.91266,150.0,-0.005280120936761216,0.91045,0.91136,0.91225,0.91251,150.0,-0.005280120936761216,0.91045,0.91136,0.91225,0.91251,,,,,,
2020-09-18,0.0026199017988587435,0.91286,0.9157,,,,,,,,,,,,,,,,,,
2020-09-21,0.0026068490359432857,0.9165,0.91728,,,,,,,,,,,,,,,,,,
2020-09-22,0.0024754359919936775,0.91775,0.91958,,,,,,,,,,,,,,,,,,
2020-09-23,0.002427649196840521,0.9185,0.9158,168.0,-0.0041348295064313895,0.91471,0.91469,0.91492,,175.0,-0.005141118899523093,0.91379,0.91368,0.91467,,,,,,,
2020-09-24,0.0023672595514676324,0.91333,0.91582,,,,,,,,,,,,,,,,,,
2020-09-25,0.002313353693309495,0.913,0.91461,,,,,,,,,,,,,,,,,,
2020-09-28,0.0022714305955682957,0.90468,0.90628,,,,,,,,,,,,,,,,,,
2020-09-29,0.0021903003302715485,0.90991,0.91209,137.0,0.0037734652017342367,0.91335,0.9133,0.91367,0.91169,,,,,,,,,,,,
2020-09-30,0.002161547697633231,0.91283,0.90765,93.0,-0.0032479317519078484,0.90987,0.90965,0.91027,0.90966,127.0,-0.00440260914790392,0.90882,0.90899,0.90904,0.9085,160.0,-0.0054154235371813506,0.9079,0.90777,0.90771,0.90726
2020-10-01,0.0021939000523813015,0.90742,0.91134,67.0,0.0034214395708008953,0.91053,0.91067,0.90953,0.9097,112.0,0.004738485627303443,0.91173,0.91159,0.91143,0.91182,,,,,,
2020-10-02,0.00226487199193713,0.90622,0.90552,,,,,,,,,,,,,,,,,,
2020-10-05,0.002251897764303358,0.90856,0.90845,,,,,,,,,,,,,,,,,,
2020-10-06,0.002245250344974435,0.91046,0.90992,,,,,,,,,,,,,,,,,,
2020-10-07,0.0022022771777737223,0.91433,0.91108,,,,,,,,,,,,,,,,,,
2020-10-08,0.0021720940681316473,0.91119,0.90818,112.0,-0.0034519943691748364,0.90805,0.90777,0.90812,0.90848,,,,,,,,,,,,
2020-10-09,0.002124498873053429,0.91185,0.90916,176.0,-0.0033944699491096353,0.90876,0.9087,,,,,,,,,,,,,,
2020-10-12,0.0020844110447982857,0.90559,0.90379,,,,,,,,,,,,,,,,,,
2020-10-13,0.002021464356137431,0.90468,0.90494,,,,,,,,,,,,,,,,,,
2020-10-14,0.0020074535027215018,0.9049,0.90257,63.0,-0.0030547216953739614,0.90214,0.9022,0.9023,0.90265,136.0,-0.00409723179899825,0.9012,0.90126,0.90132,0.90104,,,,,,
2020-10-15,0.0020094480710554693,0.90554,0.90603,,,,,,,,,,,,,,,,,,
2020-10-16,0.0020582313330523906,0.90875,0.90619,,,,,,,,,,,,,,,,,,
2020-10-19,0.0021052921053630693,0.90545,0.90699,,,,,,,,,,,,,,,,,,
2020-10-20,0.002026480430152248,0.91247,0.91306,,,,,,,,,,,,,,,,,,
2020-10-21,0.0020273553006570303,0.90738,0.90298,116.0,-0.00401961758586293,0.90374,0.90428,0.90414,0.90368,123.0,-0.004473390828775862,0.90333,0.90292,0.90359,0.90384,156.0,-0.0050824345935533395,0.90278,0.90269,0.90253,0.90192
2020-10-22,0.0020299313176205544,0.90303,0.90336,,,,,,,,,,,,,,,,,,
2020-10-23,0.0023509377721274353,0.90659,0.90845,,,,,,,,,,,,,,,,,,
2020-10-26,0.0022947921343516855,0.90712,0.90782,,,,,,,,,,,,,,,,,,
2020-10-27,0.0022932133036058584,0.90753,0.90474,,,,,,,,,,,,,,,,,,
2020-10-28,0.0022453026909144552,0.90606,0.90508,60.0,-0.0034272733683819315,0.90296,0.90411,0.90387,0.90383,148.0,-0.004624055497441319,0.90188,0.90175,0.90258,0.90263,,,,,,
2020-10-29,0.0022288793479581424,0.90481,0.90282,,,,,,,,,,,,,,,,,,
2020-10-30,0.002177921932462191,0.90184,0.89938,,,,,,,,,,,,,,,,,,
2020-11-02,0.002128983064882117,0.89985,0.90102,,,,,,,,,,,,,,,,,,
2020-11-03,0.0021260235971492535,0.90014,0.89775,152.0,-0.0033941153085628333,0.89709,0.89699,0.8969,0.89707,,,,,,,,,,,,
2020-11-04,0.002081351549890257,0.90198,0.90124,,,,,,,,,,,,,,,,,,
2020-11-05,0.002115755321180298,0.90421,0.90092,161.0,-0.0033677152435286663,0.90117,0.90105,0.90041,0.90018,169.0,-0.004255844347056634,0.90037,0.90019,0.9002,,,,,,,
2020-11-06,0.0023087869315867675,0.90407,0.90315,,,,,,,,,,,,,,,,,,
2020-11-09,0.0023395904581292133,0.90226,0.89914,130.0,-0.003597445698875668,0.89902,0.89913,0.89918,0.89915,,,,,,,,,,,,
2020-11-10,0.0022418615067250646,0.89172,0.89266,,,,,,,,,,,,,,,,,,
2020-11-11,0.0022462913164373495,0.88748,0.89162,106.0,0.003430805216673721,0.89053,0.89068,0.89083,0.89087,,,,,,,,,,,,
2020-11-12,0.0023130683819671282,0.89606,0.89967,110.0,0.0035092250553930815,0.89921,0.89912,0.89972,0.89909,,,,,,,,,,,,
2020-11-13,0.0022565265030955162,0.8979,0.89669,,,,,,,,,,,,,,,,,,
2020-11-16,0.002404484328312517,0.89679,0.89711,,,,,,,,,,,,,,,,,,
2020-11-17,0.0023130611241110642,0.89588,0.89597,,,,,,,,,,,,,,,,,,
2020-11-18,0.0022594453542911595,0.89333,0.89314,,,,,,,,,,,,,,,,,,
2020-11-19,0.0022184869336885605,0.89421,0.89515,,,,,,,,,,,,,,,,,,
2020-11-20,0.002167963908251296,0.89424,0.89269,,,,,,,,,,,,,,,,,,
2020-11-23,0.0021201592965558523,0.88858,0.88934,,,,,,,,,,,,,,,,,,
2020-11-24,0.0020652332462196116,0.89051,0.88966,,,,,,,,,,,,,,,,,,
2020-11-25,0.002049194153941018,0.89215,0.8904,117.0,-0.003188398735785325,0.88931,0.88949,0.88946,0.88958,,,,,,,,,,,,
2020-11-26,0.0020285004567549905,0.89216,0.89211,,,,,,,,,,,,,,,,,,
2020-11-27,0.001990335280419773,0.89395,0.89815,143.0,0.0030492085078661505,0.89668,0.89665,0.89705,0.89777,154.0,0.004709514764411213,0.89817,0.89827,0.89787,0.89885,167.0,0.005243792000214527,0.89865,0.89925,0.89911,
2020-12-01,0.0019584759445702257,0.89828,0.89782,,,,,,,,,,,,,,,,,,
2020-12-02,0.0019982772499437277,0.90697,0.90575,,,,,,,,,,,,,,,,,,
2020-12-03,0.002047699596127865,0.90215,0.90064,,,,,,,,,,,,,,,,,,
2020-12-04,0.0020948288309975615,0.9003,0.90121,,,,,,,,,,,,,,,,,,
2020-12-07,0.002065619261298874,0.9111,0.90772,,,,,,,,,,,,,,,,,,
2020-12-08,0.0019987211011816388,0.90756,0.90619,58.0,0.0030584764476308786,0.91034,0.91016,0.90968,0.90852,,,,,,,,,,,,
2020-12-09,0.002002053963330053,0.90077,0.90284,,,,,,,,,,,,,,,,,,
2020-12-10,0.0019664219803006027,0.913,0.91228,,,,,,,,,,,,,,,,,,
2020-12-11,0.0019396333639258292,0.91933,0.91591,40.0,-0.0030503438944936663,0.91653,0.91673,0.91779,0.91742,91.0,-0.0039781852019633215,0.91568,0.91604,0.91634,0.91514,103.0,-0.0053770313821546655,0.9144,0.91483,0.91527,0.91605
2020-12-14,0.0021315609222168058,0.90791,0.91164,105.0,0.0032549320020342,0.91087,0.91071,0.91015,0.91063,,,,,,,,,,,,
2020-12-15,0.002118811827853341,0.90653,0.90504,,,,,,,,,,,,,,,,,,
2020-12-16,0.0020729102393230656,0.90142,0.90315,,,,,,,,,,,,,,,,,,
2020-12-17,0.002242959219541334,0.90057,0.90065,,,,,,,,,,,,,,,,,,
2020-12-18,0.0021913587758902895,0.90636,0.90605,,,,,,,,,,,,,,,,,,
2020-12-21,0.002155562368062653,0.91549,0.91564,93.0,0.003304237988660464,0.91852,0.91834,0.91833,0.91727,,,,,,,,,,,,
2020-12-22,0.0022000691449729462,0.91239,0.9113,,,,,,,,,,,,,,,,,,
2020-12-23,0.0021512398158360507,0.90442,0.90387,60.0,-0.003655420178534701,0.90112,0.90084,0.90168,0.90273,62.0,-0.004621351739118244,0.90025,0.90185,0.90242,0.90241,,,,,,
2020-12-24,0.002140447090997735,0.89711,0.90001,101.0,0.003616197813210929,0.90036,0.90011,0.9007,0.89974,,,,,,,,,,,,
2020-12-28,0.0023285478547020013,0.90368,0.90732,100.0,0.003920685785028381,0.90723,0.90785,0.90795,0.90855,105.0,0.004713995581038106,0.90795,0.90792,0.90763,0.90846,117.0,0.005990783532547303,0.90911,0.90839,0.90865,0.90824
2020-12-29,0.0021888208083295736,0.90745,0.9074,,,,,,,,,,,,,,,,,,
2020-12-30,0.002288282619900413,0.90373,0.90312,,,,,,,,,,,,,,,,,,
2020-12-31,0.0022333819634291698,0.89975,0.89527,78.0,-0.003774828964190244,0.89636,0.89637,0.89714,0.89725,117.0,-0.005058619335702024,0.89521,0.89516,0.89545,0.89546,,,,,,
2021-01-04,0.0022501033724593006,0.90252,0.9033,,,,,,,,,,,,,,,,,,
2021-01-05,0.002418766100111703,0.90395,0.90223,,,,,,,,,,,,,,,,,,
2021-01-06,0.0025591884190969616,0.90808,0.90386,141.0,-0.0042708461476244144,0.90421,0.90437,0.90449,0.90422,,,,,,,,,,,,
2021-01-07,0.00247754513710289,0.90291,0.90511,,,,,,,,,,,,,,,,,,
2021-01-08,0.002436044775033855,0.90106,0.90053,,,,,,,,,,,,,,,,,,
2021-01-11,0.002373828209885039,0.9019,0.8996,,,,,,,,,,,,,,,,,,
2021-01-12,0.0022760844963587595,0.8937,0.89355,,,,,,,,,,,,,,,,,,
2021-01-13,0.0022688680711759326,0.889,0.89197,124.0,0.0035818788681754987,0.89219,0.89234,0.8926,0.89206,,,,,,,,,,,,
2021-01-14,0.002319589997870584,0.88928,0.88855,,,,,,,,,,,,,,,,,,
2021-01-15,0.0022617484725913906,0.89055,0.88888,,,,,,,,,,,,,,,,,,
2021-01-18,0.002226148685006454,0.8902,0.88907,,,,,,,,,,,,,,,,,,
2021-01-19,0.0021073764892905007,0.89114,0.8897,,,,,,,,,,,,,,,,,,
2021-01-20,0.002050811443449389,0.88522,0.8874,112.0,0.003135541306389665,0.888,0.88815,0.8879,0.88736,,,,,,,,,,,,
2021-01-21,0.001994811514276239,0.88611,0.88597,,,,,,,,,,,,,,,,,,
2021-01-22,0.001982000162114494,0.89159,0.88948,,,,,,,,,,,,,,,,,,
2021-01-25,0.0019387540020520445,0.88774,0.88839,,,,,,,,,,,,,,,,,,
2021-01-26,0.00185791512642526,0.88674,0.8854,,,,,,,,,,,,,,,,,,
2021-01-27,0.0018124713526291001,0.8843,0.88363,79.0,-0.002808418035041197,0.88182,0.88184,0.88143,0.88178,,,,,,,,,,,,
2021-01-28,0.0018241401903442006,0.88673,0.8833,84.0,-0.002755475989924748,0.88429,0.88408,0.88437,0.88412,112.0,-0.0036492473684136694,0.8835,0.88316,0.88353,0.88369,,,,,,
2021-01-29,0.0017848162438771145,0.88393,0.88529,,,,,,,,,,,,,,,,,,
2021-02-01,0.0017642738299588584,0.88339,0.88251,,,,,,,,,,,,,,,,,,
2021-02-02,0.0017694766905488022,0.88191,0.88073,,,,,,,,,,,,,,,,,,
2021-02-03,0.0017314464840575358,0.88046,0.88066,,,,,,,,,,,,,,,,,,
2021-02-04,0.0017005785753432309,0.8757,0.87563,,,,,,,,,,,,,,,,,,
2021-02-05,0.001681473838071858,0.87587,0.87664,,,,,,,,,,,,,,,,,,
2021-02-08,0.0020455045211914265,0.87906,0.87677,,,,,,,,,,,,,,,,,,
2021-02-09,0.001964333998569214,0.87792,0.87734,,,,,,,,,,,,,,,,,,
2021-02-10,0.0019129679255225616,0.87574,0.87617,,,,,,,,,,,,,,,,,,
2021-02-11,0.0018694033657619626,0.87761,0.87817,,,,,,,,,,,,,,,,,,
2021-02-12,0.0018479177819903361,0.87595,0.8749,,,,,,,,,,,,,,,,,,
2021-02-15,0.0018714425246618967,0.87242,0.87249,,,,,,,,,,,,,,,,,,
2021-02-16,0.001884712859400714,0.87214,0.87035,,,,,,,,,,,,,,,,,,
2021-02-17,0.0018644411193955446,0.86892,0.86928,,,,,,,,,,,,,,,,,,
2021-02-18,0.00181948176187741,0.86466,0.86511,,,,,,,,,,,,,,,,,,
2021-02-19,0.0017839560852775905,0.86465,0.86487,,,,,,,,,,,,,,,,,,
2021-02-22,0.0017991734112659445,0.86483,0.86382,,,,,,,,,,,,,,,,,,
2021-02-23,0.0017272054723989475,0.86299,0.86185,,,,,,,,,,,,,,,,,,
2021-02-24,0.0016887650860153449,0.86065,0.86098,,,,,,,,,,,,,,,,,,
2021-02-25,0.0018811835923043091,0.86353,0.86826,159.0,0.002879363673010085,0.86602,0.86619,0.86613,0.8666,179.0,0.003975734794783168,0.86697,0.86727,,,,,,,,
2021-02-26,0.0018542027782707205,0.86838,0.86628,,,,,,,,,,,,,,,,,,
2021-03-01,0.002370775545238882,0.86441,0.8651,,,,,,,,,,,,,,,,,,
2021-03-02,0.002313097781437775,0.86478,0.86476,,,,,,,,,,,,,,,,,,
2021-03-03,0.002259424443638504,0.86261,0.86402,80.0,0.0037028079473842563,0.86581,0.86537,0.86534,0.86542,,,,,,,,,,,,
2021-03-04,0.0021924224315807844,0.8621,0.8613,,,,,,,,,,,,,,,,,,
2021-03-05,0.002148737476195844,0.86166,0.86166,,,,,,,,,,,,,,,,,,
2021-03-08,0.0021275159837424143,0.8572,0.85672,,,,,,,,,,,,,,,,,,
2021-03-09,0.0020089420029149943,0.85628,0.85568,,,,,,,,,,,,,,,,,,
2021-03-10,0.002057190220599129,0.85642,0.85626,,,,,,,,,,,,,,,,,,
2021-03-11,0.0020002286185619132,0.85588,0.85703,,,,,,,,,,,,,,,,,,
2021-03-12,0.001951274987802003,0.85879,0.85811,,,,,,,,,,,,,,,,,,
2021-03-15,0.0019002815312513762,0.85641,0.85877,143.0,0.00298476360986686,0.85897,0.85889,0.85965,0.8597,149.0,0.0038342577464954425,0.8597,0.85963,0.85955,0.85941,,,,,,
2021-03-16,0.001841239139024738,0.85916,0.85627,129.0,-0.0028907144336931187,0.85668,0.85647,0.85668,0.8564,,,,,,,,,,,,
2021-03-17,0.0018181502071479738,0.8565,0.85793,,,,,,,,,,,,,,,,,,
2021-03-18,0.0018423221833568583,0.8555,0.85558,,,,,,,,,,,,,,,,,,
2021-03-19,0.0018027207633754335,0.85678,0.85838,,,,,,,,,,,,,,,,,,
2021-03-22,0.0017751285671926346,0.86098,0.86142,,,,,,,,,,,,,,,,,,
2021-03-23,0.0017268727436629285,0.86193,0.86144,,,,,,,,,,,,,,,,,,
2021-03-24,0.001716459442150381,0.86274,0.8619,,,,,,,,,,,,,,,,,,
2021-03-25,0.0016938682700686077,0.86054,0.85683,171.0,-0.0025831088447032715,0.85832,0.85823,0.85813,,,,,,,,,,,,,
2021-03-26,0.0016578498452134369,0.85509,0.85556,,,,,,,,,,,,,,,,,,
2021-03-29,0.0018987986898751405,0.85085,0.85374,114.0,0.0029456484997816878,0.85336,0.85309,0.85306,0.85357,144.0,0.003906094595374968,0.85418,0.85405,0.85415,0.8537,,,,,,
2021-03-30,0.0018197601925177627,0.85459,0.85381,,,,,,,,,,,,,,,,,,
2021-03-31,0.0017819919730053969,0.85185,0.85132,,,,,,,,,,,,,,,,,,
2021-04-01,0.0017509319400989946,0.85163,0.85126,128.0,-0.0026337154117002,0.84939,0.84941,0.84955,0.84976,,,,,,,,,,,,
2021-04-02,0.0017468379268521749,0.85131,0.85081,,,,,,,,,,,,,,,,,,
2021-04-05,0.0017079661841870356,0.8479,0.84923,,,,,,,,,,,,,,,,,,
2021-04-06,0.0016387055770960507,0.85387,0.85572,,,,,,,,,,,,,,,,,,
2021-04-07,0.001607096587845443,0.86075,0.86399,53.0,0.002610588864794787,0.863,0.86305,0.86369,0.86383,56.0,0.0033634919206602144,0.86365,0.86372,0.86366,0.86376,78.0,0.004150538107655143,0.86433,0.86412,0.86416,0.8648
2021-04-08,0.00200502960536718,0.8629,0.86646,155.0,0.0030201190502753194,0.86551,0.86545,0.86557,0.86577,177.0,0.004221001381122353,0.86655,0.86671,,,,,,,,
2021-04-09,0.0020460323904829994,0.86675,0.8664,,,,,,,,,,,,,,,,,,
2021-04-12,0.0020600807839396954,0.86507,0.86657,,,,,,,,,,,,,,,,,,
2021-04-13,0.0019588590750380967,0.86671,0.86867,65.0,0.0029838559935131963,0.8693,0.86949,0.87034,0.87002,68.0,0.004673443595967905,0.87077,0.87057,0.86995,0.86982,,,,,,
2021-04-14,0.0019503770196296966,0.86952,0.86839,,,,,,,,,,,,,,,,,,
2021-04-15,0.0019472938871826504,0.86773,0.86824,,,,,,,,,,,,,,,,,,
2021-04-16,0.001897688626527374,0.86828,0.86639,,,,,,,,,,,,,,,,,,
2021-04-19,0.0018523645943532678,0.86421,0.86054,89.0,-0.002780966091649371,0.86181,0.86182,0.86185,0.8612,156.0,-0.0037561342112777006,0.86097,0.861,0.86074,0.8602,171.0,-0.004650874476759162,0.8602,0.86015,0.85909,
2021-04-20,0.0018345342989642254,0.86263,0.86313,,,,,,,,,,,,,,,,,,
2021-04-21,0.0018399359524529306,0.86252,0.86332,,,,,,,,,,,,,,,,,,
2021-04-22,0.001834567404535929,0.86712,0.86711,58.0,0.00279846094635707,0.86955,0.8699,0.86974,0.86931,,,,,,,,,,,,
2021-04-23,0.0017901562016564116,0.86846,0.87167,87.0,0.0029319296414363942,0.87101,0.87096,0.87066,0.87068,,,,,,,,,,,,
2021-04-26,0.0018120468729426568,0.86968,0.86986,,,,,,,,,,,,,,,,,,
2021-04-27,0.0018067820431212805,0.86914,0.86818,,,,,,,,,,,,,,,,,,
2021-04-28,0.001781784874522582,0.86983,0.86943,,,,,,,,,,,,,,,,,,
2021-04-29,0.001746136070779302,0.86932,0.86804,,,,,,,,,,,,,,,,,,
2021-04-30,0.0017091533724815612,0.86871,0.8696,62.0,0.0031606133759975222,0.87146,0.87107,0.87113,0.87107,,,,,,,,,,,,
2021-05-03,0.0016760758779305741,0.86844,0.86686,,,,,,,,,,,,,,,,,,
2021-05-04,0.0016116467953893672,0.86704,0.86597,,,,,,,,,,,,,,,,,,
2021-05-05,0.001608847021961922,0.86342,0.86258,,,,,,,,,,,,,,,,,,
2021-05-06,0.001646661186240692,0.86573,0.86797,62.0,0.0025034189917129547,0.8679,0.8679,0.86786,0.86754,108.0,0.0033556884986546756,0.86864,0.86857,0.86824,0.8686,129.0,0.004264742857113717,0.86943,0.86933,0.86945,0.86936
2021-05-07,0.0016174311058294584,0.86788,0.8688,,,,,,,,,,,,,,,,,,
2021-05-10,0.0016919867180027308,0.86212,0.85996,53.0,-0.0027179295435185522,0.85978,0.85986,0.86008,0.86084,,,,,,,,,,,,
2021-05-11,0.0016810917391778127,0.85994,0.85997,,,,,,,,,,,,,,,,,,
2021-05-12,0.0019266333278360344,0.85755,0.85747,,,,,,,,,,,,,,,,,,
2021-05-13,0.001878458369398474,0.86098,0.86018,,,,,,,,,,,,,,,,,,
2021-05-14,0.001831943856425641,0.86091,0.86134,,,,,,,,,,,,,,,,,,
2021-05-17,0.001798855850778055,0.86214,0.86037,,,,,,,,,,,,,,,,,,
2021-05-18,0.001721930393520906,0.86004,0.86029,,,,,,,,,,,,,,,,,,
2021-05-19,0.0017351924067506555,0.86212,0.86217,,,,,,,,,,,,,,,,,,
2021-05-20,0.001764108988482274,0.86358,0.86187,,,,,,,,,,,,,,,,,,
2021-05-21,0.0017352585163140299,0.85908,0.86017,,,,,,,,,,,,,,,,,,
2021-05-24,0.0016996841049632108,0.86441,0.86296,,,,,,,,,,,,,,,,,,
2021-05-25,0.0016600858443339447,0.86527,0.86619,,,,,,,,,,,,,,,,,,
2021-05-26,0.0016464255896859823,0.86351,0.86376,,,,,,,,,,,,,,,,,,
2021-05-27,0.0016510831788503853,0.86043,0.86032,,,,,,,,,,,,,,,,,,
2021-05-28,0.001628460672374001,0.85824,0.8594,161.0,0.002664697842100783,0.86053,0.8606,0.8604,0.85995,,,,,,,,,,,,
2021-06-01,0.0017455648133571375,0.86259,0.86393,,,,,,,,,,,,,,,,,,
2021-06-02,0.0016398847930563358,0.8614,0.86155,,,,,,,,,,,,,,,,,,
2021-06-03,0.0017277223112089667,0.85891,0.85991,,,,,,,,,,,,,,,,,,
2021-06-04,0.0017098080424576391,0.85709,0.85888,,,,,,,,,,,,,,,,,,
2021-06-07,0.0016967133020172034,0.85818,0.86047,,,,,,,,,,,,,,,,,,
2021-06-08,0.001639607493339499,0.86079,0.86094,,,,,,,,,,,,,,,,,,
2021-06-09,0.0016071280735849918,0.86027,0.86262,56.0,0.002588855442673082,0.8625,0.86265,0.86276,0.86292,84.0,0.0032610932083426422,0.86308,0.86322,0.86281,0.86276,118.0,0.004025504127995817,0.86374,0.8637,0.86336,0.86341
2021-06-10,0.0015770411954322047,0.86308,0.85935,64.0,-0.0024128822434535606,0.861,0.86112,0.86119,0.86082,87.0,-0.003691283254333489,0.8599,0.85995,0.85994,0.85997,,,,,,
2021-06-11,0.0015740842996874549,0.85713,0.85748,,,,,,,,,,,,,,,,,,
2021-06-14,0.001578306879497051,0.8591,0.85893,,,,,,,,,,,,,,,,,,
2021-06-15,0.0015489848451199716,0.86198,0.86127,,,,,,,,,,,,,,,,,,
2021-06-16,0.001544741018100612,0.85828,0.8588,,,,,,,,,,,,,,,,,,
2021-06-17,0.0015349597758854284,0.85565,0.85588,,,,,,,,,,,,,,,,,,
2021-06-18,0.0015903502330659855,0.85758,0.8594,,,,,,,,,,,,,,,,,,
2021-06-21,0.001581659311113808,0.85713,0.85596,,,,,,,,,,,,,,,,,,
2021-06-22,0.0016067792910919268,0.85554,0.85552,,,,,,,,,,,,,,,,,,
2021-06-23,0.0016337224286019016,0.85454,0.85485,,,,,,,,,,,,,,,,,,
2021-06-24,0.0016016374902112402,0.85804,0.85758,,,,,,,,,,,,,,,,,,
2021-06-25,0.0015928100497172644,0.85927,0.8591,,,,,,,,,,,,,,,,,,
2021-06-28,0.001614966096916728,0.85711,0.85913,,,,,,,,,,,,,,,,,,
2021-06-29,0.0015933120823521717,0.85978,0.85983,,,,,,,,,,,,,,,,,,
2021-06-30,0.0015641410068074312,0.85774,0.85838,,,,,,,,,,,,,,,,,,
2021-07-01,0.00153649756131647,0.86003,0.86033,,,,,,,,,,,,,,,,,,
2021-07-02,0.0015258785980683965,0.86017,0.85895,,,,,,,,,,,,,,,,,,
2021-07-05,0.001537591499930195,0.85667,0.85657,,,,,,,,,,,,,,,,,,
2021-07-06,0.0015252163117366363,0.85451,0.85667,137.0,0.0023377878819362376,0.85651,0.85661,0.8567,0.85661,,,,,,,,,,,,
2021-07-07,0.0015315643133097842,0.85479,0.85563,165.0,0.002337022996622249,0.85679,0.85672,0.85673,0.85636,,,,,,,,,,,,
2021-07-08,0.0015217387244442692,0.86002,0.86008,,,,,,,,,,,,,,,,,,
2021-07-09,0.00150706052274796,0.85802,0.85675,105.0,-0.0022869420963434763,0.85606,0.85585,0.85624,0.85651,,,,,,,,,,,,
2021-07-12,0.0015809970617733872,0.85521,0.85399,,,,,,,,,,,,,,,,,,
2021-07-13,0.001695386467754949,0.85491,0.85308,,,,,,,,,,,,,,,,,,
2021-07-14,0.0016605477268614357,0.85123,0.85366,,,,,,,,,,,,,,,,,,
2021-07-15,0.0016380355740812829,0.8512,0.85263,83.0,0.0026398396229621616,0.85345,0.85335,0.85343,0.85323,,,,,,,,,,,,
2021-07-16,0.0016535772289404513,0.85366,0.85677,132.0,0.0027140233313190302,0.85598,0.85596,0.8559,0.85637,145.0,0.0034964457274938273,0.85665,0.85637,0.85614,0.85673,,,,,,
2021-07-19,0.0016335642340373345,0.8587,0.86231,67.0,0.00248903905094518,0.86084,0.86062,0.86072,0.86125,85.0,0.003371508163739752,0.8616,0.86163,0.86195,0.86155,123.0,0.004264795229294825,0.86237,0.86246,0.86236,0.8638
2021-07-20,0.001651807937244369,0.86521,0.86505,,,,,,,,,,,,,,,,,,
2021-07-21,0.0017015565216798123,0.86373,0.86143,134.0,-0.0025619489451303074,0.86152,0.86148,0.86138,0.86194,,,,,,,,,,,,
2021-07-22,0.0017067184600246261,0.85614,0.85584,94.0,0.0025663772193164056,0.85834,0.85883,0.85841,0.85817,,,,,,,,,,,,
2021-07-23,0.0017750336316118248,0.85638,0.85534,,,,,,,,,,,,,,,,,,
2021-07-26,0.0018817276245178065,0.85464,0.85388,,,,,,,,,,,,,,,,,,
2021-07-27,0.0017930128563787679,0.85477,0.85203,177.0,-0.0027413325508507105,0.85243,0.85183,,,180.0,-0.0038564150357666064,0.85148,,,,,,,,,
2021-07-28,0.0017816456800646093,0.85069,0.85048,,,,,,,,,,,,,,,,,,
2021-07-29,0.0017746722251243336,0.85017,0.85104,,,,,,,,,,,,,,,,,,
2021-07-30,0.0017342835345747908,0.85166,0.85275,,,,,,,,,,,,,,,,,,
2021-08-02,0.001696047386707467,0.85542,0.85504,,,,,,,,,,,,,,,,,,
2021-08-03,0.001653790821221698,0.85344,0.85278,,,,,,,,,,,,,,,,,,
2021-08-04,0.001621041166692996,0.85197,0.85111,,,,,,,,,,,,,,,,,,
2021-08-05,0.0016149001187141536,0.85114,0.84997,,,,,,,,,,,,,,,,,,
2021-08-06,0.0015840812922122245,0.84813,0.84789,,,,,,,,,,,,,,,,,,
2021-08-09,0.0016188888776726006,0.84766,0.84816,,,,,,,,,,,,,,,,,,
2021-08-10,0.001583362851973945,0.84561,0.84682,,,,,,,,,,,,,,,,,,
2021-08-11,0.0015548317087815953,0.84705,0.84637,,,,,,,,,,,,,,,,,,
2021-08-12,0.0015284618853283458,0.8475,0.84831,,,,,,,,,,,,,,,,,,
2021-08-13,0.0015138934932246123,0.85099,0.85128,,,,,,,,,,,,,,,,,,
2021-08-16,0.001577132694119813,0.8488,0.85027,106.0,0.002424015401536206,0.85086,0.85081,0.8507,0.85116,,,,,,,,,,,,
2021-08-17,0.0015246159143735543,0.85304,0.85261,,,,,,,,,,,,,,,,,,
2021-08-18,0.001503451178713937,0.85132,0.85105,,,,,,,,,,,,,,,,,,
2021-08-19,0.0014813064199504697,0.85546,0.8552,,,,,,,,,,,,,,,,,,
2021-08-20,0.0014648175216796875,0.85722,0.85796,,,,,,,,,,,,,,,,,,
2021-08-23,0.001695558554868808,0.85637,0.85525,,,,,,,,,,,,,,,,,,
2021-08-24,0.001632545700412105,0.85505,0.85637,50.0,0.0024646521958187942,0.85716,0.85714,0.857,0.85683,,,,,,,,,,,,
2021-08-25,0.001658350530710756,0.85597,0.85672,,,,,,,,,,,,,,,,,,
2021-08-26,0.0016249250734965079,0.857,0.85771,,,,,,,,,,,,,,,,,,
2021-08-27,0.0015937029630605896,0.85746,0.85662,,,,,,,,,,,,,,,,,,
2021-08-30,0.0016227194870367572,0.8575,0.85735,,,,,,,,,,,,,,,,,,
2021-08-31,0.0015768188067809437,0.85867,0.85832,,,,,,,,,,,,,,,,,,
2021-09-01,0.0015491958907800241,0.85864,0.85943,,,,,,,,,,,,,,,,,,
2021-09-02,0.0015381519317959522,0.85902,0.8578,,,,,,,,,,,,,,,,,,
2021-09-03,0.0015128566458784687,0.85831,0.85724,176.0,-0.0023328794800648676,0.85631,0.85629,,,,,,,,,,,,,,
2021-09-06,0.001496572674400571,0.85671,0.85802,,,,,,,,,,,,,,,,,,
2021-09-07,0.0014718399129108192,0.86101,0.85916,,,,,,,,,,,,,,,,,,
2021-09-08,0.001453067958139125,0.85857,0.85876,,,,,,,,,,,,,,,,,,
2021-09-09,0.001453021729333603,0.8557,0.85373,96.0,-0.00224629806413263,0.85378,0.85383,0.85402,0.85357,148.0,-0.0029493022642435684,0.85318,0.85319,0.85277,0.85267,158.0,-0.00381702197488401,0.85244,0.85241,0.85267,0.85307
2021-09-10,0.0014352232247349054,0.85224,0.85362,162.0,0.0021566889132170718,0.85408,0.85396,0.85394,0.85413,,,,,,,,,,,,
2021-09-13,0.0015477408549358384,0.85152,0.85298,139.0,0.00235770321233143,0.85353,0.8535,0.85356,0.85336,,,,,,,,,,,,
2021-09-14,0.0015019391367438342,0.85243,0.85382,,,,,,,,,,,,,,,,,,
2021-09-15,0.001478740956232349,0.85504,0.85362,114.0,-0.002318366473679176,0.85306,0.85292,0.85325,0.85343,,,,,,,,,,,,
2021-09-16,0.0014949309173948305,0.8505,0.85345,72.0,0.0024426345611326815,0.85258,0.85237,0.85257,0.85254,107.0,0.0030523620787325646,0.8531,0.85327,0.85336,0.85355,123.0,0.0038139990490832464,0.85375,0.85379,0.85387,0.85376
2021-09-17,0.001492782269327792,0.8541,0.85318,,,,,,,,,,,,,,,,,,
2021-09-20,0.0014736675501925871,0.85703,0.85894,,,,,,,,,,,,,,,,,,
2021-09-21,0.0014384098324291634,0.85855,0.85815,,,,,,,,,,,,,,,,,,
2021-09-22,0.0015187353587162264,0.85954,0.85877,,,,,,,,,,,,,,,,,,
2021-09-23,0.001494176975977251,0.8541,0.85365,,,,,,,,,,,,,,,,,,
2021-09-24,0.0014716583010713422,0.85656,0.85624,,,,,,,,,,,,,,,,,,
2021-09-27,0.001505896548305368,0.85445,0.85344,,,,,,,,,,,,,,,,,,
2021-09-28,0.0014699857851561806,0.85958,0.86303,40.0,0.00322891902776789,0.86236,0.86272,0.86259,0.8624,40.0,0.00322891902776789,0.86236,0.86272,0.86259,0.8624,122.0,0.004214100815524532,0.86321,0.86309,0.86315,0.86338
2021-09-29,0.0015642313649636079,0.8636,0.8641,132.0,0.0024749338965670887,0.86574,0.86551,0.86547,0.86531,,,,,,,,,,,,
2021-09-30,0.0020310060122051003,0.86047,0.85927,,,,,,,,,,,,,,,,,,
2021-10-01,0.0019759901486388134,0.85666,0.85475,,,,,,,,,,,,,,,,,,
2021-10-04,0.0019539032814185273,0.85509,0.85424,,,,,,,,,,,,,,,,,,
2021-10-05,0.0019903789867894944,0.85157,0.85112,,,,,,,,,,,,,,,,,,
2021-10-06,0.001991086723296676,0.8501,0.85091,,,,,,,,,,,,,,,,,,
2021-10-07,0.0019533535599161123,0.84983,0.84793,,,,,,,,,,,,,,,,,,
2021-10-08,0.0019051806125693156,0.84867,0.8491,,,,,,,,,,,,,,,,,,
2021-10-11,0.001880268919994772,0.84865,0.84942,,,,,,,,,,,,,,,,,,
2021-10-12,0.0018072322848906998,0.848,0.84822,,,,,,,,,,,,,,,,,,
2021-10-13,0.0017796287046224957,0.84907,0.84766,,,,,,,,,,,,,,,,,,
2021-10-14,0.0017468390258340515,0.84601,0.84688,,,,,,,,,,,,,,,,,,
2021-10-15,0.001708146211948245,0.84371,0.84265,,,,,,,,,,,,,,,,,,
2021-10-18,0.0016713280161475242,0.84443,0.84583,,,,,,,,,,,,,,,,,,
2021-10-19,0.001704151604192824,0.84309,0.84256,,,,,,,,,,,,,,,,,,
2021-10-20,0.0017008920680687799,0.84569,0.8425,150.0,-0.0026522387878829996,0.84345,0.84355,0.84346,0.84346,173.0,-0.0035537061055048477,0.84269,0.84284,0.84309,,,,,,,
2021-10-21,0.0017145299679300278,0.84267,0.84286,,,,,,,,,,,,,,,,,,
2021-10-22,0.0016792093423671287,0.84374,0.84628,162.0,0.002639507719905533,0.84597,0.84582,0.84575,0.84555,,,,,,,,,,,,
2021-10-25,0.0016460085245605148,0.84391,0.84294,,,,,,,,,,,,,,,,,,
2021-10-26,0.001632675241351341,0.84131,0.84175,,,,,,,,,,,,,,,,,,
2021-10-27,0.0016556578162361933,0.84489,0.8443,,,,,,,,,,,,,,,,,,
2021-10-28,0.0016250404502416577,0.84333,0.84658,46.0,0.0026999199320493516,0.84561,0.84525,0.84505,0.84546,126.0,0.003586460531613208,0.84636,0.84651,0.84637,0.84624,,,,,,
2021-10-29,0.0016400643137684167,0.84498,0.84393,,,,,,,,,,,,,,,,,,
2021-11-01,0.0016233907015517763,0.8457,0.84856,,,,,,,,,,,,,,,,,,
2021-11-02,0.0015807955674367893,0.84943,0.85088,,,,,,,,,,,,,,,,,,
2021-11-03,0.0017286441236766396,0.84804,0.84775,,,,,,,,,,,,,,,,,,
2021-11-04,0.0016907029875803253,0.85342,0.85557,163.0,0.0025979207852275966,0.85564,0.85571,0.8561,0.85569,169.0,0.00341568739349387,0.85634,0.85613,0.85593,,,,,,,
2021-11-05,0.0016618092038657361,0.85632,0.8563,,,,,,,,,,,,,,,,,,
2021-11-08,0.0018883480241204287,0.85433,0.85466,,,,,,,,,,,,,,,,,,
2021-11-09,0.0018112477638205357,0.85518,0.85441,,,,,,,,,,,,,,,,,,
2021-11-10,0.0018146165311408258,0.85566,0.85555,,,,,,,,,,,,,,,,,,
2021-11-11,0.0017717658300445928,0.85438,0.85655,93.0,0.0027467567573075608,0.85673,0.85678,0.85682,0.85675,,,,,,,,,,,,
2021-11-12,0.0017448324460898044,0.8543,0.85293,,,,,,,,,,,,,,,,,,
2021-11-15,0.0017058169111935147,0.85165,0.84819,180.0,-0.0026101080023781006,0.84943,,,,,,,,,,,,,,,
2021-11-16,0.0016940662748694789,0.84432,0.84353,,,,,,,,,,,,,,,,,,
2021-11-17,0.001823056848720852,0.83991,0.83907,,,,,,,,,,,,,,,,,,
2021-11-18,0.0019916192449747393,0.84141,0.84224,,,,,,,,,,,,,,,,,,
2021-11-19,0.0019603245563854454,0.83976,0.83961,,,,,,,,,,,,,,,,,,
2021-11-22,0.0019429908557099494,0.83919,0.83994,,,,,,,,,,,,,,,,,,
2021-11-23,0.0018879676532997584,0.84149,0.84137,,,,,,,,,,,,,,,,,,
2021-11-24,0.001840687057618328,0.83915,0.84023,,,,,,,,,,,,,,,,,,
2021-11-25,0.0018105541456149563,0.84261,0.84114,,,,,,,,,,,,,,,,,,
2021-11-26,0.001768311104798221,0.84642,0.84768,106.0,0.002866801942176521,0.84885,0.84901,0.84849,0.84855,151.0,0.0035851631674326035,0.84946,0.84936,0.84918,0.84911,,,,,,
2021-11-29,0.0017872316322268408,0.8455,0.84713,,,,,,,,,,,,,,,,,,
2021-11-30,0.001809848976903467,0.85186,0.85276,110.0,-0.002727167553668082,0.84954,0.8492,0.85071,0.85206,113.0,-0.0037635591197591207,0.84866,0.84956,0.85081,0.85223,,,,,,
2021-12-01,0.001798708868038387,0.84971,0.85109,96.0,0.002738359284242925,0.85204,0.85207,0.85198,0.85159,,,,,,,,,,,,
2021-12-02,0.0017914167924877522,0.85128,0.84978,,,,,,,,,,,,,,,,,,
2021-12-03,0.001762711742842333,0.85109,0.85445,79.0,0.0026518989515230207,0.85335,0.85315,0.85328,0.85281,135.0,0.0035538182264699624,0.85412,0.85409,0.85408,0.85397,,,,,,
2021-12-06,0.0017454392236462587,0.8515,0.851,,,,,,,,,,,,,,,,,,
2021-12-07,0.0018116788941014283,0.84983,0.84991,,,,,,,,,,,,,,,,,,
2021-12-08,0.0018244619903236058,0.8562,0.8571,,,,,,,,,,,,,,,,,,
2021-12-09,0.001802126764538111,0.85698,0.85428,111.0,-0.002734253464960159,0.85464,0.85478,0.85439,0.8549,,,,,,,,,,,,
2021-12-10,0.001972691931373711,0.85352,0.85284,,,,,,,,,,,,,,,,,,
2021-12-13,0.0019844409002041053,0.85114,0.85474,179.0,0.002979788927180735,0.85368,0.85377,,,,,,,,,,,,,,
2021-12-14,0.001902944017350466,0.85444,0.85194,113.0,-0.0029771345406791857,0.8519,0.85198,0.85158,0.85211,149.0,-0.003987152595466519,0.85104,0.85127,0.85136,0.85183,,,,,,
2021-12-15,0.0018733034000506207,0.85044,0.85213,,,,,,,,,,,,,,,,,,
2021-12-16,0.0018914790258436189,0.85056,0.84983,112.0,-0.002849239579870756,0.84814,0.84811,0.84816,0.84878,,,,,,,,,,,,
2021-12-17,0.0018492977277449003,0.85076,0.84963,,,,,,,,,,,,,,,,,,
2021-12-20,0.0018129838415591015,0.85297,0.85405,,,,,,,,,,,,,,,,,,
2021-12-21,0.0017718773869791888,0.85176,0.85034,,,,,,,,,,,,,,,,,,
2021-12-22,0.0017953914447746454,0.84862,0.8482,,,,,,,,,,,,,,,,,,
2021-12-23,0.00181642731910847,0.84252,0.84487,,,,,,,,,,,,,,,,,,
2021-12-24,0.0017800044907819175,0.84445,0.84419,,,,,,,,,,,,,,,,,,
2021-12-27,0.0018303193184245092,0.84254,0.84275,,,,,,,,,,,,,,,,,,
2021-12-28,0.0017811381272808534,0.84131,0.84161,,,,,,,,,,,,,,,,,,
2021-12-29,0.0017462656776569717,0.841,0.84094,,,,,,,,,,,,,,,,,,
2021-12-30,0.0017222021588731546,0.83825,0.83896,,,,,,,,,,,,,,,,,,
2021-12-31,0.0016933570718528127,0.84029,0.84109,,,,,,,,,,,,,,,,,,
2022-01-03,0.0016782885992974435,0.84162,0.8376,143.0,-0.0025459534304145648,0.83948,0.83955,0.83916,0.83873,158.0,-0.00343976296549182,0.83873,0.83883,0.83855,0.83799,173.0,-0.004322438722977248,0.83799,0.83786,0.83822,
2022-01-04,0.001601260989331009,0.83451,0.83422,,,,,,,,,,,,,,,,,,
2022-01-05,0.0015776605109728288,0.83557,0.83464,,,,,,,,,,,,,,,,,,
2022-01-06,0.0016551490727566278,0.8357,0.83483,,,,,,,,,,,,,,,,,,
2022-01-07,0.0016358963586031938,0.83493,0.83638,,,,,,,,,,,,,,,,,,
2022-01-10,0.0016279455552036986,0.83352,0.83534,,,,,,,,,,,,,,,,,,
2022-01-11,0.0015767120482664066,0.83448,0.83386,,,,,,,,,,,,,,,,,,
2022-01-12,0.0015468140709356882,0.83419,0.83498,,,,,,,,,,,,,,,,,,
2022-01-13,0.0015195442697054852,0.83481,0.83586,,,,,,,,,,,,,,,,,,
2022-01-14,0.0014937685482282043,0.83494,0.83503,,,,,,,,,,,,,,,,,,
2022-01-17,0.0014816119044527547,0.83508,0.83597,,,,,,,,,,,,,,,,,,
2022-01-18,0.001453321826579145,0.83665,0.83391,136.0,-0.0022016688921776065,0.83481,0.83458,0.83437,0.83439,143.0,-0.0029206537166219506,0.83421,0.83426,0.8343,0.83456,,,,,,
2022-01-19,0.0014379602592509819,0.83224,0.83255,,,,,,,,,,,,,,,,,,
2022-01-20,0.001479249626048279,0.8325,0.83125,104.0,-0.002236733859400343,0.83064,0.83058,0.8309,0.83098,,,,,,,,,,,,
2022-01-21,0.00145506766539104,0.83626,0.83676,,,,,,,,,,,,,,,,,,
2022-01-24,0.0014313515206451843,0.83823,0.8418,70.0,0.0021807920267267063,0.84006,0.84006,0.8399,0.83967,130.0,0.003001824789216817,0.84075,0.84077,0.84063,0.8409,156.0,0.0036439022886245675,0.84129,0.84121,0.84116,0.84131
2022-01-25,0.001464369880596892,0.83722,0.83627,,,,,,,,,,,,,,,,,,
2022-01-26,0.001531375554787504,0.83534,0.83485,,,,,,,,,,,,,,,,,,
2022-01-27,0.0015595840735071421,0.83335,0.8328,,,,,,,,,,,,,,,,,,
2022-01-28,0.0015394041942154593,0.83178,0.83282,,,,,,,,,,,,,,,,,,
2022-01-31,0.0015869808022360818,0.83289,0.83497,114.0,0.0023864213223908372,0.83488,0.83532,0.8354,0.83511,121.0,0.00328435075758391,0.83563,0.83511,0.8349,0.83473,,,,,,
2022-02-01,0.0015280483557233552,0.83476,0.83253,117.0,-0.002482834343902659,0.83269,0.83278,0.83284,0.83267,172.0,-0.0031796147661347462,0.83211,0.83203,0.83211,,,,,,,
2022-02-02,0.0015836683109589963,0.83417,0.83298,,,,,,,,,,,,,,,,,,
2022-02-03,0.0015741023211803126,0.83728,0.84091,83.0,0.002445411898521427,0.83933,0.83885,0.83856,0.83869,147.0,0.0031719180908912174,0.83994,0.84042,0.84051,0.8403,151.0,0.004052545535313849,0.84068,0.84051,0.84013,0.84013
2022-02-04,0.0015447019480987732,0.84621,0.84643,57.0,-0.0023307413905311017,0.84424,0.84396,0.84413,0.84455,,,,,,,,,,,,
2022-02-07,0.0019781334593936472,0.84613,0.8447,,,,,,,,,,,,,,,,,,
2022-02-08,0.001927444690529543,0.84257,0.84311,,,,,,,,,,,,,,,,,,
2022-02-09,0.0018836895813932931,0.84223,0.84475,,,,,,,,,,,,,,,,,,
2022-02-10,0.0018565852537617735,0.84202,0.8422,,,,,,,,,,,,,,,,,,
2022-02-11,0.0018252757404296563,0.83916,0.83785,,,,,,,,,,,,,,,,,,
2022-02-14,0.0018285305892269308,0.8363,0.83571,,,,,,,,,,,,,,,,,,
2022-02-15,0.0018790203605107661,0.83836,0.83946,,,,,,,,,,,,,,,,,,
2022-02-16,0.0018483959067382854,0.83852,0.8375,,,,,,,,,,,,,,,,,,
2022-02-17,0.0018203394887859885,0.83415,0.83365,,,,,,,,,,,,,,,,,,
2022-02-18,0.0018006070436862945,0.83398,0.83352,,,,,,,,,,,,,,,,,,
2022-02-21,0.0017619850382698916,0.8327,0.83282,,,,,,,,,,,,,,,,,,
2022-02-22,0.0017301158557483066,0.83704,0.8338,115.0,-0.0026078129498872137,0.83486,0.83422,0.83363,0.83445,117.0,-0.00396225013667221,0.83373,0.83329,0.83424,0.83426,118.0,-0.004490138236656369,0.83329,0.83401,0.83426,0.83432
2022-02-23,0.0017356099388540355,0.8342,0.83468,,,,,,,,,,,,,,,,,,
2022-02-24,0.0017098986939883451,0.83553,0.83547,115.0,0.0025699119456572693,0.83768,0.83762,0.83704,0.83581,,,,,,,,,,,,
2022-02-25,0.0016748552104805447,0.83859,0.83974,,,,,,,,,,,,,,,,,,
2022-02-28,0.0016943012785343768,0.83601,0.83669,,,,,,,,,,,,,,,,,,
2022-03-01,0.0018735717089614248,0.8327,0.8344,,,,,,,,,,,,,,,,,,
2022-03-02,0.001830164373507235,0.83159,0.83085,,,,,,,,,,,,,,,,,,
2022-03-03,0.001789708566037317,0.82854,0.82887,,,,,,,,,,,,,,,,,,
2022-03-04,0.002036010449327734,0.8242,0.82573,,,,,,,,,,,,,,,,,,
2022-03-07,0.0019883099611870247,0.82731,0.82925,,,,,,,,,,,,,,,,,,
2022-03-08,0.001929196132077149,0.83242,0.83304,74.0,-0.0030439592537078635,0.82989,0.83023,0.82952,0.82955,78.0,-0.004020468852273301,0.82908,0.82952,0.82928,0.82921,103.0,-0.004840991619548118,0.8284,0.82852,0.82883,0.82952
2022-03-09,0.002006611862330647,0.83693,0.84157,117.0,0.0030422175562133343,0.83948,0.83942,0.8396,0.84057,131.0,0.00429221027853915,0.84053,0.84057,0.84024,0.84085,149.0,0.005077121005514636,0.84119,0.84083,0.8413,0.84082
2022-03-10,0.00202734359914741,0.83978,0.83895,91.0,-0.0031844691736933246,0.83711,0.83726,0.83718,0.83821,,,,,,,,,,,,
2022-03-11,0.002200877016838802,0.83971,0.83684,99.0,-0.003483451181283772,0.83679,0.83687,0.83705,0.83741,,,,,,,,,,,,
2022-03-14,0.0021514883569947164,0.83866,0.84192,175.0,0.0034875797885438845,0.84159,0.84148,0.84164,,,,,,,,,,,,,
2022-03-15,0.0021208961861405406,0.84095,0.83913,,,,,,,,,,,,,,,,,,
2022-03-16,0.002120609805019919,0.83946,0.8391,,,,,,,,,,,,,,,,,,
2022-03-17,0.0020718361239631116,0.8435,0.84521,,,,,,,,,,,,,,,,,,
2022-03-18,0.0020271564418018646,0.8397,0.83852,,,,,,,,,,,,,,,,,,
2022-03-21,0.0020286524647513565,0.83877,0.83655,,,,,,,,,,,,,,,,,,
2022-03-22,0.0020023142682768086,0.83242,0.83119,,,,,,,,,,,,,,,,,,
2022-03-23,0.001989296842313651,0.83264,0.83338,,,,,,,,,,,,,,,,,,
2022-03-24,0.00213993926556349,0.83202,0.83368,163.0,0.0033117380880125853,0.83478,0.83455,0.83488,0.8349,,,,,,,,,,,,
2022-03-25,0.0021155337994414533,0.83378,0.83294,,,,,,,,,,,,,,,,,,
2022-03-28,0.0020853444251177,0.83577,0.83842,116.0,0.0033207541625046725,0.83855,0.83847,0.83851,0.83905,157.0,0.004274327153290967,0.83935,0.83939,0.83937,0.83889,,,,,,
2022-03-29,0.0019993220978364863,0.84367,0.84593,74.0,0.003207008458535086,0.84638,0.84625,0.84602,0.8469,110.0,0.004139960018632141,0.84717,0.84702,0.84749,0.84646,,,,,,
2022-03-30,0.002131825041743718,0.84608,0.84894,,,,,,,,,,,,,,,,,,
2022-03-31,0.0023894812213518402,0.84585,0.84349,,,,,,,,,,,,,,,,,,
2022-04-01,0.002359029428719597,0.84141,0.84209,,,,,,,,,,,,,,,,,,
2022-04-04,0.002533355092189463,0.83964,0.83793,,,,,,,,,,,,,,,,,,
2022-04-05,0.002396439646073084,0.83484,0.83365,,,,,,,,,,,,,,,,,,
2022-04-06,0.002472589306063778,0.83457,0.83407,,,,,,,,,,,,,,,,,,
2022-04-07,0.002434156546252077,0.83393,0.83459,,,,,,,,,,,,,,,,,,
2022-04-08,0.002365818110725923,0.83365,0.8344,,,,,,,,,,,,,,,,,,
2022-04-11,0.00233869588757099,0.83685,0.83447,,,,,,,,,,,,,,,,,,
2022-04-12,0.002263193099270541,0.83379,0.83279,,,,,,,,,,,,,,,,,,
2022-04-13,0.0022039446290375055,0.83354,0.83192,,,,,,,,,,,,,,,,,,
2022-04-14,0.002170230101667441,0.82836,0.82731,103.0,-0.003301111226964275,0.82563,0.82574,0.82621,0.82626,,,,,,,,,,,,
2022-04-15,0.0021365198388811073,0.82764,0.82722,,,,,,,,,,,,,,,,,,
2022-04-18,0.0021546222743934877,0.82888,0.82834,,,,,,,,,,,,,,,,,,
2022-04-19,0.0020536802915298805,0.8294,0.82938,,,,,,,,,,,,,,,,,,
2022-04-20,0.00200112428702525,0.82965,0.83157,165.0,0.0031049198169698644,0.83223,0.83218,0.83253,0.83259,,,,,,,,,,,,
2022-04-21,0.0019551493828418574,0.83505,0.83108,116.0,-0.0029502791781797905,0.83259,0.83236,0.83217,0.83235,,,,,,,,,,,,
2022-04-22,0.0019081658904390186,0.83878,0.83993,,,,,,,,,,,,,,,,,,
2022-04-25,0.001896723577300814,0.84317,0.84281,,,,,,,,,,,,,,,,,,
2022-04-26,0.0021151213784302227,0.84126,0.84493,178.0,0.0032043321468320507,0.84396,0.84395,,,,,,,,,,,,,,
2022-04-27,0.0020687216808847123,0.84185,0.84077,100.0,-0.0032600447681105484,0.83911,0.83921,0.83893,0.8396,,,,,,,,,,,,
2022-04-28,0.0021092135432248804,0.84386,0.84413,,,,,,,,,,,,,,,,,,
2022-04-29,0.002165006291699235,0.83975,0.83859,,,,,,,,,,,,,,,,,,
2022-05-02,0.002131134758040184,0.8373,0.84017,128.0,0.0036717412859401254,0.84038,0.84079,0.84121,0.84165,130.0,0.004361667205750178,0.84096,0.84097,0.84139,0.84151,,,,,,
2022-05-03,0.002099247093386582,0.84097,0.84194,,,,,,,,,,,,,,,,,,
2022-05-04,0.0020597948201168618,0.84151,0.84403,135.0,0.0032033817109269514,0.84421,0.84421,0.84432,0.84403,,,,,,,,,,,,
2022-05-05,0.0020381841517221333,0.85148,0.85194,27.0,0.0031776396141428914,0.85419,0.85443,0.85333,0.85287,,,,,,,,,,,,
2022-05-06,0.0019858318544927903,0.85632,0.85655,103.0,0.0031946301464311467,0.85906,0.85863,0.85822,0.85809,,,,,,,,,,,,
2022-05-09,0.002291180240212601,0.85282,0.85595,173.0,0.0034414577036942055,0.85576,0.85569,0.8555,,,,,,,,,,,,,
2022-05-10,0.002193385423645074,0.8552,0.8552,,,,,,,,,,,,,,,,,,
2022-05-11,0.002134774066212426,0.8536,0.85555,39.0,0.003379942285238479,0.85649,0.85519,0.85597,0.85639,,,,,,,,,,,,
2022-05-12,0.002083277293433541,0.85279,0.85042,,,,,,,,,,,,,,,,,,
2022-05-13,0.0022175809198603886,0.85147,0.85061,,,,,,,,,,,,,,,,,,
2022-05-16,0.002552148059556116,0.84965,0.84909,,,,,,,,,,,,,,,,,,
2022-05-17,0.002414970608813036,0.84389,0.8448,,,,,,,,,,,,,,,,,,
2022-05-18,0.002376841297799646,0.84622,0.84647,,,,,,,,,,,,,,,,,,
2022-05-19,0.0023231096708421625,0.84605,0.84647,,,,,,,,,,,,,,,,,,
2022-05-20,0.002327259539854909,0.8474,0.84521,,,,,,,,,,,,,,,,,,
2022-05-23,0.002262539547758522,0.84721,0.84867,,,,,,,,,,,,,,,,,,
2022-05-24,0.0021924626088267794,0.85735,0.85652,,,,,,,,,,,,,,,,,,
2022-05-25,0.0022319884711932093,0.85328,0.84995,,,,,,,,,,,,,,,,,,
2022-05-26,0.0023034012634363774,0.84998,0.85248,,,,,,,,,,,,,,,,,,
2022-05-27,0.0023378728283484592,0.84877,0.84894,,,,,,,,,,,,,,,,,,
2022-05-30,0.002272863650800457,0.85183,0.85153,,,,,,,,,,,,,,,,,,
2022-05-31,0.0021516949372328022,0.85102,0.85012,,,,,,,,,,,,,,,,,,
2022-06-01,0.0021196676929950567,0.85178,0.85377,,,,,,,,,,,,,,,,,,
2022-06-02,0.002071724045978715,0.85166,0.85472,174.0,0.0032237861068798376,0.85441,0.8544,0.85423,,,,,,,,,,,,,
2022-06-03,0.002055700867213402,0.85419,0.85727,,,,,,,,,,,,,,,,,,
2022-06-06,0.0020154098107874724,0.85365,0.85274,,,,,,,,,,,,,,,,,,
2022-06-07,0.0019411284705928291,0.85337,0.8493,176.0,-0.0029573668149224333,0.85085,0.85085,,,,,,,,,,,,,,
2022-06-08,0.001983418759696738,0.85552,0.85511,,,,,,,,,,,,,,,,,,
2022-06-09,0.0020100260437297896,0.85542,0.85162,25.0,0.0032562483911146877,0.85821,0.85816,0.85811,0.85865,113.0,-0.004029524018535443,0.85198,0.85194,0.85125,0.84976,121.0,-0.005356726576478824,0.85085,0.85059,0.84987,0.84991
2022-06-10,0.0020984611067254937,0.85025,0.8534,173.0,0.0031705052392237833,0.85295,0.85306,0.85329,,,,,,,,,,,,,
2022-06-13,0.002143974970992881,0.85885,0.85761,,,,,,,,,,,,,,,,,,
2022-06-14,0.002077376347470045,0.865,0.86738,132.0,0.003473728399434898,0.86801,0.8677,0.8678,0.86677,,,,,,,,,,,,
2022-06-15,0.0020463149982650553,0.86355,0.86149,,,,,,,,,,,,,,,,,,
2022-06-16,0.002453960341522884,0.85579,0.85339,44.0,-0.004426755091683594,0.85201,0.85189,0.85252,0.85323,,,,,,,,,,,,
2022-06-17,0.002662909398537356,0.85483,0.85826,166.0,0.004225818765203988,0.85845,0.85865,0.8581,,,,,,,,,,,,,
2022-06-20,0.002631294541774355,0.85799,0.86005,,,,,,,,,,,,,,,,,,
2022-06-21,0.0025239527581552355,0.85998,0.85916,,,,,,,,,,,,,,,,,,
2022-06-22,0.002465445383649088,0.85875,0.86175,,,,,,,,,,,,,,,,,,
2022-06-23,0.0023954956450493755,0.85901,0.85843,,,,,,,,,,,,,,,,,,
2022-06-24,0.0023877815876429194,0.85753,0.85878,,,,,,,,,,,,,,,,,,
2022-06-27,0.002395316517916136,0.86206,0.86161,,,,,,,,,,,,,,,,,,
2022-06-28,0.002273967857662148,0.86346,0.8635,,,,,,,,,,,,,,,,,,
2022-06-29,0.0022237611217998856,0.86553,0.86244,,,,,,,,,,,,,,,,,,
2022-06-30,0.002165529723783742,0.8582,0.8609,123.0,-0.0035836683949790485,0.85513,0.85551,0.85577,0.85671,,,,,,,,,,,,
2022-07-01,0.002115573590496638,0.86679,0.86376,,,,,,,,,,,,,,,,,,
2022-07-04,0.0020611063586771254,0.86004,0.86122,,,,,,,,,,,,,,,,,,
2022-07-05,0.001962957653579977,0.85808,0.85962,,,,,,,,,,,,,,,,,,
2022-07-06,0.0019235126889763144,0.85639,0.85444,,,,,,,,,,,,,,,,,,
2022-07-07,0.001930412315036849,0.85079,0.84699,119.0,-0.0030135041816152027,0.84823,0.84809,0.8486,0.84853,,,,,,,,,,,,
2022-07-08,0.0019470529268202433,0.84612,0.84554,,,,,,,,,,,,,,,,,,
2022-07-11,0.002265303763659485,0.84529,0.84716,173.0,0.003507428826734984,0.84826,0.84819,0.84844,,,,,,,,,,,,,
2022-07-12,0.0021529427625483714,0.84791,0.84567,,,,,,,,,,,,,,,,,,
2022-07-13,0.002137155622058429,0.84347,0.84583,132.0,0.003715804710882761,0.84661,0.84652,0.84665,0.84567,,,,,,,,,,,,
2022-07-14,0.0020831977704350007,0.84633,0.84791,,,,,,,,,,,,,,,,,,
2022-07-15,0.002034405706086814,0.8493,0.85096,,,,,,,,,,,,,,,,,,
2022-07-18,0.0020414713835292613,0.84741,0.84746,,,,,,,,,,,,,,,,,,
2022-07-19,0.0019563396177073836,0.85294,0.85155,,,,,,,,,,,,,,,,,,
2022-07-20,0.0019107739101007128,0.85115,0.85225,,,,,,,,,,,,,,,,,,
2022-07-21,0.001912494726402768,0.8547,0.85228,16.0,0.0031773500552822495,0.85742,0.85678,0.85796,0.85834,22.0,0.003923496940926816,0.85806,0.85735,0.85799,0.85755,,,,,,
2022-07-22,0.0018668780623296536,0.85136,0.85099,,,,,,,,,,,,,,,,,,
2022-07-25,0.0018240834911671057,0.84819,0.84796,,,,,,,,,,,,,,,,,,
2022-07-26,0.0017522609664247476,0.84554,0.84049,135.0,-0.0026764265570993636,0.84328,0.8431,0.8429,0.84275,158.0,-0.003578075686875237,0.84252,0.8425,0.84262,0.84168,171.0,-0.004444899544370824,0.84179,0.8418,0.84122,
2022-07-27,0.0018076653408688117,0.84112,0.84049,,,,,,,,,,,,,,,,,,
2022-07-28,0.0019066582754000943,0.83486,0.83809,55.0,0.00299003942372369,0.83736,0.83748,0.83709,0.83691,139.0,0.003956897746881233,0.83817,0.8382,0.83807,0.83799,164.0,0.00482746372934417,0.8389,0.839,0.83861,0.83726
2022-07-29,0.0019189892575018888,0.84011,0.83736,178.0,-0.0029682986275980485,0.83762,0.83825,,,,,,,,,,,,,,
2022-08-01,0.0018753790602820506,0.83685,0.83626,,,,,,,,,,,,,,,,,,
2022-08-02,0.0018012365319531613,0.83682,0.83439,,,,,,,,,,,,,,,,,,
2022-08-03,0.001771632287902512,0.83537,0.8362,,,,,,,,,,,,,,,,,,
2022-08-04,0.0017517405048748699,0.84141,0.84181,,,,,,,,,,,,,,,,,,
2022-08-05,0.0017133445327448546,0.84269,0.84311,70.0,0.002571777068576622,0.84486,0.845,0.84497,0.8448,,,,,,,,,,,,
2022-08-08,0.0018912071097955763,0.84172,0.84376,,,,,,,,,,,,,,,,,,
2022-08-09,0.0018028938214451993,0.8446,0.84587,,,,,,,,,,,,,,,,,,
2022-08-10,0.0017650261254515166,0.84598,0.84381,,,,,,,,,,,,,,,,,,
2022-08-11,0.0017447382700289233,0.84556,0.84521,,,,,,,,,,,,,,,,,,
2022-08-12,0.0017259531678580694,0.84744,0.84544,,,,,,,,,,,,,,,,,,
2022-08-15,0.0017194412825851174,0.84363,0.8425,,,,,,,,,,,,,,,,,,
2022-08-16,0.0016570000902075281,0.84236,0.84161,,,,,,,,,,,,,,,,,,
2022-08-17,0.0016554519869127883,0.84171,0.84489,171.0,0.002491813905024787,0.84381,0.84431,0.8442,,,,,,,,,,,,,
2022-08-18,0.0016715027523956348,0.8436,0.8449,,,,,,,,,,,,,,,,,,
2022-08-19,0.0017468427274632712,0.84904,0.84998,,,,,,,,,,,,,,,,,,
2022-08-22,0.0017123671593495243,0.84704,0.8454,,,,,,,,,,,,,,,,,,
2022-08-23,0.001680583774247814,0.84309,0.84219,,,,,,,,,,,,,,,,,,
2022-08-24,0.0017462926907950561,0.84299,0.84463,179.0,0.002689176802003396,0.84526,0.84535,,,,,,,,,,,,,,
2022-08-25,0.00172741282953185,0.84285,0.84373,,,,,,,,,,,,,,,,,,
2022-08-26,0.0017151534828657917,0.84591,0.84882,90.0,0.0026327455365253902,0.84814,0.84817,0.84822,0.84825,140.0,0.003693328485137673,0.84904,0.84884,0.84886,0.84952,156.0,0.004364449694797091,0.84961,0.84973,0.84975,0.84966
2022-08-29,0.001698161920649012,0.8545,0.85336,,,,,,,,,,,,,,,,,,
2022-08-30,0.001794853365410745,0.85547,0.8601,128.0,0.0028947972264077083,0.85795,0.85813,0.85803,0.85807,154.0,0.0038035280949171237,0.85873,0.8587,0.85919,0.85881,,,,,,
2022-08-31,0.0018368669869371814,0.86039,0.86431,160.0,0.0031100253677338804,0.86307,0.86296,0.86312,0.86366,171.0,0.003747082417466183,0.86362,0.86335,0.86379,,,,,,,
2022-09-01,0.0018980287444674475,0.86474,0.86207,146.0,-0.0028488398093325508,0.86228,0.8623,0.86286,0.86237,,,,,,,,,,,,
2022-09-02,0.002006623458914009,0.86455,0.86592,57.0,0.0031527370022380687,0.86728,0.86745,0.86751,0.86671,,,,,,,,,,,,
2022-09-05,0.0019827827012569837,0.86156,0.86198,,,,,,,,,,,,,,,,,,
2022-09-06,0.0019074671710358458,0.85739,0.85859,,,,,,,,,,,,,,,,,,
2022-09-07,0.0019490526109434412,0.86483,0.86666,110.0,0.0029442178974128748,0.86738,0.86731,0.86779,0.86768,123.0,0.0039582531528879646,0.86826,0.86766,0.86771,0.86824,,,,,,
2022-09-08,0.0019272165491322503,0.86685,0.86701,53.0,0.0030983847545734897,0.86954,0.86968,0.86932,0.86727,,,,,,,,,,,,
2022-09-09,0.0020440823535217627,0.8683,0.86606,,,,,,,,,,,,,,,,,,
2022-09-12,0.002020731934231001,0.86783,0.86586,151.0,-0.0030698235302315897,0.86517,0.86508,0.86511,0.86537,,,,,,,,,,,,
2022-09-13,0.001995170872761987,0.86717,0.86745,,,,,,,,,,,,,,,,,,
2022-09-14,0.0019565900231190156,0.86516,0.86398,175.0,-0.0029517839197558443,0.86261,0.86323,0.86323,,,,,,,,,,,,,
2022-09-15,0.0019144023655368332,0.86873,0.87081,,,,,,,,,,,,,,,,,,
2022-09-16,0.0019006753303516825,0.87462,0.87687,178.0,0.003184879663423314,0.87741,0.87741,,,,,,,,,,,,,,
2022-09-19,0.0020707570936428486,0.87789,0.87701,,,,,,,,,,,,,,,,,,
2022-09-20,0.0020549669822057487,0.8735,0.87638,,,,,,,,,,,,,,,,,,
2022-09-21,0.0020052344885918808,0.87323,0.87188,,,,,,,,,,,,,,,,,,
2022-09-22,0.0019691012266539183,0.87229,0.87326,115.0,0.0031705180077016624,0.87506,0.87477,0.8742,0.87397,,,,,,,,,,,,
2022-09-23,0.0019405670430132653,0.88205,0.88968,137.0,0.003056375483157973,0.88475,0.88486,0.88683,0.88593,141.0,0.0042085794829361395,0.88577,0.88683,0.88633,0.88636,142.0,0.005404562926860416,0.88683,0.88742,0.88627,0.88671
2022-09-26,0.0018980548414842396,0.89382,0.89954,45.0,-0.005755944329568794,0.88869,0.88874,0.88726,0.88896,45.0,-0.005755944329568794,0.88869,0.88874,0.88726,0.88896,45.0,-0.005755944329568794,0.88869,0.88874,0.88726,0.88896
2022-09-27,0.004099498691442361,0.89295,0.89459,,,,,,,,,,,,,,,,,,
2022-09-28,0.0048413165195961986,0.90348,0.89368,157.0,-0.008001109493055545,0.89628,0.89697,0.89693,0.89746,166.0,-0.009776684089758061,0.89469,0.89526,0.89717,,,,,,,
2022-09-29,0.004714434514073649,0.89482,0.88444,89.0,-0.007932408906422373,0.88775,0.8871,0.88705,0.88724,113.0,-0.00951067426982639,0.88635,0.88649,0.88633,0.88632,,,,,,
2022-09-30,0.00456750192059775,0.88288,0.87874,,,,,,,,,,,,,,,,,,
2022-10-03,0.004740113933038923,0.87073,0.87018,,,,,,,,,,,,,,,,,,
2022-10-04,0.00452714187595133,0.87202,0.87174,,,,,,,,,,,,,,,,,,
2022-10-05,0.004649269722348124,0.87437,0.87514,,,,,,,,,,,,,,,,,,
2022-10-06,0.0045097234094755335,0.87634,0.88069,,,,,,,,,,,,,,,,,,
2022-10-07,0.004361067063230685,0.87449,0.88023,160.0,0.00667869638495244,0.88035,0.88018,0.87997,0.87871,,,,,,,,,,,,
2022-10-10,0.004254047311961422,0.87624,0.87841,,,,,,,,,,,,,,,,,,
2022-10-11,0.003981846538012273,0.87681,0.87371,,,,,,,,,,,,,,,,,,
2022-10-12,0.0038518926828957833,0.87805,0.87405,,,,,,,,,,,,,,,,,,
2022-10-13,0.003886940263228776,0.86483,0.86196,,,,,,,,,,,,,,,,,,
2022-10-14,0.004019574079544661,0.86791,0.86882,,,,,,,,,,,,,,,,,,
2022-10-17,0.00414037002954729,0.86188,0.86154,,,,,,,,,,,,,,,,,,
2022-10-18,0.0039394911800831696,0.86863,0.87049,,,,,,,,,,,,,,,,,,
2022-10-19,0.003814257413794865,0.86944,0.87063,,,,,,,,,,,,,,,,,,
2022-10-20,0.003704188694585447,0.87197,0.87021,,,,,,,,,,,,,,,,,,
2022-10-21,0.0036022401036048977,0.87667,0.87287,,,,,,,,,,,,,,,,,,
2022-10-24,0.0034871027813271043,0.86978,0.87393,136.0,0.005286194275891349,0.87439,0.87428,0.87396,0.87397,,,,,,,,,,,,
2022-10-25,0.0032950141946264827,0.8719,0.86852,109.0,-0.005186035805438649,0.86739,0.86663,0.86721,0.8677,,,,,,,,,,,,
2022-10-26,0.003243755156234931,0.8667,0.86684,,,,,,,,,,,,,,,,,,
2022-10-27,0.003219105405482265,0.86768,0.86228,66.0,-0.00502597807859147,0.86333,0.86323,0.86272,0.86282,169.0,-0.006474909310806128,0.86208,0.86262,0.86298,,,,,,,
2022-10-28,0.0031319138551278844,0.86141,0.85863,,,,,,,,,,,,,,,,,,
2022-10-31,0.0031053169524544563,0.86135,0.85967,,,,,,,,,,,,,,,,,,
2022-11-01,0.002966045478073444,0.86046,0.86131,,,,,,,,,,,,,,,,,,
2022-11-02,0.0028881615463218603,0.86055,0.86082,,,,,,,,,,,,,,,,,,
2022-11-03,0.0028079072478220625,0.8725,0.87183,,,,,,,,,,,,,,,,,,
2022-11-04,0.0027320509243746335,0.87427,0.87759,104.0,0.004245951615297911,0.87799,0.87835,0.87807,0.87766,,,,,,,,,,,,
2022-11-07,0.0030083821513338183,0.87112,0.87022,,,,,,,,,,,,,,,,,,
2022-11-08,0.002870748834398889,0.87354,0.87129,,,,,,,,,,,,,,,,,,
2022-11-09,0.0029111729199437085,0.87875,0.8811,,,,,,,,,,,,,,,,,,
2022-11-10,0.0028293074198188846,0.8716,0.87096,,,,,,,,,,,,,,,,,,
2022-11-11,0.0028932055414376667,0.87547,0.87639,,,,,,,,,,,,,,,,,,
2022-11-14,0.002937925115610562,0.8771,0.87875,95.0,0.00467495206806003,0.88121,0.88085,0.88115,0.88059,,,,,,,,,,,,
2022-11-15,0.002785939816986206,0.87186,0.87322,,,,,,,,,,,,,,,,,,
2022-11-16,0.0027050882046607805,0.87529,0.87296,,,,,,,,,,,,,,,,,,
2022-11-17,0.002664111665780635,0.87631,0.87415,,,,,,,,,,,,,,,,,,
2022-11-18,0.002592545345521882,0.8705,0.86977,,,,,,,,,,,,,,,,,,
2022-11-21,0.002519858736358528,0.86822,0.86748,,,,,,,,,,,,,,,,,,
2022-11-22,0.0024252225200075512,0.86372,0.8664,,,,,,,,,,,,,,,,,,
2022-11-23,0.0023955649450325685,0.86328,0.86144,100.0,-0.0036671736582903165,0.86012,0.86032,0.8596,0.85946,148.0,-0.004911960547502258,0.85905,0.85905,0.8589,0.8588,,,,,,
2022-11-24,0.0023635266359290927,0.8597,0.85852,,,,,,,,,,,,,,,,,,
2022-11-25,0.002422299169923102,0.85849,0.86029,,,,,,,,,,,,,,,,,,
2022-11-28,0.002388178570416511,0.86651,0.86401,102.0,-0.003676644755808719,0.86333,0.86361,0.86286,0.86376,163.0,-0.004835621740771762,0.86233,0.86237,0.86261,0.86257,,,,,,
2022-11-29,0.002257946707897856,0.86162,0.86355,44.0,0.0034179353047967815,0.86457,0.86457,0.86413,0.86363,,,,,,,,,,,,
2022-11-30,0.0022957980611915023,0.86419,0.86353,,,,,,,,,,,,,,,,,,
2022-12-01,0.00223443704323264,0.85883,0.85688,45.0,-0.004001802065596491,0.8554,0.85553,0.85593,0.85634,118.0,-0.00464498290928645,0.85485,0.85483,0.85514,0.85571,,,,,,
2022-12-02,0.00217744270057214,0.85865,0.85727,172.0,-0.00328963014219025,0.85583,0.85575,0.85581,,,,,,,,,,,,,
2022-12-05,0.0021771983750956936,0.86139,0.86147,,,,,,,,,,,,,,,,,,
2022-12-06,0.002094984035131982,0.86152,0.86071,125.0,-0.0035931315729844106,0.85843,0.85862,0.85853,0.85895,,,,,,,,,,,,
2022-12-07,0.0020834622375605605,0.86272,0.86036,,,,,,,,,,,,,,,,,,
2022-12-08,0.0020457781506320427,0.86164,0.86187,,,,,,,,,,,,,,,,,,
2022-12-09,0.0019956016135782182,0.8588,0.8582,,,,,,,,,,,,,,,,,,
2022-12-12,0.001945777917843615,0.86,0.85755,,,,,,,,,,,,,,,,,,
2022-12-13,0.0019067218667223938,0.85792,0.85827,148.0,0.0028981647796020972,0.86041,0.8602,0.85987,0.85988,,,,,,,,,,,,
2022-12-14,0.0018619953803128465,0.86046,0.85764,135.0,-0.002863030481213641,0.858,0.85784,0.85794,0.85835,,,,,,,,,,,,
2022-12-15,0.0018245199635150784,0.86501,0.87122,10.0,0.003381520288487473,0.86794,0.86837,0.8683,0.86835,11.0,0.0038768235566719557,0.86837,0.86791,0.86801,0.86877,27.0,0.004671100202379009,0.86906,0.86936,0.86888,0.86842
2022-12-16,0.0017834190723194673,0.87235,0.87071,,,,,,,,,,,,,,,,,,
2022-12-19,0.0023154662335984843,0.87166,0.87234,,,,,,,,,,,,,,,,,,
2022-12-20,0.002197475946038887,0.87388,0.87416,114.0,0.0033814691332347247,0.87684,0.87657,0.87645,0.87561,,,,,,,,,,,,
2022-12-21,0.0021740471109855638,0.87524,0.87833,,,,,,,,,,,,,,,,,,
2022-12-22,0.0021278931122596027,0.88194,0.88062,,,,,,,,,,,,,,,,,,
2022-12-23,0.002227492322472763,0.8809,0.88115,,,,,,,,,,,,,,,,,,
2022-12-26,0.0021901763727899533,0.87997,0.8806,,,,,,,,,,,,,,,,,,
2022-12-27,0.0020860733796647544,0.88395,0.88534,,,,,,,,,,,,,,,,,,
2022-12-28,0.0020328961927478565,0.88064,0.88258,,,,,,,,,,,,,,,,,,
2022-12-29,0.002056203514864042,0.88401,0.88495,,,,,,,,,,,,,,,,,,
2022-12-30,0.0020240468084644298,0.88521,0.88532,,,,,,,,,,,,,,,,,,
2023-01-02,0.0019892368804808815,0.88604,0.88459,,,,,,,,,,,,,,,,,,
2023-01-03,0.0018720644328149279,0.87996,0.88137,,,,,,,,,,,,,,,,,,
2023-01-04,0.0018363654894420457,0.88004,0.87895,,,,,,,,,,,,,,,,,,
2023-01-05,0.0018102612974621242,0.88505,0.8845,,,,,,,,,,,,,,,,,,
2023-01-06,0.001768939996497618,0.88399,0.88024,93.0,-0.0026619409362789834,0.88164,0.88184,0.88184,0.88135,110.0,-0.003808189933975647,0.88063,0.88059,0.88002,0.88045,115.0,-0.004501115869746422,0.88002,0.88015,0.88016,0.88041
2023-01-09,0.0017440514511953432,0.88146,0.88149,,,,,,,,,,,,,,,,,,
2023-01-10,0.0017016408242448158,0.88345,0.8835,,,,,,,,,,,,,,,,,,
2023-01-11,0.001716391896649568,0.88795,0.88653,,,,,,,,,,,,,,,,,,
2023-01-12,0.0016807330922588009,0.88495,0.88704,40.0,0.002708346743811124,0.88735,0.88747,0.88857,0.88918,44.0,0.00396973601581274,0.88847,0.88857,0.88868,0.8886,46.0,0.004341092088657411,0.8888,0.88849,0.88884,0.88865
2023-01-13,0.0016692639591262511,0.88716,0.88686,,,,,,,,,,,,,,,,,,
2023-01-16,0.0017195009911753138,0.88682,0.88702,,,,,,,,,,,,,,,,,,
2023-01-17,0.001703497171424159,0.88502,0.87926,61.0,-0.003010107626504224,0.88236,0.88206,0.88248,0.8822,69.0,-0.00350889467745101,0.88192,0.88181,0.88259,0.88106,80.0,-0.004359673758767453,0.88117,0.88093,0.881,0.88072
2023-01-18,0.0016988685738331636,0.87599,0.87449,107.0,-0.0025718267849095264,0.87374,0.87374,0.87347,0.8741,,,,,,,,,,,,
2023-01-19,0.0021983858574485923,0.87508,0.87426,,,,,,,,,,,,,,,,,,
2023-01-20,0.002147836326888304,0.87549,0.87511,,,,,,,,,,,,,,,,,,
2023-01-23,0.002085366541660311,0.87945,0.87807,,,,,,,,,,,,,,,,,,
2023-01-24,0.0019767443720185482,0.88378,0.88288,,,,,,,,,,,,,,,,,,
2023-01-25,0.0019326547234661117,0.88257,0.88039,,,,,,,,,,,,,,,,,,
2023-01-26,0.002049905543698129,0.87949,0.87785,,,,,,,,,,,,,,,,,,
2023-01-27,0.0020658515021324286,0.87803,0.87686,,,,,,,,,,,,,,,,,,
2023-01-30,0.0020356221955712063,0.87942,0.87832,,,,,,,,,,,,,,,,,,
2023-01-31,0.0019310334385157885,0.8808,0.88142,,,,,,,,,,,,,,,,,,
2023-02-01,0.0018971454178268383,0.88356,0.88669,127.0,0.002848038813971279,0.88608,0.88614,0.88634,0.88662,148.0,0.0038068603266753886,0.88693,0.88694,0.88713,0.88726,,,,,,
2023-02-02,0.0019108813339188482,0.88992,0.89107,,,,,,,,,,,,,,,,,,
2023-02-03,0.0020919160089269044,0.89379,0.89638,101.0,0.0035181219379913863,0.89694,0.89708,0.89726,0.89648,165.0,0.004242545634921587,0.89759,0.89771,0.89748,0.89679,,,,,,
2023-02-06,0.002064695010633874,0.89273,0.8918,,,,,,,,,,,,,,,,,,
2023-02-07,0.001998396747667248,0.89288,0.89021,96.0,-0.003006036765705546,0.8902,0.8903,0.8907,0.89032,,,,,,,,,,,,
2023-02-08,0.0020138016354855916,0.8882,0.88775,,,,,,,,,,,,,,,,,,
2023-02-09,0.001962407466638878,0.88507,0.88518,,,,,,,,,,,,,,,,,,
2023-02-10,0.0019393556038743358,0.88293,0.88528,,,,,,,,,,,,,,,,,,
2023-02-13,0.0018997919474285502,0.88355,0.88317,,,,,,,,,,,,,,,,,,
2023-02-14,0.0018104465739222258,0.88115,0.88142,30.0,0.0028105504737133665,0.88363,0.8838,0.88339,0.88271,,,,,,,,,,,,
2023-02-15,0.0017846289237487413,0.88902,0.88844,,,,,,,,,,,,,,,,,,
2023-02-16,0.0017639588598325697,0.89056,0.88983,,,,,,,,,,,,,,,,,,
2023-02-17,0.0019628954147414583,0.88893,0.88848,,,,,,,,,,,,,,,,,,
2023-02-20,0.0019205060232549394,0.88791,0.88767,,,,,,,,,,,,,,,,,,
2023-02-21,0.001844233622187645,0.88044,0.87906,,,,,,,,,,,,,,,,,,
2023-02-22,0.0018047068652036803,0.87949,0.88021,,,,,,,,,,,,,,,,,,
2023-02-23,0.0019799847446044824,0.88122,0.88072,,,,,,,,,,,,,,,,,,
2023-02-24,0.001927549589260159,0.88263,0.88288,,,,,,,,,,,,,,,,,,
2023-02-27,0.0018812765515715715,0.88035,0.87905,,,,,,,,,,,,,,,,,,
2023-02-28,0.001796788235164422,0.87596,0.8764,,,,,,,,,,,,,,,,,,
2023-03-01,0.0018266163882506503,0.88825,0.88717,,,,,,,,,,,,,,,,,,
2023-03-02,0.0017817939132150006,0.88733,0.88654,,,,,,,,,,,,,,,,,,
2023-03-03,0.0020154041699705872,0.88486,0.88466,,,,,,,,,,,,,,,,,,
2023-03-06,0.0019611180369243576,0.88712,0.88735,,,,,,,,,,,,,,,,,,
2023-03-07,0.0019202071470931675,0.88968,0.8918,,,,,,,,,,,,,,,,,,
2023-03-08,0.0019188089900496197,0.89141,0.89122,,,,,,,,,,,,,,,,,,
2023-03-09,0.0019286081978903077,0.88761,0.88696,,,,,,,,,,,,,,,,,,
2023-03-10,0.0018823702420378947,0.88368,0.88508,,,,,,,,,,,,,,,,,,
2023-03-13,0.0018504886360088861,0.88207,0.88325,,,,,,,,,,,,,,,,,,
2023-03-14,0.001841296309080554,0.88013,0.88153,162.0,0.002915768191806814,0.8827,0.88297,0.88323,0.88279,172.0,0.0036971553635903754,0.88339,0.88339,0.88279,,,,,,,
2023-03-15,0.0018558107554552854,0.87366,0.87736,,,,,,,,,,,,,,,,,,
2023-03-16,0.0018438975228801141,0.87703,0.87684,,,,,,,,,,,,,,,,,,
2023-03-17,0.001945810884119821,0.87567,0.87609,,,,,,,,,,,,,,,,,,
2023-03-20,0.001901937959650843,0.87473,0.87412,,,,,,,,,,,,,,,,,,
2023-03-21,0.001807474612651697,0.87989,0.88316,127.0,0.0028938981684612486,0.88244,0.88239,0.88233,0.88213,156.0,0.003800064693247922,0.88324,0.88331,0.88347,0.8832,,,,,,
2023-03-22,0.0017925281155710805,0.87864,0.8821,55.0,0.0028639637714291608,0.88116,0.88123,0.88167,0.88167,142.0,0.0036126960665577015,0.88182,0.88187,0.88174,0.88238,,,,,,
2023-03-23,0.001960055177172544,0.88441,0.88421,,,,,,,,,,,,,,,,,,
2023-03-24,0.002004237423097613,0.87998,0.88027,,,,,,,,,,,,,,,,,,
2023-03-27,0.0020043346917450397,0.87992,0.87864,,,,,,,,,,,,,,,,,,
2023-03-28,0.0019188002253234622,0.88004,0.87861,,,,,,,,,,,,,,,,,,
2023-03-29,0.0018821166939514049,0.8796,0.87939,,,,,,,,,,,,,,,,,,
2023-03-30,0.0018403675440126764,0.88223,0.88116,,,,,,,,,,,,,,,,,,
2023-03-31,0.0018018652675463485,0.87836,0.87899,,,,,,,,,,,,,,,,,,
2023-04-03,0.0017629003243620036,0.87725,0.87809,,,,,,,,,,,,,,,,,,
2023-04-04,0.0016854636915061797,0.87325,0.8761,180.0,0.00380608861426577,0.87658,,,,180.0,0.00380608861426577,0.87658,,,,,,,,,
2023-04-05,0.0016508027824128479,0.87706,0.87561,,,,,,,,,,,,,,,,,,
2023-04-06,0.0016223199865050201,0.8747,0.87709,83.0,0.0024663740836054176,0.87686,0.87679,0.87654,0.87679,131.0,0.003275753812360487,0.87757,0.87772,0.87817,0.87811,177.0,0.004255252751720783,0.87843,0.87841,,
2023-04-10,0.0016114880318566648,0.87815,0.87709,,,,,,,,,,,,,,,,,,
2023-04-11,0.0015916269665806919,0.8775,0.87878,,,,,,,,,,,,,,,,,,
2023-04-12,0.0015644272771310659,0.88087,0.88103,,,,,,,,,,,,,,,,,,
2023-04-13,0.0015420213350104644,0.88158,0.88213,,,,,,,,,,,,,,,,,,
2023-04-14,0.0015298717337832448,0.88472,0.88401,,,,,,,,,,,,,,,,,,
2023-04-17,0.0015462014654871355,0.88364,0.88288,,,,,,,,,,,,,,,,,,
2023-04-18,0.0015513431715437449,0.88136,0.88221,,,,,,,,,,,,,,,,,,
2023-04-19,0.001548607503470272,0.88134,0.8805,,,,,,,,,,,,,,,,,,
2023-04-20,0.001522850007960311,0.88132,0.88122,,,,,,,,,,,,,,,,,,
2023-04-21,0.0015219356995406189,0.88511,0.88354,,,,,,,,,,,,,,,,,,
2023-04-24,0.0014953257951345039,0.88515,0.88491,,,,,,,,,,,,,,,,,,
2023-04-25,0.0014644792891958984,0.88649,0.88481,,,,,,,,,,,,,,,,,,
2023-04-26,0.0014704846971456164,0.88577,0.88516,,,,,,,,,,,,,,,,,,
2023-04-27,0.001454566816356958,0.88472,0.8831,,,,,,,,,,,,,,,,,,
2023-04-28,0.0014555893014978922,0.87957,0.87746,,,,,,,,,,,,,,,,,,
2023-05-01,0.0015268685933866426,0.87925,0.87797,165.0,-0.0024368592532211203,0.87711,0.8771,0.8772,,,,,,,,,,,,,
2023-05-02,0.001629642685748025,0.87923,0.88117,,,,,,,,,,,,,,,,,,
2023-05-03,0.0016386667782314819,0.88302,0.88068,,,,,,,,,,,,,,,,,,
2023-05-04,0.0016873868530405745,0.88003,0.87535,31.0,-0.0028904385365714,0.87749,0.87748,0.87685,0.87747,34.0,-0.003574440888847402,0.87689,0.87722,0.87719,0.87764,130.0,-0.004407275140231737,0.87616,0.876,0.8761,0.87627
2023-05-05,0.001679808718887334,0.87331,0.87181,,,,,,,,,,,,,,,,,,
2023-05-08,0.0017468416121895456,0.8724,0.87203,,,,,,,,,,,,,,,,,,
2023-05-09,0.0017573453088517476,0.87005,0.86803,,,,,,,,,,,,,,,,,,
2023-05-10,0.0017240400723121984,0.86796,0.86939,,,,,,,,,,,,,,,,,,
2023-05-11,0.001716253405293012,0.86868,0.8732,117.0,0.002575306091067868,0.87092,0.87129,0.87181,0.87181,180.0,0.0035966921662175283,0.87181,,,,,,,,,
2023-05-12,0.0016825006241996939,0.87015,0.87103,,,,,,,,,,,,,,,,,,
2023-05-15,0.0016894029069070278,0.86954,0.8685,,,,,,,,,,,,,,,,,,
2023-05-16,0.0016248837566564622,0.86944,0.8697,,,,,,,,,,,,,,,,,,
2023-05-17,0.0016495978690845628,0.86892,0.86803,,,,,,,,,,,,,,,,,,
2023-05-18,0.0016316074259504823,0.86844,0.86797,,,,,,,,,,,,,,,,,,
2023-05-19,0.0016151943024225064,0.86811,0.86812,,,,,,,,,,,,,,,,,,
2023-05-22,0.0015833204339273166,0.86823,0.86976,131.0,0.0023813232767864925,0.8703,0.86995,0.87001,0.86951,,,,,,,,,,,,
2023-05-23,0.001526199840872477,0.8699,0.86728,155.0,-0.002336328654982563,0.86787,0.86787,0.8677,0.86775,,,,,,,,,,,,
2023-05-24,0.001502875264841313,0.87001,0.86979,,,,,,,,,,,,,,,,,,
2023-05-25,0.0014967324674274403,0.86784,0.87008,,,,,,,,,,,,,,,,,,
2023-05-26,0.001507318116316484,0.86836,0.86812,,,,,,,,,,,,,,,,,,
2023-05-29,0.0014866779911578323,0.86784,0.86672,,,,,,,,,,,,,,,,,,
2023-05-30,0.001465248414444685,0.86373,0.86449,,,,,,,,,,,,,,,,,,
2023-05-31,0.0014686289168047756,0.86392,0.8594,180.0,-0.004233878461662583,0.86027,,,,180.0,-0.004233878461662583,0.86027,,,,180.0,-0.004233878461662583,0.86027,,,
2023-06-01,0.0015104980522955384,0.85818,0.85755,,,,,,,,,,,,,,,,,,
2023-06-02,0.0015938166160320427,0.85875,0.86012,,,,,,,,,,,,,,,,,,
2023-06-05,0.0015701034603413109,0.86329,0.86167,,,,,,,,,,,,,,,,,,
2023-06-06,0.001530371592489781,0.86041,0.86124,,,,,,,,,,,,,,,,,,
2023-06-07,0.0015047886122156243,0.85915,0.85923,,,,,,,,,,,,,,,,,,
2023-06-08,0.0014821669228791605,0.86104,0.85923,164.0,-0.002302192749857526,0.85906,0.85899,0.85905,0.85919,,,,,,,,,,,,
2023-06-09,0.0014602975544282266,0.85657,0.85448,,,,,,,,,,,,,,,,,,
2023-06-12,0.0014501500231801172,0.85778,0.86042,,,,,,,,,,,,,,,,,,
2023-06-13,0.0015238974680239787,0.85839,0.85572,,,,,,,,,,,,,,,,,,
2023-06-14,0.0017068151054818272,0.85493,0.85504,,,,,,,,,,,,,,,,,,
2023-06-15,0.0017792634065339579,0.85744,0.85677,,,,,,,,,,,,,,,,,,
2023-06-16,0.0017370625063898323,0.85459,0.8525,173.0,-0.0026363135021972447,0.85234,0.85221,0.85271,,,,,,,,,,,,,
2023-06-19,0.0016989115217767945,0.85257,0.85377,,,,,,,,,,,,,,,,,,
2023-06-20,0.0016919574326682307,0.85697,0.85623,,,,,,,,,,,,,,,,,,
2023-06-21,0.0016554385787330508,0.85798,0.85983,180.0,0.002793362928111977,0.86038,,,,,,,,,,,,,,,
2023-06-22,0.0016423061884538554,0.86027,0.85901,,,,,,,,,,,,,,,,,,
2023-06-23,0.0017866954547205733,0.85667,0.85724,,,,,,,,,,,,,,,,,,
2023-06-26,0.0017474122296647476,0.85837,0.85751,,,,,,,,,,,,,,,,,,
2023-06-27,0.001749424651740869,0.85985,0.85952,,,,,,,,,,,,,,,,,,
2023-06-28,0.0017264308583066947,0.86389,0.86294,,,,,,,,,,,,,,,,,,
2023-06-29,0.0017079797866517256,0.86417,0.86243,,,,,,,,,,,,,,,,,,
2023-06-30,0.0017098092036556738,0.85813,0.85916,,,,,,,,,,,,,,,,,,
2023-07-03,0.001683990990982217,0.85931,0.86011,,,,,,,,,,,,,,,,,,
2023-07-04,0.0016394714466240626,0.85686,0.85661,,,,,,,,,,,,,,,,,,
2023-07-05,0.0016059210250141415,0.85676,0.85512,,,,,,,,,,,,,,,,,,
2023-07-06,0.0016435684411122955,0.85294,0.8548,180.0,0.0035110751859833873,0.85594,,,,180.0,0.0035110751859833873,0.85594,,,,,,,,,
2023-07-07,0.0016427266646535691,0.85386,0.85394,,,,,,,,,,,,,,,,,,
2023-07-10,0.0016214221781478768,0.85736,0.85597,,,,,,,,,,,,,,,,,,
2023-07-11,0.001567519086047672,0.85211,0.85206,,,,,,,,,,,,,,,,,,
2023-07-12,0.0015405817452180555,0.85402,0.85604,,,,,,,,,,,,,,,,,,
2023-07-13,0.0016534580887977762,0.85451,0.85467,,,,,,,,,,,,,,,,,,
2023-07-14,0.0017959929080389487,0.85601,0.85696,,,,,,,,,,,,,,,,,,
2023-07-17,0.0017564866691868795,0.85946,0.85918,,,,,,,,,,,,,,,,,,
2023-07-18,0.001695137821054761,0.85854,0.85989,,,,,,,,,,,,,,,,,,
2023-07-19,0.001676339971287273,0.86955,0.86768,,,,,,,,,,,,,,,,,,
2023-07-20,0.0016805705511168372,0.8687,0.86674,,,,,,,,,,,,,,,,,,
2023-07-21,0.0017466946112807884,0.86707,0.86522,,,,,,,,,,,,,,,,,,
2023-07-24,0.0017186345143489258,0.86343,0.86403,,,,,,,,,,,,,,,,,,
2023-07-25,0.001645933691253458,0.86112,0.85838,136.0,-0.002476587065586742,0.85899,0.85909,0.85923,0.85898,,,,,,,,,,,,
2023-07-26,0.0016345296452615684,0.85742,0.85612,,,,,,,,,,,,,,,,,,
2023-07-27,0.0018125882841308139,0.85743,0.85448,,,,,,,,,,,,,,,,,,
2023-07-28,0.0017700134937699411,0.85551,0.85782,,,,,,,,,,,,,,,,,,
2023-07-31,0.001743665505300332,0.8572,0.85702,,,,,,,,,,,,,,,,,,
2023-08-01,0.0016694803922234882,0.85845,0.86061,,,,,,,,,,,,,,,,,,
2023-08-02,0.0016336228438109705,0.86029,0.8606,75.0,0.0026467633249566596,0.86257,0.8625,0.86257,0.86272,,,,,,,,,,,,
2023-08-03,0.0016571726635286519,0.86475,0.86148,101.0,-0.0025589231755402445,0.86254,0.86272,0.86283,0.86278,128.0,-0.003324397981245692,0.86188,0.86175,0.86167,0.86113,141.0,-0.004276259406382592,0.86106,0.86107,0.86114,0.86104
2023-08-04,0.0016229924141841511,0.86157,0.8639,170.0,0.002538646144403757,0.86376,0.86382,0.86394,,,,,,,,,,,,,
2023-08-07,0.0015905735948107743,0.86172,0.86152,,,,,,,,,,,,,,,,,,
2023-08-08,0.0015836883201050579,0.86163,0.86041,,,,,,,,,,,,,,,,,,
2023-08-09,0.0015802575328926864,0.86145,0.86309,,,,,,,,,,,,,,,,,,
2023-08-10,0.0015589772037648186,0.86318,0.86577,,,,,,,,,,,,,,,,,,
2023-08-11,0.0016078914652290703,0.86363,0.86305,,,,,,,,,,,,,,,,,,
2023-08-14,0.001635389539792614,0.86186,0.86052,,,,,,,,,,,,,,,,,,
2023-08-15,0.001683252539924484,0.86003,0.85746,,,,,,,,,,,,,,,,,,
2023-08-16,0.001687148727653245,0.85641,0.85531,,,,,,,,,,,,,,,,,,
2023-08-17,0.0016602275910295816,0.85358,0.85271,,,,,,,,,,,,,,,,,,
2023-08-18,0.0017381987258003758,0.85511,0.85362,104.0,-0.002693336210550175,0.85281,0.8529,0.85298,0.85301,,,,,,,,,,,,
2023-08-21,0.0017022729582754973,0.85505,0.85481,,,,,,,,,,,,,,,,,,
2023-08-22,0.0016306616603310898,0.85279,0.85189,,,,,,,,,,,,,,,,,,
2023-08-23,0.0015973303458998835,0.8559,0.85435,,,,,,,,,,,,,,,,,,
2023-08-24,0.0016001556595117443,0.85654,0.85695,,,,,,,,,,,,,,,,,,
2023-08-25,0.0016072318530691275,0.85623,0.85801,,,,,,,,,,,,,,,,,,
2023-08-28,0.0016540912392447402,0.85802,0.85851,,,,,,,,,,,,,,,,,,
2023-08-29,0.0015873455937084316,0.85834,0.86044,172.0,0.0025598077833388546,0.86054,0.86061,0.86029,,,,,,,,,,,,,
2023-08-30,0.0015572185301919081,0.8594,0.8586,,,,,,,,,,,,,,,,,,
2023-08-31,0.0015656955099453479,0.85682,0.85581,,,,,,,,,,,,,,,,,,
2023-09-01,0.0015652921972138586,0.85492,0.85659,160.0,0.002348337674107429,0.85693,0.85683,0.85656,0.85658,,,,,,,,,,,,
2023-09-04,0.0015682752729549768,0.85529,0.85529,,,,,,,,,,,,,,,,,,
2023-09-05,0.001513404113347385,0.85513,0.85246,175.0,-0.0024001744330532245,0.85308,0.85303,0.85292,,,,,,,,,,,,,
2023-09-06,0.001492484694385142,0.855,0.85717,120.0,0.0026981112080897538,0.85731,0.8569,0.85681,0.85717,122.0,0.0030013394246323657,0.85757,0.85737,0.85681,0.85706,,,,,,
2023-09-07,0.0014774823858525739,0.85903,0.85744,,,,,,,,,,,,,,,,,,
2023-09-08,0.0015932192128621265,0.85705,0.85852,,,,,,,,,,,,,,,,,,
2023-09-11,0.0015672119131107435,0.85648,0.85762,,,,,,,,,,,,,,,,,,
2023-09-12,0.0015113920673672885,0.85934,0.85972,,,,,,,,,,,,,,,,,,
2023-09-13,0.001492766778026842,0.86064,0.85962,,,,,,,,,,,,,,,,,,
2023-09-14,0.0014919083773874834,0.85999,0.85889,31.0,-0.0023865943001611604,0.85794,0.85873,0.85835,0.85831,,,,,,,,,,,,
2023-09-15,0.0014765010032853343,0.85862,0.86121,175.0,0.0022685111433269124,0.86057,0.8605,0.86031,,,,,,,,,,,,,
2023-09-18,0.0015007500878230038,0.86127,0.86235,,,,,,,,,,,,,,,,,,
2023-09-19,0.0015333419261281997,0.86263,0.86221,,,,,,,,,,,,,,,,,,
2023-09-20,0.00153927250554599,0.86527,0.865,,,,,,,,,,,,,,,,,,
2023-09-21,0.0015143625075408709,0.86725,0.86708,,,,,,,,,,,,,,,,,,
2023-09-22,0.0014924616654913275,0.86768,0.86985,45.0,0.0023138432190876993,0.86969,0.86979,0.86969,0.86927,,,,,,,,,,,,
2023-09-25,0.0015660605393552677,0.86988,0.86694,115.0,-0.0024285685115589544,0.86777,0.86775,0.86808,0.86777,165.0,-0.0031778955932922058,0.86712,0.86715,0.86712,0.86704,,,,,,
2023-09-26,0.001543102942179471,0.87017,0.86902,,,,,,,,,,,,,,,,,,
2023-09-27,0.0015501154569161676,0.86829,0.86634,115.0,-0.0023752980289073944,0.86623,0.86622,0.86651,0.8665,,,,,,,,,,,,
2023-09-28,0.001549540259503562,0.86317,0.86538,118.0,0.0023490351411512606,0.8652,0.86533,0.86516,0.86513,170.0,0.0031577695160032145,0.8659,0.86594,0.86591,,,,,,,
2023-09-29,0.0016290575143203274,0.86455,0.86658,125.0,0.002483755789500943,0.8667,0.86688,0.86676,0.86783,138.0,0.0033026196904915625,0.86741,0.86776,0.86756,0.86796,,,,,,
2023-10-02,0.0015961271273935945,0.86661,0.86576,,,,,,,,,,,,,,,,,,
2023-10-03,0.001542554239605517,0.86784,0.86608,,,,,,,,,,,,,,,,,,
2023-10-04,0.0015148922034497626,0.86614,0.86532,98.0,-0.0024853636509605303,0.86399,0.86398,0.86429,0.86457,,,,,,,,,,,,
2023-10-05,0.0014887605602924244,0.86608,0.8649,,,,,,,,,,,,,,,,,,
2023-10-06,0.0014780094737899248,0.86506,0.86452,,,,,,,,,,,,,,,,,,
2023-10-09,0.0014543731055709035,0.86532,0.86362,,,,,,,,,,,,,,,,,,
2023-10-10,0.0014122538276157752,0.864,0.86406,,,,,,,,,,,,,,,,,,
2023-10-11,0.0014048361873619014,0.86276,0.86267,,,,,,,,,,,,,,,,,,
2023-10-12,0.0013907730116545602,0.8624,0.86401,178.0,0.002119736927107566,0.86423,0.86422,,,,,,,,,,,,,,
2023-10-13,0.0013728271755646681,0.86369,0.86526,,,,,,,,,,,,,,,,,,
2023-10-16,0.0013712037967861502,0.8652,0.86461,,,,,,,,,,,,,,,,,,
2023-10-17,0.0013479070264970847,0.86784,0.8681,,,,,,,,,,,,,,,,,,
2023-10-18,0.0013362125211297585,0.86642,0.86688,,,,,,,,,,,,,,,,,,
2023-10-19,0.0014184805564450263,0.87102,0.87044,,,,,,,,,,,,,,,,,,
2023-10-20,0.0013987782331277873,0.8723,0.87156,,,,,,,,,,,,,,,,,,
2023-10-23,0.00143750768394695,0.87128,0.87026,,,,,,,,,,,,,,,,,,
2023-10-24,0.0013997907879085714,0.8702,0.87061,,,,,,,,,,,,,,,,,,
2023-10-25,0.001383653154073488,0.87236,0.87181,,,,,,,,,,,,,,,,,,
2023-10-26,0.0013663842558507386,0.87178,0.86969,107.0,-0.002055381169922734,0.86999,0.87001,0.87012,0.86997,171.0,-0.0027567845803625765,0.86938,0.86953,0.86926,,,,,,,
2023-10-27,0.0013696579399357688,0.87028,0.87168,,,,,,,,,,,,,,,,,,
2023-10-30,0.0013901817870099142,0.87352,0.87298,,,,,,,,,,,,,,,,,,
2023-10-31,0.001360469098226513,0.87382,0.87079,169.0,-0.0020505778013304625,0.87203,0.87183,0.87159,,176.0,-0.002784766956839024,0.87139,0.87115,,,,,,,,
2023-11-01,0.0013529953286223887,0.86944,0.86901,,,,,,,,,,,,,,,,,,
2023-11-02,0.0013661022573565956,0.87321,0.87151,,,,,,,,,,,,,,,,,,
2023-11-03,0.0013563285767240983,0.86988,0.86729,94.0,-0.002059875179579444,0.86809,0.86794,0.86784,0.86816,168.0,-0.002728231968690471,0.86751,0.86744,0.8676,,,,,,,
2023-11-06,0.001357208995553374,0.86688,0.86777,,,,,,,,,,,,,,,,,,
2023-11-07,0.0014641437541759814,0.86789,0.87005,,,,,,,,,,,,,,,,,,
2023-11-08,0.0014454892651168724,0.86996,0.87102,,,,,,,,,,,,,,,,,,
2023-11-09,0.001451213173001612,0.87252,0.87269,,,,,,,,,,,,,,,,,,
2023-11-10,0.0014396412327181791,0.87443,0.87406,,,,,,,,,,,,,,,,,,
2023-11-13,0.0014245804605577026,0.8715,0.87175,,,,,,,,,,,,,,,,,,
2023-11-14,0.0013936595991601841,0.86976,0.87032,,,,,,,,,,,,,,,,,,
2023-11-15,0.0014053554432482105,0.87257,0.87372,,,,,,,,,,,,,,,,,,
2023-11-16,0.0013906162402123614,0.87461,0.87405,,,,,,,,,,,,,,,,,,
2023-11-17,0.0014580646944662916,0.87516,0.87572,,,,,,,,,,,,,,,,,,
2023-11-20,0.0014358642230646369,0.87587,0.87504,,,,,,,,,,,,,,,,,,
2023-11-21,0.0014086116227783121,0.8728,0.87045,,,,,,,,,,,,,,,,,,
2023-11-22,0.0013895394716275735,0.87067,0.87174,,,,,,,,,,,,,,,,,,
2023-11-23,0.0014769234439999666,0.8696,0.87019,,,,,,,,,,,,,,,,,,
2023-11-24,0.0014663982462074187,0.86826,0.86784,,,,,,,,,,,,,,,,,,
2023-11-27,0.0014818738547471,0.8667,0.86747,,,,,,,,,,,,,,,,,,
2023-11-28,0.0014777580877734144,0.86759,0.86567,117.0,-0.0022385830123382838,0.86565,0.86566,0.86591,0.86577,,,,,,,,,,,,
2023-11-29,0.001463133853839314,0.86485,0.86426,,,,,,,,,,,,,,,,,,
2023-11-30,0.0014608984309390674,0.86466,0.8629,117.0,-0.002512811442922232,0.86249,0.86175,0.86235,0.86236,118.0,-0.0033711606813504177,0.86175,0.86195,0.86219,0.86215,,,,,,
2023-12-01,0.0014593387713894147,0.86049,0.85717,84.0,-0.0021988386431138246,0.8586,0.85873,0.85869,0.85864,107.0,-0.0029212052406047185,0.85798,0.85788,0.85774,0.85779,153.0,-0.003667421724640438,0.85734,0.85735,0.85784,0.85793
2023-12-04,0.0014402447496778123,0.85758,0.85766,,,,,,,,,,,,,,,,,,
2023-12-05,0.0016986755341751078,0.85698,0.85683,,,,,,,,,,,,,,,,,,
2023-12-06,0.0016616632513041761,0.85708,0.85691,,,,,,,,,,,,,,,,,,
2023-12-07,0.001645484375497171,0.85751,0.85797,,,,,,,,,,,,,,,,,,
2023-12-08,0.0016200707464017552,0.85689,0.85724,,,,,,,,,,,,,,,,,,
2023-12-11,0.0015935135482825495,0.85551,0.85669,,,,,,,,,,,,,,,,,,
2023-12-12,0.0015458211345336867,0.85913,0.85995,,,,,,,,,,,,,,,,,,
2023-12-13,0.0015563488287715264,0.86123,0.86222,,,,,,,,,,,,,,,,,,
2023-12-14,0.00160203512913513,0.86026,0.86098,24.0,0.0025077218426639604,0.86242,0.86209,0.86198,0.86169,,,,,,,,,,,,
2023-12-15,0.0016234576918744182,0.85862,0.85876,,,,,,,,,,,,,,,,,,
2023-12-18,0.0015986895742364934,0.86223,0.86358,179.0,0.0025251368650836092,0.86441,0.86447,,,,,,,,,,,,,,
2023-12-19,0.0015631133478126783,0.86029,0.86177,118.0,0.002403275182206146,0.86236,0.86236,0.86205,0.8615,,,,,,,,,,,,
2023-12-20,0.0015933228773384613,0.86558,0.86481,,,,,,,,,,,,,,,,,,
2023-12-21,0.0015643701728782428,0.86648,0.86736,,,,,,,,,,,,,,,,,,
2023-12-22,0.0016394928230754648,0.86601,0.86685,,,,,,,,,,,,,,,,,,
2023-12-26,0.0016098489235109091,0.86715,0.86845,,,,,,,,,,,,,,,,,,
2023-12-27,0.001519641655365926,0.86815,0.8682,,,,,,,,,,,,,,,,,,
2023-12-28,0.001493148591261921,0.86936,0.86914,,,,,,,,,,,,,,,,,,
2023-12-29,0.0014685531586023878,0.86881,0.86706,117.0,-0.002212364790147013,0.86689,0.86683,0.86694,0.86763,,,,,,,,,,,,
