date,sigma,open,exit_px,t_1.5,disp_1.5,px_1.5_d0,px_1.5_d1,px_1.5_d5,px_1.5_d15,t_2.0,disp_2.0,px_2.0_d0,px_2.0_d1,px_2.0_d5,px_2.0_d15,t_2.5,disp_2.5,px_2.5_d0,px_2.5_d1,px_2.5_d5,px_2.5_d15
2011-01-03,,108.81,109.08,,,,,,,,,,,,,,,,,,
2011-01-04,,110.13,108.91,,,,,,,,,,,,,,,,,,
2011-01-05,,109.26,109.67,,,,,,,,,,,,,,,,,,
2011-01-06,,108.93,108.27,,,,,,,,,,,,,,,,,,
2011-01-07,,107.97,107.18,,,,,,,,,,,,,,,,,,
2011-01-10,,107.27,107.06,,,,,,,,,,,,,,,,,,
2011-01-11,,107.64,108.04,,,,,,,,,,,,,,,,,,
2011-01-12,,108.57,108.83,,,,,,,,,,,,,,,,,,
2011-01-13,,109.82,110.47,,,,,,,,,,,,,,,,,,
2011-01-14,,110.62,110.71,,,,,,,,,,,,,,,,,,
2011-01-17,,109.74,109.97,,,,,,,,,,,,,,,,,,
2011-01-18,,110.29,110.58,,,,,,,,,,,,,,,,,,
2011-01-19,,110.93,110.44,,,,,,,,,,,,,,,,,,
2011-01-20,,111.18,111.62,,,,,,,,,,,,,,,,,,
2011-01-21,,111.82,112.35,,,,,,,,,,,,,,,,,,
2011-01-24,,112.7,112.41,,,,,,,,,,,,,,,,,,
2011-01-25,,112.11,112.36,,,,,,,,,,,,,,,,,,
2011-01-26,,112.36,112.81,,,,,,,,,,,,,,,,,,
2011-01-27,,113.81,113.6,,,,,,,,,,,,,,,,,,
2011-01-28,,112.77,111.73,,,,,,,,,,,,,,,,,,
2011-01-31,,112.48,112.29,,,,,,,,,,,,,,,,,,
2011-02-01,,112.14,112.51,,,,,,,,,,,,,,,,,,
2011-02-02,,112.37,112.63,,,,,,,,,,,,,,,,,,
2011-02-03,,111.72,111.18,,,,,,,,,,,,,,,,,,
2011-02-04,,111.12,111.9,,,,,,,,,,,,,,,,,,
2011-02-07,,111.3,111.65,,,,,,,,,,,,,,,,,,
2011-02-08,,112.0,111.98,,,,,,,,,,,,,,,,,,
2011-02-09,,112.74,112.9,,,,,,,,,,,,,,,,,,
2011-02-10,,113.02,113.35,,,,,,,,,,,,,,,,,,
2011-02-11,,112.87,112.93,,,,,,,,,,,,,,,,,,
2011-02-14,,112.24,112.33,,,,,,,,,,,,,,,,,,
2011-02-15,,113.24,113.16,,,,,,,,,,,,,,,,,,
2011-02-16,,113.09,113.43,,,,,,,,,,,,,,,,,,
2011-02-17,,113.16,113.23,,,,,,,,,,,,,,,,,,
2011-02-18,,113.69,113.68,,,,,,,,,,,,,,,,,,
2011-02-21,,113.65,113.68,,,,,,,,,,,,,,,,,,
2011-02-22,,113.67,112.91,,,,,,,,,,,,,,,,,,
2011-02-23,,113.62,113.22,,,,,,,,,,,,,,,,,,
2011-02-24,,112.56,112.73,,,,,,,,,,,,,,,,,,
2011-02-25,,112.27,112.52,,,,,,,,,,,,,,,,,,
2011-02-28,,113.28,112.89,,,,,,,,,,,,,,,,,,
2011-03-01,,113.44,113.0,,,,,,,,,,,,,,,,,,
2011-03-02,,113.34,113.24,,,,,,,,,,,,,,,,,,
2011-03-03,,114.66,114.89,,,,,,,,,,,,,,,,,,
2011-03-04,,115.5,115.05,,,,,,,,,,,,,,,,,,
2011-03-07,,114.97,114.72,,,,,,,,,,,,,,,,,,
2011-03-08,,114.75,114.98,,,,,,,,,,,,,,,,,,
2011-03-09,,114.88,115.05,,,,,,,,,,,,,,,,,,
2011-03-10,,114.73,114.68,,,,,,,,,,,,,,,,,,
2011-03-11,,113.24,113.7,,,,,,,,,,,,,,,,,,
2011-03-14,,114.24,114.19,,,,,,,,,,,,,,,,,,
2011-03-15,,112.73,112.87,,,,,,,,,,,,,,,,,,
2011-03-16,,112.6,111.61,,,,,,,,,,,,,,,,,,
2011-03-17,,110.08,110.43,,,,,,,,,,,,,,,,,,
2011-03-18,,115.33,114.69,,,,,,,,,,,,,,,,,,
2011-03-21,,115.09,115.07,,,,,,,,,,,,,,,,,,
2011-03-22,,115.24,115.07,,,,,,,,,,,,,,,,,,
2011-03-23,,114.49,114.33,,,,,,,,,,,,,,,,,,
2011-03-24,,114.43,114.74,,,,,,,,,,,,,,,,,,
2011-03-25,,114.95,114.72,,,,,,,,,,,,,,,,,,
2011-03-28,,114.64,115.17,,,,,,,,,,,,,,,,,,
2011-03-29,,115.55,116.04,,,,,,,,,,,,,,,,,,
2011-03-30,,117.13,116.97,,,,,,,,,,,,,,,,,,
2011-03-31,,117.78,117.43,,,,,,,,,,,,,,,,,,
2011-04-01,,118.64,119.47,,,,,,,,,,,,,,,,,,
2011-04-04,,119.42,119.38,,,,,,,,,,,,,,,,,,
2011-04-05,,119.38,120.48,,,,,,,,,,,,,,,,,,
2011-04-06,,121.76,122.19,,,,,,,,,,,,,,,,,,
2011-04-07,,121.62,121.43,,,,,,,,,,,,,,,,,,
2011-04-08,,122.87,122.69,,,,,,,,,,,,,,,,,,
2011-04-11,,122.25,122.26,,,,,,,,,,,,,,,,,,
2011-04-12,,121.73,121.15,,,,,,,,,,,,,,,,,,
2011-04-13,,121.97,121.14,,,,,,,,,,,,,,,,,,
2011-04-14,,119.63,120.39,,,,,,,,,,,,,,,,,,
2011-04-15,,120.36,120.09,,,,,,,,,,,,,,,,,,
2011-04-18,,118.31,117.14,,,,,,,,,,,,,,,,,,
2011-04-19,,118.17,118.0,,,,,,,,,,,,,,,,,,
2011-04-20,,120.01,119.8,,,,,,,,,,,,,,,,,,
2011-04-21,,119.85,119.27,,,,,,,,,,,,,,,,,,
2011-04-22,,119.18,119.13,,,,,,,,,,,,,,,,,,
2011-04-25,,119.72,119.38,,,,,,,,,,,,,,,,,,
2011-04-26,,119.31,119.77,,,,,,,,,,,,,,,,,,
2011-04-27,,120.49,121.07,,,,,,,,,,,,,,,,,,
2011-04-28,,120.89,120.54,,,,,,,,,,,,,,,,,,
2011-04-29,,120.67,120.46,,,,,,,,,,,,,,,,,,
2011-05-02,,120.79,120.76,,,,,,,,,,,,,,,,,,
2011-05-03,,119.26,120.49,,,,,,,,,,,,,,,,,,
2011-05-04,,120.6,119.88,,,,,,,,,,,,,,,,,,
2011-05-05,,118.47,116.9,,,,,,,,,,,,,,,,,,
2011-05-06,,116.51,116.69,,,,,,,,,,,,,,,,,,
2011-05-09,,116.32,115.33,,,,,,,,,,,,,,,,,,
2011-05-10,,115.81,115.89,,,,,,,,,,,,,,,,,,
2011-05-11,,116.57,115.24,,,,,,,,,,,,,,,,,,
2011-05-12,,114.68,114.92,,,,,,,,,,,,,,,,,,
2011-05-13,,115.34,114.26,,,,,,,,,,,,,,,,,,
2011-05-16,,114.17,114.88,,,,,,,,,,,,,,,,,,
2011-05-17,,115.57,115.18,,,,,,,,,,,,,,,,,,
2011-05-18,,115.48,116.14,,,,,,,,,,,,,,,,,,
2011-05-19,,116.65,116.57,,,,,,,,,,,,,,,,,,
2011-05-20,,116.2,115.73,,,,,,,,,,,,,,,,,,
2011-05-23,,114.92,114.66,,,,,,,,,,,,,,,,,,
2011-05-24,,115.29,115.85,,,,,,,,,,,,,,,,,,
2011-05-25,,115.66,115.61,,,,,,,,,,,,,,,,,,
2011-05-26,,116.11,114.72,,,,,,,,,,,,,,,,,,
2011-05-27,,115.43,115.34,,,,,,,,,,,,,,,,,,
2011-05-30,,115.42,115.5,,,,,,,,,,,,,,,,,,
2011-05-31,,117.27,116.85,,,,,,,,,,,,,,,,,,
2011-06-01,,117.14,116.7,,,,,,,,,,,,,,,,,,
2011-06-02,,116.68,116.82,,,,,,,,,,,,,,,,,,
2011-06-03,,116.87,117.38,,,,,,,,,,,,,,,,,,
2011-06-06,,116.92,117.19,,,,,,,,,,,,,,,,,,
2011-06-07,,117.53,117.69,,,,,,,,,,,,,,,,,,
2011-06-08,,116.7,116.49,,,,,,,,,,,,,,,,,,
2011-06-09,,116.95,116.34,,,,,,,,,,,,,,,,,,
2011-06-10,,115.9,115.3,,,,,,,,,,,,,,,,,,
2011-06-13,,115.46,115.14,,,,,,,,,,,,,,,,,,
2011-06-14,,115.93,116.5,,,,,,,,,,,,,,,,,,
2011-06-15,,115.39,114.76,,,,,,,,,,,,,,,,,,
2011-06-16,,113.67,114.22,,,,,,,,,,,,,,,,,,
2011-06-17,,114.71,114.72,,,,,,,,,,,,,,,,,,
2011-06-20,,114.14,114.96,,,,,,,,,,,,,,,,,,
2011-06-21,,115.16,115.38,,,,,,,,,,,,,,,,,,
2011-06-22,,115.43,115.24,,,,,,,,,,,,,,,,,,
2011-06-23,,114.56,113.98,,,,,,,,,,,,,,,,,,
2011-06-24,,113.93,113.96,,,,,,,,,,,,,,,,,,
2011-06-27,,114.69,115.51,,,,,,,,,,,,,,,,,,
2011-06-28,,115.3,116.15,,,,,,,,,,,,,,,,,,
2011-06-29,,116.83,116.57,,,,,,,,,,,,,,,,,,
2011-06-30,,116.27,117.13,,,,,,,,,,,,,,,,,,
2011-07-01,,116.89,117.19,,,,,,,,,,,,,,,,,,
2011-07-04,,117.11,117.35,,,,,,,,,,,,,,,,,,
2011-07-05,,117.36,117.39,,,,,,,,,,,,,,,,,,
2011-07-06,,116.13,115.88,,,,,,,,,,,,,,,,,,
2011-07-07,,115.55,116.57,,,,,,,,,,,,,,,,,,
2011-07-08,,115.92,114.94,,,,,,,,,,,,,,,,,,
2011-07-11,,113.24,112.73,,,,,,,,,,,,,,,,,,
2011-07-12,,111.56,111.47,,,,,,,,,,,,,,,,,,
2011-07-13,,111.55,111.93,,,,,,,,,,,,,,,,,,
2011-07-14,,112.18,112.16,,,,,,,,,,,,,,,,,,
2011-07-15,,112.09,111.98,,,,,,,,,,,,,,,,,,
2011-07-18,,111.17,111.05,,,,,,,,,,,,,,,,,,
2011-07-19,,111.84,111.73,,,,,,,,,,,,,,,,,,
2011-07-20,,112.07,111.76,,,,,,,,,,,,,,,,,,
2011-07-21,,111.91,112.81,,,,,,,,,,,,,,,,,,
2011-07-22,,112.78,112.65,,,,,,,,,,,,,,,,,,
2011-07-25,,112.46,112.44,,,,,,,,,,,,,,,,,,
2011-07-26,,113.01,113.12,,,,,,,,,,,,,,,,,,
2011-07-27,,112.47,112.09,,,,,,,,,,,,,,,,,,
2011-07-28,,111.0,111.35,,,,,,,,,,,,,,,,,,
2011-07-29,,110.62,111.04,,,,,,,,,,,,,,,,,,
2011-08-01,,110.97,109.25,,,,,,,,,,,,,,,,,,
2011-08-02,,109.67,109.76,,,,,,,,,,,,,,,,,,
2011-08-03,,110.3,110.02,,,,,,,,,,,,,,,,,,
2011-08-04,,113.57,111.76,,,,,,,,,,,,,,,,,,
2011-08-05,,111.28,111.04,,,,,,,,,,,,,,,,,,
2011-08-08,,110.72,110.38,,,,,,,,,,,,,,,,,,
2011-08-09,,110.13,109.96,,,,,,,,,,,,,,,,,,
2011-08-10,,109.8,108.42,,,,,,,,,,,,,,,,,,
2011-08-11,,108.39,109.04,,,,,,,,,,,,,,,,,,
2011-08-12,,109.18,109.36,,,,,,,,,,,,,,,,,,
2011-08-15,,109.94,110.88,,,,,,,,,,,,,,,,,,
2011-08-16,,110.14,110.68,,,,,,,,,,,,,,,,,,
2011-08-17,,110.85,110.35,,,,,,,,,,,,,,,,,,
2011-08-18,,110.01,109.55,,,,,,,,,,,,,,,,,,
2011-08-19,,110.01,110.12,,,,,,,,,,,,,,,,,,
2011-08-22,,110.69,110.42,,,,,,,,,,,,,,,,,,
2011-08-23,,110.74,110.5,,,,,,,,,,,,,,,,,,
2011-08-24,,110.54,110.52,,,,,,,,,,,,,,,,,,
2011-08-25,,111.43,111.27,,,,,,,,,,,,,,,,,,
2011-08-26,,110.46,110.83,,,,,,,,,,,,,,,,,,
2011-08-29,,111.1,111.66,,,,,,,,,,,,,,,,,,
2011-08-30,,110.68,110.78,,,,,,,,,,,,,,,,,,
2011-08-31,,110.67,110.18,,,,,,,,,,,,,,,,,,
2011-09-01,,109.94,109.67,,,,,,,,,,,,,,,,,,
2011-09-02,,109.46,109.08,,,,,,,,,,,,,,,,,,
2011-09-05,,108.52,108.39,,,,,,,,,,,,,,,,,,
2011-09-06,,109.12,108.47,,,,,,,,,,,,,,,,,,
2011-09-07,,108.38,108.79,,,,,,,,,,,,,,,,,,
2011-09-08,,108.32,107.97,,,,,,,,,,,,,,,,,,
2011-09-09,,107.45,105.64,,,,,,,,,,,,,,,,,,
2011-09-12,,104.98,105.22,,,,,,,,,,,,,,,,,,
2011-09-13,,105.14,105.13,,,,,,,,,,,,,,,,,,
2011-09-14,,105.43,105.17,,,,,,,,,,,,,,,,,,
2011-09-15,,105.73,106.26,,,,,,,,,,,,,,,,,,
2011-09-16,,105.8,105.95,,,,,,,,,,,,,,,,,,
2011-09-19,,104.72,104.29,,,,,,,,,,,,,,,,,,
2011-09-20,,104.93,104.75,,,,,,,,,,,,,,,,,,
2011-09-21,,104.08,104.79,,,,,,,,,,,,,,,,,,
2011-09-22,,102.79,102.63,,,,,,,,,,,,,,,,,,
2011-09-23,,102.41,103.1,,,,,,,,,,,,,,,,,,
2011-09-26,,103.06,103.15,,,,,,,,,,,,,,,,,,
2011-09-27,,103.87,104.19,,,,,,,,,,,,,,,,,,
2011-09-28,,104.21,104.28,,,,,,,,,,,,,,,,,,
2011-09-29,,104.44,104.56,,,,,,,,,,,,,,,,,,
2011-09-30,,103.84,103.6,,,,,,,,,,,,,,,,,,
2011-10-03,,102.6,101.82,,,,,,,,,,,,,,,,,,
2011-10-04,,101.02,102.21,,,,,,,,,,,,,,,,,,
2011-10-05,,102.16,102.43,,,,,,,,,,,,,,,,,,
2011-10-06,,101.86,102.79,,,,,,,,,,,,,,,,,,
2011-10-07,,103.01,103.67,,,,,,,,,,,,,,,,,,
2011-10-10,,104.16,104.9,,,,,,,,,,,,,,,,,,
2011-10-11,,104.2,104.73,,,,,,,,,,,,,,,,,,
2011-10-12,,105.68,106.69,,,,,,,,,,,,,,,,,,
2011-10-13,,105.55,105.55,,,,,,,,,,,,,,,,,,
2011-10-14,,106.38,107.18,,,,,,,,,,,,,,,,,,
2011-10-17,,106.42,105.7,,,,,,,,,,,,,,,,,,
2011-10-18,,104.87,105.29,,,,,,,,,,,,,,,,,,
2011-10-19,,106.13,105.8,,,,,,,,,,,,,,,,,,
2011-10-20,,106.02,105.1,,,,,,,,,,,,,,,,,,
2011-10-21,,105.96,105.57,,,,,,,,,,,,,,,,,,
2011-10-24,,105.44,105.98,,,,,,,,,,,,,,,,,,
2011-10-25,,106.15,105.52,,,,,,,,,,,,,,,,,,
2011-10-26,,105.7,105.2,,,,,,,,,,,,,,,,,,
2011-10-27,,106.36,107.44,,,,,,,,,,,,,,,,,,
2011-10-28,,107.25,107.24,,,,,,,,,,,,,,,,,,
2011-10-31,,109.22,108.74,,,,,,,,,,,,,,,,,,
2011-11-01,,106.92,107.02,,,,,,,,,,,,,,,,,,
2011-11-02,,107.54,107.65,,,,,,,,,,,,,,,,,,
2011-11-03,,107.77,107.19,,,,,,,,,,,,,,,,,,
2011-11-04,,107.91,107.54,,,,,,,,,,,,,,,,,,
2011-11-07,,107.25,107.32,,,,,,,,,,,,,,,,,,
2011-11-08,,107.42,107.21,,,,,,,,,,,,,,,,,,
2011-11-09,,105.73,105.7,,,,,,,,,,,,,,,,,,
2011-11-10,,105.91,105.66,,,,,,,,,,,,,,,,,,
2011-11-11,,105.67,106.16,,,,,,,,,,,,,,,,,,
2011-11-14,,105.06,104.92,,,,,,,,,,,,,,,,,,
2011-11-15,,104.27,104.32,,,,,,,,,,,,,,,,,,
2011-11-16,,103.68,104.2,,,,,,,,,,,,,,,,,,
2011-11-17,,103.91,103.69,,,,,,,,,,,,,,,,,,
2011-11-18,,104.11,103.96,,,,,,,,,,,,,,,,,,
2011-11-21,,103.53,103.93,,,,,,,,,,,,,,,,,,
2011-11-22,,104.04,104.08,,,,,,,,,,,,,,,,,,
2011-11-23,,103.34,103.34,,,,,,,,,,,,,,,,,,
2011-11-24,,102.88,102.84,,,,,,,,,,,,,,,,,,
2011-11-25,,102.81,102.83,,,,,,,,,,,,,,,,,,
2011-11-28,,104.15,103.81,,,,,,,,,,,,,,,,,,
2011-11-29,,103.55,103.73,,,,,,,,,,,,,,,,,,
2011-11-30,,104.63,104.31,,,,,,,,,,,,,,,,,,
2011-12-01,,104.85,104.45,,,,,,,,,,,,,,,,,,
2011-12-02,,105.13,104.31,,,,,,,,,,,,,,,,,,
2011-12-05,,104.841,104.665,,,,,,,,,,,,,,,,,,
2011-12-06,,103.945,104.105,,,,,,,,,,,,,,,,,,
2011-12-07,,103.798,104.214,,,,,,,,,,,,,,,,,,
2011-12-08,,103.245,103.62,,,,,,,,,,,,,,,,,,
2011-12-09,,103.555,103.779,,,,,,,,,,,,,,,,,,
2011-12-12,,103.15,102.795,,,,,,,,,,,,,,,,,,
2011-12-13,,102.6,101.931,,,,,,,,,,,,,,,,,,
2011-12-14,,101.34,101.433,,,,,,,,,,,,,,,,,,
2011-12-15,,101.413,101.289,,,,,,,,,,,,,,,,,,
2011-12-16,,101.685,101.194,,,,,,,,,,,,,,,,,,
2011-12-19,,101.505,101.46,,,,,,,,,,,,,,,,,,
2011-12-20,,102.067,101.786,,,,,,,,,,,,,,,,,,
2011-12-21,,101.664,101.904,,,,,,,,,,,,,,,,,,
2011-12-22,,101.867,101.992,,,,,,,,,,,,,,,,,,
2011-12-23,,101.908,101.882,,,,,,,,,,,,,,,,,,
2011-12-26,,101.901,101.916,,,,,,,,,,,,,,,,,,
2011-12-27,,101.702,101.758,,,,,,,,,,,,,,,,,,
2011-12-28,,101.376,100.881,,,,,,,,,,,,,,,,,,
2011-12-29,,100.261,100.575,,,,,,,,,,,,,,,,,,
2011-12-30,,100.144,99.776,,,,,,,,,,,,,,,,,,
2012-01-02,,99.448,99.45,,,,,,,,,,,,,,,,,,
2012-01-03,,100.043,100.058,,,,,,,,,,,,,,,,,,
2012-01-04,,99.292,99.275,,,,,,,,,,,,,,,,,,
2012-01-05,,98.7,98.709,,,,,,,,,,,,,,,,,,
2012-01-06,,98.279,98.025,,,,,,,,,,,,,,,,,,
2012-01-09,,98.05,97.928,,,,,,,,,,,,,,,,,,
2012-01-10,,98.359,98.136,,,,,,,,,,,,,,,,,,
2012-01-11,,97.83,97.62,,,,,,,,,,,,,,,,,,
2012-01-12,,98.081,98.438,,,,,,,,,,,,,,,,,,
2012-01-13,,97.751,97.415,,,,,,,,,,,,,,,,,,
2012-01-16,,97.222,97.286,,,,,,,,,,,,,,,,,,
2012-01-17,,97.865,97.843,,,,,,,,,,,,,,,,,,
2012-01-18,,98.371,98.648,,,,,,,,,,,,,,,,,,
2012-01-19,,99.182,99.858,,,,,,,,,,,,,,,,,,
2012-01-20,,99.716,99.516,,,,,,,,,,,,,,,,,,
2012-01-23,,100.123,100.138,,,,,,,,,,,,,,,,,,
2012-01-24,,100.707,101.191,,,,,,,,,,,,,,,,,,
2012-01-25,,101.218,101.471,,,,,,,,,,,,,,,,,,
2012-01-26,,102.125,101.849,,,,,,,,,,,,,,,,,,
2012-01-27,,100.699,101.046,,,,,,,,,,,,,,,,,,
2012-01-30,,100.189,100.159,,,,,,,,,,,,,,,,,,
2012-01-31,,100.455,99.713,,,,,,,,,,,,,,,,,,
2012-02-01,,100.253,100.554,,,,,,,,,,,,,,,,,,
2012-02-02,,99.765,100.134,,,,,,,,,,,,,,,,,,
2012-02-03,,100.388,100.589,,,,,,,,,,,,,,,,,,
2012-02-06,,99.903,100.536,,,,,,,,,,,,,,,,,,
2012-02-07,,101.089,101.911,,,,,,,,,,,,,,,,,,
2012-02-08,,101.839,102.202,,,,,,,,,,,,,,,,,,
2012-02-09,,102.612,103.082,,,,,,,,,,,,,,,,,,
2012-02-10,,102.334,102.37,,,,,,,,,,,,,,,,,,
2012-02-13,,102.726,102.468,,,,,,,,,,,,,,,,,,
2012-02-14,,102.724,102.788,,,,,,,,,,,,,,,,,,
2012-02-15,,102.587,102.273,,,,,,,,,,,,,,,,,,
2012-02-16,,102.527,103.421,,,,,,,,,,,,,,,,,,
2012-02-17,,104.398,104.457,,,,,,,,,,,,,,,,,,
2012-02-20,,105.35,105.368,,,,,,,,,,,,,,,,,,
2012-02-21,,105.429,105.602,,,,,,,,,,,,,,,,,,
2012-02-22,,106.258,106.434,,,,,,,,,,,,,,,,,,
2012-02-23,,106.678,106.745,,,,,,,,,,,,,,,,,,
2012-02-24,,108.076,108.879,,,,,,,,,,,,,,,,,,
2012-02-27,,107.765,107.772,,,,,,,,,,,,,,,,,,
2012-02-28,,107.999,108.296,,,,,,,,,,,,,,,,,,
2012-02-29,,107.952,108.2,,,,,,,,,,,,,,,,,,
2012-03-01,,107.977,108.015,,,,,,,,,,,,,,,,,,
2012-03-02,,107.883,107.74,,,,,,,,,,,,,,,,,,
2012-03-05,,107.744,107.674,,,,,,,,,,,,,,,,,,
2012-03-06,,106.327,105.753,,,,,,,,,,,,,,,,,,
2012-03-07,,106.285,106.494,,,,,,,,,,,,,,,,,,
2012-03-08,,108.087,108.125,,,,,,,,,,,,,,,,,,
2012-03-09,,108.16,108.224,,,,,,,,,,,,,,,,,,
2012-03-12,,107.855,108.008,,,,,,,,,,,,,,,,,,
2012-03-13,,108.343,108.371,,,,,,,,,,,,,,,,,,
2012-03-14,,109.167,109.093,,,,,,,,,,,,,,,,,,
2012-03-15,,108.942,108.861,,,,,,,,,,,,,,,,,,
2012-03-16,,109.637,109.719,,,,,,,,,,,,,,,,,,
2012-03-19,,109.406,110.298,,,,,,,,,,,,,,,,,,
2012-03-20,,110.427,110.516,,,,,,,,,,,,,,,,,,
2012-03-21,,111.281,110.325,,,,,,,,,,,,,,,,,,
2012-03-22,,108.844,108.841,,,,,,,,,,,,,,,,,,
2012-03-23,,109.066,109.199,,,,,,,,,,,,,,,,,,
2012-03-26,,109.806,110.388,,,,,,,,,,,,,,,,,,
2012-03-27,,110.626,110.892,,,,,,,,,,,,,,,,,,
2012-03-28,,110.769,110.015,,,,,,,,,,,,,,,,,,
2012-03-29,,109.289,109.116,,,,,,,,,,,,,,,,,,
2012-03-30,,109.488,109.82,,,,,,,,,,,,,,,,,,
2012-04-02,,109.984,109.463,,,,,,,,,,,,,,,,,,
2012-04-03,,109.298,109.587,,,,,,,,,,,,,,,,,,
2012-04-04,,108.182,108.494,,,,,,,,,,,,,,,,,,
2012-04-05,,107.136,107.566,,,,,,,,,,,,,,,,,,
2012-04-06,,107.677,106.721,,,,,,,,,,,,,,,,,,
2012-04-09,,106.396,106.451,,,,,,,,,,,,,,,,,,
2012-04-10,,106.266,105.743,,,,,,,,,,,,,,,,,,
2012-04-11,,106.269,106.013,,,,,,,,,,,,,,,,,,
2012-04-12,,106.645,106.534,,,,,,,,,,,,,,,,,,
2012-04-13,,106.553,105.937,,,,,,,,,,,,,,,,,,
2012-04-16,,105.12,105.137,,,,,,,,,,,,,,,,,,
2012-04-17,,105.966,105.95,,,,,,,,,,,,,,,,,,
2012-04-18,,106.457,106.655,,,,,,,,,,,,,,,,,,
2012-04-19,,106.943,107.114,,,,,,,,,,,,,,,,,,
2012-04-20,,107.826,107.805,,,,,,,,,,,,,,,,,,
2012-04-23,,106.557,106.527,,,,,,,,,,,,,,,,,,
2012-04-24,,106.846,107.207,,,,,,,,,,,,,,,,,,
2012-04-25,,107.224,107.412,,,,,,,,,,,,,,,,,,
2012-04-26,,106.932,106.861,,,,,,,,,,,,,,,,,,
2012-04-27,,106.797,106.622,,,,,,,,,,,,,,,,,,
2012-04-30,,105.897,105.557,,,,,,,,,,,,,,,,,,
2012-05-01,,105.93,106.03,,,,,,,,,,,,,,,,,,
2012-05-02,,105.464,105.451,,,,,,,,,,,,,,,,,,
2012-05-03,,105.517,105.647,,,,,,,,,,,,,,,,,,
2012-05-04,,105.333,104.549,,,,,,,,,,,,,,,,,,
2012-05-07,,104.162,104.25,,,,,,,,,,,,,,,,,,
2012-05-08,,104.072,103.891,,,,,,,,,,,,,,,,,,
2012-05-09,,103.124,103.153,,,,,,,,,,,,,,,,,,
2012-05-10,,103.333,103.535,,,,,,,,,,,,,,,,,,
2012-05-11,,103.474,103.33,,,,,,,,,,,,,,,,,,
2012-05-14,,102.62,102.538,,,,,,,,,,,,,,,,,,
2012-05-15,,102.663,102.244,,,,,,,,,,,,,,,,,,
2012-05-16,,102.401,102.241,,,,,,,,,,,,,,,,,,
2012-05-17,,101.722,100.767,,,,,,,,,,,,,,,,,,
2012-05-18,,100.829,100.664,,,,,,,,,,,,,,,,,,
2012-05-21,,101.116,101.265,,,,,,,,,,,,,,,,,,
2012-05-22,,101.97,101.796,,,,,,,,,,,,,,,,,,
2012-05-23,,100.617,99.697,,,,,,,,,,,,,,,,,,
2012-05-24,,99.691,99.95,,,,,,,,,,,,,,,,,,
2012-05-25,,99.902,99.689,,,,,,,,,,,,,,,,,,
2012-05-28,,99.787,99.631,,,,,,,,,,,,,,,,,,
2012-05-29,,99.648,99.131,,,,,,,,,,,,,,,,,,
2012-05-30,,98.437,97.969,,,,,,,,,,,,,,,,,,
2012-05-31,,97.726,96.765,,,,,,,,,,,,,,,,,,
2012-06-01,,96.26,97.12,,,,,,,,,,,,,,,,,,
2012-06-04,,97.188,97.8,,,,,,,,,,,,,,,,,,
2012-06-05,,97.174,97.782,,,,,,,,,,,,,,,,,,
2012-06-06,,98.919,99.16,,,,,,,,,,,,,,,,,,
2012-06-07,,99.978,100.082,,,,,,,,,,,,,,,,,,
2012-06-08,,98.9,99.167,,,,,,,,,,,,,,,,,,
2012-06-11,,99.597,99.397,,,,,,,,,,,,,,,,,,
2012-06-12,,99.365,99.132,,,,,,,,,,,,,,,,,,
2012-06-13,,99.91,99.903,,,,,,,,,,,,,,,,,,
2012-06-14,,99.644,99.953,,,,,,,,,,,,,,,,,,
2012-06-15,,99.275,99.369,,,,,,,,,,,,,,,,,,
2012-06-18,,99.718,99.308,,,,,,,,,,,,,,,,,,
2012-06-19,,99.597,100.15,,,,,,,,,,,,,,,,,,
2012-06-20,,100.415,101.018,,,,,,,,,,,,,,,,,,
2012-06-21,,101.444,100.933,,,,,,,,,,,,,,,,,,
2012-06-22,,100.793,100.966,,,,,,,,,,,,,,,,,,
2012-06-25,,99.716,99.208,,,,,,,,,,,,,,,,,,
2012-06-26,,99.002,99.122,,,,,,,,,,,,,,,,,,
2012-06-27,,99.577,99.433,,,,,,,,,,,,,,,,,,
2012-06-28,,98.655,98.653,,,,,,,,,,,,,,,,,,
2012-06-29,,100.131,101.103,,,,,,,,,,,,,,,,,,
2012-07-02,,100.507,99.922,,,,,,,,,,,,,,,,,,
2012-07-03,,100.384,100.674,,,,,,,,,,,,,,,,,,
2012-07-04,,100.291,99.968,,,,,,,,,,,,,,,,,,
2012-07-05,,99.013,99.018,,,,,,,,,,,,,,,,,,
2012-07-06,,98.865,97.756,,,,,,,,,,,,,,,,,,
2012-07-09,,97.809,97.962,,,,,,,,,,,,,,,,,,
2012-07-10,,97.681,97.339,,,,,,,,,,,,,,,,,,
2012-07-11,,97.146,97.579,,,,,,,,,,,,,,,,,,
2012-07-12,,96.65,96.74,,,,,,,,,,,,,,,,,,
2012-07-13,,96.625,96.884,,,,,,,,,,,,,,,,,,
2012-07-16,,96.34,96.638,,,,,,,,,,,,,,,,,,
2012-07-17,,97.151,96.689,,,,,,,,,,,,,,,,,,
2012-07-18,,96.684,96.634,,,,,,,,,,,,,,,,,,
2012-07-19,,96.514,96.33,,,,,,,,,,,,,,,,,,
2012-07-20,,95.8,95.557,,,,,,,,,,,,,,,,,,
2012-07-23,,94.733,95.039,,,,,,,,,,,,,,,,,,
2012-07-24,,94.583,94.272,,,,,,,,,,,,,,,,,,
2012-07-25,,94.952,94.902,,,,,,,,,,,,,,,,,,
2012-07-26,,95.765,96.071,,,,,,,,,,,,,,,,,,
2012-07-27,,96.149,97.127,,,,,,,,,,,,,,,,,,
2012-07-30,,95.771,95.773,,,,,,,,,,,,,,,,,,
2012-07-31,,95.983,96.169,,,,,,,,,,,,,,,,,,
2012-08-01,,96.21,96.163,,,,,,,,,,,,,,,,,,
2012-08-02,,96.202,95.049,,,,,,,,,,,,,,,,,,
2012-08-03,,95.915,97.366,,,,,,,,,,,,,,,,,,
2012-08-06,,97.003,97.1,,,,,,,,,,,,,,,,,,
2012-08-07,,97.511,97.787,,,,,,,,,,,,,,,,,,
2012-08-08,,96.877,96.975,,,,,,,,,,,,,,,,,,
2012-08-09,,96.524,96.573,,,,,,,,,,,,,,,,,,
2012-08-10,,96.111,96.216,,,,,,,,,,,,,,,,,,
2012-08-13,,96.736,96.66,,,,,,,,,,,,,,,,,,
2012-08-14,,97.098,97.16,,,,,,,,,,,,,,,,,,
2012-08-15,,96.861,96.927,,,,,,,,,,,,,,,,,,
2012-08-16,,97.34,97.91,,,,,,,,,,,,,,,,,,
2012-08-17,,98.008,97.898,,,,,,,,,,,,,,,,,,
2012-08-20,,97.846,98.005,,,,,,,,,,,,,,,,,,
2012-08-21,,98.829,99.038,,,,,,,,,,,,,,,,,,
2012-08-22,,98.665,98.743,,,,,,,,,,,,,,,,,,
2012-08-23,,98.665,98.709,,,,,,,,,,,,,,,,,,
2012-08-24,,98.172,98.541,,,,,,,,,,,,,,,,,,
2012-08-27,,98.578,98.455,,,,,,,,,,,,,,,,,,
2012-08-28,,98.61,98.616,,,,,,,,,,,,,,,,,,
2012-08-29,,98.634,98.722,,,,,,,,,,,,,,,,,,
2012-08-30,,98.604,98.167,,,,,,,,,,,,,,,,,,
2012-08-31,,98.872,98.453,,,,,,,,,,,,,,,,,,
2012-09-03,,98.466,98.619,,,,,,,,,,,,,,,,,,
2012-09-04,,98.723,98.455,,,,,,,,,,,,,,,,,,
2012-09-05,,98.407,98.732,,,,,,,,,,,,,,,,,,
2012-09-06,,99.194,99.693,,,,,,,,,,,,,,,,,,
2012-09-07,,100.236,99.948,,,,,,,,,,,,,,,,,,
2012-09-10,,99.993,100.111,,,,,,,,,,,,,,,,,,
2012-09-11,,99.599,100.009,,,,,,,,,,,,,,,,,,
2012-09-12,,100.383,100.37,,,,,,,,,,,,,,,,,,
2012-09-13,,100.253,99.932,,,,,,,,,,,,,,,,,,
2012-09-14,,102.202,102.79,,,,,,,,,,,,,,,,,,
2012-09-17,,102.699,103.271,,,,,,,,,,,,,,,,,,
2012-09-18,,102.69,102.569,,,,,,,,,,,,,,,,,,
2012-09-19,,102.374,102.456,,,,,,,,,,,,,,,,,,
2012-09-20,,101.315,101.401,,,,,,,,,,,,,,,,,,
2012-09-21,,101.459,101.539,,,,,,,,,,,,,,,,,,
2012-09-24,,100.807,100.535,,,,,,,,,,,,,,,,,,
2012-09-25,,100.609,100.852,,,,,,,,,,,,,,,,,,
2012-09-26,,99.828,99.971,,,,,,,,,,,,,,,,,,
2012-09-27,,99.894,99.925,,,,,,,,,,,,,,,,,,
2012-09-28,,100.362,100.222,,,,,,,,,,,,,,,,,,
2012-10-01,,100.447,100.62,,,,,,,,,,,,,,,,,,
2012-10-02,,101.038,101.008,,,,,,,,,,,,,,,,,,
2012-10-03,,100.999,101.437,,,,,,,,,,,,,,,,,,
2012-10-04,,101.839,101.979,,,,,,,,,,,,,,,,,,
2012-10-05,,102.033,102.685,,,,,,,,,,,,,,,,,,
2012-10-08,,101.458,101.378,,,,,,,,,,,,,,,,,,
2012-10-09,,101.322,100.737,,,,,,,,,,,,,,,,,,
2012-10-10,,100.932,100.857,,,,,,,,,,,,,,,,,,
2012-10-11,,101.272,101.416,,,,,,,,,,,,,,,,,,
2012-10-12,,101.72,101.357,,,,,,,,,,,,,,,,,,
2012-10-15,,102.107,101.979,,,,,,,,,,,,,,,,,,
2012-10-16,,102.989,102.85,,,,,,,,,,,,,,,,,,
2012-10-17,,103.179,103.397,,,,,,,,,,,,,,,,,,
2012-10-18,,103.925,103.866,,,,,,,,,,,,,,,,,,
2012-10-19,,103.29,103.195,,,,,,,,,,,,,,,,,,
2012-10-22,,104.318,104.29,,,,,,,,,,,,,,,,,,
2012-10-23,,103.878,103.514,,,,,,,,,,,,,,,,,,
2012-10-24,,103.302,103.298,,,,,,,,,,,,,,,,,,
2012-10-25,,104.1,103.708,,,,,,,,,,,,,,,,,,
2012-10-26,,102.986,102.987,,,,,,,,,,,,,,,,,,
2012-10-29,,102.696,102.971,,,,,,,,,,,,,,,,,,
2012-10-30,,102.78,103.261,,,,,,,,,,,,,,,,,,
2012-10-31,,103.796,103.57,,,,,,,,,,,,,,,,,,
2012-11-01,,103.692,103.66,,,,,,,,,,,,,,,,,,
2012-11-02,,103.387,103.424,,,,,,,,,,,,,,,,,,
2012-11-05,,102.628,102.563,,,,,,,,,,,,,,,,,,
2012-11-06,,102.691,103.014,,,,,,,,,,,,,,,,,,
2012-11-07,,101.962,101.951,,,,,,,,,,,,,,,,,,
2012-11-08,,101.835,101.446,,,,,,,,,,,,,,,,,,
2012-11-09,,100.662,101.099,,,,,,,,,,,,,,,,,,
2012-11-12,,100.983,100.98,,,,,,,,,,,,,,,,,,
2012-11-13,,100.789,100.906,,,,,,,,,,,,,,,,,,
2012-11-14,,102.238,102.14,,,,,,,,,,,,,,,,,,
2012-11-15,,103.82,103.653,,,,,,,,,,,,,,,,,,
2012-11-16,,103.379,103.57,,,,,,,,,,,,,,,,,,
2012-11-19,,103.718,103.897,,,,,,,,,,,,,,,,,,
2012-11-20,,104.548,104.644,,,,,,,,,,,,,,,,,,
2012-11-21,,105.724,105.745,,,,,,,,,,,,,,,,,,
2012-11-22,,106.407,106.061,,,,,,,,,,,,,,,,,,
2012-11-23,,106.413,106.936,,,,,,,,,,,,,,,,,,
2012-11-26,,106.526,106.456,,,,,,,,,,,,,,,,,,
2012-11-27,,106.419,106.301,,,,,,,,,,,,,,,,,,
2012-11-28,,105.51,105.926,,,,,,,,,,,,,,,,,,
2012-11-29,,106.568,106.453,,,,,,,,,,,,,,,,,,
2012-11-30,,107.279,107.274,,,,,,,,,,,,,,,,,,
2012-12-03,,107.405,107.345,,,,,,,,,,,,,,,,,,
2012-12-04,,107.172,107.111,,,,,,,,,,,,,,,,,,
2012-12-05,,107.252,107.761,,,,,,,,,,,,,,,,,,
2012-12-06,,107.303,106.693,,,,,,,,,,,,,,,,,,
2012-12-07,,106.683,106.531,,,,,,,,,,,,,,,,,,
2012-12-10,,106.311,106.579,,,,,,,,,,,,,,,,,,
2012-12-11,,106.985,107.171,,,,,,,,,,,,,,,,,,
2012-12-12,,108.038,108.869,,,,,,,,,,,,,,,,,,
2012-12-13,,109.048,109.098,,,,,,,,,,,,,,,,,,
2012-12-14,,109.341,109.85,,,,,,,,,,,,,,,,,,
2012-12-17,,110.215,110.236,,,,,,,,,,,,,,,,,,
2012-12-18,,110.551,111.269,,,,,,,,,,,,,,,,,,
2012-12-19,,112.444,111.823,,,,,,,,,,,,,,,,,,
2012-12-20,,112.024,111.614,,,,,,,,,,,,,,,,,,
2012-12-21,,110.834,110.783,,,,,,,,,,,,,,,,,,
2012-12-24,,111.726,111.762,,,,,,,,,,,,,,,,,,
2012-12-26,,112.679,113.129,,,,,,,,,,,,,,,,,,
2012-12-27,,114.089,113.609,,,,,,,,,,,,,,,,,,
2012-12-28,,113.656,113.8,,,,,,,,,,,,,,,,,,
2012-12-31,,114.146,114.379,,,,,,,,,,,,,,,,,,
2013-01-02,,115.394,114.698,,,,,,,,,,,,,,,,,,
2013-01-03,0.003981729285892399,113.902,113.935,,,,,,,,,,,,,,,,,,
2013-01-04,0.003976613139422476,114.652,115.215,,,,,,,,,,,,,,,,,,
2013-01-07,0.003644965360405099,114.712,114.968,,,,,,,,,,,,,,,,,,
2013-01-08,0.0036500463058001136,114.516,113.983,95.0,-0.005955735093274525,113.836,113.815,113.733,113.867,129.0,-0.007379848559753608,113.674,113.686,113.735,113.758,,,,,,
2013-01-09,0.0035292371887765493,114.332,114.916,180.0,0.005660400699798455,114.981,,,,,,,,,,,,,,,
2013-01-10,0.00358331280047721,116.371,116.946,,,,,,,,,,,,,,,,,,
2013-01-11,0.003608688743956684,118.734,119.044,,,,,,,,,,,,,,,,,,
2013-01-14,0.006184646940567114,119.256,119.376,,,,,,,,,,,,,,,,,,
2013-01-15,0.004024759414963801,118.432,118.22,,,,,,,,,,,,,,,,,,
2013-01-16,0.00398212983168699,116.978,117.568,101.0,0.006340029758405925,117.722,117.68,117.772,117.8,140.0,0.008198616494904928,117.941,117.938,117.957,117.983,,,,,,
2013-01-17,0.004692739398309034,119.333,119.865,,,,,,,,,,,,,,,,,,
2013-01-18,0.0037511235697110876,119.686,119.909,,,,,,,,,,,,,,,,,,
2013-01-21,0.006085039585625975,119.259,119.512,,,,,,,,,,,,,,,,,,
2013-01-22,0.0038187311048363624,118.29,117.961,124.0,-0.005816188066126412,117.604,117.644,117.664,117.728,,,,,,,,,,,,
2013-01-23,0.0035738951035761213,118.016,117.829,,,,,,,,,,,,,,,,,,
2013-01-24,0.003919858867074901,119.979,120.392,,,,,,,,,,,,,,,,,,
2013-01-25,0.0037271890737565006,122.353,122.451,,,,,,,,,,,,,,,,,,
2013-01-28,0.004947237962147721,122.508,122.193,,,,,,,,,,,,,,,,,,
2013-01-29,0.0036808882105769146,121.856,122.15,,,,,,,,,,,,,,,,,,
2013-01-30,0.003517496688559167,123.417,123.584,,,,,,,,,,,,,,,,,,
2013-01-31,0.003494228080192916,123.483,124.067,,,,,,,,,,,,,,,,,,
2013-02-01,0.0034948949387033166,125.735,126.495,31.0,-0.0055828194610598875,125.035,125.082,124.923,125.127,35.0,-0.007111559668904406,124.844,124.923,125.213,124.929,137.0,0.008876067316589518,126.856,126.861,126.876,126.715
2013-02-04,0.0048494889402780255,125.87,125.249,,,,,,,,,,,,,,,,,,
2013-02-05,0.0036604123902743563,125.869,126.68,131.0,0.006359384862077858,126.672,126.643,126.605,126.721,147.0,0.007716301399028926,126.844,126.808,126.834,126.804,,,,,,
2013-02-06,0.004230850381403166,126.034,126.313,,,,,,,,,,,,,,,,,,
2013-02-07,0.005513398175497544,125.794,125.276,106.0,-0.008406060634805547,124.741,124.746,124.512,124.883,,,,,,,,,,,,
2013-02-08,0.004357538099137885,123.908,123.857,,,,,,,,,,,,,,,,,,
2013-02-11,0.0038813623117645523,124.912,125.482,,,,,,,,,,,,,,,,,,
2013-02-12,0.003569578072459926,125.537,125.543,,,,,,,,,,,,,,,,,,
2013-02-13,0.0048606418202633474,126.021,125.841,,,,,,,,,,,,,,,,,,
2013-02-14,0.004201473240691202,124.189,124.146,,,,,,,,,,,,,,,,,,
2013-02-15,0.003702713092373254,124.769,124.874,,,,,,,,,,,,,,,,,,
2013-02-18,0.005059136662776929,125.441,125.44,,,,,,,,,,,,,,,,,,
2013-02-19,0.003703153246060983,124.799,125.218,,,,,,,,,,,,,,,,,,
2013-02-20,0.0034686545696760002,125.401,124.917,,,,,,,,,,,,,,,,,,
2013-02-21,0.0033864275839507497,122.865,122.629,,,,,,,,,,,,,,,,,,
2013-02-22,0.0039597325425768815,123.04,123.222,,,,,,,,,,,,,,,,,,
2013-02-25,0.0036219631336344114,125.155,123.207,88.0,-0.005560555318511362,124.461,124.447,124.415,124.273,97.0,-0.007466581590706872,124.224,124.234,124.268,124.093,113.0,-0.00911818946363838,124.019,124.013,124.05,123.671
2013-02-26,0.003591460235847969,120.341,119.691,90.0,-0.00600932793019985,119.62,119.629,119.766,119.795,137.0,-0.008746727771932866,119.293,119.226,119.275,119.322,138.0,-0.009308527894876637,119.226,119.322,119.186,119.364
2013-02-27,0.007018455610998363,119.661,120.344,,,,,,,,,,,,,,,,,,
2013-02-28,0.004497598423262637,121.219,120.832,,,,,,,,,,,,,,,,,,
2013-03-01,0.004048122204399525,120.631,122.068,,,,,,,,,,,,,,,,,,
2013-03-04,0.0035345639859747174,121.605,121.385,,,,,,,,,,,,,,,,,,
2013-03-05,0.003462668536113718,121.46,121.653,,,,,,,,,,,,,,,,,,
2013-03-06,0.003385187035806132,121.824,121.982,,,,,,,,,,,,,,,,,,
2013-03-07,0.003383898840505549,123.542,124.331,141.0,0.0054891082431936765,124.222,124.175,124.213,124.238,162.0,0.007346955364482295,124.453,124.375,124.344,124.359,,,,,,
2013-03-08,0.0033663392496955822,125.006,124.264,,,,,,,,,,,,,,,,,,
2013-03-11,0.005488886225108718,124.945,125.062,,,,,,,,,,,,,,,,,,
2013-03-12,0.0035139819616124605,124.799,125.021,89.0,0.005433970810496343,125.479,125.475,125.52,125.507,122.0,0.007042507548467453,125.681,125.648,125.656,125.659,,,,,,
2013-03-13,0.003531350095332238,124.46,124.376,,,,,,,,,,,,,,,,,,
2013-03-14,0.0036660571105529096,124.655,124.788,,,,,,,,,,,,,,,,,,
2013-03-15,0.003605343482345826,125.408,124.256,166.0,-0.005525251437691824,124.717,124.629,124.664,,,,,,,,,,,,,
2013-03-18,0.0036026775654907995,123.022,122.992,,,,,,,,,,,,,,,,,,
2013-03-19,0.005063980096460345,123.5,122.148,,,,,,,,,,,,,,,,,,
2013-03-20,0.004705569896903856,123.116,123.657,,,,,,,,,,,,,,,,,,
2013-03-21,0.0045229054241640665,123.008,122.904,,,,,,,,,,,,,,,,,,
2013-03-22,0.004666717317622663,122.778,122.803,,,,,,,,,,,,,,,,,,
2013-03-25,0.004600174327194019,123.148,121.547,143.0,-0.007204242851847749,122.264,122.28,122.162,122.068,161.0,-0.009742959625369432,121.954,121.988,121.723,121.856,166.0,-0.011638912622137862,121.723,121.769,121.766,
2013-03-26,0.0036368453719966814,121.1,121.185,,,,,,,,,,,,,,,,,,
2013-03-27,0.004953635037058047,120.312,120.593,,,,,,,,,,,,,,,,,,
2013-03-28,0.0038257969241493055,120.768,120.659,,,,,,,,,,,,,,,,,,
2013-03-29,0.004242854014492894,120.667,120.674,,,,,,,,,,,,,,,,,,
2013-04-01,0.003614152166512758,120.072,119.915,,,,,,,,,,,,,,,,,,
2013-04-02,0.003530566332646272,119.737,119.916,,,,,,,,,,,,,,,,,,
2013-04-03,0.003393312565356289,119.89,119.398,,,,,,,,,,,,,,,,,,
2013-04-04,0.0033298721811606453,122.289,123.512,55.0,-0.005419889700868628,121.628,121.691,121.843,121.909,122.0,0.007868284166922883,123.255,123.243,123.393,123.394,126.0,0.008346852041441229,123.314,123.393,123.327,123.468
2013-04-05,0.0032879978992841714,124.438,126.228,39.0,0.0061208330815939425,125.202,125.336,125.443,125.313,40.0,0.007190531193477294,125.336,125.253,125.442,125.232,79.0,0.008346752790526631,125.481,125.461,125.72,125.561
2013-04-08,0.00970045798299261,128.432,128.603,,,,,,,,,,,,,,,,,,
2013-04-09,0.004249282901762823,128.948,129.69,,,,,,,,,,,,,,,,,,
2013-04-10,0.004410218118544548,129.877,130.081,,,,,,,,,,,,,,,,,,
2013-04-11,0.003576299977541893,130.581,130.512,95.0,-0.006052850175730826,129.793,129.797,129.819,129.963,,,,,,,,,,,,
2013-04-12,0.0033477484465425445,129.474,129.603,,,,,,,,,,,,,,,,,,
2013-04-15,0.0034497094412874875,127.83,128.195,,,,,,,,,,,,,,,,,,
2013-04-16,0.003561198410621783,128.317,128.615,,,,,,,,,,,,,,,,,,
2013-04-17,0.004298955402739397,128.344,127.542,153.0,-0.006644854381124423,127.494,127.59,127.537,127.398,,,,,,,,,,,,
2013-04-18,0.005411213161333102,128.334,128.484,,,,,,,,,,,,,,,,,,
2013-04-19,0.004431528900629254,129.894,129.734,,,,,,,,,,,,,,,,,,
2013-04-22,0.003685215581391908,130.092,129.611,137.0,-0.005689060463229934,129.354,129.389,129.227,129.255,146.0,-0.00829771384235613,129.017,129.01,129.222,129.252,,,,,,
2013-04-23,0.0034387917949881635,128.615,129.385,101.0,0.0051726192021342874,129.282,129.257,129.311,129.303,126.0,0.007274336893054946,129.554,129.463,129.544,129.555,,,,,,
2013-04-24,0.003970173917825344,129.515,129.168,,,,,,,,,,,,,,,,,,
2013-04-25,0.003428114917884128,129.536,129.288,,,,,,,,,,,,,,,,,,
2013-04-26,0.0033907780540664285,128.291,127.465,103.0,-0.005165668076085911,127.63,127.692,127.759,127.738,134.0,-0.007087124267903615,127.385,127.323,127.438,127.41,174.0,-0.008815665260064803,127.165,127.253,127.248,
2013-04-29,0.0035118732389974724,128.121,128.411,,,,,,,,,,,,,,,,,,
2013-04-30,0.0034637656235624523,127.506,128.468,98.0,0.005857047330927905,128.255,128.23,128.156,128.223,179.0,0.007173867362334719,128.424,128.365,,,,,,,,
2013-05-01,0.0035855445845204155,128.82,128.32,136.0,-0.005386316866043982,128.128,128.063,128.193,128.223,,,,,,,,,,,,
2013-05-02,0.0033355042361394743,128.628,127.998,21.0,0.00548141997268792,129.335,129.289,129.297,129.621,33.0,0.007173265143689229,129.554,129.763,129.721,129.354,34.0,0.008785192207891545,129.763,129.545,129.663,129.368
2013-05-03,0.0032767801421777583,128.541,129.934,30.0,0.00538453290277061,129.235,129.17,129.437,129.252,33.0,0.006838190111173444,129.423,129.396,129.326,129.281,90.0,0.008960751410687395,129.698,129.721,129.79,130.061
2013-05-06,0.0032868261817279956,130.071,129.821,,,,,,,,,,,,,,,,,,
2013-05-07,0.003477823404943611,130.098,129.516,138.0,-0.00543372783346094,129.393,129.34,129.438,129.444,,,,,,,,,,,,
2013-05-08,0.00344967993502907,129.96,130.315,,,,,,,,,,,,,,,,,,
2013-05-09,0.0033156291388508827,129.787,130.094,,,,,,,,,,,,,,,,,,
2013-05-10,0.003360721500390852,131.867,131.793,,,,,,,,,,,,,,,,,,
2013-05-13,0.0038723756712138306,132.132,132.204,,,,,,,,,,,,,,,,,,
2013-05-14,0.0033139676393187695,131.741,132.499,177.0,0.00497466375592367,132.398,132.4,,,,,,,,,,,,,,
2013-05-15,0.003278847650349916,132.033,131.678,104.0,-0.005232055735667837,131.344,131.292,131.342,131.358,,,,,,,,,,,,
2013-05-16,0.0032731585294767246,132.06,131.84,,,,,,,,,,,,,,,,,,
2013-05-17,0.0034126846702746,131.939,131.984,,,,,,,,,,,,,,,,,,
2013-05-20,0.003300259706449021,131.914,131.943,,,,,,,,,,,,,,,,,,
2013-05-21,0.0034304840678904707,132.265,132.144,,,,,,,,,,,,,,,,,,
2013-05-22,0.003313654720679374,133.112,133.194,,,,,,,,,,,,,,,,,,
2013-05-23,0.003304063250544318,130.982,131.636,,,,,,,,,,,,,,,,,,
2013-05-24,0.0032748759777992843,131.387,130.416,86.0,-0.005242545974999062,130.7,130.738,130.751,131.005,,,,,,,,,,,,
2013-05-27,0.0033212992884843065,130.686,130.724,,,,,,,,,,,,,,,,,,
2013-05-28,0.003423282000178413,132.0,131.351,,,,,,,,,,,,,,,,,,
2013-05-29,0.0034826824537415833,130.984,130.645,,,,,,,,,,,,,,,,,,
2013-05-30,0.00331896959008456,131.656,131.781,,,,,,,,,,,,,,,,,,
2013-05-31,0.0033193345238689198,130.385,130.89,112.0,0.005125470216997324,131.055,130.984,130.956,131.006,,,,,,,,,,,,
2013-06-03,0.003383694983459723,130.452,129.913,100.0,-0.005126107821421129,129.785,129.767,129.714,129.757,,,,,,,,,,,,
2013-06-04,0.003398716312181826,131.036,130.935,,,,,,,,,,,,,,,,,,
2013-06-05,0.003519129903994328,129.973,129.805,,,,,,,,,,,,,,,,,,
2013-06-06,0.0035386644899882314,130.02,129.335,,,,,,,,,,,,,,,,,,
2013-06-07,0.003745496228787585,126.813,128.655,53.0,0.005645911893070294,127.531,127.503,127.428,127.484,77.0,0.008112854176457912,127.846,127.827,127.95,128.248,85.0,0.009847812449053429,128.068,128.024,128.088,128.118
2013-06-10,0.004379957355140026,130.595,130.867,,,,,,,,,,,,,,,,,,
2013-06-11,0.0034634168192759283,128.633,128.563,,,,,,,,,,,,,,,,,,
2013-06-12,0.003597811879800152,128.221,127.226,,,,,,,,,,,,,,,,,,
2013-06-13,0.004409553974321685,125.381,125.515,,,,,,,,,,,,,,,,,,
2013-06-14,0.004420822335860681,126.411,125.635,,,,,,,,,,,,,,,,,,
2013-06-17,0.003581827963079946,126.385,126.487,,,,,,,,,,,,,,,,,,
2013-06-18,0.0034695965419009106,127.493,127.653,,,,,,,,,,,,,,,,,,
2013-06-19,0.003391074126139434,127.43,127.655,,,,,,,,,,,,,,,,,,
2013-06-20,0.0035763612728504676,129.337,129.757,,,,,,,,,,,,,,,,,,
2013-06-21,0.0035137453098769804,128.96,127.947,156.0,-0.005645558825440739,128.234,128.262,128.075,127.825,160.0,-0.007253288760993756,128.028,128.075,127.996,127.941,171.0,-0.0088401377922553,127.825,127.794,128.04,
2013-06-24,0.003377790236346478,128.724,127.884,31.0,-0.0059841225792496055,127.956,127.976,128.025,127.895,44.0,-0.007219685034581068,127.798,127.795,127.702,127.763,51.0,-0.008456775993249696,127.64,127.713,127.653,127.704
2013-06-25,0.0034250558461609696,127.927,128.01,,,,,,,,,,,,,,,,,,
2013-06-26,0.003625740658762364,127.408,126.702,153.0,-0.006093499460175643,126.634,126.654,126.623,126.605,,,,,,,,,,,,
2013-06-27,0.0034330630905381088,127.947,128.073,,,,,,,,,,,,,,,,,,
2013-06-28,0.0033963314187851674,129.38,129.064,,,,,,,,,,,,,,,,,,
2013-07-01,0.00426095554980127,129.947,130.165,,,,,,,,,,,,,,,,,,
2013-07-02,0.003374972257664569,130.047,130.717,158.0,0.005077554666294865,130.709,130.685,130.705,130.713,,,,,,,,,,,,
2013-07-03,0.0034685495862029937,128.926,129.85,,,,,,,,,,,,,,,,,,
2013-07-04,0.003366391131564922,129.62,129.252,37.0,-0.005236646752115228,128.943,128.939,129.033,128.947,,,,,,,,,,,,
2013-07-05,0.0034775399776133323,128.858,129.496,40.0,0.005317288256407231,129.545,129.503,129.549,129.472,,,,,,,,,,,,
2013-07-08,0.0033858532475197394,130.025,129.969,,,,,,,,,,,,,,,,,,
2013-07-09,0.003307334857146713,130.079,129.103,153.0,-0.0053185874676118135,129.389,129.395,129.337,129.186,166.0,-0.006795846840549103,129.198,129.18,129.177,,,,,,,
2013-07-10,0.0032999389273425223,128.464,128.593,,,,,,,,,,,,,,,,,,
2013-07-11,0.003502214181902013,129.692,128.907,124.0,-0.005311245317751746,129.005,128.942,129.131,128.798,140.0,-0.007616135885824566,128.708,128.815,128.79,128.933,,,,,,
2013-07-12,0.003362769276507086,129.728,129.681,100.0,-0.005092805746240411,129.069,128.973,129.001,129.158,,,,,,,,,,,,
2013-07-15,0.0033353233417939693,130.446,130.392,,,,,,,,,,,,,,,,,,
2013-07-16,0.003304085291844072,130.354,130.576,,,,,,,,,,,,,,,,,,
2013-07-17,0.0034102494204480815,130.989,130.59,,,,,,,,,,,,,,,,,,
2013-07-18,0.003341035532862492,131.231,131.565,,,,,,,,,,,,,,,,,,
2013-07-19,0.0033180011616899085,131.653,131.818,,,,,,,,,,,,,,,,,,
2013-07-22,0.00346330248415261,131.588,131.425,,,,,,,,,,,,,,,,,,
2013-07-23,0.0035333969954677528,131.891,131.755,,,,,,,,,,,,,,,,,,
2013-07-24,0.003364544828458827,132.565,132.561,,,,,,,,,,,,,,,,,,
2013-07-25,0.003327186126977076,131.758,131.762,,,,,,,,,,,,,,,,,,
2013-07-26,0.0033826217797259983,130.788,130.389,149.0,-0.0054203583483480484,130.081,130.141,130.24,130.387,,,,,,,,,,,,
2013-07-29,0.0035803527061852476,129.89,129.705,,,,,,,,,,,,,,,,,,
2013-07-30,0.0034912509729946753,130.023,130.041,,,,,,,,,,,,,,,,,,
2013-07-31,0.0033511848917316474,129.741,130.699,174.0,0.005181518073534616,130.415,130.411,130.569,,,,,,,,,,,,,
2013-08-01,0.00332132943916858,130.644,131.232,110.0,0.005343768918867014,131.344,131.285,131.308,131.216,,,,,,,,,,,,
2013-08-02,0.0033540661995103455,131.855,131.351,176.0,-0.005734815455576787,131.101,131.131,,,,,,,,,,,,,,
2013-08-05,0.0035884893067661553,130.603,130.58,,,,,,,,,,,,,,,,,,
2013-08-06,0.003339449086062027,130.215,130.065,,,,,,,,,,,,,,,,,,
2013-08-07,0.0038155675732269023,129.363,128.892,120.0,-0.006032241840604354,128.585,128.615,128.638,128.687,,,,,,,,,,,,
2013-08-08,0.0034978528496467593,128.668,128.616,,,,,,,,,,,,,,,,,,
2013-08-09,0.0035292111404903407,128.933,128.393,,,,,,,,,,,,,,,,,,
2013-08-12,0.0034139251575687948,128.549,128.391,,,,,,,,,,,,,,,,,,
2013-08-13,0.003396421190619123,130.242,129.861,,,,,,,,,,,,,,,,,,
2013-08-14,0.0034809749605002943,130.208,130.118,,,,,,,,,,,,,,,,,,
2013-08-15,0.003490618708510823,130.441,129.724,123.0,-0.005627537434701558,129.709,129.737,129.627,129.649,148.0,-0.007077987096851988,129.521,129.55,129.546,129.479,,,,,,
2013-08-16,0.003360628596287131,130.119,129.993,,,,,,,,,,,,,,,,,,
2013-08-19,0.0033372935020777278,130.812,130.731,,,,,,,,,,,,,,,,,,
2013-08-20,0.0033191080865678786,129.918,130.407,21.0,0.005113215645526131,130.584,130.496,130.571,130.604,,,,,,,,,,,,
2013-08-21,0.003353763003737053,130.548,130.536,,,,,,,,,,,,,,,,,,
2013-08-22,0.003328240797672534,131.302,131.651,,,,,,,,,,,,,,,,,,
2013-08-23,0.0033733968943069023,132.288,131.994,,,,,,,,,,,,,,,,,,
2013-08-26,0.003699595197417729,131.849,131.861,,,,,,,,,,,,,,,,,,
2013-08-27,0.0033489497894927094,130.19,130.255,,,,,,,,,,,,,,,,,,
2013-08-28,0.0034204455710691436,129.971,130.128,,,,,,,,,,,,,,,,,,
2013-08-29,0.003967311721907522,130.207,130.205,,,,,,,,,,,,,,,,,,
2013-08-30,0.0034792192451630582,130.042,129.604,,,,,,,,,,,,,,,,,,
2013-09-02,0.0033558632850254474,131.16,131.063,,,,,,,,,,,,,,,,,,
2013-09-03,0.0033517363328221667,131.096,130.874,,,,,,,,,,,,,,,,,,
2013-09-04,0.0035951865531178018,131.034,131.635,,,,,,,,,,,,,,,,,,
2013-09-05,0.0033866098775170747,131.993,131.314,50.0,-0.005492620061868156,131.27,131.172,131.141,131.093,65.0,-0.006841895888513421,131.093,131.035,131.262,131.464,,,,,,
2013-09-06,0.003392965205218567,130.723,130.372,104.0,-0.005215415670481657,130.043,130.044,130.035,130.031,,,,,,,,,,,,
2013-09-09,0.0034179207288594048,131.268,131.994,165.0,0.005136555220196999,131.944,131.939,131.892,131.922,,,,,,,,,,,,
2013-09-10,0.0034389061389843694,132.807,132.912,,,,,,,,,,,,,,,,,,
2013-09-11,0.00354436058801788,132.943,133.068,,,,,,,,,,,,,,,,,,
2013-09-12,0.0037429763907522204,132.107,132.111,,,,,,,,,,,,,,,,,,
2013-09-13,0.003580488289767792,132.467,131.924,167.0,-0.005412190230849543,131.752,131.677,131.691,,,,,,,,,,,,,
2013-09-16,0.003395932505359967,132.049,132.138,,,,,,,,,,,,,,,,,,
2013-09-17,0.003336773882624556,132.435,132.439,,,,,,,,,,,,,,,,,,
2013-09-18,0.00333453623789795,132.197,132.242,,,,,,,,,,,,,,,,,,
2013-09-19,0.0033317674982924475,134.011,134.374,116.0,0.005016832506894323,134.685,134.676,134.732,134.743,143.0,0.006804593868175216,134.926,134.904,134.91,134.861,,,,,,
2013-09-20,0.003374229608340566,134.438,134.402,,,,,,,,,,,,,,,,,,
2013-09-23,0.0038620354541911792,133.584,133.213,,,,,,,,,,,,,,,,,,
2013-09-24,0.0034034245244346575,132.916,133.21,,,,,,,,,,,,,,,,,,
2013-09-25,0.003488813669740127,133.156,133.455,,,,,,,,,,,,,,,,,,
2013-09-26,0.0034270552078117574,133.266,133.497,,,,,,,,,,,,,,,,,,
2013-09-27,0.0035317383439435555,133.253,133.059,,,,,,,,,,,,,,,,,,
2013-09-30,0.0035064789860204866,131.736,133.072,147.0,0.005269386227342139,132.432,132.394,132.378,132.563,176.0,0.0070799968976167525,132.672,132.704,,,,,,,,
2013-10-01,0.003565078994428708,132.517,132.684,,,,,,,,,,,,,,,,,,
2013-10-02,0.0037623712869011452,131.838,132.345,,,,,,,,,,,,,,,,,,
2013-10-03,0.0037038539861867477,132.828,132.302,,,,,,,,,,,,,,,,,,
2013-10-04,0.003494204424644368,132.048,132.018,,,,,,,,,,,,,,,,,,
2013-10-07,0.003414381913447554,131.428,131.647,,,,,,,,,,,,,,,,,,
2013-10-08,0.003410181511318309,131.826,131.55,,,,,,,,,,,,,,,,,,
2013-10-09,0.0033957892153207107,131.432,131.387,,,,,,,,,,,,,,,,,,
2013-10-10,0.0034374935073330664,132.324,132.757,,,,,,,,,,,,,,,,,,
2013-10-11,0.0033548076633807544,133.43,133.432,,,,,,,,,,,,,,,,,,
2013-10-14,0.003895944878140226,133.252,133.397,,,,,,,,,,,,,,,,,,
2013-10-15,0.0033744983456306405,132.848,133.019,,,,,,,,,,,,,,,,,,
2013-10-16,0.003341982979035201,133.227,133.421,,,,,,,,,,,,,,,,,,
2013-10-17,0.003379807315262408,133.478,133.689,,,,,,,,,,,,,,,,,,
2013-10-18,0.0033952516552391964,133.739,133.852,,,,,,,,,,,,,,,,,,
2013-10-21,0.003370524489963328,134.181,134.164,,,,,,,,,,,,,,,,,,
2013-10-22,0.00333927811679264,134.494,135.265,86.0,0.005109827676575832,135.183,135.182,135.24,135.259,120.0,0.006891008974299206,135.424,135.415,135.437,135.395,,,,,,
2013-10-23,0.0033584321359666804,133.925,134.09,,,,,,,,,,,,,,,,,,
2013-10-24,0.0034349332420565474,134.425,134.444,,,,,,,,,,,,,,,,,,
2013-10-25,0.003537721236666684,134.178,134.435,,,,,,,,,,,,,,,,,,
2013-10-28,0.0033776069312783136,134.731,134.695,,,,,,,,,,,,,,,,,,
2013-10-29,0.003348925182735263,134.708,135.047,,,,,,,,,,,,,,,,,,
2013-10-30,0.0033698686865720477,135.144,135.152,,,,,,,,,,,,,,,,,,
2013-10-31,0.003391499174817021,133.997,133.418,,,,,,,,,,,,,,,,,,
2013-11-01,0.00335041263438097,132.898,133.211,,,,,,,,,,,,,,,,,,
2013-11-04,0.0045001961422844565,133.14,133.273,,,,,,,,,,,,,,,,,,
2013-11-05,0.0033944164796446095,132.482,132.768,,,,,,,,,,,,,,,,,,
2013-11-06,0.0033613095539398443,133.223,133.417,,,,,,,,,,,,,,,,,,
2013-11-07,0.003369613379538174,132.505,132.017,,,,,,,,,,,,,,,,,,
2013-11-08,0.003326428518449962,131.969,132.286,,,,,,,,,,,,,,,,,,
2013-11-11,0.0041518296294545684,133.032,132.995,,,,,,,,,,,,,,,,,,
2013-11-12,0.0034165881586207167,133.949,133.795,,,,,,,,,,,,,,,,,,
2013-11-13,0.0036147056328216754,133.629,133.656,,,,,,,,,,,,,,,,,,
2013-11-14,0.003443912399116589,134.418,134.621,,,,,,,,,,,,,,,,,,
2013-11-15,0.0033809445090086632,135.115,135.156,,,,,,,,,,,,,,,,,,
2013-11-18,0.0034218864239240914,135.138,135.218,,,,,,,,,,,,,,,,,,
2013-11-19,0.0033396026554308473,135.102,135.493,,,,,,,,,,,,,,,,,,
2013-11-20,0.003343157166790622,135.324,134.499,90.0,-0.005082207692547599,134.638,134.552,134.562,134.624,115.0,-0.006777072955094119,134.41,134.448,134.528,134.586,,,,,,
2013-11-21,0.0034786006876843948,135.864,135.91,,,,,,,,,,,,,,,,,,
2013-11-22,0.0035614793548324583,136.686,137.131,,,,,,,,,,,,,,,,,,
2013-11-25,0.0038750429729649976,137.568,137.394,,,,,,,,,,,,,,,,,,
2013-11-26,0.0034952324243149413,137.501,137.266,,,,,,,,,,,,,,,,,,
2013-11-27,0.0034656538120005193,138.453,138.568,,,,,,,,,,,,,,,,,,
2013-11-28,0.0035069900573464867,139.028,139.059,,,,,,,,,,,,,,,,,,
2013-11-29,0.003418221079379359,139.173,139.158,,,,,,,,,,,,,,,,,,
2013-12-02,0.00341871150591352,139.364,139.641,,,,,,,,,,,,,,,,,,
2013-12-03,0.003314745510662116,139.167,139.214,,,,,,,,,,,,,,,,,,
2013-12-04,0.0033819109039449715,138.912,138.781,,,,,,,,,,,,,,,,,,
2013-12-05,0.0033994965802972223,139.093,139.047,,,,,,,,,,,,,,,,,,
2013-12-06,0.0033645120901502454,140.283,140.878,,,,,,,,,,,,,,,,,,
2013-12-09,0.003330361312701924,141.425,141.688,,,,,,,,,,,,,,,,,,
2013-12-10,0.0034878728422317396,141.481,141.537,,,,,,,,,,,,,,,,,,
2013-12-11,0.003511926960043353,141.462,141.365,,,,,,,,,,,,,,,,,,
2013-12-12,0.003484281573194889,141.625,141.748,,,,,,,,,,,,,,,,,,
2013-12-13,0.0033453025640623325,141.788,141.643,,,,,,,,,,,,,,,,,,
2013-12-16,0.0036726286883428994,141.851,141.582,,,,,,,,,,,,,,,,,,
2013-12-17,0.0034218270666189856,141.649,141.246,,,,,,,,,,,,,,,,,,
2013-12-18,0.0033570520939047955,141.601,141.913,,,,,,,,,,,,,,,,,,
2013-12-19,0.0033168727007075673,142.409,142.234,,,,,,,,,,,,,,,,,,
2013-12-20,0.0033164472183568362,142.588,142.307,,,,,,,,,,,,,,,,,,
2013-12-23,0.0033400332713823372,142.435,142.508,,,,,,,,,,,,,,,,,,
2013-12-24,0.00330942760171922,142.596,142.606,,,,,,,,,,,,,,,,,,
2013-12-26,0.0033508119160123016,143.389,143.323,,,,,,,,,,,,,,,,,,
2013-12-27,0.0033173741689136735,145.023,144.655,,,,,,,,,,,,,,,,,,
2013-12-30,0.0036491531373094867,144.951,145.013,,,,,,,,,,,,,,,,,,
2013-12-31,0.0033470586361346263,144.557,145.048,,,,,,,,,,,,,,,,,,
2014-01-02,0.0033181850928871996,143.468,143.316,,,,,,,,,,,,,,,,,,
2014-01-03,0.0027050897977642994,142.433,142.127,,,,,,,,,,,,,,,,,,
2014-01-06,0.003289566738948901,142.274,141.896,,,,,,,,,,,,,,,,,,
2014-01-07,0.0032053178461383005,142.451,142.37,,,,,,,,,,,,,,,,,,
2014-01-08,0.0031650351855702008,142.414,142.404,,,,,,,,,,,,,,,,,,
2014-01-09,0.00315212338132014,142.095,142.315,,,,,,,,,,,,,,,,,,
2014-01-10,0.0031395247114489842,142.667,142.157,,,,,,,,,,,,,,,,,,
2014-01-13,0.003092369342548623,140.778,140.797,,,,,,,,,,,,,,,,,,
2014-01-14,0.0031012131705828332,141.648,142.272,,,,,,,,,,,,,,,,,,
2014-01-15,0.00304963399226624,142.033,142.212,,,,,,,,,,,,,,,,,,
2014-01-16,0.0031457030469604214,142.199,141.886,,,,,,,,,,,,,,,,,,
2014-01-17,0.00308763412917589,141.528,141.124,,,,,,,,,,,,,,,,,,
2014-01-20,0.003060250564238217,140.981,141.183,,,,,,,,,,,,,,,,,,
2014-01-21,0.003055606384493026,141.603,141.128,,,,,,,,,,,,,,,,,,
2014-01-22,0.0030883728814206524,141.761,141.505,,,,,,,,,,,,,,,,,,
2014-01-23,0.003047565081558185,141.68,141.495,,,,,,,,,,,,,,,,,,
2014-01-24,0.002989101859932193,140.322,139.956,,,,,,,,,,,,,,,,,,
2014-01-27,0.0029307735128950513,140.388,140.009,,,,,,,,,,,,,,,,,,
2014-01-28,0.0030294428022242547,140.5,140.544,,,,,,,,,,,,,,,,,,
2014-01-29,0.002976063503500022,139.351,139.505,,,,,,,,,,,,,,,,,,
2014-01-30,0.0029448746007735664,139.536,139.265,,,,,,,,,,,,,,,,,,
2014-01-31,0.0030362805655651482,138.2,138.058,119.0,-0.004968909267833182,137.515,137.575,137.768,137.881,,,,,,,,,,,,
2014-02-03,0.003118710325435568,137.454,136.771,83.0,-0.004732761451137868,136.805,136.811,136.788,136.83,,,,,,,,,,,,
2014-02-04,0.0031641241903420307,137.035,137.404,,,,,,,,,,,,,,,,,,
2014-02-05,0.003266702553349802,136.803,137.238,,,,,,,,,,,,,,,,,,
2014-02-06,0.0032014045306093543,137.752,138.588,51.0,0.004880919827641567,138.426,138.443,138.453,138.746,64.0,0.0066420427818880004,138.67,138.798,138.691,138.612,,,,,,
2014-02-07,0.003144074154544019,138.798,139.245,,,,,,,,,,,,,,,,,,
2014-02-10,0.003257117449545366,139.371,139.385,,,,,,,,,,,,,,,,,,
2014-02-11,0.0031906280065815197,139.572,140.057,,,,,,,,,,,,,,,,,,
2014-02-12,0.003126158903555694,138.904,139.217,,,,,,,,,,,,,,,,,,
2014-02-13,0.003062726328793375,139.222,139.7,,,,,,,,,,,,,,,,,,
2014-02-14,0.0030722763797165105,139.437,139.458,,,,,,,,,,,,,,,,,,
2014-02-17,0.0030188405511459853,139.585,139.66,,,,,,,,,,,,,,,,,,
2014-02-18,0.002906534573399898,140.797,140.808,,,,,,,,,,,,,,,,,,
2014-02-19,0.003043553757424156,140.316,140.652,,,,,,,,,,,,,,,,,,
2014-02-20,0.002986386035710113,140.262,140.244,,,,,,,,,,,,,,,,,,
2014-02-21,0.002963207511289984,140.623,140.974,,,,,,,,,,,,,,,,,,
2014-02-24,0.0029224766495454893,140.698,140.826,,,,,,,,,,,,,,,,,,
2014-02-25,0.0028476245346221274,140.744,140.478,90.0,-0.004293578698394983,140.141,140.151,140.238,140.249,,,,,,,,,,,,
2014-02-26,0.002816220104570973,140.422,140.218,49.0,-0.004274837461425673,139.823,139.736,139.664,139.724,,,,,,,,,,,,
2014-02-27,0.002782855743278518,139.574,139.95,,,,,,,,,,,,,,,,,,
2014-02-28,0.002776649884160842,140.756,140.958,,,,,,,,,,,,,,,,,,
2014-03-03,0.002830760400311518,139.572,139.32,,,,,,,,,,,,,,,,,,
2014-03-04,0.002979029445183132,140.23,140.312,,,,,,,,,,,,,,,,,,
2014-03-05,0.0029261580089649636,140.625,140.593,,,,,,,,,,,,,,,,,,
2014-03-06,0.0029369361750029347,142.606,142.7,,,,,,,,,,,,,,,,,,
2014-03-07,0.002914623444174,143.688,143.342,,,,,,,,,,,,,,,,,,
2014-03-10,0.00318330001844248,143.384,143.254,,,,,,,,,,,,,,,,,,
2014-03-11,0.0030889971510160187,143.108,143.071,,,,,,,,,,,,,,,,,,
2014-03-12,0.0030338844144437616,142.575,142.791,,,,,,,,,,,,,,,,,,
2014-03-13,0.0030140116600204554,143.183,142.226,168.0,-0.004788550255330555,142.499,142.541,142.579,,,,,,,,,,,,,
2014-03-14,0.00295331747328941,140.738,141.245,126.0,0.004537148533968279,141.378,141.375,141.367,141.262,,,,,,,,,,,,
2014-03-17,0.0032659750914066734,141.381,141.542,,,,,,,,,,,,,,,,,,
2014-03-18,0.003128524515175934,141.72,141.038,60.0,-0.005143036241547106,140.993,141.033,141.053,141.091,174.0,-0.006264287618650762,140.835,140.805,140.874,,,,,,,
2014-03-19,0.003101187673405059,141.347,141.276,,,,,,,,,,,,,,,,,,
2014-03-20,0.003088092355478341,141.014,141.133,,,,,,,,,,,,,,,,,,
2014-03-21,0.003054932696934559,141.09,141.099,,,,,,,,,,,,,,,,,,
2014-03-24,0.0030477184754321633,141.037,140.89,,,,,,,,,,,,,,,,,,
2014-03-25,0.0029481325198145894,141.269,140.955,,,,,,,,,,,,,,,,,,
2014-03-26,0.002894707688664525,141.142,141.04,,,,,,,,,,,,,,,,,,
2014-03-27,0.0028435198043405443,140.88,140.307,,,,,,,,,,,,,,,,,,
2014-03-28,0.0029155658914115958,140.594,141.513,101.0,0.005044370555806008,141.305,141.287,141.3,141.282,121.0,0.005864953073926669,141.421,141.421,141.368,141.363,,,,,,
2014-03-31,0.002865452478591781,142.347,141.861,,,,,,,,,,,,,,,,,,
2014-04-01,0.002878945000086041,142.538,142.893,,,,,,,,,,,,,,,,,,
2014-04-02,0.0028991104630406717,143.01,142.841,,,,,,,,,,,,,,,,,,
2014-04-03,0.0029758892462589596,143.151,142.46,129.0,-0.004866837100068493,142.456,142.454,142.49,142.339,,,,,,,,,,,,
2014-04-04,0.002937386608102851,142.395,141.618,162.0,-0.004596382376430358,141.742,141.743,141.877,141.828,,,,,,,,,,,,
2014-04-07,0.002918225444852302,141.7,141.609,,,,,,,,,,,,,,,,,,
2014-04-08,0.0029233646795901727,140.973,140.922,,,,,,,,,,,,,,,,,,
2014-04-09,0.0028698391233575767,140.724,140.737,,,,,,,,,,,,,,,,,,
2014-04-10,0.002935972738269448,140.946,140.896,,,,,,,,,,,,,,,,,,
2014-04-11,0.002923222228949136,140.786,141.175,,,,,,,,,,,,,,,,,,
2014-04-14,0.002871726899883698,140.783,140.751,,,,,,,,,,,,,,,,,,
2014-04-15,0.002803538034986949,140.593,140.286,,,,,,,,,,,,,,,,,,
2014-04-16,0.0027583404486024488,141.446,141.389,,,,,,,,,,,,,,,,,,
2014-04-17,0.0027437069803438745,141.603,141.372,,,,,,,,,,,,,,,,,,
2014-04-18,0.0027063118356169215,141.502,141.489,,,,,,,,,,,,,,,,,,
2014-04-21,0.002681361427931047,141.741,141.421,,,,,,,,,,,,,,,,,,
2014-04-22,0.002614445444623083,141.683,141.592,,,,,,,,,,,,,,,,,,
2014-04-23,0.0025838409746099314,141.519,141.323,,,,,,,,,,,,,,,,,,
2014-04-24,0.002552535564788797,141.615,141.545,127.0,-0.0038629754706825657,141.069,141.108,141.1,141.145,,,,,,,,,,,,
2014-04-25,0.002527480520264384,141.185,141.296,,,,,,,,,,,,,,,,,,
2014-04-28,0.0025035187376915746,141.878,141.863,,,,,,,,,,,,,,,,,,
2014-04-29,0.0024801132406177344,142.156,141.589,,,,,,,,,,,,,,,,,,
2014-04-30,0.0025612922967824113,141.948,141.64,,,,,,,,,,,,,,,,,,
2014-05-01,0.0026191186150129045,141.923,141.847,,,,,,,,,,,,,,,,,,
2014-05-02,0.002618514526455334,142.105,141.859,,,,,,,,,,,,,,,,,,
2014-05-05,0.002585467153641784,141.467,141.695,,,,,,,,,,,,,,,,,,
2014-05-06,0.002548681410184623,141.891,141.421,,,,,,,,,,,,,,,,,,
2014-05-07,0.002528184849071423,141.569,141.521,,,,,,,,,,,,,,,,,,
2014-05-08,0.0025044889456623002,141.896,140.931,64.0,-0.0038765349011907328,141.347,141.355,141.335,141.133,75.0,-0.005044556723791581,141.182,141.176,141.151,141.22,139.0,-0.006362873721844879,140.996,141.025,141.085,141.062
2014-05-09,0.0024886540905476808,140.091,140.016,,,,,,,,,,,,,,,,,,
2014-05-12,0.0026134552258811534,140.33,140.476,,,,,,,,,,,,,,,,,,
2014-05-13,0.002600198999514559,140.248,140.116,,,,,,,,,,,,,,,,,,
2014-05-14,0.002579463589059633,139.656,139.565,,,,,,,,,,,,,,,,,,
2014-05-15,0.0025831200871942487,139.118,139.107,,,,,,,,,,,,,,,,,,
2014-05-16,0.002578109225308851,138.959,139.086,,,,,,,,,,,,,,,,,,
2014-05-19,0.002592072210253983,138.861,138.92,,,,,,,,,,,,,,,,,,
2014-05-20,0.002541658332820643,138.897,138.676,,,,,,,,,,,,,,,,,,
2014-05-21,0.002512977082554385,138.223,138.645,,,,,,,,,,,,,,,,,,
2014-05-22,0.0025268245238196296,138.904,138.88,,,,,,,,,,,,,,,,,,
2014-05-23,0.002499925940502593,138.897,138.838,,,,,,,,,,,,,,,,,,
2014-05-26,0.0024746269594127317,138.977,139.028,,,,,,,,,,,,,,,,,,
2014-05-27,0.002430382642753184,139.0,139.071,,,,,,,,,,,,,,,,,,
2014-05-28,0.0024335012697424665,138.754,138.372,,,,,,,,,,,,,,,,,,
2014-05-29,0.0024276415587142766,138.3,138.223,,,,,,,,,,,,,,,,,,
2014-05-30,0.002476879633976397,138.389,138.788,,,,,,,,,,,,,,,,,,
2014-06-03,0.002458943077361672,139.453,139.525,,,,,,,,,,,,,,,,,,
2014-06-04,0.0024866873920145033,139.78,139.853,,,,,,,,,,,,,,,,,,
2014-06-05,0.002490644836687983,139.153,139.485,145.0,0.003744248137515059,139.675,139.57,139.538,139.44,,,,,,,,,,,,
2014-06-06,0.002480607096597145,139.61,139.813,,,,,,,,,,,,,,,,,,
2014-06-09,0.002472782057250618,139.442,139.296,,,,,,,,,,,,,,,,,,
2014-06-10,0.002426451844647369,138.568,138.61,,,,,,,,,,,,,,,,,,
2014-06-11,0.0024814800915662918,138.091,137.934,,,,,,,,,,,,,,,,,,
2014-06-12,0.0025511710643426194,138.056,138.026,,,,,,,,,,,,,,,,,,
2014-06-13,0.0025238108452491424,138.116,138.024,,,,,,,,,,,,,,,,,,
2014-06-16,0.002509639168706369,137.845,138.215,,,,,,,,,,,,,,,,,,
2014-06-17,0.002470521462024332,138.355,138.363,,,,,,,,,,,,,,,,,,
2014-06-18,0.0024719990883657933,138.613,138.624,,,,,,,,,,,,,,,,,,
2014-06-19,0.002448170041837663,138.699,138.696,,,,,,,,,,,,,,,,,,
2014-06-20,0.0024290758084992824,138.706,138.732,,,,,,,,,,,,,,,,,,
2014-06-23,0.0024100111972268517,138.471,138.478,,,,,,,,,,,,,,,,,,
2014-06-24,0.0023729978270298434,138.807,138.761,,,,,,,,,,,,,,,,,,
2014-06-25,0.0023697805789734726,138.709,138.755,,,,,,,,,,,,,,,,,,
2014-06-26,0.0023542238416895678,138.493,138.324,109.0,-0.0035878370434104783,137.997,137.955,137.966,137.968,,,,,,,,,,,,
2014-06-27,0.0023399120263056503,138.063,138.205,,,,,,,,,,,,,,,,,,
2014-06-30,0.002355782145687335,138.386,138.614,,,,,,,,,,,,,,,,,,
2014-07-01,0.0023333129716871055,138.947,138.865,,,,,,,,,,,,,,,,,,
2014-07-02,0.0023945467161638504,138.69,138.962,,,,,,,,,,,,,,,,,,
2014-07-03,0.002376393005219892,139.089,139.083,,,,,,,,,,,,,,,,,,
2014-07-04,0.002359819456659171,138.702,138.775,,,,,,,,,,,,,,,,,,
2014-07-07,0.0023454880060603586,138.56,138.525,,,,,,,,,,,,,,,,,,
2014-07-08,0.0023252745883825146,138.283,138.217,,,,,,,,,,,,,,,,,,
2014-07-09,0.0023283668311776884,138.333,138.62,,,,,,,,,,,,,,,,,,
2014-07-10,0.0023194287305020587,137.87,137.721,,,,,,,,,,,,,,,,,,
2014-07-11,0.0023116205481411465,137.85,137.772,,,,,,,,,,,,,,,,,,
2014-07-14,0.0023858997895043897,138.302,138.353,,,,,,,,,,,,,,,,,,
2014-07-15,0.002352301391157824,138.305,137.934,,,,,,,,,,,,,,,,,,
2014-07-16,0.002362813675356376,137.75,137.572,,,,,,,,,,,,,,,,,,
2014-07-17,0.002366496196492955,137.259,137.02,,,,,,,,,,,,,,,,,,
2014-07-18,0.002410971082259282,137.135,136.973,,,,,,,,,,,,,,,,,,
2014-07-21,0.002404863274329466,136.983,137.034,,,,,,,,,,,,,,,,,,
2014-07-22,0.0023692481128025893,136.929,136.747,,,,,,,,,,,,,,,,,,
2014-07-23,0.0023578108341727223,136.567,136.633,,,,,,,,,,,,,,,,,,
2014-07-24,0.002423486395168979,136.975,137.098,,,,,,,,,,,,,,,,,,
2014-07-25,0.0024044013913982615,137.024,136.746,,,,,,,,,,,,,,,,,,
2014-07-28,0.0024030743378802466,136.781,136.832,,,,,,,,,,,,,,,,,,
2014-07-29,0.0023821156650971165,137.009,136.927,,,,,,,,,,,,,,,,,,
2014-07-30,0.0023667810011660777,137.01,137.647,170.0,0.0035554556812770616,137.498,137.478,137.5,,,,,,,,,,,,,
2014-07-31,0.0023511342476370224,137.656,137.546,,,,,,,,,,,,,,,,,,
2014-08-01,0.0024112093470539213,137.948,137.61,,,,,,,,,,,,,,,,,,
2014-08-04,0.0023922698354879404,137.683,137.451,,,,,,,,,,,,,,,,,,
2014-08-05,0.002358075330310944,137.464,137.348,,,,,,,,,,,,,,,,,,
2014-08-06,0.002344979793544656,136.591,136.662,,,,,,,,,,,,,,,,,,
2014-08-07,0.0023870025283980784,136.735,136.34,,,,,,,,,,,,,,,,,,
2014-08-08,0.002383266490636479,136.481,136.665,,,,,,,,,,,,,,,,,,
2014-08-11,0.002467099504985262,136.768,136.708,,,,,,,,,,,,,,,,,,
2014-08-12,0.0025108628293344748,136.44,136.501,,,,,,,,,,,,,,,,,,
2014-08-13,0.0024877241012468843,136.901,136.975,,,,,,,,,,,,,,,,,,
2014-08-14,0.002464005826908311,137.003,137.011,,,,,,,,,,,,,,,,,,
2014-08-15,0.002452491982251572,137.338,136.836,,,,,,,,,,,,,,,,,,
2014-08-18,0.0024320208873394714,137.218,136.971,,,,,,,,,,,,,,,,,,
2014-08-19,0.002407296116696005,137.042,136.998,,,,,,,,,,,,,,,,,,
2014-08-20,0.0023879121266270494,137.231,137.281,,,,,,,,,,,,,,,,,,
2014-08-21,0.0023701635801428676,137.72,137.85,,,,,,,,,,,,,,,,,,
2014-08-22,0.002397307245198947,137.636,137.609,,,,,,,,,,,,,,,,,,
2014-08-25,0.0023865497172266964,137.199,137.276,,,,,,,,,,,,,,,,,,
2014-08-26,0.0023628293624232,137.099,137.321,,,,,,,,,,,,,,,,,,
2014-08-27,0.0023836841591871934,136.959,137.146,,,,,,,,,,,,,,,,,,
2014-08-28,0.0023705414474025454,136.641,136.725,,,,,,,,,,,,,,,,,,
2014-08-29,0.002354245376015188,137.157,136.737,,,,,,,,,,,,,,,,,,
2014-09-01,0.002363097058552087,136.987,136.875,,,,,,,,,,,,,,,,,,
2014-09-02,0.002331295622687851,137.592,137.954,,,,,,,,,,,,,,,,,,
2014-09-03,0.0024051707251739754,138.128,137.754,,,,,,,,,,,,,,,,,,
2014-09-04,0.002440494726307359,136.983,136.034,37.0,-0.004111138034200756,136.421,136.445,136.495,136.705,179.0,-0.00525531131056055,136.265,136.304,,,,,,,,
2014-09-05,0.0024284937081018214,136.255,135.959,,,,,,,,,,,,,,,,,,
2014-09-08,0.0027964911235191076,136.331,136.783,,,,,,,,,,,,,,,,,,
2014-09-09,0.0027132281313693644,136.828,137.283,,,,,,,,,,,,,,,,,,
2014-09-10,0.0027476806102746556,137.935,137.779,,,,,,,,,,,,,,,,,,
2014-09-11,0.002747734074320114,138.367,138.257,,,,,,,,,,,,,,,,,,
2014-09-12,0.0027235206038451355,138.746,138.933,,,,,,,,,,,,,,,,,,
2014-09-15,0.002752534919360472,138.573,138.777,,,,,,,,,,,,,,,,,,
2014-09-16,0.0027027780049429565,138.612,138.812,,,,,,,,,,,,,,,,,,
2014-09-17,0.002697621839484716,139.017,139.397,,,,,,,,,,,,,,,,,,
2014-09-18,0.002664733982903276,140.049,140.361,,,,,,,,,,,,,,,,,,
2014-09-19,0.002715967682925221,139.827,139.842,,,,,,,,,,,,,,,,,,
2014-09-22,0.00288384995977542,140.072,139.648,,,,,,,,,,,,,,,,,,
2014-09-23,0.002944687702896188,139.884,139.912,,,,,,,,,,,,,,,,,,
2014-09-24,0.0028916374897655505,139.569,139.26,,,,,,,,,,,,,,,,,,
2014-09-25,0.002845730318048499,138.943,138.567,,,,,,,,,,,,,,,,,,
2014-09-26,0.002801592567812602,138.898,138.638,,,,,,,,,,,,,,,,,,
2014-09-29,0.0027961345890741415,138.916,138.925,,,,,,,,,,,,,,,,,,
2014-09-30,0.0027255688073594205,138.22,138.462,,,,,,,,,,,,,,,,,,
2014-10-01,0.00268632541311704,138.444,137.928,,,,,,,,,,,,,,,,,,
2014-10-02,0.002648402331937013,137.447,136.961,,,,,,,,,,,,,,,,,,
2014-10-03,0.002809199276434756,137.46,137.287,,,,,,,,,,,,,,,,,,
2014-10-06,0.0027704800155481765,137.256,137.33,,,,,,,,,,,,,,,,,,
2014-10-07,0.00271003537332299,136.857,136.72,,,,,,,,,,,,,,,,,,
2014-10-08,0.002699793360933352,136.983,137.486,,,,,,,,,,,,,,,,,,
2014-10-09,0.0027678738227515506,137.402,136.941,,,,,,,,,,,,,,,,,,
2014-10-10,0.0027974470311372575,136.361,136.25,,,,,,,,,,,,,,,,,,
2014-10-13,0.002803399871913111,136.074,136.153,,,,,,,,,,,,,,,,,,
2014-10-14,0.002852530387020929,135.191,135.638,,,,,,,,,,,,,,,,,,
2014-10-15,0.0028306524089826814,135.47,135.547,,,,,,,,,,,,,,,,,,
2014-10-16,0.0029475068947125444,134.821,135.729,142.0,0.004433087362577528,135.42,135.481,135.256,135.517,159.0,0.006233267866725494,135.664,135.664,135.583,135.731,,,,,,
2014-10-17,0.002937877495656475,136.507,136.135,,,,,,,,,,,,,,,,,,
2014-10-20,0.0028864654712334415,136.477,136.613,,,,,,,,,,,,,,,,,,
2014-10-21,0.0028220434532361914,136.42,135.792,122.0,-0.004260639663536007,135.84,135.865,135.848,135.911,,,,,,,,,,,,
2014-10-22,0.0027833031745877405,135.871,135.891,,,,,,,,,,,,,,,,,,
2014-10-23,0.002802031354548387,136.341,136.878,,,,,,,,,,,,,,,,,,
2014-10-24,0.002783305984488982,136.692,136.95,,,,,,,,,,,,,,,,,,
2014-10-27,0.002879716062558795,136.751,136.921,,,,,,,,,,,,,,,,,,
2014-10-28,0.002796770886002664,137.355,137.655,,,,,,,,,,,,,,,,,,
2014-10-29,0.002753785912473825,137.687,137.962,,,,,,,,,,,,,,,,,,
2014-10-30,0.0027728773183622033,137.206,137.502,,,,,,,,,,,,,,,,,,
2014-10-31,0.002734289993792055,140.381,140.431,,,,,,,,,,,,,,,,,,
2014-11-03,0.002687069212806409,142.29,142.261,,,,,,,,,,,,,,,,,,
2014-11-04,0.003423469488832995,142.017,142.423,,,,,,,,,,,,,,,,,,
2014-11-05,0.003507980878654205,143.337,143.222,,,,,,,,,,,,,,,,,,
2014-11-06,0.003528045916119665,142.678,142.434,,,,,,,,,,,,,,,,,,
2014-11-07,0.0034417050263566553,142.632,142.574,,,,,,,,,,,,,,,,,,
2014-11-10,0.0033725411623356173,142.684,142.587,,,,,,,,,,,,,,,,,,
2014-11-11,0.003228210138260696,143.836,144.209,,,,,,,,,,,,,,,,,,
2014-11-12,0.003197915684596812,143.625,143.585,,,,,,,,,,,,,,,,,,
2014-11-13,0.003220261653567368,143.876,144.295,,,,,,,,,,,,,,,,,,
2014-11-14,0.0031546576094998815,144.887,145.622,154.0,0.005018891579417058,145.616,145.535,145.517,145.506,,,,,,,,,,,,
2014-11-17,0.0031044219367388918,145.312,145.027,,,,,,,,,,,,,,,,,,
2014-11-18,0.0031196386059603692,145.943,146.384,,,,,,,,,,,,,,,,,,
2014-11-19,0.003053978585032761,147.735,147.777,,,,,,,,,,,,,,,,,,
2014-11-20,0.0032027465813461065,148.069,148.07,,,,,,,,,,,,,,,,,,
2014-11-21,0.0034025618890037835,146.333,145.887,,,,,,,,,,,,,,,,,,
2014-11-24,0.0033750442896922596,146.878,147.155,,,,,,,,,,,,,,,,,,
2014-11-25,0.0035359839067195544,146.689,146.95,,,,,,,,,,,,,,,,,,
2014-11-26,0.0034581811454397933,147.027,147.153,,,,,,,,,,,,,,,,,,
2014-11-27,0.0033908544254702463,146.721,146.864,,,,,,,,,,,,,,,,,,
2014-11-28,0.0033165900309130776,147.847,147.609,,,,,,,,,,,,,,,,,,
2014-12-01,0.0032597344163463175,147.635,147.733,,,,,,,,,,,,,,,,,,
2014-12-02,0.0031453597201138842,147.983,147.693,,,,,,,,,,,,,,,,,,
2014-12-03,0.0030985292090908046,147.104,147.413,,,,,,,,,,,,,,,,,,
2014-12-04,0.0030358778440474563,148.489,148.235,,,,,,,,,,,,,,,,,,
2014-12-05,0.002977529483982299,149.038,149.402,,,,,,,,,,,,,,,,,,
2014-12-08,0.0030260105586526575,148.301,148.707,,,,,,,,,,,,,,,,,,
2014-12-09,0.0029398986277551133,148.165,147.821,68.0,-0.00441698922579437,147.512,147.642,147.498,147.242,75.0,-0.006656601419705475,147.182,147.321,147.399,147.006,89.0,-0.0073906561533354015,147.074,147.006,146.867,147.211
2014-12-10,0.0030806183220577067,147.42,147.263,,,,,,,,,,,,,,,,,,
2014-12-11,0.003063726377198914,147.407,147.831,,,,,,,,,,,,,,,,,,
2014-12-12,0.0030098214918021157,147.529,147.502,,,,,,,,,,,,,,,,,,
2014-12-15,0.002950945669733908,147.536,146.921,125.0,-0.0047082249764138565,146.843,146.865,146.942,146.675,,,,,,,,,,,,
2014-12-16,0.0029410103841851646,145.455,146.763,65.0,0.004479313848666367,146.108,146.067,145.871,145.995,115.0,0.006264070046804803,146.369,146.372,146.603,146.575,119.0,0.007902418685158162,146.609,146.603,146.612,146.667
2014-12-17,0.003090076139639273,145.889,146.031,,,,,,,,,,,,,,,,,,
2014-12-18,0.0030380445140164507,146.29,146.178,130.0,-0.00467287368188819,145.608,145.639,145.684,145.82,,,,,,,,,,,,
2014-12-19,0.0029839304067685885,146.363,146.273,,,,,,,,,,,,,,,,,,
2014-12-22,0.0029277374857085365,147.061,146.893,,,,,,,,,,,,,,,,,,
2014-12-23,0.002834693344208406,146.887,146.845,,,,,,,,,,,,,,,,,,
2014-12-24,0.002827028448046962,146.991,146.829,,,,,,,,,,,,,,,,,,
2014-12-26,0.0028025796934493716,146.619,146.585,,,,,,,,,,,,,,,,,,
2014-12-29,0.0027286152718447878,147.13,146.804,,,,,,,,,,,,,,,,,,
2014-12-30,0.0026604856233870757,145.41,145.229,62.0,-0.004017411867647916,144.827,144.796,144.914,145.0,,,,,,,,,,,,
2014-12-31,0.0026483369311668947,145.093,145.004,,,,,,,,,,,,,,,,,,
2015-01-02,0.0027130891458139613,145.084,144.398,99.0,-0.004178716758419517,144.479,144.485,144.374,144.549,141.0,-0.006479272816622598,144.147,144.235,144.296,144.303,,,,,,
2015-01-05,0.00231941244754736,142.727,142.568,,,,,,,,,,,,,,,,,,
2015-01-06,0.0023237380021273422,141.714,141.234,157.0,-0.0035982069014268156,141.205,141.223,141.164,141.175,,,,,,,,,,,,
2015-01-07,0.002571220552405064,141.256,141.343,,,,,,,,,,,,,,,,,,
2015-01-08,0.0026733334630522415,140.874,141.221,,,,,,,,,,,,,,,,,,
2015-01-09,0.002612407682150574,140.931,140.282,56.0,-0.00408123202364511,140.357,140.349,140.414,140.605,,,,,,,,,,,,
2015-01-12,0.002613328937336873,140.513,139.903,170.0,-0.004079105971963132,139.941,139.899,139.959,,,,,,,,,,,,,
2015-01-13,0.0025573574826314254,139.444,139.033,,,,,,,,,,,,,,,,,,
2015-01-14,0.0024942188025722655,137.609,138.022,,,,,,,,,,,,,,,,,,
2015-01-15,0.002909522843447872,136.841,135.378,38.0,-0.004438332147744057,136.235,136.195,136.12,136.021,44.0,-0.006105960352009657,136.008,135.887,135.775,135.823,49.0,-0.007820563966528509,135.775,135.917,135.945,135.492
2015-01-16,0.002846466892209733,135.197,135.735,,,,,,,,,,,,,,,,,,
2015-01-19,0.0038747131463994712,136.393,136.386,,,,,,,,,,,,,,,,,,
2015-01-20,0.0037349280623736737,137.461,137.066,,,,,,,,,,,,,,,,,,
2015-01-21,0.0038741514466234506,136.478,136.548,,,,,,,,,,,,,,,,,,
2015-01-22,0.003807671145146778,135.996,134.449,16.0,-0.0057297872593423055,135.219,135.267,135.378,135.04,35.0,-0.007795238339532415,134.94,134.998,134.976,134.778,51.0,-0.01017690730057823,134.619,134.649,134.578,134.839
2015-01-23,0.003755517498049304,132.462,132.62,,,,,,,,,,,,,,,,,,
2015-01-26,0.004215921935338431,133.429,133.502,,,,,,,,,,,,,,,,,,
2015-01-27,0.004574077934789672,133.107,133.88,103.0,0.0070446287104079285,134.048,133.996,133.869,133.942,,,,,,,,,,,,
2015-01-28,0.004668530816766683,133.672,133.678,,,,,,,,,,,,,,,,,,
2015-01-29,0.004596477945514831,133.683,133.776,,,,,,,,,,,,,,,,,,
2015-01-30,0.0045636403422842755,132.948,132.571,,,,,,,,,,,,,,,,,,
2015-02-02,0.004494974595086783,133.059,132.953,,,,,,,,,,,,,,,,,,
2015-02-03,0.004367644504888331,134.697,134.686,,,,,,,,,,,,,,,,,,
2015-02-04,0.00425727255191326,134.506,134.151,,,,,,,,,,,,,,,,,,
2015-02-05,0.0046181145153897825,134.199,134.323,,,,,,,,,,,,,,,,,,
2015-02-06,0.004776594423629226,135.156,134.903,,,,,,,,,,,,,,,,,,
2015-02-09,0.004810727139504188,133.956,134.462,,,,,,,,,,,,,,,,,,
2015-02-10,0.004556484308579736,135.036,135.017,,,,,,,,,,,,,,,,,,
2015-02-11,0.00444499667380591,135.481,135.897,,,,,,,,,,,,,,,,,,
2015-02-12,0.004426046314481825,135.664,135.345,,,,,,,,,,,,,,,,,,
2015-02-13,0.004343325574333119,135.658,135.424,,,,,,,,,,,,,,,,,,
2015-02-16,0.004257479288510785,135.171,134.32,,,,,,,,,,,,,,,,,,
2015-02-17,0.0040386946842339904,135.565,136.005,,,,,,,,,,,,,,,,,,
2015-02-18,0.0039575358927766814,135.585,135.244,,,,,,,,,,,,,,,,,,
2015-02-19,0.003949103946844347,135.413,135.273,,,,,,,,,,,,,,,,,,
2015-02-20,0.0038501407660700084,133.993,135.353,105.0,0.007294607517054732,134.974,135.087,134.979,135.012,106.0,0.008131455537277007,135.087,134.966,134.89,134.994,,,,,,
2015-02-23,0.0037657804790798793,134.574,134.708,,,,,,,,,,,,,,,,,,
2015-02-24,0.0035752734165526985,135.466,134.747,176.0,-0.0055740968000943455,134.713,134.731,,,,,,,,,,,,,,
2015-02-25,0.0034976032668198806,134.968,135.151,,,,,,,,,,,,,,,,,,
2015-02-26,0.0034178494865933023,134.034,133.666,,,,,,,,,,,,,,,,,,
2015-02-27,0.0033578193417814236,133.957,134.047,,,,,,,,,,,,,,,,,,
2015-03-02,0.0035851235106975905,134.457,134.301,,,,,,,,,,,,,,,,,,
2015-03-03,0.0034131436927046887,133.752,133.952,,,,,,,,,,,,,,,,,,
2015-03-04,0.003324798406561378,133.071,132.605,,,,,,,,,,,,,,,,,,
2015-03-05,0.003248389331899795,132.666,132.338,,,,,,,,,,,,,,,,,,
2015-03-06,0.0033211130310987695,131.589,131.27,,,,,,,,,,,,,,,,,,
2015-03-09,0.0032446115291682046,131.453,131.446,,,,,,,,,,,,,,,,,,
2015-03-10,0.0032921630866860154,130.303,129.801,,,,,,,,,,,,,,,,,,
2015-03-11,0.003245681961184433,128.733,128.472,,,,,,,,,,,,,,,,,,
2015-03-12,0.0036331673904887053,128.73,128.748,,,,,,,,,,,,,,,,,,
2015-03-13,0.003917916410975082,128.396,127.456,171.0,-0.006195356516534112,127.603,127.593,127.612,,,,,,,,,,,,,
2015-03-16,0.003931495291514391,127.71,128.302,115.0,0.006376930487192561,128.527,128.5,128.637,128.509,,,,,,,,,,,,
2015-03-17,0.003965975527213009,128.634,128.606,,,,,,,,,,,,,,,,,,
2015-03-18,0.0039168440431035755,128.458,128.663,,,,,,,,,,,,,,,,,,
2015-03-19,0.003819581374112836,129.022,128.445,,,,,,,,,,,,,,,,,,
2015-03-20,0.0038344892234471926,129.726,129.83,,,,,,,,,,,,,,,,,,
2015-03-23,0.0037853707486159758,130.468,130.861,,,,,,,,,,,,,,,,,,
2015-03-24,0.0036529299618911024,131.135,130.801,143.0,-0.005843094794693805,130.371,130.396,130.541,130.652,,,,,,,,,,,,
2015-03-25,0.0037202651550310014,131.291,131.143,,,,,,,,,,,,,,,,,,
2015-03-26,0.0036222988292366263,130.514,129.946,,,,,,,,,,,,,,,,,,
2015-03-27,0.003527774089499056,129.492,129.776,,,,,,,,,,,,,,,,,,
2015-03-30,0.0035945137548421087,129.888,129.876,,,,,,,,,,,,,,,,,,
2015-03-31,0.003411471676601831,128.824,128.871,,,,,,,,,,,,,,,,,,
2015-04-01,0.0033272975053409,129.126,128.775,125.0,-0.0052178082508625365,128.454,128.464,128.507,128.694,,,,,,,,,,,,
2015-04-02,0.003380388061681445,129.503,130.205,86.0,0.005152605989221413,130.172,130.175,130.046,130.24,109.0,0.006772226001303771,130.383,130.335,130.308,130.227,,,,,,
2015-04-03,0.003295228270053577,130.49,130.718,,,,,,,,,,,,,,,,,,
2015-04-06,0.003406055084490539,130.823,131.032,,,,,,,,,,,,,,,,,,
2015-04-07,0.0032550054014875555,130.356,130.62,,,,,,,,,,,,,,,,,,
2015-04-08,0.0031752859169216583,129.994,129.827,,,,,,,,,,,,,,,,,,
2015-04-09,0.0031853610545026067,129.103,128.341,175.0,-0.004992963553111803,128.46,128.495,128.493,,,,,,,,,,,,,
2015-04-10,0.0031245935722548765,127.41,127.474,,,,,,,,,,,,,,,,,,
2015-04-13,0.0031988385994040024,127.117,127.347,,,,,,,,,,,,,,,,,,
2015-04-14,0.0032396121452548912,126.729,127.302,61.0,0.005947762347305393,127.485,127.528,127.496,127.432,,,,,,,,,,,,
2015-04-15,0.003229689320663538,126.523,126.325,92.0,0.004974840457639958,127.154,127.258,127.202,127.167,,,,,,,,,,,,
2015-04-16,0.0031679474968047253,127.734,128.01,,,,,,,,,,,,,,,,,,
2015-04-17,0.0030928710618219933,128.474,128.366,,,,,,,,,,,,,,,,,,
2015-04-20,0.0030841650523341616,127.806,128.388,,,,,,,,,,,,,,,,,,
2015-04-21,0.0029447000619011693,127.763,128.486,156.0,0.004490423435962051,128.338,128.309,128.318,128.32,,,,,,,,,,,,
2015-04-22,0.0028861378279265017,128.574,128.643,,,,,,,,,,,,,,,,,,
2015-04-23,0.0028271756279941457,129.243,129.31,,,,,,,,,,,,,,,,,,
2015-04-24,0.0027569705916194423,129.477,129.367,110.0,-0.004606002128222452,128.882,128.946,128.922,128.926,,,,,,,,,,,,
2015-04-27,0.002761722495885213,129.346,129.737,,,,,,,,,,,,,,,,,,
2015-04-28,0.0026474428765747237,130.205,130.424,,,,,,,,,,,,,,,,,,
2015-04-29,0.002599580873392365,131.155,132.783,87.0,0.003903772892676923,131.668,131.677,131.772,131.653,121.0,0.005406425584598535,131.866,131.888,131.993,132.039,129.0,0.0065735963892845336,132.02,131.964,132.006,132.431
2015-04-30,0.002653949131198132,133.181,133.826,177.0,0.005593236824266684,133.928,134.053,,,177.0,0.005593236824266684,133.928,134.053,,,180.0,0.007361280463884831,134.165,,,
2015-05-01,0.0029820236036450934,134.839,134.567,,,,,,,,,,,,,,,,,,
2015-05-04,0.003415302952813796,133.94,133.983,,,,,,,,,,,,,,,,,,
2015-05-05,0.0032616606096119594,133.935,133.992,,,,,,,,,,,,,,,,,,
2015-05-06,0.00320734416538016,134.504,135.52,109.0,0.005153828755178766,135.199,135.193,135.335,135.34,118.0,0.006476927363803573,135.378,135.321,135.311,135.427,156.0,0.008203928789387,135.612,135.572,135.56,135.656
2015-05-07,0.00317490009930133,134.679,135.108,,,,,,,,,,,,,,,,,,
2015-05-08,0.003220106108571591,134.792,134.654,155.0,-0.0049755601595859456,134.123,134.175,134.232,134.362,,,,,,,,,,,,
2015-05-11,0.0032789751838526527,133.629,133.791,,,,,,,,,,,,,,,,,,
2015-05-12,0.0031504104788643694,134.783,134.68,,,,,,,,,,,,,,,,,,
2015-05-13,0.0030868786578374277,134.454,135.452,110.0,0.004689479544436868,135.086,135.119,135.116,135.152,138.0,0.006324137610372611,135.307,135.27,135.226,135.207,,,,,,
2015-05-14,0.0030375824282488314,136.173,135.491,101.0,-0.004674092370771651,135.538,135.581,135.63,135.684,,,,,,,,,,,,
2015-05-15,0.0030118660031765404,135.862,136.406,180.0,0.004721579299617553,136.505,,,,,,,,,,,,,,,
2015-05-18,0.003032054610815874,136.518,136.031,118.0,-0.004618098050937829,135.889,135.841,135.89,135.909,,,,,,,,,,,,
2015-05-19,0.0029014775705236634,134.419,134.477,,,,,,,,,,,,,,,,,,
2015-05-20,0.003024277323159071,134.389,134.357,,,,,,,,,,,,,,,,,,
2015-05-21,0.0030337345804855097,134.895,134.704,,,,,,,,,,,,,,,,,,
2015-05-22,0.002957263080648943,134.969,133.987,61.0,-0.00477544122214532,134.326,134.149,134.307,134.073,62.0,-0.006093999938184523,134.149,134.189,134.196,134.078,94.0,-0.007877189932404789,133.91,133.997,133.794,133.856
2015-05-25,0.0028961313844309824,133.405,133.3,,,,,,,,,,,,,,,,,,
2015-05-26,0.0028223356761551397,134.002,133.842,,,,,,,,,,,,,,,,,,
2015-05-27,0.0027715971520927995,134.379,134.736,,,,,,,,,,,,,,,,,,
2015-05-28,0.002737516253480262,135.287,135.298,,,,,,,,,,,,,,,,,,
2015-05-29,0.0029211606316713536,135.961,136.309,,,,,,,,,,,,,,,,,,
2015-06-01,0.0028558292137265706,135.637,135.992,,,,,,,,,,,,,,,,,,
2015-06-02,0.0028410185881161064,137.584,138.175,65.0,0.004387673707036221,138.189,138.514,138.402,138.267,66.0,0.0067367638827980515,138.514,138.412,138.385,138.254,76.0,0.0074368090173858965,138.611,138.638,138.254,138.346
2015-06-03,0.0027859294426293185,138.324,139.972,63.0,0.0044362284805831214,138.939,138.943,138.893,139.108,78.0,0.005651850449613422,139.108,139.1,139.114,139.514,92.0,0.00751915733098244,139.368,139.514,139.486,139.436
2015-06-04,0.003198912275803948,140.563,140.389,,,,,,,,,,,,,,,,,,
2015-06-05,0.0034900084497258327,140.077,139.519,39.0,-0.005375760522130732,139.326,139.293,139.391,139.495,90.0,-0.007150154407341574,139.079,139.04,139.133,139.041,,,,,,
2015-06-08,0.0034606757705541442,139.791,140.504,,,,,,,,,,,,,,,,,,
2015-06-09,0.0032945154553199033,139.528,140.157,,,,,,,,,,,,,,,,,,
2015-06-10,0.0034877162025200832,138.752,138.781,,,,,,,,,,,,,,,,,,
2015-06-11,0.0034141698970841412,139.062,138.905,,,,,,,,,,,,,,,,,,
2015-06-12,0.0035288420780443504,138.463,138.98,,,,,,,,,,,,,,,,,,
2015-06-15,0.0034396313959433886,138.465,138.979,,,,,,,,,,,,,,,,,,
2015-06-16,0.0033005479611117557,138.634,138.601,,,,,,,,,,,,,,,,,,
2015-06-17,0.0032866528141252188,139.616,139.673,,,,,,,,,,,,,,,,,,
2015-06-18,0.003214543701492649,139.898,140.119,,,,,,,,,,,,,,,,,,
2015-06-19,0.0032199887960548314,139.17,139.097,,,,,,,,,,,,,,,,,,
2015-06-22,0.003137071853077642,139.846,140.218,,,,,,,,,,,,,,,,,,
2015-06-23,0.003053356919355933,138.699,138.359,,,,,,,,,,,,,,,,,,
2015-06-24,0.0029927564928556587,138.941,138.845,,,,,,,,,,,,,,,,,,
2015-06-25,0.0029859958254724885,138.504,138.415,,,,,,,,,,,,,,,,,,
2015-06-26,0.0029135245988218756,138.427,138.234,,,,,,,,,,,,,,,,,,
2015-06-29,0.002930759524352763,136.513,136.95,125.0,0.0045095328263696196,137.13,137.034,137.022,136.897,,,,,,,,,,,,
2015-06-30,0.003639987162146555,136.848,136.2,,,,,,,,,,,,,,,,,,
2015-07-01,0.0036704137880616133,136.525,136.325,,,,,,,,,,,,,,,,,,
2015-07-02,0.003587288254605799,136.825,136.56,,,,,,,,,,,,,,,,,,
2015-07-03,0.0034976011981593456,136.397,136.12,,,,,,,,,,,,,,,,,,
2015-07-06,0.003407096112183356,135.159,135.64,160.0,0.0051436380769390765,135.856,135.84,135.812,135.888,,,,,,,,,,,,
2015-07-07,0.0033875374337995648,134.135,133.782,,,,,,,,,,,,,,,,,,
2015-07-08,0.0032996628614430858,133.846,133.448,,,,,,,,,,,,,,,,,,
2015-07-09,0.0033589347479191507,134.375,133.67,,,,,,,,,,,,,,,,,,
2015-07-10,0.003275094237553378,136.792,136.888,,,,,,,,,,,,,,,,,,
2015-07-13,0.003381307352017294,136.545,135.943,,,,,,,,,,,,,,,,,,
2015-07-14,0.003483622451213701,136.037,135.907,,,,,,,,,,,,,,,,,,
2015-07-15,0.0034283098308139654,135.928,135.846,,,,,,,,,,,,,,,,,,
2015-07-16,0.003341690474281197,134.947,135.183,,,,,,,,,,,,,,,,,,
2015-07-17,0.0032736699370617592,135.051,134.529,,,,,,,,,,,,,,,,,,
2015-07-20,0.003195727122423791,134.76,134.829,,,,,,,,,,,,,,,,,,
2015-07-21,0.0031134468361858005,135.178,135.434,,,,,,,,,,,,,,,,,,
2015-07-22,0.0030461741404336005,135.161,135.093,,,,,,,,,,,,,,,,,,
2015-07-23,0.0029879048460687272,136.171,135.956,,,,,,,,,,,,,,,,,,
2015-07-24,0.0029522852338056426,135.649,135.833,,,,,,,,,,,,,,,,,,
2015-07-27,0.0028847041957985164,136.377,136.949,,,,,,,,,,,,,,,,,,
2015-07-28,0.002743656130902298,136.506,136.541,,,,,,,,,,,,,,,,,,
2015-07-29,0.002774994421345714,136.516,136.569,,,,,,,,,,,,,,,,,,
2015-07-30,0.0027089484995248972,136.296,135.766,,,,,,,,,,,,,,,,,,
2015-07-31,0.002677058479262955,136.339,136.673,30.0,0.004639394810205415,136.973,136.811,136.804,137.008,40.0,0.005588036863863278,137.103,137.018,137.008,136.889,77.0,0.006900057344652733,137.283,137.287,137.181,137.091
2015-08-03,0.002656709075516698,136.028,135.889,,,,,,,,,,,,,,,,,,
2015-08-04,0.0025443880649561735,136.107,135.821,,,,,,,,,,,,,,,,,,
2015-08-05,0.0024939917124705353,135.24,135.696,101.0,0.0037566144647221793,135.749,135.75,135.801,135.844,,,,,,,,,,,,
2015-08-06,0.0025165468199381583,136.04,136.094,,,,,,,,,,,,,,,,,,
2015-08-07,0.0025801658403720837,136.333,136.175,37.0,-0.003998212012882803,135.789,135.837,136.039,135.905,77.0,-0.005273059738094062,135.616,135.592,135.674,135.777,,,,,,
2015-08-10,0.0025260279498984595,136.639,136.931,,,,,,,,,,,,,,,,,,
2015-08-11,0.0024111494304116013,137.872,137.938,,,,,,,,,,,,,,,,,,
2015-08-12,0.0023987716268818265,138.427,138.687,,,,,,,,,,,,,,,,,,
2015-08-13,0.0026920024716973467,138.277,138.54,,,,,,,,,,,,,,,,,,
2015-08-14,0.0026270727607123298,138.657,138.047,177.0,-0.0039672698503755545,138.108,138.097,,,,,,,,,,,,,,
2015-08-17,0.0025667203816522152,138.189,137.718,,,,,,,,,,,,,,,,,,
2015-08-18,0.002495928248269002,137.451,137.184,,,,,,,,,,,,,,,,,,
2015-08-19,0.002441463028861804,137.28,137.267,,,,,,,,,,,,,,,,,,
2015-08-20,0.0024289148553465435,138.585,138.365,,,,,,,,,,,,,,,,,,
2015-08-21,0.0024245582174497542,138.382,138.624,,,,,,,,,,,,,,,,,,
2015-08-24,0.002457305246595425,137.772,137.314,38.0,0.0038973977369414466,138.31,138.319,138.346,138.4,46.0,0.0054073554343611755,138.519,138.437,138.389,138.14,71.0,-0.012555629196885104,136.053,136.43,136.934,136.688
2015-08-25,0.0023523067096085115,138.073,136.812,56.0,-0.0035333546640332887,137.586,137.618,137.64,137.484,72.0,-0.004973491071263743,137.388,137.409,137.399,137.245,87.0,-0.006014880947378669,137.245,137.211,137.248,137.194
2015-08-26,0.002338787251293816,136.444,135.612,138.0,-0.0035167743626482394,135.965,135.993,136.012,136.219,,,,,,,,,,,,
2015-08-27,0.0024331293537446152,135.88,135.857,69.0,-0.00395245773072446,135.344,135.383,135.387,135.402,,,,,,,,,,,,
2015-08-28,0.002546651669670517,136.115,135.53,,,,,,,,,,,,,,,,,,
2015-08-31,0.0024882310907491747,135.954,135.755,,,,,,,,,,,,,,,,,,
2015-09-01,0.0023831351662613413,135.072,135.098,,,,,,,,,,,,,,,,,,
2015-09-02,0.0023289680618274696,135.283,134.883,165.0,-0.003554427148078605,134.803,134.731,134.842,134.937,,,,,,,,,,,,
2015-09-03,0.0023591214111704875,135.03,133.484,34.0,-0.003717186789382351,134.529,134.516,134.14,133.983,37.0,-0.005867733254054928,134.24,134.257,133.709,133.843,39.0,-0.006612945301359968,134.14,133.966,133.892,133.693
2015-09-04,0.0023121663424376555,132.772,132.382,,,,,,,,,,,,,,,,,,
2015-09-07,0.002985388305738211,133.101,133.281,,,,,,,,,,,,,,,,,,
2015-09-08,0.0028845744182725355,133.874,133.871,,,,,,,,,,,,,,,,,,
2015-09-09,0.0028108479042754995,134.646,135.03,,,,,,,,,,,,,,,,,,
2015-09-10,0.002983914789150277,135.563,135.952,,,,,,,,,,,,,,,,,,
2015-09-11,0.002934123586839397,135.98,136.811,,,,,,,,,,,,,,,,,,
2015-09-14,0.0030664465455757088,136.271,135.593,135.0,-0.004641232849714864,135.64,135.674,135.627,135.589,,,,,,,,,,,,
2015-09-15,0.002933220135411036,135.415,135.527,,,,,,,,,,,,,,,,,,
2015-09-16,0.0028871449822405024,135.337,136.33,99.0,0.004386796531712483,135.932,135.936,135.952,135.9,134.0,0.005820309360864376,136.127,136.168,136.166,136.187,,,,,,
2015-09-17,0.0028459137314370128,136.77,136.782,,,,,,,,,,,,,,,,,,
2015-09-18,0.0028060722008238855,136.29,136.147,,,,,,,,,,,,,,,,,,
2015-09-21,0.002765459503910125,135.54,134.98,177.0,-0.004414332652660069,134.943,134.945,,,,,,,,,,,,,,
2015-09-22,0.002823047543736205,133.87,133.642,,,,,,,,,,,,,,,,,,
2015-09-23,0.002802201372906427,134.107,134.04,,,,,,,,,,,,,,,,,,
2015-09-24,0.0029883268178688325,134.594,134.502,,,,,,,,,,,,,,,,,,
2015-09-25,0.0029773999936625077,135.077,135.16,,,,,,,,,,,,,,,,,,
2015-09-28,0.002903891585600375,134.161,134.616,,,,,,,,,,,,,,,,,,
2015-09-29,0.00282745960120428,134.501,134.681,,,,,,,,,,,,,,,,,,
2015-09-30,0.0027594530513579763,134.762,133.699,125.0,-0.004149229274693321,134.204,134.219,134.275,134.257,167.0,-0.005588373493404227,134.011,133.999,133.982,,177.0,-0.007059483625232033,133.814,133.674,,
2015-10-01,0.0026994398973975786,133.533,133.945,166.0,0.004222237628436436,134.098,134.095,134.063,,,,,,,,,,,,,
2015-10-02,0.0026902613663273376,134.164,134.649,,,,,,,,,,,,,,,,,,
2015-10-05,0.0026259462796434513,135.005,134.78,,,,,,,,,,,,,,,,,,
2015-10-06,0.0025289883942549904,135.066,135.357,,,,,,,,,,,,,,,,,,
2015-10-07,0.0024750216307728766,135.352,134.861,102.0,-0.003849233426497752,134.832,134.804,134.8,134.803,125.0,-0.005207399888180648,134.649,134.648,134.706,134.681,,,,,,
2015-10-08,0.00249828466867176,135.156,135.314,,,,,,,,,,,,,,,,,,
2015-10-09,0.002479563764788363,136.709,136.717,,,,,,,,,,,,,,,,,,
2015-10-12,0.0024367394761755723,136.659,136.369,,,,,,,,,,,,,,,,,,
2015-10-13,0.0025559259076579845,136.164,136.368,,,,,,,,,,,,,,,,,,
2015-10-14,0.0025417826993043144,136.347,136.32,,,,,,,,,,,,,,,,,,
2015-10-15,0.0024846961269472355,135.118,134.956,,,,,,,,,,,,,,,,,,
2015-10-16,0.0024438700743008917,135.1,135.877,179.0,0.0037310030166860615,135.605,135.597,,,,,,,,,,,,,,
2015-10-19,0.002565921232559112,135.271,135.263,,,,,,,,,,,,,,,,,,
2015-10-20,0.0024524944124544343,136.066,136.06,,,,,,,,,,,,,,,,,,
2015-10-21,0.002409399358305898,136.278,136.067,,,,,,,,,,,,,,,,,,
2015-10-22,0.0024281416829648014,135.607,134.18,29.0,-0.00673318513940513,134.697,134.661,134.821,134.773,29.0,-0.00673318513940513,134.697,134.661,134.821,134.773,29.0,-0.00673318513940513,134.697,134.661,134.821,134.773
2015-10-23,0.0023800299129790427,133.887,133.529,38.0,-0.0036215386209241967,133.403,133.452,133.505,133.503,,,,,,,,,,,,
2015-10-26,0.0028197765843826464,133.392,133.581,,,,,,,,,,,,,,,,,,
2015-10-27,0.0027043640130921284,133.137,132.924,,,,,,,,,,,,,,,,,,
2015-10-28,0.002654706031881002,133.222,133.367,,,,,,,,,,,,,,,,,,
2015-10-29,0.0026303732751529036,132.553,132.785,,,,,,,,,,,,,,,,,,
2015-10-30,0.0026859072697972748,132.735,133.299,134.0,0.004097519031109181,133.28,133.246,133.257,133.163,,,,,,,,,,,,
2015-11-02,0.002718326253286515,133.125,133.048,,,,,,,,,,,,,,,,,,
2015-11-03,0.002590377159289807,132.708,132.683,,,,,,,,,,,,,,,,,,
2015-11-04,0.0025342414993716547,132.403,131.976,82.0,-0.003988214716507959,131.876,131.926,131.919,131.854,,,,,,,,,,,,
2015-11-05,0.0024851459169982176,132.397,132.322,,,,,,,,,,,,,,,,,,
2015-11-06,0.0024894535993075905,131.827,132.296,102.0,0.0037781179359509904,132.326,132.327,132.324,132.23,,,,,,,,,,,,
2015-11-09,0.0024606348762486654,132.691,132.486,,,,,,,,,,,,,,,,,,
2015-11-10,0.0024296994560016826,131.897,131.758,,,,,,,,,,,,,,,,,,
2015-11-11,0.002414027343590565,132.049,131.906,,,,,,,,,,,,,,,,,,
2015-11-12,0.0023617254841576327,131.918,132.313,43.0,0.0040699973723475865,132.456,132.382,132.381,132.374,60.0,0.0051188522172098605,132.595,132.41,132.355,132.242,,,,,,
2015-11-13,0.002308370455678485,131.762,131.815,,,,,,,,,,,,,,,,,,
2015-11-16,0.0022564501148427778,131.91,131.737,,,,,,,,,,,,,,,,,,
2015-11-17,0.0022640414664943727,131.484,131.388,,,,,,,,,,,,,,,,,,
2015-11-18,0.0022222894260097224,131.6,131.411,,,,,,,,,,,,,,,,,,
2015-11-19,0.002195168275260626,131.599,131.751,144.0,0.003315192597624689,132.036,132.008,131.976,131.958,,,,,,,,,,,,
2015-11-20,0.0022585707621479937,131.304,130.793,140.0,-0.0035323998660046273,130.841,130.838,130.842,130.813,,,,,,,,,,,,
2015-11-23,0.0022283654962844137,130.953,130.524,119.0,-0.0034805792239370587,130.498,130.54,130.571,130.557,,,,,,,,,,,,
2015-11-24,0.0023102722182468975,130.545,130.381,,,,,,,,,,,,,,,,,,
2015-11-25,0.002272559736143871,130.123,130.31,,,,,,,,,,,,,,,,,,
2015-11-26,0.00222241613615783,130.131,130.079,,,,,,,,,,,,,,,,,,
2015-11-27,0.00218742325051964,129.8,130.179,,,,,,,,,,,,,,,,,,
2015-11-30,0.0021450332658660975,130.156,130.045,,,,,,,,,,,,,,,,,,
2015-12-01,0.0020567600335275773,130.584,130.509,,,,,,,,,,,,,,,,,,
2015-12-02,0.0020144479661514114,130.516,130.744,,,,,,,,,,,,,,,,,,
2015-12-03,0.002041938375253359,133.186,133.903,67.0,0.0033580722659081797,133.634,133.673,133.51,133.495,69.0,0.004091149802983234,133.732,133.703,133.527,133.374,143.0,0.005331668588529788,133.898,133.915,133.998,134.486
2015-12-04,0.001993494383393956,134.205,133.878,,,,,,,,,,,,,,,,,,
2015-12-07,0.0035408666363823927,133.516,133.742,,,,,,,,,,,,,,,,,,
2015-12-08,0.0033619321846832997,133.805,133.908,,,,,,,,,,,,,,,,,,
2015-12-09,0.0032946327727875592,133.932,133.593,,,,,,,,,,,,,,,,,,
2015-12-10,0.0032233140739131257,133.07,132.959,,,,,,,,,,,,,,,,,,
2015-12-11,0.0031407625722763644,133.1,132.831,,,,,,,,,,,,,,,,,,
2015-12-14,0.00308483536650856,132.776,132.939,,,,,,,,,,,,,,,,,,
2015-12-15,0.0029747178315400243,133.005,132.998,,,,,,,,,,,,,,,,,,
2015-12-16,0.0029337075070807205,133.278,133.165,,,,,,,,,,,,,,,,,,
2015-12-17,0.0028603526869937575,133.072,132.689,,,,,,,,,,,,,,,,,,
2015-12-18,0.002819295840918055,131.394,131.571,,,,,,,,,,,,,,,,,,
2015-12-21,0.0027560138016707904,132.142,132.189,,,,,,,,,,,,,,,,,,
2015-12-22,0.002783969936560512,132.568,132.736,,,,,,,,,,,,,,,,,,
2015-12-23,0.002755468191349239,131.778,131.58,,,,,,,,,,,,,,,,,,
2015-12-24,0.0026885960811356482,131.695,131.733,,,,,,,,,,,,,,,,,,
2015-12-28,0.0026605740531479008,132.147,132.122,,,,,,,,,,,,,,,,,,
2015-12-29,0.0025502863610987196,131.588,131.664,,,,,,,,,,,,,,,,,,
2015-12-30,0.0024918531020787222,131.885,131.607,,,,,,,,,,,,,,,,,,
2015-12-31,0.0024626531033112163,131.063,130.573,129.0,-0.003814595627246029,130.564,130.556,130.556,130.579,,,,,,,,,,,,
2016-01-04,0.002405043546272838,129.416,129.195,110.0,-0.003615044673885347,128.949,128.936,128.962,128.762,125.0,-0.005066282943264304,128.762,128.834,128.833,128.732,,,,,,
2016-01-05,0.002554366555611947,127.914,127.864,,,,,,,,,,,,,,,,,,
2016-01-06,0.002558842069658085,127.467,127.572,,,,,,,,,,,,,,,,,,
2016-01-07,0.0028420207395279517,127.926,128.217,,,,,,,,,,,,,,,,,,
2016-01-08,0.0027923920863537305,128.231,128.323,,,,,,,,,,,,,,,,,,
2016-01-11,0.0028417056397461306,128.313,127.718,92.0,-0.004624394064803557,127.721,127.717,127.653,127.527,105.0,-0.006120960469234675,127.53,127.508,127.482,127.318,117.0,-0.0072585947052615715,127.385,127.391,127.414,127.678
2016-01-12,0.002789940837867609,127.805,127.576,,,,,,,,,,,,,,,,,,
2016-01-13,0.002749100669487183,127.962,128.098,89.0,0.004125518128418915,128.491,128.512,128.455,128.422,,,,,,,,,,,,
2016-01-14,0.0027079293555047046,128.262,128.292,,,,,,,,,,,,,,,,,,
2016-01-15,0.0026678869860600487,128.072,127.917,,,,,,,,,,,,,,,,,,
2016-01-18,0.002630164947629253,127.813,127.823,,,,,,,,,,,,,,,,,,
2016-01-19,0.002572619615770395,128.088,128.338,,,,,,,,,,,,,,,,,,
2016-01-20,0.0025448112821347215,127.518,127.21,64.0,-0.004157062570470105,126.989,126.97,127.033,127.102,114.0,-0.00518129763527105,126.859,126.816,126.642,126.844,116.0,-0.006530160180888848,126.688,126.692,126.627,126.888
2016-01-21,0.0025052568490736182,126.21,127.592,27.0,0.0037880780294541924,126.689,126.732,126.754,126.788,35.0,0.005389144697417781,126.892,126.938,126.92,126.787,107.0,0.006460348328520112,127.028,127.058,126.985,126.982
2016-01-22,0.0025278151326014343,127.739,128.142,97.0,0.00381301103470516,128.227,128.24,128.324,128.32,,,,,,,,,,,,
2016-01-25,0.0024987493278038645,128.229,128.41,,,,,,,,,,,,,,,,,,
2016-01-26,0.002443310857288309,128.307,128.556,,,,,,,,,,,,,,,,,,
2016-01-27,0.0024159063482817574,129.065,129.251,,,,,,,,,,,,,,,,,,
2016-01-28,0.002399094264381963,129.813,130.016,,,,,,,,,,,,,,,,,,
2016-01-29,0.0024104903410947618,131.734,131.11,117.0,-0.004847230708909538,131.097,130.99,131.062,130.963,117.0,-0.004847230708909538,131.097,130.99,131.062,130.963,120.0,-0.006633763479089207,130.863,130.941,131.126,130.939
2016-02-01,0.0027953699373219182,131.95,131.813,,,,,,,,,,,,,,,,,,
2016-02-02,0.002714444924956256,131.743,131.057,113.0,-0.004496099169507848,131.152,131.117,131.049,131.063,,,,,,,,,,,,
2016-02-03,0.002669876646189405,130.756,130.337,88.0,-0.00435343136518429,130.188,130.191,130.499,130.571,,,,,,,,,,,,
2016-02-04,0.00275075109744082,131.207,130.823,,,,,,,,,,,,,,,,,,
2016-02-05,0.002708663571550688,130.582,130.2,,,,,,,,,,,,,,,,,,
2016-02-08,0.00266452648356621,129.309,129.1,118.0,-0.0040217180193231885,128.79,128.805,128.921,128.978,,,,,,,,,,,,
2016-02-09,0.0025933944231910865,129.151,129.935,54.0,0.004079903661915626,129.679,129.652,129.663,129.84,62.0,0.005813453673645265,129.904,129.919,129.832,129.842,133.0,0.006652183009470455,130.013,129.957,130.059,130.212
2016-02-10,0.0030344547805851805,129.015,128.127,105.0,-0.004614747386894941,128.421,128.437,128.468,128.169,119.0,-0.006844281044039624,128.135,128.169,128.273,128.124,128.0,-0.007874975526589263,128.003,128.086,128.065,128.111
2016-02-11,0.0030450847498610066,127.379,126.966,,,,,,,,,,,,,,,,,,
2016-02-12,0.003370162914580806,126.967,127.338,,,,,,,,,,,,,,,,,,
2016-02-15,0.003309651554862386,127.527,127.876,,,,,,,,,,,,,,,,,,
2016-02-16,0.0032045641079287515,127.256,126.853,,,,,,,,,,,,,,,,,,
2016-02-17,0.0031487928293592385,127.144,127.305,,,,,,,,,,,,,,,,,,
2016-02-18,0.0031876783687086437,126.24,126.152,,,,,,,,,,,,,,,,,,
2016-02-19,0.0031273678137872176,125.374,125.153,,,,,,,,,,,,,,,,,,
2016-02-22,0.003256603935822032,124.603,124.632,,,,,,,,,,,,,,,,,,
2016-02-23,0.003144768362509314,123.63,123.643,,,,,,,,,,,,,,,,,,
2016-02-24,0.0032600101215904875,122.904,122.849,,,,,,,,,,,,,,,,,,
2016-02-25,0.0032897960986178402,124.114,124.387,,,,,,,,,,,,,,,,,,
2016-02-26,0.0033289294923866926,124.46,124.432,,,,,,,,,,,,,,,,,,
2016-02-29,0.00330253866113712,123.169,122.801,117.0,-0.0053320868913700826,122.514,122.717,122.674,122.572,,,,,,,,,,,,
2016-03-01,0.003258526644852629,122.923,123.769,104.0,0.005880676067738469,123.648,123.545,123.493,123.357,,,,,,,,,,,,
2016-03-02,0.0033217473839904214,123.852,123.464,,,,,,,,,,,,,,,,,,
2016-03-03,0.003367534495348016,124.223,124.268,,,,,,,,,,,,,,,,,,
2016-03-04,0.0033102970640982803,124.771,125.304,130.0,0.005084390874529452,125.407,125.404,125.473,125.427,,,,,,,,,,,,
2016-03-07,0.003282107353053852,124.435,125.218,171.0,0.004954156223931854,125.053,125.065,125.009,,,,,,,,,,,,,
2016-03-08,0.00320882807537064,124.596,124.012,,,,,,,,,,,,,,,,,,
2016-03-09,0.0031582022765308223,123.475,124.712,92.0,0.005596780922195082,124.168,124.149,124.431,124.472,95.0,0.006948872040197995,124.336,124.371,124.48,124.351,99.0,0.008194717708460234,124.491,124.48,124.401,124.305
2016-03-10,0.0032388035861646834,124.56,126.341,10.0,0.005468322653873277,125.243,125.576,125.723,125.608,11.0,0.00812362544716294,125.576,126.025,125.682,125.52,11.0,0.00812362544716294,125.576,126.025,125.682,125.52
2016-03-11,0.003351299758699872,126.345,126.88,152.0,0.005690376073020627,127.066,127.007,127.12,127.137,160.0,0.006870168723690925,127.216,127.24,127.197,127.086,,,,,,
2016-03-14,0.0036079777754739516,126.333,126.156,,,,,,,,,,,,,,,,,,
2016-03-15,0.0034775593111510453,125.247,125.401,,,,,,,,,,,,,,,,,,
2016-03-16,0.0034542863420546376,125.893,125.841,,,,,,,,,,,,,,,,,,
2016-03-17,0.0034151952775778086,125.526,125.924,16.0,0.005141072670537046,126.173,126.084,126.011,126.328,82.0,0.0069939514966246424,126.407,126.445,126.444,126.408,,,,,,
2016-03-18,0.003385244133750337,125.682,125.751,,,,,,,,,,,,,,,,,,
2016-03-21,0.0033462247441452602,125.749,125.613,,,,,,,,,,,,,,,,,,
2016-03-22,0.0032328376305198418,125.333,125.538,,,,,,,,,,,,,,,,,,
2016-03-23,0.003188647883570666,126.104,125.885,,,,,,,,,,,,,,,,,,
2016-03-24,0.0031318216019372925,125.696,125.762,,,,,,,,,,,,,,,,,,
2016-03-25,0.003075903293969949,126.212,126.216,,,,,,,,,,,,,,,,,,
2016-03-28,0.0030242850278710547,126.734,127.003,,,,,,,,,,,,,,,,,,
2016-03-29,0.0029532476043740053,127.206,126.988,,,,,,,,,,,,,,,,,,
2016-03-30,0.0029107257800146833,127.37,127.566,,,,,,,,,,,,,,,,,,
2016-03-31,0.0028613438815946876,127.936,128.045,,,,,,,,,,,,,,,,,,
2016-04-01,0.00281287249139958,128.033,127.571,78.0,-0.0046266840532751255,127.442,127.467,127.526,127.474,,,,,,,,,,,,
2016-04-04,0.002786007769874994,126.976,126.591,,,,,,,,,,,,,,,,,,
2016-04-05,0.002718840965520374,125.759,125.537,,,,,,,,,,,,,,,,,,
2016-04-06,0.002749312355233524,125.241,125.3,,,,,,,,,,,,,,,,,,
2016-04-07,0.002741558240848803,123.344,122.962,76.0,-0.00474596996537085,122.76,122.768,122.711,122.679,83.0,-0.005528289582818212,122.664,122.692,122.693,122.782,,,,,,
2016-04-08,0.0028355760558937963,123.492,123.608,,,,,,,,,,,,,,,,,,
2016-04-11,0.002921456202317607,123.302,123.168,,,,,,,,,,,,,,,,,,
2016-04-12,0.002828350952933819,123.624,123.707,,,,,,,,,,,,,,,,,,
2016-04-13,0.0027857484926817905,123.557,123.173,126.0,-0.004339386886282468,123.022,123.063,123.101,123.193,,,,,,,,,,,,
2016-04-14,0.002750123918490597,123.143,122.95,,,,,,,,,,,,,,,,,,
2016-04-15,0.0027338802304874583,122.793,122.832,,,,,,,,,,,,,,,,,,
2016-04-18,0.0026966384041987586,122.42,123.249,47.0,0.004206139330107545,122.936,122.955,122.923,122.833,121.0,0.0056205092365997945,123.11,123.125,123.179,123.135,144.0,0.006797624628337091,123.255,123.275,123.205,123.208
2016-04-19,0.002764810330027169,124.101,124.178,,,,,,,,,,,,,,,,,,
2016-04-20,0.002970598052004823,124.235,124.058,,,,,,,,,,,,,,,,,,
2016-04-21,0.002947852651500518,124.339,123.657,114.0,-0.0049422630984554804,123.726,123.649,123.618,123.625,116.0,-0.0070377924603521975,123.467,123.611,123.574,123.68,,,,,,
2016-04-22,0.002899041831217801,124.766,125.292,76.0,0.004805452751477967,125.367,125.359,125.335,125.292,,,,,,,,,,,,
2016-04-25,0.002852032141916008,125.05,125.234,,,,,,,,,,,,,,,,,,
2016-04-26,0.0030966919900852663,125.242,125.893,125.0,0.0046521345074714004,125.826,125.849,125.879,125.842,,,,,,,,,,,,
2016-04-27,0.003042309427424215,125.787,125.99,,,,,,,,,,,,,,,,,,
2016-04-28,0.0030274778253244396,122.747,122.949,,,,,,,,,,,,,,,,,,
2016-04-29,0.002980484920159648,122.216,122.329,80.0,0.0047914743186404365,122.803,122.776,122.734,122.86,,,,,,,,,,,,
2016-05-02,0.004282089922321374,122.387,122.654,,,,,,,,,,,,,,,,,,
2016-05-03,0.004158032561759502,122.43,122.404,,,,,,,,,,,,,,,,,,
2016-05-04,0.004082924352021522,122.681,123.065,,,,,,,,,,,,,,,,,,
2016-05-05,0.004020534424161081,122.512,122.387,,,,,,,,,,,,,,,,,,
2016-05-06,0.003942229299758453,122.194,121.842,,,,,,,,,,,,,,,,,,
2016-05-09,0.003935971704243047,123.3,123.585,,,,,,,,,,,,,,,,,,
2016-05-10,0.003785720751352557,124.129,124.367,,,,,,,,,,,,,,,,,,
2016-05-11,0.00384102393425294,123.93,124.182,,,,,,,,,,,,,,,,,,
2016-05-12,0.0037729603955082925,124.478,123.736,,,,,,,,,,,,,,,,,,
2016-05-13,0.0037069845768876873,123.522,123.274,,,,,,,,,,,,,,,,,,
2016-05-16,0.003646386889819925,123.272,123.352,,,,,,,,,,,,,,,,,,
2016-05-17,0.003581537106835054,123.926,123.611,,,,,,,,,,,,,,,,,,
2016-05-18,0.003516888897789681,123.341,123.645,,,,,,,,,,,,,,,,,,
2016-05-19,0.0034519491836678693,122.997,123.161,,,,,,,,,,,,,,,,,,
2016-05-20,0.003388625861687449,123.82,123.858,,,,,,,,,,,,,,,,,,
2016-05-23,0.0033306454556266533,122.764,122.523,,,,,,,,,,,,,,,,,,
2016-05-24,0.003226354470553149,122.483,122.58,,,,,,,,,,,,,,,,,,
2016-05-25,0.0032103651627233836,122.782,122.962,,,,,,,,,,,,,,,,,,
2016-05-26,0.0031530202617495525,122.946,122.744,,,,,,,,,,,,,,,,,,
2016-05-27,0.003102003477074449,122.444,122.384,,,,,,,,,,,,,,,,,,
2016-05-30,0.0030630139349304567,123.816,123.704,,,,,,,,,,,,,,,,,,
2016-05-31,0.0030242492257737848,123.878,123.322,,,,,,,,,,,,,,,,,,
2016-06-01,0.0030044997830900094,122.038,122.303,,,,,,,,,,,,,,,,,,
2016-06-02,0.002993963472751202,121.943,121.328,95.0,-0.004652318106838551,121.377,121.354,121.226,121.072,103.0,-0.00605389469745654,121.207,121.269,121.152,121.248,,,,,,
2016-06-03,0.0030537639600398624,121.337,121.103,,,,,,,,,,,,,,,,,,
2016-06-06,0.0030548165537038273,121.504,121.859,160.0,0.004639274577790058,122.069,122.06,122.014,121.918,,,,,,,,,,,,
2016-06-07,0.00297669903932558,122.211,121.785,177.0,-0.004477692862459263,121.665,121.734,,,,,,,,,,,,,,
2016-06-08,0.0030098495337065683,121.785,121.626,,,,,,,,,,,,,,,,,,
2016-06-09,0.003025507138386469,120.761,120.685,,,,,,,,,,,,,,,,,,
2016-06-10,0.0029724021640025284,120.733,120.76,,,,,,,,,,,,,,,,,,
2016-06-13,0.002959405548580211,119.527,119.662,133.0,0.005057175094199799,120.133,120.097,120.087,120.06,153.0,0.006205242640144628,120.271,120.286,120.178,120.151,,,,,,
2016-06-14,0.003000207831480297,118.896,118.798,,,,,,,,,,,,,,,,,,
2016-06-15,0.0029546608886134402,119.229,118.992,,,,,,,,,,,,,,,,,,
2016-06-16,0.0029553015763242553,116.636,116.078,75.0,-0.005036841399052606,116.05,116.093,116.164,116.206,105.0,-0.006114543841974119,115.925,115.905,115.882,115.725,120.0,-0.00784128720216443,115.725,115.698,115.801,115.865
2016-06-17,0.00300287820442518,117.348,117.29,,,,,,,,,,,,,,,,,,
2016-06-20,0.002966053065548836,118.461,118.066,,,,,,,,,,,,,,,,,,
2016-06-21,0.0031167223361709454,118.435,117.74,94.0,-0.005095919064342649,117.833,117.735,117.718,117.61,100.0,-0.006344226157093631,117.686,117.612,117.561,117.55,,,,,,
2016-06-22,0.003168282486371928,117.955,118.035,124.0,0.005099096510880148,118.558,118.516,118.514,118.549,,,,,,,,,,,,
2016-06-23,0.0031137192236771133,120.227,120.385,,,,,,,,,,,,,,,,,,
2016-06-24,0.003084882285129291,112.972,113.686,22.0,0.00512968788452463,113.553,113.662,113.562,113.437,128.0,0.006370628518233665,113.694,113.732,113.75,113.484,130.0,0.008057947663612989,113.886,113.835,113.754,113.569
2016-06-27,0.006171427974469394,111.724,112.047,,,,,,,,,,,,,,,,,,
2016-06-28,0.006203524361622184,113.255,113.528,,,,,,,,,,,,,,,,,,
2016-06-29,0.006113090457962474,113.957,114.105,,,,,,,,,,,,,,,,,,
2016-06-30,0.006006901545482121,114.01,113.435,,,,,,,,,,,,,,,,,,
2016-07-01,0.005917951854762773,114.125,114.32,,,,,,,,,,,,,,,,,,
2016-07-04,0.005798510822047214,114.203,114.234,,,,,,,,,,,,,,,,,,
2016-07-05,0.0055681810257643466,113.441,112.525,,,,,,,,,,,,,,,,,,
2016-07-06,0.005478317751934423,111.166,112.007,,,,,,,,,,,,,,,,,,
2016-07-07,0.005746203114206579,111.783,111.462,,,,,,,,,,,,,,,,,,
2016-07-08,0.005658385397315133,111.107,111.088,,,,,,,,,,,,,,,,,,
2016-07-11,0.005552463852553008,113.087,113.375,,,,,,,,,,,,,,,,,,
2016-07-12,0.005322906213229174,115.226,115.968,,,,,,,,,,,,,,,,,,
2016-07-13,0.005727743015343758,115.847,115.714,,,,,,,,,,,,,,,,,,
2016-07-14,0.005681549801476629,117.912,117.145,,,,,,,,,,,,,,,,,,
2016-07-15,0.005622091866807268,117.62,116.781,,,,,,,,,,,,,,,,,,
2016-07-18,0.005705788526606197,116.954,117.4,,,,,,,,,,,,,,,,,,
2016-07-19,0.0058870555863926085,117.076,116.848,,,,,,,,,,,,,,,,,,
2016-07-20,0.005783693491612203,117.281,117.332,,,,,,,,,,,,,,,,,,
2016-07-21,0.005683304756924229,117.084,116.708,,,,,,,,,,,,,,,,,,
2016-07-22,0.005675157907091122,116.94,116.496,,,,,,,,,,,,,,,,,,
2016-07-25,0.0056937411954080894,116.666,116.384,,,,,,,,,,,,,,,,,,
2016-07-26,0.005469144606282903,114.688,115.124,,,,,,,,,,,,,,,,,,
2016-07-27,0.005514020348235995,116.173,116.118,,,,,,,,,,,,,,,,,,
2016-07-28,0.0054417262190483325,116.063,116.295,,,,,,,,,,,,,,,,,,
2016-07-29,0.005333189975352747,114.831,114.27,,,,,,,,,,,,,,,,,,
2016-08-01,0.0052178639633549215,114.101,114.226,,,,,,,,,,,,,,,,,,
2016-08-02,0.005273190834215856,113.813,113.203,,,,,,,,,,,,,,,,,,
2016-08-03,0.005166122422909664,113.222,113.186,,,,,,,,,,,,,,,,,,
2016-08-04,0.005148604110220346,112.564,112.524,,,,,,,,,,,,,,,,,,
2016-08-05,0.005085061645831875,112.694,112.707,,,,,,,,,,,,,,,,,,
2016-08-08,0.004983318866551259,113.544,113.568,,,,,,,,,,,,,,,,,,
2016-08-09,0.004799238173079319,113.284,113.275,,,,,,,,,,,,,,,,,,
2016-08-10,0.00470596294131537,113.16,113.148,,,,,,,,,,,,,,,,,,
2016-08-11,0.0046261025926618874,113.022,113.314,,,,,,,,,,,,,,,,,,
2016-08-12,0.004535443421190463,113.73,112.864,138.0,-0.007103336655685368,112.925,112.915,112.929,112.892,,,,,,,,,,,,
2016-08-15,0.00447185386326252,112.889,113.142,,,,,,,,,,,,,,,,,,
2016-08-16,0.004326169390197115,112.751,113.075,,,,,,,,,,,,,,,,,,
2016-08-17,0.004260392196796873,113.453,112.919,,,,,,,,,,,,,,,,,,
2016-08-18,0.004225945362494294,113.51,113.397,,,,,,,,,,,,,,,,,,
2016-08-19,0.004148938040613419,113.438,113.523,,,,,,,,,,,,,,,,,,
2016-08-22,0.0040871831833962265,113.634,113.459,,,,,,,,,,,,,,,,,,
2016-08-23,0.00393801588586439,113.482,113.3,,,,,,,,,,,,,,,,,,
2016-08-24,0.003863356477910243,112.947,113.083,,,,,,,,,,,,,,,,,,
2016-08-25,0.003796642245811596,113.401,113.398,,,,,,,,,,,,,,,,,,
2016-08-26,0.003725115943450624,113.373,113.739,,,,,,,,,,,,,,,,,,
2016-08-29,0.00365777026005902,114.252,114.209,,,,,,,,,,,,,,,,,,
2016-08-30,0.0035605495799960626,114.22,114.759,,,,,,,,,,,,,,,,,,
2016-08-31,0.003502072437083501,114.967,115.229,,,,,,,,,,,,,,,,,,
2016-09-01,0.003487765431328292,115.532,115.571,,,,,,,,,,,,,,,,,,
2016-09-02,0.0034315947583131025,115.77,116.237,,,,,,,,,,,,,,,,,,
2016-09-05,0.0033961438768024574,115.223,115.289,,,,,,,,,,,,,,,,,,
2016-09-06,0.0032770143986373752,115.355,114.93,,,,,,,,,,,,,,,,,,
2016-09-07,0.0032283274982167084,114.232,114.354,,,,,,,,,,,,,,,,,,
2016-09-08,0.0033324107104361705,114.807,115.139,,,,,,,,,,,,,,,,,,
2016-09-09,0.00327566273812709,115.695,115.313,139.0,-0.005051850592955762,115.112,115.148,115.201,115.272,,,,,,,,,,,,
2016-09-12,0.0032676363761645873,114.314,114.477,,,,,,,,,,,,,,,,,,
2016-09-13,0.003149752557712221,114.889,114.826,,,,,,,,,,,,,,,,,,
2016-09-14,0.0032021857699916817,115.341,115.371,,,,,,,,,,,,,,,,,,
2016-09-15,0.0033106815956074342,115.03,114.917,,,,,,,,,,,,,,,,,,
2016-09-16,0.003294547218782295,114.36,114.251,,,,,,,,,,,,,,,,,,
2016-09-19,0.003235833453251896,113.645,113.805,,,,,,,,,,,,,,,,,,
2016-09-20,0.0031673245740262506,113.979,113.624,,,,,,,,,,,,,,,,,,
2016-09-21,0.003111822791353419,112.429,112.362,,,,,,,,,,,,,,,,,,
2016-09-22,0.003100589509497257,113.192,113.175,,,,,,,,,,,,,,,,,,
2016-09-23,0.0031316237624932144,113.08,113.392,,,,,,,,,,,,,,,,,,
2016-09-26,0.0031583032354215853,113.162,113.04,,,,,,,,,,,,,,,,,,
2016-09-27,0.0030460573660747734,112.599,112.489,,,,,,,,,,,,,,,,,,
2016-09-28,0.0029968521356266223,112.81,112.64,,,,,,,,,,,,,,,,,,
2016-09-29,0.002970495936030479,113.875,114.102,,,,,,,,,,,,,,,,,,
2016-09-30,0.0030594282468044366,113.049,113.74,85.0,0.004659667958220823,113.577,113.578,113.663,113.456,166.0,0.006128956145791934,113.744,113.794,113.835,,,,,,,
2016-10-03,0.0030212135438278352,113.891,113.828,,,,,,,,,,,,,,,,,,
2016-10-04,0.002933172300168667,114.454,115.168,,,,,,,,,,,,,,,,,,
2016-10-05,0.002919922458645626,115.602,115.936,,,,,,,,,,,,,,,,,,
2016-10-06,0.0029619213809523376,115.926,116.02,,,,,,,,,,,,,,,,,,
2016-10-07,0.0029313363236021226,115.417,115.469,,,,,,,,,,,,,,,,,,
2016-10-10,0.002900669561027654,115.374,115.64,,,,,,,,,,,,,,,,,,
2016-10-11,0.0028060576541510205,114.942,114.335,,,,,,,,,,,,,,,,,,
2016-10-12,0.0027748656944588516,114.376,115.071,,,,,,,,,,,,,,,,,,
2016-10-13,0.002915781303490243,114.544,114.374,122.0,-0.004585157050393361,114.02,114.01,114.084,114.101,,,,,,,,,,,,
2016-10-14,0.00286641758669967,114.77,114.37,,,,,,,,,,,,,,,,,,
2016-10-17,0.0028228709240071073,114.475,114.352,,,,,,,,,,,,,,,,,,
2016-10-18,0.002748986280525146,114.354,114.164,,,,,,,,,,,,,,,,,,
2016-10-19,0.0027018715322886886,113.497,113.283,,,,,,,,,,,,,,,,,,
2016-10-20,0.002666475752263301,113.759,113.628,44.0,0.004971840918796059,114.326,114.354,114.283,113.927,46.0,0.006108294083744025,114.456,114.265,114.239,113.966,,,,,,
2016-10-21,0.002648778297904231,112.898,112.962,,,,,,,,,,,,,,,,,,
2016-10-24,0.002605023798708315,113.284,113.447,,,,,,,,,,,,,,,,,,
2016-10-25,0.002555530284513103,113.708,113.52,,,,,,,,,,,,,,,,,,
2016-10-26,0.0025871193751981865,113.896,113.976,,,,,,,,,,,,,,,,,,
2016-10-27,0.00254484266458792,114.436,114.641,,,,,,,,,,,,,,,,,,
2016-10-28,0.002506161499098599,115.062,115.245,,,,,,,,,,,,,,,,,,
2016-10-31,0.0025553667201662312,115.04,115.164,,,,,,,,,,,,,,,,,,
2016-11-01,0.002492994460225169,115.583,115.507,,,,,,,,,,,,,,,,,,
2016-11-02,0.002452044854616815,114.639,114.785,,,,,,,,,,,,,,,,,,
2016-11-03,0.0024162325203637455,114.307,114.466,,,,,,,,,,,,,,,,,,
2016-11-04,0.002393250374215194,114.314,114.569,,,,,,,,,,,,,,,,,,
2016-11-07,0.0023564172473580012,115.405,115.319,,,,,,,,,,,,,,,,,,
2016-11-08,0.002401963445250908,115.711,115.855,,,,,,,,,,,,,,,,,,
2016-11-09,0.002377027952517796,114.336,115.302,158.0,0.0035882229670507327,114.747,114.742,114.655,114.765,,,,,,,,,,,,
2016-11-10,0.0025085508048066155,116.271,116.115,99.0,-0.004033201775311088,115.803,115.835,115.9,115.93,,,,,,,,,,,,
2016-11-11,0.002628271706690401,116.08,115.724,156.0,-0.003944710190240318,115.623,115.63,115.626,115.565,,,,,,,,,,,,
2016-11-14,0.002655676539382579,116.076,116.169,,,,,,,,,,,,,,,,,,
2016-11-15,0.0026013559899272978,116.737,116.812,,,,,,,,,,,,,,,,,,
2016-11-16,0.0025611890255250306,117.084,116.805,,,,,,,,,,,,,,,,,,
2016-11-17,0.002626489221507096,117.131,116.824,141.0,-0.004063533503675292,116.656,116.678,116.689,116.698,,,,,,,,,,,,
2016-11-18,0.0026178451294156958,117.015,117.248,,,,,,,,,,,,,,,,,,
2016-11-21,0.002617242694688477,117.85,117.827,,,,,,,,,,,,,,,,,,
2016-11-22,0.0025420157463068374,117.764,117.93,,,,,,,,,,,,,,,,,,
2016-11-23,0.0025001150115101433,118.368,118.791,96.0,0.0038029111505692844,118.819,118.798,118.836,118.782,119.0,0.005190614640253405,118.984,118.928,118.909,118.902,,,,,,
2016-11-24,0.002466621695615844,119.565,119.661,,,,,,,,,,,,,,,,,,
2016-11-25,0.002509216754924254,119.703,119.926,,,,,,,,,,,,,,,,,,
2016-11-28,0.0025969835606605273,119.105,118.895,,,,,,,,,,,,,,,,,,
2016-11-29,0.0025526729336166573,119.719,119.731,,,,,,,,,,,,,,,,,,
2016-11-30,0.002545159693935647,120.539,120.975,,,,,,,,,,,,,,,,,,
2016-12-01,0.0026599377799150373,121.494,121.693,,,,,,,,,,,,,,,,,,
2016-12-02,0.002767139561209684,121.323,121.359,,,,,,,,,,,,,,,,,,
2016-12-05,0.002766815889287081,122.193,122.165,50.0,0.00415688954816045,122.702,122.718,122.737,123.009,60.0,0.0056471967213453395,122.885,122.99,123.009,123.063,62.0,0.007143411739813075,123.069,122.995,122.977,123.146
2016-12-06,0.002859788546002489,122.242,122.012,,,,,,,,,,,,,,,,,,
2016-12-07,0.0033984716040159567,122.426,122.261,,,,,,,,,,,,,,,,,,
2016-12-08,0.0033354668029657586,121.8,121.099,24.0,-0.0054334537229955475,121.14,121.098,121.566,121.374,,,,,,,,,,,,
2016-12-09,0.0032798606836256456,121.535,121.497,,,,,,,,,,,,,,,,,,
2016-12-12,0.003272948048727806,122.532,122.384,,,,,,,,,,,,,,,,,,
2016-12-13,0.0031664823041053732,122.219,122.464,,,,,,,,,,,,,,,,,,
2016-12-14,0.0031295443422882383,122.231,122.742,,,,,,,,,,,,,,,,,,
2016-12-15,0.0030738536987523226,122.886,122.791,104.0,0.00461152071605224,123.454,123.443,123.416,123.489,,,,,,,,,,,,
2016-12-16,0.003088773263596552,123.35,122.945,,,,,,,,,,,,,,,,,,
2016-12-19,0.0030363029944426466,122.175,121.913,,,,,,,,,,,,,,,,,,
2016-12-20,0.0029532002845356303,122.405,122.455,,,,,,,,,,,,,,,,,,
2016-12-21,0.0029203435535338344,122.366,122.672,,,,,,,,,,,,,,,,,,
2016-12-22,0.002870081422612172,122.987,122.787,,,,,,,,,,,,,,,,,,
2016-12-23,0.002832582882703266,122.448,122.427,,,,,,,,,,,,,,,,,,
2016-12-27,0.0027830054193400057,122.605,122.793,,,,,,,,,,,,,,,,,,
2016-12-28,0.002642316247206583,122.405,122.074,,,,,,,,,,,,,,,,,,
2016-12-29,0.002645503123677203,122.23,122.006,,,,,,,,,,,,,,,,,,
2016-12-30,0.0027452340467717853,123.24,123.051,,,,,,,,,,,,,,,,,,
2017-01-02,0.0027742739741356773,122.794,122.823,,,,,,,,,,,,,,,,,,
2017-01-03,0.002744729455793435,122.792,122.444,,,,,,,,,,,,,,,,,,
2017-01-04,0.00267067802856473,122.676,122.936,,,,,,,,,,,,,,,,,,
2017-01-05,0.0026196687528404895,122.302,122.315,,,,,,,,,,,,,,,,,,
2017-01-06,0.0025640496415349806,122.935,123.303,171.0,0.0038968995935286773,123.415,123.416,123.435,,,,,,,,,,,,,
2017-01-09,0.0025051342899952895,122.738,122.821,,,,,,,,,,,,,,,,,,
2017-01-10,0.002480240426549504,122.794,122.362,111.0,-0.0037613199973951226,122.333,122.325,122.264,122.205,127.0,-0.005143750267826674,122.164,122.146,122.184,122.21,,,,,,
2017-01-11,0.0026987948507046266,122.113,121.852,,,,,,,,,,,,,,,,,,
2017-01-12,0.0026266586148217495,121.825,121.435,,,,,,,,,,,,,,,,,,
2017-01-13,0.002730546638105735,122.212,122.076,,,,,,,,,,,,,,,,,,
2017-01-16,0.0027050861131878976,120.909,121.007,,,,,,,,,,,,,,,,,,
2017-01-17,0.0026595477528128424,120.905,120.848,,,,,,,,,,,,,,,,,,
2017-01-18,0.0025903160265197084,121.048,121.169,,,,,,,,,,,,,,,,,,
2017-01-19,0.0025377697663179584,122.03,122.665,171.0,0.0038522770730204455,122.501,122.504,122.552,,,,,,,,,,,,,
2017-01-20,0.002635109500399007,122.454,122.607,,,,,,,,,,,,,,,,,,
2017-01-23,0.0026564695501519104,121.627,121.285,39.0,0.004036994807629612,122.119,122.067,122.028,122.007,,,,,,,,,,,,
2017-01-24,0.0025633582642288722,121.76,122.175,,,,,,,,,,,,,,,,,,
2017-01-25,0.002590732368161137,121.95,122.055,,,,,,,,,,,,,,,,,,
2017-01-26,0.0025538860474452656,122.193,122.448,,,,,,,,,,,,,,,,,,
2017-01-27,0.002490688145787649,123.158,123.097,,,,,,,,,,,,,,,,,,
2017-01-30,0.002560340889783112,121.85,121.499,,,,,,,,,,,,,,,,,,
2017-01-31,0.00247417370987383,121.845,121.855,35.0,-0.003782432663956546,121.385,121.392,121.481,121.408,55.0,-0.005167417345488904,121.217,121.264,121.232,121.173,63.0,-0.006546061786959422,121.05,121.041,121.173,121.226
2017-02-01,0.0027960054492409386,122.21,121.998,,,,,,,,,,,,,,,,,,
2017-02-02,0.0028078347402065713,121.441,121.633,,,,,,,,,,,,,,,,,,
2017-02-03,0.0027793186353327537,121.308,121.377,,,,,,,,,,,,,,,,,,
2017-02-06,0.002705976924258688,120.18,120.297,82.0,0.004201512412341898,120.686,120.669,120.668,120.661,,,,,,,,,,,,
2017-02-07,0.0025737800542169876,119.972,119.66,,,,,,,,,,,,,,,,,,
2017-02-08,0.0028707904007067267,119.499,119.565,,,,,,,,,,,,,,,,,,
2017-02-09,0.002789397857072001,120.069,120.576,85.0,0.004470748193504601,120.607,120.603,120.58,120.647,,,,,,,,,,,,
2017-02-10,0.0027129469629266533,120.681,120.59,,,,,,,,,,,,,,,,,,
2017-02-13,0.002964951941950186,120.946,120.532,,,,,,,,,,,,,,,,,,
2017-02-14,0.0029504732454930724,120.349,120.886,113.0,0.0046919643075765466,120.915,120.882,120.863,120.895,,,,,,,,,,,,
2017-02-15,0.002926192645430468,120.991,120.908,,,,,,,,,,,,,,,,,,
2017-02-16,0.002910239555703341,121.058,120.793,,,,,,,,,,,,,,,,,,
2017-02-17,0.002830086326429205,120.177,119.774,,,,,,,,,,,,,,,,,,
2017-02-20,0.0027516245482821456,120.159,120.059,,,,,,,,,,,,,,,,,,
2017-02-21,0.002872202394702226,119.802,119.695,,,,,,,,,,,,,,,,,,
2017-02-22,0.002800413193678833,118.8,119.714,99.0,0.005289018751791033,119.43,119.468,119.37,119.473,100.0,0.005607146156126585,119.468,119.37,119.428,119.436,173.0,0.007221338009954378,119.661,119.785,119.741,
2017-02-23,0.002805240431639913,119.225,119.118,,,,,,,,,,,,,,,,,,
2017-02-24,0.002729659188465911,118.976,118.573,,,,,,,,,,,,,,,,,,
2017-02-27,0.0026616619045966568,119.01,119.077,,,,,,,,,,,,,,,,,,
2017-02-28,0.00270658600724151,118.809,118.724,,,,,,,,,,,,,,,,,,
2017-03-01,0.0027024781187883714,119.881,120.064,,,,,,,,,,,,,,,,,,
2017-03-02,0.0027157299099855223,120.239,120.288,,,,,,,,,,,,,,,,,,
2017-03-03,0.0026514345378519546,120.819,120.962,,,,,,,,,,,,,,,,,,
2017-03-06,0.0025822456620517493,120.483,120.644,,,,,,,,,,,,,,,,,,
2017-03-07,0.00269082913522606,120.586,120.537,,,,,,,,,,,,,,,,,,
2017-03-08,0.00262500898618397,120.95,120.769,,,,,,,,,,,,,,,,,,
2017-03-09,0.002602812878854827,121.501,121.444,,,,,,,,,,,,,,,,,,
2017-03-10,0.0025783846726916766,122.724,122.556,58.0,-0.004139778347196698,122.217,122.31,122.216,122.175,80.0,-0.005285938427479498,122.077,122.134,122.167,122.21,,,,,,
2017-03-13,0.0029983775188206305,122.316,122.296,,,,,,,,,,,,,,,,,,
2017-03-14,0.002864241832368049,122.285,121.996,,,,,,,,,,,,,,,,,,
2017-03-15,0.0028352441132077923,121.783,121.883,,,,,,,,,,,,,,,,,,
2017-03-16,0.0027906952452667723,121.618,121.341,,,,,,,,,,,,,,,,,,
2017-03-17,0.002732984557969227,121.396,121.033,,,,,,,,,,,,,,,,,,
2017-03-20,0.002729027335806971,121.335,121.05,,,,,,,,,,,,,,,,,,
2017-03-21,0.0028695817344821595,121.682,120.954,,,,,,,,,,,,,,,,,,
2017-03-22,0.002793036602434606,120.068,119.957,,,,,,,,,,,,,,,,,,
2017-03-23,0.002835274586336393,119.779,119.894,,,,,,,,,,,,,,,,,,
2017-03-24,0.0027714221974258005,119.92,119.987,,,,,,,,,,,,,,,,,,
2017-03-27,0.002722263340849267,119.829,120.208,,,,,,,,,,,,,,,,,,
2017-03-28,0.002644860145016646,119.844,119.971,,,,,,,,,,,,,,,,,,
2017-03-29,0.0026128086329164943,119.134,119.435,,,,,,,,,,,,,,,,,,
2017-03-30,0.002553012974815886,119.331,119.453,,,,,,,,,,,,,,,,,,
2017-03-31,0.002604910400689195,119.455,119.202,,,,,,,,,,,,,,,,,,
2017-04-03,0.0025385685304056345,118.627,118.216,,,,,,,,,,,,,,,,,,
2017-04-04,0.0026473512232595,117.441,118.059,88.0,0.004112749353996228,117.925,117.914,117.933,117.857,,,,,,,,,,,,
2017-04-05,0.002742786092689883,118.442,118.537,,,,,,,,,,,,,,,,,,
2017-04-06,0.0026765521813610065,118.261,118.237,,,,,,,,,,,,,,,,,,
2017-04-07,0.002621915180972252,117.613,117.582,,,,,,,,,,,,,,,,,,
2017-04-10,0.002596981989648348,117.747,117.656,,,,,,,,,,,,,,,,,,
2017-04-11,0.002484425639105344,117.395,116.466,106.0,-0.0037550716195478163,116.955,116.961,117.011,117.035,171.0,-0.006357745965290635,116.651,116.715,116.702,,171.0,-0.006357745965290635,116.651,116.715,116.702,
2017-04-12,0.0025381268255909866,116.251,116.221,,,,,,,,,,,,,,,,,,
2017-04-13,0.0027352327983243083,116.002,116.112,,,,,,,,,,,,,,,,,,
2017-04-14,0.0026627012557122196,115.593,115.399,,,,,,,,,,,,,,,,,,
2017-04-17,0.0026123703239137965,115.447,115.602,,,,,,,,,,,,,,,,,,
2017-04-18,0.002586581526434706,116.19,116.039,,,,,,,,,,,,,,,,,,
2017-04-19,0.002775532916700044,116.896,116.778,,,,,,,,,,,,,,,,,,
2017-04-20,0.00270884040514123,117.193,117.646,127.0,0.00458870657252515,117.732,117.741,117.755,117.618,,,,,,,,,,,,
2017-04-21,0.0026706437228797746,116.655,116.642,,,,,,,,,,,,,,,,,,
2017-04-24,0.002618818532486356,119.539,118.977,,,,,,,,,,,,,,,,,,
2017-04-25,0.0034554105520763637,120.361,121.304,151.0,0.005319778542381043,121.003,120.96,121.045,121.078,,,,,,,,,,,,
2017-04-26,0.003348855435027993,121.289,121.239,,,,,,,,,,,,,,,,,,
2017-04-27,0.0038786246848246985,121.372,120.726,,,,,,,,,,,,,,,,,,
2017-04-28,0.003756604853528336,121.82,121.428,,,,,,,,,,,,,,,,,,
2017-05-01,0.0036846397404402182,121.845,121.989,,,,,,,,,,,,,,,,,,
2017-05-02,0.0035014898979910977,122.434,122.313,,,,,,,,,,,,,,,,,,
2017-05-03,0.003411040660519687,122.428,122.698,,,,,,,,,,,,,,,,,,
2017-05-04,0.003328550923981737,123.294,123.62,,,,,,,,,,,,,,,,,,
2017-05-05,0.0032344161680892616,123.241,123.863,,,,,,,,,,,,,,,,,,
2017-05-08,0.0032170048909326144,123.238,123.322,,,,,,,,,,,,,,,,,,
2017-05-09,0.0030377274229084913,123.992,124.15,,,,,,,,,,,,,,,,,,
2017-05-10,0.002947952435091405,123.765,123.953,,,,,,,,,,,,,,,,,,
2017-05-11,0.0028731470577434805,123.646,123.686,,,,,,,,,,,,,,,,,,
2017-05-12,0.0027975800196236972,123.783,123.762,,,,,,,,,,,,,,,,,,
2017-05-15,0.002784954432544607,124.462,124.646,,,,,,,,,,,,,,,,,,
2017-05-16,0.002645685665800761,125.601,125.385,,,,,,,,,,,,,,,,,,
2017-05-17,0.0026793446003006254,124.832,124.074,63.0,-0.004134078270203892,124.317,124.323,124.205,124.143,78.0,-0.005534706366843138,124.143,124.147,124.082,124.056,110.0,-0.006784046595681831,123.988,124.001,123.978,124.052
2017-05-18,0.00262755458111469,123.232,123.382,151.0,0.004267368444528615,123.759,123.697,123.639,123.619,,,,,,,,,,,,
2017-05-19,0.0027723524367438035,124.302,124.74,112.0,0.004278776843078448,124.835,124.71,124.74,124.733,,,,,,,,,,,,
2017-05-22,0.0027364309402342613,125.154,124.859,,,,,,,,,,,,,,,,,,
2017-05-23,0.002827844927420049,124.721,125.035,,,,,,,,,,,,,,,,,,
2017-05-24,0.0027692210694834738,125.057,125.193,,,,,,,,,,,,,,,,,,
2017-05-25,0.0026936530821981414,125.302,125.3,,,,,,,,,,,,,,,,,,
2017-05-26,0.0026396763910701455,124.234,124.357,,,,,,,,,,,,,,,,,,
2017-05-29,0.002617560439621746,124.55,124.405,,,,,,,,,,,,,,,,,,
2017-05-30,0.0025332960701026815,123.878,123.81,120.0,0.003891416010460691,124.361,124.341,124.316,124.133,,,,,,,,,,,,
2017-05-31,0.002655318794773226,124.473,124.409,,,,,,,,,,,,,,,,,,
2017-06-01,0.002702928865138527,124.722,124.78,,,,,,,,,,,,,,,,,,
2017-06-02,0.0026812607236117786,124.946,124.526,,,,,,,,,,,,,,,,,,
2017-06-05,0.0026567320019394037,124.308,124.306,,,,,,,,,,,,,,,,,,
2017-06-06,0.002610702200879029,123.111,123.191,,,,,,,,,,,,,,,,,,
2017-06-07,0.0026729447945206394,122.786,123.096,112.0,0.004290945226631666,123.314,123.25,123.31,123.296,,,,,,,,,,,,
2017-06-08,0.0026489902538865567,123.619,123.473,,,,,,,,,,,,,,,,,,
2017-06-09,0.0026016203671685332,123.45,123.765,,,,,,,,,,,,,,,,,,
2017-06-12,0.0025492933261732193,123.288,122.953,,,,,,,,,,,,,,,,,,
2017-06-13,0.002431433551267567,123.451,123.275,,,,,,,,,,,,,,,,,,
2017-06-14,0.00241703514261737,123.551,123.13,103.0,-0.0036407462788537875,123.102,123.139,123.204,123.207,167.0,-0.005014534777070698,122.933,122.904,122.962,,,,,,,
2017-06-15,0.0023753323653221818,122.94,123.392,159.0,0.003767094377931258,123.404,123.453,123.442,123.271,,,,,,,,,,,,
2017-06-16,0.002381865411803995,124.322,124.08,93.0,-0.003747299683996289,123.857,123.875,123.853,123.936,,,,,,,,,,,,
2017-06-19,0.0025397278985482105,124.278,124.275,,,,,,,,,,,,,,,,,,
2017-06-20,0.002430762609478987,124.454,123.96,,,,,,,,,,,,,,,,,,
2017-06-21,0.0023909132970020945,124.16,124.327,,,,,,,,,,,,,,,,,,
2017-06-22,0.0024330114970440935,124.242,124.15,,,,,,,,,,,,,,,,,,
2017-06-23,0.002378624718626836,124.298,124.58,,,,,,,,,,,,,,,,,,
2017-06-26,0.0023397939539198595,124.891,124.827,,,,,,,,,,,,,,,,,,
2017-06-27,0.002255897445544135,126.167,127.256,177.0,0.0038683237662709234,126.656,126.632,,,,,,,,,,,,,,
2017-06-28,0.002281264381734262,127.561,127.489,17.0,-0.007262058909666134,126.638,126.712,126.967,127.028,17.0,-0.007262058909666134,126.638,126.712,126.967,127.028,17.0,-0.007262058909666134,126.638,126.712,126.967,127.028
2017-06-29,0.0029592151731832415,128.599,128.234,,,,,,,,,,,,,,,,,,
2017-06-30,0.0029725252600601836,127.726,128.248,,,,,,,,,,,,,,,,,,
2017-07-03,0.0028894852541036064,128.389,128.783,,,,,,,,,,,,,,,,,,
2017-07-04,0.0027551147754671327,128.469,128.438,,,,,,,,,,,,,,,,,,
2017-07-05,0.0027021435572101606,128.633,128.289,,,,,,,,,,,,,,,,,,
2017-07-06,0.002655340201247923,129.061,129.25,,,,,,,,,,,,,,,,,,
2017-07-07,0.0025890368942732066,129.79,130.04,,,,,,,,,,,,,,,,,,
2017-07-10,0.002940685403613655,130.014,130.013,,,,,,,,,,,,,,,,,,
2017-07-11,0.0027882650899351373,130.214,130.541,176.0,0.004191978549832637,130.761,130.762,,,,,,,,,,,,,,
2017-07-12,0.0027126489603581873,130.038,129.139,62.0,-0.004269394051472154,129.484,129.457,129.344,129.191,66.0,-0.005784241387977775,129.288,129.344,129.38,129.125,80.0,-0.0076577854881611715,129.046,129.125,129.244,129.113
2017-07-13,0.0026458511170685197,129.135,129.049,,,,,,,,,,,,,,,,,,
2017-07-14,0.0027437232351745036,129.112,129.026,,,,,,,,,,,,,,,,,,
2017-07-17,0.002670883794275694,128.882,129.322,177.0,0.004111583639260106,129.413,129.388,,,,,,,,,,,,,,
2017-07-18,0.002559897239891341,129.45,129.56,,,,,,,,,,,,,,,,,,
2017-07-19,0.0025019568015484423,129.098,128.705,129.0,-0.003927204395464034,128.592,128.597,128.618,128.714,,,,,,,,,,,,
2017-07-20,0.002442723948160958,128.869,129.901,42.0,0.0037100620751947103,129.348,129.371,129.411,129.811,48.0,0.006003561360414197,129.645,129.642,129.751,129.695,50.0,0.006427706810100892,129.7,129.68,129.891,129.606
2017-07-21,0.0024056780214231255,129.843,129.607,,,,,,,,,,,,,,,,,,
2017-07-24,0.002560649861419229,129.069,129.433,,,,,,,,,,,,,,,,,,
2017-07-25,0.002494700559420022,130.091,130.029,,,,,,,,,,,,,,,,,,
2017-07-26,0.0024372296812734976,130.191,130.395,,,,,,,,,,,,,,,,,,
2017-07-27,0.0025475455212730543,130.305,130.101,,,,,,,,,,,,,,,,,,
2017-07-28,0.0024909462231390046,130.366,130.279,,,,,,,,,,,,,,,,,,
2017-07-31,0.0024585863772867782,129.686,130.473,178.0,0.00430882589609717,130.246,130.276,,,,,,,,,,,,,,
2017-08-01,0.002374465769383568,130.503,130.172,164.0,-0.0038463800516383333,130.002,129.96,129.975,130.067,,,,,,,,,,,,
2017-08-02,0.0023891763318815503,130.994,130.991,,,,,,,,,,,,,,,,,,
2017-08-03,0.0023452470453264565,130.781,130.815,,,,,,,,,,,,,,,,,,
2017-08-04,0.002350710171807801,130.74,130.205,142.0,-0.0038163597829034795,130.242,130.244,130.362,130.337,,,,,,,,,,,,
2017-08-07,0.0023102539313354206,130.827,130.561,,,,,,,,,,,,,,,,,,
2017-08-08,0.002290704952214095,130.284,129.807,,,,,,,,,,,,,,,,,,
2017-08-09,0.0022429080265802988,128.8,129.284,165.0,0.003379376636851813,129.236,129.206,129.231,129.137,,,,,,,,,,,,
2017-08-10,0.002712960690428174,128.802,128.509,133.0,-0.00413892418824695,128.27,128.273,128.334,128.329,,,,,,,,,,,,
2017-08-11,0.0026565932677552946,128.303,128.767,53.0,0.004091289561086558,128.829,128.817,128.855,129.129,61.0,0.005340227932020786,128.99,129.064,129.117,128.98,,,,,,
2017-08-14,0.002768712589545955,129.28,129.027,,,,,,,,,,,,,,,,,,
2017-08-15,0.0027249692670955274,129.622,129.594,,,,,,,,,,,,,,,,,,
2017-08-16,0.0026864244034465697,129.752,129.635,,,,,,,,,,,,,,,,,,
2017-08-17,0.002615613865348277,128.873,128.926,,,,,,,,,,,,,,,,,,
2017-08-18,0.0025849485357495017,128.012,128.371,,,,,,,,,,,,,,,,,,
2017-08-21,0.002716215644348815,128.266,128.617,,,,,,,,,,,,,,,,,,
2017-08-22,0.002575765316922299,128.712,128.698,,,,,,,,,,,,,,,,,,
2017-08-23,0.002568465848065688,128.805,128.805,,,,,,,,,,,,,,,,,,
2017-08-24,0.0025172880228247845,129.131,129.009,,,,,,,,,,,,,,,,,,
2017-08-25,0.002458031771590104,129.565,129.721,,,,,,,,,,,,,,,,,,
2017-08-28,0.002435487117788873,130.302,130.759,,,,,,,,,,,,,,,,,,
2017-08-29,0.0024924852540050496,130.731,131.078,,,,,,,,,,,,,,,,,,
2017-08-30,0.0024322230711512336,131.292,131.417,,,,,,,,,,,,,,,,,,
2017-08-31,0.002641528009928708,130.873,130.899,,,,,,,,,,,,,,,,,,
2017-09-01,0.0025791463187466723,131.263,130.746,84.0,-0.003938786054756243,130.747,130.771,130.82,130.789,,,,,,,,,,,,
2017-09-04,0.0025267966530222643,130.612,130.611,,,,,,,,,,,,,,,,,,
2017-09-05,0.002434392481244512,130.071,129.751,,,,,,,,,,,,,,,,,,
2017-09-06,0.0024008807326059488,129.921,129.866,,,,,,,,,,,,,,,,,,
2017-09-07,0.0024348744234336983,130.386,130.202,47.0,0.0036593342269640983,130.864,130.883,130.897,130.914,76.0,0.005125431007592097,131.056,131.04,130.987,130.859,,,,,,
2017-09-08,0.0024448240661334203,129.584,129.69,,,,,,,,,,,,,,,,,,
2017-09-11,0.002432304108887467,130.303,130.446,,,,,,,,,,,,,,,,,,
2017-09-12,0.0024996927567189314,131.033,131.666,,,,,,,,,,,,,,,,,,
2017-09-13,0.0024780421815179116,131.916,131.571,,,,,,,,,,,,,,,,,,
2017-09-14,0.002635430971868408,131.662,131.545,,,,,,,,,,,,,,,,,,
2017-09-15,0.002629244936298927,132.951,132.562,,,,,,,,,,,,,,,,,,
2017-09-18,0.0025611364749451035,133.066,133.097,,,,,,,,,,,,,,,,,,
2017-09-19,0.002661095751880216,133.512,133.582,,,,,,,,,,,,,,,,,,
2017-09-20,0.0026466895308999046,133.66,133.787,,,,,,,,,,,,,,,,,,
2017-09-21,0.002611570376004186,133.875,134.161,,,,,,,,,,,,,,,,,,
2017-09-22,0.0025605684834716503,134.016,134.056,,,,,,,,,,,,,,,,,,
2017-09-25,0.0024977726038257356,133.129,132.315,180.0,-0.003853308298253751,132.617,,,,,,,,,,,,,,,
2017-09-26,0.0023923471539049673,131.955,132.032,,,,,,,,,,,,,,,,,,
2017-09-27,0.002775282860646919,132.572,132.446,,,,,,,,,,,,,,,,,,
2017-09-28,0.0027030136150716084,132.588,132.645,,,,,,,,,,,,,,,,,,
2017-09-29,0.0026313820021879922,132.871,133.077,,,,,,,,,,,,,,,,,,
2017-10-02,0.002569318596777042,132.451,132.242,,,,,,,,,,,,,,,,,,
2017-10-03,0.002448134857864329,132.81,132.625,,,,,,,,,,,,,,,,,,
2017-10-04,0.0024252905734136543,132.376,132.711,,,,,,,,,,,,,,,,,,
2017-10-05,0.0023739251119847633,132.013,132.001,,,,,,,,,,,,,,,,,,
2017-10-06,0.00232214683969949,132.211,132.206,144.0,0.003752094663444794,132.708,132.664,132.682,132.567,,,,,,,,,,,,
2017-10-09,0.002311160884057894,132.337,132.297,,,,,,,,,,,,,,,,,,
2017-10-10,0.002219345194696653,132.495,132.374,,,,,,,,,,,,,,,,,,
2017-10-11,0.0022070933273168848,132.694,133.115,,,,,,,,,,,,,,,,,,
2017-10-12,0.002167776316445581,133.058,133.063,,,,,,,,,,,,,,,,,,
2017-10-13,0.002231795569658025,132.49,132.493,,,,,,,,,,,,,,,,,,
2017-10-16,0.002274206411295132,131.917,131.943,,,,,,,,,,,,,,,,,,
2017-10-17,0.00225816084637135,131.936,132.01,,,,,,,,,,,,,,,,,,
2017-10-18,0.002220717204958134,132.504,132.995,152.0,0.003458060379635492,132.963,132.958,132.969,132.975,,,,,,,,,,,,
2017-10-19,0.0021785971193377515,133.119,133.244,,,,,,,,,,,,,,,,,,
2017-10-20,0.0024184022704341183,133.68,133.59,,,,,,,,,,,,,,,,,,
2017-10-23,0.002385936719596505,133.625,133.664,,,,,,,,,,,,,,,,,,
2017-10-24,0.002285658980832515,133.923,134.049,,,,,,,,,,,,,,,,,,
2017-10-25,0.0022929239929287653,134.354,134.203,,,,,,,,,,,,,,,,,,
2017-10-26,0.002309335972093342,133.743,133.056,171.0,-0.0034978819945565356,133.276,133.326,133.314,,,,,,,,,,,,,
2017-10-27,0.002279783110537597,132.494,131.838,145.0,-0.0036142340201147658,132.016,132.046,131.999,131.971,177.0,-0.004781440209973322,131.862,131.847,,,,,,,,
2017-10-30,0.0025949544166440517,132.205,131.648,81.0,-0.004541137627905668,131.606,131.642,131.676,131.69,,,,,,,,,,,,
2017-10-31,0.002596585604584538,131.873,132.341,,,,,,,,,,,,,,,,,,
2017-11-01,0.002547678518574726,132.747,132.473,,,,,,,,,,,,,,,,,,
2017-11-02,0.002605998859328243,133.003,132.876,,,,,,,,,,,,,,,,,,
2017-11-03,0.0025505051557900456,132.889,132.743,,,,,,,,,,,,,,,,,,
2017-11-06,0.0024928246711882177,132.233,132.186,,,,,,,,,,,,,,,,,,
2017-11-07,0.00243632584818239,131.935,131.867,,,,,,,,,,,,,,,,,,
2017-11-08,0.00240383551324304,131.644,131.896,,,,,,,,,,,,,,,,,,
2017-11-09,0.0023692014688611453,131.743,131.745,151.0,0.0035990204062018587,132.218,132.213,132.201,132.122,,,,,,,,,,,,
2017-11-10,0.0023179089657867605,132.097,132.336,,,,,,,,,,,,,,,,,,
2017-11-13,0.0022713813285983224,132.247,132.515,,,,,,,,,,,,,,,,,,
2017-11-14,0.0021959606429684197,133.48,133.606,,,,,,,,,,,,,,,,,,
2017-11-15,0.002161734898693423,133.38,133.405,,,,,,,,,,,,,,,,,,
2017-11-16,0.002252585049105902,133.076,132.889,,,,,,,,,,,,,,,,,,
2017-11-17,0.002230293459784749,132.686,132.197,119.0,-0.0035182327367248734,132.22,132.211,132.134,132.135,125.0,-0.004494355639235639,132.091,132.059,132.09,132.102,,,,,,
2017-11-20,0.0022014714801748547,132.16,132.223,,,,,,,,,,,,,,,,,,
2017-11-21,0.002336398975894117,131.82,132.037,,,,,,,,,,,,,,,,,,
2017-11-22,0.0023863006363135228,131.578,131.629,,,,,,,,,,,,,,,,,,
2017-11-23,0.0023612267239351828,131.849,131.762,,,,,,,,,,,,,,,,,,
2017-11-24,0.0023110770162768175,132.487,133.129,111.0,0.0035487614707598544,132.958,132.971,133.024,133.077,120.0,0.004758937620138277,133.119,133.119,133.078,133.152,,,,,,
2017-11-27,0.00229094223058529,132.571,132.17,,,,,,,,,,,,,,,,,,
2017-11-28,0.0023535415017571916,132.312,132.047,,,,,,,,,,,,,,,,,,
2017-11-29,0.0023405904831217132,132.541,132.639,,,,,,,,,,,,,,,,,,
2017-11-30,0.002297810373832381,133.146,133.799,143.0,0.0034938069263246605,133.612,133.606,133.621,133.595,,,,,,,,,,,,
2017-12-01,0.002348646568754417,133.822,133.325,131.0,-0.004516168115662634,133.219,133.063,133.455,133.108,132.0,-0.0056878584127699255,133.063,133.111,133.458,132.991,147.0,-0.006229101932939776,132.991,133.011,133.018,133.23
2017-12-04,0.0025621618911342812,133.792,133.65,,,,,,,,,,,,,,,,,,
2017-12-05,0.002536222745319492,133.262,133.081,,,,,,,,,,,,,,,,,,
2017-12-06,0.0024856263750524504,132.476,132.352,,,,,,,,,,,,,,,,,,
2017-12-07,0.0025577112191524907,132.821,133.076,,,,,,,,,,,,,,,,,,
2017-12-08,0.0024971729069861483,133.271,133.458,,,,,,,,,,,,,,,,,,
2017-12-11,0.002516490585295214,133.575,133.765,,,,,,,,,,,,,,,,,,
2017-12-12,0.0024151545430520925,133.372,133.208,,,,,,,,,,,,,,,,,,
2017-12-13,0.0023695656733568765,132.92,133.082,,,,,,,,,,,,,,,,,,
2017-12-14,0.002346234446768734,133.306,132.433,90.0,-0.003765350488523158,132.805,132.803,132.778,132.767,115.0,-0.00473717152394723,132.676,132.678,132.612,132.592,140.0,-0.0059966697766878525,132.509,132.5,132.512,132.482
2017-12-15,0.0022976910069286024,132.414,132.549,,,,,,,,,,,,,,,,,,
2017-12-18,0.0023982816760350226,132.692,132.566,,,,,,,,,,,,,,,,,,
2017-12-19,0.002305262469639013,133.375,133.724,,,,,,,,,,,,,,,,,,
2017-12-20,0.0022731506567522817,134.176,134.591,98.0,0.0034744602858951404,134.643,134.615,134.718,134.651,,,,,,,,,,,,
2017-12-21,0.002391916710512748,134.469,134.635,,,,,,,,,,,,,,,,,,
2017-12-22,0.0024375400568063164,134.389,134.25,,,,,,,,,,,,,,,,,,
2017-12-26,0.0024011717735945787,134.287,134.349,,,,,,,,,,,,,,,,,,
2017-12-27,0.002301633128518406,134.734,134.83,,,,,,,,,,,,,,,,,,
2017-12-28,0.002255051809354859,134.829,134.911,,,,,,,,,,,,,,,,,,
2017-12-29,0.002221427370625264,134.941,135.362,165.0,0.003373557786724873,135.397,135.438,135.473,135.488,,,,,,,,,,,,
2018-01-02,0.0021803648119614605,135.197,135.248,,,,,,,,,,,,,,,,,,
2018-01-03,0.00207658976393666,135.019,135.1,,,,,,,,,,,,,,,,,,
2018-01-04,0.0020484452764212365,136.111,136.178,,,,,,,,,,,,,,,,,,
2018-01-05,0.0020197073120772225,136.424,136.328,,,,,,,,,,,,,,,,,,
2018-01-08,0.002090459920252691,135.184,135.409,,,,,,,,,,,,,,,,,,
2018-01-09,0.002045017010459683,134.293,134.222,,,,,,,,,,,,,,,,,,
2018-01-10,0.0022313695078234816,133.807,133.346,162.0,-0.0033537233024042447,133.359,133.359,133.435,133.331,,,,,,,,,,,,
2018-01-11,0.0022637044385569786,134.237,134.031,,,,,,,,,,,,,,,,,,
2018-01-12,0.0022606560954677186,135.276,134.956,,,,,,,,,,,,,,,,,,
2018-01-15,0.0022609833013793276,135.751,135.532,,,,,,,,,,,,,,,,,,
2018-01-16,0.002393718842268583,135.111,135.567,180.0,0.0035979633138533912,135.598,,,,,,,,,,,,,,,
2018-01-17,0.0024270526500465434,135.347,135.705,,,,,,,,,,,,,,,,,,
2018-01-18,0.0023901385943418192,136.14,135.676,144.0,-0.003723686479767508,135.634,135.659,135.645,135.751,,,,,,,,,,,,
2018-01-19,0.0023507816414019525,135.364,135.293,,,,,,,,,,,,,,,,,,
2018-01-22,0.0023137291408111597,135.666,136.049,,,,,,,,,,,,,,,,,,
2018-01-23,0.0022755285923982235,135.28,135.57,,,,,,,,,,,,,,,,,,
2018-01-24,0.002255146975801233,135.391,135.364,,,,,,,,,,,,,,,,,,
2018-01-25,0.0022398477839285507,136.036,135.723,,,,,,,,,,,,,,,,,,
2018-01-26,0.0022077046400367064,135.924,134.881,25.0,-0.00344904166806383,135.456,135.334,135.417,135.392,53.0,-0.004446172230744686,135.321,135.315,135.29,135.218,70.0,-0.005555262446913809,135.171,135.191,135.137,135.07
2018-01-29,0.002191129193898053,134.471,134.946,,,,,,,,,,,,,,,,,,
2018-01-30,0.002233584901330459,135.153,134.996,,,,,,,,,,,,,,,,,,
2018-01-31,0.0022206454069978922,135.741,135.767,,,,,,,,,,,,,,,,,,
2018-02-01,0.0022314466596629716,136.211,136.742,162.0,0.003525065668599649,136.692,136.699,136.713,136.661,,,,,,,,,,,,
2018-02-02,0.0022325543444565795,137.204,137.315,,,,,,,,,,,,,,,,,,
2018-02-05,0.0023683451314265094,136.557,136.651,,,,,,,,,,,,,,,,,,
2018-02-06,0.0022914960739049495,135.08,135.441,84.0,-0.0034409146432214286,134.616,134.647,134.615,134.618,,,,,,,,,,,,
2018-02-07,0.002999770026894937,134.754,134.462,,,,,,,,,,,,,,,,,,
2018-02-08,0.0030432536986231633,134.5,133.095,115.0,-0.005038695235725325,133.824,133.831,133.892,133.847,134.0,-0.006100353765534755,133.682,133.683,133.578,133.358,145.0,-0.008189577057616637,133.403,133.337,133.449,133.676
2018-02-09,0.003081879019545295,133.739,132.373,106.0,-0.004939688253045536,133.08,133.057,133.122,133.089,136.0,-0.006503880606623765,132.872,132.843,132.968,132.872,176.0,-0.008334382697783237,132.629,132.7,,
2018-02-12,0.003087285127891447,132.988,133.421,,,,,,,,,,,,,,,,,,
2018-02-13,0.002977869252951568,132.849,133.03,,,,,,,,,,,,,,,,,,
2018-02-14,0.002922425881165609,131.894,132.949,68.0,0.0048557369544468465,132.536,132.646,132.556,132.568,146.0,0.005934107437697776,132.679,132.695,132.65,132.76,,,,,,
2018-02-15,0.002924591243977306,132.81,133.067,,,,,,,,,,,,,,,,,,
2018-02-16,0.002872529701797632,132.122,131.962,,,,,,,,,,,,,,,,,,
2018-02-19,0.0028190546907249786,131.981,132.235,,,,,,,,,,,,,,,,,,
2018-02-20,0.0027950003424195634,132.268,132.405,,,,,,,,,,,,,,,,,,
2018-02-21,0.002745715290510135,132.403,132.673,,,,,,,,,,,,,,,,,,
2018-02-22,0.0027200837745367,131.616,131.796,,,,,,,,,,,,,,,,,,
2018-02-23,0.002762603920174184,131.306,131.143,,,,,,,,,,,,,,,,,,
2018-02-26,0.002717711690776466,131.499,131.699,,,,,,,,,,,,,,,,,,
2018-02-27,0.0026270356260580563,131.581,131.499,,,,,,,,,,,,,,,,,,
2018-02-28,0.0026058774806936697,130.801,130.291,102.0,-0.004159985160998568,130.258,130.301,130.249,130.151,118.0,-0.005319895417212189,130.107,130.151,130.208,130.159,,,,,,
2018-03-01,0.0026221856284307874,130.342,130.363,,,,,,,,,,,,,,,,,,
2018-03-02,0.002641007649491216,129.768,129.997,,,,,,,,,,,,,,,,,,
2018-03-05,0.0025936928131190216,130.048,130.93,130.0,0.003975232966303277,130.566,130.52,130.597,130.761,145.0,0.005467616349513706,130.761,130.742,130.711,130.683,,,,,,
2018-03-06,0.0025075114972675544,131.623,131.586,,,,,,,,,,,,,,,,,,
2018-03-07,0.002628739984389302,131.367,131.34,,,,,,,,,,,,,,,,,,
2018-03-08,0.00258136497757705,131.523,130.742,64.0,-0.003923351227874365,131.008,131.047,131.05,131.134,106.0,-0.0051988957030689575,130.841,130.845,130.896,130.788,163.0,-0.006514333160925532,130.669,130.692,130.542,130.635
2018-03-09,0.002551284287144707,131.373,131.587,110.0,0.0038290645074471573,131.877,131.876,131.793,131.748,,,,,,,,,,,,
2018-03-12,0.002515320150858415,131.037,131.21,,,,,,,,,,,,,,,,,,
2018-03-13,0.002429777729041887,132.243,132.187,,,,,,,,,,,,,,,,,,
2018-03-14,0.0023889235677427355,131.746,131.26,,,,,,,,,,,,,,,,,,
2018-03-15,0.0024177660067476645,130.846,130.656,,,,,,,,,,,,,,,,,,
2018-03-16,0.0024539073167824357,130.202,130.289,,,,,,,,,,,,,,,,,,
2018-03-19,0.0024967742191130153,130.622,130.443,,,,,,,,,,,,,,,,,,
2018-03-20,0.0024285374004489385,130.95,130.561,,,,,,,,,,,,,,,,,,
2018-03-21,0.0025643221225995346,130.429,130.426,,,,,,,,,,,,,,,,,,
2018-03-22,0.0025599276804277485,130.147,129.643,,,,,,,,,,,,,,,,,,
2018-03-23,0.002515222458240824,129.752,129.606,,,,,,,,,,,,,,,,,,
2018-03-26,0.0026515169620420207,130.407,130.585,,,,,,,,,,,,,,,,,,
2018-03-27,0.0025797831893759047,131.033,131.16,,,,,,,,,,,,,,,,,,
2018-03-28,0.00280511345277313,131.489,131.289,100.0,-0.004520083157490647,130.896,130.921,130.965,131.029,,,,,,,,,,,,
2018-03-29,0.002775934908423944,131.165,130.658,,,,,,,,,,,,,,,,,,
2018-03-30,0.0027389669056871353,130.9,130.827,,,,,,,,,,,,,,,,,,
2018-04-02,0.002728032240146412,131.175,130.255,180.0,-0.004109825044417166,130.637,,,,,,,,,,,,,,,
2018-04-03,0.002632273300294644,130.726,130.555,,,,,,,,,,,,,,,,,,
2018-04-04,0.002635564264603443,130.475,130.953,179.0,0.004320982575282424,131.04,131.05,,,,,,,,,,,,,,
2018-04-05,0.0026072992601904933,131.222,131.426,,,,,,,,,,,,,,,,,,
2018-04-06,0.002596709887431088,131.264,131.357,,,,,,,,,,,,,,,,,,
2018-04-09,0.002550426822533521,131.549,131.887,,,,,,,,,,,,,,,,,,
2018-04-10,0.002463716198153632,132.32,132.364,,,,,,,,,,,,,,,,,,
2018-04-11,0.002477907238632617,132.209,132.231,,,,,,,,,,,,,,,,,,
2018-04-12,0.0024502840410207064,131.97,132.203,,,,,,,,,,,,,,,,,,
2018-04-13,0.00241478575379932,132.583,132.481,,,,,,,,,,,,,,,,,,
2018-04-16,0.0023794589353553558,132.782,132.695,,,,,,,,,,,,,,,,,,
2018-04-17,0.0023036743727068453,132.43,132.191,,,,,,,,,,,,,,,,,,
2018-04-18,0.002273462986262995,132.787,132.792,,,,,,,,,,,,,,,,,,
2018-04-19,0.002243578712966612,132.912,132.513,,,,,,,,,,,,,,,,,,
2018-04-20,0.0022128296178805145,132.406,132.152,,,,,,,,,,,,,,,,,,
2018-04-23,0.0021813783243169915,132.371,132.691,,,,,,,,,,,,,,,,,,
2018-04-24,0.0021668625106838666,132.938,133.314,101.0,0.0034767755859565347,133.401,133.398,133.411,133.438,,,,,,,,,,,,
2018-04-25,0.002155935974162585,132.983,133.138,,,,,,,,,,,,,,,,,,
2018-04-26,0.0021401287231439985,132.734,132.426,55.0,0.003286891133547378,133.171,133.183,133.175,133.041,,,,,,,,,,,,
2018-04-27,0.0021083706263007418,131.919,132.121,,,,,,,,,,,,,,,,,,
2018-04-30,0.0021835854668443636,132.065,131.949,,,,,,,,,,,,,,,,,,
2018-05-01,0.0021206384304601894,131.917,131.669,,,,,,,,,,,,,,,,,,
2018-05-02,0.0020975492290207917,131.834,131.519,,,,,,,,,,,,,,,,,,
2018-05-03,0.0020846048323777625,130.927,130.573,158.0,-0.003343320496049087,130.49,130.495,130.588,130.397,175.0,-0.004355404248023085,130.358,130.342,130.337,,,,,,,
2018-05-04,0.002076344763924664,130.34,130.386,84.0,-0.0031890600097287127,129.925,129.94,129.905,130.074,,,,,,,,,,,,
2018-05-07,0.002109278125405024,130.17,130.159,,,,,,,,,,,,,,,,,,
2018-05-08,0.0020569450122340416,129.408,129.508,,,,,,,,,,,,,,,,,,
2018-05-09,0.002066685483759423,130.341,129.987,,,,,,,,,,,,,,,,,,
2018-05-10,0.0020413927296280125,130.268,130.303,90.0,0.00347906400958113,130.722,130.732,130.65,130.595,,,,,,,,,,,,
2018-05-11,0.0020300803559454616,130.416,130.587,,,,,,,,,,,,,,,,,,
2018-05-14,0.0020097765439380036,131.251,131.168,,,,,,,,,,,,,,,,,,
2018-05-15,0.001968788578905687,130.733,130.783,,,,,,,,,,,,,,,,,,
2018-05-16,0.0019455938157138665,129.89,129.895,123.0,0.003051770972185717,130.287,130.288,130.243,130.14,,,,,,,,,,,,
2018-05-17,0.001964224066249242,130.439,130.649,,,,,,,,,,,,,,,,,,
2018-05-18,0.001939721046778067,130.716,130.362,122.0,-0.0032796461635332353,130.288,130.299,130.377,130.425,,,,,,,,,,,,
2018-05-21,0.0019727413152234924,130.866,130.719,,,,,,,,,,,,,,,,,,
2018-05-22,0.0019796028075031364,130.923,130.695,,,,,,,,,,,,,,,,,,
2018-05-23,0.0019586736203143643,128.353,128.689,23.0,0.0030105859926327612,128.74,128.662,128.75,128.773,80.0,0.0040509022183440055,128.874,128.861,128.915,128.932,91.0,0.005198651824751667,129.022,129.015,128.92,128.975
2018-05-24,0.0020279178936911417,128.428,128.179,110.0,-0.003736688995893401,127.949,127.991,128.032,128.186,153.0,-0.004205735823182738,127.889,127.862,128.011,127.942,176.0,-0.005081878972170215,127.777,127.795,,
2018-05-25,0.0023031773057219404,127.581,127.567,,,,,,,,,,,,,,,,,,
2018-05-28,0.002266095967517146,127.283,127.18,,,,,,,,,,,,,,,,,,
2018-05-29,0.002354383085909715,125.875,125.404,122.0,0.003948500261742308,126.373,126.423,126.352,126.151,,,,,,,,,,,,
2018-05-30,0.002546285709463996,126.78,127.164,152.0,-0.0038962063300410727,126.287,126.269,126.284,126.415,,,,,,,,,,,,
2018-05-31,0.0027637740841521927,127.411,126.91,61.0,-0.0042630236025665135,126.869,126.867,126.872,126.791,71.0,-0.005817013210908753,126.672,126.73,126.791,126.756,110.0,-0.006914937927742788,126.533,126.563,126.441,126.509
2018-06-01,0.0029317925895313655,127.781,127.858,,,,,,,,,,,,,,,,,,
2018-06-04,0.0029546370597678512,128.476,128.272,,,,,,,,,,,,,,,,,,
2018-06-05,0.002863333291613241,128.181,128.26,,,,,,,,,,,,,,,,,,
2018-06-06,0.0028195419699676328,129.76,129.567,,,,,,,,,,,,,,,,,,
2018-06-07,0.002774185935395439,130.131,129.893,,,,,,,,,,,,,,,,,,
2018-06-08,0.0027914575498965643,128.527,128.857,,,,,,,,,,,,,,,,,,
2018-06-11,0.0027391040049964195,129.583,129.729,,,,,,,,,,,,,,,,,,
2018-06-12,0.0027131791602945637,130.06,129.974,,,,,,,,,,,,,,,,,,
2018-06-13,0.0026727256138333296,129.982,130.111,,,,,,,,,,,,,,,,,,
2018-06-14,0.0026279482545167156,129.137,128.481,116.0,-0.003972662171825695,128.625,128.604,128.57,128.507,145.0,-0.00585587258956131,128.383,128.463,128.444,128.418,,,,,,
2018-06-15,0.00257962920686696,128.327,128.476,,,,,,,,,,,,,,,,,,
2018-06-18,0.002941392851596645,128.282,128.198,,,,,,,,,,,,,,,,,,
2018-06-19,0.0028490767681921,126.854,127.364,,,,,,,,,,,,,,,,,,
2018-06-20,0.0027960891666188,127.31,127.681,,,,,,,,,,,,,,,,,,
2018-06-21,0.002758574007648823,127.542,127.632,,,,,,,,,,,,,,,,,,
2018-06-22,0.002726385425900332,128.241,127.915,,,,,,,,,,,,,,,,,,
2018-06-25,0.0026811979423293462,128.105,128.189,,,,,,,,,,,,,,,,,,
2018-06-26,0.0026507566438610485,127.899,128.347,,,,,,,,,,,,,,,,,,
2018-06-27,0.0026495858297486395,128.123,127.872,,,,,,,,,,,,,,,,,,
2018-06-28,0.002604097513251576,127.683,127.853,,,,,,,,,,,,,,,,,,
2018-06-29,0.0025961544129728376,128.94,129.29,,,,,,,,,,,,,,,,,,
2018-07-02,0.0027603621501548796,128.798,128.51,,,,,,,,,,,,,,,,,,
2018-07-03,0.0026758578628977192,129.281,128.816,,,,,,,,,,,,,,,,,,
2018-07-04,0.0026483468688712998,128.583,128.647,,,,,,,,,,,,,,,,,,
2018-07-05,0.002601842613722614,129.625,129.345,,,,,,,,,,,,,,,,,,
2018-07-06,0.0025560333421723418,129.561,129.682,,,,,,,,,,,,,,,,,,
2018-07-09,0.0025440836718304883,130.152,130.085,,,,,,,,,,,,,,,,,,
2018-07-10,0.0024721734387990043,130.202,130.443,,,,,,,,,,,,,,,,,,
2018-07-11,0.0024703699504236326,130.195,130.708,61.0,0.003863642912177343,130.699,130.642,130.553,130.589,,,,,,,,,,,,
2018-07-12,0.0024331764632639394,131.148,131.421,,,,,,,,,,,,,,,,,,
2018-07-13,0.0024531416314754104,130.946,131.148,,,,,,,,,,,,,,,,,,
2018-07-16,0.002425437186220456,131.589,131.473,,,,,,,,,,,,,,,,,,
2018-07-17,0.0023546359643313616,131.801,131.546,,,,,,,,,,,,,,,,,,
2018-07-18,0.0023199857136230336,131.102,131.365,,,,,,,,,,,,,,,,,,
2018-07-19,0.002282483428952708,131.026,131.09,,,,,,,,,,,,,,,,,,
2018-07-20,0.002257656469588846,130.944,130.837,,,,,,,,,,,,,,,,,,
2018-07-23,0.002240011153426571,130.153,130.315,,,,,,,,,,,,,,,,,,
2018-07-24,0.002206379680672225,130.063,129.952,,,,,,,,,,,,,,,,,,
2018-07-25,0.002176650773602621,129.855,129.637,,,,,,,,,,,,,,,,,,
2018-07-26,0.0021443506201066064,129.826,129.545,,,,,,,,,,,,,,,,,,
2018-07-27,0.0021129017612269312,129.257,129.325,,,,,,,,,,,,,,,,,,
2018-07-30,0.0021430370091092728,129.742,130.019,,,,,,,,,,,,,,,,,,
2018-07-31,0.002081425200313922,130.876,130.963,,,,,,,,,,,,,,,,,,
2018-08-01,0.0020923039898461154,130.759,130.311,,,,,,,,,,,,,,,,,,
2018-08-02,0.0021359540456033824,129.451,129.455,,,,,,,,,,,,,,,,,,
2018-08-03,0.0021578202292738234,129.339,128.862,87.0,-0.003275834955923527,128.916,128.929,128.835,128.844,94.0,-0.0043701689766802105,128.775,128.771,128.843,128.758,,,,,,
2018-08-06,0.002196874637476605,128.654,128.838,,,,,,,,,,,,,,,,,,
2018-08-07,0.002199696420680648,128.911,128.943,,,,,,,,,,,,,,,,,,
2018-08-08,0.0021661516121460225,128.722,128.666,,,,,,,,,,,,,,,,,,
2018-08-09,0.0021718458691961117,128.8,128.278,178.0,-0.0035076975794040427,128.349,128.369,,,,,,,,,,,,,,
2018-08-10,0.0021817443392578954,127.065,126.106,89.0,-0.004361601223052722,126.512,126.522,126.77,126.823,122.0,-0.004535512892173565,126.49,126.497,126.672,126.897,,,,,,
2018-08-13,0.0022217816659608996,126.063,126.079,50.0,0.0033893773983724694,126.491,126.524,126.423,126.436,103.0,0.004511357257226256,126.633,126.622,126.649,126.722,,,,,,
2018-08-14,0.002568946761576876,126.419,125.898,,,,,,,,,,,,,,,,,,
2018-08-15,0.0026551966911481026,125.689,125.373,111.0,-0.0040179586409708635,125.185,125.171,125.218,125.196,174.0,-0.005336877319004988,125.02,124.907,124.926,,,,,,,
2018-08-16,0.0026213326494549135,125.994,126.273,,,,,,,,,,,,,,,,,,
2018-08-17,0.002574321412648952,125.833,126.096,,,,,,,,,,,,,,,,,,
2018-08-20,0.00253092577312894,126.289,126.284,,,,,,,,,,,,,,,,,,
2018-08-21,0.00244482325399602,127.063,127.408,,,,,,,,,,,,,,,,,,
2018-08-22,0.0024204360583325152,127.991,128.159,,,,,,,,,,,,,,,,,,
2018-08-23,0.0024992300173779162,128.293,128.567,,,,,,,,,,,,,,,,,,
2018-08-24,0.0024700923016367764,129.015,129.279,,,,,,,,,,,,,,,,,,
2018-08-27,0.002467543122710975,129.076,129.718,178.0,0.0037581528778467283,129.562,129.592,,,,,,,,,,,,,,
2018-08-28,0.0024134768120445205,130.09,130.145,,,,,,,,,,,,,,,,,,
2018-08-29,0.0024585294662905328,129.727,130.779,119.0,0.0042537380443205125,130.28,130.4,130.201,130.398,120.0,0.0051744071288403115,130.4,130.408,130.24,130.458,177.0,0.006293412710338277,130.546,130.58,,
2018-08-30,0.0024198347656281707,130.194,129.472,92.0,-0.0037707145155402603,129.704,129.753,129.815,129.894,,,,,,,,,,,,
2018-08-31,0.002406933865938021,129.053,128.675,,,,,,,,,,,,,,,,,,
2018-09-03,0.002501599209056175,129.036,129.046,,,,,,,,,,,,,,,,,,
2018-09-04,0.0024844417319846695,128.57,128.899,,,,,,,,,,,,,,,,,,
2018-09-05,0.0024497654448134326,129.232,129.533,75.0,0.003707369545410681,129.712,129.792,129.876,129.865,77.0,0.005748273025985055,129.977,129.865,129.83,129.851,,,,,,
2018-09-06,0.002436158009450317,129.433,128.841,180.0,-0.003901507491920425,128.929,,,,,,,,,,,,,,,
2018-09-07,0.002399558213016112,128.697,128.647,,,,,,,,,,,,,,,,,,
2018-09-10,0.0025060192252973593,128.543,128.899,65.0,0.0038822034425719117,129.043,129.011,129.032,128.98,,,,,,,,,,,,
2018-09-11,0.0024302623654481946,128.961,129.295,,,,,,,,,,,,,,,,,,
2018-09-12,0.0024685149506413814,129.098,129.376,,,,,,,,,,,,,,,,,,
2018-09-13,0.0024285568684727036,129.638,130.643,57.0,0.003711150788048306,130.12,130.184,130.187,130.151,87.0,0.0050551595920166875,130.295,130.242,130.376,130.505,98.0,0.006159733714616944,130.439,130.479,130.456,130.574
2018-09-14,0.0024026844379600072,130.714,130.392,,,,,,,,,,,,,,,,,,
2018-09-17,0.002530265274393974,130.751,130.854,,,,,,,,,,,,,,,,,,
2018-09-18,0.0024835870112358553,131.248,131.334,,,,,,,,,,,,,,,,,,
2018-09-19,0.0024669439696985494,131.175,131.136,,,,,,,,,,,,,,,,,,
2018-09-20,0.0024296258872849525,131.942,132.191,,,,,,,,,,,,,,,,,,
2018-09-21,0.00238638105094463,132.514,132.194,,,,,,,,,,,,,,,,,,
2018-09-24,0.0026669074399081863,132.45,132.61,81.0,0.004106317812041308,132.995,133.049,132.935,132.838,,,,,,,,,,,,
2018-09-25,0.0026118525447749157,132.906,132.855,,,,,,,,,,,,,,,,,,
2018-09-26,0.0025714841314195148,132.612,132.788,,,,,,,,,,,,,,,,,,
2018-09-27,0.0025411099777842717,132.087,132.321,,,,,,,,,,,,,,,,,,
2018-09-28,0.00250914163381796,131.275,131.888,172.0,0.003885035354775886,131.786,131.767,131.925,,,,,,,,,,,,,
2018-10-01,0.002473322450285869,132.18,131.807,,,,,,,,,,,,,,,,,,
2018-10-02,0.0024181347647773527,131.242,131.396,,,,,,,,,,,,,,,,,,
2018-10-03,0.0023877021140230074,131.501,131.613,,,,,,,,,,,,,,,,,,
2018-10-04,0.0023476969958933767,131.356,130.906,,,,,,,,,,,,,,,,,,
2018-10-05,0.002359422748523702,131.046,130.654,,,,,,,,,,,,,,,,,,
2018-10-08,0.002322157193229113,130.13,129.695,89.0,-0.0035874616025024725,129.664,129.669,129.703,129.836,,,,,,,,,,,,
2018-10-09,0.002257239317568098,129.367,129.91,139.0,0.0037959200911116845,129.859,129.934,129.931,130.072,145.0,0.004565689737078202,129.959,130.029,130.062,130.06,151.0,0.00586525506548695,130.128,130.168,130.076,129.984
2018-10-10,0.002360899963501702,130.149,130.063,,,,,,,,,,,,,,,,,,
2018-10-11,0.0023219667405896885,130.005,129.845,,,,,,,,,,,,,,,,,,
2018-10-12,0.002308117225177286,130.023,129.472,107.0,-0.0034978001084457894,129.569,129.487,129.548,129.543,,,,,,,,,,,,
2018-10-15,0.00232222797303558,129.568,129.619,,,,,,,,,,,,,,,,,,
2018-10-16,0.0023019252561350258,129.821,130.001,74.0,0.00348334614696253,130.274,130.244,130.164,130.155,,,,,,,,,,,,
2018-10-17,0.0022675653639812055,129.457,129.436,,,,,,,,,,,,,,,,,,
2018-10-18,0.0022413299700581773,129.467,128.881,,,,,,,,,,,,,,,,,,
2018-10-19,0.002241601085714391,129.004,129.54,,,,,,,,,,,,,,,,,,
2018-10-22,0.002249981311162887,129.669,129.349,,,,,,,,,,,,,,,,,,
2018-10-23,0.002234342366257474,128.841,128.735,70.0,-0.003483213361817391,128.393,128.38,128.491,128.591,136.0,-0.0047769552615428935,128.227,128.27,128.337,128.363,,,,,,
2018-10-24,0.0022385387901884533,128.385,128.202,,,,,,,,,,,,,,,,,,
2018-10-25,0.0022031521398346034,128.245,128.003,98.0,-0.003468130297159375,127.801,127.844,127.843,128.01,,,,,,,,,,,,
2018-10-26,0.0023167980283110073,127.052,127.293,,,,,,,,,,,,,,,,,,
2018-10-29,0.00229342199572756,128.046,128.142,,,,,,,,,,,,,,,,,,
2018-10-30,0.002223259843206415,128.179,128.143,,,,,,,,,,,,,,,,,,
2018-10-31,0.0022630379791684307,128.345,127.869,,,,,,,,,,,,,,,,,,
2018-11-01,0.0022292963571425503,128.668,128.534,,,,,,,,,,,,,,,,,,
2018-11-02,0.002212993862282545,129.216,128.711,,,,,,,,,,,,,,,,,,
2018-11-05,0.002212940439456638,128.822,128.97,,,,,,,,,,,,,,,,,,
2018-11-06,0.0021592242923871444,129.366,129.513,,,,,,,,,,,,,,,,,,
2018-11-07,0.0021378620112818118,129.986,129.943,,,,,,,,,,,,,,,,,,
2018-11-08,0.0021371171441704985,129.88,129.799,,,,,,,,,,,,,,,,,,
2018-11-09,0.002111906212489919,129.288,128.928,168.0,-0.0033469722579644364,128.856,128.868,128.905,,,,,,,,,,,,,
2018-11-12,0.0021425661785854752,128.261,127.936,139.0,-0.0032173703127598144,127.849,127.83,127.824,127.884,,,,,,,,,,,,
2018-11-13,0.0021040950345462372,128.351,128.535,,,,,,,,,,,,,,,,,,
2018-11-14,0.0021799515722856376,128.655,128.339,54.0,0.004180747531170986,129.194,129.133,129.104,129.036,,,,,,,,,,,,
2018-11-15,0.002165766009583003,128.008,128.3,157.0,0.0032601010023443305,128.426,128.418,128.562,128.499,163.0,0.004746233946275104,128.617,128.615,128.492,128.453,,,,,,
2018-11-16,0.0021345679592738734,128.582,128.822,,,,,,,,,,,,,,,,,,
2018-11-19,0.002104381402576172,128.927,128.848,,,,,,,,,,,,,,,,,,
2018-11-20,0.002048299867252161,128.196,128.178,,,,,,,,,,,,,,,,,,
2018-11-21,0.0020327142153344917,128.84,128.807,,,,,,,,,,,,,,,,,,
2018-11-22,0.002019847160244,128.835,128.854,,,,,,,,,,,,,,,,,,
2018-11-23,0.002002263146912717,127.986,127.881,,,,,,,,,,,,,,,,,,
2018-11-26,0.0019766322968194994,128.769,128.705,,,,,,,,,,,,,,,,,,
2018-11-27,0.00207088268428075,128.639,128.405,,,,,,,,,,,,,,,,,,
2018-11-28,0.0020484199009296483,128.483,128.931,,,,,,,,,,,,,,,,,,
2018-11-29,0.0020220169331148616,128.853,129.055,,,,,,,,,,,,,,,,,,
2018-11-30,0.0020179156927945746,128.923,128.564,117.0,-0.00313857359434976,128.519,128.569,128.58,128.482,,,,,,,,,,,,
2018-12-03,0.001997779343578397,128.63,128.994,,,,,,,,,,,,,,,,,,
2018-12-04,0.0020912534185281374,128.546,127.878,178.0,-0.0033038819462162415,128.122,128.125,,,,,,,,,,,,,,
2018-12-05,0.002064286223676905,128.401,128.428,,,,,,,,,,,,,,,,,,
2018-12-06,0.0021001097777002264,128.035,128.149,,,,,,,,,,,,,,,,,,
2018-12-07,0.0020753962599671313,128.472,128.452,,,,,,,,,,,,,,,,,,
2018-12-10,0.0020843088449715294,128.781,128.489,124.0,-0.003773193054309738,128.296,128.338,128.308,128.381,,,,,,,,,,,,
2018-12-11,0.0020406301575548384,128.741,128.243,86.0,-0.003065100731764659,128.347,128.359,128.362,128.265,,,,,,,,,,,,
2018-12-12,0.0020132064246324278,128.725,128.778,,,,,,,,,,,,,,,,,,
2018-12-13,0.001986266835028859,128.754,129.04,171.0,0.0030244538328168197,129.144,129.133,129.127,,,,,,,,,,,,,
2018-12-14,0.0019914644861884147,128.119,128.075,,,,,,,,,,,,,,,,,,
2018-12-17,0.001966015195791332,128.384,128.019,68.0,-0.002972071754452437,128.003,128.004,128.071,128.083,,,,,,,,,,,,
2018-12-18,0.002016802303976983,127.942,127.896,,,,,,,,,,,,,,,,,,
2018-12-19,0.0020471581422955,128.086,128.212,,,,,,,,,,,,,,,,,,
2018-12-20,0.0020195687244747534,127.793,127.38,115.0,-0.0031114218894852286,127.396,127.456,127.487,127.459,165.0,-0.004100953356436538,127.27,127.26,127.258,127.341,,,,,,
2018-12-21,0.0019928584967840186,126.833,126.74,,,,,,,,,,,,,,,,,,
2018-12-24,0.0019869117385463535,126.264,125.963,,,,,,,,,,,,,,,,,,
2018-12-26,0.0020817825109055357,125.859,126.013,,,,,,,,,,,,,,,,,,
2018-12-27,0.0021146607755833657,126.257,126.592,,,,,,,,,,,,,,,,,,
2018-12-28,0.0021250493917080427,126.551,126.335,,,,,,,,,,,,,,,,,,
2018-12-31,0.002105127774639025,125.967,125.6,117.0,-0.004040955917642225,125.459,125.422,125.55,125.701,118.0,-0.004335916478770915,125.422,125.56,125.617,125.693,,,,,,
2019-01-02,0.0020886177702790993,124.241,124.063,,,,,,,,,,,,,,,,,,
2019-01-03,0.00204311562489486,122.498,123.044,63.0,-0.0032543222042312487,122.1,122.144,122.289,122.515,164.0,0.004926700003107685,123.103,123.128,123.388,123.21,165.0,0.0051297613567626524,123.128,123.249,123.354,123.164
2019-01-04,0.0033403349451682197,123.139,123.696,,,,,,,,,,,,,,,,,,
2019-01-07,0.003511523093051903,124.13,124.583,,,,,,,,,,,,,,,,,,
2019-01-08,0.0033670389372109834,124.399,124.371,,,,,,,,,,,,,,,,,,
2019-01-09,0.003381854178360757,124.668,124.946,,,,,,,,,,,,,,,,,,
2019-01-10,0.0033113068720720825,124.651,124.697,,,,,,,,,,,,,,,,,,
2019-01-11,0.0032421457377274985,124.735,124.474,,,,,,,,,,,,,,,,,,
2019-01-14,0.003175480679414651,123.987,124.155,,,,,,,,,,,,,,,,,,
2019-01-15,0.0030787470195938115,123.937,123.687,,,,,,,,,,,,,,,,,,
2019-01-16,0.0030446004008899135,123.925,124.238,,,,,,,,,,,,,,,,,,
2019-01-17,0.0030553806570749594,124.039,124.096,,,,,,,,,,,,,,,,,,
2019-01-18,0.0030022979986132356,124.736,124.762,,,,,,,,,,,,,,,,,,
2019-01-21,0.0029706368735819295,124.597,124.6,,,,,,,,,,,,,,,,,,
2019-01-22,0.0028536811124467445,124.121,124.269,,,,,,,,,,,,,,,,,,
2019-01-23,0.0028112486735328247,124.706,124.69,,,,,,,,,,,,,,,,,,
2019-01-24,0.002768578831120485,124.234,123.894,,,,,,,,,,,,,,,,,,
2019-01-25,0.002714993398819214,124.815,125.209,,,,,,,,,,,,,,,,,,
2019-01-28,0.0026909919903934693,124.893,124.942,,,,,,,,,,,,,,,,,,
2019-01-29,0.0026430161478068147,125.084,124.978,,,,,,,,,,,,,,,,,,
2019-01-30,0.0025932373682013904,125.2,125.036,,,,,,,,,,,,,,,,,,
2019-01-31,0.002549269844595726,124.773,124.545,,,,,,,,,,,,,,,,,,
2019-02-01,0.002502370739383776,125.078,125.642,129.0,0.0038860100848759154,125.565,125.555,125.545,125.71,144.0,0.0050401242314860924,125.71,125.695,125.694,125.67,,,,,,
2019-02-04,0.002503225176308313,125.934,125.605,,,,,,,,,,,,,,,,,,
2019-02-05,0.002502567131889729,125.612,125.417,,,,,,,,,,,,,,,,,,
2019-02-06,0.0024570664798516588,124.992,124.859,,,,,,,,,,,,,,,,,,
2019-02-07,0.00244278114730601,124.404,124.6,,,,,,,,,,,,,,,,,,
2019-02-08,0.0024064283574250877,124.633,124.332,,,,,,,,,,,,,,,,,,
2019-02-11,0.0023918742359905513,124.836,124.46,,,,,,,,,,,,,,,,,,
2019-02-12,0.0023255789823120815,124.705,125.109,,,,,,,,,,,,,,,,,,
2019-02-13,0.0022903552854110242,125.19,125.051,,,,,,,,,,,,,,,,,,
2019-02-14,0.0023102153510269514,124.998,124.932,,,,,,,,,,,,,,,,,,
2019-02-15,0.0022733888763971605,124.42,124.642,,,,,,,,,,,,,,,,,,
2019-02-18,0.002307480457080131,125.215,125.072,,,,,,,,,,,,,,,,,,
2019-02-19,0.0022490719701581886,125.018,125.421,132.0,0.003377801573801229,125.441,125.385,125.37,125.323,,,,,,,,,,,,
2019-02-20,0.0022120327489192925,125.599,125.781,,,,,,,,,,,,,,,,,,
2019-02-21,0.002239188914533225,125.721,125.523,,,,,,,,,,,,,,,,,,
2019-02-22,0.002202448996980471,125.483,125.461,,,,,,,,,,,,,,,,,,
2019-02-25,0.0021703953491377854,125.829,126.172,,,,,,,,,,,,,,,,,,
2019-02-26,0.0021090754204208086,125.883,126.005,,,,,,,,,,,,,,,,,,
2019-02-27,0.0020945308968244726,126.028,126.149,,,,,,,,,,,,,,,,,,
2019-02-28,0.002062661363632569,126.487,126.735,145.0,0.0031731524478086507,126.889,126.875,126.824,126.808,,,,,,,,,,,,
2019-03-01,0.002046095772993194,127.308,127.252,,,,,,,,,,,,,,,,,,
2019-03-04,0.0021173656423842495,126.954,126.583,130.0,-0.0031794271472806957,126.551,126.561,126.508,126.512,,,,,,,,,,,,
2019-03-05,0.0020566257861147686,126.819,126.438,,,,,,,,,,,,,,,,,,
2019-03-06,0.0020553925298999,126.412,126.3,,,,,,,,,,,,,,,,,,
2019-03-07,0.0020610141428014034,125.79,125.275,45.0,-0.003224846031551875,125.385,125.369,125.389,125.335,120.0,-0.004381953392576118,125.24,125.232,125.241,125.239,171.0,-0.00561234911198237,125.086,125.17,125.131,
2019-03-08,0.0020295081316979557,124.55,124.81,145.0,0.003158395212129837,124.944,124.958,124.961,124.941,,,,,,,,,,,,
2019-03-11,0.002374941629985011,124.87,124.962,,,,,,,,,,,,,,,,,,
2019-03-12,0.0023029134411930298,125.433,125.771,,,,,,,,,,,,,,,,,,
2019-03-13,0.002318022504198808,125.774,125.752,,,,,,,,,,,,,,,,,,
2019-03-14,0.0022786365058018797,126.167,126.241,,,,,,,,,,,,,,,,,,
2019-03-15,0.002305567920522386,126.184,126.205,,,,,,,,,,,,,,,,,,
2019-03-18,0.002268128616989102,126.555,126.189,,,,,,,,,,,,,,,,,,
2019-03-19,0.0022020513307889314,126.486,126.41,,,,,,,,,,,,,,,,,,
2019-03-20,0.00217367512885216,126.596,126.556,,,,,,,,,,,,,,,,,,
2019-03-21,0.002164573921697564,125.854,125.743,,,,,,,,,,,,,,,,,,
2019-03-22,0.002157067978113581,124.601,124.059,86.0,-0.003271772849621626,124.194,124.191,124.207,124.08,109.0,-0.004827001914682218,124.001,124.024,124.054,123.978,173.0,-0.005464296580153281,123.922,123.872,123.844,
2019-03-25,0.0021281555050682317,124.58,124.461,,,,,,,,,,,,,,,,,,
2019-03-26,0.0024594941954633708,124.719,124.748,,,,,,,,,,,,,,,,,,
2019-03-27,0.002436607435695825,124.514,124.317,,,,,,,,,,,,,,,,,,
2019-03-28,0.002396373925723252,123.982,124.199,,,,,,,,,,,,,,,,,,
2019-03-29,0.0023744398033625027,124.482,124.394,,,,,,,,,,,,,,,,,,
2019-04-01,0.002346108702007569,124.629,124.775,,,,,,,,,,,,,,,,,,
2019-04-02,0.0022956728472413182,124.769,124.553,,,,,,,,,,,,,,,,,,
2019-04-03,0.0022578712933767407,125.361,125.321,,,,,,,,,,,,,,,,,,
2019-04-04,0.002238975146043188,125.055,125.131,,,,,,,,,,,,,,,,,,
2019-04-05,0.0022036764483107036,125.41,125.311,,,,,,,,,,,,,,,,,,
2019-04-08,0.0021713459189563883,125.327,125.521,,,,,,,,,,,,,,,,,,
2019-04-09,0.002112195183902414,125.541,125.256,,,,,,,,,,,,,,,,,,
2019-04-10,0.0021003423915978725,125.371,124.969,67.0,-0.003315666150249143,124.956,124.922,124.878,124.88,75.0,-0.00442066518170768,124.818,124.839,124.848,124.867,,,,,,
2019-04-11,0.0020793022846074894,125.261,125.547,173.0,0.003291692055015517,125.674,125.661,125.675,,,,,,,,,,,,,
2019-04-12,0.002047957716851381,126.647,126.602,,,,,,,,,,,,,,,,,,
2019-04-15,0.0021303553888326974,126.654,126.608,,,,,,,,,,,,,,,,,,
2019-04-16,0.002090778247522851,126.595,126.43,,,,,,,,,,,,,,,,,,
2019-04-17,0.002065269596876906,126.524,126.489,,,,,,,,,,,,,,,,,,
2019-04-18,0.0020340798636222734,125.904,125.794,,,,,,,,,,,,,,,,,,
2019-04-19,0.0020048728581975026,125.842,125.842,,,,,,,,,,,,,,,,,,
2019-04-22,0.002038671818819428,125.885,126.024,,,,,,,,,,,,,,,,,,
2019-04-23,0.0019794950765804017,125.855,125.431,114.0,-0.0030000062287972324,125.478,125.489,125.468,125.465,148.0,-0.004012648394197598,125.351,125.364,125.279,125.389,,,,,,
2019-04-24,0.0019533638575528344,125.345,125.133,,,,,,,,,,,,,,,,,,
2019-04-25,0.0019366108781626343,124.561,124.398,,,,,,,,,,,,,,,,,,
2019-04-26,0.0019401705006133788,124.539,124.565,,,,,,,,,,,,,,,,,,
2019-04-29,0.0019673822428962714,124.663,124.9,,,,,,,,,,,,,,,,,,
2019-04-30,0.0019173747210414894,124.962,124.821,,,,,,,,,,,,,,,,,,
2019-05-01,0.0019085211852198642,125.109,125.08,,,,,,,,,,,,,,,,,,
2019-05-02,0.0018852415073576034,124.974,124.586,,,,,,,,,,,,,,,,,,
2019-05-03,0.0018606364564015302,124.37,124.489,,,,,,,,,,,,,,,,,,
2019-05-06,0.0018811758995046295,124.12,124.124,,,,,,,,,,,,,,,,,,
2019-05-07,0.0019254133022627029,123.689,123.325,,,,,,,,,,,,,,,,,,
2019-05-08,0.0019204416371350894,123.303,123.418,,,,,,,,,,,,,,,,,,
2019-05-09,0.0020083325220613055,122.892,123.009,,,,,,,,,,,,,,,,,,
2019-05-10,0.001987704377295088,123.228,123.176,,,,,,,,,,,,,,,,,,
2019-05-13,0.0019754546925945895,123.127,122.617,114.0,-0.0030258439725367897,122.755,122.747,122.786,122.745,,,,,,,,,,,,
2019-05-14,0.0019342250683617925,123.136,122.919,31.0,-0.003017476801650651,122.765,122.735,122.682,122.738,39.0,-0.0038731354053489703,122.66,122.654,122.758,122.824,,,,,,
2019-05-15,0.00191506553404673,122.183,122.843,133.0,0.005802274344245594,122.894,122.924,122.741,122.962,133.0,0.005802274344245594,122.894,122.924,122.741,122.962,133.0,0.005802274344245594,122.894,122.924,122.741,122.962
2019-05-16,0.0018951391961294494,122.854,122.833,,,,,,,,,,,,,,,,,,
2019-05-17,0.001875711884359556,122.351,122.701,174.0,0.0028728381670472597,122.703,122.704,122.73,,,,,,,,,,,,,
2019-05-20,0.0018526835374737371,122.612,122.813,,,,,,,,,,,,,,,,,,
2019-05-21,0.0018137056254791035,123.115,123.438,175.0,0.0038750311958419166,123.593,123.555,123.648,,175.0,0.0038750311958419166,123.593,123.555,123.648,,,,,,,
2019-05-22,0.0017922323171188181,123.255,123.031,,,,,,,,,,,,,,,,,,
2019-05-23,0.001789669560575826,122.643,122.373,70.0,-0.0027352426310566177,122.308,122.292,122.345,122.317,93.0,-0.0037414064915904403,122.185,122.234,122.239,122.207,,,,,,
2019-05-24,0.0017952103721994937,122.589,122.467,,,,,,,,,,,,,,,,,,
2019-05-27,0.001803451841043373,122.572,122.593,,,,,,,,,,,,,,,,,,
2019-05-28,0.0017730205541597183,122.487,122.374,,,,,,,,,,,,,,,,,,
2019-05-29,0.0017670360835501972,121.885,121.662,,,,,,,,,,,,,,,,,,
2019-05-30,0.0017636422528046784,122.157,122.163,,,,,,,,,,,,,,,,,,
2019-05-31,0.0017443925507962764,121.268,121.127,,,,,,,,,,,,,,,,,,
2019-06-03,0.0017514992330231616,121.181,121.461,,,,,,,,,,,,,,,,,,
2019-06-04,0.00180793343313737,121.674,121.679,,,,,,,,,,,,,,,,,,
2019-06-05,0.0018374940335911293,121.926,121.646,,,,,,,,,,,,,,,,,,
2019-06-06,0.0018192186219016262,121.869,122.062,,,,,,,,,,,,,,,,,,
2019-06-07,0.0018001644348743945,122.232,122.47,,,,,,,,,,,,,,,,,,
2019-06-10,0.001859093517179359,122.789,122.79,,,,,,,,,,,,,,,,,,
2019-06-11,0.0018342957630933603,122.976,122.794,,,,,,,,,,,,,,,,,,
2019-06-12,0.0018164376682336435,122.678,122.642,,,,,,,,,,,,,,,,,,
2019-06-13,0.001793906749696997,122.457,122.259,,,,,,,,,,,,,,,,,,
2019-06-14,0.0018484625627459904,121.825,121.64,,,,,,,,,,,,,,,,,,
2019-06-17,0.0018276414241577554,122.082,121.978,,,,,,,,,,,,,,,,,,
2019-06-18,0.0018184336813830498,121.137,121.373,103.0,0.003156721776384656,121.52,121.518,121.565,121.657,105.0,0.003716143940800444,121.588,121.638,121.609,121.628,,,,,,
2019-06-19,0.001799997335833279,121.473,121.523,,,,,,,,,,,,,,,,,,
2019-06-20,0.0017986716316059437,121.786,121.305,160.0,-0.0029439116050391104,121.428,121.476,121.479,121.437,,,,,,,,,,,,
2019-06-21,0.0017823306480362101,121.65,121.84,168.0,0.002897565365326104,122.003,122.008,121.954,,,,,,,,,,,,,
2019-06-24,0.0017705307055849546,122.279,122.289,,,,,,,,,,,,,,,,,,
2019-06-25,0.0018945781955714298,121.898,121.724,,,,,,,,,,,,,,,,,,
2019-06-26,0.0018748977154324983,122.391,122.58,,,,,,,,,,,,,,,,,,
2019-06-27,0.0018504625787206504,122.635,122.494,,,,,,,,,,,,,,,,,,
2019-06-28,0.0019092302028874367,122.508,122.673,,,,,,,,,,,,,,,,,,
2019-07-01,0.0019041533416942998,122.898,122.576,,,,,,,,,,,,,,,,,,
2019-07-02,0.001873375938195727,122.328,122.011,,,,,,,,,,,,,,,,,,
2019-07-03,0.0019031094803011648,121.579,121.59,,,,,,,,,,,,,,,,,,
2019-07-04,0.001986812422754562,121.625,121.619,,,,,,,,,,,,,,,,,,
2019-07-05,0.001960218208455443,121.78,121.752,,,,,,,,,,,,,,,,,,
2019-07-08,0.0019336781575335887,121.826,121.84,,,,,,,,,,,,,,,,,,
2019-07-09,0.0018824714879546135,121.925,121.94,,,,,,,,,,,,,,,,,,
2019-07-10,0.001875845291042196,122.166,122.103,,,,,,,,,,,,,,,,,,
2019-07-11,0.0018515452777614716,121.932,121.962,,,,,,,,,,,,,,,,,,
2019-07-12,0.0018534071446683882,121.829,121.559,,,,,,,,,,,,,,,,,,
2019-07-15,0.001857632105056759,121.59,121.481,,,,,,,,,,,,,,,,,,
2019-07-16,0.0018632734924869468,121.16,121.475,179.0,0.0029504137968615765,121.518,121.506,,,,,,,,,,,,,,
2019-07-17,0.0018462992236380634,121.437,121.414,,,,,,,,,,,,,,,,,,
2019-07-18,0.001839427268693612,120.952,120.96,,,,,,,,,,,,,,,,,,
2019-07-19,0.0018238630461631842,120.912,120.948,,,,,,,,,,,,,,,,,,
2019-07-22,0.0018019245779605445,120.987,121.017,,,,,,,,,,,,,,,,,,
2019-07-23,0.0017838372987656192,120.828,120.557,,,,,,,,,,,,,,,,,,
2019-07-24,0.001764823839065219,120.387,120.42,,,,,,,,,,,,,,,,,,
2019-07-25,0.0017760458299771078,120.196,121.137,50.0,0.0027251595462847488,120.524,120.645,120.547,120.928,51.0,0.003728605346971645,120.645,120.617,120.523,120.864,61.0,0.004689642014892439,120.761,120.786,120.864,120.75
2019-07-26,0.0017611433373403151,121.007,120.868,,,,,,,,,,,,,,,,,,
2019-07-29,0.00180592673027486,120.78,121.283,178.0,0.0027202576626292646,121.109,121.149,,,,,,,,,,,,,,
2019-07-30,0.001768813373381129,121.015,121.13,,,,,,,,,,,,,,,,,,
2019-07-31,0.0017677970012936282,121.049,120.839,,,,,,,,,,,,,,,,,,
2019-08-01,0.0017480840029745464,120.178,119.761,55.0,-0.0026495820331575103,119.86,119.864,119.815,119.769,72.0,-0.00365960302895817,119.739,119.79,119.763,119.786,156.0,-0.004528536217556107,119.635,119.606,119.598,119.582
2019-08-02,0.0017692204896969678,118.632,118.479,154.0,-0.0026672534677791107,118.316,118.35,118.368,118.396,,,,,,,,,,,,
2019-08-05,0.002389627805394096,118.588,118.72,,,,,,,,,,,,,,,,,,
2019-08-06,0.0023445193244145106,119.17,119.19,,,,,,,,,,,,,,,,,,
2019-08-07,0.0025354163207691673,118.549,118.681,,,,,,,,,,,,,,,,,,
2019-08-08,0.0024981696925522596,118.594,118.845,62.0,0.003946869722595615,119.063,119.009,119.023,119.067,,,,,,,,,,,,
2019-08-09,0.0024538270157402433,118.485,118.208,,,,,,,,,,,,,,,,,,
2019-08-12,0.0024221705207894684,117.652,118.157,117.0,0.003969942271830991,118.12,118.113,118.18,118.163,,,,,,,,,,,,
2019-08-13,0.002358020765530115,118.003,119.221,106.0,0.005510074872680584,118.655,118.551,118.784,118.921,106.0,0.005510074872680584,118.655,118.551,118.784,118.921,110.0,0.007555934826099363,118.898,118.784,118.988,119.074
2019-08-14,0.0023253780394984747,118.389,117.884,158.0,-0.0035539346420743853,117.969,117.952,117.983,117.953,,,,,,,,,,,,
2019-08-15,0.0023550792534469266,118.351,117.824,139.0,-0.003775569973317575,117.905,117.895,117.84,117.892,,,,,,,,,,,,
2019-08-16,0.0024007404780403605,117.776,117.924,,,,,,,,,,,,,,,,,,
2019-08-19,0.002362179788422625,118.358,118.161,,,,,,,,,,,,,,,,,,
2019-08-20,0.0022823147329579657,117.798,117.968,,,,,,,,,,,,,,,,,,
2019-08-21,0.002250876833600954,118.228,118.225,,,,,,,,,,,,,,,,,,
2019-08-22,0.002213746865518008,118.073,118.039,,,,,,,,,,,,,,,,,,
2019-08-23,0.002183505747794871,117.86,117.276,,,,,,,,,,,,,,,,,,
2019-08-26,0.002148291731639484,117.693,117.777,,,,,,,,,,,,,,,,,,
2019-08-27,0.002139300062614907,117.394,117.361,,,,,,,,,,,,,,,,,,
2019-08-28,0.0021070707450781827,117.137,117.345,,,,,,,,,,,,,,,,,,
2019-08-29,0.0020758774066226035,117.637,117.748,,,,,,,,,,,,,,,,,,
2019-08-30,0.0020445530019793322,117.34,116.811,177.0,-0.003457478633680621,116.935,116.94,,,,,,,,,,,,,,
2019-09-02,0.002024271096425858,116.659,116.486,,,,,,,,,,,,,,,,,,
2019-09-03,0.00209942238298313,116.048,116.102,,,,,,,,,,,,,,,,,,
2019-09-04,0.0020951087212623737,117.004,117.166,,,,,,,,,,,,,,,,,,
2019-09-05,0.0020617923801039646,117.985,118.059,97.0,0.0033338441126952926,118.379,118.41,118.443,118.407,120.0,0.004718266211055852,118.543,118.533,118.476,118.548,,,,,,
2019-09-06,0.0023138135443162263,117.974,117.925,,,,,,,,,,,,,,,,,,
2019-09-09,0.0023049679333754986,118.034,118.489,176.0,0.003467556481517365,118.444,118.454,,,,,,,,,,,,,,
2019-09-10,0.0022386611912678816,118.484,118.544,,,,,,,,,,,,,,,,,,
2019-09-11,0.0022830365618602593,118.481,118.508,,,,,,,,,,,,,,,,,,
2019-09-12,0.0022625355432377074,118.193,119.538,36.0,-0.0035343662437696405,117.776,117.777,117.624,117.795,40.0,-0.004562268352275898,117.655,117.624,117.625,117.843,106.0,0.00607325173603227,118.913,118.934,118.793,118.817
2019-09-13,0.0022267986091962615,119.913,119.726,,,,,,,,,,,,,,,,,,
2019-09-16,0.0022742562629174744,118.905,118.838,,,,,,,,,,,,,,,,,,
2019-09-17,0.0022127761907155675,119.208,119.62,160.0,0.003341501758744295,119.607,119.632,119.564,119.546,,,,,,,,,,,,
2019-09-18,0.0021864500118478755,119.539,119.648,,,,,,,,,,,,,,,,,,
2019-09-19,0.0022189261639682222,119.467,119.305,,,,,,,,,,,,,,,,,,
2019-09-20,0.0022273717902715714,119.085,118.798,,,,,,,,,,,,,,,,,,
2019-09-23,0.0021918643808875433,118.033,118.115,,,,,,,,,,,,,,,,,,
2019-09-24,0.0022310018841420393,118.457,118.042,,,,,,,,,,,,,,,,,,
2019-09-25,0.0022352309640329138,117.916,118.017,,,,,,,,,,,,,,,,,,
2019-09-26,0.0022001257755174886,117.687,117.771,,,,,,,,,,,,,,,,,,
2019-09-27,0.0021661131513168344,118.201,118.232,,,,,,,,,,,,,,,,,,
2019-09-30,0.002153033299897488,117.787,117.889,,,,,,,,,,,,,,,,,,
2019-10-01,0.00211365110812931,118.076,117.741,140.0,-0.0033254187414430768,117.684,117.702,117.743,117.79,,,,,,,,,,,,
2019-10-02,0.002087351596603868,117.523,117.392,,,,,,,,,,,,,,,,,,
2019-10-03,0.0020559932192968943,117.136,117.362,,,,,,,,,,,,,,,,,,
2019-10-04,0.0020688151247048045,117.191,117.313,,,,,,,,,,,,,,,,,,
2019-10-07,0.0020413549968057057,117.359,117.592,,,,,,,,,,,,,,,,,,
2019-10-08,0.00198505123070558,117.408,117.202,,,,,,,,,,,,,,,,,,
2019-10-09,0.002006210080970657,117.902,117.934,,,,,,,,,,,,,,,,,,
2019-10-10,0.00199618435570389,118.487,118.927,118.0,0.003176732493609112,118.864,118.847,118.779,118.797,,,,,,,,,,,,
2019-10-11,0.0020335593965771586,119.89,119.821,,,,,,,,,,,,,,,,,,
2019-10-14,0.002103094979444924,119.334,119.534,,,,,,,,,,,,,,,,,,
2019-10-15,0.002115483409160362,119.226,120.091,150.0,0.0038090181544982137,119.681,119.693,119.818,119.843,152.0,0.0042601158331470055,119.735,119.692,119.781,119.875,167.0,0.0054286815518681366,119.875,119.898,119.893,
2019-10-16,0.002085379972568204,119.875,120.391,173.0,0.0031316917560064383,120.251,120.219,120.264,,,,,,,,,,,,,
2019-10-17,0.0020794214241980848,120.834,120.733,,,,,,,,,,,,,,,,,,
2019-10-18,0.002108146014995983,121.013,120.982,,,,,,,,,,,,,,,,,,
2019-10-21,0.002086747695080917,121.257,121.005,,,,,,,,,,,,,,,,,,
2019-10-22,0.002038408567066319,120.962,120.904,,,,,,,,,,,,,,,,,,
2019-10-23,0.002009645505399628,120.604,120.81,,,,,,,,,,,,,,,,,,
2019-10-24,0.002062682879085164,120.821,120.554,,,,,,,,,,,,,,,,,,
2019-10-25,0.002072955934005977,120.587,120.511,,,,,,,,,,,,,,,,,,
2019-10-28,0.0020588725209725505,120.693,120.938,,,,,,,,,,,,,,,,,,
2019-10-29,0.002012767242526656,120.817,121.015,,,,,,,,,,,,,,,,,,
2019-10-30,0.002008151257813685,121.054,121.075,,,,,,,,,,,,,,,,,,
2019-10-31,0.001979054305229197,120.672,120.44,,,,,,,,,,,,,,,,,,
2019-11-01,0.001975654459976234,120.415,120.852,171.0,0.0030679957729828284,120.785,120.817,120.8,,,,,,,,,,,,,
2019-11-04,0.002027775558203133,120.982,120.979,,,,,,,,,,,,,,,,,,
2019-11-05,0.001974601904378684,120.862,120.781,,,,,,,,,,,,,,,,,,
2019-11-06,0.0019500649434852967,120.801,120.512,,,,,,,,,,,,,,,,,,
2019-11-07,0.0019369119645017193,120.804,120.855,,,,,,,,,,,,,,,,,,
2019-11-08,0.001960465101981609,120.617,120.324,121.0,-0.0029808013767709126,120.258,120.28,120.232,120.254,,,,,,,,,,,,
2019-11-11,0.001973048846756101,120.289,120.341,,,,,,,,,,,,,,,,,,
2019-11-12,0.0019412232947462911,120.263,120.121,,,,,,,,,,,,,,,,,,
2019-11-13,0.0019225260303757756,119.745,119.713,,,,,,,,,,,,,,,,,,
2019-11-14,0.0019117359650504772,119.451,119.385,,,,,,,,,,,,,,,,,,
2019-11-15,0.0019373197445290574,120.014,120.24,,,,,,,,,,,,,,,,,,
2019-11-18,0.0019135420728611957,120.26,120.335,,,,,,,,,,,,,,,,,,
2019-11-19,0.001903519109752499,120.432,120.216,,,,,,,,,,,,,,,,,,
2019-11-20,0.001880146260417462,120.066,120.092,,,,,,,,,,,,,,,,,,
2019-11-21,0.001857783760504913,120.231,120.149,,,,,,,,,,,,,,,,,,
2019-11-22,0.001834319396406673,120.081,119.798,,,,,,,,,,,,,,,,,,
2019-11-25,0.0018115294800484089,119.958,119.925,,,,,,,,,,,,,,,,,,
2019-11-26,0.0018178653739226683,120.055,120.206,,,,,,,,,,,,,,,,,,
2019-11-27,0.0018016892111545385,120.148,120.373,,,,,,,,,,,,,,,,,,
2019-11-28,0.0017834761936902815,120.546,120.55,,,,,,,,,,,,,,,,,,
2019-11-29,0.0017766781474111738,120.528,120.556,,,,,,,,,,,,,,,,,,
2019-12-02,0.0017569490924540165,120.861,120.759,,,,,,,,,,,,,,,,,,
2019-12-03,0.001726964351594247,120.368,120.335,,,,,,,,,,,,,,,,,,
2019-12-04,0.0017100983463174595,120.672,120.601,,,,,,,,,,,,,,,,,,
2019-12-05,0.0017706733236418511,120.75,120.698,,,,,,,,,,,,,,,,,,
2019-12-06,0.0017742039828953181,120.54,120.068,89.0,-0.0027081601904341895,120.214,120.223,120.196,120.09,103.0,-0.0036735718969617406,120.098,120.09,120.077,120.052,,,,,,
2019-12-09,0.001754387010274261,120.147,120.145,,,,,,,,,,,,,,,,,,
2019-12-10,0.0017939265093428818,120.318,120.553,,,,,,,,,,,,,,,,,,
2019-12-11,0.0017779721323859224,120.504,120.555,,,,,,,,,,,,,,,,,,
2019-12-12,0.001781346913793629,120.906,121.378,40.0,0.0027834120113836703,121.243,121.212,121.239,121.161,61.0,0.003566655586574171,121.338,121.323,121.338,121.345,82.0,0.004588072479331329,121.462,121.43,121.433,121.396
2019-12-13,0.0017838985102581533,122.359,121.53,23.0,-0.0028399460919779954,122.012,122.034,122.008,122.021,57.0,-0.0037501067448553194,121.901,121.91,122.292,121.98,96.0,-0.0048335393620185605,121.769,121.731,121.799,121.708
2019-12-16,0.002120586942133019,122.036,122.152,,,,,,,,,,,,,,,,,,
2019-12-17,0.002174893093615688,122.159,122.064,,,,,,,,,,,,,,,,,,
2019-12-18,0.0021566545700605778,121.844,121.857,,,,,,,,,,,,,,,,,,
2019-12-19,0.0021368771171931516,121.559,121.484,,,,,,,,,,,,,,,,,,
2019-12-20,0.0021054831373411207,121.234,121.225,,,,,,,,,,,,,,,,,,
2019-12-23,0.0020993944337815013,121.16,121.318,,,,,,,,,,,,,,,,,,
2019-12-24,0.0020507807241202957,121.183,121.209,,,,,,,,,,,,,,,,,,
2019-12-26,0.0020205008496334193,121.624,121.715,,,,,,,,,,,,,,,,,,
2019-12-27,0.0019737164831401584,122.248,122.489,,,,,,,,,,,,,,,,,,
2019-12-30,0.001965446546639383,122.256,122.127,73.0,-0.002948984738157331,121.896,121.907,121.91,121.929,,,,,,,,,,,,
2019-12-31,0.0019580525444366876,121.972,121.957,,,,,,,,,,,,,,,,,,
2020-01-02,0.001961943431794675,121.714,121.201,75.0,-0.0031928927717592816,121.326,121.331,121.284,121.085,82.0,-0.0040504550388040204,121.222,121.209,121.097,121.085,86.0,-0.0049913208697754995,121.108,121.097,121.045,121.108
2020-01-03,0.0018653172677010577,120.461,120.613,,,,,,,,,,,,,,,,,,
2020-01-06,0.002001171996350484,121.044,121.312,,,,,,,,,,,,,,,,,,
2020-01-07,0.0019530102795622028,120.973,120.935,,,,,,,,,,,,,,,,,,
2020-01-08,0.0020127755775816583,120.889,121.297,,,,,,,,,,,,,,,,,,
2020-01-09,0.002050601856533424,121.634,121.595,,,,,,,,,,,,,,,,,,
2020-01-10,0.0020809678418102083,121.691,121.786,,,,,,,,,,,,,,,,,,
2020-01-13,0.0020613980563717687,122.136,122.463,,,,,,,,,,,,,,,,,,
2020-01-14,0.002011240330904442,122.244,122.555,,,,,,,,,,,,,,,,,,
2020-01-15,0.0020315506838935516,122.443,122.602,,,,,,,,,,,,,,,,,,
2020-01-16,0.0020112234760360486,122.69,122.656,,,,,,,,,,,,,,,,,,
2020-01-17,0.001990607715823315,122.297,122.146,,,,,,,,,,,,,,,,,,
2020-01-20,0.0019634122358015804,122.114,122.111,,,,,,,,,,,,,,,,,,
2020-01-21,0.0019549185090247745,122.314,121.92,102.0,-0.0030049846366418365,121.947,121.936,121.917,121.953,,,,,,,,,,,,
2020-01-22,0.0019357379479458306,121.953,121.788,,,,,,,,,,,,,,,,,,
2020-01-23,0.0019129904733886061,121.445,120.857,32.0,-0.0028778659350080214,121.096,121.162,121.052,121.095,80.0,-0.004001572964049313,120.96,120.921,120.951,120.846,90.0,-0.004787265137208011,120.865,120.836,120.846,120.809
2020-01-24,0.0019134317427651417,120.918,120.532,94.0,-0.002981664982936086,120.558,120.559,120.592,120.593,,,,,,,,,,,,
2020-01-27,0.0019245810466845686,120.225,120.071,,,,,,,,,,,,,,,,,,
2020-01-28,0.0019265205044878457,119.987,120.136,,,,,,,,,,,,,,,,,,
2020-01-29,0.0019069887658747318,119.988,120.118,,,,,,,,,,,,,,,,,,
2020-01-30,0.001884611936743252,120.073,119.864,,,,,,,,,,,,,,,,,,
2020-01-31,0.00187270369768063,120.334,120.186,,,,,,,,,,,,,,,,,,
2020-02-03,0.001860666197011801,120.068,120.171,,,,,,,,,,,,,,,,,,
2020-02-04,0.0018161870913026277,120.584,120.832,,,,,,,,,,,,,,,,,,
2020-02-05,0.0017942553527937471,120.891,120.736,,,,,,,,,,,,,,,,,,
2020-02-06,0.0018178397520263567,120.875,120.694,,,,,,,,,,,,,,,,,,
2020-02-07,0.0017972979510842229,120.32,120.156,,,,,,,,,,,,,,,,,,
2020-02-10,0.0017818402525303695,119.979,119.685,,,,,,,,,,,,,,,,,,
2020-02-11,0.0018077393882409852,119.694,119.918,,,,,,,,,,,,,,,,,,
2020-02-12,0.0018083676231483588,119.958,119.693,,,,,,,,,,,,,,,,,,
2020-02-13,0.0017865095137183761,119.134,118.996,,,,,,,,,,,,,,,,,,
2020-02-14,0.0017979599913253927,119.143,118.988,,,,,,,,,,,,,,,,,,
2020-02-17,0.0018152454508920857,119.052,119.065,,,,,,,,,,,,,,,,,,
2020-02-18,0.0017753247972824254,118.557,118.708,68.0,0.002687075443949156,118.876,118.853,118.834,118.818,,,,,,,,,,,,
2020-02-19,0.0017602911268863122,119.44,120.073,130.0,0.002767433029852781,119.771,119.777,119.84,119.955,143.0,0.0038022065151570535,119.895,119.924,119.971,120.113,148.0,0.00443589367835012,119.971,119.932,119.955,120.047
2020-02-20,0.0017399539017797262,121.037,120.911,53.0,0.0026815308210477807,121.362,121.355,121.323,121.34,152.0,-0.004272272372259623,120.521,120.566,120.668,120.707,,,,,,
2020-02-21,0.0020561672736505708,120.896,121.241,126.0,0.0031382679407715975,121.276,121.279,121.298,121.342,,,,,,,,,,,,
2020-02-24,0.002079080576766437,120.329,119.964,99.0,-0.003137995175317969,119.952,119.943,120.019,120.093,,,,,,,,,,,,
2020-02-25,0.002030304551415182,119.862,119.728,78.0,-0.0031083951629874997,119.49,119.466,119.468,119.48,,,,,,,,,,,,
2020-02-26,0.0020221775899913566,120.038,120.143,,,,,,,,,,,,,,,,,,
2020-02-27,0.002006501508788659,120.569,120.986,129.0,0.003072351687374301,120.94,120.928,120.906,120.864,,,,,,,,,,,,
2020-02-28,0.001978648471456802,119.247,118.98,44.0,-0.003099215079120888,118.878,118.89,118.979,118.892,63.0,-0.004058641516743325,118.764,118.676,118.652,118.679,68.0,-0.005002133179548834,118.652,118.661,118.672,118.636
2020-03-02,0.00196262911367582,119.804,120.471,129.0,0.003125223913522739,120.179,120.186,120.443,120.415,131.0,0.004272852274460848,120.317,120.264,120.456,120.435,134.0,0.005319537865948519,120.443,120.378,120.51,120.472
2020-03-03,0.0019864324904542052,119.775,119.731,60.0,0.0050218091569330945,120.378,120.174,120.393,119.948,60.0,0.0050218091569330945,120.378,120.174,120.393,119.948,60.0,0.0050218091569330945,120.378,120.174,120.393,119.948
2020-03-04,0.0020191142830079585,119.557,119.53,34.0,-0.0033429015484437484,119.158,119.12,119.193,119.191,43.0,-0.0040648929327007565,119.072,119.113,119.167,119.131,,,,,,
2020-03-05,0.0020067013834033096,119.503,119.204,,,,,,,,,,,,,,,,,,
2020-03-06,0.0019904733981779403,119.183,119.237,,,,,,,,,,,,,,,,,,
2020-03-09,0.0020318797649300823,116.944,117.07,37.0,-0.00553932526584276,116.298,116.465,116.188,116.576,37.0,-0.00553932526584276,116.298,116.465,116.188,116.576,37.0,-0.00553932526584276,116.298,116.465,116.188,116.576
2020-03-10,0.0024561966406337976,118.678,117.923,112.0,-0.004001997894574778,118.204,118.174,118.223,118.165,121.0,-0.0051108659894210685,118.073,118.124,118.151,118.125,139.0,-0.006178572217452204,117.947,117.898,117.82,117.702
2020-03-11,0.002590807323064984,118.451,118.28,37.0,0.0040273034464870724,118.929,118.885,118.753,118.714,,,,,,,,,,,,
2020-03-12,0.0025720259694409814,116.77,117.351,32.0,0.003982809124586725,117.236,117.199,117.116,116.914,58.0,0.007346418081269879,117.631,117.687,117.5,117.26,58.0,0.007346418081269879,117.631,117.687,117.5,117.26
2020-03-13,0.0028647003672068023,119.17,119.487,106.0,-0.0044067753893089825,118.646,118.675,118.781,118.862,,,,,,,,,,,,
2020-03-16,0.002866154107484043,117.579,117.983,65.0,0.004429742477797333,118.101,118.108,118.2,118.176,71.0,0.006265466856453194,118.318,118.406,118.213,118.129,141.0,0.007270725541771256,118.437,118.401,118.449,118.072
2020-03-17,0.0032887084820454253,117.629,117.909,,,,,,,,,,,,,,,,,,
2020-03-18,0.0032268504892116173,117.646,117.17,,,,,,,,,,,,,,,,,,
2020-03-19,0.003240804952846101,118.65,117.489,132.0,-0.005391668671431017,118.012,118.101,118.14,118.437,178.0,-0.007036921978990466,117.818,117.792,,,,,,,,
2020-03-20,0.0032614969032033316,118.266,118.782,77.0,0.005010005165667003,118.86,118.921,118.729,118.78,116.0,0.006548447607282255,119.043,118.958,118.982,119.143,140.0,0.00833611819528172,119.256,119.171,119.106,119.063
2020-03-23,0.003266335543759183,118.78,119.58,57.0,0.0049632477983763326,119.371,119.443,119.365,119.308,96.0,0.006545294828022994,119.56,119.614,119.559,119.791,103.0,0.008191647109699461,119.757,119.594,119.774,119.676
2020-03-24,0.003161638308934833,119.925,120.306,,,,,,,,,,,,,,,,,,
2020-03-25,0.00319116385442613,120.474,120.884,,,,,,,,,,,,,,,,,,
2020-03-26,0.003217007567285746,120.311,120.889,,,,,,,,,,,,,,,,,,
2020-03-27,0.0032069578448404236,119.472,119.707,92.0,-0.005017925660860851,118.874,118.838,118.849,118.955,,,,,,,,,,,,
2020-03-30,0.00319775604274589,119.438,119.011,151.0,-0.004876318439533891,118.857,118.916,118.848,118.957,,,,,,,,,,,,
2020-03-31,0.0032025053208128563,118.941,118.474,,,,,,,,,,,,,,,,,,
2020-04-01,0.0031784369062982975,117.616,117.057,139.0,-0.004952045269864171,117.035,117.046,116.962,117.167,,,,,,,,,,,,
2020-04-02,0.003204462184023322,117.124,117.17,65.0,-0.00480988235056664,116.562,116.578,116.513,116.423,75.0,-0.006535775026629648,116.361,116.391,116.423,116.657,,,,,,
2020-04-03,0.0032823498543563755,117.066,117.136,,,,,,,,,,,,,,,,,,
2020-04-06,0.0032347879647073256,117.631,117.906,,,,,,,,,,,,,,,,,,
2020-04-07,0.003145236218948828,118.462,118.66,125.0,0.004758124089572509,119.027,118.975,118.979,118.922,,,,,,,,,,,,
2020-04-08,0.0030860851698664136,118.352,118.092,,,,,,,,,,,,,,,,,,
2020-04-09,0.0030537243572111095,118.236,118.458,73.0,0.004733526956103744,118.797,118.823,118.745,118.988,86.0,0.006155110873374473,118.966,118.989,118.908,118.926,,,,,,
2020-04-10,0.002998024892070637,118.619,118.673,,,,,,,,,,,,,,,,,,
2020-04-13,0.002950833428402228,117.918,117.346,,,,,,,,,,,,,,,,,,
2020-04-14,0.0028583598834901343,117.664,117.486,,,,,,,,,,,,,,,,,,
2020-04-15,0.0028148772752354255,117.19,117.178,,,,,,,,,,,,,,,,,,
2020-04-16,0.002770832818771005,117.179,116.739,141.0,-0.004250394449926974,116.682,116.684,116.714,116.656,,,,,,,,,,,,
2020-04-17,0.002729879962887333,116.842,117.009,,,,,,,,,,,,,,,,,,
2020-04-20,0.002690150855532695,117.026,117.08,,,,,,,,,,,,,,,,,,
2020-04-21,0.002606155993532108,116.333,116.863,106.0,0.004716666263472969,116.883,116.876,116.977,116.992,109.0,0.005905183108878728,117.022,117.014,117.035,116.96,116.0,0.006725205363764457,117.118,117.069,116.992,117.031
2020-04-22,0.0026132075328654867,117.046,116.738,,,,,,,,,,,,,,,,,,
2020-04-23,0.0025881878806231647,115.796,116.422,95.0,0.004910374181035775,116.366,116.351,116.56,116.424,97.0,0.005795120947791984,116.469,116.61,116.46,116.426,98.0,0.007005011304281016,116.61,116.644,116.443,116.481
2020-04-24,0.0025714738677455455,116.148,116.047,,,,,,,,,,,,,,,,,,
2020-04-27,0.0025588341365877314,116.245,116.09,,,,,,,,,,,,,,,,,,
2020-04-28,0.0024858530847288902,116.078,115.759,,,,,,,,,,,,,,,,,,
2020-04-29,0.002445708534481572,115.451,115.78,60.0,0.003726234464572367,115.882,115.906,115.855,115.801,,,,,,,,,,,,
2020-04-30,0.0024520214791071446,115.792,116.902,166.0,0.004833195563714482,116.353,116.459,116.554,,167.0,0.00574380160914728,116.459,116.517,116.621,,168.0,0.006241706983076147,116.517,116.555,116.651,
2020-05-01,0.0024253304000324944,117.081,117.425,130.0,0.004006279012542645,117.551,117.57,117.593,117.516,136.0,0.004856611969112419,117.651,117.642,117.554,117.601,,,,,,
2020-05-04,0.002622365682727618,116.81,116.536,,,,,,,,,,,,,,,,,,
2020-05-05,0.0025789919247899157,115.628,115.524,,,,,,,,,,,,,,,,,,
2020-05-06,0.002565878422313531,114.696,114.639,,,,,,,,,,,,,,,,,,
2020-05-07,0.0026581744816777694,114.985,114.955,,,,,,,,,,,,,,,,,,
2020-05-08,0.002651930116023941,115.307,115.614,,,,,,,,,,,,,,,,,,
2020-05-11,0.00266517062480583,116.096,116.476,,,,,,,,,,,,,,,,,,
2020-05-12,0.0025879991054746907,116.432,116.588,,,,,,,,,,,,,,,,,,
2020-05-13,0.002546503237884704,116.33,115.882,,,,,,,,,,,,,,,,,,
2020-05-14,0.002514987694668648,115.515,115.66,,,,,,,,,,,,,,,,,,
2020-05-15,0.002540564640175628,115.528,116.068,75.0,0.0038531032284060064,115.974,115.976,116.021,115.972,130.0,0.005128437745673858,116.122,116.114,116.079,116.116,,,,,,
2020-05-18,0.0025120739501640456,116.071,116.987,84.0,0.0038093646254675627,116.514,116.495,116.43,116.534,108.0,0.005113078679238409,116.666,116.659,116.685,116.628,,,,,,
2020-05-19,0.00243377980621846,117.973,117.973,,,,,,,,,,,,,,,,,,
2020-05-20,0.0025717454531850575,117.952,117.981,,,,,,,,,,,,,,,,,,
2020-05-21,0.0025884155739141967,118.441,117.966,175.0,-0.003916779885822448,117.978,117.971,117.96,,,,,,,,,,,,,
2020-05-22,0.0025475017234839834,117.265,117.122,,,,,,,,,,,,,,,,,,
2020-05-25,0.002514928882673238,117.508,117.337,,,,,,,,,,,,,,,,,,
2020-05-26,0.002450489799441081,117.925,118.074,,,,,,,,,,,,,,,,,,
2020-05-27,0.0024334885224442217,118.808,118.229,114.0,-0.004039864310166188,118.329,118.386,118.41,118.486,,,,,,,,,,,,
2020-05-28,0.002395333656901362,118.601,119.196,147.0,0.0039130429831334915,119.066,119.049,119.052,118.95,,,,,,,,,,,,
2020-05-29,0.002483073447101923,119.288,119.718,161.0,0.003756933610453157,119.737,119.728,119.795,119.793,,,,,,,,,,,,
2020-06-01,0.0024497564760668465,119.708,119.648,,,,,,,,,,,,,,,,,,
2020-06-02,0.0024183115569836253,120.562,121.262,35.0,0.004171708005131928,121.066,121.082,121.028,120.914,85.0,0.0049065741315635816,121.155,121.178,121.198,121.154,142.0,0.00607794014410617,121.297,121.317,121.449,121.535
2020-06-03,0.002380730659087446,121.568,122.447,122.0,0.003743969692416908,122.024,122.131,122.007,122.01,,,,,,,,,,,,
2020-06-04,0.002690357562239963,122.615,123.389,36.0,-0.004094330462492552,122.114,122.177,122.124,122.193,44.0,-0.005963183465440268,121.886,122.016,122.164,122.173,167.0,0.006811151711646264,123.453,123.443,123.515,
2020-06-05,0.0026749766971665566,123.817,123.914,,,,,,,,,,,,,,,,,,
2020-06-08,0.0028893693651503207,123.378,122.456,154.0,-0.004508518975240251,122.823,122.764,122.778,122.826,,,,,,,,,,,,
2020-06-09,0.0027858810358105403,121.973,122.176,107.0,0.004221521269671236,122.489,122.451,122.33,122.216,,,,,,,,,,,,
2020-06-10,0.0029833058887262253,122.249,121.817,176.0,-0.004648863991568257,121.682,121.707,,,,,,,,,,,,,,
2020-06-11,0.0029292374042360543,121.589,121.376,,,,,,,,,,,,,,,,,,
2020-06-12,0.002887519424217383,121.423,120.833,168.0,-0.004432364288174578,120.886,120.902,120.73,,178.0,-0.0063202196496486415,120.658,120.714,,,,,,,,
2020-06-15,0.002975440739836341,120.912,120.985,,,,,,,,,,,,,,,,,,
2020-06-16,0.002878557879938888,121.277,120.874,163.0,-0.004404583583233577,120.744,120.751,120.773,120.679,,,,,,,,,,,,
2020-06-17,0.0030457240697145845,120.609,120.365,,,,,,,,,,,,,,,,,,
2020-06-18,0.0031536540137008014,120.07,119.794,,,,,,,,,,,,,,,,,,
2020-06-19,0.00313520210667134,119.784,119.616,,,,,,,,,,,,,,,,,,
2020-06-22,0.0030831602830703234,119.919,120.339,,,,,,,,,,,,,,,,,,
2020-06-23,0.002993332664469388,120.976,120.528,80.0,-0.004756034783478426,120.402,120.39,120.457,120.488,,,,,,,,,,,,
2020-06-24,0.003083183004682039,120.263,120.41,,,,,,,,,,,,,,,,,,
2020-06-25,0.0030328947993724788,120.289,120.292,,,,,,,,,,,,,,,,,,
2020-06-26,0.0029766028340073585,119.917,120.197,,,,,,,,,,,,,,,,,,
2020-06-29,0.0029324193807332205,120.999,121.02,,,,,,,,,,,,,,,,,,
2020-06-30,0.002831761578436993,120.633,121.126,179.0,0.004408627523537302,121.166,121.195,,,,,,,,,,,,,,
2020-07-01,0.0028292449746273,120.377,121.034,120.0,0.004649532856626517,120.938,120.917,120.943,120.994,150.0,0.005773444185949003,121.074,121.091,121.086,121.027,,,,,,
2020-07-02,0.0027825589155778497,121.249,120.781,,,,,,,,,,,,,,,,,,
2020-07-03,0.002733936896934964,120.68,120.889,,,,,,,,,,,,,,,,,,
2020-07-06,0.0026899403591457375,121.67,121.553,,,,,,,,,,,,,,,,,,
2020-07-07,0.002644070912407695,121.634,121.487,,,,,,,,,,,,,,,,,,
2020-07-08,0.0025983305663356206,121.381,121.65,132.0,0.004061570354685571,121.875,121.852,121.824,121.867,,,,,,,,,,,,
2020-07-09,0.0025543440798587095,121.689,121.203,139.0,-0.003977032352460663,121.206,121.212,121.282,121.34,,,,,,,,,,,,
2020-07-10,0.0025262870137981674,120.585,120.825,,,,,,,,,,,,,,,,,,
2020-07-13,0.0026166749127059545,121.421,121.871,173.0,0.003928987464283318,121.899,121.915,121.95,,,,,,,,,,,,,
2020-07-14,0.002531364817515301,122.157,122.27,,,,,,,,,,,,,,,,,,
2020-07-15,0.0025287516673834936,122.261,121.958,,,,,,,,,,,,,,,,,,
2020-07-16,0.00255657509410403,122.209,122.373,,,,,,,,,,,,,,,,,,
2020-07-17,0.002528726968254094,122.444,122.439,,,,,,,,,,,,,,,,,,
2020-07-20,0.0024880824086743127,122.612,122.697,,,,,,,,,,,,,,,,,,
2020-07-21,0.0024207287113588724,122.67,122.786,,,,,,,,,,,,,,,,,,
2020-07-22,0.0023881754349936494,123.858,124.198,,,,,,,,,,,,,,,,,,
2020-07-23,0.002367951209281025,124.026,124.157,,,,,,,,,,,,,,,,,,
2020-07-24,0.002386949582233165,123.251,123.084,,,,,,,,,,,,,,,,,,
2020-07-27,0.002355611508281205,123.67,123.692,,,,,,,,,,,,,,,,,,
2020-07-28,0.002281430234762176,123.338,123.24,,,,,,,,,,,,,,,,,,
2020-07-29,0.002251812637848271,123.244,123.629,172.0,0.0034667694978001555,123.672,123.661,123.753,,,,,,,,,,,,,
2020-07-30,0.002271551795329544,123.55,123.872,99.0,0.003433999940578367,123.975,123.96,123.942,123.826,,,,,,,,,,,,
2020-07-31,0.0022703412153742344,124.195,124.983,77.0,0.0038815026652862933,124.678,124.668,124.645,124.638,107.0,0.004675233039081545,124.777,124.776,124.755,124.862,116.0,0.005964703213547187,124.938,124.971,124.827,124.967
2020-08-03,0.0022431665993262653,124.52,124.657,,,,,,,,,,,,,,,,,,
2020-08-04,0.002231586363436416,124.811,124.561,111.0,-0.0033868411186674455,124.389,124.387,124.364,124.335,,,,,,,,,,,,
2020-08-05,0.002209303859202376,125.341,125.436,,,,,,,,,,,,,,,,,,
2020-08-06,0.002177356414854065,124.912,125.125,,,,,,,,,,,,,,,,,,
2020-08-07,0.002165968884591508,124.832,124.722,,,,,,,,,,,,,,,,,,
2020-08-10,0.0021390300747675677,124.73,124.426,,,,,,,,,,,,,,,,,,
2020-08-11,0.0020817030249665647,124.926,125.369,115.0,0.003140924478747043,125.319,125.343,125.293,125.23,,,,,,,,,,,,
2020-08-12,0.002057442799069571,125.888,126.027,,,,,,,,,,,,,,,,,,
2020-08-13,0.0020638068290133476,126.6,126.342,,,,,,,,,,,,,,,,,,
2020-08-14,0.0021529510395812235,125.968,125.984,,,,,,,,,,,,,,,,,,
2020-08-17,0.002129238512283547,125.982,125.78,,,,,,,,,,,,,,,,,,
2020-08-18,0.002069826469154468,125.549,125.746,61.0,0.0031730027376799456,125.948,125.979,126.027,125.954,,,,,,,,,,,,
2020-08-19,0.0021121840255881354,125.609,125.75,,,,,,,,,,,,,,,,,,
2020-08-20,0.002095291985890104,125.449,125.507,,,,,,,,,,,,,,,,,,
2020-08-21,0.002076097809815533,124.523,124.664,,,,,,,,,,,,,,,,,,
2020-08-24,0.0020529576391082782,125.24,124.971,,,,,,,,,,,,,,,,,,
2020-08-25,0.00205405396278423,125.712,125.733,,,,,,,,,,,,,,,,,,
2020-08-26,0.00203466461901189,125.408,125.368,,,,,,,,,,,,,,,,,,
2020-08-27,0.0020936861474961884,125.313,125.822,,,,,,,,,,,,,,,,,,
2020-08-28,0.002092284911732765,125.491,125.318,,,,,,,,,,,,,,,,,,
2020-08-31,0.00219189074113983,126.479,126.497,,,,,,,,,,,,,,,,,,
2020-09-01,0.0022686318200812925,126.915,126.624,,,,,,,,,,,,,,,,,,
2020-09-02,0.0023349285169680482,125.996,125.689,,,,,,,,,,,,,,,,,,
2020-09-03,0.0023172610568060704,125.743,125.537,,,,,,,,,,,,,,,,,,
2020-09-04,0.002322847007755684,125.764,125.688,,,,,,,,,,,,,,,,,,
2020-09-07,0.00228791742352803,125.582,125.612,,,,,,,,,,,,,,,,,,
2020-09-08,0.0022167970331118877,125.338,124.934,77.0,-0.003508677376811782,124.899,124.957,124.965,124.883,104.0,-0.0044939583216438905,124.776,124.787,124.726,124.831,,,,,,
2020-09-09,0.002196155625711616,124.952,125.462,51.0,0.0035869390932616067,125.401,125.347,125.35,125.315,86.0,0.004654940597525715,125.535,125.487,125.502,125.465,,,,,,
2020-09-10,0.0022282800867830196,125.688,126.162,53.0,0.003518403750292198,126.131,126.17,126.022,126.141,71.0,0.004572307451319414,126.264,126.246,126.21,126.269,109.0,0.006012693913798097,126.446,126.401,126.364,126.415
2020-09-11,0.0022603215847354302,125.823,125.607,,,,,,,,,,,,,,,,,,
2020-09-14,0.0022289214990264344,125.771,125.479,,,,,,,,,,,,,,,,,,
2020-09-15,0.0021623127575611492,125.475,124.993,85.0,-0.003288925204037629,125.063,125.054,125.087,125.105,121.0,-0.004441008281439533,124.919,124.927,124.888,124.798,134.0,-0.005482224515959546,124.789,124.76,124.836,124.821
2020-09-16,0.002134395777035644,124.694,124.194,106.0,-0.003462448781024247,124.263,124.244,124.271,124.2,126.0,-0.004380278901975792,124.149,124.127,124.153,124.051,145.0,-0.005355389485048691,124.028,124.018,123.979,123.981
2020-09-17,0.0021933625530825996,123.402,123.87,,,,,,,,,,,,,,,,,,
2020-09-18,0.0023121134717843297,123.587,123.818,,,,,,,,,,,,,,,,,,
2020-09-21,0.0023177533890439248,122.736,122.893,94.0,0.0035379265636066946,123.171,123.12,122.953,122.942,,,,,,,,,,,,
2020-09-22,0.0022669509757627156,122.767,122.924,,,,,,,,,,,,,,,,,,
2020-09-23,0.0023080435439989345,122.857,123.051,,,,,,,,,,,,,,,,,,
2020-09-24,0.002276528448075767,122.677,122.985,,,,,,,,,,,,,,,,,,
2020-09-25,0.002244763876484185,122.679,122.707,,,,,,,,,,,,,,,,,,
2020-09-28,0.002211254244808535,123.046,122.996,,,,,,,,,,,,,,,,,,
2020-09-29,0.0021606844064141176,123.633,123.814,,,,,,,,,,,,,,,,,,
2020-09-30,0.002174572343231625,123.763,123.801,,,,,,,,,,,,,,,,,,
2020-10-01,0.0022522599274331185,124.064,124.022,,,,,,,,,,,,,,,,,,
2020-10-02,0.002226070126859365,123.307,123.328,,,,,,,,,,,,,,,,,,
2020-10-05,0.002191836628643405,124.261,124.59,,,,,,,,,,,,,,,,,,
2020-10-06,0.0021738119236623214,124.558,124.393,,,,,,,,,,,,,,,,,,
2020-10-07,0.0022158303906790076,124.816,124.68,,,,,,,,,,,,,,,,,,
2020-10-08,0.0022368194088813248,124.65,124.56,,,,,,,,,,,,,,,,,,
2020-10-09,0.002283588044764409,124.994,124.925,,,,,,,,,,,,,,,,,,
2020-10-12,0.0022483771946733145,124.386,124.343,,,,,,,,,,,,,,,,,,
2020-10-13,0.0021880819834860067,124.371,123.87,165.0,-0.0036409078039156754,123.919,123.948,123.969,123.932,,,,,,,,,,,,
2020-10-14,0.0021781798170675696,123.716,123.517,,,,,,,,,,,,,,,,,,
2020-10-15,0.0021808758845503554,123.225,123.302,,,,,,,,,,,,,,,,,,
2020-10-16,0.0021514801804109304,123.532,123.512,,,,,,,,,,,,,,,,,,
2020-10-19,0.0021424939826897604,124.098,124.279,,,,,,,,,,,,,,,,,,
2020-10-20,0.0020874695959404495,124.743,124.82,,,,,,,,,,,,,,,,,,
2020-10-21,0.002126914598477789,124.262,124.131,,,,,,,,,,,,,,,,,,
2020-10-22,0.0021360760052392164,123.758,123.983,,,,,,,,,,,,,,,,,,
2020-10-23,0.002171425518340815,124.112,124.091,,,,,,,,,,,,,,,,,,
2020-10-26,0.002164790168352785,124.061,123.954,,,,,,,,,,,,,,,,,,
2020-10-27,0.0021431519477462034,123.781,123.532,,,,,,,,,,,,,,,,,,
2020-10-28,0.0021230485404199416,122.383,122.568,,,,,,,,,,,,,,,,,,
2020-10-29,0.0022165391819627513,122.166,122.029,,,,,,,,,,,,,,,,,,
2020-10-30,0.0021828079512032222,122.17,121.823,178.0,-0.003616254930037911,121.729,121.77,,,,,,,,,,,,,,
2020-11-02,0.0022179405536388933,121.813,121.907,,,,,,,,,,,,,,,,,,
2020-11-03,0.002156369315381143,122.514,122.363,,,,,,,,,,,,,,,,,,
2020-11-04,0.002130022754357125,122.339,122.494,,,,,,,,,,,,,,,,,,
2020-11-05,0.0021016762517302215,122.739,122.438,,,,,,,,,,,,,,,,,,
2020-11-06,0.002078932572931523,122.784,122.728,,,,,,,,,,,,,,,,,,
2020-11-09,0.0020535205858676873,124.744,124.643,,,,,,,,,,,,,,,,,,
2020-11-10,0.002033971110838597,124.275,124.454,,,,,,,,,,,,,,,,,,
2020-11-11,0.0022184075024229795,124.023,124.28,,,,,,,,,,,,,,,,,,
2020-11-12,0.0021846557733685382,124.231,124.147,,,,,,,,,,,,,,,,,,
2020-11-13,0.0021779968954815346,123.793,123.713,,,,,,,,,,,,,,,,,,
2020-11-16,0.0021451656265750385,123.928,123.776,,,,,,,,,,,,,,,,,,
2020-11-17,0.0020838124647313493,123.745,123.642,,,,,,,,,,,,,,,,,,
2020-11-18,0.0020536004713999096,123.275,123.236,,,,,,,,,,,,,,,,,,
2020-11-19,0.0020466132679590812,123.025,123.007,,,,,,,,,,,,,,,,,,
2020-11-20,0.0020659301395892526,123.177,123.094,,,,,,,,,,,,,,,,,,
2020-11-23,0.002062277862586949,123.419,123.553,,,,,,,,,,,,,,,,,,
2020-11-24,0.002016184695199833,124.075,124.211,,,,,,,,,,,,,,,,,,
2020-11-25,0.0020568366987235337,124.291,124.338,,,,,,,,,,,,,,,,,,
2020-11-26,0.0020568495006163244,124.046,124.192,,,,,,,,,,,,,,,,,,
2020-11-27,0.0020274111731078273,124.339,124.388,,,,,,,,,,,,,,,,,,
2020-12-01,0.0020247553308059404,125.168,125.688,79.0,0.0030870746388915443,125.555,125.551,125.553,125.624,109.0,0.004106028866157133,125.683,125.686,125.771,125.739,,,,,,
2020-12-02,0.0020113622241893668,126.22,126.393,,,,,,,,,,,,,,,,,,
2020-12-03,0.0021847782030555195,126.395,126.176,,,,,,,,,,,,,,,,,,
2020-12-04,0.0021869751626916556,126.357,126.421,,,,,,,,,,,,,,,,,,
2020-12-07,0.0021760215830522608,126.268,126.152,,,,,,,,,,,,,,,,,,
2020-12-08,0.0021150492134297334,126.156,126.114,,,,,,,,,,,,,,,,,,
2020-12-09,0.002087711270700944,126.22,125.945,,,,,,,,,,,,,,,,,,
2020-12-10,0.002066497893716013,126.573,126.394,,,,,,,,,,,,,,,,,,
2020-12-11,0.002037041736872087,126.047,125.892,,,,,,,,,,,,,,,,,,
2020-12-14,0.0020093451345241835,125.993,126.469,171.0,0.0030194144992045095,126.374,126.387,126.388,,,,,,,,,,,,,
2020-12-15,0.0019963014731272633,125.964,126.129,,,,,,,,,,,,,,,,,,
2020-12-16,0.00197533258860661,126.164,126.101,,,,,,,,,,,,,,,,,,
2020-12-17,0.00200751467833231,126.147,126.391,,,,,,,,,,,,,,,,,,
2020-12-18,0.0020114531821453863,126.479,126.441,,,,,,,,,,,,,,,,,,
2020-12-21,0.001996208306203186,126.217,126.495,,,,,,,,,,,,,,,,,,
2020-12-22,0.001984545731599878,126.552,126.16,117.0,-0.0030310128024154644,126.169,126.196,126.182,126.203,,,,,,,,,,,,
2020-12-23,0.001979720585733967,126.073,126.251,,,,,,,,,,,,,,,,,,
2020-12-24,0.0019710544467079166,126.383,126.328,,,,,,,,,,,,,,,,,,
2020-12-28,0.001957457409802929,126.523,126.795,129.0,0.0030383046759920557,126.908,126.922,126.944,126.909,,,,,,,,,,,,
2020-12-29,0.0018942610228434532,127.085,126.777,,,,,,,,,,,,,,,,,,
2020-12-30,0.0019062990412705245,126.712,126.848,,,,,,,,,,,,,,,,,,
2020-12-31,0.0018819804943960127,126.599,126.253,97.0,-0.0029506597102634566,126.226,126.232,126.21,126.331,,,,,,,,,,,,
2021-01-04,0.001861630245983997,126.707,126.427,,,,,,,,,,,,,,,,,,
2021-01-05,0.0018412822711097654,126.214,126.254,,,,,,,,,,,,,,,,,,
2021-01-06,0.0018224419512457397,127.083,126.936,,,,,,,,,,,,,,,,,,
2021-01-07,0.0017974403986400933,127.139,127.415,,,,,,,,,,,,,,,,,,
2021-01-08,0.0018587957087562237,127.203,127.159,,,,,,,,,,,,,,,,,,
2021-01-11,0.0018436068855035715,126.643,126.728,,,,,,,,,,,,,,,,,,
2021-01-12,0.0018187097878684501,126.602,126.686,,,,,,,,,,,,,,,,,,
2021-01-13,0.0018003431086276074,126.319,126.383,,,,,,,,,,,,,,,,,,
2021-01-14,0.0017790230525407762,126.102,126.095,,,,,,,,,,,,,,,,,,
2021-01-15,0.001759866792471955,125.709,125.522,,,,,,,,,,,,,,,,,,
2021-01-18,0.001759914789167145,125.152,125.208,,,,,,,,,,,,,,,,,,
2021-01-19,0.0017907130715959295,126.123,125.932,,,,,,,,,,,,,,,,,,
2021-01-20,0.0018224492806248284,125.615,125.415,,,,,,,,,,,,,,,,,,
2021-01-21,0.0018029403809116957,125.831,125.799,,,,,,,,,,,,,,,,,,
2021-01-22,0.0018339803898158576,126.328,126.312,,,,,,,,,,,,,,,,,,
2021-01-25,0.0018813746372795957,126.055,126.049,,,,,,,,,,,,,,,,,,
2021-01-26,0.0018343015189777993,126.014,126.039,,,,,,,,,,,,,,,,,,
2021-01-27,0.0018508956787534167,125.93,126.095,,,,,,,,,,,,,,,,,,
2021-01-28,0.0018338259674972699,126.621,126.423,,,,,,,,,,,,,,,,,,
2021-01-29,0.0018087493677271932,127.183,127.021,,,,,,,,,,,,,,,,,,
2021-02-01,0.0018013781943404508,126.834,126.701,,,,,,,,,,,,,,,,,,
2021-02-02,0.0018126359253143765,126.479,126.327,,,,,,,,,,,,,,,,,,
2021-02-03,0.0017967551841605825,126.254,126.313,,,,,,,,,,,,,,,,,,
2021-02-04,0.0017892524396473923,126.192,126.116,,,,,,,,,,,,,,,,,,
2021-02-05,0.0017675927116137483,126.864,126.853,,,,,,,,,,,,,,,,,,
2021-02-08,0.0017496293246897921,126.975,126.733,,,,,,,,,,,,,,,,,,
2021-02-09,0.0017903912358245501,126.587,126.589,,,,,,,,,,,,,,,,,,
2021-02-10,0.0017877237143067916,126.906,127.002,,,,,,,,,,,,,,,,,,
2021-02-11,0.0017694642634649709,127.117,127.037,,,,,,,,,,,,,,,,,,
2021-02-12,0.0017470203703274143,126.999,127.213,,,,,,,,,,,,,,,,,,
2021-02-15,0.0017368770267641948,127.774,127.773,,,,,,,,,,,,,,,,,,
2021-02-16,0.0017103396984494645,128.005,128.23,,,,,,,,,,,,,,,,,,
2021-02-17,0.0017725009067140693,127.718,127.419,131.0,-0.0028148381629007394,127.359,127.341,127.325,127.391,,,,,,,,,,,,
2021-02-18,0.001752477078023147,127.655,127.656,,,,,,,,,,,,,,,,,,
2021-02-19,0.0017886392210665434,127.895,127.908,,,,,,,,,,,,,,,,,,
2021-02-22,0.0017764002492505078,127.932,127.801,75.0,-0.002716063614697107,127.585,127.568,127.615,127.624,,,,,,,,,,,,
2021-02-23,0.0017534398545134117,128.0,127.819,,,,,,,,,,,,,,,,,,
2021-02-24,0.001745858924820337,128.599,128.573,,,,,,,,,,,,,,,,,,
2021-02-25,0.0017455683540320839,129.639,129.844,,,,,,,,,,,,,,,,,,
2021-02-26,0.0018173617072135301,128.9,128.771,99.0,0.002734814005751008,129.253,129.256,129.309,129.22,,,,,,,,,,,,
2021-03-01,0.0017938515139834345,128.517,128.584,,,,,,,,,,,,,,,,,,
2021-03-02,0.0017816073015903071,128.625,128.947,,,,,,,,,,,,,,,,,,
2021-03-03,0.001770215370682173,128.818,129.091,98.0,0.002728810785214201,129.17,129.19,129.203,129.179,,,,,,,,,,,,
2021-03-04,0.001846122390395139,129.339,129.282,,,,,,,,,,,,,,,,,,
2021-03-05,0.0018231142016260022,129.232,129.0,88.0,-0.002789575004275917,128.872,128.908,128.898,128.944,,,,,,,,,,,,
2021-03-08,0.0018014844839015173,129.044,129.084,,,,,,,,,,,,,,,,,,
2021-03-09,0.001758285900068726,129.489,129.007,140.0,-0.0027530544567189986,129.133,129.141,129.112,129.152,,,,,,,,,,,,
2021-03-10,0.0017677786091910663,129.161,129.248,,,,,,,,,,,,,,,,,,
2021-03-11,0.0017507173762473778,129.793,129.934,,,,,,,,,,,,,,,,,,
2021-03-12,0.0017383216529972183,130.097,130.238,,,,,,,,,,,,,,,,,,
2021-03-15,0.0017663592612036266,130.174,130.135,,,,,,,,,,,,,,,,,,
2021-03-16,0.0017311361289373602,129.955,129.692,47.0,-0.0027123048859484925,129.603,129.608,129.504,129.56,52.0,-0.0034764679909018623,129.504,129.502,129.546,129.57,,,,,,
2021-03-17,0.0017156190696592175,130.045,130.03,,,,,,,,,,,,,,,,,,
2021-03-18,0.0017277501002641773,130.157,129.982,,,,,,,,,,,,,,,,,,
2021-03-19,0.0017278404035364432,129.54,129.67,,,,,,,,,,,,,,,,,,
2021-03-22,0.0017461612575597797,129.73,129.803,,,,,,,,,,,,,,,,,,
2021-03-23,0.0017142523305959119,129.09,128.935,,,,,,,,,,,,,,,,,,
2021-03-24,0.0017104855860308294,128.63,128.639,,,,,,,,,,,,,,,,,,
2021-03-25,0.0018911973177797956,128.759,128.424,,,,,,,,,,,,,,,,,,
2021-03-26,0.0018670608134628496,129.291,129.339,,,,,,,,,,,,,,,,,,
2021-03-29,0.0018409624542240338,129.147,129.247,,,,,,,,,,,,,,,,,,
2021-03-30,0.0018487125659043938,129.483,129.188,,,,,,,,,,,,,,,,,,
2021-03-31,0.0018349232367048112,129.915,129.9,,,,,,,,,,,,,,,,,,
2021-04-01,0.0018320804905091563,130.011,130.179,,,,,,,,,,,,,,,,,,
2021-04-02,0.0018069879140287896,130.145,130.191,,,,,,,,,,,,,,,,,,
2021-04-05,0.0018350023685587127,129.92,130.009,,,,,,,,,,,,,,,,,,
2021-04-06,0.0017895373489024344,130.25,130.169,77.0,-0.0030603402559643764,129.852,129.895,129.936,129.875,,,,,,,,,,,,
2021-04-07,0.0017715635022604909,130.576,130.371,,,,,,,,,,,,,,,,,,
2021-04-08,0.0017491594347190764,129.715,130.056,,,,,,,,,,,,,,,,,,
2021-04-09,0.0017272777967900171,130.487,130.423,,,,,,,,,,,,,,,,,,
2021-04-12,0.0017109314503420624,130.216,130.282,,,,,,,,,,,,,,,,,,
2021-04-13,0.0017068613392668256,130.158,130.38,,,,,,,,,,,,,,,,,,
2021-04-14,0.0016936870182565997,130.291,130.456,,,,,,,,,,,,,,,,,,
2021-04-15,0.0016856186718328544,130.184,130.135,,,,,,,,,,,,,,,,,,
2021-04-16,0.0016745382221136518,130.353,130.337,,,,,,,,,,,,,,,,,,
2021-04-19,0.0016688868738360567,130.122,130.021,,,,,,,,,,,,,,,,,,
2021-04-20,0.0016851520741476738,130.652,130.167,169.0,-0.0025673561534709324,130.317,130.323,130.262,,,,,,,,,,,,,
2021-04-21,0.0017226696192831788,129.822,130.067,,,,,,,,,,,,,,,,,,
2021-04-22,0.0017497428056207013,130.199,129.912,124.0,-0.00276112604708655,129.84,129.854,129.869,129.725,138.0,-0.003678058932516976,129.721,129.725,129.74,129.799,,,,,,
2021-04-23,0.0017354331113625806,129.97,130.299,,,,,,,,,,,,,,,,,,
2021-04-26,0.0017326208718552681,130.489,130.635,,,,,,,,,,,,,,,,,,
2021-04-27,0.0017651389749875435,130.827,131.114,,,,,,,,,,,,,,,,,,
2021-04-28,0.0017509166689907293,131.491,131.627,,,,,,,,,,,,,,,,,,
2021-04-29,0.0018278974885947924,132.179,131.953,,,,,,,,,,,,,,,,,,
2021-04-30,0.0018156497009132546,131.562,131.551,,,,,,,,,,,,,,,,,,
2021-05-03,0.0017910995198003547,131.863,131.553,132.0,-0.0027186311206890143,131.505,131.541,131.526,131.481,,,,,,,,,,,,
2021-05-04,0.0017872517441530392,131.35,131.387,,,,,,,,,,,,,,,,,,
2021-05-05,0.001764320102343612,131.315,131.143,,,,,,,,,,,,,,,,,,
2021-05-06,0.0017520688563667044,131.545,131.526,,,,,,,,,,,,,,,,,,
2021-05-07,0.001732146685469194,131.786,132.006,,,,,,,,,,,,,,,,,,
2021-05-10,0.0017507413834056962,132.323,132.304,,,,,,,,,,,,,,,,,,
2021-05-11,0.0017344020179276118,132.094,132.048,,,,,,,,,,,,,,,,,,
2021-05-12,0.001713424675511272,131.789,132.226,40.0,0.0029851673100567033,132.183,132.18,132.163,132.35,53.0,0.004021072477493137,132.32,132.387,132.211,132.29,54.0,0.004527292573152118,132.387,132.35,132.218,132.25
2021-05-13,0.0017008728806682909,132.421,132.238,,,,,,,,,,,,,,,,,,
2021-05-14,0.0017064498605345124,132.519,132.768,,,,,,,,,,,,,,,,,,
2021-05-17,0.0016864307343750537,132.647,132.699,,,,,,,,,,,,,,,,,,
2021-05-18,0.0016765089811243057,133.078,133.001,,,,,,,,,,,,,,,,,,
2021-05-19,0.0016599951300087362,133.259,132.838,68.0,-0.0025847768115894658,132.915,132.905,132.88,132.995,132.0,-0.0033901267871900734,132.808,132.834,132.86,132.916,167.0,-0.00420366164080309,132.7,132.731,132.732,
2021-05-20,0.0016617318832990837,132.887,132.967,,,,,,,,,,,,,,,,,,
2021-05-21,0.001654658423340825,132.643,132.658,,,,,,,,,,,,,,,,,,
2021-05-24,0.001645869533634368,132.999,132.851,,,,,,,,,,,,,,,,,,
2021-05-25,0.0016456935779050838,133.44,133.303,,,,,,,,,,,,,,,,,,
2021-05-26,0.0016491285049514586,133.116,133.143,,,,,,,,,,,,,,,,,,
2021-05-27,0.0016437262978872128,133.254,133.929,131.0,0.0024808979929575896,133.585,133.578,133.647,133.606,175.0,0.0036480124353092513,133.741,133.768,133.891,,177.0,0.00438050368564007,133.839,133.882,,
2021-05-28,0.001639481297511662,133.726,133.932,,,,,,,,,,,,,,,,,,
2021-06-01,0.0017556070408033836,133.994,133.943,,,,,,,,,,,,,,,,,,
2021-06-02,0.001692731772060508,133.739,133.854,,,,,,,,,,,,,,,,,,
2021-06-03,0.0016797148261011986,133.8,133.69,,,,,,,,,,,,,,,,,,
2021-06-04,0.001663057620252195,133.348,133.198,,,,,,,,,,,,,,,,,,
2021-06-07,0.0016629381842608012,132.951,133.309,,,,,,,,,,,,,,,,,,
2021-06-08,0.001641225057944387,133.237,133.321,,,,,,,,,,,,,,,,,,
2021-06-09,0.0016237716661751998,133.378,133.553,,,,,,,,,,,,,,,,,,
2021-06-10,0.001608133293760383,133.303,133.301,47.0,0.0024874702828949734,133.635,133.642,133.687,133.636,54.0,0.0032728840680107353,133.74,133.692,133.618,133.639,,,,,,
2021-06-11,0.0015919650104134811,132.922,132.798,,,,,,,,,,,,,,,,,,
2021-06-14,0.0015762160565075056,132.993,133.354,146.0,0.00238074786786938,133.31,133.315,133.333,133.363,,,,,,,,,,,,
2021-06-15,0.0016022032074505432,133.318,133.48,,,,,,,,,,,,,,,,,,
2021-06-16,0.0016621707910535295,133.198,133.151,,,,,,,,,,,,,,,,,,
2021-06-17,0.0016438754568983685,132.122,131.344,63.0,-0.0026905268059813606,131.767,131.764,131.766,131.867,136.0,-0.0033434070939683553,131.681,131.649,131.642,131.656,,,,,,
2021-06-18,0.0017057738480002523,131.18,130.842,152.0,-0.002633438538871328,130.835,130.809,130.827,130.715,161.0,-0.0035663457593297465,130.713,130.72,130.732,130.654,177.0,-0.0043087050417260605,130.616,130.669,,
2021-06-21,0.0019950684984346607,130.928,131.276,121.0,0.003179895386736235,131.345,131.363,131.387,131.329,,,,,,,,,,,,
2021-06-22,0.0019896065771669814,131.443,131.902,,,,,,,,,,,,,,,,,,
2021-06-23,0.0020679514369907953,132.364,132.457,,,,,,,,,,,,,,,,,,
2021-06-24,0.002084632197017637,132.253,132.258,,,,,,,,,,,,,,,,,,
2021-06-25,0.002065505478118164,132.244,132.276,,,,,,,,,,,,,,,,,,
2021-06-28,0.0020321061875285137,132.07,131.914,,,,,,,,,,,,,,,,,,
2021-06-29,0.0019784347254692574,131.518,131.599,,,,,,,,,,,,,,,,,,
2021-06-30,0.001965567964264612,131.46,131.606,,,,,,,,,,,,,,,,,,
2021-07-01,0.0019384104225380894,132.381,132.272,,,,,,,,,,,,,,,,,,
2021-07-02,0.0019099679846239332,131.738,131.855,,,,,,,,,,,,,,,,,,
2021-07-05,0.001920753190738336,131.582,131.599,,,,,,,,,,,,,,,,,,
2021-07-06,0.0018935056964292092,131.017,130.753,,,,,,,,,,,,,,,,,,
2021-07-07,0.0018667361721151263,130.855,130.54,153.0,-0.00290053813527192,130.476,130.463,130.559,130.533,,,,,,,,,,,,
2021-07-08,0.0019744058808864448,129.861,130.022,,,,,,,,,,,,,,,,,,
2021-07-09,0.001956203185269964,130.498,130.694,,,,,,,,,,,,,,,,,,
2021-07-12,0.0019384454808845301,130.462,130.87,103.0,0.002923777273590111,130.844,130.866,130.903,130.909,122.0,0.003924468674380472,130.975,130.946,130.962,130.939,,,,,,
2021-07-13,0.0019401744890124384,130.461,130.386,,,,,,,,,,,,,,,,,,
2021-07-14,0.0019192069024661312,130.367,130.131,,,,,,,,,,,,,,,,,,
2021-07-15,0.001990161517204389,129.894,129.938,,,,,,,,,,,,,,,,,,
2021-07-16,0.0019743361369227684,129.973,130.052,,,,,,,,,,,,,,,,,,
2021-07-19,0.0019444026908276015,129.053,129.197,,,,,,,,,,,,,,,,,,
2021-07-20,0.0018925204822351186,129.155,129.465,78.0,-0.002845591837306822,128.788,128.784,128.795,128.657,91.0,-0.004003201696716212,128.639,128.609,128.792,128.891,,,,,,
2021-07-21,0.0019096156418327592,129.59,130.053,105.0,0.002889562989918523,129.965,129.983,130.007,129.938,146.0,0.0038970190181585058,130.096,130.074,130.079,130.129,,,,,,
2021-07-22,0.0018857570565981368,130.015,129.553,,,,,,,,,,,,,,,,,,
2021-07-23,0.0018940813673964027,130.027,129.977,,,,,,,,,,,,,,,,,,
2021-07-26,0.0018673312431043087,130.034,130.266,,,,,,,,,,,,,,,,,,
2021-07-27,0.0018327488710915914,129.947,129.694,,,,,,,,,,,,,,,,,,
2021-07-28,0.0018136296425187973,129.976,129.963,,,,,,,,,,,,,,,,,,
2021-07-29,0.001802869927243007,130.416,130.223,,,,,,,,,,,,,,,,,,
2021-07-30,0.0017960069898020254,130.353,130.139,,,,,,,,,,,,,,,,,,
2021-08-02,0.00177258486615782,130.188,129.671,140.0,-0.002668934664822081,129.841,129.827,129.842,129.78,,,,,,,,,,,,
2021-08-03,0.0017282782916084114,129.794,129.373,72.0,-0.002661597062738973,129.449,129.431,129.365,129.409,98.0,-0.003774623449700593,129.305,129.285,129.27,129.191,108.0,-0.004494111947647804,129.212,129.197,129.191,129.264
2021-08-04,0.0017612504455310385,129.331,129.593,133.0,0.0027488454405935124,129.687,129.711,129.737,129.693,164.0,0.003719943782803868,129.813,129.765,129.751,129.758,,,,,,
2021-08-05,0.0017450084392277739,129.745,129.93,,,,,,,,,,,,,,,,,,
2021-08-06,0.0017425033624032641,129.605,129.651,,,,,,,,,,,,,,,,,,
2021-08-09,0.001721269700344009,129.515,129.533,,,,,,,,,,,,,,,,,,
2021-08-10,0.0016911824234429828,129.509,129.576,,,,,,,,,,,,,,,,,,
2021-08-11,0.0016727901761600895,129.674,129.639,,,,,,,,,,,,,,,,,,
2021-08-12,0.001660770269266714,129.625,129.523,,,,,,,,,,,,,,,,,,
2021-08-13,0.0016456313652951082,129.637,129.475,,,,,,,,,,,,,,,,,,
2021-08-16,0.001627634706967653,128.71,128.67,,,,,,,,,,,,,,,,,,
2021-08-17,0.001626032214256727,128.57,128.377,,,,,,,,,,,,,,,,,,
2021-08-18,0.0016376329234026074,128.65,128.639,,,,,,,,,,,,,,,,,,
2021-08-19,0.0016303505550638404,128.162,128.327,,,,,,,,,,,,,,,,,,
2021-08-20,0.0016206774386235084,127.993,128.317,95.0,0.002450254834943869,128.307,128.262,128.195,128.261,,,,,,,,,,,,
2021-08-23,0.0016476609060648644,129.051,128.794,,,,,,,,,,,,,,,,,,
2021-08-24,0.001637425667500683,128.764,128.829,,,,,,,,,,,,,,,,,,
2021-08-25,0.0016242912721011026,129.0,129.364,155.0,0.0024620828640596125,129.318,129.351,129.342,129.354,,,,,,,,,,,,
2021-08-26,0.0016074410737815172,129.569,129.467,,,,,,,,,,,,,,,,,,
2021-08-27,0.0016397969322858252,129.56,129.537,,,,,,,,,,,,,,,,,,
2021-08-30,0.001624896120076909,129.638,129.63,,,,,,,,,,,,,,,,,,
2021-08-31,0.001604167577552923,130.03,129.854,111.0,-0.002587363412272833,129.694,129.686,129.709,129.648,150.0,-0.0032275362036543495,129.611,129.637,129.62,129.644,,,,,,
2021-09-01,0.0015895513749782392,130.4,130.399,,,,,,,,,,,,,,,,,,
2021-09-02,0.0015990967873731677,130.324,130.474,,,,,,,,,,,,,,,,,,
2021-09-03,0.0015845540568364626,130.537,130.299,174.0,-0.002477460605784078,130.214,130.227,130.286,,,,,,,,,,,,,
2021-09-06,0.0016212044041762983,130.29,130.341,,,,,,,,,,,,,,,,,,
2021-09-07,0.001625701733429615,130.512,130.534,,,,,,,,,,,,,,,,,,
2021-09-08,0.0016085428454593956,130.383,130.365,,,,,,,,,,,,,,,,,,
2021-09-09,0.0016024082668565714,130.086,129.818,109.0,-0.0027712363585400755,129.726,129.759,129.771,129.792,,,,,,,,,,,,
2021-09-10,0.001613665803526237,130.024,129.948,,,,,,,,,,,,,,,,,,
2021-09-13,0.001620176038377745,129.603,129.833,,,,,,,,,,,,,,,,,,
2021-09-14,0.001589013204460046,130.024,129.663,144.0,-0.002433278578808679,129.708,129.675,129.717,129.651,162.0,-0.003374295409145631,129.586,129.602,129.616,129.666,,,,,,
2021-09-15,0.0015879835984629693,129.134,129.2,,,,,,,,,,,,,,,,,,
2021-09-16,0.0016503237426432336,128.743,129.017,91.0,0.00251348024184281,129.067,129.059,129.054,129.028,,,,,,,,,,,,
2021-09-17,0.0016474072395542294,129.642,129.003,105.0,-0.0025641831838278378,129.31,129.315,129.273,129.313,134.0,-0.0033223391991318817,129.212,129.224,129.218,129.182,170.0,-0.004174015892219033,129.102,129.08,129.082,
2021-09-20,0.001632370918021407,128.188,128.394,,,,,,,,,,,,,,,,,,
2021-09-21,0.0016301051351631307,128.464,128.193,82.0,-0.002455060018137205,128.149,128.158,128.207,128.227,170.0,-0.0033528557947854606,128.034,128.062,128.059,,,,,,,
2021-09-22,0.0016162214472473424,128.446,128.642,,,,,,,,,,,,,,,,,,
2021-09-23,0.0016129009840134807,128.888,129.274,105.0,0.0027118555627585845,129.238,129.238,129.205,129.192,129.0,0.003299745056468937,129.314,129.32,129.349,129.268,,,,,,
2021-09-24,0.0016036753376151237,129.476,129.694,,,,,,,,,,,,,,,,,,
2021-09-27,0.0017916834906068996,129.788,129.833,,,,,,,,,,,,,,,,,,
2021-09-28,0.0017492134668013802,130.243,130.054,,,,,,,,,,,,,,,,,,
2021-09-29,0.0017493470965407596,129.778,129.872,,,,,,,,,,,,,,,,,,
2021-09-30,0.0017328752068968122,129.642,129.093,176.0,-0.002773005542500497,129.283,129.314,,,,,,,,,,,,,,
2021-10-01,0.0017346107895300602,128.927,128.662,164.0,-0.0026484115311991015,128.586,128.574,128.597,128.666,,,,,,,,,,,,
2021-10-04,0.001886684871920021,129.227,128.916,175.0,-0.0029837003717671966,128.842,128.84,128.839,,,,,,,,,,,,,
2021-10-05,0.0018353290090596945,128.987,129.329,,,,,,,,,,,,,,,,,,
2021-10-06,0.0018134684550059445,128.462,128.555,,,,,,,,,,,,,,,,,,
2021-10-07,0.0018206129148674195,128.734,128.886,,,,,,,,,,,,,,,,,,
2021-10-08,0.0018511553375146767,129.22,129.766,153.0,0.0028206583489378246,129.585,129.588,129.593,129.63,,,,,,,,,,,,
2021-10-11,0.001850259735495487,130.643,131.212,114.0,0.0028205097905614346,131.012,130.992,130.933,131.041,164.0,0.003728411265513491,131.131,131.126,131.173,131.105,,,,,,
2021-10-12,0.0018802380045040276,130.997,131.204,,,,,,,,,,,,,,,,,,
2021-10-13,0.0019236574269738493,131.3,131.274,,,,,,,,,,,,,,,,,,
2021-10-14,0.0018964236228869674,131.603,131.658,,,,,,,,,,,,,,,,,,
2021-10-15,0.0019190532518470523,132.631,132.515,,,,,,,,,,,,,,,,,,
2021-10-18,0.0019532707561662277,132.598,132.617,,,,,,,,,,,,,,,,,,
2021-10-19,0.0019098050891630566,133.142,132.919,,,,,,,,,,,,,,,,,,
2021-10-20,0.0019371007035778648,132.957,133.016,,,,,,,,,,,,,,,,,,
2021-10-21,0.0019238401023187373,132.86,132.42,90.0,-0.0031360276583479794,132.444,132.473,132.402,132.417,,,,,,,,,,,,
2021-10-22,0.0018955774820737302,132.459,132.079,,,,,,,,,,,,,,,,,,
2021-10-25,0.0019427395276440493,131.973,132.005,,,,,,,,,,,,,,,,,,
2021-10-26,0.0019424244812607163,132.395,132.353,,,,,,,,,,,,,,,,,,
2021-10-27,0.0019319041081224929,131.903,131.936,,,,,,,,,,,,,,,,,,
2021-10-28,0.001904012721395434,131.753,132.482,46.0,0.0036063103990707905,132.229,132.15,132.106,132.316,61.0,0.004264043511671083,132.316,132.236,132.228,132.164,131.0,0.004815600919734048,132.389,132.424,132.42,132.421
2021-10-29,0.0018983100034531972,132.608,131.704,123.0,-0.0028999536997899827,132.224,132.225,132.066,132.027,128.0,-0.004095610128886611,132.066,132.061,132.08,132.08,171.0,-0.005178988708953927,131.923,131.882,131.87,
2021-11-01,0.0019556886658768763,132.165,132.359,,,,,,,,,,,,,,,,,,
2021-11-02,0.0020028001192706306,132.061,131.858,,,,,,,,,,,,,,,,,,
2021-11-03,0.0019808618152302774,131.863,132.129,,,,,,,,,,,,,,,,,,
2021-11-04,0.0019688483984071554,131.68,131.299,93.0,-0.002973736738079249,131.289,131.264,131.233,131.222,102.0,-0.0041702874617776655,131.132,131.154,131.22,131.1,,,,,,
2021-11-05,0.0019863389802480154,131.132,131.101,,,,,,,,,,,,,,,,,,
2021-11-08,0.002132657817600315,131.134,131.196,,,,,,,,,,,,,,,,,,
2021-11-09,0.0020671734532651635,130.895,130.797,,,,,,,,,,,,,,,,,,
2021-11-10,0.0020658484117213097,131.137,131.15,,,,,,,,,,,,,,,,,,
2021-11-11,0.0020342161666170606,130.471,130.635,,,,,,,,,,,,,,,,,,
2021-11-12,0.0020032898405292075,130.432,130.409,,,,,,,,,,,,,,,,,,
2021-11-15,0.001973639661768992,130.333,129.869,,,,,,,,,,,,,,,,,,
2021-11-16,0.0019399793571955848,130.012,129.842,,,,,,,,,,,,,,,,,,
2021-11-17,0.0019481347506106175,129.665,129.074,,,,,,,,,,,,,,,,,,
2021-11-18,0.0019238175638855205,129.609,129.912,,,,,,,,,,,,,,,,,,
2021-11-19,0.0019482028509439557,128.478,128.773,17.0,0.003186126736550729,128.888,128.94,128.936,128.858,24.0,0.004070224665322555,129.002,128.973,128.926,128.811,,,,,,
2021-11-22,0.001979846999199868,128.799,129.169,135.0,0.0030698412442884985,129.195,129.205,129.237,129.265,159.0,0.004036903192274137,129.32,129.307,129.29,129.145,,,,,,
2021-11-23,0.002126751626102299,129.38,129.411,,,,,,,,,,,,,,,,,,
2021-11-24,0.0021392386075909874,129.049,129.224,,,,,,,,,,,,,,,,,,
2021-11-25,0.002104419419772414,129.393,129.308,,,,,,,,,,,,,,,,,,
2021-11-26,0.0020716062570683012,128.578,127.885,61.0,-0.0031626121784215752,128.172,128.179,128.175,128.06,73.0,-0.00423206003158294,128.035,128.017,128.113,128.279,,,,,,
2021-11-29,0.0020966328227396036,128.145,128.196,,,,,,,,,,,,,,,,,,
2021-11-30,0.002064972680992879,128.165,127.897,118.0,-0.0032276117533011706,127.752,127.822,127.874,127.987,,,,,,,,,,,,
2021-12-01,0.0020396049406019253,128.28,127.683,156.0,-0.0031777909491787024,127.873,127.875,127.844,127.796,174.0,-0.004343688959548197,127.724,127.777,127.759,,,,,,,
2021-12-02,0.0020210295325357973,127.865,127.903,,,,,,,,,,,,,,,,,,
2021-12-03,0.0020430205666066045,128.253,127.611,85.0,-0.003084602482474554,127.858,127.862,127.827,127.703,95.0,-0.004101872686717062,127.728,127.691,127.703,127.635,111.0,-0.005143690400198973,127.595,127.629,127.675,127.738
2021-12-06,0.002013270083182026,127.922,127.989,,,,,,,,,,,,,,,,,,
2021-12-07,0.001969733074854351,127.859,127.861,,,,,,,,,,,,,,,,,,
2021-12-08,0.002016513919755533,128.86,128.994,,,,,,,,,,,,,,,,,,
2021-12-09,0.001986375083951293,128.296,128.182,,,,,,,,,,,,,,,,,,
2021-12-10,0.0020093340492069625,128.183,128.315,,,,,,,,,,,,,,,,,,
2021-12-13,0.002018791513163174,128.241,128.139,,,,,,,,,,,,,,,,,,
2021-12-14,0.0019575021620119224,128.391,128.119,,,,,,,,,,,,,,,,,,
2021-12-15,0.0019301579296467622,128.32,128.27,,,,,,,,,,,,,,,,,,
2021-12-16,0.0019016423048840172,129.544,128.593,11.0,-0.0028680005898551082,129.173,129.201,129.185,129.166,38.0,-0.0039059075192721202,129.039,129.025,128.911,128.864,43.0,-0.0048983479961551574,128.911,128.932,128.946,128.739
2021-12-17,0.0019305798448936732,128.148,128.056,,,,,,,,,,,,,,,,,,
2021-12-20,0.0019013610197690552,128.205,128.082,,,,,,,,,,,,,,,,,,
2021-12-21,0.002001785971417522,128.447,128.663,,,,,,,,,,,,,,,,,,
2021-12-22,0.002012477461929557,129.168,129.4,,,,,,,,,,,,,,,,,,
2021-12-23,0.0020084197175711744,129.174,129.715,,,,,,,,,,,,,,,,,,
2021-12-24,0.00205995203314948,129.477,129.375,,,,,,,,,,,,,,,,,,
2021-12-27,0.0020292146650121826,129.803,130.136,,,,,,,,,,,,,,,,,,
2021-12-28,0.0019758835755652737,129.887,129.757,,,,,,,,,,,,,,,,,,
2021-12-29,0.001988875470548613,130.122,130.406,107.0,0.0033068026680475432,130.553,130.559,130.509,130.444,,,,,,,,,,,,
2021-12-30,0.001967560841741002,130.152,130.306,,,,,,,,,,,,,,,,,,
2021-12-31,0.001977376711372225,130.608,130.957,,,,,,,,,,,,,,,,,,
2022-01-03,0.0019494271558041982,130.704,130.129,83.0,-0.002988301881274717,130.314,130.325,130.276,130.261,114.0,-0.003947983801203813,130.189,130.2,130.185,130.22,,,,,,
2022-01-04,0.0018327290191357591,131.143,131.199,,,,,,,,,,,,,,,,,,
2022-01-05,0.001807243569828381,131.131,131.515,,,,,,,,,,,,,,,,,,
2022-01-06,0.0017839926232900575,130.954,130.796,,,,,,,,,,,,,,,,,,
2022-01-07,0.0017585508606552682,130.917,131.305,95.0,0.002647027836586394,131.264,131.265,131.263,131.193,,,,,,,,,,,,
2022-01-10,0.0017350129659403784,130.369,130.405,,,,,,,,,,,,,,,,,,
2022-01-11,0.0016957346774945721,130.943,131.086,,,,,,,,,,,,,,,,,,
2022-01-12,0.0017192626129113012,131.42,131.075,131.0,-0.0026286230111253143,131.075,131.115,131.078,131.064,,,,,,,,,,,,
2022-01-13,0.0017335775856759503,131.072,130.745,95.0,-0.0029645951509951834,130.684,130.721,130.733,130.671,,,,,,,,,,,,
2022-01-14,0.0017118213157194925,129.859,130.11,,,,,,,,,,,,,,,,,,
2022-01-17,0.0017397772799444835,130.589,130.822,,,,,,,,,,,,,,,,,,
2022-01-18,0.0017094084136481229,130.423,129.738,62.0,-0.002641056114387263,130.079,130.081,130.089,130.212,112.0,-0.003456277730606339,129.973,129.974,129.928,129.936,144.0,-0.004387673929950424,129.852,129.849,129.85,129.912
2022-01-19,0.0016980768664330553,129.895,129.661,,,,,,,,,,,,,,,,,,
2022-01-20,0.0019378179277003934,129.455,129.266,,,,,,,,,,,,,,,,,,
2022-01-21,0.0019173424592493393,129.045,128.943,,,,,,,,,,,,,,,,,,
2022-01-24,0.002032353005285552,128.465,128.854,91.0,0.0035433199715159394,128.921,128.923,128.989,128.941,96.0,0.004070635714028515,128.989,129.019,128.992,128.883,,,,,,
2022-01-25,0.001971184572234003,128.426,128.497,,,,,,,,,,,,,,,,,,
2022-01-26,0.0019643559007766565,128.97,129.063,,,,,,,,,,,,,,,,,,
2022-01-27,0.0019349466947470749,128.683,128.501,,,,,,,,,,,,,,,,,,
2022-01-28,0.0019061406297590823,128.797,128.504,,,,,,,,,,,,,,,,,,
2022-01-31,0.001877101752796649,129.014,129.162,,,,,,,,,,,,,,,,,,
2022-02-01,0.0018654155625937865,129.208,128.96,,,,,,,,,,,,,,,,,,
2022-02-02,0.0018496809141570582,129.431,129.315,,,,,,,,,,,,,,,,,,
2022-02-03,0.0018259829117389325,130.65,131.41,79.0,0.002858520561210812,131.024,130.997,131.042,131.029,101.0,0.003682457500360438,131.132,131.114,131.167,131.174,139.0,0.004886624979397415,131.29,131.318,131.303,131.387
2022-02-04,0.001797067865773286,131.884,132.011,,,,,,,,,,,,,,,,,,
2022-02-07,0.002442225998154492,131.666,131.482,,,,,,,,,,,,,,,,,,
2022-02-08,0.0023606044549468862,131.682,131.996,,,,,,,,,,,,,,,,,,
2022-02-09,0.0023206019209471556,132.034,132.04,,,,,,,,,,,,,,,,,,
2022-02-10,0.002282259954552938,132.49,133.029,115.0,0.0035562022319048647,132.962,132.98,132.951,133.028,132.0,0.0046085807041584765,133.102,133.045,133.065,133.11,,,,,,
2022-02-11,0.0022476734729200425,132.031,132.068,,,,,,,,,,,,,,,,,,
2022-02-14,0.0022093911151177055,130.71,130.755,,,,,,,,,,,,,,,,,,
2022-02-15,0.0022919411517349072,131.297,131.365,,,,,,,,,,,,,,,,,,
2022-02-16,0.0022747404160355167,131.174,131.318,,,,,,,,,,,,,,,,,,
2022-02-17,0.002283251963393141,130.601,130.702,,,,,,,,,,,,,,,,,,
2022-02-18,0.002278215389057587,130.605,130.298,,,,,,,,,,,,,,,,,,
2022-02-21,0.0022421683483136714,130.097,130.197,,,,,,,,,,,,,,,,,,
2022-02-22,0.0022576466813628102,130.536,130.252,,,,,,,,,,,,,,,,,,
2022-02-23,0.002347227395880782,130.537,130.177,,,,,,,,,,,,,,,,,,
2022-02-24,0.0023587267080165744,128.296,128.808,133.0,0.0037110701596732862,128.773,128.741,128.656,128.639,,,,,,,,,,,,
2022-02-25,0.00251262340428336,129.822,130.13,,,,,,,,,,,,,,,,,,
2022-02-28,0.0024788163873955675,129.303,128.969,,,,,,,,,,,,,,,,,,
2022-03-01,0.0026646579740229616,128.232,127.558,144.0,-0.004282661792000848,127.684,127.695,127.728,127.595,178.0,-0.005364039478384455,127.546,127.566,,,,,,,,
2022-03-02,0.0026188111414957617,128.087,128.338,152.0,0.004168149730372492,128.622,128.727,128.461,128.381,,,,,,,,,,,,
2022-03-03,0.002664814495402228,128.241,127.704,129.0,-0.0040083032464282445,127.728,127.769,127.612,127.78,,,,,,,,,,,,
2022-03-04,0.002633149930787728,125.879,125.405,91.0,-0.004171415969421596,125.355,125.354,125.393,125.299,151.0,-0.005360747250534721,125.206,125.193,125.155,125.227,,,,,,
2022-03-07,0.002682789308910583,125.644,125.487,,,,,,,,,,,,,,,,,,
2022-03-08,0.002956146965120038,126.216,126.504,78.0,-0.004558131914110978,125.642,125.776,125.741,125.647,,,,,,,,,,,,
2022-03-09,0.0029236611939040496,127.427,128.447,125.0,0.004775633039008841,128.037,128.088,128.088,128.115,144.0,0.006125892954516076,128.21,128.215,128.336,128.411,155.0,0.007341907072929,128.366,128.355,128.357,128.329
2022-03-10,0.00295170418459252,128.42,127.625,39.0,-0.00485524999719093,127.798,127.849,127.859,127.985,91.0,-0.0063665872699447896,127.605,127.602,127.554,127.722,94.0,-0.007699711683192177,127.435,127.509,127.618,127.744
2022-03-11,0.0032238033850248006,128.608,127.904,99.0,-0.004934085923143707,127.975,128.035,128.049,128.195,,,,,,,,,,,,
2022-03-14,0.0031672249546772914,129.178,129.491,,,,,,,,,,,,,,,,,,
2022-03-15,0.003077450143931444,129.66,129.571,,,,,,,,,,,,,,,,,,
2022-03-16,0.0031861981994437045,130.017,130.427,,,,,,,,,,,,,,,,,,
2022-03-17,0.003130690487586064,131.234,131.826,,,,,,,,,,,,,,,,,,
2022-03-18,0.003212473871036163,131.354,131.773,,,,,,,,,,,,,,,,,,
2022-03-21,0.0031863488255477576,131.562,131.696,,,,,,,,,,,,,,,,,,
2022-03-22,0.0030694816282472877,132.829,132.939,,,,,,,,,,,,,,,,,,
2022-03-23,0.003016689165970496,132.663,133.212,,,,,,,,,,,,,,,,,,
2022-03-24,0.003159592358427448,133.618,134.438,166.0,0.004986871299923722,134.286,134.304,134.349,,,,,,,,,,,,,
2022-03-25,0.003112310346583926,133.956,134.053,39.0,0.00469201209334791,134.586,134.574,134.476,134.564,,,,,,,,,,,,
2022-03-28,0.0031208527468997316,136.0,135.275,44.0,-0.004894310563061188,135.336,135.336,135.241,135.478,,,,,,,,,,,,
2022-03-29,0.00303958060173881,136.914,136.163,41.0,-0.004861557948988412,136.25,136.116,136.315,136.438,115.0,-0.006190881475101423,136.069,136.053,136.105,135.899,123.0,-0.007735408274455147,135.859,135.805,135.911,135.99
2022-03-30,0.0030534088395032513,135.559,136.137,178.0,0.00493032331965394,136.229,136.196,,,,,,,,,,,,,,
2022-03-31,0.0029993706500733605,135.007,134.75,,,,,,,,,,,,,,,,,,
2022-04-01,0.0030148397285314566,135.288,135.362,,,,,,,,,,,,,,,,,,
2022-04-04,0.003001234021622446,135.029,134.876,,,,,,,,,,,,,,,,,,
2022-04-05,0.002905980194308073,134.793,134.883,,,,,,,,,,,,,,,,,,
2022-04-06,0.0029450635445442347,135.287,135.009,,,,,,,,,,,,,,,,,,
2022-04-07,0.002913423180551678,135.267,134.942,,,,,,,,,,,,,,,,,,
2022-04-08,0.0028605244169911948,134.896,135.168,,,,,,,,,,,,,,,,,,
2022-04-11,0.002821731334592701,137.101,136.52,101.0,-0.004239431541938226,136.521,136.537,136.54,136.622,,,,,,,,,,,,
2022-04-12,0.0027858163943654665,136.269,135.915,,,,,,,,,,,,,,,,,,
2022-04-13,0.0027595568709081124,136.327,136.473,,,,,,,,,,,,,,,,,,
2022-04-14,0.00271804283542421,136.224,135.958,102.0,-0.004333135350247123,135.635,135.628,135.748,135.7,,,,,,,,,,,,
2022-04-15,0.0026983317237621774,136.786,136.531,,,,,,,,,,,,,,,,,,
2022-04-18,0.002651530639103303,136.795,136.731,,,,,,,,,,,,,,,,,,
2022-04-19,0.002560026895262003,138.437,138.685,117.0,0.004001029022781168,138.992,139.037,138.96,138.911,,,,,,,,,,,,
2022-04-20,0.002571021051403489,138.488,138.693,,,,,,,,,,,,,,,,,,
2022-04-21,0.0027459118545686842,139.522,139.408,,,,,,,,,,,,,,,,,,
2022-04-22,0.0026969644080664643,138.8,138.974,,,,,,,,,,,,,,,,,,
2022-04-25,0.0026514244192197283,137.736,136.62,97.0,-0.004095906551585467,137.173,137.197,137.205,137.076,108.0,-0.005737517741746966,136.948,136.994,137.074,136.963,,,,,,
2022-04-26,0.0026131879249435535,136.153,135.767,159.0,-0.003966638383089346,135.614,135.617,135.455,135.437,163.0,-0.005235748995552138,135.442,135.455,135.466,135.432,,,,,,
2022-04-27,0.002694950880070103,135.472,135.497,129.0,-0.004179324743362618,134.907,134.93,134.853,135.06,,,,,,,,,,,,
2022-04-28,0.0027766152767913616,137.373,137.513,,,,,,,,,,,,,,,,,,
2022-04-29,0.0027332689872292385,137.103,136.812,,,,,,,,,,,,,,,,,,
2022-05-02,0.0029517177528734077,136.657,137.013,,,,,,,,,,,,,,,,,,
2022-05-03,0.002868667614306975,136.964,137.026,,,,,,,,,,,,,,,,,,
2022-05-04,0.0028225241131227524,136.778,137.02,,,,,,,,,,,,,,,,,,
2022-05-05,0.002774759822129761,137.135,136.984,,,,,,,,,,,,,,,,,,
2022-05-06,0.0027283770316540758,137.764,137.809,,,,,,,,,,,,,,,,,,
2022-05-09,0.0026949872800502528,138.171,137.602,153.0,-0.004133855588790403,137.601,137.605,137.464,137.401,159.0,-0.005450118900556609,137.42,137.393,137.389,137.477,,,,,,
2022-05-10,0.0026037763203134463,137.268,137.118,,,,,,,,,,,,,,,,,,
2022-05-11,0.0025683820798164496,136.922,137.184,41.0,0.004103399621565045,137.485,137.486,137.474,137.507,67.0,0.0053028109634922745,137.65,137.611,137.572,137.594,,,,,,
2022-05-12,0.002550178162043421,133.69,132.907,92.0,-0.004084927073666146,133.145,133.112,132.789,133.025,94.0,-0.005219672572844382,132.994,133.041,132.84,132.988,97.0,-0.006762284708702673,132.789,132.697,132.845,132.871
2022-05-13,0.002566581842342202,134.0,134.529,,,,,,,,,,,,,,,,,,
2022-05-16,0.0031037845829874496,134.88,134.58,168.0,-0.004845647663856287,134.228,134.204,134.206,,,,,,,,,,,,,
2022-05-17,0.003033583869643131,136.318,136.203,,,,,,,,,,,,,,,,,,
2022-05-18,0.003018201716160417,135.713,134.531,152.0,-0.004904686263916,135.049,135.061,134.999,134.988,,,,,,,,,,,,
2022-05-19,0.0030685662320773773,134.573,135.101,55.0,-0.004677534802269933,133.945,134.044,134.103,134.239,,,,,,,,,,,,
2022-05-20,0.003090331644991584,135.365,135.022,,,,,,,,,,,,,,,,,,
2022-05-23,0.003034817344337656,135.983,136.334,,,,,,,,,,,,,,,,,,
2022-05-24,0.0029301920801690605,136.522,135.998,92.0,-0.004750428357975669,135.875,135.843,135.773,135.831,130.0,-0.005862361874358148,135.724,135.721,135.67,135.71,,,,,,
2022-05-25,0.0030373420073755942,135.31,135.685,151.0,0.0053070073697857045,136.03,136.001,136.008,135.886,,,,,,,,,,,,
2022-05-26,0.0029887978169953885,136.002,136.485,,,,,,,,,,,,,,,,,,
2022-05-27,0.0029394518371010717,135.9,136.144,,,,,,,,,,,,,,,,,,
2022-05-30,0.0028860085177984064,137.197,137.489,,,,,,,,,,,,,,,,,,
2022-05-31,0.002783134438597858,137.357,137.911,171.0,0.0044311501948021735,137.967,137.912,137.808,,,,,,,,,,,,,
2022-06-01,0.0028732060821546235,138.675,138.475,,,,,,,,,,,,,,,,,,
2022-06-02,0.002840872117345655,138.682,139.348,,,,,,,,,,,,,,,,,,
2022-06-03,0.002796112513613354,139.65,140.289,114.0,0.004223078829570667,140.241,140.255,140.203,140.21,,,,,,,,,,,,
2022-06-06,0.0028314820615816735,140.187,140.726,171.0,0.004533638121410251,140.824,140.773,140.758,,,,,,,,,,,,,
2022-06-07,0.002754194174896661,141.639,141.758,,,,,,,,,,,,,,,,,,
2022-06-08,0.0028805817431515816,143.807,143.979,,,,,,,,,,,,,,,,,,
2022-06-09,0.002857077196242972,143.474,142.876,102.0,-0.004449714129371926,142.837,142.88,142.893,142.873,129.0,-0.0061313642240273004,142.597,142.597,142.681,142.735,,,,,,
2022-06-10,0.0030268740191040137,141.613,141.196,55.0,-0.004657294451997559,140.955,140.912,141.001,141.138,,,,,,,,,,,,
2022-06-13,0.0031186947248624803,140.473,139.913,99.0,-0.005331937442596768,139.726,139.632,139.785,139.585,114.0,-0.006341564789728349,139.585,139.481,139.491,139.765,,,,,,
2022-06-14,0.0031031227652607686,140.499,140.485,,,,,,,,,,,,,,,,,,
2022-06-15,0.0032104894481276795,140.675,139.712,,,,,,,,,,,,,,,,,,
2022-06-16,0.003257281273144166,137.965,138.657,66.0,0.0053493458967128335,138.705,138.718,138.628,138.858,80.0,0.006617421545947299,138.881,138.858,138.888,138.826,157.0,0.008193069128398314,139.1,139.182,139.145,139.233
2022-06-17,0.003231747740910248,141.229,141.496,,,,,,,,,,,,,,,,,,
2022-06-20,0.0031753496912482458,142.034,142.248,,,,,,,,,,,,,,,,,,
2022-06-21,0.003110548693547398,143.687,143.687,,,,,,,,,,,,,,,,,,
2022-06-22,0.003068526890167498,142.977,144.002,145.0,0.004605505429511442,143.637,143.66,143.733,143.997,155.0,0.006358390834829751,143.889,143.878,143.997,143.953,,,,,,
2022-06-23,0.0030578660842374723,142.386,141.5,58.0,-0.00460372912022555,141.732,141.755,141.857,141.869,111.0,-0.006249029617425318,141.499,141.458,141.583,141.736,,,,,,
2022-06-24,0.0030025077766485993,142.224,142.529,,,,,,,,,,,,,,,,,,
2022-06-27,0.003022402923237661,143.178,143.394,,,,,,,,,,,,,,,,,,
2022-06-28,0.0029445290079120317,143.846,143.475,145.0,-0.004508011605868136,143.199,143.192,143.185,143.13,,,,,,,,,,,,
2022-06-29,0.0029206327666958655,143.63,143.005,,,,,,,,,,,,,,,,,,
2022-06-30,0.002871513041653704,141.643,142.035,,,,,,,,,,,,,,,,,,
2022-07-01,0.002840277058330828,141.117,140.603,123.0,-0.005179315675649802,140.388,140.456,140.278,140.05,127.0,-0.005756454579074211,140.307,140.278,140.152,140.136,133.0,-0.007661237442649635,140.04,140.034,140.05,139.997
2022-07-04,0.00289170909727286,141.448,141.495,,,,,,,,,,,,,,,,,,
2022-07-05,0.0028194256558801336,140.009,139.227,86.0,-0.004373555236146055,139.398,139.472,139.354,139.417,125.0,-0.005873984468019279,139.189,139.237,139.259,139.388,,,,,,
2022-07-06,0.0028676390597587994,137.802,137.973,,,,,,,,,,,,,,,,,,
2022-07-07,0.003546708832567846,138.259,138.137,,,,,,,,,,,,,,,,,,
2022-07-08,0.003483067039615656,137.955,138.573,,,,,,,,,,,,,,,,,,
2022-07-11,0.0034508756604699686,138.561,138.51,,,,,,,,,,,,,,,,,,
2022-07-12,0.003372063163138042,137.352,137.609,,,,,,,,,,,,,,,,,,
2022-07-13,0.0034792149423431037,137.995,138.444,176.0,0.005629258024660968,138.774,138.693,,,,,,,,,,,,,,
2022-07-14,0.00341605965099069,138.957,139.317,,,,,,,,,,,,,,,,,,
2022-07-15,0.0033829687432748203,139.439,139.795,,,,,,,,,,,,,,,,,,
2022-07-18,0.003399163385900351,140.263,140.43,,,,,,,,,,,,,,,,,,
2022-07-19,0.0032775230551606413,140.988,141.218,,,,,,,,,,,,,,,,,,
2022-07-20,0.0032246606807505096,140.746,141.162,,,,,,,,,,,,,,,,,,
2022-07-21,0.003308296420786172,141.401,140.687,19.0,0.005170449030794712,142.134,142.244,142.089,142.137,177.0,-0.006648597389397104,140.464,140.472,,,,,,,,
2022-07-22,0.0032521436032515298,139.301,139.176,,,,,,,,,,,,,,,,,,
2022-07-25,0.003255567580806492,139.761,139.597,,,,,,,,,,,,,,,,,,
2022-07-26,0.0032536483181286706,138.481,138.161,,,,,,,,,,,,,,,,,,
2022-07-27,0.0032237026997658006,138.82,138.78,,,,,,,,,,,,,,,,,,
2022-07-28,0.0032022252880758795,137.309,136.648,93.0,-0.005096389535433896,136.611,136.596,136.684,136.573,116.0,-0.006722763520299707,136.389,136.44,136.61,136.689,,,,,,
2022-07-29,0.003192143728773193,136.242,135.97,,,,,,,,,,,,,,,,,,
2022-08-01,0.003240756085561147,135.474,135.336,,,,,,,,,,,,,,,,,,
2022-08-02,0.0031872004422135963,133.968,134.916,,,,,,,,,,,,,,,,,,
2022-08-03,0.0032571123534589287,135.992,136.102,,,,,,,,,,,,,,,,,,
2022-08-04,0.003312844945391473,136.047,136.222,,,,,,,,,,,,,,,,,,
2022-08-05,0.0032662992950188404,136.253,137.627,47.0,0.005569658738550001,137.014,136.973,136.856,136.917,113.0,0.006569056994366315,137.151,137.154,137.233,137.549,121.0,0.008186402278511862,137.373,137.342,137.496,137.624
2022-08-08,0.003218320228760581,137.46,137.506,,,,,,,,,,,,,,,,,,
2022-08-09,0.0031754529519546285,138.046,137.996,,,,,,,,,,,,,,,,,,
2022-08-10,0.0031194488488402684,138.298,137.056,30.0,-0.006871084065566457,137.351,137.275,137.521,137.386,30.0,-0.006871084065566457,137.351,137.275,137.521,137.386,96.0,-0.007920042851715594,137.207,137.163,137.176,137.196
2022-08-11,0.0030847265021890133,136.622,137.153,158.0,0.004637092568958975,137.257,137.198,137.109,137.166,,,,,,,,,,,,
2022-08-12,0.0030960797398020203,137.61,137.009,166.0,-0.004902631228946967,136.937,136.967,136.992,,,,,,,,,,,,,
2022-08-15,0.0030635741010515954,135.73,135.603,,,,,,,,,,,,,,,,,,
2022-08-16,0.0029962769337515192,136.097,136.693,92.0,0.004515971165949906,136.713,136.759,136.732,136.813,,,,,,,,,,,,
2022-08-17,0.0030158427146993743,137.361,137.636,,,,,,,,,,,,,,,,,,
2022-08-18,0.0030170695722429646,137.17,136.808,,,,,,,,,,,,,,,,,,
2022-08-19,0.0030131679472815806,137.737,137.534,,,,,,,,,,,,,,,,,,
2022-08-22,0.0029579742399404993,137.014,136.675,,,,,,,,,,,,,,,,,,
2022-08-23,0.002868788660713494,136.295,136.016,95.0,0.004575159418130974,136.92,136.982,137.015,136.678,,,,,,,,,,,,
2022-08-24,0.0029747933788767337,135.726,136.488,170.0,0.00471163305062683,136.367,136.48,136.544,,174.0,0.0061478990066842765,136.563,136.544,136.624,,,,,,,
2022-08-25,0.002934577930567009,136.1,136.256,,,,,,,,,,,,,,,,,,
2022-08-26,0.0028961649956783576,136.995,137.007,91.0,0.004668090375855344,137.636,137.7,137.585,137.644,127.0,0.006461070650688441,137.883,137.91,137.646,137.712,,,,,,
2022-08-29,0.002851627154401101,138.505,138.714,,,,,,,,,,,,,,,,,,
2022-08-30,0.002821376940591489,138.566,139.012,,,,,,,,,,,,,,,,,,
2022-08-31,0.0028480239425391534,138.791,139.556,177.0,0.004306555269950635,139.39,139.405,,,,,,,,,,,,,,
2022-09-01,0.0028103728987120885,139.276,139.245,,,,,,,,,,,,,,,,,,
2022-09-02,0.002827497920760118,140.31,140.434,,,,,,,,,,,,,,,,,,
2022-09-05,0.0027822060058932943,139.319,139.484,,,,,,,,,,,,,,,,,,
2022-09-06,0.0027024437929257547,140.843,141.691,,,,,,,,,,,,,,,,,,
2022-09-07,0.0027064282500022865,143.212,143.55,,,,,,,,,,,,,,,,,,
2022-09-08,0.003000766834201642,143.718,143.466,,,,,,,,,,,,,,,,,,
2022-09-09,0.0032146099696688966,143.208,143.104,,,,,,,,,,,,,,,,,,
2022-09-12,0.003181268663035641,144.634,144.266,,,,,,,,,,,,,,,,,,
2022-09-13,0.0032303558474498614,144.589,144.213,,,,,,,,,,,,,,,,,,
2022-09-14,0.00318283636222221,143.222,142.793,139.0,-0.005067909488891105,142.498,142.497,142.36,142.367,157.0,-0.006395124253581614,142.309,142.341,142.372,142.489,,,,,,
2022-09-15,0.00312883879829176,143.337,143.42,,,,,,,,,,,,,,,,,,
2022-09-16,0.003176752936713058,142.67,143.176,176.0,0.00505484134244881,143.393,143.36,,,,,,,,,,,,,,
2022-09-19,0.003131602458143681,143.413,143.365,,,,,,,,,,,,,,,,,,
2022-09-20,0.00302113228468654,143.414,143.565,,,,,,,,,,,,,,,,,,
2022-09-21,0.0029794404323927855,142.761,142.389,,,,,,,,,,,,,,,,,,
2022-09-22,0.002930117366670007,139.547,139.911,16.0,-0.004812812783928849,138.877,139.059,139.152,139.028,,,,,,,,,,,,
2022-09-23,0.00299341143266196,139.242,139.103,,,,,,,,,,,,,,,,,,
2022-09-26,0.0033486966346754398,138.954,138.99,,,,,,,,,,,,,,,,,,
2022-09-27,0.003260860315499173,139.278,139.101,,,,,,,,,,,,,,,,,,
2022-09-28,0.0032003620897943564,138.525,139.601,178.0,0.005105156195592391,139.234,139.25,,,,,,,,,,,,,,
2022-09-29,0.003225789900212872,140.728,141.151,,,,,,,,,,,,,,,,,,
2022-09-30,0.0033426368955497415,141.017,141.522,173.0,0.005064555476093892,141.733,141.758,141.792,,,,,,,,,,,,,
2022-10-03,0.0035796399613819197,141.412,141.73,,,,,,,,,,,,,,,,,,
2022-10-04,0.003448994348259555,143.221,143.978,,,,,,,,,,,,,,,,,,
2022-10-05,0.0033885397642414283,143.132,142.737,,,,,,,,,,,,,,,,,,
2022-10-06,0.00344375399824466,142.706,142.093,,,,,,,,,,,,,,,,,,
2022-10-07,0.0033876079587950823,141.9,142.007,,,,,,,,,,,,,,,,,,
2022-10-10,0.0034182135943860437,141.109,141.335,,,,,,,,,,,,,,,,,,
2022-10-11,0.0033150841233042043,141.562,141.951,,,,,,,,,,,,,,,,,,
2022-10-12,0.003274765281093537,142.347,142.35,,,,,,,,,,,,,,,,,,
2022-10-13,0.0032399723179461354,142.932,143.903,30.0,-0.006823664908468313,141.96,141.991,142.027,142.227,30.0,-0.006823664908468313,141.96,141.991,142.027,142.227,,,,,,
2022-10-14,0.003203276724952299,143.613,144.596,56.0,0.0048346521327542035,144.309,144.369,144.32,144.727,64.0,0.006773053143994307,144.589,144.605,144.638,144.547,,,,,,
2022-10-17,0.003355134249839345,144.919,146.34,134.0,0.005141364113718256,145.666,145.669,145.607,145.711,170.0,0.006719073470280635,145.896,145.891,145.989,,,,,,,
2022-10-18,0.003243129865861006,146.544,146.853,,,,,,,,,,,,,,,,,,
2022-10-19,0.0033405202650074435,146.314,146.398,,,,,,,,,,,,,,,,,,
2022-10-20,0.00329513995702389,146.986,147.068,,,,,,,,,,,,,,,,,,
2022-10-21,0.003254645413483903,147.656,144.166,169.0,-0.005167198164122574,146.895,146.665,146.403,,170.0,-0.006734169461723326,146.665,146.802,146.713,,173.0,-0.009150750835460382,146.311,146.403,146.898,
2022-10-24,0.003210246478578895,146.542,146.851,,,,,,,,,,,,,,,,,,
2022-10-25,0.003268055870715477,146.891,147.218,,,,,,,,,,,,,,,,,,
2022-10-26,0.0032328205133737623,147.375,147.535,,,,,,,,,,,,,,,,,,
2022-10-27,0.0031836141749461205,147.398,145.73,27.0,-0.004930792012080714,146.673,146.647,146.785,146.874,65.0,-0.006397713208092843,146.458,146.392,146.182,145.917,70.0,-0.00828399042128974,146.182,146.011,145.912,146.004
2022-10-28,0.0031388109908878524,146.832,146.721,,,,,,,,,,,,,,,,,,
2022-10-31,0.003173472496586283,147.371,146.751,,,,,,,,,,,,,,,,,,
2022-11-01,0.003118661505247101,146.198,146.13,,,,,,,,,,,,,,,,,,
2022-11-02,0.003073585819466375,145.746,145.163,120.0,-0.00484202494911436,145.042,145.071,145.149,145.222,,,,,,,,,,,,
2022-11-03,0.0030836253076571107,144.578,144.506,,,,,,,,,,,,,,,,,,
2022-11-04,0.0031207093849532257,144.975,145.904,85.0,0.004693228906886647,145.657,145.641,145.507,145.66,,,,,,,,,,,,
2022-11-07,0.0030636241002058853,146.192,146.843,,,,,,,,,,,,,,,,,,
2022-11-08,0.0030669439900323603,146.345,146.792,,,,,,,,,,,,,,,,,,
2022-11-09,0.0030259520287195737,146.847,146.58,,,,,,,,,,,,,,,,,,
2022-11-10,0.002973650264109795,145.402,144.123,37.0,-0.0046876593815154246,144.722,144.299,144.457,144.259,38.0,-0.0076147844141192834,144.299,144.415,144.422,144.263,38.0,-0.0076147844141192834,144.299,144.415,144.422,144.263
2022-11-11,0.002919688830222095,143.706,143.484,,,,,,,,,,,,,,,,,,
2022-11-14,0.0031736436356233043,144.886,144.898,,,,,,,,,,,,,,,,,,
2022-11-15,0.00309876071931568,144.665,144.682,,,,,,,,,,,,,,,,,,
2022-11-16,0.003137498308657385,145.185,144.715,,,,,,,,,,,,,,,,,,
2022-11-17,0.003079511742338037,144.894,145.177,,,,,,,,,,,,,,,,,,
2022-11-18,0.00302566526539989,145.031,144.895,,,,,,,,,,,,,,,,,,
2022-11-21,0.0029749833247129545,145.205,145.393,,,,,,,,,,,,,,,,,,
2022-11-22,0.0028867665407865694,145.139,145.404,,,,,,,,,,,,,,,,,,
2022-11-23,0.002901440528911959,145.753,144.905,90.0,-0.0043730946028766055,145.117,145.09,145.145,145.085,126.0,-0.005938574376534375,144.89,144.893,144.75,144.835,149.0,-0.007444297096970604,144.672,144.708,144.766,144.647
2022-11-24,0.002869149568171689,144.154,144.062,,,,,,,,,,,,,,,,,,
2022-11-25,0.002886923801297339,144.564,144.74,,,,,,,,,,,,,,,,,,
2022-11-28,0.0028646192258621533,144.954,143.921,105.0,-0.0043626074716190625,144.323,144.315,144.283,144.293,139.0,-0.005881189588315238,144.104,144.079,144.113,144.151,,,,,,
2022-11-29,0.0028403459550021986,143.097,143.157,,,,,,,,,,,,,,,,,,
2022-11-30,0.0027998667676174802,144.417,143.772,117.0,-0.0042675946650525196,143.802,143.661,143.717,143.727,121.0,-0.005645436681742374,143.604,143.717,143.709,143.757,,,,,,
2022-12-01,0.0027628892681761234,142.936,142.328,175.0,-0.004164364994325264,142.342,142.337,142.284,,,,,,,,,,,,,
2022-12-02,0.002765755903927907,141.671,141.729,,,,,,,,,,,,,,,,,,
2022-12-05,0.0027372875743256766,143.319,143.444,,,,,,,,,,,,,,,,,,
2022-12-06,0.002719430265340242,143.42,143.43,,,,,,,,,,,,,,,,,,
2022-12-07,0.0028360004460732556,144.062,143.382,71.0,-0.004619781402244674,143.398,143.405,143.684,143.747,,,,,,,,,,,,
2022-12-08,0.0027882621441281995,143.819,144.025,,,,,,,,,,,,,,,,,,
2022-12-09,0.002738164365984385,143.384,143.905,66.0,0.004175836362296649,143.984,143.974,144.046,143.917,,,,,,,,,,,,
2022-12-12,0.002689815636605664,144.811,144.895,,,,,,,,,,,,,,,,,,
2022-12-13,0.002597886487919261,143.825,143.656,,,,,,,,,,,,,,,,,,
2022-12-14,0.0026530170143828956,143.674,143.873,,,,,,,,,,,,,,,,,,
2022-12-15,0.002705730675333888,145.294,146.399,9.0,0.004066218941437022,145.886,145.895,145.95,146.124,13.0,0.005422522879189221,146.084,145.95,146.096,146.167,50.0,0.0067769897479125814,146.282,146.357,146.285,146.42
2022-12-16,0.002679710232967689,145.717,144.723,90.0,-0.004194983182673019,145.107,145.073,145.076,145.033,114.0,-0.005381018447651261,144.935,144.94,145.058,145.095,,,,,,
2022-12-19,0.002801573556139703,145.001,145.312,,,,,,,,,,,,,,,,,,
2022-12-20,0.0028257144662754818,140.4,139.239,119.0,-0.004354195108673651,139.79,139.757,139.838,139.378,131.0,-0.006294698887920035,139.519,139.417,139.424,139.543,133.0,-0.007097779317994108,139.407,139.378,139.486,139.573
2022-12-21,0.00338718204005988,140.609,140.266,,,,,,,,,,,,,,,,,,
2022-12-22,0.0034140838089203995,140.487,140.159,,,,,,,,,,,,,,,,,,
2022-12-23,0.003350285421082502,140.886,141.109,,,,,,,,,,,,,,,,,,
2022-12-26,0.003301038095794215,141.244,141.225,,,,,,,,,,,,,,,,,,
2022-12-27,0.0031835093374974407,141.877,142.003,,,,,,,,,,,,,,,,,,
2022-12-28,0.0031511665935277777,142.384,142.608,,,,,,,,,,,,,,,,,,
2022-12-29,0.003173189616715966,141.879,142.095,,,,,,,,,,,,,,,,,,
2022-12-30,0.0031381383151061286,140.702,140.312,,,,,,,,,,,,,,,,,,
2023-01-02,0.0031061153142883393,139.533,139.412,,,,,,,,,,,,,,,,,,
2023-01-03,0.0030741965384411475,137.987,137.921,,,,,,,,,,,,,,,,,,
2023-01-04,0.0032474752831821987,138.7,140.578,74.0,0.005643741277484635,139.485,139.526,139.521,139.523,107.0,0.006718547915777047,139.635,139.665,139.856,139.9,112.0,0.008299994517346213,139.856,139.845,140.013,139.897
2023-01-05,0.003194268816131654,141.059,140.272,,,,,,,,,,,,,,,,,,
2023-01-06,0.0033932776171855753,140.587,140.567,,,,,,,,,,,,,,,,,,
2023-01-09,0.003356660831360357,141.361,141.644,,,,,,,,,,,,,,,,,,
2023-01-10,0.003246064219751384,141.796,141.917,,,,,,,,,,,,,,,,,,
2023-01-11,0.0032528988460460294,142.662,142.409,,,,,,,,,,,,,,,,,,
2023-01-12,0.0032059579907837803,140.408,140.164,,,,,,,,,,,,,,,,,,
2023-01-13,0.003162171524118805,138.4,138.277,,,,,,,,,,,,,,,,,,
2023-01-16,0.0032580948860747704,138.919,139.149,,,,,,,,,,,,,,,,,,
2023-01-17,0.0033084418904833187,139.538,138.285,101.0,-0.005166039288058333,138.819,138.85,138.709,138.665,117.0,-0.007495521256670835,138.496,138.474,138.4,138.363,120.0,-0.008405708919284842,138.37,138.361,138.413,138.39
2023-01-18,0.0032853194083604428,139.126,139.058,,,,,,,,,,,,,,,,,,
2023-01-19,0.003515952163455091,138.77,139.034,,,,,,,,,,,,,,,,,,
2023-01-20,0.004059414207544839,141.111,140.606,,,,,,,,,,,,,,,,,,
2023-01-23,0.0041078504477686205,141.691,141.91,,,,,,,,,,,,,,,,,,
2023-01-24,0.004009433738452544,141.771,141.511,,,,,,,,,,,,,,,,,,
2023-01-25,0.003950093908175852,141.286,141.292,,,,,,,,,,,,,,,,,,
2023-01-26,0.0038875788279391127,141.537,141.559,,,,,,,,,,,,,,,,,,
2023-01-27,0.0038827333621402702,140.912,141.142,,,,,,,,,,,,,,,,,,
2023-01-30,0.0038147740387376237,141.647,141.603,,,,,,,,,,,,,,,,,,
2023-01-31,0.003684938063852126,140.913,141.474,,,,,,,,,,,,,,,,,,
2023-02-01,0.003634111230991864,141.036,140.991,,,,,,,,,,,,,,,,,,
2023-02-02,0.003570436529156164,140.513,140.173,,,,,,,,,,,,,,,,,,
2023-02-03,0.003504909393681831,140.909,141.833,60.0,0.006310374305914862,141.801,141.797,141.789,141.872,79.0,0.0074310358248724905,141.96,141.975,142.091,142.13,85.0,0.008986601861202209,142.181,142.203,142.122,142.25
2023-02-06,0.0035827002146743055,142.606,142.219,,,,,,,,,,,,,,,,,,
2023-02-07,0.0036105317074415226,141.071,140.46,118.0,-0.00553021696319528,140.293,140.331,140.377,140.416,,,,,,,,,,,,
2023-02-08,0.0035481640695294962,140.839,140.809,,,,,,,,,,,,,,,,,,
2023-02-09,0.003568109214059725,140.761,140.955,,,,,,,,,,,,,,,,,,
2023-02-10,0.003508181758464402,139.808,140.274,,,,,,,,,,,,,,,,,,
2023-02-13,0.0034465064857794997,141.79,142.08,,,,,,,,,,,,,,,,,,
2023-02-14,0.003413051161798211,142.284,142.704,,,,,,,,,,,,,,,,,,
2023-02-15,0.0033854913405933825,143.07,143.217,,,,,,,,,,,,,,,,,,
2023-02-16,0.003377933318041932,143.379,143.187,,,,,,,,,,,,,,,,,,
2023-02-17,0.0033424805825087163,143.262,143.377,,,,,,,,,,,,,,,,,,
2023-02-20,0.00328342953913699,143.205,143.431,,,,,,,,,,,,,,,,,,
2023-02-21,0.003173218589965207,143.676,143.712,,,,,,,,,,,,,,,,,,
2023-02-22,0.0031174966730402516,143.304,143.191,,,,,,,,,,,,,,,,,,
2023-02-23,0.0030775405454774615,143.02,142.699,,,,,,,,,,,,,,,,,,
2023-02-24,0.003051477937630668,143.421,143.903,,,,,,,,,,,,,,,,,,
2023-02-27,0.0030112872389778554,143.984,144.37,,,,,,,,,,,,,,,,,,
2023-02-28,0.002990175435632393,145.329,144.026,113.0,-0.005243235490612067,144.569,144.521,144.42,144.245,117.0,-0.006731521571576886,144.354,144.42,144.245,144.245,180.0,-0.007486894980236414,144.245,,,
2023-03-01,0.0029563448850883326,145.23,144.984,,,,,,,,,,,,,,,,,,
2023-03-02,0.0029061744496575075,145.073,144.883,,,,,,,,,,,,,,,,,,
2023-03-03,0.0029046508147340835,144.381,144.606,,,,,,,,,,,,,,,,,,
2023-03-06,0.0028593639028516747,144.968,145.355,,,,,,,,,,,,,,,,,,
2023-03-07,0.0027868899883476037,145.009,144.616,,,,,,,,,,,,,,,,,,
2023-03-08,0.0028146621465199935,144.38,144.675,,,,,,,,,,,,,,,,,,
2023-03-09,0.0027701914513699687,143.885,144.081,,,,,,,,,,,,,,,,,,
2023-03-10,0.002777429054294956,143.862,143.937,,,,,,,,,,,,,,,,,,
2023-03-13,0.002737769676200573,141.84,142.906,121.0,0.00416503106749126,142.432,142.554,142.444,142.423,158.0,0.005694415893556474,142.65,142.593,142.626,142.748,174.0,0.007081466112783955,142.848,142.846,142.899,
2023-03-14,0.002731964438257593,144.249,144.043,,,,,,,,,,,,,,,,,,
2023-03-15,0.002707290730002785,140.011,139.926,,,,,,,,,,,,,,,,,,
2023-03-16,0.002747918074188029,140.223,141.694,180.0,0.007566347893325401,141.288,,,,180.0,0.007566347893325401,141.288,,,,180.0,0.007566347893325401,141.288,,,
2023-03-17,0.003566340368834335,140.563,141.031,,,,,,,,,,,,,,,,,,
2023-03-20,0.003566511263152944,140.723,141.168,,,,,,,,,,,,,,,,,,
2023-03-21,0.0035256978011251276,142.56,142.576,,,,,,,,,,,,,,,,,,
2023-03-22,0.003464666928124373,143.141,143.162,,,,,,,,,,,,,,,,,,
2023-03-23,0.003624286706886922,142.756,142.474,,,,,,,,,,,,,,,,,,
2023-03-24,0.0035603130627743502,139.872,140.642,,,,,,,,,,,,,,,,,,
2023-03-27,0.0035883698559616845,141.589,141.866,,,,,,,,,,,,,,,,,,
2023-03-28,0.003474092790791032,141.671,142.009,,,,,,,,,,,,,,,,,,
2023-03-29,0.003427170336392385,143.498,143.666,,,,,,,,,,,,,,,,,,
2023-03-30,0.0034847205751959614,144.915,144.627,,,,,,,,,,,,,,,,,,
2023-03-31,0.0034699098960368916,144.918,144.323,,,,,,,,,,,,,,,,,,
2023-04-03,0.003495646649477588,144.638,144.14,,,,,,,,,,,,,,,,,,
2023-04-04,0.0034253785809017744,144.998,144.099,,,,,,,,,,,,,,,,,,
2023-04-05,0.003394429348798627,143.448,142.71,177.0,-0.0053051634717301045,142.689,142.739,,,,,,,,,,,,,,
2023-04-06,0.0033368827463074644,143.488,143.834,,,,,,,,,,,,,,,,,,
2023-04-10,0.0034301413752259756,144.702,144.961,,,,,,,,,,,,,,,,,,
2023-04-11,0.0033976829228369062,145.317,145.663,,,,,,,,,,,,,,,,,,
2023-04-12,0.0033571140250225765,145.857,146.314,,,,,,,,,,,,,,,,,,
2023-04-13,0.003361870488570687,146.377,146.312,,,,,,,,,,,,,,,,,,
2023-04-14,0.0033065190960155613,146.729,146.839,,,,,,,,,,,,,,,,,,
2023-04-17,0.0032484412116359366,146.872,146.788,,,,,,,,,,,,,,,,,,
2023-04-18,0.0031503661232038264,146.876,146.937,,,,,,,,,,,,,,,,,,
2023-04-19,0.0030955862748731295,147.101,147.642,,,,,,,,,,,,,,,,,,
2023-04-20,0.003047577537974571,147.511,147.104,,,,,,,,,,,,,,,,,,
2023-04-21,0.0029983788964612333,146.869,147.318,,,,,,,,,,,,,,,,,,
2023-04-24,0.002986585376572679,148.27,148.196,,,,,,,,,,,,,,,,,,
2023-04-25,0.0029016504057526008,147.865,146.977,120.0,-0.004636573452105228,147.181,147.155,147.392,147.063,154.0,-0.005941941282025098,146.989,146.962,146.961,146.954,,,,,,
2023-04-26,0.0028927107321898397,147.815,147.239,,,,,,,,,,,,,,,,,,
2023-04-27,0.003053208187711395,147.455,147.642,,,,,,,,,,,,,,,,,,
2023-04-28,0.0030527250156023394,149.366,150.04,180.0,0.0058010649963785585,150.235,,,,,,,,,,,,,,,
2023-05-01,0.002998564728254815,150.716,150.792,,,,,,,,,,,,,,,,,,
2023-05-02,0.003240764367874313,150.638,150.112,175.0,-0.004911202466069792,149.9,149.904,,,,,,,,,,,,,,
2023-05-03,0.003188615609347016,149.609,149.508,,,,,,,,,,,,,,,,,,
2023-05-04,0.0031874539633158067,148.426,147.295,137.0,-0.0049439517155313,147.694,147.628,147.623,147.721,172.0,-0.006638074870074432,147.444,147.444,147.169,,177.0,-0.008504931253656022,147.169,147.244,,
2023-05-05,0.003188246139838284,147.793,148.692,,,,,,,,,,,,,,,,,,
2023-05-08,0.0032097866820086805,149.171,148.565,,,,,,,,,,,,,,,,,,
2023-05-09,0.003122298041962882,148.039,148.026,,,,,,,,,,,,,,,,,,
2023-05-10,0.003073916322906512,147.703,147.517,,,,,,,,,,,,,,,,,,
2023-05-11,0.0030205553652366546,146.277,146.771,,,,,,,,,,,,,,,,,,
2023-05-12,0.003028775860674806,147.007,147.228,,,,,,,,,,,,,,,,,,
2023-05-15,0.002984995336283847,147.857,147.958,,,,,,,,,,,,,,,,,,
2023-05-16,0.0028932601416778747,147.885,148.429,,,,,,,,,,,,,,,,,,
2023-05-17,0.0028517227828362135,148.334,148.934,,,,,,,,,,,,,,,,,,
2023-05-18,0.002814456072327323,149.043,149.233,,,,,,,,,,,,,,,,,,
2023-05-19,0.0028002468469115792,149.607,148.951,,,,,,,,,,,,,,,,,,
2023-05-22,0.002752656709422741,149.56,149.818,,,,,,,,,,,,,,,,,,
2023-05-23,0.0026665976847710894,149.165,149.441,,,,,,,,,,,,,,,,,,
2023-05-24,0.002686497249734721,149.209,149.696,,,,,,,,,,,,,,,,,,
2023-05-25,0.0026845339100329663,149.709,149.938,,,,,,,,,,,,,,,,,,
2023-05-26,0.0026794680297344306,150.491,150.544,,,,,,,,,,,,,,,,,,
2023-05-29,0.0026357391840347894,150.222,150.301,,,,,,,,,,,,,,,,,,
2023-05-30,0.0025900821701844347,150.039,149.922,,,,,,,,,,,,,,,,,,
2023-05-31,0.0025771747954468293,149.323,148.904,,,,,,,,,,,,,,,,,,
2023-06-01,0.002555017583222352,149.264,149.142,,,,,,,,,,,,,,,,,,
2023-06-02,0.002534838310378679,149.671,149.864,,,,,,,,,,,,,,,,,,
2023-06-05,0.0024981073837377662,149.956,149.587,120.0,-0.003861911566176088,149.378,149.431,149.348,149.267,,,,,,,,,,,,
2023-06-06,0.002435678365851622,149.083,149.403,,,,,,,,,,,,,,,,,,
2023-06-07,0.0024063367869415044,149.338,149.61,,,,,,,,,,,,,,,,,,
2023-06-08,0.0024094040076535236,149.785,149.672,,,,,,,,,,,,,,,,,,
2023-06-09,0.0024326137447901585,150.169,149.796,,,,,,,,,,,,,,,,,,
2023-06-12,0.0024020803614286067,149.87,150.144,,,,,,,,,,,,,,,,,,
2023-06-13,0.0023323851513891193,150.485,151.061,180.0,0.0035290018117339855,151.017,,,,,,,,,,,,,,,
2023-06-14,0.002306130271508321,151.22,151.289,,,,,,,,,,,,,,,,,,
2023-06-15,0.002341129718902096,152.801,153.598,,,,,,,,,,,,,,,,,,
2023-06-16,0.00242794164775755,154.49,154.928,,,,,,,,,,,,,,,,,,
2023-06-19,0.002511662482178404,154.994,154.983,,,,,,,,,,,,,,,,,,
2023-06-20,0.0025483206398356603,154.513,154.211,,,,,,,,,,,,,,,,,,
2023-06-21,0.0025165403070981133,154.936,155.597,144.0,0.0038007917894132123,155.526,155.514,155.521,155.714,160.0,0.0051180314315199,155.731,155.697,155.605,155.594,,,,,,
2023-06-22,0.0024790938122153296,156.209,156.512,,,,,,,,,,,,,,,,,,
2023-06-23,0.002535302656212119,155.861,156.533,151.0,0.0038677583868400155,156.465,156.422,156.411,156.34,,,,,,,,,,,,
2023-06-26,0.002534231455704443,156.267,156.604,,,,,,,,,,,,,,,,,,
2023-06-27,0.002452124421507833,157.099,157.832,154.0,0.003729534001953839,157.686,157.694,157.736,157.715,,,,,,,,,,,,
2023-06-28,0.0024136721113291624,157.729,157.287,,,,,,,,,,,,,,,,,,
2023-06-29,0.002435297908292594,157.792,157.494,,,,,,,,,,,,,,,,,,
2023-06-30,0.0024033017095644003,157.677,157.744,,,,,,,,,,,,,,,,,,
2023-07-03,0.0023643562346284024,157.483,157.761,,,,,,,,,,,,,,,,,,
2023-07-04,0.0022986060325923905,157.372,157.422,,,,,,,,,,,,,,,,,,
2023-07-05,0.002263045263400743,157.089,157.078,,,,,,,,,,,,,,,,,,
2023-07-06,0.0022439831216059815,156.795,156.657,,,,,,,,,,,,,,,,,,
2023-07-07,0.0022530461639487837,156.005,155.912,,,,,,,,,,,,,,,,,,
2023-07-10,0.002223389989550182,155.877,155.574,105.0,-0.0033930359710205786,155.349,155.341,155.348,155.499,,,,,,,,,,,,
2023-07-11,0.0022500962129581993,154.3,154.459,,,,,,,,,,,,,,,,,,
2023-07-12,0.0024009209039606103,154.044,153.729,,,,,,,,,,,,,,,,,,
2023-07-13,0.0024285717246494204,154.711,154.641,,,,,,,,,,,,,,,,,,
2023-07-14,0.0023998851754592617,155.843,155.893,,,,,,,,,,,,,,,,,,
2023-07-17,0.0023641405469174395,155.451,156.085,54.0,0.004108601089410607,156.091,156.128,156.082,156.071,93.0,0.005088318458504843,156.244,156.211,156.217,156.152,,,,,,
2023-07-18,0.002392903291032525,155.285,155.762,124.0,0.0039847091510544965,155.905,155.926,156.018,155.864,127.0,0.005036078913321885,156.069,156.024,155.951,155.804,,,,,,
2023-07-19,0.002362127063992708,156.804,156.428,180.0,-0.003660936572377917,156.231,,,,,,,,,,,,,,,
2023-07-20,0.0023355337993968108,156.354,156.322,,,,,,,,,,,,,,,,,,
2023-07-21,0.00229812267876111,157.351,157.613,,,,,,,,,,,,,,,,,,
2023-07-24,0.0022613664547440292,156.375,156.476,,,,,,,,,,,,,,,,,,
2023-07-25,0.0023567615965746935,156.122,155.879,,,,,,,,,,,,,,,,,,
2023-07-26,0.0023737234590598356,155.281,155.537,,,,,,,,,,,,,,,,,,
2023-07-27,0.002372548632328273,155.583,155.085,93.0,-0.0038123005595606897,154.991,154.955,154.957,154.883,104.0,-0.004838693138282388,154.832,154.86,154.909,154.945,,,,,,
2023-07-28,0.0023709621221666105,153.327,155.305,32.0,0.003665165861603483,153.89,154.05,153.867,154.101,46.0,0.005002889204351767,154.096,154.101,154.031,154.741,120.0,0.009179855939417399,154.741,154.854,154.728,154.801
2023-07-31,0.002656035517752114,156.791,156.652,,,,,,,,,,,,,,,,,,
2023-08-01,0.002971109075687383,156.92,157.224,,,,,,,,,,,,,,,,,,
2023-08-02,0.0029336061749699,156.787,156.68,,,,,,,,,,,,,,,,,,
2023-08-03,0.002913429007625294,156.287,155.905,177.0,-0.004553274675251191,155.577,155.587,,,,,,,,,,,,,,
2023-08-04,0.0028906581852901053,156.117,156.477,,,,,,,,,,,,,,,,,,
2023-08-07,0.002863496862774938,156.171,156.7,,,,,,,,,,,,,,,,,,
2023-08-08,0.0027682061939352442,156.579,156.795,,,,,,,,,,,,,,,,,,
2023-08-09,0.0028152401152689637,157.358,157.586,,,,,,,,,,,,,,,,,,
2023-08-10,0.002775982612568473,158.406,159.079,104.0,0.00422071799119562,159.076,159.077,159.04,159.128,,,,,,,,,,,,
2023-08-11,0.002767084569280325,158.898,158.825,,,,,,,,,,,,,,,,,,
2023-08-14,0.0027895404349769382,158.726,158.695,,,,,,,,,,,,,,,,,,
2023-08-15,0.0027069529693750445,159.064,158.876,,,,,,,,,,,,,,,,,,
2023-08-16,0.0026672243751201924,159.069,158.975,,,,,,,,,,,,,,,,,,
2023-08-17,0.0026227675970709953,158.875,158.936,,,,,,,,,,,,,,,,,,
2023-08-18,0.002587193773639708,157.949,157.827,,,,,,,,,,,,,,,,,,
2023-08-21,0.0025725559977712027,159.118,159.257,,,,,,,,,,,,,,,,,,
2023-08-22,0.002498311163134461,158.682,158.13,,,,,,,,,,,,,,,,,,
2023-08-23,0.002542738959154492,157.213,157.093,,,,,,,,,,,,,,,,,,
2023-08-24,0.0025943781139456004,157.926,157.8,,,,,,,,,,,,,,,,,,
2023-08-25,0.0025744921637575894,157.679,157.895,,,,,,,,,,,,,,,,,,
2023-08-28,0.0025318724776503773,158.304,158.239,,,,,,,,,,,,,,,,,,
2023-08-29,0.0024751174833060685,158.979,158.421,,,,,,,,,,,,,,,,,,
2023-08-30,0.0024384933557744337,159.156,159.437,,,,,,,,,,,,,,,,,,
2023-08-31,0.0024049134137407216,158.451,157.887,,,,,,,,,,,,,,,,,,
2023-09-01,0.002371283873621969,157.343,157.714,,,,,,,,,,,,,,,,,,
2023-09-04,0.0024962810189727873,158.097,158.149,,,,,,,,,,,,,,,,,,
2023-09-05,0.0024176427908240224,158.145,158.354,,,,,,,,,,,,,,,,,,
2023-09-06,0.0024057004987245766,158.253,158.178,,,,,,,,,,,,,,,,,,
2023-09-07,0.0023670668669858,157.629,157.466,,,,,,,,,,,,,,,,,,
2023-09-08,0.0023288541183259966,157.745,158.167,122.0,0.003619546952728196,158.317,158.344,158.373,158.304,,,,,,,,,,,,
2023-09-11,0.002316376659918671,157.32,157.349,,,,,,,,,,,,,,,,,,
2023-09-12,0.002309306524570897,157.426,157.815,,,,,,,,,,,,,,,,,,
2023-09-13,0.002286755951855312,158.24,158.3,,,,,,,,,,,,,,,,,,
2023-09-14,0.002280929067271493,158.115,156.875,17.0,-0.0034972380882476698,157.563,157.604,157.531,157.311,31.0,-0.00532039264976264,157.276,157.311,157.369,157.532,70.0,-0.005778291411261099,157.204,157.241,157.267,157.176
2023-09-15,0.0022579713344135135,157.471,157.775,,,,,,,,,,,,,,,,,,
2023-09-18,0.0022994739261307994,157.422,157.876,,,,,,,,,,,,,,,,,,
2023-09-19,0.0022498866277022044,158.162,157.885,,,,,,,,,,,,,,,,,,
2023-09-20,0.0022198648563230114,158.253,158.281,,,,,,,,,,,,,,,,,,
2023-09-21,0.0021853769014393426,157.36,157.196,,,,,,,,,,,,,,,,,,
2023-09-22,0.002162024823985787,157.743,158.023,,,,,,,,,,,,,,,,,,
2023-09-25,0.0021287288917391013,158.076,157.493,165.0,-0.003237858493871148,157.565,157.56,157.526,157.532,,,,,,,,,,,,
2023-09-26,0.0020716208399513144,157.839,157.45,,,,,,,,,,,,,,,,,,
2023-09-27,0.002057562276092187,157.244,157.096,,,,,,,,,,,,,,,,,,
2023-09-28,0.0020289833863433603,157.37,157.817,,,,,,,,,,,,,,,,,,
2023-09-29,0.002019868860887069,158.095,158.142,,,,,,,,,,,,,,,,,,
2023-10-02,0.00209618993605879,157.703,157.281,,,,,,,,,,,,,,,,,,
2023-10-03,0.002046439415839467,157.061,155.914,132.0,-0.007118058986100057,155.947,156.005,155.752,156.067,132.0,-0.007118058986100057,155.947,156.005,155.752,156.067,132.0,-0.007118058986100057,155.947,156.005,155.752,156.067
2023-10-04,0.002183037116250657,156.47,156.524,,,,,,,,,,,,,,,,,,
2023-10-05,0.0021806228204320354,156.605,156.318,,,,,,,,,,,,,,,,,,
2023-10-06,0.002146716856410361,157.513,157.908,32.0,-0.003561597069096934,156.953,156.945,157.032,156.952,50.0,-0.004345578395681923,156.83,156.699,156.798,156.833,,,,,,
2023-10-09,0.0021302227219788376,157.02,156.734,,,,,,,,,,,,,,,,,,
2023-10-10,0.0022174606413625053,157.633,157.788,,,,,,,,,,,,,,,,,,
2023-10-11,0.0021987764741595328,157.802,158.124,113.0,0.0035424690073754413,158.362,158.33,158.318,158.364,,,,,,,,,,,,
2023-10-12,0.0022017298169746823,158.372,158.017,94.0,-0.0033331572174254897,157.845,157.881,157.854,157.718,,,,,,,,,,,,
2023-10-13,0.002214112869678174,157.472,157.093,,,,,,,,,,,,,,,,,,
2023-10-16,0.002206198736301996,157.551,157.715,,,,,,,,,,,,,,,,,,
2023-10-17,0.002192409494490204,158.077,158.604,,,,,,,,,,,,,,,,,,
2023-10-18,0.002178588430284867,158.071,157.824,,,,,,,,,,,,,,,,,,
2023-10-19,0.0021643493635200724,158.211,158.469,,,,,,,,,,,,,,,,,,
2023-10-20,0.00214881356395912,158.814,158.698,,,,,,,,,,,,,,,,,,
2023-10-23,0.0021504327184039846,158.951,159.466,,,,,,,,,,,,,,,,,,
2023-10-24,0.002090626388391253,159.277,158.762,162.0,-0.0033267855539173535,158.748,158.773,158.777,158.829,,,,,,,,,,,,
2023-10-25,0.0021758097381234247,158.523,158.678,,,,,,,,,,,,,,,,,,
2023-10-26,0.0022082628126222077,158.483,158.442,,,,,,,,,,,,,,,,,,
2023-10-27,0.002177770460617172,158.102,158.468,,,,,,,,,,,,,,,,,,
2023-10-30,0.002143895460468669,158.812,158.066,66.0,-0.0035576899948673527,158.248,158.362,158.34,158.157,82.0,-0.004436444117233733,158.109,158.153,158.159,158.111,,,,,,
2023-10-31,0.0021061263811959752,160.352,160.292,,,,,,,,,,,,,,,,,,
2023-11-01,0.002126398380699431,159.305,159.166,,,,,,,,,,,,,,,,,,
2023-11-02,0.0021805065503968384,159.925,159.775,,,,,,,,,,,,,,,,,,
2023-11-03,0.002167771264012624,159.93,160.388,,,,,,,,,,,,,,,,,,
2023-11-06,0.0021439957669862507,160.858,160.879,,,,,,,,,,,,,,,,,,
2023-11-07,0.002102259059500379,160.734,160.736,,,,,,,,,,,,,,,,,,
2023-11-08,0.002078431140786713,161.04,161.586,130.0,0.003285703957203096,161.57,161.612,161.517,161.416,,,,,,,,,,,,
2023-11-09,0.002047175606787304,161.643,161.707,,,,,,,,,,,,,,,,,,
2023-11-10,0.002052698294859572,161.767,161.855,,,,,,,,,,,,,,,,,,
2023-11-13,0.0020230994912655413,162.037,162.193,,,,,,,,,,,,,,,,,,
2023-11-14,0.001977723444806675,162.923,163.741,46.0,0.003088710897414493,163.427,163.444,163.337,163.303,130.0,0.003963336714262225,163.57,163.547,163.698,163.673,153.0,0.005160883109549831,163.766,163.78,163.767,163.75
2023-11-15,0.0019492617289358076,163.704,164.052,,,,,,,,,,,,,,,,,,
2023-11-16,0.002098526045555376,163.92,163.471,150.0,-0.0032568840332808584,163.387,163.382,163.284,163.276,,,,,,,,,,,,
2023-11-17,0.002067887250976707,162.661,163.034,,,,,,,,,,,,,,,,,,
2023-11-20,0.002058507065429214,162.278,162.278,,,,,,,,,,,,,,,,,,
2023-11-21,0.0020268145290576528,161.606,161.586,,,,,,,,,,,,,,,,,,
2023-11-22,0.0020941671382325253,162.619,162.79,,,,,,,,,,,,,,,,,,
2023-11-23,0.0020723635711905565,162.946,163.146,,,,,,,,,,,,,,,,,,
2023-11-24,0.0020736358071556642,163.347,163.586,,,,,,,,,,,,,,,,,,
2023-11-27,0.002045181647858986,162.846,162.846,,,,,,,,,,,,,,,,,,
2023-11-28,0.0020059561333384598,162.675,162.094,146.0,-0.0031030113001513236,162.171,162.174,162.155,162.197,,,,,,,,,,,,
2023-11-29,0.002030338241968256,162.108,161.615,131.0,-0.003188139864455045,161.592,161.555,161.563,161.576,,,,,,,,,,,,
2023-11-30,0.002017318665078362,161.525,161.39,,,,,,,,,,,,,,,,,,
2023-12-01,0.0020122251899284925,161.028,159.801,57.0,-0.00302267232658601,160.542,160.582,160.28,160.166,60.0,-0.004175683214718618,160.357,160.299,160.218,160.135,64.0,-0.005398703603158913,160.161,160.218,160.18,160.13
2023-12-04,0.0019860965753426088,159.166,159.402,,,,,,,,,,,,,,,,,,
2023-12-05,0.002167553442928249,158.999,158.779,,,,,,,,,,,,,,,,,,
2023-12-06,0.0021339779999967464,158.824,158.737,,,,,,,,,,,,,,,,,,
2023-12-07,0.0021294456913390964,156.272,155.21,50.0,-0.0034743401978738564,155.73,155.667,155.61,155.712,92.0,-0.004303040246262772,155.601,155.544,155.528,155.495,110.0,-0.005724349182846526,155.38,155.406,155.256,155.401
2023-12-08,0.002186260606866735,155.079,155.74,119.0,0.0033925069149868775,155.606,155.596,155.576,155.491,,,,,,,,,,,,
2023-12-11,0.0027360781154056294,157.449,157.343,,,,,,,,,,,,,,,,,,
2023-12-12,0.002737090456823697,156.938,157.137,,,,,,,,,,,,,,,,,,
2023-12-13,0.002690860269776903,156.767,156.558,,,,,,,,,,,,,,,,,,
2023-12-14,0.002655234561030154,155.365,155.833,,,,,,,,,,,,,,,,,,
2023-12-15,0.0030394434395961643,155.344,154.955,70.0,-0.004878499150677613,154.588,154.588,154.476,154.558,,,,,,,,,,,,
2023-12-18,0.0030942092402902765,155.982,156.171,,,,,,,,,,,,,,,,,,
2023-12-19,0.003043223850763106,158.206,157.822,,,,,,,,,,,,,,,,,,
2023-12-20,0.0031159126441936825,157.135,157.656,,,,,,,,,,,,,,,,,,
2023-12-21,0.0030867097019844462,156.257,156.27,,,,,,,,,,,,,,,,,,
2023-12-22,0.0030822106778905923,156.57,156.921,,,,,,,,,,,,,,,,,,
2023-12-26,0.0030297475571317515,156.856,157.204,,,,,,,,,,,,,,,,,,
2023-12-27,0.002900589967966985,157.816,157.812,,,,,,,,,,,,,,,,,,
2023-12-28,0.002872231048089106,156.267,156.368,,,,,,,,,,,,,,,,,,
2023-12-29,0.0028404030240472035,156.7,155.836,117.0,-0.005695833132711802,155.81,155.672,155.844,155.87,117.0,-0.005695833132711802,155.81,155.672,155.844,155.87,,,,,,
