date,sigma,open,exit_px,t_1.5,disp_1.5,px_1.5_d0,px_1.5_d1,px_1.5_d5,px_1.5_d15,t_2.0,disp_2.0,px_2.0_d0,px_2.0_d1,px_2.0_d5,px_2.0_d15,t_2.5,disp_2.5,px_2.5_d0,px_2.5_d1,px_2.5_d5,px_2.5_d15
2011-01-03,,1.5497,1.5489,,,,,,,,,,,,,,,,,,
2011-01-04,,1.5614,1.5587,,,,,,,,,,,,,,,,,,
2011-01-05,,1.5529,1.5498,,,,,,,,,,,,,,,,,,
2011-01-06,,1.5512,1.5493,,,,,,,,,,,,,,,,,,
2011-01-07,,1.5526,1.5547,,,,,,,,,,,,,,,,,,
2011-01-10,,1.5525,1.5567,,,,,,,,,,,,,,,,,,
2011-01-11,,1.5589,1.5615,,,,,,,,,,,,,,,,,,
2011-01-12,,1.5654,1.5749,,,,,,,,,,,,,,,,,,
2011-01-13,,1.5829,1.5861,,,,,,,,,,,,,,,,,,
2011-01-14,,1.5865,1.588,,,,,,,,,,,,,,,,,,
2011-01-17,,1.5907,1.5886,,,,,,,,,,,,,,,,,,
2011-01-18,,1.5988,1.5967,,,,,,,,,,,,,,,,,,
2011-01-19,,1.5997,1.5984,,,,,,,,,,,,,,,,,,
2011-01-20,,1.596,1.5893,,,,,,,,,,,,,,,,,,
2011-01-21,,1.5993,1.5985,,,,,,,,,,,,,,,,,,
2011-01-24,,1.5946,1.5991,,,,,,,,,,,,,,,,,,
2011-01-25,,1.5769,1.5813,,,,,,,,,,,,,,,,,,
2011-01-26,,1.5864,1.5876,,,,,,,,,,,,,,,,,,
2011-01-27,,1.5975,1.591,,,,,,,,,,,,,,,,,,
2011-01-28,,1.5901,1.5843,,,,,,,,,,,,,,,,,,
2011-01-31,,1.5916,1.6032,,,,,,,,,,,,,,,,,,
2011-02-01,,1.6098,1.6139,,,,,,,,,,,,,,,,,,
2011-02-02,,1.6194,1.6169,,,,,,,,,,,,,,,,,,
2011-02-03,,1.6173,1.6151,,,,,,,,,,,,,,,,,,
2011-02-04,,1.6076,1.6093,,,,,,,,,,,,,,,,,,
2011-02-07,,1.6105,1.6095,,,,,,,,,,,,,,,,,,
2011-02-08,,1.6057,1.6096,,,,,,,,,,,,,,,,,,
2011-02-09,,1.6045,1.6092,,,,,,,,,,,,,,,,,,
2011-02-10,,1.6017,1.6121,,,,,,,,,,,,,,,,,,
2011-02-11,,1.5985,1.6,,,,,,,,,,,,,,,,,,
2011-02-14,,1.6001,1.6025,,,,,,,,,,,,,,,,,,
2011-02-15,,1.6156,1.6141,,,,,,,,,,,,,,,,,,
2011-02-16,,1.6006,1.6064,,,,,,,,,,,,,,,,,,
2011-02-17,,1.6125,1.6172,,,,,,,,,,,,,,,,,,
2011-02-18,,1.6243,1.6235,,,,,,,,,,,,,,,,,,
2011-02-21,,1.6219,1.6216,,,,,,,,,,,,,,,,,,
2011-02-22,,1.6156,1.6128,,,,,,,,,,,,,,,,,,
2011-02-23,,1.6231,1.6187,,,,,,,,,,,,,,,,,,
2011-02-24,,1.6193,1.6121,,,,,,,,,,,,,,,,,,
2011-02-25,,1.609,1.6099,,,,,,,,,,,,,,,,,,
2011-02-28,,1.6234,1.6252,,,,,,,,,,,,,,,,,,
2011-03-01,,1.627,1.6274,,,,,,,,,,,,,,,,,,
2011-03-02,,1.6305,1.6326,,,,,,,,,,,,,,,,,,
2011-03-03,,1.6307,1.6258,,,,,,,,,,,,,,,,,,
2011-03-04,,1.6246,1.6246,,,,,,,,,,,,,,,,,,
2011-03-07,,1.6255,1.6191,,,,,,,,,,,,,,,,,,
2011-03-08,,1.6155,1.6157,,,,,,,,,,,,,,,,,,
2011-03-09,,1.619,1.62,,,,,,,,,,,,,,,,,,
2011-03-10,,1.6084,1.6058,,,,,,,,,,,,,,,,,,
2011-03-11,,1.6009,1.6059,,,,,,,,,,,,,,,,,,
2011-03-14,,1.6094,1.619,,,,,,,,,,,,,,,,,,
2011-03-15,,1.6014,1.6065,,,,,,,,,,,,,,,,,,
2011-03-16,,1.6077,1.6034,,,,,,,,,,,,,,,,,,
2011-03-17,,1.6128,1.6138,,,,,,,,,,,,,,,,,,
2011-03-18,,1.6158,1.6184,,,,,,,,,,,,,,,,,,
2011-03-21,,1.6265,1.6276,,,,,,,,,,,,,,,,,,
2011-03-22,,1.6374,1.6386,,,,,,,,,,,,,,,,,,
2011-03-23,,1.6269,1.6244,,,,,,,,,,,,,,,,,,
2011-03-24,,1.6182,1.6162,,,,,,,,,,,,,,,,,,
2011-03-25,,1.6101,1.6083,,,,,,,,,,,,,,,,,,
2011-03-28,,1.598,1.602,,,,,,,,,,,,,,,,,,
2011-03-29,,1.5958,1.5979,,,,,,,,,,,,,,,,,,
2011-03-30,,1.6034,1.604,,,,,,,,,,,,,,,,,,
2011-03-31,,1.6086,1.6045,,,,,,,,,,,,,,,,,,
2011-04-01,,1.6052,1.6123,,,,,,,,,,,,,,,,,,
2011-04-04,,1.6147,1.6124,,,,,,,,,,,,,,,,,,
2011-04-05,,1.6237,1.6282,,,,,,,,,,,,,,,,,,
2011-04-06,,1.6293,1.6313,,,,,,,,,,,,,,,,,,
2011-04-07,,1.6301,1.6308,,,,,,,,,,,,,,,,,,
2011-04-08,,1.6357,1.634,,,,,,,,,,,,,,,,,,
2011-04-11,,1.6349,1.6385,,,,,,,,,,,,,,,,,,
2011-04-12,,1.6287,1.6263,,,,,,,,,,,,,,,,,,
2011-04-13,,1.6287,1.628,,,,,,,,,,,,,,,,,,
2011-04-14,,1.6322,1.6346,,,,,,,,,,,,,,,,,,
2011-04-15,,1.6355,1.6324,,,,,,,,,,,,,,,,,,
2011-04-18,,1.6265,1.6231,,,,,,,,,,,,,,,,,,
2011-04-19,,1.6297,1.6311,,,,,,,,,,,,,,,,,,
2011-04-20,,1.6363,1.6401,,,,,,,,,,,,,,,,,,
2011-04-21,,1.6564,1.6566,,,,,,,,,,,,,,,,,,
2011-04-22,,1.6522,1.6513,,,,,,,,,,,,,,,,,,
2011-04-25,,1.6518,1.649,,,,,,,,,,,,,,,,,,
2011-04-26,,1.6474,1.646,,,,,,,,,,,,,,,,,,
2011-04-27,,1.6546,1.6527,,,,,,,,,,,,,,,,,,
2011-04-28,,1.6639,1.6635,,,,,,,,,,,,,,,,,,
2011-04-29,,1.6676,1.6697,,,,,,,,,,,,,,,,,,
2011-05-02,,1.6688,1.669,,,,,,,,,,,,,,,,,,
2011-05-03,,1.6481,1.6535,,,,,,,,,,,,,,,,,,
2011-05-04,,1.652,1.6519,,,,,,,,,,,,,,,,,,
2011-05-05,,1.6515,1.643,,,,,,,,,,,,,,,,,,
2011-05-06,,1.6416,1.6413,,,,,,,,,,,,,,,,,,
2011-05-09,,1.6374,1.6334,,,,,,,,,,,,,,,,,,
2011-05-10,,1.6351,1.6327,,,,,,,,,,,,,,,,,,
2011-05-11,,1.6478,1.6416,,,,,,,,,,,,,,,,,,
2011-05-12,,1.6276,1.6288,,,,,,,,,,,,,,,,,,
2011-05-13,,1.627,1.6182,,,,,,,,,,,,,,,,,,
2011-05-16,,1.6194,1.6236,,,,,,,,,,,,,,,,,,
2011-05-17,,1.6229,1.62,,,,,,,,,,,,,,,,,,
2011-05-18,,1.615,1.615,,,,,,,,,,,,,,,,,,
2011-05-19,,1.6183,1.6179,,,,,,,,,,,,,,,,,,
2011-05-20,,1.6225,1.6222,,,,,,,,,,,,,,,,,,
2011-05-23,,1.6128,1.6102,,,,,,,,,,,,,,,,,,
2011-05-24,,1.6146,1.6184,,,,,,,,,,,,,,,,,,
2011-05-25,,1.6229,1.6282,,,,,,,,,,,,,,,,,,
2011-05-26,,1.6316,1.6344,,,,,,,,,,,,,,,,,,
2011-05-27,,1.6428,1.6491,,,,,,,,,,,,,,,,,,
2011-05-30,,1.6464,1.645,,,,,,,,,,,,,,,,,,
2011-05-31,,1.6501,1.6436,,,,,,,,,,,,,,,,,,
2011-06-01,,1.6421,1.6393,,,,,,,,,,,,,,,,,,
2011-06-02,,1.6373,1.632,,,,,,,,,,,,,,,,,,
2011-06-03,,1.6328,1.6396,,,,,,,,,,,,,,,,,,
2011-06-06,,1.6397,1.6358,,,,,,,,,,,,,,,,,,
2011-06-07,,1.6415,1.644,,,,,,,,,,,,,,,,,,
2011-06-08,,1.637,1.6376,,,,,,,,,,,,,,,,,,
2011-06-09,,1.6425,1.6376,,,,,,,,,,,,,,,,,,
2011-06-10,,1.6304,1.6251,,,,,,,,,,,,,,,,,,
2011-06-13,,1.6304,1.6305,,,,,,,,,,,,,,,,,,
2011-06-14,,1.6399,1.6384,,,,,,,,,,,,,,,,,,
2011-06-15,,1.6252,1.6214,,,,,,,,,,,,,,,,,,
2011-06-16,,1.6098,1.6128,,,,,,,,,,,,,,,,,,
2011-06-17,,1.6182,1.6183,,,,,,,,,,,,,,,,,,
2011-06-20,,1.6173,1.6204,,,,,,,,,,,,,,,,,,
2011-06-21,,1.6194,1.6229,,,,,,,,,,,,,,,,,,
2011-06-22,,1.6126,1.6125,,,,,,,,,,,,,,,,,,
2011-06-23,,1.5991,1.5977,,,,,,,,,,,,,,,,,,
2011-06-24,,1.6012,1.5984,,,,,,,,,,,,,,,,,,
2011-06-27,,1.5966,1.5968,,,,,,,,,,,,,,,,,,
2011-06-28,,1.5952,1.601,,,,,,,,,,,,,,,,,,
2011-06-29,,1.6032,1.6062,,,,,,,,,,,,,,,,,,
2011-06-30,,1.6016,1.6067,,,,,,,,,,,,,,,,,,
2011-07-01,,1.6003,1.6066,,,,,,,,,,,,,,,,,,
2011-07-04,,1.6068,1.609,,,,,,,,,,,,,,,,,,
2011-07-05,,1.6116,1.6084,,,,,,,,,,,,,,,,,,
2011-07-06,,1.5997,1.5993,,,,,,,,,,,,,,,,,,
2011-07-07,,1.5968,1.5963,,,,,,,,,,,,,,,,,,
2011-07-08,,1.5951,1.6029,,,,,,,,,,,,,,,,,,
2011-07-11,,1.5952,1.5925,,,,,,,,,,,,,,,,,,
2011-07-12,,1.5844,1.594,,,,,,,,,,,,,,,,,,
2011-07-13,,1.5959,1.6109,,,,,,,,,,,,,,,,,,
2011-07-14,,1.6119,1.612,,,,,,,,,,,,,,,,,,
2011-07-15,,1.613,1.6155,,,,,,,,,,,,,,,,,,
2011-07-18,,1.608,1.6021,,,,,,,,,,,,,,,,,,
2011-07-19,,1.6119,1.6139,,,,,,,,,,,,,,,,,,
2011-07-20,,1.6137,1.6137,,,,,,,,,,,,,,,,,,
2011-07-21,,1.6173,1.6302,,,,,,,,,,,,,,,,,,
2011-07-22,,1.6308,1.6314,,,,,,,,,,,,,,,,,,
2011-07-25,,1.6297,1.6283,,,,,,,,,,,,,,,,,,
2011-07-26,,1.6399,1.639,,,,,,,,,,,,,,,,,,
2011-07-27,,1.6361,1.6357,,,,,,,,,,,,,,,,,,
2011-07-28,,1.6324,1.6338,,,,,,,,,,,,,,,,,,
2011-07-29,,1.6297,1.6452,,,,,,,,,,,,,,,,,,
2011-08-01,,1.6403,1.6276,,,,,,,,,,,,,,,,,,
2011-08-02,,1.6269,1.6283,,,,,,,,,,,,,,,,,,
2011-08-03,,1.639,1.6402,,,,,,,,,,,,,,,,,,
2011-08-04,,1.6335,1.6299,,,,,,,,,,,,,,,,,,
2011-08-05,,1.6279,1.6356,,,,,,,,,,,,,,,,,,
2011-08-08,,1.638,1.6347,,,,,,,,,,,,,,,,,,
2011-08-09,,1.6332,1.6206,,,,,,,,,,,,,,,,,,
2011-08-10,,1.6231,1.6168,,,,,,,,,,,,,,,,,,
2011-08-11,,1.616,1.6222,,,,,,,,,,,,,,,,,,
2011-08-12,,1.6267,1.6286,,,,,,,,,,,,,,,,,,
2011-08-15,,1.6316,1.6385,,,,,,,,,,,,,,,,,,
2011-08-16,,1.6365,1.642,,,,,,,,,,,,,,,,,,
2011-08-17,,1.6515,1.6582,,,,,,,,,,,,,,,,,,
2011-08-18,,1.6508,1.648,,,,,,,,,,,,,,,,,,
2011-08-19,,1.6532,1.6537,,,,,,,,,,,,,,,,,,
2011-08-22,,1.6509,1.6449,,,,,,,,,,,,,,,,,,
2011-08-23,,1.6509,1.6507,,,,,,,,,,,,,,,,,,
2011-08-24,,1.6467,1.6372,,,,,,,,,,,,,,,,,,
2011-08-25,,1.6378,1.6286,,,,,,,,,,,,,,,,,,
2011-08-26,,1.6265,1.6332,,,,,,,,,,,,,,,,,,
2011-08-29,,1.6385,1.6397,,,,,,,,,,,,,,,,,,
2011-08-30,,1.6305,1.6275,,,,,,,,,,,,,,,,,,
2011-08-31,,1.6313,1.6266,,,,,,,,,,,,,,,,,,
2011-09-01,,1.6199,1.6174,,,,,,,,,,,,,,,,,,
2011-09-02,,1.6213,1.6191,,,,,,,,,,,,,,,,,,
2011-09-05,,1.6138,1.6101,,,,,,,,,,,,,,,,,,
2011-09-06,,1.6077,1.5948,,,,,,,,,,,,,,,,,,
2011-09-07,,1.5991,1.5943,,,,,,,,,,,,,,,,,,
2011-09-08,,1.6006,1.6018,,,,,,,,,,,,,,,,,,
2011-09-09,,1.5951,1.5859,,,,,,,,,,,,,,,,,,
2011-09-12,,1.5866,1.5816,,,,,,,,,,,,,,,,,,
2011-09-13,,1.5811,1.5801,,,,,,,,,,,,,,,,,,
2011-09-14,,1.5791,1.5775,,,,,,,,,,,,,,,,,,
2011-09-15,,1.5808,1.5806,,,,,,,,,,,,,,,,,,
2011-09-16,,1.5795,1.5798,,,,,,,,,,,,,,,,,,
2011-09-19,,1.572,1.5677,,,,,,,,,,,,,,,,,,
2011-09-20,,1.5714,1.5712,,,,,,,,,,,,,,,,,,
2011-09-21,,1.5628,1.5617,,,,,,,,,,,,,,,,,,
2011-09-22,,1.5421,1.5355,,,,,,,,,,,,,,,,,,
2011-09-23,,1.5401,1.5469,,,,,,,,,,,,,,,,,,
2011-09-26,,1.5516,1.5548,,,,,,,,,,,,,,,,,,
2011-09-27,,1.5623,1.5678,,,,,,,,,,,,,,,,,,
2011-09-28,,1.5646,1.565,,,,,,,,,,,,,,,,,,
2011-09-29,,1.5649,1.5677,,,,,,,,,,,,,,,,,,
2011-09-30,,1.5581,1.5624,,,,,,,,,,,,,,,,,,
2011-10-03,,1.5525,1.5471,,,,,,,,,,,,,,,,,,
2011-10-04,,1.5386,1.541,,,,,,,,,,,,,,,,,,
2011-10-05,,1.5444,1.5437,,,,,,,,,,,,,,,,,,
2011-10-06,,1.5307,1.5404,,,,,,,,,,,,,,,,,,
2011-10-07,,1.5532,1.5623,,,,,,,,,,,,,,,,,,
2011-10-10,,1.5649,1.5682,,,,,,,,,,,,,,,,,,
2011-10-11,,1.5621,1.5593,,,,,,,,,,,,,,,,,,
2011-10-12,,1.5723,1.5759,,,,,,,,,,,,,,,,,,
2011-10-13,,1.569,1.5732,,,,,,,,,,,,,,,,,,
2011-10-14,,1.5785,1.5806,,,,,,,,,,,,,,,,,,
2011-10-17,,1.5754,1.5775,,,,,,,,,,,,,,,,,,
2011-10-18,,1.5717,1.5655,,,,,,,,,,,,,,,,,,
2011-10-19,,1.5806,1.5801,,,,,,,,,,,,,,,,,,
2011-10-20,,1.5793,1.5722,,,,,,,,,,,,,,,,,,
2011-10-21,,1.5913,1.5944,,,,,,,,,,,,,,,,,,
2011-10-24,,1.5947,1.5984,,,,,,,,,,,,,,,,,,
2011-10-25,,1.601,1.5989,,,,,,,,,,,,,,,,,,
2011-10-26,,1.5974,1.5902,,,,,,,,,,,,,,,,,,
2011-10-27,,1.6002,1.6076,,,,,,,,,,,,,,,,,,
2011-10-28,,1.6103,1.6125,,,,,,,,,,,,,,,,,,
2011-10-31,,1.6025,1.6136,,,,,,,,,,,,,,,,,,
2011-11-01,,1.5903,1.5941,,,,,,,,,,,,,,,,,,
2011-11-02,,1.5992,1.5974,,,,,,,,,,,,,,,,,,
2011-11-03,,1.6019,1.5965,,,,,,,,,,,,,,,,,,
2011-11-04,,1.6021,1.602,,,,,,,,,,,,,,,,,,
2011-11-07,,1.6024,1.6025,,,,,,,,,,,,,,,,,,
2011-11-08,,1.607,1.6082,,,,,,,,,,,,,,,,,,
2011-11-09,,1.5942,1.5958,,,,,,,,,,,,,,,,,,
2011-11-10,,1.5964,1.5948,,,,,,,,,,,,,,,,,,
2011-11-11,,1.5937,1.6061,,,,,,,,,,,,,,,,,,
2011-11-14,,1.5931,1.5894,,,,,,,,,,,,,,,,,,
2011-11-15,,1.5858,1.5836,,,,,,,,,,,,,,,,,,
2011-11-16,,1.5768,1.5773,,,,,,,,,,,,,,,,,,
2011-11-17,,1.5782,1.576,,,,,,,,,,,,,,,,,,
2011-11-18,,1.5825,1.5792,,,,,,,,,,,,,,,,,,
2011-11-21,,1.5635,1.565,,,,,,,,,,,,,,,,,,
2011-11-22,,1.5584,1.5654,,,,,,,,,,,,,,,,,,
2011-11-23,,1.5561,1.5523,,,,,,,,,,,,,,,,,,
2011-11-24,,1.5506,1.5489,,,,,,,,,,,,,,,,,,
2011-11-25,,1.5476,1.5435,,,,,,,,,,,,,,,,,,
2011-11-28,,1.5575,1.5508,,,,,,,,,,,,,,,,,,
2011-11-29,,1.5592,1.5605,,,,,,,,,,,,,,,,,,
2011-11-30,,1.5751,1.5712,,,,,,,,,,,,,,,,,,
2011-12-01,,1.5713,1.5686,,,,,,,,,,,,,,,,,,
2011-12-02,,1.5694,1.5585,,,,,,,,,,,,,,,,,,
2011-12-05,,1.56597,1.5673,,,,,,,,,,,,,,,,,,
2011-12-06,,1.55978,1.55754,,,,,,,,,,,,,,,,,,
2011-12-07,,1.56332,1.57018,,,,,,,,,,,,,,,,,,
2011-12-08,,1.57195,1.56226,,,,,,,,,,,,,,,,,,
2011-12-09,,1.56247,1.56415,,,,,,,,,,,,,,,,,,
2011-12-12,,1.56039,1.55908,,,,,,,,,,,,,,,,,,
2011-12-13,,1.55728,1.55224,,,,,,,,,,,,,,,,,,
2011-12-14,,1.54626,1.54672,,,,,,,,,,,,,,,,,,
2011-12-15,,1.55105,1.54915,,,,,,,,,,,,,,,,,,
2011-12-16,,1.55505,1.54971,,,,,,,,,,,,,,,,,,
2011-12-19,,1.554,1.55213,,,,,,,,,,,,,,,,,,
2011-12-20,,1.56814,1.56618,,,,,,,,,,,,,,,,,,
2011-12-21,,1.56946,1.56878,,,,,,,,,,,,,,,,,,
2011-12-22,,1.56534,1.5668,,,,,,,,,,,,,,,,,,
2011-12-23,,1.56785,1.56237,,,,,,,,,,,,,,,,,,
2011-12-26,,1.56309,1.56345,,,,,,,,,,,,,,,,,,
2011-12-27,,1.56631,1.5662,,,,,,,,,,,,,,,,,,
2011-12-28,,1.56295,1.54743,,,,,,,,,,,,,,,,,,
2011-12-29,,1.54189,1.53946,,,,,,,,,,,,,,,,,,
2011-12-30,,1.55175,1.55086,,,,,,,,,,,,,,,,,,
2012-01-02,,1.54815,1.55037,,,,,,,,,,,,,,,,,,
2012-01-03,,1.55807,1.56462,,,,,,,,,,,,,,,,,,
2012-01-04,,1.56009,1.56293,,,,,,,,,,,,,,,,,,
2012-01-05,,1.54961,1.54905,,,,,,,,,,,,,,,,,,
2012-01-06,,1.54233,1.54188,,,,,,,,,,,,,,,,,,
2012-01-09,,1.54651,1.54237,,,,,,,,,,,,,,,,,,
2012-01-10,,1.54695,1.54767,,,,,,,,,,,,,,,,,,
2012-01-11,,1.5378,1.53267,,,,,,,,,,,,,,,,,,
2012-01-12,,1.53383,1.5337,,,,,,,,,,,,,,,,,,
2012-01-13,,1.53068,1.52927,,,,,,,,,,,,,,,,,,
2012-01-16,,1.53168,1.53271,,,,,,,,,,,,,,,,,,
2012-01-17,,1.5358,1.53499,,,,,,,,,,,,,,,,,,
2012-01-18,,1.53572,1.54247,,,,,,,,,,,,,,,,,,
2012-01-19,,1.54425,1.54636,,,,,,,,,,,,,,,,,,
2012-01-20,,1.55206,1.55388,,,,,,,,,,,,,,,,,,
2012-01-23,,1.55585,1.55711,,,,,,,,,,,,,,,,,,
2012-01-24,,1.55841,1.56002,,,,,,,,,,,,,,,,,,
2012-01-25,,1.55665,1.5618,,,,,,,,,,,,,,,,,,
2012-01-26,,1.56921,1.571,,,,,,,,,,,,,,,,,,
2012-01-27,,1.56981,1.57044,,,,,,,,,,,,,,,,,,
2012-01-30,,1.56635,1.56861,,,,,,,,,,,,,,,,,,
2012-01-31,,1.5769,1.5749,,,,,,,,,,,,,,,,,,
2012-02-01,,1.58335,1.58443,,,,,,,,,,,,,,,,,,
2012-02-02,,1.58143,1.58059,,,,,,,,,,,,,,,,,,
2012-02-03,,1.57756,1.58135,,,,,,,,,,,,,,,,,,
2012-02-06,,1.57616,1.58216,,,,,,,,,,,,,,,,,,
2012-02-07,,1.58222,1.58932,,,,,,,,,,,,,,,,,,
2012-02-08,,1.58857,1.58248,,,,,,,,,,,,,,,,,,
2012-02-09,,1.58517,1.58328,,,,,,,,,,,,,,,,,,
2012-02-10,,1.57677,1.57434,,,,,,,,,,,,,,,,,,
2012-02-13,,1.58,1.57778,,,,,,,,,,,,,,,,,,
2012-02-14,,1.5702,1.56721,,,,,,,,,,,,,,,,,,
2012-02-15,,1.56923,1.5698,,,,,,,,,,,,,,,,,,
2012-02-16,,1.56787,1.57838,,,,,,,,,,,,,,,,,,
2012-02-17,,1.58129,1.5831,,,,,,,,,,,,,,,,,,
2012-02-20,,1.58641,1.58477,,,,,,,,,,,,,,,,,,
2012-02-21,,1.57905,1.57938,,,,,,,,,,,,,,,,,,
2012-02-22,,1.56744,1.56653,,,,,,,,,,,,,,,,,,
2012-02-23,,1.57215,1.57028,,,,,,,,,,,,,,,,,,
2012-02-24,,1.5828,1.58714,,,,,,,,,,,,,,,,,,
2012-02-27,,1.58453,1.5843,,,,,,,,,,,,,,,,,,
2012-02-28,,1.58498,1.58795,,,,,,,,,,,,,,,,,,
2012-02-29,,1.5941,1.59362,,,,,,,,,,,,,,,,,,
2012-03-01,,1.59353,1.59466,,,,,,,,,,,,,,,,,,
2012-03-02,,1.58557,1.58566,,,,,,,,,,,,,,,,,,
2012-03-05,,1.58672,1.58653,,,,,,,,,,,,,,,,,,
2012-03-06,,1.57696,1.5706,,,,,,,,,,,,,,,,,,
2012-03-07,,1.57262,1.5739,,,,,,,,,,,,,,,,,,
2012-03-08,,1.57895,1.58209,,,,,,,,,,,,,,,,,,
2012-03-09,,1.57318,1.56746,,,,,,,,,,,,,,,,,,
2012-03-12,,1.56362,1.56185,,,,,,,,,,,,,,,,,,
2012-03-13,,1.56495,1.57306,,,,,,,,,,,,,,,,,,
2012-03-14,,1.57038,1.56814,,,,,,,,,,,,,,,,,,
2012-03-15,,1.56799,1.56701,,,,,,,,,,,,,,,,,,
2012-03-16,,1.57327,1.58407,,,,,,,,,,,,,,,,,,
2012-03-19,,1.58717,1.58914,,,,,,,,,,,,,,,,,,
2012-03-20,,1.58382,1.58543,,,,,,,,,,,,,,,,,,
2012-03-21,,1.58455,1.58464,,,,,,,,,,,,,,,,,,
2012-03-22,,1.57924,1.58103,,,,,,,,,,,,,,,,,,
2012-03-23,,1.58245,1.58641,,,,,,,,,,,,,,,,,,
2012-03-26,,1.58914,1.59361,,,,,,,,,,,,,,,,,,
2012-03-27,,1.59541,1.59712,,,,,,,,,,,,,,,,,,
2012-03-28,,1.58958,1.58527,,,,,,,,,,,,,,,,,,
2012-03-29,,1.58877,1.59074,,,,,,,,,,,,,,,,,,
2012-03-30,,1.60222,1.59833,,,,,,,,,,,,,,,,,,
2012-04-02,,1.60334,1.60209,,,,,,,,,,,,,,,,,,
2012-04-03,,1.59914,1.59635,,,,,,,,,,,,,,,,,,
2012-04-04,,1.58645,1.58757,,,,,,,,,,,,,,,,,,
2012-04-05,,1.58522,1.58194,,,,,,,,,,,,,,,,,,
2012-04-06,,1.58511,1.5874,,,,,,,,,,,,,,,,,,
2012-04-09,,1.58583,1.5876,,,,,,,,,,,,,,,,,,
2012-04-10,,1.58479,1.58305,,,,,,,,,,,,,,,,,,
2012-04-11,,1.59059,1.58933,,,,,,,,,,,,,,,,,,
2012-04-12,,1.59608,1.59371,,,,,,,,,,,,,,,,,,
2012-04-13,,1.59471,1.58481,,,,,,,,,,,,,,,,,,
2012-04-16,,1.58269,1.58645,,,,,,,,,,,,,,,,,,
2012-04-17,,1.59492,1.59305,,,,,,,,,,,,,,,,,,
2012-04-18,,1.59712,1.60188,,,,,,,,,,,,,,,,,,
2012-04-19,,1.60209,1.6057,,,,,,,,,,,,,,,,,,
2012-04-20,,1.61047,1.61211,,,,,,,,,,,,,,,,,,
2012-04-23,,1.60819,1.61003,,,,,,,,,,,,,,,,,,
2012-04-24,,1.61454,1.61306,,,,,,,,,,,,,,,,,,
2012-04-25,,1.6109,1.61424,,,,,,,,,,,,,,,,,,
2012-04-26,,1.61865,1.61849,,,,,,,,,,,,,,,,,,
2012-04-27,,1.62259,1.62395,,,,,,,,,,,,,,,,,,
2012-04-30,,1.62546,1.62247,,,,,,,,,,,,,,,,,,
2012-05-01,,1.6224,1.62198,,,,,,,,,,,,,,,,,,
2012-05-02,,1.61694,1.61896,,,,,,,,,,,,,,,,,,
2012-05-03,,1.61709,1.61859,,,,,,,,,,,,,,,,,,
2012-05-04,,1.61693,1.61444,,,,,,,,,,,,,,,,,,
2012-05-07,,1.616,1.61884,,,,,,,,,,,,,,,,,,
2012-05-08,,1.6158,1.61585,,,,,,,,,,,,,,,,,,
2012-05-09,,1.61176,1.61272,,,,,,,,,,,,,,,,,,
2012-05-10,,1.6164,1.6157,,,,,,,,,,,,,,,,,,
2012-05-11,,1.61077,1.60761,,,,,,,,,,,,,,,,,,
2012-05-14,,1.60741,1.61168,,,,,,,,,,,,,,,,,,
2012-05-15,,1.60478,1.60206,,,,,,,,,,,,,,,,,,
2012-05-16,,1.59377,1.5931,,,,,,,,,,,,,,,,,,
2012-05-17,,1.58441,1.58187,,,,,,,,,,,,,,,,,,
2012-05-18,,1.58093,1.57907,,,,,,,,,,,,,,,,,,
2012-05-21,,1.5803,1.5788,,,,,,,,,,,,,,,,,,
2012-05-22,,1.57733,1.57736,,,,,,,,,,,,,,,,,,
2012-05-23,,1.57347,1.56871,,,,,,,,,,,,,,,,,,
2012-05-24,,1.56768,1.56926,,,,,,,,,,,,,,,,,,
2012-05-25,,1.5675,1.56447,,,,,,,,,,,,,,,,,,
2012-05-28,,1.56958,1.56844,,,,,,,,,,,,,,,,,,
2012-05-29,,1.56701,1.56245,,,,,,,,,,,,,,,,,,
2012-05-30,,1.56008,1.55302,,,,,,,,,,,,,,,,,,
2012-05-31,,1.55054,1.54043,,,,,,,,,,,,,,,,,,
2012-06-01,,1.53119,1.53812,,,,,,,,,,,,,,,,,,
2012-06-04,,1.53813,1.53808,,,,,,,,,,,,,,,,,,
2012-06-05,,1.53413,1.5354,,,,,,,,,,,,,,,,,,
2012-06-06,,1.54901,1.54748,,,,,,,,,,,,,,,,,,
2012-06-07,,1.55698,1.55551,,,,,,,,,,,,,,,,,,
2012-06-08,,1.54348,1.54261,,,,,,,,,,,,,,,,,,
2012-06-11,,1.55338,1.55114,,,,,,,,,,,,,,,,,,
2012-06-12,,1.55357,1.55588,,,,,,,,,,,,,,,,,,
2012-06-13,,1.55656,1.55517,,,,,,,,,,,,,,,,,,
2012-06-14,,1.5513,1.55314,,,,,,,,,,,,,,,,,,
2012-06-15,,1.55316,1.56518,,,,,,,,,,,,,,,,,,
2012-06-18,,1.5649,1.56617,,,,,,,,,,,,,,,,,,
2012-06-19,,1.56803,1.57311,,,,,,,,,,,,,,,,,,
2012-06-20,,1.57722,1.57449,,,,,,,,,,,,,,,,,,
2012-06-21,,1.5696,1.56323,,,,,,,,,,,,,,,,,,
2012-06-22,,1.56028,1.55759,,,,,,,,,,,,,,,,,,
2012-06-25,,1.5548,1.55515,,,,,,,,,,,,,,,,,,
2012-06-26,,1.56168,1.56184,,,,,,,,,,,,,,,,,,
2012-06-27,,1.56142,1.55474,,,,,,,,,,,,,,,,,,
2012-06-28,,1.55538,1.55009,,,,,,,,,,,,,,,,,,
2012-06-29,,1.56018,1.56832,,,,,,,,,,,,,,,,,,
2012-07-02,,1.56731,1.56733,,,,,,,,,,,,,,,,,,
2012-07-03,,1.5673,1.57013,,,,,,,,,,,,,,,,,,
2012-07-04,,1.56357,1.55936,,,,,,,,,,,,,,,,,,
2012-07-05,,1.55701,1.55255,,,,,,,,,,,,,,,,,,
2012-07-06,,1.55374,1.54773,,,,,,,,,,,,,,,,,,
2012-07-09,,1.54878,1.55085,,,,,,,,,,,,,,,,,,
2012-07-10,,1.55249,1.55012,,,,,,,,,,,,,,,,,,
2012-07-11,,1.55633,1.55314,,,,,,,,,,,,,,,,,,
2012-07-12,,1.54441,1.54242,,,,,,,,,,,,,,,,,,
2012-07-13,,1.54811,1.55484,,,,,,,,,,,,,,,,,,
2012-07-16,,1.55423,1.56307,,,,,,,,,,,,,,,,,,
2012-07-17,,1.56285,1.56129,,,,,,,,,,,,,,,,,,
2012-07-18,,1.56036,1.56353,,,,,,,,,,,,,,,,,,
2012-07-19,,1.56853,1.57151,,,,,,,,,,,,,,,,,,
2012-07-20,,1.56665,1.56252,,,,,,,,,,,,,,,,,,
2012-07-23,,1.55225,1.55118,,,,,,,,,,,,,,,,,,
2012-07-24,,1.55259,1.55164,,,,,,,,,,,,,,,,,,
2012-07-25,,1.54941,1.5479,,,,,,,,,,,,,,,,,,
2012-07-26,,1.56455,1.56835,,,,,,,,,,,,,,,,,,
2012-07-27,,1.57106,1.57247,,,,,,,,,,,,,,,,,,
2012-07-30,,1.57001,1.56918,,,,,,,,,,,,,,,,,,
2012-07-31,,1.56685,1.56822,,,,,,,,,,,,,,,,,,
2012-08-01,,1.56304,1.55941,,,,,,,,,,,,,,,,,,
2012-08-02,,1.55734,1.55005,,,,,,,,,,,,,,,,,,
2012-08-03,,1.55623,1.56441,,,,,,,,,,,,,,,,,,
2012-08-06,,1.55696,1.56196,,,,,,,,,,,,,,,,,,
2012-08-07,,1.56667,1.5656,,,,,,,,,,,,,,,,,,
2012-08-08,,1.56531,1.56574,,,,,,,,,,,,,,,,,,
2012-08-09,,1.56274,1.56226,,,,,,,,,,,,,,,,,,
2012-08-10,,1.55976,1.56747,,,,,,,,,,,,,,,,,,
2012-08-13,,1.56969,1.56862,,,,,,,,,,,,,,,,,,
2012-08-14,,1.56951,1.56866,,,,,,,,,,,,,,,,,,
2012-08-15,,1.56691,1.56837,,,,,,,,,,,,,,,,,,
2012-08-16,,1.56935,1.57343,,,,,,,,,,,,,,,,,,
2012-08-17,,1.56924,1.56908,,,,,,,,,,,,,,,,,,
2012-08-20,,1.56878,1.5703,,,,,,,,,,,,,,,,,,
2012-08-21,,1.57643,1.57865,,,,,,,,,,,,,,,,,,
2012-08-22,,1.57928,1.57972,,,,,,,,,,,,,,,,,,
2012-08-23,,1.58675,1.58801,,,,,,,,,,,,,,,,,,
2012-08-24,,1.58305,1.58125,,,,,,,,,,,,,,,,,,
2012-08-27,,1.58051,1.5799,,,,,,,,,,,,,,,,,,
2012-08-28,,1.57936,1.58253,,,,,,,,,,,,,,,,,,
2012-08-29,,1.58392,1.58392,,,,,,,,,,,,,,,,,,
2012-08-30,,1.58408,1.57919,,,,,,,,,,,,,,,,,,
2012-08-31,,1.5841,1.58603,,,,,,,,,,,,,,,,,,
2012-09-03,,1.58773,1.58869,,,,,,,,,,,,,,,,,,
2012-09-04,,1.58829,1.58861,,,,,,,,,,,,,,,,,,
2012-09-05,,1.58964,1.5903,,,,,,,,,,,,,,,,,,
2012-09-06,,1.59101,1.59246,,,,,,,,,,,,,,,,,,
2012-09-07,,1.59242,1.60108,,,,,,,,,,,,,,,,,,
2012-09-10,,1.5974,1.60075,,,,,,,,,,,,,,,,,,
2012-09-11,,1.60182,1.60713,,,,,,,,,,,,,,,,,,
2012-09-12,,1.60906,1.61086,,,,,,,,,,,,,,,,,,
2012-09-13,,1.61047,1.61209,,,,,,,,,,,,,,,,,,
2012-09-14,,1.622,1.62411,,,,,,,,,,,,,,,,,,
2012-09-17,,1.62202,1.62619,,,,,,,,,,,,,,,,,,
2012-09-18,,1.62485,1.62462,,,,,,,,,,,,,,,,,,
2012-09-19,,1.62072,1.6217,,,,,,,,,,,,,,,,,,
2012-09-20,,1.61895,1.61967,,,,,,,,,,,,,,,,,,
2012-09-21,,1.62592,1.62475,,,,,,,,,,,,,,,,,,
2012-09-24,,1.62077,1.61963,,,,,,,,,,,,,,,,,,
2012-09-25,,1.62313,1.62276,,,,,,,,,,,,,,,,,,
2012-09-26,,1.61607,1.61396,,,,,,,,,,,,,,,,,,
2012-09-27,,1.6204,1.62144,,,,,,,,,,,,,,,,,,
2012-09-28,,1.61893,1.61352,,,,,,,,,,,,,,,,,,
2012-10-01,,1.61344,1.61397,,,,,,,,,,,,,,,,,,
2012-10-02,,1.61477,1.61817,,,,,,,,,,,,,,,,,,
2012-10-03,,1.6112,1.60765,,,,,,,,,,,,,,,,,,
2012-10-04,,1.61101,1.61628,,,,,,,,,,,,,,,,,,
2012-10-05,,1.61851,1.6192,,,,,,,,,,,,,,,,,,
2012-10-08,,1.60377,1.60303,,,,,,,,,,,,,,,,,,
2012-10-09,,1.60327,1.59855,,,,,,,,,,,,,,,,,,
2012-10-10,,1.60208,1.60058,,,,,,,,,,,,,,,,,,
2012-10-11,,1.60445,1.603,,,,,,,,,,,,,,,,,,
2012-10-12,,1.60682,1.60712,,,,,,,,,,,,,,,,,,
2012-10-15,,1.60607,1.60664,,,,,,,,,,,,,,,,,,
2012-10-16,,1.61196,1.61019,,,,,,,,,,,,,,,,,,
2012-10-17,,1.61686,1.61641,,,,,,,,,,,,,,,,,,
2012-10-18,,1.61309,1.61386,,,,,,,,,,,,,,,,,,
2012-10-19,,1.60423,1.60019,,,,,,,,,,,,,,,,,,
2012-10-22,,1.60375,1.60247,,,,,,,,,,,,,,,,,,
2012-10-23,,1.59854,1.59296,,,,,,,,,,,,,,,,,,
2012-10-24,,1.60158,1.60081,,,,,,,,,,,,,,,,,,
2012-10-25,,1.61334,1.61156,,,,,,,,,,,,,,,,,,
2012-10-26,,1.61087,1.60922,,,,,,,,,,,,,,,,,,
2012-10-29,,1.60523,1.60233,,,,,,,,,,,,,,,,,,
2012-10-30,,1.60604,1.60813,,,,,,,,,,,,,,,,,,
2012-10-31,,1.61142,1.61104,,,,,,,,,,,,,,,,,,
2012-11-01,,1.61604,1.61391,,,,,,,,,,,,,,,,,,
2012-11-02,,1.609,1.60378,,,,,,,,,,,,,,,,,,
2012-11-05,,1.59732,1.5965,,,,,,,,,,,,,,,,,,
2012-11-06,,1.59784,1.59875,,,,,,,,,,,,,,,,,,
2012-11-07,,1.5961,1.59785,,,,,,,,,,,,,,,,,,
2012-11-08,,1.59964,1.59737,,,,,,,,,,,,,,,,,,
2012-11-09,,1.59064,1.59144,,,,,,,,,,,,,,,,,,
2012-11-12,,1.58741,1.58729,,,,,,,,,,,,,,,,,,
2012-11-13,,1.588,1.58762,,,,,,,,,,,,,,,,,,
2012-11-14,,1.58631,1.58543,,,,,,,,,,,,,,,,,,
2012-11-15,,1.58303,1.58577,,,,,,,,,,,,,,,,,,
2012-11-16,,1.5875,1.58685,,,,,,,,,,,,,,,,,,
2012-11-19,,1.59029,1.5905,,,,,,,,,,,,,,,,,,
2012-11-20,,1.59202,1.59234,,,,,,,,,,,,,,,,,,
2012-11-21,,1.5938,1.59422,,,,,,,,,,,,,,,,,,
2012-11-22,,1.59443,1.5926,,,,,,,,,,,,,,,,,,
2012-11-23,,1.59467,1.60431,,,,,,,,,,,,,,,,,,
2012-11-26,,1.60158,1.60171,,,,,,,,,,,,,,,,,,
2012-11-27,,1.60469,1.6026,,,,,,,,,,,,,,,,,,
2012-11-28,,1.59711,1.60119,,,,,,,,,,,,,,,,,,
2012-11-29,,1.60352,1.60407,,,,,,,,,,,,,,,,,,
2012-11-30,,1.59985,1.60277,,,,,,,,,,,,,,,,,,
2012-12-03,,1.60838,1.61014,,,,,,,,,,,,,,,,,,
2012-12-04,,1.61246,1.60976,,,,,,,,,,,,,,,,,,
2012-12-05,,1.60897,1.61037,,,,,,,,,,,,,,,,,,
2012-12-06,,1.60992,1.60398,,,,,,,,,,,,,,,,,,
2012-12-07,,1.60168,1.60356,,,,,,,,,,,,,,,,,,
2012-12-10,,1.6091,1.60688,,,,,,,,,,,,,,,,,,
2012-12-11,,1.60929,1.61107,,,,,,,,,,,,,,,,,,
2012-12-12,,1.61423,1.61624,,,,,,,,,,,,,,,,,,
2012-12-13,,1.61413,1.60992,,,,,,,,,,,,,,,,,,
2012-12-14,,1.61146,1.61699,,,,,,,,,,,,,,,,,,
2012-12-17,,1.61956,1.61979,,,,,,,,,,,,,,,,,,
2012-12-18,,1.62075,1.62501,,,,,,,,,,,,,,,,,,
2012-12-19,,1.62864,1.62681,,,,,,,,,,,,,,,,,,
2012-12-20,,1.62893,1.62727,,,,,,,,,,,,,,,,,,
2012-12-21,,1.62241,1.61638,,,,,,,,,,,,,,,,,,
2012-12-24,,1.61698,1.61286,,,,,,,,,,,,,,,,,,
2012-12-26,,1.61412,1.6113,,,,,,,,,,,,,,,,,,
2012-12-27,,1.61564,1.60705,,,,,,,,,,,,,,,,,,
2012-12-28,,1.61302,1.61622,,,,,,,,,,,,,,,,,,
2012-12-31,,1.61918,1.62464,,,,,,,,,,,,,,,,,,
2013-01-02,,1.62921,1.62302,,,,,,,,,,,,,,,,,,
2013-01-03,0.001558935683574321,1.61699,1.61537,,,,,,,,,,,,,,,,,,
2013-01-04,0.001670430980272054,1.60341,1.60417,,,,,,,,,,,,,,,,,,
2013-01-07,0.0019448829965100496,1.60679,1.60906,,,,,,,,,,,,,,,,,,
2013-01-08,0.0018807232499892525,1.60575,1.60414,,,,,,,,,,,,,,,,,,
2013-01-09,0.0019106408345653816,1.60066,1.60244,,,,,,,,,,,,,,,,,,
2013-01-10,0.0019311880845313677,1.6082,1.61543,,,,,,,,,,,,,,,,,,
2013-01-11,0.0019018268073296336,1.61466,1.61388,62.0,-0.0035612617440870828,1.60892,1.60974,1.60985,1.61063,,,,,,,,,,,,
2013-01-14,0.0020994868715542366,1.60459,1.607,,,,,,,,,,,,,,,,,,
2013-01-15,0.002016205538165748,1.60557,1.60725,,,,,,,,,,,,,,,,,,
2013-01-16,0.002033299882854805,1.59862,1.59909,,,,,,,,,,,,,,,,,,
2013-01-17,0.0019934251349327295,1.5992,1.59882,,,,,,,,,,,,,,,,,,
2013-01-18,0.0020092573609533032,1.59174,1.58695,115.0,-0.0030957439402043356,1.58682,1.5866,1.58575,1.5861,,,,,,,,,,,,
2013-01-21,0.0019669642125220567,1.58705,1.5825,172.0,-0.0030227422670383954,1.58226,1.58185,1.58218,,,,,,,,,,,,,
2013-01-22,0.002063187501642216,1.58615,1.58512,,,,,,,,,,,,,,,,,,
2013-01-23,0.00202316818315689,1.58778,1.5838,,,,,,,,,,,,,,,,,,
2013-01-24,0.001989413755299995,1.57651,1.57806,,,,,,,,,,,,,,,,,,
2013-01-25,0.0019478404885179778,1.58045,1.57977,,,,,,,,,,,,,,,,,,
2013-01-28,0.0019564165637133667,1.57345,1.56868,135.0,-0.002985162342931466,1.56876,1.56917,1.56866,1.56927,,,,,,,,,,,,
2013-01-29,0.0019056475950014844,1.57127,1.57542,50.0,0.0030628868436692424,1.57609,1.57628,1.5762,1.57566,,,,,,,,,,,,
2013-01-30,0.0019170612488945936,1.57828,1.57924,,,,,,,,,,,,,,,,,,
2013-01-31,0.0019029523285746647,1.58235,1.58728,,,,,,,,,,,,,,,,,,
2013-02-01,0.0019035468223982826,1.58252,1.57246,46.0,-0.0029300016848091267,1.57789,1.57757,1.57653,1.57589,50.0,-0.003938184536620431,1.5763,1.57653,1.57713,1.57698,90.0,-0.005188728241678495,1.57433,1.57442,1.57473,1.57409
2013-02-04,0.0019183861469361885,1.57397,1.57369,,,,,,,,,,,,,,,,,,
2013-02-05,0.0022195472404301707,1.57084,1.56419,111.0,-0.0035074553364455928,1.56534,1.56606,1.56627,1.56649,,,,,,,,,,,,
2013-02-06,0.0022054691823312263,1.56617,1.56508,,,,,,,,,,,,,,,,,,
2013-02-07,0.0022598238370359573,1.57058,1.56948,,,,,,,,,,,,,,,,,,
2013-02-08,0.002211132486331723,1.58071,1.57945,,,,,,,,,,,,,,,,,,
2013-02-11,0.002213816070685743,1.56895,1.56792,,,,,,,,,,,,,,,,,,
2013-02-12,0.0021689541271297207,1.55826,1.56633,107.0,0.003286726326204365,1.56339,1.5634,1.56434,1.56622,115.0,0.004437408232123505,1.56519,1.5651,1.56585,1.56525,,,,,,
2013-02-13,0.002365748400491507,1.55615,1.55503,,,,,,,,,,,,,,,,,,
2013-02-14,0.00231310698356132,1.54992,1.54909,,,,,,,,,,,,,,,,,,
2013-02-15,0.0025509961736542137,1.54899,1.55235,,,,,,,,,,,,,,,,,,
2013-02-18,0.0024987140074766356,1.54764,1.54714,,,,,,,,,,,,,,,,,,
2013-02-19,0.002409500760117154,1.54667,1.54174,,,,,,,,,,,,,,,,,,
2013-02-20,0.00236208313640282,1.53098,1.52873,,,,,,,,,,,,,,,,,,
2013-02-21,0.0023021846720342547,1.52553,1.52555,,,,,,,,,,,,,,,,,,
2013-02-22,0.0028090370944528842,1.52832,1.52565,,,,,,,,,,,,,,,,,,
2013-02-25,0.0028094086370151566,1.51024,1.51461,,,,,,,,,,,,,,,,,,
2013-02-26,0.0028666879798786835,1.51524,1.51423,,,,,,,,,,,,,,,,,,
2013-02-27,0.0028523808441870456,1.51582,1.51297,,,,,,,,,,,,,,,,,,
2013-02-28,0.0028657090647684464,1.51759,1.5182,,,,,,,,,,,,,,,,,,
2013-03-01,0.0028291150267210044,1.50314,1.50384,,,,,,,,,,,,,,,,,,
2013-03-04,0.0027607920513752723,1.50638,1.50854,,,,,,,,,,,,,,,,,,
2013-03-05,0.002805264315040698,1.51554,1.51031,,,,,,,,,,,,,,,,,,
2013-03-06,0.0028267171181191823,1.50798,1.50185,,,,,,,,,,,,,,,,,,
2013-03-07,0.002762644228210876,1.50596,1.50251,,,,,,,,,,,,,,,,,,
2013-03-08,0.0028773758708058607,1.49277,1.49405,,,,,,,,,,,,,,,,,,
2013-03-11,0.0028163803701202615,1.48763,1.4899,,,,,,,,,,,,,,,,,,
2013-03-12,0.002742432149813883,1.48772,1.48797,,,,,,,,,,,,,,,,,,
2013-03-13,0.002689413523750871,1.49687,1.49215,132.0,-0.004036541824719908,1.49084,1.49117,1.49165,1.49208,,,,,,,,,,,,
2013-03-14,0.0026469687091880576,1.49452,1.50471,127.0,0.00409326252527037,1.50065,1.50149,1.50084,1.49996,155.0,0.00530533545130501,1.50247,1.50292,1.50339,1.50207,,,,,,
2013-03-15,0.002590392094582259,1.51555,1.51249,,,,,,,,,,,,,,,,,,
2013-03-18,0.0027420840387634704,1.51048,1.51116,,,,,,,,,,,,,,,,,,
2013-03-19,0.002633740041965892,1.51138,1.51166,,,,,,,,,,,,,,,,,,
2013-03-20,0.002578698009941433,1.51141,1.51311,135.0,0.004357276602266726,1.51801,1.51767,1.51794,1.51721,,,,,,,,,,,,
2013-03-21,0.002528807641752806,1.51885,1.51741,125.0,-0.003911911234859567,1.51292,1.51261,1.51358,1.51425,,,,,,,,,,,,
2013-03-22,0.0024825858368762773,1.5202,1.5233,,,,,,,,,,,,,,,,,,
2013-03-25,0.00246696124947528,1.5215,1.51808,162.0,-0.00378632438518577,1.51575,1.51529,1.51479,1.51615,,,,,,,,,,,,
2013-03-26,0.002392426660762831,1.51494,1.51558,,,,,,,,,,,,,,,,,,
2013-03-27,0.0023981202976382523,1.50984,1.51122,,,,,,,,,,,,,,,,,,
2013-03-28,0.0023519173262519515,1.51245,1.51809,,,,,,,,,,,,,,,,,,
2013-03-29,0.0023089525721284327,1.51949,1.51865,,,,,,,,,,,,,,,,,,
2013-04-01,0.00231377201858864,1.519,1.52297,,,,,,,,,,,,,,,,,,
2013-04-02,0.0022240750501370346,1.51713,1.51131,106.0,-0.003380500654214696,1.51201,1.51211,1.51269,1.51301,,,,,,,,,,,,
2013-04-03,0.00220820424381662,1.51256,1.51378,,,,,,,,,,,,,,,,,,
2013-04-04,0.0024558703376562196,1.51064,1.51966,122.0,0.004280398640431144,1.51712,1.51831,1.51698,1.51679,123.0,0.00506447210677024,1.51831,1.5178,1.51753,1.51668,,,,,,
2013-04-05,0.0024382461254555577,1.52218,1.53349,31.0,0.004274183137952909,1.5287,1.53093,1.52989,1.52862,32.0,0.0057318759928870035,1.53093,1.53191,1.52935,1.52888,33.0,0.006371804969551439,1.53191,1.53158,1.52923,1.52968
2013-04-08,0.002484825229643973,1.53142,1.52564,,,,,,,,,,,,,,,,,,
2013-04-09,0.0025174341625243154,1.53025,1.53162,,,,,,,,,,,,,,,,,,
2013-04-10,0.0025115024477572277,1.53213,1.53125,,,,,,,,,,,,,,,,,,
2013-04-11,0.0025106495838182023,1.54037,1.53998,,,,,,,,,,,,,,,,,,
2013-04-12,0.002456960365852442,1.5365,1.53632,,,,,,,,,,,,,,,,,,
2013-04-15,0.0024661675638595988,1.53373,1.53128,,,,,,,,,,,,,,,,,,
2013-04-16,0.0024154017925405143,1.53083,1.53132,,,,,,,,,,,,,,,,,,
2013-04-17,0.0023800676622234077,1.52351,1.52528,,,,,,,,,,,,,,,,,,
2013-04-18,0.0023932865079821777,1.52601,1.52858,,,,,,,,,,,,,,,,,,
2013-04-19,0.0024700455670622953,1.53359,1.52495,166.0,-0.0038480557333861348,1.5277,1.52755,1.52644,,179.0,-0.005190843365348448,1.52565,1.52567,,,,,,,,
2013-04-22,0.002441868036872663,1.52303,1.52611,,,,,,,,,,,,,,,,,,
2013-04-23,0.00237807056718669,1.52585,1.52651,,,,,,,,,,,,,,,,,,
2013-04-24,0.0023399088392953658,1.52618,1.52544,,,,,,,,,,,,,,,,,,
2013-04-25,0.002305650389376642,1.54488,1.54325,,,,,,,,,,,,,,,,,,
2013-04-26,0.002359389398174051,1.54671,1.5475,,,,,,,,,,,,,,,,,,
2013-04-29,0.0025090916991717138,1.5519,1.54944,,,,,,,,,,,,,,,,,,
2013-04-30,0.0024225866346724912,1.54826,1.55397,150.0,0.003687662129376074,1.55398,1.55359,1.55303,1.55451,174.0,0.004864590610872881,1.55581,1.55542,1.55629,,,,,,,
2013-05-01,0.002391065108328938,1.55722,1.55739,,,,,,,,,,,,,,,,,,
2013-05-02,0.002367347963433802,1.55794,1.55175,149.0,-0.004129340221468402,1.55152,1.5514,1.55152,1.55159,173.0,-0.004761178440331289,1.55054,1.55078,1.55091,,,,,,,
2013-05-03,0.0023299717809179923,1.55509,1.55588,32.0,-0.0034978697391921682,1.54966,1.55033,1.54845,1.54951,,,,,,,,,,,,
2013-05-06,0.002289683521771388,1.55608,1.55357,,,,,,,,,,,,,,,,,,
2013-05-07,0.0022149086696358193,1.55256,1.54658,156.0,-0.003749225992741429,1.54675,1.54668,1.54659,1.54649,165.0,-0.00491363405521637,1.54495,1.54552,1.54652,1.54699,,,,,,
2013-05-08,0.002185798269047671,1.55077,1.55616,166.0,0.003463240364942686,1.55615,1.55605,1.5567,,,,,,,,,,,,,
2013-05-09,0.0021944107244590946,1.55719,1.55039,76.0,-0.003499588639232013,1.55175,1.55137,1.55038,1.54966,80.0,-0.00456992118925159,1.55009,1.55038,1.55026,1.54897,94.0,-0.005589736678140971,1.54851,1.54897,1.54866,1.54979
2013-05-10,0.0021954356279453727,1.53784,1.53344,,,,,,,,,,,,,,,,,,
2013-05-13,0.0022638869448512937,1.53737,1.52907,,,,,,,,,,,,,,,,,,
2013-05-14,0.0022451819927297597,1.52938,1.52539,138.0,-0.0034386690550831872,1.52413,1.52414,1.52347,1.52383,,,,,,,,,,,,
2013-05-15,0.002212027439754791,1.52033,1.5206,106.0,0.003453803927071436,1.52559,1.52549,1.52586,1.52486,,,,,,,,,,,,
2013-05-16,0.002280794454400358,1.52371,1.52999,123.0,0.0035573354250756886,1.52914,1.52888,1.52888,1.52701,165.0,0.004635791572714503,1.53079,1.53069,1.53045,1.53054,,,,,,
2013-05-17,0.0022393941809951963,1.52394,1.51713,79.0,-0.003609008679959101,1.51845,1.51813,1.51828,1.51786,115.0,-0.0049995499299251775,1.51634,1.51682,1.51819,1.51936,,,,,,
2013-05-20,0.0021979932044847356,1.52007,1.52217,,,,,,,,,,,,,,,,,,
2013-05-21,0.0021869853612760857,1.51425,1.51669,,,,,,,,,,,,,,,,,,
2013-05-22,0.0021770197992177745,1.51018,1.50357,129.0,0.0033845901395203495,1.5153,1.51529,1.51295,1.50969,,,,,,,,,,,,
2013-05-23,0.0022356093461267227,1.50761,1.51217,,,,,,,,,,,,,,,,,,
2013-05-24,0.0023878021146272006,1.51119,1.51214,,,,,,,,,,,,,,,,,,
2013-05-27,0.002366413858304025,1.51204,1.50947,,,,,,,,,,,,,,,,,,
2013-05-28,0.0022911914571728666,1.51138,1.50614,138.0,-0.003884787278143704,1.50552,1.50542,1.50482,1.5052,157.0,-0.004635640328958793,1.50439,1.50405,1.50408,1.50512,,,,,,
2013-05-29,0.0022730461974755003,1.51053,1.51167,,,,,,,,,,,,,,,,,,
2013-05-30,0.0022535204803530817,1.51208,1.52047,88.0,0.0036900776256118175,1.51767,1.51742,1.51809,1.5166,90.0,0.004743769926437865,1.51927,1.51902,1.51785,1.51565,138.0,0.005677992813106256,1.52069,1.52071,1.5211,1.52056
2013-05-31,0.002328432712482661,1.52107,1.51768,121.0,-0.0037675991899592644,1.51535,1.51542,1.51578,1.51678,,,,,,,,,,,,
2013-06-03,0.0023756687765962617,1.52541,1.5348,,,,,,,,,,,,,,,,,,
2013-06-04,0.0022838931007893052,1.53016,1.53023,,,,,,,,,,,,,,,,,,
2013-06-05,0.0023755670465422643,1.53556,1.53917,,,,,,,,,,,,,,,,,,
2013-06-06,0.002325630512896994,1.54477,1.5592,165.0,0.0034895703824271073,1.55017,1.55118,1.55055,1.55163,176.0,0.004978620340897786,1.55248,1.55235,,,,,,,,
2013-06-07,0.0023413433213273272,1.55693,1.55506,60.0,-0.0037902599132838798,1.55104,1.55177,1.55323,1.55178,84.0,-0.004764274445694629,1.54953,1.55001,1.5501,1.55085,,,,,,
2013-06-10,0.0027342596533277454,1.5536,1.5554,,,,,,,,,,,,,,,,,,
2013-06-11,0.0026430327058988177,1.55419,1.5587,129.0,0.004083813633940861,1.56055,1.56129,1.56103,1.56215,140.0,0.0056525418453897,1.563,1.56413,1.56168,1.56164,,,,,,
2013-06-12,0.002622550297705163,1.56444,1.5691,,,,,,,,,,,,,,,,,,
2013-06-13,0.002593653249326809,1.56628,1.56921,,,,,,,,,,,,,,,,,,
2013-06-14,0.002555568461248977,1.5627,1.5682,167.0,0.0039341465244920335,1.56886,1.56893,1.56925,,,,,,,,,,,,,
2013-06-17,0.002509827538409229,1.57229,1.57101,,,,,,,,,,,,,,,,,,
2013-06-18,0.002405970321170431,1.56294,1.56247,49.0,-0.0037692352317269424,1.55706,1.55657,1.55739,1.55737,,,,,,,,,,,,
2013-06-19,0.0023547762925648667,1.56492,1.56531,,,,,,,,,,,,,,,,,,
2013-06-20,0.00236599194891029,1.54624,1.5468,,,,,,,,,,,,,,,,,,
2013-06-21,0.0026055728123045674,1.54484,1.53749,159.0,-0.003962944247364795,1.53873,1.53881,1.5385,1.53941,,,,,,,,,,,,
2013-06-24,0.002589568268387018,1.53665,1.54062,102.0,0.004039596078827425,1.54287,1.54286,1.54133,1.54024,,,,,,,,,,,,
2013-06-25,0.002608895677989021,1.54626,1.54191,,,,,,,,,,,,,,,,,,
2013-06-26,0.0025999825445112605,1.53579,1.53317,,,,,,,,,,,,,,,,,,
2013-06-27,0.0025578261798006167,1.52888,1.52334,135.0,-0.00409633836335107,1.52263,1.52264,1.52161,1.52166,166.0,-0.0051740025650050805,1.52099,1.52102,1.52121,,,,,,,
2013-06-28,0.002561165804874706,1.52411,1.52043,177.0,-0.004115773275662348,1.51785,1.5172,,,,,,,,,,,,,,
2013-07-01,0.00255834776404424,1.52186,1.52439,,,,,,,,,,,,,,,,,,
2013-07-02,0.0024903629938105775,1.51759,1.51662,,,,,,,,,,,,,,,,,,
2013-07-03,0.002436783960177347,1.52632,1.5268,,,,,,,,,,,,,,,,,,
2013-07-04,0.002423487089631461,1.50977,1.50716,,,,,,,,,,,,,,,,,,
2013-07-05,0.002482437078602489,1.49817,1.49073,30.0,-0.007255073675206616,1.48734,1.48642,1.48775,1.48813,30.0,-0.007255073675206616,1.48734,1.48642,1.48775,1.48813,30.0,-0.007255073675206616,1.48734,1.48642,1.48775,1.48813
2013-07-08,0.002887948750045429,1.48982,1.49302,,,,,,,,,,,,,,,,,,
2013-07-09,0.0030121964740461664,1.4867,1.48355,,,,,,,,,,,,,,,,,,
2013-07-10,0.00297602043667403,1.49112,1.49289,,,,,,,,,,,,,,,,,,
2013-07-11,0.0029290642554640504,1.51261,1.51242,,,,,,,,,,,,,,,,,,
2013-07-12,0.0033987309675414085,1.5092,1.51014,,,,,,,,,,,,,,,,,,
2013-07-15,0.003361670393191119,1.50396,1.50871,,,,,,,,,,,,,,,,,,
2013-07-16,0.0032719395757241443,1.50825,1.51203,,,,,,,,,,,,,,,,,,
2013-07-17,0.0032057343091767107,1.52162,1.51758,,,,,,,,,,,,,,,,,,
2013-07-18,0.0031372866038817207,1.52182,1.51897,,,,,,,,,,,,,,,,,,
2013-07-19,0.0031288571007011086,1.52633,1.52571,,,,,,,,,,,,,,,,,,
2013-07-22,0.0030796300647378473,1.533,1.53653,,,,,,,,,,,,,,,,,,
2013-07-23,0.0029593173516441426,1.53329,1.53533,,,,,,,,,,,,,,,,,,
2013-07-24,0.0029498962987522036,1.53533,1.53615,,,,,,,,,,,,,,,,,,
2013-07-25,0.0028878438888322437,1.52982,1.53301,,,,,,,,,,,,,,,,,,
2013-07-26,0.00283707098124169,1.54008,1.53694,,,,,,,,,,,,,,,,,,
2013-07-29,0.002827884391371794,1.53715,1.53466,,,,,,,,,,,,,,,,,,
2013-07-30,0.002713633294384467,1.53162,1.52423,140.0,-0.0042529032873080365,1.52512,1.52543,1.52505,1.52557,,,,,,,,,,,,
2013-07-31,0.0027071701103830092,1.52,1.51812,31.0,-0.0047745378821332915,1.51276,1.51358,1.51303,1.51446,,,,,,,,,,,,
2013-08-01,0.0027452257796246504,1.52288,1.51401,120.0,-0.004851262974308653,1.51551,1.51576,1.51429,1.51453,123.0,-0.0055971646752888005,1.51438,1.51486,1.51518,1.51483,,,,,,
2013-08-02,0.0027355252755262597,1.51604,1.52721,30.0,0.004363700728689136,1.52267,1.52155,1.52226,1.52632,40.0,0.005807488427726677,1.52487,1.526,1.52632,1.52662,47.0,0.006947918768796905,1.52661,1.526,1.52647,1.52517
2013-08-05,0.002705201110189197,1.53421,1.53445,,,,,,,,,,,,,,,,,,
2013-08-06,0.002872184280135104,1.53456,1.53604,,,,,,,,,,,,,,,,,,
2013-08-07,0.0028711791446000457,1.5459,1.55104,,,,,,,,,,,,,,,,,,
2013-08-08,0.002811219919220573,1.55037,1.55522,158.0,0.0043443490510131615,1.55712,1.55688,1.55669,1.55614,,,,,,,,,,,,
2013-08-09,0.0029883354408279925,1.55215,1.55028,,,,,,,,,,,,,,,,,,
2013-08-12,0.002945211359480886,1.54758,1.54746,,,,,,,,,,,,,,,,,,
2013-08-13,0.002833787671814276,1.54545,1.54484,,,,,,,,,,,,,,,,,,
2013-08-14,0.0027842258748697526,1.54966,1.55293,,,,,,,,,,,,,,,,,,
2013-08-15,0.002728606834110232,1.55842,1.55702,137.0,-0.0041989445388229945,1.55189,1.55254,1.55313,1.55492,,,,,,,,,,,,
2013-08-16,0.00272653027328603,1.56343,1.56205,,,,,,,,,,,,,,,,,,
2013-08-19,0.0027738304842978316,1.56465,1.56633,,,,,,,,,,,,,,,,,,
2013-08-20,0.002658475050765794,1.56623,1.56772,,,,,,,,,,,,,,,,,,
2013-08-21,0.0026054921161766877,1.56918,1.56785,,,,,,,,,,,,,,,,,,
2013-08-22,0.0025502764330849895,1.55813,1.55827,,,,,,,,,,,,,,,,,,
2013-08-23,0.0025396796571694313,1.55501,1.55745,,,,,,,,,,,,,,,,,,
2013-08-26,0.002488820495755566,1.55625,1.55663,,,,,,,,,,,,,,,,,,
2013-08-27,0.0023903709463545986,1.55043,1.55258,,,,,,,,,,,,,,,,,,
2013-08-28,0.002341186194526489,1.54475,1.55215,46.0,0.003779867843769656,1.5506,1.55049,1.54959,1.55325,54.0,0.005023773351342668,1.55253,1.55252,1.55352,1.55207,60.0,0.006221100750958294,1.55439,1.55325,1.55317,1.55175
2013-08-29,0.002315729281547589,1.55067,1.54879,,,,,,,,,,,,,,,,,,
2013-08-30,0.002268894115051254,1.54932,1.54683,,,,,,,,,,,,,,,,,,
2013-09-02,0.002235631618658302,1.55782,1.553,,,,,,,,,,,,,,,,,,
2013-09-03,0.002170263048868108,1.55476,1.55415,,,,,,,,,,,,,,,,,,
2013-09-04,0.002125474371529972,1.56079,1.56409,,,,,,,,,,,,,,,,,,
2013-09-05,0.002081933376903348,1.56463,1.55922,122.0,-0.0032264081095934316,1.55959,1.55958,1.55971,1.55814,146.0,-0.0046187683205492725,1.55742,1.55756,1.55752,1.55794,,,,,,
2013-09-06,0.0020695171668613215,1.55845,1.56309,30.0,0.004245203316129208,1.56508,1.56543,1.56515,1.56473,30.0,0.004245203316129208,1.56508,1.56543,1.56515,1.56473,,,,,,
2013-09-09,0.002028571685929128,1.56819,1.57219,142.0,0.0030816076748372617,1.57303,1.57227,1.57191,1.57159,,,,,,,,,,,,
2013-09-10,0.0019519059683862179,1.56914,1.57323,,,,,,,,,,,,,,,,,,
2013-09-11,0.0019514328569901667,1.57734,1.58003,,,,,,,,,,,,,,,,,,
2013-09-12,0.0019233168089625354,1.57968,1.58144,,,,,,,,,,,,,,,,,,
2013-09-13,0.0020041516962778475,1.58158,1.58603,47.0,0.003011432452622164,1.58635,1.58625,1.58525,1.58638,,,,,,,,,,,,
2013-09-16,0.0019781170535560725,1.59279,1.59262,,,,,,,,,,,,,,,,,,
2013-09-17,0.002038696681571274,1.59129,1.58983,,,,,,,,,,,,,,,,,,
2013-09-18,0.0020327921468774744,1.59654,1.59627,,,,,,,,,,,,,,,,,,
2013-09-19,0.001976337950158646,1.60778,1.6041,,,,,,,,,,,,,,,,,,
2013-09-20,0.0025530440681419677,1.60212,1.60206,,,,,,,,,,,,,,,,,,
2013-09-23,0.0025877478615357716,1.60433,1.60381,,,,,,,,,,,,,,,,,,
2013-09-24,0.0024949673477967266,1.59794,1.60033,,,,,,,,,,,,,,,,,,
2013-09-25,0.002443338142766689,1.6048,1.60763,,,,,,,,,,,,,,,,,,
2013-09-26,0.002406505522069166,1.60358,1.60095,,,,,,,,,,,,,,,,,,
2013-09-27,0.0024200869635178225,1.61059,1.61325,,,,,,,,,,,,,,,,,,
2013-09-30,0.002376178687091028,1.61398,1.61765,,,,,,,,,,,,,,,,,,
2013-10-01,0.0023738162295996713,1.6229,1.62021,,,,,,,,,,,,,,,,,,
2013-10-02,0.0023375084568894623,1.6198,1.62209,,,,,,,,,,,,,,,,,,
2013-10-03,0.002299089774527382,1.61981,1.61699,,,,,,,,,,,,,,,,,,
2013-10-04,0.0022742680955320288,1.60422,1.60647,,,,,,,,,,,,,,,,,,
2013-10-07,0.002255132224565055,1.60708,1.60798,,,,,,,,,,,,,,,,,,
2013-10-08,0.0024245756021977326,1.61036,1.60825,,,,,,,,,,,,,,,,,,
2013-10-09,0.0023933741962514792,1.59561,1.5941,,,,,,,,,,,,,,,,,,
2013-10-10,0.0023414297072553375,1.5954,1.5972,,,,,,,,,,,,,,,,,,
2013-10-11,0.0025101616548434285,1.59699,1.59437,,,,,,,,,,,,,,,,,,
2013-10-14,0.002497369918512533,1.59869,1.59955,,,,,,,,,,,,,,,,,,
2013-10-15,0.002410248545389632,1.59344,1.59734,,,,,,,,,,,,,,,,,,
2013-10-16,0.0023611099590269457,1.60341,1.59011,122.0,-0.0037052237248114514,1.59748,1.5976,1.59821,1.5965,162.0,-0.004776232987134321,1.59577,1.59525,1.59357,1.59329,167.0,-0.006155828984384864,1.59357,1.59375,1.59293,
2013-10-17,0.0023235102670261976,1.60895,1.61633,114.0,0.003561195459962093,1.61469,1.61476,1.61459,1.61433,,,,,,,,,,,,
2013-10-18,0.0022702421830157137,1.61869,1.61811,,,,,,,,,,,,,,,,,,
2013-10-21,0.0025070096448053004,1.61511,1.61466,,,,,,,,,,,,,,,,,,
2013-10-22,0.0024053639263381136,1.61359,1.62177,32.0,0.004439834646991368,1.62077,1.62012,1.61948,1.61696,160.0,0.004890136449330532,1.6215,1.62164,1.62247,1.62191,,,,,,
2013-10-23,0.002374658015685234,1.61492,1.61663,,,,,,,,,,,,,,,,,,
2013-10-24,0.002476503831757247,1.61622,1.61855,,,,,,,,,,,,,,,,,,
2013-10-25,0.0024512213946497265,1.61721,1.61569,,,,,,,,,,,,,,,,,,
2013-10-28,0.002399513711286822,1.61866,1.61295,,,,,,,,,,,,,,,,,,
2013-10-29,0.0023084042444410334,1.6066,1.60557,,,,,,,,,,,,,,,,,,
2013-10-30,0.0023479092103219274,1.60611,1.60722,,,,,,,,,,,,,,,,,,
2013-10-31,0.002338017100602327,1.60378,1.60598,,,,,,,,,,,,,,,,,,
2013-11-01,0.002289476979375401,1.5954,1.59174,,,,,,,,,,,,,,,,,,
2013-11-04,0.0022394215644211827,1.59539,1.59477,,,,,,,,,,,,,,,,,,
2013-11-05,0.0022579888713434026,1.60357,1.60374,,,,,,,,,,,,,,,,,,
2013-11-06,0.002222687402987952,1.60907,1.60865,,,,,,,,,,,,,,,,,,
2013-11-07,0.0023405932022160796,1.60284,1.6081,,,,,,,,,,,,,,,,,,
2013-11-08,0.0022939072359316084,1.60257,1.5997,77.0,-0.003475459651903482,1.59701,1.59718,1.59743,1.59651,,,,,,,,,,,,
2013-11-11,0.0022461326873561985,1.59737,1.5977,,,,,,,,,,,,,,,,,,
2013-11-12,0.0022042730549197862,1.59138,1.59112,,,,,,,,,,,,,,,,,,
2013-11-13,0.002168466848424159,1.59749,1.60233,162.0,0.003786273985712777,1.60355,1.60382,1.60364,1.60286,,,,,,,,,,,,
2013-11-14,0.002206578063474278,1.60789,1.60705,,,,,,,,,,,,,,,,,,
2013-11-15,0.0023524993198342573,1.61111,1.61025,,,,,,,,,,,,,,,,,,
2013-11-18,0.002317190039518958,1.61074,1.61013,,,,,,,,,,,,,,,,,,
2013-11-19,0.0022427707383788666,1.61076,1.61196,,,,,,,,,,,,,,,,,,
2013-11-20,0.002202477957103819,1.61576,1.61291,,,,,,,,,,,,,,,,,,
2013-11-21,0.0021570224263433055,1.61128,1.61565,,,,,,,,,,,,,,,,,,
2013-11-22,0.002125473562414021,1.61987,1.62067,,,,,,,,,,,,,,,,,,
2013-11-25,0.0022057029047181024,1.61685,1.61443,,,,,,,,,,,,,,,,,,
2013-11-26,0.0021300843704496206,1.61521,1.61874,,,,,,,,,,,,,,,,,,
2013-11-27,0.002131532089190971,1.63147,1.62706,180.0,-0.0034691450048736816,1.62582,,,,,,,,,,,,,,,
2013-11-28,0.002126597426261049,1.6345,1.63326,,,,,,,,,,,,,,,,,,
2013-11-29,0.002200970522029223,1.6333,1.63645,,,,,,,,,,,,,,,,,,
2013-12-02,0.0021712482393601027,1.63653,1.63549,,,,,,,,,,,,,,,,,,
2013-12-03,0.002112231831105632,1.64009,1.64045,,,,,,,,,,,,,,,,,,
2013-12-04,0.0021062069995146523,1.63354,1.63852,,,,,,,,,,,,,,,,,,
2013-12-05,0.0020711472798569026,1.63516,1.63259,138.0,-0.0031115655196217707,1.63008,1.63022,1.63061,1.63159,,,,,,,,,,,,
2013-12-06,0.002030885197328062,1.63395,1.63389,,,,,,,,,,,,,,,,,,
2013-12-09,0.0020167706850799235,1.63769,1.64045,,,,,,,,,,,,,,,,,,
2013-12-10,0.0019359547382361204,1.64431,1.64321,,,,,,,,,,,,,,,,,,
2013-12-11,0.0020352384813645463,1.63843,1.63919,,,,,,,,,,,,,,,,,,
2013-12-12,0.0019965692848890938,1.63542,1.63357,,,,,,,,,,,,,,,,,,
2013-12-13,0.00202618890530187,1.62947,1.62882,,,,,,,,,,,,,,,,,,
2013-12-16,0.001990618168836056,1.63078,1.63015,,,,,,,,,,,,,,,,,,
2013-12-17,0.0019263829242217542,1.62833,1.62593,65.0,-0.0029521587559711245,1.62353,1.62343,1.62313,1.62255,,,,,,,,,,,,
2013-12-18,0.001889799297630563,1.63758,1.63831,,,,,,,,,,,,,,,,,,
2013-12-19,0.0018635780699751063,1.63499,1.6376,,,,,,,,,,,,,,,,,,
2013-12-20,0.0019152713908004862,1.63356,1.63552,95.0,0.0028913326070301292,1.63829,1.63855,1.63847,1.63886,,,,,,,,,,,,
2013-12-23,0.0018776338645904844,1.63369,1.63555,,,,,,,,,,,,,,,,,,
2013-12-24,0.0018148566560858084,1.63674,1.63711,,,,,,,,,,,,,,,,,,
2013-12-26,0.0017776252924742789,1.64117,1.64139,,,,,,,,,,,,,,,,,,
2013-12-27,0.0017440069616004414,1.65167,1.649,,,,,,,,,,,,,,,,,,
2013-12-30,0.0017782407079765465,1.64909,1.65121,,,,,,,,,,,,,,,,,,
2013-12-31,0.001724498438382408,1.65334,1.65616,165.0,0.002633615130021787,1.6577,1.65743,1.65746,1.65691,,,,,,,,,,,,
2014-01-02,0.0016892549287056153,1.64821,1.64393,59.0,-0.003263399076752231,1.64284,1.64225,1.64377,1.64484,60.0,-0.003622597763146708,1.64225,1.64277,1.64413,1.64421,,,,,,
2014-01-03,0.001991182365758121,1.64123,1.64261,,,,,,,,,,,,,,,,,,
2014-01-06,0.0020808782533556663,1.63898,1.64129,,,,,,,,,,,,,,,,,,
2014-01-07,0.0020666674238604714,1.64111,1.64233,,,,,,,,,,,,,,,,,,
2014-01-08,0.002052797677236124,1.64296,1.64428,,,,,,,,,,,,,,,,,,
2014-01-09,0.0020386143697979113,1.64644,1.64579,,,,,,,,,,,,,,,,,,
2014-01-10,0.002025675621045827,1.6477,1.647,,,,,,,,,,,,,,,,,,
2014-01-13,0.002014001190566487,1.63592,1.63651,,,,,,,,,,,,,,,,,,
2014-01-14,0.001977921703060826,1.64214,1.64489,,,,,,,,,,,,,,,,,,
2014-01-15,0.002028255942972626,1.6346,1.63566,,,,,,,,,,,,,,,,,,
2014-01-16,0.002015996881972472,1.63699,1.6342,,,,,,,,,,,,,,,,,,
2014-01-17,0.0020119181430946504,1.64413,1.6406,,,,,,,,,,,,,,,,,,
2014-01-20,0.002000373210559496,1.64304,1.64225,,,,,,,,,,,,,,,,,,
2014-01-21,0.0020105036924259537,1.64788,1.64744,,,,,,,,,,,,,,,,,,
2014-01-22,0.0019930557379444196,1.65706,1.65692,,,,,,,,,,,,,,,,,,
2014-01-23,0.0019908205836318095,1.66133,1.66141,,,,,,,,,,,,,,,,,,
2014-01-24,0.002008139559205979,1.6527,1.65054,,,,,,,,,,,,,,,,,,
2014-01-27,0.0020135053811181237,1.65759,1.65791,,,,,,,,,,,,,,,,,,
2014-01-28,0.00209491179782355,1.65958,1.65665,,,,,,,,,,,,,,,,,,
2014-01-29,0.002128350454822518,1.65487,1.65679,,,,,,,,,,,,,,,,,,
2014-01-30,0.00211338383790834,1.65076,1.64811,,,,,,,,,,,,,,,,,,
2014-01-31,0.002093219985120959,1.64756,1.6456,,,,,,,,,,,,,,,,,,
2014-02-03,0.002111166378982816,1.63451,1.63088,,,,,,,,,,,,,,,,,,
2014-02-04,0.002076351426123657,1.63016,1.63211,,,,,,,,,,,,,,,,,,
2014-02-05,0.002160504562037047,1.6268,1.63183,,,,,,,,,,,,,,,,,,
2014-02-06,0.002153531214160158,1.6299,1.6336,,,,,,,,,,,,,,,,,,
2014-02-07,0.0021375062947176587,1.63491,1.63889,,,,,,,,,,,,,,,,,,
2014-02-10,0.0021190111651123032,1.64079,1.64064,,,,,,,,,,,,,,,,,,
2014-02-11,0.002114187159254231,1.64416,1.64575,,,,,,,,,,,,,,,,,,
2014-02-12,0.0020960361144237733,1.65458,1.65764,,,,,,,,,,,,,,,,,,
2014-02-13,0.0020743714352973027,1.66496,1.66425,,,,,,,,,,,,,,,,,,
2014-02-14,0.0021973427280294476,1.67065,1.67335,,,,,,,,,,,,,,,,,,
2014-02-17,0.0021797452206178056,1.67223,1.67052,,,,,,,,,,,,,,,,,,
2014-02-18,0.0021881145740623624,1.67025,1.66951,,,,,,,,,,,,,,,,,,
2014-02-19,0.0021801803799960198,1.66687,1.67229,,,,,,,,,,,,,,,,,,
2014-02-20,0.002167722939731383,1.66936,1.66465,177.0,-0.0034263357062689504,1.66365,1.66363,,,,,,,,,,,,,,
2014-02-21,0.00215108755526687,1.66764,1.66385,,,,,,,,,,,,,,,,,,
2014-02-24,0.002136416127244998,1.66227,1.66528,,,,,,,,,,,,,,,,,,
2014-02-25,0.0021071100123447677,1.67053,1.66965,82.0,-0.003273776757712933,1.66507,1.66484,1.66597,1.66745,,,,,,,,,,,,
2014-02-26,0.0020897689354735906,1.66753,1.66376,80.0,-0.0031653674257247242,1.66226,1.66238,1.66306,1.66346,,,,,,,,,,,,
2014-02-27,0.002071825928700731,1.66586,1.66816,,,,,,,,,,,,,,,,,,
2014-02-28,0.0020540484909191995,1.67197,1.67298,,,,,,,,,,,,,,,,,,
2014-03-03,0.002036186382257024,1.67201,1.6663,,,,,,,,,,,,,,,,,,
2014-03-04,0.002017954474343771,1.66963,1.66729,,,,,,,,,,,,,,,,,,
2014-03-05,0.002047617098931377,1.67066,1.67308,,,,,,,,,,,,,,,,,,
2014-03-06,0.002030774241371113,1.67204,1.67602,,,,,,,,,,,,,,,,,,
2014-03-07,0.0020214125894136084,1.67262,1.6727,,,,,,,,,,,,,,,,,,
2014-03-10,0.002007491856486723,1.66293,1.66301,,,,,,,,,,,,,,,,,,
2014-03-11,0.0019756120230032047,1.66071,1.66281,,,,,,,,,,,,,,,,,,
2014-03-12,0.00199619334038443,1.659,1.66056,,,,,,,,,,,,,,,,,,
2014-03-13,0.001980110010094263,1.67119,1.66766,,,,,,,,,,,,,,,,,,
2014-03-14,0.0019637264205327166,1.65871,1.66209,133.0,0.0030038458541245478,1.6637,1.66361,1.6633,1.66246,,,,,,,,,,,,
2014-03-17,0.0019473393291849696,1.6606,1.66428,124.0,0.002934387327818533,1.66548,1.66543,1.66559,1.66588,,,,,,,,,,,,
2014-03-18,0.0019223814381573922,1.66293,1.6573,51.0,-0.0031258777451569127,1.65774,1.65732,1.65778,1.65784,174.0,-0.004532394434179576,1.65541,1.65516,1.65575,,,,,,,
2014-03-19,0.00191041887529177,1.66496,1.66279,,,,,,,,,,,,,,,,,,
2014-03-20,0.0019075214085773544,1.65131,1.65072,,,,,,,,,,,,,,,,,,
2014-03-21,0.0019076789020186246,1.65051,1.64919,,,,,,,,,,,,,,,,,,
2014-03-24,0.0018947909277270262,1.64882,1.64886,,,,,,,,,,,,,,,,,,
2014-03-25,0.0018679360908094513,1.65004,1.6503,,,,,,,,,,,,,,,,,,
2014-03-26,0.0018545930591457867,1.65428,1.6564,,,,,,,,,,,,,,,,,,
2014-03-27,0.001847334594874742,1.66355,1.66078,,,,,,,,,,,,,,,,,,
2014-03-28,0.001845588114217909,1.66248,1.66377,,,,,,,,,,,,,,,,,,
2014-03-31,0.001838744368256065,1.66479,1.66731,,,,,,,,,,,,,,,,,,
2014-04-01,0.001812215388344518,1.66348,1.6638,,,,,,,,,,,,,,,,,,
2014-04-02,0.0018031422089274602,1.66527,1.66315,,,,,,,,,,,,,,,,,,
2014-04-03,0.0017940935580405618,1.65984,1.65818,,,,,,,,,,,,,,,,,,
2014-04-04,0.0017810485904681318,1.65589,1.659,62.0,0.002719908560697666,1.6604,1.65991,1.65938,1.65862,,,,,,,,,,,,
2014-04-07,0.0017903430854762168,1.65889,1.66142,,,,,,,,,,,,,,,,,,
2014-04-08,0.0017644340494349475,1.67144,1.67399,,,,,,,,,,,,,,,,,,
2014-04-09,0.0017603002712515488,1.67454,1.67487,,,,,,,,,,,,,,,,,,
2014-04-10,0.0018415459656873088,1.67683,1.67783,,,,,,,,,,,,,,,,,,
2014-04-11,0.0018434984351856246,1.67256,1.67319,,,,,,,,,,,,,,,,,,
2014-04-14,0.0018320258843044848,1.67074,1.67395,,,,,,,,,,,,,,,,,,
2014-04-15,0.0018138779450042248,1.67173,1.67223,,,,,,,,,,,,,,,,,,
2014-04-16,0.0018005155676519462,1.67904,1.67936,,,,,,,,,,,,,,,,,,
2014-04-17,0.0017850167779080983,1.68071,1.68057,,,,,,,,,,,,,,,,,,
2014-04-18,0.0018376341124442554,1.67878,1.67858,,,,,,,,,,,,,,,,,,
2014-04-21,0.0018317801143478403,1.68004,1.67898,,,,,,,,,,,,,,,,,,
2014-04-22,0.001803699853628911,1.68223,1.68279,,,,,,,,,,,,,,,,,,
2014-04-23,0.0017896826623124262,1.67968,1.67712,,,,,,,,,,,,,,,,,,
2014-04-24,0.0017837066159766767,1.67951,1.67955,,,,,,,,,,,,,,,,,,
2014-04-25,0.001782777257574871,1.68063,1.68054,,,,,,,,,,,,,,,,,,
2014-04-28,0.0017720904480881443,1.6843,1.6809,,,,,,,,,,,,,,,,,,
2014-04-29,0.001747456613338267,1.6808,1.68262,,,,,,,,,,,,,,,,,,
2014-04-30,0.0017384054197170458,1.68224,1.68801,167.0,0.0026417898787245275,1.68669,1.6865,1.68669,,179.0,0.003619559043119597,1.68834,1.68847,,,,,,,,
2014-05-01,0.0017285520874560137,1.69014,1.68979,,,,,,,,,,,,,,,,,,
2014-05-02,0.0017344432749890923,1.68671,1.68636,30.0,-0.0026833700686742586,1.68219,1.68322,1.68469,1.68355,,,,,,,,,,,,
2014-05-05,0.0017220861718033535,1.68571,1.68685,,,,,,,,,,,,,,,,,,
2014-05-06,0.001698636883699615,1.69731,1.69738,,,,,,,,,,,,,,,,,,
2014-05-07,0.0016857418444357504,1.697,1.69624,,,,,,,,,,,,,,,,,,
2014-05-08,0.0017257298082181934,1.69448,1.69435,,,,,,,,,,,,,,,,,,
2014-05-09,0.0017158261374433624,1.68621,1.68472,,,,,,,,,,,,,,,,,,
2014-05-12,0.0017088584354439903,1.68865,1.687,,,,,,,,,,,,,,,,,,
2014-05-13,0.0017119787317310148,1.68382,1.68365,,,,,,,,,,,,,,,,,,
2014-05-14,0.0017025405147771413,1.67756,1.67815,,,,,,,,,,,,,,,,,,
2014-05-15,0.0016957662982215842,1.67538,1.67873,134.0,0.0028787803847720394,1.68021,1.6796,1.67961,1.68001,,,,,,,,,,,,
2014-05-16,0.001713039800966023,1.67976,1.68261,,,,,,,,,,,,,,,,,,
2014-05-19,0.00170311514187444,1.68363,1.68173,,,,,,,,,,,,,,,,,,
2014-05-20,0.00168466701339665,1.68253,1.68451,,,,,,,,,,,,,,,,,,
2014-05-21,0.0016738396696062232,1.68922,1.68737,,,,,,,,,,,,,,,,,,
2014-05-22,0.0016650482967520942,1.68679,1.68562,,,,,,,,,,,,,,,,,,
2014-05-23,0.0016680614292769666,1.68391,1.68181,,,,,,,,,,,,,,,,,,
2014-05-26,0.0016591195279720876,1.68409,1.68415,,,,,,,,,,,,,,,,,,
2014-05-27,0.0016442334410058422,1.68181,1.67986,,,,,,,,,,,,,,,,,,
2014-05-28,0.0016386688410027163,1.67464,1.67078,134.0,-0.00261292679701773,1.67027,1.6701,1.66982,1.6706,,,,,,,,,,,,
2014-05-29,0.0016432163178313707,1.67133,1.6716,,,,,,,,,,,,,,,,,,
2014-05-30,0.00167833951043387,1.6737,1.67607,,,,,,,,,,,,,,,,,,
2014-06-03,0.001668057666423607,1.67522,1.67506,,,,,,,,,,,,,,,,,,
2014-06-04,0.0016481445874104602,1.67579,1.67456,,,,,,,,,,,,,,,,,,
2014-06-05,0.0016407872957233467,1.67463,1.67949,140.0,0.0026061327417713537,1.679,1.67878,1.68011,1.67868,144.0,0.0035407762314385756,1.68057,1.68011,1.67891,1.67849,,,,,,
2014-06-06,0.0016335492386535479,1.68214,1.67923,,,,,,,,,,,,,,,,,,
2014-06-09,0.0016514850909082176,1.68048,1.67947,,,,,,,,,,,,,,,,,,
2014-06-10,0.0016309318662092805,1.6775,1.67508,,,,,,,,,,,,,,,,,,
2014-06-11,0.0016200634797540953,1.67803,1.67926,,,,,,,,,,,,,,,,,,
2014-06-12,0.0016358398801332493,1.68137,1.68502,,,,,,,,,,,,,,,,,,
2014-06-13,0.001641137882447709,1.69536,1.69534,,,,,,,,,,,,,,,,,,
2014-06-16,0.0017548483500879363,1.69671,1.69839,,,,,,,,,,,,,,,,,,
2014-06-17,0.0017335113334138571,1.69743,1.69614,,,,,,,,,,,,,,,,,,
2014-06-18,0.0017227960869100369,1.6943,1.6948,,,,,,,,,,,,,,,,,,
2014-06-19,0.001710448134046538,1.70305,1.70447,,,,,,,,,,,,,,,,,,
2014-06-20,0.0017033345847260325,1.70373,1.7011,,,,,,,,,,,,,,,,,,
2014-06-23,0.0017070986771049,1.70082,1.70101,,,,,,,,,,,,,,,,,,
2014-06-24,0.001692102681228071,1.69881,1.69682,,,,,,,,,,,,,,,,,,
2014-06-25,0.0016814603603842757,1.69708,1.69835,,,,,,,,,,,,,,,,,,
2014-06-26,0.001681501084279559,1.70231,1.70142,,,,,,,,,,,,,,,,,,
2014-06-27,0.0016706558316865164,1.70208,1.70156,,,,,,,,,,,,,,,,,,
2014-06-30,0.0016739098118207232,1.70426,1.71024,163.0,0.002560880888774592,1.70863,1.70848,1.70806,1.70865,180.0,0.003444239581047292,1.71014,,,,,,,,,
2014-07-01,0.0016531344812557554,1.71469,1.71461,,,,,,,,,,,,,,,,,,
2014-07-02,0.0016794475726213678,1.71649,1.71627,,,,,,,,,,,,,,,,,,
2014-07-03,0.0016785985574725459,1.71345,1.71506,,,,,,,,,,,,,,,,,,
2014-07-04,0.001667685430469225,1.71398,1.7159,,,,,,,,,,,,,,,,,,
2014-07-07,0.0016569652305032944,1.71267,1.71268,,,,,,,,,,,,,,,,,,
2014-07-08,0.0016369094491482015,1.71166,1.71236,,,,,,,,,,,,,,,,,,
2014-07-09,0.0016271374625121135,1.71074,1.71285,,,,,,,,,,,,,,,,,,
2014-07-10,0.0016175384455618818,1.71094,1.71191,,,,,,,,,,,,,,,,,,
2014-07-11,0.0016113843855763725,1.71273,1.71064,,,,,,,,,,,,,,,,,,
2014-07-14,0.0016046524307067984,1.71067,1.7077,,,,,,,,,,,,,,,,,,
2014-07-15,0.001591666766575302,1.71595,1.71465,,,,,,,,,,,,,,,,,,
2014-07-16,0.00158967581232543,1.71256,1.71279,,,,,,,,,,,,,,,,,,
2014-07-17,0.001601011971325739,1.70945,1.71036,,,,,,,,,,,,,,,,,,
2014-07-18,0.0015909832383056344,1.70874,1.70667,58.0,-0.0026780681186171756,1.70417,1.70425,1.70476,1.70429,,,,,,,,,,,,
2014-07-21,0.0015929440445877183,1.70739,1.70641,,,,,,,,,,,,,,,,,,
2014-07-22,0.0015752812515398053,1.70599,1.70571,,,,,,,,,,,,,,,,,,
2014-07-23,0.0015684194681783456,1.70313,1.7035,,,,,,,,,,,,,,,,,,
2014-07-24,0.0015592782899899937,1.70099,1.69792,113.0,-0.0024663102333404717,1.6968,1.69681,1.69691,1.69701,,,,,,,,,,,,
2014-07-25,0.0015599828526649442,1.69822,1.69701,,,,,,,,,,,,,,,,,,
2014-07-28,0.0015640924037293173,1.69828,1.69889,,,,,,,,,,,,,,,,,,
2014-07-29,0.0015471322863866521,1.69492,1.69367,,,,,,,,,,,,,,,,,,
2014-07-30,0.0015386102046250354,1.69255,1.69007,,,,,,,,,,,,,,,,,,
2014-07-31,0.001536955765358753,1.68763,1.68851,,,,,,,,,,,,,,,,,,
2014-08-01,0.0015340770477256828,1.68265,1.68293,,,,,,,,,,,,,,,,,,
2014-08-04,0.0015377174462012902,1.68316,1.68391,,,,,,,,,,,,,,,,,,
2014-08-05,0.0015415551357923654,1.686,1.68698,,,,,,,,,,,,,,,,,,
2014-08-06,0.0015450233589226739,1.68278,1.68321,,,,,,,,,,,,,,,,,,
2014-08-07,0.0015370863752164725,1.68393,1.6845,,,,,,,,,,,,,,,,,,
2014-08-08,0.0015315381495956454,1.68055,1.67744,,,,,,,,,,,,,,,,,,
2014-08-11,0.0015324156475099693,1.67854,1.67836,,,,,,,,,,,,,,,,,,
2014-08-12,0.0015276769115318293,1.67704,1.68025,,,,,,,,,,,,,,,,,,
2014-08-13,0.0015207096469164658,1.67058,1.66934,,,,,,,,,,,,,,,,,,
2014-08-14,0.001517713229875678,1.66784,1.6691,,,,,,,,,,,,,,,,,,
2014-08-15,0.001609910079352076,1.66903,1.66841,,,,,,,,,,,,,,,,,,
2014-08-18,0.001600138691626423,1.67237,1.67177,,,,,,,,,,,,,,,,,,
2014-08-19,0.0015882775346384116,1.66345,1.66192,,,,,,,,,,,,,,,,,,
2014-08-20,0.00157771564495295,1.66483,1.66307,,,,,,,,,,,,,,,,,,
2014-08-21,0.0016400866663248755,1.65896,1.65851,,,,,,,,,,,,,,,,,,
2014-08-22,0.0016382173739481378,1.65763,1.65755,,,,,,,,,,,,,,,,,,
2014-08-25,0.0016276694724503152,1.65869,1.65828,,,,,,,,,,,,,,,,,,
2014-08-26,0.001608680849221035,1.65698,1.65671,,,,,,,,,,,,,,,,,,
2014-08-27,0.001607582220340824,1.65915,1.65723,,,,,,,,,,,,,,,,,,
2014-08-28,0.0016091015214481632,1.65845,1.65754,,,,,,,,,,,,,,,,,,
2014-08-29,0.0016091298198139376,1.65827,1.65815,,,,,,,,,,,,,,,,,,
2014-09-01,0.0015997422809713956,1.6613,1.6612,,,,,,,,,,,,,,,,,,
2014-09-02,0.0015811257147761379,1.65299,1.64979,,,,,,,,,,,,,,,,,,
2014-09-03,0.0015716972318160637,1.64583,1.64487,,,,,,,,,,,,,,,,,,
2014-09-04,0.0016437728154729458,1.6423,1.63476,,,,,,,,,,,,,,,,,,
2014-09-05,0.0016305458293326249,1.62891,1.63122,101.0,0.002722041003180303,1.63335,1.63308,1.63255,1.63249,,,,,,,,,,,,
2014-09-08,0.0017513070483211371,1.6141,1.61399,159.0,0.002672838882273834,1.61842,1.6184,1.61748,1.61688,,,,,,,,,,,,
2014-09-09,0.001784600393466211,1.61061,1.60798,,,,,,,,,,,,,,,,,,
2014-09-10,0.0018909484646872615,1.6123,1.61298,,,,,,,,,,,,,,,,,,
2014-09-11,0.0018818594123353781,1.62499,1.62248,,,,,,,,,,,,,,,,,,
2014-09-12,0.0018987462030636566,1.62284,1.62411,,,,,,,,,,,,,,,,,,
2014-09-15,0.001891232684652696,1.62389,1.6239,,,,,,,,,,,,,,,,,,
2014-09-16,0.0018701730170193546,1.62028,1.62781,,,,,,,,,,,,,,,,,,
2014-09-17,0.0018549408199549414,1.63259,1.63278,,,,,,,,,,,,,,,,,,
2014-09-18,0.001842395772924515,1.63322,1.63664,41.0,0.0027820341454062106,1.63777,1.63747,1.6365,1.63831,145.0,0.003935376983853811,1.63966,1.63953,1.64061,1.63997,,,,,,
2014-09-19,0.0018224927415656023,1.63423,1.63137,,,,,,,,,,,,,,,,,,
2014-09-22,0.0020448790025345714,1.63368,1.63364,,,,,,,,,,,,,,,,,,
2014-09-23,0.0022128397103433057,1.64051,1.63665,,,,,,,,,,,,,,,,,,
2014-09-24,0.002197010130189841,1.64031,1.63409,139.0,-0.0033158412031957054,1.63488,1.63439,1.63432,1.63333,147.0,-0.004595040317548035,1.63279,1.63301,1.6328,1.63435,,,,,,
2014-09-25,0.002178604375842103,1.62832,1.63109,63.0,0.0033475399888047786,1.63378,1.63322,1.63325,1.63309,,,,,,,,,,,,
2014-09-26,0.002186705636813195,1.63043,1.6251,151.0,-0.0032805848461656814,1.62509,1.62422,1.62451,1.62469,,,,,,,,,,,,
2014-09-29,0.002168714617509885,1.62348,1.6269,,,,,,,,,,,,,,,,,,
2014-09-30,0.002146450381693472,1.6181,1.62138,,,,,,,,,,,,,,,,,,
2014-10-01,0.0021281023035701224,1.61859,1.62118,124.0,0.003780093361010738,1.62472,1.6247,1.62347,1.62296,,,,,,,,,,,,
2014-10-02,0.00212818087536031,1.61377,1.61301,,,,,,,,,,,,,,,,,,
2014-10-03,0.0021117932282819483,1.60691,1.59574,31.0,-0.003428589035887619,1.60141,1.60274,1.60248,1.60067,79.0,-0.00480332289775214,1.59921,1.59931,1.59853,1.59891,85.0,-0.00536000259926149,1.59832,1.59838,1.5986,1.59878
2014-10-06,0.002132377857706449,1.59926,1.6024,,,,,,,,,,,,,,,,,,
2014-10-07,0.0022274817336429514,1.6071,1.60713,94.0,0.003360658646061353,1.61251,1.61232,1.61113,1.61172,,,,,,,,,,,,
2014-10-08,0.0022230123375083237,1.6068,1.6064,,,,,,,,,,,,,,,,,,
2014-10-09,0.002201456509728839,1.62068,1.61247,,,,,,,,,,,,,,,,,,
2014-10-10,0.002236817399071881,1.60476,1.60434,,,,,,,,,,,,,,,,,,
2014-10-13,0.0022261286278414377,1.60942,1.60628,,,,,,,,,,,,,,,,,,
2014-10-14,0.002201695252183411,1.59161,1.59263,,,,,,,,,,,,,,,,,,
2014-10-15,0.0021845496222569305,1.59213,1.59606,51.0,0.0037989965196892146,1.59819,1.59816,1.5979,1.59849,62.0,0.0045995819905437696,1.59947,1.59933,1.59822,1.59878,93.0,0.005618150646079905,1.6011,1.60127,1.603,1.6003
2014-10-16,0.0022965514850775293,1.59791,1.60565,144.0,0.003492214793543642,1.6035,1.60224,1.60155,1.60436,,,,,,,,,,,,
2014-10-17,0.002307589752843042,1.61149,1.6083,115.0,-0.003468642751686756,1.60591,1.60642,1.6068,1.6074,,,,,,,,,,,,
2014-10-20,0.0023223536108165225,1.61262,1.61369,,,,,,,,,,,,,,,,,,
2014-10-21,0.002277329320493135,1.61539,1.61343,,,,,,,,,,,,,,,,,,
2014-10-22,0.002268032608910548,1.60526,1.60698,,,,,,,,,,,,,,,,,,
2014-10-23,0.0022535534124506424,1.60245,1.60369,,,,,,,,,,,,,,,,,,
2014-10-24,0.00225724685222983,1.60521,1.60948,,,,,,,,,,,,,,,,,,
2014-10-27,0.0022361628334303606,1.60991,1.6134,,,,,,,,,,,,,,,,,,
2014-10-28,0.0022102437411594174,1.61142,1.61587,35.0,0.0035248276405916816,1.61711,1.61692,1.61676,1.61709,,,,,,,,,,,,
2014-10-29,0.002193298294449919,1.61153,1.61526,,,,,,,,,,,,,,,,,,
2014-10-30,0.0021685720539693517,1.59856,1.60211,,,,,,,,,,,,,,,,,,
2014-10-31,0.002248346957287228,1.60016,1.59966,,,,,,,,,,,,,,,,,,
2014-11-03,0.0022268026613720174,1.59964,1.59852,,,,,,,,,,,,,,,,,,
2014-11-04,0.0021854992842144975,1.60112,1.5996,,,,,,,,,,,,,,,,,,
2014-11-05,0.002167418964368438,1.59697,1.59794,,,,,,,,,,,,,,,,,,
2014-11-06,0.002149016744390026,1.59026,1.5843,166.0,-0.0032311019831314683,1.58513,1.58543,1.58601,,,,,,,,,,,,,
2014-11-07,0.002131909734678404,1.58206,1.5846,,,,,,,,,,,,,,,,,,
2014-11-10,0.002238319644748499,1.58997,1.58579,,,,,,,,,,,,,,,,,,
2014-11-11,0.0022117247429148125,1.58702,1.58848,,,,,,,,,,,,,,,,,,
2014-11-12,0.0022078840932994986,1.58306,1.57973,,,,,,,,,,,,,,,,,,
2014-11-13,0.002206855933081276,1.57389,1.57051,,,,,,,,,,,,,,,,,,
2014-11-14,0.0022726760375229517,1.56259,1.56605,,,,,,,,,,,,,,,,,,
2014-11-17,0.002305991755165928,1.56503,1.56393,,,,,,,,,,,,,,,,,,
2014-11-18,0.0022766106208540133,1.56577,1.56471,,,,,,,,,,,,,,,,,,
2014-11-19,0.0022789891981511235,1.56912,1.56869,,,,,,,,,,,,,,,,,,
2014-11-20,0.002266319629832757,1.5703,1.56869,,,,,,,,,,,,,,,,,,
2014-11-21,0.002266340019361206,1.56673,1.56505,,,,,,,,,,,,,,,,,,
2014-11-24,0.0022457873677816857,1.56802,1.56978,,,,,,,,,,,,,,,,,,
2014-11-25,0.0022119041199307144,1.56661,1.57087,119.0,0.003822610270177273,1.57261,1.57274,1.57283,1.57232,,,,,,,,,,,,
2014-11-26,0.002193207391156843,1.57806,1.57858,,,,,,,,,,,,,,,,,,
2014-11-27,0.0021713099197609247,1.57471,1.57231,,,,,,,,,,,,,,,,,,
2014-11-28,0.0021950786432482225,1.56912,1.56237,103.0,-0.0034473546991952648,1.56372,1.56357,1.56427,1.56569,,,,,,,,,,,,
2014-12-01,0.0022109736337698727,1.57368,1.57513,,,,,,,,,,,,,,,,,,
2014-12-02,0.002190552699549512,1.56661,1.56392,,,,,,,,,,,,,,,,,,
2014-12-03,0.0022278761716875723,1.56827,1.57025,,,,,,,,,,,,,,,,,,
2014-12-04,0.002238541776319211,1.57027,1.56752,18.0,-0.003451215974984167,1.56486,1.56517,1.56569,1.56675,,,,,,,,,,,,
2014-12-05,0.0022238677622307638,1.56392,1.55932,57.0,-0.00417772575897845,1.5574,1.55784,1.55923,1.559,,,,,,,,,,,,
2014-12-08,0.0022142063266131873,1.56302,1.56405,,,,,,,,,,,,,,,,,,
2014-12-09,0.002189075803366966,1.56692,1.56831,,,,,,,,,,,,,,,,,,
2014-12-10,0.0022016967514961864,1.56966,1.57083,,,,,,,,,,,,,,,,,,
2014-12-11,0.0021873655967611467,1.56724,1.57041,,,,,,,,,,,,,,,,,,
2014-12-12,0.0021725083492095468,1.57208,1.57139,,,,,,,,,,,,,,,,,,
2014-12-15,0.0021522051796839894,1.56653,1.56444,85.0,-0.0033313648789917833,1.56132,1.56175,1.56232,1.56212,,,,,,,,,,,,
2014-12-16,0.0021110332528305052,1.57643,1.57522,,,,,,,,,,,,,,,,,,
2014-12-17,0.002111956591318356,1.5723,1.56509,84.0,-0.003319119181126793,1.56709,1.56753,1.56696,1.56567,91.0,-0.004270378394363714,1.5656,1.56553,1.56588,1.56692,,,,,,
2014-12-18,0.002122246468715017,1.56171,1.56611,72.0,0.003311388310011211,1.56689,1.56666,1.56631,1.56542,,,,,,,,,,,,
2014-12-19,0.002195823649170086,1.56573,1.56196,179.0,-0.003301029770413658,1.56057,1.5609,,,,,,,,,,,,,,
2014-12-22,0.0021961840692164745,1.56199,1.5605,,,,,,,,,,,,,,,,,,
2014-12-23,0.002160648225733556,1.55023,1.55165,,,,,,,,,,,,,,,,,,
2014-12-24,0.002152991896419659,1.55337,1.55506,,,,,,,,,,,,,,,,,,
2014-12-26,0.002164105310083245,1.55595,1.55527,,,,,,,,,,,,,,,,,,
2014-12-29,0.002131952389024207,1.55522,1.55182,,,,,,,,,,,,,,,,,,
2014-12-30,0.0020952736373797097,1.55449,1.55583,,,,,,,,,,,,,,,,,,
2014-12-31,0.002098073048520357,1.55871,1.55807,,,,,,,,,,,,,,,,,,
2015-01-02,0.0020888666806163064,1.54182,1.53563,161.0,-0.0031701101007131985,1.53694,1.53696,1.53704,1.53574,,,,,,,,,,,,
2015-01-05,0.0019281204183720685,1.52056,1.52276,,,,,,,,,,,,,,,,,,
2015-01-06,0.002244385384448629,1.51784,1.51748,,,,,,,,,,,,,,,,,,
2015-01-07,0.0022126256980255807,1.51046,1.50856,,,,,,,,,,,,,,,,,,
2015-01-08,0.002285067446172973,1.50728,1.51144,,,,,,,,,,,,,,,,,,
2015-01-09,0.0022706782654983854,1.513,1.51441,,,,,,,,,,,,,,,,,,
2015-01-12,0.0022360282674742907,1.51559,1.51676,,,,,,,,,,,,,,,,,,
2015-01-13,0.0021991985263480024,1.51572,1.51613,,,,,,,,,,,,,,,,,,
2015-01-14,0.0021662481052478807,1.52632,1.52175,60.0,-0.003583645103565665,1.52086,1.52092,1.52059,1.52165,,,,,,,,,,,,
2015-01-15,0.002133928082801818,1.52253,1.51563,78.0,-0.0035925818347952864,1.51707,1.51705,1.5176,1.5183,143.0,-0.004271752744912329,1.51604,1.51618,1.516,1.51544,,,,,,
2015-01-16,0.0021395222412175317,1.51876,1.5146,56.0,-0.003337227660802183,1.5137,1.51454,1.51492,1.51338,82.0,-0.004308829856253857,1.51223,1.51234,1.51159,1.51229,103.0,-0.005466731339045025,1.51048,1.51005,1.51005,1.51293
2015-01-19,0.00213199040298334,1.5142,1.51288,,,,,,,,,,,,,,,,,,
2015-01-20,0.0020779524839671295,1.51923,1.51532,,,,,,,,,,,,,,,,,,
2015-01-21,0.002085832482421145,1.51186,1.51102,,,,,,,,,,,,,,,,,,
2015-01-22,0.0021182789106562474,1.51651,1.50168,77.0,-0.003183411974462894,1.51169,1.51135,1.51062,1.51054,93.0,-0.004315236549976614,1.50998,1.50999,1.50986,1.51042,114.0,-0.0056804244753165655,1.50792,1.5077,1.50849,1.50545
2015-01-23,0.0020976139114297476,1.49923,1.50158,,,,,,,,,,,,,,,,,,
2015-01-26,0.0022228732818464045,1.50253,1.50908,143.0,0.003401793206698373,1.50765,1.50747,1.5069,1.50692,,,,,,,,,,,,
2015-01-27,0.002158908828391505,1.51788,1.52008,,,,,,,,,,,,,,,,,,
2015-01-28,0.0022028090440723343,1.5197,1.51738,,,,,,,,,,,,,,,,,,
2015-01-29,0.002208012131300229,1.51307,1.50486,118.0,-0.0033564298475202993,1.508,1.50765,1.50797,1.50733,135.0,-0.004517581176456471,1.50625,1.5061,1.50639,1.50448,150.0,-0.0056933758866548,1.50448,1.50437,1.50316,1.5036
2015-01-30,0.0021862087914644042,1.50608,1.50224,92.0,-0.0036452206872818757,1.5006,1.50155,1.50143,1.49928,104.0,-0.004591956851976067,1.49918,1.49974,1.49978,1.50159,,,,,,
2015-02-02,0.0021873770848241463,1.50376,1.50288,,,,,,,,,,,,,,,,,,
2015-02-03,0.0021247554033590084,1.51,1.5161,136.0,0.0032529814597235264,1.51492,1.5149,1.51433,1.51437,,,,,,,,,,,,
2015-02-04,0.0021177776200370004,1.52216,1.52015,,,,,,,,,,,,,,,,,,
2015-02-05,0.0022607264992191693,1.53059,1.5299,,,,,,,,,,,,,,,,,,
2015-02-06,0.0022341029728622738,1.52889,1.52422,,,,,,,,,,,,,,,,,,
2015-02-09,0.0023167042980744516,1.52161,1.52183,,,,,,,,,,,,,,,,,,
2015-02-10,0.0023028175158871403,1.52286,1.5253,,,,,,,,,,,,,,,,,,
2015-02-11,0.0022705998119677295,1.52961,1.52315,80.0,-0.003654658840456323,1.52403,1.52473,1.52456,1.52493,164.0,-0.004626240165366815,1.52255,1.52268,1.52272,1.523,,,,,,
2015-02-12,0.002240564706248453,1.53686,1.53707,,,,,,,,,,,,,,,,,,
2015-02-13,0.0022031341282952904,1.53942,1.53999,,,,,,,,,,,,,,,,,,
2015-02-16,0.0024419061148042414,1.53716,1.53503,,,,,,,,,,,,,,,,,,
2015-02-17,0.0023762768371815893,1.53524,1.53631,,,,,,,,,,,,,,,,,,
2015-02-18,0.002361588073973136,1.5429,1.54229,,,,,,,,,,,,,,,,,,
2015-02-19,0.002326066790472986,1.54136,1.54298,,,,,,,,,,,,,,,,,,
2015-02-20,0.002346312364627957,1.53766,1.5401,,,,,,,,,,,,,,,,,,
2015-02-23,0.002312197261135599,1.54055,1.54567,145.0,0.0037125507924938095,1.54628,1.5464,1.5462,1.54601,,,,,,,,,,,,
2015-02-24,0.002251858109585233,1.54323,1.54594,,,,,,,,,,,,,,,,,,
2015-02-25,0.0022468025150436557,1.54962,1.55099,,,,,,,,,,,,,,,,,,
2015-02-26,0.0022190365500572686,1.54608,1.54089,70.0,-0.003446894084097156,1.54076,1.54043,1.54096,1.54079,,,,,,,,,,,,
2015-02-27,0.0022234400140860775,1.54258,1.54407,,,,,,,,,,,,,,,,,,
2015-03-02,0.0022761096359035066,1.53888,1.53558,,,,,,,,,,,,,,,,,,
2015-03-03,0.0022154902520105267,1.53513,1.5382,,,,,,,,,,,,,,,,,,
2015-03-04,0.0021858911903877,1.53253,1.52627,77.0,-0.0033071925568547386,1.52747,1.52712,1.52701,1.5275,164.0,-0.004381440195615768,1.52583,1.52582,1.52581,1.52645,,,,,,
2015-03-05,0.002161019883661123,1.52355,1.5226,,,,,,,,,,,,,,,,,,
2015-03-06,0.0022047273242004326,1.51185,1.50561,59.0,-0.003538349018248602,1.50651,1.50648,1.50698,1.50691,,,,,,,,,,,,
2015-03-09,0.0021638801155271104,1.51033,1.50994,,,,,,,,,,,,,,,,,,
2015-03-10,0.0024305193667734236,1.50432,1.5082,101.0,0.0037421915561111265,1.50996,1.50965,1.50926,1.50859,,,,,,,,,,,,
2015-03-11,0.002401285320824284,1.50546,1.49444,129.0,-0.003646724654643764,1.49998,1.49986,1.49951,1.49928,140.0,-0.004847461250599468,1.49818,1.49805,1.49913,1.4964,155.0,-0.006036275848731162,1.4964,1.49667,1.49694,1.49588
2015-03-12,0.002369042513566727,1.49865,1.4906,120.0,-0.003837467437731317,1.49291,1.49296,1.49384,1.49361,,,,,,,,,,,,
2015-03-13,0.0025012668068513126,1.48008,1.47525,97.0,-0.003953537603795003,1.47424,1.47415,1.47395,1.4723,109.0,-0.005039431944400822,1.47264,1.47203,1.47219,1.47099,,,,,,
2015-03-16,0.002475392921698849,1.478,1.47992,,,,,,,,,,,,,,,,,,
2015-03-17,0.00251726827769039,1.47486,1.47469,,,,,,,,,,,,,,,,,,
2015-03-18,0.002511770387418538,1.46376,1.46859,,,,,,,,,,,,,,,,,,
2015-03-19,0.002498848373896199,1.48902,1.4718,95.0,-0.00391626961565722,1.4832,1.48303,1.48329,1.47977,110.0,-0.006231515151163842,1.47977,1.47873,1.47852,1.47681,111.0,-0.006934574162715984,1.47873,1.4786,1.47872,1.47671
2015-03-20,0.002621414138174427,1.47819,1.49275,68.0,0.004091227807321577,1.48425,1.48444,1.48611,1.48525,71.0,0.005498355916452637,1.48634,1.48644,1.48699,1.4876,87.0,0.007212509527698402,1.48889,1.48852,1.48552,1.48563
2015-03-23,0.0027029739854180107,1.49047,1.49355,,,,,,,,,,,,,,,,,,
2015-03-24,0.0028368554390015965,1.49155,1.4872,,,,,,,,,,,,,,,,,,
2015-03-25,0.0027919849258528206,1.49182,1.49146,,,,,,,,,,,,,,,,,,
2015-03-26,0.0027633550588633663,1.49281,1.48405,110.0,-0.005366697122844802,1.48482,1.4852,1.48555,1.48151,122.0,-0.005622653153690687,1.48444,1.4837,1.48157,1.48267,124.0,-0.007193501768491618,1.48211,1.48151,1.48101,1.4824
2015-03-27,0.0027302596682989245,1.49027,1.4878,,,,,,,,,,,,,,,,,,
2015-03-30,0.002698180527267369,1.47837,1.47832,,,,,,,,,,,,,,,,,,
2015-03-31,0.0026153801147222448,1.47791,1.4852,155.0,0.004220028071807045,1.48416,1.48451,1.48362,1.4846,165.0,0.006185538054206662,1.48708,1.48639,1.4846,1.48427,,,,,,
2015-04-01,0.002619038697944582,1.47689,1.48221,151.0,0.004108308198101907,1.48297,1.48316,1.48258,1.483,,,,,,,,,,,,
2015-04-02,0.0026277558235410234,1.48217,1.48486,,,,,,,,,,,,,,,,,,
2015-04-03,0.0025967223636958045,1.48465,1.49122,30.0,0.004831203185536534,1.49184,1.49176,1.49138,1.49144,47.0,0.005494593132369438,1.49283,1.49299,1.49251,1.49387,69.0,0.006505583553814819,1.49434,1.49408,1.49217,1.49097
2015-04-06,0.002558749604016219,1.49373,1.49561,,,,,,,,,,,,,,,,,,
2015-04-07,0.002532987572030584,1.48952,1.48584,,,,,,,,,,,,,,,,,,
2015-04-08,0.0024932826949108622,1.49228,1.49281,,,,,,,,,,,,,,,,,,
2015-04-09,0.0024983059964957,1.48352,1.47343,100.0,-0.003836080020895496,1.47784,1.47832,1.47796,1.47667,146.0,-0.005197098895903547,1.47583,1.47586,1.47524,1.47453,156.0,-0.006437848521995543,1.474,1.47452,1.47453,1.4754
2015-04-10,0.0024770662464539592,1.46013,1.46473,128.0,0.0040053093065811505,1.46599,1.46578,1.46562,1.46621,,,,,,,,,,,,
2015-04-13,0.002630716741924641,1.461,1.46597,94.0,0.004050648825732837,1.46693,1.46631,1.46599,1.46662,,,,,,,,,,,,
2015-04-14,0.0025871836838975955,1.46587,1.47894,33.0,0.004743586859325203,1.47284,1.47263,1.47086,1.47194,60.0,0.005673330228924241,1.47421,1.47688,1.47674,1.47622,61.0,0.007482831618939769,1.47688,1.47789,1.47598,1.47698
2015-04-15,0.0025868748700836066,1.47435,1.47773,93.0,0.00433825478798171,1.48076,1.48082,1.48006,1.47908,,,,,,,,,,,,
2015-04-16,0.002593506137248502,1.49107,1.49211,,,,,,,,,,,,,,,,,,
2015-04-17,0.0025935173300521874,1.50419,1.49456,56.0,-0.003896718702161968,1.49834,1.49882,1.49994,1.49859,177.0,-0.006181853630784675,1.49492,1.49534,,,,,,,,
2015-04-20,0.00261121547485156,1.49242,1.49139,,,,,,,,,,,,,,,,,,
2015-04-21,0.0025344905341653508,1.48917,1.49427,,,,,,,,,,,,,,,,,,
2015-04-22,0.0025391457127866735,1.50669,1.50282,,,,,,,,,,,,,,,,,,
2015-04-23,0.0025121483540369222,1.50255,1.50468,,,,,,,,,,,,,,,,,,
2015-04-24,0.0025255765436476307,1.51192,1.51768,,,,,,,,,,,,,,,,,,
2015-04-27,0.0024845482718715882,1.5118,1.52333,132.0,0.003822556389410374,1.51759,1.51737,1.51645,1.51728,177.0,0.005034270652162761,1.51943,1.5205,,,180.0,0.006625706173229005,1.52185,,,
2015-04-28,0.0025684448479051125,1.52964,1.53243,,,,,,,,,,,,,,,,,,
2015-04-29,0.002538838263966033,1.53528,1.54856,96.0,0.003816116162959418,1.54115,1.54111,1.54059,1.54096,125.0,0.005158367780490867,1.54322,1.54392,1.54271,1.54574,139.0,0.006356441938868366,1.54507,1.54574,1.5458,1.54529
2015-04-30,0.0025931810192985102,1.5422,1.53291,49.0,-0.003937192011438473,1.53614,1.53587,1.53735,1.5353,104.0,-0.005507291393560076,1.53373,1.5344,1.53443,1.53579,,,,,,
2015-05-01,0.0026037319718815407,1.52632,1.51338,102.0,-0.003991392305953042,1.52024,1.51984,1.51991,1.52164,124.0,-0.00574923804846467,1.51757,1.51806,1.51855,1.51638,139.0,-0.0065336939960078475,1.51638,1.517,1.51767,1.51722
2015-05-04,0.002604416351410947,1.50914,1.51123,,,,,,,,,,,,,,,,,,
2015-05-05,0.002790625060880562,1.51155,1.51775,117.0,0.004396394913918328,1.51821,1.51836,1.51614,1.51729,137.0,0.005666821467529485,1.52014,1.5198,1.51989,1.5189,,,,,,
2015-05-06,0.0027585186320408825,1.52197,1.52439,131.0,0.00444485968071509,1.52875,1.52862,1.52729,1.52639,,,,,,,,,,,,
2015-05-07,0.0027525157720847035,1.52091,1.52247,,,,,,,,,,,,,,,,,,
2015-05-08,0.0027053567096762487,1.54063,1.54566,,,,,,,,,,,,,,,,,,
2015-05-11,0.003042138200392559,1.54906,1.55941,122.0,0.004669339352462289,1.55631,1.556,1.55631,1.55598,,,,,,,,,,,,
2015-05-12,0.0029559170679641926,1.56871,1.56835,,,,,,,,,,,,,,,,,,
2015-05-13,0.0030330584145609684,1.56459,1.57452,130.0,0.0046739932883304225,1.57192,1.57156,1.5712,1.5705,,,,,,,,,,,,
2015-05-14,0.0030417830929597724,1.58062,1.57646,,,,,,,,,,,,,,,,,,
2015-05-15,0.0030149550747041684,1.57035,1.57682,131.0,0.004675904150469788,1.57771,1.57738,1.57747,1.57939,149.0,0.006082017808628401,1.57993,1.57996,1.57972,1.57963,,,,,,
2015-05-18,0.00297942269380357,1.56753,1.56795,,,,,,,,,,,,,,,,,,
2015-05-19,0.0028928779740276934,1.54894,1.55229,,,,,,,,,,,,,,,,,,
2015-05-20,0.0028686593034043984,1.55267,1.55404,,,,,,,,,,,,,,,,,,
2015-05-21,0.002914258506666402,1.56812,1.56712,,,,,,,,,,,,,,,,,,
2015-05-22,0.0028722760689435653,1.56304,1.54816,41.0,-0.004379264833182527,1.55621,1.55661,1.55444,1.5543,57.0,-0.006064261051521158,1.55359,1.55325,1.55182,1.55168,61.0,-0.007210651336148713,1.55181,1.55182,1.55294,1.55158
2015-05-25,0.0029052088097206,1.54746,1.54639,,,,,,,,,,,,,,,,,,
2015-05-26,0.002989896316070986,1.54123,1.53921,,,,,,,,,,,,,,,,,,
2015-05-27,0.0029447706543158044,1.53712,1.53214,,,,,,,,,,,,,,,,,,
2015-05-28,0.0029207777151960624,1.5276,1.52827,,,,,,,,,,,,,,,,,,
2015-05-29,0.002883451414923875,1.52527,1.52823,,,,,,,,,,,,,,,,,,
2015-06-01,0.0028373380867311275,1.52109,1.51836,,,,,,,,,,,,,,,,,,
2015-06-02,0.0027541556973675824,1.52297,1.53279,75.0,0.004553070701127913,1.52992,1.53168,1.5288,1.52889,76.0,0.005702796461432277,1.53168,1.52992,1.52843,1.52845,120.0,0.0070011801889428,1.53367,1.53362,1.53324,1.53195
2015-06-03,0.0027607984031475514,1.52861,1.53444,,,,,,,,,,,,,,,,,,
2015-06-04,0.002839465066622852,1.53928,1.5366,,,,,,,,,,,,,,,,,,
2015-06-05,0.002795889048663217,1.53348,1.52647,30.0,-0.006148713101432654,1.52408,1.52729,1.52563,1.52355,30.0,-0.006148713101432654,1.52408,1.52729,1.52563,1.52355,62.0,-0.007652388853504843,1.52179,1.52265,1.52353,1.52278
2015-06-08,0.0027614953495326386,1.52577,1.52831,,,,,,,,,,,,,,,,,,
2015-06-09,0.00272444284271509,1.5303,1.53853,,,,,,,,,,,,,,,,,,
2015-06-10,0.002734939539456492,1.5486,1.55185,,,,,,,,,,,,,,,,,,
2015-06-11,0.0026952490949885785,1.54491,1.5494,,,,,,,,,,,,,,,,,,
2015-06-12,0.0027387025107745164,1.54851,1.55875,159.0,0.004536002571374134,1.55555,1.55636,1.55712,1.55759,162.0,0.0055961584814474465,1.5572,1.55675,1.55592,1.55714,,,,,,
2015-06-15,0.0027032860466053143,1.55,1.55685,,,,,,,,,,,,,,,,,,
2015-06-16,0.002634252482474259,1.56299,1.56319,,,,,,,,,,,,,,,,,,
2015-06-17,0.002624361042861521,1.57334,1.57044,,,,,,,,,,,,,,,,,,
2015-06-18,0.0025809765349920077,1.59106,1.58793,,,,,,,,,,,,,,,,,,
2015-06-19,0.0027932090239175555,1.58442,1.58767,,,,,,,,,,,,,,,,,,
2015-06-22,0.0027609178413576557,1.58191,1.582,,,,,,,,,,,,,,,,,,
2015-06-23,0.0026708015987524495,1.57734,1.57442,,,,,,,,,,,,,,,,,,
2015-06-24,0.002715797412891677,1.57594,1.56802,,,,,,,,,,,,,,,,,,
2015-06-25,0.0026770694172059536,1.57285,1.57289,,,,,,,,,,,,,,,,,,
2015-06-26,0.00264528545347727,1.57239,1.5739,,,,,,,,,,,,,,,,,,
2015-06-29,0.0026168678221956607,1.56968,1.57628,,,,,,,,,,,,,,,,,,
2015-06-30,0.002540925813182277,1.57024,1.57274,61.0,0.003820134377590665,1.57625,1.5762,1.57652,1.57634,,,,,,,,,,,,
2015-07-01,0.002502432861466972,1.56532,1.56155,,,,,,,,,,,,,,,,,,
2015-07-02,0.0024695740889983183,1.55789,1.56111,,,,,,,,,,,,,,,,,,
2015-07-03,0.002476258579149686,1.56269,1.55708,,,,,,,,,,,,,,,,,,
2015-07-06,0.0024376575506441034,1.55523,1.56154,,,,,,,,,,,,,,,,,,
2015-07-07,0.0023790086753779608,1.5447,1.54403,,,,,,,,,,,,,,,,,,
2015-07-08,0.0023463791869161553,1.5378,1.53544,,,,,,,,,,,,,,,,,,
2015-07-09,0.0024753544584958384,1.54062,1.53715,,,,,,,,,,,,,,,,,,
2015-07-10,0.0024589802889871397,1.55266,1.5502,,,,,,,,,,,,,,,,,,
2015-07-13,0.002419709555814003,1.55377,1.55188,,,,,,,,,,,,,,,,,,
2015-07-14,0.002438497172673801,1.55754,1.55846,,,,,,,,,,,,,,,,,,
2015-07-15,0.0023991584065343094,1.56235,1.56141,,,,,,,,,,,,,,,,,,
2015-07-16,0.002526599674258397,1.55722,1.55995,,,,,,,,,,,,,,,,,,
2015-07-17,0.0024887187103198533,1.56038,1.56258,,,,,,,,,,,,,,,,,,
2015-07-20,0.0024504233020285317,1.55538,1.55861,,,,,,,,,,,,,,,,,,
2015-07-21,0.002383689976968065,1.55538,1.5551,,,,,,,,,,,,,,,,,,
2015-07-22,0.0023501440377901224,1.56303,1.56159,,,,,,,,,,,,,,,,,,
2015-07-23,0.0023137198377682104,1.56129,1.55293,51.0,-0.003683221781757943,1.55555,1.55602,1.55482,1.55554,71.0,-0.004744502815296809,1.5539,1.55442,1.55463,1.55435,,,,,,
2015-07-24,0.0023079257480293513,1.54771,1.55182,,,,,,,,,,,,,,,,,,
2015-07-27,0.002359447204535327,1.55158,1.55915,125.0,0.0037439975802318415,1.5574,1.55745,1.55711,1.55844,,,,,,,,,,,,
2015-07-28,0.0022946551498040854,1.55769,1.56181,,,,,,,,,,,,,,,,,,
2015-07-29,0.0022707683771129032,1.56435,1.56242,,,,,,,,,,,,,,,,,,
2015-07-30,0.0022537242454236245,1.56336,1.55793,,,,,,,,,,,,,,,,,,
2015-07-31,0.002220866282484546,1.55687,1.56361,32.0,0.003398484855029945,1.56217,1.56255,1.56397,1.56558,37.0,0.004550064885943731,1.56397,1.56404,1.56506,1.56563,40.0,0.0068811501511470054,1.56762,1.56617,1.56642,1.5651
2015-08-03,0.002188634730438898,1.55664,1.55988,111.0,0.003430997103364922,1.56199,1.5618,1.56176,1.56178,,,,,,,,,,,,
2015-08-04,0.00212633467422644,1.56192,1.56092,147.0,-0.003219169003153853,1.5569,1.55699,1.55721,1.55682,,,,,,,,,,,,
2015-08-05,0.0020985141662614583,1.56295,1.56025,,,,,,,,,,,,,,,,,,
2015-08-06,0.0020936266796339753,1.54904,1.5517,92.0,0.0032676502980901524,1.55411,1.55359,1.55314,1.55231,,,,,,,,,,,,
2015-08-07,0.002108751484856792,1.55153,1.54664,78.0,-0.003641744570178672,1.54589,1.54585,1.54621,1.5464,95.0,-0.0044053503796250264,1.54471,1.54462,1.54464,1.54368,118.0,-0.005292641770555853,1.54334,1.54317,1.54367,1.5428
2015-08-10,0.0021638139142201,1.54935,1.5545,177.0,0.0032605642722731538,1.55441,1.55435,,,,,,,,,,,,,,
2015-08-11,0.0021044904871887126,1.55925,1.55713,,,,,,,,,,,,,,,,,,
2015-08-12,0.002117492421204262,1.55955,1.56387,,,,,,,,,,,,,,,,,,
2015-08-13,0.0020871865033904417,1.56279,1.55953,104.0,-0.0031339248706243163,1.5579,1.55777,1.55848,1.55816,,,,,,,,,,,,
2015-08-14,0.0020846506537708803,1.56334,1.56203,,,,,,,,,,,,,,,,,,
2015-08-17,0.002055125811656364,1.56253,1.55965,,,,,,,,,,,,,,,,,,
2015-08-18,0.0020050973978755667,1.5693,1.5657,,,,,,,,,,,,,,,,,,
2015-08-19,0.0020061777814382935,1.5663,1.56429,,,,,,,,,,,,,,,,,,
2015-08-20,0.0020361890859084504,1.56622,1.56856,,,,,,,,,,,,,,,,,,
2015-08-21,0.0020072776133061476,1.5669,1.56974,,,,,,,,,,,,,,,,,,
2015-08-24,0.0019803716103267803,1.5748,1.57292,79.0,0.003062362312474804,1.57963,1.57937,1.5781,1.57785,,,,,,,,,,,,
2015-08-25,0.0019245316601306935,1.5788,1.57035,127.0,-0.0029496207496797094,1.57415,1.57435,1.57404,1.57324,161.0,-0.00387117729201226,1.5727,1.57255,1.5728,1.57132,173.0,-0.004812677145268912,1.57122,1.57133,1.57006,
2015-08-26,0.0019626915632630277,1.55843,1.54905,177.0,-0.0033551470586566296,1.55321,1.55333,,,,,,,,,,,,,,
2015-08-27,0.001951430055763916,1.5457,1.5408,50.0,-0.002928525391587181,1.54118,1.54148,1.54142,1.5412,168.0,-0.004012698199354753,1.53951,1.53907,1.53892,,177.0,-0.005325665563792206,1.53749,1.53754,,
2015-08-28,0.002288893765473885,1.53885,1.53632,,,,,,,,,,,,,,,,,,
2015-08-31,0.0022858027422799176,1.54064,1.53605,,,,,,,,,,,,,,,,,,
2015-09-01,0.0022400448079649498,1.53342,1.53389,,,,,,,,,,,,,,,,,,
2015-09-02,0.002209373373747585,1.52732,1.53118,,,,,,,,,,,,,,,,,,
2015-09-03,0.0022449149572622814,1.52756,1.5249,,,,,,,,,,,,,,,,,,
2015-09-04,0.002213320102436426,1.52289,1.51919,154.0,-0.003413814450754535,1.5177,1.51773,1.51795,1.51827,,,,,,,,,,,,
2015-09-07,0.0022046230289179997,1.52542,1.5281,,,,,,,,,,,,,,,,,,
2015-09-08,0.002182100602732451,1.54068,1.53795,,,,,,,,,,,,,,,,,,
2015-09-09,0.002225980264091461,1.53505,1.53618,,,,,,,,,,,,,,,,,,
2015-09-10,0.0022782434407690893,1.53932,1.54565,,,,,,,,,,,,,,,,,,
2015-09-11,0.002255892395245088,1.54173,1.54268,,,,,,,,,,,,,,,,,,
2015-09-14,0.0022870146898402092,1.54045,1.54225,,,,,,,,,,,,,,,,,,
2015-09-15,0.0022260988181000583,1.54108,1.5352,179.0,-0.0035167014385567453,1.53567,1.53594,,,,,,,,,,,,,,
2015-09-16,0.002199236160666471,1.544,1.54942,123.0,0.0034654908347549504,1.54936,1.54889,1.5497,1.55005,147.0,0.004613692863819783,1.55114,1.5507,1.5506,1.5514,170.0,0.005528729819118246,1.55256,1.55228,1.55168,
2015-09-17,0.0022061599792925204,1.55185,1.55104,,,,,,,,,,,,,,,,,,
2015-09-18,0.002358675573146024,1.56301,1.5574,,,,,,,,,,,,,,,,,,
2015-09-21,0.0023585507220144695,1.5529,1.55042,,,,,,,,,,,,,,,,,,
2015-09-22,0.0023074173912556377,1.54418,1.53554,121.0,-0.003620113075811786,1.5386,1.5388,1.53879,1.53792,156.0,-0.004751651242885925,1.53686,1.53675,1.5368,1.53527,171.0,-0.005786763781722604,1.53527,1.5356,1.53518,
2015-09-23,0.002274305852712847,1.52981,1.52452,61.0,-0.0036279377596028423,1.52427,1.52395,1.52438,1.52431,178.0,-0.004559965446594763,1.52285,1.5224,,,,,,,,
2015-09-24,0.002454873962861104,1.52314,1.52485,,,,,,,,,,,,,,,,,,
2015-09-25,0.002478529327077353,1.51594,1.5173,,,,,,,,,,,,,,,,,,
2015-09-28,0.002450282626548447,1.51872,1.52055,,,,,,,,,,,,,,,,,,
2015-09-29,0.002392453790183876,1.51449,1.51633,,,,,,,,,,,,,,,,,,
2015-09-30,0.002366248189254458,1.51743,1.51158,,,,,,,,,,,,,,,,,,
2015-10-01,0.002331116370200491,1.5133,1.5161,,,,,,,,,,,,,,,,,,
2015-10-02,0.0023009920514929123,1.51595,1.52149,38.0,0.003982954293559885,1.522,1.52273,1.52131,1.52193,47.0,0.004646334733715658,1.52301,1.52221,1.5221,1.52292,,,,,,
2015-10-05,0.0022676227351992382,1.51781,1.51615,,,,,,,,,,,,,,,,,,
2015-10-06,0.0022249932316384616,1.5173,1.52235,,,,,,,,,,,,,,,,,,
2015-10-07,0.002216454952951685,1.53052,1.53142,,,,,,,,,,,,,,,,,,
2015-10-08,0.0022276664292421445,1.52884,1.53177,,,,,,,,,,,,,,,,,,
2015-10-09,0.0022370985541546873,1.53388,1.53145,,,,,,,,,,,,,,,,,,
2015-10-12,0.002224793498229126,1.53632,1.5348,,,,,,,,,,,,,,,,,,
2015-10-13,0.0021726732288400567,1.52304,1.52418,,,,,,,,,,,,,,,,,,
2015-10-14,0.002143009999949391,1.53765,1.54445,129.0,0.0033307069094358948,1.54278,1.54302,1.54274,1.54267,,,,,,,,,,,,
2015-10-15,0.00211465522407418,1.54732,1.54746,44.0,-0.003314433754844405,1.5422,1.54204,1.54289,1.54303,,,,,,,,,,,,
2015-10-16,0.002378821671688006,1.54377,1.54445,,,,,,,,,,,,,,,,,,
2015-10-19,0.0023426111084593575,1.54844,1.54721,,,,,,,,,,,,,,,,,,
2015-10-20,0.0022807949352445693,1.54725,1.54663,,,,,,,,,,,,,,,,,,
2015-10-21,0.002257729385296551,1.54533,1.5464,,,,,,,,,,,,,,,,,,
2015-10-22,0.0022329455812604773,1.5467,1.53925,53.0,-0.0034260471125782434,1.54141,1.54102,1.54239,1.54142,85.0,-0.004594491462040037,1.53961,1.53979,1.53996,1.54112,,,,,,
2015-10-23,0.0022016557543077897,1.5413,1.53382,66.0,-0.003425050385788957,1.53603,1.53571,1.53581,1.53555,112.0,-0.004486791023500243,1.5344,1.53429,1.53483,1.53476,,,,,,
2015-10-26,0.0021746679130861227,1.53431,1.53556,,,,,,,,,,,,,,,,,,
2015-10-27,0.002180500533236982,1.53335,1.53102,,,,,,,,,,,,,,,,,,
2015-10-28,0.0021539905958558904,1.52867,1.53136,,,,,,,,,,,,,,,,,,
2015-10-29,0.0021416799085934874,1.5259,1.52945,142.0,0.0035195870401643773,1.53128,1.53091,1.53049,1.52953,,,,,,,,,,,,
2015-10-30,0.0021226138083764363,1.53497,1.54485,173.0,0.0033170330637325883,1.54007,1.54002,1.53921,,,,,,,,,,,,,
2015-11-02,0.002116263736221965,1.54681,1.54211,115.0,-0.0034387773459564086,1.5415,1.54218,1.54285,1.54355,,,,,,,,,,,,
2015-11-03,0.0021378324416859744,1.53756,1.54193,,,,,,,,,,,,,,,,,,
2015-11-04,0.0021070029365498188,1.53975,1.53676,,,,,,,,,,,,,,,,,,
2015-11-05,0.002076817749066581,1.52337,1.52106,,,,,,,,,,,,,,,,,,
2015-11-06,0.002050106071131725,1.50494,1.5037,,,,,,,,,,,,,,,,,,
2015-11-09,0.002256566102107214,1.50901,1.51138,,,,,,,,,,,,,,,,,,
2015-11-10,0.002394579060026467,1.51149,1.51055,,,,,,,,,,,,,,,,,,
2015-11-11,0.002367420044750398,1.51933,1.51984,,,,,,,,,,,,,,,,,,
2015-11-12,0.002355867435651616,1.51879,1.52066,60.0,0.003536034391350631,1.52417,1.52292,1.52267,1.52177,,,,,,,,,,,,
2015-11-13,0.0023459073179263076,1.52263,1.5205,,,,,,,,,,,,,,,,,,
2015-11-16,0.0023117964543159166,1.51977,1.52122,,,,,,,,,,,,,,,,,,
2015-11-17,0.0022521185428851756,1.52052,1.52165,,,,,,,,,,,,,,,,,,
2015-11-18,0.0022262530029456165,1.52084,1.5216,,,,,,,,,,,,,,,,,,
2015-11-19,0.002195618894694934,1.52741,1.52977,146.0,0.0033399487898612733,1.53252,1.5324,1.53253,1.53322,,,,,,,,,,,,
2015-11-20,0.0022187773583838217,1.52396,1.51946,,,,,,,,,,,,,,,,,,
2015-11-23,0.002185057372160247,1.51615,1.51272,,,,,,,,,,,,,,,,,,
2015-11-24,0.002199678595506362,1.50746,1.50701,,,,,,,,,,,,,,,,,,
2015-11-25,0.002176881933205488,1.51185,1.51148,116.0,-0.003299414664325307,1.50687,1.50683,1.50764,1.50853,,,,,,,,,,,,
2015-11-26,0.0021539473039835604,1.51101,1.51102,,,,,,,,,,,,,,,,,,
2015-11-27,0.002126780901331161,1.50482,1.50466,,,,,,,,,,,,,,,,,,
2015-11-30,0.0021031302472044075,1.50203,1.50348,,,,,,,,,,,,,,,,,,
2015-12-01,0.002072789969740268,1.50649,1.50711,,,,,,,,,,,,,,,,,,
2015-12-02,0.0020679647766745353,1.49947,1.49317,118.0,-0.0033133184173610255,1.49451,1.49414,1.49409,1.49408,168.0,-0.0041969413285548075,1.49319,1.49343,1.4926,,,,,,,
2015-12-03,0.0020403585009826997,1.50407,1.51004,154.0,0.003491076751999628,1.50933,1.50932,1.51138,1.50959,157.0,0.004133539592390192,1.5103,1.51101,1.51026,1.50971,,,,,,
2015-12-04,0.0021574438604101847,1.51121,1.50998,,,,,,,,,,,,,,,,,,
2015-12-07,0.0024378996683818263,1.50798,1.50611,,,,,,,,,,,,,,,,,,
2015-12-08,0.0023668817903940934,1.49715,1.501,,,,,,,,,,,,,,,,,,
2015-12-09,0.0023525200492572327,1.51147,1.5169,110.0,0.003592683779012353,1.51691,1.51728,1.51715,1.51722,,,,,,,,,,,,
2015-12-10,0.002321445381773847,1.5155,1.51681,,,,,,,,,,,,,,,,,,
2015-12-11,0.002472087899892846,1.51681,1.52159,52.0,0.003954433817143943,1.52282,1.5226,1.52187,1.52081,,,,,,,,,,,,
2015-12-14,0.0024398274018788886,1.51446,1.51411,,,,,,,,,,,,,,,,,,
2015-12-15,0.002409501510000005,1.51647,1.5057,79.0,-0.003646673482492207,1.51095,1.51082,1.51033,1.5093,103.0,-0.0050374942908351225,1.50885,1.50787,1.50752,1.50415,106.0,-0.0061847206821731004,1.50712,1.50757,1.50689,1.50474
2015-12-16,0.002384732739363361,1.50262,1.50159,,,,,,,,,,,,,,,,,,
2015-12-17,0.0024518547879208937,1.49262,1.48941,126.0,-0.003698325875366742,1.48711,1.48651,1.48707,1.48719,,,,,,,,,,,,
2015-12-18,0.0024727177311771966,1.48936,1.48961,,,,,,,,,,,,,,,,,,
2015-12-21,0.0024460078399515975,1.4912,1.4883,,,,,,,,,,,,,,,,,,
2015-12-22,0.0023808425529759174,1.48602,1.48211,,,,,,,,,,,,,,,,,,
2015-12-23,0.002351633599206004,1.48865,1.48755,,,,,,,,,,,,,,,,,,
2015-12-24,0.0023370198249969597,1.49164,1.49271,,,,,,,,,,,,,,,,,,
2015-12-28,0.0023211391302384735,1.49042,1.4878,,,,,,,,,,,,,,,,,,
2015-12-29,0.002262637176013145,1.47982,1.48071,,,,,,,,,,,,,,,,,,
2015-12-30,0.0022302938466809957,1.48166,1.48282,,,,,,,,,,,,,,,,,,
2015-12-31,0.002233860238730481,1.48196,1.47325,98.0,-0.003575983233607325,1.47667,1.47599,1.47658,1.47528,110.0,-0.004585519711779452,1.47518,1.47588,1.47531,1.47422,121.0,-0.005718226221147353,1.47351,1.47442,1.47421,1.47453
2016-01-04,0.0022033583258495707,1.47342,1.46957,121.0,-0.003337947917789816,1.46851,1.46868,1.46825,1.46653,133.0,-0.004448532996799285,1.46688,1.46642,1.46673,1.46731,,,,,,
2016-01-05,0.0022323472276560316,1.46793,1.46648,,,,,,,,,,,,,,,,,,
2016-01-06,0.002205841987463151,1.46422,1.46201,,,,,,,,,,,,,,,,,,
2016-01-07,0.0022002610053321876,1.45619,1.45919,,,,,,,,,,,,,,,,,,
2016-01-08,0.002179881757527144,1.45672,1.45219,156.0,-0.0035209366846726095,1.4516,1.45133,1.45101,1.451,,,,,,,,,,,,
2016-01-11,0.0021525876728177976,1.45862,1.45607,106.0,-0.003509462314320369,1.45351,1.45404,1.45345,1.4529,,,,,,,,,,,,
2016-01-12,0.0021924322458542083,1.44296,1.44255,65.0,-0.003464162607334968,1.43797,1.43814,1.43882,1.43931,107.0,-0.0046401216886643795,1.43628,1.43671,1.43658,1.43728,,,,,,
2016-01-13,0.0021651809904970755,1.44163,1.44586,144.0,0.003303292789491257,1.4464,1.4464,1.44649,1.44587,,,,,,,,,,,,
2016-01-14,0.0021686658992115843,1.44005,1.44128,,,,,,,,,,,,,,,,,,
2016-01-15,0.0021699364195213416,1.43419,1.42782,136.0,-0.0037303049850869892,1.42885,1.42877,1.42831,1.42908,146.0,-0.0043743868057413175,1.42793,1.42823,1.42908,1.4296,,,,,,
2016-01-18,0.0021416072097185748,1.42832,1.42622,,,,,,,,,,,,,,,,,,
2016-01-19,0.0022604185592190584,1.42174,1.41854,43.0,-0.003939551730167819,1.41615,1.41671,1.41697,1.41596,66.0,-0.005374044091748775,1.41412,1.41418,1.41326,1.41336,71.0,-0.00598238115752837,1.41326,1.41354,1.41381,1.41434
2016-01-20,0.00223392700737851,1.41744,1.41806,,,,,,,,,,,,,,,,,,
2016-01-21,0.002279867356333268,1.41039,1.4209,107.0,0.0039202971321211375,1.41593,1.41551,1.41452,1.41466,130.0,0.005437582118743841,1.41808,1.41781,1.41791,1.41864,133.0,0.005740763053100691,1.41851,1.41821,1.41802,1.41774
2016-01-22,0.0022612876291988448,1.43278,1.4298,,,,,,,,,,,,,,,,,,
2016-01-25,0.0022431576098635364,1.42531,1.42445,,,,,,,,,,,,,,,,,,
2016-01-26,0.002224236432446095,1.42486,1.43488,70.0,0.0034050576237052805,1.42972,1.42984,1.4305,1.43147,79.0,0.004509558927871602,1.4313,1.43162,1.4307,1.43289,93.0,0.005626799460257892,1.4329,1.43289,1.43248,1.43153
2016-01-27,0.0022403721751393015,1.43401,1.4266,61.0,-0.004437975323685,1.42766,1.42746,1.42664,1.42379,62.0,-0.00457807451414082,1.42746,1.42679,1.42559,1.4231,67.0,-0.005888952534353727,1.42559,1.42568,1.42473,1.42414
2016-01-28,0.0023175263004764583,1.43337,1.43699,84.0,0.004211939573817162,1.43942,1.4402,1.43785,1.43825,85.0,0.004753677733071785,1.4402,1.43912,1.43771,1.43898,,,,,,
2016-01-29,0.0023550948690523052,1.42568,1.42132,81.0,-0.0036822101110414664,1.42044,1.42117,1.4217,1.42277,118.0,-0.005020719211965709,1.41854,1.41875,1.41891,1.41816,127.0,-0.005965798873526955,1.4172,1.41668,1.41778,1.41708
2016-02-01,0.0024308115997369933,1.42903,1.43885,62.0,0.0039041133520345754,1.43462,1.43452,1.43621,1.43566,67.0,0.005011807059133689,1.43621,1.43637,1.43603,1.43615,,,,,,
2016-02-02,0.0024791014924739406,1.43826,1.44108,,,,,,,,,,,,,,,,,,
2016-02-03,0.0025836102418736492,1.45289,1.45804,61.0,0.00389497134980991,1.45856,1.45859,1.45662,1.45537,,,,,,,,,,,,
2016-02-04,0.002545237495429149,1.46153,1.45915,,,,,,,,,,,,,,,,,,
2016-02-05,0.00269145297962217,1.44763,1.44689,,,,,,,,,,,,,,,,,,
2016-02-08,0.00265545065057709,1.44014,1.44144,,,,,,,,,,,,,,,,,,
2016-02-09,0.0026082862484374755,1.43913,1.44861,105.0,0.004008271548640527,1.44491,1.44488,1.44568,1.44832,111.0,0.005253248573626633,1.44671,1.44662,1.44647,1.44796,118.0,0.006683058624879733,1.44878,1.44829,1.44797,1.44936
2016-02-10,0.002635856128849539,1.45147,1.44878,70.0,-0.004024705910132143,1.44564,1.44577,1.44664,1.44625,,,,,,,,,,,,
2016-02-11,0.0026156147489615083,1.44197,1.44525,87.0,0.003924410060159053,1.44764,1.44758,1.44715,1.4462,,,,,,,,,,,,
2016-02-12,0.002611928728182333,1.4486,1.44727,,,,,,,,,,,,,,,,,,
2016-02-15,0.0026079318014029266,1.44685,1.44391,,,,,,,,,,,,,,,,,,
2016-02-16,0.002552225501589088,1.43464,1.42996,60.0,-0.004058019097822912,1.42883,1.42894,1.428,1.42894,,,,,,,,,,,,
2016-02-17,0.0025692477012020138,1.42938,1.43135,30.0,-0.0039957151856073155,1.42368,1.42476,1.42582,1.42656,,,,,,,,,,,,
2016-02-18,0.0026562234015762637,1.43789,1.4333,155.0,-0.004062794138787385,1.43206,1.43238,1.4324,1.4315,,,,,,,,,,,,
2016-02-19,0.0026244189480333757,1.42814,1.43546,162.0,0.004645598711664077,1.43479,1.43454,1.43399,1.43411,,,,,,,,,,,,
2016-02-22,0.0025958939786947604,1.40755,1.41622,71.0,0.003906961266447387,1.41306,1.41283,1.41196,1.41337,173.0,0.00533546222008008,1.41508,1.41554,1.41583,,,,,,,
2016-02-23,0.002656415721856397,1.41027,1.40276,174.0,-0.004114047902299246,1.40448,1.40441,1.40394,,,,,,,,,,,,,
2016-02-24,0.0027738666513756308,1.39316,1.3926,,,,,,,,,,,,,,,,,,
2016-02-25,0.0028587400841003857,1.3953,1.39512,,,,,,,,,,,,,,,,,,
2016-02-26,0.002826970230559276,1.39631,1.3876,60.0,-0.004788321932666943,1.38964,1.39049,1.39146,1.38895,78.0,-0.005781878297923176,1.38826,1.3888,1.38876,1.38941,116.0,-0.007093732019775922,1.38644,1.38646,1.38566,1.38636
2016-02-29,0.0028182840709125175,1.38668,1.39099,113.0,0.004260102582859246,1.3926,1.39302,1.39336,1.39252,,,,,,,,,,,,
2016-03-01,0.002855527464915598,1.3975,1.39555,121.0,-0.004288251187799054,1.39152,1.39171,1.39156,1.3918,,,,,,,,,,,,
2016-03-02,0.0028391947465923016,1.4023,1.40585,,,,,,,,,,,,,,,,,,
2016-03-03,0.002802864552396016,1.40938,1.41444,118.0,0.004248154904067763,1.41538,1.41551,1.41491,1.41533,148.0,0.005836571798519331,1.41763,1.4172,1.41748,1.41713,,,,,,
2016-03-04,0.0028586963829009427,1.41783,1.42205,160.0,0.004679301085350082,1.42448,1.42464,1.42431,1.42263,,,,,,,,,,,,
2016-03-07,0.0028600190840944117,1.41557,1.42778,147.0,0.004412497467340875,1.42183,1.42208,1.42314,1.42397,156.0,0.00593051365584697,1.42399,1.4237,1.42396,1.42449,,,,,,
2016-03-08,0.002820002550315273,1.42136,1.42253,,,,,,,,,,,,,,,,,,
2016-03-09,0.0027935195463403995,1.42001,1.42285,,,,,,,,,,,,,,,,,,
2016-03-10,0.0027858091624120293,1.41856,1.42868,65.0,0.005146894403967931,1.42588,1.42635,1.43034,1.4279,67.0,0.005805919211358201,1.42682,1.42699,1.42886,1.42789,69.0,0.00757052669406677,1.42934,1.43034,1.42752,1.42671
2016-03-11,0.0027612321099618276,1.42839,1.44059,62.0,0.004289333557232589,1.43453,1.43457,1.4353,1.436,69.0,0.0055293888916278745,1.43631,1.43622,1.43673,1.43711,115.0,0.007504725654067572,1.43915,1.43889,1.43982,1.43931
2016-03-14,0.002774092162348592,1.4347,1.43266,,,,,,,,,,,,,,,,,,
2016-03-15,0.0027760629168215962,1.41543,1.416,,,,,,,,,,,,,,,,,,
2016-03-16,0.0028100718241118685,1.41006,1.40957,,,,,,,,,,,,,,,,,,
2016-03-17,0.0028804618991569303,1.43749,1.44932,64.0,0.005003150409766102,1.4447,1.44591,1.447,1.44631,65.0,0.0058403439922094956,1.44591,1.44692,1.44625,1.44586,120.0,0.00829253613270854,1.44946,1.44901,1.44895,1.44762
2016-03-18,0.0029347049548084014,1.44681,1.45128,,,,,,,,,,,,,,,,,,
2016-03-21,0.0031385988636141635,1.43952,1.43954,,,,,,,,,,,,,,,,,,
2016-03-22,0.003055754701407619,1.42875,1.42184,75.0,-0.004637156708738297,1.42214,1.42209,1.42085,1.42172,124.0,-0.006326179869856777,1.41974,1.41987,1.42015,1.42134,,,,,,
2016-03-23,0.003035577565007259,1.41743,1.41103,123.0,-0.00474516032777438,1.41072,1.41138,1.41207,1.41169,,,,,,,,,,,,
2016-03-24,0.0031551617893218527,1.41212,1.41421,,,,,,,,,,,,,,,,,,
2016-03-25,0.0031738891519195204,1.41459,1.41266,,,,,,,,,,,,,,,,,,
2016-03-28,0.003132640026869274,1.4166,1.42468,79.0,0.004985434298154793,1.42368,1.4236,1.42376,1.42473,97.0,0.0064453705448872575,1.42576,1.4273,1.42779,1.42675,102.0,0.007868159942268948,1.42779,1.42748,1.42697,1.42661
2016-03-29,0.0030537487609858176,1.42893,1.4278,,,,,,,,,,,,,,,,,,
2016-03-30,0.003087512906967322,1.44206,1.43887,,,,,,,,,,,,,,,,,,
2016-03-31,0.003150864433559522,1.43865,1.43761,,,,,,,,,,,,,,,,,,
2016-04-01,0.003116842725410852,1.4303,1.4201,62.0,-0.004737485383425649,1.42354,1.42358,1.42392,1.42272,72.0,-0.006326338439463467,1.42128,1.42183,1.42272,1.42119,114.0,-0.00789657883984015,1.41905,1.41889,1.41944,1.41788
2016-04-04,0.0030851630652390938,1.42718,1.42779,,,,,,,,,,,,,,,,,,
2016-04-05,0.003078728648523024,1.41867,1.4155,,,,,,,,,,,,,,,,,,
2016-04-06,0.003041812177919462,1.40196,1.41661,122.0,0.004817331753009445,1.40873,1.40883,1.40926,1.40921,,,,,,,,,,,,
2016-04-07,0.003054499154229761,1.40816,1.40798,,,,,,,,,,,,,,,,,,
2016-04-08,0.003024197980589965,1.40827,1.41057,,,,,,,,,,,,,,,,,,
2016-04-11,0.00299801968647763,1.4225,1.42375,,,,,,,,,,,,,,,,,,
2016-04-12,0.002937051216655032,1.43062,1.42444,115.0,-0.004926066558454436,1.42359,1.42294,1.42355,1.42035,124.0,-0.006156109273015391,1.42184,1.42072,1.42047,1.42078,127.0,-0.00735950002405166,1.42013,1.42058,1.42079,1.42054
2016-04-13,0.0029689502880092204,1.42312,1.42153,,,,,,,,,,,,,,,,,,
2016-04-14,0.0029315508039664106,1.41457,1.4146,,,,,,,,,,,,,,,,,,
2016-04-15,0.002952852114979843,1.4189,1.42155,,,,,,,,,,,,,,,,,,
2016-04-18,0.0029127139562527306,1.41756,1.42749,144.0,0.004645082462192629,1.42416,1.42534,1.4246,1.42425,172.0,0.006006361994292387,1.4261,1.42656,1.42772,,,,,,,
2016-04-19,0.002860314088379072,1.43776,1.4391,,,,,,,,,,,,,,,,,,
2016-04-20,0.0029441652733536603,1.43783,1.43725,,,,,,,,,,,,,,,,,,
2016-04-21,0.0029380674996871887,1.43981,1.4337,115.0,-0.0045316824909978825,1.4333,1.43296,1.43387,1.43433,,,,,,,,,,,,
2016-04-22,0.0029145268327831673,1.43868,1.43869,,,,,,,,,,,,,,,,,,
2016-04-25,0.0028753592212510774,1.45134,1.44902,,,,,,,,,,,,,,,,,,
2016-04-26,0.0028288153332743675,1.45465,1.46083,41.0,0.004383189043122597,1.46104,1.46087,1.46117,1.46093,84.0,0.005744305779198873,1.46303,1.46292,1.46301,1.46231,,,,,,
2016-04-27,0.002819221185504692,1.4591,1.45525,,,,,,,,,,,,,,,,,,
2016-04-28,0.002823758059386344,1.45558,1.45812,,,,,,,,,,,,,,,,,,
2016-04-29,0.00279950331316264,1.46141,1.46252,,,,,,,,,,,,,,,,,,
2016-05-02,0.002841333551687429,1.466,1.46647,,,,,,,,,,,,,,,,,,
2016-05-03,0.002772342728288972,1.46284,1.4543,135.0,-0.004473912537538837,1.45631,1.45719,1.45781,1.45606,180.0,-0.005600680961583694,1.45467,,,,,,,,,
2016-05-04,0.002762663593165601,1.45102,1.44741,,,,,,,,,,,,,,,,,,
2016-05-05,0.002872577068678976,1.44991,1.44885,,,,,,,,,,,,,,,,,,
2016-05-06,0.0028338024189871512,1.44854,1.44375,46.0,-0.004289357915884432,1.44234,1.44328,1.44472,1.44552,,,,,,,,,,,,
2016-05-09,0.002803459418432782,1.44139,1.44083,,,,,,,,,,,,,,,,,,
2016-05-10,0.0027464189259485614,1.44279,1.44517,,,,,,,,,,,,,,,,,,
2016-05-11,0.0027137843060732274,1.4444,1.44819,,,,,,,,,,,,,,,,,,
2016-05-12,0.0026935583412272877,1.44404,1.44472,84.0,0.004932277667862935,1.45118,1.45138,1.4523,1.4518,86.0,0.005545383688962813,1.45207,1.45295,1.45223,1.45242,,,,,,
2016-05-13,0.0026605438433344067,1.44096,1.43709,123.0,-0.004102897946886326,1.43506,1.43495,1.43514,1.43596,,,,,,,,,,,,
2016-05-16,0.0026269488889604825,1.43721,1.44098,,,,,,,,,,,,,,,,,,
2016-05-17,0.002595923216391185,1.44785,1.4483,,,,,,,,,,,,,,,,,,
2016-05-18,0.0026603290434851355,1.45509,1.46118,165.0,0.004121822315325942,1.4611,1.46022,1.4606,1.46165,,,,,,,,,,,,
2016-05-19,0.0026396040311034113,1.46151,1.46055,,,,,,,,,,,,,,,,,,
2016-05-20,0.002733211803193786,1.45707,1.45109,,,,,,,,,,,,,,,,,,
2016-05-23,0.00269893189869042,1.44772,1.4446,,,,,,,,,,,,,,,,,,
2016-05-24,0.002684156071427252,1.45973,1.46218,,,,,,,,,,,,,,,,,,
2016-05-25,0.0026470962629729844,1.46901,1.46935,,,,,,,,,,,,,,,,,,
2016-05-26,0.0027019065202250605,1.47028,1.46659,,,,,,,,,,,,,,,,,,
2016-05-27,0.002718401488969975,1.46508,1.4644,,,,,,,,,,,,,,,,,,
2016-05-30,0.0026941028638893835,1.46175,1.46301,,,,,,,,,,,,,,,,,,
2016-05-31,0.0026314666515779273,1.46433,1.45177,157.0,-0.0041950015840124385,1.4582,1.45781,1.45615,1.45645,162.0,-0.005601833528088566,1.45615,1.45704,1.45599,1.45547,175.0,-0.0067218506859213455,1.45452,1.45484,1.45521,
2016-06-01,0.002627725800589376,1.44364,1.43937,,,,,,,,,,,,,,,,,,
2016-06-02,0.002833157237970489,1.44509,1.44173,,,,,,,,,,,,,,,,,,
2016-06-03,0.002819403940098592,1.44202,1.45209,31.0,0.004428398762157213,1.44842,1.4492,1.45105,1.44942,34.0,0.0061736059224335215,1.45095,1.45198,1.45023,1.45023,57.0,0.007179337297850381,1.45241,1.45295,1.45327,1.45617
2016-06-06,0.002788669862072025,1.43983,1.44487,158.0,0.0043867166212136505,1.44616,1.44569,1.44678,1.44606,,,,,,,,,,,,
2016-06-07,0.002868355166938397,1.45764,1.45626,,,,,,,,,,,,,,,,,,
2016-06-08,0.0028554686188768563,1.45948,1.45462,,,,,,,,,,,,,,,,,,
2016-06-09,0.0028551968498107118,1.4459,1.44644,,,,,,,,,,,,,,,,,,
2016-06-10,0.0028240363824444357,1.43969,1.43431,101.0,-0.004343686566721926,1.43345,1.43392,1.43515,1.43412,138.0,-0.005718938534826681,1.43148,1.4316,1.4331,1.43377,,,,,,
2016-06-13,0.002795401850992929,1.41774,1.42179,92.0,0.005262133311844789,1.42522,1.42327,1.42214,1.42363,110.0,0.005753164979223632,1.42592,1.42532,1.42444,1.42734,120.0,0.007735881669488738,1.42875,1.42829,1.42734,1.42836
2016-06-14,0.0029778738677806197,1.4127,1.41295,,,,,,,,,,,,,,,,,,
2016-06-15,0.002937023048747334,1.41867,1.41857,,,,,,,,,,,,,,,,,,
2016-06-16,0.0029106004606100247,1.41352,1.40718,121.0,-0.0045593053548742485,1.40709,1.40688,1.40839,1.40498,136.0,-0.006059979517310269,1.40498,1.40451,1.40489,1.4026,151.0,-0.007755390205584599,1.4026,1.40303,1.40161,1.40422
2016-06-17,0.002890555524602832,1.42928,1.42864,,,,,,,,,,,,,,,,,,
2016-06-20,0.002884591098706722,1.46336,1.4684,,,,,,,,,,,,,,,,,,
2016-06-21,0.0031761445931449764,1.47356,1.46675,120.0,-0.004775356852048824,1.46654,1.46732,1.46762,1.46972,,,,,,,,,,,,
2016-06-22,0.00316448280060268,1.46851,1.46796,123.0,0.005392276458110081,1.47645,1.47664,1.47438,1.47571,,,,,,,,,,,,
2016-06-23,0.003121555135189468,1.48712,1.47987,116.0,-0.005184485159446855,1.47943,1.47954,1.48256,1.48154,149.0,-0.007248217999172035,1.47638,1.47595,1.47706,1.47996,151.0,-0.008169814594861328,1.47502,1.47597,1.47686,1.47986
2016-06-24,0.0028373801472227765,1.36528,1.36239,12.0,0.006759593885036945,1.37454,1.37239,1.37513,1.37329,12.0,0.006759593885036945,1.37454,1.37239,1.37513,1.37329,17.0,0.007188736297802541,1.37513,1.37679,1.37444,1.37196
2016-06-27,0.00705310564858365,1.31689,1.32126,,,,,,,,,,,,,,,,,,
2016-06-28,0.007024300060822337,1.33423,1.32927,,,,,,,,,,,,,,,,,,
2016-06-29,0.006931865331834757,1.34426,1.34997,,,,,,,,,,,,,,,,,,
2016-06-30,0.006839207447538811,1.34226,1.32404,,,,,,,,,,,,,,,,,,
2016-07-01,0.006770160018365589,1.32912,1.328,,,,,,,,,,,,,,,,,,
2016-07-04,0.006675962665631636,1.32676,1.32979,,,,,,,,,,,,,,,,,,
2016-07-05,0.006490766247639998,1.31134,1.30204,,,,,,,,,,,,,,,,,,
2016-07-06,0.006341251036566901,1.29742,1.29185,,,,,,,,,,,,,,,,,,
2016-07-07,0.0066167478397554285,1.30085,1.29219,,,,,,,,,,,,,,,,,,
2016-07-08,0.0065399149582361605,1.29753,1.2938,,,,,,,,,,,,,,,,,,
2016-07-11,0.006442742741707793,1.29831,1.29822,,,,,,,,,,,,,,,,,,
2016-07-12,0.0062432995173113135,1.3154,1.32342,,,,,,,,,,,,,,,,,,
2016-07-13,0.006183776789184386,1.32777,1.31793,,,,,,,,,,,,,,,,,,
2016-07-14,0.006204357728320806,1.33731,1.33425,,,,,,,,,,,,,,,,,,
2016-07-15,0.006112524311017593,1.337,1.31928,177.0,-0.009801052541728104,1.32396,1.32353,,,,,,,,,,,,,,
2016-07-18,0.006199544607149782,1.32619,1.32786,,,,,,,,,,,,,,,,,,
2016-07-19,0.006196035356711409,1.31331,1.3123,,,,,,,,,,,,,,,,,,
2016-07-20,0.006094803911750239,1.31752,1.31739,,,,,,,,,,,,,,,,,,
2016-07-21,0.006049885384990684,1.31714,1.32146,,,,,,,,,,,,,,,,,,
2016-07-22,0.006022477426147636,1.31142,1.30874,,,,,,,,,,,,,,,,,,
2016-07-25,0.00592831537731212,1.31241,1.31255,,,,,,,,,,,,,,,,,,
2016-07-26,0.005794465812677844,1.31257,1.31285,,,,,,,,,,,,,,,,,,
2016-07-27,0.005709540096378119,1.30993,1.30927,,,,,,,,,,,,,,,,,,
2016-07-28,0.005621479475036648,1.31616,1.31469,,,,,,,,,,,,,,,,,,
2016-07-29,0.005569779031899641,1.31753,1.32669,,,,,,,,,,,,,,,,,,
2016-08-01,0.005507311064202918,1.31852,1.31981,,,,,,,,,,,,,,,,,,
2016-08-02,0.00535185700223278,1.3246,1.33238,,,,,,,,,,,,,,,,,,
2016-08-03,0.005287451517148689,1.3354,1.3331,,,,,,,,,,,,,,,,,,
2016-08-04,0.005262204852516174,1.31444,1.31392,,,,,,,,,,,,,,,,,,
2016-08-05,0.005171255262257649,1.31643,1.30682,57.0,-0.008015754017775463,1.30592,1.30668,1.30424,1.30379,68.0,-0.010446112445892256,1.30275,1.30255,1.30317,1.30362,,,,,,
2016-08-08,0.005241724581833156,1.30594,1.30414,,,,,,,,,,,,,,,,,,
2016-08-09,0.005098673613697907,1.29738,1.30104,,,,,,,,,,,,,,,,,,
2016-08-10,0.005052783269248712,1.3079,1.30012,,,,,,,,,,,,,,,,,,
2016-08-11,0.00500607638879306,1.29657,1.29615,,,,,,,,,,,,,,,,,,
2016-08-12,0.004940149426702193,1.2957,1.29324,,,,,,,,,,,,,,,,,,
2016-08-15,0.004872082541355201,1.28965,1.28728,,,,,,,,,,,,,,,,,,
2016-08-16,0.004740301221705048,1.29638,1.30159,,,,,,,,,,,,,,,,,,
2016-08-17,0.0046670735679521765,1.30091,1.30119,,,,,,,,,,,,,,,,,,
2016-08-18,0.004669172442828574,1.31468,1.31453,,,,,,,,,,,,,,,,,,
2016-08-19,0.0046011911635914235,1.31065,1.30572,,,,,,,,,,,,,,,,,,
2016-08-22,0.004559658714338264,1.31029,1.31374,,,,,,,,,,,,,,,,,,
2016-08-23,0.0044438539522127125,1.31885,1.3181,,,,,,,,,,,,,,,,,,
2016-08-24,0.004407530914583305,1.32287,1.3233,,,,,,,,,,,,,,,,,,
2016-08-25,0.004350656236036941,1.3191,1.31757,,,,,,,,,,,,,,,,,,
2016-08-26,0.004294973462377207,1.32014,1.31676,,,,,,,,,,,,,,,,,,
2016-08-29,0.004231886315450212,1.30654,1.3085,,,,,,,,,,,,,,,,,,
2016-08-30,0.004128642571887569,1.31029,1.30796,,,,,,,,,,,,,,,,,,
2016-08-31,0.004073369625151592,1.31323,1.3129,,,,,,,,,,,,,,,,,,
2016-09-01,0.004019223397319924,1.32429,1.32736,,,,,,,,,,,,,,,,,,
2016-09-02,0.003966019954278822,1.32742,1.32959,,,,,,,,,,,,,,,,,,
2016-09-05,0.00398854387716502,1.33292,1.33117,,,,,,,,,,,,,,,,,,
2016-09-06,0.0038770912533012047,1.33515,1.34298,159.0,0.005854826406084325,1.34299,1.34218,1.34321,1.34284,,,,,,,,,,,,
2016-09-07,0.0038271153507024066,1.33621,1.33367,,,,,,,,,,,,,,,,,,
2016-09-08,0.003809219063404503,1.33467,1.33002,,,,,,,,,,,,,,,,,,
2016-09-09,0.0037695601787975258,1.33142,1.32541,,,,,,,,,,,,,,,,,,
2016-09-12,0.0037221416241580946,1.32859,1.33111,,,,,,,,,,,,,,,,,,
2016-09-13,0.0036296814865620407,1.32532,1.31852,179.0,-0.0054853942695510215,1.31807,1.31816,,,,,,,,,,,,,,
2016-09-14,0.003594879144631555,1.31794,1.32046,,,,,,,,,,,,,,,,,,
2016-09-15,0.0036202203951286164,1.3199,1.32098,,,,,,,,,,,,,,,,,,
2016-09-16,0.0035884920764793857,1.31735,1.30878,123.0,-0.00548814122748864,1.31014,1.3106,1.30952,1.31016,179.0,-0.0072528677900505194,1.30783,1.30807,,,,,,,,
2016-09-19,0.003535487229893907,1.30494,1.30502,,,,,,,,,,,,,,,,,,
2016-09-20,0.0036797556896795165,1.29647,1.29748,,,,,,,,,,,,,,,,,,
2016-09-21,0.0036261458576175272,1.30005,1.29767,,,,,,,,,,,,,,,,,,
2016-09-22,0.0035905499917181713,1.30747,1.30901,,,,,,,,,,,,,,,,,,
2016-09-23,0.0035585678081272274,1.29705,1.2958,,,,,,,,,,,,,,,,,,
2016-09-26,0.003506335390138923,1.29298,1.29757,,,,,,,,,,,,,,,,,,
2016-09-27,0.0034472127929055284,1.29895,1.30041,,,,,,,,,,,,,,,,,,
2016-09-28,0.003398080987395343,1.30113,1.29958,,,,,,,,,,,,,,,,,,
2016-09-29,0.003351491664730317,1.30181,1.29876,,,,,,,,,,,,,,,,,,
2016-09-30,0.0033099736984982396,1.29537,1.30155,,,,,,,,,,,,,,,,,,
2016-10-03,0.0032844212084589186,1.28641,1.28399,,,,,,,,,,,,,,,,,,
2016-10-04,0.003197309808024633,1.27443,1.27488,,,,,,,,,,,,,,,,,,
2016-10-05,0.0032109646293103484,1.27195,1.27433,,,,,,,,,,,,,,,,,,
2016-10-06,0.0032050932764953913,1.26601,1.26495,,,,,,,,,,,,,,,,,,
2016-10-07,0.00313952979506826,1.23575,1.24339,96.0,0.005568122843194297,1.24265,1.2421,1.24155,1.23957,134.0,0.007023627681773558,1.24446,1.2448,1.24424,1.24455,142.0,0.007947296559967204,1.24561,1.24486,1.24388,1.24525
2016-10-10,0.0035845441644177796,1.23893,1.23979,,,,,,,,,,,,,,,,,,
2016-10-11,0.0034831212983871033,1.22683,1.22176,,,,,,,,,,,,,,,,,,
2016-10-12,0.003474142731195738,1.22522,1.21961,60.0,-0.005557274957374774,1.21843,1.21789,1.21775,1.21838,63.0,-0.0070849959937274685,1.21657,1.2176,1.2178,1.2188,,,,,,
2016-10-13,0.003424911350887048,1.22101,1.21941,,,,,,,,,,,,,,,,,,
2016-10-14,0.0034672448998135635,1.22592,1.21846,58.0,-0.005258843971930777,1.21949,1.2195,1.22028,1.22195,,,,,,,,,,,,
2016-10-17,0.0034403222942944885,1.21523,1.21823,,,,,,,,,,,,,,,,,,
2016-10-18,0.003359631948661172,1.22586,1.23109,,,,,,,,,,,,,,,,,,
2016-10-19,0.0033356203757137722,1.2288,1.22742,,,,,,,,,,,,,,,,,,
2016-10-20,0.003307586312151106,1.22615,1.22641,,,,,,,,,,,,,,,,,,
2016-10-21,0.0032609447286823805,1.2198,1.22087,,,,,,,,,,,,,,,,,,
2016-10-24,0.0032341440363625883,1.22361,1.22032,,,,,,,,,,,,,,,,,,
2016-10-25,0.0031491767685344917,1.22231,1.21653,62.0,-0.00490438275956445,1.21633,1.21652,1.21563,1.21431,77.0,-0.006566496824207016,1.21431,1.21372,1.21222,1.21225,80.0,-0.008157141205592714,1.21238,1.21144,1.21274,1.21244
2016-10-26,0.003116401457481944,1.22152,1.22343,,,,,,,,,,,,,,,,,,
2016-10-27,0.003091971697579094,1.22443,1.21711,129.0,-0.0048630423479604215,1.21849,1.21885,1.21846,1.21924,,,,,,,,,,,,
2016-10-28,0.0030693426324042102,1.21414,1.2153,,,,,,,,,,,,,,,,,,
2016-10-31,0.0030324401466185306,1.21689,1.22178,,,,,,,,,,,,,,,,,,
2016-11-01,0.002948529512009311,1.22307,1.2218,,,,,,,,,,,,,,,,,,
2016-11-02,0.002925142540283394,1.23156,1.23172,,,,,,,,,,,,,,,,,,
2016-11-03,0.0028825939349107275,1.24593,1.24586,,,,,,,,,,,,,,,,,,
2016-11-04,0.002905689929634317,1.2494,1.25451,,,,,,,,,,,,,,,,,,
2016-11-07,0.0029935878556283844,1.24355,1.24032,,,,,,,,,,,,,,,,,,
2016-11-08,0.002945857153833786,1.23686,1.23909,,,,,,,,,,,,,,,,,,
2016-11-09,0.0029271147883562876,1.23692,1.24206,106.0,0.004670060067881926,1.24271,1.24227,1.24358,1.2439,118.0,0.006173704879971575,1.24458,1.2444,1.2443,1.24712,127.0,0.0075386954968294,1.24628,1.24714,1.24744,1.24726
2016-11-10,0.003033073453636085,1.24422,1.25367,126.0,0.004778713391538058,1.25018,1.25118,1.25088,1.25235,136.0,0.006544898213134032,1.25239,1.25208,1.25235,1.25312,,,,,,
2016-11-11,0.0030818490683243776,1.2616,1.26024,,,,,,,,,,,,,,,,,,
2016-11-14,0.003171211777759803,1.25021,1.2494,,,,,,,,,,,,,,,,,,
2016-11-15,0.003099082505109851,1.24218,1.24378,,,,,,,,,,,,,,,,,,
2016-11-16,0.0030906407829951158,1.24563,1.24446,,,,,,,,,,,,,,,,,,
2016-11-17,0.0030503172823656906,1.24432,1.24291,,,,,,,,,,,,,,,,,,
2016-11-18,0.0030115789773674457,1.23362,1.23364,,,,,,,,,,,,,,,,,,
2016-11-21,0.0029739206062279126,1.24768,1.2478,,,,,,,,,,,,,,,,,,
2016-11-22,0.002909215886353391,1.24123,1.24171,,,,,,,,,,,,,,,,,,
2016-11-23,0.003014109069296342,1.23865,1.24616,178.0,0.005169676371060182,1.24507,1.24555,,,,,,,,,,,,,,
2016-11-24,0.003008022622577931,1.24598,1.24569,,,,,,,,,,,,,,,,,,
2016-11-25,0.002969570024613365,1.24416,1.24533,,,,,,,,,,,,,,,,,,
2016-11-28,0.0029293377059773982,1.24073,1.2412,,,,,,,,,,,,,,,,,,
2016-11-29,0.002858811227758103,1.24667,1.24953,112.0,0.004298224497793518,1.25204,1.25188,1.25158,1.25102,,,,,,,,,,,,
2016-11-30,0.0028941983783563724,1.2482,1.24972,,,,,,,,,,,,,,,,,,
2016-12-01,0.0029028884653247954,1.26896,1.25815,54.0,-0.004977060542134287,1.26266,1.263,1.26163,1.26287,83.0,-0.005856543684620607,1.26155,1.26088,1.26109,1.25994,128.0,-0.0075463698284093115,1.25942,1.25977,1.25787,1.25914
2016-12-02,0.002878224174527327,1.26302,1.26855,136.0,0.004353071202110603,1.26853,1.26819,1.26874,1.26761,,,,,,,,,,,,
2016-12-05,0.0028829145608992184,1.2721,1.27219,,,,,,,,,,,,,,,,,,
2016-12-06,0.002900014500759251,1.27674,1.26693,116.0,-0.004773503607657165,1.27066,1.27163,1.27072,1.27104,,,,,,,,,,,,
2016-12-07,0.002883014544497599,1.25998,1.26049,,,,,,,,,,,,,,,,,,
2016-12-08,0.0028823582786013,1.2608,1.25694,114.0,-0.004602899441985735,1.25501,1.25562,1.25542,1.25636,,,,,,,,,,,,
2016-12-09,0.0028436951583970427,1.25798,1.25774,,,,,,,,,,,,,,,,,,
2016-12-12,0.0028331024076863015,1.26508,1.2694,,,,,,,,,,,,,,,,,,
2016-12-13,0.0027567169372074477,1.27183,1.26794,93.0,-0.004310164698663411,1.26636,1.26656,1.26675,1.26707,,,,,,,,,,,,
2016-12-14,0.0027710253134650654,1.26996,1.26977,,,,,,,,,,,,,,,,,,
2016-12-15,0.0027328495656901803,1.24786,1.24375,82.0,-0.004208030365456605,1.24262,1.24261,1.24294,1.24257,109.0,-0.0054884041840017,1.24103,1.24139,1.24144,1.24053,160.0,-0.007617935282144422,1.23839,1.23812,1.23862,1.23774
2016-12-16,0.0027836340748589004,1.24409,1.25005,,,,,,,,,,,,,,,,,,
2016-12-19,0.0028358507101197967,1.23917,1.2418,,,,,,,,,,,,,,,,,,
2016-12-20,0.0027838453108253365,1.23368,1.23569,,,,,,,,,,,,,,,,,,
2016-12-21,0.0027900776836705665,1.23733,1.23542,,,,,,,,,,,,,,,,,,
2016-12-22,0.002753217624829189,1.23126,1.22994,,,,,,,,,,,,,,,,,,
2016-12-23,0.0027171227612911198,1.22388,1.22751,,,,,,,,,,,,,,,,,,
2016-12-27,0.0027174209198917642,1.22448,1.22655,,,,,,,,,,,,,,,,,,
2016-12-28,0.00260866960222341,1.22063,1.22271,,,,,,,,,,,,,,,,,,
2016-12-29,0.0025757569864626913,1.22426,1.22271,,,,,,,,,,,,,,,,,,
2016-12-30,0.0025511480588428967,1.23465,1.23423,,,,,,,,,,,,,,,,,,
2017-01-02,0.0025241615066604697,1.2284,1.22806,,,,,,,,,,,,,,,,,,
2017-01-03,0.0023580936964813074,1.22662,1.22596,71.0,-0.003675363709998374,1.22212,1.22156,1.22159,1.22058,73.0,-0.004788803699277359,1.22076,1.22113,1.22183,1.22108,,,,,,
2017-01-04,0.002315845820799218,1.22934,1.23131,,,,,,,,,,,,,,,,,,
2017-01-05,0.002326954948390108,1.2333,1.24209,104.0,0.003650185550256905,1.23781,1.23814,1.2393,1.24246,107.0,0.0047079466675609815,1.23912,1.23898,1.2406,1.2418,112.0,0.005901629967074564,1.2406,1.2414,1.24076,1.24185
2017-01-06,0.0024444249765096498,1.23322,1.22975,,,,,,,,,,,,,,,,,,
2017-01-09,0.002413899680862751,1.21389,1.21694,,,,,,,,,,,,,,,,,,
2017-01-10,0.0025013892579281976,1.21632,1.21595,,,,,,,,,,,,,,,,,,
2017-01-11,0.002554610022198574,1.21248,1.21542,78.0,-0.006105297796889752,1.2051,1.20676,1.20609,1.2054,78.0,-0.006105297796889752,1.2051,1.20676,1.20609,1.2054,87.0,-0.006445576413662316,1.20469,1.20501,1.20549,1.20577
2017-01-12,0.002483435134253324,1.22735,1.21881,98.0,-0.003820381623147351,1.22267,1.22281,1.22284,1.2211,113.0,-0.005105281770052818,1.2211,1.22099,1.2219,1.22299,,,,,,
2017-01-13,0.0024583383070718575,1.21617,1.22037,142.0,0.003922667845064753,1.22095,1.22036,1.21882,1.21864,170.0,0.004995027671307106,1.22226,1.2216,1.22045,,,,,,,
2017-01-16,0.0024185859683595367,1.20604,1.20696,,,,,,,,,,,,,,,,,,
2017-01-17,0.002703596004484279,1.23368,1.23829,51.0,0.004077015839882183,1.23872,1.23933,1.2385,1.23833,,,,,,,,,,,,
2017-01-18,0.002652405050556179,1.22833,1.23102,100.0,0.004062305010412366,1.23333,1.233,1.23324,1.23453,,,,,,,,,,,,
2017-01-19,0.0036377467986313805,1.22999,1.23029,,,,,,,,,,,,,,,,,,
2017-01-20,0.0035767316127383805,1.22984,1.23414,,,,,,,,,,,,,,,,,,
2017-01-23,0.003544860629054074,1.2456,1.24767,,,,,,,,,,,,,,,,,,
2017-01-24,0.003363385527952701,1.24576,1.25272,167.0,0.005611314167575692,1.25277,1.25243,1.25291,,,,,,,,,,,,,
2017-01-25,0.003381261206824788,1.2584,1.26072,,,,,,,,,,,,,,,,,,
2017-01-26,0.003277492673055891,1.25808,1.25925,,,,,,,,,,,,,,,,,,
2017-01-27,0.0034525262537702687,1.25503,1.25383,,,,,,,,,,,,,,,,,,
2017-01-30,0.0034579897822635394,1.25256,1.24823,,,,,,,,,,,,,,,,,,
2017-01-31,0.003268142762952081,1.24855,1.25674,98.0,0.005073010140667334,1.2549,1.25483,1.2552,1.2568,113.0,0.006585929965816309,1.2568,1.25713,1.2579,1.25783,,,,,,
2017-02-01,0.0032345150235775022,1.26469,1.26367,,,,,,,,,,,,,,,,,,
2017-02-02,0.0031925931444503,1.25674,1.25598,,,,,,,,,,,,,,,,,,
2017-02-03,0.0032121550422937583,1.24981,1.25113,,,,,,,,,,,,,,,,,,
2017-02-06,0.0033920596008636048,1.24471,1.24704,,,,,,,,,,,,,,,,,,
2017-02-07,0.0032089066116224186,1.23864,1.24954,137.0,0.005603338011207246,1.2456,1.24648,1.24627,1.24706,139.0,0.006670526872506645,1.24693,1.24625,1.24646,1.24694,173.0,0.00806498133792801,1.24867,1.24928,1.24849,
2017-02-08,0.003128015004071765,1.25151,1.25362,,,,,,,,,,,,,,,,,,
2017-02-09,0.003053976826394242,1.25687,1.25066,,,,,,,,,,,,,,,,,,
2017-02-10,0.002970909319464421,1.24609,1.2493,,,,,,,,,,,,,,,,,,
2017-02-13,0.0028861317197207545,1.25118,1.25031,,,,,,,,,,,,,,,,,,
2017-02-14,0.00272616347504059,1.24642,1.24663,,,,,,,,,,,,,,,,,,
2017-02-15,0.0026788915758282038,1.23939,1.24476,68.0,0.00441178370096682,1.24487,1.24489,1.24487,1.24605,79.0,0.005624026699394299,1.24638,1.24618,1.24579,1.24516,166.0,0.006842815438554859,1.2479,1.24792,1.24705,
2017-02-16,0.002703873255404471,1.249,1.24731,,,,,,,,,,,,,,,,,,
2017-02-17,0.002625132001123728,1.24308,1.24405,,,,,,,,,,,,,,,,,,
2017-02-20,0.002578032641487802,1.24696,1.24565,,,,,,,,,,,,,,,,,,
2017-02-21,0.0026069074608231963,1.24189,1.24594,116.0,0.004066156901753088,1.24695,1.24693,1.24681,1.24605,,,,,,,,,,,,
2017-02-22,0.0025430293248858,1.24486,1.24362,,,,,,,,,,,,,,,,,,
2017-02-23,0.002528661690373251,1.2503,1.25442,116.0,0.004022929708388158,1.25534,1.25445,1.25482,1.25447,,,,,,,,,,,,
2017-02-24,0.0025149755158518834,1.25465,1.24644,105.0,-0.0040971716587626245,1.24952,1.24852,1.24949,1.24921,,,,,,,,,,,,
2017-02-27,0.0026574030974078375,1.24207,1.2458,125.0,0.003993400536590636,1.24704,1.24675,1.2467,1.2463,,,,,,,,,,,,
2017-02-28,0.0026627859565986306,1.24199,1.24124,90.0,0.004041773112583404,1.24702,1.24653,1.24642,1.24406,,,,,,,,,,,,
2017-03-01,0.0025850514974623357,1.22997,1.2316,,,,,,,,,,,,,,,,,,
2017-03-02,0.002586542834096843,1.22802,1.22639,,,,,,,,,,,,,,,,,,
2017-03-03,0.002635790989734179,1.22358,1.22412,,,,,,,,,,,,,,,,,,
2017-03-06,0.002562400968230795,1.22719,1.223,,,,,,,,,,,,,,,,,,
2017-03-07,0.0024320789313433096,1.21934,1.22061,,,,,,,,,,,,,,,,,,
2017-03-08,0.0023991049284458068,1.21695,1.21545,,,,,,,,,,,,,,,,,,
2017-03-09,0.0023588712338410817,1.21849,1.21705,77.0,-0.003601089150095966,1.21411,1.21446,1.21489,1.21451,,,,,,,,,,,,
2017-03-10,0.0023243601054324207,1.21813,1.21722,,,,,,,,,,,,,,,,,,
2017-03-13,0.002259065727736505,1.22246,1.22331,,,,,,,,,,,,,,,,,,
2017-03-14,0.0021408339213925967,1.2129,1.21649,,,,,,,,,,,,,,,,,,
2017-03-15,0.002096826128325733,1.2194,1.22207,,,,,,,,,,,,,,,,,,
2017-03-16,0.0020798105222259904,1.22839,1.23659,3.0,0.0036079706945793366,1.23283,1.23182,1.23369,1.23396,8.0,0.00430530948352088,1.23369,1.2336,1.23386,1.23432,25.0,0.005795658938470401,1.23553,1.2359,1.23506,1.23605
2017-03-17,0.002310384712562088,1.23606,1.23739,,,,,,,,,,,,,,,,,,
2017-03-20,0.0023872731286897313,1.2384,1.23631,,,,,,,,,,,,,,,,,,
2017-03-21,0.0022874668419389796,1.2464,1.24781,,,,,,,,,,,,,,,,,,
2017-03-22,0.0022361067272948488,1.24471,1.24716,,,,,,,,,,,,,,,,,,
2017-03-23,0.002427699081845605,1.2495,1.25266,,,,,,,,,,,,,,,,,,
2017-03-24,0.0023628748529609246,1.24938,1.24899,,,,,,,,,,,,,,,,,,
2017-03-27,0.0022967414274275262,1.25948,1.25833,,,,,,,,,,,,,,,,,,
2017-03-28,0.00222754920990926,1.25519,1.25019,,,,,,,,,,,,,,,,,,
2017-03-29,0.0022045574070564673,1.24612,1.24115,29.0,-0.0033600507485043746,1.24194,1.24229,1.24264,1.24274,84.0,-0.00464918833296983,1.24034,1.24056,1.24105,1.24189,,,,,,
2017-03-30,0.0025763942407309682,1.24651,1.24888,98.0,0.004530399795675924,1.25217,1.25192,1.25115,1.25114,,,,,,,,,,,,
2017-03-31,0.002510388171003247,1.2484,1.25337,,,,,,,,,,,,,,,,,,
2017-04-03,0.0024966103207594236,1.24979,1.24776,,,,,,,,,,,,,,,,,,
2017-04-04,0.00241203050154163,1.24346,1.24321,,,,,,,,,,,,,,,,,,
2017-04-05,0.002393783105756029,1.249,1.24828,,,,,,,,,,,,,,,,,,
2017-04-06,0.0023656072999441776,1.24551,1.24825,171.0,0.003638465922310091,1.25005,1.25038,1.24956,,,,,,,,,,,,,
2017-04-07,0.0023278481216435867,1.24198,1.23981,,,,,,,,,,,,,,,,,,
2017-04-10,0.002264722641678771,1.23962,1.24158,,,,,,,,,,,,,,,,,,
2017-04-11,0.0023274466692586033,1.24386,1.24832,178.0,0.0038995788770816936,1.24872,1.2488,,,,,,,,,,,,,,
2017-04-12,0.0023041388578331347,1.24983,1.25012,,,,,,,,,,,,,,,,,,
2017-04-13,0.0023257019224253925,1.25273,1.25191,,,,,,,,,,,,,,,,,,
2017-04-14,0.002396089331266571,1.25095,1.25271,,,,,,,,,,,,,,,,,,
2017-04-17,0.002405663327360505,1.25476,1.25866,179.0,0.003619632681462525,1.25931,1.2592,,,,,,,,,,,,,,
2017-04-18,0.0022875759783665428,1.26699,1.2768,51.0,0.0035454324743809038,1.27149,1.2725,1.27185,1.27097,85.0,0.0046458971386889305,1.27289,1.27387,1.27356,1.27332,95.0,0.005800083153558118,1.27436,1.27404,1.27332,1.27365
2017-04-19,0.002233163055852411,1.2852,1.27879,,,,,,,,,,,,,,,,,,
2017-04-20,0.0032295948424193506,1.27975,1.28307,,,,,,,,,,,,,,,,,,
2017-04-21,0.003153848801573361,1.27756,1.27835,,,,,,,,,,,,,,,,,,
2017-04-24,0.0030621185549166373,1.28082,1.27779,,,,,,,,,,,,,,,,,,
2017-04-25,0.002891597278642458,1.28237,1.28357,,,,,,,,,,,,,,,,,,
2017-04-26,0.002807021630756772,1.28262,1.2838,,,,,,,,,,,,,,,,,,
2017-04-27,0.002783476609700202,1.28877,1.28868,,,,,,,,,,,,,,,,,,
2017-04-28,0.0027101579301689175,1.29407,1.29393,,,,,,,,,,,,,,,,,,
2017-05-01,0.002668355277445272,1.29228,1.29159,,,,,,,,,,,,,,,,,,
2017-05-02,0.0025536862516027095,1.291,1.29203,,,,,,,,,,,,,,,,,,
2017-05-03,0.002480388126063138,1.29252,1.2915,,,,,,,,,,,,,,,,,,
2017-05-04,0.0024321722403585315,1.28833,1.29085,,,,,,,,,,,,,,,,,,
2017-05-05,0.002440766220735577,1.29409,1.29493,,,,,,,,,,,,,,,,,,
2017-05-08,0.0023949809972361683,1.29478,1.294,,,,,,,,,,,,,,,,,,
2017-05-09,0.0023494660068601875,1.29182,1.2938,,,,,,,,,,,,,,,,,,
2017-05-10,0.00228603472423547,1.29517,1.29374,,,,,,,,,,,,,,,,,,
2017-05-11,0.0022218378451255905,1.28635,1.28855,,,,,,,,,,,,,,,,,,
2017-05-12,0.0021594124035200406,1.28546,1.28805,,,,,,,,,,,,,,,,,,
2017-05-15,0.0021649002620125874,1.29167,1.29155,,,,,,,,,,,,,,,,,,
2017-05-16,0.002048348416788401,1.28762,1.29122,177.0,0.003163627159795555,1.2917,1.29181,,,,,,,,,,,,,,
2017-05-17,0.002000961555751682,1.29624,1.29442,,,,,,,,,,,,,,,,,,
2017-05-18,0.0019483275934490528,1.30262,1.30087,,,,,,,,,,,,,,,,,,
2017-05-19,0.0019438596303176887,1.30144,1.30171,,,,,,,,,,,,,,,,,,
2017-05-22,0.001895426087799927,1.30084,1.30054,,,,,,,,,,,,,,,,,,
2017-05-23,0.0019691882151105533,1.29718,1.29751,,,,,,,,,,,,,,,,,,
2017-05-24,0.0019184536614166754,1.2964,1.29341,,,,,,,,,,,,,,,,,,
2017-05-25,0.001871938837249613,1.29587,1.29532,,,,,,,,,,,,,,,,,,
2017-05-26,0.0018263572655156186,1.28388,1.27924,99.0,-0.002870427230612363,1.2802,1.28031,1.28081,1.28142,178.0,-0.0037925832653572618,1.27902,1.27909,,,,,,,,
2017-05-29,0.001984582861529434,1.28448,1.28459,,,,,,,,,,,,,,,,,,
2017-05-30,0.0020607827635113667,1.28603,1.28546,,,,,,,,,,,,,,,,,,
2017-05-31,0.002004324430430598,1.28426,1.29011,150.0,0.003435761695161747,1.28868,1.28915,1.28867,1.28833,177.0,0.00453705776812722,1.2901,1.29036,,,179.0,0.0052809094040315585,1.29106,1.29079,,
2017-06-01,0.0019557822378820588,1.28597,1.28916,116.0,0.0029351037486002648,1.28975,1.28954,1.28961,1.28867,,,,,,,,,,,,
2017-06-02,0.001959739233759061,1.2848,1.28849,38.0,0.0032869333315601887,1.28903,1.28892,1.28801,1.28839,47.0,0.003977136736303841,1.28992,1.28981,1.28928,1.28752,,,,,,
2017-06-05,0.001907522447262521,1.29136,1.29145,,,,,,,,,,,,,,,,,,
2017-06-06,0.0018248995612832098,1.29062,1.28996,,,,,,,,,,,,,,,,,,
2017-06-07,0.0018443796488897197,1.2909,1.29416,114.0,0.0027925956394348928,1.29451,1.29448,1.2945,1.29515,158.0,0.00369600433113267,1.29568,1.29549,1.29632,1.29558,,,,,,
2017-06-08,0.0018053345137301014,1.2943,1.29379,,,,,,,,,,,,,,,,,,
2017-06-09,0.001838096481778798,1.27402,1.27346,,,,,,,,,,,,,,,,,,
2017-06-12,0.002639770371091913,1.26797,1.26559,,,,,,,,,,,,,,,,,,
2017-06-13,0.0024988185595569085,1.27318,1.27399,,,,,,,,,,,,,,,,,,
2017-06-14,0.0026316637822135407,1.27291,1.28098,45.0,0.003982913258526805,1.27799,1.27824,1.27874,1.27943,61.0,0.005452892333637594,1.27987,1.28024,1.28104,1.27969,,,,,,
2017-06-15,0.0027136036600684285,1.27656,1.27651,,,,,,,,,,,,,,,,,,
2017-06-16,0.0026342196005840106,1.27658,1.27767,,,,,,,,,,,,,,,,,,
2017-06-19,0.002576972729771258,1.27896,1.27436,,,,,,,,,,,,,,,,,,
2017-06-20,0.002431704091775838,1.26744,1.2621,105.0,-0.0037151549738986874,1.26274,1.2626,1.26295,1.26166,,,,,,,,,,,,
2017-06-21,0.0023826199591532884,1.26939,1.2666,,,,,,,,,,,,,,,,,,
2017-06-22,0.0025223933205880357,1.26698,1.26583,,,,,,,,,,,,,,,,,,
2017-06-23,0.002476636471371971,1.27246,1.27253,,,,,,,,,,,,,,,,,,
2017-06-26,0.00242447388540178,1.27323,1.27288,,,,,,,,,,,,,,,,,,
2017-06-27,0.002321241784983595,1.27566,1.27904,,,,,,,,,,,,,,,,,,
2017-06-28,0.0022721765506986662,1.28338,1.29355,95.0,0.0055557641030875,1.29053,1.28975,1.29105,1.29357,95.0,0.0055557641030875,1.29053,1.28975,1.29105,1.29357,100.0,0.005958618174650357,1.29105,1.29166,1.29296,1.29326
2017-06-29,0.002397005418296513,1.29754,1.29835,,,,,,,,,,,,,,,,,,
2017-06-30,0.0026730824031236462,1.29817,1.29972,,,,,,,,,,,,,,,,,,
2017-07-03,0.0026528896367727308,1.29493,1.29498,,,,,,,,,,,,,,,,,,
2017-07-04,0.002506161449292675,1.29293,1.29202,,,,,,,,,,,,,,,,,,
2017-07-05,0.0025072724991831823,1.29172,1.29327,,,,,,,,,,,,,,,,,,
2017-07-06,0.002435154739617355,1.29422,1.29659,,,,,,,,,,,,,,,,,,
2017-07-07,0.0023655984237476065,1.28993,1.28812,,,,,,,,,,,,,,,,,,
2017-07-10,0.0023238669108421447,1.28794,1.28821,,,,,,,,,,,,,,,,,,
2017-07-11,0.0023066184523495184,1.2906,1.28466,68.0,-0.004013933798473008,1.28543,1.28546,1.28557,1.28622,71.0,-0.004792186349563866,1.28443,1.28562,1.28635,1.28591,,,,,,
2017-07-12,0.0022515040499173577,1.2881,1.28888,,,,,,,,,,,,,,,,,,
2017-07-13,0.0021991169315308495,1.29397,1.29192,,,,,,,,,,,,,,,,,,
2017-07-14,0.0021832451965251845,1.29794,1.308,106.0,0.004174825673754047,1.30337,1.30368,1.30332,1.30604,107.0,0.0044126423642366205,1.30368,1.30348,1.30329,1.30632,119.0,0.005731114966967343,1.3054,1.30638,1.30701,1.30709
2017-07-17,0.002168880962049572,1.30626,1.30577,,,,,,,,,,,,,,,,,,
2017-07-18,0.0024587989888518566,1.30089,1.30264,,,,,,,,,,,,,,,,,,
2017-07-19,0.0023894423099645318,1.30324,1.3034,,,,,,,,,,,,,,,,,,
2017-07-20,0.0023791074124939536,1.2946,1.2973,,,,,,,,,,,,,,,,,,
2017-07-21,0.0023130452208562306,1.29974,1.29666,,,,,,,,,,,,,,,,,,
2017-07-24,0.002310667055667996,1.30379,1.30217,,,,,,,,,,,,,,,,,,
2017-07-25,0.0022054443296649815,1.3067,1.30435,,,,,,,,,,,,,,,,,,
2017-07-26,0.0021497474353395214,1.30497,1.30482,,,,,,,,,,,,,,,,,,
2017-07-27,0.002088727001763351,1.3146,1.30633,145.0,-0.0034823991331382645,1.31003,1.31015,1.30984,1.30982,162.0,-0.004253671197487841,1.30902,1.30932,1.30867,1.30809,,,,,,
2017-07-28,0.002296382081213215,1.30879,1.31249,,,,,,,,,,,,,,,,,,
2017-07-31,0.0022878066301191616,1.31181,1.31919,175.0,0.0034472952351657375,1.31634,1.31647,1.31893,,178.0,0.005003432231126174,1.31839,1.31812,,,,,,,,
2017-08-01,0.0021964203750270985,1.32039,1.32024,,,,,,,,,,,,,,,,,,
2017-08-02,0.002287731189697203,1.32215,1.32358,,,,,,,,,,,,,,,,,,
2017-08-03,0.0022264548710058864,1.3136,1.31468,,,,,,,,,,,,,,,,,,
2017-08-04,0.0021655905626645805,1.31443,1.30376,33.0,-0.0037424537287452974,1.30952,1.31022,1.3103,1.31,50.0,-0.004361192361975679,1.30871,1.3088,1.30875,1.30893,81.0,-0.005423871406794844,1.30732,1.30754,1.30772,1.30777
2017-08-07,0.002225220604585691,1.30516,1.30192,,,,,,,,,,,,,,,,,,
2017-08-08,0.0022960307026313265,1.30215,1.29696,140.0,-0.003646775033537376,1.29741,1.2974,1.297,1.29595,149.0,-0.004842177120151846,1.29586,1.29658,1.29609,1.29586,,,,,,
2017-08-09,0.0022333265554198346,1.29934,1.2998,,,,,,,,,,,,,,,,,,
2017-08-10,0.0022433659771551695,1.29958,1.29809,,,,,,,,,,,,,,,,,,
2017-08-11,0.00218557486218559,1.29745,1.29854,,,,,,,,,,,,,,,,,,
2017-08-14,0.002133478198872999,1.29686,1.29765,,,,,,,,,,,,,,,,,,
2017-08-15,0.0020363144999140143,1.28662,1.28578,,,,,,,,,,,,,,,,,,
2017-08-16,0.002032282648085919,1.28681,1.28564,,,,,,,,,,,,,,,,,,
2017-08-17,0.0021941253807593103,1.28691,1.28859,,,,,,,,,,,,,,,,,,
2017-08-18,0.0021659952039112637,1.28766,1.28485,,,,,,,,,,,,,,,,,,
2017-08-21,0.002114423508692765,1.28805,1.29038,,,,,,,,,,,,,,,,,,
2017-08-22,0.002002957331583016,1.2826,1.28329,,,,,,,,,,,,,,,,,,
2017-08-23,0.0019506787720524293,1.28092,1.27878,,,,,,,,,,,,,,,,,,
2017-08-24,0.0019841902233024952,1.28253,1.2801,,,,,,,,,,,,,,,,,,
2017-08-25,0.0019593513407592284,1.28286,1.28735,143.0,0.0033462805833965894,1.28716,1.28703,1.28707,1.28744,153.0,0.004021958908568134,1.28803,1.28809,1.28744,1.28806,,,,,,
2017-08-28,0.0019168411496317626,1.29114,1.29274,,,,,,,,,,,,,,,,,,
2017-08-29,0.0019320898229409703,1.29571,1.29348,,,,,,,,,,,,,,,,,,
2017-08-30,0.0019435498074351202,1.29242,1.29335,33.0,-0.002944551611459743,1.28862,1.28822,1.28852,1.29003,,,,,,,,,,,,
2017-08-31,0.001893774046165687,1.28594,1.28869,,,,,,,,,,,,,,,,,,
2017-09-01,0.0018488957977192322,1.29398,1.29698,30.0,0.003071061157346355,1.29796,1.29876,1.29899,1.29749,33.0,0.003995161765247618,1.29916,1.29932,1.29796,1.29711,,,,,,
2017-09-04,0.0018277451751094781,1.29566,1.29416,,,,,,,,,,,,,,,,,,
2017-09-05,0.0017358853427029797,1.29599,1.30125,124.0,0.002689302595219995,1.29948,1.2997,1.29947,1.29968,154.0,0.003581569165193797,1.30064,1.3005,1.30051,1.3017,164.0,0.004473040305218533,1.3018,1.30191,1.3017,1.3027
2017-09-06,0.0017120598446172435,1.30459,1.30695,,,,,,,,,,,,,,,,,,
2017-09-07,0.00195656258331056,1.30966,1.30925,,,,,,,,,,,,,,,,,,
2017-09-08,0.0019068643210338981,1.32147,1.32088,,,,,,,,,,,,,,,,,,
2017-09-11,0.0019978008406212186,1.32109,1.31732,,,,,,,,,,,,,,,,,,
2017-09-12,0.0019893544342630674,1.32726,1.32785,150.0,-0.0031014094381006728,1.32315,1.32411,1.32395,1.3267,,,,,,,,,,,,
2017-09-13,0.0019337576058315313,1.3279,1.32178,130.0,-0.0029488423979420818,1.32399,1.32388,1.32337,1.32392,,,,,,,,,,,,
2017-09-14,0.0022353356661275305,1.33392,1.3396,,,,,,,,,,,,,,,,,,
2017-09-15,0.0023810136005539377,1.35739,1.35774,,,,,,,,,,,,,,,,,,
2017-09-18,0.0028726794065140346,1.354,1.34865,,,,,,,,,,,,,,,,,,
2017-09-19,0.003187449628068047,1.34898,1.35173,,,,,,,,,,,,,,,,,,
2017-09-20,0.003169457459542239,1.35385,1.35639,,,,,,,,,,,,,,,,,,
2017-09-21,0.0030762969578735345,1.34819,1.35779,180.0,0.004876127413416574,1.35478,,,,,,,,,,,,,,,
2017-09-22,0.002995202913042809,1.35636,1.35304,111.0,-0.004914886448986853,1.34971,1.35003,1.35058,1.35023,,,,,,,,,,,,
2017-09-25,0.0030039145355721603,1.3492,1.34566,,,,,,,,,,,,,,,,,,
2017-09-26,0.0029385167817278565,1.34193,1.34216,,,,,,,,,,,,,,,,,,
2017-09-27,0.002879081933738958,1.34144,1.34008,,,,,,,,,,,,,,,,,,
2017-09-28,0.0028178717294699723,1.34184,1.34314,,,,,,,,,,,,,,,,,,
2017-09-29,0.002773186173754645,1.33871,1.34,,,,,,,,,,,,,,,,,,
2017-10-02,0.0027002985710965683,1.32851,1.32661,,,,,,,,,,,,,,,,,,
2017-10-03,0.002556521538465535,1.3248,1.32459,,,,,,,,,,,,,,,,,,
2017-10-04,0.002697049439615512,1.32702,1.32645,,,,,,,,,,,,,,,,,,
2017-10-05,0.002621884548868354,1.31662,1.31353,,,,,,,,,,,,,,,,,,
2017-10-06,0.002554062596392266,1.30792,1.30619,124.0,-0.004006731757575985,1.30269,1.30319,1.3034,1.3037,,,,,,,,,,,,
2017-10-09,0.0027535118840674097,1.31731,1.31301,,,,,,,,,,,,,,,,,,
2017-10-10,0.002633321196507545,1.31964,1.32135,,,,,,,,,,,,,,,,,,
2017-10-11,0.0026405926505629475,1.31908,1.32104,,,,,,,,,,,,,,,,,,
2017-10-12,0.0025871844933381505,1.3132,1.31729,,,,,,,,,,,,,,,,,,
2017-10-13,0.0025671189425398424,1.32735,1.33029,76.0,0.004315082397297669,1.33309,1.33327,1.33267,1.33207,,,,,,,,,,,,
2017-10-16,0.0025061937244482,1.32981,1.32832,,,,,,,,,,,,,,,,,,
2017-10-17,0.0023662919075837434,1.31809,1.3183,,,,,,,,,,,,,,,,,,
2017-10-18,0.0023157400468222416,1.31694,1.31805,,,,,,,,,,,,,,,,,,
2017-10-19,0.0023218599257220736,1.31776,1.31793,,,,,,,,,,,,,,,,,,
2017-10-20,0.002258115043127597,1.31787,1.31797,,,,,,,,,,,,,,,,,,
2017-10-23,0.0023809782238631916,1.31614,1.31979,,,,,,,,,,,,,,,,,,
2017-10-24,0.0023647700814815845,1.31608,1.3122,,,,,,,,,,,,,,,,,,
2017-10-25,0.002308240329453237,1.32559,1.3254,,,,,,,,,,,,,,,,,,
2017-10-26,0.002365854954446756,1.32074,1.31788,,,,,,,,,,,,,,,,,,
2017-10-27,0.0026023685147370836,1.30963,1.31086,,,,,,,,,,,,,,,,,,
2017-10-30,0.0028158981682397527,1.31909,1.3193,,,,,,,,,,,,,,,,,,
2017-10-31,0.0026549994343074658,1.32181,1.32803,,,,,,,,,,,,,,,,,,
2017-11-01,0.0026449600665942727,1.32979,1.3255,,,,,,,,,,,,,,,,,,
2017-11-02,0.002652602700343264,1.31298,1.30653,,,,,,,,,,,,,,,,,,
2017-11-03,0.002570620528230372,1.30947,1.30653,,,,,,,,,,,,,,,,,,
2017-11-06,0.0031296218209862295,1.31029,1.31518,,,,,,,,,,,,,,,,,,
2017-11-07,0.002945742893090016,1.3124,1.31544,,,,,,,,,,,,,,,,,,
2017-11-08,0.0029905207419622147,1.30966,1.31105,,,,,,,,,,,,,,,,,,
2017-11-09,0.0029016641874254102,1.31007,1.31481,,,,,,,,,,,,,,,,,,
2017-11-10,0.002845325148972482,1.32028,1.31935,,,,,,,,,,,,,,,,,,
2017-11-13,0.0027660973791879596,1.30874,1.31117,,,,,,,,,,,,,,,,,,
2017-11-14,0.0027100017445262146,1.31027,1.31757,,,,,,,,,,,,,,,,,,
2017-11-15,0.0026315326657017067,1.31656,1.31728,,,,,,,,,,,,,,,,,,
2017-11-16,0.002566989273215595,1.3198,1.31906,,,,,,,,,,,,,,,,,,
2017-11-17,0.0025046488836804564,1.31775,1.32116,,,,,,,,,,,,,,,,,,
2017-11-20,0.0024899572421990105,1.32412,1.32346,,,,,,,,,,,,,,,,,,
2017-11-21,0.0023554104219180062,1.32514,1.32379,,,,,,,,,,,,,,,,,,
2017-11-22,0.002331073886801981,1.32579,1.3291,,,,,,,,,,,,,,,,,,
2017-11-23,0.0022661722901273543,1.331,1.33049,,,,,,,,,,,,,,,,,,
2017-11-24,0.0022970616386512174,1.334,1.33307,,,,,,,,,,,,,,,,,,
2017-11-27,0.0022566201888956543,1.33745,1.33271,107.0,-0.003445309178912693,1.33285,1.33224,1.33333,1.33416,,,,,,,,,,,,
2017-11-28,0.002177643248851912,1.3281,1.33297,111.0,-0.0032882858156288506,1.32374,1.32438,1.32336,1.32366,,,,,,,,,,,,
2017-11-29,0.0021230349829391,1.33923,1.34264,139.0,0.0032279856118768036,1.34356,1.34331,1.34336,1.34373,,,,,,,,,,,,
2017-11-30,0.0020809679671866667,1.34635,1.35108,68.0,0.003381212300175742,1.35091,1.35078,1.35261,1.35362,72.0,0.004261712244224845,1.3521,1.35261,1.35198,1.35382,83.0,0.005385258036027513,1.35362,1.3533,1.35361,1.35312
2017-12-01,0.002229011321181714,1.34794,1.3505,,,,,,,,,,,,,,,,,,
2017-12-04,0.0022314542410970272,1.35124,1.34547,112.0,-0.006094434048101406,1.34303,1.34492,1.34726,1.34578,112.0,-0.006094434048101406,1.34303,1.34492,1.34726,1.34578,112.0,-0.006094434048101406,1.34303,1.34492,1.34726,1.34578
2017-12-05,0.0021573317149689783,1.34252,1.34378,,,,,,,,,,,,,,,,,,
2017-12-06,0.0020978196738649073,1.33854,1.33757,,,,,,,,,,,,,,,,,,
2017-12-07,0.0020646903405251976,1.33823,1.34268,59.0,0.003118660758554084,1.34241,1.34225,1.34141,1.34122,,,,,,,,,,,,
2017-12-08,0.002062366353407965,1.34279,1.33953,98.0,-0.0031327178056610636,1.33859,1.33918,1.33852,1.33851,118.0,-0.004538167893099432,1.33671,1.3375,1.33738,1.33766,158.0,-0.005234148074533338,1.33578,1.33574,1.33663,1.33712
2017-12-11,0.0022446534917214384,1.33594,1.33495,,,,,,,,,,,,,,,,,,
2017-12-12,0.0023168130082381064,1.33468,1.33144,,,,,,,,,,,,,,,,,,
2017-12-13,0.0023082421519954833,1.33485,1.33531,,,,,,,,,,,,,,,,,,
2017-12-14,0.002245720344365432,1.34091,1.34346,,,,,,,,,,,,,,,,,,
2017-12-15,0.002406513572190857,1.33315,1.33183,,,,,,,,,,,,,,,,,,
2017-12-18,0.0023363424508502173,1.33999,1.3396,,,,,,,,,,,,,,,,,,
2017-12-19,0.002436999055769753,1.33454,1.33689,,,,,,,,,,,,,,,,,,
2017-12-20,0.0024139947284600376,1.34101,1.33943,,,,,,,,,,,,,,,,,,
2017-12-21,0.0023458202774504504,1.33483,1.33681,,,,,,,,,,,,,,,,,,
2017-12-22,0.002294027038030451,1.33859,1.33807,,,,,,,,,,,,,,,,,,
2017-12-26,0.002234390338755947,1.33502,1.33807,,,,,,,,,,,,,,,,,,
2017-12-27,0.0021243046404385503,1.34184,1.33969,,,,,,,,,,,,,,,,,,
2017-12-28,0.0020665750235618397,1.34364,1.34473,,,,,,,,,,,,,,,,,,
2017-12-29,0.0020528299119004483,1.35262,1.35239,,,,,,,,,,,,,,,,,,
2018-01-02,0.0020201390492929584,1.35575,1.35846,,,,,,,,,,,,,,,,,,
2018-01-03,0.0020379185339555322,1.35614,1.35241,66.0,-0.0030944343381890155,1.35195,1.35154,1.35125,1.35095,84.0,-0.004293422003473218,1.35033,1.35022,1.34997,1.35082,,,,,,
2018-01-04,0.0020933020814862275,1.35329,1.35471,,,,,,,,,,,,,,,,,,
2018-01-05,0.0021284631240028303,1.35634,1.35654,,,,,,,,,,,,,,,,,,
2018-01-08,0.0021154492276095243,1.35462,1.35577,,,,,,,,,,,,,,,,,,
2018-01-09,0.0020378858064912073,1.3518,1.35236,,,,,,,,,,,,,,,,,,
2018-01-10,0.0020027673808056807,1.35267,1.35174,,,,,,,,,,,,,,,,,,
2018-01-11,0.001984605685502714,1.35273,1.3545,,,,,,,,,,,,,,,,,,
2018-01-12,0.001970554264122121,1.36523,1.36922,173.0,0.0029767477448516553,1.3693,1.36934,1.36895,,,,,,,,,,,,,
2018-01-15,0.001978983793797941,1.3793,1.38101,,,,,,,,,,,,,,,,,,
2018-01-16,0.00228357600966075,1.37578,1.37722,,,,,,,,,,,,,,,,,,
2018-01-17,0.002264998188843323,1.37939,1.38506,131.0,0.0034231861791159768,1.38412,1.38407,1.38371,1.38313,,,,,,,,,,,,
2018-01-18,0.0022234609762844726,1.38624,1.388,,,,,,,,,,,,,,,,,,
2018-01-19,0.002205457191658883,1.38582,1.38589,,,,,,,,,,,,,,,,,,
2018-01-22,0.002260988528130913,1.39275,1.3959,,,,,,,,,,,,,,,,,,
2018-01-23,0.0022217303833424913,1.39553,1.39767,83.0,0.0038049238074456745,1.40085,1.40094,1.40131,1.40189,98.0,0.004547054756254772,1.40189,1.40174,1.4014,1.40168,,,,,,
2018-01-24,0.002336099112521015,1.41796,1.4196,102.0,0.0035902636927906003,1.42306,1.42284,1.42335,1.42229,,,,,,,,,,,,
2018-01-25,0.0023050110614404864,1.43144,1.42577,163.0,-0.0036252970383862278,1.42626,1.42648,1.42687,1.42628,,,,,,,,,,,,
2018-01-26,0.0028866651648697585,1.42282,1.41872,76.0,-0.00458591991851722,1.41631,1.41609,1.41554,1.41556,,,,,,,,,,,,
2018-01-29,0.0029271495083122417,1.40744,1.40685,,,,,,,,,,,,,,,,,,
2018-01-30,0.002812703714760623,1.41429,1.41398,,,,,,,,,,,,,,,,,,
2018-01-31,0.002827638506404743,1.41774,1.41839,,,,,,,,,,,,,,,,,,
2018-02-01,0.0029094638256738073,1.4223,1.42292,,,,,,,,,,,,,,,,,,
2018-02-02,0.0028526448748444127,1.41525,1.41549,,,,,,,,,,,,,,,,,,
2018-02-05,0.002826761521201651,1.40357,1.40318,,,,,,,,,,,,,,,,,,
2018-02-06,0.002853892989142245,1.38583,1.39538,138.0,0.004320189895104178,1.39183,1.39167,1.39242,1.39417,153.0,0.006000018000097201,1.39417,1.39381,1.39482,1.39508,163.0,0.007440697733934116,1.39618,1.39569,1.39508,1.39518
2018-02-07,0.0030404555904300448,1.39059,1.38724,,,,,,,,,,,,,,,,,,
2018-02-08,0.0029802957963762375,1.40368,1.38939,134.0,-0.005278640242287178,1.39629,1.3963,1.39534,1.3917,137.0,-0.006023748711530722,1.39525,1.39538,1.39546,1.39287,146.0,-0.007637664600268065,1.393,1.39268,1.39303,1.3953
2018-02-09,0.002986591006740186,1.38303,1.37827,,,,,,,,,,,,,,,,,,
2018-02-12,0.002946126746680122,1.3813,1.38178,,,,,,,,,,,,,,,,,,
2018-02-13,0.0029212263377754112,1.38702,1.38669,,,,,,,,,,,,,,,,,,
2018-02-14,0.0028618920815413986,1.38275,1.39827,68.0,0.004387396180480391,1.38883,1.38971,1.39183,1.39103,71.0,0.0067750448347242065,1.39215,1.39104,1.39,1.39013,99.0,0.007564877574858403,1.39325,1.39394,1.39353,1.39551
2018-02-15,0.0028303355645942475,1.40729,1.40463,,,,,,,,,,,,,,,,,,
2018-02-16,0.0028854417574371715,1.40194,1.40458,,,,,,,,,,,,,,,,,,
2018-02-19,0.002955716549450751,1.39621,1.40159,,,,,,,,,,,,,,,,,,
2018-02-20,0.0029419851898648897,1.39725,1.40029,,,,,,,,,,,,,,,,,,
2018-02-21,0.002904594373999784,1.39237,1.39638,71.0,0.004578798668689796,1.39876,1.39852,1.39832,1.39727,,,,,,,,,,,,
2018-02-22,0.002843611545814671,1.39191,1.39624,,,,,,,,,,,,,,,,,,
2018-02-23,0.002829472698569075,1.39802,1.39791,,,,,,,,,,,,,,,,,,
2018-02-26,0.00278595141054165,1.39912,1.39646,115.0,-0.004182787934807734,1.39328,1.39328,1.39364,1.3954,,,,,,,,,,,,
2018-02-27,0.0026891542204782715,1.39089,1.39245,,,,,,,,,,,,,,,,,,
2018-02-28,0.0026507352309022487,1.38301,1.37834,120.0,-0.003984761767757023,1.37751,1.37779,1.37892,1.37865,,,,,,,,,,,,
2018-03-01,0.002621807207865128,1.37725,1.37322,82.0,-0.003943142449604781,1.37183,1.37189,1.37331,1.37425,,,,,,,,,,,,
2018-03-02,0.002777445627709286,1.37896,1.37731,,,,,,,,,,,,,,,,,,
2018-03-05,0.0027307479202606823,1.38031,1.3847,129.0,0.004337429359032791,1.38631,1.38662,1.38679,1.38746,,,,,,,,,,,,
2018-03-06,0.002623636296804197,1.39064,1.38828,,,,,,,,,,,,,,,,,,
2018-03-07,0.0025907084281821956,1.38832,1.38833,,,,,,,,,,,,,,,,,,
2018-03-08,0.0025667640767728715,1.38853,1.3816,105.0,-0.003896586762101531,1.38313,1.38286,1.38341,1.38308,,,,,,,,,,,,
2018-03-09,0.002517048890976085,1.38382,1.38534,,,,,,,,,,,,,,,,,,
2018-03-12,0.0025675983625164907,1.3855,1.38974,,,,,,,,,,,,,,,,,,
2018-03-13,0.0024880619319318357,1.38929,1.39863,42.0,0.004058578318308382,1.39494,1.39487,1.39565,1.39518,65.0,0.0050760254737546836,1.39636,1.39614,1.39661,1.39594,,,,,,
2018-03-14,0.0024573231589475604,1.39742,1.39469,,,,,,,,,,,,,,,,,,
2018-03-15,0.0024949901301571,1.39309,1.3948,158.0,0.0037615173514590895,1.39834,1.39794,1.3986,1.3976,,,,,,,,,,,,
2018-03-16,0.002448321408015018,1.3966,1.39221,165.0,-0.004017798488492094,1.391,1.39125,1.39071,1.38966,179.0,-0.005103938088667233,1.38949,1.38966,,,,,,,,
2018-03-19,0.0024272788447492017,1.40478,1.40272,,,,,,,,,,,,,,,,,,
2018-03-20,0.002333497862010002,1.4006,1.40128,,,,,,,,,,,,,,,,,,
2018-03-21,0.0024057723734957678,1.40477,1.40668,,,,,,,,,,,,,,,,,,
2018-03-22,0.002363936161714408,1.41855,1.40957,40.0,-0.0039484284091387736,1.41296,1.41416,1.41444,1.41405,67.0,-0.005046018424333345,1.41141,1.41243,1.41186,1.41206,168.0,-0.005924958649192288,1.41017,1.4098,1.40981,
2018-03-23,0.0025517329266381665,1.41268,1.41501,,,,,,,,,,,,,,,,,,
2018-03-26,0.0025206291379018873,1.42224,1.4234,,,,,,,,,,,,,,,,,,
2018-03-27,0.002434938383687426,1.40895,1.41577,106.0,0.0038677368854983106,1.41441,1.41408,1.41448,1.41446,158.0,0.004899437020822401,1.41587,1.41557,1.41479,1.41435,,,,,,
2018-03-28,0.002430285621009226,1.41503,1.41106,100.0,-0.003717068436291412,1.40978,1.40981,1.41014,1.41017,,,,,,,,,,,,
2018-03-29,0.002398107930551962,1.40713,1.4028,,,,,,,,,,,,,,,,,,
2018-03-30,0.002467693769632139,1.40495,1.40232,,,,,,,,,,,,,,,,,,
2018-04-02,0.002439503491272801,1.40723,1.40297,,,,,,,,,,,,,,,,,,
2018-04-03,0.0023586251706229386,1.40489,1.40691,,,,,,,,,,,,,,,,,,
2018-04-04,0.0023134058627555984,1.40399,1.40742,,,,,,,,,,,,,,,,,,
2018-04-05,0.002280240537182295,1.40296,1.39904,,,,,,,,,,,,,,,,,,
2018-04-06,0.002237282296384286,1.4006,1.40873,83.0,0.003727159454874787,1.40583,1.4059,1.40603,1.40602,102.0,0.004566169188254895,1.40701,1.40704,1.40741,1.40722,130.0,0.005681388494133331,1.40858,1.40853,1.40874,1.40953
2018-04-09,0.002238984982556616,1.41206,1.41355,,,,,,,,,,,,,,,,,,
2018-04-10,0.002210969548231591,1.4173,1.41614,,,,,,,,,,,,,,,,,,
2018-04-11,0.002181009431593755,1.41635,1.41935,125.0,0.0033621532515718247,1.42112,1.42123,1.42037,1.42,,,,,,,,,,,,
2018-04-12,0.0021667424685672064,1.42002,1.42411,,,,,,,,,,,,,,,,,,
2018-04-13,0.0021261862520350052,1.42575,1.42569,,,,,,,,,,,,,,,,,,
2018-04-16,0.00212418573627846,1.43087,1.43291,,,,,,,,,,,,,,,,,,
2018-04-17,0.0020550957055959027,1.43334,1.4296,,,,,,,,,,,,,,,,,,
2018-04-18,0.002087070902816258,1.42185,1.42256,,,,,,,,,,,,,,,,,,
2018-04-19,0.002059739623844751,1.42361,1.41893,,,,,,,,,,,,,,,,,,
2018-04-20,0.0021537365777732666,1.40459,1.40315,,,,,,,,,,,,,,,,,,
2018-04-23,0.002261853968442389,1.39587,1.39538,,,,,,,,,,,,,,,,,,
2018-04-24,0.0022484157841061365,1.39649,1.39716,,,,,,,,,,,,,,,,,,
2018-04-25,0.0022709570510493636,1.3936,1.39407,,,,,,,,,,,,,,,,,,
2018-04-26,0.002243582820834527,1.39547,1.39258,,,,,,,,,,,,,,,,,,
2018-04-27,0.002218359555643096,1.37588,1.37826,162.0,0.0034681193025266,1.38066,1.38014,1.37995,1.37968,,,,,,,,,,,,
2018-04-30,0.0021765176660807715,1.37293,1.37506,176.0,0.003286821507721123,1.37745,1.37748,,,,,,,,,,,,,,
2018-05-01,0.002324421595865439,1.36782,1.36101,117.0,-0.0035227421510861355,1.36301,1.36248,1.36389,1.36252,153.0,-0.004726685946074893,1.36137,1.36178,1.36115,1.36081,171.0,-0.005968853651411534,1.35968,1.35949,1.35962,
2018-05-02,0.0022831499686807957,1.36384,1.36087,,,,,,,,,,,,,,,,,,
2018-05-03,0.0024681725900158333,1.35945,1.35678,173.0,-0.00376595539031817,1.35434,1.35466,1.35428,,,,,,,,,,,,,
2018-05-04,0.002423952611108808,1.35676,1.35338,77.0,-0.003928813856513256,1.35144,1.35007,1.34973,1.35098,78.0,-0.004943061530919788,1.35007,1.35044,1.34982,1.35106,,,,,,
2018-05-07,0.002379523807021639,1.35186,1.3565,166.0,0.003640193782109708,1.35679,1.35673,1.35677,,,,,,,,,,,,,
2018-05-08,0.002322357462148946,1.35061,1.35206,,,,,,,,,,,,,,,,,,
2018-05-09,0.0022777927279042432,1.35895,1.35663,,,,,,,,,,,,,,,,,,
2018-05-10,0.0022431953028301025,1.35289,1.34843,127.0,-0.0034133390167076557,1.34828,1.34784,1.34788,1.34766,163.0,-0.004600740824518984,1.34668,1.34705,1.34636,1.34706,,,,,,
2018-05-11,0.0022092251497393693,1.35679,1.3552,,,,,,,,,,,,,,,,,,
2018-05-14,0.0021777032130967443,1.35924,1.35918,,,,,,,,,,,,,,,,,,
2018-05-15,0.0021104314819870443,1.35136,1.35093,77.0,-0.0031870528973997393,1.34706,1.34739,1.34579,1.34618,107.0,-0.0043160732951270835,1.34554,1.34549,1.34546,1.34684,,,,,,
2018-05-16,0.0020710866473816827,1.34872,1.3474,,,,,,,,,,,,,,,,,,
2018-05-17,0.002085716531412939,1.34954,1.35062,,,,,,,,,,,,,,,,,,
2018-05-18,0.0021011153666967274,1.34937,1.34745,,,,,,,,,,,,,,,,,,
2018-05-21,0.002091154754261905,1.3428,1.34164,,,,,,,,,,,,,,,,,,
2018-05-22,0.00205485808440325,1.34517,1.34423,,,,,,,,,,,,,,,,,,
2018-05-23,0.0020197682452343653,1.33122,1.33383,129.0,0.0031350574312223383,1.3354,1.33582,1.33611,1.33617,,,,,,,,,,,,
2018-05-24,0.0019838855177880506,1.34061,1.33817,173.0,-0.0030106216173972893,1.33658,1.33654,1.33744,,,,,,,,,,,,,
2018-05-25,0.0019809067853765005,1.33253,1.33199,,,,,,,,,,,,,,,,,,
2018-05-28,0.0019466273394531605,1.33122,1.33065,,,,,,,,,,,,,,,,,,
2018-05-29,0.0019335382065280898,1.32504,1.32551,52.0,0.0030368018636077556,1.32907,1.32876,1.3283,1.32865,,,,,,,,,,,,
2018-05-30,0.0018991112136509864,1.3289,1.32976,,,,,,,,,,,,,,,,,,
2018-05-31,0.001927472311057551,1.3345,1.32899,71.0,-0.0029041755712033717,1.33063,1.33074,1.33146,1.32987,88.0,-0.004250308650577097,1.32884,1.32887,1.32925,1.32897,90.0,-0.004829929353993814,1.32807,1.32824,1.3297,1.32899
2018-06-01,0.0019264457596197494,1.33196,1.33546,,,,,,,,,,,,,,,,,,
2018-06-04,0.0019020144927109186,1.33898,1.33113,145.0,-0.0028719748099833298,1.33514,1.33528,1.3351,1.33535,171.0,-0.004003582375366581,1.33363,1.33359,1.33377,,,,,,,
2018-06-05,0.0019195276533751494,1.33583,1.33733,,,,,,,,,,,,,,,,,,
2018-06-06,0.0019377493601679086,1.34252,1.34271,,,,,,,,,,,,,,,,,,
2018-06-07,0.0020398975330818293,1.33851,1.34284,14.0,0.003445656069367265,1.34313,1.34303,1.34283,1.34361,,,,,,,,,,,,
2018-06-08,0.002008056545418757,1.33908,1.34048,,,,,,,,,,,,,,,,,,
2018-06-11,0.0019720301545492354,1.33691,1.33831,,,,,,,,,,,,,,,,,,
2018-06-12,0.001910580635797181,1.33806,1.34213,,,,,,,,,,,,,,,,,,
2018-06-13,0.0019077985020153098,1.33325,1.33774,,,,,,,,,,,,,,,,,,
2018-06-14,0.001874876525570395,1.33871,1.33323,57.0,-0.0031048142041682,1.33456,1.33387,1.33251,1.33199,59.0,-0.004049391576057103,1.3333,1.33315,1.33317,1.33206,61.0,-0.004694615813856593,1.33244,1.33251,1.33297,1.33234
2018-06-15,0.0018492037595834994,1.32798,1.32826,,,,,,,,,,,,,,,,,,
2018-06-18,0.002052510187411596,1.32504,1.32481,,,,,,,,,,,,,,,,,,
2018-06-19,0.001984550425722996,1.31596,1.31715,,,,,,,,,,,,,,,,,,
2018-06-20,0.0019479502829511924,1.31802,1.3211,,,,,,,,,,,,,,,,,,
2018-06-21,0.0020520434532318933,1.32146,1.32505,95.0,0.003120457378015357,1.32559,1.32526,1.32528,1.32437,,,,,,,,,,,,
2018-06-22,0.002014392019757002,1.32789,1.32585,,,,,,,,,,,,,,,,,,
2018-06-25,0.0020941313473246625,1.32822,1.32746,,,,,,,,,,,,,,,,,,
2018-06-26,0.0020203585949911105,1.32454,1.32407,,,,,,,,,,,,,,,,,,
2018-06-27,0.002000176538906601,1.31871,1.3134,175.0,-0.0032128358672296005,1.31448,1.31463,1.3146,,,,,,,,,,,,,
2018-06-28,0.002018975156612355,1.309,1.30957,,,,,,,,,,,,,,,,,,
2018-06-29,0.0021222235954840023,1.31483,1.31993,175.0,0.00357581130871622,1.31954,1.31986,1.31995,,178.0,0.004454519361498602,1.3207,1.32023,,,,,,,,
2018-07-02,0.002083564718836416,1.31372,1.31319,,,,,,,,,,,,,,,,,,
2018-07-03,0.002128223511239592,1.31982,1.31698,,,,,,,,,,,,,,,,,,
2018-07-04,0.0021232611119224,1.32158,1.32214,,,,,,,,,,,,,,,,,,
2018-07-05,0.002170869730131828,1.32681,1.32277,88.0,-0.0035864388146057335,1.32206,1.32138,1.32196,1.32127,105.0,-0.004706530960894812,1.32058,1.321,1.32082,1.32182,,,,,,
2018-07-06,0.002136966411356594,1.32257,1.3259,70.0,0.0032459718095284823,1.32687,1.32664,1.327,1.32697,,,,,,,,,,,,
2018-07-09,0.0021008054704268393,1.33477,1.32137,119.0,-0.00332444370401355,1.33034,1.32979,1.33086,1.32717,127.0,-0.005160245351169181,1.3279,1.32646,1.32674,1.3276,128.0,-0.0062452527663419966,1.32646,1.32699,1.32658,1.3277
2018-07-10,0.0020953602449857714,1.32449,1.32627,,,,,,,,,,,,,,,,,,
2018-07-11,0.0020797899471885007,1.32382,1.32354,,,,,,,,,,,,,,,,,,
2018-07-12,0.002042115606964047,1.32063,1.32354,,,,,,,,,,,,,,,,,,
2018-07-13,0.0020558677042728747,1.3136,1.32158,106.0,0.003116332853042832,1.3177,1.3175,1.31749,1.3177,168.0,0.004178226156710234,1.3191,1.3194,1.3197,,171.0,0.005185981410531286,1.32043,1.31963,1.31978,
2018-07-16,0.0020219360633407443,1.32749,1.32346,177.0,-0.00324445332668374,1.32319,1.32313,,,,,,,,,,,,,,
2018-07-17,0.001971811887285879,1.31942,1.31616,52.0,-0.003188294080273596,1.31522,1.31497,1.31523,1.31471,,,,,,,,,,,,
2018-07-18,0.0019357331948864156,1.30204,1.30521,,,,,,,,,,,,,,,,,,
2018-07-19,0.0020983417738496784,1.29846,1.29849,,,,,,,,,,,,,,,,,,
2018-07-20,0.002076706985591128,1.30461,1.31135,71.0,0.0035732222617222567,1.30928,1.30933,1.30946,1.31018,84.0,0.004435919809969153,1.31041,1.31073,1.30997,1.31046,,,,,,
2018-07-23,0.002083432207576669,1.314,1.3102,,,,,,,,,,,,,,,,,,
2018-07-24,0.002185723515329868,1.31292,1.31344,,,,,,,,,,,,,,,,,,
2018-07-25,0.0021624925817080214,1.31615,1.3146,,,,,,,,,,,,,,,,,,
2018-07-26,0.00215078795933662,1.31788,1.3115,141.0,-0.0033214415327841207,1.31351,1.31295,1.31295,1.31328,,,,,,,,,,,,
2018-07-27,0.0021505287101497204,1.30959,1.31144,,,,,,,,,,,,,,,,,,
2018-07-30,0.0022169268945209427,1.31079,1.31389,,,,,,,,,,,,,,,,,,
2018-07-31,0.002135767224549217,1.31586,1.31231,160.0,-0.003204557625107708,1.31165,1.31198,1.31194,1.3107,171.0,-0.004310646949692677,1.3102,1.30961,1.3109,,,,,,,
2018-08-01,0.00210421733884693,1.31318,1.31193,,,,,,,,,,,,,,,,,,
2018-08-02,0.0020667205158657804,1.30336,1.30356,,,,,,,,,,,,,,,,,,
2018-08-03,0.0020279507847473484,1.30218,1.30189,,,,,,,,,,,,,,,,,,
2018-08-06,0.0021093851904484284,1.29329,1.29451,,,,,,,,,,,,,,,,,,
2018-08-07,0.002034659053401599,1.29634,1.2956,,,,,,,,,,,,,,,,,,
2018-08-08,0.0020336539720335477,1.2858,1.28779,,,,,,,,,,,,,,,,,,
2018-08-09,0.0019967897333211895,1.28861,1.28682,,,,,,,,,,,,,,,,,,
2018-08-10,0.002005956028410754,1.27721,1.27617,88.0,-0.0031210326302228814,1.27323,1.27248,1.27436,1.2736,,,,,,,,,,,,
2018-08-13,0.0020039216794029467,1.27688,1.2755,,,,,,,,,,,,,,,,,,
2018-08-14,0.002004878426726451,1.27685,1.27363,,,,,,,,,,,,,,,,,,
2018-08-15,0.00197723763655412,1.27032,1.26842,175.0,-0.002972168676582298,1.26655,1.26665,1.26742,,,,,,,,,,,,,
2018-08-16,0.0020245663686243856,1.27014,1.27204,107.0,0.003450352584201671,1.27453,1.2739,1.27516,1.27357,,,,,,,,,,,,
2018-08-17,0.001992420380857198,1.27165,1.27355,,,,,,,,,,,,,,,,,,
2018-08-20,0.0019576436871637424,1.27682,1.27631,,,,,,,,,,,,,,,,,,
2018-08-21,0.0018975590763878106,1.28253,1.28583,116.0,0.002966286961689216,1.28634,1.28632,1.28677,1.28671,157.0,0.0038132935436026045,1.28743,1.28759,1.28757,1.28652,,,,,,
2018-08-22,0.0019709690408747705,1.29083,1.29091,,,,,,,,,,,,,,,,,,
2018-08-23,0.0020308366386042062,1.28836,1.28287,131.0,-0.0034521937032721303,1.28392,1.28398,1.2841,1.28336,153.0,-0.0041690061005364605,1.283,1.28279,1.28268,1.28193,164.0,-0.005089148709573465,1.28182,1.28188,1.28212,1.28344
2018-08-24,0.0020092405265986915,1.28445,1.28585,,,,,,,,,,,,,,,,,,
2018-08-27,0.002017394374221024,1.2864,1.28907,,,,,,,,,,,,,,,,,,
2018-08-28,0.0019599285368014606,1.29183,1.28878,167.0,-0.0030778916335851727,1.28786,1.2877,1.28736,,,,,,,,,,,,,
2018-08-29,0.0019294978544863416,1.28786,1.30019,118.0,0.003898096576035367,1.29289,1.29665,1.29557,1.29617,118.0,0.003898096576035367,1.29289,1.29665,1.29557,1.29617,119.0,0.006802089287014197,1.29665,1.29524,1.29475,1.29619
2018-08-30,0.0018993380679280818,1.3014,1.29953,,,,,,,,,,,,,,,,,,
2018-08-31,0.002255630927164154,1.29876,1.29611,,,,,,,,,,,,,,,,,,
2018-09-03,0.0022177337355653165,1.28704,1.2878,,,,,,,,,,,,,,,,,,
2018-09-04,0.002180341022779666,1.28344,1.28298,,,,,,,,,,,,,,,,,,
2018-09-05,0.0021969661188661386,1.28218,1.29015,65.0,0.008062993727680838,1.29256,1.2933,1.29328,1.29642,65.0,0.008062993727680838,1.29256,1.2933,1.29328,1.29642,65.0,0.008062993727680838,1.29256,1.2933,1.29328,1.29642
2018-09-06,0.002165860069683956,1.29362,1.29309,,,,,,,,,,,,,,,,,,
2018-09-07,0.002168391498984317,1.29882,1.29302,,,,,,,,,,,,,,,,,,
2018-09-10,0.002128449268020295,1.29389,1.3024,53.0,0.0051263780971978565,1.30054,1.30054,1.3018,1.30452,53.0,0.0051263780971978565,1.30054,1.30054,1.3018,1.30452,57.0,0.005618360334263437,1.30118,1.3018,1.30314,1.30459
2018-09-11,0.0020527593144092334,1.30061,1.30105,,,,,,,,,,,,,,,,,,
2018-09-12,0.0021899594805374956,1.2999,1.30276,,,,,,,,,,,,,,,,,,
2018-09-13,0.002156442275729291,1.30459,1.3103,49.0,0.003481617914727095,1.30914,1.30862,1.30859,1.30851,87.0,0.005221704442264205,1.31142,1.31061,1.31041,1.31153,112.0,0.0055952754422514545,1.31191,1.31191,1.31132,1.3103
2018-09-14,0.0021346454710939656,1.30884,1.30796,,,,,,,,,,,,,,,,,,
2018-09-17,0.0021589966538296534,1.31235,1.31456,,,,,,,,,,,,,,,,,,
2018-09-18,0.002114861513576602,1.31465,1.31561,,,,,,,,,,,,,,,,,,
2018-09-19,0.0021360004561566987,1.31432,1.31615,,,,,,,,,,,,,,,,,,
2018-09-20,0.0020963601565475946,1.3278,1.32339,,,,,,,,,,,,,,,,,,
2018-09-21,0.0020566769257112107,1.31756,1.30644,65.0,-0.004503278567289581,1.31164,1.31154,1.30953,1.30915,65.0,-0.004503278567289581,1.31164,1.31154,1.30953,1.30915,69.0,-0.006747263114095919,1.3087,1.30953,1.30876,1.30897
2018-09-24,0.0022184254495652036,1.31508,1.31284,,,,,,,,,,,,,,,,,,
2018-09-25,0.002604181093029324,1.31631,1.31612,,,,,,,,,,,,,,,,,,
2018-09-26,0.0025610428328308025,1.31618,1.31792,,,,,,,,,,,,,,,,,,
2018-09-27,0.0025677613991624965,1.31441,1.3102,,,,,,,,,,,,,,,,,,
2018-09-28,0.002526351728152667,1.30424,1.3052,,,,,,,,,,,,,,,,,,
2018-10-01,0.0025221519694374746,1.30257,1.303,41.0,0.00515340724797496,1.3093,1.30833,1.30803,1.3075,41.0,0.00515340724797496,1.3093,1.30833,1.30803,1.3075,,,,,,
2018-10-02,0.002454399872249677,1.2958,1.29844,,,,,,,,,,,,,,,,,,
2018-10-03,0.00240665151420697,1.29849,1.29908,,,,,,,,,,,,,,,,,,
2018-10-04,0.0023799201324348706,1.2991,1.30123,144.0,0.0038260942963470497,1.30408,1.30356,1.30326,1.3028,,,,,,,,,,,,
2018-10-05,0.0023819457030266667,1.30508,1.31007,91.0,0.003633016221993615,1.30983,1.30919,1.30916,1.30825,175.0,0.005402671677380816,1.31215,1.30982,1.30714,,,,,,,
2018-10-08,0.002423189953204937,1.3042,1.3057,,,,,,,,,,,,,,,,,,
2018-10-09,0.0024402089510591734,1.30345,1.31423,144.0,0.004355837690961044,1.30914,1.30885,1.30914,1.30965,152.0,0.004997274531427272,1.30998,1.3096,1.30966,1.31014,,,,,,
2018-10-10,0.0023993751386900838,1.31537,1.32061,161.0,0.0037637104792493338,1.32033,1.32018,1.31951,1.32003,,,,,,,,,,,,
2018-10-11,0.002402686708380661,1.32357,1.31927,,,,,,,,,,,,,,,,,,
2018-10-12,0.0024180676410863024,1.32091,1.31543,166.0,-0.0036936654368490826,1.31604,1.31546,1.31563,,,,,,,,,,,,,
2018-10-15,0.002371553341312114,1.31622,1.31641,,,,,,,,,,,,,,,,,,
2018-10-16,0.002384677726483221,1.32254,1.32083,,,,,,,,,,,,,,,,,,
2018-10-17,0.0023552932633674486,1.31078,1.31355,,,,,,,,,,,,,,,,,,
2018-10-18,0.0023219227633363877,1.31068,1.3058,,,,,,,,,,,,,,,,,,
2018-10-19,0.0023457617406061624,1.30274,1.30433,,,,,,,,,,,,,,,,,,
2018-10-22,0.0023676894637155005,1.30074,1.29745,64.0,-0.0037664827954768934,1.29585,1.29642,1.29657,1.29656,,,,,,,,,,,,
2018-10-23,0.0023137996293739927,1.30282,1.29819,136.0,-0.0038375068723212483,1.29783,1.29838,1.29849,1.29822,,,,,,,,,,,,
2018-10-24,0.0023855599667029605,1.29066,1.28958,,,,,,,,,,,,,,,,,,
2018-10-25,0.0023399922968665335,1.28967,1.2827,100.0,-0.004009049026223542,1.28451,1.28459,1.28442,1.28452,139.0,-0.0047333227398818675,1.28358,1.28343,1.28297,1.28309,167.0,-0.005855814789831576,1.28214,1.28203,1.28215,
2018-10-26,0.0023952813926888614,1.27848,1.28272,,,,,,,,,,,,,,,,,,
2018-10-29,0.0024069369968480075,1.2825,1.28069,,,,,,,,,,,,,,,,,,
2018-10-30,0.0023147394418161138,1.27425,1.27298,,,,,,,,,,,,,,,,,,
2018-10-31,0.002272975336161599,1.27772,1.27742,,,,,,,,,,,,,,,,,,
2018-11-01,0.002368790423470444,1.29236,1.29721,,,,,,,,,,,,,,,,,,
2018-11-02,0.0025667506083063866,1.30207,1.29643,,,,,,,,,,,,,,,,,,
2018-11-05,0.0027436599881702018,1.3012,1.30166,,,,,,,,,,,,,,,,,,
2018-11-06,0.0026430337386465336,1.30744,1.30846,,,,,,,,,,,,,,,,,,
2018-11-07,0.002626871334374788,1.31208,1.31531,,,,,,,,,,,,,,,,,,
2018-11-08,0.0026520313616192575,1.30983,1.30908,,,,,,,,,,,,,,,,,,
2018-11-09,0.0025977425468009154,1.30339,1.29764,160.0,-0.004267218524875563,1.29784,1.29788,1.29754,1.29823,,,,,,,,,,,,
2018-11-12,0.0025971368555914674,1.29185,1.28486,118.0,-0.003963411546044147,1.28674,1.28654,1.28679,1.28645,152.0,-0.005207637720214879,1.28514,1.28523,1.28527,1.28584,,,,,,
2018-11-13,0.002586589095153629,1.29582,1.29874,131.0,0.0038972591400908874,1.30088,1.3011,1.30094,1.30326,143.0,0.005433499341444988,1.30288,1.303,1.30249,1.30288,,,,,,
2018-11-14,0.002563398693070834,1.29428,1.29456,53.0,0.004255850499320437,1.2998,1.30007,1.29967,1.29847,107.0,0.0058317737974354,1.30185,1.30142,1.30167,1.30058,137.0,0.006607292032187192,1.30286,1.30258,1.30247,1.30228
2018-11-15,0.002643859393094282,1.27843,1.27501,,,,,,,,,,,,,,,,,,
2018-11-16,0.002592276480425129,1.28655,1.28259,,,,,,,,,,,,,,,,,,
2018-11-19,0.0030425598580580246,1.28415,1.28598,,,,,,,,,,,,,,,,,,
2018-11-20,0.0029296260745145684,1.28349,1.27935,,,,,,,,,,,,,,,,,,
2018-11-21,0.002877856399267492,1.27926,1.2782,,,,,,,,,,,,,,,,,,
2018-11-22,0.002856845156995045,1.28681,1.28742,,,,,,,,,,,,,,,,,,
2018-11-23,0.0027977961979039627,1.28275,1.28075,,,,,,,,,,,,,,,,,,
2018-11-26,0.0028459873356584554,1.28556,1.28172,,,,,,,,,,,,,,,,,,
2018-11-27,0.002778669813351345,1.27655,1.2733,,,,,,,,,,,,,,,,,,
2018-11-28,0.0027214746090567987,1.27902,1.27989,,,,,,,,,,,,,,,,,,
2018-11-29,0.00272484422829492,1.27653,1.2777,,,,,,,,,,,,,,,,,,
2018-11-30,0.002787664110043739,1.27554,1.27527,,,,,,,,,,,,,,,,,,
2018-12-03,0.002769968906832006,1.27027,1.2737,,,,,,,,,,,,,,,,,,
2018-12-04,0.0026774311249185695,1.2778,1.27129,98.0,-0.0041956732463894544,1.27245,1.27242,1.27282,1.27223,,,,,,,,,,,,
2018-12-05,0.0026300195439663576,1.27617,1.27499,,,,,,,,,,,,,,,,,,
2018-12-06,0.0026092328171523496,1.27531,1.27952,,,,,,,,,,,,,,,,,,
2018-12-07,0.0025709807477093285,1.277,1.27264,,,,,,,,,,,,,,,,,,
2018-12-10,0.0025456618925097383,1.26225,1.25524,113.0,-0.004032679652030061,1.25717,1.25647,1.25243,1.25189,115.0,-0.00576823833237658,1.25499,1.25507,1.25311,1.25225,117.0,-0.0075068144142923475,1.25281,1.25243,1.25251,1.25329
2018-12-11,0.00248309126170592,1.26102,1.25139,68.0,-0.0038535080797884743,1.25617,1.2566,1.25724,1.25727,119.0,-0.006779363308356022,1.2525,1.25006,1.25181,1.25322,119.0,-0.006779363308356022,1.2525,1.25006,1.25181,1.25322
2018-12-12,0.00274304868311224,1.26196,1.2652,,,,,,,,,,,,,,,,,,
2018-12-13,0.002745306218372536,1.26586,1.26296,,,,,,,,,,,,,,,,,,
2018-12-14,0.0028108429052946826,1.25405,1.25668,,,,,,,,,,,,,,,,,,
2018-12-17,0.0027581823717379027,1.26171,1.26157,,,,,,,,,,,,,,,,,,
2018-12-18,0.0026737485160707613,1.26728,1.26308,,,,,,,,,,,,,,,,,,
2018-12-19,0.002643102583667189,1.26233,1.26552,,,,,,,,,,,,,,,,,,
2018-12-20,0.0026046356684655157,1.2673,1.26741,,,,,,,,,,,,,,,,,,
2018-12-21,0.0025611192391471753,1.26608,1.26366,,,,,,,,,,,,,,,,,,
2018-12-24,0.002513940197357453,1.26888,1.27207,173.0,0.0037914290004093325,1.2737,1.27353,1.2732,,,,,,,,,,,,,
2018-12-26,0.002452138457846222,1.26824,1.26413,,,,,,,,,,,,,,,,,,
2018-12-27,0.002361073941786314,1.26314,1.26362,,,,,,,,,,,,,,,,,,
2018-12-28,0.0023316234229888043,1.26858,1.2697,,,,,,,,,,,,,,,,,,
2018-12-31,0.0022865499655986134,1.27865,1.27486,119.0,-0.003831677499157878,1.27376,1.27212,1.27434,1.27443,120.0,-0.005120033766419358,1.27212,1.27327,1.27389,1.27407,,,,,,
2019-01-02,0.0022132206689972054,1.26152,1.25873,,,,,,,,,,,,,,,,,,
2019-01-03,0.002065229132995939,1.25935,1.26423,170.0,0.0035194278422574204,1.26379,1.26369,1.26324,,,,,,,,,,,,,
2019-01-04,0.0024895980216979316,1.2636,1.27231,90.0,0.0037520532178771564,1.26835,1.26869,1.26914,1.26801,111.0,0.005154467490778151,1.27013,1.2699,1.27013,1.27134,118.0,0.006287567505783826,1.27157,1.2723,1.27182,1.27194
2019-01-07,0.00253839901984641,1.27639,1.27763,,,,,,,,,,,,,,,,,,
2019-01-08,0.002511219621044797,1.27347,1.27236,,,,,,,,,,,,,,,,,,
2019-01-09,0.0024566466789182205,1.27369,1.2777,46.0,0.0038397088252114416,1.27859,1.27823,1.27831,1.27835,79.0,0.0049575033690415875,1.28002,1.28013,1.27952,1.27679,,,,,,
2019-01-10,0.0024043642862202003,1.27629,1.27468,,,,,,,,,,,,,,,,,,
2019-01-11,0.002372359979138675,1.2824,1.28612,47.0,-0.003562169813641882,1.27784,1.27804,1.27821,1.27933,,,,,,,,,,,,
2019-01-14,0.002322350997842628,1.28438,1.28892,114.0,0.0047768750709692494,1.29053,1.2913,1.29108,1.2883,114.0,0.0047768750709692494,1.29053,1.2913,1.29108,1.2883,116.0,0.005884333489901178,1.29196,1.29223,1.29125,1.28951
2019-01-15,0.002282793082719616,1.28503,1.27281,120.0,-0.0034767730688239854,1.28057,1.2803,1.27857,1.27757,125.0,-0.005039798465773549,1.27857,1.27817,1.27847,1.27741,134.0,-0.0059005049241294015,1.27747,1.27757,1.2777,1.27617
2019-01-16,0.0022804900281573593,1.28525,1.28538,,,,,,,,,,,,,,,,,,
2019-01-17,0.0022546623650979364,1.2918,1.29608,,,,,,,,,,,,,,,,,,
2019-01-18,0.0022077316030085377,1.29338,1.28839,103.0,-0.0034310133451376196,1.28895,1.28911,1.29002,1.29038,,,,,,,,,,,,
2019-01-21,0.0023330137681254744,1.2865,1.28959,,,,,,,,,,,,,,,,,,
2019-01-22,0.0023891724715805695,1.29191,1.29667,125.0,0.0036159977588722664,1.29659,1.29637,1.29615,1.296,,,,,,,,,,,,
2019-01-23,0.002337986597920874,1.30301,1.30678,98.0,0.0036234838075366303,1.30774,1.3073,1.30775,1.30713,,,,,,,,,,,,
2019-01-24,0.002352954048709107,1.30357,1.30158,,,,,,,,,,,,,,,,,,
2019-01-25,0.002482810492597193,1.30855,1.31782,57.0,0.0038365803143693357,1.31358,1.3131,1.31342,1.31174,84.0,0.005205943318198419,1.31538,1.31554,1.31569,1.31439,116.0,0.006360835783243955,1.3169,1.31691,1.31725,1.31743
2019-01-28,0.0024524551247340864,1.3166,1.31696,,,,,,,,,,,,,,,,,,
2019-01-29,0.002423670593473388,1.31885,1.31369,131.0,-0.004156177745848754,1.31338,1.31386,1.31423,1.31483,,,,,,,,,,,,
2019-01-30,0.0023981108318805737,1.30801,1.30586,,,,,,,,,,,,,,,,,,
2019-01-31,0.002394147178367277,1.31175,1.31189,,,,,,,,,,,,,,,,,,
2019-02-01,0.0023587455519319847,1.30611,1.30816,,,,,,,,,,,,,,,,,,
2019-02-04,0.002320222481576825,1.30536,1.30312,76.0,0.003708564908365055,1.31021,1.30965,1.30939,1.30809,,,,,,,,,,,,
2019-02-05,0.0022242605060143143,1.2988,1.29498,76.0,-0.0036871093367460673,1.29402,1.29438,1.29423,1.29493,133.0,-0.004529800586676122,1.29293,1.29262,1.29316,1.2937,,,,,,
2019-02-06,0.002192698488538435,1.29628,1.295,,,,,,,,,,,,,,,,,,
2019-02-07,0.002230947889540502,1.2964,1.29621,,,,,,,,,,,,,,,,,,
2019-02-08,0.002191185898053652,1.29658,1.29303,,,,,,,,,,,,,,,,,,
2019-02-11,0.0021493739914703563,1.28923,1.28466,,,,,,,,,,,,,,,,,,
2019-02-12,0.0020654278428891,1.288,1.28899,,,,,,,,,,,,,,,,,,
2019-02-13,0.002084132892482441,1.28944,1.28568,,,,,,,,,,,,,,,,,,
2019-02-14,0.0020672348065645814,1.28266,1.27973,28.0,-0.0031077507892542378,1.27868,1.27886,1.27935,1.27908,105.0,-0.004187571550051501,1.2773,1.27737,1.2779,1.27773,,,,,,
2019-02-15,0.002046496246168723,1.28038,1.28683,117.0,0.003337183024140866,1.28466,1.2847,1.28519,1.2855,125.0,0.004146408235203324,1.2857,1.28515,1.2858,1.28566,,,,,,
2019-02-18,0.0020672521345705894,1.2921,1.29254,,,,,,,,,,,,,,,,,,
2019-02-19,0.0021037574044838955,1.29551,1.30618,63.0,0.0031905574315117522,1.29965,1.29973,1.29893,1.29954,109.0,0.004528483999005584,1.30139,1.30185,1.30269,1.30313,114.0,0.005526917309805416,1.30269,1.30284,1.30309,1.30403
2019-02-20,0.0020632185925415626,1.30287,1.30882,93.0,0.0032720210340911734,1.30714,1.3072,1.30698,1.30639,136.0,0.00422020731666819,1.30838,1.30807,1.30768,1.30721,,,,,,
2019-02-21,0.0023738238016162705,1.30851,1.30369,,,,,,,,,,,,,,,,,,
2019-02-22,0.0023241134164745706,1.29934,1.30698,83.0,0.0038330557325263583,1.30433,1.30423,1.30414,1.3043,104.0,0.005242747595930942,1.30617,1.30651,1.30683,1.30576,110.0,0.00619928637615954,1.30742,1.30712,1.30612,1.30563
2019-02-25,0.0022791432582754873,1.30727,1.30865,,,,,,,,,,,,,,,,,,
2019-02-26,0.0021926291451835624,1.318,1.32538,117.0,0.0035974667217887114,1.32275,1.32369,1.32407,1.32646,119.0,0.00458733762825047,1.32406,1.32425,1.32542,1.32817,124.0,0.005613954262040439,1.32542,1.32621,1.32644,1.32697
2019-02-27,0.0022017370844758175,1.33134,1.33031,,,,,,,,,,,,,,,,,,
2019-02-28,0.002324155856110385,1.32862,1.32631,,,,,,,,,,,,,,,,,,
2019-03-01,0.002315694412344989,1.32269,1.32038,51.0,0.003531999173796914,1.32737,1.32753,1.32828,1.32826,,,,,,,,,,,,
2019-03-04,0.0022831658517109303,1.32062,1.31804,,,,,,,,,,,,,,,,,,
2019-03-05,0.002253655911726535,1.31271,1.31527,,,,,,,,,,,,,,,,,,
2019-03-06,0.0022787486193166545,1.3136,1.3163,,,,,,,,,,,,,,,,,,
2019-03-07,0.0022346524687292054,1.31186,1.31265,,,,,,,,,,,,,,,,,,
2019-03-08,0.0022061367044739844,1.30753,1.30076,78.0,-0.00344753957547245,1.30303,1.30342,1.30332,1.3038,99.0,-0.0044149843683736695,1.30177,1.30211,1.30207,1.3055,,,,,,
2019-03-11,0.002244263706331853,1.30494,1.31284,63.0,0.0033737681611440257,1.30935,1.30934,1.30851,1.30801,,,,,,,,,,,,
2019-03-12,0.002252760409917506,1.30898,1.30762,45.0,0.003789659615820099,1.31395,1.31346,1.31267,1.31331,,,,,,,,,,,,
2019-03-13,0.0028758251033730187,1.31666,1.32123,178.0,0.004508830153841803,1.32261,1.32288,,,,,,,,,,,,,,
2019-03-14,0.002973190094026718,1.32646,1.32656,,,,,,,,,,,,,,,,,,
2019-03-15,0.0031844527866884942,1.32343,1.32916,,,,,,,,,,,,,,,,,,
2019-03-18,0.0031070851169637628,1.32427,1.32286,,,,,,,,,,,,,,,,,,
2019-03-19,0.002975291832148692,1.32695,1.32791,,,,,,,,,,,,,,,,,,
2019-03-20,0.002905442049699502,1.31534,1.31805,127.0,0.004452796039442831,1.32121,1.32065,1.32064,1.32042,,,,,,,,,,,,
2019-03-21,0.002839411327966107,1.31293,1.30441,154.0,-0.004450338066490302,1.3071,1.30653,1.30697,1.30717,,,,,,,,,,,,
2019-03-22,0.00279055402836309,1.31591,1.31894,177.0,0.00439791125973298,1.32171,1.32169,,,,,,,,,,,,,,
2019-03-25,0.0027812065767804026,1.32274,1.31768,,,,,,,,,,,,,,,,,,
2019-03-26,0.0026983931503245873,1.32437,1.32175,,,,,,,,,,,,,,,,,,
2019-03-27,0.0026356122214910758,1.32393,1.32334,,,,,,,,,,,,,,,,,,
2019-03-28,0.002579303244275654,1.31152,1.3056,,,,,,,,,,,,,,,,,,
2019-03-29,0.0025199258557718224,1.30947,1.30038,94.0,-0.00460787980624125,1.30345,1.3025,1.30324,1.29981,95.0,-0.005336980550372229,1.3025,1.30272,1.30277,1.29918,103.0,-0.007650595393368402,1.29949,1.29842,1.30026,1.3001
2019-04-01,0.002642679578713607,1.31159,1.31388,,,,,,,,,,,,,,,,,,
2019-04-02,0.0025337387430590125,1.30208,1.30319,,,,,,,,,,,,,,,,,,
2019-04-03,0.0024926853132781657,1.31684,1.31737,,,,,,,,,,,,,,,,,,
2019-04-04,0.0024973299368411636,1.31329,1.30697,156.0,-0.004028540907809596,1.30801,1.30862,1.30865,1.30939,,,,,,,,,,,,
2019-04-05,0.0024555946509144614,1.30667,1.30056,100.0,-0.0037263123532381742,1.30181,1.30208,1.30159,1.30217,,,,,,,,,,,,
2019-04-08,0.00250967229959809,1.3047,1.3047,,,,,,,,,,,,,,,,,,
2019-04-09,0.0024250430368904135,1.30442,1.30456,,,,,,,,,,,,,,,,,,
2019-04-10,0.002377242986401266,1.30864,1.3096,,,,,,,,,,,,,,,,,,
2019-04-11,0.0023320200511926462,1.30763,1.30655,,,,,,,,,,,,,,,,,,
2019-04-12,0.0023101089655833337,1.30919,1.30844,,,,,,,,,,,,,,,,,,
2019-04-15,0.002270975429772603,1.31083,1.31032,,,,,,,,,,,,,,,,,,
2019-04-16,0.0021941980011617093,1.30934,1.3047,176.0,-0.003381457247263579,1.30492,1.30531,,,,,,,,,,,,,,
2019-04-17,0.002150658098391338,1.30559,1.30345,,,,,,,,,,,,,,,,,,
2019-04-18,0.0021216514548051384,1.30118,1.3002,,,,,,,,,,,,,,,,,,
2019-04-19,0.002079690745108019,1.30018,1.29999,,,,,,,,,,,,,,,,,,
2019-04-22,0.002070907499018375,1.2986,1.29816,,,,,,,,,,,,,,,,,,
2019-04-23,0.0019929903173753426,1.30021,1.2945,59.0,-0.0035055720506740554,1.29566,1.2954,1.29446,1.29541,61.0,-0.004061427851290592,1.29494,1.29525,1.29515,1.29521,151.0,-0.005158605433675157,1.29352,1.29311,1.2938,1.29357
2019-04-24,0.001957029524733609,1.29535,1.29453,,,,,,,,,,,,,,,,,,
2019-04-25,0.0019591041917092857,1.28722,1.29011,158.0,0.0029864777519423803,1.29107,1.29095,1.29097,1.29053,,,,,,,,,,,,
2019-04-26,0.0019278931303156335,1.29002,1.29299,158.0,0.0029877339458760656,1.29388,1.294,1.29343,1.29382,,,,,,,,,,,,
2019-04-29,0.0018933430514602777,1.29173,1.29225,,,,,,,,,,,,,,,,,,
2019-04-30,0.001831990690945358,1.30064,1.30284,163.0,0.0027793791165566235,1.30426,1.30419,1.30367,1.30402,,,,,,,,,,,,
2019-05-01,0.0018010929185822658,1.30676,1.30895,,,,,,,,,,,,,,,,,,
2019-05-02,0.0019304446617297289,1.30477,1.30291,,,,,,,,,,,,,,,,,,
2019-05-03,0.0018954881735471257,1.30031,1.31348,113.0,0.003063800815581355,1.3043,1.30407,1.30391,1.30529,120.0,0.003883827914761961,1.30537,1.30499,1.305,1.30766,129.0,0.004925135768894625,1.30673,1.30657,1.30691,1.30744
2019-05-06,0.001865174442403628,1.30996,1.30911,,,,,,,,,,,,,,,,,,
2019-05-07,0.002065590744521433,1.3066,1.3048,,,,,,,,,,,,,,,,,,
2019-05-08,0.0020272243591171793,1.3008,1.3013,,,,,,,,,,,,,,,,,,
2019-05-09,0.0020101184580990066,1.29939,1.30107,,,,,,,,,,,,,,,,,,
2019-05-10,0.002042431117311106,1.30068,1.30358,,,,,,,,,,,,,,,,,,
2019-05-13,0.0020035630316771733,1.3013,1.29575,,,,,,,,,,,,,,,,,,
2019-05-14,0.001932221532010948,1.29492,1.292,126.0,-0.0029001331186200336,1.29117,1.29094,1.29103,1.29137,,,,,,,,,,,,
2019-05-15,0.0019365027815992659,1.28806,1.28761,86.0,-0.003079126593008444,1.2841,1.28401,1.28384,1.284,131.0,-0.0040218650451380265,1.28289,1.28295,1.28383,1.28565,,,,,,
2019-05-16,0.0019333811743476583,1.2814,1.28011,,,,,,,,,,,,,,,,,,
2019-05-17,0.0019705493843944475,1.27411,1.27238,,,,,,,,,,,,,,,,,,
2019-05-20,0.001976023905383194,1.27418,1.27161,,,,,,,,,,,,,,,,,,
2019-05-21,0.00199185626287385,1.2704,1.27467,32.0,0.003159361639584801,1.27442,1.27419,1.27336,1.274,175.0,0.006621605527993901,1.27884,1.27945,1.27805,,175.0,0.006621605527993901,1.27884,1.27945,1.27805,
2019-05-22,0.001956097970428357,1.26586,1.26696,,,,,,,,,,,,,,,,,,
2019-05-23,0.0019211324856932342,1.26386,1.26646,,,,,,,,,,,,,,,,,,
2019-05-24,0.0019580912803299167,1.26621,1.2701,162.0,0.0031383088366018753,1.27019,1.27026,1.27036,1.26918,,,,,,,,,,,,
2019-05-27,0.0019238773202539248,1.26918,1.2676,,,,,,,,,,,,,,,,,,
2019-05-28,0.0019307124875602522,1.26706,1.26655,,,,,,,,,,,,,,,,,,
2019-05-29,0.0019176724856770587,1.26415,1.26287,,,,,,,,,,,,,,,,,,
2019-05-30,0.0018848977943262493,1.26275,1.26177,156.0,-0.002862934121430866,1.25914,1.25946,1.25916,1.25858,,,,,,,,,,,,
2019-05-31,0.0018665495923421182,1.25633,1.26194,129.0,0.003210556260379849,1.26037,1.2604,1.2602,1.26164,139.0,0.003971947422197168,1.26133,1.26115,1.26164,1.26254,149.0,0.0047327593085402355,1.26229,1.26236,1.26254,1.26221
2019-06-03,0.001836596431096602,1.26138,1.26183,146.0,0.0027550843951817373,1.26486,1.26474,1.26488,1.26443,,,,,,,,,,,,
2019-06-04,0.0017891940878195815,1.26817,1.26723,,,,,,,,,,,,,,,,,,
2019-06-05,0.001761674274740089,1.26978,1.27021,21.0,0.002807565751669295,1.27335,1.27317,1.27407,1.27372,39.0,0.0035298085037218864,1.27427,1.27386,1.27355,1.27352,,,,,,
2019-06-06,0.0017569626212481303,1.27264,1.27096,,,,,,,,,,,,,,,,,,
2019-06-07,0.0017314310212407764,1.27063,1.27361,36.0,0.003315684166553233,1.27485,1.27453,1.27493,1.27447,42.0,0.003598030466162944,1.27521,1.27512,1.2754,1.27379,,,,,,
2019-06-10,0.0017043881106852464,1.26571,1.26829,176.0,0.00272203476330029,1.26916,1.26905,,,,,,,,,,,,,,
2019-06-11,0.0016844232079131125,1.26958,1.2722,,,,,,,,,,,,,,,,,,
2019-06-12,0.0016861206302252554,1.27434,1.26922,,,,,,,,,,,,,,,,,,
2019-06-13,0.0016804844277187076,1.26878,1.26789,,,,,,,,,,,,,,,,,,
2019-06-14,0.0016646589512038948,1.26426,1.25995,160.0,-0.0025422635073554896,1.26105,1.26114,1.26099,1.26027,,,,,,,,,,,,
2019-06-17,0.0016442563020571414,1.25892,1.25645,178.0,-0.0025132435644429495,1.25576,1.25556,,,,,,,,,,,,,,
2019-06-18,0.0017220504048126102,1.25144,1.25444,,,,,,,,,,,,,,,,,,
2019-06-19,0.0017919216654585404,1.25832,1.26252,130.0,0.0030311950397083638,1.26214,1.2618,1.2623,1.2625,155.0,0.0036727563525987095,1.26295,1.2628,1.26263,1.26282,,,,,,
2019-06-20,0.0017896128272527035,1.26886,1.26992,,,,,,,,,,,,,,,,,,
2019-06-21,0.0019988160650198416,1.26594,1.2701,,,,,,,,,,,,,,,,,,
2019-06-24,0.0019777317077435833,1.27536,1.27278,71.0,-0.00321995707442931,1.27126,1.27147,1.27119,1.27101,,,,,,,,,,,,
2019-06-25,0.0019189192887211807,1.27276,1.27199,,,,,,,,,,,,,,,,,,
2019-06-26,0.0018838842197446747,1.26778,1.26937,,,,,,,,,,,,,,,,,,
2019-06-27,0.001907203251306595,1.27033,1.26717,,,,,,,,,,,,,,,,,,
2019-06-28,0.0018719373137696318,1.26905,1.27024,157.0,0.0028720389565858786,1.2727,1.27274,1.27265,1.2724,,,,,,,,,,,,
2019-07-01,0.0018409646327250233,1.26461,1.26423,,,,,,,,,,,,,,,,,,
2019-07-02,0.0017847897168477857,1.26279,1.25982,143.0,-0.002854901660710077,1.25919,1.25868,1.2591,1.2601,,,,,,,,,,,,
2019-07-03,0.0018113138754193544,1.25789,1.25667,,,,,,,,,,,,,,,,,,
2019-07-04,0.001822674398553118,1.2579,1.25816,,,,,,,,,,,,,,,,,,
2019-07-05,0.0017927690276151136,1.25498,1.25065,64.0,-0.0028247479304058043,1.25144,1.25171,1.25166,1.25112,88.0,-0.003600155557859788,1.25047,1.25045,1.25056,1.25003,131.0,-0.004752386131427382,1.24903,1.24892,1.24881,1.24961
2019-07-08,0.0017623201946383108,1.25141,1.25008,,,,,,,,,,,,,,,,,,
2019-07-09,0.0017667603740486833,1.24535,1.24576,,,,,,,,,,,,,,,,,,
2019-07-10,0.0017393467154925156,1.24729,1.2503,45.0,0.0027861638641066867,1.25077,1.25113,1.25156,1.25158,51.0,0.0034814935942890732,1.25164,1.25161,1.25128,1.25126,,,,,,
2019-07-11,0.001764252258547889,1.25562,1.25481,,,,,,,,,,,,,,,,,,
2019-07-12,0.00182211499362048,1.25347,1.25542,,,,,,,,,,,,,,,,,,
2019-07-15,0.0017932903973134125,1.2536,1.25215,,,,,,,,,,,,,,,,,,
2019-07-16,0.0017544282477070326,1.24291,1.24047,,,,,,,,,,,,,,,,,,
2019-07-17,0.0017737065976290683,1.2411,1.24384,,,,,,,,,,,,,,,,,,
2019-07-18,0.0019388486503563818,1.24862,1.24945,,,,,,,,,,,,,,,,,,
2019-07-19,0.0019178991268186995,1.25374,1.24997,177.0,-0.0030435344442634655,1.24993,1.25017,,,,,,,,,,,,,,
2019-07-22,0.002088079404880827,1.24575,1.24733,179.0,0.003213774700473184,1.24976,1.24977,,,,,,,,,,,,,,
2019-07-23,0.0020502362033291235,1.24576,1.24498,,,,,,,,,,,,,,,,,,
2019-07-24,0.0020389034356909945,1.24968,1.24969,,,,,,,,,,,,,,,,,,
2019-07-25,0.0020118401080524927,1.24887,1.24702,,,,,,,,,,,,,,,,,,
2019-07-26,0.0020101248894169687,1.24325,1.23867,168.0,-0.0034081740459466024,1.23902,1.23942,1.23879,,,,,,,,,,,,,
2019-07-29,0.001986626992992045,1.23016,1.22344,49.0,-0.003134581861272879,1.22631,1.22636,1.22599,1.2254,57.0,-0.0040074990507599694,1.22524,1.2248,1.22481,1.22619,174.0,-0.005543070699389349,1.22336,1.22221,1.22274,
2019-07-30,0.0019822939628359234,1.21729,1.21483,172.0,-0.003035927445653754,1.2136,1.21393,1.21521,,,,,,,,,,,,,
2019-07-31,0.0025268953932725997,1.21748,1.2216,104.0,0.004016629304769129,1.22238,1.22246,1.22291,1.22272,171.0,0.0050632189900050445,1.22366,1.22374,1.22342,,,,,,,
2019-08-01,0.0024765213950831986,1.21141,1.21398,,,,,,,,,,,,,,,,,,
2019-08-02,0.0024292231268338666,1.2127,1.2129,,,,,,,,,,,,,,,,,,
2019-08-05,0.002381275091577546,1.21596,1.21625,,,,,,,,,,,,,,,,,,
2019-08-06,0.0023173377921381928,1.21781,1.21467,,,,,,,,,,,,,,,,,,
2019-08-07,0.002271210263039624,1.21384,1.21551,,,,,,,,,,,,,,,,,,
2019-08-08,0.002222649080626011,1.21394,1.21341,53.0,-0.0036063434739252134,1.20957,1.21033,1.21103,1.21129,,,,,,,,,,,,
2019-08-09,0.002176013543651525,1.20748,1.20788,,,,,,,,,,,,,,,,,,
2019-08-12,0.0021474080258192317,1.20836,1.20672,,,,,,,,,,,,,,,,,,
2019-08-13,0.0022686349526805805,1.20862,1.20657,,,,,,,,,,,,,,,,,,
2019-08-14,0.0022339512865308673,1.20679,1.20659,,,,,,,,,,,,,,,,,,
2019-08-15,0.002188331740797386,1.21313,1.21079,,,,,,,,,,,,,,,,,,
2019-08-16,0.0021424604365988787,1.21639,1.21464,,,,,,,,,,,,,,,,,,
2019-08-19,0.0021144979852138154,1.2117,1.21366,,,,,,,,,,,,,,,,,,
2019-08-20,0.002083629092985233,1.20832,1.21549,116.0,0.003428636160475542,1.21247,1.21718,1.21278,1.21361,117.0,0.007305742657329544,1.21718,1.21552,1.21223,1.21382,117.0,0.007305742657329544,1.21718,1.21552,1.21223,1.21382
2019-08-21,0.0020453797565928296,1.21264,1.21393,,,,,,,,,,,,,,,,,,
2019-08-22,0.0020243651483180325,1.21446,1.22498,51.0,0.003058408066706096,1.21818,1.22189,1.22085,1.22442,52.0,0.006099306777713401,1.22189,1.22177,1.22162,1.22338,52.0,0.006099306777713401,1.22189,1.22177,1.22162,1.22338
2019-08-23,0.0020156011793609095,1.22256,1.22514,169.0,0.003030020735180841,1.22627,1.22645,1.22662,,179.0,0.00405699938930257,1.22753,1.22743,,,,,,,,
2019-08-26,0.0021784141845006904,1.22394,1.22305,,,,,,,,,,,,,,,,,,
2019-08-27,0.002122878098396999,1.22693,1.22852,,,,,,,,,,,,,,,,,,
2019-08-28,0.002119893773390923,1.2211,1.22438,,,,,,,,,,,,,,,,,,
2019-08-29,0.0021305403962442056,1.2219,1.21956,,,,,,,,,,,,,,,,,,
2019-08-30,0.002166312198409788,1.21848,1.21673,,,,,,,,,,,,,,,,,,
2019-09-02,0.002129278401946368,1.20742,1.20651,,,,,,,,,,,,,,,,,,
2019-09-03,0.0020481720782630723,1.20221,1.20846,129.0,0.003321682827628245,1.20621,1.20516,1.20534,1.20566,162.0,0.00421664870464242,1.20729,1.20739,1.20706,1.20918,173.0,0.005408691958022781,1.20873,1.2099,1.20958,
2019-09-04,0.0022613186794559112,1.21987,1.21876,,,,,,,,,,,,,,,,,,
2019-09-05,0.002315360406889058,1.2333,1.23293,,,,,,,,,,,,,,,,,,
2019-09-06,0.0025160175123267723,1.23064,1.22963,,,,,,,,,,,,,,,,,,
2019-09-09,0.002558638673312295,1.23625,1.23668,,,,,,,,,,,,,,,,,,
2019-09-10,0.0024727574822917212,1.23424,1.23556,,,,,,,,,,,,,,,,,,
2019-09-11,0.002462509194495753,1.23445,1.23257,,,,,,,,,,,,,,,,,,
2019-09-12,0.002407982689486015,1.23262,1.23577,,,,,,,,,,,,,,,,,,
2019-09-13,0.0023594112205629725,1.24549,1.24584,,,,,,,,,,,,,,,,,,
2019-09-16,0.0023049986258261157,1.244,1.242,,,,,,,,,,,,,,,,,,
2019-09-17,0.002565918457384373,1.24174,1.24922,154.0,0.003914245357686227,1.24661,1.24635,1.24668,1.24816,169.0,0.00515684503576512,1.24816,1.24787,1.24843,,,,,,,
2019-09-18,0.0025588427182917663,1.24537,1.24754,,,,,,,,,,,,,,,,,,
2019-09-19,0.002580389123466023,1.24689,1.24783,,,,,,,,,,,,,,,,,,
2019-09-20,0.0025270032012828327,1.24891,1.24887,,,,,,,,,,,,,,,,,,
2019-09-23,0.0025479879983942087,1.24362,1.24251,,,,,,,,,,,,,,,,,,
2019-09-24,0.0024938417999988754,1.24778,1.24727,,,,,,,,,,,,,,,,,,
2019-09-25,0.0024703706754284427,1.2377,1.2362,,,,,,,,,,,,,,,,,,
2019-09-26,0.0024337688187556937,1.23453,1.23419,,,,,,,,,,,,,,,,,,
2019-09-27,0.002508180499180136,1.23081,1.23091,,,,,,,,,,,,,,,,,,
2019-09-30,0.002477708930053011,1.23093,1.23038,,,,,,,,,,,,,,,,,,
2019-10-01,0.0023908427369975114,1.22652,1.22392,92.0,-0.0037002137369838125,1.22199,1.22177,1.22193,1.22099,105.0,-0.004805579787066093,1.22064,1.22093,1.2216,1.22248,,,,,,
2019-10-02,0.002338704944623273,1.22863,1.23141,,,,,,,,,,,,,,,,,,
2019-10-03,0.0022878970438260354,1.23295,1.23873,40.0,0.0034734205167307026,1.23724,1.23707,1.23706,1.23782,120.0,0.004854574848047069,1.23895,1.23964,1.23982,1.24043,124.0,0.006096790992040445,1.24049,1.23982,1.24027,1.23981
2019-10-04,0.002243310292339518,1.23403,1.23049,35.0,-0.003441813270136297,1.22979,1.23076,1.23108,1.23031,103.0,-0.004719269597414177,1.22822,1.2283,1.22781,1.22876,,,,,,
2019-10-07,0.002238236529783512,1.23198,1.23214,,,,,,,,,,,,,,,,,,
2019-10-08,0.002150593448630588,1.22178,1.22039,,,,,,,,,,,,,,,,,,
2019-10-09,0.002122092681667934,1.2225,1.22123,,,,,,,,,,,,,,,,,,
2019-10-10,0.0021684412866729854,1.22338,1.23805,148.0,0.004331041365358193,1.22869,1.22869,1.2286,1.22756,150.0,0.0046484022276628185,1.22908,1.22881,1.22883,1.22788,,,,,,
2019-10-11,0.00212086681191466,1.2639,1.26866,27.0,-0.00341590748598818,1.25959,1.26012,1.25996,1.26002,,,,,,,,,,,,
2019-10-14,0.0027047305082015956,1.25321,1.25901,89.0,0.004061291178238362,1.25831,1.25891,1.25864,1.25859,113.0,0.006981580520999657,1.26199,1.26057,1.26022,1.26044,113.0,0.006981580520999657,1.26199,1.26057,1.26022,1.26044
2019-10-15,0.0030420348941542913,1.26274,1.27306,147.0,0.008649938614346172,1.27371,1.27264,1.27345,1.27382,147.0,0.008649938614346172,1.27371,1.27264,1.27345,1.27382,147.0,0.008649938614346172,1.27371,1.27264,1.27345,1.27382
2019-10-16,0.0029810933574788167,1.27393,1.28538,22.0,0.005870031256480093,1.28143,1.28186,1.28245,1.2785,23.0,0.006205537581580695,1.28186,1.28238,1.2826,1.27806,25.0,0.007484110743566334,1.2835,1.28325,1.28161,1.27847
2019-10-17,0.003129780917945108,1.28408,1.28522,16.0,-0.005004401973405144,1.27767,1.27664,1.27891,1.28025,,,,,,,,,,,,
2019-10-18,0.003098893542599409,1.28913,1.28988,,,,,,,,,,,,,,,,,,
2019-10-21,0.0030261765765529362,1.29994,1.29819,,,,,,,,,,,,,,,,,,
2019-10-22,0.0031132592775168885,1.29315,1.29454,,,,,,,,,,,,,,,,,,
2019-10-23,0.00309463813625602,1.28712,1.28856,,,,,,,,,,,,,,,,,,
2019-10-24,0.0031858359598711024,1.28964,1.28065,,,,,,,,,,,,,,,,,,
2019-10-25,0.003153176371375187,1.28243,1.28301,,,,,,,,,,,,,,,,,,
2019-10-28,0.003135260614764429,1.28319,1.2857,,,,,,,,,,,,,,,,,,
2019-10-29,0.002984658721003662,1.28588,1.28799,,,,,,,,,,,,,,,,,,
2019-10-30,0.0029214491809696976,1.28848,1.28729,,,,,,,,,,,,,,,,,,
2019-10-31,0.002852260428627675,1.29573,1.29465,,,,,,,,,,,,,,,,,,
2019-11-01,0.002838181966170186,1.29435,1.29363,,,,,,,,,,,,,,,,,,
2019-11-04,0.0027785762410091983,1.2916,1.28989,,,,,,,,,,,,,,,,,,
2019-11-05,0.0026528680509392854,1.28896,1.28737,,,,,,,,,,,,,,,,,,
2019-11-06,0.0026290109627951225,1.28873,1.28571,,,,,,,,,,,,,,,,,,
2019-11-07,0.002567819622105806,1.28063,1.28145,,,,,,,,,,,,,,,,,,
2019-11-08,0.0025221750113555838,1.28046,1.27697,,,,,,,,,,,,,,,,,,
2019-11-11,0.0024755817244768476,1.28721,1.28582,,,,,,,,,,,,,,,,,,
2019-11-12,0.0023913836398399193,1.2838,1.28577,,,,,,,,,,,,,,,,,,
2019-11-13,0.0023969389480954055,1.28375,1.28386,,,,,,,,,,,,,,,,,,
2019-11-14,0.002345079938398486,1.28384,1.28789,155.0,0.003731811769627955,1.28864,1.28866,1.2884,1.28778,,,,,,,,,,,,
2019-11-15,0.0022958393031165853,1.28857,1.29073,,,,,,,,,,,,,,,,,,
2019-11-18,0.002273565279522414,1.29584,1.29661,,,,,,,,,,,,,,,,,,
2019-11-19,0.0021900070666380296,1.29411,1.29255,,,,,,,,,,,,,,,,,,
2019-11-20,0.0021574015322661385,1.29054,1.29201,,,,,,,,,,,,,,,,,,
2019-11-21,0.0021352393089972203,1.29601,1.29022,88.0,-0.00327694301232583,1.29177,1.29181,1.29191,1.29183,150.0,-0.004733370529751399,1.28989,1.29015,1.29024,1.29108,,,,,,
2019-11-22,0.0020952600734122084,1.28567,1.28278,,,,,,,,,,,,,,,,,,
2019-11-25,0.002053481936787295,1.28791,1.28875,,,,,,,,,,,,,,,,,,
2019-11-26,0.002086729069260218,1.28532,1.28622,,,,,,,,,,,,,,,,,,
2019-11-27,0.0020794966811887973,1.28779,1.28833,,,,,,,,,,,,,,,,,,
2019-11-28,0.002060653855710557,1.29112,1.29031,,,,,,,,,,,,,,,,,,
2019-11-29,0.002101590104677865,1.28899,1.2932,117.0,0.0031834703446122,1.2931,1.29347,1.29266,1.29221,,,,,,,,,,,,
2019-12-02,0.002063399431099608,1.29291,1.29372,,,,,,,,,,,,,,,,,,
2019-12-03,0.001982280359229707,1.29968,1.30081,,,,,,,,,,,,,,,,,,
2019-12-04,0.0019524529453364711,1.30968,1.30908,,,,,,,,,,,,,,,,,,
2019-12-05,0.0019630005533424954,1.31298,1.3158,,,,,,,,,,,,,,,,,,
2019-12-06,0.002137399472047838,1.31287,1.3136,,,,,,,,,,,,,,,,,,
2019-12-09,0.0021179574397809605,1.31513,1.31482,,,,,,,,,,,,,,,,,,
2019-12-10,0.002041962834639924,1.31695,1.31834,,,,,,,,,,,,,,,,,,
2019-12-11,0.0020018061749183915,1.31709,1.31712,,,,,,,,,,,,,,,,,,
2019-12-12,0.0019640717382661214,1.31521,1.31093,,,,,,,,,,,,,,,,,,
2019-12-13,0.0020174952161548295,1.33322,1.3325,,,,,,,,,,,,,,,,,,
2019-12-16,0.0026708528685129725,1.33438,1.33228,,,,,,,,,,,,,,,,,,
2019-12-17,0.0027490350308761917,1.31452,1.31282,,,,,,,,,,,,,,,,,,
2019-12-18,0.0027644753076229507,1.30771,1.30825,,,,,,,,,,,,,,,,,,
2019-12-19,0.003079336002895252,1.30568,1.30346,,,,,,,,,,,,,,,,,,
2019-12-20,0.0030057409173466602,1.30544,1.30224,,,,,,,,,,,,,,,,,,
2019-12-23,0.00296744758869408,1.29234,1.29358,,,,,,,,,,,,,,,,,,
2019-12-24,0.002832268162822029,1.29465,1.29649,,,,,,,,,,,,,,,,,,
2019-12-26,0.0028083570331971374,1.29832,1.30086,,,,,,,,,,,,,,,,,,
2019-12-27,0.00269801598853359,1.30871,1.30928,,,,,,,,,,,,,,,,,,
2019-12-30,0.0026384804210969875,1.31269,1.31175,,,,,,,,,,,,,,,,,,
2019-12-31,0.0025875768731694637,1.32144,1.32601,156.0,0.004409684272693086,1.32728,1.32703,1.32749,1.32697,162.0,0.005215519466528156,1.32835,1.32798,1.32779,1.32692,,,,,,
2020-01-02,0.0025279576639604595,1.31739,1.3133,,,,,,,,,,,,,,,,,,
2020-01-03,0.0027920338904538627,1.3072,1.30875,,,,,,,,,,,,,,,,,,
2020-01-06,0.0028027597327255857,1.31412,1.31614,,,,,,,,,,,,,,,,,,
2020-01-07,0.002701321256382866,1.3119,1.31274,,,,,,,,,,,,,,,,,,
2020-01-08,0.0027300276570079995,1.31277,1.31027,,,,,,,,,,,,,,,,,,
2020-01-09,0.0026974755694666006,1.30485,1.3061,,,,,,,,,,,,,,,,,,
2020-01-10,0.0026385995933046152,1.30701,1.30621,,,,,,,,,,,,,,,,,,
2020-01-13,0.002592247525266889,1.29876,1.29938,,,,,,,,,,,,,,,,,,
2020-01-14,0.002488491779678819,1.29898,1.30222,,,,,,,,,,,,,,,,,,
2020-01-15,0.002456145534457927,1.30098,1.3033,,,,,,,,,,,,,,,,,,
2020-01-16,0.002417896436397213,1.30502,1.30761,,,,,,,,,,,,,,,,,,
2020-01-17,0.002371086999961092,1.30434,1.30208,,,,,,,,,,,,,,,,,,
2020-01-20,0.0023281241242981863,1.29995,1.29988,,,,,,,,,,,,,,,,,,
2020-01-21,0.002286500133124605,1.3071,1.30455,,,,,,,,,,,,,,,,,,
2020-01-22,0.0022406657070242735,1.31332,1.31264,,,,,,,,,,,,,,,,,,
2020-01-23,0.0022058483132095562,1.31283,1.31107,,,,,,,,,,,,,,,,,,
2020-01-24,0.0022636858021668907,1.3098,1.30782,,,,,,,,,,,,,,,,,,
2020-01-27,0.002216511676761421,1.30602,1.30572,,,,,,,,,,,,,,,,,,
2020-01-28,0.002161053268135732,1.30051,1.30004,,,,,,,,,,,,,,,,,,
2020-01-29,0.002116244692455471,1.29921,1.30119,,,,,,,,,,,,,,,,,,
2020-01-30,0.002091272058611368,1.30959,1.30937,,,,,,,,,,,,,,,,,,
2020-01-31,0.002048277732058607,1.31452,1.31939,121.0,0.0032430695531301067,1.31879,1.31857,1.31781,1.31803,,,,,,,,,,,,
2020-02-03,0.0021142905523730865,1.30569,1.30063,90.0,-0.0032372418151343702,1.30147,1.30166,1.301,1.30075,158.0,-0.004236611526698277,1.30017,1.30016,1.30039,1.30078,,,,,,
2020-02-04,0.0022000358979887467,1.30318,1.30307,,,,,,,,,,,,,,,,,,
2020-02-05,0.0024861420089744056,1.30067,1.30048,,,,,,,,,,,,,,,,,,
2020-02-06,0.0024333424758103133,1.29639,1.29329,,,,,,,,,,,,,,,,,,
2020-02-07,0.002399654188974523,1.29339,1.28993,,,,,,,,,,,,,,,,,,
2020-02-10,0.0023717516463857133,1.29296,1.29082,,,,,,,,,,,,,,,,,,
2020-02-11,0.002320017244743322,1.29348,1.295,,,,,,,,,,,,,,,,,,
2020-02-12,0.002271149744474261,1.29645,1.29649,,,,,,,,,,,,,,,,,,
2020-02-13,0.00225354588000853,1.30239,1.30568,101.0,0.003449230792744931,1.30689,1.30669,1.30648,1.30532,,,,,,,,,,,,
2020-02-14,0.0022059761808839416,1.3012,1.30397,,,,,,,,,,,,,,,,,,
2020-02-17,0.002281360396591678,1.30153,1.30101,,,,,,,,,,,,,,,,,,
2020-02-18,0.002185944932968248,1.30258,1.30026,,,,,,,,,,,,,,,,,,
2020-02-19,0.0021735681276075364,1.2976,1.29178,105.0,-0.003272921067797531,1.29336,1.29289,1.29363,1.29511,,,,,,,,,,,,
2020-02-20,0.0021289671010212494,1.28639,1.28768,,,,,,,,,,,,,,,,,,
2020-02-21,0.0022030127222373327,1.29332,1.29753,,,,,,,,,,,,,,,,,,
2020-02-24,0.0021619106920658256,1.29008,1.29341,,,,,,,,,,,,,,,,,,
2020-02-25,0.002130001594582914,1.29682,1.30109,117.0,0.0035331781827472224,1.30141,1.30162,1.30129,1.30061,,,,,,,,,,,,
2020-02-26,0.0020863463100140463,1.29346,1.29084,,,,,,,,,,,,,,,,,,
2020-02-27,0.002082654823252235,1.28898,1.28846,,,,,,,,,,,,,,,,,,
2020-02-28,0.0020869180885276614,1.28532,1.27578,101.0,-0.003538447244427467,1.28078,1.28099,1.28096,1.27848,114.0,-0.004639945314901998,1.27937,1.27859,1.27733,1.27788,115.0,-0.005249806316775003,1.27859,1.27848,1.27756,1.27873
2020-03-02,0.002080073161854587,1.2776,1.28119,,,,,,,,,,,,,,,,,,
2020-03-03,0.0020754399442961253,1.27943,1.28119,129.0,0.00311372356843211,1.28342,1.28341,1.28228,1.27989,,,,,,,,,,,,
2020-03-04,0.002065147817457216,1.28304,1.28433,,,,,,,,,,,,,,,,,,
2020-03-05,0.0020420786906243053,1.29174,1.29402,,,,,,,,,,,,,,,,,,
2020-03-06,0.0020600750156638137,1.29953,1.30031,60.0,0.003755836900340054,1.30442,1.3046,1.30432,1.30394,,,,,,,,,,,,
2020-03-09,0.0021238445515226554,1.30988,1.31371,127.0,0.00320127104593601,1.31408,1.31364,1.31389,1.31488,,,,,,,,,,,,
2020-03-10,0.002175265498110424,1.30247,1.29078,162.0,-0.003291475136355975,1.29819,1.29838,1.29823,1.2943,174.0,-0.004802410430470094,1.29623,1.29576,1.29327,,177.0,-0.006292453284315879,1.2943,1.29352,,
2020-03-11,0.0021356553606006476,1.29334,1.28557,166.0,-0.0032294191496864176,1.28917,1.28915,1.2887,,,,,,,,,,,,,
2020-03-12,0.002380487089050676,1.26599,1.26005,49.0,-0.003600499254469561,1.26144,1.26155,1.26097,1.25936,64.0,-0.005250769384630147,1.25936,1.25848,1.25962,1.26184,139.0,-0.006021298665132309,1.25839,1.25842,1.2572,1.25782
2020-03-13,0.002447986814895951,1.24638,1.2364,108.0,0.004243299162122088,1.25168,1.25166,1.25176,1.25133,178.0,-0.0050432644326170555,1.24011,1.24058,,,,,,,,
2020-03-16,0.0032516200502242217,1.227,1.22434,,,,,,,,,,,,,,,,,,
2020-03-17,0.003928896866429029,1.21024,1.20469,113.0,-0.005908816164076866,1.20311,1.20322,1.20481,1.205,177.0,-0.007863997391529709,1.20076,1.20125,,,,,,,,
2020-03-18,0.003894605044555296,1.18487,1.15321,44.0,-0.005882892719230724,1.17792,1.17572,1.17761,1.17898,165.0,-0.0078033718995591285,1.17566,1.17449,1.17516,1.17502,,,,,,
2020-03-19,0.003938107419836513,1.16301,1.16168,114.0,0.005940993491573848,1.16994,1.171,1.1712,1.17207,122.0,0.008152335413077185,1.17253,1.17277,1.17188,1.17324,141.0,0.01012049615951181,1.17484,1.17456,1.17505,1.17657
2020-03-20,0.006536850050899008,1.1783,1.17045,90.0,0.011140295819501886,1.1915,1.19244,1.19125,1.18635,,,,,,,,,,,,
2020-03-23,0.006468946353460999,1.16285,1.14827,150.0,-0.009886610133236445,1.15141,1.15242,1.15192,1.14977,,,,,,,,,,,,
2020-03-24,0.006178838274787665,1.17546,1.17664,,,,,,,,,,,,,,,,,,
2020-03-25,0.006018797919889026,1.1828,1.18423,83.0,-0.009138688730936262,1.17204,1.17152,1.17138,1.17045,144.0,-0.013036929202985548,1.16748,1.16704,1.167,1.16546,156.0,-0.015129087803997236,1.16504,1.16459,1.16684,1.16988
2020-03-26,0.006067617668401822,1.19879,1.21588,174.0,0.009613383239303414,1.21037,1.21088,1.21355,,178.0,0.012410264767826317,1.21376,1.21355,,,,,,,,
2020-03-27,0.005909887801711876,1.22594,1.24142,167.0,0.008997364753067632,1.23702,1.23687,1.236,,,,,,,,,,,,,
2020-03-30,0.00681776464363971,1.24253,1.23858,,,,,,,,,,,,,,,,,,
2020-03-31,0.0066186882995917075,1.23499,1.24509,,,,,,,,,,,,,,,,,,
2020-04-01,0.006466858142969351,1.23739,1.2397,,,,,,,,,,,,,,,,,,
2020-04-02,0.006323957431180308,1.24262,1.23767,,,,,,,,,,,,,,,,,,
2020-04-03,0.006169534512797894,1.22896,1.22226,,,,,,,,,,,,,,,,,,
2020-04-06,0.006013974566945406,1.2319,1.22948,,,,,,,,,,,,,,,,,,
2020-04-07,0.005802743423481079,1.23533,1.23426,,,,,,,,,,,,,,,,,,
2020-04-08,0.005665724379829437,1.23543,1.23875,,,,,,,,,,,,,,,,,,
2020-04-09,0.00554213910486857,1.24158,1.24505,,,,,,,,,,,,,,,,,,
2020-04-10,0.005443173924966191,1.24817,1.24814,,,,,,,,,,,,,,,,,,
2020-04-13,0.005341326463432837,1.24936,1.25159,,,,,,,,,,,,,,,,,,
2020-04-14,0.005082419047528104,1.25628,1.26127,,,,,,,,,,,,,,,,,,
2020-04-15,0.0050215998509810554,1.24868,1.25229,,,,,,,,,,,,,,,,,,
2020-04-16,0.004911631444575101,1.24872,1.24319,,,,,,,,,,,,,,,,,,
2020-04-17,0.004896664118325283,1.24763,1.24985,,,,,,,,,,,,,,,,,,
2020-04-20,0.0047815133769640375,1.24382,1.24631,,,,,,,,,,,,,,,,,,
2020-04-21,0.004553087591683435,1.22994,1.2263,,,,,,,,,,,,,,,,,,
2020-04-22,0.004486300973515267,1.23716,1.23269,,,,,,,,,,,,,,,,,,
2020-04-23,0.004466722064723788,1.23418,1.2364,,,,,,,,,,,,,,,,,,
2020-04-24,0.004371719393140029,1.23485,1.23308,,,,,,,,,,,,,,,,,,
2020-04-27,0.004269008807793178,1.24355,1.24169,,,,,,,,,,,,,,,,,,
2020-04-28,0.004070242113703011,1.24973,1.2434,,,,,,,,,,,,,,,,,,
2020-04-29,0.003982617512244442,1.23922,1.2428,,,,,,,,,,,,,,,,,,
2020-04-30,0.003918999040736708,1.25142,1.25949,176.0,0.006570875343978638,1.25967,1.26133,,,177.0,0.007887813257437476,1.26133,1.26089,,,,,,,,
2020-05-01,0.003835257702340349,1.25344,1.25025,,,,,,,,,,,,,,,,,,
2020-05-04,0.003857490678959311,1.24358,1.24279,,,,,,,,,,,,,,,,,,
2020-05-05,0.0037311602542190155,1.24499,1.24483,,,,,,,,,,,,,,,,,,
2020-05-06,0.003641932182244278,1.23887,1.2349,,,,,,,,,,,,,,,,,,
2020-05-07,0.0035578733104437324,1.23444,1.23431,123.0,-0.005393475937542938,1.2278,1.22828,1.22806,1.22743,,,,,,,,,,,,
2020-05-08,0.0035955199688321696,1.23818,1.24322,163.0,0.00571784473580456,1.24528,1.24489,1.24498,1.24549,,,,,,,,,,,,
2020-05-11,0.0035684540520470338,1.23007,1.23238,,,,,,,,,,,,,,,,,,
2020-05-12,0.003408976551905751,1.23736,1.22994,149.0,-0.005128860411840645,1.23103,1.23064,1.23094,1.23154,,,,,,,,,,,,
2020-05-13,0.0034589844793223882,1.23236,1.22255,123.0,-0.005467873671823714,1.22564,1.22547,1.22474,1.22297,134.0,-0.007313510409403692,1.22338,1.22399,1.22278,1.22447,,,,,,
2020-05-14,0.0034028268660315293,1.21927,1.22016,,,,,,,,,,,,,,,,,,
2020-05-15,0.003353548731889974,1.21538,1.21294,,,,,,,,,,,,,,,,,,
2020-05-18,0.0032739337669799007,1.21505,1.22134,,,,,,,,,,,,,,,,,,
2020-05-19,0.0032500537546577227,1.22357,1.22498,,,,,,,,,,,,,,,,,,
2020-05-20,0.0032584424190236433,1.22589,1.22551,,,,,,,,,,,,,,,,,,
2020-05-21,0.003228758940226421,1.22277,1.22246,,,,,,,,,,,,,,,,,,
2020-05-22,0.003192349983781059,1.21781,1.21749,,,,,,,,,,,,,,,,,,
2020-05-25,0.003119736352667098,1.21904,1.21982,,,,,,,,,,,,,,,,,,
2020-05-26,0.0030007759238238206,1.23352,1.23362,,,,,,,,,,,,,,,,,,
2020-05-27,0.0029450744603191094,1.2311,1.22296,97.0,-0.004510196275561482,1.22556,1.22565,1.22603,1.22491,155.0,-0.006037194632903764,1.22369,1.22375,1.22335,1.22329,176.0,-0.007435584668074395,1.22198,1.22178,,
2020-05-28,0.003036288413341058,1.22556,1.23246,166.0,0.004729488288119541,1.23137,1.23135,1.23205,,,,,,,,,,,,,
2020-05-29,0.00300343549621622,1.23589,1.23194,,,,,,,,,,,,,,,,,,
2020-06-01,0.002978578165608625,1.23897,1.24677,132.0,0.004654317261351538,1.24475,1.24428,1.24498,1.24674,144.0,0.006275817745066372,1.24677,1.2465,1.24667,1.24701,180.0,0.007598362513604799,1.24842,,,
2020-06-02,0.0028926315546649807,1.25475,1.25283,,,,,,,,,,,,,,,,,,
2020-06-03,0.0029075381872529864,1.25625,1.25962,,,,,,,,,,,,,,,,,,
2020-06-04,0.0029357499801986623,1.25646,1.26066,,,,,,,,,,,,,,,,,,
2020-06-05,0.0028833803449431383,1.26615,1.27046,167.0,0.0043737879288625,1.2717,1.27159,1.27247,,,,,,,,,,,,,
2020-06-08,0.0028511936277543296,1.26546,1.26928,,,,,,,,,,,,,,,,,,
2020-06-09,0.0028015826941447247,1.26676,1.2734,139.0,0.004363826606308894,1.2723,1.27189,1.27207,1.27159,,,,,,,,,,,,
2020-06-10,0.002743965641650103,1.27935,1.27542,,,,,,,,,,,,,,,,,,
2020-06-11,0.002687327328395212,1.26529,1.26352,,,,,,,,,,,,,,,,,,
2020-06-12,0.0026242101922005516,1.2622,1.25229,151.0,-0.00434312076813877,1.25673,1.25665,1.25596,1.25605,157.0,-0.005346225700590708,1.25547,1.2556,1.25495,1.25505,178.0,-0.006637412336864419,1.25385,1.25411,,
2020-06-15,0.0029130560783024355,1.25473,1.25423,,,,,,,,,,,,,,,,,,
2020-06-16,0.002794235681793294,1.26439,1.25845,165.0,-0.004780506577148229,1.25836,1.25864,1.25902,1.25636,172.0,-0.005591414122478405,1.25734,1.2567,1.25679,,,,,,,
2020-06-17,0.0030209357940065677,1.25617,1.25239,,,,,,,,,,,,,,,,,,
2020-06-18,0.003115852154073801,1.24698,1.24276,152.0,-0.0048151799046231,1.24099,1.24023,1.24175,1.24087,,,,,,,,,,,,
2020-06-19,0.0030456264606338154,1.23767,1.23606,,,,,,,,,,,,,,,,,,
2020-06-22,0.0030911153900003386,1.24018,1.24449,,,,,,,,,,,,,,,,,,
2020-06-23,0.0030260842814176397,1.24697,1.25304,177.0,0.004680401697141962,1.25282,1.2524,,,,,,,,,,,,,,
2020-06-24,0.0031177948967341337,1.24895,1.24314,,,,,,,,,,,,,,,,,,
2020-06-25,0.003058762562951681,1.24204,1.24085,,,,,,,,,,,,,,,,,,
2020-06-26,0.0031167468910666906,1.23881,1.23334,154.0,-0.004911907268031376,1.23274,1.23312,1.23281,1.23276,,,,,,,,,,,,
2020-06-29,0.0030467626810881873,1.23187,1.22755,,,,,,,,,,,,,,,,,,
2020-06-30,0.002999251638014391,1.2275,1.23693,130.0,0.004624727325686414,1.23319,1.23368,1.23379,1.23332,163.0,0.006730861001204006,1.23579,1.23534,1.23559,1.23598,,,,,,
2020-07-01,0.0029829517819629854,1.23864,1.24698,139.0,0.004494824029222704,1.24422,1.24436,1.24436,1.24508,,,,,,,,,,,,
2020-07-02,0.002994270799053559,1.25173,1.24639,,,,,,,,,,,,,,,,,,
2020-07-03,0.0030486659699151446,1.24506,1.24664,,,,,,,,,,,,,,,,,,
2020-07-06,0.0029851622728576175,1.25056,1.24818,,,,,,,,,,,,,,,,,,
2020-07-07,0.0028548484916925566,1.2523,1.25717,145.0,0.004358451086265364,1.25777,1.25765,1.25759,1.25631,,,,,,,,,,,,
2020-07-08,0.0027916594363554055,1.25644,1.25886,,,,,,,,,,,,,,,,,,
2020-07-09,0.0027853665440955,1.26515,1.26157,,,,,,,,,,,,,,,,,,
2020-07-10,0.0027543963471609524,1.25973,1.26495,91.0,0.004135183419986313,1.26495,1.26484,1.26513,1.26524,,,,,,,,,,,,
2020-07-13,0.0027001013640960956,1.26022,1.26131,,,,,,,,,,,,,,,,,,
2020-07-14,0.0026061365030898413,1.25332,1.25452,91.0,-0.0039733510324400255,1.24835,1.24902,1.24845,1.2514,,,,,,,,,,,,
2020-07-15,0.0026925246076715315,1.26344,1.25842,,,,,,,,,,,,,,,,,,
2020-07-16,0.0026439351553652875,1.25516,1.2617,180.0,0.004007384028394528,1.2602,,,,,,,,,,,,,,,
2020-07-17,0.0025911582390408788,1.25422,1.2549,,,,,,,,,,,,,,,,,,
2020-07-20,0.0025354741206159424,1.26357,1.26581,,,,,,,,,,,,,,,,,,
2020-07-21,0.002450208126380564,1.26933,1.2735,175.0,0.0038136322468668308,1.27418,1.27433,1.27512,,,,,,,,,,,,,
2020-07-22,0.0027246438241562607,1.26971,1.27291,,,,,,,,,,,,,,,,,,
2020-07-23,0.002696072502555946,1.26878,1.27577,170.0,0.004286265759065903,1.27423,1.27393,1.2748,,,,,,,,,,,,,
2020-07-24,0.00263691569760497,1.27522,1.27898,,,,,,,,,,,,,,,,,,
2020-07-27,0.002590397161359649,1.2873,1.28823,,,,,,,,,,,,,,,,,,
2020-07-28,0.0025351119883479855,1.28651,1.29484,107.0,0.0038866935659514525,1.29152,1.29208,1.29226,1.29242,137.0,0.005263965702015263,1.2933,1.29295,1.29266,1.2915,,,,,,
2020-07-29,0.0024942320130474332,1.29617,1.2972,,,,,,,,,,,,,,,,,,
2020-07-30,0.0024669855407567468,1.30182,1.30354,167.0,0.0037492424684804054,1.30671,1.30696,1.30561,,,,,,,,,,,,,
2020-07-31,0.002462247817893791,1.31439,1.31241,,,,,,,,,,,,,,,,,,
2020-08-03,0.0026746613808864847,1.30269,1.30553,,,,,,,,,,,,,,,,,,
2020-08-04,0.0025818483227722,1.30216,1.30566,,,,,,,,,,,,,,,,,,
2020-08-05,0.002524970477880221,1.31391,1.31395,,,,,,,,,,,,,,,,,,
2020-08-06,0.002469223915019556,1.31604,1.31475,,,,,,,,,,,,,,,,,,
2020-08-07,0.0024318601242506307,1.3075,1.30419,125.0,-0.003992663717162648,1.30229,1.30186,1.30237,1.30138,141.0,-0.005006776877682031,1.30097,1.30133,1.30137,1.30261,,,,,,
2020-08-10,0.002379344235058615,1.30357,1.30814,93.0,0.003614286476410247,1.30829,1.30851,1.3086,1.30904,133.0,0.00484414389923593,1.3099,1.31022,1.30943,1.30941,,,,,,
2020-08-11,0.0023379336075031584,1.31164,1.30745,,,,,,,,,,,,,,,,,,
2020-08-12,0.002290416248410909,1.30208,1.30434,,,,,,,,,,,,,,,,,,
2020-08-13,0.0022861403483218916,1.30935,1.30812,,,,,,,,,,,,,,,,,,
2020-08-14,0.002254800950763466,1.31059,1.3105,,,,,,,,,,,,,,,,,,
2020-08-17,0.0022076243429954407,1.30808,1.3105,,,,,,,,,,,,,,,,,,
2020-08-18,0.002134476922362248,1.31769,1.32256,98.0,0.0034848784122179957,1.32229,1.32241,1.323,1.32389,106.0,0.004331535302193451,1.32341,1.3236,1.32387,1.32347,,,,,,
2020-08-19,0.0020989983812827353,1.32056,1.31884,,,,,,,,,,,,,,,,,,
2020-08-20,0.002243063038670523,1.31415,1.31954,61.0,-0.003407236234396344,1.30968,1.31021,1.30935,1.30845,75.0,-0.004660235191173523,1.30804,1.30845,1.30906,1.30855,,,,,,
2020-08-21,0.002482418280972412,1.31092,1.30942,,,,,,,,,,,,,,,,,,
2020-08-24,0.0026526986886889667,1.31415,1.30726,119.0,-0.004278056923292668,1.30854,1.30813,1.30826,1.30852,155.0,-0.005539799901616874,1.30689,1.30705,1.30803,1.30775,,,,,,
2020-08-25,0.002759495880096008,1.31343,1.31351,,,,,,,,,,,,,,,,,,
2020-08-26,0.0026998904017450885,1.31447,1.31863,143.0,0.004152738458289648,1.31994,1.32005,1.32027,1.32085,,,,,,,,,,,,
2020-08-27,0.002654549939522643,1.31979,1.32251,76.0,0.00411339624684182,1.32523,1.32659,1.3277,1.32526,78.0,0.005553617882699293,1.32714,1.32741,1.32662,1.3237,,,,,,
2020-08-28,0.002638764143488895,1.33108,1.3338,,,,,,,,,,,,,,,,,,
2020-08-31,0.0025940384929797476,1.33263,1.33747,175.0,0.003961735911353393,1.33792,1.3385,1.3381,,,,,,,,,,,,,
2020-09-01,0.0026374034196768106,1.34689,1.34123,124.0,-0.004099296362300126,1.34138,1.34188,1.34193,1.34221,,,,,,,,,,,,
2020-09-02,0.0026168909160396224,1.33455,1.3312,164.0,-0.0039341457572903546,1.32931,1.32926,1.32973,1.33021,,,,,,,,,,,,
2020-09-03,0.002568922729848389,1.32521,1.32623,,,,,,,,,,,,,,,,,,
2020-09-04,0.0025411902916538725,1.32588,1.32296,85.0,-0.003937206348093581,1.32067,1.32024,1.32086,1.3209,153.0,-0.0051191231605556015,1.31911,1.31895,1.3183,1.31909,,,,,,
2020-09-07,0.002521869093778229,1.31614,1.31613,,,,,,,,,,,,,,,,,,
2020-09-08,0.0024291027267636487,1.30367,1.30368,,,,,,,,,,,,,,,,,,
2020-09-09,0.002482947217676238,1.2888,1.30092,35.0,0.0038566132878647317,1.29378,1.29357,1.29381,1.29683,49.0,0.00675861121846784,1.29754,1.29683,1.29617,1.29449,49.0,0.00675861121846784,1.29754,1.29683,1.29617,1.29449
2020-09-10,0.002868384096628613,1.29627,1.2847,162.0,-0.004716916928333445,1.29017,1.29061,1.28938,1.28689,169.0,-0.005841431857467902,1.28872,1.28885,1.28848,,177.0,-0.007262454689297348,1.28689,1.2861,,
2020-09-11,0.002821775102124597,1.28294,1.27829,,,,,,,,,,,,,,,,,,
2020-09-14,0.0031054897900462536,1.28715,1.28765,,,,,,,,,,,,,,,,,,
2020-09-15,0.0029774576996203345,1.29079,1.2865,180.0,-0.004705854494047504,1.28473,,,,,,,,,,,,,,,
2020-09-16,0.002915173345697103,1.29781,1.29784,,,,,,,,,,,,,,,,,,
2020-09-17,0.0028897629205015102,1.2895,1.29551,150.0,0.00559887629371669,1.29674,1.29565,1.29438,1.29421,,,,,,,,,,,,
2020-09-18,0.0028314382298467566,1.29716,1.29479,,,,,,,,,,,,,,,,,,
2020-09-21,0.0027709869254371926,1.28663,1.27962,140.0,-0.004283896011483035,1.28113,1.28015,1.27999,1.28013,159.0,-0.005549204853128932,1.27951,1.27951,1.27996,1.2802,,,,,,
2020-09-22,0.0026755242336717762,1.27998,1.27253,160.0,-0.004157131229066751,1.27467,1.27468,1.27355,1.27342,166.0,-0.005491699890509381,1.27297,1.27351,1.27288,,,,,,,
2020-09-23,0.002842612288327621,1.27226,1.27508,,,,,,,,,,,,,,,,,,
2020-09-24,0.002880664906592548,1.27383,1.27385,,,,,,,,,,,,,,,,,,
2020-09-25,0.00281514103498761,1.27374,1.27072,,,,,,,,,,,,,,,,,,
2020-09-28,0.0027678108134477518,1.29059,1.28581,169.0,-0.004154006819701967,1.28524,1.28495,1.28422,,,,,,,,,,,,,
2020-09-29,0.002657592516437939,1.28616,1.28437,,,,,,,,,,,,,,,,,,
2020-09-30,0.0026701890996966844,1.28249,1.29144,127.0,0.004341473270025776,1.28807,1.28787,1.28855,1.29081,136.0,0.005443290603982509,1.28949,1.29037,1.29071,1.29127,150.0,0.007271798787750454,1.29185,1.29127,1.29095,1.29197
2020-10-01,0.002615141667276238,1.29615,1.28938,66.0,-0.003996712095645581,1.29098,1.29003,1.29116,1.29041,102.0,-0.005694538278659494,1.28879,1.28957,1.28838,1.2876,112.0,-0.007162106455898752,1.2869,1.28704,1.2876,1.28647
2020-10-02,0.002647052803870205,1.29363,1.29259,,,,,,,,,,,,,,,,,,
2020-10-05,0.002658010523861464,1.29489,1.29721,,,,,,,,,,,,,,,,,,
2020-10-06,0.0026005134813055115,1.2954,1.29419,,,,,,,,,,,,,,,,,,
2020-10-07,0.0025627142833416455,1.28733,1.2912,,,,,,,,,,,,,,,,,,
2020-10-08,0.0026332049830866695,1.29039,1.29408,,,,,,,,,,,,,,,,,,
2020-10-09,0.0026033090320766845,1.29399,1.29973,152.0,0.003995130952089795,1.29917,1.29912,1.29835,1.29921,,,,,,,,,,,,
2020-10-12,0.0025546339562572858,1.3024,1.30582,,,,,,,,,,,,,,,,,,
2020-10-13,0.0025382663969403057,1.30297,1.29678,87.0,-0.004230059683085536,1.29747,1.29767,1.29747,1.29697,135.0,-0.005340528276088627,1.29603,1.29625,1.29734,1.29889,,,,,,
2020-10-14,0.002485856014354409,1.298,1.30238,38.0,0.003921422886824886,1.3031,1.30238,1.30349,1.30305,124.0,0.005140846381068455,1.30469,1.30466,1.3046,1.3046,162.0,0.0062898843797784135,1.30619,1.30614,1.30496,1.30375
2020-10-15,0.002583000900567752,1.29261,1.29137,,,,,,,,,,,,,,,,,,
2020-10-16,0.0025949329604728014,1.29131,1.29286,,,,,,,,,,,,,,,,,,
2020-10-19,0.00271082482219576,1.30134,1.29959,,,,,,,,,,,,,,,,,,
2020-10-20,0.0026035135165802747,1.29351,1.29491,,,,,,,,,,,,,,,,,,
2020-10-21,0.002547287862342145,1.30584,1.31465,116.0,0.004889088758450894,1.31224,1.31126,1.31139,1.31262,123.0,0.0053538347374302575,1.31285,1.31372,1.31267,1.31351,147.0,0.006472909752301848,1.31432,1.31425,1.31396,1.31628
2020-10-22,0.0025001617802393834,1.30949,1.30851,,,,,,,,,,,,,,,,,,
2020-10-23,0.0027624796016599844,1.30659,1.30347,,,,,,,,,,,,,,,,,,
2020-10-26,0.0027369934402082224,1.30238,1.30225,,,,,,,,,,,,,,,,,,
2020-10-27,0.002629395339307575,1.30323,1.30741,,,,,,,,,,,,,,,,,,
2020-10-28,0.0025720805362740608,1.29377,1.2982,60.0,0.004680743120575986,1.29984,1.2979,1.29823,1.29779,148.0,0.005534329967185375,1.30095,1.30125,1.29964,1.30046,,,,,,
2020-10-29,0.0025164489899752373,1.29326,1.29144,165.0,-0.0038969791598268693,1.28823,1.28888,1.28852,1.28897,,,,,,,,,,,,
2020-10-30,0.002474617177279527,1.29702,1.29528,,,,,,,,,,,,,,,,,,
2020-11-02,0.0024826872245605003,1.2933,1.29022,,,,,,,,,,,,,,,,,,
2020-11-03,0.002404025436042394,1.30048,1.3044,82.0,0.00372245528292871,1.30533,1.30524,1.30471,1.30473,116.0,0.004932145198613564,1.30691,1.30701,1.30704,1.30645,,,,,,
2020-11-04,0.002354209581127041,1.2982,1.29943,,,,,,,,,,,,,,,,,,
2020-11-05,0.0023830604002572716,1.30917,1.31034,,,,,,,,,,,,,,,,,,
2020-11-06,0.002343620225229565,1.31489,1.3154,42.0,-0.0038327506677187624,1.30986,1.30961,1.31052,1.31122,,,,,,,,,,,,
2020-11-09,0.0026592630815887234,1.31871,1.31407,97.0,-0.004004336410849249,1.31344,1.3138,1.31366,1.31351,,,,,,,,,,,,
2020-11-10,0.002562075856496736,1.32401,1.32399,,,,,,,,,,,,,,,,,,
2020-11-11,0.0025053791694980903,1.32466,1.3202,106.0,-0.0037589622040119174,1.31969,1.31961,1.31964,1.3196,,,,,,,,,,,,
2020-11-12,0.0025275479067786997,1.31814,1.31148,114.0,-0.003907056666346965,1.313,1.31247,1.31284,1.31389,,,,,,,,,,,,
2020-11-13,0.002513303997018469,1.31651,1.31881,,,,,,,,,,,,,,,,,,
2020-11-16,0.0025435864770426675,1.31793,1.31981,,,,,,,,,,,,,,,,,,
2020-11-17,0.0025163944948497817,1.32629,1.32394,,,,,,,,,,,,,,,,,,
2020-11-18,0.002461307871541234,1.32763,1.32887,,,,,,,,,,,,,,,,,,
2020-11-19,0.0024283143744596547,1.32262,1.3234,,,,,,,,,,,,,,,,,,
2020-11-20,0.0023846323828449513,1.32707,1.32784,,,,,,,,,,,,,,,,,,
2020-11-23,0.002357041137482516,1.33909,1.33154,65.0,-0.003598458268290878,1.33428,1.3343,1.33452,1.33372,88.0,-0.004948411224954186,1.33248,1.33201,1.33331,1.33276,115.0,-0.005901975713489156,1.33121,1.33003,1.32983,1.3265
2020-11-24,0.0022763684207806395,1.33113,1.33428,112.0,0.003487185328472236,1.33578,1.33585,1.33528,1.33576,,,,,,,,,,,,
2020-11-25,0.00223406930374196,1.33412,1.33834,104.0,0.0035316689407412696,1.33884,1.33889,1.33812,1.33781,,,,,,,,,,,,
2020-11-26,0.0021933812045153234,1.33348,1.33519,,,,,,,,,,,,,,,,,,
2020-11-27,0.0021636869237990847,1.33517,1.33111,166.0,-0.003691730074686784,1.33025,1.33007,1.32965,,,,,,,,,,,,,
2020-12-01,0.0021237251760151633,1.33477,1.34182,127.0,0.005752208417169793,1.34247,1.34255,1.34237,1.34339,127.0,0.005752208417169793,1.34247,1.34255,1.34237,1.34339,127.0,0.005752208417169793,1.34247,1.34255,1.34237,1.34339
2020-12-02,0.002072324213909062,1.33046,1.33497,157.0,0.003668682677787255,1.33535,1.33517,1.33491,1.33474,,,,,,,,,,,,
2020-12-03,0.002076916008517808,1.34655,1.34852,,,,,,,,,,,,,,,,,,
2020-12-04,0.0020479955763078182,1.3492,1.34725,22.0,0.0033297600042454085,1.3537,1.35326,1.35266,1.35231,,,,,,,,,,,,
2020-12-07,0.002059806768059696,1.33212,1.3365,161.0,0.0030955252066989752,1.33625,1.33596,1.33526,1.33492,,,,,,,,,,,,
2020-12-08,0.0019819195033826224,1.33528,1.33642,77.0,-0.0032179814512833423,1.33099,1.33059,1.33034,1.33162,80.0,-0.004135012739709414,1.32977,1.3305,1.33,1.33168,,,,,,
2020-12-09,0.002021755682372002,1.34545,1.337,63.0,-0.003104147680203528,1.34128,1.34188,1.34159,1.34199,105.0,-0.0045291754333384344,1.33937,1.33964,1.33924,1.33918,124.0,-0.005276073972022484,1.33837,1.33817,1.33741,1.33783
2020-12-10,0.0019965605278004775,1.32819,1.32793,,,,,,,,,,,,,,,,,,
2020-12-11,0.001957245893134673,1.31761,1.3227,23.0,0.0030387674327213184,1.32162,1.3213,1.32109,1.32203,79.0,0.00393877240946553,1.32281,1.32271,1.32166,1.32301,91.0,0.005147587842131767,1.32441,1.32386,1.32245,1.32421
2020-12-14,0.001974242180711133,1.34009,1.33365,68.0,-0.0031016119601911425,1.33594,1.33512,1.3354,1.33422,71.0,-0.004007751680031492,1.33473,1.33479,1.33495,1.33339,86.0,-0.00501220433783047,1.33339,1.33399,1.33419,1.3329
2020-12-15,0.0021586966658433578,1.33894,1.34346,127.0,0.0035636309175364504,1.34372,1.34315,1.34388,1.34444,,,,,,,,,,,,
2020-12-16,0.0021145532062471174,1.35222,1.34727,,,,,,,,,,,,,,,,,,
2020-12-17,0.0023478130994703914,1.35915,1.36147,,,,,,,,,,,,,,,,,,
2020-12-18,0.0023679398188495167,1.35108,1.35051,,,,,,,,,,,,,,,,,,
2020-12-21,0.002319249407808243,1.33182,1.33616,,,,,,,,,,,,,,,,,,
2020-12-22,0.002518819588475918,1.34065,1.33568,56.0,-0.003946163968707725,1.33537,1.33475,1.33468,1.33519,73.0,-0.005122559762951597,1.3338,1.33406,1.33608,1.3366,118.0,-0.007021197142095236,1.33127,1.33207,1.33169,1.33401
2020-12-23,0.0024730588227186564,1.3465,1.34807,25.0,0.003787841199761852,1.35161,1.35198,1.35328,1.35253,30.0,0.005022642032470211,1.35328,1.35337,1.3528,1.35291,60.0,0.006285440961114024,1.35499,1.35549,1.35438,1.35294
2020-12-24,0.0024202679250713097,1.35856,1.35373,100.0,-0.0037905929649530404,1.35342,1.35275,1.35311,1.35345,,,,,,,,,,,,
2020-12-28,0.002635674312144225,1.35118,1.34549,101.0,-0.0041531378760608795,1.34558,1.34586,1.34508,1.3435,115.0,-0.005499188240117493,1.34377,1.3435,1.34446,1.34583,,,,,,
2020-12-29,0.002484094699475391,1.35033,1.34876,,,,,,,,,,,,,,,,,,
2020-12-30,0.002493260424852897,1.36046,1.36043,,,,,,,,,,,,,,,,,,
2020-12-31,0.0024720265585290446,1.36509,1.36536,,,,,,,,,,,,,,,,,,
2021-01-04,0.002481962553115696,1.36284,1.35643,69.0,-0.0038670547598418275,1.35758,1.35796,1.35917,1.35816,165.0,-0.004965198712301041,1.35609,1.3562,1.35643,1.35482,,,,,,
2021-01-05,0.002428231891147564,1.35645,1.36309,141.0,0.0038335507985773004,1.36166,1.36176,1.36109,1.36193,,,,,,,,,,,,
2021-01-06,0.0025183346980834297,1.3561,1.36048,,,,,,,,,,,,,,,,,,
2021-01-07,0.00243700409928253,1.35891,1.35507,,,,,,,,,,,,,,,,,,
2021-01-08,0.002352833869765176,1.3617,1.35764,77.0,-0.003796578814249578,1.35654,1.35698,1.35547,1.35584,83.0,-0.004880805634481654,1.35507,1.35502,1.35534,1.35628,,,,,,
2021-01-11,0.002301519066030111,1.3466,1.35243,170.0,0.0034767946242671064,1.35129,1.35125,1.35132,,,,,,,,,,,,,
2021-01-12,0.002240944271290403,1.35881,1.36228,178.0,0.0034456065914992757,1.3635,1.36352,,,,,,,,,,,,,,
2021-01-13,0.0021808079690719797,1.3677,1.36424,124.0,-0.003383651856174743,1.36308,1.36294,1.36271,1.36214,,,,,,,,,,,,
2021-01-14,0.0026147309555540166,1.36256,1.36904,119.0,0.00398453591743595,1.368,1.36778,1.36773,1.36848,,,,,,,,,,,,
2021-01-15,0.002546265760920016,1.36035,1.36012,,,,,,,,,,,,,,,,,,
2021-01-18,0.002484010996535599,1.35525,1.35798,,,,,,,,,,,,,,,,,,
2021-01-19,0.002507657669273665,1.36176,1.36252,,,,,,,,,,,,,,,,,,
2021-01-20,0.0024521131921573184,1.36775,1.36417,125.0,-0.0038384669839284175,1.36251,1.36254,1.36301,1.36365,,,,,,,,,,,,
2021-01-21,0.002406623640316208,1.3709,1.37119,,,,,,,,,,,,,,,,,,
2021-01-22,0.002344409699035233,1.36438,1.36765,,,,,,,,,,,,,,,,,,
2021-01-25,0.0022814824303345155,1.36841,1.36707,,,,,,,,,,,,,,,,,,
2021-01-26,0.0021674544258694782,1.37103,1.37293,,,,,,,,,,,,,,,,,,
2021-01-27,0.002163239412832137,1.3695,1.37131,,,,,,,,,,,,,,,,,,
2021-01-28,0.0022438945238666148,1.36871,1.37254,,,,,,,,,,,,,,,,,,
2021-01-29,0.0022478822409777487,1.37452,1.37026,,,,,,,,,,,,,,,,,,
2021-02-01,0.0022054639363841603,1.36793,1.36729,,,,,,,,,,,,,,,,,,
2021-02-02,0.0020873538101996354,1.36608,1.36491,47.0,-0.003240780916421121,1.36166,1.36205,1.36144,1.36241,,,,,,,,,,,,
2021-02-03,0.002077194504589238,1.36517,1.36564,,,,,,,,,,,,,,,,,,
2021-02-04,0.0020209463015799243,1.36849,1.36575,,,,,,,,,,,,,,,,,,
2021-02-05,0.0020341687606621156,1.37038,1.3731,,,,,,,,,,,,,,,,,,
2021-02-08,0.002075270867754911,1.36957,1.37399,78.0,0.0031274743636552204,1.37386,1.3739,1.37443,1.37462,,,,,,,,,,,,
2021-02-09,0.002020560260231867,1.37795,1.3797,,,,,,,,,,,,,,,,,,
2021-02-10,0.002026137155817173,1.38481,1.38506,,,,,,,,,,,,,,,,,,
2021-02-11,0.002014630939290284,1.38345,1.3809,,,,,,,,,,,,,,,,,,
2021-02-12,0.001972545337610527,1.37984,1.38565,99.0,0.003024757539785841,1.38402,1.38407,1.38368,1.38479,169.0,0.00399248324342721,1.38536,1.38519,1.38539,,,,,,,
2021-02-15,0.001992207394872213,1.38993,1.39054,,,,,,,,,,,,,,,,,,
2021-02-16,0.0020075605054867512,1.388,1.39119,117.0,0.0030285505180430434,1.39221,1.393,1.39279,1.39159,,,,,,,,,,,,
2021-02-17,0.0019971123060042186,1.38473,1.3855,,,,,,,,,,,,,,,,,,
2021-02-18,0.001991942742645474,1.39752,1.39654,80.0,-0.003182114059029425,1.39308,1.39316,1.3929,1.39374,,,,,,,,,,,,
2021-02-19,0.001977286390404951,1.4028,1.40212,,,,,,,,,,,,,,,,,,
2021-02-22,0.0022284442309272326,1.40463,1.4082,,,,,,,,,,,,,,,,,,
2021-02-23,0.002126439835767223,1.40762,1.40925,,,,,,,,,,,,,,,,,,
2021-02-24,0.002140502887249859,1.40959,1.41017,,,,,,,,,,,,,,,,,,
2021-02-25,0.002205154210751329,1.4139,1.40642,,,,,,,,,,,,,,,,,,
2021-02-26,0.002130510834281396,1.39617,1.39377,69.0,-0.0033360985710040474,1.39152,1.39209,1.39278,1.39494,,,,,,,,,,,,
2021-03-01,0.0028317569013717753,1.3943,1.39176,,,,,,,,,,,,,,,,,,
2021-03-02,0.002664986840075886,1.39121,1.39686,,,,,,,,,,,,,,,,,,
2021-03-03,0.0027298212015394153,1.39679,1.39687,,,,,,,,,,,,,,,,,,
2021-03-04,0.0027540644344584498,1.39604,1.3922,,,,,,,,,,,,,,,,,,
2021-03-05,0.002647929423363,1.38283,1.38272,,,,,,,,,,,,,,,,,,
2021-03-08,0.0026288750358057504,1.38493,1.38366,,,,,,,,,,,,,,,,,,
2021-03-09,0.0024799228544691485,1.38906,1.38901,,,,,,,,,,,,,,,,,,
2021-03-10,0.002396559063038352,1.39046,1.3907,,,,,,,,,,,,,,,,,,
2021-03-11,0.002323063340747298,1.39639,1.39693,,,,,,,,,,,,,,,,,,
2021-03-12,0.0023510008500332866,1.3886,1.39217,,,,,,,,,,,,,,,,,,
2021-03-15,0.002305509702140394,1.39227,1.38827,148.0,-0.003496808950819107,1.38741,1.38746,1.38669,1.38678,155.0,-0.004672350610573998,1.38578,1.38571,1.38622,1.3863,,,,,,
2021-03-16,0.0022374749769924927,1.38772,1.38918,,,,,,,,,,,,,,,,,,
2021-03-17,0.0022276541820834403,1.39068,1.38723,,,,,,,,,,,,,,,,,,
2021-03-18,0.002162191953641557,1.39424,1.39312,60.0,-0.0032471759447905905,1.38972,1.39006,1.39097,1.39085,,,,,,,,,,,,
2021-03-19,0.002154506825327114,1.38765,1.38717,65.0,-0.003334924481976923,1.38303,1.38342,1.38355,1.38351,,,,,,,,,,,,
2021-03-22,0.0021008603182895214,1.3845,1.38571,,,,,,,,,,,,,,,,,,
2021-03-23,0.0020400313105477024,1.37948,1.37714,,,,,,,,,,,,,,,,,,
2021-03-24,0.0019791818150050582,1.37154,1.37167,,,,,,,,,,,,,,,,,,
2021-03-25,0.0022541077096384084,1.37142,1.3728,,,,,,,,,,,,,,,,,,
2021-03-26,0.0021928242554303174,1.37738,1.3788,,,,,,,,,,,,,,,,,,
2021-03-29,0.00221178789500563,1.38443,1.37955,136.0,-0.0033209521634905287,1.37984,1.3795,1.37951,1.37867,174.0,-0.004836768800613994,1.37775,1.37746,1.37716,,177.0,-0.00563549088780505,1.37665,1.3775,,
2021-03-30,0.002083114131609514,1.37302,1.37303,,,,,,,,,,,,,,,,,,
2021-03-31,0.002022847005198559,1.37702,1.37969,,,,,,,,,,,,,,,,,,
2021-04-01,0.0020130439618843555,1.37857,1.38265,,,,,,,,,,,,,,,,,,
2021-04-02,0.0020422561304971085,1.38289,1.38212,,,,,,,,,,,,,,,,,,
2021-04-05,0.002067202631866311,1.38657,1.39061,,,,,,,,,,,,,,,,,,
2021-04-06,0.0019521121029547458,1.38251,1.38482,,,,,,,,,,,,,,,,,,
2021-04-07,0.001980760613591779,1.3809,1.37566,53.0,-0.003038865702148196,1.37671,1.37671,1.37586,1.3758,74.0,-0.003983592019814873,1.37541,1.37543,1.37524,1.37571,99.0,-0.005016544755874098,1.37399,1.37335,1.37392,1.37356
2021-04-08,0.002045875098599012,1.3764,1.37375,,,,,,,,,,,,,,,,,,
2021-04-09,0.00208699506471503,1.37186,1.37308,,,,,,,,,,,,,,,,,,
2021-04-12,0.0020304129202116466,1.37646,1.37387,,,,,,,,,,,,,,,,,,
2021-04-13,0.0019397325132316087,1.37189,1.37439,,,,,,,,,,,,,,,,,,
2021-04-14,0.0019634187682071283,1.3751,1.37867,101.0,0.0031946589284415996,1.3795,1.37943,1.37855,1.37761,,,,,,,,,,,,
2021-04-15,0.0019205665263445251,1.37914,1.37781,,,,,,,,,,,,,,,,,,
2021-04-16,0.0018690491609364864,1.37996,1.38271,,,,,,,,,,,,,,,,,,
2021-04-19,0.0018240880739561066,1.39255,1.39767,101.0,0.002760897431341118,1.3964,1.39621,1.39614,1.3956,156.0,0.003720047726408513,1.39774,1.39774,1.3978,1.3981,,,,,,
2021-04-20,0.001846113592909656,1.39706,1.39526,,,,,,,,,,,,,,,,,,
2021-04-21,0.0024238476854751426,1.392,1.39353,,,,,,,,,,,,,,,,,,
2021-04-22,0.0024289797735025246,1.38908,1.38504,135.0,-0.004408297032647219,1.38297,1.38333,1.38287,1.38337,,,,,,,,,,,,
2021-04-23,0.0023477028216373525,1.38848,1.38463,,,,,,,,,,,,,,,,,,
2021-04-26,0.0024052223103773443,1.38916,1.38898,,,,,,,,,,,,,,,,,,
2021-04-27,0.0022620810073273614,1.39054,1.39086,,,,,,,,,,,,,,,,,,
2021-04-28,0.0021995484197448152,1.38797,1.39125,,,,,,,,,,,,,,,,,,
2021-04-29,0.0021273214390677714,1.39502,1.3951,,,,,,,,,,,,,,,,,,
2021-04-30,0.00218907480416107,1.39055,1.3835,125.0,-0.0034073301297983,1.38582,1.38512,1.38478,1.38547,174.0,-0.004418072967376841,1.38442,1.3855,1.38444,,,,,,,
2021-05-03,0.0021181882664134083,1.38679,1.39093,123.0,0.0033618316554136227,1.39146,1.39152,1.39182,1.39187,170.0,0.004353104228772537,1.39284,1.39308,1.39254,,,,,,,
2021-05-04,0.0023686687710304834,1.38601,1.38722,,,,,,,,,,,,,,,,,,
2021-05-05,0.002367929254816294,1.39092,1.39138,,,,,,,,,,,,,,,,,,
2021-05-06,0.0023000301122599607,1.39194,1.38787,129.0,-0.00348322074786427,1.3871,1.38765,1.38718,1.38711,,,,,,,,,,,,
2021-05-07,0.0022242106406040424,1.38991,1.39993,32.0,0.003504869462087027,1.39479,1.39523,1.3957,1.39481,34.0,0.004679982988589481,1.39643,1.39658,1.39551,1.39552,164.0,0.005581877027076202,1.39769,1.39791,1.39771,1.3979
2021-05-10,0.0021534830643306214,1.41082,1.41504,53.0,0.003304665270274874,1.41549,1.41538,1.41486,1.41329,,,,,,,,,,,,
2021-05-11,0.0021747163526916807,1.41481,1.41454,,,,,,,,,,,,,,,,,,
2021-05-12,0.002351834843025637,1.413,1.40774,,,,,,,,,,,,,,,,,,
2021-05-13,0.00227450567818834,1.40313,1.40284,,,,,,,,,,,,,,,,,,
2021-05-14,0.002243704894683161,1.40791,1.40934,,,,,,,,,,,,,,,,,,
2021-05-17,0.0021805632672960407,1.40893,1.41259,,,,,,,,,,,,,,,,,,
2021-05-18,0.002105187415698085,1.4205,1.41822,,,,,,,,,,,,,,,,,,
2021-05-19,0.002184026088587131,1.41553,1.41658,,,,,,,,,,,,,,,,,,
2021-05-20,0.002116321553496972,1.41269,1.41803,,,,,,,,,,,,,,,,,,
2021-05-21,0.0021705549629698504,1.41908,1.41551,,,,,,,,,,,,,,,,,,
2021-05-24,0.002220099610611268,1.41232,1.41489,,,,,,,,,,,,,,,,,,
2021-05-25,0.0021073718214556876,1.41635,1.41224,,,,,,,,,,,,,,,,,,
2021-05-26,0.0020597287595747102,1.41531,1.4128,,,,,,,,,,,,,,,,,,
2021-05-27,0.002002414503958746,1.41769,1.4173,,,,,,,,,,,,,,,,,,
2021-05-28,0.0019926371856066752,1.41602,1.41873,,,,,,,,,,,,,,,,,,
2021-06-01,0.0020730604918678176,1.41684,1.41661,,,,,,,,,,,,,,,,,,
2021-06-02,0.001938018324697935,1.414,1.41751,,,,,,,,,,,,,,,,,,
2021-06-03,0.0020266250053644647,1.41881,1.40971,63.0,-0.0030847990579045545,1.41444,1.41451,1.41435,1.41371,99.0,-0.004089234218356227,1.41302,1.4131,1.41236,1.41129,109.0,-0.00537808583185609,1.4112,1.41096,1.41129,1.41197
2021-06-04,0.001969040572697068,1.41324,1.41706,33.0,0.0029815968674094333,1.41746,1.41734,1.41648,1.41681,76.0,0.003940599578165125,1.41882,1.41899,1.41929,1.41963,,,,,,
2021-06-07,0.002007404716305277,1.41718,1.41777,,,,,,,,,,,,,,,,,,
2021-06-08,0.0019572415745496836,1.41472,1.4145,,,,,,,,,,,,,,,,,,
2021-06-09,0.0019157476903846591,1.41749,1.41232,58.0,-0.0030027612618439567,1.41324,1.4134,1.41396,1.41442,158.0,-0.003845152712187781,1.41205,1.41192,1.41167,1.41215,,,,,,
2021-06-10,0.0018635018327459322,1.40981,1.41665,41.0,0.0028756819454491545,1.41387,1.41429,1.41318,1.41472,60.0,0.003907775915194309,1.41533,1.4152,1.41493,1.41375,134.0,0.004670557845996799,1.41641,1.41674,1.41674,1.41663
2021-06-11,0.0018803376281248006,1.41516,1.41105,151.0,-0.002887230266554323,1.41108,1.4112,1.41161,1.41091,,,,,,,,,,,,
2021-06-14,0.001929702855535622,1.41025,1.41154,,,,,,,,,,,,,,,,,,
2021-06-15,0.0019366889882433428,1.40435,1.40724,105.0,0.003035939437455552,1.40862,1.40812,1.40792,1.40803,,,,,,,,,,,,
2021-06-16,0.0018828131404883897,1.41162,1.41109,,,,,,,,,,,,,,,,,,
2021-06-17,0.0018528284717036253,1.39481,1.39128,,,,,,,,,,,,,,,,,,
2021-06-18,0.0019587981065657275,1.38889,1.38134,61.0,-0.0029780275465849148,1.38476,1.3845,1.38578,1.38556,99.0,-0.004047376357319131,1.38328,1.38368,1.38404,1.38371,145.0,-0.0049441984850368105,1.38204,1.38191,1.38231,1.38273
2021-06-21,0.0020151067135113078,1.38728,1.39138,135.0,0.003022933393559564,1.39148,1.39159,1.39109,1.39119,,,,,,,,,,,,
2021-06-22,0.0022605924258168194,1.39,1.39213,,,,,,,,,,,,,,,,,,
2021-06-23,0.002398693980405831,1.3972,1.39743,,,,,,,,,,,,,,,,,,
2021-06-24,0.002318519309660874,1.39091,1.39057,,,,,,,,,,,,,,,,,,
2021-06-25,0.002261141577362575,1.38991,1.38957,,,,,,,,,,,,,,,,,,
2021-06-28,0.002203978283601999,1.38885,1.38938,,,,,,,,,,,,,,,,,,
2021-06-29,0.00212079127851406,1.38285,1.38458,,,,,,,,,,,,,,,,,,
2021-06-30,0.0020589911330104664,1.38649,1.38042,77.0,-0.0031568213862624263,1.38212,1.38191,1.38237,1.38311,,,,,,,,,,,,
2021-07-01,0.002001377085546531,1.38065,1.37791,,,,,,,,,,,,,,,,,,
2021-07-02,0.00197463523970016,1.37432,1.37921,44.0,0.0030586506944918976,1.37853,1.378,1.37698,1.37797,,,,,,,,,,,,
2021-07-05,0.0019727196213296613,1.38554,1.38524,,,,,,,,,,,,,,,,,,
2021-07-06,0.0019362455721089668,1.38583,1.379,138.0,-0.003208999508633298,1.38139,1.38134,1.38186,1.3807,152.0,-0.0039621479217063025,1.38035,1.3807,1.38125,1.3813,,,,,,
2021-07-07,0.0019638187905840696,1.38301,1.37924,129.0,-0.0031357636433333672,1.37868,1.37845,1.37805,1.37762,139.0,-0.003992021269537561,1.3775,1.37715,1.37762,1.37569,152.0,-0.005190561373424444,1.37585,1.37585,1.37643,1.37648
2021-07-08,0.002081624881455917,1.37592,1.37651,,,,,,,,,,,,,,,,,,
2021-07-09,0.00202172718780555,1.38182,1.38425,135.0,0.0031358633779859937,1.38616,1.3856,1.38534,1.38624,170.0,0.0040516440728671065,1.38743,1.3874,1.38603,,,,,,,
2021-07-12,0.0019625587515475647,1.38442,1.3884,126.0,0.0029715560496240798,1.38854,1.38852,1.38852,1.3886,151.0,0.004029661994919049,1.39001,1.3895,1.3898,1.39041,,,,,,
2021-07-13,0.0021707827864884,1.38451,1.38466,,,,,,,,,,,,,,,,,,
2021-07-14,0.0021024903602917784,1.38648,1.38524,,,,,,,,,,,,,,,,,,
2021-07-15,0.002187501732437755,1.38734,1.38466,,,,,,,,,,,,,,,,,,
2021-07-16,0.0021164467736284904,1.38149,1.37818,,,,,,,,,,,,,,,,,,
2021-07-19,0.0020508061260439774,1.37035,1.36886,,,,,,,,,,,,,,,,,,
2021-07-20,0.0020436671903968228,1.36198,1.36129,72.0,-0.003272651302415396,1.35753,1.35752,1.35742,1.35838,,,,,,,,,,,,
2021-07-21,0.0020936319361438654,1.36241,1.36943,105.0,0.003268264135578428,1.36687,1.36689,1.36791,1.36783,139.0,0.004218890157793719,1.36817,1.36841,1.36773,1.36763,,,,,,
2021-07-22,0.0021359330420751914,1.37725,1.37463,,,,,,,,,,,,,,,,,,
2021-07-23,0.002249311406301906,1.37369,1.37496,,,,,,,,,,,,,,,,,,
2021-07-26,0.0022655735654476044,1.37966,1.38283,,,,,,,,,,,,,,,,,,
2021-07-27,0.0021246215220467476,1.38057,1.3884,175.0,0.0038605062260053083,1.38591,1.38601,1.38872,,177.0,0.00458179361094525,1.38691,1.38819,,,178.0,0.005504282956029591,1.38819,1.38803,,
2021-07-28,0.0021944147732107693,1.38784,1.38833,,,,,,,,,,,,,,,,,,
2021-07-29,0.002208252542345455,1.3966,1.39645,,,,,,,,,,,,,,,,,,
2021-07-30,0.002170269585653553,1.39546,1.39099,176.0,-0.0033593691866387085,1.39078,1.39044,,,,,,,,,,,,,,
2021-08-02,0.0021226161315801395,1.38982,1.3884,,,,,,,,,,,,,,,,,,
2021-08-03,0.0020634975114946236,1.39306,1.39055,109.0,-0.0031203067973023073,1.38872,1.38852,1.38851,1.3893,,,,,,,,,,,,
2021-08-04,0.0020014639897735814,1.39236,1.39092,,,,,,,,,,,,,,,,,,
2021-08-05,0.0019744575810453223,1.39282,1.39257,,,,,,,,,,,,,,,,,,
2021-08-06,0.0019610280234870557,1.39158,1.38706,141.0,-0.003195718732846806,1.38714,1.3871,1.38712,1.38787,,,,,,,,,,,,
2021-08-09,0.0019360933345895066,1.3875,1.38499,,,,,,,,,,,,,,,,,,
2021-08-10,0.0018876068620356154,1.38598,1.38388,,,,,,,,,,,,,,,,,,
2021-08-11,0.0018503816545556388,1.3828,1.38658,41.0,0.002953401263639669,1.38689,1.38683,1.38687,1.38621,,,,,,,,,,,,
2021-08-12,0.0018049675744853028,1.38481,1.3834,,,,,,,,,,,,,,,,,,
2021-08-13,0.0017990687491403017,1.38191,1.38563,,,,,,,,,,,,,,,,,,
2021-08-16,0.0018403179973157345,1.38643,1.38474,,,,,,,,,,,,,,,,,,
2021-08-17,0.0018010478528200607,1.37881,1.37367,151.0,-0.002774349952950181,1.37499,1.37487,1.37484,1.37476,176.0,-0.0037348180366527117,1.37367,1.37357,,,,,,,,
2021-08-18,0.0017986603898667625,1.37669,1.37495,,,,,,,,,,,,,,,,,,
2021-08-19,0.0018812182299374324,1.36776,1.36698,,,,,,,,,,,,,,,,,,
2021-08-20,0.0018605591146868567,1.36105,1.36247,,,,,,,,,,,,,,,,,,
2021-08-23,0.0020490163824309093,1.36827,1.37163,,,,,,,,,,,,,,,,,,
2021-08-24,0.0019531711749360436,1.37257,1.37138,,,,,,,,,,,,,,,,,,
2021-08-25,0.002046461865125436,1.37154,1.37212,,,,,,,,,,,,,,,,,,
2021-08-26,0.0019848134357776047,1.37324,1.3711,,,,,,,,,,,,,,,,,,
2021-08-27,0.001961387944648573,1.37185,1.37662,121.0,0.0030205456304219624,1.376,1.37623,1.3758,1.37764,131.0,0.0040447302765533955,1.37741,1.37805,1.37764,1.37614,,,,,,
2021-08-30,0.0020013768115977226,1.37577,1.37555,,,,,,,,,,,,,,,,,,
2021-08-31,0.0019836480566939266,1.37866,1.37453,,,,,,,,,,,,,,,,,,
2021-09-01,0.0019264096277301296,1.37593,1.3789,,,,,,,,,,,,,,,,,,
2021-09-02,0.001894827841340285,1.37909,1.38256,175.0,0.0028962651211121224,1.38309,1.3831,1.38333,,,,,,,,,,,,,
2021-09-03,0.001881562249824862,1.38306,1.38617,176.0,0.002981682562793687,1.38719,1.38734,,,,,,,,,,,,,,
2021-09-06,0.0019358104869851881,1.38427,1.38284,,,,,,,,,,,,,,,,,,
2021-09-07,0.0018450742179762544,1.37747,1.37889,,,,,,,,,,,,,,,,,,
2021-09-08,0.0017972183951333925,1.37688,1.37583,162.0,-0.0027709612449947616,1.37307,1.37325,1.37344,1.37343,,,,,,,,,,,,
2021-09-09,0.00187476663457037,1.3835,1.38531,,,,,,,,,,,,,,,,,,
2021-09-10,0.001829440160907614,1.38856,1.3846,,,,,,,,,,,,,,,,,,
2021-09-13,0.0019490774442629938,1.38244,1.3843,,,,,,,,,,,,,,,,,,
2021-09-14,0.001853638961266302,1.38521,1.38464,34.0,0.0031569869091798916,1.38959,1.39002,1.38875,1.38926,55.0,0.0037469149838424295,1.39041,1.3904,1.39047,1.3907,,,,,,
2021-09-15,0.001808477083550211,1.38262,1.38349,,,,,,,,,,,,,,,,,,
2021-09-16,0.001832672744037385,1.38359,1.37825,68.0,-0.00288072000025428,1.37961,1.37926,1.37878,1.37949,72.0,-0.003787183874474338,1.37836,1.37878,1.37858,1.37914,108.0,-0.004600074033912431,1.37724,1.37727,1.37717,1.37688
2021-09-17,0.001837029444095222,1.3798,1.37514,136.0,-0.0029685996448002524,1.37571,1.37576,1.37609,1.37531,171.0,-0.003804881222261901,1.37456,1.37469,1.37482,,,,,,,
2021-09-20,0.0018508956105828319,1.36574,1.36548,,,,,,,,,,,,,,,,,,
2021-09-21,0.0018641382109888887,1.36769,1.36616,,,,,,,,,,,,,,,,,,
2021-09-22,0.001852010429804844,1.36419,1.36665,,,,,,,,,,,,,,,,,,
2021-09-23,0.0018056541432976002,1.37145,1.37432,,,,,,,,,,,,,,,,,,
2021-09-24,0.001796694094595575,1.36769,1.36788,,,,,,,,,,,,,,,,,,
2021-09-27,0.0019937710642351364,1.36886,1.37087,,,,,,,,,,,,,,,,,,
2021-09-28,0.0019314524617703613,1.35939,1.35344,40.0,-0.004061525446716559,1.35388,1.3533,1.35386,1.35377,40.0,-0.004061525446716559,1.35388,1.3533,1.35386,1.35377,122.0,-0.004926082008942153,1.35271,1.35327,1.35269,1.35283
2021-09-29,0.0019140626230538449,1.34865,1.34398,93.0,-0.003029832780954272,1.34457,1.34486,1.34423,1.3447,131.0,-0.004026930861927263,1.34323,1.34297,1.34257,1.34335,,,,,,
2021-09-30,0.0024314894705702245,1.34513,1.34722,,,,,,,,,,,,,,,,,,
2021-10-01,0.002531543798307401,1.35381,1.35649,,,,,,,,,,,,,,,,,,
2021-10-04,0.002438492950228338,1.36017,1.36017,,,,,,,,,,,,,,,,,,
2021-10-05,0.0024244649366852284,1.36208,1.36376,,,,,,,,,,,,,,,,,,
2021-10-06,0.002426049990034848,1.35721,1.35691,,,,,,,,,,,,,,,,,,
2021-10-07,0.0023435594517082613,1.36053,1.36323,,,,,,,,,,,,,,,,,,
2021-10-08,0.002285838331894054,1.36212,1.36255,,,,,,,,,,,,,,,,,,
2021-10-11,0.002234202317796056,1.36306,1.36219,,,,,,,,,,,,,,,,,,
2021-10-12,0.0021181779315821575,1.36254,1.36045,127.0,-0.003293394140512205,1.35806,1.3581,1.3579,1.35742,,,,,,,,,,,,
2021-10-13,0.002094499937353692,1.36176,1.36456,,,,,,,,,,,,,,,,,,
2021-10-14,0.0020352808223870044,1.37146,1.36866,,,,,,,,,,,,,,,,,,
2021-10-15,0.0020450789297291523,1.37497,1.37567,,,,,,,,,,,,,,,,,,
2021-10-18,0.0019926827779581935,1.37299,1.37238,,,,,,,,,,,,,,,,,,
2021-10-19,0.00195947893360889,1.38244,1.38045,,,,,,,,,,,,,,,,,,
2021-10-20,0.0019177080580326897,1.37424,1.38201,52.0,0.002971770389157701,1.37833,1.37818,1.37823,1.3785,132.0,0.004008719965230708,1.37976,1.37974,1.37967,1.38046,150.0,0.004914264494776914,1.38101,1.38093,1.38064,1.38093
2021-10-21,0.0019110559923025453,1.38087,1.38117,,,,,,,,,,,,,,,,,,
2021-10-22,0.0018713566984867448,1.37824,1.37415,,,,,,,,,,,,,,,,,,
2021-10-25,0.001850871351299363,1.37514,1.37705,,,,,,,,,,,,,,,,,,
2021-10-26,0.0018119800545795468,1.38066,1.37652,,,,,,,,,,,,,,,,,,
2021-10-27,0.0017685194246239992,1.37333,1.37385,,,,,,,,,,,,,,,,,,
2021-10-28,0.0017285993664182642,1.37505,1.38006,120.0,0.0027017032796275023,1.37877,1.37861,1.3789,1.37961,138.0,0.0034774563245738,1.37984,1.37979,1.37991,1.37969,,,,,,
2021-10-29,0.0017167289352894104,1.3783,1.36826,120.0,-0.0026007817000574785,1.37472,1.3748,1.37457,1.37404,138.0,-0.0038235960720101416,1.37304,1.37306,1.37293,1.37326,171.0,-0.004326256906739249,1.37235,1.37131,1.37127,
2021-11-01,0.0017624631861318202,1.36848,1.36613,,,,,,,,,,,,,,,,,,
2021-11-02,0.0020194043231092297,1.3662,1.3606,90.0,-0.003071613471338796,1.36201,1.3622,1.3624,1.3628,,,,,,,,,,,,
2021-11-03,0.0019799473336549003,1.36541,1.36612,,,,,,,,,,,,,,,,,,
2021-11-04,0.0019313958572777347,1.35436,1.34917,84.0,-0.002913362851536163,1.35042,1.35039,1.35118,1.35147,145.0,-0.00421751111646423,1.34866,1.34879,1.34826,1.34823,165.0,-0.004937002311483133,1.34769,1.34778,1.3478,1.34933
2021-11-05,0.0019008198365859474,1.34443,1.35043,135.0,0.0029263241322344605,1.34837,1.34829,1.34796,1.34839,170.0,0.0040381601101476105,1.34987,1.3497,1.34914,,,,,,,
2021-11-08,0.0024546246627059065,1.35415,1.35564,,,,,,,,,,,,,,,,,,
2021-11-09,0.0022881704808732,1.35592,1.35653,,,,,,,,,,,,,,,,,,
2021-11-10,0.002378303806764599,1.35128,1.34564,,,,,,,,,,,,,,,,,,
2021-11-11,0.0022966460014804332,1.3409,1.33687,,,,,,,,,,,,,,,,,,
2021-11-12,0.0026530403946494305,1.33957,1.34223,,,,,,,,,,,,,,,,,,
2021-11-15,0.002591770457795935,1.34369,1.34231,,,,,,,,,,,,,,,,,,
2021-11-16,0.0024553235307463355,1.34548,1.34284,,,,,,,,,,,,,,,,,,
2021-11-17,0.0023675267358283483,1.34557,1.34875,,,,,,,,,,,,,,,,,,
2021-11-18,0.00228507741016273,1.34677,1.34984,,,,,,,,,,,,,,,,,,
2021-11-19,0.0023040411608226323,1.34455,1.34546,,,,,,,,,,,,,,,,,,
2021-11-22,0.002227152835747403,1.34299,1.33915,,,,,,,,,,,,,,,,,,
2021-11-23,0.0021069771175283654,1.33696,1.33727,,,,,,,,,,,,,,,,,,
2021-11-24,0.0021081402181666858,1.33545,1.33217,,,,,,,,,,,,,,,,,,
2021-11-25,0.002049551665627843,1.33152,1.33231,,,,,,,,,,,,,,,,,,
2021-11-26,0.0020078958345526522,1.33354,1.33349,,,,,,,,,,,,,,,,,,
2021-11-29,0.0019939622692868937,1.33211,1.3301,,,,,,,,,,,,,,,,,,
2021-11-30,0.0018976885602104544,1.33418,1.3263,111.0,-0.0034612892369904995,1.32957,1.32918,1.32532,1.32223,113.0,-0.004974200071906675,1.32756,1.32863,1.32295,1.32269,113.0,-0.004974200071906675,1.32756,1.32863,1.32295,1.32269
2021-12-01,0.0018504482639742526,1.33441,1.33051,167.0,-0.0028292170989191318,1.33064,1.3308,1.33073,,,,,,,,,,,,,
2021-12-02,0.0018032309746954134,1.3311,1.32971,,,,,,,,,,,,,,,,,,
2021-12-03,0.0017909672931315584,1.32786,1.32365,60.0,-0.0027601203016298565,1.3242,1.32401,1.3236,1.32122,69.0,-0.00362894649661764,1.32305,1.32303,1.32215,1.32176,75.0,-0.0050130716367582295,1.32122,1.32133,1.32186,1.32131
2021-12-06,0.001747773783481775,1.32671,1.32532,106.0,-0.0026340333652886904,1.32322,1.32323,1.32321,1.32341,,,,,,,,,,,,
2021-12-07,0.0017773581852070783,1.32252,1.32273,,,,,,,,,,,,,,,,,,
2021-12-08,0.0018081634005097903,1.32118,1.32389,,,,,,,,,,,,,,,,,,
2021-12-09,0.0017855949011660582,1.32069,1.32134,,,,,,,,,,,,,,,,,,
2021-12-10,0.001797566742516416,1.32312,1.32707,169.0,0.002920635559248889,1.32699,1.32697,1.32641,,,,,,,,,,,,,
2021-12-13,0.0017577960019828213,1.32579,1.32101,,,,,,,,,,,,,,,,,,
2021-12-14,0.0017516963091844472,1.32306,1.32273,,,,,,,,,,,,,,,,,,
2021-12-15,0.0017825737886147535,1.32559,1.32139,56.0,-0.002704337650584221,1.32201,1.32203,1.32177,1.32221,111.0,-0.0035973164751911505,1.32083,1.32083,1.32135,1.32202,,,,,,
2021-12-16,0.0017842355887427942,1.33509,1.3316,103.0,-0.0026925790383620202,1.3315,1.33166,1.33198,1.33282,,,,,,,,,,,,
2021-12-17,0.0017450291629105626,1.32898,1.32633,,,,,,,,,,,,,,,,,,
2021-12-20,0.0018802102603888648,1.32403,1.32105,,,,,,,,,,,,,,,,,,
2021-12-21,0.001994604614260113,1.32534,1.32486,,,,,,,,,,,,,,,,,,
2021-12-22,0.001942938211395804,1.33295,1.33573,,,,,,,,,,,,,,,,,,
2021-12-23,0.0019426549818928884,1.34189,1.34187,,,,,,,,,,,,,,,,,,
2021-12-24,0.0021240045877091653,1.34048,1.33949,,,,,,,,,,,,,,,,,,
2021-12-27,0.0021321679060432616,1.34272,1.34383,,,,,,,,,,,,,,,,,,
2021-12-28,0.002029631890653648,1.34573,1.34338,,,,,,,,,,,,,,,,,,
2021-12-29,0.001987059880888477,1.34565,1.34862,104.0,0.0030496311769528293,1.34976,1.34986,1.34977,1.3485,,,,,,,,,,,,
2021-12-30,0.00192951654558054,1.34798,1.34864,78.0,0.0030443678677586896,1.35209,1.35186,1.35138,1.35046,,,,,,,,,,,,
2021-12-31,0.0019532627526786376,1.35028,1.35343,115.0,0.0030982555516893876,1.35447,1.35479,1.35418,1.35327,,,,,,,,,,,,
2022-01-03,0.001902511847577632,1.3486,1.34706,86.0,-0.0030596961205736233,1.34448,1.34416,1.34369,1.34351,93.0,-0.003833528713729118,1.34344,1.34369,1.34316,1.34429,,,,,,
2022-01-04,0.0018208927037452755,1.35171,1.35361,104.0,0.0028441955145694993,1.35556,1.35552,1.3554,1.35525,,,,,,,,,,,,
2022-01-05,0.001797319650947665,1.35479,1.3585,,,,,,,,,,,,,,,,,,
2022-01-06,0.001837417159620153,1.35353,1.35288,,,,,,,,,,,,,,,,,,
2022-01-07,0.0017922185046887343,1.35373,1.35765,159.0,0.0027147268381962106,1.35741,1.35743,1.35744,1.35788,,,,,,,,,,,,
2022-01-10,0.0017617470677137351,1.35514,1.3562,,,,,,,,,,,,,,,,,,
2022-01-11,0.0017192441864102676,1.35726,1.36167,120.0,0.00264154290114051,1.36085,1.36091,1.36153,1.36184,136.0,0.003500930291657484,1.36202,1.36231,1.36179,1.36196,,,,,,
2022-01-12,0.001685274778979475,1.36715,1.37052,,,,,,,,,,,,,,,,,,
2022-01-13,0.0017073083906300776,1.37391,1.37114,,,,,,,,,,,,,,,,,,
2022-01-14,0.001825844161002584,1.3695,1.36531,,,,,,,,,,,,,,,,,,
2022-01-17,0.001786708924533161,1.36522,1.36506,,,,,,,,,,,,,,,,,,
2022-01-18,0.0017837318554022074,1.35982,1.35771,,,,,,,,,,,,,,,,,,
2022-01-19,0.0017789122897832706,1.36304,1.36234,,,,,,,,,,,,,,,,,,
2022-01-20,0.0017676509581930557,1.36379,1.36259,,,,,,,,,,,,,,,,,,
2022-01-21,0.0017388211406599496,1.35717,1.35568,,,,,,,,,,,,,,,,,,
2022-01-24,0.0017246467884450404,1.34743,1.34562,,,,,,,,,,,,,,,,,,
2022-01-25,0.0016971978474313292,1.34647,1.34974,174.0,0.0025589783990121965,1.34992,1.34995,1.3495,,,,,,,,,,,,,
2022-01-26,0.001842645825237771,1.35056,1.35219,,,,,,,,,,,,,,,,,,
2022-01-27,0.001832959781755649,1.33816,1.33745,,,,,,,,,,,,,,,,,,
2022-01-28,0.0019286468909701147,1.34241,1.33881,,,,,,,,,,,,,,,,,,
2022-01-31,0.0018943717787618052,1.34388,1.3436,,,,,,,,,,,,,,,,,,
2022-02-01,0.0018213542364786037,1.34959,1.35066,,,,,,,,,,,,,,,,,,
2022-02-02,0.0018166100687508594,1.35582,1.35767,,,,,,,,,,,,,,,,,,
2022-02-03,0.0018929896409391532,1.35841,1.36056,,,,,,,,,,,,,,,,,,
2022-02-04,0.0018745165837820385,1.3512,1.3531,,,,,,,,,,,,,,,,,,
2022-02-07,0.0018924302048878745,1.35224,1.35167,,,,,,,,,,,,,,,,,,
2022-02-08,0.0019515773046812337,1.35382,1.35436,,,,,,,,,,,,,,,,,,
2022-02-09,0.0018990330741565416,1.35773,1.35386,176.0,-0.00285441576907242,1.35386,1.3537,,,,,,,,,,,,,,
2022-02-10,0.001879911617547234,1.35412,1.36159,66.0,0.0030673965947197457,1.35828,1.3584,1.35818,1.35822,89.0,0.0039431210550640175,1.35947,1.35996,1.36093,1.36167,91.0,0.005031188446138395,1.36095,1.36159,1.36118,1.36161
2022-02-11,0.0018517512242055283,1.35753,1.36017,,,,,,,,,,,,,,,,,,
2022-02-14,0.0018058193623202332,1.35263,1.35312,,,,,,,,,,,,,,,,,,
2022-02-15,0.001750209118641528,1.35427,1.35315,51.0,-0.0028543137233627276,1.35041,1.35044,1.34949,1.34924,56.0,-0.0035358204722111828,1.34949,1.34905,1.34922,1.34963,,,,,,
2022-02-16,0.001711267504151171,1.35469,1.35803,47.0,0.0026244605803138555,1.35825,1.35818,1.35748,1.35772,,,,,,,,,,,,
2022-02-17,0.001676476419678157,1.36211,1.36251,,,,,,,,,,,,,,,,,,
2022-02-18,0.0016636456460973018,1.36091,1.35847,129.0,-0.002626691476209729,1.35734,1.35742,1.35815,1.35909,,,,,,,,,,,,
2022-02-21,0.0016722623638129078,1.36018,1.36143,,,,,,,,,,,,,,,,,,
2022-02-22,0.0016583756216149782,1.35461,1.35931,115.0,0.0025215301787649023,1.35803,1.35888,1.35938,1.35897,117.0,0.0035445481707995457,1.35942,1.36006,1.35912,1.35898,171.0,0.004176970885557318,1.36028,1.36026,1.3596,
2022-02-23,0.0016510365957646477,1.36047,1.35505,72.0,-0.002583324650142288,1.35696,1.35679,1.35666,1.3561,89.0,-0.0034237909372029775,1.35582,1.35591,1.35586,1.35661,137.0,-0.004169005183884751,1.35481,1.3552,1.35536,1.35559
2022-02-24,0.0016210394202091725,1.33598,1.33621,61.0,-0.00294599599130202,1.33205,1.33216,1.33239,1.33146,71.0,-0.0032538396241857358,1.33164,1.33145,1.33146,1.33176,100.0,-0.004230556281220802,1.33034,1.33019,1.33017,1.32782
2022-02-25,0.0017963303441935622,1.33981,1.33881,,,,,,,,,,,,,,,,,,
2022-02-28,0.00191080337802517,1.34104,1.33915,,,,,,,,,,,,,,,,,,
2022-03-01,0.0019190481901725756,1.34008,1.33102,109.0,-0.0031016351410978206,1.33593,1.33594,1.33586,1.33537,126.0,-0.0038879135016666633,1.33488,1.33459,1.33497,1.33394,146.0,-0.004817267667458281,1.33364,1.3335,1.33345,1.33223
2022-03-02,0.001985357405749452,1.33487,1.33618,,,,,,,,,,,,,,,,,,
2022-03-03,0.002161539846095976,1.338,1.33332,130.0,-0.0034588898667415185,1.33338,1.33327,1.33305,1.33426,177.0,-0.004554451451577101,1.33192,1.33267,,,,,,,,
2022-03-04,0.00228597416513133,1.32342,1.32304,,,,,,,,,,,,,,,,,,
2022-03-07,0.0022882011133827833,1.31721,1.31117,86.0,-0.0034526324470973858,1.31267,1.3122,1.31338,1.31428,150.0,-0.004618875561816609,1.31114,1.31086,1.31104,1.31157,,,,,,
2022-03-08,0.0024125747497870096,1.31065,1.31343,,,,,,,,,,,,,,,,,,
2022-03-09,0.002502695608955881,1.31568,1.31821,,,,,,,,,,,,,,,,,,
2022-03-10,0.002416536339505632,1.31731,1.30985,94.0,-0.0037647353823536864,1.31236,1.31295,1.31352,1.3137,146.0,-0.004893111098667806,1.31088,1.31074,1.31192,1.31141,,,,,,
2022-03-11,0.0023948368639895305,1.30986,1.30421,,,,,,,,,,,,,,,,,,
2022-03-14,0.0024675903375454443,1.30638,1.30364,,,,,,,,,,,,,,,,,,
2022-03-15,0.002360385226510799,1.30664,1.30509,,,,,,,,,,,,,,,,,,
2022-03-16,0.002306283860545396,1.30917,1.31061,,,,,,,,,,,,,,,,,,
2022-03-17,0.002232102894707851,1.30948,1.31715,164.0,0.003377312721938532,1.31391,1.31411,1.31423,1.31575,175.0,0.0045867096541779935,1.3155,1.31533,1.31577,,,,,,,
2022-03-18,0.0023940777992195175,1.31216,1.31873,171.0,0.003666602311017611,1.31698,1.31737,1.3173,,,,,,,,,,,,,
2022-03-21,0.002315689296750203,1.3155,1.3198,120.0,0.0034982449613731644,1.32011,1.31996,1.31951,1.32011,,,,,,,,,,,,
2022-03-22,0.0021840171660019213,1.32359,1.32532,,,,,,,,,,,,,,,,,,
2022-03-23,0.00211623584044104,1.31964,1.32029,,,,,,,,,,,,,,,,,,
2022-03-24,0.0024469076794384373,1.31984,1.31772,,,,,,,,,,,,,,,,,,
2022-03-25,0.002529904115288487,1.31958,1.31884,,,,,,,,,,,,,,,,,,
2022-03-28,0.0024459683763551855,1.31131,1.3089,,,,,,,,,,,,,,,,,,
2022-03-29,0.0023091046481021984,1.31322,1.31243,,,,,,,,,,,,,,,,,,
2022-03-30,0.002301134834017789,1.3161,1.31465,,,,,,,,,,,,,,,,,,
2022-03-31,0.002227824284061487,1.31248,1.31495,178.0,0.003369606023912613,1.31691,1.31615,,,,,,,,,,,,,,
2022-04-01,0.0021641807533260937,1.31297,1.31121,,,,,,,,,,,,,,,,,,
2022-04-04,0.002098788964156644,1.30986,1.31157,,,,,,,,,,,,,,,,,,
2022-04-05,0.0019822574528398852,1.31352,1.31005,,,,,,,,,,,,,,,,,,
2022-04-06,0.0019275381391636885,1.30866,1.30832,,,,,,,,,,,,,,,,,,
2022-04-07,0.001921372962604945,1.30864,1.30587,,,,,,,,,,,,,,,,,,
2022-04-08,0.001874434377103192,1.3029,1.30306,103.0,-0.0028515558754296766,1.29919,1.29911,1.29851,1.29859,,,,,,,,,,,,
2022-04-11,0.0018320472419298774,1.30276,1.30292,,,,,,,,,,,,,,,,,,
2022-04-12,0.0017890455528594606,1.30218,1.30298,,,,,,,,,,,,,,,,,,
2022-04-13,0.0017484359059435906,1.29964,1.30733,170.0,0.0029733229749412168,1.30351,1.30361,1.30345,,,,,,,,,,,,,
2022-04-14,0.0017095880409883249,1.3121,1.30525,63.0,-0.002586987908801371,1.30871,1.3092,1.3093,1.30844,93.0,-0.00348904588514503,1.30753,1.30788,1.3075,1.30567,102.0,-0.004476125930244779,1.30624,1.30632,1.30596,1.30423
2022-04-15,0.0020497993759404304,1.30641,1.30588,,,,,,,,,,,,,,,,,,
2022-04-18,0.002085600137178702,1.30383,1.30191,,,,,,,,,,,,,,,,,,
2022-04-19,0.0019758488426864056,1.30143,1.30065,,,,,,,,,,,,,,,,,,
2022-04-20,0.001965361489660583,1.30532,1.30528,,,,,,,,,,,,,,,,,,
2022-04-21,0.0019416266002595759,1.3031,1.30431,100.0,0.0029807423346810678,1.30699,1.30729,1.307,1.30679,,,,,,,,,,,,
2022-04-22,0.0018980935329674935,1.28985,1.2847,98.0,-0.0030437405573114956,1.28593,1.28577,1.28633,1.28786,171.0,-0.004047409088641324,1.28464,1.28441,1.28435,,,,,,,
2022-04-25,0.0018626096694786527,1.2741,1.2699,,,,,,,,,,,,,,,,,,
2022-04-26,0.0025485355576400034,1.26854,1.26159,159.0,-0.004155119690840143,1.26328,1.26369,1.26267,1.26248,177.0,-0.005113402774449025,1.26207,1.26208,,,,,,,,
2022-04-27,0.0024900763744197243,1.25618,1.25469,168.0,-0.0038204363795460864,1.25139,1.25124,1.25111,,,,,,,,,,,,,
2022-04-28,0.0030523175649758536,1.24346,1.24428,,,,,,,,,,,,,,,,,,
2022-04-29,0.0029640393323946647,1.25547,1.25642,,,,,,,,,,,,,,,,,,
2022-05-02,0.002933059534151207,1.25597,1.25222,,,,,,,,,,,,,,,,,,
2022-05-03,0.002881370639846011,1.25363,1.25051,,,,,,,,,,,,,,,,,,
2022-05-04,0.002798842852908306,1.25084,1.24863,,,,,,,,,,,,,,,,,,
2022-05-05,0.002713363621610045,1.23921,1.23299,,,,,,,,,,,,,,,,,,
2022-05-06,0.0028709675020036547,1.23331,1.23417,,,,,,,,,,,,,,,,,,
2022-05-09,0.0037682395196593182,1.23649,1.23325,,,,,,,,,,,,,,,,,,
2022-05-10,0.0035105216488731917,1.23392,1.23137,,,,,,,,,,,,,,,,,,
2022-05-11,0.0034628423310578403,1.23562,1.23137,38.0,-0.0058929220282133285,1.22836,1.22824,1.22943,1.22776,,,,,,,,,,,,
2022-05-12,0.003334948657919945,1.21961,1.21951,,,,,,,,,,,,,,,,,,
2022-05-13,0.0034436211971295753,1.21971,1.22361,,,,,,,,,,,,,,,,,,
2022-05-16,0.0033062684847863315,1.22595,1.22703,,,,,,,,,,,,,,,,,,
2022-05-17,0.003083487729075042,1.24872,1.24645,,,,,,,,,,,,,,,,,,
2022-05-18,0.003093502810087982,1.24213,1.23886,,,,,,,,,,,,,,,,,,
2022-05-19,0.0033307987175582657,1.24323,1.25025,121.0,0.005686686937578495,1.25032,1.25083,1.25002,1.25044,,,,,,,,,,,,
2022-05-20,0.0033871127515562992,1.24699,1.24925,,,,,,,,,,,,,,,,,,
2022-05-23,0.0033526925589465175,1.25772,1.25702,,,,,,,,,,,,,,,,,,
2022-05-24,0.0031850786777523022,1.25024,1.25396,,,,,,,,,,,,,,,,,,
2022-05-25,0.0030669080893674255,1.24889,1.25382,170.0,0.004697132047394724,1.25477,1.25471,1.25469,,,,,,,,,,,,,
2022-05-26,0.0029720936098157056,1.25941,1.2583,,,,,,,,,,,,,,,,,,
2022-05-27,0.002934736141659961,1.26164,1.26123,,,,,,,,,,,,,,,,,,
2022-05-30,0.0029107418353819204,1.26382,1.26588,,,,,,,,,,,,,,,,,,
2022-05-31,0.002717173089035771,1.25879,1.2622,,,,,,,,,,,,,,,,,,
2022-06-01,0.0026332838624591845,1.25717,1.24706,123.0,-0.004104916113646724,1.25202,1.25178,1.25104,1.25054,135.0,-0.005383668226007001,1.25042,1.25067,1.25058,1.24936,146.0,-0.006776169751487294,1.24868,1.2487,1.24908,1.24992
2022-06-02,0.0025486254443350073,1.25541,1.25546,,,,,,,,,,,,,,,,,,
2022-06-03,0.002768373230817682,1.2562,1.24935,,,,,,,,,,,,,,,,,,
2022-06-06,0.0028685935846079246,1.25661,1.2544,,,,,,,,,,,,,,,,,,
2022-06-07,0.0028007304341417317,1.24908,1.25932,154.0,0.0044653094663942815,1.25467,1.25462,1.2548,1.25716,164.0,0.0056919711890598,1.25621,1.2562,1.25716,1.25797,174.0,0.007402005528069862,1.25836,1.25825,1.25797,
2022-06-08,0.002703090068139142,1.25502,1.25587,,,,,,,,,,,,,,,,,,
2022-06-09,0.002729632006221395,1.25388,1.2511,,,,,,,,,,,,,,,,,,
2022-06-10,0.0026690707126281405,1.24352,1.23273,57.0,-0.004109694173164516,1.23842,1.23873,1.24003,1.24027,110.0,-0.005362072846040733,1.23687,1.23688,1.23675,1.23533,126.0,-0.0067212633662027165,1.23519,1.2354,1.23457,1.23501
2022-06-13,0.002602471668135133,1.2164,1.21651,,,,,,,,,,,,,,,,,,
2022-06-14,0.003088774427567803,1.20761,1.20049,130.0,-0.004656363590955721,1.202,1.20156,1.201,1.20195,179.0,-0.00622998044448242,1.20011,1.20034,,,,,,,,
2022-06-15,0.003222847746088107,1.211,1.20576,,,,,,,,,,,,,,,,,,
2022-06-16,0.0033549832218294244,1.21363,1.23366,34.0,0.005259580018318182,1.22003,1.22113,1.22147,1.22343,43.0,0.0069957342186755265,1.22215,1.22346,1.22234,1.22226,69.0,0.008418442182154581,1.22389,1.2245,1.22479,1.2246
2022-06-17,0.0035101730883203334,1.22649,1.21977,135.0,-0.0054531245251559675,1.21982,1.21966,1.21978,1.21969,155.0,-0.007365069012957927,1.21749,1.21772,1.21894,1.21857,,,,,,
2022-06-20,0.003728016643630558,1.22651,1.22489,,,,,,,,,,,,,,,,,,
2022-06-21,0.003553305925879276,1.22667,1.22749,,,,,,,,,,,,,,,,,,
2022-06-22,0.0034478361874118735,1.22412,1.22807,164.0,0.005490893558556091,1.23086,1.23096,1.2307,1.23078,,,,,,,,,,,,
2022-06-23,0.003330020629271885,1.2226,1.22321,118.0,0.0050990340751297,1.22885,1.22893,1.22901,1.22624,,,,,,,,,,,,
2022-06-24,0.0032035582212483074,1.22646,1.22723,,,,,,,,,,,,,,,,,,
2022-06-27,0.0030884044134320845,1.2261,1.23036,,,,,,,,,,,,,,,,,,
2022-06-28,0.00286349906014391,1.22394,1.21988,,,,,,,,,,,,,,,,,,
2022-06-29,0.002757402699451311,1.21576,1.21443,140.0,-0.004137652719502003,1.21074,1.21087,1.21167,1.21107,,,,,,,,,,,,
2022-06-30,0.0027438729339367856,1.211,1.21582,90.0,0.004293001430967221,1.21621,1.21591,1.21546,1.21483,123.0,0.005919685982895342,1.21819,1.21817,1.21831,1.21721,,,,,,
2022-07-01,0.0027493319734956776,1.20377,1.20493,125.0,-0.004704637115969267,1.19812,1.19773,1.1998,1.19972,,,,,,,,,,,,
2022-07-04,0.0026520994304600055,1.21529,1.21064,,,,,,,,,,,,,,,,,,
2022-07-05,0.002525728638419642,1.19983,1.19288,70.0,-0.0038998124573832284,1.19516,1.19526,1.19519,1.19352,83.0,-0.005088644277252606,1.19374,1.19338,1.19423,1.19378,174.0,-0.006799020976994398,1.1917,1.19158,1.19155,
2022-07-06,0.0024468269057933115,1.18981,1.19017,,,,,,,,,,,,,,,,,,
2022-07-07,0.0028253820552960373,1.19772,1.1993,,,,,,,,,,,,,,,,,,
2022-07-08,0.0027283437005304937,1.19992,1.20342,,,,,,,,,,,,,,,,,,
2022-07-11,0.0027937288668767224,1.19369,1.1905,99.0,-0.004315273000404052,1.18855,1.18877,1.18867,1.18951,144.0,-0.005856150763421709,1.18672,1.18693,1.18793,1.18862,,,,,,
2022-07-12,0.0026367826968093904,1.18418,1.19038,98.0,0.003961135534273226,1.18888,1.18885,1.18858,1.18712,,,,,,,,,,,,
2022-07-13,0.002782813871978188,1.19345,1.19157,30.0,-0.004619139816245791,1.18795,1.18707,1.18501,1.18509,32.0,-0.005629793879615708,1.18675,1.18613,1.18414,1.18502,34.0,-0.007080181606571365,1.18503,1.18501,1.18352,1.1868
2022-07-14,0.0026977635916343276,1.18209,1.18235,97.0,-0.004255758470501063,1.17707,1.17676,1.1763,1.17899,,,,,,,,,,,,
2022-07-15,0.0026312935684462686,1.18388,1.18542,,,,,,,,,,,,,,,,,,
2022-07-18,0.002561784867231991,1.19691,1.19866,152.0,0.0039690202109053906,1.20167,1.20165,1.20187,1.20196,172.0,0.00515001138261831,1.20309,1.20305,1.20321,,,,,,,
2022-07-19,0.002433254578976069,1.20194,1.20211,,,,,,,,,,,,,,,,,,
2022-07-20,0.002400238826783264,1.19693,1.19863,,,,,,,,,,,,,,,,,,
2022-07-21,0.002512457699645011,1.19224,1.19612,38.0,0.003976181663658673,1.19699,1.1973,1.19845,1.19765,43.0,0.005195164548462028,1.19845,1.19854,1.19875,1.19799,,,,,,
2022-07-22,0.0024683675573487496,1.19493,1.20099,105.0,0.0042089502195564515,1.19997,1.20053,1.2035,1.204,107.0,0.005499815653295205,1.20152,1.20177,1.20277,1.2051,110.0,0.007146371979096519,1.2035,1.20321,1.204,1.2042
2022-07-25,0.0023893373157129667,1.20584,1.20394,,,,,,,,,,,,,,,,,,
2022-07-26,0.0022492704927690654,1.19809,1.20325,117.0,0.0035077669185446716,1.2023,1.20132,1.20099,1.20038,153.0,0.0046964471664034824,1.20373,1.20357,1.20364,1.20379,180.0,0.005825630870047878,1.20509,,,
2022-07-27,0.002409635914174703,1.2067,1.20263,176.0,-0.003636337453716203,1.20232,1.20289,,,,,,,,,,,,,,
2022-07-28,0.002359365245120907,1.21219,1.21252,,,,,,,,,,,,,,,,,,
2022-07-29,0.0026448687179126884,1.2151,1.21812,62.0,-0.004619326864484213,1.2095,1.20965,1.20969,1.20715,73.0,-0.005479556201721125,1.20846,1.20821,1.20737,1.20822,79.0,-0.006663581113487732,1.20703,1.20678,1.20767,1.20769
2022-08-01,0.0025510121473521275,1.22207,1.22792,78.0,0.0038956156268604002,1.22684,1.22691,1.22619,1.22409,169.0,0.0051175221156978595,1.22834,1.22822,1.2284,,,,,,,
2022-08-02,0.0023927940650371946,1.22155,1.22144,,,,,,,,,,,,,,,,,,
2022-08-03,0.002411399457762083,1.21938,1.21278,94.0,-0.0036313784082560438,1.21496,1.21495,1.2156,1.21604,120.0,-0.005353080929664322,1.21287,1.21213,1.2124,1.21247,122.0,-0.006598837475274156,1.21136,1.21254,1.21227,1.21188
2022-08-04,0.0025001802100559282,1.20825,1.21392,,,,,,,,,,,,,,,,,,
2022-08-05,0.002428435359674981,1.21401,1.20573,30.0,-0.004714516784545244,1.2083,1.20866,1.20742,1.2054,32.0,-0.005600450778314736,1.20723,1.20782,1.20738,1.205,44.0,-0.006081004916185484,1.20665,1.2054,1.20419,1.20268
2022-08-08,0.002351738657653437,1.21168,1.20961,,,,,,,,,,,,,,,,,,
2022-08-09,0.0023230486683290855,1.21018,1.20874,,,,,,,,,,,,,,,,,,
2022-08-10,0.0022485856110301523,1.21221,1.22469,30.0,0.006315550780921196,1.21989,1.22123,1.22103,1.22419,30.0,0.006315550780921196,1.21989,1.22123,1.22103,1.22419,30.0,0.006315550780921196,1.21989,1.22123,1.22103,1.22419
2022-08-11,0.0021839277108836714,1.22093,1.22289,,,,,,,,,,,,,,,,,,
2022-08-12,0.0024078048264212825,1.21294,1.21305,,,,,,,,,,,,,,,,,,
2022-08-15,0.0023275142089524362,1.20804,1.20859,,,,,,,,,,,,,,,,,,
2022-08-16,0.0022537272278730152,1.20209,1.20858,86.0,0.003462955274141926,1.20626,1.20593,1.20545,1.20655,108.0,0.004573210332552552,1.2076,1.2078,1.2082,1.20809,118.0,0.006054391741872834,1.20939,1.2092,1.20809,1.20883
2022-08-17,0.0022680791041532746,1.20794,1.20305,,,,,,,,,,,,,,,,,,
2022-08-18,0.0022625149454841968,1.20624,1.19676,94.0,-0.003421418740633114,1.20212,1.20195,1.20194,1.20068,106.0,-0.004545065800665618,1.20077,1.20062,1.20124,1.19955,122.0,-0.006178685380666819,1.19881,1.19973,1.19914,1.20034
2022-08-19,0.002274024533032894,1.18369,1.18088,,,,,,,,,,,,,,,,,,
2022-08-22,0.002592008144915092,1.1806,1.17503,,,,,,,,,,,,,,,,,,
2022-08-23,0.002641057662156152,1.17697,1.18441,105.0,0.004721328027180662,1.18254,1.18223,1.1842,1.18577,107.0,0.0053215503810799545,1.18325,1.18452,1.18328,1.18483,120.0,0.007449013172006788,1.18577,1.18573,1.18524,1.18666
2022-08-24,0.0026292283066536326,1.17783,1.17973,,,,,,,,,,,,,,,,,,
2022-08-25,0.0025566292232886046,1.18363,1.18001,,,,,,,,,,,,,,,,,,
2022-08-26,0.0024744855668081167,1.18237,1.17777,68.0,0.003714432290959377,1.18677,1.18645,1.18654,1.18647,129.0,0.005154280976719417,1.18848,1.18966,1.18758,1.18388,,,,,,
2022-08-29,0.002392779759733297,1.16987,1.17128,136.0,0.0036433331967753208,1.17414,1.17391,1.17403,1.17409,,,,,,,,,,,,
2022-08-30,0.002519178057248158,1.17191,1.1652,123.0,-0.004035745719562315,1.16719,1.16703,1.16669,1.16564,132.0,-0.005038655957447604,1.16602,1.1664,1.16566,1.1662,152.0,-0.006343086055046518,1.1645,1.16447,1.16398,1.16347
2022-08-31,0.002444602942448421,1.16256,1.16392,,,,,,,,,,,,,,,,,,
2022-09-01,0.0023748194512649584,1.15651,1.15452,128.0,-0.0037857667634733135,1.15214,1.15215,1.15156,1.1512,137.0,-0.005010325836453064,1.15073,1.15123,1.1519,1.15232,,,,,,
2022-09-02,0.002476999330500098,1.15552,1.1581,,,,,,,,,,,,,,,,,,
2022-09-05,0.0024392712058502334,1.15071,1.1518,,,,,,,,,,,,,,,,,,
2022-09-06,0.00234313006908208,1.15732,1.15413,65.0,-0.003653019531369115,1.1531,1.15306,1.15316,1.15369,119.0,-0.004711597144993694,1.15188,1.15069,1.14989,1.1512,121.0,-0.005884281553686053,1.15053,1.14999,1.15028,1.1513
2022-09-07,0.0026060452769434434,1.14235,1.14705,170.0,0.004227929811000143,1.14719,1.14715,1.14664,,,,,,,,,,,,,
2022-09-08,0.002858822425891428,1.15581,1.14854,57.0,-0.004769925613657009,1.15031,1.14966,1.15074,1.1472,65.0,-0.005752752319543966,1.14918,1.14929,1.14766,1.14732,71.0,-0.007381324978957907,1.14731,1.1472,1.14684,1.14792
2022-09-09,0.002791459267165107,1.15582,1.15965,,,,,,,,,,,,,,,,,,
2022-09-12,0.002773001275443156,1.16883,1.16989,,,,,,,,,,,,,,,,,,
2022-09-13,0.0026036845800729994,1.17357,1.15204,30.0,-0.008729419473557183,1.16337,1.16281,1.16112,1.15935,30.0,-0.008729419473557183,1.16337,1.16281,1.16112,1.15935,30.0,-0.008729419473557183,1.16337,1.16281,1.16112,1.15935
2022-09-14,0.0026791892040288487,1.15488,1.15621,,,,,,,,,,,,,,,,,,
2022-09-15,0.003318865278231121,1.1494,1.14695,,,,,,,,,,,,,,,,,,
2022-09-16,0.0031992188549524693,1.1399,1.14135,,,,,,,,,,,,,,,,,,
2022-09-19,0.0031768257071759366,1.13729,1.14029,,,,,,,,,,,,,,,,,,
2022-09-20,0.0029754105173147145,1.14324,1.14044,,,,,,,,,,,,,,,,,,
2022-09-21,0.002878813923851793,1.13419,1.13262,,,,,,,,,,,,,,,,,,
2022-09-22,0.0028416707694234487,1.13152,1.12677,98.0,-0.0042954821847094385,1.12667,1.12706,1.1259,1.12584,114.0,-0.005841050088753805,1.12493,1.12524,1.12473,1.12624,,,,,,
2022-09-23,0.00316464448215381,1.10527,1.09196,121.0,-0.004852199127170795,1.09992,1.10026,1.10196,1.10069,142.0,-0.006845237804782777,1.09773,1.0973,1.09877,1.09645,144.0,-0.008395088600027996,1.09603,1.09686,1.09858,1.09649
2022-09-26,0.003036682763627754,1.07841,1.06931,44.0,0.00535465371415652,1.0842,1.08871,1.08944,1.08796,45.0,0.009505774999700687,1.08871,1.08805,1.09059,1.08857,45.0,0.009505774999700687,1.08871,1.08805,1.09059,1.08857
2022-09-27,0.0064460233928102136,1.07964,1.07428,,,,,,,,,,,,,,,,,,
2022-09-28,0.006801880999992017,1.05934,1.08409,134.0,0.010872019437583957,1.07092,1.06903,1.06931,1.07141,157.0,0.013641497291871023,1.07389,1.07243,1.07356,1.07222,,,,,,
2022-09-29,0.0067481896379678,1.08667,1.10468,99.0,0.010991485037341655,1.09868,1.09782,1.09623,1.0983,170.0,0.014480494573430227,1.10252,1.10168,1.10216,,,,,,,
2022-09-30,0.006750355313182356,1.10434,1.11283,169.0,0.010404421336839742,1.11589,1.11564,1.11481,,,,,,,,,,,,,
2022-10-03,0.007480602398051733,1.12094,1.12733,,,,,,,,,,,,,,,,,,
2022-10-04,0.006859325712126576,1.13393,1.14436,,,,,,,,,,,,,,,,,,
2022-10-05,0.006869309649253958,1.13266,1.12689,,,,,,,,,,,,,,,,,,
2022-10-06,0.00673055813581128,1.12539,1.11306,,,,,,,,,,,,,,,,,,
2022-10-07,0.006470198516098792,1.11951,1.11078,,,,,,,,,,,,,,,,,,
2022-10-10,0.006528362076013868,1.10643,1.104,,,,,,,,,,,,,,,,,,
2022-10-11,0.006047313676917637,1.10907,1.11598,,,,,,,,,,,,,,,,,,
2022-10-12,0.005814872947002349,1.10575,1.10849,,,,,,,,,,,,,,,,,,
2022-10-13,0.005668422513890567,1.12621,1.13431,31.0,-0.009071307605763168,1.11604,1.1178,1.11744,1.11562,,,,,,,,,,,,
2022-10-14,0.005660710435818254,1.11954,1.12103,,,,,,,,,,,,,,,,,,
2022-10-17,0.0061489745109736885,1.12951,1.142,152.0,0.009507475319457743,1.1403,1.14,1.13982,1.14271,,,,,,,,,,,,
2022-10-18,0.005913594833695004,1.13117,1.13031,,,,,,,,,,,,,,,,,,
2022-10-19,0.005815002189758046,1.12461,1.12249,,,,,,,,,,,,,,,,,,
2022-10-20,0.005556935687104904,1.12526,1.12777,,,,,,,,,,,,,,,,,,
2022-10-21,0.005547932475951914,1.11158,1.12909,128.0,0.008394113421402801,1.12095,1.12104,1.12026,1.11803,,,,,,,,,,,,
2022-10-24,0.005307996396371406,1.13044,1.1296,,,,,,,,,,,,,,,,,,
2022-10-25,0.004959208447000002,1.13124,1.14619,76.0,0.008275132173259201,1.14064,1.13991,1.14111,1.14302,90.0,0.010237016210603052,1.14288,1.14302,1.14377,1.146,105.0,0.012963242078625436,1.146,1.14583,1.14841,1.14917
2022-10-26,0.004759948334649057,1.15585,1.16154,,,,,,,,,,,,,,,,,,
2022-10-27,0.004872974091344134,1.15796,1.15776,,,,,,,,,,,,,,,,,,
2022-10-28,0.005018067872966814,1.15559,1.157,,,,,,,,,,,,,,,,,,
2022-10-31,0.004809943751043236,1.15022,1.14864,,,,,,,,,,,,,,,,,,
2022-11-01,0.0044164322534259665,1.15512,1.1448,101.0,-0.006827743930040537,1.14726,1.14749,1.14731,1.14712,166.0,-0.008991755873819117,1.14478,1.14499,1.14561,,,,,,,
2022-11-02,0.00438317208693657,1.15063,1.1461,,,,,,,,,,,,,,,,,,
2022-11-03,0.004199706596894778,1.11622,1.11843,,,,,,,,,,,,,,,,,,
2022-11-04,0.00417815516927634,1.12646,1.12981,,,,,,,,,,,,,,,,,,
2022-11-07,0.004675484366221609,1.14713,1.1517,,,,,,,,,,,,,,,,,,
2022-11-08,0.004712341755783031,1.14458,1.1576,77.0,0.0073468297031861265,1.15302,1.15383,1.15343,1.15346,103.0,0.009530009694971307,1.15554,1.15562,1.15675,1.15631,161.0,0.012053779401013204,1.15846,1.15881,1.15879,1.15946
2022-11-09,0.004910376659328409,1.14142,1.13786,,,,,,,,,,,,,,,,,,
2022-11-10,0.004735050608072584,1.16006,1.1648,,,,,,,,,,,,,,,,,,
2022-11-11,0.004801504960139755,1.17773,1.18007,,,,,,,,,,,,,,,,,,
2022-11-14,0.005587993272913524,1.17588,1.17594,,,,,,,,,,,,,,,,,,
2022-11-15,0.005415792523419381,1.19733,1.18924,180.0,-0.008386989019750116,1.18733,,,,,,,,,,,,,,,
2022-11-16,0.00518695472349636,1.18725,1.18923,,,,,,,,,,,,,,,,,,
2022-11-17,0.005034672568158167,1.17637,1.18362,,,,,,,,,,,,,,,,,,
2022-11-18,0.004853334206761763,1.19048,1.18769,,,,,,,,,,,,,,,,,,
2022-11-21,0.004646054556722866,1.18054,1.17929,,,,,,,,,,,,,,,,,,
2022-11-22,0.004302562666077975,1.18801,1.18792,,,,,,,,,,,,,,,,,,
2022-11-23,0.004129115798435821,1.19682,1.20285,97.0,0.006479522299092386,1.2046,1.2042,1.20567,1.20691,105.0,0.008395334969610084,1.20691,1.20728,1.20768,1.20613,,,,,,
2022-11-24,0.0039611796290904425,1.21254,1.21214,,,,,,,,,,,,,,,,,,
2022-11-25,0.00458215293134622,1.208,1.20891,,,,,,,,,,,,,,,,,,
2022-11-28,0.004390704352103463,1.20661,1.20008,,,,,,,,,,,,,,,,,,
2022-11-29,0.004061200494038055,1.19844,1.19699,,,,,,,,,,,,,,,,,,
2022-11-30,0.003910846928528333,1.19863,1.19436,115.0,-0.005974613190224021,1.19149,1.19152,1.19057,1.1916,,,,,,,,,,,,
2022-12-01,0.0037663336143513287,1.22139,1.22646,45.0,0.006121768469331093,1.22889,1.2289,1.22961,1.22941,,,,,,,,,,,,
2022-12-02,0.0038104179782119953,1.2184,1.22799,153.0,0.005908315810087881,1.22562,1.22602,1.22719,1.22801,165.0,0.008027444174599283,1.22822,1.2287,1.22807,1.22859,,,,,,
2022-12-05,0.004013713864458736,1.2261,1.21843,142.0,-0.0060865058068918865,1.21866,1.21864,1.21901,1.21813,,,,,,,,,,,,
2022-12-06,0.003773579720206652,1.21995,1.21747,,,,,,,,,,,,,,,,,,
2022-12-07,0.0039690724616649065,1.22196,1.22228,,,,,,,,,,,,,,,,,,
2022-12-08,0.003857333769050007,1.22215,1.22332,,,,,,,,,,,,,,,,,,
2022-12-09,0.0037441506464336296,1.22741,1.22857,,,,,,,,,,,,,,,,,,
2022-12-12,0.0037089926780104246,1.22921,1.22844,,,,,,,,,,,,,,,,,,
2022-12-13,0.0034347794609724622,1.24101,1.23678,,,,,,,,,,,,,,,,,,
2022-12-14,0.003322619187504244,1.23724,1.24189,,,,,,,,,,,,,,,,,,
2022-12-15,0.0033094594861682487,1.23102,1.21621,76.0,-0.0051308475823436785,1.22472,1.22567,1.22508,1.2222,91.0,-0.007190580545354254,1.2222,1.22239,1.22409,1.22352,135.0,-0.008328521159591259,1.22081,1.22073,1.22088,1.22187
2022-12-16,0.003201450040974784,1.21926,1.21785,,,,,,,,,,,,,,,,,,
2022-12-19,0.003558286011602408,1.2167,1.21784,,,,,,,,,,,,,,,,,,
2022-12-20,0.0034216981041577344,1.21437,1.21401,,,,,,,,,,,,,,,,,,
2022-12-21,0.0033166113393799336,1.21407,1.20652,171.0,-0.005136431983837467,1.20785,1.20723,1.20715,,,,,,,,,,,,,
2022-12-22,0.0032014495842719766,1.20269,1.20192,,,,,,,,,,,,,,,,,,
2022-12-23,0.0031147236610274518,1.20456,1.20513,,,,,,,,,,,,,,,,,,
2022-12-26,0.0031142545732429027,1.20742,1.20542,,,,,,,,,,,,,,,,,,
2022-12-27,0.0029082558320242457,1.20218,1.20144,,,,,,,,,,,,,,,,,,
2022-12-28,0.0028093961990156816,1.20799,1.20428,120.0,-0.004280707709007391,1.20283,1.20373,1.20373,1.20292,,,,,,,,,,,,
2022-12-29,0.0027929686582195638,1.20514,1.2069,,,,,,,,,,,,,,,,,,
2022-12-30,0.002695061170175658,1.20531,1.20942,39.0,0.004395829805140213,1.21062,1.2099,1.20928,1.208,,,,,,,,,,,,
2023-01-02,0.0026009206813428134,1.20504,1.20441,,,,,,,,,,,,,,,,,,
2023-01-03,0.002464170396303542,1.19977,1.1962,41.0,0.004100701533784996,1.2047,1.2047,1.2045,1.20422,,,,,,,,,,,,
2023-01-04,0.0023757554983845565,1.2052,1.20684,,,,,,,,,,,,,,,,,,
2023-01-05,0.002472622472696763,1.1919,1.19063,,,,,,,,,,,,,,,,,,
2023-01-06,0.0024431409997391473,1.19185,1.20846,67.0,0.0040694030770126385,1.19671,1.19688,1.19803,1.20156,70.0,0.004971470375601408,1.19779,1.19771,1.19907,1.20043,76.0,0.006531461515547338,1.19966,1.19984,1.20073,1.20045
2023-01-09,0.0027057619166139745,1.2168,1.21954,,,,,,,,,,,,,,,,,,
2023-01-10,0.00315646374384796,1.21488,1.21481,,,,,,,,,,,,,,,,,,
2023-01-11,0.0030347834081298096,1.21042,1.21222,,,,,,,,,,,,,,,,,,
2023-01-12,0.0029126451621491155,1.22324,1.22292,19.0,-0.004448912522274701,1.21781,1.21819,1.22065,1.21897,42.0,-0.00660263304240773,1.21519,1.21527,1.21446,1.21087,44.0,-0.007780096691486671,1.21376,1.21344,1.21282,1.21154
2023-01-13,0.0028001784671605992,1.21626,1.2209,105.0,0.004397270281340879,1.22162,1.22186,1.221,1.22077,,,,,,,,,,,,
2023-01-16,0.0027049596696768386,1.21948,1.21902,,,,,,,,,,,,,,,,,,
2023-01-17,0.0025627507213911976,1.22507,1.22622,,,,,,,,,,,,,,,,,,
2023-01-18,0.0025697525241551947,1.23935,1.23446,,,,,,,,,,,,,,,,,,
2023-01-19,0.002674742788977236,1.23569,1.23695,,,,,,,,,,,,,,,,,,
2023-01-20,0.00263352943817518,1.23446,1.23939,,,,,,,,,,,,,,,,,,
2023-01-23,0.0025702290151560017,1.23445,1.23717,,,,,,,,,,,,,,,,,,
2023-01-24,0.0024283218584329803,1.22947,1.23277,,,,,,,,,,,,,,,,,,
2023-01-25,0.002385701861133824,1.23142,1.23806,47.0,0.003591017408352533,1.23585,1.23614,1.23592,1.23543,64.0,0.005167635283905038,1.2378,1.23877,1.23894,1.23751,66.0,0.0063625907767513356,1.23928,1.23989,1.23861,1.237
2023-01-26,0.0023940369827993324,1.23979,1.23745,113.0,-0.0036767272523536973,1.23524,1.23484,1.23506,1.23671,,,,,,,,,,,,
2023-01-27,0.00245979674421611,1.23737,1.239,,,,,,,,,,,,,,,,,,
2023-01-30,0.002382368509388552,1.23748,1.23616,,,,,,,,,,,,,,,,,,
2023-01-31,0.002231363908294377,1.23215,1.2326,,,,,,,,,,,,,,,,,,
2023-02-01,0.0022619460152768027,1.23413,1.22991,,,,,,,,,,,,,,,,,,
2023-02-02,0.002207094724657494,1.22917,1.22415,68.0,-0.00341462752575949,1.22498,1.22454,1.2242,1.22752,,,,,,,,,,,,
2023-02-03,0.0022958158813822667,1.21212,1.20731,64.0,-0.003520693890301254,1.20786,1.20802,1.207,1.21097,70.0,-0.004672152186042349,1.20647,1.20703,1.21041,1.2124,,,,,,
2023-02-06,0.002995787873316742,1.20511,1.20096,,,,,,,,,,,,,,,,,,
2023-02-07,0.0032460458612671842,1.19769,1.20842,,,,,,,,,,,,,,,,,,
2023-02-08,0.003119070746704065,1.20797,1.20832,,,,,,,,,,,,,,,,,,
2023-02-09,0.0029967623216584595,1.21899,1.21404,,,,,,,,,,,,,,,,,,
2023-02-10,0.0029010181379326744,1.21121,1.20494,179.0,-0.004410269075002581,1.20588,1.206,,,,,,,,,,,,,,
2023-02-13,0.002788463725324318,1.20873,1.21338,111.0,0.004449312909898223,1.21412,1.21431,1.21387,1.21315,,,,,,,,,,,,
2023-02-14,0.0026105070410743186,1.22168,1.21764,17.0,-0.004495716958916912,1.2162,1.2165,1.21678,1.21197,26.0,-0.00543350237351416,1.21506,1.21461,1.21214,1.21599,28.0,-0.006726455138511896,1.21349,1.21375,1.21218,1.21533
2023-02-15,0.002791723460903417,1.2015,1.20041,,,,,,,,,,,,,,,,,,
2023-02-16,0.0026839641074134545,1.19912,1.20138,,,,,,,,,,,,,,,,,,
2023-02-17,0.0028597657262009932,1.19695,1.20182,79.0,0.005066719728467074,1.20303,1.20284,1.20101,1.20173,,,,,,,,,,,,
2023-02-20,0.002964456848888818,1.20385,1.20365,,,,,,,,,,,,,,,,,,
2023-02-21,0.0028725518654746716,1.20987,1.21276,,,,,,,,,,,,,,,,,,
2023-02-22,0.002759578644829173,1.21061,1.20727,,,,,,,,,,,,,,,,,,
2023-02-23,0.0028125365376958653,1.20373,1.20147,,,,,,,,,,,,,,,,,,
2023-02-24,0.0027528906311220305,1.19597,1.19451,,,,,,,,,,,,,,,,,,
2023-02-27,0.002687133954115374,1.20168,1.20342,,,,,,,,,,,,,,,,,,
2023-02-28,0.0026321960396218126,1.21422,1.21006,180.0,-0.004184261913903503,1.20915,,,,,,,,,,,,,,,
2023-03-01,0.0027814209142373258,1.20011,1.20321,,,,,,,,,,,,,,,,,,
2023-03-02,0.0026755187741526656,1.19334,1.19332,,,,,,,,,,,,,,,,,,
2023-03-03,0.00260605078386931,1.20046,1.20083,,,,,,,,,,,,,,,,,,
2023-03-06,0.0025438484856797703,1.20147,1.20405,,,,,,,,,,,,,,,,,,
2023-03-07,0.002516955262563056,1.19787,1.18492,120.0,-0.008728407466042573,1.18746,1.18779,1.1883,1.18635,120.0,-0.008728407466042573,1.18746,1.18779,1.1883,1.18635,120.0,-0.008728407466042573,1.18746,1.18779,1.1883,1.18635
2023-03-08,0.0024304000384242734,1.18175,1.18306,,,,,,,,,,,,,,,,,,
2023-03-09,0.0034862202883228065,1.1918,1.19245,,,,,,,,,,,,,,,,,,
2023-03-10,0.003359151150330492,1.20099,1.2059,40.0,0.005405889876079918,1.2075,1.2078,1.20743,1.20662,,,,,,,,,,,,
2023-03-13,0.0033318448288255148,1.20934,1.21528,122.0,0.0056071522470432416,1.21614,1.21592,1.21555,1.21564,150.0,0.006798738965018154,1.21759,1.21744,1.21537,1.21509,,,,,,
2023-03-14,0.0034402539733345366,1.21953,1.21604,,,,,,,,,,,,,,,,,,
2023-03-15,0.0033158911042463013,1.20551,1.20116,,,,,,,,,,,,,,,,,,
2023-03-16,0.003184147922457915,1.20521,1.21095,173.0,0.005271467319034835,1.21158,1.21095,1.21064,,,,,,,,,,,,,
2023-03-17,0.003250338250865917,1.21388,1.21756,,,,,,,,,,,,,,,,,,
2023-03-20,0.0032051315849065546,1.22512,1.227,,,,,,,,,,,,,,,,,,
2023-03-21,0.0029668510977509926,1.22515,1.21897,180.0,-0.004646947354773308,1.21947,,,,,,,,,,,,,,,
2023-03-22,0.0030171304101892283,1.22697,1.22417,,,,,,,,,,,,,,,,,,
2023-03-23,0.0029137825737655717,1.23087,1.23213,,,,,,,,,,,,,,,,,,
2023-03-24,0.0029628444574390962,1.22141,1.22199,,,,,,,,,,,,,,,,,,
2023-03-27,0.002868697084225775,1.22674,1.22797,,,,,,,,,,,,,,,,,,
2023-03-28,0.0027163607624773123,1.23236,1.23411,,,,,,,,,,,,,,,,,,
2023-03-29,0.0027439107582622572,1.23316,1.231,,,,,,,,,,,,,,,,,,
2023-03-30,0.002642361092043714,1.23764,1.2367,,,,,,,,,,,,,,,,,,
2023-03-31,0.0025574581839443496,1.23878,1.23674,,,,,,,,,,,,,,,,,,
2023-04-03,0.002714555544274894,1.23856,1.24014,,,,,,,,,,,,,,,,,,
2023-04-04,0.002668340199741389,1.24816,1.25145,,,,,,,,,,,,,,,,,,
2023-04-05,0.002894537497453979,1.24915,1.24685,164.0,-0.004525293962907855,1.24351,1.24364,1.24396,1.24481,,,,,,,,,,,,
2023-04-06,0.002976976252902162,1.24797,1.24347,120.0,-0.004779144755553638,1.24202,1.24167,1.24262,1.24269,,,,,,,,,,,,
2023-04-10,0.0029287237232470246,1.24137,1.2357,49.0,-0.004877467577130229,1.23533,1.23535,1.23524,1.23512,,,,,,,,,,,,
2023-04-11,0.002720747332658155,1.24288,1.24305,,,,,,,,,,,,,,,,,,
2023-04-12,0.002617780655351046,1.24037,1.24685,30.0,0.004247759824234234,1.24565,1.24659,1.2463,1.24484,124.0,0.005491316556286231,1.2472,1.24748,1.2474,1.24759,,,,,,
2023-04-13,0.0025396076407510357,1.25009,1.25309,,,,,,,,,,,,,,,,,,
2023-04-14,0.0025399766514601135,1.24897,1.24156,128.0,-0.003971140281432936,1.24402,1.24438,1.24488,1.24361,,,,,,,,,,,,
2023-04-17,0.0025101839553002218,1.2421,1.23543,124.0,-0.0041952461691839105,1.2369,1.23697,1.23742,1.23735,159.0,-0.005028320057632443,1.23587,1.23597,1.23631,1.23614,,,,,,
2023-04-18,0.0027093085083464423,1.24282,1.24177,,,,,,,,,,,,,,,,,,
2023-04-19,0.0026190899982053034,1.24014,1.24382,120.0,0.00400763434438914,1.24512,1.24546,1.24534,1.24592,140.0,0.005283805042864763,1.24671,1.24646,1.24594,1.24649,,,,,,
2023-04-20,0.0025549633287970165,1.24275,1.24482,,,,,,,,,,,,,,,,,,
2023-04-21,0.002462801214142588,1.24128,1.23964,,,,,,,,,,,,,,,,,,
2023-04-24,0.0023819591107878237,1.24357,1.24565,,,,,,,,,,,,,,,,,,
2023-04-25,0.0022258405955855455,1.24278,1.23976,,,,,,,,,,,,,,,,,,
2023-04-26,0.0022316552406868423,1.24698,1.24821,,,,,,,,,,,,,,,,,,
2023-04-27,0.0022988535636454268,1.24527,1.24688,,,,,,,,,,,,,,,,,,
2023-04-28,0.0023169072012834253,1.24699,1.25796,124.0,0.0035942035194304,1.25148,1.25251,1.25196,1.25275,140.0,0.004752161012030554,1.25293,1.25333,1.25375,1.25318,171.0,0.006187762576152185,1.25473,1.25545,1.25495,
2023-05-01,0.0022467162000846547,1.25232,1.25199,,,,,,,,,,,,,,,,,,
2023-05-02,0.0022622765606277705,1.24781,1.24722,,,,,,,,,,,,,,,,,,
2023-05-03,0.00228782711386236,1.25014,1.25435,,,,,,,,,,,,,,,,,,
2023-05-04,0.0022145359774967187,1.25832,1.25781,,,,,,,,,,,,,,,,,,
2023-05-05,0.0024092940071254983,1.25706,1.26449,180.0,0.0036288745459666276,1.26163,,,,,,,,,,,,,,,
2023-05-08,0.0023255620635968086,1.26482,1.26297,,,,,,,,,,,,,,,,,,
2023-05-09,0.0022128287011588524,1.26004,1.26141,,,,,,,,,,,,,,,,,,
2023-05-10,0.002165637653635535,1.2674,1.26107,100.0,-0.0033747903029481352,1.26313,1.26255,1.26293,1.26313,180.0,-0.004499614172752676,1.26171,,,,,,,,,
2023-05-11,0.002105232753442731,1.25896,1.24996,120.0,-0.006342751825697918,1.251,1.2507,1.25077,1.25138,120.0,-0.006342751825697918,1.251,1.2507,1.25077,1.25138,120.0,-0.006342751825697918,1.251,1.2507,1.25077,1.25138
2023-05-12,0.0020417324473908783,1.25044,1.24623,,,,,,,,,,,,,,,,,,
2023-05-15,0.002327142001959792,1.25053,1.25091,,,,,,,,,,,,,,,,,,
2023-05-16,0.002262180869402913,1.25126,1.24913,,,,,,,,,,,,,,,,,,
2023-05-17,0.0023540327304125597,1.24582,1.24752,,,,,,,,,,,,,,,,,,
2023-05-18,0.0023146498647912497,1.24253,1.24224,,,,,,,,,,,,,,,,,,
2023-05-19,0.0022359423530193645,1.24421,1.24363,,,,,,,,,,,,,,,,,,
2023-05-22,0.002342338360991858,1.24614,1.2423,172.0,-0.0035532583428689096,1.24172,1.24201,1.24156,,,,,,,,,,,,,
2023-05-23,0.002231409461909978,1.23801,1.24203,180.0,0.0033948497061602463,1.24222,,,,,,,,,,,,,,,
2023-05-24,0.0021768147953845603,1.23962,1.23671,,,,,,,,,,,,,,,,,,
2023-05-25,0.002114854135352411,1.23636,1.23235,,,,,,,,,,,,,,,,,,
2023-05-26,0.002197731353591372,1.23724,1.23392,,,,,,,,,,,,,,,,,,
2023-05-29,0.0021393195960514554,1.23414,1.2361,,,,,,,,,,,,,,,,,,
2023-05-30,0.00202736802839074,1.24352,1.24008,,,,,,,,,,,,,,,,,,
2023-05-31,0.0019789022481980435,1.23635,1.23937,102.0,0.003359094911798834,1.24051,1.24107,1.23993,1.23978,,,,,,,,,,,,
2023-06-01,0.0019450799402184146,1.24752,1.25351,180.0,0.0033849916487642597,1.25175,,,,,,,,,,,,,,,
2023-06-02,0.0019556029301568256,1.25127,1.24657,,,,,,,,,,,,,,,,,,
2023-06-05,0.00222441880783228,1.23771,1.24378,,,,,,,,,,,,,,,,,,
2023-06-06,0.002297864860634914,1.24041,1.24157,,,,,,,,,,,,,,,,,,
2023-06-07,0.0022263627119198655,1.24697,1.24508,,,,,,,,,,,,,,,,,,
2023-06-08,0.002164331019077238,1.24665,1.2543,120.0,0.003938809521042076,1.25157,1.25143,1.25182,1.25239,127.0,0.004402120123166224,1.25215,1.25223,1.25241,1.25267,149.0,0.005631249033136853,1.25369,1.25386,1.25384,1.25362
2023-06-09,0.0021145299266575376,1.25681,1.25747,,,,,,,,,,,,,,,,,,
2023-06-12,0.00234393764296491,1.25643,1.24881,137.0,-0.0037078277555258198,1.25178,1.25176,1.25152,1.25103,,,,,,,,,,,,
2023-06-13,0.002208896523596165,1.25953,1.26096,,,,,,,,,,,,,,,,,,
2023-06-14,0.0021908562028625693,1.26474,1.26923,140.0,0.0032916967736307395,1.26891,1.26896,1.26943,1.26941,,,,,,,,,,,,
2023-06-15,0.002346957260155972,1.26665,1.27432,113.0,0.0036093156272411575,1.27123,1.27119,1.27198,1.27318,123.0,0.004710005241719652,1.27263,1.27289,1.27318,1.27327,145.0,0.005927214371080029,1.27418,1.27423,1.27406,1.27436
2023-06-16,0.0022776958651459333,1.28248,1.28112,,,,,,,,,,,,,,,,,,
2023-06-19,0.002658225054887135,1.28087,1.27936,,,,,,,,,,,,,,,,,,
2023-06-20,0.0025158366113650988,1.27529,1.27342,,,,,,,,,,,,,,,,,,
2023-06-21,0.0024353725592707164,1.27299,1.27334,,,,,,,,,,,,,,,,,,
2023-06-22,0.0023879865698289075,1.27741,1.27471,,,,,,,,,,,,,,,,,,
2023-06-23,0.0023087070198784614,1.27109,1.26981,,,,,,,,,,,,,,,,,,
2023-06-26,0.002299996347235967,1.27105,1.27213,,,,,,,,,,,,,,,,,,
2023-06-27,0.0021568909461045214,1.27291,1.27504,,,,,,,,,,,,,,,,,,
2023-06-28,0.002089476401179858,1.26647,1.26353,180.0,-0.004280865716239943,1.26106,,,,180.0,-0.004280865716239943,1.26106,,,,,,,,,
2023-06-29,0.0020263165401220216,1.26539,1.26149,50.0,-0.0033087974460553242,1.26121,1.26164,1.26025,1.2605,55.0,-0.004070261079335997,1.26025,1.26017,1.2605,1.2605,,,,,,
2023-06-30,0.002272019351814755,1.26858,1.27086,,,,,,,,,,,,,,,,,,
2023-07-03,0.002198328611981007,1.26961,1.26879,,,,,,,,,,,,,,,,,,
2023-07-04,0.002219855764689378,1.27349,1.27305,,,,,,,,,,,,,,,,,,
2023-07-05,0.002148985693497547,1.2697,1.2706,,,,,,,,,,,,,,,,,,
2023-07-06,0.002091994841894005,1.27516,1.27183,180.0,-0.004519435336514805,1.26941,,,,180.0,-0.004519435336514805,1.26941,,,,,,,,,
2023-07-07,0.002029114081040418,1.27641,1.28375,34.0,0.003246032330414833,1.28056,1.28005,1.27887,1.27851,180.0,0.004424509266030477,1.28207,,,,,,,,,
2023-07-10,0.00198768854489617,1.27761,1.2835,180.0,0.0031415602337012054,1.28163,,,,,,,,,,,,,,,
2023-07-11,0.002216669182714548,1.29136,1.28992,,,,,,,,,,,,,,,,,,
2023-07-12,0.0022361650876949577,1.29144,1.29926,30.0,0.0034012586514059013,1.29584,1.29566,1.29612,1.29618,38.0,0.004588971364584691,1.29738,1.2967,1.29633,1.29452,121.0,0.0057444798012590385,1.29888,1.2983,1.29838,1.29798
2023-07-13,0.002359274209068489,1.30806,1.30942,,,,,,,,,,,,,,,,,,
2023-07-14,0.0023419023343034806,1.31088,1.31105,,,,,,,,,,,,,,,,,,
2023-07-17,0.0025881398540759898,1.30849,1.30761,,,,,,,,,,,,,,,,,,
2023-07-18,0.0024321855113578206,1.30899,1.30512,,,,,,,,,,,,,,,,,,
2023-07-19,0.0023462200876314693,1.29161,1.28955,,,,,,,,,,,,,,,,,,
2023-07-20,0.002384724226074442,1.28686,1.28471,,,,,,,,,,,,,,,,,,
2023-07-21,0.002386587262217871,1.2824,1.28517,,,,,,,,,,,,,,,,,,
2023-07-24,0.0024478639696461657,1.28366,1.28172,,,,,,,,,,,,,,,,,,
2023-07-25,0.0023028246405418147,1.2835,1.28734,,,,,,,,,,,,,,,,,,
2023-07-26,0.0022380659466190145,1.29074,1.29279,,,,,,,,,,,,,,,,,,
2023-07-27,0.0022322496028637905,1.28987,1.2867,96.0,-0.003627089842055069,1.2852,1.28509,1.28533,1.28566,,,,,,,,,,,,
2023-07-28,0.002289507824770163,1.28716,1.28687,,,,,,,,,,,,,,,,,,
2023-07-31,0.0028066506745313977,1.28608,1.28572,,,,,,,,,,,,,,,,,,
2023-08-01,0.002642036421010378,1.27841,1.27473,,,,,,,,,,,,,,,,,,
2023-08-02,0.002570679052338005,1.27653,1.27093,65.0,-0.004160523475702566,1.27123,1.27104,1.27155,1.27136,115.0,-0.005215176639824107,1.26989,1.27024,1.26986,1.26896,164.0,-0.006594199170945985,1.26814,1.26858,1.26876,1.26853
2023-08-03,0.0025279768911538616,1.26406,1.2704,143.0,0.0038925455280460733,1.26899,1.26937,1.27009,1.27088,149.0,0.005128985212254387,1.27056,1.26967,1.27,1.27088,,,,,,
2023-08-04,0.002519847189611385,1.26931,1.27727,50.0,0.003907867482507106,1.27428,1.27463,1.2744,1.2761,65.0,0.00533510601868321,1.2761,1.27635,1.27645,1.27659,74.0,0.006478562985607931,1.27756,1.27707,1.27669,1.27708
2023-08-07,0.002440032466699657,1.27429,1.27646,,,,,,,,,,,,,,,,,,
2023-08-08,0.002275910605828621,1.26971,1.2726,,,,,,,,,,,,,,,,,,
2023-08-09,0.002208812844534421,1.27334,1.27139,,,,,,,,,,,,,,,,,,
2023-08-10,0.0021379262010892686,1.2763,1.27222,30.0,0.003457152781193906,1.28072,1.28097,1.27919,1.27575,,,,,,,,,,,,
2023-08-11,0.002117555940203294,1.27339,1.26964,41.0,-0.0032328250064073355,1.26928,1.26943,1.26909,1.26852,,,,,,,,,,,,
2023-08-14,0.002085777271230045,1.26935,1.2693,44.0,-0.00355142035334136,1.26485,1.26506,1.26457,1.26564,83.0,-0.004279043982593615,1.26393,1.26376,1.26408,1.26295,105.0,-0.005276431859148755,1.26267,1.26253,1.26241,1.26302
2023-08-15,0.001981233818928275,1.27078,1.27425,169.0,0.003229015207068524,1.27489,1.27452,1.27384,,,,,,,,,,,,,
2023-08-16,0.0019326198073317806,1.27432,1.27467,,,,,,,,,,,,,,,,,,
2023-08-17,0.0018866352285576364,1.2761,1.27522,,,,,,,,,,,,,,,,,,
2023-08-18,0.001851158396082126,1.26997,1.27368,103.0,0.0028856645057159618,1.27364,1.27381,1.27406,1.27445,,,,,,,,,,,,
2023-08-21,0.0018565136873527443,1.27595,1.2736,136.0,-0.0028018367601218407,1.27238,1.27246,1.27268,1.2727,,,,,,,,,,,,
2023-08-22,0.0017926200425137206,1.27671,1.27318,98.0,-0.00272162367256251,1.27324,1.27322,1.27239,1.27204,113.0,-0.00366454554277719,1.27204,1.272,1.27222,1.27321,,,,,,
2023-08-23,0.00177784754339398,1.26298,1.27149,105.0,0.003051602877240045,1.26684,1.26638,1.2663,1.26738,116.0,0.003580338068203064,1.26751,1.26763,1.26683,1.26719,141.0,0.0045187462341888095,1.2687,1.26924,1.26953,1.26889
2023-08-24,0.001761772425354036,1.26565,1.26319,,,,,,,,,,,,,,,,,,
2023-08-25,0.0017393880991974564,1.26137,1.25704,150.0,-0.0034466361946841905,1.25703,1.25734,1.25777,1.25604,152.0,-0.003605754045656179,1.25683,1.25729,1.25795,1.25565,166.0,-0.0044654282184295865,1.25575,1.25565,1.25575,
2023-08-28,0.0023376170758442646,1.25903,1.25894,,,,,,,,,,,,,,,,,,
2023-08-29,0.0022058971876662177,1.25845,1.26109,124.0,0.003316042196455353,1.26263,1.26283,1.26283,1.26225,,,,,,,,,,,,
2023-08-30,0.002156201352035383,1.26545,1.27222,30.0,0.003384364954719622,1.26974,1.26952,1.26933,1.27076,49.0,0.004470611450545656,1.27112,1.27138,1.2719,1.27068,108.0,0.00548494987832499,1.27241,1.2725,1.27348,1.27336
2023-08-31,0.0020890740914575076,1.26832,1.26639,,,,,,,,,,,,,,,,,,
2023-09-01,0.002282752507542135,1.26727,1.25888,146.0,-0.0036522934603536806,1.26265,1.26305,1.26224,1.26189,173.0,-0.004666548584900583,1.26137,1.26126,1.26191,,,,,,,
2023-09-04,0.0022925667911038883,1.26266,1.26245,,,,,,,,,,,,,,,,,,
2023-09-05,0.0023211249668812265,1.25505,1.25832,,,,,,,,,,,,,,,,,,
2023-09-06,0.0022489686278482587,1.25607,1.24959,120.0,-0.005860764140733805,1.24873,1.24967,1.25001,1.25093,120.0,-0.005860764140733805,1.24873,1.24967,1.25001,1.25093,120.0,-0.005860764140733805,1.24873,1.24967,1.25001,1.25093
2023-09-07,0.0022307092298764317,1.24596,1.24825,,,,,,,,,,,,,,,,,,
2023-09-08,0.0023116094490433004,1.24819,1.24723,,,,,,,,,,,,,,,,,,
2023-09-11,0.00223369524653515,1.2513,1.25284,,,,,,,,,,,,,,,,,,
2023-09-12,0.0021580031755538873,1.2469,1.2477,,,,,,,,,,,,,,,,,,
2023-09-13,0.002098148229808884,1.24721,1.24891,,,,,,,,,,,,,,,,,,
2023-09-14,0.0020662283707116496,1.24761,1.24111,30.0,-0.0036455947999629143,1.24307,1.24241,1.24242,1.24387,31.0,-0.00417667935144812,1.24241,1.24204,1.24255,1.24404,126.0,-0.005199409001102181,1.24114,1.24079,1.24091,1.24124
2023-09-15,0.002008572167805529,1.2408,1.23915,,,,,,,,,,,,,,,,,,
2023-09-18,0.002118431131619238,1.23798,1.24002,,,,,,,,,,,,,,,,,,
2023-09-19,0.002046413973042296,1.24149,1.23876,,,,,,,,,,,,,,,,,,
2023-09-20,0.001989611337679854,1.23688,1.23852,122.0,0.002986932383067594,1.24058,1.24058,1.23986,1.23989,,,,,,,,,,,,
2023-09-21,0.0019359866989210007,1.22624,1.22964,,,,,,,,,,,,,,,,,,
2023-09-22,0.0020753568360649685,1.22628,1.22537,,,,,,,,,,,,,,,,,,
2023-09-25,0.002044065329361573,1.22218,1.22123,,,,,,,,,,,,,,,,,,
2023-09-26,0.001975124266620285,1.21816,1.21645,,,,,,,,,,,,,,,,,,
2023-09-27,0.00198580404920082,1.21385,1.21289,,,,,,,,,,,,,,,,,,
2023-09-28,0.0020060034613585184,1.22083,1.22223,,,,,,,,,,,,,,,,,,
2023-09-29,0.001955429471807381,1.22503,1.22112,122.0,-0.003311518514704881,1.22098,1.22051,1.22012,1.21938,125.0,-0.003975140192788277,1.22017,1.21966,1.22027,1.21843,138.0,-0.004983704877663789,1.21894,1.21843,1.21857,1.21852
2023-10-02,0.0021724305575326315,1.21521,1.21257,,,,,,,,,,,,,,,,,,
2023-10-03,0.0020613160861643305,1.20669,1.20679,,,,,,,,,,,,,,,,,,
2023-10-04,0.002386639692383624,1.21214,1.21541,46.0,0.0036398113227344075,1.21656,1.21725,1.21715,1.21657,,,,,,,,,,,,
2023-10-05,0.0023040655171929643,1.21487,1.21685,,,,,,,,,,,,,,,,,,
2023-10-06,0.0024550745372271315,1.22154,1.225,30.0,-0.003698893320330975,1.21703,1.21646,1.21388,1.21269,32.0,-0.005532903613046954,1.2148,1.21393,1.21468,1.21252,33.0,-0.0062493274536646335,1.21393,1.21316,1.21378,1.21256
2023-10-09,0.002390425445744289,1.21647,1.22039,97.0,0.003585924386118221,1.22084,1.22084,1.22144,1.22122,,,,,,,,,,,,
2023-10-10,0.002301518254617062,1.22386,1.22864,,,,,,,,,,,,,,,,,,
2023-10-11,0.002243018127040924,1.22871,1.22993,115.0,0.0038421751873844285,1.23344,1.23359,1.23277,1.23254,,,,,,,,,,,,
2023-10-12,0.002273147094453543,1.23128,1.2216,32.0,-0.003433214400839931,1.22706,1.2273,1.22625,1.22729,41.0,-0.004876728016229567,1.22529,1.22557,1.22682,1.22637,93.0,-0.005938264567441891,1.22399,1.22396,1.22408,1.2239
2023-10-13,0.0022111458687513468,1.21868,1.2134,144.0,-0.0036087619364857364,1.21429,1.2147,1.21399,1.21494,,,,,,,,,,,,
2023-10-16,0.0024802069784729194,1.21787,1.21949,,,,,,,,,,,,,,,,,,
2023-10-17,0.0024354317912516975,1.21857,1.22031,34.0,-0.004095131043672173,1.21359,1.21403,1.21341,1.21454,,,,,,,,,,,,
2023-10-18,0.0024010789197147454,1.21878,1.21498,157.0,-0.0038308238718174005,1.21412,1.21434,1.21392,1.2143,,,,,,,,,,,,
2023-10-19,0.002332028205518469,1.21203,1.21505,,,,,,,,,,,,,,,,,,
2023-10-20,0.0023048537127983407,1.21417,1.21506,,,,,,,,,,,,,,,,,,
2023-10-23,0.002230022603135945,1.21659,1.22314,142.0,0.0033644093968767546,1.22069,1.22112,1.22094,1.22028,,,,,,,,,,,,
2023-10-24,0.002096776018843749,1.22204,1.21704,105.0,-0.003656311203110432,1.21758,1.21808,1.2176,1.21915,155.0,-0.004239605187485199,1.21687,1.21719,1.2168,1.21755,,,,,,
2023-10-25,0.0024261345405198562,1.212,1.21386,,,,,,,,,,,,,,,,,,
2023-10-26,0.00256685773433293,1.20854,1.2109,105.0,0.0038896898066310887,1.21325,1.2131,1.21227,1.212,,,,,,,,,,,,
2023-10-27,0.0026781480026996625,1.21061,1.21511,93.0,0.004039376999156225,1.21551,1.21546,1.2159,1.21454,,,,,,,,,,,,
2023-10-30,0.0026531661956467863,1.21419,1.21495,,,,,,,,,,,,,,,,,,
2023-10-31,0.0024687015308406694,1.21575,1.21336,,,,,,,,,,,,,,,,,,
2023-11-01,0.002397918371464993,1.21152,1.21213,104.0,0.0036005493270930586,1.21589,1.21638,1.21571,1.21454,,,,,,,,,,,,
2023-11-02,0.0023144011906095956,1.2208,1.2178,,,,,,,,,,,,,,,,,,
2023-11-03,0.0023022022973958026,1.23088,1.23855,127.0,0.003608780135893291,1.23533,1.23462,1.23491,1.23555,171.0,0.004781867228524683,1.23678,1.23689,1.23742,,,,,,,
2023-11-06,0.002225898940831169,1.23866,1.23703,,,,,,,,,,,,,,,,,,
2023-11-07,0.0028391430411819837,1.22974,1.22707,,,,,,,,,,,,,,,,,,
2023-11-08,0.0027739301053346633,1.22669,1.22919,,,,,,,,,,,,,,,,,,
2023-11-09,0.002715640911006056,1.22691,1.22653,,,,,,,,,,,,,,,,,,
2023-11-10,0.0026125138278481224,1.22207,1.22177,,,,,,,,,,,,,,,,,,
2023-11-13,0.002595442133354922,1.2247,1.22678,,,,,,,,,,,,,,,,,,
2023-11-14,0.0024107371533749144,1.24087,1.2492,53.0,0.0037323380870180173,1.24551,1.24552,1.24579,1.24505,84.0,0.004935939407033013,1.24701,1.24683,1.24706,1.24651,164.0,0.006066005287505279,1.24842,1.24855,1.24856,1.24813
2023-11-15,0.002377411505055227,1.24415,1.24213,,,,,,,,,,,,,,,,,,
2023-11-16,0.0033826828943985493,1.24389,1.24257,,,,,,,,,,,,,,,,,,
2023-11-17,0.003419926660235677,1.24245,1.2435,,,,,,,,,,,,,,,,,,
2023-11-20,0.003278824136265841,1.24768,1.24991,,,,,,,,,,,,,,,,,,
2023-11-21,0.0030829095770556836,1.25413,1.2545,,,,,,,,,,,,,,,,,,
2023-11-22,0.0030010116712253423,1.25132,1.24797,75.0,-0.004517428587394874,1.24568,1.24577,1.24588,1.24602,,,,,,,,,,,,
2023-11-23,0.0028822986684766115,1.25359,1.25309,,,,,,,,,,,,,,,,,,
2023-11-24,0.002792282138767623,1.25765,1.26057,,,,,,,,,,,,,,,,,,
2023-11-27,0.0027152483004880545,1.26234,1.2602,,,,,,,,,,,,,,,,,,
2023-11-28,0.002606046033688901,1.26463,1.26921,160.0,0.003922300952733304,1.2696,1.26953,1.27003,1.27071,180.0,0.005213212799011353,1.27124,,,,,,,,,
2023-11-29,0.0025241385189272284,1.26831,1.27004,,,,,,,,,,,,,,,,,,
2023-11-30,0.0026027682581346535,1.26169,1.26205,,,,,,,,,,,,,,,,,,
2023-12-01,0.002510091849746042,1.26306,1.26928,153.0,0.003864074882684119,1.26795,1.2679,1.26724,1.26847,,,,,,,,,,,,
2023-12-04,0.0025110525023293007,1.26538,1.26218,100.0,-0.0037926069918162225,1.26059,1.2606,1.26074,1.26067,,,,,,,,,,,,
2023-12-05,0.0024556907200954086,1.26364,1.25945,165.0,-0.003726347975923613,1.25894,1.25911,1.25909,1.25877,,,,,,,,,,,,
2023-12-06,0.002401265412697942,1.25971,1.25821,,,,,,,,,,,,,,,,,,
2023-12-07,0.002342904148482824,1.25814,1.25994,,,,,,,,,,,,,,,,,,
2023-12-08,0.0023501112237565985,1.25446,1.25466,,,,,,,,,,,,,,,,,,
2023-12-11,0.002317245233661742,1.25793,1.25402,,,,,,,,,,,,,,,,,,
2023-12-12,0.002217254935825775,1.25426,1.25444,,,,,,,,,,,,,,,,,,
2023-12-13,0.00218835253043473,1.25411,1.25067,,,,,,,,,,,,,,,,,,
2023-12-14,0.0021366798986333538,1.273,1.27806,151.0,0.003293862283220495,1.2772,1.2774,1.2769,1.27751,,,,,,,,,,,,
2023-12-15,0.0022923469382379854,1.27134,1.27033,,,,,,,,,,,,,,,,,,
2023-12-18,0.0026465237347052498,1.26661,1.26518,,,,,,,,,,,,,,,,,,
2023-12-19,0.0026541557567575304,1.27379,1.27346,,,,,,,,,,,,,,,,,,
2023-12-20,0.0025801037809604094,1.26617,1.26686,,,,,,,,,,,,,,,,,,
2023-12-21,0.002578499373543508,1.26835,1.26653,,,,,,,,,,,,,,,,,,
2023-12-22,0.0026455004572116716,1.27355,1.27062,,,,,,,,,,,,,,,,,,
2023-12-26,0.002600561496507315,1.27042,1.2706,,,,,,,,,,,,,,,,,,
2023-12-27,0.0023456979666951045,1.27495,1.27892,126.0,0.0035311517620720875,1.27946,1.27907,1.27945,1.27977,,,,,,,,,,,,
2023-12-28,0.0022792594820618857,1.27408,1.27391,,,,,,,,,,,,,,,,,,
2023-12-29,0.002359744481382578,1.27192,1.2752,,,,,,,,,,,,,,,,,,
