date,sigma,open,exit_px,t_1.5,disp_1.5,px_1.5_d0,px_1.5_d1,px_1.5_d5,px_1.5_d15,t_2.0,disp_2.0,px_2.0_d0,px_2.0_d1,px_2.0_d5,px_2.0_d15,t_2.5,disp_2.5,px_2.5_d0,px_2.5_d1,px_2.5_d5,px_2.5_d15
2011-01-03,,0.7756,0.7751,,,,,,,,,,,,,,,,,,
2011-01-04,,0.7656,0.7656,,,,,,,,,,,,,,,,,,
2011-01-05,,0.7623,0.7623,,,,,,,,,,,,,,,,,,
2011-01-06,,0.7595,0.7587,,,,,,,,,,,,,,,,,,
2011-01-07,,0.7627,0.7576,,,,,,,,,,,,,,,,,,
2011-01-10,,0.7587,0.7626,,,,,,,,,,,,,,,,,,
2011-01-11,,0.7602,0.7592,,,,,,,,,,,,,,,,,,
2011-01-12,,0.7589,0.7603,,,,,,,,,,,,,,,,,,
2011-01-13,,0.7689,0.7691,,,,,,,,,,,,,,,,,,
2011-01-14,,0.7678,0.7691,,,,,,,,,,,,,,,,,,
2011-01-17,,0.7737,0.7726,,,,,,,,,,,,,,,,,,
2011-01-18,,0.7716,0.7699,,,,,,,,,,,,,,,,,,
2011-01-19,,0.7763,0.7713,,,,,,,,,,,,,,,,,,
2011-01-20,,0.7584,0.7568,,,,,,,,,,,,,,,,,,
2011-01-21,,0.7581,0.7572,,,,,,,,,,,,,,,,,,
2011-01-24,,0.7598,0.7637,,,,,,,,,,,,,,,,,,
2011-01-25,,0.7636,0.7653,,,,,,,,,,,,,,,,,,
2011-01-26,,0.7667,0.7667,,,,,,,,,,,,,,,,,,
2011-01-27,,0.774,0.7714,,,,,,,,,,,,,,,,,,
2011-01-28,,0.7761,0.7737,,,,,,,,,,,,,,,,,,
2011-01-31,,0.7714,0.7728,,,,,,,,,,,,,,,,,,
2011-02-01,,0.7757,0.7809,,,,,,,,,,,,,,,,,,
2011-02-02,,0.7814,0.7789,,,,,,,,,,,,,,,,,,
2011-02-03,,0.7706,0.7732,,,,,,,,,,,,,,,,,,
2011-02-04,,0.7713,0.767,,,,,,,,,,,,,,,,,,
2011-02-07,,0.7699,0.7698,,,,,,,,,,,,,,,,,,
2011-02-08,,0.7745,0.7774,,,,,,,,,,,,,,,,,,
2011-02-09,,0.7724,0.7717,,,,,,,,,,,,,,,,,,
2011-02-10,,0.7663,0.766,,,,,,,,,,,,,,,,,,
2011-02-11,,0.757,0.7589,,,,,,,,,,,,,,,,,,
2011-02-14,,0.7557,0.757,,,,,,,,,,,,,,,,,,
2011-02-15,,0.753,0.7524,,,,,,,,,,,,,,,,,,
2011-02-16,,0.7511,0.7524,,,,,,,,,,,,,,,,,,
2011-02-17,,0.7554,0.7594,,,,,,,,,,,,,,,,,,
2011-02-18,,0.762,0.7637,,,,,,,,,,,,,,,,,,
2011-02-21,,0.7631,0.7616,,,,,,,,,,,,,,,,,,
2011-02-22,,0.7502,0.7483,,,,,,,,,,,,,,,,,,
2011-02-23,,0.7456,0.7438,,,,,,,,,,,,,,,,,,
2011-02-24,,0.7481,0.7483,,,,,,,,,,,,,,,,,,
2011-02-25,,0.7502,0.7509,,,,,,,,,,,,,,,,,,
2011-02-28,,0.7521,0.7515,,,,,,,,,,,,,,,,,,
2011-03-01,,0.7504,0.7498,,,,,,,,,,,,,,,,,,
2011-03-02,,0.7419,0.7436,,,,,,,,,,,,,,,,,,
2011-03-03,,0.7438,0.7396,,,,,,,,,,,,,,,,,,
2011-03-04,,0.7352,0.7375,,,,,,,,,,,,,,,,,,
2011-03-07,,0.7379,0.7362,,,,,,,,,,,,,,,,,,
2011-03-08,,0.7395,0.7402,,,,,,,,,,,,,,,,,,
2011-03-09,,0.7392,0.7387,,,,,,,,,,,,,,,,,,
2011-03-10,,0.7347,0.7358,,,,,,,,,,,,,,,,,,
2011-03-11,,0.7387,0.7427,,,,,,,,,,,,,,,,,,
2011-03-14,,0.7378,0.7376,,,,,,,,,,,,,,,,,,
2011-03-15,,0.7299,0.7306,,,,,,,,,,,,,,,,,,
2011-03-16,,0.7342,0.7295,,,,,,,,,,,,,,,,,,
2011-03-17,,0.7207,0.7199,,,,,,,,,,,,,,,,,,
2011-03-18,,0.7276,0.7294,,,,,,,,,,,,,,,,,,
2011-03-21,,0.7345,0.7326,,,,,,,,,,,,,,,,,,
2011-03-22,,0.7439,0.741,,,,,,,,,,,,,,,,,,
2011-03-23,,0.7385,0.7398,,,,,,,,,,,,,,,,,,
2011-03-24,,0.7485,0.7512,,,,,,,,,,,,,,,,,,
2011-03-25,,0.7533,0.7551,,,,,,,,,,,,,,,,,,
2011-03-28,,0.7497,0.7542,,,,,,,,,,,,,,,,,,
2011-03-29,,0.751,0.7553,,,,,,,,,,,,,,,,,,
2011-03-30,,0.7599,0.7618,,,,,,,,,,,,,,,,,,
2011-03-31,,0.7642,0.7636,,,,,,,,,,,,,,,,,,
2011-04-01,,0.7636,0.7662,,,,,,,,,,,,,,,,,,
2011-04-04,,0.7679,0.7665,,,,,,,,,,,,,,,,,,
2011-04-05,,0.7693,0.7701,,,,,,,,,,,,,,,,,,
2011-04-06,,0.7745,0.778,,,,,,,,,,,,,,,,,,
2011-04-07,,0.7778,0.7771,,,,,,,,,,,,,,,,,,
2011-04-08,,0.7808,0.7818,,,,,,,,,,,,,,,,,,
2011-04-11,,0.7828,0.7816,,,,,,,,,,,,,,,,,,
2011-04-12,,0.7855,0.7847,,,,,,,,,,,,,,,,,,
2011-04-13,,0.7897,0.7898,,,,,,,,,,,,,,,,,,
2011-04-14,,0.7896,0.7916,,,,,,,,,,,,,,,,,,
2011-04-15,,0.7966,0.7969,,,,,,,,,,,,,,,,,,
2011-04-18,,0.7874,0.787,,,,,,,,,,,,,,,,,,
2011-04-19,,0.7884,0.7872,,,,,,,,,,,,,,,,,,
2011-04-20,,0.797,0.7971,,,,,,,,,,,,,,,,,,
2011-04-21,,0.8017,0.8017,,,,,,,,,,,,,,,,,,
2011-04-22,,0.8012,0.8011,,,,,,,,,,,,,,,,,,
2011-04-25,,0.8022,0.7992,,,,,,,,,,,,,,,,,,
2011-04-26,,0.8045,0.8046,,,,,,,,,,,,,,,,,,
2011-04-27,,0.8056,0.8013,,,,,,,,,,,,,,,,,,
2011-04-28,,0.7991,0.8005,,,,,,,,,,,,,,,,,,
2011-04-29,,0.807,0.8066,,,,,,,,,,,,,,,,,,
2011-05-02,,0.808,0.8087,,,,,,,,,,,,,,,,,,
2011-05-03,,0.7996,0.8048,,,,,,,,,,,,,,,,,,
2011-05-04,,0.7912,0.789,,,,,,,,,,,,,,,,,,
2011-05-05,,0.7864,0.7868,,,,,,,,,,,,,,,,,,
2011-05-06,,0.7866,0.7947,,,,,,,,,,,,,,,,,,
2011-05-09,,0.7926,0.7919,,,,,,,,,,,,,,,,,,
2011-05-10,,0.793,0.7927,,,,,,,,,,,,,,,,,,
2011-05-11,,0.7936,0.791,,,,,,,,,,,,,,,,,,
2011-05-12,,0.7871,0.7967,,,,,,,,,,,,,,,,,,
2011-05-13,,0.794,0.7855,,,,,,,,,,,,,,,,,,
2011-05-16,,0.778,0.7846,,,,,,,,,,,,,,,,,,
2011-05-17,,0.781,0.7779,,,,,,,,,,,,,,,,,,
2011-05-18,,0.7868,0.7892,,,,,,,,,,,,,,,,,,
2011-05-19,,0.7893,0.7879,,,,,,,,,,,,,,,,,,
2011-05-20,,0.7946,0.7934,,,,,,,,,,,,,,,,,,
2011-05-23,,0.7904,0.788,,,,,,,,,,,,,,,,,,
2011-05-24,,0.8011,0.7973,,,,,,,,,,,,,,,,,,
2011-05-25,,0.7953,0.8,,,,,,,,,,,,,,,,,,
2011-05-26,,0.8098,0.8077,,,,,,,,,,,,,,,,,,
2011-05-27,,0.8158,0.8184,,,,,,,,,,,,,,,,,,
2011-05-30,,0.8177,0.8171,,,,,,,,,,,,,,,,,,
2011-05-31,,0.8213,0.8227,,,,,,,,,,,,,,,,,,
2011-06-01,,0.8244,0.8224,,,,,,,,,,,,,,,,,,
2011-06-02,,0.8147,0.813,,,,,,,,,,,,,,,,,,
2011-06-03,,0.8118,0.8152,,,,,,,,,,,,,,,,,,
2011-06-06,,0.8171,0.8158,,,,,,,,,,,,,,,,,,
2011-06-07,,0.8211,0.8207,,,,,,,,,,,,,,,,,,
2011-06-08,,0.8168,0.816,,,,,,,,,,,,,,,,,,
2011-06-09,,0.8264,0.8289,,,,,,,,,,,,,,,,,,
2011-06-10,,0.8255,0.8235,,,,,,,,,,,,,,,,,,
2011-06-13,,0.8117,0.8132,,,,,,,,,,,,,,,,,,
2011-06-14,,0.8183,0.8181,,,,,,,,,,,,,,,,,,
2011-06-15,,0.8131,0.809,,,,,,,,,,,,,,,,,,
2011-06-16,,0.7987,0.8032,,,,,,,,,,,,,,,,,,
2011-06-17,,0.8088,0.8105,,,,,,,,,,,,,,,,,,
2011-06-20,,0.8054,0.8116,,,,,,,,,,,,,,,,,,
2011-06-21,,0.8118,0.8121,,,,,,,,,,,,,,,,,,
2011-06-22,,0.8162,0.8172,,,,,,,,,,,,,,,,,,
2011-06-23,,0.8123,0.8107,,,,,,,,,,,,,,,,,,
2011-06-24,,0.8137,0.8116,,,,,,,,,,,,,,,,,,
2011-06-27,,0.8028,0.8062,,,,,,,,,,,,,,,,,,
2011-06-28,,0.8029,0.8099,,,,,,,,,,,,,,,,,,
2011-06-29,,0.8213,0.8223,,,,,,,,,,,,,,,,,,
2011-06-30,,0.8272,0.8281,,,,,,,,,,,,,,,,,,
2011-07-01,,0.8252,0.8268,,,,,,,,,,,,,,,,,,
2011-07-04,,0.829,0.8288,,,,,,,,,,,,,,,,,,
2011-07-05,,0.8282,0.8281,,,,,,,,,,,,,,,,,,
2011-07-06,,0.8253,0.8279,,,,,,,,,,,,,,,,,,
2011-07-07,,0.8269,0.8301,,,,,,,,,,,,,,,,,,
2011-07-08,,0.8317,0.8334,,,,,,,,,,,,,,,,,,
2011-07-11,,0.8321,0.8292,,,,,,,,,,,,,,,,,,
2011-07-12,,0.818,0.8208,,,,,,,,,,,,,,,,,,
2011-07-13,,0.8259,0.8356,,,,,,,,,,,,,,,,,,
2011-07-14,,0.8437,0.8437,,,,,,,,,,,,,,,,,,
2011-07-15,,0.8408,0.8441,,,,,,,,,,,,,,,,,,
2011-07-18,,0.8444,0.8425,,,,,,,,,,,,,,,,,,
2011-07-19,,0.8501,0.8556,,,,,,,,,,,,,,,,,,
2011-07-20,,0.8553,0.8544,,,,,,,,,,,,,,,,,,
2011-07-21,,0.8578,0.8632,,,,,,,,,,,,,,,,,,
2011-07-22,,0.8652,0.8642,,,,,,,,,,,,,,,,,,
2011-07-25,,0.865,0.866,,,,,,,,,,,,,,,,,,
2011-07-26,,0.8732,0.8705,,,,,,,,,,,,,,,,,,
2011-07-27,,0.8743,0.8692,,,,,,,,,,,,,,,,,,
2011-07-28,,0.8721,0.8724,,,,,,,,,,,,,,,,,,
2011-07-29,,0.8648,0.8772,,,,,,,,,,,,,,,,,,
2011-08-01,,0.8813,0.8744,,,,,,,,,,,,,,,,,,
2011-08-02,,0.871,0.872,,,,,,,,,,,,,,,,,,
2011-08-03,,0.866,0.8625,,,,,,,,,,,,,,,,,,
2011-08-04,,0.8491,0.8442,,,,,,,,,,,,,,,,,,
2011-08-05,,0.8379,0.8314,,,,,,,,,,,,,,,,,,
2011-08-08,,0.8301,0.831,,,,,,,,,,,,,,,,,,
2011-08-09,,0.8235,0.8201,,,,,,,,,,,,,,,,,,
2011-08-10,,0.8356,0.811,,,,,,,,,,,,,,,,,,
2011-08-11,,0.8155,0.8232,,,,,,,,,,,,,,,,,,
2011-08-12,,0.8275,0.832,,,,,,,,,,,,,,,,,,
2011-08-15,,0.8291,0.8291,,,,,,,,,,,,,,,,,,
2011-08-16,,0.8286,0.8367,,,,,,,,,,,,,,,,,,
2011-08-17,,0.8386,0.8382,,,,,,,,,,,,,,,,,,
2011-08-18,,0.8319,0.8257,,,,,,,,,,,,,,,,,,
2011-08-19,,0.8271,0.8238,,,,,,,,,,,,,,,,,,
2011-08-22,,0.827,0.8238,,,,,,,,,,,,,,,,,,
2011-08-23,,0.8326,0.8346,,,,,,,,,,,,,,,,,,
2011-08-24,,0.8296,0.8275,,,,,,,,,,,,,,,,,,
2011-08-25,,0.8326,0.8289,,,,,,,,,,,,,,,,,,
2011-08-26,,0.8344,0.84,,,,,,,,,,,,,,,,,,
2011-08-29,,0.8447,0.8447,,,,,,,,,,,,,,,,,,
2011-08-30,,0.8488,0.8532,,,,,,,,,,,,,,,,,,
2011-08-31,,0.8542,0.8551,,,,,,,,,,,,,,,,,,
2011-09-01,,0.849,0.8511,,,,,,,,,,,,,,,,,,
2011-09-02,,0.8519,0.8492,,,,,,,,,,,,,,,,,,
2011-09-05,,0.8363,0.8322,,,,,,,,,,,,,,,,,,
2011-09-06,,0.83,0.8225,,,,,,,,,,,,,,,,,,
2011-09-07,,0.8303,0.8287,,,,,,,,,,,,,,,,,,
2011-09-08,,0.8349,0.8355,,,,,,,,,,,,,,,,,,
2011-09-09,,0.8285,0.821,,,,,,,,,,,,,,,,,,
2011-09-12,,0.8198,0.8209,,,,,,,,,,,,,,,,,,
2011-09-13,,0.8241,0.8232,,,,,,,,,,,,,,,,,,
2011-09-14,,0.8246,0.8215,,,,,,,,,,,,,,,,,,
2011-09-15,,0.8216,0.8248,,,,,,,,,,,,,,,,,,
2011-09-16,,0.8297,0.8307,,,,,,,,,,,,,,,,,,
2011-09-19,,0.8235,0.8222,,,,,,,,,,,,,,,,,,
2011-09-20,,0.824,0.8254,,,,,,,,,,,,,,,,,,
2011-09-21,,0.8206,0.8145,,,,,,,,,,,,,,,,,,
2011-09-22,,0.7839,0.7792,,,,,,,,,,,,,,,,,,
2011-09-23,,0.7737,0.7785,,,,,,,,,,,,,,,,,,
2011-09-26,,0.7778,0.7711,,,,,,,,,,,,,,,,,,
2011-09-27,,0.7884,0.7931,,,,,,,,,,,,,,,,,,
2011-09-28,,0.7865,0.7857,,,,,,,,,,,,,,,,,,
2011-09-29,,0.779,0.7768,,,,,,,,,,,,,,,,,,
2011-09-30,,0.7645,0.7672,,,,,,,,,,,,,,,,,,
2011-10-03,,0.762,0.7626,,,,,,,,,,,,,,,,,,
2011-10-04,,0.7502,0.7539,,,,,,,,,,,,,,,,,,
2011-10-05,,0.7607,0.7625,,,,,,,,,,,,,,,,,,
2011-10-06,,0.7683,0.768,,,,,,,,,,,,,,,,,,
2011-10-07,,0.7729,0.7759,,,,,,,,,,,,,,,,,,
2011-10-10,,0.7799,0.785,,,,,,,,,,,,,,,,,,
2011-10-11,,0.7792,0.7823,,,,,,,,,,,,,,,,,,
2011-10-12,,0.7924,0.7965,,,,,,,,,,,,,,,,,,
2011-10-13,,0.7916,0.792,,,,,,,,,,,,,,,,,,
2011-10-14,,0.7967,0.8015,,,,,,,,,,,,,,,,,,
2011-10-17,,0.8002,0.7972,,,,,,,,,,,,,,,,,,
2011-10-18,,0.7869,0.7926,,,,,,,,,,,,,,,,,,
2011-10-19,,0.798,0.795,,,,,,,,,,,,,,,,,,
2011-10-20,,0.7976,0.7881,,,,,,,,,,,,,,,,,,
2011-10-21,,0.7979,0.8013,,,,,,,,,,,,,,,,,,
2011-10-24,,0.8038,0.8076,,,,,,,,,,,,,,,,,,
2011-10-25,,0.8032,0.7965,,,,,,,,,,,,,,,,,,
2011-10-26,,0.7958,0.7922,,,,,,,,,,,,,,,,,,
2011-10-27,,0.8135,0.8189,,,,,,,,,,,,,,,,,,
2011-10-28,,0.8172,0.8214,,,,,,,,,,,,,,,,,,
2011-10-31,,0.8133,0.8118,,,,,,,,,,,,,,,,,,
2011-11-01,,0.7934,0.7938,,,,,,,,,,,,,,,,,,
2011-11-02,,0.7927,0.7922,,,,,,,,,,,,,,,,,,
2011-11-03,,0.7916,0.7891,,,,,,,,,,,,,,,,,,
2011-11-04,,0.7922,0.7926,,,,,,,,,,,,,,,,,,
2011-11-07,,0.7953,0.7935,,,,,,,,,,,,,,,,,,
2011-11-08,,0.795,0.7952,,,,,,,,,,,,,,,,,,
2011-11-09,,0.7866,0.7853,,,,,,,,,,,,,,,,,,
2011-11-10,,0.7817,0.7778,,,,,,,,,,,,,,,,,,
2011-11-11,,0.7783,0.7856,,,,,,,,,,,,,,,,,,
2011-11-14,,0.7823,0.7772,,,,,,,,,,,,,,,,,,
2011-11-15,,0.7703,0.7706,,,,,,,,,,,,,,,,,,
2011-11-16,,0.7659,0.7684,,,,,,,,,,,,,,,,,,
2011-11-17,,0.7638,0.7579,,,,,,,,,,,,,,,,,,
2011-11-18,,0.7632,0.7571,,,,,,,,,,,,,,,,,,
2011-11-21,,0.7503,0.7476,,,,,,,,,,,,,,,,,,
2011-11-22,,0.7456,0.7481,,,,,,,,,,,,,,,,,,
2011-11-23,,0.7411,0.7414,,,,,,,,,,,,,,,,,,
2011-11-24,,0.7419,0.7406,,,,,,,,,,,,,,,,,,
2011-11-25,,0.7385,0.7387,,,,,,,,,,,,,,,,,,
2011-11-28,,0.7563,0.7546,,,,,,,,,,,,,,,,,,
2011-11-29,,0.7606,0.7616,,,,,,,,,,,,,,,,,,
2011-11-30,,0.7793,0.778,,,,,,,,,,,,,,,,,,
2011-12-01,,0.7767,0.7767,,,,,,,,,,,,,,,,,,
2011-12-02,,0.7805,0.7777,,,,,,,,,,,,,,,,,,
2011-12-05,,0.78184,0.78205,,,,,,,,,,,,,,,,,,
2011-12-06,,0.77708,0.7792,,,,,,,,,,,,,,,,,,
2011-12-07,,0.77598,0.77914,,,,,,,,,,,,,,,,,,
2011-12-08,,0.78223,0.77255,,,,,,,,,,,,,,,,,,
2011-12-09,,0.76808,0.77306,,,,,,,,,,,,,,,,,,
2011-12-12,,0.76308,0.76233,,,,,,,,,,,,,,,,,,
2011-12-13,,0.76469,0.76242,,,,,,,,,,,,,,,,,,
2011-12-14,,0.75124,0.75178,,,,,,,,,,,,,,,,,,
2011-12-15,,0.75475,0.75399,,,,,,,,,,,,,,,,,,
2011-12-16,,0.76292,0.76119,,,,,,,,,,,,,,,,,,
2011-12-19,,0.76143,0.75768,,,,,,,,,,,,,,,,,,
2011-12-20,,0.76476,0.76993,,,,,,,,,,,,,,,,,,
2011-12-21,,0.76874,0.76897,,,,,,,,,,,,,,,,,,
2011-12-22,,0.77058,0.77412,,,,,,,,,,,,,,,,,,
2011-12-23,,0.77387,0.77462,,,,,,,,,,,,,,,,,,
2011-12-26,,0.77379,0.77379,,,,,,,,,,,,,,,,,,
2011-12-27,,0.77314,0.77156,,,,,,,,,,,,,,,,,,
2011-12-28,,0.77719,0.76864,,,,,,,,,,,,,,,,,,
2011-12-29,,0.7673,0.7709,,,,,,,,,,,,,,,,,,
2011-12-30,,0.77379,0.78,,,,,,,,,,,,,,,,,,
2012-01-02,,0.77779,0.77824,,,,,,,,,,,,,,,,,,
2012-01-03,,0.78682,0.78899,,,,,,,,,,,,,,,,,,
2012-01-04,,0.78618,0.78759,,,,,,,,,,,,,,,,,,
2012-01-05,,0.78278,0.78066,,,,,,,,,,,,,,,,,,
2012-01-06,,0.78068,0.78107,,,,,,,,,,,,,,,,,,
2012-01-09,,0.78618,0.78508,,,,,,,,,,,,,,,,,,
2012-01-10,,0.794,0.79347,,,,,,,,,,,,,,,,,,
2012-01-11,,0.79418,0.79485,,,,,,,,,,,,,,,,,,
2012-01-12,,0.7943,0.79344,,,,,,,,,,,,,,,,,,
2012-01-13,,0.79196,0.79196,,,,,,,,,,,,,,,,,,
2012-01-16,,0.79314,0.79516,,,,,,,,,,,,,,,,,,
2012-01-17,,0.79859,0.79954,,,,,,,,,,,,,,,,,,
2012-01-18,,0.80396,0.80723,,,,,,,,,,,,,,,,,,
2012-01-19,,0.8023,0.80161,,,,,,,,,,,,,,,,,,
2012-01-20,,0.80507,0.80531,,,,,,,,,,,,,,,,,,
2012-01-23,,0.81252,0.8099,,,,,,,,,,,,,,,,,,
2012-01-24,,0.80571,0.81034,,,,,,,,,,,,,,,,,,
2012-01-25,,0.80477,0.81046,,,,,,,,,,,,,,,,,,
2012-01-26,,0.8213,0.81967,,,,,,,,,,,,,,,,,,
2012-01-27,,0.82054,0.82315,,,,,,,,,,,,,,,,,,
2012-01-30,,0.81584,0.81955,,,,,,,,,,,,,,,,,,
2012-01-31,,0.82762,0.82549,,,,,,,,,,,,,,,,,,
2012-02-01,,0.83206,0.83388,,,,,,,,,,,,,,,,,,
2012-02-02,,0.83335,0.83377,,,,,,,,,,,,,,,,,,
2012-02-03,,0.83406,0.83653,,,,,,,,,,,,,,,,,,
2012-02-06,,0.83002,0.83438,,,,,,,,,,,,,,,,,,
2012-02-07,,0.83306,0.83576,,,,,,,,,,,,,,,,,,
2012-02-08,,0.83875,0.8342,,,,,,,,,,,,,,,,,,
2012-02-09,,0.83469,0.83604,,,,,,,,,,,,,,,,,,
2012-02-10,,0.8269,0.82782,,,,,,,,,,,,,,,,,,
2012-02-13,,0.83461,0.83506,,,,,,,,,,,,,,,,,,
2012-02-14,,0.83129,0.82989,,,,,,,,,,,,,,,,,,
2012-02-15,,0.83801,0.83477,,,,,,,,,,,,,,,,,,
2012-02-16,,0.82821,0.83229,,,,,,,,,,,,,,,,,,
2012-02-17,,0.83515,0.83383,,,,,,,,,,,,,,,,,,
2012-02-20,,0.83919,0.83893,,,,,,,,,,,,,,,,,,
2012-02-21,,0.83547,0.83531,,,,,,,,,,,,,,,,,,
2012-02-22,,0.82848,0.82821,,,,,,,,,,,,,,,,,,
2012-02-23,,0.83446,0.83299,,,,,,,,,,,,,,,,,,
2012-02-24,,0.83614,0.83643,,,,,,,,,,,,,,,,,,
2012-02-27,,0.8344,0.84123,,,,,,,,,,,,,,,,,,
2012-02-28,,0.83656,0.83623,,,,,,,,,,,,,,,,,,
2012-02-29,,0.84556,0.83931,,,,,,,,,,,,,,,,,,
2012-03-01,,0.83526,0.83905,,,,,,,,,,,,,,,,,,
2012-03-02,,0.83292,0.82959,,,,,,,,,,,,,,,,,,
2012-03-05,,0.82384,0.82086,,,,,,,,,,,,,,,,,,
2012-03-06,,0.81281,0.81061,,,,,,,,,,,,,,,,,,
2012-03-07,,0.81727,0.81936,,,,,,,,,,,,,,,,,,
2012-03-08,,0.82402,0.82505,,,,,,,,,,,,,,,,,,
2012-03-09,,0.82153,0.82149,,,,,,,,,,,,,,,,,,
2012-03-12,,0.81656,0.81729,,,,,,,,,,,,,,,,,,
2012-03-13,,0.82184,0.82257,,,,,,,,,,,,,,,,,,
2012-03-14,,0.81274,0.8089,,,,,,,,,,,,,,,,,,
2012-03-15,,0.8158,0.81895,,,,,,,,,,,,,,,,,,
2012-03-16,,0.81904,0.82448,,,,,,,,,,,,,,,,,,
2012-03-19,,0.82493,0.82543,,,,,,,,,,,,,,,,,,
2012-03-20,,0.81605,0.81724,,,,,,,,,,,,,,,,,,
2012-03-21,,0.81685,0.81367,,,,,,,,,,,,,,,,,,
2012-03-22,,0.808,0.80818,,,,,,,,,,,,,,,,,,
2012-03-23,,0.81147,0.81712,,,,,,,,,,,,,,,,,,
2012-03-26,,0.81818,0.82066,,,,,,,,,,,,,,,,,,
2012-03-27,,0.82264,0.8213,,,,,,,,,,,,,,,,,,
2012-03-28,,0.81915,0.81611,,,,,,,,,,,,,,,,,,
2012-03-29,,0.81486,0.81296,,,,,,,,,,,,,,,,,,
2012-03-30,,0.82203,0.81973,,,,,,,,,,,,,,,,,,
2012-04-02,,0.81995,0.82367,,,,,,,,,,,,,,,,,,
2012-04-03,,0.82147,0.82325,,,,,,,,,,,,,,,,,,
2012-04-04,,0.81436,0.81378,,,,,,,,,,,,,,,,,,
2012-04-05,,0.81586,0.81604,,,,,,,,,,,,,,,,,,
2012-04-06,,0.81769,0.81932,,,,,,,,,,,,,,,,,,
2012-04-09,,0.81857,0.82263,,,,,,,,,,,,,,,,,,
2012-04-10,,0.81705,0.81288,,,,,,,,,,,,,,,,,,
2012-04-11,,0.81921,0.81792,,,,,,,,,,,,,,,,,,
2012-04-12,,0.82238,0.82698,,,,,,,,,,,,,,,,,,
2012-04-13,,0.82926,0.82402,,,,,,,,,,,,,,,,,,
2012-04-16,,0.81804,0.81882,,,,,,,,,,,,,,,,,,
2012-04-17,,0.81923,0.8221,,,,,,,,,,,,,,,,,,
2012-04-18,,0.81695,0.81678,,,,,,,,,,,,,,,,,,
2012-04-19,,0.8162,0.81456,,,,,,,,,,,,,,,,,,
2012-04-20,,0.8143,0.81728,,,,,,,,,,,,,,,,,,
2012-04-23,,0.81115,0.81119,,,,,,,,,,,,,,,,,,
2012-04-24,,0.81344,0.81147,,,,,,,,,,,,,,,,,,
2012-04-25,,0.81408,0.81311,,,,,,,,,,,,,,,,,,
2012-04-26,,0.81575,0.81417,,,,,,,,,,,,,,,,,,
2012-04-27,,0.81783,0.81978,,,,,,,,,,,,,,,,,,
2012-04-30,,0.8197,0.81727,,,,,,,,,,,,,,,,,,
2012-05-01,,0.81335,0.81542,,,,,,,,,,,,,,,,,,
2012-05-02,,0.81234,0.80904,,,,,,,,,,,,,,,,,,
2012-05-03,,0.80191,0.80011,,,,,,,,,,,,,,,,,,
2012-05-04,,0.79845,0.79481,,,,,,,,,,,,,,,,,,
2012-05-07,,0.79586,0.79552,,,,,,,,,,,,,,,,,,
2012-05-08,,0.7918,0.78715,,,,,,,,,,,,,,,,,,
2012-05-09,,0.78534,0.78441,,,,,,,,,,,,,,,,,,
2012-05-10,,0.78818,0.78664,,,,,,,,,,,,,,,,,,
2012-05-11,,0.78577,0.78657,,,,,,,,,,,,,,,,,,
2012-05-14,,0.77784,0.77953,,,,,,,,,,,,,,,,,,
2012-05-15,,0.77537,0.77228,,,,,,,,,,,,,,,,,,
2012-05-16,,0.76667,0.76566,,,,,,,,,,,,,,,,,,
2012-05-17,,0.76399,0.7657,,,,,,,,,,,,,,,,,,
2012-05-18,,0.75907,0.75448,,,,,,,,,,,,,,,,,,
2012-05-21,,0.75764,0.75983,,,,,,,,,,,,,,,,,,
2012-05-22,,0.76184,0.76015,,,,,,,,,,,,,,,,,,
2012-05-23,,0.75073,0.74683,,,,,,,,,,,,,,,,,,
2012-05-24,,0.75422,0.75277,,,,,,,,,,,,,,,,,,
2012-05-25,,0.75767,0.75554,,,,,,,,,,,,,,,,,,
2012-05-28,,0.76271,0.7601,,,,,,,,,,,,,,,,,,
2012-05-29,,0.75995,0.76,,,,,,,,,,,,,,,,,,
2012-05-30,,0.75857,0.75499,,,,,,,,,,,,,,,,,,
2012-05-31,,0.75464,0.75264,,,,,,,,,,,,,,,,,,
2012-06-01,,0.75019,0.75338,,,,,,,,,,,,,,,,,,
2012-06-04,,0.75699,0.75639,,,,,,,,,,,,,,,,,,
2012-06-05,,0.75321,0.75468,,,,,,,,,,,,,,,,,,
2012-06-06,,0.76272,0.76821,,,,,,,,,,,,,,,,,,
2012-06-07,,0.7735,0.77086,,,,,,,,,,,,,,,,,,
2012-06-08,,0.76438,0.7669,,,,,,,,,,,,,,,,,,
2012-06-11,,0.77331,0.77296,,,,,,,,,,,,,,,,,,
2012-06-12,,0.77525,0.77552,,,,,,,,,,,,,,,,,,
2012-06-13,,0.77894,0.77782,,,,,,,,,,,,,,,,,,
2012-06-14,,0.77798,0.78147,,,,,,,,,,,,,,,,,,
2012-06-15,,0.78516,0.78734,,,,,,,,,,,,,,,,,,
2012-06-18,,0.79075,0.79015,,,,,,,,,,,,,,,,,,
2012-06-19,,0.79634,0.79886,,,,,,,,,,,,,,,,,,
2012-06-20,,0.79746,0.79606,,,,,,,,,,,,,,,,,,
2012-06-21,,0.79923,0.79241,,,,,,,,,,,,,,,,,,
2012-06-22,,0.78953,0.79024,,,,,,,,,,,,,,,,,,
2012-06-25,,0.78587,0.78535,,,,,,,,,,,,,,,,,,
2012-06-26,,0.79148,0.79076,,,,,,,,,,,,,,,,,,
2012-06-27,,0.78945,0.79044,,,,,,,,,,,,,,,,,,
2012-06-28,,0.78975,0.78613,,,,,,,,,,,,,,,,,,
2012-06-29,,0.7988,0.80219,,,,,,,,,,,,,,,,,,
2012-07-02,,0.80347,0.80252,,,,,,,,,,,,,,,,,,
2012-07-03,,0.80192,0.80565,,,,,,,,,,,,,,,,,,
2012-07-04,,0.8034,0.80399,,,,,,,,,,,,,,,,,,
2012-07-05,,0.80387,0.80451,,,,,,,,,,,,,,,,,,
2012-07-06,,0.80168,0.79599,,,,,,,,,,,,,,,,,,
2012-07-09,,0.7941,0.79528,,,,,,,,,,,,,,,,,,
2012-07-10,,0.79703,0.79657,,,,,,,,,,,,,,,,,,
2012-07-11,,0.79783,0.79811,,,,,,,,,,,,,,,,,,
2012-07-12,,0.78779,0.78996,,,,,,,,,,,,,,,,,,
2012-07-13,,0.79093,0.79453,,,,,,,,,,,,,,,,,,
2012-07-16,,0.79549,0.79675,,,,,,,,,,,,,,,,,,
2012-07-17,,0.79753,0.79569,,,,,,,,,,,,,,,,,,
2012-07-18,,0.79446,0.7989,,,,,,,,,,,,,,,,,,
2012-07-19,,0.80455,0.80295,,,,,,,,,,,,,,,,,,
2012-07-20,,0.80043,0.79876,,,,,,,,,,,,,,,,,,
2012-07-23,,0.79113,0.78878,,,,,,,,,,,,,,,,,,
2012-07-24,,0.79027,0.78704,,,,,,,,,,,,,,,,,,
2012-07-25,,0.78732,0.78583,,,,,,,,,,,,,,,,,,
2012-07-26,,0.79857,0.80141,,,,,,,,,,,,,,,,,,
2012-07-27,,0.80529,0.80721,,,,,,,,,,,,,,,,,,
2012-07-30,,0.80925,0.80826,,,,,,,,,,,,,,,,,,
2012-07-31,,0.80964,0.81105,,,,,,,,,,,,,,,,,,
2012-08-01,,0.81158,0.81217,,,,,,,,,,,,,,,,,,
2012-08-02,,0.81249,0.80882,,,,,,,,,,,,,,,,,,
2012-08-03,,0.81433,0.81949,,,,,,,,,,,,,,,,,,
2012-08-06,,0.819,0.8215,,,,,,,,,,,,,,,,,,
2012-08-07,,0.82112,0.81731,,,,,,,,,,,,,,,,,,
2012-08-08,,0.81376,0.81515,,,,,,,,,,,,,,,,,,
2012-08-09,,0.81115,0.81044,,,,,,,,,,,,,,,,,,
2012-08-10,,0.80915,0.81241,,,,,,,,,,,,,,,,,,
2012-08-13,,0.81174,0.80809,,,,,,,,,,,,,,,,,,
2012-08-14,,0.809,0.80698,,,,,,,,,,,,,,,,,,
2012-08-15,,0.80456,0.80711,,,,,,,,,,,,,,,,,,
2012-08-16,,0.80751,0.8096,,,,,,,,,,,,,,,,,,
2012-08-17,,0.80653,0.80767,,,,,,,,,,,,,,,,,,
2012-08-20,,0.80796,0.80985,,,,,,,,,,,,,,,,,,
2012-08-21,,0.81359,0.81173,,,,,,,,,,,,,,,,,,
2012-08-22,,0.8092,0.80963,,,,,,,,,,,,,,,,,,
2012-08-23,,0.81587,0.81587,,,,,,,,,,,,,,,,,,
2012-08-24,,0.80997,0.81123,,,,,,,,,,,,,,,,,,
2012-08-27,,0.81032,0.80952,,,,,,,,,,,,,,,,,,
2012-08-28,,0.80719,0.80559,,,,,,,,,,,,,,,,,,
2012-08-29,,0.80309,0.80238,,,,,,,,,,,,,,,,,,
2012-08-30,,0.8003,0.7985,,,,,,,,,,,,,,,,,,
2012-08-31,,0.80256,0.80332,,,,,,,,,,,,,,,,,,
2012-09-03,,0.79764,0.79744,,,,,,,,,,,,,,,,,,
2012-09-04,,0.79554,0.79401,,,,,,,,,,,,,,,,,,
2012-09-05,,0.79421,0.79492,,,,,,,,,,,,,,,,,,
2012-09-06,,0.79765,0.80139,,,,,,,,,,,,,,,,,,
2012-09-07,,0.8037,0.8109,,,,,,,,,,,,,,,,,,
2012-09-10,,0.81031,0.81082,,,,,,,,,,,,,,,,,,
2012-09-11,,0.81452,0.81812,,,,,,,,,,,,,,,,,,
2012-09-12,,0.81928,0.81925,,,,,,,,,,,,,,,,,,
2012-09-13,,0.82311,0.82326,,,,,,,,,,,,,,,,,,
2012-09-14,,0.83277,0.82902,,,,,,,,,,,,,,,,,,
2012-09-17,,0.82898,0.82709,,,,,,,,,,,,,,,,,,
2012-09-18,,0.82664,0.82769,,,,,,,,,,,,,,,,,,
2012-09-19,,0.82679,0.82839,,,,,,,,,,,,,,,,,,
2012-09-20,,0.82351,0.82702,,,,,,,,,,,,,,,,,,
2012-09-21,,0.8322,0.83016,,,,,,,,,,,,,,,,,,
2012-09-24,,0.82091,0.82139,,,,,,,,,,,,,,,,,,
2012-09-25,,0.82442,0.82729,,,,,,,,,,,,,,,,,,
2012-09-26,,0.82038,0.8234,,,,,,,,,,,,,,,,,,
2012-09-27,,0.82844,0.83146,,,,,,,,,,,,,,,,,,
2012-09-28,,0.8324,0.82917,,,,,,,,,,,,,,,,,,
2012-10-01,,0.82908,0.82863,,,,,,,,,,,,,,,,,,
2012-10-02,,0.83236,0.83077,,,,,,,,,,,,,,,,,,
2012-10-03,,0.82192,0.82006,,,,,,,,,,,,,,,,,,
2012-10-04,,0.82043,0.81884,,,,,,,,,,,,,,,,,,
2012-10-05,,0.82407,0.8228,,,,,,,,,,,,,,,,,,
2012-10-08,,0.81755,0.82151,,,,,,,,,,,,,,,,,,
2012-10-09,,0.82124,0.81666,,,,,,,,,,,,,,,,,,
2012-10-10,,0.82003,0.81745,,,,,,,,,,,,,,,,,,
2012-10-11,,0.81733,0.81725,,,,,,,,,,,,,,,,,,
2012-10-12,,0.82043,0.81697,,,,,,,,,,,,,,,,,,
2012-10-15,,0.81582,0.81887,,,,,,,,,,,,,,,,,,
2012-10-16,,0.81521,0.81348,,,,,,,,,,,,,,,,,,
2012-10-17,,0.81915,0.82156,,,,,,,,,,,,,,,,,,
2012-10-18,,0.82047,0.82239,,,,,,,,,,,,,,,,,,
2012-10-19,,0.81949,0.81586,,,,,,,,,,,,,,,,,,
2012-10-22,,0.81821,0.81727,,,,,,,,,,,,,,,,,,
2012-10-23,,0.81248,0.81127,,,,,,,,,,,,,,,,,,
2012-10-24,,0.81435,0.81488,,,,,,,,,,,,,,,,,,
2012-10-25,,0.82383,0.8204,,,,,,,,,,,,,,,,,,
2012-10-26,,0.82003,0.82222,,,,,,,,,,,,,,,,,,
2012-10-29,,0.81955,0.81886,,,,,,,,,,,,,,,,,,
2012-10-30,,0.82134,0.82061,,,,,,,,,,,,,,,,,,
2012-10-31,,0.82217,0.82203,,,,,,,,,,,,,,,,,,
2012-11-01,,0.82428,0.82663,,,,,,,,,,,,,,,,,,
2012-11-02,,0.8266,0.826,,,,,,,,,,,,,,,,,,
2012-11-05,,0.82382,0.82428,,,,,,,,,,,,,,,,,,
2012-11-06,,0.82821,0.82714,,,,,,,,,,,,,,,,,,
2012-11-07,,0.82749,0.8251,,,,,,,,,,,,,,,,,,
2012-11-08,,0.81783,0.81719,,,,,,,,,,,,,,,,,,
2012-11-09,,0.81369,0.81524,,,,,,,,,,,,,,,,,,
2012-11-12,,0.81675,0.81775,,,,,,,,,,,,,,,,,,
2012-11-13,,0.81603,0.81921,,,,,,,,,,,,,,,,,,
2012-11-14,,0.81207,0.81079,,,,,,,,,,,,,,,,,,
2012-11-15,,0.81106,0.80826,,,,,,,,,,,,,,,,,,
2012-11-16,,0.80921,0.80968,,,,,,,,,,,,,,,,,,
2012-11-19,,0.81749,0.81784,,,,,,,,,,,,,,,,,,
2012-11-20,,0.8162,0.81609,,,,,,,,,,,,,,,,,,
2012-11-21,,0.81299,0.8126,,,,,,,,,,,,,,,,,,
2012-11-22,,0.81513,0.81489,,,,,,,,,,,,,,,,,,
2012-11-23,,0.8189,0.8244,,,,,,,,,,,,,,,,,,
2012-11-26,,0.82273,0.82192,,,,,,,,,,,,,,,,,,
2012-11-27,,0.82283,0.82056,,,,,,,,,,,,,,,,,,
2012-11-28,,0.81972,0.8235,,,,,,,,,,,,,,,,,,
2012-11-29,,0.82321,0.82177,,,,,,,,,,,,,,,,,,
2012-11-30,,0.81814,0.81945,,,,,,,,,,,,,,,,,,
2012-12-03,,0.82191,0.821,,,,,,,,,,,,,,,,,,
2012-12-04,,0.8252,0.82405,,,,,,,,,,,,,,,,,,
2012-12-05,,0.82493,0.8259,,,,,,,,,,,,,,,,,,
2012-12-06,,0.83294,0.83126,,,,,,,,,,,,,,,,,,
2012-12-07,,0.83205,0.83263,,,,,,,,,,,,,,,,,,
2012-12-10,,0.83454,0.83369,,,,,,,,,,,,,,,,,,
2012-12-11,,0.83775,0.83843,,,,,,,,,,,,,,,,,,
2012-12-12,,0.84085,0.84447,,,,,,,,,,,,,,,,,,
2012-12-13,,0.8449,0.84304,,,,,,,,,,,,,,,,,,
2012-12-14,,0.84058,0.84656,,,,,,,,,,,,,,,,,,
2012-12-17,,0.84313,0.84377,,,,,,,,,,,,,,,,,,
2012-12-18,,0.84131,0.84234,,,,,,,,,,,,,,,,,,
2012-12-19,,0.83566,0.83669,,,,,,,,,,,,,,,,,,
2012-12-20,,0.83426,0.83373,,,,,,,,,,,,,,,,,,
2012-12-21,,0.82421,0.82432,,,,,,,,,,,,,,,,,,
2012-12-24,,0.82242,0.822,,,,,,,,,,,,,,,,,,
2012-12-26,,0.81705,0.81656,,,,,,,,,,,,,,,,,,
2012-12-27,,0.81924,0.81663,,,,,,,,,,,,,,,,,,
2012-12-28,,0.82162,0.82075,,,,,,,,,,,,,,,,,,
2012-12-31,,0.82185,0.82619,,,,,,,,,,,,,,,,,,
2013-01-02,,0.83668,0.83137,,,,,,,,,,,,,,,,,,
2013-01-03,0.0021156003890464674,0.83487,0.8323,116.0,-0.003539741755392009,0.83192,0.83211,0.83294,0.83262,,,,,,,,,,,,
2013-01-04,0.00210701567902367,0.82572,0.82998,58.0,0.0031921095009955864,0.82836,0.82827,0.82771,0.82742,,,,,,,,,,,,
2013-01-07,0.0022428424184792184,0.83538,0.8353,,,,,,,,,,,,,,,,,,
2013-01-08,0.002311841673791873,0.83582,0.83442,,,,,,,,,,,,,,,,,,
2013-01-09,0.0023597889118551064,0.83885,0.83848,,,,,,,,,,,,,,,,,,
2013-01-10,0.0023423061165937474,0.84403,0.84406,,,,,,,,,,,,,,,,,,
2013-01-11,0.002310024910334344,0.83989,0.83778,145.0,-0.0035543930550698886,0.83691,0.83685,0.83681,0.83731,,,,,,,,,,,,
2013-01-14,0.002288091720280103,0.84224,0.83946,151.0,-0.0034848835482266995,0.83931,0.83931,0.8393,0.83949,,,,,,,,,,,,
2013-01-15,0.00234835968753365,0.83917,0.83875,,,,,,,,,,,,,,,,,,
2013-01-16,0.002311032967586794,0.83887,0.84028,,,,,,,,,,,,,,,,,,
2013-01-17,0.002275052279754272,0.83962,0.84136,,,,,,,,,,,,,,,,,,
2013-01-18,0.0022403395328118927,0.83622,0.83565,,,,,,,,,,,,,,,,,,
2013-01-21,0.00224130287794881,0.8361,0.83654,,,,,,,,,,,,,,,,,,
2013-01-22,0.0021743566451006627,0.84138,0.83988,,,,,,,,,,,,,,,,,,
2013-01-23,0.0021926775204284344,0.84297,0.841,,,,,,,,,,,,,,,,,,
2013-01-24,0.0021583043035364696,0.83958,0.83755,,,,,,,,,,,,,,,,,,
2013-01-25,0.0021349320658611568,0.83825,0.83546,,,,,,,,,,,,,,,,,,
2013-01-28,0.002214278383420496,0.8303,0.83073,,,,,,,,,,,,,,,,,,
2013-01-29,0.0021635198226150347,0.83559,0.83731,,,,,,,,,,,,,,,,,,
2013-01-30,0.002132900784960013,0.83174,0.8315,,,,,,,,,,,,,,,,,,
2013-01-31,0.00210011920592715,0.83863,0.84002,,,,,,,,,,,,,,,,,,
2013-02-01,0.002077222621994058,0.84506,0.84601,,,,,,,,,,,,,,,,,,
2013-02-04,0.002135865511698784,0.84601,0.84522,,,,,,,,,,,,,,,,,,
2013-02-05,0.0021089137282876936,0.84184,0.84506,,,,,,,,,,,,,,,,,,
2013-02-06,0.002118003232685383,0.84095,0.8423,,,,,,,,,,,,,,,,,,
2013-02-07,0.0021022425489475305,0.83618,0.83129,94.0,-0.003162209472132898,0.83354,0.83357,0.83361,0.83367,117.0,-0.00487925729290359,0.83211,0.83199,0.83232,0.83259,139.0,-0.005576523556637018,0.83153,0.83165,0.83056,0.8307
2013-02-08,0.0022455380512744366,0.83682,0.83403,,,,,,,,,,,,,,,,,,
2013-02-11,0.0022134828465034144,0.83301,0.83716,133.0,0.003642773011971503,0.83605,0.83585,0.83631,0.83651,150.0,0.005268148341419728,0.83741,0.83718,0.83698,0.83676,,,,,,
2013-02-12,0.0021593610521406952,0.83694,0.84262,72.0,0.003256574173719331,0.83967,0.83978,0.84001,0.83963,114.0,0.005172158209317509,0.84128,0.84166,0.84115,0.8412,115.0,0.005623748885702857,0.84166,0.84148,0.84111,0.84108
2013-02-13,0.002142066794134612,0.84047,0.84103,,,,,,,,,,,,,,,,,,
2013-02-14,0.0022112457086474043,0.84867,0.84675,,,,,,,,,,,,,,,,,,
2013-02-15,0.0022240756738458336,0.84809,0.84495,113.0,-0.0033898137354940747,0.84522,0.84477,0.84525,0.84554,,,,,,,,,,,,
2013-02-18,0.0022197032405072946,0.8453,0.84508,,,,,,,,,,,,,,,,,,
2013-02-19,0.002230011900999626,0.8439,0.84815,101.0,0.0036666904881334627,0.847,0.84656,0.84641,0.84695,148.0,0.00452818470272689,0.84773,0.84771,0.84732,0.84773,,,,,,
2013-02-20,0.002201872603092526,0.83748,0.8365,,,,,,,,,,,,,,,,,,
2013-02-21,0.0021820869817085957,0.83433,0.83451,,,,,,,,,,,,,,,,,,
2013-02-22,0.0022657797484964656,0.83832,0.838,42.0,-0.0034413569953930566,0.83544,0.83546,0.83594,0.83564,,,,,,,,,,,,
2013-02-25,0.002259882106208193,0.84017,0.83859,75.0,-0.003397937087158713,0.83732,0.8374,0.83788,0.83873,,,,,,,,,,,,
2013-02-26,0.002191724695029031,0.82844,0.82568,69.0,-0.003506696540169853,0.82554,0.82516,0.82261,0.82385,72.0,-0.004767272208296538,0.8245,0.82342,0.82315,0.82479,73.0,-0.006078015635919551,0.82342,0.82261,0.82315,0.82444
2013-02-27,0.0021774990350651633,0.82384,0.82302,,,,,,,,,,,,,,,,,,
2013-02-28,0.002353315047986504,0.82928,0.82751,,,,,,,,,,,,,,,,,,
2013-03-01,0.0024168288243558724,0.82547,0.82537,84.0,-0.004103042974879576,0.82209,0.82245,0.82334,0.82392,,,,,,,,,,,,
2013-03-04,0.002430830988659432,0.82255,0.82305,,,,,,,,,,,,,,,,,,
2013-03-05,0.0024023347546199337,0.82669,0.82969,,,,,,,,,,,,,,,,,,
2013-03-06,0.0025240971002102254,0.83331,0.82798,170.0,-0.003799314442379708,0.83015,0.83007,0.83005,,179.0,-0.005161441499542018,0.82902,0.82863,,,,,,,,
2013-03-07,0.0025106915053612804,0.82917,0.82723,,,,,,,,,,,,,,,,,,
2013-03-08,0.002528895129734954,0.82462,0.81923,43.0,-0.0038637764797428997,0.82144,0.82133,0.82104,0.82032,51.0,-0.005118458862568583,0.82041,0.82068,0.82009,0.82054,73.0,-0.006338105072471377,0.81941,0.81949,0.82004,0.82001
2013-03-11,0.002501870037517061,0.82126,0.82479,,,,,,,,,,,,,,,,,,
2013-03-12,0.0024461749569575928,0.82434,0.82553,,,,,,,,,,,,,,,,,,
2013-03-13,0.0024334808682345485,0.82495,0.82368,,,,,,,,,,,,,,,,,,
2013-03-14,0.002400254987780869,0.81677,0.82039,96.0,0.003934607583401364,0.81999,0.82007,0.82038,0.82011,146.0,0.004982851261942028,0.82085,0.82095,0.82097,0.82033,,,,,,
2013-03-15,0.002443557951474727,0.82213,0.82702,,,,,,,,,,,,,,,,,,
2013-03-18,0.002416268513706908,0.82341,0.82513,,,,,,,,,,,,,,,,,,
2013-03-19,0.002476989214543302,0.82357,0.82368,,,,,,,,,,,,,,,,,,
2013-03-20,0.0024417724075222556,0.8218,0.82213,,,,,,,,,,,,,,,,,,
2013-03-21,0.002407938557327479,0.83279,0.83263,,,,,,,,,,,,,,,,,,
2013-03-22,0.0024092637483403923,0.83157,0.83449,,,,,,,,,,,,,,,,,,
2013-03-25,0.0024177215792667963,0.83646,0.83451,,,,,,,,,,,,,,,,,,
2013-03-26,0.0023749278057879275,0.83449,0.83799,110.0,0.0035766230104574185,0.83748,0.83736,0.83757,0.83736,,,,,,,,,,,,
2013-03-27,0.0023394499482795035,0.83484,0.83549,,,,,,,,,,,,,,,,,,
2013-03-28,0.002326582584510798,0.83703,0.83722,,,,,,,,,,,,,,,,,,
2013-03-29,0.0022975122557376557,0.83614,0.83582,,,,,,,,,,,,,,,,,,
2013-04-01,0.002262380312100655,0.83643,0.83745,,,,,,,,,,,,,,,,,,
2013-04-02,0.002200751643837663,0.84338,0.84236,,,,,,,,,,,,,,,,,,
2013-04-03,0.002196558854607403,0.84395,0.844,,,,,,,,,,,,,,,,,,
2013-04-04,0.002166908915531276,0.83826,0.83789,,,,,,,,,,,,,,,,,,
2013-04-05,0.002133716473045525,0.83954,0.84178,,,,,,,,,,,,,,,,,,
2013-04-08,0.002106297838658335,0.84564,0.84518,,,,,,,,,,,,,,,,,,
2013-04-09,0.002084298871932705,0.84868,0.85097,,,,,,,,,,,,,,,,,,
2013-04-10,0.0021860247462382643,0.85531,0.85646,,,,,,,,,,,,,,,,,,
2013-04-11,0.0021970167041894806,0.86677,0.86466,99.0,-0.0036060648639778315,0.86365,0.86365,0.86407,0.86428,,,,,,,,,,,,
2013-04-12,0.0022171604343097385,0.85966,0.85692,170.0,-0.0035658970581180496,0.8566,0.85627,0.85574,,175.0,-0.004570370553229269,0.85574,0.85582,0.85633,,,,,,,
2013-04-15,0.0022363505550090455,0.84714,0.84811,,,,,,,,,,,,,,,,,,
2013-04-16,0.002389315325560281,0.84862,0.84844,,,,,,,,,,,,,,,,,,
2013-04-17,0.002405306109078904,0.8472,0.84544,,,,,,,,,,,,,,,,,,
2013-04-18,0.0023864374492151715,0.84387,0.84257,,,,,,,,,,,,,,,,,,
2013-04-19,0.002371293105202574,0.84651,0.8433,110.0,-0.003811106518422732,0.84329,0.84346,0.84306,0.8437,,,,,,,,,,,,
2013-04-22,0.002336341643473808,0.843,0.84058,145.0,-0.0037674675986655065,0.83983,0.83946,0.84004,0.84083,,,,,,,,,,,,
2013-04-23,0.002283569509748775,0.84064,0.84071,,,,,,,,,,,,,,,,,,
2013-04-24,0.0023234695336379254,0.84635,0.84503,,,,,,,,,,,,,,,,,,
2013-04-25,0.0023201351368858534,0.85438,0.85147,,,,,,,,,,,,,,,,,,
2013-04-26,0.002496432150192429,0.85044,0.84957,,,,,,,,,,,,,,,,,,
2013-04-29,0.00245520500384757,0.85542,0.85619,,,,,,,,,,,,,,,,,,
2013-04-30,0.0024430296857827776,0.85583,0.85772,,,,,,,,,,,,,,,,,,
2013-05-01,0.0024366679219269033,0.85612,0.84906,78.0,-0.003709624105834004,0.85295,0.8516,0.85132,0.84995,79.0,-0.005293620213038042,0.8516,0.85154,0.8511,0.85016,85.0,-0.006633173660587875,0.85046,0.85032,0.85047,0.84978
2013-05-02,0.0024143404851294428,0.84907,0.84933,61.0,-0.0039060014377205812,0.84576,0.84558,0.84701,0.84699,,,,,,,,,,,,
2013-05-03,0.0025097619563035464,0.85139,0.85395,45.0,-0.004544071106300878,0.84753,0.84765,0.84865,0.85029,,,,,,,,,,,,
2013-05-06,0.0024823884526364057,0.85205,0.85059,146.0,-0.0039040960229338867,0.84873,0.84871,0.84888,0.84919,,,,,,,,,,,,
2013-05-07,0.0024118532757699492,0.84512,0.84414,,,,,,,,,,,,,,,,,,
2013-05-08,0.0023944092791243943,0.84034,0.83936,,,,,,,,,,,,,,,,,,
2013-05-09,0.002617257397031172,0.84571,0.84469,,,,,,,,,,,,,,,,,,
2013-05-10,0.0026800676621447695,0.8312,0.82732,144.0,-0.004183425534192079,0.82773,0.82784,0.82737,0.8266,150.0,-0.0062635597997928736,0.82601,0.82598,0.82618,0.82735,,,,,,
2013-05-13,0.002835532610205767,0.82853,0.82439,,,,,,,,,,,,,,,,,,
2013-05-14,0.0028378171294001268,0.82419,0.82122,,,,,,,,,,,,,,,,,,
2013-05-15,0.002787805541004925,0.82,0.82239,33.0,0.004222778823316908,0.82347,0.82447,0.82346,0.82315,63.0,0.0060063161588987,0.82494,0.82427,0.82372,0.82419,,,,,,
2013-05-16,0.002855907801547955,0.81555,0.81852,41.0,0.0043312356654444,0.81909,0.81981,0.81899,0.81871,,,,,,,,,,,,
2013-05-17,0.0028415817541341095,0.80874,0.80798,,,,,,,,,,,,,,,,,,
2013-05-20,0.003152978143448728,0.81592,0.81493,,,,,,,,,,,,,,,,,,
2013-05-21,0.003118400087639682,0.8146,0.81561,,,,,,,,,,,,,,,,,,
2013-05-22,0.003134985453760564,0.81273,0.80771,123.0,0.004885123619198968,0.81671,0.81769,0.8182,0.81807,128.0,0.006707854427041413,0.8182,0.81889,0.81953,0.81646,130.0,0.008429666295749814,0.81961,0.82028,0.8195,0.8143
2013-05-23,0.003083307220696816,0.8085,0.8162,,,,,,,,,,,,,,,,,,
2013-05-24,0.003288337903234217,0.81038,0.80918,,,,,,,,,,,,,,,,,,
2013-05-27,0.003271262388616532,0.80814,0.80797,,,,,,,,,,,,,,,,,,
2013-05-28,0.0031654264478476655,0.81136,0.80921,,,,,,,,,,,,,,,,,,
2013-05-29,0.0031189225749289895,0.81323,0.81258,,,,,,,,,,,,,,,,,,
2013-05-30,0.0030663427277823905,0.80249,0.80731,127.0,0.005182872118320375,0.80666,0.80688,0.80757,0.80835,131.0,0.00668176062028547,0.80787,0.80757,0.8082,0.80823,150.0,0.007943543612601063,0.80889,0.80858,0.80934,0.80949
2013-05-31,0.003052869102948644,0.79816,0.79666,,,,,,,,,,,,,,,,,,
2013-06-03,0.002996467721075522,0.7986,0.80968,132.0,0.0060920991372264005,0.80348,0.80327,0.80375,0.80443,132.0,0.0060920991372264005,0.80348,0.80327,0.80375,0.80443,142.0,0.00801934917578752,0.80503,0.80432,0.80443,0.80279
2013-06-04,0.003280704168140367,0.80358,0.79911,148.0,-0.005227807810141961,0.79939,0.79938,0.79879,0.79956,,,,,,,,,,,,
2013-06-05,0.003392714976014674,0.80006,0.79437,165.0,-0.005917028671273709,0.79534,0.79559,0.79432,0.79504,170.0,-0.007200322130229211,0.79432,0.79387,0.7946,,,,,,,
2013-06-06,0.0033348770577054532,0.79458,0.80153,,,,,,,,,,,,,,,,,,
2013-06-07,0.003497747474682945,0.79666,0.7878,48.0,-0.005626725988432872,0.79219,0.7911,0.78866,0.78958,49.0,-0.00700360599424555,0.7911,0.79113,0.78873,0.78958,51.0,-0.009484243119089299,0.78914,0.78758,0.78853,0.79049
2013-06-10,0.003495215175539185,0.78964,0.79062,,,,,,,,,,,,,,,,,,
2013-06-11,0.003558483640087396,0.77774,0.78674,117.0,0.005385733165954256,0.78194,0.78212,0.78234,0.78296,125.0,0.007327729432345168,0.78346,0.78261,0.78296,0.783,152.0,0.008909201040397887,0.7847,0.78408,0.78468,0.78446
2013-06-12,0.0035646126008855557,0.79898,0.79727,160.0,-0.005635514798726085,0.79449,0.79481,0.79491,0.79587,,,,,,,,,,,,
2013-06-13,0.003505805514462647,0.7986,0.80318,,,,,,,,,,,,,,,,,,
2013-06-14,0.0034466359254694927,0.80852,0.8062,136.0,0.005255054343467557,0.81278,0.81326,0.81269,0.81158,,,,,,,,,,,,
2013-06-17,0.0037329913845482784,0.80728,0.79931,165.0,-0.005664611420330467,0.80272,0.80225,0.80256,0.80236,,,,,,,,,,,,
2013-06-18,0.0036302795004920915,0.79702,0.7999,,,,,,,,,,,,,,,,,,
2013-06-19,0.0036932529867491543,0.79954,0.80387,159.0,0.006258981844194924,0.80456,0.80429,0.80396,0.80444,,,,,,,,,,,,
2013-06-20,0.0036273402199608275,0.77944,0.77225,87.0,-0.0056868776451065965,0.77502,0.77549,0.77531,0.77567,121.0,-0.007934505020311927,0.77328,0.77303,0.77428,0.77434,167.0,-0.009202637541867639,0.7723,0.77233,0.7723,
2013-06-21,0.0037789595619593264,0.77606,0.771,148.0,-0.006048718230003506,0.77138,0.77145,0.77132,0.77146,,,,,,,,,,,,
2013-06-24,0.003782960821587498,0.77191,0.7734,56.0,0.006199087408743304,0.77671,0.77657,0.77772,0.7757,59.0,0.007871414648340872,0.77801,0.77777,0.77727,0.77539,,,,,,
2013-06-25,0.0037052310092312835,0.77511,0.77292,135.0,-0.005900409183943671,0.77055,0.77076,0.77023,0.77161,,,,,,,,,,,,
2013-06-26,0.0036449013686895545,0.77684,0.78141,32.0,0.006773772500823541,0.78212,0.78245,0.78203,0.78112,36.0,0.007859972123300469,0.78297,0.78203,0.78177,0.78148,107.0,0.009314907673622802,0.78411,0.78441,0.78451,0.7851
2013-06-27,0.0035997812825410733,0.78303,0.7781,179.0,-0.005853400339697027,0.77846,0.77862,,,,,,,,,,,,,,
2013-06-28,0.00373665579957213,0.77846,0.77488,111.0,-0.006068785094576152,0.77375,0.77396,0.77296,0.77201,120.0,-0.007543215636655356,0.77261,0.7728,0.77268,0.77301,,,,,,
2013-07-01,0.00368604282783551,0.77656,0.78249,,,,,,,,,,,,,,,,,,
2013-07-02,0.003639160482290075,0.77713,0.77567,,,,,,,,,,,,,,,,,,
2013-07-03,0.003623751546008315,0.77483,0.77747,,,,,,,,,,,,,,,,,,
2013-07-04,0.0036272107353957864,0.77953,0.78499,107.0,0.005539259009696055,0.78386,0.78369,0.78394,0.7829,179.0,0.0074765031219660195,0.78538,0.78534,,,,,,,,
2013-07-05,0.0035878218927809,0.78337,0.77121,30.0,-0.009800604390880622,0.77573,0.77618,0.77685,0.77628,30.0,-0.009800604390880622,0.77573,0.77618,0.77685,0.77628,30.0,-0.009800604390880622,0.77573,0.77618,0.77685,0.77628
2013-07-08,0.0036112132799211542,0.77503,0.78,121.0,0.005776607359856759,0.77952,0.77935,0.77938,0.77972,143.0,0.007225167705963029,0.78065,0.78065,0.78056,0.7815,,,,,,
2013-07-09,0.0036956161513570147,0.78601,0.78538,,,,,,,,,,,,,,,,,,
2013-07-10,0.003733644017809989,0.78573,0.77894,100.0,-0.005884434760656402,0.78112,0.78129,0.78145,0.78046,,,,,,,,,,,,
2013-07-11,0.0036845882177107795,0.78598,0.7798,125.0,-0.005652219471368546,0.78155,0.78183,0.78163,0.78309,,,,,,,,,,,,
2013-07-12,0.003847768845402218,0.7781,0.7777,,,,,,,,,,,,,,,,,,
2013-07-15,0.0039028663997209825,0.77427,0.78056,62.0,0.005897822803138687,0.77885,0.77827,0.7782,0.77789,124.0,0.008078149433199351,0.78055,0.78046,0.7805,0.78015,,,,,,
2013-07-16,0.003898356026140823,0.78723,0.78774,,,,,,,,,,,,,,,,,,
2013-07-17,0.0038286216498674063,0.78607,0.78869,64.0,0.006833494100978746,0.79146,0.79179,0.79187,0.79191,66.0,0.007856395821129531,0.79227,0.79208,0.79204,0.79212,,,,,,
2013-07-18,0.00384732438992124,0.78842,0.78775,,,,,,,,,,,,,,,,,,
2013-07-19,0.0037816515207393115,0.79553,0.79453,,,,,,,,,,,,,,,,,,
2013-07-22,0.0037414858458487054,0.79318,0.79655,,,,,,,,,,,,,,,,,,
2013-07-23,0.0036188890247461905,0.79705,0.79687,,,,,,,,,,,,,,,,,,
2013-07-24,0.0036243565992116816,0.79777,0.79399,,,,,,,,,,,,,,,,,,
2013-07-25,0.00357623234097547,0.80445,0.80519,,,,,,,,,,,,,,,,,,
2013-07-26,0.003504744057043377,0.80626,0.80685,,,,,,,,,,,,,,,,,,
2013-07-29,0.003691700133545061,0.80742,0.80244,151.0,-0.00634891213404775,0.80231,0.80249,0.80265,0.80286,,,,,,,,,,,,
2013-07-30,0.003575614767296399,0.79961,0.79738,,,,,,,,,,,,,,,,,,
2013-07-31,0.0036062733604526644,0.79833,0.79484,20.0,-0.00557713319594963,0.79389,0.79402,0.79472,0.79395,,,,,,,,,,,,
2013-08-01,0.003579717300396988,0.79435,0.78651,63.0,-0.005503883012929575,0.78999,0.78865,0.78939,0.79025,64.0,-0.007201547232549556,0.78865,0.78937,0.78973,0.79058,145.0,-0.009422994625094834,0.7869,0.78638,0.78684,0.78649
2013-08-02,0.003542155295810558,0.7878,0.78208,39.0,0.005885161741629098,0.79245,0.79267,0.79135,0.78945,,,,,,,,,,,,
2013-08-05,0.0035473879150212636,0.77583,0.77961,,,,,,,,,,,,,,,,,,
2013-08-06,0.0036518701543940594,0.78656,0.78843,,,,,,,,,,,,,,,,,,
2013-08-07,0.0037223845135115497,0.79007,0.79751,97.0,0.00565436752806238,0.79455,0.79453,0.79472,0.79382,135.0,0.008494707261855734,0.79681,0.79693,0.7961,0.79666,,,,,,
2013-08-08,0.003725402377475672,0.7979,0.80316,177.0,0.007392087202714165,0.80382,0.80389,,,178.0,0.007479167584181305,0.80389,0.80364,,,,,,,,
2013-08-09,0.0037262235491005054,0.80173,0.80343,,,,,,,,,,,,,,,,,,
2013-08-12,0.0037061977342115076,0.8006,0.80358,,,,,,,,,,,,,,,,,,
2013-08-13,0.003608249148605347,0.79921,0.79402,91.0,-0.006313603962169694,0.79418,0.79469,0.79512,0.79544,157.0,-0.007271024040343898,0.79342,0.79351,0.79395,0.79378,,,,,,
2013-08-14,0.0036138250390221334,0.80202,0.80312,,,,,,,,,,,,,,,,,,
2013-08-15,0.0035531442230660026,0.80714,0.80433,35.0,-0.005354149824154766,0.80283,0.80252,0.80266,0.80347,109.0,-0.0073366075981215586,0.80124,0.80035,0.80053,0.80124,129.0,-0.00927298268549777,0.79969,0.8002,0.80104,0.80072
2013-08-16,0.0036239365096975454,0.80817,0.81167,,,,,,,,,,,,,,,,,,
2013-08-19,0.0035631102471736717,0.81158,0.80817,,,,,,,,,,,,,,,,,,
2013-08-20,0.003462235464144191,0.79793,0.79866,,,,,,,,,,,,,,,,,,
2013-08-21,0.0036635705167264387,0.79155,0.78838,176.0,-0.005739387464677147,0.78702,0.78714,,,,,,,,,,,,,,
2013-08-22,0.003710508096732035,0.78192,0.78363,,,,,,,,,,,,,,,,,,
2013-08-23,0.00380195294959538,0.7778,0.78149,,,,,,,,,,,,,,,,,,
2013-08-26,0.00374296934085447,0.78162,0.78525,50.0,0.006465580991088292,0.78669,0.7867,0.78696,0.78681,,,,,,,,,,,,
2013-08-27,0.003648579395426663,0.77809,0.77917,,,,,,,,,,,,,,,,,,
2013-08-28,0.00358748082963486,0.77503,0.78021,176.0,0.005776607359856759,0.77952,0.77977,,,,,,,,,,,,,,
2013-08-29,0.0035417641076788014,0.77747,0.77582,,,,,,,,,,,,,,,,,,
2013-08-30,0.003491876048888149,0.77718,0.7725,,,,,,,,,,,,,,,,,,
2013-09-02,0.0034878674892929603,0.7809,0.77996,,,,,,,,,,,,,,,,,,
2013-09-03,0.003470645125510425,0.78054,0.77823,,,,,,,,,,,,,,,,,,
2013-09-04,0.003429161880943531,0.78886,0.79217,,,,,,,,,,,,,,,,,,
2013-09-05,0.003368135644299621,0.78754,0.78967,,,,,,,,,,,,,,,,,,
2013-09-06,0.0034388997060481696,0.79445,0.80035,30.0,0.008185926633244026,0.80098,0.80162,0.80038,0.79968,30.0,0.008185926633244026,0.80098,0.80162,0.80038,0.79968,31.0,0.008984628784776207,0.80162,0.80143,0.80016,0.79963
2013-09-09,0.003394058900568656,0.80046,0.80197,,,,,,,,,,,,,,,,,,
2013-09-10,0.0033874032208966887,0.80537,0.80517,,,,,,,,,,,,,,,,,,
2013-09-11,0.003384918875025437,0.80535,0.80597,,,,,,,,,,,,,,,,,,
2013-09-12,0.0033301851743895443,0.81361,0.81432,,,,,,,,,,,,,,,,,,
2013-09-13,0.0033520195482357636,0.8133,0.81409,,,,,,,,,,,,,,,,,,
2013-09-16,0.003296739572862741,0.82092,0.81817,,,,,,,,,,,,,,,,,,
2013-09-17,0.003270202598381534,0.82102,0.82447,,,,,,,,,,,,,,,,,,
2013-09-18,0.003226983906739331,0.82197,0.82164,,,,,,,,,,,,,,,,,,
2013-09-19,0.0031986016090048584,0.83917,0.83617,,,,,,,,,,,,,,,,,,
2013-09-20,0.0036661402141539325,0.83743,0.83729,,,,,,,,,,,,,,,,,,
2013-09-23,0.003609604878150433,0.8367,0.83753,,,,,,,,,,,,,,,,,,
2013-09-24,0.0034890801436376576,0.8289,0.82907,,,,,,,,,,,,,,,,,,
2013-09-25,0.003453206851063826,0.82287,0.82663,,,,,,,,,,,,,,,,,,
2013-09-26,0.0035119780198514796,0.82969,0.82723,,,,,,,,,,,,,,,,,,
2013-09-27,0.003453738865317747,0.82711,0.82705,,,,,,,,,,,,,,,,,,
2013-09-30,0.0034156581175456046,0.82758,0.83179,163.0,0.005278583426915899,0.83196,0.83245,0.83256,0.83228,,,,,,,,,,,,
2013-10-01,0.0033057675858249426,0.82871,0.82693,,,,,,,,,,,,,,,,,,
2013-10-02,0.0032530172805625085,0.82335,0.82707,,,,,,,,,,,,,,,,,,
2013-10-03,0.0033179158832813646,0.82866,0.82854,,,,,,,,,,,,,,,,,,
2013-10-04,0.0033986212078257845,0.82942,0.83252,145.0,0.005770495202614192,0.83422,0.83365,0.83452,0.83404,,,,,,,,,,,,
2013-10-07,0.0033465516126168237,0.82851,0.83252,,,,,,,,,,,,,,,,,,
2013-10-08,0.0032489103329980504,0.83241,0.82975,,,,,,,,,,,,,,,,,,
2013-10-09,0.003194901548886055,0.83057,0.82906,,,,,,,,,,,,,,,,,,
2013-10-10,0.0031404866907008607,0.82576,0.82975,,,,,,,,,,,,,,,,,,
2013-10-11,0.003123413581712101,0.83476,0.83309,,,,,,,,,,,,,,,,,,
2013-10-14,0.003126761655399348,0.8358,0.83581,,,,,,,,,,,,,,,,,,
2013-10-15,0.0030312312573284868,0.83674,0.83655,,,,,,,,,,,,,,,,,,
2013-10-16,0.0030113585671847124,0.84126,0.84042,,,,,,,,,,,,,,,,,,
2013-10-17,0.002967394291474704,0.84938,0.85088,,,,,,,,,,,,,,,,,,
2013-10-18,0.0029365258246520716,0.84828,0.84935,,,,,,,,,,,,,,,,,,
2013-10-21,0.002915686638051414,0.84596,0.84635,,,,,,,,,,,,,,,,,,
2013-10-22,0.0028495877594249177,0.84581,0.85136,34.0,0.004776881941975769,0.84986,0.84989,0.85055,0.84915,37.0,0.006293628166049313,0.85115,0.85119,0.85013,0.84903,118.0,0.00762036324263556,0.85228,0.85231,0.85269,0.85242
2013-10-23,0.0028626144084206817,0.8362,0.83919,,,,,,,,,,,,,,,,,,
2013-10-24,0.0028354765082296944,0.8365,0.83393,60.0,-0.004445010883130678,0.83279,0.8328,0.8342,0.83385,,,,,,,,,,,,
2013-10-25,0.0028145459221191214,0.83011,0.82801,,,,,,,,,,,,,,,,,,
2013-10-28,0.0030380575054569647,0.83192,0.82811,93.0,-0.005158005120777035,0.82764,0.82767,0.82752,0.8277,,,,,,,,,,,,
2013-10-29,0.0029818540474887694,0.82479,0.82642,,,,,,,,,,,,,,,,,,
2013-10-30,0.0029631251486042154,0.8269,0.82424,,,,,,,,,,,,,,,,,,
2013-10-31,0.0029206373973411923,0.82868,0.82701,,,,,,,,,,,,,,,,,,
2013-11-01,0.002872436985528228,0.82714,0.82261,134.0,-0.0043254182333638145,0.82357,0.82358,0.82213,0.82283,137.0,-0.005856514359626779,0.82231,0.82148,0.82247,0.82282,,,,,,
2013-11-04,0.0028308548272328875,0.82908,0.82822,,,,,,,,,,,,,,,,,,
2013-11-05,0.00273976028521379,0.83026,0.82925,,,,,,,,,,,,,,,,,,
2013-11-06,0.002688137481191225,0.8392,0.83838,,,,,,,,,,,,,,,,,,
2013-11-07,0.002956795887077875,0.83468,0.83393,,,,,,,,,,,,,,,,,,
2013-11-08,0.0029259084871536274,0.82973,0.82584,45.0,-0.004505573142932016,0.826,0.82593,0.82552,0.8261,77.0,-0.005862425454221914,0.82488,0.82502,0.82414,0.82271,84.0,-0.007633948091879477,0.82342,0.82333,0.82276,0.82395
2013-11-11,0.002894631173615858,0.82347,0.82333,,,,,,,,,,,,,,,,,,
2013-11-12,0.0029547373114398225,0.82245,0.82152,,,,,,,,,,,,,,,,,,
2013-11-13,0.0029537540564063703,0.82352,0.82597,,,,,,,,,,,,,,,,,,
2013-11-14,0.0029047247619858425,0.82592,0.82834,140.0,0.004385468559115365,0.82955,0.8295,0.82871,0.82845,,,,,,,,,,,,
2013-11-15,0.002915697848703928,0.83206,0.8323,,,,,,,,,,,,,,,,,,
2013-11-18,0.0028672102680547327,0.83709,0.83591,,,,,,,,,,,,,,,,,,
2013-11-19,0.002819536321770202,0.83341,0.8351,,,,,,,,,,,,,,,,,,
2013-11-20,0.0027852768947857136,0.83117,0.82903,,,,,,,,,,,,,,,,,,
2013-11-21,0.002739637029424307,0.82041,0.81985,,,,,,,,,,,,,,,,,,
2013-11-22,0.002893934842190031,0.81501,0.81526,,,,,,,,,,,,,,,,,,
2013-11-25,0.0028966912539178853,0.82026,0.81966,,,,,,,,,,,,,,,,,,
2013-11-26,0.0028065246378065614,0.81837,0.8183,,,,,,,,,,,,,,,,,,
2013-11-27,0.002808971184331654,0.81638,0.81262,62.0,-0.004431766146187381,0.81277,0.81229,0.81251,0.81194,69.0,-0.005921611465566555,0.81156,0.81208,0.81173,0.81178,,,,,,
2013-11-28,0.0028561084346445734,0.81478,0.81258,76.0,-0.004292564722214766,0.81129,0.81156,0.81217,0.81226,,,,,,,,,,,,
2013-11-29,0.0028165200454252186,0.81423,0.81328,,,,,,,,,,,,,,,,,,
2013-12-02,0.0028849822077472043,0.81831,0.81806,,,,,,,,,,,,,,,,,,
2013-12-03,0.0029119863032938285,0.82402,0.82464,,,,,,,,,,,,,,,,,,
2013-12-04,0.002884938974651914,0.81864,0.81889,,,,,,,,,,,,,,,,,,
2013-12-05,0.002856278341225628,0.8169,0.82076,153.0,0.004494718952818773,0.82058,0.82124,0.82054,0.8207,,,,,,,,,,,,
2013-12-06,0.002816349474420023,0.81972,0.82859,5.0,0.004260661125410917,0.82322,0.82254,0.82152,0.8223,92.0,0.006093241510243528,0.82473,0.82607,0.82605,0.82656,93.0,0.007716697161212408,0.82607,0.82697,0.82647,0.82704
2013-12-09,0.002781676324704008,0.8263,0.82636,,,,,,,,,,,,,,,,,,
2013-12-10,0.002836753470710438,0.83131,0.83223,,,,,,,,,,,,,,,,,,
2013-12-11,0.002791785616214817,0.82457,0.82274,82.0,-0.004448557303455491,0.82091,0.82102,0.8208,0.82112,,,,,,,,,,,,
2013-12-12,0.002748892537800457,0.82646,0.82467,37.0,-0.004401901256250064,0.82283,0.8232,0.82378,0.82352,,,,,,,,,,,,
2013-12-13,0.002704142834630996,0.8237,0.82568,,,,,,,,,,,,,,,,,,
2013-12-16,0.002732073801458538,0.8259,0.82499,,,,,,,,,,,,,,,,,,
2013-12-17,0.002691991929520458,0.82697,0.8249,,,,,,,,,,,,,,,,,,
2013-12-18,0.002648984958258978,0.82453,0.82186,,,,,,,,,,,,,,,,,,
2013-12-19,0.002630206627722988,0.81619,0.81689,,,,,,,,,,,,,,,,,,
2013-12-20,0.0026811698610557516,0.81642,0.82129,92.0,0.004143677662115776,0.81981,0.81972,0.82057,0.82072,106.0,0.005667259959070829,0.82106,0.82072,0.82049,0.82024,159.0,0.00683579722960958,0.82202,0.82206,0.82172,0.82097
2013-12-23,0.0026553365386494778,0.82036,0.82073,,,,,,,,,,,,,,,,,,
2013-12-24,0.0025783294814806703,0.81775,0.81921,,,,,,,,,,,,,,,,,,
2013-12-26,0.0025529818854931243,0.81544,0.81569,,,,,,,,,,,,,,,,,,
2013-12-27,0.0025117242056860115,0.81794,0.8176,,,,,,,,,,,,,,,,,,
2013-12-30,0.0024790877653899277,0.81768,0.82074,134.0,0.0039058735331330852,0.82088,0.82088,0.82077,0.82119,142.0,0.0051233369769935035,0.82188,0.82173,0.82124,0.82165,,,,,,
2013-12-31,0.002409950424270673,0.82191,0.8232,,,,,,,,,,,,,,,,,,
2014-01-02,0.002530593755389609,0.81663,0.81892,43.0,0.004008462233560933,0.81991,0.81953,0.81926,0.81977,65.0,0.005848433995495769,0.82142,0.82164,0.8208,0.821,83.0,0.0066394336777462004,0.82207,0.82253,0.82237,0.82172
2014-01-03,0.002530068071807339,0.82963,0.82937,,,,,,,,,,,,,,,,,,
2014-01-06,0.0025034075221304513,0.8279,0.82974,,,,,,,,,,,,,,,,,,
2014-01-07,0.002463987302045136,0.82779,0.82859,,,,,,,,,,,,,,,,,,
2014-01-08,0.002429135259345235,0.83009,0.82745,,,,,,,,,,,,,,,,,,
2014-01-09,0.0024222623550194844,0.82552,0.82447,,,,,,,,,,,,,,,,,,
2014-01-10,0.002420807549230597,0.82326,0.82923,24.0,0.00363742580595062,0.82626,0.8264,0.82586,0.82757,37.0,0.005390783329331904,0.82771,0.82758,0.82718,0.82847,49.0,0.0062482039949772975,0.82842,0.828,0.82826,0.82925
2014-01-13,0.0023950933947599427,0.83692,0.83659,,,,,,,,,,,,,,,,,,
2014-01-14,0.002425947173885356,0.84121,0.83868,,,,,,,,,,,,,,,,,,
2014-01-15,0.0024466507293962837,0.83506,0.83401,,,,,,,,,,,,,,,,,,
2014-01-16,0.00244597045631214,0.8318,0.83367,,,,,,,,,,,,,,,,,,
2014-01-17,0.002415280495233835,0.82748,0.82572,,,,,,,,,,,,,,,,,,
2014-01-20,0.0023940332954542347,0.82677,0.82587,,,,,,,,,,,,,,,,,,
2014-01-21,0.00238557583284377,0.83204,0.83108,,,,,,,,,,,,,,,,,,
2014-01-22,0.002505995722898214,0.83342,0.83053,81.0,-0.0038831265244556015,0.83019,0.83029,0.8308,0.83125,,,,,,,,,,,,
2014-01-23,0.002471631471075501,0.83211,0.82805,,,,,,,,,,,,,,,,,,
2014-01-24,0.0024761577065861304,0.82674,0.82504,45.0,-0.0037567149939209273,0.82364,0.8232,0.82204,0.82392,50.0,-0.005701200561147328,0.82204,0.82242,0.82336,0.82363,,,,,,
2014-01-27,0.0024483726000811058,0.82466,0.82231,,,,,,,,,,,,,,,,,,
2014-01-28,0.0024287202074993342,0.82728,0.82624,,,,,,,,,,,,,,,,,,
2014-01-29,0.0024240027937501526,0.82606,0.8272,,,,,,,,,,,,,,,,,,
2014-01-30,0.0023902525970643544,0.81786,0.81355,111.0,-0.003883500026397633,0.81469,0.81454,0.81419,0.81423,137.0,-0.004841378031603883,0.81391,0.81409,0.81406,0.81409,,,,,,
2014-01-31,0.002618095495842,0.80736,0.80888,,,,,,,,,,,,,,,,,,
2014-02-03,0.0026140742507125363,0.81063,0.81043,,,,,,,,,,,,,,,,,,
2014-02-04,0.002607066482146487,0.81565,0.82059,168.0,0.003976634893830957,0.8189,0.81916,0.81929,,176.0,0.005392166930846986,0.82006,0.81959,,,,,,,,
2014-02-05,0.0025683150926356798,0.82179,0.82076,,,,,,,,,,,,,,,,,,
2014-02-06,0.0027307106813461474,0.82291,0.8274,71.0,0.004401474261509253,0.82654,0.8265,0.82655,0.82632,100.0,0.005465587157876832,0.82742,0.82768,0.82789,0.82796,,,,,,
2014-02-07,0.002707394503439704,0.82758,0.82794,,,,,,,,,,,,,,,,,,
2014-02-10,0.0026652357067873203,0.82664,0.8268,,,,,,,,,,,,,,,,,,
2014-02-11,0.0026717986378181706,0.83019,0.83334,148.0,0.004494875726368819,0.83393,0.83381,0.83419,0.83379,,,,,,,,,,,,
2014-02-12,0.0026537413949955903,0.83294,0.8315,,,,,,,,,,,,,,,,,,
2014-02-13,0.002642076773967036,0.83391,0.83463,,,,,,,,,,,,,,,,,,
2014-02-14,0.002630156807425578,0.83586,0.8367,,,,,,,,,,,,,,,,,,
2014-02-17,0.002618428714745744,0.83627,0.83579,,,,,,,,,,,,,,,,,,
2014-02-18,0.002561417966990402,0.83071,0.8308,,,,,,,,,,,,,,,,,,
2014-02-19,0.002531536368804734,0.83258,0.83029,,,,,,,,,,,,,,,,,,
2014-02-20,0.0025387035000898717,0.82859,0.82826,,,,,,,,,,,,,,,,,,
2014-02-21,0.002559251333936719,0.82761,0.82862,,,,,,,,,,,,,,,,,,
2014-02-24,0.0025707249341142455,0.82887,0.83335,126.0,0.0041416401801665885,0.83231,0.83227,0.83296,0.83291,129.0,0.005150370586453626,0.83315,0.83299,0.83259,0.83261,,,,,,
2014-02-25,0.0025096825743813195,0.83374,0.83376,,,,,,,,,,,,,,,,,,
2014-02-26,0.002538636562962045,0.8309,0.82913,,,,,,,,,,,,,,,,,,
2014-02-27,0.00250250535475334,0.83622,0.83781,,,,,,,,,,,,,,,,,,
2014-02-28,0.002468095224313542,0.84142,0.8386,,,,,,,,,,,,,,,,,,
2014-03-03,0.0025380722555800764,0.83696,0.83652,,,,,,,,,,,,,,,,,,
2014-03-04,0.0024835519382440246,0.83903,0.83778,,,,,,,,,,,,,,,,,,
2014-03-05,0.002452198914074436,0.84031,0.84265,,,,,,,,,,,,,,,,,,
2014-03-06,0.0024282248677352596,0.84697,0.84875,,,,,,,,,,,,,,,,,,
2014-03-07,0.0024139264122420056,0.84662,0.84549,,,,,,,,,,,,,,,,,,
2014-03-10,0.002472074513753598,0.84641,0.84617,,,,,,,,,,,,,,,,,,
2014-03-11,0.002411042302271192,0.8475,0.84882,,,,,,,,,,,,,,,,,,
2014-03-12,0.002392409133130627,0.84485,0.8485,,,,,,,,,,,,,,,,,,
2014-03-13,0.002364572875465944,0.85698,0.85665,160.0,0.0036457069423057762,0.86011,0.86037,0.86011,0.85916,,,,,,,,,,,,
2014-03-14,0.0025255916727474318,0.85357,0.85467,,,,,,,,,,,,,,,,,,
2014-03-17,0.002491902235963918,0.85794,0.85729,,,,,,,,,,,,,,,,,,
2014-03-18,0.0024260560769652937,0.85926,0.86331,144.0,0.0037635951868487316,0.8625,0.86242,0.86244,0.86239,,,,,,,,,,,,
2014-03-19,0.002406156230119364,0.86235,0.86166,,,,,,,,,,,,,,,,,,
2014-03-20,0.002427736760917445,0.85236,0.85345,,,,,,,,,,,,,,,,,,
2014-03-21,0.002528774729659859,0.85494,0.85448,,,,,,,,,,,,,,,,,,
2014-03-24,0.002492476781686917,0.85362,0.85411,,,,,,,,,,,,,,,,,,
2014-03-25,0.0024229241299553697,0.85514,0.85537,,,,,,,,,,,,,,,,,,
2014-03-26,0.002403462692099628,0.86113,0.86059,,,,,,,,,,,,,,,,,,
2014-03-27,0.002389924145180299,0.86617,0.86724,,,,,,,,,,,,,,,,,,
2014-03-28,0.0023939667732176505,0.86841,0.86525,,,,,,,,,,,,,,,,,,
2014-03-31,0.0024502205531784877,0.86431,0.86799,171.0,0.003949105614994898,0.86773,0.86775,0.86718,,,,,,,,,,,,,
2014-04-01,0.0024055308416267704,0.86711,0.86677,,,,,,,,,,,,,,,,,,
2014-04-02,0.0023846503320373662,0.85707,0.85549,,,,,,,,,,,,,,,,,,
2014-04-03,0.0024786948950113324,0.85311,0.85348,,,,,,,,,,,,,,,,,,
2014-04-04,0.0024973136335821994,0.85498,0.85823,49.0,0.003992114466186917,0.8584,0.85871,0.85883,0.85961,62.0,0.00555194110626442,0.85974,0.85954,0.85911,0.859,,,,,,
2014-04-07,0.0024634687745649507,0.85842,0.8596,,,,,,,,,,,,,,,,,,
2014-04-08,0.002451544211047409,0.86734,0.86712,,,,,,,,,,,,,,,,,,
2014-04-09,0.0024242083576107667,0.8681,0.86585,,,,,,,,,,,,,,,,,,
2014-04-10,0.0025127961162176374,0.86982,0.87059,,,,,,,,,,,,,,,,,,
2014-04-11,0.00248107796186988,0.86703,0.86822,,,,,,,,,,,,,,,,,,
2014-04-14,0.002574917538648196,0.86592,0.86652,,,,,,,,,,,,,,,,,,
2014-04-15,0.0025500818212896297,0.86554,0.86276,,,,,,,,,,,,,,,,,,
2014-04-16,0.002512834543390029,0.85993,0.86096,,,,,,,,,,,,,,,,,,
2014-04-17,0.002602354931910643,0.86084,0.85819,,,,,,,,,,,,,,,,,,
2014-04-18,0.0026061669444132156,0.8581,0.85812,,,,,,,,,,,,,,,,,,
2014-04-21,0.0026373370966610763,0.85608,0.85589,,,,,,,,,,,,,,,,,,
2014-04-22,0.002566596857479092,0.86041,0.86023,,,,,,,,,,,,,,,,,,
2014-04-23,0.002533466805739027,0.85818,0.8581,,,,,,,,,,,,,,,,,,
2014-04-24,0.0025106135747218353,0.85661,0.85588,,,,,,,,,,,,,,,,,,
2014-04-25,0.0024804614342879647,0.85875,0.85795,,,,,,,,,,,,,,,,,,
2014-04-28,0.0025120020907436293,0.85459,0.85259,,,,,,,,,,,,,,,,,,
2014-04-29,0.002441510628196767,0.85351,0.8542,,,,,,,,,,,,,,,,,,
2014-04-30,0.0024668130699311893,0.85497,0.86022,175.0,0.004399818034278323,0.85874,0.85821,0.85842,,,,,,,,,,,,,
2014-05-01,0.0024558939206220528,0.86138,0.86264,,,,,,,,,,,,,,,,,,
2014-05-02,0.0024835496319475445,0.86452,0.86432,30.0,-0.006184354662553651,0.85919,0.86012,0.86018,0.85974,30.0,-0.006184354662553651,0.85919,0.86012,0.86018,0.85974,,,,,,
2014-05-05,0.0024509084546635086,0.86663,0.86806,,,,,,,,,,,,,,,,,,
2014-05-06,0.002415255462033132,0.87599,0.87633,,,,,,,,,,,,,,,,,,
2014-05-07,0.002420905244468639,0.86806,0.86698,,,,,,,,,,,,,,,,,,
2014-05-08,0.0023866250021591633,0.86509,0.86565,,,,,,,,,,,,,,,,,,
2014-05-09,0.002392913100565778,0.8635,0.86087,179.0,-0.0036546143875668046,0.86035,0.86082,,,,,,,,,,,,,,
2014-05-12,0.002364112821367629,0.86273,0.86168,,,,,,,,,,,,,,,,,,
2014-05-13,0.0023168184132629204,0.86366,0.86469,85.0,0.00347910865110761,0.86667,0.86652,0.86667,0.86627,,,,,,,,,,,,
2014-05-14,0.0022859710749869562,0.86665,0.8668,,,,,,,,,,,,,,,,,,
2014-05-15,0.002263886142588634,0.86582,0.8636,172.0,-0.0035520727860660294,0.86275,0.86273,0.86263,,,,,,,,,,,,,
2014-05-16,0.0022451076979902234,0.86281,0.86329,,,,,,,,,,,,,,,,,,
2014-05-19,0.00221966950914706,0.86423,0.86332,,,,,,,,,,,,,,,,,,
2014-05-20,0.002188460646036395,0.85728,0.85726,,,,,,,,,,,,,,,,,,
2014-05-21,0.002180334337721112,0.85643,0.8545,,,,,,,,,,,,,,,,,,
2014-05-22,0.0022325340064789654,0.85599,0.85602,,,,,,,,,,,,,,,,,,
2014-05-23,0.002214879061864471,0.85415,0.85457,,,,,,,,,,,,,,,,,,
2014-05-26,0.002190263850102838,0.85465,0.85523,,,,,,,,,,,,,,,,,,
2014-05-27,0.002154630421066607,0.8548,0.85331,,,,,,,,,,,,,,,,,,
2014-05-28,0.0021531151224399546,0.84801,0.84874,,,,,,,,,,,,,,,,,,
2014-05-29,0.0021339821416773946,0.84855,0.84602,114.0,-0.003352499214944161,0.84571,0.84575,0.84613,0.84538,,,,,,,,,,,,
2014-05-30,0.0021738065799381265,0.8479,0.84824,,,,,,,,,,,,,,,,,,
2014-06-03,0.0021468496605359265,0.84583,0.84292,158.0,-0.003553116857341539,0.84283,0.84274,0.84319,0.84315,,,,,,,,,,,,
2014-06-04,0.002154180570020181,0.84086,0.84208,,,,,,,,,,,,,,,,,,
2014-06-05,0.002157156288145527,0.84447,0.84808,,,,,,,,,,,,,,,,,,
2014-06-06,0.0021347179336851105,0.85198,0.84972,50.0,0.0032108775462070084,0.85472,0.85444,0.85521,0.85386,,,,,,,,,,,,
2014-06-09,0.0022045770200078622,0.85123,0.84905,151.0,-0.003318352813176846,0.84841,0.84862,0.84857,0.84895,,,,,,,,,,,,
2014-06-10,0.002157966024265573,0.85147,0.85078,,,,,,,,,,,,,,,,,,
2014-06-11,0.002136373688958167,0.85592,0.85577,,,,,,,,,,,,,,,,,,
2014-06-12,0.0021433645236251645,0.86755,0.86802,,,,,,,,,,,,,,,,,,
2014-06-13,0.0023497586168891075,0.86584,0.8651,,,,,,,,,,,,,,,,,,
2014-06-16,0.002333060390227723,0.86701,0.86793,,,,,,,,,,,,,,,,,,
2014-06-17,0.002273211249353846,0.8668,0.86563,,,,,,,,,,,,,,,,,,
2014-06-18,0.0022496983442763883,0.86666,0.86761,,,,,,,,,,,,,,,,,,
2014-06-19,0.00221974552826347,0.87195,0.87153,,,,,,,,,,,,,,,,,,
2014-06-20,0.002250648490658475,0.86941,0.86877,,,,,,,,,,,,,,,,,,
2014-06-23,0.002221314423538187,0.87288,0.87063,,,,,,,,,,,,,,,,,,
2014-06-24,0.0022005575970797564,0.87114,0.86843,135.0,-0.0033921140078827104,0.86819,0.86837,0.86824,0.86827,,,,,,,,,,,,
2014-06-25,0.0021773286740591723,0.86957,0.87376,48.0,0.0034440434928975326,0.87257,0.87241,0.87283,0.8724,,,,,,,,,,,,
2014-06-26,0.002193186799819331,0.876,0.87601,,,,,,,,,,,,,,,,,,
2014-06-27,0.0023397985012466606,0.87576,0.87643,,,,,,,,,,,,,,,,,,
2014-06-30,0.002309337192736815,0.8741,0.87531,,,,,,,,,,,,,,,,,,
2014-07-01,0.0022681632913823416,0.87594,0.87697,,,,,,,,,,,,,,,,,,
2014-07-02,0.0022403946443062526,0.87726,0.87658,,,,,,,,,,,,,,,,,,
2014-07-03,0.0022118951821012644,0.87672,0.87608,30.0,-0.004194843187000318,0.87305,0.87338,0.87301,0.87338,51.0,-0.0044239513843482145,0.87285,0.87269,0.8727,0.87261,81.0,-0.005662043505220913,0.87177,0.87204,0.87226,0.87223
2014-07-04,0.0021849556371481933,0.87376,0.87344,,,,,,,,,,,,,,,,,,
2014-07-07,0.0021617856044573174,0.87421,0.87649,,,,,,,,,,,,,,,,,,
2014-07-08,0.00212134555318972,0.87788,0.87859,,,,,,,,,,,,,,,,,,
2014-07-09,0.0021557888144637673,0.87968,0.88031,,,,,,,,,,,,,,,,,,
2014-07-10,0.0021360434340615417,0.87968,0.88103,,,,,,,,,,,,,,,,,,
2014-07-11,0.002140563607125464,0.88221,0.8802,,,,,,,,,,,,,,,,,,
2014-07-14,0.0021158315230276944,0.88153,0.88004,,,,,,,,,,,,,,,,,,
2014-07-15,0.002066463284775656,0.88017,0.87646,156.0,-0.003254662954485133,0.87731,0.87683,0.87654,0.87533,162.0,-0.004509282399133301,0.87621,0.87592,0.87551,0.87557,167.0,-0.005308496928007906,0.87551,0.87556,0.8756,
2014-07-16,0.002044345693130267,0.87064,0.87083,,,,,,,,,,,,,,,,,,
2014-07-17,0.002290227512972551,0.8688,0.869,,,,,,,,,,,,,,,,,,
2014-07-18,0.0022608894015158027,0.86753,0.86752,,,,,,,,,,,,,,,,,,
2014-07-21,0.0022357267325116407,0.86915,0.8691,,,,,,,,,,,,,,,,,,
2014-07-22,0.002187466032371327,0.86637,0.86542,52.0,0.0033417099153018708,0.86927,0.86911,0.86888,0.86941,,,,,,,,,,,,
2014-07-23,0.0021732107945503015,0.86841,0.8686,,,,,,,,,,,,,,,,,,
2014-07-24,0.002143874373575031,0.8588,0.85852,,,,,,,,,,,,,,,,,,
2014-07-25,0.002275395281309924,0.85469,0.85452,,,,,,,,,,,,,,,,,,
2014-07-28,0.0022628020403270576,0.85553,0.85473,,,,,,,,,,,,,,,,,,
2014-07-29,0.002215664847658178,0.85158,0.84943,,,,,,,,,,,,,,,,,,
2014-07-30,0.002187376654025675,0.8508,0.84666,78.0,-0.0033200327179677197,0.84798,0.84796,0.84775,0.84757,151.0,-0.004405552930281838,0.84706,0.84703,0.84653,0.84646,,,,,,
2014-07-31,0.002201770044821319,0.84874,0.84836,,,,,,,,,,,,,,,,,,
2014-08-01,0.002174901844164037,0.84729,0.85075,30.0,0.004063538037957991,0.85074,0.84969,0.8505,0.84966,32.0,0.004404359656398964,0.85103,0.85029,0.85006,0.84926,60.0,0.005555242910075046,0.85201,0.85221,0.85206,0.8513
2014-08-04,0.0021513274362160587,0.85096,0.85243,,,,,,,,,,,,,,,,,,
2014-08-05,0.002101179897778403,0.85166,0.8459,116.0,-0.0033637988506347574,0.8488,0.8487,0.84816,0.84877,120.0,-0.004294957975205183,0.84801,0.84816,0.84833,0.84723,136.0,-0.005959058063584765,0.8466,0.84653,0.84698,0.84711
2014-08-06,0.002077091426921719,0.84442,0.84552,,,,,,,,,,,,,,,,,,
2014-08-07,0.0022346979464778053,0.84689,0.84881,,,,,,,,,,,,,,,,,,
2014-08-08,0.002226282989498812,0.84771,0.84693,,,,,,,,,,,,,,,,,,
2014-08-11,0.0022006671359112535,0.84585,0.84619,,,,,,,,,,,,,,,,,,
2014-08-12,0.0021499600885987197,0.84251,0.84301,,,,,,,,,,,,,,,,,,
2014-08-13,0.0021696078781426958,0.84413,0.84563,34.0,0.0035830676485861007,0.84716,0.84664,0.84733,0.84756,,,,,,,,,,,,
2014-08-14,0.0021428812906450225,0.84961,0.8492,,,,,,,,,,,,,,,,,,
2014-08-15,0.0021594026081987313,0.84954,0.84876,,,,,,,,,,,,,,,,,,
2014-08-18,0.002141116690227886,0.84871,0.84739,,,,,,,,,,,,,,,,,,
2014-08-19,0.0020906097237820566,0.84573,0.84405,154.0,-0.004063914409874897,0.8423,0.8421,0.84472,0.84441,155.0,-0.004301387695246549,0.8421,0.84294,0.84465,0.8444,,,,,,
2014-08-20,0.002157820490594573,0.83914,0.83983,,,,,,,,,,,,,,,,,,
2014-08-21,0.0021548251008081465,0.83783,0.83997,176.0,0.003657530898259913,0.8409,0.84097,,,,,,,,,,,,,,
2014-08-22,0.0021900460533253348,0.84151,0.83924,165.0,-0.003535612742343814,0.83854,0.83807,0.83872,0.83869,,,,,,,,,,,,
2014-08-25,0.0022203158173848977,0.83574,0.83493,,,,,,,,,,,,,,,,,,
2014-08-26,0.002245363203339887,0.8329,0.83341,,,,,,,,,,,,,,,,,,
2014-08-27,0.0022164982046353845,0.83694,0.83664,,,,,,,,,,,,,,,,,,
2014-08-28,0.002191427919677001,0.83825,0.8372,,,,,,,,,,,,,,,,,,
2014-08-29,0.0021858399541566853,0.83711,0.8364,,,,,,,,,,,,,,,,,,
2014-09-01,0.0021739677488427245,0.83847,0.83786,,,,,,,,,,,,,,,,,,
2014-09-02,0.002124140114698048,0.8328,0.83055,132.0,-0.0036208605712563743,0.82979,0.83007,0.82951,0.82935,145.0,-0.004368316843699117,0.82917,0.82939,0.82951,0.83008,,,,,,
2014-09-03,0.0021115582006005205,0.83218,0.83135,,,,,,,,,,,,,,,,,,
2014-09-04,0.0021409027965724778,0.83181,0.83075,35.0,0.003360500516105576,0.83461,0.83422,0.83466,0.83352,,,,,,,,,,,,
2014-09-05,0.0021217627990832446,0.82925,0.83257,30.0,0.003875507342087521,0.83247,0.83372,0.8325,0.83179,31.0,0.005375936746308163,0.83372,0.83351,0.83226,0.83188,31.0,0.005375936746308163,0.83372,0.83351,0.83226,0.83188
2014-09-08,0.0021306435756543673,0.83036,0.8283,,,,,,,,,,,,,,,,,,
2014-09-09,0.002129818846325013,0.82737,0.82405,63.0,-0.0034869818485460963,0.82449,0.82491,0.82445,0.82487,122.0,-0.004299935767286938,0.82382,0.82362,0.8242,0.82368,,,,,,
2014-09-10,0.0022085122058405826,0.8223,0.82412,,,,,,,,,,,,,,,,,,
2014-09-11,0.0021876572747864236,0.81798,0.81839,58.0,0.0032953784719116372,0.82068,0.82092,0.82027,0.81908,,,,,,,,,,,,
2014-09-12,0.0022126964759491014,0.81664,0.81533,,,,,,,,,,,,,,,,,,
2014-09-15,0.002211400888360592,0.81587,0.81624,,,,,,,,,,,,,,,,,,
2014-09-16,0.002170100005653353,0.81612,0.82034,,,,,,,,,,,,,,,,,,
2014-09-17,0.0022223190152353594,0.81702,0.81456,,,,,,,,,,,,,,,,,,
2014-09-18,0.002195993233701376,0.81104,0.81412,149.0,0.0034218366044785798,0.81382,0.81393,0.81417,0.81431,155.0,0.0048584685028969345,0.81499,0.81521,0.81472,0.81412,,,,,,
2014-09-19,0.0022720177279836433,0.8142,0.812,50.0,0.003567688651006815,0.81711,0.81709,0.81641,0.81601,,,,,,,,,,,,
2014-09-22,0.0022500290230352627,0.81129,0.81214,,,,,,,,,,,,,,,,,,
2014-09-23,0.0022194225196364857,0.81242,0.80628,42.0,-0.0036253816143169684,0.80948,0.80916,0.80905,0.80957,87.0,-0.004750192461873292,0.80857,0.80849,0.80826,0.80726,95.0,-0.006099160829548661,0.80748,0.8076,0.80772,0.80679
2014-09-24,0.002258745455094359,0.80619,0.80652,,,,,,,,,,,,,,,,,,
2014-09-25,0.0022625916789339013,0.79485,0.79309,,,,,,,,,,,,,,,,,,
2014-09-26,0.002357988790287144,0.78972,0.7874,58.0,-0.0035772767150902838,0.7869,0.78702,0.78812,0.78862,,,,,,,,,,,,
2014-09-29,0.0025053296893720062,0.77749,0.77865,,,,,,,,,,,,,,,,,,
2014-09-30,0.003053569512594708,0.77583,0.7784,142.0,0.004886024147009638,0.77963,0.77953,0.7804,0.7803,148.0,0.006219101316803743,0.78067,0.78088,0.78108,0.77973,,,,,,
2014-10-01,0.003110955897321526,0.77919,0.78031,120.0,0.006243383508552959,0.78407,0.78406,0.78581,0.78356,120.0,0.006243383508552959,0.78407,0.78406,0.78581,0.78356,123.0,0.007849093041778075,0.78533,0.78515,0.78492,0.78385
2014-10-02,0.00305855878597872,0.78621,0.78774,84.0,0.005138072922321848,0.79026,0.78932,0.78893,0.78799,,,,,,,,,,,,
2014-10-03,0.003131567165805901,0.78579,0.77637,30.0,-0.008357662511489165,0.77925,0.77909,0.78145,0.7794,30.0,-0.008357662511489165,0.77925,0.77909,0.78145,0.7794,30.0,-0.008357662511489165,0.77925,0.77909,0.78145,0.7794
2014-10-06,0.003105581526221766,0.78015,0.77995,70.0,-0.004895640331274721,0.77634,0.77625,0.77657,0.77627,,,,,,,,,,,,
2014-10-07,0.0032062763189960497,0.78315,0.78335,92.0,0.004916706292310489,0.78701,0.78685,0.78612,0.78663,,,,,,,,,,,,
2014-10-08,0.0031739841039391888,0.77969,0.7797,,,,,,,,,,,,,,,,,,
2014-10-09,0.0031157868008805214,0.79428,0.78682,85.0,-0.005314494788248789,0.79007,0.79037,0.79066,0.79124,,,,,,,,,,,,
2014-10-10,0.003330369267887575,0.78193,0.78307,,,,,,,,,,,,,,,,,,
2014-10-13,0.003335921791429707,0.7873,0.78679,,,,,,,,,,,,,,,,,,
2014-10-14,0.0033283352798976437,0.78615,0.78521,,,,,,,,,,,,,,,,,,
2014-10-15,0.0032894120354943065,0.78437,0.79347,37.0,0.005834774677976505,0.78896,0.78864,0.78871,0.79096,50.0,0.007177413798467753,0.79002,0.79045,0.79034,0.79039,52.0,0.008366549791038045,0.79096,0.7914,0.78991,0.79003
2014-10-16,0.003334748338769855,0.79041,0.79577,171.0,0.005375135963719091,0.79467,0.79497,0.79478,,174.0,0.007072512981393646,0.79602,0.79548,0.79454,,,,,,,
2014-10-17,0.003723385092508405,0.7951,0.79331,,,,,,,,,,,,,,,,,,
2014-10-20,0.003707728543114815,0.79507,0.79658,,,,,,,,,,,,,,,,,,
2014-10-21,0.0036133004814058486,0.79897,0.79655,,,,,,,,,,,,,,,,,,
2014-10-22,0.003556402048965501,0.79758,0.79422,,,,,,,,,,,,,,,,,,
2014-10-23,0.003487737511991633,0.78637,0.78412,,,,,,,,,,,,,,,,,,
2014-10-24,0.0037247360442767994,0.785,0.7859,,,,,,,,,,,,,,,,,,
2014-10-27,0.0036681518157828242,0.78681,0.78864,,,,,,,,,,,,,,,,,,
2014-10-28,0.003568426664590965,0.78941,0.7928,36.0,0.005495317555229368,0.79376,0.7934,0.79324,0.79318,65.0,0.007559301776080965,0.7954,0.79551,0.79526,0.79454,,,,,,
2014-10-29,0.00351411604400025,0.79386,0.7961,,,,,,,,,,,,,,,,,,
2014-10-30,0.0034634048794804258,0.77932,0.78379,150.0,0.006255097048258772,0.78421,0.7843,0.78383,0.78353,,,,,,,,,,,,
2014-10-31,0.0036683361414703766,0.78754,0.77787,42.0,-0.005679301152286084,0.78308,0.78263,0.78276,0.78134,50.0,-0.007954964057929406,0.7813,0.7811,0.78187,0.78042,60.0,-0.00926133343389615,0.78028,0.78,0.78042,0.78085
2014-11-03,0.0036378229999488,0.77427,0.77223,,,,,,,,,,,,,,,,,,
2014-11-04,0.0035465656100197073,0.77738,0.77801,,,,,,,,,,,,,,,,,,
2014-11-05,0.003508668327941447,0.77462,0.77165,70.0,-0.006787590826197572,0.76938,0.7691,0.76988,0.76938,71.0,-0.007151586462268832,0.7691,0.76917,0.7691,0.76937,,,,,,
2014-11-06,0.0035699021147185366,0.77182,0.76871,,,,,,,,,,,,,,,,,,
2014-11-07,0.0036469048569112805,0.77095,0.77359,,,,,,,,,,,,,,,,,,
2014-11-10,0.0036713464190143656,0.77923,0.77585,,,,,,,,,,,,,,,,,,
2014-11-11,0.0037063779183776485,0.77784,0.77981,,,,,,,,,,,,,,,,,,
2014-11-12,0.003681888334002197,0.7876,0.78813,,,,,,,,,,,,,,,,,,
2014-11-13,0.0037367089137128632,0.79034,0.78819,,,,,,,,,,,,,,,,,,
2014-11-14,0.0037197389152373353,0.78513,0.79021,102.0,0.005765827505202592,0.78967,0.78892,0.78887,0.789,172.0,0.007739387510695687,0.79123,0.79126,0.791,,,,,,,
2014-11-17,0.0036791324224174256,0.79244,0.79198,,,,,,,,,,,,,,,,,,
2014-11-18,0.0036769005734943266,0.79694,0.79375,,,,,,,,,,,,,,,,,,
2014-11-19,0.0036226890118227035,0.78755,0.78647,,,,,,,,,,,,,,,,,,
2014-11-20,0.0036539943721927547,0.78551,0.78581,,,,,,,,,,,,,,,,,,
2014-11-21,0.0036036554988371004,0.79104,0.78891,,,,,,,,,,,,,,,,,,
2014-11-24,0.0035731706667879396,0.78673,0.78563,,,,,,,,,,,,,,,,,,
2014-11-25,0.003458628344168738,0.77841,0.78011,,,,,,,,,,,,,,,,,,
2014-11-26,0.003508976599426654,0.78508,0.78795,,,,,,,,,,,,,,,,,,
2014-11-27,0.003446670511087182,0.78889,0.78679,,,,,,,,,,,,,,,,,,
2014-11-28,0.003565124790338591,0.78466,0.78467,,,,,,,,,,,,,,,,,,
2014-12-01,0.0036201017954777424,0.7877,0.7902,,,,,,,,,,,,,,,,,,
2014-12-02,0.003498177356635875,0.78312,0.77899,44.0,-0.0053390819947372525,0.77895,0.7787,0.77871,0.77893,,,,,,,,,,,,
2014-12-03,0.003481605694439291,0.77841,0.77588,,,,,,,,,,,,,,,,,,
2014-12-04,0.0035520455873492727,0.77666,0.77839,151.0,0.006749759358035271,0.78192,0.7818,0.78143,0.78117,,,,,,,,,,,,
2014-12-05,0.003516240290439014,0.77351,0.77075,,,,,,,,,,,,,,,,,,
2014-12-08,0.0034563290434823897,0.76574,0.76587,,,,,,,,,,,,,,,,,,
2014-12-09,0.0034768308399219846,0.76891,0.771,74.0,0.0068821433819680755,0.77422,0.77444,0.77351,0.77318,75.0,0.007166259974996698,0.77444,0.7732,0.7732,0.77362,,,,,,
2014-12-10,0.0034203289722877853,0.77134,0.77055,,,,,,,,,,,,,,,,,,
2014-12-11,0.0034558070279826943,0.78068,0.78058,,,,,,,,,,,,,,,,,,
2014-12-12,0.003565457190407754,0.77951,0.77779,,,,,,,,,,,,,,,,,,
2014-12-15,0.0035042612108915944,0.7746,0.77303,,,,,,,,,,,,,,,,,,
2014-12-16,0.003414251856984488,0.7811,0.7787,,,,,,,,,,,,,,,,,,
2014-12-17,0.003358889507815365,0.77566,0.77475,,,,,,,,,,,,,,,,,,
2014-12-18,0.003304280905995552,0.77381,0.7738,,,,,,,,,,,,,,,,,,
2014-12-19,0.003259796713214054,0.77865,0.77425,124.0,-0.005034161746271621,0.77474,0.77473,0.77494,0.77472,,,,,,,,,,,,
2014-12-22,0.0033326361166854768,0.77514,0.7734,,,,,,,,,,,,,,,,,,
2014-12-23,0.0032814665930670527,0.7732,0.77045,,,,,,,,,,,,,,,,,,
2014-12-24,0.0032316635143756554,0.77299,0.77238,,,,,,,,,,,,,,,,,,
2014-12-26,0.00317984110344414,0.77567,0.77547,,,,,,,,,,,,,,,,,,
2014-12-29,0.0030952672670141027,0.77934,0.77829,,,,,,,,,,,,,,,,,,
2014-12-30,0.0030088122304907316,0.78341,0.78339,,,,,,,,,,,,,,,,,,
2014-12-31,0.002959705152951091,0.78214,0.7797,,,,,,,,,,,,,,,,,,
2015-01-01,0.0029879773041317764,0.779,0.779,,,,,,,,,,,,,,,,,,
2015-01-02,0.002974885320680504,0.77094,0.77001,,,,,,,,,,,,,,,,,,
2015-01-05,0.00297175130513072,0.76812,0.76942,141.0,0.0045203100896615955,0.7716,0.77144,0.77147,0.77083,,,,,,,,,,,,
2015-01-06,0.002998151479411522,0.7743,0.77927,69.0,0.004612875244003759,0.77788,0.77794,0.7774,0.77723,131.0,0.0060388134252007675,0.77899,0.7792,0.77891,0.77944,174.0,0.007667802081079949,0.78026,0.78039,0.78052,
2015-01-07,0.0031030623239136075,0.77316,0.77552,,,,,,,,,,,,,,,,,,
2015-01-08,0.0030750307660487907,0.77944,0.78249,,,,,,,,,,,,,,,,,,
2015-01-09,0.0030630741965000674,0.78154,0.78266,,,,,,,,,,,,,,,,,,
2015-01-12,0.003058254266739042,0.77508,0.77634,,,,,,,,,,,,,,,,,,
2015-01-13,0.0029930751634584,0.77237,0.77296,,,,,,,,,,,,,,,,,,
2015-01-14,0.003038764398243606,0.77666,0.77322,61.0,-0.004749499132320983,0.77298,0.77339,0.77278,0.77326,,,,,,,,,,,,
2015-01-15,0.003059897931285001,0.78384,0.78244,45.0,-0.0047571638858869,0.78012,0.78047,0.77865,0.78085,49.0,-0.0063350886653422925,0.77889,0.77865,0.77915,0.78091,119.0,-0.008507200386979599,0.7772,0.77676,0.77815,0.7789
2015-01-16,0.0030238932736377875,0.7789,0.77823,85.0,-0.004606820567828465,0.77532,0.77566,0.7757,0.77559,,,,,,,,,,,,
2015-01-19,0.0031702308037649157,0.77833,0.7773,,,,,,,,,,,,,,,,,,
2015-01-20,0.003128911615126156,0.77088,0.76858,,,,,,,,,,,,,,,,,,
2015-01-21,0.003159219689938257,0.76815,0.75761,82.0,-0.004854568512855573,0.76443,0.76357,0.76453,0.76291,94.0,-0.006661466639785274,0.76305,0.76279,0.76349,0.76065,102.0,-0.008668590633619225,0.76152,0.76102,0.7609,0.76157
2015-01-22,0.0031963092649861897,0.75374,0.75194,,,,,,,,,,,,,,,,,,
2015-01-23,0.003389455730640171,0.7484,0.74537,,,,,,,,,,,,,,,,,,
2015-01-26,0.003371490512717413,0.7429,0.74073,,,,,,,,,,,,,,,,,,
2015-01-27,0.0033176943161627678,0.74473,0.7448,,,,,,,,,,,,,,,,,,
2015-01-28,0.003274789282812084,0.74882,0.74574,88.0,-0.004966775721468087,0.74511,0.74515,0.74528,0.74575,,,,,,,,,,,,
2015-01-29,0.0032313722947637817,0.72868,0.72396,,,,,,,,,,,,,,,,,,
2015-01-30,0.003426906257729321,0.72237,0.72496,122.0,0.0054119111008297666,0.72629,0.72591,0.7259,0.72527,,,,,,,,,,,,
2015-02-02,0.003410695949367997,0.72712,0.73005,62.0,0.005499756705149577,0.73113,0.73098,0.73134,0.73149,104.0,0.006839250084950561,0.73211,0.73217,0.73172,0.73032,,,,,,
2015-02-03,0.0033466392474598853,0.72515,0.73192,137.0,0.005610652928394858,0.72923,0.72962,0.72916,0.73068,145.0,0.007227490308925941,0.73041,0.73097,0.73069,0.73028,,,,,,
2015-02-04,0.003329903583605061,0.73659,0.73647,,,,,,,,,,,,,,,,,,
2015-02-05,0.003945846213032842,0.73858,0.73885,,,,,,,,,,,,,,,,,,
2015-02-06,0.003906487354783629,0.73944,0.73554,23.0,-0.005886598576480283,0.7351,0.73579,0.73632,0.7367,,,,,,,,,,,,
2015-02-09,0.003882282237730069,0.74135,0.74181,,,,,,,,,,,,,,,,,,
2015-02-10,0.0038156693715413665,0.73881,0.74081,,,,,,,,,,,,,,,,,,
2015-02-11,0.0038143250811805886,0.73997,0.73815,,,,,,,,,,,,,,,,,,
2015-02-12,0.003755908699933829,0.73837,0.74385,140.0,0.0071254400610186765,0.74365,0.74315,0.74374,0.74348,151.0,0.00797225414185228,0.74428,0.74329,0.74361,0.74813,160.0,0.010374375604219681,0.74607,0.74476,0.7471,0.74714
2015-02-13,0.0038055362276194094,0.74426,0.74622,,,,,,,,,,,,,,,,,,
2015-02-16,0.0039485252706868285,0.75102,0.74973,,,,,,,,,,,,,,,,,,
2015-02-17,0.003883167691785224,0.75355,0.75264,,,,,,,,,,,,,,,,,,
2015-02-18,0.003825658015652804,0.75119,0.75213,,,,,,,,,,,,,,,,,,
2015-02-19,0.0037784262928011888,0.75155,0.7525,,,,,,,,,,,,,,,,,,
2015-02-20,0.00372555339265317,0.75432,0.75382,,,,,,,,,,,,,,,,,,
2015-02-23,0.0036780494192418535,0.75218,0.75221,,,,,,,,,,,,,,,,,,
2015-02-24,0.003574151153150479,0.7451,0.74685,106.0,0.005380746742864167,0.74912,0.74912,0.74839,0.74815,,,,,,,,,,,,
2015-02-25,0.0035487220736198123,0.75494,0.75423,,,,,,,,,,,,,,,,,,
2015-02-26,0.0035665066276303874,0.75483,0.75427,,,,,,,,,,,,,,,,,,
2015-02-27,0.003527268073129986,0.75568,0.75569,,,,,,,,,,,,,,,,,,
2015-03-02,0.00348965330977306,0.75314,0.75051,,,,,,,,,,,,,,,,,,
2015-03-03,0.003423738407779798,0.75436,0.75662,,,,,,,,,,,,,,,,,,
2015-03-04,0.003384231782655598,0.76003,0.75798,,,,,,,,,,,,,,,,,,
2015-03-05,0.0033393634484666624,0.74936,0.74605,,,,,,,,,,,,,,,,,,
2015-03-06,0.0032952779225550355,0.74075,0.73624,54.0,-0.00502102165299804,0.73704,0.73706,0.73672,0.73761,,,,,,,,,,,,
2015-03-09,0.003300631861180771,0.73641,0.73601,,,,,,,,,,,,,,,,,,
2015-03-10,0.00346846594679554,0.72781,0.7274,,,,,,,,,,,,,,,,,,
2015-03-11,0.003456782650475212,0.72415,0.7214,,,,,,,,,,,,,,,,,,
2015-03-12,0.003450481898262039,0.74002,0.7405,,,,,,,,,,,,,,,,,,
2015-03-13,0.0034379137399765175,0.73261,0.73243,,,,,,,,,,,,,,,,,,
2015-03-16,0.0035370445689062594,0.7353,0.73889,85.0,0.005452265612303123,0.73932,0.73927,0.73944,0.74014,,,,,,,,,,,,
2015-03-17,0.003499655029718862,0.73657,0.73117,139.0,-0.0053498266051233735,0.73264,0.73279,0.73351,0.73351,,,,,,,,,,,,
2015-03-18,0.0034632373022077966,0.7318,0.7361,,,,,,,,,,,,,,,,,,
2015-03-19,0.0034933438881964095,0.74107,0.73752,,,,,,,,,,,,,,,,,,
2015-03-20,0.0039022642944087477,0.74646,0.7558,87.0,0.006609409387673807,0.75141,0.75153,0.74945,0.74875,,,,,,,,,,,,
2015-03-23,0.0038637402821701345,0.76224,0.76207,,,,,,,,,,,,,,,,,,
2015-03-24,0.003928952621620259,0.76621,0.76292,109.0,-0.006100453542471531,0.76155,0.76241,0.76274,0.76328,,,,,,,,,,,,
2015-03-25,0.003947557783739168,0.76706,0.76313,,,,,,,,,,,,,,,,,,
2015-03-26,0.003892872866192522,0.76366,0.75768,126.0,-0.005975969504090859,0.75911,0.75963,0.7586,0.75856,,,,,,,,,,,,
2015-03-27,0.0039059505176835376,0.75775,0.75551,,,,,,,,,,,,,,,,,,
2015-03-30,0.00384648336805985,0.75121,0.75095,,,,,,,,,,,,,,,,,,
2015-03-31,0.0037419427922058307,0.74712,0.74866,,,,,,,,,,,,,,,,,,
2015-04-01,0.003717202918544283,0.74267,0.74576,,,,,,,,,,,,,,,,,,
2015-04-02,0.003665514066931115,0.74753,0.74825,,,,,,,,,,,,,,,,,,
2015-04-03,0.003624543331542413,0.75321,0.75921,30.0,0.00927694569462259,0.76023,0.76117,0.75978,0.75898,30.0,0.00927694569462259,0.76023,0.76117,0.75978,0.75898,30.0,0.00927694569462259,0.76023,0.76117,0.75978,0.75898
2015-04-06,0.0036238104633314395,0.75949,0.76007,,,,,,,,,,,,,,,,,,
2015-04-07,0.003619938661662677,0.75306,0.75067,,,,,,,,,,,,,,,,,,
2015-04-08,0.003622586948472637,0.75706,0.758,,,,,,,,,,,,,,,,,,
2015-04-09,0.003571369440224268,0.76018,0.75512,151.0,-0.005381604778752007,0.7561,0.75569,0.75518,0.75488,162.0,-0.007393944272142897,0.75458,0.75489,0.75481,0.75379,,,,,,
2015-04-10,0.0035456570958005357,0.75185,0.75291,,,,,,,,,,,,,,,,,,
2015-04-13,0.003500561646476587,0.74351,0.74475,,,,,,,,,,,,,,,,,,
2015-04-14,0.0034561552001757556,0.74575,0.75348,31.0,0.00564278233547687,0.74997,0.7502,0.74903,0.74928,33.0,0.007068489267800797,0.75104,0.75027,0.74898,0.7496,62.0,0.009130167405407749,0.75259,0.75212,0.75181,0.75366
2015-04-15,0.0034290346831296645,0.74988,0.7533,76.0,0.005638312809391869,0.75412,0.75371,0.75353,0.75414,120.0,0.008114954849830543,0.75599,0.75598,0.75543,0.75546,,,,,,
2015-04-16,0.0034206761063665498,0.76368,0.76607,,,,,,,,,,,,,,,,,,
2015-04-17,0.0034493296463904426,0.77096,0.76859,51.0,-0.006062753566673324,0.7663,0.7669,0.76674,0.76738,,,,,,,,,,,,
2015-04-20,0.0034396582658276676,0.76874,0.76658,,,,,,,,,,,,,,,,,,
2015-04-21,0.003375486495299555,0.77007,0.76869,,,,,,,,,,,,,,,,,,
2015-04-22,0.0033941730697827355,0.77111,0.76768,126.0,-0.005409425047284465,0.76695,0.76707,0.76717,0.76717,,,,,,,,,,,,
2015-04-23,0.0033570959400530814,0.75604,0.75859,,,,,,,,,,,,,,,,,,
2015-04-24,0.0034304718977569656,0.75663,0.7601,,,,,,,,,,,,,,,,,,
2015-04-27,0.0033925663000333303,0.75979,0.76476,150.0,0.005316263841803692,0.76384,0.76405,0.76414,0.76331,,,,,,,,,,,,
2015-04-28,0.0033401470363047608,0.76913,0.77308,,,,,,,,,,,,,,,,,,
2015-04-29,0.00329759491759271,0.76846,0.77349,121.0,0.00586466285443188,0.77298,0.77297,0.77297,0.77207,152.0,0.006731062758625074,0.77365,0.77316,0.77268,0.77223,,,,,,
2015-04-30,0.0033211093528951047,0.76115,0.75919,,,,,,,,,,,,,,,,,,
2015-05-01,0.003365741361374701,0.75774,0.75165,154.0,-0.005080585668477445,0.7539,0.75411,0.75389,0.75365,,,,,,,,,,,,
2015-05-04,0.003341359672601779,0.75261,0.75267,,,,,,,,,,,,,,,,,,
2015-05-05,0.0032877891839713487,0.74929,0.75632,141.0,0.006306063523045348,0.75403,0.75358,0.75385,0.75412,144.0,0.006584528255960525,0.75424,0.75392,0.75397,0.75441,170.0,0.008796229981949405,0.75591,0.75564,0.75602,
2015-05-06,0.0032584541996610386,0.74916,0.75104,118.0,0.004966555929859048,0.75289,0.75251,0.75281,0.75468,131.0,0.007407490533518811,0.75473,0.75495,0.75456,0.75323,,,,,,
2015-05-07,0.003259188693290891,0.74722,0.74429,167.0,-0.004896742389379575,0.74357,0.74386,0.74398,,,,,,,,,,,,,
2015-05-08,0.0032226115818596705,0.74295,0.74889,31.0,0.00508831794162649,0.74674,0.74516,0.74325,0.74456,58.0,0.006707383118113591,0.74795,0.74762,0.747,0.74706,82.0,0.008470651498181409,0.74927,0.75001,0.74919,0.74929
2015-05-11,0.0032545734349754465,0.73848,0.73493,,,,,,,,,,,,,,,,,,
2015-05-12,0.0033730293081785886,0.73784,0.73749,,,,,,,,,,,,,,,,,,
2015-05-13,0.0033395061940805675,0.74566,0.74867,43.0,0.005336698704232582,0.74965,0.74948,0.74927,0.74888,,,,,,,,,,,,
2015-05-14,0.003294876687075578,0.75128,0.74968,,,,,,,,,,,,,,,,,,
2015-05-15,0.003569900181870599,0.7437,0.7488,138.0,0.005939031955753828,0.74813,0.74795,0.74759,0.74813,,,,,,,,,,,,
2015-05-18,0.0035773315128586145,0.74215,0.73965,,,,,,,,,,,,,,,,,,
2015-05-19,0.003498033754792362,0.74059,0.7353,87.0,-0.0052528381797997846,0.73671,0.73686,0.73718,0.73709,141.0,-0.007059793409276823,0.73538,0.73525,0.73507,0.73457,,,,,,
2015-05-20,0.003518662560783444,0.73381,0.72924,146.0,-0.005287800536109061,0.72994,0.72992,0.73039,0.72968,,,,,,,,,,,,
2015-05-21,0.003471378997622384,0.73034,0.73194,,,,,,,,,,,,,,,,,,
2015-05-22,0.003443901260211052,0.73626,0.73043,38.0,-0.005994078377721054,0.73186,0.73195,0.73226,0.73233,61.0,-0.007115139401550026,0.73104,0.73096,0.73121,0.73079,,,,,,
2015-05-25,0.003444041223994208,0.73079,0.73112,,,,,,,,,,,,,,,,,,
2015-05-26,0.0034519436639716054,0.72963,0.72278,52.0,-0.005607568398733176,0.72555,0.72598,0.72642,0.72705,117.0,-0.0071662216519295776,0.72442,0.72452,0.72323,0.72444,122.0,-0.008810265817350265,0.72323,0.72336,0.72398,0.72371
2015-05-27,0.003408507058161605,0.72274,0.72255,,,,,,,,,,,,,,,,,,
2015-05-28,0.003423571728334061,0.71643,0.71428,,,,,,,,,,,,,,,,,,
2015-05-29,0.003374135625576366,0.71233,0.71095,,,,,,,,,,,,,,,,,,
2015-06-01,0.003462617932456512,0.71215,0.70944,,,,,,,,,,,,,,,,,,
2015-06-02,0.0033989357037571563,0.71217,0.71539,75.0,0.005824307679123788,0.71633,0.71739,0.7164,0.71543,76.0,0.0073029788187297376,0.71739,0.7168,0.71635,0.71502,121.0,0.008835140580422002,0.71849,0.71866,0.71728,0.71605
2015-06-03,0.0033531954960528123,0.71399,0.71473,128.0,0.005851277368704072,0.71818,0.71829,0.71692,0.71792,,,,,,,,,,,,
2015-06-04,0.0033881623125046325,0.71535,0.7114,172.0,-0.005227872338273328,0.71162,0.71193,0.71171,,,,,,,,,,,,,
2015-06-05,0.0033595790012423913,0.71383,0.70431,30.0,-0.009288907514141902,0.70723,0.70798,0.70534,0.70508,30.0,-0.009288907514141902,0.70723,0.70798,0.70534,0.70508,30.0,-0.009288907514141902,0.70723,0.70798,0.70534,0.70508
2015-06-08,0.003328782056687038,0.70749,0.70959,,,,,,,,,,,,,,,,,,
2015-06-09,0.0034065746601745386,0.7154,0.71373,,,,,,,,,,,,,,,,,,
2015-06-10,0.0034648884773115494,0.71884,0.71927,,,,,,,,,,,,,,,,,,
2015-06-11,0.00341208549610147,0.69928,0.69904,45.0,0.005191853054412855,0.70292,0.70328,0.70238,0.70164,,,,,,,,,,,,
2015-06-12,0.003529345345541403,0.69813,0.69843,,,,,,,,,,,,,,,,,,
2015-06-15,0.0034868493801290088,0.69788,0.70002,,,,,,,,,,,,,,,,,,
2015-06-16,0.0034126187338211606,0.69833,0.6983,,,,,,,,,,,,,,,,,,
2015-06-17,0.003373202240485391,0.69303,0.69102,,,,,,,,,,,,,,,,,,
2015-06-18,0.0033346390621549504,0.69621,0.69362,,,,,,,,,,,,,,,,,,
2015-06-19,0.0033649648207900113,0.68973,0.68934,,,,,,,,,,,,,,,,,,
2015-06-22,0.003327403354650091,0.6878,0.6873,,,,,,,,,,,,,,,,,,
2015-06-23,0.0032499688636164967,0.68397,0.68478,,,,,,,,,,,,,,,,,,
2015-06-24,0.003274866622569661,0.68784,0.68653,,,,,,,,,,,,,,,,,,
2015-06-25,0.0032363132886007186,0.69111,0.691,,,,,,,,,,,,,,,,,,
2015-06-26,0.0032464847938564302,0.6851,0.68308,,,,,,,,,,,,,,,,,,
2015-06-29,0.003212636107709435,0.68364,0.6851,,,,,,,,,,,,,,,,,,
2015-06-30,0.003195692361632347,0.67538,0.67771,,,,,,,,,,,,,,,,,,
2015-07-01,0.003193906515755855,0.67664,0.67511,127.0,-0.005037495466213048,0.67324,0.67343,0.67411,0.67441,,,,,,,,,,,,
2015-07-02,0.003148785294882645,0.66683,0.67242,33.0,0.00533940830149952,0.6704,0.67094,0.66959,0.66787,64.0,0.006323410885630579,0.67106,0.67117,0.67045,0.67141,95.0,0.007886876737141989,0.67211,0.67225,0.67214,0.67122
2015-07-03,0.003306805505286841,0.66892,0.66898,,,,,,,,,,,,,,,,,,
2015-07-06,0.003265993629594065,0.66909,0.67004,,,,,,,,,,,,,,,,,,
2015-07-07,0.0032034167994884673,0.66323,0.6659,,,,,,,,,,,,,,,,,,
2015-07-08,0.0031652033697912667,0.67039,0.67413,,,,,,,,,,,,,,,,,,
2015-07-09,0.003134686438600886,0.67372,0.6724,,,,,,,,,,,,,,,,,,
2015-07-10,0.0032758060190831275,0.6751,0.66971,72.0,-0.0051681236571109014,0.67162,0.67193,0.67234,0.67063,87.0,-0.006643258959062181,0.67063,0.67072,0.67027,0.67019,,,,,,
2015-07-13,0.003246140644516587,0.67105,0.66933,,,,,,,,,,,,,,,,,,
2015-07-14,0.0032008596449608277,0.66921,0.67061,30.0,0.005825707625410626,0.67312,0.67238,0.67226,0.67313,41.0,0.006597931371053322,0.67364,0.67394,0.67302,0.67203,,,,,,
2015-07-15,0.0032128466832604535,0.66925,0.65988,109.0,-0.0057693188160855245,0.6654,0.66537,0.66444,0.66264,111.0,-0.007965898452652586,0.66394,0.66356,0.66431,0.66379,112.0,-0.0085384031763875,0.66356,0.66391,0.66415,0.66383
2015-07-16,0.0031782208869272663,0.65239,0.65377,,,,,,,,,,,,,,,,,,
2015-07-17,0.0036150083903027093,0.65532,0.6527,,,,,,,,,,,,,,,,,,
2015-07-20,0.00356795866822811,0.65754,0.65701,,,,,,,,,,,,,,,,,,
2015-07-21,0.003474142385550091,0.66016,0.66301,137.0,0.005332943107118038,0.66369,0.66356,0.66303,0.66363,180.0,0.007154423525522306,0.6649,,,,,,,,,
2015-07-22,0.0035954220794963657,0.6597,0.65718,167.0,-0.0056396413033646285,0.65599,0.65648,0.65649,,,,,,,,,,,,,
2015-07-23,0.003557509242885012,0.66735,0.66454,69.0,-0.005454272125573581,0.66372,0.66367,0.66385,0.66393,,,,,,,,,,,,
2015-07-24,0.003509168018141021,0.6564,0.65855,,,,,,,,,,,,,,,,,,
2015-07-27,0.003497702839397465,0.66082,0.66345,,,,,,,,,,,,,,,,,,
2015-07-28,0.003424996316165917,0.66608,0.66891,,,,,,,,,,,,,,,,,,
2015-07-29,0.0034134184420408164,0.66753,0.66809,,,,,,,,,,,,,,,,,,
2015-07-30,0.003460771612128859,0.66057,0.65865,166.0,-0.005251666492972476,0.65711,0.65717,0.65698,,,,,,,,,,,,,
2015-07-31,0.0035180170522130256,0.65382,0.6624,31.0,0.0056887225711241916,0.65755,0.658,0.65851,0.66088,36.0,0.007147622880033005,0.65851,0.65951,0.6624,0.66058,38.0,0.010543469267548828,0.66075,0.66202,0.66127,0.66074
2015-08-03,0.003561732636555363,0.65907,0.66006,,,,,,,,,,,,,,,,,,
2015-08-04,0.0034645562263024995,0.66004,0.65843,,,,,,,,,,,,,,,,,,
2015-08-05,0.0034270445842955947,0.65386,0.65162,,,,,,,,,,,,,,,,,,
2015-08-06,0.003398098890452457,0.6536,0.65434,,,,,,,,,,,,,,,,,,
2015-08-07,0.0033530541951058064,0.6573,0.65967,55.0,-0.005155515453563464,0.65392,0.65415,0.65346,0.65418,,,,,,,,,,,,
2015-08-10,0.0033107828965851594,0.65798,0.66015,,,,,,,,,,,,,,,,,,
2015-08-11,0.0033358524470641707,0.65503,0.65335,,,,,,,,,,,,,,,,,,
2015-08-12,0.00339740453064572,0.66098,0.6638,,,,,,,,,,,,,,,,,,
2015-08-13,0.003382907683079423,0.65749,0.65691,,,,,,,,,,,,,,,,,,
2015-08-14,0.0036303362209141325,0.65584,0.65444,,,,,,,,,,,,,,,,,,
2015-08-17,0.0037594195470876477,0.65555,0.65789,,,,,,,,,,,,,,,,,,
2015-08-18,0.00365294785301608,0.65744,0.65809,,,,,,,,,,,,,,,,,,
2015-08-19,0.0036648659438596938,0.65743,0.65635,,,,,,,,,,,,,,,,,,
2015-08-20,0.003614749955161263,0.66067,0.66316,,,,,,,,,,,,,,,,,,
2015-08-21,0.0035747760598812796,0.66637,0.67018,,,,,,,,,,,,,,,,,,
2015-08-24,0.003525861087723636,0.65657,0.6499,65.0,-0.006478745253040699,0.65233,0.65269,0.64489,0.6449,68.0,-0.009810827660968694,0.65016,0.64984,0.6323,0.64749,68.0,-0.009810827660968694,0.65016,0.64984,0.6323,0.64749
2015-08-25,0.003664324549121342,0.65315,0.65198,,,,,,,,,,,,,,,,,,
2015-08-26,0.003695660719592132,0.64934,0.64205,137.0,-0.005559516435219656,0.64574,0.64571,0.64592,0.64554,177.0,-0.007667848224159893,0.64438,0.64371,,,179.0,-0.009982825914037267,0.64289,0.64218,,
2015-08-27,0.003672818698198866,0.64576,0.64767,,,,,,,,,,,,,,,,,,
2015-08-28,0.003643311615364588,0.64557,0.64472,,,,,,,,,,,,,,,,,,
2015-08-31,0.003610065634704478,0.6402,0.63475,118.0,-0.0054977466201032625,0.63669,0.63676,0.63735,0.63755,155.0,-0.00762033886534462,0.63534,0.6358,0.63567,0.63543,177.0,-0.009463570240058266,0.63417,0.63394,,
2015-09-01,0.0035612306560581963,0.63375,0.63464,,,,,,,,,,,,,,,,,,
2015-09-02,0.003539918362820563,0.63322,0.6342,,,,,,,,,,,,,,,,,,
2015-09-03,0.0035272788229377895,0.63473,0.64005,100.0,0.005530344501108297,0.63825,0.6387,0.6391,0.63929,102.0,0.007095902550811192,0.63925,0.6392,0.63925,0.63939,135.0,0.009018183623778714,0.64048,0.64047,0.64069,0.63972
2015-09-04,0.003486809518905942,0.63644,0.62775,51.0,-0.0058147486144222455,0.63275,0.63196,0.63288,0.63317,52.0,-0.007064047035007574,0.63196,0.63231,0.63355,0.63331,146.0,-0.009028124075300509,0.63072,0.63082,0.63124,0.63063
2015-09-07,0.0034482206437458623,0.6258,0.62474,,,,,,,,,,,,,,,,,,
2015-09-08,0.0035367936665265613,0.62892,0.63461,81.0,0.005549667786611542,0.63242,0.63222,0.63281,0.63299,,,,,,,,,,,,
2015-09-09,0.003481275674507249,0.63822,0.64001,88.0,0.00567158003930704,0.64185,0.64207,0.6413,0.64155,,,,,,,,,,,,
2015-09-10,0.0037125277935848417,0.62928,0.63054,,,,,,,,,,,,,,,,,,
2015-09-11,0.003888103494045708,0.6288,0.63135,,,,,,,,,,,,,,,,,,
2015-09-14,0.003838497134666395,0.63193,0.63282,,,,,,,,,,,,,,,,,,
2015-09-15,0.003735754096180267,0.63354,0.63114,171.0,-0.005968465683674329,0.62977,0.62979,0.62974,,,,,,,,,,,,,
2015-09-16,0.003688299420258077,0.63409,0.63475,167.0,0.0055986432744970895,0.63765,0.63766,0.63779,,,,,,,,,,,,,
2015-09-17,0.0036636325043515926,0.63421,0.6321,,,,,,,,,,,,,,,,,,
2015-09-18,0.0036141938043550144,0.6444,0.6418,143.0,-0.005477419395957943,0.64088,0.6415,0.6414,0.64172,,,,,,,,,,,,
2015-09-21,0.003566590245748664,0.63586,0.6309,90.0,-0.005788431445490487,0.63219,0.63217,0.63215,0.63275,173.0,-0.0071813877451195815,0.63131,0.63138,0.63131,,,,,,,
2015-09-22,0.003499019164672056,0.6302,0.6287,,,,,,,,,,,,,,,,,,
2015-09-23,0.0035248006808400144,0.6299,0.62428,179.0,-0.005907237201958558,0.62619,0.62618,,,,,,,,,,,,,,
2015-09-24,0.0035239514092987403,0.62972,0.63354,131.0,0.005668967375956406,0.6333,0.63378,0.63351,0.63263,160.0,0.0074832056964954175,0.63445,0.63435,0.63485,0.6344,176.0,0.00882205212605934,0.6353,0.63575,,
2015-09-25,0.00349083020278221,0.63353,0.63654,176.0,0.005619274523548499,0.6371,0.6361,,,,,,,,,,,,,,
2015-09-28,0.0034896023924081963,0.63443,0.63445,,,,,,,,,,,,,,,,,,
2015-09-29,0.003451489578583514,0.63598,0.63662,,,,,,,,,,,,,,,,,,
2015-09-30,0.003596382937716614,0.63762,0.63886,,,,,,,,,,,,,,,,,,
2015-10-01,0.003648307872432093,0.64404,0.64038,,,,,,,,,,,,,,,,,,
2015-10-02,0.003629833241842523,0.64086,0.64293,34.0,0.006036110423962199,0.64474,0.64432,0.64522,0.64356,,,,,,,,,,,,
2015-10-05,0.003581998454623601,0.65036,0.65042,,,,,,,,,,,,,,,,,,
2015-10-06,0.0035417769973938454,0.64901,0.65327,,,,,,,,,,,,,,,,,,
2015-10-07,0.003502063003811842,0.66325,0.66233,,,,,,,,,,,,,,,,,,
2015-10-08,0.003567997475929997,0.6611,0.66416,,,,,,,,,,,,,,,,,,
2015-10-09,0.003547549323118614,0.66974,0.6699,,,,,,,,,,,,,,,,,,
2015-10-12,0.003573325611678491,0.67254,0.67374,,,,,,,,,,,,,,,,,,
2015-10-13,0.0034853295256748406,0.66935,0.66881,89.0,-0.005633226876231452,0.66559,0.66581,0.66633,0.66691,,,,,,,,,,,,
2015-10-14,0.0034492087649088815,0.674,0.67658,50.0,0.005548377466467719,0.67775,0.67831,0.67733,0.67639,,,,,,,,,,,,
2015-10-15,0.00339171008236183,0.6862,0.6852,41.0,-0.005157550132481527,0.68267,0.68226,0.6827,0.6835,44.0,-0.007195748719234714,0.68128,0.68229,0.683,0.68338,,,,,,
2015-10-16,0.0037598292722239687,0.67885,0.67984,,,,,,,,,,,,,,,,,,
2015-10-19,0.003706864591001293,0.6805,0.68043,,,,,,,,,,,,,,,,,,
2015-10-20,0.0036166675937333464,0.68282,0.67535,126.0,-0.005624881735635396,0.67899,0.67998,0.6782,0.67772,133.0,-0.00782172889152355,0.6775,0.67776,0.67707,0.67724,136.0,-0.00912146617312824,0.67662,0.6768,0.67772,0.67693
2015-10-21,0.0035794600635164087,0.67337,0.67321,,,,,,,,,,,,,,,,,,
2015-10-22,0.0035640871019208442,0.67656,0.67874,95.0,0.007407168572011314,0.68159,0.68065,0.68077,0.68073,95.0,0.007407168572011314,0.68159,0.68065,0.68077,0.68073,,,,,,
2015-10-23,0.003512555532175033,0.68012,0.6749,53.0,-0.005395935190569325,0.67646,0.67701,0.6771,0.6754,65.0,-0.00706779289510329,0.67533,0.67557,0.67584,0.67505,76.0,-0.008786948561198629,0.67417,0.67478,0.67511,0.67451
2015-10-26,0.0035847019562815375,0.67721,0.67913,,,,,,,,,,,,,,,,,,
2015-10-27,0.00362796333484593,0.67854,0.67997,,,,,,,,,,,,,,,,,,
2015-10-28,0.0035762966143232165,0.67212,0.67187,,,,,,,,,,,,,,,,,,
2015-10-29,0.003559023034474118,0.6701,0.66774,,,,,,,,,,,,,,,,,,
2015-10-30,0.0035663420047194654,0.67554,0.67667,,,,,,,,,,,,,,,,,,
2015-11-02,0.003588548394615481,0.67551,0.67376,,,,,,,,,,,,,,,,,,
2015-11-03,0.0035106902252771124,0.6678,0.66941,,,,,,,,,,,,,,,,,,
2015-11-04,0.0034694657260942304,0.65875,0.65893,,,,,,,,,,,,,,,,,,
2015-11-05,0.0035813493504476862,0.66352,0.66229,,,,,,,,,,,,,,,,,,
2015-11-06,0.0035937265846092974,0.65225,0.65141,,,,,,,,,,,,,,,,,,
2015-11-09,0.003542097450435815,0.6532,0.65365,,,,,,,,,,,,,,,,,,
2015-11-10,0.0036263602883560135,0.65294,0.65354,,,,,,,,,,,,,,,,,,
2015-11-11,0.003590249656854423,0.65679,0.65542,,,,,,,,,,,,,,,,,,
2015-11-12,0.003591215281831783,0.65228,0.65245,,,,,,,,,,,,,,,,,,
2015-11-13,0.003561225583150016,0.65191,0.65236,,,,,,,,,,,,,,,,,,
2015-11-16,0.00351317230325942,0.64787,0.64918,,,,,,,,,,,,,,,,,,
2015-11-17,0.0034158759257821433,0.64681,0.64663,,,,,,,,,,,,,,,,,,
2015-11-18,0.0034611550324534154,0.64644,0.6443,,,,,,,,,,,,,,,,,,
2015-11-19,0.0034202478464409845,0.65154,0.65677,62.0,0.0054796335050686954,0.65512,0.65573,0.65584,0.65562,79.0,0.007203022448969333,0.65625,0.65654,0.65607,0.65592,113.0,0.00883217085622507,0.65732,0.65753,0.65789,0.65728
2015-11-20,0.0034560150267624215,0.65753,0.65569,,,,,,,,,,,,,,,,,,
2015-11-23,0.003452316365511867,0.65162,0.65129,,,,,,,,,,,,,,,,,,
2015-11-24,0.003412131448151123,0.65194,0.65427,,,,,,,,,,,,,,,,,,
2015-11-25,0.003366994715609115,0.6557,0.65727,,,,,,,,,,,,,,,,,,
2015-11-26,0.0033795134648166923,0.65734,0.65726,,,,,,,,,,,,,,,,,,
2015-11-27,0.003339263538011239,0.65328,0.65358,,,,,,,,,,,,,,,,,,
2015-11-30,0.0033012088218712984,0.65747,0.65792,,,,,,,,,,,,,,,,,,
2015-12-01,0.003258552219716317,0.66509,0.66705,,,,,,,,,,,,,,,,,,
2015-12-02,0.0033469063763155974,0.66413,0.66293,,,,,,,,,,,,,,,,,,
2015-12-03,0.0033317227402517753,0.66614,0.6659,51.0,-0.005041660728482365,0.66279,0.66262,0.66211,0.66211,98.0,-0.006823600191240701,0.66161,0.66159,0.66192,0.66171,,,,,,
2015-12-04,0.003289871207490734,0.66915,0.67423,38.0,0.006316406359478128,0.67339,0.67301,0.67247,0.6743,51.0,0.006702437959473284,0.67365,0.67361,0.67495,0.67814,54.0,0.010199618590574958,0.67601,0.67532,0.67521,0.67744
2015-12-07,0.00327978350355955,0.66551,0.66423,,,,,,,,,,,,,,,,,,
2015-12-08,0.003287146594497363,0.66213,0.66392,,,,,,,,,,,,,,,,,,
2015-12-09,0.0033280844924185433,0.66433,0.66332,,,,,,,,,,,,,,,,,,
2015-12-10,0.003279235660531746,0.6764,0.67658,,,,,,,,,,,,,,,,,,
2015-12-11,0.003445894175582893,0.674,0.67121,57.0,-0.005176580149230003,0.67052,0.67072,0.67123,0.67201,,,,,,,,,,,,
2015-12-14,0.0034049306894365027,0.6761,0.67782,,,,,,,,,,,,,,,,,,
2015-12-15,0.0033391388963743204,0.67767,0.67455,121.0,-0.005103976639427413,0.67422,0.67492,0.67542,0.67504,,,,,,,,,,,,
2015-12-16,0.003471857812359992,0.6746,0.67812,,,,,,,,,,,,,,,,,,
2015-12-17,0.003455046191860797,0.67473,0.67053,75.0,-0.005558377120218423,0.67099,0.6708,0.67084,0.67055,114.0,-0.006975198755704383,0.67004,0.66997,0.66966,0.66926,133.0,-0.00870793900938763,0.66888,0.66927,0.66959,0.66975
2015-12-18,0.003423442005988101,0.67091,0.67371,70.0,0.005232889875247975,0.67443,0.6747,0.6746,0.67392,,,,,,,,,,,,
2015-12-21,0.003408715832294097,0.67628,0.67709,,,,,,,,,,,,,,,,,,
2015-12-22,0.0033442735587976597,0.68158,0.68111,,,,,,,,,,,,,,,,,,
2015-12-23,0.0033723426045585547,0.67742,0.67872,,,,,,,,,,,,,,,,,,
2015-12-24,0.0033279851360931124,0.68221,0.68375,,,,,,,,,,,,,,,,,,
2015-12-28,0.0032862830515616778,0.68397,0.68455,,,,,,,,,,,,,,,,,,
2015-12-29,0.0032185095859221815,0.68689,0.68744,,,,,,,,,,,,,,,,,,
2015-12-30,0.0031916975110006882,0.68472,0.68347,,,,,,,,,,,,,,,,,,
2015-12-31,0.003154535145197958,0.6847,0.68383,,,,,,,,,,,,,,,,,,
2016-01-04,0.0031158295357892585,0.6745,0.67413,,,,,,,,,,,,,,,,,,
2016-01-05,0.003221834869502871,0.67195,0.66928,57.0,-0.004938134293467949,0.66864,0.66844,0.66832,0.66834,,,,,,,,,,,,
2016-01-06,0.003173398997996778,0.66426,0.66317,,,,,,,,,,,,,,,,,,
2016-01-07,0.00332400718014393,0.66137,0.66485,107.0,0.005172802353079525,0.6648,0.66497,0.66475,0.6643,,,,,,,,,,,,
2016-01-08,0.003279005338288889,0.65941,0.65597,52.0,-0.005337157524738423,0.6559,0.65538,0.65558,0.65518,69.0,-0.006588130242761665,0.65508,0.65499,0.65458,0.65467,,,,,,
2016-01-11,0.0032245213534183503,0.65675,0.65449,,,,,,,,,,,,,,,,,,
2016-01-12,0.0034335406680581046,0.65462,0.65312,,,,,,,,,,,,,,,,,,
2016-01-13,0.0033989869999686943,0.65601,0.65509,,,,,,,,,,,,,,,,,,
2016-01-14,0.0033422972684132636,0.64563,0.64729,,,,,,,,,,,,,,,,,,
2016-01-15,0.0035121581998924243,0.64092,0.64326,47.0,0.006159608835666178,0.64488,0.64456,0.64353,0.64278,,,,,,,,,,,,
2016-01-18,0.0034988863123947703,0.64496,0.64438,,,,,,,,,,,,,,,,,,
2016-01-19,0.0033945292335174617,0.6478,0.64908,,,,,,,,,,,,,,,,,,
2016-01-20,0.0033558236581848365,0.63805,0.63956,,,,,,,,,,,,,,,,,,
2016-01-21,0.0034032421623794154,0.6444,0.65051,131.0,0.005632771539398096,0.64804,0.64785,0.64734,0.64752,166.0,0.0069589703243035225,0.6489,0.64986,0.64973,,168.0,0.008745015019078388,0.65006,0.65022,0.65021,
2016-01-22,0.00345971364294103,0.65005,0.64763,,,,,,,,,,,,,,,,,,
2016-01-25,0.003646585854309383,0.64692,0.64813,,,,,,,,,,,,,,,,,,
2016-01-26,0.0036220331144180273,0.64881,0.65031,,,,,,,,,,,,,,,,,,
2016-01-27,0.003708332062357738,0.6524,0.65197,,,,,,,,,,,,,,,,,,
2016-01-28,0.003678336377938936,0.64906,0.64819,,,,,,,,,,,,,,,,,,
2016-01-29,0.0036556600150156,0.64893,0.64741,,,,,,,,,,,,,,,,,,
2016-02-01,0.003658619067497419,0.64664,0.65035,69.0,0.00564406944951726,0.6503,0.65032,0.65047,0.65042,96.0,0.007610457154138262,0.65158,0.65161,0.65182,0.6512,,,,,,
2016-02-02,0.0035499400754223885,0.64661,0.64959,,,,,,,,,,,,,,,,,,
2016-02-03,0.003543351885023355,0.66183,0.66643,107.0,0.006145800897897473,0.66591,0.66575,0.66592,0.66579,117.0,0.0074214356991058215,0.66676,0.66658,0.66579,0.66525,,,,,,
2016-02-04,0.003491020548837417,0.67276,0.67409,,,,,,,,,,,,,,,,,,
2016-02-05,0.0037723098197646014,0.6662,0.66218,98.0,-0.0057807109852958715,0.66236,0.6626,0.66274,0.66274,,,,,,,,,,,,
2016-02-08,0.003743131291346963,0.66085,0.66332,,,,,,,,,,,,,,,,,,
2016-02-09,0.0037540053836992104,0.66068,0.66543,62.0,0.0072239502781389015,0.66547,0.66579,0.66459,0.66418,63.0,0.007704697849857746,0.66579,0.66542,0.6655,0.66423,,,,,,
2016-02-10,0.0037655723174370194,0.66456,0.66545,,,,,,,,,,,,,,,,,,
2016-02-11,0.0037114912120260065,0.66732,0.66807,,,,,,,,,,,,,,,,,,
2016-02-12,0.003751009926485763,0.6636,0.66291,,,,,,,,,,,,,,,,,,
2016-02-15,0.0036862772785616967,0.66623,0.66556,,,,,,,,,,,,,,,,,,
2016-02-16,0.0036429848672722663,0.6578,0.65666,,,,,,,,,,,,,,,,,,
2016-02-17,0.0036595203644835196,0.65765,0.66326,99.0,0.00586734249912373,0.66152,0.66212,0.66154,0.66247,115.0,0.00789093158573823,0.66286,0.66275,0.6629,0.66291,153.0,0.009428535337730469,0.66388,0.66393,0.66371,0.66297
2016-02-18,0.003624390630839631,0.66266,0.66303,,,,,,,,,,,,,,,,,,
2016-02-19,0.0037459059920192605,0.65883,0.6623,,,,,,,,,,,,,,,,,,
2016-02-22,0.0037070861913174238,0.6697,0.67218,,,,,,,,,,,,,,,,,,
2016-02-23,0.0036050697881225475,0.6679,0.66608,,,,,,,,,,,,,,,,,,
2016-02-24,0.0035922143439484555,0.66141,0.66274,,,,,,,,,,,,,,,,,,
2016-02-25,0.003671282498726512,0.66857,0.66964,,,,,,,,,,,,,,,,,,
2016-02-26,0.003623600995513162,0.67324,0.66332,60.0,-0.005436293483345207,0.66959,0.66899,0.66937,0.66873,81.0,-0.007394630868387914,0.66828,0.66838,0.66873,0.66897,127.0,-0.010827222845317733,0.66599,0.66589,0.66296,0.66439
2016-02-29,0.0039019527950131952,0.65807,0.65954,,,,,,,,,,,,,,,,,,
2016-03-01,0.00426389993713639,0.66145,0.6613,78.0,-0.00659818100456692,0.6571,0.65761,0.65735,0.65835,,,,,,,,,,,,
2016-03-02,0.004191448793695512,0.66061,0.66332,,,,,,,,,,,,,,,,,,
2016-03-03,0.004131745261924503,0.67014,0.67485,132.0,0.006218129908436637,0.67432,0.67417,0.67347,0.67367,,,,,,,,,,,,
2016-03-04,0.00413780841656225,0.6787,0.6807,,,,,,,,,,,,,,,,,,
2016-03-07,0.0041836572533829166,0.67568,0.68116,100.0,0.006299674869334773,0.67995,0.67979,0.67969,0.67955,,,,,,,,,,,,
2016-03-08,0.004137094558594137,0.67675,0.67812,,,,,,,,,,,,,,,,,,
2016-03-09,0.004076768153874758,0.67674,0.6791,,,,,,,,,,,,,,,,,,
2016-03-10,0.004048184183078252,0.66655,0.6656,,,,,,,,,,,,,,,,,,
2016-03-11,0.004175648105959787,0.66918,0.67454,43.0,0.006375520612396446,0.67346,0.67281,0.67263,0.67377,63.0,0.008718866141527955,0.67504,0.67504,0.67524,0.67495,164.0,0.011130627229464028,0.67667,0.6769,0.67662,0.67618
2016-03-14,0.004188503774973954,0.67023,0.66892,,,,,,,,,,,,,,,,,,
2016-03-15,0.004107547514354786,0.66491,0.66121,150.0,-0.006578871826566155,0.66055,0.66058,0.66005,0.65993,158.0,-0.008427525260890124,0.65933,0.65941,0.65974,0.66001,,,,,,
2016-03-16,0.004206532416261933,0.6607,0.66021,,,,,,,,,,,,,,,,,,
2016-03-17,0.004223353963446716,0.68216,0.6834,,,,,,,,,,,,,,,,,,
2016-03-18,0.004705286886890227,0.67989,0.68101,,,,,,,,,,,,,,,,,,
2016-03-21,0.00476602670217804,0.67724,0.67572,,,,,,,,,,,,,,,,,,
2016-03-22,0.004661863930558517,0.67468,0.67589,,,,,,,,,,,,,,,,,,
2016-03-23,0.004579268254501565,0.67157,0.66996,,,,,,,,,,,,,,,,,,
2016-03-24,0.0045175411559872924,0.66872,0.66956,,,,,,,,,,,,,,,,,,
2016-03-25,0.0044743055786397885,0.6699,0.66833,,,,,,,,,,,,,,,,,,
2016-03-28,0.004397710469901348,0.67046,0.67287,,,,,,,,,,,,,,,,,,
2016-03-29,0.004245949190690227,0.67539,0.67993,164.0,0.00655246511395097,0.67983,0.67978,0.68023,0.68042,,,,,,,,,,,,
2016-03-30,0.004288632983067496,0.69253,0.69129,,,,,,,,,,,,,,,,,,
2016-03-31,0.004423881729131148,0.69426,0.69245,,,,,,,,,,,,,,,,,,
2016-04-01,0.004386098587638118,0.6913,0.68975,51.0,-0.0067491819749284495,0.68665,0.68683,0.68749,0.68633,62.0,-0.009082054652101655,0.68505,0.68498,0.68598,0.6863,129.0,-0.010996154550497282,0.68374,0.68422,0.68484,0.68552
2016-04-04,0.004320232662845318,0.68605,0.68529,,,,,,,,,,,,,,,,,,
2016-04-05,0.004174568025698798,0.677,0.67907,,,,,,,,,,,,,,,,,,
2016-04-06,0.004226678466881525,0.67745,0.68367,,,,,,,,,,,,,,,,,,
2016-04-07,0.004155307883195062,0.6789,0.67712,,,,,,,,,,,,,,,,,,
2016-04-08,0.004086848520494671,0.67871,0.68154,,,,,,,,,,,,,,,,,,
2016-04-11,0.00404459303893754,0.68266,0.68574,113.0,0.006613886941138537,0.68719,0.68689,0.68732,0.68623,,,,,,,,,,,,
2016-04-12,0.0039214287891736425,0.68866,0.69008,,,,,,,,,,,,,,,,,,
2016-04-13,0.003906476495712349,0.691,0.69113,,,,,,,,,,,,,,,,,,
2016-04-14,0.0039694790532998426,0.68671,0.68644,,,,,,,,,,,,,,,,,,
2016-04-15,0.004061581140003485,0.69128,0.69111,,,,,,,,,,,,,,,,,,
2016-04-18,0.004005077802006167,0.69398,0.69471,,,,,,,,,,,,,,,,,,
2016-04-19,0.0038874659515192294,0.70322,0.70331,,,,,,,,,,,,,,,,,,
2016-04-20,0.003947783390950993,0.70129,0.69958,,,,,,,,,,,,,,,,,,
2016-04-21,0.003905480403879985,0.69621,0.69239,,,,,,,,,,,,,,,,,,
2016-04-22,0.003912939235787912,0.68884,0.68513,,,,,,,,,,,,,,,,,,
2016-04-25,0.0038762097632708014,0.68705,0.68555,,,,,,,,,,,,,,,,,,
2016-04-26,0.003853110494640825,0.68729,0.68929,,,,,,,,,,,,,,,,,,
2016-04-27,0.003798611603381221,0.68465,0.68501,,,,,,,,,,,,,,,,,,
2016-04-28,0.0037337518970507124,0.69567,0.69676,,,,,,,,,,,,,,,,,,
2016-04-29,0.003683317632430362,0.69778,0.69836,,,,,,,,,,,,,,,,,,
2016-05-02,0.0037151826653150895,0.70184,0.70078,,,,,,,,,,,,,,,,,,
2016-05-03,0.0036052611297717535,0.6981,0.69242,119.0,-0.006524605299883812,0.69356,0.69334,0.69357,0.69244,126.0,-0.007577700125242748,0.69283,0.69307,0.69261,0.69393,,,,,,
2016-05-04,0.003586752891381556,0.68983,0.68727,,,,,,,,,,,,,,,,,,
2016-05-05,0.00412305494247769,0.69026,0.68929,,,,,,,,,,,,,,,,,,
2016-05-06,0.0040562362752342785,0.68433,0.6841,,,,,,,,,,,,,,,,,,
2016-05-09,0.00402196471154814,0.67999,0.67766,,,,,,,,,,,,,,,,,,
2016-05-10,0.0038996068588840463,0.67281,0.6745,,,,,,,,,,,,,,,,,,
2016-05-11,0.0040083920540348395,0.67995,0.68432,,,,,,,,,,,,,,,,,,
2016-05-12,0.004005907542968586,0.68071,0.68122,,,,,,,,,,,,,,,,,,
2016-05-13,0.0039457227527755585,0.68026,0.67796,120.0,-0.006134083936437901,0.6761,0.67629,0.6759,0.67677,,,,,,,,,,,,
2016-05-16,0.003887732282978691,0.67996,0.68036,,,,,,,,,,,,,,,,,,
2016-05-17,0.003790912458180538,0.67975,0.68378,174.0,0.005794141407168111,0.6837,0.68411,0.68329,,,,,,,,,,,,,
2016-05-18,0.003830383444864762,0.67795,0.67808,,,,,,,,,,,,,,,,,,
2016-05-19,0.003794055244170857,0.67369,0.67444,,,,,,,,,,,,,,,,,,
2016-05-20,0.003807114510918411,0.67692,0.67585,,,,,,,,,,,,,,,,,,
2016-05-23,0.0037651431595799043,0.6778,0.67532,,,,,,,,,,,,,,,,,,
2016-05-24,0.0036597936848565323,0.67177,0.67365,,,,,,,,,,,,,,,,,,
2016-05-25,0.0036756576891148014,0.67596,0.67509,,,,,,,,,,,,,,,,,,
2016-05-26,0.0036256974446503363,0.67332,0.67486,,,,,,,,,,,,,,,,,,
2016-05-27,0.003591080660740578,0.67313,0.67261,,,,,,,,,,,,,,,,,,
2016-05-30,0.003544013833881891,0.67012,0.66961,,,,,,,,,,,,,,,,,,
2016-05-31,0.0034925975737076045,0.67544,0.67642,,,,,,,,,,,,,,,,,,
2016-06-01,0.003467689219057832,0.6823,0.68054,,,,,,,,,,,,,,,,,,
2016-06-02,0.003501903606379678,0.679,0.68131,,,,,,,,,,,,,,,,,,
2016-06-03,0.003483121701367489,0.68439,0.6941,30.0,0.008178159667016094,0.69001,0.69171,0.69227,0.69134,30.0,0.008178159667016094,0.69001,0.69171,0.69227,0.69134,31.0,0.010638862063738357,0.69171,0.69146,0.69284,0.6915
2016-06-06,0.0034346856811421555,0.6924,0.69315,,,,,,,,,,,,,,,,,,
2016-06-07,0.003727157739064441,0.69549,0.69784,,,,,,,,,,,,,,,,,,
2016-06-08,0.0036712993598411025,0.70137,0.70214,,,,,,,,,,,,,,,,,,
2016-06-09,0.0037433625659943825,0.71049,0.71286,,,,,,,,,,,,,,,,,,
2016-06-10,0.004096010415003199,0.70854,0.70684,,,,,,,,,,,,,,,,,,
2016-06-13,0.004033762238465209,0.70711,0.70622,,,,,,,,,,,,,,,,,,
2016-06-14,0.00393950281129382,0.70049,0.70032,,,,,,,,,,,,,,,,,,
2016-06-15,0.00387548116613372,0.70321,0.70277,,,,,,,,,,,,,,,,,,
2016-06-16,0.0038255181264260562,0.70262,0.69935,136.0,-0.005752187198110484,0.69859,0.69793,0.69824,0.69776,156.0,-0.007829953702593753,0.69714,0.6971,0.69717,0.69806,,,,,,
2016-06-17,0.0038724304162578277,0.70443,0.70555,,,,,,,,,,,,,,,,,,
2016-06-20,0.003812235509004704,0.71017,0.71081,,,,,,,,,,,,,,,,,,
2016-06-21,0.003752108362765507,0.71517,0.71374,,,,,,,,,,,,,,,,,,
2016-06-22,0.003690958048463245,0.71661,0.71644,,,,,,,,,,,,,,,,,,
2016-06-23,0.0036416581862499632,0.72276,0.72385,,,,,,,,,,,,,,,,,,
2016-06-24,0.003598811713769066,0.7072,0.71022,43.0,0.005738593229669582,0.71127,0.71122,0.71243,0.71328,48.0,0.007368150378920285,0.71243,0.71223,0.71324,0.71199,54.0,0.009401369664380899,0.71388,0.71473,0.71254,0.71223
2016-06-27,0.004074492504138072,0.70598,0.70179,,,,,,,,,,,,,,,,,,
2016-06-28,0.004238532761159439,0.70624,0.70288,,,,,,,,,,,,,,,,,,
2016-06-29,0.004165665765200624,0.71241,0.71188,,,,,,,,,,,,,,,,,,
2016-06-30,0.0041252781743721986,0.71074,0.71203,,,,,,,,,,,,,,,,,,
2016-07-01,0.004056237643449879,0.71803,0.71675,,,,,,,,,,,,,,,,,,
2016-07-04,0.00402963595088024,0.72047,0.72319,,,,,,,,,,,,,,,,,,
2016-07-05,0.0039038953533427965,0.71834,0.71462,,,,,,,,,,,,,,,,,,
2016-07-06,0.0038500597321893264,0.71128,0.71262,,,,,,,,,,,,,,,,,,
2016-07-07,0.004011422612528283,0.7216,0.72111,,,,,,,,,,,,,,,,,,
2016-07-08,0.003958361143957685,0.72714,0.72897,30.0,-0.007939124770216098,0.72139,0.72186,0.72569,0.72727,30.0,-0.007939124770216098,0.72139,0.72186,0.72569,0.72727,,,,,,
2016-07-11,0.00421880209575646,0.72493,0.72224,,,,,,,,,,,,,,,,,,
2016-07-12,0.004090471012079339,0.73105,0.73031,,,,,,,,,,,,,,,,,,
2016-07-13,0.004035200790489085,0.72994,0.7301,,,,,,,,,,,,,,,,,,
2016-07-14,0.003965673608430556,0.72079,0.71987,,,,,,,,,,,,,,,,,,
2016-07-15,0.0038945802563630496,0.71602,0.71307,,,,,,,,,,,,,,,,,,
2016-07-18,0.003960804324268622,0.71067,0.71154,,,,,,,,,,,,,,,,,,
2016-07-19,0.003959470037567054,0.70387,0.70443,,,,,,,,,,,,,,,,,,
2016-07-20,0.003927508856873824,0.70329,0.70307,,,,,,,,,,,,,,,,,,
2016-07-21,0.0038610309675752297,0.69654,0.69875,,,,,,,,,,,,,,,,,,
2016-07-22,0.003893215976547146,0.69954,0.69889,,,,,,,,,,,,,,,,,,
2016-07-25,0.003828983773794979,0.69896,0.69798,,,,,,,,,,,,,,,,,,
2016-07-26,0.003703380638611959,0.70634,0.70352,,,,,,,,,,,,,,,,,,
2016-07-27,0.0036489594203782095,0.70313,0.70414,,,,,,,,,,,,,,,,,,
2016-07-28,0.0035989757222655698,0.70854,0.70745,,,,,,,,,,,,,,,,,,
2016-07-29,0.003659429693079436,0.71152,0.72131,46.0,0.005564095896059332,0.71549,0.71588,0.71715,0.71775,51.0,0.007881496977835595,0.71715,0.71664,0.71691,0.71799,75.0,0.009386325251611012,0.71823,0.71771,0.71833,0.71808
2016-08-01,0.0036154246493797977,0.71831,0.71934,,,,,,,,,,,,,,,,,,
2016-08-02,0.0036695969171687145,0.72121,0.72339,117.0,0.005737726325510772,0.72536,0.72543,0.72533,0.72442,,,,,,,,,,,,
2016-08-03,0.0036571446205010613,0.71871,0.71606,150.0,-0.005651033268142852,0.71466,0.7151,0.71544,0.71572,,,,,,,,,,,,
2016-08-04,0.003609170387526649,0.71832,0.71934,,,,,,,,,,,,,,,,,,
2016-08-05,0.003558147285623473,0.7212,0.71374,30.0,-0.007599518807252609,0.71574,0.71662,0.71507,0.71844,30.0,-0.007599518807252609,0.71574,0.71662,0.71507,0.71844,61.0,-0.00912357897403787,0.71465,0.71497,0.71488,0.71539
2016-08-08,0.003513261257478229,0.71279,0.7137,,,,,,,,,,,,,,,,,,
2016-08-09,0.0034671296089478897,0.71419,0.71769,,,,,,,,,,,,,,,,,,
2016-08-10,0.003422328260679408,0.72553,0.72184,,,,,,,,,,,,,,,,,,
2016-08-11,0.003493316492257778,0.72431,0.72422,,,,,,,,,,,,,,,,,,
2016-08-12,0.003525265833113132,0.71994,0.72135,31.0,0.005416313395700058,0.72385,0.72367,0.72446,0.72475,39.0,0.007210654801906518,0.72515,0.72538,0.72453,0.72395,,,,,,
2016-08-15,0.0035885543962835527,0.72143,0.72192,,,,,,,,,,,,,,,,,,
2016-08-16,0.003477343421583988,0.72891,0.7263,46.0,-0.0052544825158838465,0.72509,0.725,0.72541,0.72647,80.0,-0.007187143700840649,0.72369,0.72423,0.72374,0.72314,,,,,,
2016-08-17,0.0034650254359002578,0.72327,0.72201,,,,,,,,,,,,,,,,,,
2016-08-18,0.0034708572728821235,0.72751,0.72901,,,,,,,,,,,,,,,,,,
2016-08-19,0.0034156164117331036,0.72551,0.72673,,,,,,,,,,,,,,,,,,
2016-08-22,0.0033894635503349296,0.72503,0.72761,173.0,0.005639009276085569,0.72913,0.72872,0.72905,,,,,,,,,,,,,
2016-08-23,0.0033429775243504056,0.73334,0.73077,,,,,,,,,,,,,,,,,,
2016-08-24,0.0034668872655976143,0.73153,0.73024,,,,,,,,,,,,,,,,,,
2016-08-25,0.003427262739097341,0.73056,0.72958,,,,,,,,,,,,,,,,,,
2016-08-26,0.0034246252431122033,0.73215,0.72974,55.0,0.005923824901418961,0.7365,0.73628,0.7357,0.73476,136.0,0.007524715229619747,0.73768,0.73693,0.73754,0.73582,,,,,,
2016-08-29,0.003372381900091328,0.72296,0.72528,,,,,,,,,,,,,,,,,,
2016-08-30,0.003397794559165616,0.72381,0.72205,,,,,,,,,,,,,,,,,,
2016-08-31,0.003346153696963285,0.72505,0.72533,,,,,,,,,,,,,,,,,,
2016-09-01,0.003292806822516558,0.72599,0.72818,,,,,,,,,,,,,,,,,,
2016-09-02,0.003240167471436946,0.73027,0.72829,33.0,0.004944824849930392,0.73389,0.73471,0.73344,0.73297,35.0,0.007544013897002222,0.7358,0.7339,0.7337,0.73188,,,,,,
2016-09-05,0.0032245383706283504,0.73114,0.73059,,,,,,,,,,,,,,,,,,
2016-09-06,0.0031537855044767595,0.73376,0.7407,123.0,0.004839990958433278,0.73732,0.73846,0.73818,0.73997,124.0,0.006384936989347821,0.73846,0.738,0.73826,0.73986,137.0,0.008887017725562574,0.74031,0.73997,0.73978,0.73977
2016-09-07,0.0031066008511180456,0.74601,0.74486,,,,,,,,,,,,,,,,,,
2016-09-08,0.0033167300663387083,0.74558,0.74097,129.0,-0.0050962547352180285,0.74179,0.74137,0.74165,0.74201,,,,,,,,,,,,
2016-09-09,0.0032957766282482688,0.73595,0.73358,99.0,-0.004971915571571706,0.7323,0.73253,0.73254,0.73193,,,,,,,,,,,,
2016-09-12,0.0033309429828412285,0.73104,0.73187,,,,,,,,,,,,,,,,,,
2016-09-13,0.003389074792905952,0.73199,0.72606,132.0,-0.0052323152463385324,0.72817,0.7282,0.7286,0.72766,,,,,,,,,,,,
2016-09-14,0.0033433727488974786,0.72755,0.73025,,,,,,,,,,,,,,,,,,
2016-09-15,0.003417825534982544,0.72773,0.73069,,,,,,,,,,,,,,,,,,
2016-09-16,0.003363780670081121,0.73018,0.72688,126.0,-0.0050801257086261955,0.72648,0.72611,0.72659,0.72653,,,,,,,,,,,,
2016-09-19,0.003355563502817536,0.73098,0.73169,,,,,,,,,,,,,,,,,,
2016-09-20,0.003362708965082088,0.73463,0.73208,,,,,,,,,,,,,,,,,,
2016-09-21,0.003312067357703345,0.73421,0.73274,,,,,,,,,,,,,,,,,,
2016-09-22,0.0032597666704741856,0.73262,0.73172,,,,,,,,,,,,,,,,,,
2016-09-23,0.0032168227585633057,0.72615,0.72321,,,,,,,,,,,,,,,,,,
2016-09-26,0.003230304718627268,0.72623,0.72788,,,,,,,,,,,,,,,,,,
2016-09-27,0.003167060924355051,0.73015,0.72935,,,,,,,,,,,,,,,,,,
2016-09-28,0.003192373602432841,0.72548,0.72489,,,,,,,,,,,,,,,,,,
2016-09-29,0.00314310078432556,0.72639,0.72829,,,,,,,,,,,,,,,,,,
2016-09-30,0.00310089682056682,0.72673,0.72891,,,,,,,,,,,,,,,,,,
2016-10-03,0.0030761834776337855,0.72676,0.7263,,,,,,,,,,,,,,,,,,
2016-10-04,0.002995526240997857,0.72825,0.72456,135.0,-0.004541708880341196,0.72495,0.72526,0.72543,0.72507,,,,,,,,,,,,
2016-10-05,0.0029550871374211915,0.71806,0.71703,,,,,,,,,,,,,,,,,,
2016-10-06,0.003185008024038937,0.71521,0.71631,,,,,,,,,,,,,,,,,,
2016-10-07,0.0031397733407941848,0.71401,0.71225,57.0,0.004889916975135348,0.71751,0.71752,0.71917,0.71698,61.0,0.007020021153216575,0.71904,0.71917,0.71766,0.71838,96.0,0.008201454716861976,0.71989,0.71941,0.71938,0.71722
2016-10-10,0.003109877756690201,0.7134,0.71392,,,,,,,,,,,,,,,,,,
2016-10-11,0.0030352178220217894,0.70723,0.70662,,,,,,,,,,,,,,,,,,
2016-10-12,0.0030792073303929565,0.70594,0.70473,,,,,,,,,,,,,,,,,,
2016-10-13,0.003035304295226752,0.70677,0.70791,,,,,,,,,,,,,,,,,,
2016-10-14,0.0030278486296359446,0.71001,0.70892,,,,,,,,,,,,,,,,,,
2016-10-17,0.003133287943272812,0.71239,0.71316,,,,,,,,,,,,,,,,,,
2016-10-18,0.003082563936564583,0.71918,0.72168,,,,,,,,,,,,,,,,,,
2016-10-19,0.0031809767463515976,0.7201,0.72219,,,,,,,,,,,,,,,,,,
2016-10-20,0.0031489248397942346,0.7227,0.7202,140.0,-0.005021581110720044,0.71908,0.719,0.7187,0.71864,,,,,,,,,,,,
2016-10-21,0.003133265624608992,0.71667,0.71541,,,,,,,,,,,,,,,,,,
2016-10-24,0.003205284081475918,0.71599,0.71315,176.0,-0.004830149464794343,0.71254,0.71282,,,,,,,,,,,,,,
2016-10-25,0.003109388216017956,0.7147,0.71671,,,,,,,,,,,,,,,,,,
2016-10-26,0.0030609976342419174,0.71648,0.71555,,,,,,,,,,,,,,,,,,
2016-10-27,0.003019044953771331,0.71378,0.71206,,,,,,,,,,,,,,,,,,
2016-10-28,0.002971921090874859,0.71402,0.71423,,,,,,,,,,,,,,,,,,
2016-10-31,0.0029390400792581746,0.71529,0.71539,,,,,,,,,,,,,,,,,,
2016-11-01,0.0028749418810228695,0.7185,0.71748,,,,,,,,,,,,,,,,,,
2016-11-02,0.0028420488493499977,0.72839,0.72976,,,,,,,,,,,,,,,,,,
2016-11-03,0.00283644842880236,0.73017,0.73194,,,,,,,,,,,,,,,,,,
2016-11-04,0.0029817822109400693,0.73218,0.73068,,,,,,,,,,,,,,,,,,
2016-11-07,0.0029483689087785787,0.73208,0.73226,,,,,,,,,,,,,,,,,,
2016-11-08,0.002867727657317285,0.73351,0.73606,,,,,,,,,,,,,,,,,,
2016-11-09,0.0028365742161393496,0.72995,0.7284,31.0,0.004360640910497094,0.73314,0.7326,0.73162,0.73109,,,,,,,,,,,,
2016-11-10,0.0028161309504550315,0.72113,0.72263,54.0,-0.004363784789060991,0.71799,0.71788,0.71827,0.71868,,,,,,,,,,,,
2016-11-11,0.0028384595223121547,0.71765,0.71328,47.0,-0.0043150163655962855,0.71456,0.71478,0.71467,0.71361,60.0,-0.00579954810049816,0.7135,0.7138,0.71348,0.71381,133.0,-0.007244179024193051,0.71247,0.71196,0.71238,0.71128
2016-11-14,0.002818915045389028,0.71021,0.70891,119.0,-0.004261329998584513,0.70719,0.70711,0.70725,0.70755,,,,,,,,,,,,
2016-11-15,0.0030248139950315735,0.70861,0.70968,,,,,,,,,,,,,,,,,,
2016-11-16,0.002979258949242373,0.70602,0.70784,,,,,,,,,,,,,,,,,,
2016-11-17,0.0029368911468897756,0.70691,0.70312,,,,,,,,,,,,,,,,,,
2016-11-18,0.002889670470369132,0.70388,0.70119,,,,,,,,,,,,,,,,,,
2016-11-21,0.0030380207326595357,0.70685,0.70565,,,,,,,,,,,,,,,,,,
2016-11-22,0.0029419240043129626,0.70573,0.70492,,,,,,,,,,,,,,,,,,
2016-11-23,0.0030454345953848734,0.70139,0.70081,,,,,,,,,,,,,,,,,,
2016-11-24,0.003005203630258157,0.69893,0.69937,,,,,,,,,,,,,,,,,,
2016-11-25,0.003087289558521864,0.70507,0.70408,,,,,,,,,,,,,,,,,,
2016-11-28,0.003055824529842198,0.70604,0.70644,,,,,,,,,,,,,,,,,,
2016-11-29,0.003044093954383917,0.70785,0.71232,69.0,0.00469335547895794,0.71118,0.71163,0.71157,0.71212,77.0,0.006168686115180201,0.71223,0.71213,0.71208,0.71194,,,,,,
2016-11-30,0.002998209255835864,0.71248,0.70815,113.0,-0.004628367867561991,0.70919,0.70935,0.70872,0.70757,124.0,-0.005997061684350255,0.70822,0.70777,0.70759,0.70711,137.0,-0.007509034106883515,0.70715,0.7072,0.70737,0.70748
2016-12-01,0.003053411047832002,0.70818,0.70581,57.0,-0.004741659686195901,0.70483,0.70477,0.7054,0.70587,,,,,,,,,,,,
2016-12-02,0.003059495930442248,0.71002,0.71452,69.0,0.004735116792287182,0.71339,0.71335,0.71347,0.71392,,,,,,,,,,,,
2016-12-05,0.0030127075578970973,0.70792,0.71491,104.0,0.004777247447191533,0.71131,0.71121,0.71126,0.71177,129.0,0.006139999574018855,0.71228,0.71195,0.71258,0.7122,177.0,0.007542957238409374,0.71328,0.7132,,
2016-12-06,0.0029845354440631556,0.71259,0.71133,,,,,,,,,,,,,,,,,,
2016-12-07,0.0029778282535905362,0.71439,0.71518,,,,,,,,,,,,,,,,,,
2016-12-08,0.002943349668583806,0.71788,0.71676,113.0,-0.004453541917736615,0.71469,0.715,0.71571,0.71572,,,,,,,,,,,,
2016-12-09,0.0030996843678481375,0.71612,0.71375,,,,,,,,,,,,,,,,,,
2016-12-12,0.003089649918730426,0.71865,0.72036,,,,,,,,,,,,,,,,,,
2016-12-13,0.0030219185104825336,0.72263,0.72043,,,,,,,,,,,,,,,,,,
2016-12-14,0.0030473876301709206,0.72243,0.72224,,,,,,,,,,,,,,,,,,
2016-12-15,0.0030054136938639374,0.70709,0.70393,68.0,-0.0046495228704160245,0.70381,0.70408,0.70425,0.70388,110.0,-0.00602868634925219,0.70284,0.70283,0.70237,0.70236,157.0,-0.00756649100942008,0.70176,0.70155,0.70108,0.70105
2016-12-16,0.0032548537903873465,0.69964,0.69814,88.0,-0.004885851524131471,0.69623,0.69606,0.69595,0.69407,101.0,-0.0065389701848087775,0.69508,0.69487,0.69475,0.6934,108.0,-0.008166005237013706,0.69395,0.69398,0.69372,0.69423
2016-12-19,0.003333250838511795,0.6939,0.69444,,,,,,,,,,,,,,,,,,
2016-12-20,0.0033573757263679134,0.68927,0.69238,,,,,,,,,,,,,,,,,,
2016-12-21,0.0033644391465288306,0.69276,0.69068,,,,,,,,,,,,,,,,,,
2016-12-22,0.0033097188709261386,0.68955,0.68992,,,,,,,,,,,,,,,,,,
2016-12-23,0.003272188151868019,0.68723,0.68692,,,,,,,,,,,,,,,,,,
2016-12-27,0.003218966595142833,0.68867,0.68858,,,,,,,,,,,,,,,,,,
2016-12-28,0.003090870670425608,0.68988,0.69045,,,,,,,,,,,,,,,,,,
2016-12-29,0.003078223516353831,0.69483,0.695,,,,,,,,,,,,,,,,,,
2016-12-30,0.003036980925986752,0.69504,0.69523,,,,,,,,,,,,,,,,,,
2017-01-02,0.0030061352925220557,0.6928,0.694,,,,,,,,,,,,,,,,,,
2017-01-03,0.0031634566205305573,0.69098,0.69376,,,,,,,,,,,,,,,,,,
2017-01-04,0.003198313963421606,0.69479,0.69455,,,,,,,,,,,,,,,,,,
2017-01-05,0.0032873864678366724,0.698,0.70282,88.0,0.005130085058334137,0.70159,0.70127,0.7013,0.70135,112.0,0.006625566846489656,0.70264,0.7029,0.70184,0.70261,,,,,,
2017-01-06,0.0034706044499919902,0.69851,0.69705,,,,,,,,,,,,,,,,,,
2017-01-09,0.0034108111101705096,0.69902,0.70295,152.0,0.0051653154810855795,0.70264,0.70266,0.70266,0.70274,,,,,,,,,,,,
2017-01-10,0.0033809924796013345,0.69747,0.69869,,,,,,,,,,,,,,,,,,
2017-01-11,0.0035136788674234604,0.69959,0.70391,,,,,,,,,,,,,,,,,,
2017-01-12,0.0034893006736072952,0.71165,0.71355,,,,,,,,,,,,,,,,,,
2017-01-13,0.0036543028790291562,0.71077,0.71112,,,,,,,,,,,,,,,,,,
2017-01-16,0.003645765534633432,0.70997,0.71044,,,,,,,,,,,,,,,,,,
2017-01-17,0.00351343256784155,0.7192,0.71932,,,,,,,,,,,,,,,,,,
2017-01-18,0.003469449117040842,0.71841,0.71672,,,,,,,,,,,,,,,,,,
2017-01-19,0.0035742042832649736,0.71748,0.7164,,,,,,,,,,,,,,,,,,
2017-01-20,0.0036157504232721353,0.71564,0.71524,,,,,,,,,,,,,,,,,,
2017-01-23,0.003666605527383357,0.72082,0.72138,,,,,,,,,,,,,,,,,,
2017-01-24,0.003580028597217565,0.72441,0.7262,,,,,,,,,,,,,,,,,,
2017-01-25,0.0035571042472980715,0.72539,0.72533,,,,,,,,,,,,,,,,,,
2017-01-26,0.0034857117820971386,0.72387,0.72374,,,,,,,,,,,,,,,,,,
2017-01-27,0.0034679549652175848,0.72717,0.72543,,,,,,,,,,,,,,,,,,
2017-01-30,0.0034411133468138805,0.72579,0.72889,,,,,,,,,,,,,,,,,,
2017-01-31,0.0033041580919444665,0.73105,0.73238,61.0,0.005130105530265697,0.73481,0.73491,0.73392,0.73345,,,,,,,,,,,,
2017-02-01,0.0032603474374134113,0.7258,0.72446,,,,,,,,,,,,,,,,,,
2017-02-02,0.0032097705646585285,0.73243,0.72925,,,,,,,,,,,,,,,,,,
2017-02-03,0.003167527459849858,0.73086,0.73239,,,,,,,,,,,,,,,,,,
2017-02-06,0.0031147173924920145,0.72939,0.7308,,,,,,,,,,,,,,,,,,
2017-02-07,0.0030366509507692738,0.72977,0.73133,,,,,,,,,,,,,,,,,,
2017-02-08,0.0030265843138823703,0.73133,0.73173,,,,,,,,,,,,,,,,,,
2017-02-09,0.0030838091673629385,0.72226,0.71823,59.0,-0.0047602946063002305,0.71883,0.71846,0.71806,0.71884,61.0,-0.006570426265442045,0.71753,0.71742,0.71812,0.71907,,,,,,
2017-02-10,0.0033347802830278966,0.71773,0.71967,,,,,,,,,,,,,,,,,,
2017-02-13,0.0032689173194367614,0.71712,0.71692,,,,,,,,,,,,,,,,,,
2017-02-14,0.003138504071513805,0.71785,0.71502,97.0,-0.004971591230778734,0.71429,0.71476,0.71393,0.71392,,,,,,,,,,,,
2017-02-15,0.00309105857822228,0.71561,0.72025,62.0,0.004670397525882109,0.71896,0.71856,0.71894,0.71851,160.0,0.006226991124594019,0.72008,0.72007,0.72018,0.71967,,,,,,
2017-02-16,0.003042478692262929,0.72084,0.72301,,,,,,,,,,,,,,,,,,
2017-02-17,0.0031173399435735116,0.71978,0.71857,,,,,,,,,,,,,,,,,,
2017-02-20,0.003066099166778681,0.71869,0.71833,,,,,,,,,,,,,,,,,,
2017-02-21,0.0029712855199362995,0.71365,0.71636,,,,,,,,,,,,,,,,,,
2017-02-22,0.002934575351320233,0.71567,0.71598,,,,,,,,,,,,,,,,,,
2017-02-23,0.0028809150238180924,0.72296,0.72267,,,,,,,,,,,,,,,,,,
2017-02-24,0.0028912669681568854,0.72032,0.71986,,,,,,,,,,,,,,,,,,
2017-02-27,0.002850460340367255,0.72039,0.72073,,,,,,,,,,,,,,,,,,
2017-02-28,0.0027858949225627217,0.7201,0.7227,89.0,0.004530756571056232,0.72337,0.72329,0.72318,0.72309,,,,,,,,,,,,
2017-03-01,0.002736063225921176,0.71178,0.7137,,,,,,,,,,,,,,,,,,
2017-03-02,0.0027829947468137905,0.70866,0.70557,,,,,,,,,,,,,,,,,,
2017-03-03,0.002730063533634122,0.70414,0.70088,79.0,-0.004098483038870092,0.70126,0.70149,0.70126,0.70116,,,,,,,,,,,,
2017-03-06,0.003067361585806484,0.70262,0.69912,,,,,,,,,,,,,,,,,,
2017-03-07,0.002971017716387465,0.69906,0.69821,,,,,,,,,,,,,,,,,,
2017-03-08,0.002913535245469359,0.69299,0.69076,,,,,,,,,,,,,,,,,,
2017-03-09,0.0029366345571173163,0.69098,0.68966,,,,,,,,,,,,,,,,,,
2017-03-10,0.0030195575971435503,0.69392,0.69222,,,,,,,,,,,,,,,,,,
2017-03-13,0.0029630328788164666,0.69319,0.69271,,,,,,,,,,,,,,,,,,
2017-03-14,0.0028588355850231446,0.6907,0.69333,,,,,,,,,,,,,,,,,,
2017-03-15,0.0028051426731342953,0.69392,0.69549,,,,,,,,,,,,,,,,,,
2017-03-16,0.0027537125241357784,0.69945,0.69789,,,,,,,,,,,,,,,,,,
2017-03-17,0.002931032494117291,0.70207,0.7008,,,,,,,,,,,,,,,,,,
2017-03-20,0.002891540315728951,0.70351,0.70487,,,,,,,,,,,,,,,,,,
2017-03-21,0.0028279202709748374,0.70581,0.70603,147.0,0.004326073419148992,0.70887,0.7089,0.70806,0.70872,,,,,,,,,,,,
2017-03-22,0.002781916516611717,0.70274,0.70537,,,,,,,,,,,,,,,,,,
2017-03-23,0.0027424863547966857,0.70405,0.70431,,,,,,,,,,,,,,,,,,
2017-03-24,0.0026929269090804698,0.70137,0.70287,,,,,,,,,,,,,,,,,,
2017-03-27,0.002678225122370157,0.70657,0.70542,,,,,,,,,,,,,,,,,,
2017-03-28,0.0026195231084468135,0.70201,0.70353,,,,,,,,,,,,,,,,,,
2017-03-29,0.002574047640211002,0.70174,0.70244,,,,,,,,,,,,,,,,,,
2017-03-30,0.002576292265961632,0.70145,0.70232,,,,,,,,,,,,,,,,,,
2017-03-31,0.002535197445530244,0.69841,0.70004,,,,,,,,,,,,,,,,,,
2017-04-03,0.0025431807642939783,0.69997,0.69965,,,,,,,,,,,,,,,,,,
2017-04-04,0.002471004928643949,0.69802,0.69743,,,,,,,,,,,,,,,,,,
2017-04-05,0.0024397627668841944,0.69754,0.69527,,,,,,,,,,,,,,,,,,
2017-04-06,0.002416949943133716,0.69783,0.69712,,,,,,,,,,,,,,,,,,
2017-04-07,0.0023778957564963687,0.69674,0.69567,,,,,,,,,,,,,,,,,,
2017-04-10,0.0023370528849929245,0.69407,0.69647,,,,,,,,,,,,,,,,,,
2017-04-11,0.002322694301756215,0.69437,0.69551,,,,,,,,,,,,,,,,,,
2017-04-12,0.0022975404817866165,0.69192,0.6925,,,,,,,,,,,,,,,,,,
2017-04-13,0.0022611470587965534,0.69991,0.70102,,,,,,,,,,,,,,,,,,
2017-04-14,0.0024259177372040154,0.69943,0.70046,,,,,,,,,,,,,,,,,,
2017-04-17,0.002385818063754664,0.70223,0.70271,,,,,,,,,,,,,,,,,,
2017-04-18,0.0023435044432816338,0.70363,0.7035,,,,,,,,,,,,,,,,,,
2017-04-19,0.002312492521997046,0.70151,0.70006,,,,,,,,,,,,,,,,,,
2017-04-20,0.0023199376284858504,0.70212,0.70162,,,,,,,,,,,,,,,,,,
2017-04-21,0.0022820184116278015,0.7002,0.70194,,,,,,,,,,,,,,,,,,
2017-04-24,0.0023396607956872014,0.70287,0.70178,,,,,,,,,,,,,,,,,,
2017-04-25,0.0023114197052115032,0.69632,0.69483,,,,,,,,,,,,,,,,,,
2017-04-26,0.0023300985563632693,0.68944,0.68788,,,,,,,,,,,,,,,,,,
2017-04-27,0.0025197439140557196,0.68761,0.68534,104.0,-0.003948974538232119,0.6849,0.68508,0.68522,0.68544,,,,,,,,,,,,
2017-04-28,0.002484224124714362,0.68701,0.68611,,,,,,,,,,,,,,,,,,
2017-05-01,0.002521232422637841,0.68905,0.69125,129.0,0.0038240410462838203,0.69169,0.69207,0.69211,0.6921,,,,,,,,,,,,
2017-05-02,0.0024356718235278903,0.69114,0.69225,,,,,,,,,,,,,,,,,,
2017-05-03,0.0026526824341554624,0.69251,0.69113,,,,,,,,,,,,,,,,,,
2017-05-04,0.0026162854720289982,0.68627,0.68519,,,,,,,,,,,,,,,,,,
2017-05-05,0.0027458840832600734,0.68854,0.69142,45.0,0.004246352421637658,0.69147,0.69106,0.69157,0.69098,,,,,,,,,,,,
2017-05-08,0.002704969408731448,0.69241,0.69082,,,,,,,,,,,,,,,,,,
2017-05-09,0.002710535190525263,0.69003,0.68988,,,,,,,,,,,,,,,,,,
2017-05-10,0.002661823378761877,0.69382,0.69464,,,,,,,,,,,,,,,,,,
2017-05-11,0.0026206473001942803,0.68435,0.68474,,,,,,,,,,,,,,,,,,
2017-05-12,0.002722761964548096,0.68435,0.68581,,,,,,,,,,,,,,,,,,
2017-05-15,0.002671377768015583,0.69068,0.68856,,,,,,,,,,,,,,,,,,
2017-05-16,0.0026094278309860466,0.68752,0.68806,,,,,,,,,,,,,,,,,,
2017-05-17,0.002571200192082793,0.68907,0.69258,146.0,0.0040552143280813985,0.69187,0.69173,0.69243,0.69274,159.0,0.005196395935897053,0.69266,0.69266,0.69349,0.69385,171.0,0.0067688026908715015,0.69375,0.6938,0.69373,
2017-05-18,0.0025257040657816667,0.69269,0.69151,,,,,,,,,,,,,,,,,,
2017-05-19,0.002542331068738223,0.68891,0.69123,94.0,0.004099524084216757,0.69174,0.69149,0.69112,0.69089,,,,,,,,,,,,
2017-05-22,0.0025840805546603974,0.69721,0.69896,,,,,,,,,,,,,,,,,,
2017-05-23,0.0025721182287398903,0.70408,0.7013,,,,,,,,,,,,,,,,,,
2017-05-24,0.0028089022262406073,0.70341,0.70123,,,,,,,,,,,,,,,,,,
2017-05-25,0.002755207997768866,0.70282,0.70414,,,,,,,,,,,,,,,,,,
2017-05-26,0.0027471276652146557,0.70587,0.70547,,,,,,,,,,,,,,,,,,
2017-05-29,0.002712230113838891,0.70823,0.70638,,,,,,,,,,,,,,,,,,
2017-05-30,0.002676788804987947,0.70711,0.70938,,,,,,,,,,,,,,,,,,
2017-05-31,0.0026315523863682812,0.71028,0.7099,,,,,,,,,,,,,,,,,,
2017-06-01,0.0026501672584657984,0.70682,0.70618,,,,,,,,,,,,,,,,,,
2017-06-02,0.002617171433213192,0.70883,0.71419,34.0,0.003942389967430334,0.71163,0.7114,0.71179,0.71271,44.0,0.005823620341137367,0.71297,0.71324,0.71271,0.71168,122.0,0.006720871168902134,0.71361,0.71359,0.71403,0.71387
2017-06-05,0.0025696525224293237,0.71308,0.71399,,,,,,,,,,,,,,,,,,
2017-06-06,0.0027159606339107805,0.71728,0.71999,175.0,0.004173744894175416,0.72028,0.72019,0.72014,,,,,,,,,,,,,
2017-06-07,0.0026972287059304737,0.71917,0.71941,,,,,,,,,,,,,,,,,,
2017-06-08,0.0026815864283830206,0.72111,0.72184,,,,,,,,,,,,,,,,,,
2017-06-09,0.002666320060724238,0.72016,0.7206,,,,,,,,,,,,,,,,,,
2017-06-12,0.0026186595725861063,0.7199,0.72051,,,,,,,,,,,,,,,,,,
2017-06-13,0.0025282735918900996,0.72205,0.72197,,,,,,,,,,,,,,,,,,
2017-06-14,0.002491190056583806,0.72478,0.73016,31.0,0.003993230593047901,0.72768,0.72751,0.72749,0.7289,45.0,0.005558627411165984,0.72882,0.7289,0.72896,0.72946,60.0,0.006436373853673602,0.72946,0.72949,0.72977,0.72939
2017-06-15,0.0024518646825841543,0.72042,0.72083,,,,,,,,,,,,,,,,,,
2017-06-16,0.0024257533639527487,0.7233,0.7251,,,,,,,,,,,,,,,,,,
2017-06-19,0.002397775005663302,0.72572,0.72431,,,,,,,,,,,,,,,,,,
2017-06-20,0.0024253234620620584,0.7238,0.72374,,,,,,,,,,,,,,,,,,
2017-06-21,0.0025032635161566256,0.72319,0.72148,,,,,,,,,,,,,,,,,,
2017-06-22,0.0024592755566943897,0.72518,0.72636,,,,,,,,,,,,,,,,,,
2017-06-23,0.0024386861470889294,0.72832,0.72942,,,,,,,,,,,,,,,,,,
2017-06-26,0.0024018608101835574,0.72769,0.73001,54.0,0.0037719589618318084,0.73044,0.7306,0.73031,0.73057,,,,,,,,,,,,
2017-06-27,0.0023372304927480403,0.73033,0.72778,141.0,-0.0036625806551828545,0.72766,0.72786,0.72765,0.72747,,,,,,,,,,,,
2017-06-28,0.0022991175354077553,0.72689,0.73066,110.0,0.003474538450285115,0.72942,0.72943,0.72904,0.72868,,,,,,,,,,,,
2017-06-29,0.00226625214094324,0.72927,0.72886,,,,,,,,,,,,,,,,,,
2017-06-30,0.002332151401390785,0.73361,0.7321,,,,,,,,,,,,,,,,,,
2017-07-03,0.0022928490347509903,0.72966,0.72985,,,,,,,,,,,,,,,,,,
2017-07-04,0.0022186111440968045,0.7284,0.72928,,,,,,,,,,,,,,,,,,
2017-07-05,0.002299672522007785,0.72737,0.72722,,,,,,,,,,,,,,,,,,
2017-07-06,0.002267704336108816,0.72475,0.72646,,,,,,,,,,,,,,,,,,
2017-07-07,0.0022324160561279422,0.728,0.72718,34.0,0.0035240031807171634,0.73057,0.73068,0.72876,0.72948,,,,,,,,,,,,
2017-07-10,0.0021989987511723164,0.7266,0.72684,,,,,,,,,,,,,,,,,,
2017-07-11,0.002131481449090529,0.72175,0.72094,,,,,,,,,,,,,,,,,,
2017-07-12,0.0021593763659792193,0.72358,0.72599,43.0,0.003807111197364339,0.72634,0.72629,0.72653,0.72767,46.0,0.004509015313052403,0.72685,0.72668,0.72683,0.72736,57.0,0.005966300621408023,0.72791,0.72767,0.72686,0.7267
2017-07-13,0.002129252664528907,0.73264,0.73141,,,,,,,,,,,,,,,,,,
2017-07-14,0.002237493276508781,0.73043,0.733,30.0,0.003648716407823535,0.7331,0.73343,0.73312,0.73556,32.0,0.004548597847822397,0.73376,0.73359,0.73318,0.73571,43.0,0.005733569281571444,0.73463,0.73487,0.73489,0.73552
2017-07-17,0.0022565338589233632,0.73362,0.73221,,,,,,,,,,,,,,,,,,
2017-07-18,0.002244161902533604,0.73531,0.73675,,,,,,,,,,,,,,,,,,
2017-07-19,0.0022178104200413678,0.73695,0.73532,,,,,,,,,,,,,,,,,,
2017-07-20,0.0021878435015973384,0.73506,0.73931,151.0,0.003490215332341215,0.73763,0.73766,0.73751,0.73864,162.0,0.004425206423187073,0.73832,0.73848,0.73863,0.73842,,,,,,
2017-07-21,0.0021539296282761587,0.74353,0.74356,,,,,,,,,,,,,,,,,,
2017-07-24,0.0022989756202559802,0.74372,0.74265,,,,,,,,,,,,,,,,,,
2017-07-25,0.002312671671602253,0.74331,0.74229,,,,,,,,,,,,,,,,,,
2017-07-26,0.0022766469187757584,0.74282,0.74307,,,,,,,,,,,,,,,,,,
2017-07-27,0.002236360290690264,0.75182,0.74909,,,,,,,,,,,,,,,,,,
2017-07-28,0.0027080665000929474,0.74703,0.75066,154.0,0.004274481215441251,0.75023,0.74992,0.75018,0.74974,,,,,,,,,,,,
2017-07-31,0.002777203022122652,0.74864,0.75035,,,,,,,,,,,,,,,,,,
2017-08-01,0.0026911871612389773,0.74739,0.74718,,,,,,,,,,,,,,,,,,
2017-08-02,0.0026406049564536545,0.74243,0.74434,,,,,,,,,,,,,,,,,,
2017-08-03,0.0028625329783344,0.7421,0.74362,,,,,,,,,,,,,,,,,,
2017-08-04,0.002841164422038214,0.7449,0.74133,32.0,-0.004480420823266596,0.74157,0.742,0.74327,0.74376,115.0,-0.005789312702718317,0.7406,0.74102,0.74031,0.73944,126.0,-0.007167523679024645,0.73958,0.7393,0.73951,0.74008
2017-08-07,0.0028112800412789032,0.73631,0.73512,,,,,,,,,,,,,,,,,,
2017-08-08,0.002717702173270819,0.73631,0.73284,139.0,-0.004150880025096966,0.73326,0.73318,0.73286,0.73307,162.0,-0.005474615334901831,0.73229,0.73221,0.73196,0.73211,,,,,,
2017-08-09,0.0027465378899172955,0.73336,0.73179,,,,,,,,,,,,,,,,,,
2017-08-10,0.0027497188307370637,0.72655,0.72745,,,,,,,,,,,,,,,,,,
2017-08-11,0.002696662902126278,0.72841,0.73023,40.0,0.0043971770061645606,0.73162,0.73162,0.73084,0.72979,,,,,,,,,,,,
2017-08-14,0.0027792777353221926,0.72937,0.72967,,,,,,,,,,,,,,,,,,
2017-08-15,0.0027880966571043153,0.728,0.72386,54.0,-0.004626068388782303,0.72464,0.72433,0.72461,0.72435,121.0,-0.00562015915380808,0.72392,0.72376,0.72439,0.72378,,,,,,
2017-08-16,0.0027441317625439663,0.72501,0.72611,,,,,,,,,,,,,,,,,,
2017-08-17,0.002880980751522784,0.73038,0.73055,,,,,,,,,,,,,,,,,,
2017-08-18,0.0031059249285288943,0.73223,0.73284,,,,,,,,,,,,,,,,,,
2017-08-21,0.0030749335361417275,0.7317,0.73244,,,,,,,,,,,,,,,,,,
2017-08-22,0.002977301341079233,0.72799,0.72909,,,,,,,,,,,,,,,,,,
2017-08-23,0.002917389755224167,0.72269,0.72078,,,,,,,,,,,,,,,,,,
2017-08-24,0.0030199128869372377,0.72193,0.72113,,,,,,,,,,,,,,,,,,
2017-08-25,0.0030046560836488774,0.72168,0.72315,121.0,0.0049483839069169215,0.72526,0.72418,0.72429,0.72379,,,,,,,,,,,,
2017-08-28,0.002946952066603715,0.72431,0.7249,,,,,,,,,,,,,,,,,,
2017-08-29,0.002851690646852683,0.72918,0.72697,,,,,,,,,,,,,,,,,,
2017-08-30,0.002797055917276875,0.72366,0.72082,148.0,-0.00419583940244469,0.72063,0.72065,0.72062,0.72059,,,,,,,,,,,,
2017-08-31,0.002767526917196656,0.71354,0.71705,,,,,,,,,,,,,,,,,,
2017-09-01,0.003043831208543735,0.71635,0.71653,33.0,0.00567938162672341,0.72043,0.72018,0.71861,0.71735,,,,,,,,,,,,
2017-09-04,0.0029854597918535825,0.71764,0.71739,,,,,,,,,,,,,,,,,,
2017-09-05,0.0029070090454770075,0.71883,0.72527,37.0,0.004815674791284224,0.7223,0.7224,0.72181,0.72177,64.0,0.005825824808338417,0.72303,0.72268,0.72269,0.72289,127.0,0.007318424281100982,0.72411,0.72398,0.72441,0.72423
2017-09-06,0.002854470894273135,0.72193,0.72212,,,,,,,,,,,,,,,,,,
2017-09-07,0.0029525243566007157,0.72055,0.72354,,,,,,,,,,,,,,,,,,
2017-09-08,0.002909328819852297,0.73065,0.72771,108.0,-0.004829270316609965,0.72713,0.72704,0.72714,0.72691,151.0,-0.006109089940425987,0.7262,0.72643,0.72623,0.72605,,,,,,
2017-09-11,0.003154939626830914,0.72763,0.7248,,,,,,,,,,,,,,,,,,
2017-09-12,0.00309374065154306,0.72892,0.72961,,,,,,,,,,,,,,,,,,
2017-09-13,0.0030309364408971657,0.72827,0.72337,151.0,-0.004555377640076048,0.72496,0.72479,0.72467,0.7254,,,,,,,,,,,,
2017-09-14,0.003048232618526842,0.72155,0.7208,,,,,,,,,,,,,,,,,,
2017-09-15,0.0030310745739531787,0.72837,0.72867,,,,,,,,,,,,,,,,,,
2017-09-18,0.00299395748818113,0.72817,0.72608,,,,,,,,,,,,,,,,,,
2017-09-19,0.0030588214987204983,0.72982,0.73211,,,,,,,,,,,,,,,,,,
2017-09-20,0.003093911634018917,0.73773,0.73875,,,,,,,,,,,,,,,,,,
2017-09-21,0.0031039293151079715,0.73101,0.73172,,,,,,,,,,,,,,,,,,
2017-09-22,0.0030501358743500228,0.73209,0.73413,,,,,,,,,,,,,,,,,,
2017-09-25,0.0030645887498942145,0.72768,0.72646,,,,,,,,,,,,,,,,,,
2017-09-26,0.0031439140032739105,0.7202,0.71894,,,,,,,,,,,,,,,,,,
2017-09-27,0.0031096410386384477,0.72054,0.7217,,,,,,,,,,,,,,,,,,
2017-09-28,0.0030797915591433095,0.71932,0.72114,,,,,,,,,,,,,,,,,,
2017-09-29,0.0030184742259341765,0.72203,0.7222,,,,,,,,,,,,,,,,,,
2017-10-02,0.002958532805327324,0.71918,0.71985,,,,,,,,,,,,,,,,,,
2017-10-03,0.0028514501658894035,0.71774,0.71542,,,,,,,,,,,,,,,,,,
2017-10-04,0.002802926548654864,0.71846,0.71573,,,,,,,,,,,,,,,,,,
2017-10-05,0.002753158615996416,0.71485,0.71172,,,,,,,,,,,,,,,,,,
2017-10-06,0.0027435689752454114,0.70902,0.70924,55.0,-0.0041410267569218714,0.70609,0.70642,0.70703,0.70714,,,,,,,,,,,,
2017-10-09,0.0027782293778411617,0.70827,0.70712,,,,,,,,,,,,,,,,,,
2017-10-10,0.0027154560451838664,0.7072,0.70756,,,,,,,,,,,,,,,,,,
2017-10-11,0.0026646061098143273,0.70742,0.70766,,,,,,,,,,,,,,,,,,
2017-10-12,0.002617175243481518,0.7107,0.71253,,,,,,,,,,,,,,,,,,
2017-10-13,0.002580404456183368,0.71402,0.71845,32.0,0.004611071928463593,0.71732,0.71706,0.71761,0.71761,42.0,0.005405380817015297,0.71789,0.71804,0.71761,0.71736,103.0,0.006727828512061826,0.71884,0.71889,0.71919,0.7192
2017-10-16,0.0026410212205123366,0.71917,0.71804,,,,,,,,,,,,,,,,,,
2017-10-17,0.0025814382604528356,0.71791,0.71672,153.0,-0.0039497884551803865,0.71508,0.71503,0.71505,0.71531,,,,,,,,,,,,
2017-10-18,0.002534719793144326,0.71283,0.71368,,,,,,,,,,,,,,,,,,
2017-10-19,0.0024935810528387485,0.70199,0.70224,,,,,,,,,,,,,,,,,,
2017-10-20,0.0024784828536206756,0.6999,0.69573,95.0,-0.0038508110658568664,0.69721,0.69704,0.69697,0.69687,132.0,-0.0049989003410882485,0.69641,0.69639,0.6964,0.69637,,,,,,
2017-10-23,0.0034359970703365756,0.69692,0.69738,,,,,,,,,,,,,,,,,,
2017-10-24,0.0033141294104405907,0.69127,0.6895,,,,,,,,,,,,,,,,,,
2017-10-25,0.003254335581051752,0.68852,0.68723,,,,,,,,,,,,,,,,,,
2017-10-26,0.0032989520119817636,0.68669,0.6858,,,,,,,,,,,,,,,,,,
2017-10-27,0.003230337403643151,0.68425,0.68693,,,,,,,,,,,,,,,,,,
2017-10-30,0.0032892882625259632,0.68497,0.68679,,,,,,,,,,,,,,,,,,
2017-10-31,0.0032150859314430706,0.68452,0.68516,,,,,,,,,,,,,,,,,,
2017-11-01,0.003148592124015483,0.68959,0.68961,,,,,,,,,,,,,,,,,,
2017-11-02,0.0031717748801769483,0.68945,0.69189,129.0,0.005337820700839981,0.69314,0.69332,0.69328,0.69305,,,,,,,,,,,,
2017-11-03,0.0031482510938033235,0.69173,0.69094,,,,,,,,,,,,,,,,,,
2017-11-06,0.0030920562908992636,0.69011,0.69227,,,,,,,,,,,,,,,,,,
2017-11-07,0.002978386050865634,0.69092,0.68983,,,,,,,,,,,,,,,,,,
2017-11-08,0.0029768000376232642,0.69271,0.6917,,,,,,,,,,,,,,,,,,
2017-11-09,0.002944538798520772,0.69365,0.69586,,,,,,,,,,,,,,,,,,
2017-11-10,0.0029948309311259797,0.69434,0.69249,,,,,,,,,,,,,,,,,,
2017-11-13,0.0029478235977776846,0.69083,0.68972,,,,,,,,,,,,,,,,,,
2017-11-14,0.002839828984713963,0.68722,0.68805,,,,,,,,,,,,,,,,,,
2017-11-15,0.0029594625793261547,0.69069,0.68734,95.0,-0.00478928118502791,0.68739,0.6875,0.68772,0.68779,,,,,,,,,,,,
2017-11-16,0.002906823487883584,0.68509,0.68541,,,,,,,,,,,,,,,,,,
2017-11-17,0.0028588164309503,0.67881,0.68149,,,,,,,,,,,,,,,,,,
2017-11-20,0.0028105352448269776,0.6816,0.68097,,,,,,,,,,,,,,,,,,
2017-11-21,0.002746451587343537,0.68203,0.68314,,,,,,,,,,,,,,,,,,
2017-11-22,0.002709992036085944,0.68389,0.68544,,,,,,,,,,,,,,,,,,
2017-11-23,0.002697268695765535,0.68892,0.68882,,,,,,,,,,,,,,,,,,
2017-11-24,0.0027621599786826568,0.68824,0.68786,,,,,,,,,,,,,,,,,,
2017-11-27,0.002709437079714687,0.69198,0.69073,,,,,,,,,,,,,,,,,,
2017-11-28,0.0026150371360236005,0.69344,0.69233,,,,,,,,,,,,,,,,,,
2017-11-29,0.0028246706474939175,0.68896,0.68872,,,,,,,,,,,,,,,,,,
2017-11-30,0.0028414110551989303,0.68441,0.68413,,,,,,,,,,,,,,,,,,
2017-12-01,0.002901406060513864,0.6848,0.68958,128.0,0.0060418746123798595,0.68895,0.68977,0.69063,0.68914,128.0,0.0060418746123798595,0.68895,0.68977,0.69063,0.68914,132.0,0.008694569086095618,0.69078,0.69063,0.68894,0.69082
2017-12-04,0.002856961452962583,0.68597,0.6842,,,,,,,,,,,,,,,,,,
2017-12-05,0.0029077530102522456,0.68841,0.68739,,,,,,,,,,,,,,,,,,
2017-12-06,0.002959316028519678,0.68953,0.68707,,,,,,,,,,,,,,,,,,
2017-12-07,0.002901090296014323,0.68484,0.68453,,,,,,,,,,,,,,,,,,
2017-12-08,0.0029300495555821845,0.68629,0.68458,,,,,,,,,,,,,,,,,,
2017-12-11,0.002883707600925359,0.69112,0.6915,,,,,,,,,,,,,,,,,,
2017-12-12,0.0029092540402811287,0.69413,0.69259,,,,,,,,,,,,,,,,,,
2017-12-13,0.002904501376949262,0.69801,0.6993,,,,,,,,,,,,,,,,,,
2017-12-14,0.0028693467963539537,0.69875,0.69969,,,,,,,,,,,,,,,,,,
2017-12-15,0.002935501295950745,0.70194,0.70009,,,,,,,,,,,,,,,,,,
2017-12-18,0.0028856657799789837,0.70059,0.70109,,,,,,,,,,,,,,,,,,
2017-12-19,0.002853658006786275,0.69999,0.69863,,,,,,,,,,,,,,,,,,
2017-12-20,0.0028024970064319953,0.69688,0.69807,,,,,,,,,,,,,,,,,,
2017-12-21,0.0028207900430443733,0.70115,0.70145,,,,,,,,,,,,,,,,,,
2017-12-22,0.0028616411867855413,0.70065,0.70179,,,,,,,,,,,,,,,,,,
2017-12-26,0.0028111437358686975,0.70213,0.70306,,,,,,,,,,,,,,,,,,
2017-12-27,0.00271455570888837,0.70695,0.70704,,,,,,,,,,,,,,,,,,
2017-12-28,0.002673818149442947,0.70849,0.70824,,,,,,,,,,,,,,,,,,
2017-12-29,0.002680528366368876,0.71158,0.70942,,,,,,,,,,,,,,,,,,
2018-01-02,0.0026361549769553976,0.71088,0.71008,,,,,,,,,,,,,,,,,,
2018-01-03,0.00249954646230296,0.71041,0.71038,,,,,,,,,,,,,,,,,,
2018-01-04,0.0024705177783846148,0.71179,0.71507,106.0,0.0037160949490146326,0.71444,0.71473,0.71466,0.71494,,,,,,,,,,,,
2018-01-05,0.0024274679423232507,0.71691,0.71693,,,,,,,,,,,,,,,,,,
2018-01-08,0.0025393922209349298,0.71763,0.71784,,,,,,,,,,,,,,,,,,
2018-01-09,0.0024415965756225183,0.718,0.71703,,,,,,,,,,,,,,,,,,
2018-01-10,0.002392766493679761,0.71934,0.71883,,,,,,,,,,,,,,,,,,
2018-01-11,0.0023465978178982294,0.72275,0.72445,,,,,,,,,,,,,,,,,,
2018-01-12,0.0023201310261766034,0.72216,0.72414,,,,,,,,,,,,,,,,,,
2018-01-15,0.0024754365128090384,0.73007,0.73065,,,,,,,,,,,,,,,,,,
2018-01-16,0.0023992868863840174,0.72682,0.72749,,,,,,,,,,,,,,,,,,
2018-01-17,0.0023757697014884596,0.72699,0.73047,,,,,,,,,,,,,,,,,,
2018-01-18,0.0024695022779928294,0.73084,0.73084,,,,,,,,,,,,,,,,,,
2018-01-19,0.0024934639883123274,0.72765,0.72823,,,,,,,,,,,,,,,,,,
2018-01-22,0.0024771143006933824,0.73168,0.73064,,,,,,,,,,,,,,,,,,
2018-01-23,0.0024308651855817617,0.73364,0.7342,95.0,0.0037414246075705773,0.73639,0.73611,0.73617,0.73569,,,,,,,,,,,,
2018-01-24,0.0025018842405480374,0.74038,0.74091,,,,,,,,,,,,,,,,,,
2018-01-25,0.0025328990843811027,0.73747,0.73725,60.0,-0.0038584383172135914,0.73463,0.7347,0.73559,0.7359,,,,,,,,,,,,
2018-01-26,0.0024887441322591084,0.73389,0.7352,,,,,,,,,,,,,,,,,,
2018-01-29,0.002529117572513511,0.73323,0.73126,137.0,-0.003812339364936477,0.73044,0.73086,0.73076,0.73085,,,,,,,,,,,,
2018-01-30,0.0024496309991492355,0.7351,0.73301,,,,,,,,,,,,,,,,,,
2018-01-31,0.002415132268431793,0.74171,0.7366,127.0,-0.004377852929656301,0.73847,0.7389,0.7389,0.73861,148.0,-0.0050145065912618044,0.738,0.73814,0.73789,0.7379,172.0,-0.006099105396066107,0.7372,0.73731,0.73792,
2018-02-01,0.0025075828572523095,0.73613,0.73847,118.0,0.003837058718014421,0.73896,0.73916,0.73859,0.73903,175.0,0.005108308365165002,0.7399,0.73963,0.73965,,,,,,,
2018-02-02,0.0024578362541940423,0.7321,0.73143,,,,,,,,,,,,,,,,,,
2018-02-05,0.002409716095083059,0.73078,0.72919,,,,,,,,,,,,,,,,,,
2018-02-06,0.0025157370844715254,0.72982,0.73114,,,,,,,,,,,,,,,,,,
2018-02-07,0.002488432954456055,0.72933,0.72652,,,,,,,,,,,,,,,,,,
2018-02-08,0.0024868541734251472,0.72261,0.72198,149.0,-0.003757344057554818,0.7199,0.72021,0.72015,0.72043,,,,,,,,,,,,
2018-02-09,0.0030390379730651767,0.72489,0.72338,,,,,,,,,,,,,,,,,,
2018-02-12,0.0030022820646036096,0.72368,0.72404,,,,,,,,,,,,,,,,,,
2018-02-13,0.00292897690494578,0.72803,0.72789,,,,,,,,,,,,,,,,,,
2018-02-14,0.0028649083941712306,0.72548,0.73458,67.0,0.004414896764373653,0.72869,0.72916,0.73102,0.73294,70.0,0.006128834234462786,0.72994,0.73197,0.73091,0.73227,71.0,0.008906024765680792,0.73197,0.73102,0.73072,0.73202
2018-02-15,0.0029090281995030652,0.73774,0.7383,,,,,,,,,,,,,,,,,,
2018-02-16,0.002977038438153092,0.73873,0.73974,,,,,,,,,,,,,,,,,,
2018-02-19,0.0030052422723761065,0.73553,0.73737,,,,,,,,,,,,,,,,,,
2018-02-20,0.0029584727603154913,0.73412,0.73527,,,,,,,,,,,,,,,,,,
2018-02-21,0.0029322230445906787,0.73404,0.73431,,,,,,,,,,,,,,,,,,
2018-02-22,0.002906726240265109,0.73394,0.73494,,,,,,,,,,,,,,,,,,
2018-02-23,0.002850762938380669,0.72907,0.72911,,,,,,,,,,,,,,,,,,
2018-02-26,0.002804445747483983,0.73145,0.7307,,,,,,,,,,,,,,,,,,
2018-02-27,0.0027348364327306946,0.72673,0.72448,114.0,-0.004330085644760834,0.72359,0.7237,0.72449,0.72505,,,,,,,,,,,,
2018-02-28,0.0027522346832546288,0.72248,0.72148,,,,,,,,,,,,,,,,,,
2018-03-01,0.002806610892807102,0.72289,0.72302,,,,,,,,,,,,,,,,,,
2018-03-02,0.0027779117640904993,0.7243,0.72222,,,,,,,,,,,,,,,,,,
2018-03-05,0.00292268785116296,0.72237,0.72217,,,,,,,,,,,,,,,,,,
2018-03-06,0.00285459565400129,0.73016,0.72967,,,,,,,,,,,,,,,,,,
2018-03-07,0.0027975679767397194,0.72854,0.7271,144.0,-0.00420902672254116,0.72548,0.7257,0.72602,0.72603,,,,,,,,,,,,
2018-03-08,0.002838753540881617,0.72633,0.72571,,,,,,,,,,,,,,,,,,
2018-03-09,0.0027785371428401292,0.72709,0.72889,,,,,,,,,,,,,,,,,,
2018-03-12,0.002739158355365133,0.73021,0.72918,,,,,,,,,,,,,,,,,,
2018-03-13,0.0026884958447383504,0.73251,0.73433,,,,,,,,,,,,,,,,,,
2018-03-14,0.002631447559357224,0.7334,0.73248,,,,,,,,,,,,,,,,,,
2018-03-15,0.0026506151500206186,0.72927,0.72881,,,,,,,,,,,,,,,,,,
2018-03-16,0.0026091160712283265,0.72404,0.72165,177.0,-0.003916282466062232,0.72121,0.72097,,,,,,,,,,,,,,
2018-03-19,0.002800934662870089,0.72171,0.72254,,,,,,,,,,,,,,,,,,
2018-03-20,0.0027788528889185907,0.72063,0.71946,,,,,,,,,,,,,,,,,,
2018-03-21,0.0027396051533193602,0.71586,0.71777,,,,,,,,,,,,,,,,,,
2018-03-22,0.0028560259237899867,0.724,0.72172,,,,,,,,,,,,,,,,,,
2018-03-23,0.002972790398203353,0.72516,0.72522,,,,,,,,,,,,,,,,,,
2018-03-26,0.0029162502888368494,0.72843,0.72935,,,,,,,,,,,,,,,,,,
2018-03-27,0.0028870378387779033,0.72642,0.72838,,,,,,,,,,,,,,,,,,
2018-03-28,0.002834063246458305,0.72608,0.72419,159.0,-0.0042786423326157345,0.72298,0.72278,0.72257,0.7223,,,,,,,,,,,,
2018-03-29,0.002784425832652789,0.72064,0.72143,,,,,,,,,,,,,,,,,,
2018-03-30,0.0029330694822808766,0.7234,0.72323,,,,,,,,,,,,,,,,,,
2018-04-02,0.0029054108738529984,0.72379,0.72157,,,,,,,,,,,,,,,,,,
2018-04-03,0.0027843864313426103,0.72449,0.72586,,,,,,,,,,,,,,,,,,
2018-04-04,0.0027404082572163617,0.72859,0.72959,,,,,,,,,,,,,,,,,,
2018-04-05,0.0029319630817488543,0.72922,0.72709,,,,,,,,,,,,,,,,,,
2018-04-06,0.0028791930970987374,0.72469,0.72707,,,,,,,,,,,,,,,,,,
2018-04-09,0.0028817606411393544,0.72877,0.73189,,,,,,,,,,,,,,,,,,
2018-04-10,0.0027954173959169747,0.73511,0.73629,,,,,,,,,,,,,,,,,,
2018-04-11,0.0027869434300434714,0.73627,0.73674,,,,,,,,,,,,,,,,,,
2018-04-12,0.0027499771396551154,0.73757,0.73733,,,,,,,,,,,,,,,,,,
2018-04-13,0.002696463826384679,0.73763,0.73492,,,,,,,,,,,,,,,,,,
2018-04-16,0.0026458371642377617,0.73412,0.73599,,,,,,,,,,,,,,,,,,
2018-04-17,0.0025503663016365322,0.73404,0.73371,,,,,,,,,,,,,,,,,,
2018-04-18,0.002498443524565783,0.73179,0.73281,,,,,,,,,,,,,,,,,,
2018-04-19,0.00246535760082255,0.7306,0.72764,,,,,,,,,,,,,,,,,,
2018-04-20,0.002437484055169106,0.72235,0.72099,,,,,,,,,,,,,,,,,,
2018-04-23,0.0026274719424061754,0.71775,0.71544,,,,,,,,,,,,,,,,,,
2018-04-24,0.002582005487129427,0.71282,0.71113,,,,,,,,,,,,,,,,,,
2018-04-25,0.0028498418961164845,0.70674,0.70619,,,,,,,,,,,,,,,,,,
2018-04-26,0.002797736681227268,0.70723,0.70647,,,,,,,,,,,,,,,,,,
2018-04-27,0.002816827118002128,0.70536,0.70693,,,,,,,,,,,,,,,,,,
2018-04-30,0.0027606144229546594,0.70422,0.70418,,,,,,,,,,,,,,,,,,
2018-05-01,0.002655614458512954,0.70121,0.70061,,,,,,,,,,,,,,,,,,
2018-05-02,0.002633125597166062,0.70168,0.70045,,,,,,,,,,,,,,,,,,
2018-05-03,0.002591826981009118,0.70385,0.70274,,,,,,,,,,,,,,,,,,
2018-05-04,0.0025435144329550314,0.70151,0.70157,,,,,,,,,,,,,,,,,,
2018-05-07,0.0025357966575056848,0.69967,0.70264,167.0,0.003951192993063134,0.70244,0.70221,0.70235,,,,,,,,,,,,,
2018-05-08,0.0024888772712720938,0.69758,0.69632,,,,,,,,,,,,,,,,,,
2018-05-09,0.002448280250478721,0.69852,0.69853,,,,,,,,,,,,,,,,,,
2018-05-10,0.002556450621981804,0.69297,0.69445,33.0,0.003974945825655336,0.69573,0.69567,0.69662,0.69517,38.0,0.00525336019160314,0.69662,0.69671,0.69608,0.69572,,,,,,
2018-05-11,0.0025866679595016218,0.69787,0.69691,,,,,,,,,,,,,,,,,,
2018-05-14,0.002607962779914781,0.69527,0.69333,,,,,,,,,,,,,,,,,,
2018-05-15,0.002502030450013813,0.68921,0.68743,77.0,-0.0037650044838280854,0.68662,0.68669,0.68639,0.68626,110.0,-0.005076632985551768,0.68572,0.6856,0.68556,0.68642,,,,,,
2018-05-16,0.0025979114891029487,0.68794,0.68919,107.0,0.003960516126378079,0.69067,0.69067,0.691,0.69137,,,,,,,,,,,,
2018-05-17,0.002620220828175737,0.68889,0.68767,,,,,,,,,,,,,,,,,,
2018-05-18,0.002716652285714625,0.69119,0.69104,,,,,,,,,,,,,,,,,,
2018-05-21,0.0027293522023406377,0.6907,0.69272,,,,,,,,,,,,,,,,,,
2018-05-22,0.0026205687775393066,0.6951,0.69386,,,,,,,,,,,,,,,,,,
2018-05-23,0.002649070873444679,0.6897,0.6894,,,,,,,,,,,,,,,,,,
2018-05-24,0.002672734121937322,0.69176,0.69159,,,,,,,,,,,,,,,,,,
2018-05-25,0.0026536287299231435,0.6913,0.69217,,,,,,,,,,,,,,,,,,
2018-05-28,0.0025977112821603393,0.6949,0.69395,,,,,,,,,,,,,,,,,,
2018-05-29,0.0025580931295435742,0.69207,0.69113,,,,,,,,,,,,,,,,,,
2018-05-30,0.002505521863438803,0.69691,0.69938,,,,,,,,,,,,,,,,,,
2018-05-31,0.0025042045584140337,0.70132,0.70033,,,,,,,,,,,,,,,,,,
2018-06-01,0.002668135547719446,0.69742,0.69858,,,,,,,,,,,,,,,,,,
2018-06-04,0.0026659879337995276,0.70465,0.70297,,,,,,,,,,,,,,,,,,
2018-06-05,0.0026447776744401583,0.70143,0.70151,,,,,,,,,,,,,,,,,,
2018-06-06,0.002629536753852048,0.70452,0.70433,,,,,,,,,,,,,,,,,,
2018-06-07,0.0025782245538424737,0.70433,0.70283,,,,,,,,,,,,,,,,,,
2018-06-08,0.0025256760957443514,0.70211,0.70348,,,,,,,,,,,,,,,,,,
2018-06-11,0.002478311137833729,0.70314,0.70365,,,,,,,,,,,,,,,,,,
2018-06-12,0.0023899763320283387,0.70306,0.70299,,,,,,,,,,,,,,,,,,
2018-06-13,0.002350751015831304,0.70361,0.70459,,,,,,,,,,,,,,,,,,
2018-06-14,0.0023370200272897663,0.70347,0.69963,,,,,,,,,,,,,,,,,,
2018-06-15,0.002307138259957293,0.69546,0.69406,,,,,,,,,,,,,,,,,,
2018-06-18,0.0024778555729264196,0.69499,0.693,,,,,,,,,,,,,,,,,,
2018-06-19,0.0024009127934426,0.68946,0.69059,,,,,,,,,,,,,,,,,,
2018-06-20,0.0023583017204450068,0.68729,0.68789,,,,,,,,,,,,,,,,,,
2018-06-21,0.0023491616622569452,0.6856,0.68723,163.0,0.0037705953145468355,0.68819,0.68802,0.68771,0.68755,,,,,,,,,,,,
2018-06-22,0.0025010463010827822,0.69007,0.68949,,,,,,,,,,,,,,,,,,
2018-06-25,0.0025356637601351042,0.68995,0.68932,,,,,,,,,,,,,,,,,,
2018-06-26,0.002460500559421539,0.6866,0.68643,,,,,,,,,,,,,,,,,,
2018-06-27,0.0024092560965191918,0.68251,0.68014,,,,,,,,,,,,,,,,,,
2018-06-28,0.002667610850554038,0.67589,0.67575,,,,,,,,,,,,,,,,,,
2018-06-29,0.0026641375168734672,0.67573,0.67731,,,,,,,,,,,,,,,,,,
2018-07-02,0.0026133755251453953,0.67227,0.67008,,,,,,,,,,,,,,,,,,
2018-07-03,0.0025060996068272546,0.6746,0.67508,,,,,,,,,,,,,,,,,,
2018-07-04,0.00263631444230703,0.67607,0.67625,,,,,,,,,,,,,,,,,,
2018-07-05,0.002763600406002639,0.67864,0.67888,,,,,,,,,,,,,,,,,,
2018-07-06,0.0027042462379274356,0.68211,0.6827,,,,,,,,,,,,,,,,,,
2018-07-09,0.0026655133839324327,0.68554,0.68367,,,,,,,,,,,,,,,,,,
2018-07-10,0.002643550164349813,0.68094,0.68337,,,,,,,,,,,,,,,,,,
2018-07-11,0.002592323705738826,0.6789,0.67846,,,,,,,,,,,,,,,,,,
2018-07-12,0.0026002196968138835,0.67605,0.67806,,,,,,,,,,,,,,,,,,
2018-07-13,0.0027176807465298897,0.67269,0.67585,167.0,0.004109340797400818,0.67546,0.67549,0.67567,,,,,,,,,,,,,
2018-07-16,0.002691944839245429,0.67854,0.67705,,,,,,,,,,,,,,,,,,
2018-07-17,0.0026429628544236456,0.68115,0.67881,118.0,-0.004015981036861123,0.67842,0.67843,0.67905,0.67922,,,,,,,,,,,,
2018-07-18,0.0025960044269427245,0.67592,0.67903,,,,,,,,,,,,,,,,,,
2018-07-19,0.0025457329132922823,0.67312,0.67174,,,,,,,,,,,,,,,,,,
2018-07-20,0.002496869253349682,0.67644,0.68002,54.0,0.004322146261295451,0.67937,0.67934,0.67975,0.67945,73.0,0.005101976650929807,0.6799,0.67982,0.67942,0.67976,,,,,,
2018-07-23,0.002545834077091655,0.68124,0.67848,103.0,-0.003868078507449571,0.67861,0.6788,0.67872,0.67871,,,,,,,,,,,,
2018-07-24,0.002607802901494538,0.68091,0.67987,,,,,,,,,,,,,,,,,,
2018-07-25,0.0025767635360854045,0.68086,0.68057,,,,,,,,,,,,,,,,,,
2018-07-26,0.0025257236057219185,0.6816,0.67887,142.0,-0.0040575163720413,0.67884,0.67881,0.67892,0.67892,,,,,,,,,,,,
2018-07-27,0.002575278667746073,0.67664,0.67962,119.0,0.004100119308205091,0.67942,0.67932,0.67965,0.67932,,,,,,,,,,,,
2018-07-30,0.0026756562508175514,0.68062,0.6828,,,,,,,,,,,,,,,,,,
2018-07-31,0.002577550573330453,0.68179,0.68098,,,,,,,,,,,,,,,,,,
2018-08-01,0.0025475053819902665,0.6803,0.67932,,,,,,,,,,,,,,,,,,
2018-08-02,0.00251200738803973,0.67545,0.67544,,,,,,,,,,,,,,,,,,
2018-08-03,0.0024727936840831426,0.67524,0.67556,,,,,,,,,,,,,,,,,,
2018-08-06,0.0025551965125724437,0.67292,0.67346,,,,,,,,,,,,,,,,,,
2018-08-07,0.0024586353337443926,0.67501,0.67408,,,,,,,,,,,,,,,,,,
2018-08-08,0.0024249894461910973,0.67348,0.67411,,,,,,,,,,,,,,,,,,
2018-08-09,0.00237624570451758,0.66527,0.66225,175.0,-0.0035839093896420245,0.66289,0.66262,0.66231,,178.0,-0.004927417354638048,0.662,0.66232,,,,,,,,
2018-08-10,0.002450027796795577,0.65976,0.65999,,,,,,,,,,,,,,,,,,
2018-08-13,0.0027239035920432813,0.65757,0.65821,,,,,,,,,,,,,,,,,,
2018-08-14,0.0026394941768589273,0.65964,0.65854,,,,,,,,,,,,,,,,,,
2018-08-15,0.0026068842728576907,0.65567,0.65562,,,,,,,,,,,,,,,,,,
2018-08-16,0.0026904293565130077,0.65834,0.65955,,,,,,,,,,,,,,,,,,
2018-08-17,0.0026617739238346955,0.66006,0.66074,,,,,,,,,,,,,,,,,,
2018-08-20,0.002634725750194986,0.66187,0.66189,,,,,,,,,,,,,,,,,,
2018-08-21,0.0025929240251500213,0.66629,0.66735,,,,,,,,,,,,,,,,,,
2018-08-22,0.0026242009771968388,0.67047,0.66977,,,,,,,,,,,,,,,,,,
2018-08-23,0.002680775940547874,0.66704,0.66516,,,,,,,,,,,,,,,,,,
2018-08-24,0.0026855082534302413,0.66652,0.66921,171.0,0.004132361023465474,0.66928,0.66912,0.669,,,,,,,,,,,,,
2018-08-27,0.002645100345332375,0.66781,0.66928,,,,,,,,,,,,,,,,,,
2018-08-28,0.002587915117933522,0.6714,0.67188,,,,,,,,,,,,,,,,,,
2018-08-29,0.002533855549167417,0.66975,0.67006,,,,,,,,,,,,,,,,,,
2018-08-30,0.0025018042327560304,0.66612,0.66394,,,,,,,,,,,,,,,,,,
2018-08-31,0.0025601015575477657,0.66344,0.66121,,,,,,,,,,,,,,,,,,
2018-09-03,0.0025497287143170662,0.66078,0.66055,,,,,,,,,,,,,,,,,,
2018-09-04,0.002477390869809877,0.65522,0.65476,,,,,,,,,,,,,,,,,,
2018-09-05,0.0024317226658614665,0.65633,0.65811,,,,,,,,,,,,,,,,,,
2018-09-06,0.0024451973269915463,0.65941,0.65941,,,,,,,,,,,,,,,,,,
2018-09-07,0.0025408824303535583,0.65778,0.6547,55.0,-0.003945259007379812,0.65519,0.65504,0.65506,0.65568,,,,,,,,,,,,
2018-09-10,0.0025569856791593567,0.65351,0.65358,,,,,,,,,,,,,,,,,,
2018-09-11,0.002559378692800065,0.65124,0.65105,,,,,,,,,,,,,,,,,,
2018-09-12,0.0025142386024202238,0.65148,0.65534,163.0,0.0038147811400736564,0.65397,0.65394,0.65407,0.65422,,,,,,,,,,,,
2018-09-13,0.0024709343935423516,0.65501,0.65622,38.0,0.004083192996901332,0.65769,0.65805,0.65808,0.65843,51.0,0.005010251779548795,0.6583,0.65828,0.65838,0.65827,,,,,,
2018-09-14,0.0025233328538316288,0.65742,0.65559,,,,,,,,,,,,,,,,,,
2018-09-17,0.0025062089354727945,0.65729,0.65843,,,,,,,,,,,,,,,,,,
2018-09-18,0.0024231490528535665,0.65941,0.65893,,,,,,,,,,,,,,,,,,
2018-09-19,0.0024221495477965128,0.66051,0.66185,,,,,,,,,,,,,,,,,,
2018-09-20,0.002372540215714729,0.66724,0.66715,,,,,,,,,,,,,,,,,,
2018-09-21,0.002584997436839431,0.66785,0.66764,,,,,,,,,,,,,,,,,,
2018-09-24,0.0025997530155261435,0.66727,0.66516,,,,,,,,,,,,,,,,,,
2018-09-25,0.0024971801097652185,0.66547,0.66494,,,,,,,,,,,,,,,,,,
2018-09-26,0.0025046071100361927,0.66432,0.66552,,,,,,,,,,,,,,,,,,
2018-09-27,0.0025255398278192574,0.66378,0.66225,,,,,,,,,,,,,,,,,,
2018-09-28,0.0025034662765627096,0.66144,0.66345,,,,,,,,,,,,,,,,,,
2018-10-01,0.002537488162365431,0.66032,0.66123,,,,,,,,,,,,,,,,,,
2018-10-02,0.002437821608757785,0.65827,0.66049,,,,,,,,,,,,,,,,,,
2018-10-03,0.0023996949817896855,0.65547,0.65387,,,,,,,,,,,,,,,,,,
2018-10-04,0.0023749148502770893,0.64917,0.64869,,,,,,,,,,,,,,,,,,
2018-10-05,0.0027646179193246815,0.64692,0.64388,,,,,,,,,,,,,,,,,,
2018-10-08,0.002748486505313208,0.64529,0.64385,,,,,,,,,,,,,,,,,,
2018-10-09,0.002683432203897712,0.64321,0.64597,,,,,,,,,,,,,,,,,,
2018-10-10,0.0026487363905359214,0.64641,0.64743,,,,,,,,,,,,,,,,,,
2018-10-11,0.002665514399353352,0.6489,0.65157,41.0,0.004029472854925597,0.65152,0.65153,0.65202,0.65128,,,,,,,,,,,,
2018-10-12,0.002621100249461682,0.65127,0.65094,,,,,,,,,,,,,,,,,,
2018-10-15,0.002696070332311051,0.65315,0.6551,,,,,,,,,,,,,,,,,,
2018-10-16,0.0025995954202335195,0.65819,0.65917,,,,,,,,,,,,,,,,,,
2018-10-17,0.002752043356862615,0.65596,0.65745,,,,,,,,,,,,,,,,,,
2018-10-18,0.0027099170090510135,0.65732,0.65565,,,,,,,,,,,,,,,,,,
2018-10-19,0.002709425748218527,0.65929,0.65941,,,,,,,,,,,,,,,,,,
2018-10-22,0.0026539149727215134,0.65782,0.65492,,,,,,,,,,,,,,,,,,
2018-10-23,0.0025908334330088053,0.65517,0.65517,,,,,,,,,,,,,,,,,,
2018-10-24,0.0026303729605509406,0.65425,0.6525,,,,,,,,,,,,,,,,,,
2018-10-25,0.00257876697702916,0.65348,0.65231,,,,,,,,,,,,,,,,,,
2018-10-26,0.0025777277636116866,0.64732,0.65205,142.0,0.00391619242701607,0.64986,0.64993,0.65019,0.65083,156.0,0.005223311799326823,0.65071,0.65083,0.65059,0.65077,175.0,0.006559419931042453,0.65158,0.65207,0.65125,
2018-10-29,0.002537523630891302,0.65416,0.65289,,,,,,,,,,,,,,,,,,
2018-10-30,0.0024491794125208756,0.65466,0.65592,115.0,0.003674540815108763,0.65707,0.65703,0.65692,0.65698,,,,,,,,,,,,
2018-10-31,0.0024124128316547083,0.6549,0.65282,,,,,,,,,,,,,,,,,,
2018-11-01,0.0023653089579800655,0.66184,0.66404,143.0,0.003740126215487065,0.66432,0.66436,0.66408,0.66409,,,,,,,,,,,,
2018-11-02,0.002324843818295049,0.6673,0.66543,,,,,,,,,,,,,,,,,,
2018-11-05,0.0028184646992259897,0.66608,0.66635,,,,,,,,,,,,,,,,,,
2018-11-06,0.0027068638792895404,0.66782,0.66676,,,,,,,,,,,,,,,,,,
2018-11-07,0.0026476079712854585,0.67758,0.67905,,,,,,,,,,,,,,,,,,
2018-11-08,0.003272658780335094,0.67794,0.67754,,,,,,,,,,,,,,,,,,
2018-11-09,0.0032040008214720057,0.67458,0.67372,,,,,,,,,,,,,,,,,,
2018-11-12,0.003210210923689391,0.67523,0.67275,,,,,,,,,,,,,,,,,,
2018-11-13,0.003069255328974366,0.67535,0.67539,,,,,,,,,,,,,,,,,,
2018-11-14,0.00300082229623625,0.67814,0.67934,,,,,,,,,,,,,,,,,,
2018-11-15,0.002969881157748548,0.68176,0.68221,,,,,,,,,,,,,,,,,,
2018-11-16,0.002945854522925358,0.68371,0.68804,,,,,,,,,,,,,,,,,,
2018-11-19,0.002907528888192783,0.68184,0.68397,,,,,,,,,,,,,,,,,,
2018-11-20,0.0029096252278719057,0.6837,0.68111,62.0,-0.00473548903145732,0.68047,0.68069,0.68125,0.68075,,,,,,,,,,,,
2018-11-21,0.0028470916492199932,0.68446,0.68355,,,,,,,,,,,,,,,,,,
2018-11-22,0.002853132316369528,0.68055,0.68089,,,,,,,,,,,,,,,,,,
2018-11-23,0.0027924317223496317,0.67749,0.67751,,,,,,,,,,,,,,,,,,
2018-11-26,0.0027319499949388626,0.68022,0.67867,,,,,,,,,,,,,,,,,,
2018-11-27,0.0026955183177771,0.67956,0.67786,,,,,,,,,,,,,,,,,,
2018-11-28,0.002665431572405906,0.67996,0.68571,,,,,,,,,,,,,,,,,,
2018-11-29,0.002647948768096762,0.68598,0.68497,,,,,,,,,,,,,,,,,,
2018-11-30,0.002790661176753268,0.68654,0.6869,,,,,,,,,,,,,,,,,,
2018-12-03,0.002730937654586587,0.69273,0.69279,,,,,,,,,,,,,,,,,,
2018-12-04,0.002698616974625976,0.69417,0.69289,,,,,,,,,,,,,,,,,,
2018-12-05,0.0027552150330997257,0.69246,0.6901,,,,,,,,,,,,,,,,,,
2018-12-06,0.0027856317264812118,0.68731,0.68729,,,,,,,,,,,,,,,,,,
2018-12-07,0.0028105748723439438,0.68827,0.68552,,,,,,,,,,,,,,,,,,
2018-12-10,0.002762701248481142,0.68846,0.6872,,,,,,,,,,,,,,,,,,
2018-12-11,0.0026794048592482357,0.69061,0.68754,150.0,-0.00448434498654812,0.68752,0.68773,0.68751,0.68747,,,,,,,,,,,,
2018-12-12,0.002626259966195163,0.68447,0.68569,,,,,,,,,,,,,,,,,,
2018-12-13,0.0025721945315121254,0.6861,0.68602,,,,,,,,,,,,,,,,,,
2018-12-14,0.0025527780826258197,0.67823,0.68092,173.0,0.003899615716479688,0.68088,0.68083,0.68055,,,,,,,,,,,,,
2018-12-17,0.0026986992117816254,0.68055,0.68014,,,,,,,,,,,,,,,,,,
2018-12-18,0.0025852277015441256,0.6863,0.6847,,,,,,,,,,,,,,,,,,
2018-12-19,0.002706591837120401,0.68556,0.68442,,,,,,,,,,,,,,,,,,
2018-12-20,0.0026540049580145966,0.67725,0.67755,,,,,,,,,,,,,,,,,,
2018-12-21,0.003303012027478853,0.67436,0.67062,,,,,,,,,,,,,,,,,,
2018-12-24,0.0032839074455077505,0.6723,0.67218,,,,,,,,,,,,,,,,,,
2018-12-26,0.0033550148178976965,0.67306,0.67203,,,,,,,,,,,,,,,,,,
2018-12-27,0.003205821551236951,0.6708,0.66988,,,,,,,,,,,,,,,,,,
2018-12-28,0.003134216723841025,0.67056,0.66983,,,,,,,,,,,,,,,,,,
2018-12-31,0.003073742571911713,0.67021,0.67112,,,,,,,,,,,,,,,,,,
2019-01-02,0.00294027947094965,0.66651,0.66625,,,,,,,,,,,,,,,,,,
2019-01-03,0.002682117438927759,0.66525,0.66948,114.0,0.004095323110872382,0.66798,0.66786,0.66748,0.66739,153.0,0.005546409061829768,0.66895,0.66886,0.66869,0.66876,,,,,,
2019-01-04,0.0027640269613782354,0.6684,0.67436,86.0,0.0043144376429770995,0.67129,0.67068,0.6719,0.67337,93.0,0.006486992885776459,0.67275,0.67225,0.67238,0.67255,100.0,0.007036823120972207,0.67312,0.67337,0.67236,0.67377
2019-01-07,0.00282266183718359,0.67616,0.67591,,,,,,,,,,,,,,,,,,
2019-01-08,0.0027997399850139527,0.67123,0.67302,,,,,,,,,,,,,,,,,,
2019-01-09,0.002766562489010642,0.67822,0.67969,,,,,,,,,,,,,,,,,,
2019-01-10,0.002737547346717479,0.67804,0.67825,,,,,,,,,,,,,,,,,,
2019-01-11,0.0027265256226007436,0.68307,0.68326,,,,,,,,,,,,,,,,,,
2019-01-14,0.0027311020391646,0.68206,0.68274,,,,,,,,,,,,,,,,,,
2019-01-15,0.002678820845250825,0.68258,0.68029,,,,,,,,,,,,,,,,,,
2019-01-16,0.002674056927564949,0.67712,0.67859,,,,,,,,,,,,,,,,,,
2019-01-17,0.002654491039047601,0.67365,0.67454,,,,,,,,,,,,,,,,,,
2019-01-18,0.002738154504647996,0.67692,0.67461,,,,,,,,,,,,,,,,,,
2019-01-21,0.0027116233054713564,0.67185,0.67273,,,,,,,,,,,,,,,,,,
2019-01-22,0.002665887415329199,0.67196,0.67282,,,,,,,,,,,,,,,,,,
2019-01-23,0.0026335146355117097,0.67818,0.6792,,,,,,,,,,,,,,,,,,
2019-01-24,0.0026654149980531432,0.67776,0.67619,,,,,,,,,,,,,,,,,,
2019-01-25,0.0026333034298543015,0.68059,0.68417,86.0,0.004003202038007088,0.68332,0.68306,0.68329,0.68352,,,,,,,,,,,,
2019-01-28,0.0026031950945514535,0.6839,0.68336,,,,,,,,,,,,,,,,,,
2019-01-29,0.002685491694316033,0.68403,0.68289,,,,,,,,,,,,,,,,,,
2019-01-30,0.0026653077091020444,0.6828,0.68353,,,,,,,,,,,,,,,,,,
2019-01-31,0.0026320643468002677,0.69236,0.69144,,,,,,,,,,,,,,,,,,
2019-02-01,0.002703524102530893,0.69254,0.69092,,,,,,,,,,,,,,,,,,
2019-02-04,0.0026709799255097066,0.68783,0.68746,,,,,,,,,,,,,,,,,,
2019-02-05,0.0026164273038289387,0.69013,0.68963,,,,,,,,,,,,,,,,,,
2019-02-06,0.0025879275260016757,0.6853,0.68398,,,,,,,,,,,,,,,,,,
2019-02-07,0.0025790830089347776,0.67566,0.67507,,,,,,,,,,,,,,,,,,
2019-02-08,0.002876041070257771,0.67481,0.67548,,,,,,,,,,,,,,,,,,
2019-02-11,0.0028402239204858774,0.67415,0.67282,,,,,,,,,,,,,,,,,,
2019-02-12,0.002783171752415326,0.67341,0.67314,,,,,,,,,,,,,,,,,,
2019-02-13,0.0027711109562250837,0.68053,0.68113,,,,,,,,,,,,,,,,,,
2019-02-14,0.0030900437900812706,0.68473,0.68397,,,,,,,,,,,,,,,,,,
2019-02-15,0.0030606991392179896,0.68515,0.68534,,,,,,,,,,,,,,,,,,
2019-02-18,0.003020833707409721,0.68757,0.68456,144.0,-0.004606489289732939,0.68441,0.68447,0.6843,0.68472,,,,,,,,,,,,
2019-02-19,0.002983253498338366,0.68341,0.68793,,,,,,,,,,,,,,,,,,
2019-02-20,0.002991928423871545,0.6871,0.68726,,,,,,,,,,,,,,,,,,
2019-02-21,0.002981242481156303,0.68193,0.68023,,,,,,,,,,,,,,,,,,
2019-02-22,0.00295203300652241,0.68251,0.68506,,,,,,,,,,,,,,,,,,
2019-02-25,0.0030445343838276916,0.68935,0.68821,,,,,,,,,,,,,,,,,,
2019-02-26,0.0030790765915684184,0.68848,0.6886,,,,,,,,,,,,,,,,,,
2019-02-27,0.003046048940673683,0.68592,0.68392,,,,,,,,,,,,,,,,,,
2019-02-28,0.003007166764690507,0.68177,0.68079,,,,,,,,,,,,,,,,,,
2019-03-01,0.002997622908741808,0.68245,0.68052,,,,,,,,,,,,,,,,,,
2019-03-04,0.0029790527646080533,0.68103,0.68079,,,,,,,,,,,,,,,,,,
2019-03-05,0.0029231766008531064,0.67911,0.67912,,,,,,,,,,,,,,,,,,
2019-03-06,0.0028917458121569075,0.67762,0.67731,,,,,,,,,,,,,,,,,,
2019-03-07,0.00287442834608415,0.67742,0.67623,,,,,,,,,,,,,,,,,,
2019-03-08,0.0028490332802208465,0.67954,0.68059,,,,,,,,,,,,,,,,,,
2019-03-11,0.0028274231513610456,0.68131,0.68263,,,,,,,,,,,,,,,,,,
2019-03-12,0.002795348517450432,0.68635,0.6868,,,,,,,,,,,,,,,,,,
2019-03-13,0.002803133906678053,0.68327,0.68484,,,,,,,,,,,,,,,,,,
2019-03-14,0.0027689638125654964,0.68141,0.68161,,,,,,,,,,,,,,,,,,
2019-03-15,0.0027350553799504926,0.68393,0.68452,,,,,,,,,,,,,,,,,,
2019-03-18,0.002701760307355742,0.68619,0.68479,,,,,,,,,,,,,,,,,,
2019-03-19,0.002651260443990296,0.68646,0.68595,,,,,,,,,,,,,,,,,,
2019-03-20,0.0026200500610605816,0.68513,0.6845,,,,,,,,,,,,,,,,,,
2019-03-21,0.0026003796781429896,0.68924,0.68686,,,,,,,,,,,,,,,,,,
2019-03-22,0.002720063395338206,0.68746,0.68756,,,,,,,,,,,,,,,,,,
2019-03-25,0.002703879291346051,0.6896,0.69081,,,,,,,,,,,,,,,,,,
2019-03-26,0.0026440089928981706,0.69023,0.6914,,,,,,,,,,,,,,,,,,
2019-03-27,0.002634541069109589,0.67973,0.67996,,,,,,,,,,,,,,,,,,
2019-03-28,0.0028762773319830157,0.67997,0.67849,,,,,,,,,,,,,,,,,,
2019-03-29,0.0028411587656944973,0.68039,0.68074,,,,,,,,,,,,,,,,,,
2019-04-01,0.002818323446757339,0.6823,0.6812,,,,,,,,,,,,,,,,,,
2019-04-02,0.002778936119076564,0.67723,0.67431,164.0,-0.004187542649182646,0.6744,0.67449,0.67454,0.6745,,,,,,,,,,,,
2019-04-03,0.0027962384739203473,0.67937,0.67919,,,,,,,,,,,,,,,,,,
2019-04-04,0.002766018298202421,0.67648,0.67549,,,,,,,,,,,,,,,,,,
2019-04-05,0.002742479076928532,0.67392,0.67241,,,,,,,,,,,,,,,,,,
2019-04-08,0.002741637860676312,0.6734,0.67408,,,,,,,,,,,,,,,,,,
2019-04-09,0.002692500035001535,0.67428,0.67441,,,,,,,,,,,,,,,,,,
2019-04-10,0.002663960145224249,0.67544,0.67537,,,,,,,,,,,,,,,,,,
2019-04-11,0.0026316742405713073,0.67475,0.67279,,,,,,,,,,,,,,,,,,
2019-04-12,0.0026078062094749073,0.67519,0.67674,157.0,0.004315383922977761,0.67811,0.67796,0.67748,0.67721,,,,,,,,,,,,
2019-04-15,0.0025994439768953297,0.67612,0.67624,,,,,,,,,,,,,,,,,,
2019-04-16,0.0025660992713345708,0.67633,0.67596,,,,,,,,,,,,,,,,,,
2019-04-17,0.0025583298761390986,0.67317,0.67098,,,,,,,,,,,,,,,,,,
2019-04-18,0.0025362472068423585,0.66917,0.66781,,,,,,,,,,,,,,,,,,
2019-04-19,0.002508878946765928,0.66898,0.66846,,,,,,,,,,,,,,,,,,
2019-04-22,0.0025136144527249387,0.6675,0.66758,,,,,,,,,,,,,,,,,,
2019-04-23,0.00245606250886006,0.66585,0.66486,150.0,-0.0038671961401907356,0.66328,0.66316,0.66315,0.6632,,,,,,,,,,,,
2019-04-24,0.0024278511629428263,0.66259,0.66058,,,,,,,,,,,,,,,,,,
2019-04-25,0.0024669157103242136,0.65887,0.66155,78.0,0.003923266641082838,0.66146,0.66149,0.66129,0.66111,117.0,0.005222576376821467,0.66232,0.66248,0.6625,0.66238,,,,,,
2019-04-26,0.0024531849364394596,0.66541,0.66681,158.0,0.004034470905729909,0.6681,0.66804,0.66748,0.6676,,,,,,,,,,,,
2019-04-29,0.002472521046804948,0.66634,0.66639,,,,,,,,,,,,,,,,,,
2019-04-30,0.0024368602216790778,0.66797,0.66694,,,,,,,,,,,,,,,,,,
2019-05-01,0.0024133641251135457,0.66551,0.66492,,,,,,,,,,,,,,,,,,
2019-05-02,0.0023884413909072864,0.66271,0.66159,,,,,,,,,,,,,,,,,,
2019-05-03,0.0023779236316028244,0.66176,0.66404,120.0,0.004177071421124443,0.66453,0.66431,0.66454,0.66501,135.0,0.004899125696820571,0.66501,0.66495,0.66496,0.6647,,,,,,
2019-05-06,0.002355686521983782,0.66118,0.66047,,,,,,,,,,,,,,,,,,
2019-05-07,0.0023524272515898217,0.65972,0.65915,,,,,,,,,,,,,,,,,,
2019-05-08,0.00232589425558352,0.6588,0.65871,,,,,,,,,,,,,,,,,,
2019-05-09,0.0023309086855588415,0.65762,0.65825,,,,,,,,,,,,,,,,,,
2019-05-10,0.0023049641530633967,0.65946,0.65984,,,,,,,,,,,,,,,,,,
2019-05-13,0.002297501577649898,0.65807,0.65704,,,,,,,,,,,,,,,,,,
2019-05-14,0.0022517260426573827,0.65815,0.65765,,,,,,,,,,,,,,,,,,
2019-05-15,0.0022278659246362706,0.65532,0.65637,,,,,,,,,,,,,,,,,,
2019-05-16,0.002211274626033709,0.65725,0.65489,137.0,-0.0033376291166071076,0.65506,0.65514,0.65513,0.65531,,,,,,,,,,,,
2019-05-17,0.002193795806356553,0.65303,0.6521,,,,,,,,,,,,,,,,,,
2019-05-20,0.0021808282013080532,0.65387,0.65356,,,,,,,,,,,,,,,,,,
2019-05-21,0.002170202516911529,0.65059,0.65043,,,,,,,,,,,,,,,,,,
2019-05-22,0.0021472494776670122,0.65024,0.64962,,,,,,,,,,,,,,,,,,
2019-05-23,0.002164822031320977,0.64913,0.65197,159.0,0.0033066524542245,0.65128,0.65124,0.65107,0.65122,,,,,,,,,,,,
2019-05-24,0.002146073323636795,0.65383,0.65471,,,,,,,,,,,,,,,,,,
2019-05-27,0.0021452420012758374,0.65456,0.65424,,,,,,,,,,,,,,,,,,
2019-05-28,0.002162115937790258,0.65502,0.65478,,,,,,,,,,,,,,,,,,
2019-05-29,0.0021399611531504248,0.65206,0.65107,,,,,,,,,,,,,,,,,,
2019-05-30,0.0021178363723706826,0.65132,0.65064,,,,,,,,,,,,,,,,,,
2019-05-31,0.0021205360014528865,0.6506,0.65242,144.0,0.003559596246583288,0.65292,0.65289,0.65288,0.65339,159.0,0.00427918044984373,0.65339,0.65331,0.65259,0.65185,,,,,,
2019-06-03,0.002100088893652778,0.65627,0.6572,,,,,,,,,,,,,,,,,,
2019-06-04,0.002089781978460389,0.65973,0.65953,,,,,,,,,,,,,,,,,,
2019-06-05,0.0021037845467625537,0.66364,0.66216,21.0,0.0032795299653726453,0.66582,0.66556,0.66607,0.66623,33.0,0.004270297891499037,0.66648,0.66652,0.66634,0.66554,,,,,,
2019-06-06,0.0021342588870505116,0.66312,0.66368,,,,,,,,,,,,,,,,,,
2019-06-07,0.0021126976589097343,0.6623,0.6663,31.0,0.003210904750791151,0.66443,0.66454,0.66524,0.66552,36.0,0.004429252311005529,0.66524,0.66487,0.66512,0.66553,53.0,0.005586059951746281,0.66601,0.66614,0.66567,0.66551
2019-06-10,0.0020977951941182197,0.66135,0.6613,,,,,,,,,,,,,,,,,,
2019-06-11,0.002119446054039149,0.6579,0.65794,,,,,,,,,,,,,,,,,,
2019-06-12,0.0021544271464328186,0.65786,0.65789,,,,,,,,,,,,,,,,,,
2019-06-13,0.002160892375023324,0.65669,0.6564,,,,,,,,,,,,,,,,,,
2019-06-14,0.0021382226856685076,0.6532,0.65008,59.0,-0.0034812515508908268,0.65093,0.65111,0.65124,0.65165,170.0,-0.004295802862709196,0.6504,0.65036,0.65018,,,,,,,
2019-06-17,0.0021848275228726556,0.65081,0.6503,,,,,,,,,,,,,,,,,,
2019-06-18,0.002198917592441773,0.65105,0.65253,,,,,,,,,,,,,,,,,,
2019-06-19,0.0021800384910251264,0.65245,0.65241,,,,,,,,,,,,,,,,,,
2019-06-20,0.0021914422136217054,0.65891,0.65821,,,,,,,,,,,,,,,,,,
2019-06-21,0.0022382662131784407,0.6557,0.657,,,,,,,,,,,,,,,,,,
2019-06-24,0.002232139268192655,0.66043,0.66178,,,,,,,,,,,,,,,,,,
2019-06-25,0.002193844118805881,0.66396,0.66538,,,,,,,,,,,,,,,,,,
2019-06-26,0.00221906623346769,0.66797,0.66902,,,,,,,,,,,,,,,,,,
2019-06-27,0.0022021493420522334,0.66894,0.66986,,,,,,,,,,,,,,,,,,
2019-06-28,0.0022027542434504286,0.67068,0.67107,,,,,,,,,,,,,,,,,,
2019-07-01,0.0021861129614379306,0.66984,0.66734,,,,,,,,,,,,,,,,,,
2019-07-02,0.0021536351922873858,0.66636,0.66738,,,,,,,,,,,,,,,,,,
2019-07-03,0.0021605228922327298,0.66894,0.67072,129.0,0.003372785145461397,0.6712,0.67116,0.6709,0.67165,,,,,,,,,,,,
2019-07-04,0.00213865207521815,0.66837,0.66881,,,,,,,,,,,,,,,,,,
2019-07-05,0.0021397029236077452,0.66603,0.66154,40.0,-0.003233304318418596,0.66388,0.66376,0.66321,0.66402,67.0,-0.004378745287665734,0.66312,0.66292,0.66289,0.66297,94.0,-0.005450014995481946,0.66241,0.66248,0.66232,0.662
2019-07-08,0.0021361043561014324,0.66425,0.66227,,,,,,,,,,,,,,,,,,
2019-07-09,0.0022140388961560064,0.66141,0.66062,,,,,,,,,,,,,,,,,,
2019-07-10,0.002193871386465095,0.65977,0.66498,31.0,0.004250015850063402,0.66258,0.66238,0.66375,0.66456,33.0,0.0046423443245619846,0.66284,0.66333,0.66345,0.66436,35.0,0.006345678295831603,0.66397,0.66375,0.66386,0.66445
2019-07-11,0.0021933746376789345,0.66763,0.66706,,,,,,,,,,,,,,,,,,
2019-07-12,0.002300485208707846,0.66643,0.66805,,,,,,,,,,,,,,,,,,
2019-07-15,0.002281782338025574,0.67226,0.67173,,,,,,,,,,,,,,,,,,
2019-07-16,0.002265309836313511,0.67234,0.6701,,,,,,,,,,,,,,,,,,
2019-07-17,0.002245401863448867,0.67225,0.67424,,,,,,,,,,,,,,,,,,
2019-07-18,0.0022468443505774625,0.6741,0.67551,,,,,,,,,,,,,,,,,,
2019-07-19,0.0022555200924005217,0.67717,0.67702,,,,,,,,,,,,,,,,,,
2019-07-22,0.0022998831220516643,0.67795,0.67729,,,,,,,,,,,,,,,,,,
2019-07-23,0.0022737210015607873,0.67288,0.67066,112.0,-0.0035283908005626237,0.67051,0.67059,0.67071,0.67081,,,,,,,,,,,,
2019-07-24,0.0022886786663842023,0.67046,0.67105,,,,,,,,,,,,,,,,,,
2019-07-25,0.0023030500409210158,0.66961,0.6667,,,,,,,,,,,,,,,,,,
2019-07-26,0.0022786079615294006,0.66432,0.66314,,,,,,,,,,,,,,,,,,
2019-07-29,0.0023133512130726745,0.66205,0.6628,,,,,,,,,,,,,,,,,,
2019-07-30,0.0022780943865895694,0.6617,0.66082,,,,,,,,,,,,,,,,,,
2019-07-31,0.0022529467312057427,0.66064,0.65958,,,,,,,,,,,,,,,,,,
2019-08-01,0.002274345293862426,0.65494,0.65624,,,,,,,,,,,,,,,,,,
2019-08-02,0.002284141207259695,0.65246,0.65441,,,,,,,,,,,,,,,,,,
2019-08-05,0.002267120496730348,0.6521,0.65373,,,,,,,,,,,,,,,,,,
2019-08-06,0.002227820783497245,0.65511,0.65286,,,,,,,,,,,,,,,,,,
2019-08-07,0.002253674232556427,0.64311,0.64613,153.0,0.0033840454523493676,0.64529,0.64516,0.64481,0.64481,,,,,,,,,,,,
2019-08-08,0.002657431125977128,0.645,0.64808,113.0,0.0041155504997986096,0.64766,0.64774,0.64815,0.64784,158.0,0.005781703307336137,0.64874,0.64823,0.64756,0.64781,,,,,,
2019-08-09,0.0026457735462534064,0.64893,0.64777,,,,,,,,,,,,,,,,,,
2019-08-12,0.0026356139339800853,0.64476,0.64553,,,,,,,,,,,,,,,,,,
2019-08-13,0.0025957311690947343,0.6444,0.64566,139.0,0.003980274271436344,0.64697,0.64627,0.64656,0.64687,,,,,,,,,,,,
2019-08-14,0.002574007526024447,0.64269,0.64236,,,,,,,,,,,,,,,,,,
2019-08-15,0.002545548700510423,0.64359,0.64441,,,,,,,,,,,,,,,,,,
2019-08-16,0.0025254182312965624,0.64376,0.64301,,,,,,,,,,,,,,,,,,
2019-08-19,0.0024958409913080747,0.64179,0.64182,,,,,,,,,,,,,,,,,,
2019-08-20,0.0024449721856158214,0.64074,0.64142,,,,,,,,,,,,,,,,,,
2019-08-21,0.002417378580742378,0.64122,0.64072,,,,,,,,,,,,,,,,,,
2019-08-22,0.0023917408480260325,0.63778,0.6378,,,,,,,,,,,,,,,,,,
2019-08-23,0.0023785202291473693,0.6374,0.63917,168.0,0.004195766558632507,0.64008,0.64009,0.64059,,172.0,0.004945391781142409,0.64056,0.64059,0.64057,,,,,,,
2019-08-26,0.0023528648899567624,0.63783,0.6394,,,,,,,,,,,,,,,,,,
2019-08-27,0.0023032212858796084,0.63729,0.6364,,,,,,,,,,,,,,,,,,
2019-08-28,0.0022780764501076226,0.63511,0.63361,,,,,,,,,,,,,,,,,,
2019-08-29,0.0022811439197717373,0.6344,0.63175,157.0,-0.003568781718147013,0.63214,0.63253,0.63243,0.63221,,,,,,,,,,,,
2019-08-30,0.0022975455833491817,0.63087,0.62977,,,,,,,,,,,,,,,,,,
2019-09-02,0.00228745358161534,0.63062,0.63094,,,,,,,,,,,,,,,,,,
2019-09-03,0.002242535332676851,0.62896,0.6325,136.0,0.0034442018350114324,0.63113,0.63123,0.63086,0.63087,172.0,0.004647666691826611,0.63189,0.6319,0.63172,,,,,,,
2019-09-04,0.002256207685080054,0.6353,0.63534,,,,,,,,,,,,,,,,,,
2019-09-05,0.0023930096448209477,0.63949,0.63733,144.0,-0.0037600508038598745,0.63709,0.63701,0.6368,0.63731,152.0,-0.004859400727690531,0.63639,0.63645,0.63702,0.6373,,,,,,
2019-09-06,0.0023955987064035616,0.64083,0.64364,96.0,0.003613767387031396,0.64315,0.6429,0.64342,0.64391,106.0,0.004810283647785349,0.64392,0.64386,0.64391,0.644,,,,,,
2019-09-09,0.0023702607037532947,0.64428,0.64347,,,,,,,,,,,,,,,,,,
2019-09-10,0.002368015829791336,0.64216,0.6424,,,,,,,,,,,,,,,,,,
2019-09-11,0.002345256864305162,0.64151,0.64127,,,,,,,,,,,,,,,,,,
2019-09-12,0.0023313221917121234,0.6436,0.64167,,,,,,,,,,,,,,,,,,
2019-09-13,0.0023105770083169308,0.6392,0.6382,,,,,,,,,,,,,,,,,,
2019-09-16,0.0023027767203174397,0.63634,0.63501,,,,,,,,,,,,,,,,,,
2019-09-17,0.0022769476524834905,0.63304,0.63489,,,,,,,,,,,,,,,,,,
2019-09-18,0.002336115162755902,0.63366,0.63316,,,,,,,,,,,,,,,,,,
2019-09-19,0.002311347647874897,0.63105,0.62999,,,,,,,,,,,,,,,,,,
2019-09-20,0.002313767309601718,0.62749,0.62574,,,,,,,,,,,,,,,,,,
2019-09-23,0.0022957650112412774,0.6271,0.62828,,,,,,,,,,,,,,,,,,
2019-09-24,0.002288184849492696,0.63061,0.63149,123.0,0.003435205493075028,0.63278,0.63271,0.63289,0.63259,,,,,,,,,,,,
2019-09-25,0.002274284737284332,0.63004,0.62738,136.0,-0.0036572414311258354,0.62774,0.62768,0.62799,0.62755,,,,,,,,,,,,
2019-09-26,0.0023337713648192383,0.63121,0.63014,,,,,,,,,,,,,,,,,,
2019-09-27,0.002398144179976801,0.62915,0.62925,,,,,,,,,,,,,,,,,,
2019-09-30,0.0023715002836926864,0.62692,0.62598,,,,,,,,,,,,,,,,,,
2019-10-01,0.0023516071710280757,0.62176,0.62424,,,,,,,,,,,,,,,,,,
2019-10-02,0.002340084855638947,0.62405,0.6253,,,,,,,,,,,,,,,,,,
2019-10-03,0.0023172319000970263,0.62878,0.63114,124.0,0.003619511190568745,0.63106,0.63093,0.63042,0.63042,,,,,,,,,,,,
2019-10-04,0.002294063897037952,0.63274,0.63119,,,,,,,,,,,,,,,,,,
2019-10-07,0.002396701952919696,0.62949,0.62914,,,,,,,,,,,,,,,,,,
2019-10-08,0.002343902006971673,0.632,0.62926,,,,,,,,,,,,,,,,,,
2019-10-09,0.0023190560612015233,0.63149,0.62977,,,,,,,,,,,,,,,,,,
2019-10-10,0.0022949061611259257,0.63285,0.63234,,,,,,,,,,,,,,,,,,
2019-10-11,0.002269901718572791,0.63441,0.6344,,,,,,,,,,,,,,,,,,
2019-10-14,0.002254192976387737,0.62884,0.62938,,,,,,,,,,,,,,,,,,
2019-10-15,0.0022344857687008842,0.62679,0.62816,174.0,0.003599188494870723,0.62905,0.6292,0.62929,,,,,,,,,,,,,
2019-10-16,0.002210834346438007,0.62495,0.62752,,,,,,,,,,,,,,,,,,
2019-10-17,0.0022192466330183108,0.63286,0.63505,,,,,,,,,,,,,,,,,,
2019-10-18,0.0022105512115850423,0.63704,0.63713,,,,,,,,,,,,,,,,,,
2019-10-21,0.0023490657184505434,0.64108,0.63914,175.0,-0.003594146978464589,0.63878,0.63868,0.63855,,,,,,,,,,,,,
2019-10-22,0.002317570777302096,0.64132,0.64076,,,,,,,,,,,,,,,,,,
2019-10-23,0.002319381251085175,0.64055,0.6418,,,,,,,,,,,,,,,,,,
2019-10-24,0.0023478190573678753,0.63927,0.63765,,,,,,,,,,,,,,,,,,
2019-10-25,0.0023342307069311864,0.6362,0.63617,,,,,,,,,,,,,,,,,,
2019-10-28,0.00236057609901537,0.63404,0.63406,,,,,,,,,,,,,,,,,,
2019-10-29,0.0023188445466816874,0.63484,0.63493,,,,,,,,,,,,,,,,,,
2019-10-30,0.002309737350690457,0.63467,0.63622,,,,,,,,,,,,,,,,,,
2019-10-31,0.0022916625012905857,0.64234,0.64002,,,,,,,,,,,,,,,,,,
2019-11-01,0.0024512309718115756,0.64256,0.64411,81.0,0.004115647577745067,0.64521,0.64531,0.64516,0.64466,,,,,,,,,,,,
2019-11-04,0.0024249855919215376,0.64249,0.64162,,,,,,,,,,,,,,,,,,
2019-11-05,0.0023987999825515094,0.64088,0.63808,68.0,-0.0037988680361713046,0.63845,0.63814,0.63815,0.63813,70.0,-0.005099737294202624,0.63762,0.63774,0.63823,0.6379,,,,,,
2019-11-06,0.002434308624610882,0.63881,0.63645,172.0,-0.0038583441321830524,0.63635,0.63649,0.63679,,,,,,,,,,,,,
2019-11-07,0.0024457404054132894,0.63668,0.63564,117.0,-0.003792443272371186,0.63427,0.63498,0.63486,0.63512,,,,,,,,,,,,
2019-11-08,0.002434493627252211,0.63335,0.63239,,,,,,,,,,,,,,,,,,
2019-11-11,0.002410144697230581,0.63659,0.63653,,,,,,,,,,,,,,,,,,
2019-11-12,0.0024097896694646116,0.63353,0.63344,,,,,,,,,,,,,,,,,,
2019-11-13,0.00238527491232274,0.64017,0.64074,,,,,,,,,,,,,,,,,,
2019-11-14,0.002487950833383681,0.63812,0.63724,,,,,,,,,,,,,,,,,,
2019-11-15,0.0024599082086424052,0.63962,0.64031,,,,,,,,,,,,,,,,,,
2019-11-18,0.0024329618436385973,0.63935,0.64078,,,,,,,,,,,,,,,,,,
2019-11-19,0.002383133983716979,0.64235,0.6425,,,,,,,,,,,,,,,,,,
2019-11-20,0.0023582799335168246,0.64176,0.64095,,,,,,,,,,,,,,,,,,
2019-11-21,0.0023575199415478984,0.64252,0.64081,,,,,,,,,,,,,,,,,,
2019-11-22,0.002334202839378021,0.64167,0.64049,,,,,,,,,,,,,,,,,,
2019-11-25,0.002308639057841389,0.64051,0.63966,,,,,,,,,,,,,,,,,,
2019-11-26,0.0022733733425633,0.64241,0.64231,,,,,,,,,,,,,,,,,,
2019-11-27,0.0022485816445040516,0.64233,0.6421,,,,,,,,,,,,,,,,,,
2019-11-28,0.002224477418105172,0.64231,0.64137,,,,,,,,,,,,,,,,,,
2019-11-29,0.0022007989600492848,0.64183,0.64209,,,,,,,,,,,,,,,,,,
2019-12-02,0.0021774215244438205,0.64799,0.64987,81.0,0.003420123500215566,0.65021,0.65033,0.65051,0.6497,165.0,0.0045882940629756,0.65097,0.65102,0.65103,0.65049,,,,,,
2019-12-03,0.002164166241374946,0.65146,0.65158,,,,,,,,,,,,,,,,,,
2019-12-04,0.0022697604601575392,0.65357,0.65313,,,,,,,,,,,,,,,,,,
2019-12-05,0.0022462611974582904,0.65228,0.65435,156.0,0.0035046139095923795,0.65457,0.65448,0.65406,0.65446,,,,,,,,,,,,
2019-12-06,0.002236921634221798,0.65639,0.65709,,,,,,,,,,,,,,,,,,
2019-12-09,0.0022280530457747458,0.65591,0.65509,,,,,,,,,,,,,,,,,,
2019-12-10,0.0021832993549591342,0.65462,0.65375,,,,,,,,,,,,,,,,,,
2019-12-11,0.0021616222404383283,0.65532,0.6568,148.0,0.0033363071096748145,0.65751,0.6575,0.6574,0.65716,,,,,,,,,,,,
2019-12-12,0.0021715282192032114,0.65887,0.65819,,,,,,,,,,,,,,,,,,
2019-12-13,0.0022424697778022644,0.66104,0.65854,114.0,-0.0037587191872986933,0.65856,0.65871,0.65919,0.65984,,,,,,,,,,,,
2019-12-16,0.0022487688005310294,0.66122,0.65995,,,,,,,,,,,,,,,,,,
2019-12-17,0.0022132910080803364,0.6568,0.65734,,,,,,,,,,,,,,,,,,
2019-12-18,0.0021911454929994835,0.65663,0.65748,99.0,0.0033144833603254006,0.65881,0.65873,0.65892,0.65874,,,,,,,,,,,,
2019-12-19,0.002217324692343731,0.65775,0.66029,146.0,0.0033391546545616826,0.65995,0.65994,0.66002,0.66004,,,,,,,,,,,,
2019-12-20,0.002228862356240317,0.65976,0.66023,,,,,,,,,,,,,,,,,,
2019-12-23,0.002206317894724146,0.66183,0.66308,,,,,,,,,,,,,,,,,,
2019-12-24,0.0021614156572918055,0.66277,0.66462,,,,,,,,,,,,,,,,,,
2019-12-26,0.002151809534367592,0.66553,0.6667,,,,,,,,,,,,,,,,,,
2019-12-27,0.002120806024024583,0.66958,0.67008,,,,,,,,,,,,,,,,,,
2019-12-30,0.0021271020165729185,0.6729,0.6731,,,,,,,,,,,,,,,,,,
2019-12-31,0.0021015435687868596,0.675,0.67403,,,,,,,,,,,,,,,,,,
2020-01-02,0.0020900136593817948,0.67014,0.6687,,,,,,,,,,,,,,,,,,
2020-01-03,0.002003441070726497,0.66612,0.66708,,,,,,,,,,,,,,,,,,
2020-01-06,0.0020627914077413424,0.6672,0.66694,57.0,-0.003167481200225939,0.66509,0.6651,0.66541,0.66611,,,,,,,,,,,,
2020-01-07,0.0020241486306989418,0.6633,0.66364,,,,,,,,,,,,,,,,,,
2020-01-08,0.0020135996594576886,0.66401,0.66504,,,,,,,,,,,,,,,,,,
2020-01-09,0.002016693184349561,0.66149,0.66081,,,,,,,,,,,,,,,,,,
2020-01-10,0.0019960670598374274,0.6615,0.66372,112.0,0.003124365782768183,0.66357,0.66359,0.6638,0.66362,,,,,,,,,,,,
2020-01-13,0.0020068072761585953,0.66371,0.66363,,,,,,,,,,,,,,,,,,
2020-01-14,0.001982484610090627,0.66125,0.66159,,,,,,,,,,,,,,,,,,
2020-01-15,0.0019795365250160407,0.65943,0.66134,156.0,0.003209740980328203,0.66155,0.66155,0.66138,0.6615,,,,,,,,,,,,
2020-01-16,0.0019648709969523354,0.66525,0.66321,142.0,-0.003071227742671346,0.66321,0.66334,0.66348,0.66362,,,,,,,,,,,,
2020-01-17,0.001961513472194134,0.66179,0.66147,,,,,,,,,,,,,,,,,,
2020-01-20,0.0019435660178890246,0.66016,0.66042,,,,,,,,,,,,,,,,,,
2020-01-21,0.0019460207630892636,0.66084,0.66024,,,,,,,,,,,,,,,,,,
2020-01-22,0.0019337235895388529,0.66046,0.65872,,,,,,,,,,,,,,,,,,
2020-01-23,0.001923817991981208,0.66032,0.6593,129.0,-0.0029119166414116587,0.6584,0.6586,0.65834,0.65824,,,,,,,,,,,,
2020-01-24,0.0019049732973227091,0.66178,0.66017,,,,,,,,,,,,,,,,,,
2020-01-27,0.0019109432284593923,0.6557,0.65508,,,,,,,,,,,,,,,,,,
2020-01-28,0.0019007898564472319,0.65294,0.65289,,,,,,,,,,,,,,,,,,
2020-01-29,0.0019194361140726466,0.65162,0.65199,,,,,,,,,,,,,,,,,,
2020-01-30,0.001904548843212802,0.64973,0.64841,,,,,,,,,,,,,,,,,,
2020-01-31,0.001907037332263246,0.64698,0.6468,,,,,,,,,,,,,,,,,,
2020-02-03,0.0019083429601290864,0.64647,0.64606,,,,,,,,,,,,,,,,,,
2020-02-04,0.0018925906833485108,0.64583,0.64839,132.0,0.0028604359632409806,0.64768,0.64763,0.64772,0.6475,,,,,,,,,,,,
2020-02-05,0.0018747339716213933,0.64859,0.6471,,,,,,,,,,,,,,,,,,
2020-02-06,0.001868350456339255,0.64733,0.64612,96.0,-0.002831000552618443,0.6455,0.64552,0.64575,0.64586,,,,,,,,,,,,
2020-02-07,0.0018532657673211899,0.64096,0.64015,,,,,,,,,,,,,,,,,,
2020-02-10,0.001856766491597684,0.63962,0.63828,,,,,,,,,,,,,,,,,,
2020-02-11,0.0019187067448586976,0.6398,0.6401,69.0,0.0030743565340146605,0.64177,0.64203,0.64183,0.64114,,,,,,,,,,,,
2020-02-12,0.0019147161935910983,0.64723,0.64618,,,,,,,,,,,,,,,,,,
2020-02-13,0.002062845986978587,0.64535,0.64414,,,,,,,,,,,,,,,,,,
2020-02-14,0.0020444380724764168,0.64378,0.64348,,,,,,,,,,,,,,,,,,
2020-02-17,0.0020324295714009817,0.64264,0.6438,,,,,,,,,,,,,,,,,,
2020-02-18,0.001990785810246443,0.63905,0.63855,,,,,,,,,,,,,,,,,,
2020-02-19,0.0019757698103171724,0.63866,0.63713,,,,,,,,,,,,,,,,,,
2020-02-20,0.0019758030083047956,0.6332,0.63355,,,,,,,,,,,,,,,,,,
2020-02-21,0.001995245871336472,0.63161,0.63498,67.0,0.0031141592837219305,0.63358,0.63337,0.63351,0.63414,81.0,0.004108014814775123,0.63421,0.63414,0.63423,0.63458,97.0,0.005100883577635152,0.63484,0.63483,0.63477,0.63489
2020-02-24,0.002062261102347632,0.63199,0.63545,53.0,0.0031596102053046615,0.63399,0.63398,0.63394,0.63445,69.0,0.004184337756881717,0.63464,0.63459,0.63447,0.63455,,,,,,
2020-02-25,0.0020690461987133836,0.63139,0.63287,140.0,0.0031626079903456063,0.63339,0.6332,0.63298,0.63306,,,,,,,,,,,,
2020-02-26,0.0020602887613055633,0.62978,0.62936,,,,,,,,,,,,,,,,,,
2020-02-27,0.002062271301857366,0.63275,0.63165,,,,,,,,,,,,,,,,,,
2020-02-28,0.002056888706536855,0.62352,0.62308,114.0,-0.0037277503158670484,0.6212,0.62056,0.62073,0.62214,115.0,-0.004758545407782921,0.62056,0.62116,0.6203,0.62218,117.0,-0.005371083106062028,0.62018,0.61926,0.62078,0.62204
2020-03-02,0.0021406549422774202,0.6267,0.62602,160.0,-0.0032444469353138682,0.62467,0.6245,0.6246,0.62462,,,,,,,,,,,,
2020-03-03,0.0021112035270565675,0.62705,0.6296,60.0,0.005867450983535531,0.63074,0.63033,0.63119,0.6316,60.0,0.005867450983535531,0.63074,0.63033,0.63119,0.6316,60.0,0.005867450983535531,0.63074,0.63033,0.63119,0.6316
2020-03-04,0.002147883646267851,0.6286,0.62826,,,,,,,,,,,,,,,,,,
2020-03-05,0.0021288275261304337,0.62938,0.62993,,,,,,,,,,,,,,,,,,
2020-03-06,0.0021269524185655283,0.63497,0.63544,,,,,,,,,,,,,,,,,,
2020-03-09,0.0021103830485335096,0.63582,0.63718,70.0,0.0036735311880743554,0.63816,0.63783,0.63757,0.63959,81.0,0.004300136885623963,0.63856,0.63889,0.63947,0.64067,83.0,0.00578675369841316,0.63951,0.63941,0.63929,0.64057
2020-03-10,0.002461015795281906,0.63181,0.62459,115.0,-0.0037581808356378634,0.62944,0.62949,0.63002,0.63008,175.0,-0.005539125206632646,0.62832,0.62782,0.62628,,176.0,-0.006335214856522927,0.62782,0.62623,,
2020-03-11,0.0025965354752112042,0.63223,0.62949,166.0,-0.003914457569360784,0.62976,0.62965,0.62981,,,,,,,,,,,,,
2020-03-12,0.002605289320138683,0.61754,0.61615,125.0,-0.003991503084614908,0.61508,0.61462,0.61396,0.61324,128.0,-0.0052604355622253305,0.6143,0.61383,0.61264,0.61334,131.0,-0.006677685520478732,0.61343,0.61351,0.61225,0.61357
2020-03-13,0.00259798948968859,0.61385,0.60373,138.0,-0.004080972036649976,0.61135,0.61154,0.61249,0.61121,156.0,-0.005374029806981981,0.61056,0.61026,0.60966,0.60826,158.0,-0.00819509121538282,0.60884,0.60937,0.60926,0.60902
2020-03-16,0.0030497436268105203,0.60233,0.60932,34.0,-0.004692812978905926,0.59951,0.59883,0.59954,0.6035,102.0,0.006239521082744351,0.6061,0.60608,0.60627,0.60547,130.0,0.008546707340208567,0.6075,0.60811,0.60821,0.61001
2020-03-17,0.003117084846936491,0.5964,0.59201,40.0,0.005017571991979571,0.5994,0.60003,0.59934,0.59777,42.0,0.0063680110898509164,0.60021,0.59959,0.59921,0.59757,,,,,,
2020-03-18,0.0030747257743360536,0.58409,0.57467,112.0,-0.005132221462545538,0.5811,0.58146,0.58099,0.58119,119.0,-0.006682208856301615,0.5802,0.58074,0.58064,0.58161,147.0,-0.008528103129407407,0.57913,0.57952,0.57856,0.57894
2020-03-19,0.003208920254754139,0.57047,0.58157,23.0,0.006325595985583769,0.57409,0.57466,0.57413,0.57365,24.0,0.0073179790920544635,0.57466,0.57481,0.57411,0.57312,51.0,0.008361530042468337,0.57526,0.57647,0.57746,0.57733
2020-03-20,0.006486593684909202,0.57827,0.57089,144.0,-0.01063969286600332,0.57215,0.57138,0.5736,0.57286,175.0,-0.01301952145170828,0.57079,0.56959,0.57417,,,,,,,
2020-03-23,0.0070757215234821084,0.57212,0.57049,174.0,-0.01103740685896473,0.56584,0.56639,0.56669,,,,,,,,,,,,,
2020-03-24,0.006964759126795111,0.57788,0.57968,,,,,,,,,,,,,,,,,,
2020-03-25,0.007166789216315212,0.58508,0.58251,,,,,,,,,,,,,,,,,,
2020-03-26,0.007105714838064528,0.5902,0.59674,,,,,,,,,,,,,,,,,,
2020-03-27,0.006989943718671782,0.59158,0.60195,146.0,0.010827274568330679,0.59802,0.59846,0.59794,0.59748,169.0,0.014632606618708204,0.6003,0.60019,0.60052,,177.0,0.01767644520042236,0.60213,0.60244,,
2020-03-30,0.007235156431064456,0.59988,0.59869,,,,,,,,,,,,,,,,,,
2020-03-31,0.0070409521807348295,0.59471,0.59556,,,,,,,,,,,,,,,,,,
2020-04-01,0.006934285944220685,0.58951,0.59413,,,,,,,,,,,,,,,,,,
2020-04-02,0.006909533822525172,0.59424,0.59082,108.0,-0.0104032807538983,0.58809,0.58825,0.58831,0.58951,,,,,,,,,,,,
2020-04-03,0.0068280009636404815,0.58585,0.58549,,,,,,,,,,,,,,,,,,
2020-04-06,0.00672520007062724,0.59375,0.59464,,,,,,,,,,,,,,,,,,
2020-04-07,0.006582363997405781,0.59894,0.59818,,,,,,,,,,,,,,,,,,
2020-04-08,0.0065893071612535044,0.59773,0.60135,,,,,,,,,,,,,,,,,,
2020-04-09,0.006494686948312248,0.5997,0.60607,80.0,0.010054337846493972,0.60576,0.60612,0.60578,0.60559,,,,,,,,,,,,
2020-04-10,0.006444667831251825,0.60823,0.60772,,,,,,,,,,,,,,,,,,
2020-04-13,0.0064306087366533095,0.60764,0.60836,,,,,,,,,,,,,,,,,,
2020-04-14,0.0062458325149921815,0.6093,0.60791,,,,,,,,,,,,,,,,,,
2020-04-15,0.006191766214505733,0.59963,0.59947,,,,,,,,,,,,,,,,,,
2020-04-16,0.006125532156649165,0.59802,0.59461,,,,,,,,,,,,,,,,,,
2020-04-17,0.006191598312660474,0.60133,0.60319,,,,,,,,,,,,,,,,,,
2020-04-20,0.006147570282818435,0.60453,0.60724,,,,,,,,,,,,,,,,,,
2020-04-21,0.005975374043651262,0.59543,0.59502,,,,,,,,,,,,,,,,,,
2020-04-22,0.005895796606281494,0.5984,0.59461,,,,,,,,,,,,,,,,,,
2020-04-23,0.005820076888796328,0.59836,0.60233,145.0,0.009331948320843251,0.60397,0.60383,0.60315,0.60334,,,,,,,,,,,,
2020-04-24,0.005756969092124592,0.60025,0.6001,,,,,,,,,,,,,,,,,,
2020-04-27,0.00571437717509817,0.60589,0.60502,,,,,,,,,,,,,,,,,,
2020-04-28,0.005565138390511432,0.60651,0.60577,,,,,,,,,,,,,,,,,,
2020-04-29,0.005500326289576463,0.60793,0.61043,,,,,,,,,,,,,,,,,,
2020-04-30,0.005558785853917321,0.61379,0.61451,,,,,,,,,,,,,,,,,,
2020-05-01,0.005489718447931399,0.60719,0.60481,,,,,,,,,,,,,,,,,,
2020-05-04,0.005422449437207983,0.60444,0.60257,,,,,,,,,,,,,,,,,,
2020-05-05,0.00529625720527641,0.60497,0.60653,,,,,,,,,,,,,,,,,,
2020-05-06,0.005231451120345488,0.60562,0.60198,,,,,,,,,,,,,,,,,,
2020-05-07,0.005156624345924659,0.60572,0.60822,,,,,,,,,,,,,,,,,,
2020-05-08,0.005102491698265817,0.61314,0.61447,,,,,,,,,,,,,,,,,,
2020-05-11,0.00519914681651836,0.6072,0.60594,,,,,,,,,,,,,,,,,,
2020-05-12,0.005051765793192364,0.61169,0.61009,,,,,,,,,,,,,,,,,,
2020-05-13,0.005063857815906555,0.605,0.60097,,,,,,,,,,,,,,,,,,
2020-05-14,0.005014032591636632,0.59649,0.59747,,,,,,,,,,,,,,,,,,
2020-05-15,0.004972755892921574,0.59532,0.5928,,,,,,,,,,,,,,,,,,
2020-05-18,0.004901095351800119,0.59843,0.60372,101.0,0.007358850469864199,0.60285,0.60248,0.6024,0.60145,,,,,,,,,,,,
2020-05-19,0.00483478596589459,0.60853,0.61021,,,,,,,,,,,,,,,,,,
2020-05-20,0.004897322813084387,0.61359,0.6144,,,,,,,,,,,,,,,,,,
2020-05-21,0.004871009525485914,0.61234,0.61114,,,,,,,,,,,,,,,,,,
2020-05-22,0.004819938715746245,0.61022,0.60901,,,,,,,,,,,,,,,,,,
2020-05-25,0.0047586239590674505,0.61011,0.61008,,,,,,,,,,,,,,,,,,
2020-05-26,0.004627465570835603,0.61944,0.62018,,,,,,,,,,,,,,,,,,
2020-05-27,0.004578966968268128,0.6214,0.61638,102.0,-0.006879094416450583,0.61714,0.61714,0.61675,0.61652,,,,,,,,,,,,
2020-05-28,0.004596551279233265,0.61897,0.62233,,,,,,,,,,,,,,,,,,
2020-05-29,0.004534394359786127,0.62271,0.61861,,,,,,,,,,,,,,,,,,
2020-06-01,0.004477615118097023,0.62346,0.6282,148.0,0.006984820092614645,0.62783,0.62783,0.6278,0.62747,,,,,,,,,,,,
2020-06-02,0.004395510809394345,0.63206,0.6343,151.0,0.00667010790843718,0.63629,0.63633,0.63623,0.63583,,,,,,,,,,,,
2020-06-03,0.004343676305646522,0.63813,0.64329,154.0,0.006544597532759677,0.64232,0.64214,0.64238,0.6429,,,,,,,,,,,,
2020-06-04,0.004566832620542465,0.64347,0.64489,,,,,,,,,,,,,,,,,,
2020-06-05,0.0045060976038765604,0.65087,0.65128,,,,,,,,,,,,,,,,,,
2020-06-08,0.004488599556127079,0.65199,0.65408,,,,,,,,,,,,,,,,,,
2020-06-09,0.0043813614833043074,0.64976,0.65245,,,,,,,,,,,,,,,,,,
2020-06-10,0.004340637341701682,0.65561,0.65418,,,,,,,,,,,,,,,,,,
2020-06-11,0.004296067580870833,0.64763,0.64567,,,,,,,,,,,,,,,,,,
2020-06-12,0.004230438259780399,0.64551,0.64289,176.0,-0.006434188553043102,0.64137,0.6415,,,,,,,,,,,,,,
2020-06-15,0.004403417321986669,0.64437,0.64338,,,,,,,,,,,,,,,,,,
2020-06-16,0.004308037157434766,0.64607,0.64496,175.0,-0.00733252729944238,0.64135,0.6427,0.64165,,,,,,,,,,,,,
2020-06-17,0.004370169401242772,0.64554,0.64606,,,,,,,,,,,,,,,,,,
2020-06-18,0.004383990048158393,0.64415,0.64272,,,,,,,,,,,,,,,,,,
2020-06-19,0.0043224960408095,0.64411,0.64201,,,,,,,,,,,,,,,,,,
2020-06-22,0.004264983190526905,0.6461,0.64823,,,,,,,,,,,,,,,,,,
2020-06-23,0.004152746249891211,0.65007,0.65134,,,,,,,,,,,,,,,,,,
2020-06-24,0.0041534196808463986,0.64237,0.64146,,,,,,,,,,,,,,,,,,
2020-06-25,0.004094195130160816,0.64093,0.64264,,,,,,,,,,,,,,,,,,
2020-06-26,0.004100106844265753,0.64328,0.64162,,,,,,,,,,,,,,,,,,
2020-06-29,0.004051389171608251,0.64349,0.64075,,,,,,,,,,,,,,,,,,
2020-06-30,0.00394845403073099,0.64057,0.64445,,,,,,,,,,,,,,,,,,
2020-07-01,0.0038981690914531323,0.64533,0.64712,,,,,,,,,,,,,,,,,,
2020-07-02,0.003880429084014565,0.65284,0.65086,,,,,,,,,,,,,,,,,,
2020-07-03,0.0038399299567491232,0.65216,0.65317,,,,,,,,,,,,,,,,,,
2020-07-06,0.0037978710060256674,0.6543,0.65431,,,,,,,,,,,,,,,,,,
2020-07-07,0.00371537448522965,0.65385,0.65671,,,,,,,,,,,,,,,,,,
2020-07-08,0.0036658713975025042,0.65525,0.65606,,,,,,,,,,,,,,,,,,
2020-07-09,0.003616879851631037,0.65835,0.65633,,,,,,,,,,,,,,,,,,
2020-07-10,0.0035860130789158806,0.65671,0.65787,,,,,,,,,,,,,,,,,,
2020-07-13,0.0035459503936090568,0.65758,0.65794,,,,,,,,,,,,,,,,,,
2020-07-14,0.003457333959837803,0.6534,0.65302,,,,,,,,,,,,,,,,,,
2020-07-15,0.0034492853996146997,0.65742,0.65656,,,,,,,,,,,,,,,,,,
2020-07-16,0.0034160104175029013,0.65451,0.65641,,,,,,,,,,,,,,,,,,
2020-07-17,0.00337054598753661,0.65401,0.65501,,,,,,,,,,,,,,,,,,
2020-07-20,0.003330883000365085,0.65657,0.65684,,,,,,,,,,,,,,,,,,
2020-07-21,0.003250661225104647,0.66094,0.66284,,,,,,,,,,,,,,,,,,
2020-07-22,0.00323252166813676,0.66785,0.66663,,,,,,,,,,,,,,,,,,
2020-07-23,0.003284603889725741,0.66537,0.66551,,,,,,,,,,,,,,,,,,
2020-07-24,0.0032489451824083446,0.66262,0.66312,,,,,,,,,,,,,,,,,,
2020-07-27,0.0032146211862352355,0.66784,0.66806,,,,,,,,,,,,,,,,,,
2020-07-28,0.0031557601593569127,0.66397,0.66607,,,,,,,,,,,,,,,,,,
2020-07-29,0.0031161283962727053,0.66441,0.66534,,,,,,,,,,,,,,,,,,
2020-07-30,0.0030921667594408695,0.66303,0.66419,,,,,,,,,,,,,,,,,,
2020-07-31,0.0030516335608748316,0.66607,0.66408,,,,,,,,,,,,,,,,,,
2020-08-03,0.0030362156292615575,0.66255,0.66011,73.0,-0.004674708401781042,0.65946,0.6594,0.6592,0.65881,91.0,-0.006313754479882398,0.65838,0.65835,0.65792,0.6578,,,,,,
2020-08-04,0.0030328097387536954,0.66065,0.66109,,,,,,,,,,,,,,,,,,
2020-08-05,0.0029939398128212428,0.66559,0.66632,,,,,,,,,,,,,,,,,,
2020-08-06,0.002969682024859148,0.66423,0.66597,,,,,,,,,,,,,,,,,,
2020-08-07,0.0029395330097632096,0.66466,0.66062,86.0,-0.00455403033908106,0.66164,0.66144,0.66152,0.66122,126.0,-0.006096843707591386,0.66062,0.66069,0.66131,0.66035,,,,,,
2020-08-10,0.0029507663479435287,0.65855,0.65914,,,,,,,,,,,,,,,,,,
2020-08-11,0.003017231538119642,0.66061,0.65747,,,,,,,,,,,,,,,,,,
2020-08-12,0.002977817638071352,0.65431,0.65851,74.0,0.005015598473974982,0.6576,0.65757,0.65718,0.65736,142.0,0.006140269930122656,0.65834,0.65893,0.659,0.65901,148.0,0.0074457333272669205,0.6592,0.65917,0.65919,0.65887
2020-08-13,0.003036766065413257,0.65569,0.65566,,,,,,,,,,,,,,,,,,
2020-08-14,0.0030111177753192222,0.65394,0.65511,,,,,,,,,,,,,,,,,,
2020-08-17,0.0029977971676173987,0.65214,0.65456,145.0,0.004513367973109199,0.65509,0.6551,0.65481,0.65493,,,,,,,,,,,,
2020-08-18,0.002922220466930726,0.65643,0.65854,88.0,0.004559763497422104,0.65943,0.65945,0.65945,0.65991,,,,,,,,,,,,
2020-08-19,0.00288494797091732,0.66395,0.66066,164.0,-0.0043773654802308935,0.66105,0.66059,0.66121,0.66083,,,,,,,,,,,,
2020-08-20,0.002944046213320406,0.65264,0.65176,61.0,-0.004561133906633616,0.64967,0.64975,0.64954,0.64897,,,,,,,,,,,,
2020-08-21,0.0029503394011143815,0.65195,0.65293,,,,,,,,,,,,,,,,,,
2020-08-24,0.002922385387592481,0.65575,0.65342,,,,,,,,,,,,,,,,,,
2020-08-25,0.002849431272740816,0.6538,0.653,,,,,,,,,,,,,,,,,,
2020-08-26,0.002813315085684648,0.65599,0.65988,137.0,0.00428963237636303,0.65881,0.65888,0.65894,0.65931,,,,,,,,,,,,
2020-08-27,0.0027904704797282525,0.66312,0.66377,74.0,0.004213573921998671,0.66592,0.66598,0.66686,0.66528,77.0,0.005654150401622004,0.66688,0.66678,0.66656,0.66424,,,,,,
2020-08-28,0.0028871538444835507,0.67139,0.67386,,,,,,,,,,,,,,,,,,
2020-08-31,0.002869614557922327,0.67345,0.67541,,,,,,,,,,,,,,,,,,
2020-09-01,0.002945851971020704,0.67623,0.67628,,,,,,,,,,,,,,,,,,
2020-09-02,0.002920032459731608,0.6756,0.67553,,,,,,,,,,,,,,,,,,
2020-09-03,0.0028883720925323157,0.67203,0.67041,,,,,,,,,,,,,,,,,,
2020-09-04,0.0028550955868386694,0.67161,0.67032,98.0,-0.004506797659538343,0.66859,0.66862,0.66845,0.66748,108.0,-0.006093481823213934,0.66753,0.66778,0.66748,0.66794,138.0,-0.007217658482289752,0.66678,0.66682,0.66769,0.66769
2020-09-07,0.0029218014457369043,0.66999,0.66936,,,,,,,,,,,,,,,,,,
2020-09-08,0.00285757580361851,0.66613,0.66317,108.0,-0.004483637747118978,0.66315,0.66324,0.66371,0.66367,,,,,,,,,,,,
2020-09-09,0.0028309924879966067,0.66352,0.66755,49.0,0.00463116937556808,0.6666,0.66671,0.66602,0.66642,77.0,0.005890502095748031,0.66744,0.66739,0.66728,0.6672,158.0,0.007088393949579584,0.66824,0.66816,0.66812,0.66763
2020-09-10,0.002896542490313443,0.6673,0.66667,75.0,0.004500572036190925,0.67031,0.67043,0.67003,0.66973,,,,,,,,,,,,
2020-09-11,0.0029425263109557802,0.66846,0.66671,,,,,,,,,,,,,,,,,,
2020-09-14,0.0029180595525135403,0.66897,0.67114,,,,,,,,,,,,,,,,,,
2020-09-15,0.002862108968427699,0.67264,0.6714,,,,,,,,,,,,,,,,,,
2020-09-16,0.0028350829070269926,0.67487,0.67531,,,,,,,,,,,,,,,,,,
2020-09-17,0.00280548526241213,0.67289,0.6729,,,,,,,,,,,,,,,,,,
2020-09-18,0.002791290874792886,0.67712,0.67768,,,,,,,,,,,,,,,,,,
2020-09-21,0.002900537188748856,0.67104,0.66632,87.0,-0.0044357892478800055,0.66807,0.66848,0.66854,0.66799,132.0,-0.006023709406569735,0.66701,0.66688,0.66684,0.66625,148.0,-0.007388938294421287,0.6661,0.6661,0.66597,0.6661
2020-09-22,0.002842195625481952,0.6667,0.66345,170.0,-0.004524996634009336,0.66369,0.66379,0.66443,,,,,,,,,,,,,
2020-09-23,0.003019422217790025,0.65872,0.65669,,,,,,,,,,,,,,,,,,
2020-09-24,0.0030506811300332433,0.65177,0.65401,,,,,,,,,,,,,,,,,,
2020-09-25,0.0031393088427583396,0.65502,0.65401,,,,,,,,,,,,,,,,,,
2020-09-28,0.0031024860020805738,0.6563,0.65495,,,,,,,,,,,,,,,,,,
2020-09-29,0.003029424583921108,0.65933,0.65785,,,,,,,,,,,,,,,,,,
2020-09-30,0.0029909646309033825,0.65765,0.66058,173.0,0.0047026785696108716,0.66075,0.66095,0.66104,,,,,,,,,,,,,
2020-10-01,0.002984595598762219,0.6651,0.66472,,,,,,,,,,,,,,,,,,
2020-10-02,0.002961902143616345,0.66354,0.662,,,,,,,,,,,,,,,,,,
2020-10-05,0.002925578880517696,0.66452,0.66395,,,,,,,,,,,,,,,,,,
2020-10-06,0.002854906449355958,0.66495,0.66322,,,,,,,,,,,,,,,,,,
2020-10-07,0.002818015278186903,0.65884,0.65909,,,,,,,,,,,,,,,,,,
2020-10-08,0.0028715608307113873,0.65853,0.65761,,,,,,,,,,,,,,,,,,
2020-10-09,0.002839022964677978,0.66169,0.6664,125.0,0.004297903662400815,0.66454,0.66462,0.66461,0.66453,169.0,0.006162117323946365,0.66578,0.66595,0.66593,,,,,,,
2020-10-12,0.002838448800442615,0.66471,0.66439,,,,,,,,,,,,,,,,,,
2020-10-13,0.0028372518340770226,0.66539,0.66466,,,,,,,,,,,,,,,,,,
2020-10-14,0.002810674326170437,0.66638,0.66656,,,,,,,,,,,,,,,,,,
2020-10-15,0.00278495726533286,0.65919,0.65851,,,,,,,,,,,,,,,,,,
2020-10-16,0.002758892460516606,0.66096,0.66068,,,,,,,,,,,,,,,,,,
2020-10-19,0.002775689641153367,0.6642,0.66302,,,,,,,,,,,,,,,,,,
2020-10-20,0.0027194550028427525,0.65566,0.65823,173.0,0.004124721417585813,0.65837,0.65813,0.65848,,,,,,,,,,,,,
2020-10-21,0.0027309692563468263,0.66306,0.66659,125.0,0.0047244419308335815,0.6662,0.66562,0.665,0.66616,154.0,0.005729640542182076,0.66687,0.66688,0.66663,0.66722,,,,,,
2020-10-22,0.0027116804189368246,0.66683,0.66714,,,,,,,,,,,,,,,,,,
2020-10-23,0.00272308420860686,0.6693,0.66728,127.0,-0.004087229746140179,0.66657,0.66651,0.66675,0.66653,,,,,,,,,,,,
2020-10-26,0.0027061287666687553,0.66813,0.668,,,,,,,,,,,,,,,,,,
2020-10-27,0.00264297194280254,0.67049,0.67181,,,,,,,,,,,,,,,,,,
2020-10-28,0.002612684441731438,0.66452,0.66546,,,,,,,,,,,,,,,,,,
2020-10-29,0.0025834110508559226,0.6622,0.66068,,,,,,,,,,,,,,,,,,
2020-10-30,0.0026216561997543216,0.66655,0.66216,89.0,-0.003953495269493488,0.66392,0.66395,0.66372,0.66345,107.0,-0.005249671730940104,0.66306,0.66296,0.66337,0.66376,149.0,-0.0066079369825456395,0.66216,0.66193,0.66196,0.66144
2020-11-02,0.0025973773704685158,0.66316,0.66185,,,,,,,,,,,,,,,,,,
2020-11-03,0.002555981980765972,0.66743,0.66979,107.0,0.0042610196711054754,0.67028,0.67018,0.67074,0.67115,113.0,0.005260102685548906,0.67095,0.67101,0.6715,0.67156,,,,,,
2020-11-04,0.0025459605771832572,0.66622,0.66893,161.0,0.0038800674881516164,0.66881,0.66885,0.66876,0.66978,170.0,0.005120308223916074,0.66964,0.66958,0.66978,,178.0,0.006523063225539877,0.67058,0.66995,,
2020-11-05,0.0025373014180857835,0.67591,0.67615,,,,,,,,,,,,,,,,,,
2020-11-06,0.002557343212521955,0.67927,0.67818,43.0,-0.003923656094307053,0.67661,0.67652,0.67706,0.67678,,,,,,,,,,,,
2020-11-09,0.0027058592024865775,0.68454,0.68174,59.0,-0.00426009120531152,0.68163,0.68125,0.68224,0.68183,106.0,-0.005419749896560727,0.68084,0.68097,0.68117,0.68158,,,,,,
2020-11-10,0.00267551300961873,0.68177,0.68264,,,,,,,,,,,,,,,,,,
2020-11-11,0.0026556593760809007,0.68763,0.68755,,,,,,,,,,,,,,,,,,
2020-11-12,0.002695674768141799,0.68784,0.68516,,,,,,,,,,,,,,,,,,
2020-11-13,0.002666860618763009,0.684,0.6844,,,,,,,,,,,,,,,,,,
2020-11-16,0.0027061706717275828,0.68745,0.68933,,,,,,,,,,,,,,,,,,
2020-11-17,0.0026798765297078413,0.68846,0.68906,,,,,,,,,,,,,,,,,,
2020-11-18,0.0026637943703382307,0.69156,0.69369,,,,,,,,,,,,,,,,,,
2020-11-19,0.0026328549378747466,0.68972,0.69047,,,,,,,,,,,,,,,,,,
2020-11-20,0.0026039111104604338,0.69407,0.69413,,,,,,,,,,,,,,,,,,
2020-11-23,0.002582737253864159,0.69636,0.69189,52.0,-0.003956925096398255,0.69361,0.69362,0.69367,0.69286,69.0,-0.005240890850971443,0.69272,0.69256,0.69225,0.69166,82.0,-0.006801178953928516,0.69164,0.69156,0.69144,0.69206
2020-11-24,0.0025366741186807554,0.69628,0.69674,,,,,,,,,,,,,,,,,,
2020-11-25,0.0025195830437261266,0.69839,0.70096,,,,,,,,,,,,,,,,,,
2020-11-26,0.002493729452058898,0.69966,0.70007,,,,,,,,,,,,,,,,,,
2020-11-27,0.002470125956484038,0.70273,0.70304,,,,,,,,,,,,,,,,,,
2020-12-01,0.002450155126936337,0.70409,0.70627,,,,,,,,,,,,,,,,,,
2020-12-02,0.002372479008673017,0.70382,0.70588,,,,,,,,,,,,,,,,,,
2020-12-03,0.002372904297599492,0.70772,0.70782,57.0,0.003737425811728219,0.71037,0.71006,0.70983,0.71005,,,,,,,,,,,,
2020-12-04,0.002345962282431401,0.70385,0.70362,,,,,,,,,,,,,,,,,,
2020-12-07,0.002319044123435045,0.70426,0.70596,,,,,,,,,,,,,,,,,,
2020-12-08,0.0022784207137321127,0.70365,0.70465,,,,,,,,,,,,,,,,,,
2020-12-09,0.002252882998294263,0.70742,0.70263,117.0,-0.0035686001392460235,0.7049,0.70522,0.70505,0.70426,139.0,-0.004533741578988407,0.70422,0.7042,0.70419,0.70397,,,,,,
2020-12-10,0.002242057232937188,0.70493,0.70799,62.0,0.003398810856899839,0.70733,0.70753,0.7081,0.70811,67.0,0.0044868195552573206,0.7081,0.70852,0.70817,0.70805,,,,,,
2020-12-11,0.0022318748538365193,0.70883,0.70785,,,,,,,,,,,,,,,,,,
2020-12-14,0.0022964321113095117,0.71123,0.70887,117.0,-0.003845806406536166,0.7085,0.70842,0.70855,0.70843,150.0,-0.00482016944088531,0.70781,0.70772,0.70804,0.70792,,,,,,
2020-12-15,0.002251464000421145,0.70726,0.70919,,,,,,,,,,,,,,,,,,
2020-12-16,0.002230376866688872,0.70936,0.70775,,,,,,,,,,,,,,,,,,
2020-12-17,0.00224271262277973,0.71581,0.71504,,,,,,,,,,,,,,,,,,
2020-12-18,0.0022286991021591993,0.71281,0.71244,,,,,,,,,,,,,,,,,,
2020-12-21,0.0022039397400621798,0.70374,0.70933,115.0,0.003347900760832436,0.7061,0.70604,0.70613,0.70693,123.0,0.004437803697515858,0.70687,0.70711,0.70677,0.70703,144.0,0.005823237079037546,0.70785,0.70791,0.70776,0.70825
2020-12-22,0.002198968563265084,0.70653,0.704,43.0,-0.003317457959166128,0.70419,0.70407,0.70454,0.70398,117.0,-0.004525247638005733,0.70334,0.70319,0.7038,0.70422,,,,,,
2020-12-23,0.0022172142764359274,0.70726,0.70921,30.0,0.0035708022839802318,0.70979,0.70948,0.70992,0.70957,,,,,,,,,,,,
2020-12-24,0.0021929268747795084,0.71077,0.71135,,,,,,,,,,,,,,,,,,
2020-12-28,0.002211511332734322,0.71063,0.70931,,,,,,,,,,,,,,,,,,
2020-12-29,0.0021510511418258308,0.71539,0.71527,,,,,,,,,,,,,,,,,,
2020-12-30,0.0021269900339653124,0.71947,0.7207,,,,,,,,,,,,,,,,,,
2020-12-31,0.0022210816590810425,0.72329,0.71852,109.0,-0.003365304564439682,0.72086,0.72094,0.72057,0.71975,118.0,-0.004920212555076243,0.71974,0.72029,0.71999,0.71932,128.0,-0.00557343944955605,0.71927,0.71955,0.71932,0.71956
2021-01-04,0.0022307138022178716,0.72136,0.71638,82.0,-0.003457784494040937,0.71887,0.71876,0.71856,0.71822,127.0,-0.004613041388781819,0.71804,0.71814,0.71841,0.71877,173.0,-0.005602333429031148,0.71733,0.71707,0.71629,
2021-01-05,0.0023750642317043867,0.71921,0.72537,95.0,0.003871751493926469,0.722,0.7222,0.72218,0.72227,146.0,0.0049238294447302815,0.72276,0.72302,0.72306,0.72387,155.0,0.006113005320152698,0.72362,0.72374,0.72401,0.7237
2021-01-06,0.0023505539040095777,0.72718,0.72906,,,,,,,,,,,,,,,,,,
2021-01-07,0.0024201630847039196,0.72439,0.72456,,,,,,,,,,,,,,,,,,
2021-01-08,0.002422021616180627,0.72756,0.72354,52.0,-0.0036627555648076075,0.7249,0.7252,0.72491,0.72482,78.0,-0.004918889736008062,0.72399,0.72399,0.72309,0.72328,83.0,-0.006162774132231658,0.72309,0.72317,0.72303,0.7236
2021-01-11,0.002421681187764688,0.71658,0.71792,,,,,,,,,,,,,,,,,,
2021-01-12,0.00245550443809565,0.71661,0.71898,,,,,,,,,,,,,,,,,,
2021-01-13,0.0024414487080538293,0.71776,0.71971,,,,,,,,,,,,,,,,,,
2021-01-14,0.002541447581789838,0.71832,0.72314,144.0,0.00402907029061011,0.72122,0.72128,0.7216,0.72132,170.0,0.00517923636002106,0.72205,0.72195,0.72208,,,,,,,
2021-01-15,0.002525970248537872,0.71614,0.71509,66.0,-0.004001628375757577,0.71328,0.71279,0.71305,0.71228,81.0,-0.005404586040148,0.71228,0.71221,0.7127,0.71347,,,,,,
2021-01-18,0.002484430737711343,0.71115,0.71081,,,,,,,,,,,,,,,,,,
2021-01-19,0.002597308205622577,0.71272,0.71155,,,,,,,,,,,,,,,,,,
2021-01-20,0.002558659079457677,0.71432,0.71596,94.0,0.00413523919816848,0.71728,0.71712,0.71705,0.71711,,,,,,,,,,,,
2021-01-21,0.00251535897670592,0.72022,0.71857,,,,,,,,,,,,,,,,,,
2021-01-22,0.002689377545876616,0.71731,0.71761,,,,,,,,,,,,,,,,,,
2021-01-25,0.0026446078308171484,0.72093,0.7196,124.0,-0.004128188003082816,0.71796,0.71757,0.7171,0.71818,129.0,-0.005326744304494493,0.7171,0.71745,0.71794,0.71828,,,,,,
2021-01-26,0.002584049238102337,0.72406,0.72355,,,,,,,,,,,,,,,,,,
2021-01-27,0.0025597071006775106,0.71855,0.71936,41.0,-0.003890377280915487,0.71576,0.71564,0.7159,0.71646,50.0,-0.005442380165131671,0.71465,0.71503,0.71604,0.71702,,,,,,
2021-01-28,0.0025945786034362577,0.71473,0.718,,,,,,,,,,,,,,,,,,
2021-01-29,0.002841610724808773,0.7218,0.71824,,,,,,,,,,,,,,,,,,
2021-02-01,0.0028005152357327636,0.71701,0.71612,,,,,,,,,,,,,,,,,,
2021-02-02,0.002720218274772888,0.71709,0.71508,50.0,-0.004150340290057573,0.71412,0.71382,0.71389,0.71385,,,,,,,,,,,,
2021-02-03,0.0026887598341366345,0.72038,0.71979,,,,,,,,,,,,,,,,,,
2021-02-04,0.0027204386193508882,0.71903,0.71496,88.0,-0.004181015943893899,0.71603,0.71601,0.7158,0.71585,,,,,,,,,,,,
2021-02-05,0.0026889731318638097,0.71631,0.72032,66.0,0.004054257293086063,0.71922,0.71932,0.71948,0.71901,,,,,,,,,,,,
2021-02-08,0.0027338233544357336,0.71948,0.72208,77.0,0.0043409286730419026,0.72261,0.72262,0.72267,0.72302,,,,,,,,,,,,
2021-02-09,0.0027383040263174803,0.72286,0.72332,,,,,,,,,,,,,,,,,,
2021-02-10,0.002784369699898998,0.72224,0.72203,,,,,,,,,,,,,,,,,,
2021-02-11,0.0027369737733902557,0.72445,0.72264,,,,,,,,,,,,,,,,,,
2021-02-12,0.0026922566966514775,0.71806,0.72218,109.0,0.004072136546809029,0.72099,0.7209,0.72111,0.72138,150.0,0.005388901930112156,0.72194,0.7219,0.72227,0.72232,,,,,,
2021-02-15,0.0026449622465095305,0.72188,0.723,,,,,,,,,,,,,,,,,,
2021-02-16,0.002578861538531267,0.72106,0.72054,,,,,,,,,,,,,,,,,,
2021-02-17,0.002543214917560504,0.71614,0.71872,,,,,,,,,,,,,,,,,,
2021-02-18,0.0026198486272719164,0.72101,0.7206,83.0,-0.004113802307659211,0.71805,0.71824,0.71872,0.71987,,,,,,,,,,,,
2021-02-19,0.002580086882785803,0.72964,0.73027,,,,,,,,,,,,,,,,,,
2021-02-22,0.0025743828667733355,0.73277,0.73362,,,,,,,,,,,,,,,,,,
2021-02-23,0.0026764485656176526,0.73223,0.73308,,,,,,,,,,,,,,,,,,
2021-02-24,0.0026361741000314517,0.73712,0.74033,169.0,0.0040346110158137344,0.7401,0.73997,0.73993,,,,,,,,,,,,,
2021-02-25,0.00264755988940657,0.74303,0.74043,,,,,,,,,,,,,,,,,,
2021-02-26,0.002748068763088355,0.73036,0.7244,117.0,-0.0044460374580173306,0.72712,0.72676,0.72757,0.72553,131.0,-0.005780958214719244,0.72615,0.72553,0.72597,0.72519,141.0,-0.007393495001260504,0.72498,0.725,0.72519,0.72608
2021-03-01,0.0029361331395299905,0.72625,0.72628,,,,,,,,,,,,,,,,,,
2021-03-02,0.0032226904795098514,0.72549,0.72899,,,,,,,,,,,,,,,,,,
2021-03-03,0.0031662305509621512,0.72564,0.72539,,,,,,,,,,,,,,,,,,
2021-03-04,0.003146860702735266,0.72536,0.72126,,,,,,,,,,,,,,,,,,
2021-03-05,0.0031064776950910328,0.71342,0.71588,15.0,0.004782356380257199,0.71684,0.71697,0.71732,0.71618,,,,,,,,,,,,
2021-03-08,0.003247962021193885,0.71332,0.71387,,,,,,,,,,,,,,,,,,
2021-03-09,0.003106548611412427,0.71633,0.71598,,,,,,,,,,,,,,,,,,
2021-03-10,0.003086449266889344,0.71837,0.71751,,,,,,,,,,,,,,,,,,
2021-03-11,0.0030314972918567135,0.72226,0.72147,78.0,-0.005080310192398747,0.7186,0.71859,0.71862,0.7193,,,,,,,,,,,,
2021-03-12,0.0030946658983283435,0.71662,0.71796,,,,,,,,,,,,,,,,,,
2021-03-15,0.0030329686073590654,0.71882,0.71852,,,,,,,,,,,,,,,,,,
2021-03-16,0.0029969975128884808,0.71944,0.71898,,,,,,,,,,,,,,,,,,
2021-03-17,0.0029341707264713564,0.71676,0.71565,,,,,,,,,,,,,,,,,,
2021-03-18,0.002877878656952212,0.72101,0.71817,60.0,-0.004671021796897578,0.71765,0.71764,0.71784,0.71769,,,,,,,,,,,,
2021-03-19,0.002924402880155588,0.71554,0.71723,,,,,,,,,,,,,,,,,,
2021-03-22,0.0030491429491808033,0.71708,0.71748,,,,,,,,,,,,,,,,,,
2021-03-23,0.0029226377273873353,0.70355,0.70165,,,,,,,,,,,,,,,,,,
2021-03-24,0.0029684425700581686,0.6982,0.69796,,,,,,,,,,,,,,,,,,
2021-03-25,0.003329549117653564,0.69652,0.69477,,,,,,,,,,,,,,,,,,
2021-03-26,0.003253413699094543,0.69865,0.69944,,,,,,,,,,,,,,,,,,
2021-03-29,0.0031809499702061925,0.7003,0.70126,,,,,,,,,,,,,,,,,,
2021-03-30,0.0030626961435758077,0.69823,0.69878,,,,,,,,,,,,,,,,,,
2021-03-31,0.0030275056343628402,0.69964,0.69913,,,,,,,,,,,,,,,,,,
2021-04-01,0.003023032844920432,0.69825,0.70113,173.0,0.004572416339495268,0.70145,0.70131,0.70109,,,,,,,,,,,,,
2021-04-02,0.0029682578653571715,0.70329,0.70172,,,,,,,,,,,,,,,,,,
2021-04-05,0.003100431274700878,0.70459,0.70678,,,,,,,,,,,,,,,,,,
2021-04-06,0.002992960751737344,0.70181,0.70453,,,,,,,,,,,,,,,,,,
2021-04-07,0.0029431047300140308,0.70308,0.70203,,,,,,,,,,,,,,,,,,
2021-04-08,0.002882078994352198,0.70435,0.70456,,,,,,,,,,,,,,,,,,
2021-04-09,0.0028600491515904003,0.70508,0.7047,,,,,,,,,,,,,,,,,,
2021-04-12,0.002833641074733107,0.70427,0.70282,,,,,,,,,,,,,,,,,,
2021-04-13,0.002733204597286396,0.70175,0.70417,,,,,,,,,,,,,,,,,,
2021-04-14,0.0026818000293894555,0.71074,0.71452,160.0,0.0040719527191133585,0.71364,0.71351,0.71418,0.71452,168.0,0.005570185225365088,0.71471,0.71468,0.71429,,,,,,,
2021-04-15,0.0027756573639437085,0.71571,0.71657,,,,,,,,,,,,,,,,,,
2021-04-16,0.002869308359311274,0.71678,0.71372,,,,,,,,,,,,,,,,,,
2021-04-19,0.0028149818379910375,0.71873,0.71757,,,,,,,,,,,,,,,,,,
2021-04-20,0.002711468300924178,0.72017,0.71837,,,,,,,,,,,,,,,,,,
2021-04-21,0.0028217990654268955,0.71831,0.72118,,,,,,,,,,,,,,,,,,
2021-04-22,0.0028107667164774235,0.71844,0.71662,,,,,,,,,,,,,,,,,,
2021-04-23,0.0028032109509457423,0.71803,0.71806,,,,,,,,,,,,,,,,,,
2021-04-26,0.0027926729565026726,0.72189,0.72307,,,,,,,,,,,,,,,,,,
2021-04-27,0.0027211446004600814,0.72266,0.72125,,,,,,,,,,,,,,,,,,
2021-04-28,0.002670034124986482,0.72177,0.72398,,,,,,,,,,,,,,,,,,
2021-04-29,0.0026368982740611556,0.7262,0.72298,124.0,-0.004015210742487222,0.72329,0.72328,0.72349,0.72254,140.0,-0.005412583632555531,0.72228,0.7223,0.72275,0.72271,,,,,,
2021-04-30,0.0027338363130601914,0.72194,0.71685,172.0,-0.00420585691297478,0.71891,0.71831,0.71767,,176.0,-0.006071529095924427,0.71757,0.71767,,,,,,,,
2021-05-03,0.0026852634330950275,0.71729,0.71942,153.0,0.0040487293478349146,0.7202,0.72009,0.71998,0.71976,,,,,,,,,,,,
2021-05-04,0.0028627241888255564,0.71245,0.71292,,,,,,,,,,,,,,,,,,
2021-05-05,0.0028081935387247485,0.71899,0.72113,,,,,,,,,,,,,,,,,,
2021-05-06,0.0027555857280615616,0.7213,0.72182,,,,,,,,,,,,,,,,,,
2021-05-07,0.0027173138008139705,0.721,0.72924,30.0,0.004276556767260393,0.72409,0.72475,0.72528,0.72527,32.0,0.0059737995008756735,0.72532,0.725,0.72669,0.72548,37.0,0.007860839406301157,0.72669,0.72618,0.72559,0.72753
2021-05-10,0.0027199478806985734,0.72924,0.73028,,,,,,,,,,,,,,,,,,
2021-05-11,0.002702168303336472,0.72793,0.72711,,,,,,,,,,,,,,,,,,
2021-05-12,0.0026526072762696096,0.72314,0.71627,31.0,-0.005060213344260296,0.71949,0.72017,0.72022,0.72269,131.0,-0.005491166940008776,0.71918,0.71927,0.7192,0.71967,152.0,-0.006896531209300586,0.71817,0.71808,0.71857,0.7182
2021-05-13,0.0026303039348954437,0.71497,0.71774,97.0,0.004284694031083154,0.71804,0.71802,0.71757,0.71799,120.0,0.005592957150693881,0.71898,0.71913,0.719,0.71918,,,,,,
2021-05-14,0.0027598821509332693,0.7227,0.72416,,,,,,,,,,,,,,,,,,
2021-05-17,0.0027071209739003292,0.71936,0.72105,,,,,,,,,,,,,,,,,,
2021-05-18,0.0027865547392485527,0.72573,0.72365,,,,,,,,,,,,,,,,,,
2021-05-19,0.002738732011514688,0.7187,0.71838,,,,,,,,,,,,,,,,,,
2021-05-20,0.0026884008524067204,0.71837,0.72086,123.0,0.004111973564936403,0.72133,0.72123,0.72106,0.7212,,,,,,,,,,,,
2021-05-21,0.0027710253544811834,0.72086,0.71635,136.0,-0.004253964959801618,0.7178,0.71782,0.71754,0.71736,157.0,-0.005578329981031626,0.71685,0.71653,0.71667,0.71687,,,,,,
2021-05-24,0.002735869028016665,0.71782,0.7206,102.0,0.004198357410266532,0.72084,0.7207,0.72034,0.72089,,,,,,,,,,,,
2021-05-25,0.002653044146766634,0.72432,0.72151,,,,,,,,,,,,,,,,,,
2021-05-26,0.0027128258064165554,0.73043,0.72894,,,,,,,,,,,,,,,,,,
2021-05-27,0.00279478458796015,0.7303,0.72898,,,,,,,,,,,,,,,,,,
2021-05-28,0.0027430649364696674,0.72258,0.72493,160.0,0.004156976507609572,0.72559,0.72578,0.72529,0.72532,,,,,,,,,,,,
2021-06-01,0.0027082222941711767,0.72571,0.7254,,,,,,,,,,,,,,,,,,
2021-06-02,0.0026155336470574534,0.72293,0.72417,,,,,,,,,,,,,,,,,,
2021-06-03,0.0025792950783349224,0.72093,0.71434,70.0,-0.003905359190395518,0.71812,0.71805,0.718,0.71814,95.0,-0.005187303462045842,0.7172,0.71711,0.71688,0.716,109.0,-0.006708258747539043,0.71611,0.716,0.71634,0.71693
2021-06-04,0.002605035567037825,0.7153,0.72017,32.0,0.004004274710805,0.71817,0.71816,0.71695,0.71751,64.0,0.005576481758972356,0.7193,0.71931,0.71904,0.71936,85.0,0.006729716153125789,0.72013,0.7199,0.72025,0.7201
2021-06-07,0.0027700633883437917,0.72261,0.72405,,,,,,,,,,,,,,,,,,
2021-06-08,0.0028037353496295726,0.7213,0.71942,,,,,,,,,,,,,,,,,,
2021-06-09,0.0027602444559375917,0.7205,0.71728,165.0,-0.004311850341394581,0.7174,0.7174,0.71723,0.71741,,,,,,,,,,,,
2021-06-10,0.0027252414554283333,0.71831,0.71992,,,,,,,,,,,,,,,,,,
2021-06-11,0.0026924909701941707,0.71648,0.71224,130.0,-0.004041765695694662,0.71359,0.71353,0.71302,0.71273,150.0,-0.005486214286775952,0.71256,0.71255,0.71269,0.7121,,,,,,
2021-06-14,0.0026497714109334205,0.71413,0.71443,,,,,,,,,,,,,,,,,,
2021-06-15,0.0027272516143975536,0.71242,0.711,,,,,,,,,,,,,,,,,,
2021-06-16,0.0026761491482876973,0.71432,0.71449,,,,,,,,,,,,,,,,,,
2021-06-17,0.0026273067241751424,0.70092,0.69999,,,,,,,,,,,,,,,,,,
2021-06-18,0.002660936840434732,0.69806,0.69382,25.0,-0.004148638982839645,0.69517,0.69517,0.69573,0.69634,95.0,-0.005400915194192283,0.6943,0.69417,0.69411,0.694,140.0,-0.006972075364895437,0.69321,0.69339,0.69257,0.69387
2021-06-21,0.0028894507624759296,0.69711,0.69878,,,,,,,,,,,,,,,,,,
2021-06-22,0.003028425959594658,0.69878,0.70015,,,,,,,,,,,,,,,,,,
2021-06-23,0.002965685729214592,0.70478,0.70566,,,,,,,,,,,,,,,,,,
2021-06-24,0.002933360920472354,0.70609,0.70499,,,,,,,,,,,,,,,,,,
2021-06-25,0.0029518044346432855,0.70717,0.70716,,,,,,,,,,,,,,,,,,
2021-06-28,0.002899656170059329,0.70339,0.70514,,,,,,,,,,,,,,,,,,
2021-06-29,0.0027863872326137277,0.69857,0.69935,,,,,,,,,,,,,,,,,,
2021-06-30,0.002777958629253267,0.699,0.69773,,,,,,,,,,,,,,,,,,
2021-07-01,0.002757576306696343,0.69992,0.69788,,,,,,,,,,,,,,,,,,
2021-07-02,0.0027097353658255,0.69606,0.70044,44.0,0.004458053726969133,0.69917,0.69897,0.69829,0.69928,62.0,0.005701612752586227,0.70004,0.69932,0.6996,0.69966,,,,,,
2021-07-05,0.0026845803472124873,0.70201,0.70235,,,,,,,,,,,,,,,,,,
2021-07-06,0.002740653237414646,0.70895,0.70064,124.0,-0.004453090942397193,0.7058,0.70587,0.70578,0.70407,137.0,-0.005714867094943328,0.70491,0.70451,0.70384,0.70157,139.0,-0.006907219150358265,0.70407,0.70397,0.7035,0.70085
2021-07-07,0.0028126437594602123,0.70529,0.70123,123.0,-0.00440504307386652,0.70219,0.7015,0.70147,0.70077,129.0,-0.005915746550759183,0.70113,0.70095,0.70087,0.70057,140.0,-0.007257338965039854,0.70019,0.70035,0.7007,0.6993
2021-07-08,0.0029461701028245736,0.69517,0.69501,,,,,,,,,,,,,,,,,,
2021-07-09,0.0028886717696423713,0.69768,0.6983,,,,,,,,,,,,,,,,,,
2021-07-12,0.0029628112787055925,0.69607,0.69842,166.0,0.004615304603508973,0.69929,0.69894,0.69881,,,,,,,,,,,,,
2021-07-13,0.0029941052801958678,0.69744,0.69703,31.0,-0.00508863058457928,0.6939,0.69345,0.69432,0.69433,51.0,-0.006069079362583329,0.69322,0.69242,0.69209,0.69295,53.0,-0.007859435024180008,0.69198,0.69224,0.69223,0.69292
2021-07-14,0.002950354074353184,0.70163,0.70253,,,,,,,,,,,,,,,,,,
2021-07-15,0.0028902673060571685,0.69986,0.69932,,,,,,,,,,,,,,,,,,
2021-07-16,0.0028367215000211898,0.7005,0.70093,,,,,,,,,,,,,,,,,,
2021-07-19,0.00278188553948447,0.69362,0.69427,104.0,0.004315808287128623,0.69662,0.69619,0.69559,0.69482,,,,,,,,,,,,
2021-07-20,0.002690827382022499,0.69134,0.6913,75.0,-0.004072853072226348,0.68853,0.6885,0.68835,0.68856,,,,,,,,,,,,
2021-07-21,0.0027021205032869452,0.6921,0.69682,140.0,0.004325266258622614,0.6951,0.69508,0.69493,0.69461,,,,,,,,,,,,
2021-07-22,0.0026862096745109807,0.69713,0.69553,,,,,,,,,,,,,,,,,,
2021-07-23,0.002704731933094073,0.69811,0.69742,,,,,,,,,,,,,,,,,,
2021-07-26,0.002696236831833908,0.69789,0.7002,170.0,0.0040896928248352876,0.70075,0.70063,0.70056,,,,,,,,,,,,,
2021-07-27,0.0026056074732019132,0.69649,0.69607,,,,,,,,,,,,,,,,,,
2021-07-28,0.002586155492699811,0.69401,0.6932,,,,,,,,,,,,,,,,,,
2021-07-29,0.002577948288994217,0.69915,0.70127,,,,,,,,,,,,,,,,,,
2021-07-30,0.002533733491180995,0.69939,0.69793,,,,,,,,,,,,,,,,,,
2021-08-02,0.0025684158470197305,0.69752,0.6971,,,,,,,,,,,,,,,,,,
2021-08-03,0.00254591256692773,0.70155,0.70057,108.0,-0.004170898360383886,0.69863,0.69848,0.69839,0.69896,,,,,,,,,,,,
2021-08-04,0.0025212047391342703,0.7067,0.70452,151.0,-0.003813687094195226,0.70401,0.70442,0.70442,0.70537,,,,,,,,,,,,
2021-08-05,0.002689278243015716,0.70706,0.706,,,,,,,,,,,,,,,,,,
2021-08-06,0.002645184926678329,0.70516,0.70115,136.0,-0.004035586799589342,0.70232,0.70236,0.70163,0.7016,159.0,-0.005317875718220815,0.70142,0.70143,0.70128,0.70091,,,,,,
2021-08-09,0.0026006161746541493,0.70185,0.69994,,,,,,,,,,,,,,,,,,
2021-08-10,0.0025680789046345653,0.69955,0.70018,,,,,,,,,,,,,,,,,,
2021-08-11,0.002596897896788857,0.70081,0.70472,34.0,0.003958991214828128,0.70359,0.70398,0.70401,0.70478,41.0,0.005577941807016086,0.70473,0.70494,0.70516,0.70474,90.0,0.006556561180937492,0.70542,0.7055,0.705,0.70495
2021-08-12,0.0026040829674002313,0.70243,0.70073,,,,,,,,,,,,,,,,,,
2021-08-13,0.0025923948266102785,0.70092,0.70424,167.0,0.003944160430204908,0.70369,0.70362,0.70372,,,,,,,,,,,,,
2021-08-16,0.0025903859834682614,0.70256,0.70223,,,,,,,,,,,,,,,,,,
2021-08-17,0.0025370799449720596,0.69295,0.69086,,,,,,,,,,,,,,,,,,
2021-08-18,0.002629362399836988,0.69064,0.68907,86.0,-0.0039606885043034345,0.68791,0.68782,0.68817,0.68818,,,,,,,,,,,,
2021-08-19,0.002684510773314121,0.68369,0.68497,,,,,,,,,,,,,,,,,,
2021-08-20,0.002806861581523594,0.68206,0.6829,,,,,,,,,,,,,,,,,,
2021-08-23,0.002788155621168297,0.68664,0.68922,,,,,,,,,,,,,,,,,,
2021-08-24,0.0027062806404875386,0.69466,0.69443,,,,,,,,,,,,,,,,,,
2021-08-25,0.002732401520673739,0.69478,0.69622,,,,,,,,,,,,,,,,,,
2021-08-26,0.0027645111090767805,0.69697,0.69558,,,,,,,,,,,,,,,,,,
2021-08-27,0.002729058036503969,0.69495,0.70107,121.0,0.004680016581285786,0.69821,0.6986,0.69786,0.70029,131.0,0.005882369903066613,0.69905,0.69933,0.70029,0.69878,135.0,0.007397565024135105,0.70011,0.70029,0.69989,0.69922
2021-08-30,0.002703945209651742,0.70051,0.69993,,,,,,,,,,,,,,,,,,
2021-08-31,0.0027740461863036206,0.7064,0.70399,,,,,,,,,,,,,,,,,,
2021-09-01,0.0027530908898923093,0.70452,0.70685,,,,,,,,,,,,,,,,,,
2021-09-02,0.0027134986170746283,0.70927,0.7111,,,,,,,,,,,,,,,,,,
2021-09-03,0.002672220214286714,0.71264,0.71454,31.0,0.004186889548756614,0.71563,0.71622,0.71496,0.71398,,,,,,,,,,,,
2021-09-06,0.002750360599859339,0.71432,0.71322,,,,,,,,,,,,,,,,,,
2021-09-07,0.0026814997272329487,0.71176,0.71047,151.0,-0.004181485097308829,0.70879,0.70895,0.70897,0.70956,,,,,,,,,,,,
2021-09-08,0.0026327298260442676,0.71045,0.70917,165.0,-0.003977213862804865,0.70763,0.70775,0.70852,0.70869,,,,,,,,,,,,
2021-09-09,0.002625297110833154,0.71259,0.71243,,,,,,,,,,,,,,,,,,
2021-09-10,0.002589527731346956,0.71467,0.7124,,,,,,,,,,,,,,,,,,
2021-09-13,0.002576042367035933,0.71006,0.71146,,,,,,,,,,,,,,,,,,
2021-09-14,0.00249552500806142,0.71033,0.7109,32.0,0.004382706589654011,0.71345,0.71416,0.71312,0.71368,33.0,0.005377376084176498,0.71416,0.71435,0.71362,0.71365,35.0,0.006468972302009873,0.71494,0.71414,0.71369,0.71381
2021-09-15,0.0024555092045504,0.7094,0.71019,,,,,,,,,,,,,,,,,,
2021-09-16,0.002441514549203004,0.71123,0.70704,72.0,-0.003930495948839889,0.70844,0.70875,0.70883,0.7089,106.0,-0.0053713166181954515,0.70742,0.70751,0.70739,0.70681,121.0,-0.006233976917905183,0.70681,0.70667,0.70673,0.7066
2021-09-17,0.002442013181004906,0.7071,0.70412,134.0,-0.003697961836361558,0.70449,0.70435,0.70423,0.70367,150.0,-0.005146866888270119,0.70347,0.70348,0.70358,0.70333,171.0,-0.006213579169138562,0.70272,0.7026,0.70303,
2021-09-20,0.0025284707720906545,0.70088,0.70229,100.0,0.0038022588761564688,0.70355,0.70372,0.70399,0.70322,,,,,,,,,,,,
2021-09-21,0.002486744375559117,0.70339,0.70128,140.0,-0.003988666095251471,0.70059,0.70068,0.70033,0.70015,170.0,-0.005102633648322117,0.69981,0.69986,0.69979,,,,,,,
2021-09-22,0.002449324172334821,0.70237,0.70283,,,,,,,,,,,,,,,,,,
2021-09-23,0.0024108857323795517,0.70504,0.70723,59.0,0.0036668194298744307,0.70763,0.70742,0.70712,0.7069,103.0,0.005064877910018275,0.70862,0.70857,0.70873,0.70838,,,,,,
2021-09-24,0.002424115638091938,0.70259,0.70111,165.0,-0.0038931918402846173,0.69986,0.70001,0.69974,0.7003,,,,,,,,,,,,
2021-09-27,0.0026341576514330063,0.6996,0.70075,,,,,,,,,,,,,,,,,,
2021-09-28,0.002679422608180702,0.6963,0.69539,,,,,,,,,,,,,,,,,,
2021-09-29,0.002632638870774711,0.69253,0.68716,97.0,-0.003978852251661822,0.68978,0.68971,0.68933,0.68991,125.0,-0.005371569726161965,0.68882,0.68884,0.68867,0.68848,150.0,-0.00676622956810926,0.68786,0.68761,0.68774,0.68753
2021-09-30,0.002765569582408602,0.68659,0.69003,113.0,0.00420037388948977,0.68948,0.68946,0.68923,0.68954,153.0,0.006156456842528329,0.69083,0.69062,0.69043,0.69071,,,,,,
2021-10-01,0.0028645675799844907,0.69254,0.69388,,,,,,,,,,,,,,,,,,
2021-10-04,0.0028140387631126556,0.69717,0.6962,,,,,,,,,,,,,,,,,,
2021-10-05,0.002766178773784739,0.69697,0.69679,,,,,,,,,,,,,,,,,,
2021-10-06,0.0027183584348831847,0.68915,0.69108,,,,,,,,,,,,,,,,,,
2021-10-07,0.002671354860655992,0.69364,0.69381,,,,,,,,,,,,,,,,,,
2021-10-08,0.002636360153811025,0.69286,0.69287,38.0,0.0041768147024563995,0.69576,0.69584,0.69496,0.69492,,,,,,,,,,,,
2021-10-11,0.0026154328766046617,0.69367,0.69561,,,,,,,,,,,,,,,,,,
2021-10-12,0.0025368194771773333,0.69632,0.69442,105.0,-0.004014827136207031,0.69353,0.69364,0.69436,0.69456,140.0,-0.0052123197589091065,0.6927,0.69244,0.69233,0.69269,,,,,,
2021-10-13,0.002495275825898941,0.69457,0.69541,43.0,-0.003750346975115296,0.69197,0.69185,0.69174,0.69142,,,,,,,,,,,,
2021-10-14,0.0024579849774511667,0.70276,0.70282,,,,,,,,,,,,,,,,,,
2021-10-15,0.0024750036531358053,0.70553,0.70691,,,,,,,,,,,,,,,,,,
2021-10-18,0.002659739053793898,0.70526,0.70791,154.0,0.004131769518435248,0.70818,0.70799,0.70816,0.70785,,,,,,,,,,,,
2021-10-19,0.002586973382934886,0.71514,0.71621,,,,,,,,,,,,,,,,,,
2021-10-20,0.0026003065050211505,0.71647,0.72,147.0,0.003969945107723444,0.71932,0.71937,0.71982,0.71956,170.0,0.005220344703792257,0.72022,0.72033,0.72036,,,,,,,
2021-10-21,0.0026157031087590387,0.71763,0.71704,,,,,,,,,,,,,,,,,,
2021-10-22,0.0026680312005940795,0.71581,0.71375,,,,,,,,,,,,,,,,,,
2021-10-25,0.002708919920480144,0.71462,0.71642,,,,,,,,,,,,,,,,,,
2021-10-26,0.0026177724473376825,0.71843,0.71527,,,,,,,,,,,,,,,,,,
2021-10-27,0.0025771348694950155,0.71546,0.71757,,,,,,,,,,,,,,,,,,
2021-10-28,0.0025344222719492597,0.71785,0.72067,147.0,0.004406242577560403,0.72102,0.72092,0.72096,0.72085,168.0,0.005113323817376774,0.72153,0.72157,0.72149,,,,,,,
2021-10-29,0.002500449329158497,0.71646,0.71558,138.0,-0.0038036684091572264,0.71374,0.71373,0.71369,0.71391,,,,,,,,,,,,
2021-11-01,0.0024660168583604063,0.71889,0.71877,,,,,,,,,,,,,,,,,,
2021-11-02,0.002407304858546249,0.71371,0.7096,83.0,-0.003649587857959768,0.71111,0.71104,0.71105,0.71157,172.0,-0.0049300968592953165,0.7102,0.7101,0.71007,,,,,,,
2021-11-03,0.002372324176711033,0.71397,0.7133,,,,,,,,,,,,,,,,,,
2021-11-04,0.002452799187891165,0.71278,0.71014,79.0,-0.003682520641500762,0.71016,0.71023,0.71055,0.71119,,,,,,,,,,,,
2021-11-05,0.002462840850470507,0.70854,0.71244,142.0,0.0037331085171892382,0.71119,0.71101,0.71104,0.71142,172.0,0.00501183614683385,0.7121,0.71216,0.7123,,,,,,,
2021-11-08,0.0025503529627885616,0.71684,0.7164,,,,,,,,,,,,,,,,,,
2021-11-09,0.002486449662202099,0.71531,0.71252,64.0,-0.0037396310958034587,0.71264,0.7127,0.71199,0.71169,79.0,-0.005073591822423311,0.71169,0.71177,0.71164,0.71167,,,,,,
2021-11-10,0.0024840801349917388,0.71055,0.70789,,,,,,,,,,,,,,,,,,
2021-11-11,0.0025306578539032914,0.70281,0.70156,,,,,,,,,,,,,,,,,,
2021-11-12,0.0026737013320580275,0.70282,0.70421,,,,,,,,,,,,,,,,,,
2021-11-15,0.00267732784936604,0.70656,0.70479,,,,,,,,,,,,,,,,,,
2021-11-16,0.0026290937640356684,0.70178,0.69919,,,,,,,,,,,,,,,,,,
2021-11-17,0.0025827112001255564,0.6997,0.69993,,,,,,,,,,,,,,,,,,
2021-11-18,0.002628691139818346,0.7027,0.70325,,,,,,,,,,,,,,,,,,
2021-11-19,0.00260545231755896,0.70116,0.70009,,,,,,,,,,,,,,,,,,
2021-11-22,0.0025652067351771965,0.70009,0.69547,69.0,-0.003878442323706814,0.69738,0.69746,0.69741,0.69752,106.0,-0.005212895073337965,0.69645,0.69642,0.69675,0.69735,,,,,,
2021-11-23,0.0025565793496923196,0.69328,0.6945,,,,,,,,,,,,,,,,,,
2021-11-24,0.002741461045042858,0.68827,0.68606,,,,,,,,,,,,,,,,,,
2021-11-25,0.0027112169154404724,0.6845,0.68572,,,,,,,,,,,,,,,,,,
2021-11-26,0.0026996965802252968,0.68163,0.68241,,,,,,,,,,,,,,,,,,
2021-11-29,0.0027356657517837515,0.6812,0.68024,,,,,,,,,,,,,,,,,,
2021-11-30,0.0026479803442327745,0.68259,0.68118,75.0,0.003976904137592062,0.68531,0.6853,0.68489,0.68512,112.0,-0.005464735295386295,0.67887,0.67806,0.67857,0.67827,113.0,-0.006658606897030787,0.67806,0.67981,0.67876,0.6785
2021-12-01,0.0026013735044830085,0.68534,0.68291,,,,,,,,,,,,,,,,,,
2021-12-02,0.0025929456017351354,0.68038,0.68065,,,,,,,,,,,,,,,,,,
2021-12-03,0.0026202906730784055,0.6784,0.67492,69.0,-0.004269123338014885,0.67551,0.67565,0.67528,0.67578,,,,,,,,,,,,
2021-12-06,0.0025913292049353173,0.67603,0.67498,,,,,,,,,,,,,,,,,,
2021-12-07,0.00261808315502784,0.67578,0.67736,121.0,0.00395794467537293,0.67846,0.67837,0.67834,0.678,,,,,,,,,,,,
2021-12-08,0.0025723509247073035,0.67878,0.68148,,,,,,,,,,,,,,,,,,
2021-12-09,0.0025788661237139405,0.67924,0.67883,,,,,,,,,,,,,,,,,,
2021-12-10,0.002550196003921525,0.67994,0.67979,,,,,,,,,,,,,,,,,,
2021-12-13,0.0025203289272088783,0.67715,0.67557,,,,,,,,,,,,,,,,,,
2021-12-14,0.0024419970198285164,0.67446,0.67467,,,,,,,,,,,,,,,,,,
2021-12-15,0.0025317066979611046,0.67503,0.67365,,,,,,,,,,,,,,,,,,
2021-12-16,0.0024917308483980625,0.68286,0.67992,67.0,-0.0037853823976408637,0.68028,0.68033,0.6801,0.68049,,,,,,,,,,,,
2021-12-17,0.0024944825092352804,0.67592,0.675,,,,,,,,,,,,,,,,,,
2021-12-20,0.002463281815810032,0.67252,0.67133,,,,,,,,,,,,,,,,,,
2021-12-21,0.002497531532941496,0.67535,0.67547,,,,,,,,,,,,,,,,,,
2021-12-22,0.0024570463042826955,0.67879,0.6819,124.0,0.003837703855097921,0.6814,0.68126,0.68136,0.68154,,,,,,,,,,,,
2021-12-23,0.0024422353375313163,0.68164,0.68341,,,,,,,,,,,,,,,,,,
2021-12-24,0.002583987689110444,0.68171,0.68111,,,,,,,,,,,,,,,,,,
2021-12-27,0.0025399515129600815,0.68083,0.68087,,,,,,,,,,,,,,,,,,
2021-12-28,0.0024781810322722316,0.68204,0.67937,95.0,-0.0038340957895691835,0.67943,0.67928,0.67916,0.67903,,,,,,,,,,,,
2021-12-29,0.0024399842617828815,0.6808,0.68324,91.0,0.0037971295962088854,0.68339,0.68327,0.68301,0.6838,108.0,0.004893997782200942,0.68414,0.68409,0.68346,0.68384,,,,,,
2021-12-30,0.002405437585597643,0.68255,0.6828,63.0,0.003656043850130918,0.68505,0.68515,0.68549,0.68563,,,,,,,,,,,,
2021-12-31,0.002432634887390127,0.68365,0.68485,,,,,,,,,,,,,,,,,,
2022-01-03,0.0024043145580765167,0.68012,0.679,88.0,-0.003638322727260012,0.67765,0.67776,0.67753,0.67769,,,,,,,,,,,,
2022-01-04,0.0022088224771870807,0.67825,0.6808,74.0,0.0033265655216571793,0.68051,0.68057,0.68058,0.68182,83.0,0.0044867862405812515,0.6813,0.68137,0.68163,0.68209,97.0,0.0055576936067602235,0.68203,0.68209,0.682,0.682
2022-01-05,0.0022489805279465994,0.68204,0.68279,,,,,,,,,,,,,,,,,,
2022-01-06,0.0022135162154437497,0.67467,0.67491,,,,,,,,,,,,,,,,,,
2022-01-07,0.002270314152494291,0.67414,0.67711,44.0,0.0034355135226790045,0.67646,0.67654,0.67626,0.67642,173.0,0.004543612360272692,0.67721,0.67734,0.67773,,,,,,,
2022-01-10,0.0022314843220475255,0.67464,0.67487,,,,,,,,,,,,,,,,,,
2022-01-11,0.0021756793420670533,0.67505,0.67732,156.0,0.003430890220091047,0.67737,0.67742,0.67741,0.67715,,,,,,,,,,,,
2022-01-12,0.002137150595343289,0.6807,0.68488,52.0,0.0034317425557462357,0.68304,0.68312,0.68304,0.68336,73.0,0.004353664608883917,0.68367,0.68356,0.68401,0.68397,145.0,0.005391638460344699,0.68438,0.68437,0.68437,0.68438
2022-01-13,0.002124110077896126,0.68854,0.68742,,,,,,,,,,,,,,,,,,
2022-01-14,0.002353856811546284,0.68263,0.67929,,,,,,,,,,,,,,,,,,
2022-01-17,0.0023077298515574696,0.68014,0.67964,,,,,,,,,,,,,,,,,,
2022-01-18,0.0023774401708386386,0.67788,0.6756,,,,,,,,,,,,,,,,,,
2022-01-19,0.0023538905908086624,0.67998,0.67939,,,,,,,,,,,,,,,,,,
2022-01-20,0.00230859048756324,0.67967,0.67851,,,,,,,,,,,,,,,,,,
2022-01-21,0.002277911145844643,0.67348,0.67253,,,,,,,,,,,,,,,,,,
2022-01-24,0.0023039970175822264,0.66782,0.66726,,,,,,,,,,,,,,,,,,
2022-01-25,0.0022381551224604883,0.66625,0.66776,,,,,,,,,,,,,,,,,,
2022-01-26,0.002319950225777487,0.66869,0.66906,,,,,,,,,,,,,,,,,,
2022-01-27,0.0022849348790644586,0.66147,0.65804,96.0,-0.0034831632017524226,0.65917,0.65941,0.65931,0.65907,,,,,,,,,,,,
2022-01-28,0.0025618546017708095,0.65609,0.65434,,,,,,,,,,,,,,,,,,
2022-01-31,0.002551948658008671,0.65899,0.6573,117.0,-0.0041208327338629926,0.65628,0.65655,0.65719,0.65693,,,,,,,,,,,,
2022-02-01,0.00255445289541371,0.6618,0.66308,,,,,,,,,,,,,,,,,,
2022-02-02,0.0025370812656980526,0.66421,0.66351,,,,,,,,,,,,,,,,,,
2022-02-03,0.0025760149808414217,0.66566,0.66633,,,,,,,,,,,,,,,,,,
2022-02-04,0.002526286810147736,0.65976,0.66042,,,,,,,,,,,,,,,,,,
2022-02-07,0.0026387622138272036,0.66209,0.66165,,,,,,,,,,,,,,,,,,
2022-02-08,0.002724410426048543,0.66371,0.66396,,,,,,,,,,,,,,,,,,
2022-02-09,0.0026812711019183204,0.66855,0.66902,,,,,,,,,,,,,,,,,,
2022-02-10,0.002643803935420667,0.66614,0.67024,49.0,0.00417956221243982,0.66893,0.66956,0.66929,0.66991,61.0,0.005329992256475715,0.6697,0.6699,0.67034,0.67028,68.0,0.006971171289524882,0.6708,0.67094,0.67087,0.67089
2022-02-11,0.002607650632698003,0.66761,0.66793,,,,,,,,,,,,,,,,,,
2022-02-14,0.0026510994402989822,0.66029,0.66223,,,,,,,,,,,,,,,,,,
2022-02-15,0.0025564204983653015,0.66273,0.66342,59.0,-0.003839995043000528,0.66019,0.66055,0.66053,0.66148,,,,,,,,,,,,
2022-02-16,0.002504372016328542,0.66365,0.66719,70.0,0.00391007340784304,0.66625,0.66634,0.66573,0.66563,,,,,,,,,,,,
2022-02-17,0.00246529181969512,0.67086,0.66993,,,,,,,,,,,,,,,,,,
2022-02-18,0.0024721524731875725,0.6716,0.66893,124.0,-0.003983504331417112,0.66893,0.66889,0.66882,0.66938,,,,,,,,,,,,
2022-02-21,0.002491127675881353,0.67156,0.6718,,,,,,,,,,,,,,,,,,
2022-02-22,0.0024668554966507956,0.67383,0.67415,,,,,,,,,,,,,,,,,,
2022-02-23,0.0024211835307160275,0.68063,0.67799,88.0,-0.0037683124006339178,0.67807,0.67796,0.67813,0.67815,135.0,-0.004845477347895446,0.67734,0.67737,0.67737,0.67794,,,,,,
2022-02-24,0.0025294846751554405,0.66839,0.66562,72.0,-0.00424304396087674,0.66556,0.66557,0.66541,0.66488,83.0,-0.005129908651896264,0.66497,0.66504,0.66506,0.66473,106.0,-0.006529446882308083,0.66404,0.66394,0.66377,0.66367
2022-02-25,0.0025288334840858373,0.67434,0.6728,,,,,,,,,,,,,,,,,,
2022-02-28,0.002488619290721663,0.67349,0.67595,79.0,0.004134043538524733,0.67628,0.67639,0.6766,0.67542,81.0,0.005168582448168926,0.67698,0.6769,0.67647,0.67536,,,,,,
2022-03-01,0.002608381434405121,0.67749,0.67598,,,,,,,,,,,,,,,,,,
2022-03-02,0.002836201073432735,0.67714,0.67799,,,,,,,,,,,,,,,,,,
2022-03-03,0.0027785257384747675,0.67882,0.67863,,,,,,,,,,,,,,,,,,
2022-03-04,0.0027176059049983255,0.68242,0.68626,,,,,,,,,,,,,,,,,,
2022-03-07,0.0027496881089865482,0.68601,0.68271,113.0,-0.004382704127072445,0.68301,0.68293,0.68279,0.68348,177.0,-0.005525360487665573,0.68223,0.68243,,,,,,,,
2022-03-08,0.0027733258726524855,0.68319,0.68217,148.0,-0.004239128013881097,0.6803,0.68035,0.68026,0.6802,,,,,,,,,,,,
2022-03-09,0.003008418547729057,0.68436,0.68442,,,,,,,,,,,,,,,,,,
2022-03-10,0.002939085336755975,0.68537,0.68615,,,,,,,,,,,,,,,,,,
2022-03-11,0.002887667447186874,0.6846,0.68113,170.0,-0.004465110079232897,0.68155,0.68161,0.6815,,,,,,,,,,,,,
2022-03-14,0.0028287606335108645,0.68015,0.67744,,,,,,,,,,,,,,,,,,
2022-03-15,0.0027981736021287264,0.67718,0.67604,,,,,,,,,,,,,,,,,,
2022-03-16,0.0027996181005928143,0.68022,0.68095,,,,,,,,,,,,,,,,,,
2022-03-17,0.0027531715558213907,0.6849,0.68963,162.0,0.004559599429991819,0.68803,0.68804,0.68834,0.68902,175.0,0.005895857236052519,0.68895,0.68883,0.68925,,,,,,,
2022-03-18,0.002949594804151,0.68744,0.69044,,,,,,,,,,,,,,,,,,
2022-03-21,0.002949594930245077,0.68941,0.6889,,,,,,,,,,,,,,,,,,
2022-03-22,0.0028333321230969784,0.69445,0.69487,,,,,,,,,,,,,,,,,,
2022-03-23,0.0027838369460060778,0.69489,0.69676,,,,,,,,,,,,,,,,,,
2022-03-24,0.0029359399832581934,0.69516,0.69437,,,,,,,,,,,,,,,,,,
2022-03-25,0.002868821515423866,0.69655,0.69607,,,,,,,,,,,,,,,,,,
2022-03-28,0.0028145811372971116,0.6923,0.68965,124.0,-0.004284769590651427,0.68934,0.68934,0.68953,0.68974,,,,,,,,,,,,
2022-03-29,0.002702050520629494,0.69094,0.69219,33.0,-0.004220547683643116,0.68803,0.68811,0.68835,0.68925,,,,,,,,,,,,
2022-03-30,0.0027410531429865534,0.69798,0.69756,,,,,,,,,,,,,,,,,,
2022-03-31,0.002797406183162438,0.69307,0.69445,,,,,,,,,,,,,,,,,,
2022-04-01,0.002742420793862321,0.69458,0.69101,103.0,-0.004270674504210366,0.69162,0.69174,0.6922,0.69117,128.0,-0.005717601484281088,0.69062,0.69057,0.69118,0.69063,158.0,-0.007021628213255815,0.68972,0.68968,0.68993,0.69061
2022-04-04,0.002771806162808894,0.69364,0.69623,,,,,,,,,,,,,,,,,,
2022-04-05,0.0026577366028784273,0.70065,0.69653,163.0,-0.004262264018885692,0.69767,0.69748,0.69798,0.69852,,,,,,,,,,,,
2022-04-06,0.002612949846639321,0.69516,0.69333,,,,,,,,,,,,,,,,,,
2022-04-07,0.002560377849391278,0.69014,0.6887,,,,,,,,,,,,,,,,,,
2022-04-08,0.002581594202327063,0.68524,0.68494,85.0,-0.0038747553651125107,0.68259,0.68278,0.68267,0.68247,,,,,,,,,,,,
2022-04-11,0.0025388568810570528,0.68413,0.6824,,,,,,,,,,,,,,,,,,
2022-04-12,0.0025180804217982554,0.68463,0.6879,55.0,0.004605012436836463,0.68779,0.68757,0.68735,0.68719,172.0,0.005113759259057034,0.68814,0.68824,0.68781,,,,,,,
2022-04-13,0.0024720801843934586,0.67733,0.67861,,,,,,,,,,,,,,,,,,
2022-04-14,0.00246214561598752,0.68136,0.67738,108.0,-0.003852662658220616,0.67874,0.67883,0.67862,0.67952,175.0,-0.00509101639590557,0.6779,0.67804,0.67848,,,,,,,
2022-04-15,0.0024862327171274305,0.67782,0.6772,,,,,,,,,,,,,,,,,,
2022-04-18,0.002528655396394419,0.67323,0.67228,,,,,,,,,,,,,,,,,,
2022-04-19,0.0024529989072076502,0.67372,0.67259,,,,,,,,,,,,,,,,,,
2022-04-20,0.0024106357593133994,0.67915,0.6808,,,,,,,,,,,,,,,,,,
2022-04-21,0.0024136082070578954,0.67754,0.67376,173.0,-0.00368182939817969,0.67505,0.67504,0.67522,,,,,,,,,,,,,
2022-04-22,0.0023776993068543306,0.66863,0.6638,81.0,-0.0036709385625016996,0.66618,0.66618,0.66645,0.66634,117.0,-0.004857507939537506,0.66539,0.66534,0.6651,0.66449,129.0,-0.0060003480212183985,0.66463,0.66459,0.66439,0.66437
2022-04-25,0.002527075921276142,0.66148,0.65963,125.0,-0.0038927941675533854,0.65891,0.65926,0.65928,0.6595,,,,,,,,,,,,
2022-04-26,0.002749536730956691,0.66305,0.6583,138.0,-0.0043833201983978975,0.66015,0.6602,0.66011,0.65989,164.0,-0.005565568426315911,0.65937,0.65982,0.65985,0.65876,,,,,,
2022-04-27,0.002727018619717985,0.65649,0.65372,149.0,-0.004167149705121106,0.65376,0.65394,0.65395,0.65388,177.0,-0.005590702858067291,0.65283,0.65275,,,,,,,,
2022-04-28,0.0028718367382791162,0.64656,0.6474,,,,,,,,,,,,,,,,,,
2022-04-29,0.0028667011019631664,0.65291,0.64744,150.0,-0.004497701170970565,0.64998,0.6501,0.64988,0.65047,177.0,-0.006176083543147294,0.64889,0.64866,,,,,,,,
2022-05-02,0.002858625291335741,0.6443,0.64326,,,,,,,,,,,,,,,,,,
2022-05-03,0.0028494857887280873,0.64477,0.64384,,,,,,,,,,,,,,,,,,
2022-05-04,0.002863794765481326,0.64572,0.64467,125.0,-0.004454557759070611,0.64285,0.64282,0.64293,0.64292,,,,,,,,,,,,
2022-05-05,0.0028110255320370164,0.64834,0.64037,123.0,-0.004266112566361954,0.64558,0.64527,0.6442,0.64418,127.0,-0.0062973572078577926,0.64427,0.6442,0.64366,0.64398,132.0,-0.007244613728961422,0.64366,0.64377,0.64416,0.64412
2022-05-06,0.0032038173996740142,0.64236,0.64249,,,,,,,,,,,,,,,,,,
2022-05-09,0.0037173444235056837,0.63561,0.63453,,,,,,,,,,,,,,,,,,
2022-05-10,0.0036137418149920944,0.63137,0.62861,,,,,,,,,,,,,,,,,,
2022-05-11,0.0035506431333712,0.63412,0.6335,31.0,-0.005328623453859905,0.63075,0.63072,0.63085,0.63014,39.0,-0.007121748175606383,0.62962,0.62977,0.62994,0.62842,52.0,-0.008902182944725038,0.6285,0.62833,0.62876,0.63016
2022-05-12,0.003506923007775688,0.62329,0.62333,,,,,,,,,,,,,,,,,,
2022-05-13,0.0034517338032488414,0.62383,0.62598,,,,,,,,,,,,,,,,,,
2022-05-16,0.003385215701772251,0.62773,0.62828,,,,,,,,,,,,,,,,,,
2022-05-17,0.003345677402927622,0.63651,0.63493,,,,,,,,,,,,,,,,,,
2022-05-18,0.003521580313610704,0.6351,0.63298,,,,,,,,,,,,,,,,,,
2022-05-19,0.0034842141058469157,0.636,0.63984,79.0,0.005269112680011817,0.63936,0.63968,0.63884,0.63913,120.0,0.007113007256663316,0.64054,0.64114,0.64117,0.64089,131.0,0.008750907055806318,0.64159,0.64134,0.64115,0.64104
2022-05-20,0.0034317713873838504,0.63986,0.63876,,,,,,,,,,,,,,,,,,
2022-05-23,0.0034254516799411138,0.64761,0.64604,,,,,,,,,,,,,,,,,,
2022-05-24,0.003425629759390952,0.64371,0.644,,,,,,,,,,,,,,,,,,
2022-05-25,0.003362534570864308,0.64492,0.64581,,,,,,,,,,,,,,,,,,
2022-05-26,0.003419114514321255,0.64703,0.64627,,,,,,,,,,,,,,,,,,
2022-05-27,0.003348920294657817,0.65217,0.65335,,,,,,,,,,,,,,,,,,
2022-05-30,0.003326975037084761,0.65523,0.65587,,,,,,,,,,,,,,,,,,
2022-05-31,0.0031930166800821697,0.65114,0.65187,,,,,,,,,,,,,,,,,,
2022-06-01,0.003127035871870707,0.65057,0.64695,70.0,0.0046925404310405846,0.65363,0.65371,0.65351,0.65386,,,,,,,,,,,,
2022-06-02,0.0030676532777409375,0.65144,0.65487,,,,,,,,,,,,,,,,,,
2022-06-03,0.0030731432312423542,0.65347,0.65042,,,,,,,,,,,,,,,,,,
2022-06-06,0.0033073134084808707,0.65283,0.64967,,,,,,,,,,,,,,,,,,
2022-06-07,0.003254197914592501,0.64313,0.64737,149.0,0.005380984194853379,0.6466,0.64643,0.64695,0.64752,161.0,0.006833686630927372,0.64754,0.64774,0.6477,0.6476,,,,,,
2022-06-08,0.0032500252083471452,0.64562,0.64698,,,,,,,,,,,,,,,,,,
2022-06-09,0.0031784876846068367,0.64448,0.6404,129.0,-0.005039988268669959,0.64124,0.64083,0.64064,0.64047,138.0,-0.006382039936214405,0.64038,0.64051,0.64039,0.64116,,,,,,
2022-06-10,0.0031486554487425286,0.64085,0.63625,33.0,-0.004911785622689243,0.63771,0.63746,0.63908,0.63931,93.0,-0.0063711931740468965,0.63678,0.63685,0.63695,0.63717,138.0,-0.007911371699130709,0.6358,0.63593,0.63526,0.63576
2022-06-13,0.0031763319862704283,0.62825,0.62733,,,,,,,,,,,,,,,,,,
2022-06-14,0.003125713369125393,0.62407,0.62192,,,,,,,,,,,,,,,,,,
2022-06-15,0.003235205030806452,0.62529,0.62401,,,,,,,,,,,,,,,,,,
2022-06-16,0.0031901547904828902,0.62498,0.63356,34.0,0.004900131908871444,0.62805,0.62823,0.62839,0.62821,63.0,0.006967891513123284,0.62935,0.62909,0.62895,0.62833,176.0,0.008063660209144197,0.63004,0.62985,,
2022-06-17,0.003251041315598804,0.63203,0.62899,135.0,-0.004996401889200022,0.62888,0.6285,0.6281,0.62815,154.0,-0.006810793372292158,0.62774,0.62744,0.62785,0.62728,,,,,,
2022-06-20,0.0032735911295284385,0.636,0.63439,,,,,,,,,,,,,,,,,,
2022-06-21,0.0031718139747828914,0.6325,0.63433,,,,,,,,,,,,,,,,,,
2022-06-22,0.0031046590484397514,0.62495,0.62935,102.0,0.00545751841282398,0.62837,0.62829,0.62818,0.62905,112.0,0.006284714107669806,0.62889,0.62869,0.62905,0.62891,164.0,0.007778295165799986,0.62983,0.62981,0.62991,0.63021
2022-06-23,0.0031926374220308134,0.62709,0.62779,117.0,0.005010628220794844,0.63024,0.63062,0.63094,0.62918,,,,,,,,,,,,
2022-06-24,0.003129159333318513,0.6287,0.63174,122.0,0.005820470490897534,0.63237,0.63204,0.63119,0.6315,,,,,,,,,,,,
2022-06-27,0.003087212891787389,0.62953,0.63153,,,,,,,,,,,,,,,,,,
2022-06-28,0.002974417012441323,0.62748,0.62528,,,,,,,,,,,,,,,,,,
2022-06-29,0.0029135392281593527,0.62358,0.62232,105.0,-0.004484204336538296,0.62079,0.62057,0.62091,0.62094,,,,,,,,,,,,
2022-06-30,0.002932519152323201,0.62164,0.62441,77.0,0.004478086563967195,0.62443,0.62423,0.6246,0.62433,,,,,,,,,,,,
2022-07-01,0.002916659109996253,0.61604,0.61863,,,,,,,,,,,,,,,,,,
2022-07-04,0.0028504121498630964,0.62415,0.62151,128.0,-0.004319175635857389,0.62146,0.62142,0.62119,0.62129,,,,,,,,,,,,
2022-07-05,0.00274045691788242,0.61407,0.61405,,,,,,,,,,,,,,,,,,
2022-07-06,0.002682529151513048,0.61681,0.61377,135.0,-0.00435440270782082,0.61413,0.61415,0.61381,0.61429,141.0,-0.005429671628627587,0.61347,0.61357,0.61427,0.61438,,,,,,
2022-07-07,0.00270968287278794,0.61832,0.61701,,,,,,,,,,,,,,,,,,
2022-07-08,0.002652224443488358,0.61702,0.61933,31.0,-0.004792510127343335,0.61407,0.61461,0.61523,0.61343,46.0,-0.00583528007926677,0.61343,0.61325,0.61387,0.61496,,,,,,
2022-07-11,0.0025964329556477568,0.61302,0.61328,70.0,-0.004102888398398886,0.61051,0.61072,0.61063,0.61041,99.0,-0.005266527277232848,0.6098,0.61001,0.61035,0.61076,,,,,,
2022-07-12,0.00249826304271499,0.61199,0.61387,,,,,,,,,,,,,,,,,,
2022-07-13,0.002611406838346104,0.61525,0.61544,30.0,-0.007144518694904071,0.61087,0.61089,0.61011,0.60878,30.0,-0.007144518694904071,0.61087,0.61089,0.61011,0.60878,30.0,-0.007144518694904071,0.61087,0.61089,0.61011,0.60878
2022-07-14,0.002560998694420964,0.60843,0.61197,,,,,,,,,,,,,,,,,,
2022-07-15,0.0025095468258963826,0.61405,0.61576,68.0,0.0038035220263018727,0.61639,0.61645,0.61617,0.6148,156.0,0.005473147396939416,0.61742,0.61754,0.61689,0.61589,,,,,,
2022-07-18,0.002475761498968382,0.61669,0.61699,,,,,,,,,,,,,,,,,,
2022-07-19,0.002450535660040497,0.6235,0.62258,,,,,,,,,,,,,,,,,,
2022-07-20,0.0024445759843276056,0.6247,0.62368,,,,,,,,,,,,,,,,,,
2022-07-21,0.0029349206512955064,0.61875,0.6214,41.0,0.004627659685107241,0.62162,0.62167,0.62226,0.62243,44.0,0.006122632515521566,0.62255,0.62227,0.62269,0.62238,,,,,,
2022-07-22,0.0029122610690275126,0.62635,0.62698,107.0,0.004778220447312987,0.62935,0.62895,0.63004,0.62949,111.0,0.006159644486237675,0.63022,0.63004,0.62926,0.62836,,,,,,
2022-07-25,0.00284634810969874,0.62695,0.62567,,,,,,,,,,,,,,,,,,
2022-07-26,0.0027465222514789552,0.62338,0.62332,,,,,,,,,,,,,,,,,,
2022-07-27,0.0027472578412996037,0.62267,0.61981,149.0,-0.0043617235965571054,0.61996,0.61998,0.61999,0.62,,,,,,,,,,,,
2022-07-28,0.0027688308481236676,0.62689,0.62756,,,,,,,,,,,,,,,,,,
2022-07-29,0.002769366732608919,0.62712,0.62763,61.0,-0.004218606448161858,0.62448,0.62404,0.62384,0.62281,72.0,-0.005676881615446385,0.62357,0.62346,0.62314,0.6239,96.0,-0.007619206433704715,0.62236,0.62204,0.62258,0.62257
2022-08-01,0.0027766709097220644,0.63305,0.63452,,,,,,,,,,,,,,,,,,
2022-08-02,0.002684144139308655,0.62909,0.62829,,,,,,,,,,,,,,,,,,
2022-08-03,0.002668427210965382,0.62653,0.62468,120.0,-0.005056415285589043,0.62337,0.62304,0.62366,0.62316,121.0,-0.005585936081652514,0.62304,0.62325,0.62402,0.62286,139.0,-0.006726159592614171,0.62233,0.62233,0.62333,0.62336
2022-08-04,0.003012874095573364,0.62928,0.62948,,,,,,,,,,,,,,,,,,
2022-08-05,0.0030596910141338506,0.62946,0.62365,30.0,-0.006630774398197005,0.6253,0.62525,0.62479,0.62327,30.0,-0.006630774398197005,0.6253,0.62525,0.62479,0.62327,32.0,-0.007750864122470871,0.6246,0.62547,0.62447,0.62289
2022-08-08,0.0029902517383055974,0.62913,0.6286,,,,,,,,,,,,,,,,,,
2022-08-09,0.0029859393063796334,0.6275,0.62846,,,,,,,,,,,,,,,,,,
2022-08-10,0.0029463769768011652,0.63235,0.64248,31.0,0.006572801015997685,0.63652,0.6368,0.63787,0.63905,31.0,0.006572801015997685,0.63652,0.6368,0.63787,0.63905,34.0,0.0076405397099082156,0.6372,0.63624,0.63805,0.63891
2022-08-11,0.0028916116028818704,0.64358,0.64424,,,,,,,,,,,,,,,,,,
2022-08-12,0.0032557051022162947,0.64255,0.64363,,,,,,,,,,,,,,,,,,
2022-08-15,0.0033119803679524593,0.63674,0.63796,,,,,,,,,,,,,,,,,,
2022-08-16,0.0031635510694343156,0.63193,0.63346,,,,,,,,,,,,,,,,,,
2022-08-17,0.0032400631364159923,0.62909,0.62624,,,,,,,,,,,,,,,,,,
2022-08-18,0.0031712446046261123,0.63011,0.6266,128.0,-0.004995714720551615,0.62697,0.62697,0.62708,0.62684,,,,,,,,,,,,
2022-08-19,0.003329809525474421,0.62054,0.61766,,,,,,,,,,,,,,,,,,
2022-08-22,0.0032923497338742456,0.62006,0.61632,167.0,-0.0051579427652754355,0.61687,0.61699,0.61695,,,,,,,,,,,,,
2022-08-23,0.0034419053163132,0.61745,0.62266,105.0,0.005652469830210176,0.62095,0.62085,0.62133,0.62221,120.0,0.007679562773123591,0.62221,0.62229,0.62217,0.62372,128.0,0.008868165181040727,0.62295,0.6232,0.6243,0.62278
2022-08-24,0.003363822315317181,0.618,0.61874,,,,,,,,,,,,,,,,,,
2022-08-25,0.0032858013418379595,0.62341,0.62131,,,,,,,,,,,,,,,,,,
2022-08-26,0.0032259020139931913,0.6207,0.61596,174.0,-0.0052173890936182245,0.61747,0.61714,0.61746,,,,,,,,,,,,,
2022-08-29,0.0031487359982642284,0.61245,0.6157,115.0,0.005016378864105011,0.61553,0.61546,0.61513,0.61614,136.0,0.006639676787244081,0.61653,0.61652,0.61633,0.61639,,,,,,
2022-08-30,0.0032199429915575084,0.61754,0.61388,120.0,-0.004853551071117074,0.61455,0.61445,0.6142,0.61466,151.0,-0.006465784852198764,0.61356,0.61329,0.61313,0.61249,166.0,-0.008211227977116466,0.61249,0.6125,0.61265,
2022-08-31,0.003155702159554319,0.61245,0.61334,,,,,,,,,,,,,,,,,,
2022-09-01,0.0030812026645235394,0.61077,0.60704,122.0,-0.00569755332116591,0.6073,0.60755,0.60716,0.60674,133.0,-0.006306993067263431,0.60693,0.60718,0.60696,0.60898,,,,,,
2022-09-02,0.0030888274941536994,0.60967,0.61332,30.0,0.004973913623288275,0.61271,0.61086,0.61125,0.61001,167.0,0.006620970900633483,0.61372,0.6138,0.61366,,,,,,,
2022-09-05,0.003068248944598302,0.6094,0.60961,,,,,,,,,,,,,,,,,,
2022-09-06,0.003009866234215533,0.60827,0.605,120.0,-0.005225128711385862,0.6051,0.60472,0.60438,0.6041,122.0,-0.006399177412168445,0.60439,0.60415,0.60404,0.60373,131.0,-0.0075580411932750936,0.60369,0.6036,0.60411,0.60548
2022-09-07,0.00301683206792763,0.60039,0.60337,150.0,0.004835141389072485,0.6033,0.60348,0.60364,0.60339,,,,,,,,,,,,
2022-09-08,0.003569919333679904,0.60737,0.60451,64.0,-0.005398413400954972,0.6041,0.60437,0.60423,0.60363,,,,,,,,,,,,
2022-09-09,0.003569296809885845,0.60969,0.61098,,,,,,,,,,,,,,,,,,
2022-09-12,0.003570957527988271,0.61453,0.61496,,,,,,,,,,,,,,,,,,
2022-09-13,0.0033979215277935063,0.61491,0.60102,30.0,-0.010396837313580466,0.60855,0.60822,0.60765,0.60689,30.0,-0.010396837313580466,0.60855,0.60822,0.60765,0.60689,30.0,-0.010396837313580466,0.60855,0.60822,0.60765,0.60689
2022-09-14,0.003370147767736203,0.59842,0.60121,164.0,0.0051835609210796945,0.60153,0.60166,0.60144,0.60167,,,,,,,,,,,,
2022-09-15,0.00401339984584475,0.59876,0.59736,,,,,,,,,,,,,,,,,,
2022-09-16,0.003913031097343077,0.59619,0.59748,,,,,,,,,,,,,,,,,,
2022-09-19,0.003896897703033504,0.59414,0.59349,,,,,,,,,,,,,,,,,,
2022-09-20,0.0037706252603885706,0.59051,0.59077,,,,,,,,,,,,,,,,,,
2022-09-21,0.0037179939742992547,0.58812,0.58811,,,,,,,,,,,,,,,,,,
2022-09-22,0.003713997619179764,0.5865,0.58436,,,,,,,,,,,,,,,,,,
2022-09-23,0.0038548413475151568,0.57869,0.57619,,,,,,,,,,,,,,,,,,
2022-09-26,0.0037589452131273865,0.5711,0.56637,,,,,,,,,,,,,,,,,,
2022-09-27,0.003952236456860143,0.57004,0.56469,118.0,-0.005982352359644128,0.56664,0.5666,0.56486,0.5652,121.0,-0.008190775295493221,0.56539,0.56514,0.56543,0.56554,,,,,,
2022-09-28,0.003995834173281822,0.56186,0.57047,85.0,0.00601540261780261,0.56525,0.56544,0.56599,0.56545,104.0,0.008312629286298877,0.56655,0.56648,0.56735,0.56622,111.0,0.010076142661071668,0.56755,0.5674,0.56639,0.56584
2022-09-29,0.004328901593864771,0.57032,0.57031,55.0,-0.006632268982797564,0.56655,0.56699,0.56648,0.56746,,,,,,,,,,,,
2022-09-30,0.00466628592040542,0.56783,0.56403,,,,,,,,,,,,,,,,,,
2022-10-03,0.0045909679085176115,0.56595,0.57086,121.0,0.007919787963949303,0.57045,0.57081,0.57105,0.56994,127.0,0.009636255965160394,0.57143,0.5717,0.57106,0.57144,,,,,,
2022-10-04,0.004977207509747453,0.56979,0.57384,160.0,0.007483468211378439,0.57407,0.57423,0.57401,0.57404,,,,,,,,,,,,
2022-10-05,0.005005974409789674,0.56869,0.56991,,,,,,,,,,,,,,,,,,
2022-10-06,0.004910399166149509,0.57072,0.56561,154.0,-0.008145645447537403,0.56609,0.56609,0.5667,0.56793,,,,,,,,,,,,
2022-10-07,0.004920993647471341,0.56517,0.56238,51.0,-0.007815731563053851,0.56077,0.56194,0.56196,0.56224,,,,,,,,,,,,
2022-10-10,0.0053259301679997725,0.55863,0.55583,,,,,,,,,,,,,,,,,,
2022-10-11,0.005230410359599223,0.56117,0.56379,,,,,,,,,,,,,,,,,,
2022-10-12,0.005282832637679605,0.55871,0.56033,,,,,,,,,,,,,,,,,,
2022-10-13,0.005166443626894715,0.56269,0.56201,30.0,-0.013112302708806213,0.55536,0.55359,0.553,0.55158,30.0,-0.013112302708806213,0.55536,0.55359,0.553,0.55158,30.0,-0.013112302708806213,0.55536,0.55359,0.553,0.55158
2022-10-14,0.005075428330281769,0.56202,0.55684,138.0,-0.007698322427179183,0.55771,0.55844,0.55807,0.55942,,,,,,,,,,,,
2022-10-17,0.005065635958560526,0.56011,0.56425,,,,,,,,,,,,,,,,,,
2022-10-18,0.005223078949943478,0.56933,0.56605,,,,,,,,,,,,,,,,,,
2022-10-19,0.005267184479811619,0.56646,0.56629,,,,,,,,,,,,,,,,,,
2022-10-20,0.005184799488168805,0.5703,0.57173,,,,,,,,,,,,,,,,,,
2022-10-21,0.005175744404857686,0.56316,0.57568,96.0,0.007906018417452608,0.56763,0.56799,0.5669,0.56788,113.0,0.011282795751594347,0.56955,0.56927,0.57033,0.57149,126.0,0.013334942016254752,0.57072,0.571,0.57127,0.57023
2022-10-24,0.0050689729964970036,0.56793,0.56902,,,,,,,,,,,,,,,,,,
2022-10-25,0.005116508208636086,0.56915,0.57563,89.0,0.007840569401752087,0.57363,0.57387,0.57408,0.57422,107.0,0.010434694904390208,0.57512,0.57509,0.5751,0.57661,121.0,0.012900701746005815,0.57654,0.57661,0.57571,0.57468
2022-10-26,0.005023171615265211,0.58047,0.58341,,,,,,,,,,,,,,,,,,
2022-10-27,0.004936436048319671,0.57965,0.58459,98.0,0.007459386277540232,0.58399,0.58396,0.58318,0.58235,129.0,0.009905065231503394,0.58542,0.58508,0.58545,0.58534,,,,,,
2022-10-28,0.005049597451426287,0.58016,0.57905,,,,,,,,,,,,,,,,,,
2022-10-31,0.0049571945256037826,0.57925,0.58105,,,,,,,,,,,,,,,,,,
2022-11-01,0.004800364492555437,0.58897,0.58368,69.0,-0.007909356838045402,0.58433,0.58437,0.58426,0.58378,79.0,-0.010136605565776764,0.58303,0.58324,0.58378,0.58495,,,,,,
2022-11-02,0.004698119254222509,0.58787,0.58611,,,,,,,,,,,,,,,,,,
2022-11-03,0.004591272561399211,0.57433,0.57811,85.0,0.007424531477365197,0.57861,0.57856,0.57838,0.57844,110.0,0.009392832123191575,0.57975,0.5794,0.57915,0.5789,,,,,,
2022-11-04,0.004510531316889209,0.58769,0.58988,,,,,,,,,,,,,,,,,,
2022-11-07,0.004418880596948452,0.5933,0.59297,,,,,,,,,,,,,,,,,,
2022-11-08,0.004755979858218796,0.59292,0.59807,78.0,0.007778479667230969,0.59755,0.59775,0.5973,0.5977,106.0,0.0095341127729397,0.5986,0.59862,0.59831,0.59808,,,,,,
2022-11-09,0.004678763722343019,0.5895,0.58947,,,,,,,,,,,,,,,,,,
2022-11-10,0.0045621365515983985,0.59539,0.59863,67.0,0.007096145323397934,0.59963,0.60019,0.59975,0.59933,106.0,0.009594564291821473,0.60113,0.60091,0.60071,0.60112,,,,,,
2022-11-11,0.004628343718549681,0.60779,0.61135,,,,,,,,,,,,,,,,,,
2022-11-14,0.00523457941573067,0.60905,0.61036,,,,,,,,,,,,,,,,,,
2022-11-15,0.005225066019773696,0.61614,0.61752,,,,,,,,,,,,,,,,,,
2022-11-16,0.005087847187173232,0.61624,0.61504,,,,,,,,,,,,,,,,,,
2022-11-17,0.004988226812982424,0.60688,0.6115,,,,,,,,,,,,,,,,,,
2022-11-18,0.0048606133172584,0.61736,0.61475,,,,,,,,,,,,,,,,,,
2022-11-21,0.004758458960862874,0.61145,0.60935,,,,,,,,,,,,,,,,,,
2022-11-22,0.004518604146870024,0.61434,0.61427,,,,,,,,,,,,,,,,,,
2022-11-23,0.004399902575613419,0.61831,0.62201,50.0,0.006930369743005405,0.62261,0.623,0.62234,0.62201,,,,,,,,,,,,
2022-11-24,0.004324384486770708,0.6273,0.62679,,,,,,,,,,,,,,,,,,
2022-11-25,0.004540468898225318,0.62279,0.62346,,,,,,,,,,,,,,,,,,
2022-11-28,0.0044268007451159904,0.62125,0.61889,,,,,,,,,,,,,,,,,,
2022-11-29,0.004260996096407426,0.62141,0.61994,,,,,,,,,,,,,,,,,,
2022-11-30,0.004151300380052122,0.62189,0.62338,,,,,,,,,,,,,,,,,,
2022-12-01,0.004046056124431882,0.63652,0.63755,,,,,,,,,,,,,,,,,,
2022-12-02,0.004324925140726727,0.63542,0.63985,164.0,0.006697486430760468,0.63969,0.63972,0.6395,0.63951,,,,,,,,,,,,
2022-12-05,0.004309922049972238,0.63944,0.6318,60.0,-0.007645189159419284,0.63457,0.63485,0.63424,0.63425,69.0,-0.008622706343806588,0.63395,0.63421,0.63422,0.63316,91.0,-0.01113394108977663,0.63236,0.63198,0.63267,0.63365
2022-12-06,0.004140678048131483,0.63368,0.63206,,,,,,,,,,,,,,,,,,
2022-12-07,0.004383800480436134,0.63705,0.63678,,,,,,,,,,,,,,,,,,
2022-12-08,0.00427065125197313,0.63698,0.63689,,,,,,,,,,,,,,,,,,
2022-12-09,0.0041981268900210525,0.63953,0.64173,,,,,,,,,,,,,,,,,,
2022-12-12,0.004182598526186679,0.63975,0.63771,,,,,,,,,,,,,,,,,,
2022-12-13,0.003976797474430347,0.64791,0.64651,,,,,,,,,,,,,,,,,,
2022-12-14,0.003879145649457749,0.64456,0.64438,,,,,,,,,,,,,,,,,,
2022-12-15,0.003906169618072689,0.63824,0.6321,160.0,-0.006003192482189575,0.63442,0.63417,0.6343,0.63437,,,,,,,,,,,,
2022-12-16,0.003808437992864047,0.63722,0.63781,,,,,,,,,,,,,,,,,,
2022-12-19,0.0039211181523246905,0.63674,0.63826,,,,,,,,,,,,,,,,,,
2022-12-20,0.0037429044613144233,0.6319,0.63241,,,,,,,,,,,,,,,,,,
2022-12-21,0.0037877889819022065,0.63058,0.62849,,,,,,,,,,,,,,,,,,
2022-12-22,0.0037107412411270945,0.6251,0.62404,,,,,,,,,,,,,,,,,,
2022-12-23,0.0036298139081487406,0.62812,0.62895,,,,,,,,,,,,,,,,,,
2022-12-26,0.003626822893065728,0.62643,0.6256,,,,,,,,,,,,,,,,,,
2022-12-27,0.003454861569342383,0.62757,0.62703,,,,,,,,,,,,,,,,,,
2022-12-28,0.0033863885601844303,0.63288,0.63153,,,,,,,,,,,,,,,,,,
2022-12-29,0.003343509164543984,0.63285,0.63535,,,,,,,,,,,,,,,,,,
2022-12-30,0.003512326481422859,0.6351,0.63525,90.0,-0.0057161961454030175,0.63148,0.63193,0.63205,0.6316,,,,,,,,,,,,
2023-01-02,0.0034324160032780282,0.63256,0.63109,,,,,,,,,,,,,,,,,,
2023-01-03,0.0033626472534297007,0.62521,0.62407,,,,,,,,,,,,,,,,,,
2023-01-04,0.003333064239892291,0.63347,0.63048,68.0,-0.005016746161842292,0.6303,0.63004,0.62912,0.62853,73.0,-0.006890625162159698,0.62912,0.62919,0.62975,0.62968,,,,,,
2023-01-05,0.003470626450079609,0.62323,0.62216,,,,,,,,,,,,,,,,,,
2023-01-06,0.00338581695271759,0.62525,0.63385,77.0,0.00516854724702832,0.62849,0.62829,0.62898,0.62879,99.0,0.007298371944302578,0.62983,0.63001,0.62964,0.63162,107.0,0.009059201099180783,0.63094,0.63094,0.63165,0.63113
2023-01-09,0.00336114647119506,0.6395,0.63882,,,,,,,,,,,,,,,,,,
2023-01-10,0.003723974355524725,0.63648,0.63609,,,,,,,,,,,,,,,,,,
2023-01-11,0.003653403242375918,0.63505,0.63486,,,,,,,,,,,,,,,,,,
2023-01-12,0.0035634978548547895,0.64128,0.64,14.0,-0.005692318250944685,0.63764,0.63792,0.63706,0.63854,36.0,-0.007670309822203086,0.63638,0.63643,0.63602,0.63445,42.0,-0.009919923381348068,0.63495,0.63478,0.63504,0.63323
2023-01-13,0.0034762446809213808,0.63393,0.63732,,,,,,,,,,,,,,,,,,
2023-01-16,0.003391602723461131,0.63824,0.63848,,,,,,,,,,,,,,,,,,
2023-01-17,0.003250746542001938,0.63993,0.64274,93.0,0.0055787715591405,0.64351,0.64271,0.64288,0.64278,,,,,,,,,,,,
2023-01-18,0.003172735851548745,0.65026,0.64378,115.0,-0.005196018320325583,0.64689,0.64726,0.64725,0.64726,142.0,-0.007021796330213718,0.64571,0.64548,0.64638,0.64498,156.0,-0.008044449739864028,0.64505,0.64498,0.6456,0.64524
2023-01-19,0.0032166470258706767,0.63942,0.63858,,,,,,,,,,,,,,,,,,
2023-01-20,0.0031896651990560286,0.64086,0.64652,75.0,0.004918757193091213,0.64402,0.64379,0.64422,0.64661,82.0,0.006516808841486546,0.64505,0.64524,0.64639,0.64602,87.0,0.008592012460530615,0.64639,0.64623,0.64634,0.64503
2023-01-23,0.003121959375386463,0.6452,0.6477,115.0,0.0051479170368441095,0.64853,0.6481,0.64871,0.64903,123.0,0.006565504602239213,0.64945,0.6492,0.64891,0.6485,,,,,,
2023-01-24,0.0031730170152742755,0.6482,0.65076,,,,,,,,,,,,,,,,,,
2023-01-25,0.0031203605027324967,0.64555,0.6466,67.0,0.004713527252490026,0.6486,0.64817,0.64694,0.64659,,,,,,,,,,,,
2023-01-26,0.0030493839300051832,0.64948,0.64687,113.0,-0.00524870759444087,0.64608,0.6458,0.64615,0.64648,,,,,,,,,,,,
2023-01-27,0.0029791140407983752,0.64868,0.64886,,,,,,,,,,,,,,,,,,
2023-01-30,0.002911183508365079,0.6485,0.64812,,,,,,,,,,,,,,,,,,
2023-01-31,0.0027832356290207996,0.64581,0.64557,,,,,,,,,,,,,,,,,,
2023-02-01,0.0028305138850909027,0.64532,0.64341,,,,,,,,,,,,,,,,,,
2023-02-02,0.002774955859773425,0.65118,0.64821,57.0,-0.004216623412606074,0.64844,0.64842,0.64859,0.64653,67.0,-0.005729086082281261,0.64746,0.64695,0.64653,0.64831,71.0,-0.007367594479092923,0.6464,0.64653,0.64707,0.64819
2023-02-03,0.003173458542300933,0.6386,0.63462,69.0,-0.00481898384170242,0.63553,0.63517,0.63715,0.63885,165.0,-0.006724721316538085,0.63432,0.6344,0.63467,0.63426,,,,,,
2023-02-06,0.0032539397700806277,0.62972,0.62815,,,,,,,,,,,,,,,,,,
2023-02-07,0.003926824246042748,0.62921,0.63515,,,,,,,,,,,,,,,,,,
2023-02-08,0.0038294394022012858,0.63217,0.63121,,,,,,,,,,,,,,,,,,
2023-02-09,0.00373344672276121,0.63828,0.63427,140.0,-0.0057033927080402105,0.63465,0.63467,0.63451,0.63437,,,,,,,,,,,,
2023-02-10,0.0036507862961901076,0.63337,0.63033,,,,,,,,,,,,,,,,,,
2023-02-13,0.0036139452810953873,0.63354,0.63581,,,,,,,,,,,,,,,,,,
2023-02-14,0.003435629820665696,0.6353,0.63378,17.0,-0.005967716357950622,0.63152,0.63183,0.63196,0.62971,24.0,-0.006934106648855889,0.63091,0.63119,0.63024,0.63139,32.0,-0.008837932325832515,0.62971,0.62973,0.63099,0.63268
2023-02-15,0.003434802350932957,0.62666,0.62651,,,,,,,,,,,,,,,,,,
2023-02-16,0.003439938109900476,0.62621,0.62749,,,,,,,,,,,,,,,,,,
2023-02-17,0.0033534821458165377,0.62139,0.62352,,,,,,,,,,,,,,,,,,
2023-02-20,0.0035403145966989,0.62514,0.62535,,,,,,,,,,,,,,,,,,
2023-02-21,0.0033841729293901195,0.62279,0.6218,,,,,,,,,,,,,,,,,,
2023-02-22,0.0033015540242606056,0.62461,0.62336,,,,,,,,,,,,,,,,,,
2023-02-23,0.00323446633239151,0.62191,0.62054,,,,,,,,,,,,,,,,,,
2023-02-24,0.0031835159173312887,0.61709,0.61621,,,,,,,,,,,,,,,,,,
2023-02-27,0.003114875617457163,0.61569,0.61666,,,,,,,,,,,,,,,,,,
2023-02-28,0.003223289033007379,0.61832,0.62032,,,,,,,,,,,,,,,,,,
2023-03-01,0.003151742728759958,0.62477,0.62605,,,,,,,,,,,,,,,,,,
2023-03-02,0.0032101869270033307,0.62209,0.62019,,,,,,,,,,,,,,,,,,
2023-03-03,0.003159977857266895,0.62224,0.62143,130.0,-0.0047683575109790785,0.61928,0.61937,0.61974,0.61973,,,,,,,,,,,,
2023-03-06,0.003087345318043303,0.61881,0.61889,,,,,,,,,,,,,,,,,,
2023-03-07,0.0029518208766466524,0.61727,0.61219,69.0,-0.0046115207160521135,0.61443,0.61439,0.61484,0.61509,180.0,-0.007643307879407464,0.61257,,,,180.0,-0.007643307879407464,0.61257,,,
2023-03-08,0.002888070121610899,0.61132,0.61054,,,,,,,,,,,,,,,,,,
2023-03-09,0.003356182467206541,0.61319,0.61291,,,,,,,,,,,,,,,,,,
2023-03-10,0.003304796029432978,0.61603,0.61554,,,,,,,,,,,,,,,,,,
2023-03-13,0.003235565058388293,0.62004,0.62281,120.0,0.007279420868698277,0.62457,0.62458,0.6246,0.62516,120.0,0.007279420868698277,0.62457,0.62458,0.6246,0.62516,132.0,0.008463534681967519,0.62531,0.62513,0.62489,0.62598
2023-03-14,0.003308628233090984,0.62375,0.62262,,,,,,,,,,,,,,,,,,
2023-03-15,0.0032435695778188574,0.61987,0.61759,,,,,,,,,,,,,,,,,,
2023-03-16,0.003177578738352147,0.61734,0.6175,,,,,,,,,,,,,,,,,,
2023-03-17,0.00333094713543819,0.62573,0.62562,,,,,,,,,,,,,,,,,,
2023-03-20,0.0035194656746649843,0.62484,0.62504,,,,,,,,,,,,,,,,,,
2023-03-21,0.0033847800855688406,0.61897,0.61733,,,,,,,,,,,,,,,,,,
2023-03-22,0.003350176823626367,0.62112,0.62137,,,,,,,,,,,,,,,,,,
2023-03-23,0.0032786487943714067,0.6277,0.62803,,,,,,,,,,,,,,,,,,
2023-03-24,0.0034231240652367735,0.61944,0.62048,,,,,,,,,,,,,,,,,,
2023-03-27,0.0033834507735815097,0.61939,0.61903,,,,,,,,,,,,,,,,,,
2023-03-28,0.003288729854883653,0.62318,0.62489,,,,,,,,,,,,,,,,,,
2023-03-29,0.0032356416901382326,0.62273,0.62207,,,,,,,,,,,,,,,,,,
2023-03-30,0.0032423546048672364,0.62357,0.62501,,,,,,,,,,,,,,,,,,
2023-03-31,0.003325903887870559,0.62541,0.62694,,,,,,,,,,,,,,,,,,
2023-04-03,0.003540448816994795,0.62879,0.62876,,,,,,,,,,,,,,,,,,
2023-04-04,0.0034706485206829315,0.62774,0.6303,,,,,,,,,,,,,,,,,,
2023-04-05,0.0036639754195276226,0.63236,0.63282,,,,,,,,,,,,,,,,,,
2023-04-06,0.0036765509078902367,0.62805,0.62517,80.0,-0.005796562255438986,0.62442,0.62457,0.62465,0.62489,,,,,,,,,,,,
2023-04-10,0.0037273936151055093,0.62279,0.62006,,,,,,,,,,,,,,,,,,
2023-04-11,0.0036258283627309228,0.62043,0.61928,,,,,,,,,,,,,,,,,,
2023-04-12,0.0035360490838108227,0.62289,0.62112,,,,,,,,,,,,,,,,,,
2023-04-13,0.003509019774070763,0.62435,0.63063,54.0,0.005383098609365783,0.62772,0.62776,0.62748,0.6296,120.0,0.008373588542039513,0.6296,0.62957,0.62904,0.62953,,,,,,
2023-04-14,0.003443541578846762,0.62828,0.62057,180.0,-0.009981527621694635,0.62204,,,,180.0,-0.009981527621694635,0.62204,,,,180.0,-0.009981527621694635,0.62204,,,
2023-04-17,0.0037567075148973793,0.61968,0.61699,166.0,-0.005842622325408351,0.61607,0.61646,0.61697,,,,,,,,,,,,,
2023-04-18,0.0039711350443821,0.62184,0.62007,,,,,,,,,,,,,,,,,,
2023-04-19,0.0038745811541600677,0.62059,0.62127,,,,,,,,,,,,,,,,,,
2023-04-20,0.0037864283860085503,0.61898,0.61888,,,,,,,,,,,,,,,,,,
2023-04-21,0.003769776065756696,0.61292,0.61361,,,,,,,,,,,,,,,,,,
2023-04-24,0.00367370194160346,0.61398,0.61407,,,,,,,,,,,,,,,,,,
2023-04-25,0.0035211047319437805,0.61511,0.61424,,,,,,,,,,,,,,,,,,
2023-04-26,0.0034958492131570854,0.61271,0.61325,,,,,,,,,,,,,,,,,,
2023-04-27,0.0034705105069368684,0.61494,0.61325,,,,,,,,,,,,,,,,,,
2023-04-28,0.003385071431173114,0.61508,0.61749,,,,,,,,,,,,,,,,,,
2023-05-01,0.003319440067982259,0.61966,0.61679,,,,,,,,,,,,,,,,,,
2023-05-02,0.003187503444598592,0.62105,0.62052,,,,,,,,,,,,,,,,,,
2023-05-03,0.0031118227912853187,0.6228,0.62356,,,,,,,,,,,,,,,,,,
2023-05-04,0.003195744619358972,0.62683,0.62816,,,,,,,,,,,,,,,,,,
2023-05-05,0.0031201518038816737,0.6273,0.62967,,,,,,,,,,,,,,,,,,
2023-05-08,0.003209568904696219,0.63421,0.63488,,,,,,,,,,,,,,,,,,
2023-05-09,0.0030585850346928193,0.63287,0.63192,,,,,,,,,,,,,,,,,,
2023-05-10,0.003030515061105571,0.63781,0.63527,,,,,,,,,,,,,,,,,,
2023-05-11,0.0029668980972620725,0.63453,0.63062,105.0,-0.004533292657580498,0.63166,0.6315,0.63087,0.63077,113.0,-0.005943272058333536,0.63077,0.63073,0.63076,0.6302,137.0,-0.008022258389143758,0.62946,0.62918,0.62902,0.6298
2023-05-12,0.0029354305711917247,0.62266,0.61897,155.0,-0.004442448717372364,0.6199,0.6198,0.61956,0.61955,,,,,,,,,,,,
2023-05-15,0.003259518396946237,0.62154,0.62254,,,,,,,,,,,,,,,,,,
2023-05-16,0.0034042339327679757,0.6243,0.62343,,,,,,,,,,,,,,,,,,
2023-05-17,0.0034188411411471722,0.62554,0.62372,,,,,,,,,,,,,,,,,,
2023-05-18,0.0033353664389817973,0.62396,0.62074,160.0,-0.005206169164973913,0.62072,0.62077,0.62071,0.6207,,,,,,,,,,,,
2023-05-19,0.0032620183374904486,0.62791,0.62859,,,,,,,,,,,,,,,,,,
2023-05-22,0.0031964501283157786,0.62809,0.62727,,,,,,,,,,,,,,,,,,
2023-05-23,0.003076274169215131,0.6238,0.62577,,,,,,,,,,,,,,,,,,
2023-05-24,0.003006839863287019,0.61371,0.61053,138.0,-0.004687444783799977,0.61084,0.61082,0.61087,0.61139,,,,,,,,,,,,
2023-05-25,0.0034590245621179605,0.60765,0.60489,,,,,,,,,,,,,,,,,,
2023-05-26,0.0037029083184721583,0.60908,0.60443,120.0,-0.005845514376846072,0.60553,0.60546,0.60619,0.60644,164.0,-0.00753140945732381,0.60451,0.60441,0.60478,0.60401,,,,,,
2023-05-29,0.003638823363213801,0.60526,0.60555,,,,,,,,,,,,,,,,,,
2023-05-30,0.0034934623828635587,0.60512,0.60426,,,,,,,,,,,,,,,,,,
2023-05-31,0.0034066016185217945,0.60035,0.5994,,,,,,,,,,,,,,,,,,
2023-06-01,0.003391309101625485,0.60228,0.60748,174.0,0.005100868931423532,0.60536,0.60552,0.60548,,,,,,,,,,,,,
2023-06-02,0.0033078892010232645,0.60877,0.60693,,,,,,,,,,,,,,,,,,
2023-06-05,0.0034602116977636636,0.60454,0.6081,124.0,0.005328682668535178,0.60777,0.608,0.60786,0.6069,,,,,,,,,,,,
2023-06-06,0.003318931579546343,0.60764,0.60775,,,,,,,,,,,,,,,,,,
2023-06-07,0.003259728078367835,0.60755,0.60473,,,,,,,,,,,,,,,,,,
2023-06-08,0.0031814281868504136,0.60799,0.60917,,,,,,,,,,,,,,,,,,
2023-06-09,0.003139126075639373,0.61163,0.61256,,,,,,,,,,,,,,,,,,
2023-06-12,0.0031298675790221633,0.61354,0.61133,,,,,,,,,,,,,,,,,,
2023-06-13,0.0030534812525108363,0.61424,0.6148,,,,,,,,,,,,,,,,,,
2023-06-14,0.002982336999186588,0.61984,0.62329,180.0,0.004555303206776142,0.62267,,,,,,,,,,,,,,,
2023-06-15,0.0030509299909015205,0.61753,0.62259,103.0,0.0047979543266938665,0.6205,0.62039,0.62089,0.62141,113.0,0.006392170398764714,0.62149,0.62125,0.62141,0.62165,,,,,,
2023-06-16,0.002984054777014162,0.62254,0.62213,,,,,,,,,,,,,,,,,,
2023-06-19,0.0030823507188431232,0.61953,0.62041,,,,,,,,,,,,,,,,,,
2023-06-20,0.0029529484675363733,0.61732,0.61474,,,,,,,,,,,,,,,,,,
2023-06-21,0.002951337714352237,0.61695,0.61871,,,,,,,,,,,,,,,,,,
2023-06-22,0.0029002247647168266,0.62096,0.61842,,,,,,,,,,,,,,,,,,
2023-06-23,0.002929940487155684,0.61257,0.61438,,,,,,,,,,,,,,,,,,
2023-06-26,0.0030327090125004813,0.61697,0.61677,,,,,,,,,,,,,,,,,,
2023-06-27,0.002938690984574734,0.61702,0.61742,,,,,,,,,,,,,,,,,,
2023-06-28,0.0028860352246812566,0.6071,0.60864,,,,,,,,,,,,,,,,,,
2023-06-29,0.003031097333971468,0.60659,0.60719,,,,,,,,,,,,,,,,,,
2023-06-30,0.0030677999352569994,0.61077,0.61312,,,,,,,,,,,,,,,,,,
2023-07-03,0.002999371423812593,0.61367,0.61529,,,,,,,,,,,,,,,,,,
2023-07-04,0.003020362370711922,0.61869,0.62,,,,,,,,,,,,,,,,,,
2023-07-05,0.0029713466588562687,0.61921,0.61822,,,,,,,,,,,,,,,,,,
2023-07-06,0.0030032248978059555,0.62168,0.61505,18.0,-0.004562573914955451,0.61885,0.61885,0.61808,0.61757,22.0,-0.0060664916608371405,0.61792,0.61808,0.61868,0.61721,40.0,-0.007588882431832546,0.61698,0.61691,0.61717,0.61696
2023-07-07,0.0029400105872643494,0.61715,0.62035,133.0,0.0044138047291966,0.61988,0.61983,0.61957,0.62006,160.0,0.006106247972935475,0.62093,0.62084,0.62079,0.62073,,,,,,
2023-07-10,0.0029163026919467932,0.61727,0.61937,,,,,,,,,,,,,,,,,,
2023-07-11,0.002892510367671463,0.61848,0.6179,,,,,,,,,,,,,,,,,,
2023-07-12,0.002865605395941972,0.6185,0.6291,30.0,0.007393778800534028,0.62309,0.62306,0.62377,0.62341,30.0,0.007393778800534028,0.62309,0.62306,0.62377,0.62341,30.0,0.007393778800534028,0.62309,0.62306,0.62377,0.62341
2023-07-13,0.002818424214704153,0.63643,0.63699,102.0,0.004280378755199086,0.63916,0.639,0.63917,0.63938,,,,,,,,,,,,
2023-07-14,0.0031546290098849405,0.63804,0.63732,,,,,,,,,,,,,,,,,,
2023-07-17,0.003354717165532938,0.63273,0.63322,,,,,,,,,,,,,,,,,,
2023-07-18,0.0032509295795584365,0.62815,0.62884,,,,,,,,,,,,,,,,,,
2023-07-19,0.0031888925190093776,0.62463,0.62424,,,,,,,,,,,,,,,,,,
2023-07-20,0.003356037876613176,0.62528,0.62216,,,,,,,,,,,,,,,,,,
2023-07-21,0.003350379627041994,0.61841,0.6176,,,,,,,,,,,,,,,,,,
2023-07-24,0.003539248632475918,0.62028,0.62065,,,,,,,,,,,,,,,,,,
2023-07-25,0.0035198354320055843,0.62218,0.62206,,,,,,,,,,,,,,,,,,
2023-07-26,0.003541736277352799,0.62083,0.62081,,,,,,,,,,,,,,,,,,
2023-07-27,0.003455946012884629,0.6238,0.6208,180.0,-0.006594314205641026,0.6197,,,,,,,,,,,,,,,
2023-07-28,0.003450512252735357,0.61564,0.61658,,,,,,,,,,,,,,,,,,
2023-07-31,0.0036202066946985968,0.6202,0.62185,,,,,,,,,,,,,,,,,,
2023-08-01,0.0034725591649449462,0.61508,0.61404,,,,,,,,,,,,,,,,,,
2023-08-02,0.003391976069585926,0.6108,0.60811,147.0,-0.005252802622859514,0.6076,0.60767,0.6081,0.60715,,,,,,,,,,,,
2023-08-03,0.0035280836664885644,0.60776,0.6084,,,,,,,,,,,,,,,,,,
2023-08-04,0.0035643883914998915,0.60721,0.61264,50.0,0.005501873835851839,0.61056,0.61066,0.61044,0.61146,67.0,0.007465353751954378,0.61176,0.61161,0.61141,0.61177,96.0,0.009180241847079306,0.61281,0.61259,0.61279,0.61207
2023-08-07,0.0034982912889293303,0.61021,0.60936,,,,,,,,,,,,,,,,,,
2023-08-08,0.0033441639208998614,0.60391,0.60457,,,,,,,,,,,,,,,,,,
2023-08-09,0.0032932824143969883,0.60583,0.60479,,,,,,,,,,,,,,,,,,
2023-08-10,0.003223864149942066,0.60755,0.6059,30.0,0.005695215505476758,0.61102,0.61122,0.60969,0.60741,,,,,,,,,,,,
2023-08-11,0.0031497354853779387,0.60097,0.5982,,,,,,,,,,,,,,,,,,
2023-08-14,0.003216595248503903,0.59797,0.59851,93.0,-0.0049119552913742155,0.59504,0.59518,0.5949,0.59449,,,,,,,,,,,,
2023-08-15,0.003130273264669272,0.59682,0.59766,,,,,,,,,,,,,,,,,,
2023-08-16,0.0030793212046447906,0.59676,0.59481,,,,,,,,,,,,,,,,,,
2023-08-17,0.00302486331165389,0.59526,0.59319,,,,,,,,,,,,,,,,,,
2023-08-18,0.0030810407149999813,0.59169,0.59387,,,,,,,,,,,,,,,,,,
2023-08-21,0.0030420655196998206,0.59241,0.59033,,,,,,,,,,,,,,,,,,
2023-08-22,0.002916955371327947,0.59614,0.59458,100.0,-0.004488873636520247,0.59347,0.59343,0.593,0.59263,114.0,-0.006057157530606311,0.59254,0.59263,0.5926,0.59315,,,,,,
2023-08-23,0.0028600199945147987,0.59315,0.59743,105.0,0.00469267274961865,0.59594,0.59587,0.59593,0.59629,126.0,0.005866598323398357,0.59664,0.59618,0.5963,0.59677,,,,,,
2023-08-24,0.002837815051431309,0.59334,0.59222,,,,,,,,,,,,,,,,,,
2023-08-25,0.002779791992001626,0.59168,0.58991,164.0,-0.004726539204093249,0.58889,0.58878,0.58915,0.58935,,,,,,,,,,,,
2023-08-28,0.002862208535553544,0.59086,0.591,,,,,,,,,,,,,,,,,,
2023-08-29,0.002770509389032557,0.58973,0.59453,122.0,0.005327212605228887,0.59288,0.59281,0.59355,0.59327,124.0,0.006422955333350471,0.59353,0.59402,0.59388,0.59345,125.0,0.007248183791617654,0.59402,0.59347,0.59346,0.59388
2023-08-30,0.00271093834144472,0.59573,0.59781,30.0,0.004806051132099174,0.5986,0.59836,0.59818,0.59929,42.0,0.005524136047268881,0.59903,0.59918,0.59935,0.59967,54.0,0.007008768706634742,0.59992,0.59987,0.59964,0.59882
2023-08-31,0.002697463895981311,0.59511,0.59459,,,,,,,,,,,,,,,,,,
2023-09-01,0.002656900327047456,0.59697,0.59367,31.0,0.004812763087253036,0.59985,0.59967,0.60065,0.60018,34.0,0.006212133598983823,0.60069,0.6006,0.60046,0.60091,50.0,0.0066448755251138115,0.60095,0.60024,0.60002,0.59879
2023-09-04,0.0026025193850783787,0.59449,0.59376,,,,,,,,,,,,,,,,,,
2023-09-05,0.0025467804723959425,0.58652,0.5883,64.0,0.003981696288027349,0.58886,0.58877,0.58796,0.58786,,,,,,,,,,,,
2023-09-06,0.002577787323928785,0.58876,0.58718,122.0,-0.004323484581153564,0.58622,0.58645,0.58732,0.58772,,,,,,,,,,,,
2023-09-07,0.0025877478582494854,0.58815,0.58816,,,,,,,,,,,,,,,,,,
2023-09-08,0.002562830440784801,0.5905,0.58951,,,,,,,,,,,,,,,,,,
2023-09-11,0.0025664090918480213,0.59158,0.59196,,,,,,,,,,,,,,,,,,
2023-09-12,0.0025331114128484236,0.59044,0.59036,,,,,,,,,,,,,,,,,,
2023-09-13,0.002487413923379872,0.59031,0.59156,,,,,,,,,,,,,,,,,,
2023-09-14,0.002492208742885644,0.59284,0.5917,30.0,-0.0039549124512972674,0.5905,0.59034,0.59062,0.59057,,,,,,,,,,,,
2023-09-15,0.0025257145280191094,0.59156,0.59067,,,,,,,,,,,,,,,,,,
2023-09-18,0.00247398549664861,0.59031,0.59179,,,,,,,,,,,,,,,,,,
2023-09-19,0.002462546214015561,0.59425,0.59268,,,,,,,,,,,,,,,,,,
2023-09-20,0.002416807542532781,0.59673,0.59745,,,,,,,,,,,,,,,,,,
2023-09-21,0.0024062945432438134,0.59069,0.5931,153.0,0.00363320298603134,0.59284,0.59266,0.59315,0.5923,,,,,,,,,,,,
2023-09-22,0.002443399199116274,0.59776,0.59712,,,,,,,,,,,,,,,,,,
2023-09-25,0.002434890425331166,0.59637,0.59614,,,,,,,,,,,,,,,,,,
2023-09-26,0.0023925920501542937,0.59616,0.59503,,,,,,,,,,,,,,,,,,
2023-09-27,0.0023589722824906042,0.59237,0.59231,,,,,,,,,,,,,,,,,,
2023-09-28,0.0023699679903005284,0.59528,0.597,,,,,,,,,,,,,,,,,,
2023-09-29,0.002324121296192056,0.60226,0.60089,,,,,,,,,,,,,,,,,,
2023-10-02,0.0025826469489294134,0.59672,0.59545,,,,,,,,,,,,,,,,,,
2023-10-03,0.0024796769339482947,0.58984,0.58918,,,,,,,,,,,,,,,,,,
2023-10-04,0.0027315044819151216,0.58998,0.59206,,,,,,,,,,,,,,,,,,
2023-10-05,0.0027377588648167792,0.5943,0.59445,,,,,,,,,,,,,,,,,,
2023-10-06,0.002876656081388349,0.59648,0.59912,32.0,-0.005210708846638929,0.59338,0.59291,0.59361,0.59304,33.0,-0.0060030952354507205,0.59291,0.59264,0.59352,0.59317,,,,,,
2023-10-09,0.002844988615734223,0.59759,0.60007,114.0,0.004457994610177138,0.60026,0.6002,0.59997,0.59983,,,,,,,,,,,,
2023-10-10,0.00274096229068728,0.60032,0.60409,,,,,,,,,,,,,,,,,,
2023-10-11,0.002781856868751699,0.60149,0.60193,,,,,,,,,,,,,,,,,,
2023-10-12,0.002736160358637396,0.59994,0.59435,41.0,-0.004242744433803519,0.5974,0.5979,0.59856,0.59791,92.0,-0.005532494451371689,0.59663,0.59629,0.59667,0.59576,106.0,-0.006891042188520301,0.59582,0.59576,0.59611,0.59524
2023-10-13,0.002723324095104783,0.59077,0.58907,,,,,,,,,,,,,,,,,,
2023-10-16,0.0030999793319160637,0.59215,0.59219,,,,,,,,,,,,,,,,,,
2023-10-17,0.003114669831354637,0.58988,0.59064,36.0,-0.00468989814593266,0.58712,0.5873,0.58721,0.58777,,,,,,,,,,,,
2023-10-18,0.0030494543269903424,0.58898,0.58579,157.0,-0.0046288500333812686,0.58626,0.5863,0.58608,0.58607,,,,,,,,,,,,
2023-10-19,0.0029779108266265344,0.58241,0.58415,,,,,,,,,,,,,,,,,,
2023-10-20,0.0031909039855577198,0.58288,0.58282,,,,,,,,,,,,,,,,,,
2023-10-23,0.00311623114137216,0.58184,0.58421,,,,,,,,,,,,,,,,,,
2023-10-24,0.002984170332581506,0.58495,0.58331,,,,,,,,,,,,,,,,,,
2023-10-25,0.0030084569200970537,0.58191,0.58224,,,,,,,,,,,,,,,,,,
2023-10-26,0.0029392710389272284,0.57929,0.58129,90.0,0.004615684270555334,0.58197,0.58203,0.58212,0.58272,104.0,0.006178117519684623,0.58288,0.58272,0.58239,0.58172,,,,,,
2023-10-27,0.0032072963449006637,0.58175,0.58239,,,,,,,,,,,,,,,,,,
2023-10-30,0.0032694759448971336,0.58342,0.58309,,,,,,,,,,,,,,,,,,
2023-10-31,0.0031489365815753024,0.58292,0.58104,,,,,,,,,,,,,,,,,,
2023-11-01,0.0030765797154081566,0.58267,0.58258,96.0,0.0046573034202110185,0.58539,0.58539,0.58555,0.58501,,,,,,,,,,,,
2023-11-02,0.003035829959254996,0.59128,0.58804,90.0,-0.004661776015263264,0.58853,0.58835,0.58847,0.58902,,,,,,,,,,,,
2023-11-03,0.003346285457285195,0.59716,0.59959,,,,,,,,,,,,,,,,,,
2023-11-06,0.0032648787853425164,0.59722,0.5975,,,,,,,,,,,,,,,,,,
2023-11-07,0.003564259125162794,0.59197,0.59209,,,,,,,,,,,,,,,,,,
2023-11-08,0.003628679135376678,0.59264,0.59197,,,,,,,,,,,,,,,,,,
2023-11-09,0.0035393814327244425,0.59352,0.5939,,,,,,,,,,,,,,,,,,
2023-11-10,0.0034576027855903555,0.58973,0.58875,,,,,,,,,,,,,,,,,,
2023-11-13,0.0034202570237807563,0.58769,0.58864,,,,,,,,,,,,,,,,,,
2023-11-14,0.003257943426505778,0.59417,0.59895,57.0,0.0049358773233907655,0.59711,0.5972,0.59697,0.59701,129.0,0.006625929012861464,0.59812,0.59813,0.59855,0.59806,,,,,,
2023-11-15,0.0031966024258407127,0.60242,0.60278,,,,,,,,,,,,,,,,,,
2023-11-16,0.004180126567220403,0.60109,0.59858,,,,,,,,,,,,,,,,,,
2023-11-17,0.004139813421506589,0.59761,0.59782,,,,,,,,,,,,,,,,,,
2023-11-20,0.004054138957818038,0.60218,0.60226,,,,,,,,,,,,,,,,,,
2023-11-21,0.003955907372420731,0.60666,0.6053,,,,,,,,,,,,,,,,,,
2023-11-22,0.0039045209999241056,0.60248,0.6018,,,,,,,,,,,,,,,,,,
2023-11-23,0.003823616887443465,0.6044,0.60447,,,,,,,,,,,,,,,,,,
2023-11-24,0.003727154390218899,0.60683,0.60807,,,,,,,,,,,,,,,,,,
2023-11-27,0.0036338987417801954,0.60924,0.60836,,,,,,,,,,,,,,,,,,
2023-11-28,0.0034888204865723745,0.61057,0.61297,138.0,0.005471679406191303,0.61392,0.61396,0.61376,0.61398,,,,,,,,,,,,
2023-11-29,0.0034646988231102935,0.61449,0.61548,,,,,,,,,,,,,,,,,,
2023-11-30,0.0037657157673858196,0.61378,0.61524,116.0,0.005653771233887721,0.61726,0.61738,0.61784,0.61717,,,,,,,,,,,,
2023-12-01,0.0036866364231251353,0.61589,0.61981,145.0,0.005779754625247329,0.61946,0.61917,0.61901,0.61939,,,,,,,,,,,,
2023-12-04,0.003601346899158895,0.61856,0.6167,,,,,,,,,,,,,,,,,,
2023-12-05,0.003507924780812998,0.6138,0.61366,,,,,,,,,,,,,,,,,,
2023-12-06,0.003503410304987818,0.61647,0.61532,,,,,,,,,,,,,,,,,,
2023-12-07,0.0034233322351484344,0.61539,0.61795,,,,,,,,,,,,,,,,,,
2023-12-08,0.0034226082477266575,0.61295,0.61239,,,,,,,,,,,,,,,,,,
2023-12-11,0.0034424820633473553,0.6122,0.61141,,,,,,,,,,,,,,,,,,
2023-12-12,0.0033864379998864544,0.61219,0.61213,,,,,,,,,,,,,,,,,,
2023-12-13,0.003369264271350386,0.61189,0.61208,,,,,,,,,,,,,,,,,,
2023-12-14,0.003390235823788393,0.62073,0.62185,,,,,,,,,,,,,,,,,,
2023-12-15,0.004061885974756951,0.6186,0.62132,145.0,0.0061080456460932235,0.62239,0.62258,0.6228,0.62212,,,,,,,,,,,,
2023-12-18,0.003965975421155452,0.62328,0.62095,,,,,,,,,,,,,,,,,,
2023-12-19,0.003807089301045441,0.62475,0.62674,,,,,,,,,,,,,,,,,,
2023-12-20,0.003710782400210126,0.62927,0.62829,,,,,,,,,,,,,,,,,,
2023-12-21,0.0037164081099609328,0.62841,0.62764,,,,,,,,,,,,,,,,,,
2023-12-22,0.0036596035751711845,0.63083,0.62978,,,,,,,,,,,,,,,,,,
2023-12-26,0.0036244248159759854,0.63198,0.63182,,,,,,,,,,,,,,,,,,
2023-12-27,0.0034595604036633558,0.63219,0.63383,,,,,,,,,,,,,,,,,,
2023-12-28,0.003384333792266919,0.6331,0.63471,,,,,,,,,,,,,,,,,,
2023-12-29,0.0033054057620548476,0.63083,0.63368,86.0,0.005044087067312889,0.63402,0.63399,0.63425,0.63426,,,,,,,,,,,,
