date,sigma,open,exit_px,t_1.5,disp_1.5,px_1.5_d0,px_1.5_d1,px_1.5_d5,px_1.5_d15,t_2.0,disp_2.0,px_2.0_d0,px_2.0_d1,px_2.0_d5,px_2.0_d15,t_2.5,disp_2.5,px_2.5_d0,px_2.5_d1,px_2.5_d5,px_2.5_d15
2011-01-03,,0.9357,0.9332,,,,,,,,,,,,,,,,,,
2011-01-04,,0.944,0.9463,,,,,,,,,,,,,,,,,,
2011-01-05,,0.9586,0.9642,,,,,,,,,,,,,,,,,,
2011-01-06,,0.9653,0.9639,,,,,,,,,,,,,,,,,,
2011-01-07,,0.9643,0.9655,,,,,,,,,,,,,,,,,,
2011-01-10,,0.9677,0.9691,,,,,,,,,,,,,,,,,,
2011-01-11,,0.9679,0.9754,,,,,,,,,,,,,,,,,,
2011-01-12,,0.971,0.9705,,,,,,,,,,,,,,,,,,
2011-01-13,,0.9655,0.9625,,,,,,,,,,,,,,,,,,
2011-01-14,,0.9664,0.9644,,,,,,,,,,,,,,,,,,
2011-01-17,,0.9651,0.9645,,,,,,,,,,,,,,,,,,
2011-01-18,,0.9582,0.9641,,,,,,,,,,,,,,,,,,
2011-01-19,,0.9597,0.9558,,,,,,,,,,,,,,,,,,
2011-01-20,,0.9614,0.9654,,,,,,,,,,,,,,,,,,
2011-01-21,,0.9588,0.9575,,,,,,,,,,,,,,,,,,
2011-01-24,,0.9549,0.9488,,,,,,,,,,,,,,,,,,
2011-01-25,,0.9435,0.9438,,,,,,,,,,,,,,,,,,
2011-01-26,,0.9443,0.9432,,,,,,,,,,,,,,,,,,
2011-01-27,,0.9431,0.9471,,,,,,,,,,,,,,,,,,
2011-01-28,,0.9439,0.942,,,,,,,,,,,,,,,,,,
2011-01-31,,0.9418,0.9406,,,,,,,,,,,,,,,,,,
2011-02-01,,0.9423,0.9353,,,,,,,,,,,,,,,,,,
2011-02-02,,0.9342,0.9421,,,,,,,,,,,,,,,,,,
2011-02-03,,0.9477,0.9437,,,,,,,,,,,,,,,,,,
2011-02-04,,0.9554,0.9575,,,,,,,,,,,,,,,,,,
2011-02-07,,0.957,0.9573,,,,,,,,,,,,,,,,,,
2011-02-08,,0.9565,0.9579,,,,,,,,,,,,,,,,,,
2011-02-09,,0.9625,0.9585,,,,,,,,,,,,,,,,,,
2011-02-10,,0.9656,0.968,,,,,,,,,,,,,,,,,,
2011-02-11,,0.9729,0.9749,,,,,,,,,,,,,,,,,,
2011-02-14,,0.9715,0.97,,,,,,,,,,,,,,,,,,
2011-02-15,,0.9698,0.9655,,,,,,,,,,,,,,,,,,
2011-02-16,,0.9726,0.9621,,,,,,,,,,,,,,,,,,
2011-02-17,,0.9523,0.9509,,,,,,,,,,,,,,,,,,
2011-02-18,,0.95,0.9463,,,,,,,,,,,,,,,,,,
2011-02-21,,0.9483,0.9459,,,,,,,,,,,,,,,,,,
2011-02-22,,0.9402,0.9385,,,,,,,,,,,,,,,,,,
2011-02-23,,0.936,0.9324,,,,,,,,,,,,,,,,,,
2011-02-24,,0.926,0.9258,,,,,,,,,,,,,,,,,,
2011-02-25,,0.9293,0.9282,,,,,,,,,,,,,,,,,,
2011-02-28,,0.9274,0.9294,,,,,,,,,,,,,,,,,,
2011-03-01,,0.9308,0.9287,,,,,,,,,,,,,,,,,,
2011-03-02,,0.9241,0.9222,,,,,,,,,,,,,,,,,,
2011-03-03,,0.9278,0.9317,,,,,,,,,,,,,,,,,,
2011-03-04,,0.9296,0.9263,,,,,,,,,,,,,,,,,,
2011-03-07,,0.9258,0.9255,,,,,,,,,,,,,,,,,,
2011-03-08,,0.9321,0.9345,,,,,,,,,,,,,,,,,,
2011-03-09,,0.9283,0.9295,,,,,,,,,,,,,,,,,,
2011-03-10,,0.9344,0.933,,,,,,,,,,,,,,,,,,
2011-03-11,,0.932,0.9293,,,,,,,,,,,,,,,,,,
2011-03-14,,0.9271,0.9249,,,,,,,,,,,,,,,,,,
2011-03-15,,0.9198,0.9187,,,,,,,,,,,,,,,,,,
2011-03-16,,0.9163,0.9118,,,,,,,,,,,,,,,,,,
2011-03-17,,0.9014,0.9001,,,,,,,,,,,,,,,,,,
2011-03-18,,0.901,0.9022,,,,,,,,,,,,,,,,,,
2011-03-21,,0.9055,0.9055,,,,,,,,,,,,,,,,,,
2011-03-22,,0.9027,0.9039,,,,,,,,,,,,,,,,,,
2011-03-23,,0.9007,0.9064,,,,,,,,,,,,,,,,,,
2011-03-24,,0.9093,0.906,,,,,,,,,,,,,,,,,,
2011-03-25,,0.9127,0.9142,,,,,,,,,,,,,,,,,,
2011-03-28,,0.9197,0.9169,,,,,,,,,,,,,,,,,,
2011-03-29,,0.9201,0.9208,,,,,,,,,,,,,,,,,,
2011-03-30,,0.9217,0.9209,,,,,,,,,,,,,,,,,,
2011-03-31,,0.9144,0.9155,,,,,,,,,,,,,,,,,,
2011-04-01,,0.922,0.9245,,,,,,,,,,,,,,,,,,
2011-04-04,,0.9221,0.9226,,,,,,,,,,,,,,,,,,
2011-04-05,,0.9242,0.9238,,,,,,,,,,,,,,,,,,
2011-04-06,,0.9158,0.9169,,,,,,,,,,,,,,,,,,
2011-04-07,,0.9188,0.9178,,,,,,,,,,,,,,,,,,
2011-04-08,,0.9135,0.9104,,,,,,,,,,,,,,,,,,
2011-04-11,,0.9088,0.9064,,,,,,,,,,,,,,,,,,
2011-04-12,,0.8991,0.898,,,,,,,,,,,,,,,,,,
2011-04-13,,0.8965,0.894,,,,,,,,,,,,,,,,,,
2011-04-14,,0.8939,0.8925,,,,,,,,,,,,,,,,,,
2011-04-15,,0.8926,0.8934,,,,,,,,,,,,,,,,,,
2011-04-18,,0.8983,0.898,,,,,,,,,,,,,,,,,,
2011-04-19,,0.898,0.8987,,,,,,,,,,,,,,,,,,
2011-04-20,,0.8917,0.8914,,,,,,,,,,,,,,,,,,
2011-04-21,,0.8813,0.8823,,,,,,,,,,,,,,,,,,
2011-04-22,,0.8851,0.8867,,,,,,,,,,,,,,,,,,
2011-04-25,,0.8793,0.8806,,,,,,,,,,,,,,,,,,
2011-04-26,,0.8779,0.8804,,,,,,,,,,,,,,,,,,
2011-04-27,,0.8763,0.8806,,,,,,,,,,,,,,,,,,
2011-04-28,,0.8751,0.8735,,,,,,,,,,,,,,,,,,
2011-04-29,,0.8647,0.8663,,,,,,,,,,,,,,,,,,
2011-05-02,,0.8664,0.8638,,,,,,,,,,,,,,,,,,
2011-05-03,,0.8655,0.8609,,,,,,,,,,,,,,,,,,
2011-05-04,,0.8624,0.858,,,,,,,,,,,,,,,,,,
2011-05-05,,0.8579,0.8694,,,,,,,,,,,,,,,,,,
2011-05-06,,0.8722,0.873,,,,,,,,,,,,,,,,,,
2011-05-09,,0.8762,0.8752,,,,,,,,,,,,,,,,,,
2011-05-10,,0.8776,0.8802,,,,,,,,,,,,,,,,,,
2011-05-11,,0.8814,0.8842,,,,,,,,,,,,,,,,,,
2011-05-12,,0.8878,0.8842,,,,,,,,,,,,,,,,,,
2011-05-13,,0.8863,0.8903,,,,,,,,,,,,,,,,,,
2011-05-16,,0.8879,0.8818,,,,,,,,,,,,,,,,,,
2011-05-17,,0.8856,0.8849,,,,,,,,,,,,,,,,,,
2011-05-18,,0.8818,0.8791,,,,,,,,,,,,,,,,,,
2011-05-19,,0.8845,0.8838,,,,,,,,,,,,,,,,,,
2011-05-20,,0.8813,0.8775,,,,,,,,,,,,,,,,,,
2011-05-23,,0.8824,0.8829,,,,,,,,,,,,,,,,,,
2011-05-24,,0.8806,0.88,,,,,,,,,,,,,,,,,,
2011-05-25,,0.8754,0.8716,,,,,,,,,,,,,,,,,,
2011-05-26,,0.8694,0.8664,,,,,,,,,,,,,,,,,,
2011-05-27,,0.8571,0.8521,,,,,,,,,,,,,,,,,,
2011-05-30,,0.8505,0.8527,,,,,,,,,,,,,,,,,,
2011-05-31,,0.853,0.8527,,,,,,,,,,,,,,,,,,
2011-06-01,,0.8451,0.84,,,,,,,,,,,,,,,,,,
2011-06-02,,0.8417,0.844,,,,,,,,,,,,,,,,,,
2011-06-03,,0.8411,0.835,,,,,,,,,,,,,,,,,,
2011-06-06,,0.8371,0.8361,,,,,,,,,,,,,,,,,,
2011-06-07,,0.8349,0.8384,,,,,,,,,,,,,,,,,,
2011-06-08,,0.8358,0.8366,,,,,,,,,,,,,,,,,,
2011-06-09,,0.8385,0.8413,,,,,,,,,,,,,,,,,,
2011-06-10,,0.8417,0.8418,,,,,,,,,,,,,,,,,,
2011-06-13,,0.8368,0.8366,,,,,,,,,,,,,,,,,,
2011-06-14,,0.8384,0.8444,,,,,,,,,,,,,,,,,,
2011-06-15,,0.8507,0.8507,,,,,,,,,,,,,,,,,,
2011-06-16,,0.8486,0.8507,,,,,,,,,,,,,,,,,,
2011-06-17,,0.8473,0.846,,,,,,,,,,,,,,,,,,
2011-06-20,,0.8464,0.8417,,,,,,,,,,,,,,,,,,
2011-06-21,,0.8443,0.843,,,,,,,,,,,,,,,,,,
2011-06-22,,0.8411,0.8361,,,,,,,,,,,,,,,,,,
2011-06-23,,0.8408,0.8378,,,,,,,,,,,,,,,,,,
2011-06-24,,0.837,0.8373,,,,,,,,,,,,,,,,,,
2011-06-27,,0.8335,0.8367,,,,,,,,,,,,,,,,,,
2011-06-28,,0.8334,0.8297,,,,,,,,,,,,,,,,,,
2011-06-29,,0.8347,0.8348,,,,,,,,,,,,,,,,,,
2011-06-30,,0.8349,0.841,,,,,,,,,,,,,,,,,,
2011-07-01,,0.8465,0.848,,,,,,,,,,,,,,,,,,
2011-07-04,,0.8496,0.8483,,,,,,,,,,,,,,,,,,
2011-07-05,,0.8445,0.8451,,,,,,,,,,,,,,,,,,
2011-07-06,,0.8421,0.8394,,,,,,,,,,,,,,,,,,
2011-07-07,,0.8439,0.8442,,,,,,,,,,,,,,,,,,
2011-07-08,,0.848,0.8375,,,,,,,,,,,,,,,,,,
2011-07-11,,0.8354,0.835,,,,,,,,,,,,,,,,,,
2011-07-12,,0.8346,0.8334,,,,,,,,,,,,,,,,,,
2011-07-13,,0.8306,0.8212,,,,,,,,,,,,,,,,,,
2011-07-14,,0.8154,0.8168,,,,,,,,,,,,,,,,,,
2011-07-15,,0.8172,0.8156,,,,,,,,,,,,,,,,,,
2011-07-18,,0.8172,0.8178,,,,,,,,,,,,,,,,,,
2011-07-19,,0.8197,0.8167,,,,,,,,,,,,,,,,,,
2011-07-20,,0.8201,0.8203,,,,,,,,,,,,,,,,,,
2011-07-21,,0.8215,0.817,,,,,,,,,,,,,,,,,,
2011-07-22,,0.8189,0.8167,,,,,,,,,,,,,,,,,,
2011-07-25,,0.8041,0.8062,,,,,,,,,,,,,,,,,,
2011-07-26,,0.8026,0.8025,,,,,,,,,,,,,,,,,,
2011-07-27,,0.8013,0.8021,,,,,,,,,,,,,,,,,,
2011-07-28,,0.8012,0.8037,,,,,,,,,,,,,,,,,,
2011-07-29,,0.7995,0.788,,,,,,,,,,,,,,,,,,
2011-08-01,,0.7836,0.7811,,,,,,,,,,,,,,,,,,
2011-08-02,,0.7793,0.7709,,,,,,,,,,,,,,,,,,
2011-08-03,,0.7712,0.7659,,,,,,,,,,,,,,,,,,
2011-08-04,,0.7758,0.7674,,,,,,,,,,,,,,,,,,
2011-08-05,,0.7667,0.7603,,,,,,,,,,,,,,,,,,
2011-08-08,,0.7622,0.7553,,,,,,,,,,,,,,,,,,
2011-08-09,,0.7427,0.7315,,,,,,,,,,,,,,,,,,
2011-08-10,,0.7263,0.7299,,,,,,,,,,,,,,,,,,
2011-08-11,,0.7405,0.7555,,,,,,,,,,,,,,,,,,
2011-08-12,,0.7691,0.7713,,,,,,,,,,,,,,,,,,
2011-08-15,,0.7905,0.7801,,,,,,,,,,,,,,,,,,
2011-08-16,,0.7781,0.7927,,,,,,,,,,,,,,,,,,
2011-08-17,,0.7846,0.7886,,,,,,,,,,,,,,,,,,
2011-08-18,,0.7946,0.7908,,,,,,,,,,,,,,,,,,
2011-08-19,,0.7882,0.7856,,,,,,,,,,,,,,,,,,
2011-08-22,,0.7872,0.7876,,,,,,,,,,,,,,,,,,
2011-08-23,,0.7883,0.7891,,,,,,,,,,,,,,,,,,
2011-08-24,,0.7898,0.7952,,,,,,,,,,,,,,,,,,
2011-08-25,,0.7937,0.796,,,,,,,,,,,,,,,,,,
2011-08-26,,0.7957,0.8054,,,,,,,,,,,,,,,,,,
2011-08-29,,0.816,0.8191,,,,,,,,,,,,,,,,,,
2011-08-30,,0.8208,0.8169,,,,,,,,,,,,,,,,,,
2011-08-31,,0.8068,0.8032,,,,,,,,,,,,,,,,,,
2011-09-01,,0.8004,0.7947,,,,,,,,,,,,,,,,,,
2011-09-02,,0.781,0.7864,,,,,,,,,,,,,,,,,,
2011-09-05,,0.7863,0.7847,,,,,,,,,,,,,,,,,,
2011-09-06,,0.8526,0.8595,,,,,,,,,,,,,,,,,,
2011-09-07,,0.8576,0.8599,,,,,,,,,,,,,,,,,,
2011-09-08,,0.8647,0.8712,,,,,,,,,,,,,,,,,,
2011-09-09,,0.8803,0.8842,,,,,,,,,,,,,,,,,,
2011-09-12,,0.8835,0.8831,,,,,,,,,,,,,,,,,,
2011-09-13,,0.8811,0.8798,,,,,,,,,,,,,,,,,,
2011-09-14,,0.8766,0.8773,,,,,,,,,,,,,,,,,,
2011-09-15,,0.8745,0.8703,,,,,,,,,,,,,,,,,,
2011-09-16,,0.8739,0.8755,,,,,,,,,,,,,,,,,,
2011-09-19,,0.8833,0.8833,,,,,,,,,,,,,,,,,,
2011-09-20,,0.8803,0.8881,,,,,,,,,,,,,,,,,,
2011-09-21,,0.8942,0.8933,,,,,,,,,,,,,,,,,,
2011-09-22,,0.9113,0.9071,,,,,,,,,,,,,,,,,,
2011-09-23,,0.907,0.9036,,,,,,,,,,,,,,,,,,
2011-09-26,,0.9031,0.9024,,,,,,,,,,,,,,,,,,
2011-09-27,,0.8992,0.8959,,,,,,,,,,,,,,,,,,
2011-09-28,,0.8949,0.8953,,,,,,,,,,,,,,,,,,
2011-09-29,,0.8957,0.8945,,,,,,,,,,,,,,,,,,
2011-09-30,,0.9009,0.9049,,,,,,,,,,,,,,,,,,
2011-10-03,,0.9092,0.9151,,,,,,,,,,,,,,,,,,
2011-10-04,,0.9219,0.922,,,,,,,,,,,,,,,,,,
2011-10-05,,0.92,0.9222,,,,,,,,,,,,,,,,,,
2011-10-06,,0.9268,0.9218,,,,,,,,,,,,,,,,,,
2011-10-07,,0.9198,0.9168,,,,,,,,,,,,,,,,,,
2011-10-10,,0.9069,0.9023,,,,,,,,,,,,,,,,,,
2011-10-11,,0.9104,0.9063,,,,,,,,,,,,,,,,,,
2011-10-12,,0.8985,0.8944,,,,,,,,,,,,,,,,,,
2011-10-13,,0.8979,0.8999,,,,,,,,,,,,,,,,,,
2011-10-14,,0.897,0.8926,,,,,,,,,,,,,,,,,,
2011-10-17,,0.8979,0.898,,,,,,,,,,,,,,,,,,
2011-10-18,,0.9027,0.9011,,,,,,,,,,,,,,,,,,
2011-10-19,,0.8989,0.9021,,,,,,,,,,,,,,,,,,
2011-10-20,,0.8958,0.9005,,,,,,,,,,,,,,,,,,
2011-10-21,,0.8901,0.8849,,,,,,,,,,,,,,,,,,
2011-10-24,,0.8859,0.8803,,,,,,,,,,,,,,,,,,
2011-10-25,,0.8791,0.8798,,,,,,,,,,,,,,,,,,
2011-10-26,,0.8754,0.8844,,,,,,,,,,,,,,,,,,
2011-10-27,,0.8711,0.8606,,,,,,,,,,,,,,,,,,
2011-10-28,,0.8625,0.8626,,,,,,,,,,,,,,,,,,
2011-10-31,,0.8703,0.8711,,,,,,,,,,,,,,,,,,
2011-11-01,,0.8915,0.8903,,,,,,,,,,,,,,,,,,
2011-11-02,,0.8829,0.8812,,,,,,,,,,,,,,,,,,
2011-11-03,,0.8795,0.883,,,,,,,,,,,,,,,,,,
2011-11-04,,0.8835,0.888,,,,,,,,,,,,,,,,,,
2011-11-07,,0.8997,0.901,,,,,,,,,,,,,,,,,,
2011-11-08,,0.8975,0.8969,,,,,,,,,,,,,,,,,,
2011-11-09,,0.9045,0.9062,,,,,,,,,,,,,,,,,,
2011-11-10,,0.9029,0.9051,,,,,,,,,,,,,,,,,,
2011-11-11,,0.9049,0.9009,,,,,,,,,,,,,,,,,,
2011-11-14,,0.9058,0.9077,,,,,,,,,,,,,,,,,,
2011-11-15,,0.9156,0.9156,,,,,,,,,,,,,,,,,,
2011-11-16,,0.9186,0.9157,,,,,,,,,,,,,,,,,,
2011-11-17,,0.9179,0.9192,,,,,,,,,,,,,,,,,,
2011-11-18,,0.9115,0.9162,,,,,,,,,,,,,,,,,,
2011-11-21,,0.9177,0.9158,,,,,,,,,,,,,,,,,,
2011-11-22,,0.9152,0.9135,,,,,,,,,,,,,,,,,,
2011-11-23,,0.9189,0.9193,,,,,,,,,,,,,,,,,,
2011-11-24,,0.9194,0.9193,,,,,,,,,,,,,,,,,,
2011-11-25,,0.9298,0.9298,,,,,,,,,,,,,,,,,,
2011-11-28,,0.9188,0.9229,,,,,,,,,,,,,,,,,,
2011-11-29,,0.9224,0.9202,,,,,,,,,,,,,,,,,,
2011-11-30,,0.9067,0.9112,,,,,,,,,,,,,,,,,,
2011-12-01,,0.9097,0.9163,,,,,,,,,,,,,,,,,,
2011-12-02,,0.9148,0.9215,,,,,,,,,,,,,,,,,,
2011-12-05,,0.91948,0.91805,,,,,,,,,,,,,,,,,,
2011-12-06,,0.92712,0.92762,,,,,,,,,,,,,,,,,,
2011-12-07,,0.92791,0.92329,,,,,,,,,,,,,,,,,,
2011-12-08,,0.92257,0.9271,,,,,,,,,,,,,,,,,,
2011-12-09,,0.92417,0.92432,,,,,,,,,,,,,,,,,,
2011-12-12,,0.933,0.9346,,,,,,,,,,,,,,,,,,
2011-12-13,,0.93596,0.94198,,,,,,,,,,,,,,,,,,
2011-12-14,,0.94796,0.95167,,,,,,,,,,,,,,,,,,
2011-12-15,,0.94057,0.94108,,,,,,,,,,,,,,,,,,
2011-12-16,,0.93601,0.93796,,,,,,,,,,,,,,,,,,
2011-12-19,,0.93586,0.93639,,,,,,,,,,,,,,,,,,
2011-12-20,,0.92859,0.93024,,,,,,,,,,,,,,,,,,
2011-12-21,,0.93368,0.93383,,,,,,,,,,,,,,,,,,
2011-12-22,,0.9386,0.93615,,,,,,,,,,,,,,,,,,
2011-12-23,,0.93675,0.93636,,,,,,,,,,,,,,,,,,
2011-12-26,,0.93553,0.93503,,,,,,,,,,,,,,,,,,
2011-12-27,,0.93394,0.93367,,,,,,,,,,,,,,,,,,
2011-12-28,,0.93221,0.94284,,,,,,,,,,,,,,,,,,
2011-12-29,,0.94426,0.94139,,,,,,,,,,,,,,,,,,
2011-12-30,,0.93857,0.93845,,,,,,,,,,,,,,,,,,
2012-01-02,,0.93971,0.93997,,,,,,,,,,,,,,,,,,
2012-01-03,,0.93418,0.93232,,,,,,,,,,,,,,,,,,
2012-01-04,,0.94185,0.94086,,,,,,,,,,,,,,,,,,
2012-01-05,,0.95069,0.95211,,,,,,,,,,,,,,,,,,
2012-01-06,,0.95672,0.95567,,,,,,,,,,,,,,,,,,
2012-01-09,,0.95116,0.95237,,,,,,,,,,,,,,,,,,
2012-01-10,,0.94851,0.94925,,,,,,,,,,,,,,,,,,
2012-01-11,,0.95321,0.95521,,,,,,,,,,,,,,,,,,
2012-01-12,,0.94874,0.94235,,,,,,,,,,,,,,,,,,
2012-01-13,,0.95099,0.95337,,,,,,,,,,,,,,,,,,
2012-01-16,,0.95376,0.95394,,,,,,,,,,,,,,,,,,
2012-01-17,,0.94906,0.94965,,,,,,,,,,,,,,,,,,
2012-01-18,,0.944,0.93951,,,,,,,,,,,,,,,,,,
2012-01-19,,0.93581,0.93405,,,,,,,,,,,,,,,,,,
2012-01-20,,0.93418,0.93426,,,,,,,,,,,,,,,,,,
2012-01-23,,0.92698,0.92817,,,,,,,,,,,,,,,,,,
2012-01-24,,0.93079,0.92807,,,,,,,,,,,,,,,,,,
2012-01-25,,0.93221,0.92458,,,,,,,,,,,,,,,,,,
2012-01-26,,0.91652,0.91773,,,,,,,,,,,,,,,,,,
2012-01-27,,0.92066,0.91572,,,,,,,,,,,,,,,,,,
2012-01-30,,0.92023,0.91771,,,,,,,,,,,,,,,,,,
2012-01-31,,0.91428,0.92112,,,,,,,,,,,,,,,,,,
2012-02-01,,0.91465,0.91386,,,,,,,,,,,,,,,,,,
2012-02-02,,0.91858,0.91644,,,,,,,,,,,,,,,,,,
2012-02-03,,0.91916,0.91882,,,,,,,,,,,,,,,,,,
2012-02-06,,0.92536,0.91861,,,,,,,,,,,,,,,,,,
2012-02-07,,0.91751,0.91234,,,,,,,,,,,,,,,,,,
2012-02-08,,0.91317,0.91198,,,,,,,,,,,,,,,,,,
2012-02-09,,0.91237,0.91063,,,,,,,,,,,,,,,,,,
2012-02-10,,0.9185,0.91646,,,,,,,,,,,,,,,,,,
2012-02-13,,0.91303,0.91486,,,,,,,,,,,,,,,,,,
2012-02-14,,0.91787,0.921,,,,,,,,,,,,,,,,,,
2012-02-15,,0.92221,0.92366,,,,,,,,,,,,,,,,,,
2012-02-16,,0.92841,0.92121,,,,,,,,,,,,,,,,,,
2012-02-17,,0.91753,0.91837,,,,,,,,,,,,,,,,,,
2012-02-20,,0.9099,0.91136,,,,,,,,,,,,,,,,,,
2012-02-21,,0.91276,0.91213,,,,,,,,,,,,,,,,,,
2012-02-22,,0.91148,0.91023,,,,,,,,,,,,,,,,,,
2012-02-23,,0.90607,0.90521,,,,,,,,,,,,,,,,,,
2012-02-24,,0.89845,0.89404,,,,,,,,,,,,,,,,,,
2012-02-27,,0.89979,0.89845,,,,,,,,,,,,,,,,,,
2012-02-28,,0.89713,0.89564,,,,,,,,,,,,,,,,,,
2012-02-29,,0.89633,0.90222,,,,,,,,,,,,,,,,,,
2012-03-01,,0.90632,0.90546,,,,,,,,,,,,,,,,,,
2012-03-02,,0.91289,0.91351,,,,,,,,,,,,,,,,,,
2012-03-05,,0.91148,0.91148,,,,,,,,,,,,,,,,,,
2012-03-06,,0.91847,0.91896,,,,,,,,,,,,,,,,,,
2012-03-07,,0.91793,0.91686,,,,,,,,,,,,,,,,,,
2012-03-08,,0.90915,0.90872,,,,,,,,,,,,,,,,,,
2012-03-09,,0.91749,0.91898,,,,,,,,,,,,,,,,,,
2012-03-12,,0.91892,0.91779,,,,,,,,,,,,,,,,,,
2012-03-13,,0.92007,0.91976,,,,,,,,,,,,,,,,,,
2012-03-14,,0.92596,0.93143,,,,,,,,,,,,,,,,,,
2012-03-15,,0.92637,0.92339,,,,,,,,,,,,,,,,,,
2012-03-16,,0.9232,0.91605,,,,,,,,,,,,,,,,,,
2012-03-19,,0.91693,0.91092,,,,,,,,,,,,,,,,,,
2012-03-20,,0.91471,0.91216,,,,,,,,,,,,,,,,,,
2012-03-21,,0.91068,0.9138,,,,,,,,,,,,,,,,,,
2012-03-22,,0.91587,0.91335,,,,,,,,,,,,,,,,,,
2012-03-23,,0.91125,0.90839,,,,,,,,,,,,,,,,,,
2012-03-26,,0.90846,0.90407,,,,,,,,,,,,,,,,,,
2012-03-27,,0.90388,0.90369,,,,,,,,,,,,,,,,,,
2012-03-28,,0.90391,0.90636,,,,,,,,,,,,,,,,,,
2012-03-29,,0.90732,0.90839,,,,,,,,,,,,,,,,,,
2012-03-30,,0.90236,0.90282,,,,,,,,,,,,,,,,,,
2012-04-02,,0.9033,0.90355,,,,,,,,,,,,,,,,,,
2012-04-03,,0.90412,0.90236,,,,,,,,,,,,,,,,,,
2012-04-04,,0.91537,0.91671,,,,,,,,,,,,,,,,,,
2012-04-05,,0.919,0.91995,,,,,,,,,,,,,,,,,,
2012-04-06,,0.91967,0.91755,,,,,,,,,,,,,,,,,,
2012-04-09,,0.91884,0.91792,,,,,,,,,,,,,,,,,,
2012-04-10,,0.91842,0.91968,,,,,,,,,,,,,,,,,,
2012-04-11,,0.91409,0.91617,,,,,,,,,,,,,,,,,,
2012-04-12,,0.91305,0.91227,,,,,,,,,,,,,,,,,,
2012-04-13,,0.91325,0.91894,,,,,,,,,,,,,,,,,,
2012-04-16,,0.92342,0.9196,,,,,,,,,,,,,,,,,,
2012-04-17,,0.91483,0.91543,,,,,,,,,,,,,,,,,,
2012-04-18,,0.91962,0.91621,,,,,,,,,,,,,,,,,,
2012-04-19,,0.91832,0.91531,,,,,,,,,,,,,,,,,,
2012-04-20,,0.91067,0.90937,,,,,,,,,,,,,,,,,,
2012-04-23,,0.91462,0.91519,,,,,,,,,,,,,,,,,,
2012-04-24,,0.91267,0.91011,,,,,,,,,,,,,,,,,,
2012-04-25,,0.91025,0.90965,,,,,,,,,,,,,,,,,,
2012-04-26,,0.909,0.90821,,,,,,,,,,,,,,,,,,
2012-04-27,,0.908,0.90643,,,,,,,,,,,,,,,,,,
2012-04-30,,0.90903,0.90798,,,,,,,,,,,,,,,,,,
2012-05-01,,0.90549,0.9085,,,,,,,,,,,,,,,,,,
2012-05-02,,0.91482,0.91339,,,,,,,,,,,,,,,,,,
2012-05-03,,0.91515,0.91365,,,,,,,,,,,,,,,,,,
2012-05-04,,0.91512,0.91747,,,,,,,,,,,,,,,,,,
2012-05-07,,0.9209,0.92029,,,,,,,,,,,,,,,,,,
2012-05-08,,0.92154,0.92224,,,,,,,,,,,,,,,,,,
2012-05-09,,0.92574,0.92702,,,,,,,,,,,,,,,,,,
2012-05-10,,0.92698,0.92699,,,,,,,,,,,,,,,,,,
2012-05-11,,0.92773,0.92811,,,,,,,,,,,,,,,,,,
2012-05-14,,0.93327,0.93487,,,,,,,,,,,,,,,,,,
2012-05-15,,0.93475,0.94036,,,,,,,,,,,,,,,,,,
2012-05-16,,0.94364,0.94347,,,,,,,,,,,,,,,,,,
2012-05-17,,0.9471,0.94492,,,,,,,,,,,,,,,,,,
2012-05-18,,0.94498,0.9439,,,,,,,,,,,,,,,,,,
2012-05-21,,0.94135,0.94038,,,,,,,,,,,,,,,,,,
2012-05-22,,0.94068,0.94336,,,,,,,,,,,,,,,,,,
2012-05-23,,0.94799,0.95551,,,,,,,,,,,,,,,,,,
2012-05-24,,0.95579,0.95601,,,,,,,,,,,,,,,,,,
2012-05-25,,0.95601,0.95912,,,,,,,,,,,,,,,,,,
2012-05-28,,0.95615,0.95803,,,,,,,,,,,,,,,,,,
2012-05-29,,0.95914,0.96221,,,,,,,,,,,,,,,,,,
2012-05-30,,0.96469,0.9677,,,,,,,,,,,,,,,,,,
2012-05-31,,0.96797,0.97137,,,,,,,,,,,,,,,,,,
2012-06-01,,0.97422,0.96689,,,,,,,,,,,,,,,,,,
2012-06-04,,0.96483,0.96098,,,,,,,,,,,,,,,,,,
2012-06-05,,0.96696,0.96509,,,,,,,,,,,,,,,,,,
2012-06-06,,0.96099,0.95731,,,,,,,,,,,,,,,,,,
2012-06-07,,0.95388,0.95576,,,,,,,,,,,,,,,,,,
2012-06-08,,0.96358,0.96218,,,,,,,,,,,,,,,,,,
2012-06-11,,0.95744,0.96043,,,,,,,,,,,,,,,,,,
2012-06-12,,0.96119,0.96228,,,,,,,,,,,,,,,,,,
2012-06-13,,0.95707,0.95351,,,,,,,,,,,,,,,,,,
2012-06-14,,0.95535,0.95247,,,,,,,,,,,,,,,,,,
2012-06-15,,0.9528,0.95048,,,,,,,,,,,,,,,,,,
2012-06-18,,0.95152,0.95457,,,,,,,,,,,,,,,,,,
2012-06-19,,0.95122,0.94613,,,,,,,,,,,,,,,,,,
2012-06-20,,0.94427,0.9455,,,,,,,,,,,,,,,,,,
2012-06-21,,0.94749,0.9539,,,,,,,,,,,,,,,,,,
2012-06-22,,0.95657,0.95739,,,,,,,,,,,,,,,,,,
2012-06-25,,0.96131,0.96215,,,,,,,,,,,,,,,,,,
2012-06-26,,0.96193,0.96261,,,,,,,,,,,,,,,,,,
2012-06-27,,0.96136,0.96397,,,,,,,,,,,,,,,,,,
2012-06-28,,0.96632,0.96588,,,,,,,,,,,,,,,,,,
2012-06-29,,0.95498,0.94843,,,,,,,,,,,,,,,,,,
2012-07-02,,0.95321,0.95441,,,,,,,,,,,,,,,,,,
2012-07-03,,0.95455,0.95154,,,,,,,,,,,,,,,,,,
2012-07-04,,0.95599,0.95871,,,,,,,,,,,,,,,,,,
2012-07-05,,0.96641,0.96963,,,,,,,,,,,,,,,,,,
2012-07-06,,0.97001,0.97776,,,,,,,,,,,,,,,,,,
2012-07-09,,0.97665,0.9763,,,,,,,,,,,,,,,,,,
2012-07-10,,0.97648,0.9798,,,,,,,,,,,,,,,,,,
2012-07-11,,0.97899,0.98056,,,,,,,,,,,,,,,,,,
2012-07-12,,0.98569,0.98412,,,,,,,,,,,,,,,,,,
2012-07-13,,0.98486,0.98158,,,,,,,,,,,,,,,,,,
2012-07-16,,0.98478,0.97919,,,,,,,,,,,,,,,,,,
2012-07-17,,0.97775,0.98153,,,,,,,,,,,,,,,,,,
2012-07-18,,0.98086,0.97922,,,,,,,,,,,,,,,,,,
2012-07-19,,0.97691,0.97983,,,,,,,,,,,,,,,,,,
2012-07-20,,0.98463,0.98616,,,,,,,,,,,,,,,,,,
2012-07-23,,0.99158,0.99032,,,,,,,,,,,,,,,,,,
2012-07-24,,0.99259,0.99578,,,,,,,,,,,,,,,,,,
2012-07-25,,0.98942,0.98959,,,,,,,,,,,,,,,,,,
2012-07-26,,0.97938,0.97774,,,,,,,,,,,,,,,,,,
2012-07-27,,0.97615,0.97093,,,,,,,,,,,,,,,,,,
2012-07-30,,0.9801,0.98033,,,,,,,,,,,,,,,,,,
2012-07-31,,0.97827,0.97536,,,,,,,,,,,,,,,,,,
2012-08-01,,0.97548,0.97659,,,,,,,,,,,,,,,,,,
2012-08-02,,0.97732,0.9885,,,,,,,,,,,,,,,,,,
2012-08-03,,0.97991,0.96954,,,,,,,,,,,,,,,,,,
2012-08-06,,0.96996,0.9669,,,,,,,,,,,,,,,,,,
2012-08-07,,0.9668,0.96694,,,,,,,,,,,,,,,,,,
2012-08-08,,0.97227,0.97138,,,,,,,,,,,,,,,,,,
2012-08-09,,0.97573,0.97801,,,,,,,,,,,,,,,,,,
2012-08-10,,0.97886,0.97633,,,,,,,,,,,,,,,,,,
2012-08-13,,0.972,0.97313,,,,,,,,,,,,,,,,,,
2012-08-14,,0.97241,0.97409,,,,,,,,,,,,,,,,,,
2012-08-15,,0.97858,0.97726,,,,,,,,,,,,,,,,,,
2012-08-16,,0.97785,0.97183,,,,,,,,,,,,,,,,,,
2012-08-17,,0.97284,0.97522,,,,,,,,,,,,,,,,,,
2012-08-20,,0.9758,0.97285,,,,,,,,,,,,,,,,,,
2012-08-21,,0.96564,0.96298,,,,,,,,,,,,,,,,,,
2012-08-22,,0.96428,0.96289,,,,,,,,,,,,,,,,,,
2012-08-23,,0.95719,0.95434,,,,,,,,,,,,,,,,,,
2012-08-24,,0.96009,0.95814,,,,,,,,,,,,,,,,,,
2012-08-27,,0.95894,0.95962,,,,,,,,,,,,,,,,,,
2012-08-28,,0.95705,0.95572,,,,,,,,,,,,,,,,,,
2012-08-29,,0.95718,0.95759,,,,,,,,,,,,,,,,,,
2012-08-30,,0.95736,0.96074,,,,,,,,,,,,,,,,,,
2012-08-31,,0.95372,0.95486,,,,,,,,,,,,,,,,,,
2012-09-03,,0.95478,0.95317,,,,,,,,,,,,,,,,,,
2012-09-04,,0.95356,0.95562,,,,,,,,,,,,,,,,,,
2012-09-05,,0.95647,0.95473,,,,,,,,,,,,,,,,,,
2012-09-06,,0.95253,0.95368,,,,,,,,,,,,,,,,,,
2012-09-07,,0.95394,0.9456,,,,,,,,,,,,,,,,,,
2012-09-10,,0.94641,0.94362,,,,,,,,,,,,,,,,,,
2012-09-11,,0.945,0.93855,,,,,,,,,,,,,,,,,,
2012-09-12,,0.93692,0.93753,,,,,,,,,,,,,,,,,,
2012-09-13,,0.93898,0.93952,,,,,,,,,,,,,,,,,,
2012-09-14,,0.92839,0.92498,,,,,,,,,,,,,,,,,,
2012-09-17,,0.92833,0.92647,,,,,,,,,,,,,,,,,,
2012-09-18,,0.92732,0.92865,,,,,,,,,,,,,,,,,,
2012-09-19,,0.9299,0.92643,,,,,,,,,,,,,,,,,,
2012-09-20,,0.93305,0.93359,,,,,,,,,,,,,,,,,,
2012-09-21,,0.93264,0.93248,,,,,,,,,,,,,,,,,,
2012-09-24,,0.93586,0.93715,,,,,,,,,,,,,,,,,,
2012-09-25,,0.9346,0.93485,,,,,,,,,,,,,,,,,,
2012-09-26,,0.94042,0.93981,,,,,,,,,,,,,,,,,,
2012-09-27,,0.93952,0.93878,,,,,,,,,,,,,,,,,,
2012-09-28,,0.93549,0.93938,,,,,,,,,,,,,,,,,,
2012-10-01,,0.93846,0.93752,,,,,,,,,,,,,,,,,,
2012-10-02,,0.93593,0.93409,,,,,,,,,,,,,,,,,,
2012-10-03,,0.93768,0.93804,,,,,,,,,,,,,,,,,,
2012-10-04,,0.93588,0.93144,,,,,,,,,,,,,,,,,,
2012-10-05,,0.93156,0.92841,,,,,,,,,,,,,,,,,,
2012-10-08,,0.93396,0.93272,,,,,,,,,,,,,,,,,,
2012-10-09,,0.93492,0.93982,,,,,,,,,,,,,,,,,,
2012-10-10,,0.93924,0.93908,,,,,,,,,,,,,,,,,,
2012-10-11,,0.93525,0.93497,,,,,,,,,,,,,,,,,,
2012-10-12,,0.93188,0.9334,,,,,,,,,,,,,,,,,,
2012-10-15,,0.9322,0.93302,,,,,,,,,,,,,,,,,,
2012-10-16,,0.92668,0.92727,,,,,,,,,,,,,,,,,,
2012-10-17,,0.92263,0.9217,,,,,,,,,,,,,,,,,,
2012-10-18,,0.92245,0.92223,,,,,,,,,,,,,,,,,,
2012-10-19,,0.9264,0.92843,,,,,,,,,,,,,,,,,,
2012-10-22,,0.92565,0.92625,,,,,,,,,,,,,,,,,,
2012-10-23,,0.93001,0.93257,,,,,,,,,,,,,,,,,,
2012-10-24,,0.93432,0.93445,,,,,,,,,,,,,,,,,,
2012-10-25,,0.93098,0.93358,,,,,,,,,,,,,,,,,,
2012-10-26,,0.93786,0.93485,,,,,,,,,,,,,,,,,,
2012-10-29,,0.93727,0.93663,,,,,,,,,,,,,,,,,,
2012-10-30,,0.9335,0.93083,,,,,,,,,,,,,,,,,,
2012-10-31,,0.92869,0.93068,,,,,,,,,,,,,,,,,,
2012-11-01,,0.93113,0.93246,,,,,,,,,,,,,,,,,,
2012-11-02,,0.93679,0.93951,,,,,,,,,,,,,,,,,,
2012-11-05,,0.94316,0.94429,,,,,,,,,,,,,,,,,,
2012-11-06,,0.94302,0.94263,,,,,,,,,,,,,,,,,,
2012-11-07,,0.94567,0.94498,,,,,,,,,,,,,,,,,,
2012-11-08,,0.94539,0.94665,,,,,,,,,,,,,,,,,,
2012-11-09,,0.94907,0.94786,,,,,,,,,,,,,,,,,,
2012-11-12,,0.9475,0.94787,,,,,,,,,,,,,,,,,,
2012-11-13,,0.94926,0.94737,,,,,,,,,,,,,,,,,,
2012-11-14,,0.94542,0.94442,,,,,,,,,,,,,,,,,,
2012-11-15,,0.94367,0.94236,,,,,,,,,,,,,,,,,,
2012-11-16,,0.94524,0.9466,,,,,,,,,,,,,,,,,,
2012-11-19,,0.94273,0.94059,,,,,,,,,,,,,,,,,,
2012-11-20,,0.94047,0.94057,,,,,,,,,,,,,,,,,,
2012-11-21,,0.93945,0.93824,,,,,,,,,,,,,,,,,,
2012-11-22,,0.93474,0.93642,,,,,,,,,,,,,,,,,,
2012-11-23,,0.93187,0.92751,,,,,,,,,,,,,,,,,,
2012-11-26,,0.92835,0.92864,,,,,,,,,,,,,,,,,,
2012-11-27,,0.92987,0.93071,,,,,,,,,,,,,,,,,,
2012-11-28,,0.93316,0.92992,,,,,,,,,,,,,,,,,,
2012-11-29,,0.92702,0.92775,,,,,,,,,,,,,,,,,,
2012-11-30,,0.92827,0.92674,,,,,,,,,,,,,,,,,,
2012-12-03,,0.92609,0.92551,,,,,,,,,,,,,,,,,,
2012-12-04,,0.92651,0.92628,,,,,,,,,,,,,,,,,,
2012-12-05,,0.92782,0.92611,,,,,,,,,,,,,,,,,,
2012-12-06,,0.92853,0.93379,,,,,,,,,,,,,,,,,,
2012-12-07,,0.93609,0.93332,,,,,,,,,,,,,,,,,,
2012-12-10,,0.93322,0.93331,,,,,,,,,,,,,,,,,,
2012-12-11,,0.93266,0.93267,,,,,,,,,,,,,,,,,,
2012-12-12,,0.92841,0.925,,,,,,,,,,,,,,,,,,
2012-12-13,,0.92492,0.92432,,,,,,,,,,,,,,,,,,
2012-12-14,,0.92369,0.91689,,,,,,,,,,,,,,,,,,
2012-12-17,,0.91836,0.91799,,,,,,,,,,,,,,,,,,
2012-12-18,,0.91636,0.91307,,,,,,,,,,,,,,,,,,
2012-12-19,,0.90925,0.91205,,,,,,,,,,,,,,,,,,
2012-12-20,,0.90858,0.91201,,,,,,,,,,,,,,,,,,
2012-12-21,,0.91455,0.91728,,,,,,,,,,,,,,,,,,
2012-12-24,,0.91364,0.91557,,,,,,,,,,,,,,,,,,
2012-12-26,,0.91447,0.91323,,,,,,,,,,,,,,,,,,
2012-12-27,,0.90964,0.91525,,,,,,,,,,,,,,,,,,
2012-12-28,,0.91422,0.91289,,,,,,,,,,,,,,,,,,
2012-12-31,,0.91354,0.91458,,,,,,,,,,,,,,,,,,
2013-01-02,,0.91214,0.91852,,,,,,,,,,,,,,,,,,
2013-01-03,0.0015395655561137886,0.92252,0.9218,,,,,,,,,,,,,,,,,,
2013-01-04,0.0018536411185046677,0.92717,0.92618,,,,,,,,,,,,,,,,,,
2013-01-07,0.0020089524480490714,0.92538,0.92189,120.0,-0.0032254950087286737,0.9224,0.92259,0.9226,0.92221,,,,,,,,,,,,
2013-01-08,0.00195401440216572,0.92405,0.92485,,,,,,,,,,,,,,,,,,
2013-01-09,0.0020146785530476352,0.92622,0.92472,,,,,,,,,,,,,,,,,,
2013-01-10,0.0019968879776352507,0.91892,0.91373,125.0,-0.003237289392501962,0.91595,0.91581,0.91614,0.91673,,,,,,,,,,,,
2013-01-11,0.0019578581016552743,0.91189,0.91181,,,,,,,,,,,,,,,,,,
2013-01-14,0.002310070808010591,0.91733,0.91763,,,,,,,,,,,,,,,,,,
2013-01-15,0.0022010767848511443,0.92735,0.92895,30.0,0.0033587784964760558,0.93047,0.93068,0.92969,0.92998,,,,,,,,,,,,
2013-01-16,0.0025601975120929468,0.92956,0.93129,,,,,,,,,,,,,,,,,,
2013-01-17,0.002654150121793197,0.93383,0.93411,,,,,,,,,,,,,,,,,,
2013-01-18,0.0025834177593594175,0.93441,0.93216,,,,,,,,,,,,,,,,,,
2013-01-21,0.002594929471883159,0.93236,0.93246,,,,,,,,,,,,,,,,,,
2013-01-22,0.0024818367873231215,0.9301,0.9292,,,,,,,,,,,,,,,,,,
2013-01-23,0.0024600075783965396,0.92905,0.92954,,,,,,,,,,,,,,,,,,
2013-01-24,0.002402028504740891,0.93081,0.9287,,,,,,,,,,,,,,,,,,
2013-01-25,0.0023446595933252078,0.92449,0.92762,,,,,,,,,,,,,,,,,,
2013-01-28,0.0022833038150468776,0.92791,0.9263,,,,,,,,,,,,,,,,,,
2013-01-29,0.002223931734655935,0.92392,0.92167,27.0,-0.0039583825591973,0.92027,0.92054,0.92081,0.92102,,,,,,,,,,,,
2013-01-30,0.0021760844987373787,0.91554,0.91041,81.0,-0.003315010830991361,0.91251,0.91275,0.91277,0.91257,,,,,,,,,,,,
2013-01-31,0.0021646523217707454,0.91054,0.90856,,,,,,,,,,,,,,,,,,
2013-02-01,0.0026238481315133543,0.90463,0.90465,,,,,,,,,,,,,,,,,,
2013-02-04,0.0025589114526685516,0.90954,0.90982,,,,,,,,,,,,,,,,,,
2013-02-05,0.002442305554727817,0.90864,0.90764,,,,,,,,,,,,,,,,,,
2013-02-06,0.00238323490756028,0.91287,0.90972,138.0,-0.0036105282164253416,0.90958,0.9098,0.90903,0.90943,,,,,,,,,,,,
2013-02-07,0.0023345155731406995,0.91284,0.91734,71.0,0.0035430783078739293,0.91608,0.9162,0.91632,0.91589,98.0,0.004884855217901204,0.91731,0.91737,0.91747,0.91853,111.0,0.0061921731149805195,0.91851,0.9183,0.91784,0.91676
2013-02-08,0.0022886929322492515,0.91685,0.91869,,,,,,,,,,,,,,,,,,
2013-02-11,0.002396260044839174,0.91783,0.91817,,,,,,,,,,,,,,,,,,
2013-02-12,0.0022774882797262615,0.91849,0.91608,113.0,-0.003785094319499001,0.91502,0.91517,0.9151,0.91586,,,,,,,,,,,,
2013-02-13,0.0022268352019948335,0.91611,0.91729,115.0,0.0034434320112476185,0.91927,0.91911,0.91902,0.9189,,,,,,,,,,,,
2013-02-14,0.0021891508849821097,0.92214,0.92362,,,,,,,,,,,,,,,,,,
2013-02-15,0.0021319973229273824,0.92153,0.92316,,,,,,,,,,,,,,,,,,
2013-02-18,0.002150529860250093,0.92239,0.92314,,,,,,,,,,,,,,,,,,
2013-02-19,0.0020799769236404583,0.92377,0.92197,,,,,,,,,,,,,,,,,,
2013-02-20,0.0020404892991403986,0.92289,0.92375,,,,,,,,,,,,,,,,,,
2013-02-21,0.001998854243450069,0.93124,0.9315,,,,,,,,,,,,,,,,,,
2013-02-22,0.002153895625398701,0.93159,0.92948,,,,,,,,,,,,,,,,,,
2013-02-25,0.0020982468802764067,0.92502,0.92939,96.0,0.003151716623248145,0.92794,0.92784,0.92812,0.92899,108.0,0.004250321935962167,0.92896,0.92915,0.92938,0.93123,119.0,0.0054444932316476125,0.93007,0.9304,0.93096,0.93069
2013-02-26,0.0020094371712106305,0.93093,0.93215,,,,,,,,,,,,,,,,,,
2013-02-27,0.001962765086911532,0.93004,0.9318,,,,,,,,,,,,,,,,,,
2013-02-28,0.0019389530689641428,0.93017,0.93381,108.0,0.0035521728655546984,0.93348,0.93492,0.93439,0.93284,109.0,0.0050935989896387516,0.93492,0.93451,0.93504,0.93295,109.0,0.0050935989896387516,0.93492,0.93451,0.93504,0.93295
2013-03-01,0.0019230213742940357,0.94155,0.94255,60.0,0.003953726471309868,0.94528,0.9457,0.94485,0.94511,60.0,0.003953726471309868,0.94528,0.9457,0.94485,0.94511,78.0,0.004894803492308444,0.94617,0.94562,0.94556,0.94474
2013-03-04,0.0020354519322732445,0.94207,0.94123,,,,,,,,,,,,,,,,,,
2013-03-05,0.002066463531619612,0.94022,0.94253,179.0,0.003132651667988624,0.94317,0.94313,,,,,,,,,,,,,,
2013-03-06,0.0020311082499615443,0.9438,0.94738,95.0,0.00312078748961716,0.94675,0.94646,0.94614,0.94546,,,,,,,,,,,,
2013-03-07,0.001979253841636471,0.94237,0.94289,,,,,,,,,,,,,,,,,,
2013-03-08,0.0021111262937512877,0.95261,0.95246,,,,,,,,,,,,,,,,,,
2013-03-11,0.0020944318811256355,0.95001,0.9492,,,,,,,,,,,,,,,,,,
2013-03-12,0.0021224185737605634,0.94756,0.94681,82.0,-0.0034463472209025313,0.9443,0.94416,0.94401,0.94459,,,,,,,,,,,,
2013-03-13,0.0020822593585988636,0.94699,0.95162,100.0,0.003352382485603182,0.95017,0.95113,0.95154,0.95096,101.0,0.004362217947215368,0.95113,0.95101,0.95153,0.9511,130.0,0.005276501323131431,0.952,0.9522,0.95177,0.95182
2013-03-14,0.0020492302777532826,0.95495,0.94982,148.0,-0.0032515237373658464,0.95185,0.95184,0.95127,0.95156,,,,,,,,,,,,
2013-03-15,0.0020919210725902017,0.94263,0.93864,54.0,-0.004913230914830948,0.93801,0.93841,0.93865,0.93964,54.0,-0.004913230914830948,0.93801,0.93841,0.93865,0.93964,,,,,,
2013-03-18,0.0021334430122594977,0.94483,0.94489,,,,,,,,,,,,,,,,,,
2013-03-19,0.0022754283584461676,0.94422,0.94605,,,,,,,,,,,,,,,,,,
2013-03-20,0.002237912706224925,0.94557,0.94386,,,,,,,,,,,,,,,,,,
2013-03-21,0.0021843057931512956,0.94603,0.94553,,,,,,,,,,,,,,,,,,
2013-03-22,0.002160728956907441,0.94325,0.94053,135.0,-0.003345106259914614,0.9401,0.94052,0.94024,0.94157,,,,,,,,,,,,
2013-03-25,0.002122125072128314,0.9405,0.94689,56.0,0.0034602477925020363,0.94376,0.94353,0.94401,0.94359,96.0,0.0045827844192880265,0.94482,0.94464,0.94463,0.94439,145.0,0.005439723295818121,0.94563,0.94576,0.94608,0.94598
2013-03-26,0.0021263915778294688,0.94889,0.94842,,,,,,,,,,,,,,,,,,
2013-03-27,0.002312980879408471,0.95285,0.9534,,,,,,,,,,,,,,,,,,
2013-03-28,0.0022523426677352517,0.95219,0.94779,141.0,-0.0034295606750880964,0.94893,0.94875,0.9488,0.94927,,,,,,,,,,,,
2013-03-29,0.002253779198809213,0.94904,0.94906,,,,,,,,,,,,,,,,,,
2013-04-01,0.00225132893135012,0.94985,0.94592,,,,,,,,,,,,,,,,,,
2013-04-02,0.0021589669678055983,0.94689,0.94845,,,,,,,,,,,,,,,,,,
2013-04-03,0.0022454796153366496,0.94822,0.94528,121.0,-0.0033910333937350926,0.94501,0.94497,0.9454,0.94494,,,,,,,,,,,,
2013-04-04,0.0022590213714242416,0.94887,0.94562,106.0,-0.0038012019541742467,0.94527,0.94537,0.94638,0.94563,122.0,-0.00462670365205587,0.94449,0.94478,0.94415,0.94393,,,,,,
2013-04-05,0.002267986635918709,0.94018,0.9323,30.0,-0.006295167124728172,0.93428,0.93505,0.93337,0.93562,30.0,-0.006295167124728172,0.93428,0.93505,0.93337,0.93562,30.0,-0.006295167124728172,0.93428,0.93505,0.93337,0.93562
2013-04-08,0.002290970780381523,0.93362,0.9346,,,,,,,,,,,,,,,,,,
2013-04-09,0.002268710319509258,0.93509,0.93122,,,,,,,,,,,,,,,,,,
2013-04-10,0.002216733383951424,0.93013,0.93322,,,,,,,,,,,,,,,,,,
2013-04-11,0.002163809190131606,0.92786,0.92956,85.0,0.003281743020742821,0.93091,0.93096,0.93089,0.93101,,,,,,,,,,,,
2013-04-12,0.0021132757193712305,0.93191,0.92911,156.0,-0.003202857362778315,0.92893,0.92903,0.92921,0.92907,,,,,,,,,,,,
2013-04-15,0.0021107094394000147,0.92862,0.93003,,,,,,,,,,,,,,,,,,
2013-04-16,0.0020460439933681156,0.92675,0.92543,,,,,,,,,,,,,,,,,,
2013-04-17,0.0019992724087365943,0.92537,0.93052,128.0,0.0034090329147517845,0.92853,0.92829,0.92867,0.92927,135.0,0.004130343362502046,0.9292,0.92891,0.92907,0.93016,150.0,0.005162956826600587,0.93016,0.93012,0.9301,0.93145
2013-04-18,0.0022053917036606503,0.93223,0.93017,,,,,,,,,,,,,,,,,,
2013-04-19,0.002387028828036799,0.93041,0.93237,,,,,,,,,,,,,,,,,,
2013-04-22,0.0023248034238024726,0.93418,0.93471,,,,,,,,,,,,,,,,,,
2013-04-23,0.002221989916594344,0.93985,0.94273,,,,,,,,,,,,,,,,,,
2013-04-24,0.002194056646751974,0.9453,0.94833,123.0,0.0036956908121224025,0.9488,0.949,0.949,0.9491,140.0,0.0045911582269064785,0.94965,0.94969,0.94805,0.94884,,,,,,
2013-04-25,0.0024659109128032978,0.94317,0.94521,119.0,0.003862459100563386,0.94682,0.94678,0.94682,0.94805,134.0,0.005160701378668784,0.94805,0.94791,0.94751,0.94803,,,,,,
2013-04-26,0.002404695524908431,0.94372,0.94152,42.0,-0.003641173655786491,0.94029,0.94019,0.94082,0.9411,,,,,,,,,,,,
2013-04-29,0.0023569933452976827,0.9379,0.93705,,,,,,,,,,,,,,,,,,
2013-04-30,0.0022404134969562354,0.93611,0.92965,98.0,-0.0034885747220105645,0.93285,0.933,0.93248,0.9315,100.0,-0.004657720145622032,0.93176,0.93217,0.9323,0.93118,123.0,-0.005828234070388091,0.93067,0.93031,0.93015,0.92921
2013-05-01,0.0022346518789355106,0.9268,0.92679,,,,,,,,,,,,,,,,,,
2013-05-02,0.0023764824805704078,0.92773,0.93459,63.0,0.003593720243840518,0.93107,0.93155,0.93174,0.93292,65.0,0.004956812850020313,0.93234,0.93213,0.93224,0.93313,86.0,0.006135944502679066,0.93344,0.9341,0.93403,0.93278
2013-05-03,0.0023320416260218507,0.9328,0.93377,30.0,0.003937349946682809,0.93648,0.93689,0.93752,0.93916,35.0,0.005047275354118957,0.93752,0.93832,0.93892,0.93938,36.0,0.005900226617021751,0.93832,0.93886,0.93925,0.93943
2013-05-06,0.0024126478530792734,0.93698,0.93916,,,,,,,,,,,,,,,,,,
2013-05-07,0.002292732176113551,0.9398,0.94013,,,,,,,,,,,,,,,,,,
2013-05-08,0.0022677694736467887,0.93942,0.93472,39.0,-0.003518990163264615,0.93612,0.93628,0.93563,0.93549,46.0,-0.00459849412384856,0.93511,0.93508,0.93543,0.93587,,,,,,
2013-05-09,0.0022224023276362953,0.93532,0.94039,88.0,0.003649833833032035,0.93874,0.93872,0.94048,0.94112,90.0,0.0044910334971748405,0.93953,0.93957,0.94138,0.9412,94.0,0.006309438162487085,0.94124,0.94138,0.94136,0.94075
2013-05-10,0.0022677614693063872,0.95648,0.95908,,,,,,,,,,,,,,,,,,
2013-05-13,0.0027946922782129658,0.9553,0.95721,,,,,,,,,,,,,,,,,,
2013-05-14,0.002811186679227039,0.95805,0.96007,,,,,,,,,,,,,,,,,,
2013-05-15,0.0028120151119171155,0.97333,0.9674,30.0,-0.0046237023526935,0.96884,0.969,0.9676,0.96958,35.0,-0.005904403194947217,0.9676,0.96771,0.96932,0.96944,106.0,-0.007176398278471817,0.96637,0.9659,0.96624,0.96662
2013-05-16,0.0031531981727114283,0.96621,0.96151,31.0,-0.005375575925973352,0.96103,0.96178,0.96208,0.96279,122.0,-0.006979308592197171,0.95949,0.95929,0.95982,0.96253,,,,,,
2013-05-17,0.003078633734551214,0.96675,0.97277,64.0,0.004798399424238101,0.9714,0.97167,0.97225,0.97249,86.0,0.0066496804219611455,0.9732,0.97347,0.97407,0.97244,89.0,0.007974326734905014,0.97449,0.97418,0.97339,0.97324
2013-05-20,0.0030025854814970006,0.96867,0.9674,,,,,,,,,,,,,,,,,,
2013-05-21,0.0029353208367896276,0.97042,0.9678,139.0,0.004472578258609083,0.97477,0.97479,0.97399,0.97345,,,,,,,,,,,,
2013-05-22,0.00287617068218958,0.97393,0.98127,128.0,-0.004682740596596684,0.96938,0.96897,0.97046,0.97293,178.0,0.005855932540073342,0.97965,0.97912,,,,,,,,
2013-05-23,0.0028085658166346894,0.96833,0.96751,85.0,-0.004294939099319844,0.96418,0.96401,0.96428,0.96561,,,,,,,,,,,,
2013-05-24,0.0029398212206021815,0.96223,0.96197,,,,,,,,,,,,,,,,,,
2013-05-27,0.0030090205853008306,0.96213,0.96402,,,,,,,,,,,,,,,,,,
2013-05-28,0.003029952174986505,0.96857,0.97305,134.0,0.004645541792679513,0.97308,0.97322,0.9737,0.97398,140.0,0.00612428513053325,0.97452,0.97462,0.97424,0.9748,,,,,,
2013-05-29,0.0030221513315627987,0.96388,0.96145,,,,,,,,,,,,,,,,,,
2013-05-30,0.0030508901743517363,0.96247,0.95574,85.0,-0.004613366092366724,0.95804,0.95785,0.95357,0.95612,90.0,-0.009290060760338439,0.95357,0.95353,0.95612,0.95647,90.0,-0.009290060760338439,0.95357,0.95353,0.95612,0.95647
2013-05-31,0.0033827056927925527,0.95472,0.95846,175.0,0.005223471478448879,0.95972,0.96012,0.9595,,,,,,,,,,,,,
2013-06-03,0.003372560692465625,0.95792,0.94422,171.0,-0.005516692259948419,0.95265,0.95226,0.95285,,,,,,,,,,,,,
2013-06-04,0.0032086427835463886,0.94638,0.94815,136.0,0.004901428061721259,0.95103,0.95107,0.95067,0.95162,,,,,,,,,,,,
2013-06-05,0.003296798304663694,0.9468,0.94209,,,,,,,,,,,,,,,,,,
2013-06-06,0.00321135449654297,0.94158,0.93037,154.0,-0.004929396257009551,0.93695,0.9371,0.93672,0.93591,166.0,-0.006702673651991957,0.93529,0.93569,0.93539,,178.0,-0.008125704519387246,0.93396,0.93477,,
2013-06-07,0.0031747316018514273,0.92634,0.93508,41.0,0.005297170009257801,0.93126,0.93158,0.93185,0.93355,51.0,0.007003078336117593,0.93285,0.9326,0.93355,0.93159,59.0,0.008085196178265081,0.93386,0.93422,0.93218,0.93344
2013-06-10,0.0036139552579853864,0.93741,0.93557,,,,,,,,,,,,,,,,,,
2013-06-11,0.003567371080075454,0.9266,0.92722,,,,,,,,,,,,,,,,,,
2013-06-12,0.0035051236266847455,0.92834,0.91823,125.0,-0.0054546669920156115,0.92329,0.92375,0.92305,0.9238,167.0,-0.007601474712333597,0.92131,0.9212,0.92031,,173.0,-0.009209174636054161,0.91983,0.91975,0.92023,
2013-06-13,0.0035247382515479217,0.92281,0.92358,,,,,,,,,,,,,,,,,,
2013-06-14,0.0035438050519393544,0.92501,0.92226,,,,,,,,,,,,,,,,,,
2013-06-17,0.003518893245734858,0.92267,0.92499,,,,,,,,,,,,,,,,,,
2013-06-18,0.0033513302406964025,0.92035,0.91852,,,,,,,,,,,,,,,,,,
2013-06-19,0.0032624397114649996,0.91968,0.91922,,,,,,,,,,,,,,,,,,
2013-06-20,0.003190369874662794,0.93224,0.92934,,,,,,,,,,,,,,,,,,
2013-06-21,0.003276903443299133,0.92869,0.93513,144.0,0.004983845076097843,0.93333,0.9335,0.933,0.93337,,,,,,,,,,,,
2013-06-24,0.0032254522645223764,0.9349,0.93404,,,,,,,,,,,,,,,,,,
2013-06-25,0.003295319970514073,0.93322,0.93832,114.0,0.004949049955639096,0.93785,0.93772,0.9378,0.93854,122.0,0.006706847302808863,0.9395,0.93963,0.93916,0.93967,,,,,,
2013-06-26,0.0032533275684949723,0.94157,0.94293,,,,,,,,,,,,,,,,,,
2013-06-27,0.003229374339166379,0.94484,0.94618,,,,,,,,,,,,,,,,,,
2013-06-28,0.003164138729286544,0.9437,0.94503,,,,,,,,,,,,,,,,,,
2013-07-01,0.0030888298578894795,0.94628,0.94487,,,,,,,,,,,,,,,,,,
2013-07-02,0.0029344715599089774,0.94813,0.9492,96.0,0.004619480500601613,0.95252,0.95244,0.95169,0.95132,,,,,,,,,,,,
2013-07-03,0.0028566975955791806,0.94902,0.94731,,,,,,,,,,,,,,,,,,
2013-07-04,0.002854803462829351,0.94935,0.95684,39.0,0.004382860285029232,0.95352,0.95322,0.95359,0.95539,53.0,0.00572435457525083,0.9548,0.95539,0.95626,0.95539,56.0,0.007335958469592438,0.95634,0.95646,0.95597,0.95557
2013-07-05,0.002805465489676528,0.95851,0.96237,30.0,0.004870697041406296,0.96319,0.96433,0.96439,0.96415,31.0,0.006053564283169443,0.96433,0.96383,0.96502,0.9641,50.0,0.007421454319152895,0.96565,0.96445,0.96331,0.96356
2013-07-08,0.0029370637039902087,0.96506,0.96452,,,,,,,,,,,,,,,,,,
2013-07-09,0.002899721088924007,0.96719,0.97334,150.0,0.004538944649801243,0.97159,0.97113,0.9717,0.97361,164.0,0.005958289109907386,0.97297,0.97361,0.97439,0.97317,169.0,0.007416674053298904,0.97439,0.97394,0.97372,
2013-07-10,0.002827113339864575,0.96979,0.96816,,,,,,,,,,,,,,,,,,
2013-07-11,0.0028881527664854738,0.95008,0.94958,,,,,,,,,,,,,,,,,,
2013-07-12,0.004215384061585898,0.95064,0.94689,,,,,,,,,,,,,,,,,,
2013-07-15,0.004105293367293687,0.95244,0.95039,,,,,,,,,,,,,,,,,,
2013-07-16,0.0038904529723956982,0.9431,0.94069,,,,,,,,,,,,,,,,,,
2013-07-17,0.003790615835842347,0.93947,0.94292,,,,,,,,,,,,,,,,,,
2013-07-18,0.003767181221519307,0.94375,0.94686,,,,,,,,,,,,,,,,,,
2013-07-19,0.003668425819645101,0.94187,0.94004,,,,,,,,,,,,,,,,,,
2013-07-22,0.0035712391809809858,0.93945,0.93559,156.0,-0.0054113899042292175,0.93438,0.93292,0.93469,0.93562,,,,,,,,,,,,
2013-07-23,0.003396749490714131,0.93999,0.93657,,,,,,,,,,,,,,,,,,
2013-07-24,0.0033313180549709876,0.93482,0.9355,,,,,,,,,,,,,,,,,,
2013-07-25,0.0032430661234249926,0.93547,0.93353,,,,,,,,,,,,,,,,,,
2013-07-26,0.0031588307352612825,0.92861,0.92853,,,,,,,,,,,,,,,,,,
2013-07-29,0.003233875144152865,0.92872,0.93081,,,,,,,,,,,,,,,,,,
2013-07-30,0.0030692655821149654,0.92799,0.92947,,,,,,,,,,,,,,,,,,
2013-07-31,0.003041341361568773,0.92785,0.92766,30.0,0.004688029402491224,0.93221,0.93275,0.93251,0.93255,101.0,0.006124441620996901,0.93355,0.93294,0.93325,0.93288,,,,,,
2013-08-01,0.0029748764020931986,0.93056,0.93517,,,,,,,,,,,,,,,,,,
2013-08-02,0.002900744951472776,0.93691,0.92935,30.0,-0.005426100269674699,0.93184,0.93221,0.93293,0.93015,40.0,-0.006467593671954811,0.93087,0.93035,0.93015,0.93052,42.0,-0.007273616316466094,0.93012,0.93054,0.93042,0.93067
2013-08-05,0.003040267960530775,0.93156,0.93021,,,,,,,,,,,,,,,,,,
2013-08-06,0.0030206312610778457,0.92755,0.92675,,,,,,,,,,,,,,,,,,
2013-08-07,0.002965354986532511,0.92581,0.92226,,,,,,,,,,,,,,,,,,
2013-08-08,0.00288943398907273,0.92072,0.91945,,,,,,,,,,,,,,,,,,
2013-08-09,0.002847294697525706,0.92091,0.92212,,,,,,,,,,,,,,,,,,
2013-08-12,0.002785418681191226,0.92754,0.92464,,,,,,,,,,,,,,,,,,
2013-08-13,0.002665734027357372,0.93002,0.93391,94.0,0.004302466334947822,0.93403,0.934,0.93417,0.93348,,,,,,,,,,,,
2013-08-14,0.0026103146337161064,0.93635,0.93534,,,,,,,,,,,,,,,,,,
2013-08-15,0.002685960175065269,0.93445,0.9333,36.0,0.0043034242811532805,0.93848,0.93943,0.93845,0.93787,,,,,,,,,,,,
2013-08-16,0.0026177967509436262,0.92596,0.92678,72.0,-0.004209894585340161,0.92207,0.92225,0.92235,0.92202,,,,,,,,,,,,
2013-08-19,0.002633776018141656,0.92536,0.92464,,,,,,,,,,,,,,,,,,
2013-08-20,0.0024983057560608877,0.92009,0.91782,33.0,-0.0037566806851152016,0.91664,0.9169,0.9176,0.91803,98.0,-0.005143136221317602,0.91537,0.91495,0.9152,0.91562,,,,,,
2013-08-21,0.002444919786954688,0.91921,0.92071,,,,,,,,,,,,,,,,,,
2013-08-22,0.002534489321101214,0.92757,0.92352,,,,,,,,,,,,,,,,,,
2013-08-23,0.0026431167451935796,0.9252,0.92073,142.0,-0.004311051834445868,0.92122,0.92143,0.92098,0.92117,161.0,-0.005657999680931205,0.91998,0.92028,0.91995,0.92013,178.0,-0.006832627850444837,0.9189,0.91924,,
2013-08-26,0.0025789150915324073,0.9237,0.9228,,,,,,,,,,,,,,,,,,
2013-08-27,0.002464343983387109,0.9225,0.91855,90.0,-0.003714206205179795,0.91908,0.91875,0.91798,0.91773,100.0,-0.005325810099521297,0.9176,0.91774,0.91773,0.91809,,,,,,
2013-08-28,0.00240267327392526,0.92116,0.92177,,,,,,,,,,,,,,,,,,
2013-08-29,0.002391655606038168,0.92833,0.93143,,,,,,,,,,,,,,,,,,
2013-08-30,0.0023882432295809896,0.93019,0.93119,,,,,,,,,,,,,,,,,,
2013-09-02,0.0025360697881099442,0.93217,0.93407,,,,,,,,,,,,,,,,,,
2013-09-03,0.0024295169622269713,0.93592,0.93617,,,,,,,,,,,,,,,,,,
2013-09-04,0.002380035047829454,0.93701,0.93558,,,,,,,,,,,,,,,,,,
2013-09-05,0.002334513468656386,0.93829,0.94377,66.0,0.0041054279014929446,0.94215,0.94218,0.94144,0.94075,126.0,0.004784494635281388,0.94279,0.94271,0.94329,0.9439,135.0,0.006395432400863772,0.94431,0.94431,0.94384,0.94429
2013-09-06,0.0022778510055008524,0.94393,0.9383,30.0,-0.005289781199476872,0.93895,0.93894,0.93932,0.93999,30.0,-0.005289781199476872,0.93895,0.93894,0.93932,0.93999,102.0,-0.005779810184909017,0.93849,0.93671,0.93687,0.93717
2013-09-09,0.0023614349687911046,0.93589,0.9315,142.0,-0.0044012128849892675,0.93178,0.93206,0.93217,0.93192,,,,,,,,,,,,
2013-09-10,0.00233679130347325,0.936,0.93443,,,,,,,,,,,,,,,,,,
2013-09-11,0.0023800341690831234,0.93427,0.9316,115.0,-0.003570647313698416,0.93094,0.93061,0.93084,0.93089,,,,,,,,,,,,
2013-09-12,0.0023498466108846584,0.93007,0.92855,,,,,,,,,,,,,,,,,,
2013-09-13,0.002404395702210183,0.93186,0.93182,35.0,-0.00365528918213566,0.92846,0.92827,0.92842,0.92931,,,,,,,,,,,,
2013-09-16,0.002364900834034848,0.92694,0.92574,,,,,,,,,,,,,,,,,,
2013-09-17,0.002351469643514931,0.92645,0.9266,,,,,,,,,,,,,,,,,,
2013-09-18,0.0023254884422119456,0.92623,0.92591,,,,,,,,,,,,,,,,,,
2013-09-19,0.0022623317053691873,0.91039,0.91122,,,,,,,,,,,,,,,,,,
2013-09-20,0.002819153453805423,0.91166,0.91015,,,,,,,,,,,,,,,,,,
2013-09-23,0.0027535148308393317,0.91242,0.91086,45.0,-0.004305522544196867,0.9085,0.90883,0.90923,0.90895,,,,,,,,,,,,
2013-09-24,0.002622272633777333,0.9115,0.91157,,,,,,,,,,,,,,,,,,
2013-09-25,0.0025595769390662037,0.91038,0.90828,,,,,,,,,,,,,,,,,,
2013-09-26,0.002507549420281705,0.91025,0.91068,,,,,,,,,,,,,,,,,,
2013-09-27,0.002459285738844093,0.90471,0.90498,,,,,,,,,,,,,,,,,,
2013-09-30,0.0023949394121840903,0.90545,0.90424,,,,,,,,,,,,,,,,,,
2013-10-01,0.0023331913468473404,0.90451,0.9065,,,,,,,,,,,,,,,,,,
2013-10-02,0.002273291751968651,0.9052,0.90161,45.0,-0.0037964151254846934,0.90177,0.90103,0.90134,0.9011,46.0,-0.004617360367952272,0.90103,0.90096,0.90153,0.90116,82.0,-0.005805595867199625,0.89996,0.89996,0.8998,0.89974
2013-10-03,0.002222567211497838,0.90221,0.89696,,,,,,,,,,,,,,,,,,
2013-10-04,0.0022643838625171463,0.9032,0.9052,,,,,,,,,,,,,,,,,,
2013-10-07,0.002228915751912586,0.90389,0.9048,,,,,,,,,,,,,,,,,,
2013-10-08,0.002384147976136045,0.90455,0.90432,,,,,,,,,,,,,,,,,,
2013-10-09,0.002322791303011192,0.91119,0.91042,,,,,,,,,,,,,,,,,,
2013-10-10,0.0022791662297163935,0.90931,0.91042,100.0,0.00362255599455537,0.91261,0.91248,0.91177,0.91151,,,,,,,,,,,,
2013-10-11,0.0023724279329840805,0.90771,0.91021,,,,,,,,,,,,,,,,,,
2013-10-14,0.0023253689599965935,0.90935,0.90808,,,,,,,,,,,,,,,,,,
2013-10-15,0.0022349875123175013,0.91618,0.91492,,,,,,,,,,,,,,,,,,
2013-10-16,0.0021821203858979764,0.91045,0.91643,119.0,0.003289657004726523,0.91345,0.91369,0.91356,0.91402,167.0,0.005127148908490799,0.91513,0.91552,0.91568,,168.0,0.005553227083893107,0.91552,0.91539,0.91569,
2013-10-17,0.0021569808070007984,0.90341,0.90287,,,,,,,,,,,,,,,,,,
2013-10-18,0.0021058495470019445,0.90209,0.90114,,,,,,,,,,,,,,,,,,
2013-10-21,0.0023272923862144067,0.90342,0.90188,,,,,,,,,,,,,,,,,,
2013-10-22,0.0022187547406948716,0.9032,0.89478,30.0,-0.007211502937849211,0.89671,0.89745,0.89828,0.8988,30.0,-0.007211502937849211,0.89671,0.89745,0.89828,0.8988,30.0,-0.007211502937849211,0.89671,0.89745,0.89828,0.8988
2013-10-23,0.00216883974279853,0.89409,0.89186,,,,,,,,,,,,,,,,,,
2013-10-24,0.0023948975992623437,0.89107,0.89154,,,,,,,,,,,,,,,,,,
2013-10-25,0.002359003650563285,0.89575,0.89368,,,,,,,,,,,,,,,,,,
2013-10-28,0.0023003708893100288,0.89407,0.89531,,,,,,,,,,,,,,,,,,
2013-10-29,0.0021838152874376657,0.89773,0.89808,161.0,-0.003280301069211438,0.89479,0.89469,0.89479,0.89488,,,,,,,,,,,,
2013-10-30,0.0021788893028273884,0.8974,0.89613,,,,,,,,,,,,,,,,,,
2013-10-31,0.0021782047100178934,0.90451,0.90554,,,,,,,,,,,,,,,,,,
2013-11-01,0.002121912302452167,0.91058,0.91235,,,,,,,,,,,,,,,,,,
2013-11-04,0.0023384214701187853,0.9133,0.91045,142.0,-0.0036198141867374444,0.91,0.91016,0.90998,0.91001,,,,,,,,,,,,
2013-11-05,0.0022746478839429,0.91285,0.91297,,,,,,,,,,,,,,,,,,
2013-11-06,0.0022307120003518172,0.91177,0.91089,,,,,,,,,,,,,,,,,,
2013-11-07,0.002176778644420107,0.92221,0.91689,114.0,-0.0034106741439527835,0.91907,0.91907,0.91855,0.91873,127.0,-0.004488430555599778,0.91808,0.91858,0.91832,0.91673,135.0,-0.005621871541845581,0.91704,0.91715,0.91621,0.9177
2013-11-08,0.002121271393879608,0.9198,0.92148,76.0,0.003765460997146714,0.92327,0.92321,0.92357,0.92364,83.0,0.004664035788171439,0.9241,0.92391,0.92432,0.92344,,,,,,
2013-11-11,0.0021788737061972964,0.91965,0.91993,,,,,,,,,,,,,,,,,,
2013-11-12,0.0021283475809753608,0.91648,0.91701,,,,,,,,,,,,,,,,,,
2013-11-13,0.0020818718778876436,0.91627,0.91553,43.0,0.0031491284204203224,0.91916,0.91882,0.91928,0.91909,,,,,,,,,,,,
2013-11-14,0.002092311621240776,0.91639,0.91458,,,,,,,,,,,,,,,,,,
2013-11-15,0.002044463464688569,0.91485,0.91519,,,,,,,,,,,,,,,,,,
2013-11-18,0.0020165116704885006,0.91195,0.91278,,,,,,,,,,,,,,,,,,
2013-11-19,0.0019434703837942534,0.9126,0.91091,,,,,,,,,,,,,,,,,,
2013-11-20,0.001912558880621845,0.91065,0.91692,83.0,0.002894834088417459,0.91329,0.91333,0.91294,0.915,94.0,0.003956364652381879,0.91426,0.91483,0.91477,0.91348,96.0,0.004907501441790375,0.91513,0.91478,0.91435,0.91381
2013-11-21,0.0018922862871651406,0.9153,0.91514,,,,,,,,,,,,,,,,,,
2013-11-22,0.0020827888719783306,0.90941,0.90776,,,,,,,,,,,,,,,,,,
2013-11-25,0.002056925185374359,0.91081,0.9121,,,,,,,,,,,,,,,,,,
2013-11-26,0.002211201526581132,0.90933,0.90768,,,,,,,,,,,,,,,,,,
2013-11-27,0.002165894334517787,0.90507,0.90808,119.0,0.0033752513843386274,0.90813,0.90814,0.90794,0.90782,179.0,0.004354807360636977,0.90902,0.90901,,,,,,,,
2013-11-28,0.0021941172076416224,0.90623,0.90605,,,,,,,,,,,,,,,,,,
2013-11-29,0.002143598608318796,0.90372,0.90629,,,,,,,,,,,,,,,,,,
2013-12-02,0.0021000832800272683,0.90902,0.90777,,,,,,,,,,,,,,,,,,
2013-12-03,0.0020007946119377402,0.90477,0.90336,172.0,-0.00307733422688092,0.90199,0.90239,0.90262,,,,,,,,,,,,,
2013-12-04,0.0020272871732778673,0.90595,0.902,,,,,,,,,,,,,,,,,,
2013-12-05,0.0020627808742400312,0.90141,0.89697,62.0,-0.003322539073819874,0.89842,0.89813,0.89862,0.89892,144.0,-0.00469254725197052,0.89719,0.89741,0.89765,0.8973,,,,,,
2013-12-06,0.0020622578090154038,0.89592,0.89285,155.0,-0.0033429329284031723,0.89293,0.89291,0.89296,0.89323,,,,,,,,,,,,
2013-12-09,0.0020691422165210254,0.89138,0.89123,,,,,,,,,,,,,,,,,,
2013-12-10,0.0020584020153828404,0.88703,0.88687,,,,,,,,,,,,,,,,,,
2013-12-11,0.0020404325529690057,0.88711,0.88496,,,,,,,,,,,,,,,,,,
2013-12-12,0.0020015499744159074,0.88835,0.89015,,,,,,,,,,,,,,,,,,
2013-12-13,0.0019515138947821995,0.88884,0.89045,,,,,,,,,,,,,,,,,,
2013-12-16,0.001948748238496842,0.88701,0.88796,,,,,,,,,,,,,,,,,,
2013-12-17,0.0018551510246097463,0.88713,0.88665,,,,,,,,,,,,,,,,,,
2013-12-18,0.001822172106576242,0.88802,0.88847,,,,,,,,,,,,,,,,,,
2013-12-19,0.0017890991873552632,0.89575,0.8961,,,,,,,,,,,,,,,,,,
2013-12-20,0.0022084698192445635,0.89765,0.89559,95.0,-0.0033253021179015588,0.89467,0.89437,0.89401,0.89347,105.0,-0.004880155754787553,0.89328,0.89345,0.89347,0.89557,,,,,,
2013-12-23,0.0021972136789126387,0.89418,0.89418,,,,,,,,,,,,,,,,,,
2013-12-24,0.0021153670179646137,0.89542,0.89592,,,,,,,,,,,,,,,,,,
2013-12-26,0.0020649859863723745,0.89657,0.89629,,,,,,,,,,,,,,,,,,
2013-12-27,0.002013304471228732,0.88591,0.88884,132.0,0.0030430787858954575,0.88861,0.88853,0.88832,0.88826,,,,,,,,,,,,
2013-12-30,0.001974483645545909,0.88856,0.88748,124.0,-0.0030093854603385965,0.88589,0.88607,0.88629,0.88635,,,,,,,,,,,,
2013-12-31,0.001898460924636387,0.8907,0.88938,,,,,,,,,,,,,,,,,,
2014-01-02,0.0019412613859171688,0.90036,0.89944,,,,,,,,,,,,,,,,,,
2014-01-03,0.002064864893801348,0.90184,0.90417,151.0,0.0031331155820194796,0.90467,0.90447,0.90462,0.90433,,,,,,,,,,,,
2014-01-06,0.002139107131884036,0.90632,0.90266,115.0,-0.0033598616929665084,0.90328,0.90311,0.90354,0.90355,146.0,-0.0043456454431233076,0.90239,0.90282,0.90316,0.90343,,,,,,
2014-01-07,0.002171461226006089,0.90714,0.90743,,,,,,,,,,,,,,,,,,
2014-01-08,0.0021269191592954532,0.91027,0.91115,,,,,,,,,,,,,,,,,,
2014-01-09,0.0021043357660219314,0.91165,0.90896,82.0,-0.003219128562047466,0.90872,0.90875,0.90898,0.90908,,,,,,,,,,,,
2014-01-10,0.0021107284788417914,0.90431,0.90244,55.0,-0.0032785825143658767,0.90135,0.90142,0.90104,0.90097,63.0,-0.00423316234976111,0.90049,0.90073,0.90113,0.90188,,,,,,
2014-01-13,0.002165067543740519,0.90367,0.90138,,,,,,,,,,,,,,,,,,
2014-01-14,0.0021405189986794097,0.90175,0.90127,,,,,,,,,,,,,,,,,,
2014-01-15,0.0020976233478124805,0.90829,0.90889,,,,,,,,,,,,,,,,,,
2014-01-16,0.0021856732949136768,0.90488,0.9063,,,,,,,,,,,,,,,,,,
2014-01-17,0.0021517716798408358,0.90831,0.91123,,,,,,,,,,,,,,,,,,
2014-01-20,0.0021347859593873995,0.90968,0.90939,,,,,,,,,,,,,,,,,,
2014-01-21,0.0021279641667646654,0.91177,0.91013,140.0,-0.003295728427231501,0.90877,0.90856,0.90931,0.90987,,,,,,,,,,,,
2014-01-22,0.0020843748214544352,0.90931,0.91108,,,,,,,,,,,,,,,,,,
2014-01-23,0.0020566862720909564,0.90085,0.89955,,,,,,,,,,,,,,,,,,
2014-01-24,0.0020203543859122017,0.89523,0.89435,,,,,,,,,,,,,,,,,,
2014-01-27,0.0025987581852749374,0.89724,0.89531,,,,,,,,,,,,,,,,,,
2014-01-28,0.0025190402743407196,0.89783,0.89849,,,,,,,,,,,,,,,,,,
2014-01-29,0.00246561678865229,0.89616,0.89397,,,,,,,,,,,,,,,,,,
2014-01-30,0.002468090180512603,0.9015,0.90348,,,,,,,,,,,,,,,,,,
2014-01-31,0.0024667004643072915,0.90388,0.90493,,,,,,,,,,,,,,,,,,
2014-02-03,0.0025185717206471056,0.90489,0.90205,141.0,-0.003875373010163774,0.90139,0.90093,0.90108,0.90094,,,,,,,,,,,,
2014-02-04,0.0024529065267454193,0.904,0.90449,,,,,,,,,,,,,,,,,,
2014-02-05,0.00245800085419033,0.90416,0.90317,,,,,,,,,,,,,,,,,,
2014-02-06,0.0024068367433170645,0.89837,0.89928,,,,,,,,,,,,,,,,,,
2014-02-07,0.0023544207270850717,0.90185,0.89831,96.0,-0.0035545719181647143,0.89865,0.89875,0.89895,0.89891,,,,,,,,,,,,
2014-02-10,0.0023541746840997618,0.89743,0.89681,,,,,,,,,,,,,,,,,,
2014-02-11,0.002271341671192203,0.89615,0.89705,,,,,,,,,,,,,,,,,,
2014-02-12,0.0022727208290805314,0.90205,0.90139,,,,,,,,,,,,,,,,,,
2014-02-13,0.002252977260665262,0.89342,0.89407,,,,,,,,,,,,,,,,,,
2014-02-14,0.0022037480128923696,0.89265,0.89216,,,,,,,,,,,,,,,,,,
2014-02-17,0.0022678705823670083,0.89149,0.89137,,,,,,,,,,,,,,,,,,
2014-02-18,0.002180324827687967,0.88934,0.88812,,,,,,,,,,,,,,,,,,
2014-02-19,0.0021375711889285672,0.88795,0.88694,,,,,,,,,,,,,,,,,,
2014-02-20,0.002170455743171126,0.88983,0.89043,,,,,,,,,,,,,,,,,,
2014-02-21,0.0021258181804724697,0.88927,0.88754,,,,,,,,,,,,,,,,,,
2014-02-24,0.00209734231395872,0.88935,0.88876,,,,,,,,,,,,,,,,,,
2014-02-25,0.002021128530643807,0.88624,0.88641,,,,,,,,,,,,,,,,,,
2014-02-26,0.0019898550043685325,0.88881,0.89188,60.0,0.003605064466075061,0.89202,0.89208,0.89157,0.89199,78.0,0.004109410256232123,0.89247,0.89254,0.89254,0.89186,,,,,,
2014-02-27,0.0019597648584003943,0.8896,0.8879,,,,,,,,,,,,,,,,,,
2014-02-28,0.0019463120234072028,0.87991,0.88005,,,,,,,,,,,,,,,,,,
2014-03-03,0.0019196129773785828,0.88036,0.88238,,,,,,,,,,,,,,,,,,
2014-03-04,0.002068659806737579,0.88396,0.88666,129.0,0.0035571754041819324,0.88711,0.88702,0.88695,0.88688,,,,,,,,,,,,
2014-03-05,0.0020850733074131342,0.88822,0.88727,,,,,,,,,,,,,,,,,,
2014-03-06,0.0020930588855368323,0.88326,0.88002,,,,,,,,,,,,,,,,,,
2014-03-07,0.0020517598858105497,0.88126,0.87731,99.0,-0.0031026454179278046,0.87853,0.87843,0.87863,0.87868,,,,,,,,,,,,
2014-03-10,0.0023170493704442233,0.87808,0.87788,,,,,,,,,,,,,,,,,,
2014-03-11,0.002227065631427832,0.8794,0.87819,,,,,,,,,,,,,,,,,,
2014-03-12,0.0021865220963638576,0.87643,0.87445,,,,,,,,,,,,,,,,,,
2014-03-13,0.002143268436968295,0.87099,0.87251,,,,,,,,,,,,,,,,,,
2014-03-14,0.0021375177338178687,0.87372,0.87104,120.0,-0.0032672462129071005,0.87087,0.87047,0.8712,0.87075,,,,,,,,,,,,
2014-03-17,0.002095350882172911,0.87517,0.87246,106.0,-0.0035828587843301286,0.87204,0.87211,0.87164,0.87201,110.0,-0.004305563797288173,0.87141,0.87164,0.87216,0.87197,,,,,,
2014-03-18,0.0020464343302488,0.87284,0.87415,158.0,0.0033969094511770506,0.87581,0.87565,0.87559,0.87585,174.0,0.004275709318279047,0.87658,0.87629,0.87596,,,,,,,
2014-03-19,0.002006421070738263,0.87373,0.87456,,,,,,,,,,,,,,,,,,
2014-03-20,0.0019659763494532263,0.8854,0.88339,,,,,,,,,,,,,,,,,,
2014-03-21,0.0021511036251401577,0.88276,0.88359,,,,,,,,,,,,,,,,,,
2014-03-24,0.0021186729008953976,0.88621,0.88387,,,,,,,,,,,,,,,,,,
2014-03-25,0.002032593182590706,0.8832,0.88608,,,,,,,,,,,,,,,,,,
2014-03-26,0.0020126493488898897,0.88645,0.88524,,,,,,,,,,,,,,,,,,
2014-03-27,0.001996332198928155,0.88577,0.88641,,,,,,,,,,,,,,,,,,
2014-03-28,0.0019682235933228876,0.88722,0.8867,,,,,,,,,,,,,,,,,,
2014-03-31,0.0019378852783707681,0.88376,0.88402,,,,,,,,,,,,,,,,,,
2014-04-01,0.0018621955286387552,0.88303,0.88235,,,,,,,,,,,,,,,,,,
2014-04-02,0.0018481698381975775,0.88369,0.88683,,,,,,,,,,,,,,,,,,
2014-04-03,0.0018281735915117543,0.88632,0.89195,68.0,0.003502748900216866,0.88943,0.88913,0.88973,0.89001,70.0,0.003896181945798509,0.88978,0.88991,0.89014,0.89027,80.0,0.004918384037648336,0.89069,0.89046,0.89027,0.8911
2014-04-04,0.0018761163818461306,0.8928,0.89166,,,,,,,,,,,,,,,,,,
2014-04-07,0.0019315280467358234,0.88894,0.88751,,,,,,,,,,,,,,,,,,
2014-04-08,0.0018558869409018147,0.8852,0.88338,,,,,,,,,,,,,,,,,,
2014-04-09,0.001908373128634493,0.88311,0.88158,176.0,-0.0032892527897778467,0.88021,0.88049,,,,,,,,,,,,,,
2014-04-10,0.0019212581424811986,0.87829,0.87576,,,,,,,,,,,,,,,,,,
2014-04-11,0.001970479782610819,0.87635,0.87479,,,,,,,,,,,,,,,,,,
2014-04-14,0.0019699876277490137,0.87861,0.87832,,,,,,,,,,,,,,,,,,
2014-04-15,0.001895665966021315,0.88106,0.88018,150.0,-0.003137507120894308,0.8783,0.87859,0.87898,0.87912,,,,,,,,,,,,
2014-04-16,0.0019075512013447806,0.87945,0.88108,,,,,,,,,,,,,,,,,,
2014-04-17,0.0018707285145389187,0.87822,0.88109,120.0,0.002853977320220957,0.88073,0.88083,0.88053,0.88084,,,,,,,,,,,,
2014-04-18,0.0018353489241957409,0.88242,0.88313,,,,,,,,,,,,,,,,,,
2014-04-21,0.0018395455799149157,0.88327,0.88506,,,,,,,,,,,,,,,,,,
2014-04-22,0.0017705425438913664,0.88394,0.88509,,,,,,,,,,,,,,,,,,
2014-04-23,0.0017474319773280681,0.88149,0.88231,,,,,,,,,,,,,,,,,,
2014-04-24,0.0017192750063186994,0.88252,0.88158,44.0,0.0025914812531825735,0.88481,0.88502,0.88541,0.88509,,,,,,,,,,,,
2014-04-25,0.0016918356512794146,0.88142,0.88092,,,,,,,,,,,,,,,,,,
2014-04-28,0.0016696083653315534,0.87836,0.88056,,,,,,,,,,,,,,,,,,
2014-04-29,0.0016133224358031307,0.8813,0.88438,,,,,,,,,,,,,,,,,,
2014-04-30,0.001611344626500116,0.88063,0.87997,,,,,,,,,,,,,,,,,,
2014-05-01,0.001654684593149536,0.87852,0.87964,,,,,,,,,,,,,,,,,,
2014-05-02,0.0016953340847747351,0.87889,0.87893,30.0,0.004099041160267585,0.8825,0.88212,0.88163,0.88332,30.0,0.004099041160267585,0.8825,0.88212,0.88163,0.88332,43.0,0.004710752044007003,0.88304,0.88287,0.88297,0.88285
2014-05-05,0.001664999651544698,0.87729,0.87734,,,,,,,,,,,,,,,,,,
2014-05-06,0.0016225542194386942,0.87298,0.87418,,,,,,,,,,,,,,,,,,
2014-05-07,0.0015944683236833808,0.87454,0.87568,,,,,,,,,,,,,,,,,,
2014-05-08,0.0016214635330528244,0.87267,0.87811,37.0,-0.002570135084669947,0.87043,0.87039,0.8711,0.87299,55.0,0.0037629502892467426,0.87596,0.87514,0.87553,0.87589,72.0,0.004504718127111993,0.87661,0.87647,0.87689,0.87697
2014-05-09,0.0016101460169420621,0.88389,0.88594,156.0,0.0024520478965702566,0.88606,0.88569,0.88592,0.88595,,,,,,,,,,,,
2014-05-12,0.001692960593819687,0.88678,0.88747,,,,,,,,,,,,,,,,,,
2014-05-13,0.0017672266727408402,0.88949,0.88931,,,,,,,,,,,,,,,,,,
2014-05-14,0.0017354655786536578,0.88921,0.88933,,,,,,,,,,,,,,,,,,
2014-05-15,0.0017131584807775675,0.89455,0.88971,127.0,-0.0026080595943704255,0.89222,0.89195,0.89175,0.89123,130.0,-0.0036060692648273674,0.89133,0.89154,0.89103,0.89136,137.0,-0.0047623139562063006,0.8903,0.89084,0.89123,0.8907
2014-05-16,0.0016843731741696438,0.89139,0.89095,,,,,,,,,,,,,,,,,,
2014-05-19,0.0016591859745654256,0.89109,0.89149,,,,,,,,,,,,,,,,,,
2014-05-20,0.0016339184655970675,0.89173,0.89153,,,,,,,,,,,,,,,,,,
2014-05-21,0.001606814329084842,0.89313,0.89425,,,,,,,,,,,,,,,,,,
2014-05-22,0.0015798492746653676,0.89333,0.89478,,,,,,,,,,,,,,,,,,
2014-05-23,0.0015747560743411325,0.89563,0.89572,,,,,,,,,,,,,,,,,,
2014-05-26,0.0015525083640476856,0.89502,0.89454,,,,,,,,,,,,,,,,,,
2014-05-27,0.0015071490331875202,0.89582,0.89748,,,,,,,,,,,,,,,,,,
2014-05-28,0.0015066164694875676,0.89814,0.89813,,,,,,,,,,,,,,,,,,
2014-05-29,0.0015132502379170312,0.8969,0.89688,,,,,,,,,,,,,,,,,,
2014-05-30,0.0014921010364976073,0.89656,0.89439,178.0,-0.0022667770678472584,0.89453,0.89377,,,179.0,-0.0031167463635528563,0.89377,0.89414,,,,,,,,
2014-06-03,0.0014694051768363676,0.89613,0.89652,,,,,,,,,,,,,,,,,,
2014-06-04,0.00149537926077092,0.89577,0.89532,,,,,,,,,,,,,,,,,,
2014-06-05,0.0014782762568612755,0.89878,0.89439,31.0,0.003221401761636899,0.90168,0.90141,0.90235,0.90251,31.0,0.003221401761636899,0.90168,0.90141,0.90235,0.90251,35.0,0.0037979368021092436,0.9022,0.90235,0.90281,0.90144
2014-06-06,0.0014561140301264871,0.8931,0.89374,49.0,-0.0024326957171942813,0.89093,0.89112,0.89129,0.8921,,,,,,,,,,,,
2014-06-09,0.0016195133886704987,0.89551,0.89718,,,,,,,,,,,,,,,,,,
2014-06-10,0.0015958628306504833,0.89974,0.89953,,,,,,,,,,,,,,,,,,
2014-06-11,0.001620696427021008,0.89865,0.89964,,,,,,,,,,,,,,,,,,
2014-06-12,0.001644116422759796,0.89999,0.89815,,,,,,,,,,,,,,,,,,
2014-06-13,0.0016217137753767228,0.89932,0.90051,,,,,,,,,,,,,,,,,,
2014-06-16,0.0016007678089242582,0.89958,0.89677,127.0,-0.0024262941929839104,0.8974,0.8975,0.89749,0.89742,,,,,,,,,,,,
2014-06-17,0.0015650072322022227,0.89802,0.89977,50.0,0.0025468086922751884,0.90031,0.90015,0.90005,0.9001,,,,,,,,,,,,
2014-06-18,0.0015509872722818236,0.89792,0.89745,,,,,,,,,,,,,,,,,,
2014-06-19,0.0015292481589394872,0.89322,0.89299,174.0,-0.0023089262546980493,0.89116,0.89124,0.89152,,,,,,,,,,,,,
2014-06-20,0.0015517025338340938,0.89514,0.89602,63.0,0.002365544508582035,0.89726,0.89724,0.89695,0.89684,,,,,,,,,,,,
2014-06-23,0.0015648864789447265,0.89462,0.89479,,,,,,,,,,,,,,,,,,
2014-06-24,0.001528269489264484,0.89338,0.89544,,,,,,,,,,,,,,,,,,
2014-06-25,0.0015049054267255656,0.89377,0.89167,33.0,-0.0023075037682323265,0.89171,0.89173,0.89131,0.89114,36.0,-0.003047928761111402,0.89105,0.89134,0.89161,0.89106,,,,,,
2014-06-26,0.001486868141621337,0.89382,0.89319,,,,,,,,,,,,,,,,,,
2014-06-27,0.001479320278897384,0.89292,0.89181,175.0,-0.002320928067191247,0.89085,0.89093,0.89107,,,,,,,,,,,,,
2014-06-30,0.0014569605682663402,0.88995,0.88677,164.0,-0.0023174199274678476,0.88789,0.888,0.88806,0.88654,175.0,-0.0030835739844367943,0.88721,0.88735,0.88658,,179.0,-0.0038390356130375957,0.88654,0.88658,,
2014-07-01,0.0014326119052312097,0.8866,0.88697,,,,,,,,,,,,,,,,,,
2014-07-02,0.0014895898170824773,0.88772,0.8886,,,,,,,,,,,,,,,,,,
2014-07-03,0.001467922791854327,0.88953,0.89316,30.0,0.0023019363264824124,0.89158,0.89163,0.89238,0.89257,35.0,0.003198817482591666,0.89238,0.89222,0.8925,0.89249,55.0,0.003803757847200409,0.89292,0.89288,0.89348,0.89396
2014-07-04,0.0014616994059820695,0.89446,0.89399,,,,,,,,,,,,,,,,,,
2014-07-07,0.0015129108773587704,0.89385,0.89326,,,,,,,,,,,,,,,,,,
2014-07-08,0.0014773832994375063,0.89399,0.89236,,,,,,,,,,,,,,,,,,
2014-07-09,0.001474941595180611,0.89333,0.89178,142.0,-0.002263762845890047,0.89131,0.89128,0.89127,0.89126,,,,,,,,,,,,
2014-07-10,0.0014537817251890448,0.89265,0.89254,,,,,,,,,,,,,,,,,,
2014-07-11,0.0014687469229414819,0.89241,0.89262,,,,,,,,,,,,,,,,,,
2014-07-14,0.0014730029660490176,0.89036,0.89167,,,,,,,,,,,,,,,,,,
2014-07-15,0.001433633976203382,0.89137,0.89518,111.0,0.002230030116258259,0.89336,0.89338,0.89318,0.89216,147.0,0.003326411050606909,0.89434,0.89415,0.89397,0.89508,156.0,0.004019419517396525,0.89496,0.89487,0.89499,0.89594
2014-07-16,0.001414441369626751,0.89798,0.89828,,,,,,,,,,,,,,,,,,
2014-07-17,0.0014689694113312593,0.89803,0.89703,,,,,,,,,,,,,,,,,,
2014-07-18,0.0014610552739901838,0.89757,0.89877,69.0,0.002403606565312752,0.89973,0.89963,0.90002,0.90003,,,,,,,,,,,,
2014-07-21,0.001439795271059425,0.89836,0.89782,,,,,,,,,,,,,,,,,,
2014-07-22,0.0014018379463697408,0.90101,0.90221,,,,,,,,,,,,,,,,,,
2014-07-23,0.0013818628017710438,0.90197,0.90235,,,,,,,,,,,,,,,,,,
2014-07-24,0.0014605051153129388,0.90156,0.90234,,,,,,,,,,,,,,,,,,
2014-07-25,0.0014387231503703384,0.90351,0.90444,,,,,,,,,,,,,,,,,,
2014-07-28,0.0014177730345955025,0.90405,0.90362,,,,,,,,,,,,,,,,,,
2014-07-29,0.00140259083376159,0.90443,0.90676,126.0,0.0023081818138637757,0.90652,0.90657,0.90645,0.90633,,,,,,,,,,,,
2014-07-30,0.0013854755887998437,0.90729,0.90971,30.0,0.0025208201056287002,0.90958,0.90906,0.90916,0.90888,82.0,0.002883559118888871,0.90991,0.90976,0.90993,0.90994,,,,,,
2014-07-31,0.001399504876181204,0.90906,0.90866,,,,,,,,,,,,,,,,,,
2014-08-01,0.0013925225202969132,0.90767,0.90489,30.0,-0.002382555534235528,0.90551,0.9066,0.90682,0.90799,163.0,-0.002934883056396178,0.90501,0.90475,0.90462,0.90481,169.0,-0.003719712672596962,0.9043,0.90409,0.90459,
2014-08-04,0.0013751289783404442,0.90641,0.90673,,,,,,,,,,,,,,,,,,
2014-08-05,0.001392952295093906,0.90919,0.91011,,,,,,,,,,,,,,,,,,
2014-08-06,0.0013744238823658317,0.91055,0.90941,,,,,,,,,,,,,,,,,,
2014-08-07,0.0013903955660542037,0.90826,0.90856,127.0,0.002265504823632997,0.91032,0.91017,0.91,0.90989,,,,,,,,,,,,
2014-08-08,0.001392214015180252,0.90639,0.90504,128.0,-0.002109484069292013,0.90448,0.90464,0.9042,0.90394,148.0,-0.002927968591431463,0.90374,0.90383,0.90366,0.90386,,,,,,
2014-08-11,0.0013731585108150248,0.9059,0.90619,,,,,,,,,,,,,,,,,,
2014-08-12,0.0013597107230694286,0.90974,0.90814,,,,,,,,,,,,,,,,,,
2014-08-13,0.0013564808449078862,0.90796,0.90782,34.0,-0.0022824388991850445,0.90589,0.90587,0.90503,0.90449,37.0,-0.002779311373287523,0.90544,0.90542,0.90528,0.90484,45.0,-0.003464295877438575,0.90482,0.90501,0.90457,0.90419
2014-08-14,0.0013387150598972363,0.90634,0.90557,47.0,-0.002065374793324171,0.90447,0.90416,0.90452,0.90427,56.0,-0.002839608340825805,0.90377,0.90357,0.90421,0.90459,,,,,,
2014-08-15,0.001321652390904226,0.90447,0.90232,166.0,-0.002368829976413165,0.90233,0.90291,0.90329,,,,,,,,,,,,,
2014-08-18,0.0013128967770620911,0.9042,0.90649,118.0,0.0019997686491552446,0.90601,0.906,0.90573,0.90607,,,,,,,,,,,,
2014-08-19,0.0013659591529042762,0.90663,0.90881,70.0,0.002203541982158005,0.90863,0.90843,0.90834,0.90826,175.0,0.002764669092168284,0.90914,0.90914,0.90886,,,,,,,
2014-08-20,0.001438060397702024,0.9111,0.91152,,,,,,,,,,,,,,,,,,
2014-08-21,0.0014507341582508384,0.91288,0.91118,,,,,,,,,,,,,,,,,,
2014-08-22,0.0015329663080332066,0.91201,0.9139,161.0,0.002376533680866475,0.91418,0.91448,0.91444,0.91472,173.0,0.0031310237524687537,0.91487,0.91502,0.91441,,,,,,,
2014-08-25,0.0015505168335739421,0.91575,0.91438,,,,,,,,,,,,,,,,,,
2014-08-26,0.0015472886617724552,0.91591,0.91661,,,,,,,,,,,,,,,,,,
2014-08-27,0.0015306597488005563,0.91526,0.91467,,,,,,,,,,,,,,,,,,
2014-08-28,0.0015429359818328568,0.91481,0.91516,,,,,,,,,,,,,,,,,,
2014-08-29,0.0015880348508858703,0.91408,0.91729,,,,,,,,,,,,,,,,,,
2014-09-01,0.0015764281710283613,0.91861,0.91926,,,,,,,,,,,,,,,,,,
2014-09-02,0.001562319904229777,0.92019,0.91956,,,,,,,,,,,,,,,,,,
2014-09-03,0.0015402721534656973,0.91801,0.91842,,,,,,,,,,,,,,,,,,
2014-09-04,0.0015191781490507868,0.92451,0.9323,114.0,0.00229048146206889,0.92663,0.92681,0.92674,0.92731,130.0,0.0031318873066221195,0.92741,0.92734,0.92765,0.92725,151.0,0.00417726430330358,0.92838,0.9285,0.92875,0.92917
2014-09-05,0.0015045389095639614,0.93114,0.93042,125.0,-0.002290138893036148,0.92901,0.92911,0.92968,0.93001,,,,,,,,,,,,
2014-09-08,0.0022469773966561006,0.93192,0.93146,,,,,,,,,,,,,,,,,,
2014-09-09,0.0021567942258068954,0.9354,0.93491,,,,,,,,,,,,,,,,,,
2014-09-10,0.002190946724069212,0.93342,0.938,36.0,0.0036572495931147717,0.93684,0.93678,0.93684,0.93873,44.0,0.004436161396730687,0.93757,0.93757,0.93792,0.93807,51.0,0.005672637597541882,0.93873,0.93836,0.93833,0.9388
2014-09-11,0.0021699992637360874,0.93563,0.93483,,,,,,,,,,,,,,,,,,
2014-09-12,0.0021483656893602605,0.93448,0.93354,,,,,,,,,,,,,,,,,,
2014-09-15,0.0021035819665946474,0.93611,0.93435,,,,,,,,,,,,,,,,,,
2014-09-16,0.0020529422415281225,0.93339,0.93118,,,,,,,,,,,,,,,,,,
2014-09-17,0.002012738727296855,0.93377,0.93473,,,,,,,,,,,,,,,,,,
2014-09-18,0.001976379508899716,0.9387,0.93434,101.0,-0.0030086762125391157,0.93588,0.93602,0.93633,0.93674,145.0,-0.004291714623088651,0.93468,0.9351,0.93448,0.93418,156.0,-0.005019501114103414,0.934,0.93407,0.93415,0.93447
2014-09-19,0.002154877795213852,0.93838,0.94018,,,,,,,,,,,,,,,,,,
2014-09-22,0.002240996265962591,0.93926,0.94089,,,,,,,,,,,,,,,,,,
2014-09-23,0.002273646436032108,0.93549,0.93851,155.0,0.003595917124708193,0.93886,0.93895,0.93873,0.93875,,,,,,,,,,,,
2014-09-24,0.0022264902539575323,0.94104,0.94458,114.0,0.0034794451023886885,0.94432,0.94449,0.94431,0.94478,147.0,0.004474375274745507,0.94526,0.94499,0.94502,0.94414,,,,,,
2014-09-25,0.002178869124698432,0.94932,0.94648,164.0,-0.0038945667844021495,0.94563,0.94582,0.94633,0.9467,,,,,,,,,,,,
2014-09-26,0.0022540546453971954,0.94818,0.95127,151.0,0.0036529624847256885,0.95165,0.95164,0.95131,0.95093,,,,,,,,,,,,
2014-09-29,0.0022145495501910925,0.95002,0.94989,,,,,,,,,,,,,,,,,,
2014-09-30,0.002170869451732624,0.95838,0.95521,145.0,-0.0033445546342366515,0.95518,0.95529,0.95492,0.95498,,,,,,,,,,,,
2014-10-01,0.0021301620022818315,0.95833,0.95662,123.0,-0.0033342597013228275,0.95514,0.95483,0.95502,0.95581,,,,,,,,,,,,
2014-10-02,0.00217760261315749,0.95638,0.95345,67.0,-0.0033935262362529885,0.95314,0.95358,0.95363,0.95291,75.0,-0.0046218019233203594,0.95197,0.95258,0.95265,0.9539,,,,,,
2014-10-03,0.0021417941985391394,0.95827,0.9671,30.0,0.0050380562277182826,0.96311,0.96463,0.96322,0.96571,30.0,0.0050380562277182826,0.96311,0.96463,0.96322,0.96571,31.0,0.006615032702763145,0.96463,0.96436,0.96399,0.96542
2014-10-06,0.002100479205861016,0.96406,0.96271,93.0,0.003334475528415075,0.96728,0.96746,0.96705,0.96652,,,,,,,,,,,,
2014-10-07,0.0024539125531753076,0.96061,0.96038,91.0,-0.0037233114742063833,0.95704,0.95682,0.9574,0.95756,,,,,,,,,,,,
2014-10-08,0.002495047894531918,0.95904,0.95633,,,,,,,,,,,,,,,,,,
2014-10-09,0.002450957755209986,0.94791,0.95412,34.0,0.003801144918897025,0.95152,0.95123,0.95092,0.95131,,,,,,,,,,,,
2014-10-10,0.0025328917913291908,0.95566,0.957,,,,,,,,,,,,,,,,,,
2014-10-13,0.0024860722646141364,0.95172,0.95241,,,,,,,,,,,,,,,,,,
2014-10-14,0.0024723537562930976,0.95473,0.95371,,,,,,,,,,,,,,,,,,
2014-10-15,0.0024385340607039935,0.95265,0.94374,36.0,-0.004334157154489913,0.94853,0.94846,0.94912,0.94656,47.0,-0.005452300730901659,0.94747,0.94745,0.94686,0.94569,51.0,-0.006413214834713269,0.94656,0.94686,0.94721,0.94647
2014-10-16,0.0024571164751467684,0.94669,0.94241,,,,,,,,,,,,,,,,,,
2014-10-17,0.002874605644594612,0.94092,0.94645,106.0,0.004337389417504823,0.94501,0.945,0.94521,0.94566,124.0,0.005764926313256899,0.94636,0.94618,0.94581,0.94591,,,,,,
2014-10-20,0.002819588367628101,0.94473,0.94382,,,,,,,,,,,,,,,,,,
2014-10-21,0.0027129450433444353,0.94487,0.94808,,,,,,,,,,,,,,,,,,
2014-10-22,0.002682827562294154,0.94953,0.95297,143.0,0.004067417440895166,0.9534,0.95305,0.95255,0.95285,,,,,,,,,,,,
2014-10-23,0.0027124175608330124,0.95247,0.95353,,,,,,,,,,,,,,,,,,
2014-10-24,0.0027476547384477665,0.95264,0.95165,,,,,,,,,,,,,,,,,,
2014-10-27,0.0026896823073327084,0.9512,0.94833,,,,,,,,,,,,,,,,,,
2014-10-28,0.0025920404207495566,0.94986,0.94643,35.0,-0.003955763951982567,0.94611,0.94546,0.94566,0.94598,64.0,-0.005309588182791522,0.94483,0.94474,0.94532,0.94569,,,,,,
2014-10-29,0.0025361620413623187,0.94716,0.94519,,,,,,,,,,,,,,,,,,
2014-10-30,0.0024897243383535453,0.9582,0.95536,,,,,,,,,,,,,,,,,,
2014-10-31,0.0026291596383576647,0.95892,0.96269,51.0,0.004079599363869136,0.96284,0.96288,0.96297,0.96342,78.0,0.005397744810182029,0.96411,0.96421,0.96454,0.96414,88.0,0.007252658010878501,0.9659,0.96556,0.96414,0.96445
2014-11-03,0.002577415323334088,0.96408,0.96563,,,,,,,,,,,,,,,,,,
2014-11-04,0.0025690042506438734,0.96263,0.95993,109.0,-0.003882327816921662,0.9589,0.95889,0.9585,0.95893,,,,,,,,,,,,
2014-11-05,0.002528721427160051,0.96328,0.96365,,,,,,,,,,,,,,,,,,
2014-11-06,0.002520418706879467,0.97039,0.97088,,,,,,,,,,,,,,,,,,
2014-11-07,0.002476816123748499,0.97202,0.96818,55.0,-0.00424760422539777,0.9679,0.9681,0.96819,0.96986,,,,,,,,,,,,
2014-11-10,0.0027531598591363214,0.96365,0.96756,176.0,0.004348958446494224,0.96785,0.96774,,,,,,,,,,,,,,
2014-11-11,0.002765455605422602,0.96763,0.96529,,,,,,,,,,,,,,,,,,
2014-11-12,0.002740238127876846,0.96388,0.96643,,,,,,,,,,,,,,,,,,
2014-11-13,0.0027011815387728484,0.96455,0.96441,,,,,,,,,,,,,,,,,,
2014-11-14,0.0026410667076618853,0.96764,0.95951,94.0,-0.004100827982456712,0.96368,0.96286,0.96315,0.9632,102.0,-0.005835271655793825,0.96201,0.96271,0.96265,0.96312,,,,,,
2014-11-17,0.0025842869687496147,0.96112,0.965,77.0,0.003945925246206627,0.96492,0.96501,0.96452,0.96408,,,,,,,,,,,,
2014-11-18,0.002607539440715908,0.95861,0.95835,,,,,,,,,,,,,,,,,,
2014-11-19,0.0026274038292353977,0.95585,0.95696,,,,,,,,,,,,,,,,,,
2014-11-20,0.0026025618994069168,0.95725,0.95844,,,,,,,,,,,,,,,,,,
2014-11-21,0.002556174780110481,0.96832,0.97011,,,,,,,,,,,,,,,,,,
2014-11-24,0.0024951304646532555,0.96864,0.96767,,,,,,,,,,,,,,,,,,
2014-11-25,0.0027266237394321696,0.96916,0.96545,43.0,-0.004332704166388262,0.96497,0.96537,0.96496,0.96542,119.0,-0.005732690913696696,0.96362,0.96377,0.96388,0.96393,,,,,,
2014-11-26,0.002675967482331364,0.96308,0.96117,,,,,,,,,,,,,,,,,,
2014-11-27,0.002663194471596199,0.96281,0.96373,,,,,,,,,,,,,,,,,,
2014-11-28,0.0026235461567149132,0.96253,0.96621,,,,,,,,,,,,,,,,,,
2014-12-01,0.0026162112294724005,0.9637,0.96245,,,,,,,,,,,,,,,,,,
2014-12-02,0.002511888155355206,0.9692,0.97267,,,,,,,,,,,,,,,,,,
2014-12-03,0.002458826421803938,0.97591,0.97787,,,,,,,,,,,,,,,,,,
2014-12-04,0.0025238040776029043,0.96937,0.9718,16.0,0.004292536867882556,0.97354,0.97453,0.97276,0.97076,17.0,0.005308927536828289,0.97453,0.9749,0.97338,0.9714,,,,,,
2014-12-05,0.002548452617071512,0.97734,0.97799,,,,,,,,,,,,,,,,,,
2014-12-08,0.002586633399682604,0.97957,0.97605,,,,,,,,,,,,,,,,,,
2014-12-09,0.0025879479913597505,0.97009,0.9699,75.0,-0.004535623725587792,0.9657,0.96643,0.96735,0.96661,,,,,,,,,,,,
2014-12-10,0.0025457527854463717,0.97001,0.96795,,,,,,,,,,,,,,,,,,
2014-12-11,0.002596670188369498,0.96846,0.96999,,,,,,,,,,,,,,,,,,
2014-12-12,0.002558947586702772,0.96405,0.96406,,,,,,,,,,,,,,,,,,
2014-12-15,0.0025113863806026917,0.9658,0.96542,,,,,,,,,,,,,,,,,,
2014-12-16,0.0024831618023640973,0.95852,0.96012,150.0,0.004112468640644928,0.96247,0.96223,0.96203,0.96082,,,,,,,,,,,,
2014-12-17,0.002432656355263039,0.96316,0.96754,73.0,0.0037824467237126706,0.96681,0.96696,0.9668,0.96713,94.0,0.0050848532585962515,0.96807,0.96804,0.96926,0.96845,98.0,0.006086345255514023,0.96904,0.96926,0.96872,0.96852
2014-12-18,0.002402405088165989,0.98144,0.98013,,,,,,,,,,,,,,,,,,
2014-12-19,0.0026783436345597816,0.97875,0.98288,124.0,0.004180267098794819,0.98285,0.98281,0.98262,0.98231,,,,,,,,,,,,
2014-12-22,0.0027768576803518627,0.98162,0.98208,,,,,,,,,,,,,,,,,,
2014-12-23,0.002668576549518401,0.98689,0.98776,,,,,,,,,,,,,,,,,,
2014-12-24,0.0026083323233491887,0.98552,0.98643,,,,,,,,,,,,,,,,,,
2014-12-26,0.002591019333390023,0.98748,0.98773,,,,,,,,,,,,,,,,,,
2014-12-29,0.002492437042842498,0.98529,0.98876,,,,,,,,,,,,,,,,,,
2014-12-30,0.002407301852171914,0.98804,0.98895,,,,,,,,,,,,,,,,,,
2014-12-31,0.002409566991828707,0.99097,0.99367,,,,,,,,,,,,,,,,,,
2015-01-02,0.002364126011415144,0.99909,1.00085,,,,,,,,,,,,,,,,,,
2015-01-05,0.0023189355920453275,1.00867,1.00791,,,,,,,,,,,,,,,,,,
2015-01-06,0.0023185735871306553,1.00877,1.00693,,,,,,,,,,,,,,,,,,
2015-01-07,0.002269701112017413,1.01535,1.01534,,,,,,,,,,,,,,,,,,
2015-01-08,0.002299976735083722,1.01865,1.01654,,,,,,,,,,,,,,,,,,
2015-01-09,0.0023019977800314067,1.01809,1.01475,107.0,-0.0035422997022163632,1.01449,1.01468,1.01497,1.01444,,,,,,,,,,,,
2015-01-12,0.0022567944382940962,1.01588,1.01538,,,,,,,,,,,,,,,,,,
2015-01-13,0.0021890038345217483,1.02023,1.01884,,,,,,,,,,,,,,,,,,
2015-01-14,0.0021461384139440545,1.01474,1.01893,32.0,0.0032369651979342468,1.01803,1.01804,1.01754,1.01815,60.0,0.004601416070986413,1.01942,1.01946,1.02008,1.01911,,,,,,
2015-01-15,0.002149187550915423,0.87415,0.89103,3.0,-0.004391025530830639,0.87032,0.87041,0.87037,0.87535,3.0,-0.004391025530830639,0.87032,0.87041,0.87037,0.87535,40.0,0.005521535412527939,0.87899,0.87894,0.88635,0.88629
2015-01-16,0.0017387605388672924,0.87353,0.85832,11.0,-0.003072727397282295,0.87085,0.87034,0.87001,0.86761,12.0,-0.003658533672972718,0.87034,0.87035,0.86989,0.86777,20.0,-0.006189481598031042,0.86814,0.86774,0.86651,0.86668
2015-01-19,0.01456361588934348,0.87018,0.87839,,,,,,,,,,,,,,,,,,
2015-01-20,0.01397754724279312,0.86979,0.87612,,,,,,,,,,,,,,,,,,
2015-01-21,0.013694783423452261,0.85799,0.86388,,,,,,,,,,,,,,,,,,
2015-01-22,0.013361665120177052,0.85981,0.87104,,,,,,,,,,,,,,,,,,
2015-01-23,0.013137741402277098,0.87352,0.87896,,,,,,,,,,,,,,,,,,
2015-01-26,0.012853615914262435,0.89131,0.89815,,,,,,,,,,,,,,,,,,
2015-01-27,0.012220067006363924,0.8975,0.90478,,,,,,,,,,,,,,,,,,
2015-01-28,0.012188556058826017,0.90301,0.90537,,,,,,,,,,,,,,,,,,
2015-01-29,0.011883276726122069,0.91666,0.92385,,,,,,,,,,,,,,,,,,
2015-01-30,0.011623330515985417,0.92439,0.92037,,,,,,,,,,,,,,,,,,
2015-02-02,0.01139065943252187,0.93081,0.92809,,,,,,,,,,,,,,,,,,
2015-02-03,0.010847102050935564,0.92243,0.92219,,,,,,,,,,,,,,,,,,
2015-02-04,0.010578666137181248,0.92565,0.92282,,,,,,,,,,,,,,,,,,
2015-02-05,0.010317348567196818,0.92615,0.92264,,,,,,,,,,,,,,,,,,
2015-02-06,0.010063939401292197,0.92335,0.92461,,,,,,,,,,,,,,,,,,
2015-02-09,0.009814137294399804,0.92269,0.92309,,,,,,,,,,,,,,,,,,
2015-02-10,0.009340078425470357,0.92464,0.92702,,,,,,,,,,,,,,,,,,
2015-02-11,0.009109498730650534,0.92582,0.92886,,,,,,,,,,,,,,,,,,
2015-02-12,0.008894963739612958,0.93058,0.93015,,,,,,,,,,,,,,,,,,
2015-02-13,0.008680227761723428,0.93088,0.931,,,,,,,,,,,,,,,,,,
2015-02-16,0.008465336982420921,0.93136,0.93194,,,,,,,,,,,,,,,,,,
2015-02-17,0.008056087071896709,0.93071,0.93425,,,,,,,,,,,,,,,,,,
2015-02-18,0.007865840964207565,0.94181,0.94426,,,,,,,,,,,,,,,,,,
2015-02-19,0.007677698937517037,0.94805,0.94865,,,,,,,,,,,,,,,,,,
2015-02-20,0.007506824243623068,0.94577,0.93959,,,,,,,,,,,,,,,,,,
2015-02-23,0.007360277393157836,0.94786,0.95181,,,,,,,,,,,,,,,,,,
2015-02-24,0.007115587122938567,0.94894,0.94903,,,,,,,,,,,,,,,,,,
2015-02-25,0.006969705120174232,0.94857,0.94785,,,,,,,,,,,,,,,,,,
2015-02-26,0.006798080136864495,0.95345,0.95425,,,,,,,,,,,,,,,,,,
2015-02-27,0.006631353817500408,0.94856,0.95274,,,,,,,,,,,,,,,,,,
2015-03-02,0.006473605069185208,0.95556,0.95911,,,,,,,,,,,,,,,,,,
2015-03-03,0.006162218176229517,0.96005,0.96033,,,,,,,,,,,,,,,,,,
2015-03-04,0.006009363910571006,0.96069,0.96368,,,,,,,,,,,,,,,,,,
2015-03-05,0.0058947280691740616,0.96805,0.97394,,,,,,,,,,,,,,,,,,
2015-03-06,0.005759771155628227,0.98116,0.98283,,,,,,,,,,,,,,,,,,
2015-03-09,0.005667193761803626,0.98482,0.98731,,,,,,,,,,,,,,,,,,
2015-03-10,0.005509777072139904,0.99454,0.99945,,,,,,,,,,,,,,,,,,
2015-03-11,0.005371532036106925,1.00612,1.00724,,,,,,,,,,,,,,,,,,
2015-03-12,0.005344826876975746,1.00113,1.00354,,,,,,,,,,,,,,,,,,
2015-03-13,0.005339402025137242,1.00782,1.00554,,,,,,,,,,,,,,,,,,
2015-03-16,0.0052528859531121765,1.00518,1.0075,,,,,,,,,,,,,,,,,,
2015-03-17,0.0049988736073460615,1.00222,1.00426,,,,,,,,,,,,,,,,,,
2015-03-18,0.004882777180880629,1.00368,0.99462,,,,,,,,,,,,,,,,,,
2015-03-19,0.0047640667051293386,0.98975,0.99244,,,,,,,,,,,,,,,,,,
2015-03-20,0.004930233790696324,0.98505,0.97619,77.0,-0.0076736492968244975,0.97752,0.97816,0.97825,0.97872,,,,,,,,,,,,
2015-03-23,0.004814364581986915,0.97234,0.96662,,,,,,,,,,,,,,,,,,
2015-03-24,0.004820083326005763,0.95668,0.95887,,,,,,,,,,,,,,,,,,
2015-03-25,0.004809404204198959,0.95623,0.95781,,,,,,,,,,,,,,,,,,
2015-03-26,0.0047976368874881065,0.95476,0.96121,,,,,,,,,,,,,,,,,,
2015-03-27,0.004683863648921109,0.96464,0.95783,,,,,,,,,,,,,,,,,,
2015-03-30,0.004600095583672801,0.96363,0.96798,,,,,,,,,,,,,,,,,,
2015-03-31,0.004387336184379243,0.97355,0.97125,,,,,,,,,,,,,,,,,,
2015-04-01,0.004328661903527644,0.96938,0.96724,,,,,,,,,,,,,,,,,,
2015-04-02,0.004225255395799054,0.95999,0.95761,,,,,,,,,,,,,,,,,,
2015-04-03,0.004142310278280034,0.95798,0.95058,30.0,-0.007092042568738982,0.95121,0.95101,0.95075,0.95046,53.0,-0.008912434613463109,0.94948,0.94943,0.94969,0.94945,,,,,,
2015-04-06,0.0040825275049658286,0.95131,0.95252,,,,,,,,,,,,,,,,,,
2015-04-07,0.003983782384412304,0.96112,0.96385,,,,,,,,,,,,,,,,,,
2015-04-08,0.003895359013302012,0.96273,0.96305,,,,,,,,,,,,,,,,,,
2015-04-09,0.0038925000286753495,0.9695,0.97602,151.0,0.0059133737040592904,0.97525,0.97606,0.97646,0.97618,,,,,,,,,,,,
2015-04-10,0.0038138153116415103,0.98344,0.98029,,,,,,,,,,,,,,,,,,
2015-04-13,0.003811973719574604,0.98355,0.97766,105.0,-0.00592468935769954,0.97774,0.97795,0.97866,0.97841,,,,,,,,,,,,
2015-04-14,0.0036411722036272616,0.97838,0.97137,61.0,-0.006336598015472936,0.9722,0.97167,0.97247,0.97172,78.0,-0.008488675497071494,0.97011,0.97112,0.97148,0.97216,149.0,-0.009406518321635282,0.96922,0.96874,0.96903,0.96815
2015-04-15,0.0035776596381898894,0.9756,0.97228,89.0,-0.00557104504945536,0.97018,0.97037,0.97041,0.97049,,,,,,,,,,,,
2015-04-16,0.0034975512419970108,0.96323,0.95828,,,,,,,,,,,,,,,,,,
2015-04-17,0.003553289730962641,0.95072,0.95253,77.0,0.00548601815416993,0.95595,0.95552,0.95578,0.95506,,,,,,,,,,,,
2015-04-20,0.0035406317009872143,0.95793,0.95433,125.0,-0.005464151266346784,0.95271,0.95315,0.95363,0.95399,,,,,,,,,,,,
2015-04-21,0.003419006754326787,0.95768,0.95312,,,,,,,,,,,,,,,,,,
2015-04-22,0.0033623280899677927,0.95713,0.96625,19.0,0.005168777985554912,0.96209,0.96407,0.96442,0.96267,20.0,0.007224682684450747,0.96407,0.96349,0.96426,0.96296,178.0,0.00844791174664381,0.96525,0.96569,,
2015-04-23,0.0032890100843750206,0.96414,0.95483,145.0,-0.006106936858736636,0.95827,0.95802,0.95865,0.95793,159.0,-0.006795915318878184,0.95761,0.95793,0.95764,0.95688,166.0,-0.009389055410792439,0.95513,0.95549,0.95655,
2015-04-24,0.003541967234278478,0.95416,0.95342,,,,,,,,,,,,,,,,,,
2015-04-27,0.003719557317642598,0.95713,0.95368,,,,,,,,,,,,,,,,,,
2015-04-28,0.0035661375533892208,0.95636,0.95414,179.0,-0.005914818930489925,0.95072,0.95064,,,,,,,,,,,,,,
2015-04-29,0.0034863033999650906,0.95416,0.93545,37.0,-0.006909453017405392,0.94759,0.94623,0.94708,0.94898,38.0,-0.008345703805532975,0.94623,0.94832,0.94794,0.9487,118.0,-0.009043452010181339,0.94557,0.94404,0.94426,0.94367
2015-04-30,0.0034377498315948827,0.93516,0.94094,49.0,0.005491970486765206,0.94031,0.9404,0.93962,0.94089,73.0,0.0069053982839123364,0.94164,0.94159,0.94205,0.94317,82.0,0.008613721200950114,0.94325,0.9428,0.94323,0.9425
2015-05-01,0.003726439872364368,0.92953,0.93381,,,,,,,,,,,,,,,,,,
2015-05-04,0.0036866273321377175,0.93569,0.93606,,,,,,,,,,,,,,,,,,
2015-05-05,0.0035216371868958935,0.93358,0.92626,137.0,-0.0055639838918718305,0.9284,0.92816,0.92827,0.92875,163.0,-0.007278075977727071,0.92681,0.92686,0.92716,0.92555,176.0,-0.009049153882115498,0.92517,0.92528,,
2015-05-06,0.0034476337357152785,0.9239,0.91516,109.0,-0.006188608861577784,0.9182,0.91742,0.91539,0.91476,110.0,-0.007038458010035396,0.91742,0.91692,0.91547,0.91464,113.0,-0.008827679521613787,0.91578,0.91539,0.91353,0.91414
2015-05-07,0.003506355049643362,0.91404,0.9202,178.0,0.005498835536805514,0.91908,0.91994,,,,,,,,,,,,,,
2015-05-08,0.0035595987730023594,0.92492,0.92745,,,,,,,,,,,,,,,,,,
2015-05-11,0.003548499485098094,0.93358,0.9343,,,,,,,,,,,,,,,,,,
2015-05-12,0.00345185537332492,0.92489,0.9265,,,,,,,,,,,,,,,,,,
2015-05-13,0.0033687596847785193,0.92786,0.91606,38.0,-0.005468333036809958,0.9228,0.92283,0.92172,0.92169,45.0,-0.007149415832862111,0.92125,0.92119,0.92086,0.92093,117.0,-0.008463711977605174,0.92004,0.92001,0.91952,0.91955
2015-05-14,0.0033487387106993834,0.90901,0.91459,108.0,0.00502579791548184,0.91359,0.91359,0.9135,0.91334,173.0,0.006720963818782692,0.91514,0.91522,0.91514,,,,,,,
2015-05-15,0.0034667935008818487,0.9231,0.91744,138.0,-0.005779860512726756,0.91778,0.9176,0.91822,0.91656,153.0,-0.007110039410735378,0.91656,0.91716,0.91784,0.91679,,,,,,
2015-05-18,0.003418172447982082,0.91882,0.92332,,,,,,,,,,,,,,,,,,
2015-05-19,0.0032764166644539813,0.9302,0.93659,32.0,0.005178997545456976,0.93503,0.93522,0.93465,0.93654,34.0,0.00676058309373004,0.93651,0.93577,0.93518,0.93623,178.0,0.008339671178589084,0.93799,0.93806,,
2015-05-20,0.0033186769024883952,0.93822,0.93964,,,,,,,,,,,,,,,,,,
2015-05-21,0.0034024272520672347,0.93372,0.93468,,,,,,,,,,,,,,,,,,
2015-05-22,0.0033313279707308527,0.93367,0.94299,34.0,0.005330269572732299,0.93866,0.93899,0.93966,0.9413,40.0,0.008245072227899471,0.9414,0.94124,0.94137,0.94198,46.0,0.008531837990032806,0.94167,0.94095,0.94153,0.94321
2015-05-25,0.0032650176945724393,0.94269,0.94453,,,,,,,,,,,,,,,,,,
2015-05-26,0.0031864260184111004,0.94684,0.95053,147.0,0.004941091085457583,0.95153,0.95128,0.95107,0.95048,,,,,,,,,,,,
2015-05-27,0.003125723379195108,0.95099,0.9509,,,,,,,,,,,,,,,,,,
2015-05-28,0.0031152414392812138,0.94972,0.94682,,,,,,,,,,,,,,,,,,
2015-05-29,0.003052331713320087,0.94165,0.94053,109.0,-0.005014409604155279,0.93694,0.93633,0.93539,0.93613,114.0,-0.006670101019756475,0.93539,0.93483,0.93604,0.93752,,,,,,
2015-06-01,0.0030620196653024113,0.94479,0.94698,,,,,,,,,,,,,,,,,,
2015-06-02,0.0029415683309233828,0.94087,0.93478,66.0,-0.004570036449938218,0.93658,0.93584,0.93638,0.93505,74.0,-0.005948337511677804,0.93529,0.93293,0.93516,0.93542,75.0,-0.00847480790096113,0.93293,0.93267,0.93518,0.93544
2015-06-03,0.0028843365913241506,0.93776,0.93375,30.0,0.0045961439322830325,0.94208,0.94043,0.94089,0.94106,120.0,-0.005817949333355085,0.93232,0.93273,0.93323,0.93189,,,,,,
2015-06-04,0.0030881244416996762,0.93151,0.93443,,,,,,,,,,,,,,,,,,
2015-06-05,0.0030209120620700264,0.93272,0.94347,30.0,0.008583010608650373,0.94076,0.94006,0.94195,0.94475,30.0,0.008583010608650373,0.94076,0.94006,0.94195,0.94475,30.0,0.008583010608650373,0.94076,0.94006,0.94195,0.94475
2015-06-08,0.0029721616149234607,0.93774,0.93313,,,,,,,,,,,,,,,,,,
2015-06-09,0.002871630583030253,0.93085,0.92932,,,,,,,,,,,,,,,,,,
2015-06-10,0.0032165269454535574,0.93013,0.92919,,,,,,,,,,,,,,,,,,
2015-06-11,0.003186410187459172,0.93621,0.93606,,,,,,,,,,,,,,,,,,
2015-06-12,0.0031129530181658854,0.93363,0.92626,91.0,-0.004949947024764078,0.92902,0.92954,0.93021,0.93013,159.0,-0.0073747915410894435,0.92677,0.9266,0.92703,0.92608,162.0,-0.007946833801468815,0.92624,0.9267,0.92724,0.92677
2015-06-15,0.0030452571591278467,0.93659,0.93578,,,,,,,,,,,,,,,,,,
2015-06-16,0.0030085057057655574,0.93243,0.9329,,,,,,,,,,,,,,,,,,
2015-06-17,0.0029470358641852327,0.92734,0.9274,,,,,,,,,,,,,,,,,,
2015-06-18,0.0028771488426248713,0.91707,0.91985,,,,,,,,,,,,,,,,,,
2015-06-19,0.0030223725727751196,0.92487,0.92031,,,,,,,,,,,,,,,,,,
2015-06-22,0.002952611985110523,0.92228,0.91979,16.0,-0.0049674285155793555,0.91771,0.91793,0.91815,0.91824,165.0,-0.006930758516560687,0.91591,0.91696,0.91744,0.91756,,,,,,
2015-06-23,0.0028555370551031738,0.93348,0.93419,52.0,0.004371883717132805,0.93757,0.93752,0.93729,0.9375,,,,,,,,,,,,
2015-06-24,0.0029919720829332456,0.9315,0.93612,,,,,,,,,,,,,,,,,,
2015-06-25,0.0029757194590366207,0.93937,0.93718,,,,,,,,,,,,,,,,,,
2015-06-26,0.002906265368359383,0.93251,0.93504,,,,,,,,,,,,,,,,,,
2015-06-29,0.002851810341834449,0.93381,0.92822,123.0,-0.0044002818488794795,0.92971,0.92946,0.92994,0.92935,149.0,-0.0061335058093979905,0.9281,0.92841,0.92875,0.92741,163.0,-0.007297851104595195,0.92702,0.92741,0.92811,0.92906
2015-06-30,0.002826368021152747,0.9314,0.93406,180.0,0.004958696697735243,0.93603,,,,,,,,,,,,,,,
2015-07-01,0.0030149337783849733,0.94146,0.94578,,,,,,,,,,,,,,,,,,
2015-07-02,0.003055947759273649,0.94964,0.94375,55.0,-0.005088532247094123,0.94482,0.94457,0.94269,0.94288,58.0,-0.006592594557305928,0.9434,0.9435,0.94311,0.94255,64.0,-0.007748657919537851,0.94231,0.94274,0.94358,0.94355
2015-07-03,0.0032062452759390445,0.94252,0.94129,,,,,,,,,,,,,,,,,,
2015-07-06,0.0031517530241161004,0.94589,0.94347,,,,,,,,,,,,,,,,,,
2015-07-07,0.0030692212651989015,0.9492,0.94796,,,,,,,,,,,,,,,,,,
2015-07-08,0.0029975441350443585,0.94994,0.94608,,,,,,,,,,,,,,,,,,
2015-07-09,0.0029493986886993738,0.94953,0.9495,,,,,,,,,,,,,,,,,,
2015-07-10,0.0028863165736749733,0.93558,0.94093,,,,,,,,,,,,,,,,,,
2015-07-13,0.002820526025437757,0.94757,0.94922,,,,,,,,,,,,,,,,,,
2015-07-14,0.002842933826524656,0.94509,0.94594,42.0,-0.004507067806778427,0.94084,0.94082,0.94172,0.94194,,,,,,,,,,,,
2015-07-15,0.0029750745185950925,0.94896,0.952,142.0,0.005412320694105214,0.95411,0.95407,0.95294,0.95116,,,,,,,,,,,,
2015-07-16,0.002945043644317375,0.95718,0.95622,,,,,,,,,,,,,,,,,,
2015-07-17,0.002974300642098606,0.95813,0.96091,,,,,,,,,,,,,,,,,,
2015-07-20,0.002921461089609301,0.96182,0.96312,,,,,,,,,,,,,,,,,,
2015-07-21,0.0028354146540617896,0.96063,0.95886,170.0,-0.004517647868515069,0.9563,0.95662,0.95646,,,,,,,,,,,,,
2015-07-22,0.00277107572313521,0.96019,0.96146,,,,,,,,,,,,,,,,,,
2015-07-23,0.0027516201957863947,0.95558,0.95823,164.0,0.004260569089858903,0.95966,0.9597,0.95899,0.9593,,,,,,,,,,,,
2015-07-24,0.0026895427442148174,0.9622,0.96172,,,,,,,,,,,,,,,,,,
2015-07-27,0.002631382288841162,0.95722,0.9599,,,,,,,,,,,,,,,,,,
2015-07-28,0.0025222497597923465,0.96707,0.96374,,,,,,,,,,,,,,,,,,
2015-07-29,0.0024691525389870066,0.96336,0.963,,,,,,,,,,,,,,,,,,
2015-07-30,0.0024131320846240176,0.97042,0.96968,,,,,,,,,,,,,,,,,,
2015-07-31,0.0024899766613143723,0.9639,0.96346,30.0,-0.004825400906148377,0.95926,0.95972,0.95993,0.95818,36.0,-0.005242475964849983,0.95886,0.95834,0.95793,0.95889,40.0,-0.006996093248961209,0.95718,0.95793,0.95818,0.95869
2015-08-03,0.0024387139092988627,0.9683,0.96844,,,,,,,,,,,,,,,,,,
2015-08-04,0.0023345045220761643,0.96931,0.97336,159.0,0.0040873324036413425,0.97328,0.97421,0.97383,0.97399,160.0,0.005042407983688612,0.97421,0.97371,0.974,0.97393,,,,,,
2015-08-05,0.0023061643250330307,0.9786,0.98117,180.0,0.0034785127469823957,0.98201,,,,,,,,,,,,,,,
2015-08-06,0.002439251844782883,0.9836,0.98089,,,,,,,,,,,,,,,,,,
2015-08-07,0.0023842486945669884,0.98269,0.98226,34.0,0.0042952731793620864,0.98692,0.98618,0.98608,0.98706,36.0,0.004882787504260874,0.9875,0.98736,0.98513,0.98682,,,,,,
2015-08-10,0.002337123022438907,0.98424,0.98458,70.0,0.003610478354611069,0.9878,0.9877,0.98789,0.98823,113.0,0.004875116710171257,0.98905,0.98861,0.98806,0.98823,,,,,,
2015-08-11,0.0022425739663196565,0.98373,0.98689,85.0,-0.0034622194803679207,0.98033,0.98042,0.98094,0.98095,,,,,,,,,,,,
2015-08-12,0.0021958651616959895,0.97458,0.96895,105.0,-0.003319752474569706,0.97135,0.97177,0.97102,0.97115,149.0,-0.004555910242078028,0.97015,0.97008,0.96982,0.97121,,,,,,
2015-08-13,0.0021550560629518827,0.97661,0.97613,,,,,,,,,,,,,,,,,,
2015-08-14,0.0023239891140267007,0.974,0.97833,,,,,,,,,,,,,,,,,,
2015-08-17,0.002272391726320465,0.97709,0.97692,,,,,,,,,,,,,,,,,,
2015-08-18,0.0021833496234762817,0.97692,0.97576,,,,,,,,,,,,,,,,,,
2015-08-19,0.0021352339613415643,0.97381,0.97021,175.0,-0.0034460268534016853,0.97046,0.97045,0.97159,,,,,,,,,,,,,
2015-08-20,0.0020919927076311472,0.96378,0.96242,150.0,-0.004117285916170431,0.95982,0.96061,0.96046,0.9613,152.0,-0.0043986282334734315,0.95955,0.96018,0.96063,0.96161,,,,,,
2015-08-21,0.0023007310697017455,0.95438,0.94875,,,,,,,,,,,,,,,,,,
2015-08-24,0.002430193124627572,0.93619,0.9346,62.0,-0.004893441109472798,0.93162,0.93121,0.93239,0.92928,62.0,-0.004893441109472798,0.93162,0.93121,0.93239,0.92928,69.0,-0.006268336597706731,0.93034,0.92917,0.92926,0.93018
2015-08-25,0.0026729600273092437,0.9425,0.94903,177.0,0.004256181584684748,0.94652,0.94723,,,179.0,0.0056603425654079996,0.94785,0.9484,,,,,,,,
2015-08-26,0.0026378630914999476,0.94483,0.94695,,,,,,,,,,,,,,,,,,
2015-08-27,0.0026414705159352888,0.95388,0.96323,31.0,0.004038465015143824,0.95774,0.9572,0.95874,0.95805,68.0,0.005415760725352163,0.95906,0.95915,0.95831,0.95918,162.0,0.00660371872381858,0.9602,0.96023,0.96006,0.96153
2015-08-28,0.00282856989611792,0.95981,0.96177,,,,,,,,,,,,,,,,,,
2015-08-31,0.0030279794339004426,0.96552,0.96818,,,,,,,,,,,,,,,,,,
2015-09-01,0.002911740598727713,0.9634,0.96244,,,,,,,,,,,,,,,,,,
2015-09-02,0.002851684229041851,0.96497,0.9691,156.0,0.004611257137099737,0.96943,0.96939,0.96965,0.96899,,,,,,,,,,,,
2015-09-03,0.0027880102797625673,0.96963,0.9766,37.0,0.004301657314501222,0.97381,0.97363,0.97492,0.97537,50.0,0.00598434755281141,0.97545,0.97579,0.97558,0.97528,179.0,0.007305940418014539,0.97674,0.97659,,
2015-09-04,0.0028718184127302935,0.97362,0.9751,,,,,,,,,,,,,,,,,,
2015-09-07,0.0028214843560711985,0.97483,0.97493,,,,,,,,,,,,,,,,,,
2015-09-08,0.002693498791556939,0.97796,0.97781,,,,,,,,,,,,,,,,,,
2015-09-09,0.002641367216885228,0.9788,0.97702,,,,,,,,,,,,,,,,,,
2015-09-10,0.0026452955464673993,0.97654,0.97318,,,,,,,,,,,,,,,,,,
2015-09-11,0.002615076350950616,0.97766,0.97333,,,,,,,,,,,,,,,,,,
2015-09-14,0.0025681948088821286,0.97088,0.9687,,,,,,,,,,,,,,,,,,
2015-09-15,0.002507932928759713,0.9691,0.97546,166.0,0.003995721249660283,0.97298,0.9731,0.9734,,,,,,,,,,,,,
2015-09-16,0.0024540232286199564,0.97472,0.96869,35.0,-0.003998874543185276,0.97083,0.97088,0.97066,0.96997,53.0,-0.00565862596154966,0.96922,0.96935,0.96897,0.96885,56.0,-0.006184960774235073,0.96871,0.96874,0.96954,0.96894
2015-09-17,0.0024595193126360653,0.96862,0.97066,,,,,,,,,,,,,,,,,,
2015-09-18,0.0024146588993310836,0.95456,0.96152,144.0,0.0037538405881205297,0.95815,0.9594,0.95923,0.95928,145.0,0.005057587741579881,0.9594,0.9598,0.95944,0.96017,156.0,0.006182658177149255,0.96048,0.9598,0.95986,0.9596
2015-09-21,0.002591473197588993,0.96901,0.97043,148.0,0.004787234971018045,0.97366,0.97303,0.9735,0.9726,,,,,,,,,,,,
2015-09-22,0.0026010546167211115,0.97312,0.9734,,,,,,,,,,,,,,,,,,
2015-09-23,0.0025619912142602497,0.97542,0.97778,178.0,0.004082202074761183,0.97941,0.97923,,,,,,,,,,,,,,
2015-09-24,0.002522556244720918,0.97211,0.97341,164.0,-0.004443512422403747,0.9678,0.96707,0.96799,0.96824,165.0,-0.0051980851168352375,0.96707,0.96728,0.96833,0.96866,,,,,,
2015-09-25,0.0024978083037315115,0.97908,0.97568,152.0,-0.0041861406937156054,0.97499,0.9754,0.97586,0.97585,,,,,,,,,,,,
2015-09-28,0.0024412803380614236,0.97996,0.97357,135.0,-0.0036906258185720117,0.97635,0.97664,0.97619,0.97617,162.0,-0.004910194406481248,0.97516,0.97527,0.97492,0.97425,169.0,-0.006429046938776674,0.97368,0.97381,0.97465,
2015-09-29,0.0023332879451287893,0.97291,0.9711,109.0,-0.0036658366920105686,0.96935,0.97019,0.97066,0.97093,,,,,,,,,,,,
2015-09-30,0.002378173959140882,0.97403,0.97731,,,,,,,,,,,,,,,,,,
2015-10-01,0.002328653627644088,0.9785,0.97475,106.0,-0.004486287497076426,0.97412,0.97457,0.97515,0.97387,121.0,-0.00474296232741174,0.97387,0.97392,0.97337,0.97461,125.0,-0.006274112273306555,0.97238,0.97337,0.97396,0.97372
2015-10-02,0.002307166165570916,0.97887,0.96835,30.0,-0.007567869749838721,0.97149,0.97161,0.97036,0.96749,30.0,-0.007567869749838721,0.97149,0.97161,0.97036,0.96749,30.0,-0.007567869749838721,0.97149,0.97161,0.97036,0.96749
2015-10-05,0.0022703176953947518,0.97354,0.97468,,,,,,,,,,,,,,,,,,
2015-10-06,0.002255678780642053,0.97431,0.96801,150.0,-0.003506051781647649,0.9709,0.97061,0.97087,0.97111,174.0,-0.004691221837670228,0.96975,0.96966,0.96809,,177.0,-0.005970720118776665,0.96851,0.96855,,
2015-10-07,0.002282257687131788,0.96548,0.97162,106.0,0.003886872243806367,0.96924,0.96931,0.96998,0.97011,109.0,0.004866541606433946,0.97019,0.96997,0.9702,0.97163,124.0,0.0063496865570126316,0.97163,0.97224,0.97224,0.97234
2015-10-08,0.0024235017820903077,0.96951,0.96725,,,,,,,,,,,,,,,,,,
2015-10-09,0.002445744895854604,0.96047,0.96149,,,,,,,,,,,,,,,,,,
2015-10-12,0.0024802600711907297,0.96037,0.96128,,,,,,,,,,,,,,,,,,
2015-10-13,0.0024225021392383648,0.95958,0.9593,35.0,-0.004145808704381611,0.95561,0.95588,0.95681,0.95701,,,,,,,,,,,,
2015-10-14,0.002380858701179634,0.95545,0.9517,,,,,,,,,,,,,,,,,,
2015-10-15,0.0023894533205530023,0.95086,0.94926,44.0,0.0035902911845886506,0.95428,0.95385,0.95351,0.95425,,,,,,,,,,,,
2015-10-16,0.0025344242743948445,0.95207,0.95325,,,,,,,,,,,,,,,,,,
2015-10-19,0.002495717175341507,0.95573,0.95602,,,,,,,,,,,,,,,,,,
2015-10-20,0.002393279427990563,0.9513,0.95404,165.0,0.0037352626633105263,0.95486,0.95466,0.95471,0.95413,,,,,,,,,,,,
2015-10-21,0.0023446154213297037,0.95759,0.95673,,,,,,,,,,,,,,,,,,
2015-10-22,0.0022922072272049104,0.96197,0.97135,29.0,0.003652479338863831,0.96549,0.9655,0.96592,0.96745,41.0,0.004873910428114329,0.96667,0.96711,0.96826,0.97042,43.0,0.006166174084964238,0.96792,0.96745,0.96817,0.96974
2015-10-23,0.002284719533084409,0.97407,0.97676,109.0,0.0037094767297189057,0.97769,0.97763,0.97912,0.97848,113.0,0.004639809211748742,0.9786,0.97912,0.97839,0.97717,,,,,,
2015-10-26,0.002616820981412876,0.98166,0.98169,,,,,,,,,,,,,,,,,,
2015-10-27,0.002554470357016249,0.9843,0.9854,,,,,,,,,,,,,,,,,,
2015-10-28,0.0025316105912473108,0.98487,0.98512,,,,,,,,,,,,,,,,,,
2015-10-29,0.002531381375442313,0.98967,0.9918,,,,,,,,,,,,,,,,,,
2015-10-30,0.002559038581496131,0.98867,0.98491,,,,,,,,,,,,,,,,,,
2015-11-02,0.0025337565124726145,0.9854,0.98625,,,,,,,,,,,,,,,,,,
2015-11-03,0.002427340202237649,0.99132,0.99091,,,,,,,,,,,,,,,,,,
2015-11-04,0.0023721560348847178,0.99086,0.99448,106.0,0.0035763435540522507,0.99441,0.99474,0.99445,0.99287,,,,,,,,,,,,
2015-11-05,0.002379505746185181,0.99565,0.99703,,,,,,,,,,,,,,,,,,
2015-11-06,0.002327850879967475,1.00561,1.00577,,,,,,,,,,,,,,,,,,
2015-11-09,0.00228620168536563,1.00538,1.00264,144.0,-0.003876688446991206,1.00149,1.00137,1.00102,1.00133,147.0,-0.00482572524594337,1.00054,1.00092,1.00094,1.00123,,,,,,
2015-11-10,0.0023758509977962524,1.00732,1.00733,,,,,,,,,,,,,,,,,,
2015-11-11,0.0023225664407015506,1.00493,1.00534,,,,,,,,,,,,,,,,,,
2015-11-12,0.0022723679550068834,1.00462,1.00138,43.0,-0.003509965113598529,1.0011,1.0011,1.00144,1.00151,60.0,-0.004909405565901583,0.9997,1.00059,1.00133,1.00286,,,,,,
2015-11-13,0.002223155136342924,1.00444,1.00899,117.0,0.0033792546121666597,1.00784,1.00804,1.00785,1.00788,,,,,,,,,,,,
2015-11-16,0.002183464138671567,1.00696,1.00922,,,,,,,,,,,,,,,,,,
2015-11-17,0.002134726437230257,1.01461,1.01511,,,,,,,,,,,,,,,,,,
2015-11-18,0.0021178589839971327,1.01695,1.01889,133.0,0.003278948962814271,1.02029,1.02003,1.01988,1.0209,152.0,0.004385864357634367,1.02142,1.0209,1.02113,1.02072,,,,,,
2015-11-19,0.002122174878082028,1.01883,1.01502,27.0,-0.003244266397734036,1.01553,1.01517,1.01564,1.01555,117.0,-0.0043773216790343305,1.01438,1.01451,1.01405,1.01368,142.0,-0.005442578625031274,1.0133,1.01332,1.0135,1.01325
2015-11-20,0.0020771206082301273,1.01469,1.0193,125.0,0.0031683584509125512,1.01791,1.01804,1.01798,1.01813,,,,,,,,,,,,
2015-11-23,0.0020441925485547787,1.01945,1.01938,,,,,,,,,,,,,,,,,,
2015-11-24,0.002019614577177651,1.01668,1.01564,,,,,,,,,,,,,,,,,,
2015-11-25,0.0019936182497876887,1.02207,1.02115,63.0,0.0029992060426444226,1.02514,1.02502,1.0238,1.02309,,,,,,,,,,,,
2015-11-26,0.0019536876570296216,1.02411,1.02337,,,,,,,,,,,,,,,,,,
2015-11-27,0.001986593367533892,1.03077,1.02955,,,,,,,,,,,,,,,,,,
2015-11-30,0.0019478586304454415,1.03122,1.02734,118.0,-0.0032149527722786313,1.02791,1.02778,1.0269,1.02751,123.0,-0.004198012112401871,1.0269,1.02692,1.02674,1.02775,,,,,,
2015-12-01,0.0019419326979602572,1.0291,1.0296,70.0,-0.0031436007921917955,1.02587,1.02618,1.02581,1.02628,,,,,,,,,,,,
2015-12-02,0.001933210196752016,1.0275,1.02358,90.0,0.0029639729189166403,1.03055,1.03052,1.03059,1.02997,,,,,,,,,,,,
2015-12-03,0.0018924074860298826,1.0079,0.99744,13.0,0.003031416089593136,1.01096,1.01031,1.00997,1.01008,62.0,-0.004026350661244989,1.00385,1.00375,1.00382,1.00534,69.0,-0.005232437057565414,1.00264,1.00271,1.00401,1.00351
2015-12-04,0.0019467141807456068,0.99817,1.00036,,,,,,,,,,,,,,,,,,
2015-12-07,0.0033942291882888506,1.00173,1.00129,,,,,,,,,,,,,,,,,,
2015-12-08,0.0032680004204644238,0.99314,0.9923,,,,,,,,,,,,,,,,,,
2015-12-09,0.0031932061389508748,0.98753,0.98533,,,,,,,,,,,,,,,,,,
2015-12-10,0.003208419269564877,0.98533,0.98852,,,,,,,,,,,,,,,,,,
2015-12-11,0.0032252505127012563,0.98692,0.98276,47.0,-0.0049263935407083456,0.98207,0.98123,0.98056,0.9835,52.0,-0.006465145417468405,0.98056,0.98113,0.98139,0.98422,,,,,,
2015-12-14,0.003171248484817707,0.98194,0.98447,,,,,,,,,,,,,,,,,,
2015-12-15,0.0030797603367129526,0.98703,0.99134,177.0,0.005052914654741678,0.99203,0.99218,,,,,,,,,,,,,,
2015-12-16,0.00301661181853669,0.98857,0.98549,,,,,,,,,,,,,,,,,,
2015-12-17,0.0030405823127315195,0.99525,0.99637,,,,,,,,,,,,,,,,,,
2015-12-18,0.003000427669419404,0.99516,0.99504,,,,,,,,,,,,,,,,,,
2015-12-21,0.0029310986943753762,0.99193,0.99252,,,,,,,,,,,,,,,,,,
2015-12-22,0.0028068163068922804,0.98918,0.98631,,,,,,,,,,,,,,,,,,
2015-12-23,0.0027437307889260814,0.99197,0.99376,,,,,,,,,,,,,,,,,,
2015-12-24,0.002707513639616242,0.98721,0.987,,,,,,,,,,,,,,,,,,
2015-12-28,0.0026451036850728997,0.98855,0.98791,,,,,,,,,,,,,,,,,,
2015-12-29,0.0025325249020760245,0.99253,0.99171,,,,,,,,,,,,,,,,,,
2015-12-30,0.0024845344029055397,0.9895,0.98951,,,,,,,,,,,,,,,,,,
2015-12-31,0.0024548460714940187,0.99623,0.99984,118.0,0.004646746130889955,1.00087,1.00051,1.00091,1.00136,120.0,0.0051961171149461855,1.00142,1.00187,1.00113,1.00106,,,,,,
2016-01-04,0.0024340465105196214,1.00219,1.00345,135.0,0.0037149402072015605,1.00592,1.00616,1.00583,1.00587,,,,,,,,,,,,
2016-01-05,0.0032295005653851716,1.01041,1.00894,,,,,,,,,,,,,,,,,,
2016-01-06,0.0032187493601513544,1.01007,1.00978,,,,,,,,,,,,,,,,,,
2016-01-07,0.0032270363344810106,1.00121,1.00033,,,,,,,,,,,,,,,,,,
2016-01-08,0.003229497227579049,1.00109,0.99735,63.0,-0.004956875407813909,0.99614,0.99615,0.99647,0.99627,141.0,-0.00676548487955965,0.99434,0.99433,0.99446,0.99474,,,,,,
2016-01-11,0.0032271382343469915,0.99799,1.00009,,,,,,,,,,,,,,,,,,
2016-01-12,0.0032012161674851974,0.99993,1.00335,,,,,,,,,,,,,,,,,,
2016-01-13,0.0031961939640727673,1.00926,1.00694,,,,,,,,,,,,,,,,,,
2016-01-14,0.003196527647612173,1.00493,1.00546,,,,,,,,,,,,,,,,,,
2016-01-15,0.003184097034759078,0.99898,0.99861,,,,,,,,,,,,,,,,,,
2016-01-18,0.003172254421268112,1.00501,1.00533,,,,,,,,,,,,,,,,,,
2016-01-19,0.003156514825045365,1.00485,1.00097,,,,,,,,,,,,,,,,,,
2016-01-20,0.003145140348594287,1.00051,1.00161,,,,,,,,,,,,,,,,,,
2016-01-21,0.0031526567659761855,1.01404,1.0108,40.0,-0.0050817236905091705,1.0089,1.00892,1.00917,1.00985,,,,,,,,,,,,
2016-01-22,0.003147955155626845,1.01365,1.0148,,,,,,,,,,,,,,,,,,
2016-01-25,0.0031443140751777872,1.01438,1.01562,,,,,,,,,,,,,,,,,,
2016-01-26,0.0031431359213745166,1.01696,1.01916,,,,,,,,,,,,,,,,,,
2016-01-27,0.0031322272524479124,1.01448,1.01784,,,,,,,,,,,,,,,,,,
2016-01-28,0.00312696352158343,1.01303,1.01395,,,,,,,,,,,,,,,,,,
2016-01-29,0.003116403034362796,1.02376,1.02223,,,,,,,,,,,,,,,,,,
2016-02-01,0.003107085607905718,1.01952,1.0196,,,,,,,,,,,,,,,,,,
2016-02-02,0.0031123493652242804,1.01898,1.01849,,,,,,,,,,,,,,,,,,
2016-02-03,0.0031074494659837385,1.0154,1.00514,60.0,-0.004807677837174397,1.01053,1.00956,1.01152,1.01022,87.0,-0.006719392870669182,1.0086,1.00735,1.00662,1.0074,88.0,-0.007959503151375684,1.00735,1.00654,1.00602,1.00779
2016-02-04,0.0031001817784217715,0.99747,0.99544,166.0,-0.00472305725642205,0.99277,0.99246,0.99306,,,,,,,,,,,,,
2016-02-05,0.0031632739618203693,0.99483,0.99277,,,,,,,,,,,,,,,,,,
2016-02-08,0.003204212209726503,0.99568,0.98996,77.0,-0.005741179916537752,0.98998,0.9904,0.98996,0.99029,80.0,-0.006418190385535003,0.98931,0.98932,0.99074,0.99076,126.0,-0.008310185385234519,0.98744,0.98715,0.98608,0.98741
2016-02-09,0.003189906771027407,0.97275,0.97099,,,,,,,,,,,,,,,,,,
2016-02-10,0.0032095633336145985,0.97539,0.97745,90.0,0.005388423354458894,0.98066,0.98109,0.98042,0.97969,,,,,,,,,,,,
2016-02-11,0.0032617850707622282,0.9731,0.97242,,,,,,,,,,,,,,,,,,
2016-02-12,0.003246150802792466,0.97637,0.97631,,,,,,,,,,,,,,,,,,
2016-02-15,0.0032337537147232778,0.98701,0.98735,,,,,,,,,,,,,,,,,,
2016-02-16,0.0032101340821006985,0.98625,0.98849,,,,,,,,,,,,,,,,,,
2016-02-17,0.0032248243439603553,0.99239,0.99188,,,,,,,,,,,,,,,,,,
2016-02-18,0.0032110435986347423,0.99475,0.9927,,,,,,,,,,,,,,,,,,
2016-02-19,0.003209501305031476,0.99101,0.98987,,,,,,,,,,,,,,,,,,
2016-02-22,0.0031956867804994013,0.99913,0.99882,,,,,,,,,,,,,,,,,,
2016-02-23,0.0031716672899643862,0.9927,0.99053,,,,,,,,,,,,,,,,,,
2016-02-24,0.003167940316515715,0.992,0.98561,68.0,-0.0048301950196798496,0.98722,0.98721,0.98741,0.98681,128.0,-0.006381203739507408,0.98569,0.98585,0.9858,0.98577,,,,,,
2016-02-25,0.0031623204119398626,0.99408,0.98887,108.0,-0.0047695244769347485,0.98935,0.98959,0.98964,0.98921,,,,,,,,,,,,
2016-02-26,0.003160777522072196,0.996,0.9979,,,,,,,,,,,,,,,,,,
2016-02-29,0.003148140391411804,1.00122,0.99656,118.0,-0.004875933908273349,0.99635,0.99585,0.99575,0.99691,,,,,,,,,,,,
2016-03-01,0.0031603886853002155,0.99811,0.99954,,,,,,,,,,,,,,,,,,
2016-03-02,0.0031489922717998792,0.99939,0.99725,,,,,,,,,,,,,,,,,,
2016-03-03,0.003138375027075745,0.99261,0.99125,,,,,,,,,,,,,,,,,,
2016-03-04,0.0031274048627928635,0.99132,0.99366,,,,,,,,,,,,,,,,,,
2016-03-07,0.0031304140935468905,1.0004,0.99415,,,,,,,,,,,,,,,,,,
2016-03-08,0.003112284756858824,0.9922,0.99525,,,,,,,,,,,,,,,,,,
2016-03-09,0.0031025920811315454,1.00209,0.99525,92.0,-0.005102358149218661,0.99699,0.99734,0.99557,0.99678,97.0,-0.006527660514409861,0.99557,0.99586,0.99615,0.99614,,,,,,
2016-03-10,0.003102358143192028,1.00065,0.98309,11.0,-0.007422673128925821,0.99325,0.9912,0.99309,0.99536,11.0,-0.007422673128925821,0.99325,0.9912,0.99309,0.99536,12.0,-0.009488737508701458,0.9912,0.99105,0.9933,0.9949
2016-03-11,0.0031109181132630242,0.98539,0.98157,,,,,,,,,,,,,,,,,,
2016-03-14,0.003167247047083323,0.98745,0.98567,,,,,,,,,,,,,,,,,,
2016-03-15,0.003149557783958917,0.98762,0.98536,,,,,,,,,,,,,,,,,,
2016-03-16,0.0031424269508562776,0.98808,0.98812,,,,,,,,,,,,,,,,,,
2016-03-17,0.0031319363805467583,0.96802,0.96764,,,,,,,,,,,,,,,,,,
2016-03-18,0.0031672801676298932,0.96804,0.96849,,,,,,,,,,,,,,,,,,
2016-03-21,0.003213624714127366,0.96905,0.96825,,,,,,,,,,,,,,,,,,
2016-03-22,0.003189657917902898,0.97024,0.97073,,,,,,,,,,,,,,,,,,
2016-03-23,0.0031771379227392613,0.97384,0.97334,,,,,,,,,,,,,,,,,,
2016-03-24,0.003172646764916476,0.9761,0.97647,,,,,,,,,,,,,,,,,,
2016-03-25,0.0031635922733087114,0.97647,0.97816,,,,,,,,,,,,,,,,,,
2016-03-28,0.0031536096007079408,0.97721,0.97322,176.0,-0.004862345963181262,0.97247,0.97288,,,,,,,,,,,,,,
2016-03-29,0.003133689867237674,0.97483,0.97459,,,,,,,,,,,,,,,,,,
2016-03-30,0.0031298523501422444,0.96267,0.96346,,,,,,,,,,,,,,,,,,
2016-03-31,0.003147202557808527,0.95979,0.95824,,,,,,,,,,,,,,,,,,
2016-04-01,0.003137117863937404,0.958,0.95894,,,,,,,,,,,,,,,,,,
2016-04-04,0.0031412990807972224,0.95951,0.95964,,,,,,,,,,,,,,,,,,
2016-04-05,0.0031286532584222657,0.95861,0.95624,,,,,,,,,,,,,,,,,,
2016-04-06,0.003119225943846794,0.96004,0.95368,133.0,-0.004740186580189412,0.9555,0.95562,0.95537,0.95603,,,,,,,,,,,,
2016-04-07,0.003112370088293539,0.9571,0.95506,,,,,,,,,,,,,,,,,,
2016-04-08,0.0031045698220505116,0.95687,0.95358,,,,,,,,,,,,,,,,,,
2016-04-11,0.0030974403952788985,0.95523,0.95392,117.0,-0.004679966569016498,0.95077,0.95074,0.95061,0.95057,,,,,,,,,,,,
2016-04-12,0.0030910932115068173,0.9532,0.95459,122.0,0.004782920414307706,0.95777,0.95774,0.95894,0.95868,126.0,0.00636868227728656,0.95929,0.95894,0.95823,0.95868,,,,,,
2016-04-13,0.0030858114608994474,0.96308,0.96558,,,,,,,,,,,,,,,,,,
2016-04-14,0.0030801160599129686,0.96583,0.96668,,,,,,,,,,,,,,,,,,
2016-04-15,0.0031200152296460087,0.96773,0.96692,,,,,,,,,,,,,,,,,,
2016-04-18,0.0031113306496199393,0.96489,0.96352,,,,,,,,,,,,,,,,,,
2016-04-19,0.003094399485972507,0.96328,0.95994,,,,,,,,,,,,,,,,,,
2016-04-20,0.0030953345905303502,0.96119,0.96721,145.0,0.004857149440948975,0.96587,0.96557,0.96605,0.96531,,,,,,,,,,,,
2016-04-21,0.0030905940549364927,0.96907,0.97197,150.0,0.005074454938825602,0.974,0.9737,0.97304,0.9738,,,,,,,,,,,,
2016-04-22,0.003131460574255354,0.97693,0.97743,,,,,,,,,,,,,,,,,,
2016-04-25,0.003125480179987665,0.97437,0.97432,,,,,,,,,,,,,,,,,,
2016-04-26,0.0031146679023179025,0.97524,0.97146,80.0,-0.004738249343404425,0.97063,0.97103,0.97074,0.97075,,,,,,,,,,,,
2016-04-27,0.0031082343686906397,0.97308,0.97121,,,,,,,,,,,,,,,,,,
2016-04-28,0.00310072059070204,0.9674,0.96872,,,,,,,,,,,,,,,,,,
2016-04-29,0.003091964360144764,0.9629,0.96012,172.0,-0.004945222331734114,0.95815,0.95734,0.95866,,,,,,,,,,,,,
2016-05-02,0.00311794246079975,0.95817,0.95551,,,,,,,,,,,,,,,,,,
2016-05-03,0.003113257274992057,0.94901,0.95402,,,,,,,,,,,,,,,,,,
2016-05-04,0.00311762884132482,0.95552,0.95733,,,,,,,,,,,,,,,,,,
2016-05-05,0.003112892621785596,0.96337,0.9685,125.0,0.004908163186336143,0.96811,0.96762,0.96747,0.96631,,,,,,,,,,,,
2016-05-06,0.0031047548738339452,0.96868,0.96972,,,,,,,,,,,,,,,,,,
2016-05-09,0.003148526041928622,0.97049,0.96994,,,,,,,,,,,,,,,,,,
2016-05-10,0.00313634145695164,0.97408,0.97458,,,,,,,,,,,,,,,,,,
2016-05-11,0.0031268515033914444,0.97345,0.96991,,,,,,,,,,,,,,,,,,
2016-05-12,0.003120472109193432,0.97192,0.96934,104.0,-0.004682110342783216,0.96738,0.96731,0.96713,0.96684,,,,,,,,,,,,
2016-05-13,0.003118369643948882,0.97081,0.97544,101.0,0.004932141809481192,0.97561,0.97547,0.97572,0.9757,125.0,0.006488928997727145,0.97713,0.97714,0.97623,0.97545,,,,,,
2016-05-16,0.0031116231511380526,0.97632,0.97712,,,,,,,,,,,,,,,,,,
2016-05-17,0.003104230765322427,0.97882,0.97608,,,,,,,,,,,,,,,,,,
2016-05-18,0.0030966393028550024,0.98262,0.98241,,,,,,,,,,,,,,,,,,
2016-05-19,0.003101609525747509,0.99046,0.98962,,,,,,,,,,,,,,,,,,
2016-05-20,0.003105139017484295,0.99142,0.9922,,,,,,,,,,,,,,,,,,
2016-05-23,0.003103047551498407,0.99035,0.99176,,,,,,,,,,,,,,,,,,
2016-05-24,0.003088161293842541,0.99237,0.99328,,,,,,,,,,,,,,,,,,
2016-05-25,0.0030808884240301052,0.9911,0.99062,,,,,,,,,,,,,,,,,,
2016-05-26,0.003076002444087768,0.99184,0.9901,,,,,,,,,,,,,,,,,,
2016-05-27,0.0030754549400602233,0.99119,0.99167,,,,,,,,,,,,,,,,,,
2016-05-30,0.003068711588930227,0.99299,0.99295,,,,,,,,,,,,,,,,,,
2016-05-31,0.0030643186132249573,0.98959,0.99404,179.0,0.004617502255955224,0.99417,0.9943,,,,,,,,,,,,,,
2016-06-01,0.003063881178925323,0.98911,0.98901,,,,,,,,,,,,,,,,,,
2016-06-02,0.0030590511934743335,0.98799,0.99036,,,,,,,,,,,,,,,,,,
2016-06-03,0.003075272091049184,0.99066,0.97797,30.0,-0.004928037497415132,0.98579,0.98276,0.98126,0.98247,31.0,-0.008006447893741256,0.98276,0.98309,0.98186,0.98314,31.0,-0.008006447893741256,0.98276,0.98309,0.98186,0.98314
2016-06-06,0.003082296644502785,0.97456,0.97188,,,,,,,,,,,,,,,,,,
2016-06-07,0.0031711771599291258,0.96744,0.96627,,,,,,,,,,,,,,,,,,
2016-06-08,0.0031790218548366548,0.96122,0.95947,,,,,,,,,,,,,,,,,,
2016-06-09,0.0031849502669940295,0.96246,0.9641,,,,,,,,,,,,,,,,,,
2016-06-10,0.0031948130318916975,0.96368,0.96319,,,,,,,,,,,,,,,,,,
2016-06-13,0.003203786553476381,0.96608,0.96616,,,,,,,,,,,,,,,,,,
2016-06-14,0.0031808063169470567,0.96486,0.96383,,,,,,,,,,,,,,,,,,
2016-06-15,0.0031716190680118037,0.96386,0.96481,,,,,,,,,,,,,,,,,,
2016-06-16,0.0031613743004959803,0.96796,0.96642,,,,,,,,,,,,,,,,,,
2016-06-17,0.003156584494355906,0.96116,0.96077,,,,,,,,,,,,,,,,,,
2016-06-20,0.003150794539818724,0.96073,0.96152,,,,,,,,,,,,,,,,,,
2016-06-21,0.003142417805088127,0.95899,0.95953,,,,,,,,,,,,,,,,,,
2016-06-22,0.003136359248769007,0.95989,0.95816,,,,,,,,,,,,,,,,,,
2016-06-23,0.0031285570147371795,0.95487,0.9569,,,,,,,,,,,,,,,,,,
2016-06-24,0.0031173076686433036,0.97601,0.97092,146.0,-0.00481686110538081,0.97132,0.97115,0.97124,0.96918,160.0,-0.006723301843761619,0.96947,0.96918,0.96938,0.96886,178.0,-0.008054811859077943,0.96818,0.96753,,
2016-06-27,0.0031899809172980594,0.97633,0.97892,179.0,0.005281369697237057,0.9815,0.98079,,,,,,,,,,,,,,
2016-06-28,0.003172030331942329,0.97959,0.98141,,,,,,,,,,,,,,,,,,
2016-06-29,0.0031641967253238225,0.97969,0.97962,,,,,,,,,,,,,,,,,,
2016-06-30,0.0031591689339259227,0.97774,0.97964,,,,,,,,,,,,,,,,,,
2016-07-01,0.003149964625124564,0.97317,0.97268,,,,,,,,,,,,,,,,,,
2016-07-04,0.0031476309214174204,0.97345,0.9714,,,,,,,,,,,,,,,,,,
2016-07-05,0.003133797829665962,0.97249,0.97687,,,,,,,,,,,,,,,,,,
2016-07-06,0.0031263938091391197,0.97845,0.97806,,,,,,,,,,,,,,,,,,
2016-07-07,0.0031396037602619935,0.97689,0.97818,,,,,,,,,,,,,,,,,,
2016-07-08,0.0031352967046457884,0.98056,0.98432,31.0,0.00474112945403171,0.98522,0.98318,0.9831,0.98507,,,,,,,,,,,,
2016-07-11,0.0031317755612770047,0.98345,0.98293,,,,,,,,,,,,,,,,,,
2016-07-12,0.003124063474904097,0.98346,0.9869,177.0,0.004838498248603935,0.98823,0.98789,,,,,,,,,,,,,,
2016-07-13,0.003116524200230882,0.9848,0.98312,,,,,,,,,,,,,,,,,,
2016-07-14,0.0031244557345104455,0.97765,0.98059,179.0,0.004765388079973362,0.98232,0.98234,,,,,,,,,,,,,,
2016-07-15,0.003130647003660417,0.97945,0.98329,91.0,0.00483793880246845,0.9842,0.98438,0.98441,0.9838,,,,,,,,,,,,
2016-07-18,0.0031282205791393672,0.98297,0.98214,,,,,,,,,,,,,,,,,,
2016-07-19,0.00311469439597992,0.98598,0.98497,,,,,,,,,,,,,,,,,,
2016-07-20,0.0031070701084455784,0.9875,0.98729,,,,,,,,,,,,,,,,,,
2016-07-21,0.003107388646706588,0.98756,0.98696,,,,,,,,,,,,,,,,,,
2016-07-22,0.0031004977841959797,0.98514,0.98905,,,,,,,,,,,,,,,,,,
2016-07-25,0.0030945158264217695,0.98612,0.9867,,,,,,,,,,,,,,,,,,
2016-07-26,0.003083084917106602,0.98904,0.99239,,,,,,,,,,,,,,,,,,
2016-07-27,0.003079061283900573,0.99414,0.99384,,,,,,,,,,,,,,,,,,
2016-07-28,0.0030897451519067204,0.98275,0.9808,,,,,,,,,,,,,,,,,,
2016-07-29,0.003102436446547889,0.97393,0.96899,122.0,-0.004662109065426846,0.9694,0.96951,0.96918,0.97073,178.0,-0.007420190075028258,0.96673,0.96629,,,179.0,-0.007875436277963607,0.96629,0.96552,,
2016-08-01,0.0031177710144068807,0.96867,0.9672,,,,,,,,,,,,,,,,,,
2016-08-02,0.003156891145796935,0.96596,0.96422,,,,,,,,,,,,,,,,,,
2016-08-03,0.0031487506109022676,0.96808,0.9718,,,,,,,,,,,,,,,,,,
2016-08-04,0.0031421939930704936,0.97379,0.97377,,,,,,,,,,,,,,,,,,
2016-08-05,0.0031536526967895087,0.97328,0.97978,31.0,0.0047458306880268685,0.97791,0.97777,0.9791,0.97849,57.0,0.006666452415472678,0.97979,0.97967,0.97996,0.9807,74.0,0.007910842620931165,0.98101,0.98088,0.98078,0.98174
2016-08-08,0.003150065899885836,0.98171,0.98363,,,,,,,,,,,,,,,,,,
2016-08-09,0.003151302021133312,0.98399,0.98257,,,,,,,,,,,,,,,,,,
2016-08-10,0.003148138874091275,0.97612,0.9758,,,,,,,,,,,,,,,,,,
2016-08-11,0.0031450817939345497,0.97412,0.97238,,,,,,,,,,,,,,,,,,
2016-08-12,0.0031497374344160224,0.97632,0.97397,39.0,-0.004866789214870368,0.97158,0.9717,0.97193,0.97173,,,,,,,,,,,,
2016-08-15,0.003141766382206252,0.97347,0.97147,,,,,,,,,,,,,,,,,,
2016-08-16,0.0031263169981979914,0.96058,0.9623,,,,,,,,,,,,,,,,,,
2016-08-17,0.0031233492824194286,0.96311,0.96393,,,,,,,,,,,,,,,,,,
2016-08-18,0.003164099686107257,0.95835,0.95764,,,,,,,,,,,,,,,,,,
2016-08-19,0.0031549679551935426,0.95864,0.95943,,,,,,,,,,,,,,,,,,
2016-08-22,0.003159242557820198,0.96304,0.96238,,,,,,,,,,,,,,,,,,
2016-08-23,0.003153937784678218,0.96091,0.96243,,,,,,,,,,,,,,,,,,
2016-08-24,0.003145651777704092,0.96643,0.96749,,,,,,,,,,,,,,,,,,
2016-08-25,0.0031389436808304154,0.96615,0.96842,,,,,,,,,,,,,,,,,,
2016-08-26,0.0031344172408170044,0.96751,0.97233,121.0,0.004794639199519172,0.97216,0.97125,0.97066,0.96347,,,,,,,,,,,,
2016-08-29,0.0031240092490137576,0.97908,0.97812,,,,,,,,,,,,,,,,,,
2016-08-30,0.0031630463998730323,0.9805,0.98206,,,,,,,,,,,,,,,,,,
2016-08-31,0.003157733461961976,0.98428,0.98294,,,,,,,,,,,,,,,,,,
2016-09-01,0.003149987690332627,0.98472,0.97898,177.0,-0.005008867597565921,0.9798,0.98016,,,,,,,,,,,,,,
2016-09-02,0.0031428318456620647,0.97931,0.98061,35.0,-0.005303477088035662,0.97413,0.97673,0.97698,0.97958,,,,,,,,,,,,
2016-09-05,0.0031389949802409466,0.9789,0.97982,,,,,,,,,,,,,,,,,,
2016-09-06,0.003122896041533097,0.97879,0.97206,137.0,-0.004741553725829913,0.97416,0.97429,0.97445,0.97369,159.0,-0.006529305026498749,0.97242,0.97286,0.97256,0.97232,,,,,,
2016-09-07,0.003117337908226165,0.9694,0.97021,,,,,,,,,,,,,,,,,,
2016-09-08,0.0031627973487780552,0.9669,0.97221,,,,,,,,,,,,,,,,,,
2016-09-09,0.003154146693440124,0.97353,0.97689,,,,,,,,,,,,,,,,,,
2016-09-12,0.0031491594195787115,0.97411,0.97353,,,,,,,,,,,,,,,,,,
2016-09-13,0.0031380047694201745,0.97175,0.97386,,,,,,,,,,,,,,,,,,
2016-09-14,0.003136185256211248,0.97539,0.97084,,,,,,,,,,,,,,,,,,
2016-09-15,0.003141934670185128,0.973,0.97157,,,,,,,,,,,,,,,,,,
2016-09-16,0.0031430345332939796,0.97408,0.97949,73.0,0.004895193447034366,0.97886,0.97898,0.97909,0.97908,,,,,,,,,,,,
2016-09-19,0.003136073969613892,0.98128,0.97977,,,,,,,,,,,,,,,,,,
2016-09-20,0.0031510913016178934,0.97853,0.97818,,,,,,,,,,,,,,,,,,
2016-09-21,0.003143833383173542,0.97554,0.97579,,,,,,,,,,,,,,,,,,
2016-09-22,0.0031375442197021292,0.9674,0.96768,,,,,,,,,,,,,,,,,,
2016-09-23,0.0031380920918668326,0.97065,0.97051,,,,,,,,,,,,,,,,,,
2016-09-26,0.0031369959467174944,0.96784,0.96692,,,,,,,,,,,,,,,,,,
2016-09-27,0.0031210547941782044,0.96912,0.97183,,,,,,,,,,,,,,,,,,
2016-09-28,0.003114574760597961,0.97104,0.9726,,,,,,,,,,,,,,,,,,
2016-09-29,0.003110142714396728,0.96965,0.96533,,,,,,,,,,,,,,,,,,
2016-09-30,0.0031040053672946933,0.97492,0.9695,103.0,-0.0047191965234123215,0.97033,0.97041,0.97008,0.97065,179.0,-0.00624561520281389,0.96885,0.96912,,,,,,,,
2016-10-03,0.003109567930817134,0.97174,0.97406,,,,,,,,,,,,,,,,,,
2016-10-04,0.0031074160108800746,0.98094,0.97793,,,,,,,,,,,,,,,,,,
2016-10-05,0.003102345862125556,0.97675,0.97688,,,,,,,,,,,,,,,,,,
2016-10-06,0.0031010025663238943,0.97831,0.97959,,,,,,,,,,,,,,,,,,
2016-10-07,0.0030983691326350584,0.98236,0.98032,84.0,-0.004877710008637852,0.97758,0.97772,0.97764,0.97798,,,,,,,,,,,,
2016-10-10,0.0031181388330067225,0.98196,0.98185,,,,,,,,,,,,,,,,,,
2016-10-11,0.0031184490349207695,0.98737,0.98762,,,,,,,,,,,,,,,,,,
2016-10-12,0.003123257818073934,0.98905,0.99007,,,,,,,,,,,,,,,,,,
2016-10-13,0.0031267208876167565,0.98782,0.98698,,,,,,,,,,,,,,,,,,
2016-10-14,0.0031190688743342994,0.98938,0.99001,,,,,,,,,,,,,,,,,,
2016-10-17,0.0031136648672100017,0.98835,0.98794,,,,,,,,,,,,,,,,,,
2016-10-18,0.00310569708679874,0.99007,0.98859,,,,,,,,,,,,,,,,,,
2016-10-19,0.0031019529257675688,0.98888,0.98949,,,,,,,,,,,,,,,,,,
2016-10-20,0.003096620206956326,0.98857,0.99153,,,,,,,,,,,,,,,,,,
2016-10-21,0.003090626125774242,0.99437,0.99513,,,,,,,,,,,,,,,,,,
2016-10-24,0.0031035254263331777,0.99303,0.99206,,,,,,,,,,,,,,,,,,
2016-10-25,0.003093830116680288,0.99623,0.99396,,,,,,,,,,,,,,,,,,
2016-10-26,0.003088026304057818,0.99212,0.99275,,,,,,,,,,,,,,,,,,
2016-10-27,0.0030824084076432005,0.992,0.9939,,,,,,,,,,,,,,,,,,
2016-10-28,0.0030770264118277066,0.99395,0.99316,,,,,,,,,,,,,,,,,,
2016-10-31,0.0030710237610065594,0.98877,0.98873,,,,,,,,,,,,,,,,,,
2016-11-01,0.0030813408530121055,0.98264,0.97882,,,,,,,,,,,,,,,,,,
2016-11-02,0.0030721301241233632,0.97066,0.97025,,,,,,,,,,,,,,,,,,
2016-11-03,0.0031846101754629563,0.97323,0.97444,,,,,,,,,,,,,,,,,,
2016-11-04,0.0031810540628007884,0.97154,0.96835,,,,,,,,,,,,,,,,,,
2016-11-07,0.0031846821505777936,0.97502,0.97521,,,,,,,,,,,,,,,,,,
2016-11-08,0.0032195016570284694,0.97562,0.97636,,,,,,,,,,,,,,,,,,
2016-11-09,0.003201415031285477,0.97878,0.98273,52.0,0.004902245379644756,0.98359,0.98316,0.98273,0.9838,,,,,,,,,,,,
2016-11-10,0.003343593277657272,0.98769,0.98771,,,,,,,,,,,,,,,,,,
2016-11-11,0.0036617623214438046,0.98442,0.9861,,,,,,,,,,,,,,,,,,
2016-11-14,0.0036349810537236325,0.99795,0.99759,,,,,,,,,,,,,,,,,,
2016-11-15,0.0035817421906977898,1.0007,1.00093,,,,,,,,,,,,,,,,,,
2016-11-16,0.003568204775898475,1.0029,1.0018,,,,,,,,,,,,,,,,,,
2016-11-17,0.003544576554907303,1.00323,1.0065,,,,,,,,,,,,,,,,,,
2016-11-18,0.0035182961179389648,1.00895,1.01101,,,,,,,,,,,,,,,,,,
2016-11-21,0.0035101651355041695,1.00891,1.01047,,,,,,,,,,,,,,,,,,
2016-11-22,0.003463176166544956,1.01091,1.01017,,,,,,,,,,,,,,,,,,
2016-11-23,0.0034404702689457903,1.01547,1.01652,,,,,,,,,,,,,,,,,,
2016-11-24,0.003419252553915344,1.01549,1.01702,,,,,,,,,,,,,,,,,,
2016-11-25,0.003415053758274458,1.01252,1.01383,,,,,,,,,,,,,,,,,,
2016-11-28,0.0033954326982591305,1.01645,1.01481,,,,,,,,,,,,,,,,,,
2016-11-29,0.0033662808599574045,1.01641,1.01245,,,,,,,,,,,,,,,,,,
2016-11-30,0.0033567782680915094,1.01619,1.01787,,,,,,,,,,,,,,,,,,
2016-12-01,0.0033388119269984447,1.0136,1.0129,,,,,,,,,,,,,,,,,,
2016-12-02,0.003324315717579755,1.01004,1.00962,,,,,,,,,,,,,,,,,,
2016-12-05,0.0033214601699661046,1.00947,1.00658,,,,,,,,,,,,,,,,,,
2016-12-06,0.0033037384718541418,1.00959,1.01035,,,,,,,,,,,,,,,,,,
2016-12-07,0.0033233124586297394,1.01002,1.0075,,,,,,,,,,,,,,,,,,
2016-12-08,0.0033085587904223748,1.01423,1.01664,,,,,,,,,,,,,,,,,,
2016-12-09,0.0032951270136413885,1.01833,1.01898,,,,,,,,,,,,,,,,,,
2016-12-12,0.0033231704831607005,1.01624,1.01298,,,,,,,,,,,,,,,,,,
2016-12-13,0.0032902702950335667,1.01122,1.0125,,,,,,,,,,,,,,,,,,
2016-12-14,0.0032819345461452443,1.01049,1.01031,,,,,,,,,,,,,,,,,,
2016-12-15,0.003266586219209657,1.02894,1.03057,171.0,0.004973325940027794,1.03407,1.03426,1.03366,,,,,,,,,,,,,
2016-12-16,0.0033024546779972233,1.0291,1.02544,,,,,,,,,,,,,,,,,,
2016-12-19,0.003301061062696322,1.02698,1.02317,,,,,,,,,,,,,,,,,,
2016-12-20,0.0032727195412068813,1.03123,1.02837,,,,,,,,,,,,,,,,,,
2016-12-21,0.003260325760584682,1.02443,1.02521,,,,,,,,,,,,,,,,,,
2016-12-22,0.0032458365248667566,1.02561,1.0251,,,,,,,,,,,,,,,,,,
2016-12-23,0.003233449993712395,1.02688,1.02709,,,,,,,,,,,,,,,,,,
2016-12-27,0.0032202650537403754,1.02945,1.02832,,,,,,,,,,,,,,,,,,
2016-12-28,0.0031883734657496767,1.03015,1.03097,,,,,,,,,,,,,,,,,,
2016-12-29,0.003177487722448859,1.02405,1.02391,,,,,,,,,,,,,,,,,,
2016-12-30,0.003167422219405364,1.01777,1.01727,,,,,,,,,,,,,,,,,,
2017-01-02,0.003169238034140655,1.02348,1.02342,,,,,,,,,,,,,,,,,,
2017-01-03,0.003005553727906361,1.0304,1.02527,162.0,-0.0047667778376538185,1.0255,1.02534,1.02677,1.02651,,,,,,,,,,,,
2017-01-04,0.0029994432978742713,1.02569,1.02285,,,,,,,,,,,,,,,,,,
2017-01-05,0.0030087000533034268,1.01617,1.01001,100.0,-0.004527193036140847,1.01158,1.01129,1.0108,1.01025,110.0,-0.006476540325436669,1.00961,1.0102,1.01025,1.00962,,,,,,
2017-01-06,0.003042203699035952,1.01662,1.01607,,,,,,,,,,,,,,,,,,
2017-01-09,0.0030495759646608214,1.01772,1.01516,,,,,,,,,,,,,,,,,,
2017-01-10,0.0030383797318407095,1.0158,1.01669,,,,,,,,,,,,,,,,,,
2017-01-11,0.0030395889840433483,1.02073,1.01601,,,,,,,,,,,,,,,,,,
2017-01-12,0.003036296091478436,1.00764,1.00821,,,,,,,,,,,,,,,,,,
2017-01-13,0.003032404693328823,1.00769,1.00853,,,,,,,,,,,,,,,,,,
2017-01-16,0.0030233464759388713,1.01158,1.011,,,,,,,,,,,,,,,,,,
2017-01-17,0.003002834188268296,1.00101,1.00251,,,,,,,,,,,,,,,,,,
2017-01-18,0.00299290136588804,1.00347,1.00329,,,,,,,,,,,,,,,,,,
2017-01-19,0.0029992086119514927,1.00908,1.00978,,,,,,,,,,,,,,,,,,
2017-01-20,0.0029956324148313475,1.00673,1.00444,,,,,,,,,,,,,,,,,,
2017-01-23,0.002986500891696693,0.99978,0.99989,,,,,,,,,,,,,,,,,,
2017-01-24,0.0029724072208486183,0.99969,0.99884,,,,,,,,,,,,,,,,,,
2017-01-25,0.002963119065019493,0.99868,1.00025,,,,,,,,,,,,,,,,,,
2017-01-26,0.002959381354127638,0.99938,0.99963,,,,,,,,,,,,,,,,,,
2017-01-27,0.00295293053929292,0.99884,0.99975,,,,,,,,,,,,,,,,,,
2017-01-30,0.002946029937586077,1.00146,0.99529,120.0,-0.004443384277203887,0.99702,0.99688,0.99661,0.99738,,,,,,,,,,,,
2017-01-31,0.002932671883586339,0.99178,0.99061,54.0,-0.004517235296034385,0.98731,0.98738,0.98765,0.98835,,,,,,,,,,,,
2017-02-01,0.0029261906555033417,0.99183,0.99364,,,,,,,,,,,,,,,,,,
2017-02-02,0.002928030898078969,0.9883,0.99103,,,,,,,,,,,,,,,,,,
2017-02-03,0.0029197792478475497,0.9939,0.99163,,,,,,,,,,,,,,,,,,
2017-02-06,0.0029135626152105563,0.99548,0.9926,,,,,,,,,,,,,,,,,,
2017-02-07,0.002898570885516571,0.99839,0.9966,,,,,,,,,,,,,,,,,,
2017-02-08,0.0028926019020286487,0.99685,0.99431,,,,,,,,,,,,,,,,,,
2017-02-09,0.002892736243146945,0.99782,1.00133,,,,,,,,,,,,,,,,,,
2017-02-10,0.0028881765483960097,1.00428,1.00321,,,,,,,,,,,,,,,,,,
2017-02-13,0.0028987114903166796,1.00434,1.00599,,,,,,,,,,,,,,,,,,
2017-02-14,0.002886736283609491,1.00419,1.00778,,,,,,,,,,,,,,,,,,
2017-02-15,0.002880696920238673,1.01087,1.00696,156.0,-0.004401930470911249,1.00643,1.00639,1.00575,1.00569,,,,,,,,,,,,
2017-02-16,0.002877991717515837,1.00103,0.99958,,,,,,,,,,,,,,,,,,
2017-02-17,0.002875612430555164,0.99823,1.00229,,,,,,,,,,,,,,,,,,
2017-02-20,0.0028917168718812117,1.0026,1.00329,,,,,,,,,,,,,,,,,,
2017-02-21,0.002890685387529121,1.00972,1.00907,,,,,,,,,,,,,,,,,,
2017-02-22,0.002888354754983921,1.01217,1.01172,,,,,,,,,,,,,,,,,,
2017-02-23,0.0028868784631321458,1.00751,1.00766,,,,,,,,,,,,,,,,,,
2017-02-24,0.00288089280688056,1.00328,1.00653,,,,,,,,,,,,,,,,,,
2017-02-27,0.0028817408628442555,1.00669,1.00679,,,,,,,,,,,,,,,,,,
2017-02-28,0.0028698029616831666,1.00564,1.00304,121.0,-0.004554726792201249,1.00107,1.00144,1.00168,1.00206,,,,,,,,,,,,
2017-03-01,0.002864755616400619,1.01231,1.0074,147.0,-0.004425421176812569,1.00784,1.00784,1.00802,1.0069,,,,,,,,,,,,
2017-03-02,0.0028609769977797402,1.01328,1.01335,,,,,,,,,,,,,,,,,,
2017-03-03,0.0028568152770122902,1.00994,1.01191,,,,,,,,,,,,,,,,,,
2017-03-06,0.0028540016575429217,1.0093,1.01228,,,,,,,,,,,,,,,,,,
2017-03-07,0.002859121014429716,1.01572,1.01285,,,,,,,,,,,,,,,,,,
2017-03-08,0.0028580944864653565,1.01432,1.01499,,,,,,,,,,,,,,,,,,
2017-03-09,0.0028549106784933136,1.01416,1.01318,,,,,,,,,,,,,,,,,,
2017-03-10,0.0028514982437375246,1.00951,1.00978,,,,,,,,,,,,,,,,,,
2017-03-13,0.002853696718027205,1.00848,1.00689,,,,,,,,,,,,,,,,,,
2017-03-14,0.002845976752537272,1.00858,1.00769,,,,,,,,,,,,,,,,,,
2017-03-15,0.0028424883229451058,1.00888,1.00798,,,,,,,,,,,,,,,,,,
2017-03-16,0.002837844609577283,0.99757,0.9954,,,,,,,,,,,,,,,,,,
2017-03-17,0.002878036131930529,0.99725,0.99767,,,,,,,,,,,,,,,,,,
2017-03-20,0.0028784964002478734,0.99764,0.99688,,,,,,,,,,,,,,,,,,
2017-03-21,0.0028696088956422392,0.99535,0.99361,,,,,,,,,,,,,,,,,,
2017-03-22,0.002866844172465972,0.99364,0.99018,140.0,-0.004589639524356525,0.98909,0.98908,0.9885,0.98896,,,,,,,,,,,,
2017-03-23,0.0028735605415393826,0.99284,0.99245,,,,,,,,,,,,,,,,,,
2017-03-24,0.0028687168542365724,0.99168,0.99111,,,,,,,,,,,,,,,,,,
2017-03-27,0.0028679694230152263,0.98474,0.98281,,,,,,,,,,,,,,,,,,
2017-03-28,0.002873518336002006,0.98617,0.98512,,,,,,,,,,,,,,,,,,
2017-03-29,0.002869893475825108,0.99693,0.99659,,,,,,,,,,,,,,,,,,
2017-03-30,0.0028828317654803377,0.9964,0.9969,,,,,,,,,,,,,,,,,,
2017-03-31,0.00289550671055377,1.00073,0.99987,,,,,,,,,,,,,,,,,,
2017-04-03,0.002893563401497847,1.00269,1.00275,,,,,,,,,,,,,,,,,,
2017-04-04,0.0028827284667286056,1.00246,1.00229,,,,,,,,,,,,,,,,,,
2017-04-05,0.002876725688556094,1.00292,1.00515,,,,,,,,,,,,,,,,,,
2017-04-06,0.0028706786914080773,1.00368,1.00473,,,,,,,,,,,,,,,,,,
2017-04-07,0.0028657519290229247,1.00625,1.00643,,,,,,,,,,,,,,,,,,
2017-04-10,0.002860247419298984,1.00979,1.00769,,,,,,,,,,,,,,,,,,
2017-04-11,0.002858654453045693,1.00716,1.00721,,,,,,,,,,,,,,,,,,
2017-04-12,0.002853886542668989,1.0071,1.00544,,,,,,,,,,,,,,,,,,
2017-04-13,0.0028489557692192927,1.0057,1.00483,,,,,,,,,,,,,,,,,,
2017-04-14,0.002866329122414978,1.00444,1.00389,,,,,,,,,,,,,,,,,,
2017-04-17,0.0028702545826071717,1.00336,1.00227,,,,,,,,,,,,,,,,,,
2017-04-18,0.0028594509840909423,1.00071,0.99761,,,,,,,,,,,,,,,,,,
2017-04-19,0.0028539423089162888,0.99731,0.99853,,,,,,,,,,,,,,,,,,
2017-04-20,0.0028690458989326837,0.99594,0.99594,,,,,,,,,,,,,,,,,,
2017-04-21,0.0028636339707900343,0.99873,0.99869,,,,,,,,,,,,,,,,,,
2017-04-24,0.0028583953703639545,0.99616,0.99688,,,,,,,,,,,,,,,,,,
2017-04-25,0.002854755064356973,0.9942,0.99243,,,,,,,,,,,,,,,,,,
2017-04-26,0.002849717997109762,0.99482,0.99554,,,,,,,,,,,,,,,,,,
2017-04-27,0.0028529461428098138,0.99398,0.99505,,,,,,,,,,,,,,,,,,
2017-04-28,0.0028480738829644494,0.99054,0.99407,177.0,0.004964738472086217,0.99547,0.99508,,,,,,,,,,,,,,
2017-05-01,0.002845493137185065,0.99383,0.99559,,,,,,,,,,,,,,,,,,
2017-05-02,0.002837136710375752,0.9952,0.99148,,,,,,,,,,,,,,,,,,
2017-05-03,0.0028325108664912,0.99005,0.99111,,,,,,,,,,,,,,,,,,
2017-05-04,0.002839515560511615,0.9927,0.98913,,,,,,,,,,,,,,,,,,
2017-05-05,0.0028402153214714017,0.98885,0.98763,,,,,,,,,,,,,,,,,,
2017-05-08,0.002869035274427413,0.9941,0.99786,,,,,,,,,,,,,,,,,,
2017-05-09,0.00286049839038839,1.00436,1.00738,,,,,,,,,,,,,,,,,,
2017-05-10,0.0028942003149026985,1.0063,1.00863,,,,,,,,,,,,,,,,,,
2017-05-11,0.0029219033223513323,1.00792,1.00623,,,,,,,,,,,,,,,,,,
2017-05-12,0.0029153103094140802,1.00842,1.00075,161.0,-0.004422609189373783,1.00397,1.00401,1.00374,1.00331,,,,,,,,,,,,
2017-05-15,0.0029096336289396365,0.99807,0.99651,,,,,,,,,,,,,,,,,,
2017-05-16,0.002918382297114092,0.99072,0.98786,,,,,,,,,,,,,,,,,,
2017-05-17,0.002926881744770392,0.9833,0.98067,121.0,-0.004413263238911743,0.97897,0.97922,0.97911,0.97818,142.0,-0.0059364304939619325,0.97748,0.97769,0.97786,0.97905,,,,,,
2017-05-18,0.0029994600685577313,0.97851,0.97622,,,,,,,,,,,,,,,,,,
2017-05-19,0.00299503604556994,0.97632,0.97535,,,,,,,,,,,,,,,,,,
2017-05-22,0.0029838268626285664,0.97099,0.97353,,,,,,,,,,,,,,,,,,
2017-05-23,0.002994386846257711,0.97235,0.97405,,,,,,,,,,,,,,,,,,
2017-05-24,0.0029846429258225875,0.97694,0.97701,,,,,,,,,,,,,,,,,,
2017-05-25,0.002979513116880524,0.97262,0.97196,,,,,,,,,,,,,,,,,,
2017-05-26,0.0029764139022202536,0.97288,0.9751,,,,,,,,,,,,,,,,,,
2017-05-29,0.002967513559540843,0.97389,0.97546,,,,,,,,,,,,,,,,,,
2017-05-30,0.0029511079148646017,0.97603,0.97421,,,,,,,,,,,,,,,,,,
2017-05-31,0.002946743925707462,0.97095,0.96867,,,,,,,,,,,,,,,,,,
2017-06-01,0.0029428344546994184,0.96982,0.97133,,,,,,,,,,,,,,,,,,
2017-06-02,0.0029615079505621407,0.97166,0.96417,37.0,-0.004569632840199642,0.96723,0.96687,0.96691,0.96623,47.0,-0.006359847160911855,0.9655,0.96579,0.96623,0.96685,98.0,-0.007624240161703022,0.96428,0.96428,0.96457,0.96412
2017-06-05,0.0029601008019342866,0.9655,0.96577,,,,,,,,,,,,,,,,,,
2017-06-06,0.0029858362854525166,0.96471,0.96292,,,,,,,,,,,,,,,,,,
2017-06-07,0.0029754930565791694,0.96696,0.96571,,,,,,,,,,,,,,,,,,
2017-06-08,0.002966116756390041,0.9666,0.96763,,,,,,,,,,,,,,,,,,
2017-06-09,0.0029572232955707117,0.97165,0.97006,,,,,,,,,,,,,,,,,,
2017-06-12,0.0029580357776063707,0.96799,0.96896,,,,,,,,,,,,,,,,,,
2017-06-13,0.0029399483794556565,0.9673,0.9691,,,,,,,,,,,,,,,,,,
2017-06-14,0.002931850901305993,0.97089,0.96624,36.0,-0.004438762784752833,0.96659,0.96563,0.96665,0.96602,129.0,-0.005981453688058907,0.9651,0.9646,0.96435,0.96489,,,,,,
2017-06-15,0.002925080526189079,0.97422,0.97504,,,,,,,,,,,,,,,,,,
2017-06-16,0.00292126728615505,0.97499,0.97389,,,,,,,,,,,,,,,,,,
2017-06-19,0.002919634563222499,0.97102,0.97432,,,,,,,,,,,,,,,,,,
2017-06-20,0.0029063850422564232,0.97321,0.97624,,,,,,,,,,,,,,,,,,
2017-06-21,0.002901059569780033,0.97456,0.97436,,,,,,,,,,,,,,,,,,
2017-06-22,0.002894351918289498,0.97367,0.97288,,,,,,,,,,,,,,,,,,
2017-06-23,0.0028902950678034046,0.97147,0.96923,,,,,,,,,,,,,,,,,,
2017-06-26,0.002885229092510991,0.97284,0.97072,,,,,,,,,,,,,,,,,,
2017-06-27,0.002876081046716378,0.96556,0.962,,,,,,,,,,,,,,,,,,
2017-06-28,0.0028713158226937974,0.95963,0.96069,17.0,0.005238280439244573,0.96467,0.9634,0.96244,0.96176,,,,,,,,,,,,
2017-06-29,0.0029492668719072394,0.95803,0.95687,,,,,,,,,,,,,,,,,,
2017-06-30,0.0029422205072964294,0.95795,0.95849,,,,,,,,,,,,,,,,,,
2017-07-03,0.0029341042193456075,0.96272,0.96337,,,,,,,,,,,,,,,,,,
2017-07-04,0.0029201235364904625,0.96483,0.96527,,,,,,,,,,,,,,,,,,
2017-07-05,0.0029203335449549577,0.96632,0.96527,,,,,,,,,,,,,,,,,,
2017-07-06,0.0029128987179051404,0.96443,0.96326,,,,,,,,,,,,,,,,,,
2017-07-07,0.0029055967380638495,0.96279,0.96429,,,,,,,,,,,,,,,,,,
2017-07-10,0.0029067427265526964,0.96694,0.96575,,,,,,,,,,,,,,,,,,
2017-07-11,0.0028953294191308237,0.96838,0.96718,,,,,,,,,,,,,,,,,,
2017-07-12,0.0028920544638904684,0.96253,0.9648,,,,,,,,,,,,,,,,,,
2017-07-13,0.0028936660599338977,0.96481,0.96826,,,,,,,,,,,,,,,,,,
2017-07-14,0.002887781133765745,0.96804,0.9651,53.0,-0.00469054210912943,0.96351,0.96342,0.9639,0.9639,,,,,,,,,,,,
2017-07-17,0.002887717543114071,0.96048,0.96261,,,,,,,,,,,,,,,,,,
2017-07-18,0.002883726152302939,0.95434,0.95282,,,,,,,,,,,,,,,,,,
2017-07-19,0.0028892346270030546,0.95345,0.95493,,,,,,,,,,,,,,,,,,
2017-07-20,0.0028931466246715286,0.96122,0.95078,52.0,-0.004420818377036222,0.95698,0.95728,0.9567,0.95719,135.0,-0.0058115737394156255,0.95565,0.95549,0.9549,0.95381,145.0,-0.007330017888015858,0.9542,0.95424,0.95381,0.95047
2017-07-21,0.0028939841463679204,0.9493,0.94682,,,,,,,,,,,,,,,,,,
2017-07-24,0.0028947500540303715,0.94627,0.94599,,,,,,,,,,,,,,,,,,
2017-07-25,0.002905893093659006,0.94729,0.94955,,,,,,,,,,,,,,,,,,
2017-07-26,0.002898657470817226,0.95811,0.95804,,,,,,,,,,,,,,,,,,
2017-07-27,0.0029095170550260947,0.9604,0.96552,,,,,,,,,,,,,,,,,,
2017-07-28,0.002897977684400857,0.97069,0.96827,17.0,-0.004594908261495138,0.96624,0.96686,0.96711,0.96528,31.0,-0.0061899866445783176,0.9647,0.96528,0.96577,0.96524,,,,,,
2017-07-31,0.0030987065455008447,0.96942,0.96466,178.0,-0.004797858443644829,0.96478,0.96464,,,,,,,,,,,,,,
2017-08-01,0.003072980719830477,0.96674,0.96571,,,,,,,,,,,,,,,,,,
2017-08-02,0.0030605213970119334,0.96893,0.96817,,,,,,,,,,,,,,,,,,
2017-08-03,0.003047161449223301,0.96935,0.96919,,,,,,,,,,,,,,,,,,
2017-08-04,0.003043484135592875,0.96838,0.97208,56.0,0.004841726516714269,0.97308,0.97423,0.97413,0.9737,74.0,0.0065154186298295134,0.97471,0.97443,0.97411,0.97332,115.0,0.007694561273512622,0.97586,0.97541,0.9758,0.97569
2017-08-07,0.0030355119058663223,0.97272,0.97309,,,,,,,,,,,,,,,,,,
2017-08-08,0.003021141421036646,0.97215,0.97638,,,,,,,,,,,,,,,,,,
2017-08-09,0.0030114116570099272,0.96238,0.96455,158.0,0.0045512350805009235,0.96677,0.96678,0.96671,0.96636,,,,,,,,,,,,
2017-08-10,0.003005462935523559,0.96694,0.96454,,,,,,,,,,,,,,,,,,
2017-08-11,0.0030064535196461244,0.96251,0.9622,,,,,,,,,,,,,,,,,,
2017-08-14,0.0030037661266492195,0.968,0.9714,,,,,,,,,,,,,,,,,,
2017-08-15,0.0029840742675243527,0.97225,0.97203,,,,,,,,,,,,,,,,,,
2017-08-16,0.00302274739462972,0.97383,0.97465,,,,,,,,,,,,,,,,,,
2017-08-17,0.0030103899312959965,0.9675,0.96324,,,,,,,,,,,,,,,,,,
2017-08-18,0.003034515910768802,0.96147,0.96392,,,,,,,,,,,,,,,,,,
2017-08-21,0.0030253249566615293,0.96622,0.96285,137.0,-0.004803387161750442,0.96159,0.96172,0.96121,0.9619,177.0,-0.0063228595936380035,0.96013,0.96046,,,,,,,,
2017-08-22,0.0030073202430559377,0.96556,0.9667,,,,,,,,,,,,,,,,,,
2017-08-23,0.002998627067659747,0.96625,0.96655,,,,,,,,,,,,,,,,,,
2017-08-24,0.002999376690763228,0.96403,0.96476,,,,,,,,,,,,,,,,,,
2017-08-25,0.002990893397780863,0.96375,0.95719,159.0,-0.004513412682741799,0.95941,0.95914,0.95908,0.95864,,,,,,,,,,,,
2017-08-28,0.0029822218971048216,0.95467,0.95526,,,,,,,,,,,,,,,,,,
2017-08-29,0.0030058601082780375,0.94519,0.94801,,,,,,,,,,,,,,,,,,
2017-08-30,0.003003355223850157,0.95767,0.95843,,,,,,,,,,,,,,,,,,
2017-08-31,0.0029967073337513845,0.96752,0.96099,174.0,-0.0044957863055247824,0.96318,0.96287,0.96113,,177.0,-0.006522382163374438,0.96123,0.9613,,,,,,,,
2017-09-01,0.003029502129844706,0.95975,0.96269,31.0,-0.005034794515957418,0.95493,0.95537,0.95586,0.95891,,,,,,,,,,,,
2017-09-04,0.003027806778954137,0.95758,0.95749,,,,,,,,,,,,,,,,,,
2017-09-05,0.003020818421415421,0.95981,0.95743,166.0,-0.004709920931164497,0.9553,0.95601,0.95573,,,,,,,,,,,,,
2017-09-06,0.003024094619870241,0.95575,0.9538,,,,,,,,,,,,,,,,,,
2017-09-07,0.003013370545511405,0.95263,0.94967,,,,,,,,,,,,,,,,,,
2017-09-08,0.0030012512399555137,0.94572,0.94556,,,,,,,,,,,,,,,,,,
2017-09-11,0.0030568183234516806,0.94988,0.9534,,,,,,,,,,,,,,,,,,
2017-09-12,0.003046945391926703,0.95889,0.95939,,,,,,,,,,,,,,,,,,
2017-09-13,0.003060051488981831,0.95973,0.96377,154.0,0.004999308847572245,0.96454,0.96442,0.96384,0.9635,,,,,,,,,,,,
2017-09-14,0.0030525245019110982,0.96728,0.96594,,,,,,,,,,,,,,,,,,
2017-09-15,0.0030568815936492604,0.96062,0.95954,,,,,,,,,,,,,,,,,,
2017-09-18,0.0030446103989147807,0.95975,0.96307,,,,,,,,,,,,,,,,,,
2017-09-19,0.003029845291926796,0.96312,0.96283,,,,,,,,,,,,,,,,,,
2017-09-20,0.003018096024561772,0.96068,0.96169,,,,,,,,,,,,,,,,,,
2017-09-21,0.003005486157361924,0.97361,0.96905,,,,,,,,,,,,,,,,,,
2017-09-22,0.0030385005913622044,0.96883,0.96954,,,,,,,,,,,,,,,,,,
2017-09-25,0.003033057524065858,0.97391,0.96819,171.0,-0.005178131696303755,0.96888,0.96943,0.96864,,,,,,,,,,,,,
2017-09-26,0.0030132402719131295,0.9715,0.97038,,,,,,,,,,,,,,,,,,
2017-09-27,0.003010299437341056,0.97519,0.97453,,,,,,,,,,,,,,,,,,
2017-09-28,0.0030080518893948536,0.97367,0.9711,,,,,,,,,,,,,,,,,,
2017-09-29,0.003001081071504503,0.96967,0.96858,,,,,,,,,,,,,,,,,,
2017-10-02,0.002991007881842957,0.97079,0.97384,,,,,,,,,,,,,,,,,,
2017-10-03,0.0029784296743075645,0.97447,0.97345,,,,,,,,,,,,,,,,,,
2017-10-04,0.002995621469420439,0.97158,0.97571,,,,,,,,,,,,,,,,,,
2017-10-05,0.003000523512453424,0.97682,0.97902,,,,,,,,,,,,,,,,,,
2017-10-06,0.0029932222133776847,0.97979,0.97759,,,,,,,,,,,,,,,,,,
2017-10-09,0.002991789925135476,0.97896,0.97955,,,,,,,,,,,,,,,,,,
2017-10-10,0.002971906281561234,0.97644,0.9745,,,,,,,,,,,,,,,,,,
2017-10-11,0.0029626685658668992,0.97405,0.97308,,,,,,,,,,,,,,,,,,
2017-10-12,0.002955832021278122,0.9743,0.97597,,,,,,,,,,,,,,,,,,
2017-10-13,0.002955098673043087,0.97693,0.97447,32.0,-0.004637475351305862,0.97241,0.97252,0.97283,0.97176,88.0,-0.005944362419565981,0.97114,0.97072,0.97097,0.97111,,,,,,
2017-10-16,0.002949443370813562,0.97501,0.97349,,,,,,,,,,,,,,,,,,
2017-10-17,0.0029339416119333584,0.97824,0.98015,,,,,,,,,,,,,,,,,,
2017-10-18,0.0029263488812540624,0.98246,0.98177,,,,,,,,,,,,,,,,,,
2017-10-19,0.002920042525894405,0.97498,0.97506,,,,,,,,,,,,,,,,,,
2017-10-20,0.0029169874549725885,0.98176,0.98445,,,,,,,,,,,,,,,,,,
2017-10-23,0.002911050374466519,0.98662,0.98621,,,,,,,,,,,,,,,,,,
2017-10-24,0.0028991362797490413,0.98802,0.98918,,,,,,,,,,,,,,,,,,
2017-10-25,0.0028922769781416064,0.99175,0.98844,,,,,,,,,,,,,,,,,,
2017-10-26,0.002907189354737694,0.99332,0.99529,,,,,,,,,,,,,,,,,,
2017-10-27,0.002901732133668471,1.00246,0.99874,,,,,,,,,,,,,,,,,,
2017-10-30,0.0029401789034496704,0.99819,0.99704,,,,,,,,,,,,,,,,,,
2017-10-31,0.002924630753490337,0.99815,0.99657,,,,,,,,,,,,,,,,,,
2017-11-01,0.0029187948249549565,1.00044,1.00134,,,,,,,,,,,,,,,,,,
2017-11-02,0.002917337519105651,0.99948,0.99759,,,,,,,,,,,,,,,,,,
2017-11-03,0.00291029927944016,0.9989,1.00018,,,,,,,,,,,,,,,,,,
2017-11-06,0.0029042196131887753,1.00105,0.99819,,,,,,,,,,,,,,,,,,
2017-11-07,0.0028928138382307476,0.99912,0.99925,,,,,,,,,,,,,,,,,,
2017-11-08,0.0028907842404590233,1.00012,0.99999,,,,,,,,,,,,,,,,,,
2017-11-09,0.002884707429427314,0.9994,0.99334,,,,,,,,,,,,,,,,,,
2017-11-10,0.002879632255849614,0.99534,0.99553,,,,,,,,,,,,,,,,,,
2017-11-13,0.0028833843564738683,0.9941,0.99636,,,,,,,,,,,,,,,,,,
2017-11-14,0.00287427251561846,0.99172,0.98876,,,,,,,,,,,,,,,,,,
2017-11-15,0.002868277694254333,0.98531,0.98867,118.0,0.004304087419420043,0.98956,0.98968,0.98985,0.98995,166.0,0.005818764931291117,0.99106,0.99105,0.99042,,,,,,,
2017-11-16,0.0028948844139002287,0.99184,0.99302,,,,,,,,,,,,,,,,,,
2017-11-17,0.0028888250265700316,0.99225,0.98815,,,,,,,,,,,,,,,,,,
2017-11-20,0.002888180953389605,0.99174,0.99218,,,,,,,,,,,,,,,,,,
2017-11-21,0.00288395478059966,0.99243,0.99184,,,,,,,,,,,,,,,,,,
2017-11-22,0.002886165074701615,0.98753,0.98335,85.0,-0.004597755913490717,0.983,0.98321,0.98346,0.98353,,,,,,,,,,,,
2017-11-23,0.002882973657985926,0.98106,0.98156,,,,,,,,,,,,,,,,,,
2017-11-24,0.0029225850891229496,0.98033,0.97961,,,,,,,,,,,,,,,,,,
2017-11-27,0.002915410378512193,0.98001,0.98131,,,,,,,,,,,,,,,,,,
2017-11-28,0.0029055534253336532,0.98228,0.9834,,,,,,,,,,,,,,,,,,
2017-11-29,0.002899346277947858,0.98641,0.98507,,,,,,,,,,,,,,,,,,
2017-11-30,0.002899846311675424,0.9862,0.98428,81.0,-0.004410441790531351,0.98186,0.98215,0.98252,0.9822,,,,,,,,,,,,
2017-12-01,0.002893950771399296,0.98607,0.975,128.0,-0.004594391143451636,0.98155,0.97973,0.97893,0.9794,129.0,-0.006450322496866764,0.97973,0.97989,0.97958,0.9789,133.0,-0.007267207555515765,0.97893,0.97958,0.97991,0.97546
2017-12-04,0.0028938161620448237,0.98414,0.98662,,,,,,,,,,,,,,,,,,
2017-12-05,0.002944155464331628,0.98547,0.98831,,,,,,,,,,,,,,,,,,
2017-12-06,0.002938977656238257,0.98877,0.9901,,,,,,,,,,,,,,,,,,
2017-12-07,0.0029323304188656417,0.99142,0.99251,,,,,,,,,,,,,,,,,,
2017-12-08,0.002932027745950656,0.99406,0.99349,,,,,,,,,,,,,,,,,,
2017-12-11,0.002939558149050064,0.99134,0.99042,,,,,,,,,,,,,,,,,,
2017-12-12,0.002929323608395183,0.99195,0.99231,,,,,,,,,,,,,,,,,,
2017-12-13,0.002922044464784555,0.98917,0.98841,,,,,,,,,,,,,,,,,,
2017-12-14,0.002915781366335975,0.98819,0.98939,,,,,,,,,,,,,,,,,,
2017-12-15,0.0029262071322344514,0.98956,0.99153,,,,,,,,,,,,,,,,,,
2017-12-18,0.0029274392066913025,0.98783,0.98522,,,,,,,,,,,,,,,,,,
2017-12-19,0.002914169084907324,0.98619,0.98609,,,,,,,,,,,,,,,,,,
2017-12-20,0.0029201070046893144,0.98824,0.98585,97.0,-0.004513123586594733,0.98379,0.98383,0.98351,0.98416,,,,,,,,,,,,
2017-12-21,0.0029135251987493778,0.9898,0.98925,,,,,,,,,,,,,,,,,,
2017-12-22,0.0029070372451799396,0.99008,0.9896,,,,,,,,,,,,,,,,,,
2017-12-26,0.002905778960807268,0.99033,0.98909,,,,,,,,,,,,,,,,,,
2017-12-27,0.0028935852566870585,0.98913,0.9869,,,,,,,,,,,,,,,,,,
2017-12-28,0.002887779795794262,0.9798,0.97829,,,,,,,,,,,,,,,,,,
2017-12-29,0.0028944177183176122,0.97645,0.97371,,,,,,,,,,,,,,,,,,
2018-01-02,0.0029061095859646583,0.97176,0.97251,,,,,,,,,,,,,,,,,,
2018-01-03,0.002684405995194423,0.97624,0.97659,,,,,,,,,,,,,,,,,,
2018-01-04,0.002678122133809829,0.97541,0.97417,,,,,,,,,,,,,,,,,,
2018-01-05,0.0026918346258416434,0.97574,0.97557,,,,,,,,,,,,,,,,,,
2018-01-08,0.002691164742057262,0.9777,0.97653,,,,,,,,,,,,,,,,,,
2018-01-09,0.0026766541801052425,0.98287,0.98351,,,,,,,,,,,,,,,,,,
2018-01-10,0.0026700936919462443,0.97744,0.97847,,,,,,,,,,,,,,,,,,
2018-01-11,0.00268807527458442,0.97478,0.97559,,,,,,,,,,,,,,,,,,
2018-01-12,0.00269095630961768,0.97274,0.97146,,,,,,,,,,,,,,,,,,
2018-01-15,0.0026903671067762033,0.96074,0.96231,,,,,,,,,,,,,,,,,,
2018-01-16,0.0027254890279296757,0.96563,0.96276,,,,,,,,,,,,,,,,,,
2018-01-17,0.0027241946497944683,0.96265,0.96045,,,,,,,,,,,,,,,,,,
2018-01-18,0.002715588407803066,0.95959,0.9593,,,,,,,,,,,,,,,,,,
2018-01-19,0.0027087356855973513,0.95999,0.96212,,,,,,,,,,,,,,,,,,
2018-01-22,0.0027401541501079736,0.96128,0.96307,,,,,,,,,,,,,,,,,,
2018-01-23,0.0027446725463335453,0.96057,0.95916,,,,,,,,,,,,,,,,,,
2018-01-24,0.002734717232395189,0.94956,0.94598,52.0,-0.004612753923792574,0.94519,0.94546,0.94279,0.94386,57.0,-0.00715515510681424,0.94279,0.94385,0.94363,0.94422,57.0,-0.00715515510681424,0.94279,0.94385,0.94363,0.94422
2018-01-25,0.002758024488776868,0.93759,0.93498,68.0,-0.005229147504043018,0.9327,0.93229,0.93047,0.93241,69.0,-0.005668828152845544,0.93229,0.93256,0.93088,0.93244,73.0,-0.007622918405088818,0.93047,0.93088,0.93071,0.9314
2018-01-26,0.0028414118834161253,0.93636,0.93553,,,,,,,,,,,,,,,,,,
2018-01-29,0.0028358715894125593,0.93476,0.93708,,,,,,,,,,,,,,,,,,
2018-01-30,0.0028584104159617837,0.93135,0.93504,144.0,0.004510134003681628,0.93556,0.93524,0.93538,0.93512,,,,,,,,,,,,
2018-01-31,0.002846875045074388,0.93304,0.93275,,,,,,,,,,,,,,,,,,
2018-02-01,0.0028425200211703292,0.9304,0.9294,,,,,,,,,,,,,,,,,,
2018-02-02,0.0028334703445592442,0.93209,0.93006,,,,,,,,,,,,,,,,,,
2018-02-05,0.0028324703408100374,0.9332,0.93576,64.0,0.004703878675473317,0.9376,0.93714,0.93697,0.93637,,,,,,,,,,,,
2018-02-06,0.0028166970642690818,0.93834,0.93748,,,,,,,,,,,,,,,,,,
2018-02-07,0.0028057424338446125,0.94081,0.94421,118.0,0.004274394649934155,0.94484,0.94469,0.94444,0.94312,,,,,,,,,,,,
2018-02-08,0.002797564257563657,0.94066,0.93661,146.0,-0.004549700184509057,0.93639,0.93611,0.93746,0.93712,,,,,,,,,,,,
2018-02-09,0.002850859014824685,0.93768,0.93934,,,,,,,,,,,,,,,,,,
2018-02-12,0.002864886184991426,0.93875,0.93855,,,,,,,,,,,,,,,,,,
2018-02-13,0.0028367807140169906,0.93429,0.93366,,,,,,,,,,,,,,,,,,
2018-02-14,0.002822849624066573,0.93599,0.92984,99.0,-0.004239789651093207,0.93203,0.93177,0.93058,0.93105,104.0,-0.005796744991087467,0.93058,0.93067,0.93031,0.93098,,,,,,
2018-02-15,0.0028328229311391545,0.92527,0.92591,,,,,,,,,,,,,,,,,,
2018-02-16,0.0028339372112355012,0.92506,0.92587,,,,,,,,,,,,,,,,,,
2018-02-19,0.002873771386537518,0.93171,0.92867,,,,,,,,,,,,,,,,,,
2018-02-20,0.0028799195447847697,0.9361,0.936,,,,,,,,,,,,,,,,,,
2018-02-21,0.002868851145769308,0.93719,0.9368,,,,,,,,,,,,,,,,,,
2018-02-22,0.0028897766333059066,0.93557,0.93324,,,,,,,,,,,,,,,,,,
2018-02-23,0.002875860970038544,0.93603,0.93529,,,,,,,,,,,,,,,,,,
2018-02-26,0.0028739619811325064,0.93735,0.93768,,,,,,,,,,,,,,,,,,
2018-02-27,0.0028455644757342784,0.93927,0.93889,,,,,,,,,,,,,,,,,,
2018-02-28,0.0028387589086001914,0.94263,0.94415,,,,,,,,,,,,,,,,,,
2018-03-01,0.002827938890963903,0.94622,0.94628,,,,,,,,,,,,,,,,,,
2018-03-02,0.0028328940118095493,0.93529,0.93794,,,,,,,,,,,,,,,,,,
2018-03-05,0.002837503287478262,0.93831,0.94,,,,,,,,,,,,,,,,,,
2018-03-06,0.0028184215537992124,0.93643,0.93995,,,,,,,,,,,,,,,,,,
2018-03-07,0.002813552307949525,0.94088,0.9442,,,,,,,,,,,,,,,,,,
2018-03-08,0.0028035542131139017,0.94682,0.94963,,,,,,,,,,,,,,,,,,
2018-03-09,0.002813451073248835,0.95031,0.94983,,,,,,,,,,,,,,,,,,
2018-03-12,0.0028541237433621696,0.95054,0.94889,,,,,,,,,,,,,,,,,,
2018-03-13,0.0028282542421326023,0.94789,0.94404,,,,,,,,,,,,,,,,,,
2018-03-14,0.002821460642910659,0.94512,0.94641,,,,,,,,,,,,,,,,,,
2018-03-15,0.0028223567602035588,0.94611,0.95023,,,,,,,,,,,,,,,,,,
2018-03-16,0.0028109541570170934,0.94985,0.95286,179.0,0.004380558198066276,0.95402,0.95399,,,,,,,,,,,,,,
2018-03-19,0.0028299920007225955,0.95285,0.95101,,,,,,,,,,,,,,,,,,
2018-03-20,0.002807044152544974,0.95422,0.95469,,,,,,,,,,,,,,,,,,
2018-03-21,0.0027986049306692722,0.95372,0.95409,,,,,,,,,,,,,,,,,,
2018-03-22,0.0027995427602205063,0.94741,0.94903,,,,,,,,,,,,,,,,,,
2018-03-23,0.0028277180871715333,0.94732,0.94672,,,,,,,,,,,,,,,,,,
2018-03-26,0.0028184424250182675,0.94602,0.94418,,,,,,,,,,,,,,,,,,
2018-03-27,0.002794583777270013,0.9493,0.9475,,,,,,,,,,,,,,,,,,
2018-03-28,0.0027830549470228526,0.95098,0.95392,104.0,0.004218308650700435,0.955,0.95467,0.95594,0.95593,,,,,,,,,,,,
2018-03-29,0.002770436527653076,0.9564,0.9569,,,,,,,,,,,,,,,,,,
2018-03-30,0.002825928885848651,0.95323,0.95347,,,,,,,,,,,,,,,,,,
2018-04-02,0.0028135179565154014,0.95274,0.95572,,,,,,,,,,,,,,,,,,
2018-04-03,0.002790263427825666,0.9566,0.95889,,,,,,,,,,,,,,,,,,
2018-04-04,0.002779798262418769,0.95851,0.9596,,,,,,,,,,,,,,,,,,
2018-04-05,0.0027727723922172003,0.96223,0.96329,,,,,,,,,,,,,,,,,,
2018-04-06,0.002768196439329797,0.96399,0.96033,96.0,-0.004251808743266413,0.9599,0.9601,0.9597,0.96014,107.0,-0.005690492908390229,0.95852,0.95861,0.96,0.96017,,,,,,
2018-04-09,0.0027581283443444218,0.95913,0.95738,,,,,,,,,,,,,,,,,,
2018-04-10,0.0027460760606021605,0.95437,0.95722,,,,,,,,,,,,,,,,,,
2018-04-11,0.0027424857916588065,0.95781,0.95781,,,,,,,,,,,,,,,,,,
2018-04-12,0.002732311153435542,0.96355,0.96262,,,,,,,,,,,,,,,,,,
2018-04-13,0.002723610875814327,0.96299,0.96323,,,,,,,,,,,,,,,,,,
2018-04-16,0.0027273834251430778,0.96015,0.95967,,,,,,,,,,,,,,,,,,
2018-04-17,0.0027089617665010377,0.96268,0.96687,154.0,0.004146458650576541,0.96668,0.9666,0.96622,0.96601,,,,,,,,,,,,
2018-04-18,0.0027031129419159755,0.96738,0.96717,,,,,,,,,,,,,,,,,,
2018-04-19,0.0027256172417267467,0.9674,0.97128,,,,,,,,,,,,,,,,,,
2018-04-20,0.002718244716729893,0.97251,0.9743,,,,,,,,,,,,,,,,,,
2018-04-23,0.0027183276869237726,0.97587,0.9775,,,,,,,,,,,,,,,,,,
2018-04-24,0.0027039653900596504,0.97751,0.9805,,,,,,,,,,,,,,,,,,
2018-04-25,0.0027008272315281402,0.98413,0.98301,,,,,,,,,,,,,,,,,,
2018-04-26,0.0026948079344579173,0.98455,0.98801,,,,,,,,,,,,,,,,,,
2018-04-27,0.002691594415159269,0.99128,0.98839,168.0,-0.004073737141478754,0.98725,0.98739,0.98775,,,,,,,,,,,,,
2018-04-30,0.002708690776364641,0.99119,0.99101,,,,,,,,,,,,,,,,,,
2018-05-01,0.0026943538292860626,0.99352,0.99537,,,,,,,,,,,,,,,,,,
2018-05-02,0.0026926710592493626,0.99602,0.99746,,,,,,,,,,,,,,,,,,
2018-05-03,0.002697164229427864,0.99724,0.99766,,,,,,,,,,,,,,,,,,
2018-05-04,0.0026910576958171658,0.99809,1.00066,90.0,0.0041393436163068556,1.00223,1.00197,1.00135,1.00141,,,,,,,,,,,,
2018-05-07,0.0026835225154025213,1.00533,1.0023,,,,,,,,,,,,,,,,,,
2018-05-08,0.0026711239559190606,1.00286,1.00139,,,,,,,,,,,,,,,,,,
2018-05-09,0.0026721973430206035,1.00109,1.00412,,,,,,,,,,,,,,,,,,
2018-05-10,0.0026656689746883257,1.00218,1.00377,,,,,,,,,,,,,,,,,,
2018-05-11,0.002659354880262115,0.99973,0.99972,,,,,,,,,,,,,,,,,,
2018-05-14,0.0026535698409062155,0.99779,0.99771,,,,,,,,,,,,,,,,,,
2018-05-15,0.0026467022726860867,1.00285,0.99998,,,,,,,,,,,,,,,,,,
2018-05-16,0.0026415262762301108,1.00055,1.00083,,,,,,,,,,,,,,,,,,
2018-05-17,0.0026352589807027934,1.00204,1.00138,,,,,,,,,,,,,,,,,,
2018-05-18,0.002630285201884819,0.99933,0.99703,,,,,,,,,,,,,,,,,,
2018-05-21,0.002626333654640923,0.9991,0.99777,,,,,,,,,,,,,,,,,,
2018-05-22,0.0026245635642118768,0.99508,0.99243,,,,,,,,,,,,,,,,,,
2018-05-23,0.002624147244064928,0.99038,0.99522,,,,,,,,,,,,,,,,,,
2018-05-24,0.0026282050242489936,0.99026,0.99168,,,,,,,,,,,,,,,,,,
2018-05-25,0.0026227132606727547,0.99331,0.99117,,,,,,,,,,,,,,,,,,
2018-05-28,0.002619105355234312,0.99387,0.99335,,,,,,,,,,,,,,,,,,
2018-05-29,0.002611702860085229,0.99702,0.99247,,,,,,,,,,,,,,,,,,
2018-05-30,0.002607401663621936,0.99013,0.989,,,,,,,,,,,,,,,,,,
2018-05-31,0.0026025335001512817,0.98535,0.98378,,,,,,,,,,,,,,,,,,
2018-06-01,0.002609155143507007,0.98785,0.98669,,,,,,,,,,,,,,,,,,
2018-06-04,0.0026052372160139652,0.98302,0.98861,163.0,0.003969649112431652,0.98693,0.98704,0.98701,0.98813,175.0,0.005285998357776347,0.98823,0.98815,0.98774,,,,,,,
2018-06-05,0.0025978046093494424,0.98602,0.98538,,,,,,,,,,,,,,,,,,
2018-06-06,0.0025932975333892118,0.98814,0.98431,117.0,-0.004056224759484768,0.98414,0.98391,0.98448,0.98431,,,,,,,,,,,,
2018-06-07,0.0026050688558674926,0.9812,0.98154,,,,,,,,,,,,,,,,,,
2018-06-08,0.0026026715746682353,0.98432,0.98608,58.0,0.004278059706344293,0.98854,0.98871,0.98845,0.98786,,,,,,,,,,,,
2018-06-11,0.002616085994724084,0.98653,0.98508,,,,,,,,,,,,,,,,,,
2018-06-12,0.00262037433735129,0.98472,0.98387,,,,,,,,,,,,,,,,,,
2018-06-13,0.0026155592136823014,0.98797,0.98444,,,,,,,,,,,,,,,,,,
2018-06-14,0.0026111735909442033,0.98768,0.99396,96.0,0.003961041515449772,0.9916,0.99137,0.99196,0.99238,117.0,0.00528126685095002,0.99291,0.99284,0.99314,0.99394,134.0,0.006569576626038579,0.99419,0.99414,0.99351,0.9941
2018-06-15,0.002610152397297881,0.9983,0.9963,,,,,,,,,,,,,,,,,,
2018-06-18,0.0027081477747388804,0.99495,0.9951,,,,,,,,,,,,,,,,,,
2018-06-19,0.0026909163640245763,0.99658,0.99524,,,,,,,,,,,,,,,,,,
2018-06-20,0.002698539456550552,0.99606,0.99568,,,,,,,,,,,,,,,,,,
2018-06-21,0.0026946549533006857,0.99589,0.99217,48.0,-0.004246419067879964,0.99167,0.99252,0.99319,0.9928,161.0,-0.005426943579783275,0.9905,0.99086,0.99032,0.99119,,,,,,
2018-06-22,0.0026908413915752694,0.99013,0.99002,,,,,,,,,,,,,,,,,,
2018-06-25,0.0027097475238068497,0.98717,0.98736,,,,,,,,,,,,,,,,,,
2018-06-26,0.0027008203178387298,0.98882,0.99005,,,,,,,,,,,,,,,,,,
2018-06-27,0.0026948376276306864,0.99266,0.99633,,,,,,,,,,,,,,,,,,
2018-06-28,0.0027003427160524206,0.9973,0.99775,,,,,,,,,,,,,,,,,,
2018-06-29,0.002712155275343807,0.99284,0.99208,,,,,,,,,,,,,,,,,,
2018-07-02,0.0027047054105602424,0.99362,0.99455,,,,,,,,,,,,,,,,,,
2018-07-03,0.0027036432405392204,0.99252,0.99221,,,,,,,,,,,,,,,,,,
2018-07-04,0.0026996440705651698,0.99287,0.99384,,,,,,,,,,,,,,,,,,
2018-07-05,0.0026993251587001297,0.99123,0.99243,,,,,,,,,,,,,,,,,,
2018-07-06,0.0026938848699330476,0.9926,0.99021,110.0,-0.004129004255952955,0.98851,0.98865,0.98908,0.9891,,,,,,,,,,,,
2018-07-09,0.0026865176114257094,0.98812,0.99201,,,,,,,,,,,,,,,,,,
2018-07-10,0.0026876661691400045,0.99458,0.99272,,,,,,,,,,,,,,,,,,
2018-07-11,0.0026885522646288183,0.99422,0.99335,,,,,,,,,,,,,,,,,,
2018-07-12,0.002680754903619458,0.99854,1.00096,,,,,,,,,,,,,,,,,,
2018-07-13,0.0026803637543526266,1.00646,1.00275,,,,,,,,,,,,,,,,,,
2018-07-16,0.0026959101386172407,0.99788,0.9974,,,,,,,,,,,,,,,,,,
2018-07-17,0.0026801254171637365,0.99549,0.99925,,,,,,,,,,,,,,,,,,
2018-07-18,0.0026896712024788976,1.00084,0.99924,,,,,,,,,,,,,,,,,,
2018-07-19,0.0026903624666427743,1.00217,1.00161,,,,,,,,,,,,,,,,,,
2018-07-20,0.0026844066433676294,0.99698,0.99433,,,,,,,,,,,,,,,,,,
2018-07-23,0.002676293818250245,0.99128,0.99284,,,,,,,,,,,,,,,,,,
2018-07-24,0.002696596006835721,0.99324,0.99466,,,,,,,,,,,,,,,,,,
2018-07-25,0.002690048863374148,0.99179,0.99425,,,,,,,,,,,,,,,,,,
2018-07-26,0.002682895106447036,0.99222,0.99393,,,,,,,,,,,,,,,,,,
2018-07-27,0.0026811265484544358,0.9972,0.99417,,,,,,,,,,,,,,,,,,
2018-07-30,0.0026789071722181893,0.99259,0.98849,155.0,-0.004027887678050387,0.9886,0.98829,0.98825,0.98853,,,,,,,,,,,,
2018-07-31,0.0026653759475847474,0.9878,0.98971,,,,,,,,,,,,,,,,,,
2018-08-01,0.002697484724352656,0.99097,0.99231,,,,,,,,,,,,,,,,,,
2018-08-02,0.00270126672109187,0.99424,0.9941,,,,,,,,,,,,,,,,,,
2018-08-03,0.0026931403584144736,0.99422,0.9926,,,,,,,,,,,,,,,,,,
2018-08-06,0.002690879209708574,0.99749,0.99642,,,,,,,,,,,,,,,,,,
2018-08-07,0.0026793930244540633,0.99399,0.9945,,,,,,,,,,,,,,,,,,
2018-08-08,0.002672968739241142,0.99658,0.99434,,,,,,,,,,,,,,,,,,
2018-08-09,0.0026665441264787063,0.9934,0.99084,,,,,,,,,,,,,,,,,,
2018-08-10,0.002664252461602648,0.99398,0.99549,,,,,,,,,,,,,,,,,,
2018-08-13,0.0026577837383451345,0.99458,0.9936,,,,,,,,,,,,,,,,,,
2018-08-14,0.0026474940994578615,0.99046,0.99307,,,,,,,,,,,,,,,,,,
2018-08-15,0.002641630602318366,0.99727,0.99425,,,,,,,,,,,,,,,,,,
2018-08-16,0.0026408292427862576,0.99376,0.99617,,,,,,,,,,,,,,,,,,
2018-08-17,0.0026412165574479403,0.99572,0.99472,,,,,,,,,,,,,,,,,,
2018-08-20,0.0026433325035392905,0.99504,0.99412,,,,,,,,,,,,,,,,,,
2018-08-21,0.002632632473064815,0.98786,0.98787,,,,,,,,,,,,,,,,,,
2018-08-22,0.002652851311678786,0.98177,0.98368,,,,,,,,,,,,,,,,,,
2018-08-23,0.0026580196788524063,0.98334,0.98481,,,,,,,,,,,,,,,,,,
2018-08-24,0.002651722853429948,0.98352,0.98244,,,,,,,,,,,,,,,,,,
2018-08-27,0.002645878618670173,0.98267,0.98017,,,,,,,,,,,,,,,,,,
2018-08-28,0.0026389886374559054,0.97544,0.97508,,,,,,,,,,,,,,,,,,
2018-08-29,0.002636160481803139,0.97692,0.9732,108.0,-0.004000128414548622,0.97302,0.97314,0.97256,0.97167,117.0,-0.0057384990017256615,0.97133,0.97112,0.97158,0.97156,,,,,,
2018-08-30,0.0026405907831217063,0.97005,0.97092,,,,,,,,,,,,,,,,,,
2018-08-31,0.0026598663013337187,0.96827,0.9697,,,,,,,,,,,,,,,,,,
2018-09-03,0.0026569945613167272,0.97035,0.96908,,,,,,,,,,,,,,,,,,
2018-09-04,0.002645414008125118,0.97363,0.97526,,,,,,,,,,,,,,,,,,
2018-09-05,0.00263925271006652,0.97456,0.97159,,,,,,,,,,,,,,,,,,
2018-09-06,0.0026396968936127432,0.96942,0.96823,,,,,,,,,,,,,,,,,,
2018-09-07,0.002642265243336981,0.96562,0.96841,,,,,,,,,,,,,,,,,,
2018-09-10,0.0026489909517249917,0.97383,0.97384,,,,,,,,,,,,,,,,,,
2018-09-11,0.002644247126249744,0.97373,0.97377,,,,,,,,,,,,,,,,,,
2018-09-12,0.002658579807216291,0.97375,0.97035,,,,,,,,,,,,,,,,,,
2018-09-13,0.0026533509336504847,0.96952,0.96807,,,,,,,,,,,,,,,,,,
2018-09-14,0.0026607647639781645,0.96465,0.96639,,,,,,,,,,,,,,,,,,
2018-09-17,0.0026659573119969123,0.96309,0.96194,,,,,,,,,,,,,,,,,,
2018-09-18,0.002658566379227656,0.96114,0.96192,,,,,,,,,,,,,,,,,,
2018-09-19,0.0026657894598657813,0.96842,0.96693,,,,,,,,,,,,,,,,,,
2018-09-20,0.002662714315624727,0.96206,0.9624,,,,,,,,,,,,,,,,,,
2018-09-21,0.002657634706736275,0.95527,0.95961,,,,,,,,,,,,,,,,,,
2018-09-24,0.0027029731645613238,0.95932,0.96192,,,,,,,,,,,,,,,,,,
2018-09-25,0.0026869808778900725,0.96573,0.9647,,,,,,,,,,,,,,,,,,
2018-09-26,0.002707994305542732,0.9689,0.96805,,,,,,,,,,,,,,,,,,
2018-09-27,0.0027006519281279453,0.97093,0.97761,160.0,0.004080526570773446,0.9749,0.97502,0.9753,0.97504,,,,,,,,,,,,
2018-09-28,0.0026935125837783134,0.97702,0.97568,,,,,,,,,,,,,,,,,,
2018-10-01,0.0027620082270569547,0.98369,0.98412,,,,,,,,,,,,,,,,,,
2018-10-02,0.002754514987600502,0.98363,0.98437,,,,,,,,,,,,,,,,,,
2018-10-03,0.0027496245843889084,0.9884,0.98947,,,,,,,,,,,,,,,,,,
2018-10-04,0.0027385265053771956,0.9915,0.99254,,,,,,,,,,,,,,,,,,
2018-10-05,0.0027711674033266604,0.99354,0.99237,,,,,,,,,,,,,,,,,,
2018-10-08,0.0027605917225783784,0.99298,0.99333,,,,,,,,,,,,,,,,,,
2018-10-09,0.002740890142406147,0.99463,0.9925,,,,,,,,,,,,,,,,,,
2018-10-10,0.002731152500123512,0.99196,0.99074,,,,,,,,,,,,,,,,,,
2018-10-11,0.0027237736002880186,0.98725,0.99219,,,,,,,,,,,,,,,,,,
2018-10-12,0.002727185315513857,0.99095,0.99152,,,,,,,,,,,,,,,,,,
2018-10-15,0.00272355798656052,0.98705,0.98683,,,,,,,,,,,,,,,,,,
2018-10-16,0.002713439309160472,0.98737,0.98942,,,,,,,,,,,,,,,,,,
2018-10-17,0.002709258649849701,0.99353,0.99266,,,,,,,,,,,,,,,,,,
2018-10-18,0.002706487733184541,0.99386,0.99382,,,,,,,,,,,,,,,,,,
2018-10-19,0.0027050993091182044,0.99601,0.99708,,,,,,,,,,,,,,,,,,
2018-10-22,0.00269958039355365,0.99675,0.99633,,,,,,,,,,,,,,,,,,
2018-10-23,0.0026853633119026743,0.99538,0.99428,,,,,,,,,,,,,,,,,,
2018-10-24,0.002677576574241202,0.99794,0.99819,,,,,,,,,,,,,,,,,,
2018-10-25,0.0026719473273734244,0.99927,1.00094,,,,,,,,,,,,,,,,,,
2018-10-26,0.002665578665964892,1.0021,0.99802,176.0,-0.004210027268420091,0.99789,0.99826,,,,,,,,,,,,,,
2018-10-29,0.002668036446663885,0.99954,1.0006,,,,,,,,,,,,,,,,,,
2018-10-30,0.002662182127397353,1.00238,1.00458,,,,,,,,,,,,,,,,,,
2018-10-31,0.0026629630740297406,1.00509,1.00609,,,,,,,,,,,,,,,,,,
2018-11-01,0.002663188739877009,1.00305,1.00329,,,,,,,,,,,,,,,,,,
2018-11-02,0.0026575285792029856,0.99705,1.00328,88.0,0.003993819401098807,1.00104,1.00114,1.0012,1.00123,,,,,,,,,,,,
2018-11-05,0.0026672107025565877,1.00512,1.00476,,,,,,,,,,,,,,,,,,
2018-11-06,0.00265558327761654,1.00252,1.00363,,,,,,,,,,,,,,,,,,
2018-11-07,0.002649302126644518,0.99714,0.9994,,,,,,,,,,,,,,,,,,
2018-11-08,0.002660593262201668,1.00245,1.00463,,,,,,,,,,,,,,,,,,
2018-11-09,0.0026579049204078766,1.00606,1.00521,,,,,,,,,,,,,,,,,,
2018-11-12,0.0026621669150492613,1.00847,1.00873,,,,,,,,,,,,,,,,,,
2018-11-13,0.002652110518566745,1.00942,1.00896,,,,,,,,,,,,,,,,,,
2018-11-14,0.0026542348820833847,1.00982,1.00748,,,,,,,,,,,,,,,,,,
2018-11-15,0.0026539572882386675,1.00541,1.00617,,,,,,,,,,,,,,,,,,
2018-11-16,0.002649671157133647,1.00321,0.99986,,,,,,,,,,,,,,,,,,
2018-11-19,0.0026438446740256675,0.99642,0.99253,,,,,,,,,,,,,,,,,,
2018-11-20,0.0026671633844018716,0.99268,0.99531,,,,,,,,,,,,,,,,,,
2018-11-21,0.0026962831025779525,0.99386,0.99424,,,,,,,,,,,,,,,,,,
2018-11-22,0.0026895014956199123,0.99529,0.99481,,,,,,,,,,,,,,,,,,
2018-11-23,0.0026816819239056273,0.99619,0.99762,,,,,,,,,,,,,,,,,,
2018-11-26,0.002674227269411067,0.99764,0.99819,,,,,,,,,,,,,,,,,,
2018-11-27,0.002665606700129315,0.99903,0.99941,,,,,,,,,,,,,,,,,,
2018-11-28,0.002658954990832299,0.99863,0.99581,,,,,,,,,,,,,,,,,,
2018-11-29,0.0026528122205049373,0.99587,0.99708,,,,,,,,,,,,,,,,,,
2018-11-30,0.002682171358585574,0.9981,0.99877,,,,,,,,,,,,,,,,,,
2018-12-03,0.0026887004168251434,0.99807,0.99831,,,,,,,,,,,,,,,,,,
2018-12-04,0.0026736957937006593,0.99599,0.99799,,,,,,,,,,,,,,,,,,
2018-12-05,0.0026692139293529047,0.99753,0.99755,,,,,,,,,,,,,,,,,,
2018-12-06,0.00266982124802441,0.99502,0.99206,58.0,-0.004340979658032164,0.99071,0.99079,0.9914,0.99089,91.0,-0.005401387660971712,0.98966,0.98957,0.99009,0.9908,,,,,,
2018-12-07,0.002670223622363845,0.99248,0.99146,,,,,,,,,,,,,,,,,,
2018-12-10,0.0026708829796484005,0.98916,0.99013,,,,,,,,,,,,,,,,,,
2018-12-11,0.002663007762968133,0.98939,0.99328,166.0,0.004165601032884052,0.99352,0.99341,0.9932,,,,,,,,,,,,,
2018-12-12,0.0026568219387374152,0.99422,0.99178,,,,,,,,,,,,,,,,,,
2018-12-13,0.0026604978863998823,0.99418,0.99394,,,,,,,,,,,,,,,,,,
2018-12-14,0.0026547046774740373,0.99744,0.99693,,,,,,,,,,,,,,,,,,
2018-12-17,0.0026479591655447746,0.99219,0.99226,,,,,,,,,,,,,,,,,,
2018-12-18,0.002643973802254027,0.99038,0.9932,,,,,,,,,,,,,,,,,,
2018-12-19,0.002658449370003351,0.99294,0.99178,,,,,,,,,,,,,,,,,,
2018-12-20,0.0026517289954690773,0.9898,0.98911,115.0,0.004083387318822447,0.99385,0.99362,0.99342,0.99302,,,,,,,,,,,,
2018-12-21,0.0026489447859221527,0.99111,0.99303,,,,,,,,,,,,,,,,,,
2018-12-24,0.002677522450661858,0.98973,0.98829,,,,,,,,,,,,,,,,,,
2018-12-26,0.0027004106530666124,0.99118,0.99438,,,,,,,,,,,,,,,,,,
2018-12-27,0.0027254484783366816,0.98799,0.98771,,,,,,,,,,,,,,,,,,
2018-12-28,0.0027388707280703675,0.97913,0.98481,118.0,0.0047277076187969246,0.98377,0.98395,0.98389,0.98384,120.0,0.005987371130174022,0.98501,0.98442,0.98378,0.98393,,,,,,
2018-12-31,0.002765487842186313,0.98393,0.98303,,,,,,,,,,,,,,,,,,
2019-01-02,0.0027469759745103878,0.98833,0.99009,,,,,,,,,,,,,,,,,,
2019-01-03,0.002550264083369977,0.98805,0.9886,,,,,,,,,,,,,,,,,,
2019-01-04,0.002544056076981739,0.98953,0.98604,118.0,-0.0038475994936759505,0.98573,0.9857,0.98595,0.98633,,,,,,,,,,,,
2019-01-07,0.002533879289249023,0.98041,0.98052,,,,,,,,,,,,,,,,,,
2019-01-08,0.0025142255498980114,0.98281,0.98065,,,,,,,,,,,,,,,,,,
2019-01-09,0.002510360897924348,0.97774,0.9756,73.0,-0.0039043535433361948,0.97393,0.974,0.97381,0.97503,,,,,,,,,,,,
2019-01-10,0.0024983126673612886,0.97948,0.98298,,,,,,,,,,,,,,,,,,
2019-01-11,0.002553651967976818,0.98206,0.98293,,,,,,,,,,,,,,,,,,
2019-01-14,0.0026285170565511265,0.98225,0.98015,,,,,,,,,,,,,,,,,,
2019-01-15,0.0026003753348061635,0.98506,0.98884,163.0,0.004022111810521525,0.98903,0.98868,0.98843,0.98846,,,,,,,,,,,,
2019-01-16,0.0025905008460890074,0.98926,0.98976,,,,,,,,,,,,,,,,,,
2019-01-17,0.0026151461068330776,0.99248,0.994,,,,,,,,,,,,,,,,,,
2019-01-18,0.0026132721597919373,0.99401,0.99554,,,,,,,,,,,,,,,,,,
2019-01-21,0.002601769034740908,0.99799,0.99741,,,,,,,,,,,,,,,,,,
2019-01-22,0.0025757703832244047,0.99835,0.99671,,,,,,,,,,,,,,,,,,
2019-01-23,0.0025699977722298223,0.99792,0.99452,,,,,,,,,,,,,,,,,,
2019-01-24,0.0025578982969027978,0.99552,0.99728,,,,,,,,,,,,,,,,,,
2019-01-25,0.0025538024435666643,0.99637,0.993,148.0,-0.004153661037479848,0.99224,0.99262,0.9929,0.99302,,,,,,,,,,,,
2019-01-28,0.0025430983080996787,0.99239,0.99094,,,,,,,,,,,,,,,,,,
2019-01-29,0.0025246845017974262,0.99375,0.99537,,,,,,,,,,,,,,,,,,
2019-01-30,0.002513098078841168,0.99835,0.99915,,,,,,,,,,,,,,,,,,
2019-01-31,0.002510614244124417,0.99306,0.9938,,,,,,,,,,,,,,,,,,
2019-02-01,0.002504005151308787,0.99291,0.99447,,,,,,,,,,,,,,,,,,
2019-02-04,0.0024960890325762893,0.99744,0.99804,,,,,,,,,,,,,,,,,,
2019-02-05,0.002478173001626598,0.99955,0.99995,,,,,,,,,,,,,,,,,,
2019-02-06,0.0024696956181233815,1.00028,1.0016,,,,,,,,,,,,,,,,,,
2019-02-07,0.0024611638378575175,1.00141,1.00153,,,,,,,,,,,,,,,,,,
2019-02-08,0.0024586310596310655,1.00144,0.99975,,,,,,,,,,,,,,,,,,
2019-02-11,0.0024498177317100606,1.00385,1.00481,,,,,,,,,,,,,,,,,,
2019-02-12,0.002434320290723052,1.00907,1.00663,,,,,,,,,,,,,,,,,,
2019-02-13,0.0024437775570328693,1.00698,1.00843,,,,,,,,,,,,,,,,,,
2019-02-14,0.002435101167805094,1.00575,1.00497,,,,,,,,,,,,,,,,,,
2019-02-15,0.0024329477057154015,1.00777,1.00649,,,,,,,,,,,,,,,,,,
2019-02-18,0.002432140248478239,1.00279,1.00411,,,,,,,,,,,,,,,,,,
2019-02-19,0.0024164880008203174,1.00402,1.00032,,,,,,,,,,,,,,,,,,
2019-02-20,0.002410858540449997,0.99999,0.99839,,,,,,,,,,,,,,,,,,
2019-02-21,0.0024170759903017753,1.0,1.00159,,,,,,,,,,,,,,,,,,
2019-02-22,0.0024093874486124027,1.00064,0.99924,,,,,,,,,,,,,,,,,,
2019-02-25,0.002401741176583955,1.00038,1.00083,,,,,,,,,,,,,,,,,,
2019-02-26,0.0023883215521391917,1.00032,0.99994,,,,,,,,,,,,,,,,,,
2019-02-27,0.0023817045322606653,0.99779,1.00102,,,,,,,,,,,,,,,,,,
2019-02-28,0.0023752578180694676,0.99559,0.99739,89.0,0.003699493409115825,0.99928,0.99936,0.99908,0.99849,,,,,,,,,,,,
2019-03-01,0.002371724482852231,0.99848,0.99916,,,,,,,,,,,,,,,,,,
2019-03-04,0.0023651623405319205,0.9998,0.99969,,,,,,,,,,,,,,,,,,
2019-03-05,0.0023529698339210194,1.00055,1.00524,92.0,0.0036811877223803277,1.00424,1.00434,1.00404,1.00366,,,,,,,,,,,,
2019-03-06,0.0023476035773995654,1.00509,1.00472,,,,,,,,,,,,,,,,,,
2019-03-07,0.002367842617112991,1.00785,1.01049,,,,,,,,,,,,,,,,,,
2019-03-08,0.002361853934352581,1.00804,1.00704,,,,,,,,,,,,,,,,,,
2019-03-11,0.0023871234206210247,1.00968,1.01128,,,,,,,,,,,,,,,,,,
2019-03-12,0.0023788877769941054,1.00824,1.00669,,,,,,,,,,,,,,,,,,
2019-03-13,0.002375240504596832,1.00657,1.00492,,,,,,,,,,,,,,,,,,
2019-03-14,0.002375427165648275,1.00464,1.00433,,,,,,,,,,,,,,,,,,
2019-03-15,0.002378163426084254,1.00502,1.00289,160.0,-0.003658352241243813,1.00135,1.00128,1.00144,1.00201,,,,,,,,,,,,
2019-03-18,0.0023746300408794513,1.00098,1.00126,,,,,,,,,,,,,,,,,,
2019-03-19,0.0023617521871577146,0.99993,0.99935,,,,,,,,,,,,,,,,,,
2019-03-20,0.002357249221393192,0.99851,0.99754,,,,,,,,,,,,,,,,,,
2019-03-21,0.002350701619680146,0.99286,0.99377,,,,,,,,,,,,,,,,,,
2019-03-22,0.0024070447291935455,0.99407,0.99466,,,,,,,,,,,,,,,,,,
2019-03-25,0.0024012051674245655,0.99291,0.99259,,,,,,,,,,,,,,,,,,
2019-03-26,0.002387516368089816,0.99419,0.99346,,,,,,,,,,,,,,,,,,
2019-03-27,0.0023844087017929026,0.99363,0.99369,,,,,,,,,,,,,,,,,,
2019-03-28,0.002389300592100297,0.99649,0.99597,,,,,,,,,,,,,,,,,,
2019-03-29,0.0023825077532919395,0.99565,0.99555,,,,,,,,,,,,,,,,,,
2019-04-01,0.0023757780423949546,0.99498,0.99865,,,,,,,,,,,,,,,,,,
2019-04-02,0.002364167014669261,0.99952,0.9985,,,,,,,,,,,,,,,,,,
2019-04-03,0.0023641357902417907,0.99649,0.9969,,,,,,,,,,,,,,,,,,
2019-04-04,0.0023582004579202846,0.99876,1.00006,,,,,,,,,,,,,,,,,,
2019-04-05,0.0023521456843442336,1.00049,1.00026,,,,,,,,,,,,,,,,,,
2019-04-08,0.002352176056683525,0.99998,0.9994,,,,,,,,,,,,,,,,,,
2019-04-09,0.0023419069599267717,0.99981,0.99993,,,,,,,,,,,,,,,,,,
2019-04-10,0.0023363832584558978,1.00017,1.00204,,,,,,,,,,,,,,,,,,
2019-04-11,0.0023342805638863484,1.0033,1.00279,,,,,,,,,,,,,,,,,,
2019-04-12,0.00233201896147388,1.00076,1.00177,,,,,,,,,,,,,,,,,,
2019-04-15,0.0023268614180562445,1.00283,1.00371,,,,,,,,,,,,,,,,,,
2019-04-16,0.0023169388754444064,1.00564,1.00662,,,,,,,,,,,,,,,,,,
2019-04-17,0.0023150154414054843,1.0089,1.00991,,,,,,,,,,,,,,,,,,
2019-04-18,0.0023186691015458817,1.01173,1.01512,,,,,,,,,,,,,,,,,,
2019-04-19,0.0023226379599431655,1.0136,1.0145,,,,,,,,,,,,,,,,,,
2019-04-22,0.002335303351381705,1.01471,1.01545,,,,,,,,,,,,,,,,,,
2019-04-23,0.002325170965539286,1.01996,1.02167,,,,,,,,,,,,,,,,,,
2019-04-24,0.0023210953436802995,1.01857,1.01852,,,,,,,,,,,,,,,,,,
2019-04-25,0.002337543735791064,1.02218,1.01976,,,,,,,,,,,,,,,,,,
2019-04-26,0.00233278974024433,1.02164,1.01901,,,,,,,,,,,,,,,,,,
2019-04-29,0.0023277654810504,1.02025,1.02012,,,,,,,,,,,,,,,,,,
2019-04-30,0.0023184033635345255,1.01882,1.02003,,,,,,,,,,,,,,,,,,
2019-05-01,0.0023139555941953803,1.01587,1.01374,,,,,,,,,,,,,,,,,,
2019-05-02,0.002309390140249134,1.01874,1.01809,,,,,,,,,,,,,,,,,,
2019-05-03,0.002305666425144298,1.0204,1.01779,,,,,,,,,,,,,,,,,,
2019-05-06,0.002302747819276022,1.01817,1.01787,,,,,,,,,,,,,,,,,,
2019-05-07,0.0023021980438197626,1.02028,1.02137,,,,,,,,,,,,,,,,,,
2019-05-08,0.0022989301773016528,1.01746,1.01795,,,,,,,,,,,,,,,,,,
2019-05-09,0.002298242295659239,1.01844,1.01335,111.0,-0.0038761645037163873,1.0145,1.01457,1.01412,1.01288,118.0,-0.004862357877531033,1.0135,1.01388,1.01297,1.01301,130.0,-0.005780391376191978,1.01257,1.01277,1.01351,1.01256
2019-05-10,0.0022979382398746976,1.01322,1.01091,,,,,,,,,,,,,,,,,,
2019-05-13,0.0023206894323407746,1.00751,1.00654,,,,,,,,,,,,,,,,,,
2019-05-14,0.0023230769042572453,1.00742,1.00866,,,,,,,,,,,,,,,,,,
2019-05-15,0.002333853973348809,1.00819,1.00906,,,,,,,,,,,,,,,,,,
2019-05-16,0.0023310541110595846,1.00896,1.00995,,,,,,,,,,,,,,,,,,
2019-05-17,0.0023258892364657426,1.01047,1.01073,,,,,,,,,,,,,,,,,,
2019-05-20,0.0023226351222288347,1.00899,1.00832,,,,,,,,,,,,,,,,,,
2019-05-21,0.002314019432656631,1.01077,1.01037,,,,,,,,,,,,,,,,,,
2019-05-22,0.0023124891687386832,1.00764,1.00878,,,,,,,,,,,,,,,,,,
2019-05-23,0.00231119628063347,1.00785,1.00401,,,,,,,,,,,,,,,,,,
2019-05-24,0.0023158737857798244,1.00289,1.00193,,,,,,,,,,,,,,,,,,
2019-05-27,0.0023286794372065177,1.00508,1.00408,,,,,,,,,,,,,,,,,,
2019-05-28,0.00232777541624578,1.00541,1.00877,,,,,,,,,,,,,,,,,,
2019-05-29,0.0023313844504794547,1.00537,1.00644,,,,,,,,,,,,,,,,,,
2019-05-30,0.0023279423778407773,1.00878,1.00747,,,,,,,,,,,,,,,,,,
2019-05-31,0.0023252663929106622,1.0059,1.00326,,,,,,,,,,,,,,,,,,
2019-06-03,0.0023234526690986182,0.99833,0.99955,,,,,,,,,,,,,,,,,,
2019-06-04,0.0023425255813266338,0.99352,0.99413,,,,,,,,,,,,,,,,,,
2019-06-05,0.0023615626256983024,0.99194,0.99253,21.0,-0.004283613670600352,0.9877,0.98822,0.98614,0.98605,25.0,-0.0063105729132886855,0.9857,0.98614,0.98667,0.98603,25.0,-0.0063105729132886855,0.9857,0.98614,0.98667,0.98603
2019-06-06,0.002356656231909201,0.99224,0.9887,,,,,,,,,,,,,,,,,,
2019-06-07,0.002359209439895218,0.99283,0.98772,31.0,-0.004856510542372134,0.98802,0.98824,0.98675,0.98649,31.0,-0.004856510542372134,0.98802,0.98824,0.98675,0.98649,36.0,-0.006142736457378112,0.98675,0.98725,0.98715,0.98781
2019-06-10,0.0023619556678525504,0.99148,0.98996,,,,,,,,,,,,,,,,,,
2019-06-11,0.0023740660302719392,0.99236,0.99247,,,,,,,,,,,,,,,,,,
2019-06-12,0.0023677474778075595,0.99379,0.99414,,,,,,,,,,,,,,,,,,
2019-06-13,0.0023666934476044466,0.99184,0.99443,,,,,,,,,,,,,,,,,,
2019-06-14,0.0023633348959131583,0.9955,0.99905,,,,,,,,,,,,,,,,,,
2019-06-17,0.0023575743657654217,0.9982,0.99815,,,,,,,,,,,,,,,,,,
2019-06-18,0.002368137836188049,0.99905,0.99957,,,,,,,,,,,,,,,,,,
2019-06-19,0.0023639582347940507,0.99765,0.99596,,,,,,,,,,,,,,,,,,
2019-06-20,0.002368165451419551,0.98506,0.98206,169.0,-0.003651105234154785,0.98147,0.98172,0.98212,,,,,,,,,,,,,
2019-06-21,0.002458668208034861,0.98187,0.97873,,,,,,,,,,,,,,,,,,
2019-06-24,0.0025164831626310253,0.97486,0.97204,,,,,,,,,,,,,,,,,,
2019-06-25,0.0025201232888967923,0.97704,0.97258,108.0,-0.0038866063722680162,0.97325,0.97329,0.97292,0.97291,129.0,-0.005182076521160171,0.97199,0.97191,0.97295,0.97244,,,,,,
2019-06-26,0.002535891911492885,0.97792,0.97619,,,,,,,,,,,,,,,,,,
2019-06-27,0.002552289398610509,0.97711,0.97679,,,,,,,,,,,,,,,,,,
2019-06-28,0.0025457679370570426,0.9761,0.97569,,,,,,,,,,,,,,,,,,
2019-07-01,0.0025470982293026518,0.98162,0.98612,,,,,,,,,,,,,,,,,,
2019-07-02,0.002544049835769746,0.98804,0.98587,,,,,,,,,,,,,,,,,,
2019-07-03,0.0025641407809977664,0.98433,0.98654,,,,,,,,,,,,,,,,,,
2019-07-04,0.0025568248999716693,0.98543,0.98518,,,,,,,,,,,,,,,,,,
2019-07-05,0.0025465941264543037,0.98811,0.9923,64.0,0.0038484312887262662,0.99192,0.9917,0.99233,0.99163,,,,,,,,,,,,
2019-07-08,0.0025359147901827007,0.99201,0.99379,,,,,,,,,,,,,,,,,,
2019-07-09,0.0025468095827685692,0.99391,0.99295,,,,,,,,,,,,,,,,,,
2019-07-10,0.0025453405211321818,0.99203,0.98926,,,,,,,,,,,,,,,,,,
2019-07-11,0.0025330928726582727,0.98564,0.98862,,,,,,,,,,,,,,,,,,
2019-07-12,0.0025657693746071212,0.98594,0.98449,,,,,,,,,,,,,,,,,,
2019-07-15,0.0025640496116792295,0.98263,0.9847,,,,,,,,,,,,,,,,,,
2019-07-16,0.002566476967237326,0.98698,0.98909,,,,,,,,,,,,,,,,,,
2019-07-17,0.0025536297006279116,0.98906,0.98681,,,,,,,,,,,,,,,,,,
2019-07-18,0.002546522313811946,0.98684,0.98616,,,,,,,,,,,,,,,,,,
2019-07-19,0.0025383953870083986,0.98231,0.98211,,,,,,,,,,,,,,,,,,
2019-07-22,0.002533710237364724,0.98209,0.98163,,,,,,,,,,,,,,,,,,
2019-07-23,0.00251311545218962,0.98337,0.98491,,,,,,,,,,,,,,,,,,
2019-07-24,0.002502254591014861,0.98561,0.98533,,,,,,,,,,,,,,,,,,
2019-07-25,0.002499178651165996,0.98799,0.98982,,,,,,,,,,,,,,,,,,
2019-07-26,0.00249010363133512,0.99249,0.99329,,,,,,,,,,,,,,,,,,
2019-07-29,0.0025008514807612113,0.99292,0.99175,,,,,,,,,,,,,,,,,,
2019-07-30,0.002488111767542379,0.98965,0.99073,,,,,,,,,,,,,,,,,,
2019-07-31,0.0024798892079110945,0.99039,0.99038,,,,,,,,,,,,,,,,,,
2019-08-01,0.0024697980071034143,0.99537,0.99381,,,,,,,,,,,,,,,,,,
2019-08-02,0.002492030147509852,0.98443,0.98205,,,,,,,,,,,,,,,,,,
2019-08-05,0.002532313655154417,0.97453,0.97202,,,,,,,,,,,,,,,,,,
2019-08-06,0.0025521625210459787,0.97637,0.97823,,,,,,,,,,,,,,,,,,
2019-08-07,0.0025737117966451997,0.97568,0.97133,91.0,-0.004005222406196538,0.97178,0.97189,0.97212,0.97125,,,,,,,,,,,,
2019-08-08,0.002567168670827627,0.97582,0.97532,,,,,,,,,,,,,,,,,,
2019-08-09,0.00255470447625312,0.973,0.9714,,,,,,,,,,,,,,,,,,
2019-08-12,0.002543741717020321,0.9723,0.96974,,,,,,,,,,,,,,,,,,
2019-08-13,0.002521758236751241,0.9676,0.97469,109.0,0.00382689709969865,0.97131,0.97227,0.97167,0.9727,115.0,0.005462523245509714,0.9729,0.97315,0.97253,0.9727,139.0,0.006715720603182419,0.97412,0.97437,0.97445,0.97659
2019-08-14,0.002512769642222552,0.97121,0.97339,,,,,,,,,,,,,,,,,,
2019-08-15,0.0025083320933913045,0.97429,0.97597,,,,,,,,,,,,,,,,,,
2019-08-16,0.0024998077830362736,0.97957,0.97981,,,,,,,,,,,,,,,,,,
2019-08-19,0.0025103655312177136,0.98016,0.98066,,,,,,,,,,,,,,,,,,
2019-08-20,0.002489430420950669,0.98032,0.97928,,,,,,,,,,,,,,,,,,
2019-08-21,0.002482778655846758,0.97935,0.98164,,,,,,,,,,,,,,,,,,
2019-08-22,0.0024773918025707436,0.98386,0.9834,,,,,,,,,,,,,,,,,,
2019-08-23,0.002479716577354779,0.98561,0.97525,168.0,-0.00391385953289806,0.98176,0.98173,0.98145,,180.0,-0.005136901798770306,0.98056,,,,,,,,,
2019-08-26,0.0024741623857499825,0.97971,0.97812,,,,,,,,,,,,,,,,,,
2019-08-27,0.0025526645560644346,0.97995,0.98164,,,,,,,,,,,,,,,,,,
2019-08-28,0.0025471491053173563,0.98115,0.98078,,,,,,,,,,,,,,,,,,
2019-08-29,0.0025428913418468857,0.98243,0.98519,,,,,,,,,,,,,,,,,,
2019-08-30,0.002532068858288481,0.98835,0.99,,,,,,,,,,,,,,,,,,
2019-09-02,0.002565045041864901,0.99148,0.99039,,,,,,,,,,,,,,,,,,
2019-09-03,0.002543209485229183,0.9901,0.98721,,,,,,,,,,,,,,,,,,
2019-09-04,0.0025364762009202273,0.98438,0.98183,,,,,,,,,,,,,,,,,,
2019-09-05,0.0025569014781409633,0.98185,0.98699,134.0,0.0038627748157473874,0.98565,0.98591,0.98604,0.9868,151.0,0.005160567736343659,0.98693,0.98719,0.98666,0.98651,,,,,,
2019-09-06,0.0025516727640948846,0.99092,0.9867,172.0,-0.003913107820899145,0.98705,0.9872,0.98647,,,,,,,,,,,,,
2019-09-09,0.0025484442295456563,0.99014,0.99083,,,,,,,,,,,,,,,,,,
2019-09-10,0.0025273312635534693,0.9915,0.99067,,,,,,,,,,,,,,,,,,
2019-09-11,0.002523867734503364,0.99396,0.99333,,,,,,,,,,,,,,,,,,
2019-09-12,0.0025124995024581234,0.99408,0.98932,106.0,-0.003840053097342992,0.99027,0.99005,0.99012,0.98977,126.0,-0.005072799853298817,0.98905,0.98818,0.99029,0.99021,,,,,,
2019-09-13,0.0025036035465937547,0.98543,0.98989,,,,,,,,,,,,,,,,,,
2019-09-16,0.002504255146835761,0.9912,0.99169,,,,,,,,,,,,,,,,,,
2019-09-17,0.002486273848875582,0.99461,0.99251,,,,,,,,,,,,,,,,,,
2019-09-18,0.002487165030979569,0.99504,0.99493,,,,,,,,,,,,,,,,,,
2019-09-19,0.0024792595040967805,0.99105,0.9929,,,,,,,,,,,,,,,,,,
2019-09-20,0.0024792567873644896,0.99144,0.99297,,,,,,,,,,,,,,,,,,
2019-09-23,0.002500643852683496,0.99143,0.98949,,,,,,,,,,,,,,,,,,
2019-09-24,0.0024801415221273257,0.98862,0.98726,,,,,,,,,,,,,,,,,,
2019-09-25,0.0024705830309636988,0.98705,0.99085,,,,,,,,,,,,,,,,,,
2019-09-26,0.002469716515415724,0.99418,0.99266,,,,,,,,,,,,,,,,,,
2019-09-27,0.0024715906598007857,0.99333,0.99173,,,,,,,,,,,,,,,,,,
2019-09-30,0.0024700805093695165,0.99496,0.99781,,,,,,,,,,,,,,,,,,
2019-10-01,0.0024612731264692126,1.00092,0.99365,159.0,-0.0038739368858202857,0.99705,0.99759,0.9974,0.99675,,,,,,,,,,,,
2019-10-02,0.0024994729999557857,1.00034,0.99734,,,,,,,,,,,,,,,,,,
2019-10-03,0.0025180060499517087,0.99994,0.99764,166.0,-0.003948019597466914,0.996,0.99533,0.99603,,,,,,,,,,,,,
2019-10-04,0.002525064509461735,0.99362,0.99599,,,,,,,,,,,,,,,,,,
2019-10-07,0.0025147884671282822,0.99414,0.99462,,,,,,,,,,,,,,,,,,
2019-10-08,0.0025036973817293283,0.99134,0.99404,,,,,,,,,,,,,,,,,,
2019-10-09,0.002493197715997784,0.99519,0.99501,,,,,,,,,,,,,,,,,,
2019-10-10,0.0024856371317226343,0.9929,0.9953,,,,,,,,,,,,,,,,,,
2019-10-11,0.0024774259917945667,0.99788,0.99654,,,,,,,,,,,,,,,,,,
2019-10-14,0.002472368054919502,0.9955,0.99713,,,,,,,,,,,,,,,,,,
2019-10-15,0.0024536701953457355,0.99754,0.99833,,,,,,,,,,,,,,,,,,
2019-10-16,0.002445389944105123,0.99764,0.99582,,,,,,,,,,,,,,,,,,
2019-10-17,0.00243719285435199,0.9898,0.98693,,,,,,,,,,,,,,,,,,
2019-10-18,0.002447613060882366,0.98636,0.98554,,,,,,,,,,,,,,,,,,
2019-10-21,0.0024673487106595267,0.98531,0.98636,,,,,,,,,,,,,,,,,,
2019-10-22,0.002463661853001531,0.98854,0.98893,,,,,,,,,,,,,,,,,,
2019-10-23,0.002455211938174754,0.98954,0.99056,,,,,,,,,,,,,,,,,,
2019-10-24,0.0024533834911983146,0.99062,0.99246,,,,,,,,,,,,,,,,,,
2019-10-25,0.0024446370606231466,0.99188,0.99456,,,,,,,,,,,,,,,,,,
2019-10-28,0.0024419351115493857,0.99666,0.99518,,,,,,,,,,,,,,,,,,
2019-10-29,0.0024283631988581784,0.9951,0.99411,,,,,,,,,,,,,,,,,,
2019-10-30,0.0024214440975999967,0.99307,0.99084,,,,,,,,,,,,,,,,,,
2019-10-31,0.0024130980863989256,0.98706,0.98635,,,,,,,,,,,,,,,,,,
2019-11-01,0.0024548622586595564,0.98899,0.98562,,,,,,,,,,,,,,,,,,
2019-11-04,0.0024469128732222817,0.9873,0.98667,,,,,,,,,,,,,,,,,,
2019-11-05,0.0024306088936977385,0.99147,0.99304,,,,,,,,,,,,,,,,,,
2019-11-06,0.0024273369665204505,0.99278,0.99232,,,,,,,,,,,,,,,,,,
2019-11-07,0.002434643443645802,0.99319,0.99739,,,,,,,,,,,,,,,,,,
2019-11-08,0.0024267413357654108,0.99647,0.99746,,,,,,,,,,,,,,,,,,
2019-11-11,0.002423476867004434,0.99329,0.99321,,,,,,,,,,,,,,,,,,
2019-11-12,0.002410407535434193,0.99476,0.99306,,,,,,,,,,,,,,,,,,
2019-11-13,0.0024084728934060814,0.99056,0.98993,,,,,,,,,,,,,,,,,,
2019-11-14,0.0024102008768132977,0.98864,0.98824,,,,,,,,,,,,,,,,,,
2019-11-15,0.00240355461368972,0.98948,0.98984,,,,,,,,,,,,,,,,,,
2019-11-18,0.0023969423450081926,0.98955,0.98785,,,,,,,,,,,,,,,,,,
2019-11-19,0.0023831624498125655,0.99135,0.99055,,,,,,,,,,,,,,,,,,
2019-11-20,0.002376487569413485,0.99281,0.99107,,,,,,,,,,,,,,,,,,
2019-11-21,0.002370132430165856,0.99196,0.99259,,,,,,,,,,,,,,,,,,
2019-11-22,0.002364036337983295,0.99441,0.99765,,,,,,,,,,,,,,,,,,
2019-11-25,0.002365467347072876,0.99802,0.99675,,,,,,,,,,,,,,,,,,
2019-11-26,0.002362051048318994,0.99685,0.99752,,,,,,,,,,,,,,,,,,
2019-11-27,0.0023561241825341035,0.99875,0.99969,,,,,,,,,,,,,,,,,,
2019-11-28,0.002352610381025706,0.99876,0.99891,,,,,,,,,,,,,,,,,,
2019-11-29,0.0023476936153280035,1.00156,0.99973,,,,,,,,,,,,,,,,,,
2019-12-02,0.0023424723358802086,0.99659,0.99197,95.0,-0.0035181573017602917,0.99309,0.99319,0.99338,0.99344,149.0,-0.004969229233270812,0.99165,0.99165,0.9915,0.99155,,,,,,
2019-12-03,0.0023334038243058514,0.98814,0.98612,,,,,,,,,,,,,,,,,,
2019-12-04,0.0023775876060360837,0.98694,0.98927,,,,,,,,,,,,,,,,,,
2019-12-05,0.0023934409352040025,0.9891,0.98719,,,,,,,,,,,,,,,,,,
2019-12-06,0.0023867547566791413,0.99036,0.99025,,,,,,,,,,,,,,,,,,
2019-12-09,0.0023803925979500383,0.9893,0.98877,,,,,,,,,,,,,,,,,,
2019-12-10,0.002374728292612677,0.98608,0.98518,,,,,,,,,,,,,,,,,,
2019-12-11,0.0023738686485625295,0.98501,0.98578,,,,,,,,,,,,,,,,,,
2019-12-12,0.0023760857717399133,0.98229,0.98651,63.0,0.0040030126808447706,0.98623,0.98626,0.98583,0.986,116.0,0.004763195364003023,0.98698,0.98736,0.98682,0.98676,,,,,,
2019-12-13,0.00237665355040724,0.98354,0.98418,,,,,,,,,,,,,,,,,,
2019-12-16,0.0023779188032577564,0.98229,0.98323,,,,,,,,,,,,,,,,,,
2019-12-17,0.0023679977101393364,0.9812,0.9801,,,,,,,,,,,,,,,,,,
2019-12-18,0.002363162851656225,0.98148,0.98048,,,,,,,,,,,,,,,,,,
2019-12-19,0.0023607712168801556,0.97996,0.97729,,,,,,,,,,,,,,,,,,
2019-12-20,0.002355987576985615,0.98055,0.98282,,,,,,,,,,,,,,,,,,
2019-12-23,0.0023511608561247255,0.98159,0.98186,,,,,,,,,,,,,,,,,,
2019-12-24,0.0023516312018094163,0.98168,0.97989,,,,,,,,,,,,,,,,,,
2019-12-26,0.002346327076761756,0.98054,0.98082,,,,,,,,,,,,,,,,,,
2019-12-27,0.0023403454045658532,0.97607,0.97338,,,,,,,,,,,,,,,,,,
2019-12-30,0.002336010468693065,0.97086,0.96794,,,,,,,,,,,,,,,,,,
2019-12-31,0.0023598542171068904,0.96486,0.96674,118.0,0.0037035163626430306,0.96844,0.96838,0.96766,0.96786,,,,,,,,,,,,
2020-01-02,0.002374844277209248,0.97027,0.97282,,,,,,,,,,,,,,,,,,
2020-01-03,0.001900382377229703,0.97306,0.97077,157.0,-0.002902281664653847,0.97024,0.97019,0.97069,0.97043,,,,,,,,,,,,
2020-01-06,0.00188629434536284,0.96947,0.96833,,,,,,,,,,,,,,,,,,
2020-01-07,0.0018707295908425559,0.97125,0.97064,,,,,,,,,,,,,,,,,,
2020-01-08,0.001865866114365656,0.97013,0.97337,171.0,0.0029128882357750655,0.97296,0.97328,0.97294,,,,,,,,,,,,,
2020-01-09,0.0018539976121331972,0.97212,0.9726,,,,,,,,,,,,,,,,,,
2020-01-10,0.0018768900901395145,0.97542,0.97257,137.0,-0.0028438422303614114,0.97265,0.9728,0.97266,0.97266,,,,,,,,,,,,
2020-01-13,0.001865286791600003,0.97166,0.96994,,,,,,,,,,,,,,,,,,
2020-01-14,0.0018405831851664523,0.96986,0.96795,,,,,,,,,,,,,,,,,,
2020-01-15,0.001835919068935625,0.96377,0.96339,,,,,,,,,,,,,,,,,,
2020-01-16,0.0018543837162496952,0.96372,0.96484,,,,,,,,,,,,,,,,,,
2020-01-17,0.0018583951766627965,0.96874,0.96803,,,,,,,,,,,,,,,,,,
2020-01-20,0.001846927248091548,0.96907,0.96906,,,,,,,,,,,,,,,,,,
2020-01-21,0.0018316605826652205,0.96701,0.96824,,,,,,,,,,,,,,,,,,
2020-01-22,0.0018193701704381806,0.96971,0.96901,,,,,,,,,,,,,,,,,,
2020-01-23,0.0018167898399508498,0.9671,0.96911,91.0,0.002787961948334513,0.9698,0.96962,0.96924,0.96921,,,,,,,,,,,,
2020-01-24,0.0018096177430248596,0.9696,0.97082,,,,,,,,,,,,,,,,,,
2020-01-27,0.0018052821568228115,0.96887,0.97044,,,,,,,,,,,,,,,,,,
2020-01-28,0.0017851622170103813,0.97291,0.97336,,,,,,,,,,,,,,,,,,
2020-01-29,0.0017745466654541942,0.97611,0.9747,,,,,,,,,,,,,,,,,,
2020-01-30,0.0017953606656258658,0.96953,0.96828,,,,,,,,,,,,,,,,,,
2020-01-31,0.001791712345716354,0.96654,0.96399,141.0,-0.002735129448006679,0.9639,0.96388,0.96341,0.96359,150.0,-0.0036485042234811523,0.96302,0.96323,0.96348,0.96399,,,,,,
2020-02-03,0.0017858458934164746,0.96412,0.96601,,,,,,,,,,,,,,,,,,
2020-02-04,0.0019024714256691833,0.96914,0.96978,,,,,,,,,,,,,,,,,,
2020-02-05,0.0019093696419472726,0.97293,0.97311,,,,,,,,,,,,,,,,,,
2020-02-06,0.0019153214971872042,0.97409,0.97519,,,,,,,,,,,,,,,,,,
2020-02-07,0.0019482754697481386,0.97636,0.97764,,,,,,,,,,,,,,,,,,
2020-02-10,0.0019325373013469912,0.97784,0.97752,,,,,,,,,,,,,,,,,,
2020-02-11,0.0019217772459241588,0.97856,0.97555,,,,,,,,,,,,,,,,,,
2020-02-12,0.0019129577957951978,0.97577,0.9779,,,,,,,,,,,,,,,,,,
2020-02-13,0.0019142994020569294,0.97885,0.97855,,,,,,,,,,,,,,,,,,
2020-02-14,0.0019104420917394423,0.98074,0.98143,,,,,,,,,,,,,,,,,,
2020-02-17,0.0019062529589834699,0.98161,0.9812,,,,,,,,,,,,,,,,,,
2020-02-18,0.0018866141545386666,0.98284,0.98241,,,,,,,,,,,,,,,,,,
2020-02-19,0.001879013419947878,0.98358,0.98405,,,,,,,,,,,,,,,,,,
2020-02-20,0.0018805821514651096,0.98281,0.98334,,,,,,,,,,,,,,,,,,
2020-02-21,0.001867478118496617,0.98175,0.97782,48.0,-0.0030706633189665827,0.97874,0.9783,0.97895,0.97802,63.0,-0.0038065737346474346,0.97802,0.9784,0.97829,0.97739,105.0,-0.0047272239832943565,0.97712,0.97717,0.9774,0.97811
2020-02-24,0.0018555742144604577,0.97949,0.97683,63.0,-0.0029343974105640828,0.97662,0.97673,0.97684,0.97707,,,,,,,,,,,,
2020-02-25,0.0018922279392927076,0.97793,0.97523,,,,,,,,,,,,,,,,,,
2020-02-26,0.0018838908933317385,0.97622,0.97698,,,,,,,,,,,,,,,,,,
2020-02-27,0.0018757229551870053,0.96857,0.97136,155.0,0.0028249188837842602,0.97131,0.97119,0.97109,0.97092,,,,,,,,,,,,
2020-02-28,0.001894964578273472,0.96571,0.96837,,,,,,,,,,,,,,,,,,
2020-03-02,0.001944023098911813,0.95676,0.95629,118.0,0.003172353121740597,0.9598,0.9597,0.95921,0.95811,,,,,,,,,,,,
2020-03-03,0.0019403558077536,0.95708,0.95779,72.0,-0.0031184947676762905,0.9541,0.95438,0.95218,0.9522,75.0,-0.0049963704880342215,0.95231,0.9527,0.95259,0.9536,75.0,-0.0049963704880342215,0.95231,0.9527,0.95259,0.9536
2020-03-04,0.001997776464409709,0.9565,0.95623,,,,,,,,,,,,,,,,,,
2020-03-05,0.0019837255256048344,0.95197,0.94721,162.0,-0.003061500631657811,0.94906,0.94899,0.94894,0.94853,,,,,,,,,,,,
2020-03-06,0.001966831322429684,0.93486,0.93774,49.0,-0.0029674089103685,0.93209,0.93222,0.93222,0.93351,,,,,,,,,,,,
2020-03-09,0.0022329110675238244,0.92642,0.92545,26.0,-0.00350346379114312,0.92318,0.92318,0.92324,0.92176,37.0,-0.005118754108586588,0.92169,0.92151,0.92324,0.9302,,,,,,
2020-03-10,0.002562298025227987,0.93081,0.93609,,,,,,,,,,,,,,,,,,
2020-03-11,0.0026160291215246746,0.93315,0.93961,133.0,0.004202697833445528,0.93708,0.93744,0.93768,0.93751,155.0,0.005375868621670687,0.93818,0.9378,0.93898,0.93892,159.0,0.006622187084169496,0.93935,0.93898,0.93883,0.93963
2020-03-12,0.0026105883511483323,0.94092,0.94804,70.0,0.006419853608049745,0.94698,0.94515,0.94624,0.94523,70.0,0.006419853608049745,0.94698,0.94515,0.94624,0.94523,93.0,0.007021585981988125,0.94755,0.94716,0.94853,0.94729
2020-03-13,0.0025999356246942987,0.95438,0.95448,67.0,-0.004200010374039073,0.95038,0.95084,0.95086,0.95143,,,,,,,,,,,,
2020-03-16,0.002753111498973338,0.94481,0.946,114.0,0.004456561255890355,0.94903,0.94935,0.94921,0.94831,,,,,,,,,,,,
2020-03-17,0.0027525637641291427,0.96147,0.96428,,,,,,,,,,,,,,,,,,
2020-03-18,0.0027183994191386143,0.96497,0.97486,118.0,0.00464220267810754,0.96946,0.9697,0.97096,0.97007,123.0,0.006188260025266129,0.97096,0.97098,0.97054,0.97081,166.0,0.00688835271318325,0.97164,0.9717,0.97085,
2020-03-19,0.0028536966744216264,0.97485,0.98772,166.0,0.00453399475878948,0.97928,0.97957,0.97906,,176.0,0.0060339720811944785,0.98075,0.98228,,,177.0,0.007592787086377972,0.98228,0.98404,,
2020-03-20,0.0030107872137400946,0.9835,0.98831,,,,,,,,,,,,,,,,,,
2020-03-23,0.0031301145084469554,0.98168,0.98159,,,,,,,,,,,,,,,,,,
2020-03-24,0.003071998488286085,0.97678,0.98106,89.0,0.005177099629835464,0.98185,0.98178,0.98274,0.98132,97.0,0.0062255898492134636,0.98288,0.98285,0.98247,0.98149,,,,,,
2020-03-25,0.0030515676429999313,0.97983,0.97867,,,,,,,,,,,,,,,,,,
2020-03-26,0.0030086463406198876,0.96902,0.96234,175.0,-0.004551010109725435,0.96462,0.96456,0.96476,,,,,,,,,,,,,
2020-03-27,0.003023709766736694,0.96378,0.95642,132.0,-0.004596657323551515,0.95936,0.95923,0.95851,0.95836,153.0,-0.0061092249602952495,0.95791,0.95785,0.95733,0.95685,173.0,-0.008262055822702398,0.95585,0.95664,0.95604,
2020-03-30,0.003254809421889474,0.95631,0.96074,,,,,,,,,,,,,,,,,,
2020-03-31,0.003291852070632716,0.96591,0.96296,,,,,,,,,,,,,,,,,,
2020-04-01,0.0033031159753397423,0.96591,0.96739,,,,,,,,,,,,,,,,,,
2020-04-02,0.003257217970711406,0.96702,0.97238,105.0,0.004982293801394131,0.97185,0.97183,0.9716,0.97206,,,,,,,,,,,,
2020-04-03,0.003263882594914572,0.9771,0.97788,,,,,,,,,,,,,,,,,,
2020-04-06,0.0032559318807157795,0.9777,0.97701,,,,,,,,,,,,,,,,,,
2020-04-07,0.0031737795659324327,0.97239,0.97064,,,,,,,,,,,,,,,,,,
2020-04-08,0.0031278425493618863,0.97151,0.97118,,,,,,,,,,,,,,,,,,
2020-04-09,0.0031259652907648016,0.97178,0.96619,83.0,-0.004920604732235607,0.96701,0.96704,0.96686,0.9674,177.0,-0.006483339525124278,0.9655,0.9657,,,,,,,,
2020-04-10,0.003083309560189381,0.96534,0.96479,,,,,,,,,,,,,,,,,,
2020-04-13,0.003088215467671076,0.966,0.96752,,,,,,,,,,,,,,,,,,
2020-04-14,0.0030067257930359264,0.96204,0.96056,,,,,,,,,,,,,,,,,,
2020-04-15,0.002972044501729735,0.9651,0.96478,46.0,0.004590009299121064,0.96954,0.96948,0.96944,0.9695,,,,,,,,,,,,
2020-04-16,0.0029509330760033115,0.96606,0.9696,,,,,,,,,,,,,,,,,,
2020-04-17,0.002972831659627487,0.96901,0.96614,,,,,,,,,,,,,,,,,,
2020-04-20,0.0029347350006002273,0.96903,0.96702,,,,,,,,,,,,,,,,,,
2020-04-21,0.0028662215489267803,0.97064,0.96924,,,,,,,,,,,,,,,,,,
2020-04-22,0.0028370152143015388,0.96786,0.97113,,,,,,,,,,,,,,,,,,
2020-04-23,0.0028011416645219766,0.97603,0.97304,142.0,-0.00429185208154092,0.97185,0.97129,0.97129,0.97121,,,,,,,,,,,,
2020-04-24,0.002774969695491241,0.97492,0.97495,,,,,,,,,,,,,,,,,,
2020-04-27,0.002768455494874651,0.97295,0.9759,,,,,,,,,,,,,,,,,,
2020-04-28,0.002727366631696781,0.97271,0.97457,,,,,,,,,,,,,,,,,,
2020-04-29,0.0026977409526492834,0.97463,0.97473,,,,,,,,,,,,,,,,,,
2020-04-30,0.002677218799565442,0.97117,0.96716,177.0,-0.005741504222178129,0.96561,0.96513,,,177.0,-0.005741504222178129,0.96561,0.96513,,,179.0,-0.006850226455796709,0.96454,0.96464,,
2020-05-01,0.0026530792743476037,0.96294,0.96027,,,,,,,,,,,,,,,,,,
2020-05-04,0.0027748131577881854,0.96435,0.96486,,,,,,,,,,,,,,,,,,
2020-05-05,0.0027380243463537963,0.97121,0.97213,,,,,,,,,,,,,,,,,,
2020-05-06,0.002707109156143607,0.9735,0.97448,,,,,,,,,,,,,,,,,,
2020-05-07,0.0027520006420302364,0.97597,0.97481,,,,,,,,,,,,,,,,,,
2020-05-08,0.00272714648628309,0.97112,0.97007,,,,,,,,,,,,,,,,,,
2020-05-11,0.0027115407785625605,0.97207,0.97249,,,,,,,,,,,,,,,,,,
2020-05-12,0.002644826378224584,0.96959,0.96805,,,,,,,,,,,,,,,,,,
2020-05-13,0.002630951494334322,0.96759,0.9704,,,,,,,,,,,,,,,,,,
2020-05-14,0.0026277094666696437,0.9744,0.97245,,,,,,,,,,,,,,,,,,
2020-05-15,0.0026094874333732233,0.97365,0.9725,,,,,,,,,,,,,,,,,,
2020-05-18,0.0025787957785588437,0.972,0.9695,,,,,,,,,,,,,,,,,,
2020-05-19,0.0025236453540718605,0.97152,0.97257,,,,,,,,,,,,,,,,,,
2020-05-20,0.0024948483822893786,0.96552,0.96501,,,,,,,,,,,,,,,,,,
2020-05-21,0.0024718107889229552,0.96607,0.97028,160.0,0.003936057149081311,0.96988,0.96987,0.97007,0.97067,179.0,0.0051725588316444285,0.97108,0.97084,,,,,,,,
2020-05-22,0.00247223412119306,0.97131,0.97226,,,,,,,,,,,,,,,,,,
2020-05-25,0.002488562528861798,0.97086,0.97094,,,,,,,,,,,,,,,,,,
2020-05-26,0.002432859740052775,0.9661,0.96679,,,,,,,,,,,,,,,,,,
2020-05-27,0.0024074212666852246,0.9693,0.96962,,,,,,,,,,,,,,,,,,
2020-05-28,0.0024142630645650307,0.96997,0.9641,166.0,-0.0038942910637953946,0.9662,0.9662,0.96606,,175.0,-0.004929809433224975,0.9652,0.96519,0.96539,,,,,,,
2020-05-29,0.0023935672739632367,0.96249,0.96169,,,,,,,,,,,,,,,,,,
2020-06-01,0.0024132094811821153,0.96127,0.96137,,,,,,,,,,,,,,,,,,
2020-06-02,0.0023713328137073162,0.96098,0.9622,,,,,,,,,,,,,,,,,,
2020-06-03,0.0023469506079026787,0.96442,0.96161,,,,,,,,,,,,,,,,,,
2020-06-04,0.002321275166953921,0.9584,0.95668,,,,,,,,,,,,,,,,,,
2020-06-05,0.002295647717024195,0.95807,0.96215,42.0,0.0035113163906305496,0.96144,0.96179,0.96143,0.96414,48.0,0.004862541533596608,0.96274,0.96324,0.96292,0.96287,56.0,0.005890328197441214,0.96373,0.96414,0.9641,0.96294
2020-06-08,0.002325335201859361,0.96269,0.95673,61.0,-0.003631845564708426,0.9592,0.95891,0.959,0.95848,74.0,-0.004727107363508824,0.95815,0.95836,0.95889,0.95821,137.0,-0.005875812585894208,0.95705,0.95705,0.95642,0.95641
2020-06-09,0.002348589638937583,0.95442,0.94863,117.0,-0.0035371887394741765,0.95105,0.95057,0.95059,0.95061,157.0,-0.004883976119105922,0.94977,0.94979,0.94953,0.94923,,,,,,
2020-06-10,0.0023609024769853685,0.94558,0.94505,,,,,,,,,,,,,,,,,,
2020-06-11,0.0024208549296594836,0.94214,0.93818,,,,,,,,,,,,,,,,,,
2020-06-12,0.002505632853291316,0.94585,0.95146,157.0,0.0037883429907846653,0.94944,0.9494,0.9503,0.95159,165.0,0.005125079763260499,0.95071,0.95086,0.95078,0.95151,,,,,,
2020-06-15,0.00247959404292223,0.94893,0.95014,,,,,,,,,,,,,,,,,,
2020-06-16,0.002525911496790587,0.94793,0.94926,139.0,0.003958691643929317,0.95169,0.95158,0.95153,0.95106,,,,,,,,,,,,
2020-06-17,0.002513215744621076,0.94963,0.95116,,,,,,,,,,,,,,,,,,
2020-06-18,0.0024896560045963496,0.9494,0.95098,,,,,,,,,,,,,,,,,,
2020-06-19,0.0024614133239824793,0.95004,0.95193,,,,,,,,,,,,,,,,,,
2020-06-22,0.002435478820336317,0.95016,0.94769,146.0,-0.003743209925403197,0.94661,0.94704,0.94734,0.94727,,,,,,,,,,,,
2020-06-23,0.00238205485975952,0.94601,0.94388,131.0,-0.003632343463918706,0.94258,0.94258,0.94231,0.94238,,,,,,,,,,,,
2020-06-24,0.0023987302118350234,0.94642,0.9471,,,,,,,,,,,,,,,,,,
2020-06-25,0.002389235068049047,0.95016,0.94841,,,,,,,,,,,,,,,,,,
2020-06-26,0.0024054430570777455,0.94826,0.94804,,,,,,,,,,,,,,,,,,
2020-06-29,0.002378992566458359,0.94555,0.95053,128.0,0.0035998793171345225,0.94896,0.94887,0.94849,0.94936,155.0,0.00504252392391543,0.95033,0.9503,0.95008,0.94967,,,,,,
2020-06-30,0.002327568176620296,0.95144,0.94665,165.0,-0.0036010273400941006,0.94802,0.9481,0.94757,0.94728,173.0,-0.0046564141317397955,0.94702,0.94714,0.94755,,,,,,,
2020-07-01,0.0023334751446526846,0.94809,0.94577,,,,,,,,,,,,,,,,,,
2020-07-02,0.0023554514717228367,0.94333,0.94574,,,,,,,,,,,,,,,,,,
2020-07-03,0.0023298452880366975,0.94633,0.94533,,,,,,,,,,,,,,,,,,
2020-07-06,0.002305082331551445,0.94024,0.94159,,,,,,,,,,,,,,,,,,
2020-07-07,0.0022611861388430366,0.94273,0.94097,,,,,,,,,,,,,,,,,,
2020-07-08,0.002238804820531799,0.94101,0.93828,154.0,-0.0033744077579018657,0.93784,0.93757,0.93767,0.9378,,,,,,,,,,,,
2020-07-09,0.0022158041146539756,0.93758,0.93971,,,,,,,,,,,,,,,,,,
2020-07-10,0.002244201649708002,0.94187,0.93978,170.0,-0.003456549341760692,0.93862,0.93873,0.93874,,,,,,,,,,,,,
2020-07-13,0.002255653730746338,0.94213,0.94087,,,,,,,,,,,,,,,,,,
2020-07-14,0.002213034182570007,0.93929,0.93854,,,,,,,,,,,,,,,,,,
2020-07-15,0.0022016127278759504,0.9417,0.94398,,,,,,,,,,,,,,,,,,
2020-07-16,0.0021847733963543886,0.94525,0.94329,,,,,,,,,,,,,,,,,,
2020-07-17,0.0022126883005283648,0.94136,0.93891,,,,,,,,,,,,,,,,,,
2020-07-20,0.00218981395079417,0.93783,0.93886,,,,,,,,,,,,,,,,,,
2020-07-21,0.002247807073908699,0.93892,0.93392,,,,,,,,,,,,,,,,,,
2020-07-22,0.002232334588910274,0.93184,0.9287,,,,,,,,,,,,,,,,,,
2020-07-23,0.0022903550448217327,0.92706,0.9251,,,,,,,,,,,,,,,,,,
2020-07-24,0.0022790894157651963,0.92433,0.92228,,,,,,,,,,,,,,,,,,
2020-07-27,0.0023038837946334884,0.92244,0.92058,154.0,-0.0038232657250708755,0.91892,0.91897,0.91922,0.91899,,,,,,,,,,,,
2020-07-28,0.002301325265034868,0.91912,0.91679,78.0,-0.00350950213616757,0.9159,0.91591,0.91597,0.91646,,,,,,,,,,,,
2020-07-29,0.0022954887699700986,0.91832,0.91415,158.0,-0.00372021397518422,0.91491,0.91493,0.91433,0.91444,,,,,,,,,,,,
2020-07-30,0.0022936398046498863,0.9145,0.91198,101.0,-0.0037138314277340547,0.91111,0.91134,0.91122,0.91201,,,,,,,,,,,,
2020-07-31,0.002323195262419721,0.9092,0.91157,94.0,0.003557237891749696,0.91244,0.91272,0.91188,0.9111,,,,,,,,,,,,
2020-08-03,0.0023654170446644036,0.91991,0.91933,156.0,0.003884132039491411,0.92349,0.92373,0.92375,0.9234,,,,,,,,,,,,
2020-08-04,0.0023969728088040773,0.91512,0.91545,,,,,,,,,,,,,,,,,,
2020-08-05,0.002385377283156222,0.90861,0.90521,138.0,-0.0036164410893736298,0.90533,0.90558,0.90643,0.90595,,,,,,,,,,,,
2020-08-06,0.0024083596098498786,0.90795,0.90998,139.0,0.00420942189817908,0.91178,0.9119,0.91184,0.91263,151.0,0.005053567470223586,0.91255,0.91259,0.91262,0.9126,,,,,,
2020-08-07,0.00240999344398614,0.91429,0.91387,,,,,,,,,,,,,,,,,,
2020-08-10,0.0024057413910534295,0.91783,0.91543,119.0,-0.0037878212945643,0.91436,0.91439,0.91398,0.914,,,,,,,,,,,,
2020-08-11,0.0023543039350986533,0.91187,0.91627,149.0,0.0035686956320023404,0.91513,0.91518,0.91505,0.91503,180.0,0.004726330691278927,0.91619,,,,,,,,,
2020-08-12,0.0023398486701496327,0.91346,0.91106,176.0,-0.0037400441729441396,0.91005,0.91026,,,,,,,,,,,,,,
2020-08-13,0.002342302686705024,0.91098,0.90958,,,,,,,,,,,,,,,,,,
2020-08-14,0.002465483954772978,0.91031,0.90918,,,,,,,,,,,,,,,,,,
2020-08-17,0.0024371969858092233,0.90805,0.90583,,,,,,,,,,,,,,,,,,
2020-08-18,0.0023838377220581687,0.90416,0.90297,,,,,,,,,,,,,,,,,,
2020-08-19,0.0023856279377939735,0.90652,0.91143,160.0,0.003600710818080506,0.90979,0.91017,0.91071,0.90981,,,,,,,,,,,,
2020-08-20,0.0023642114403822473,0.91026,0.90831,,,,,,,,,,,,,,,,,,
2020-08-21,0.002606463946206475,0.91277,0.91316,,,,,,,,,,,,,,,,,,
2020-08-24,0.002693279391414828,0.90803,0.91105,,,,,,,,,,,,,,,,,,
2020-08-25,0.0026604228109801445,0.90977,0.90894,,,,,,,,,,,,,,,,,,
2020-08-26,0.0026285337997916025,0.91016,0.90852,,,,,,,,,,,,,,,,,,
2020-08-27,0.002607923555942786,0.91029,0.90771,67.0,-0.004249422925409289,0.90643,0.90674,0.9069,0.90431,77.0,-0.005651506407931439,0.90516,0.90491,0.90431,0.90604,80.0,-0.007188326819530699,0.90377,0.90426,0.9046,0.90686
2020-08-28,0.002575976243562716,0.90318,0.90389,128.0,0.004011077262131658,0.90681,0.90633,0.90619,0.90562,,,,,,,,,,,,
2020-08-31,0.002544207180593659,0.90234,0.90099,,,,,,,,,,,,,,,,,,
2020-09-01,0.002516482591022124,0.90674,0.90735,,,,,,,,,,,,,,,,,,
2020-09-02,0.002502526764544121,0.911,0.91075,,,,,,,,,,,,,,,,,,
2020-09-03,0.002664720579194526,0.91244,0.91068,157.0,-0.004030293011491933,0.90877,0.90905,0.9092,0.90898,,,,,,,,,,,,
2020-09-04,0.0026343653093676843,0.91137,0.91475,120.0,0.003964174358388719,0.91499,0.91468,0.91528,0.91528,,,,,,,,,,,,
2020-09-07,0.002609159036766616,0.91406,0.91558,,,,,,,,,,,,,,,,,,
2020-09-08,0.0025649272582679715,0.91814,0.91664,,,,,,,,,,,,,,,,,,
2020-09-09,0.002559127030409615,0.9181,0.91308,77.0,-0.004081950157806975,0.91436,0.91465,0.91466,0.91504,165.0,-0.005285701630023981,0.91326,0.91345,0.9136,0.91333,,,,,,
2020-09-10,0.0025289071879890245,0.90851,0.90763,,,,,,,,,,,,,,,,,,
2020-09-11,0.0025822952436273727,0.90911,0.90923,,,,,,,,,,,,,,,,,,
2020-09-14,0.0025549509633235705,0.90737,0.90711,,,,,,,,,,,,,,,,,,
2020-09-15,0.002496707313941791,0.9054,0.90841,,,,,,,,,,,,,,,,,,
2020-09-16,0.0024707255179920546,0.90616,0.90813,,,,,,,,,,,,,,,,,,
2020-09-17,0.002442326466482744,0.91038,0.90974,,,,,,,,,,,,,,,,,,
2020-09-18,0.002450639673507264,0.91016,0.90957,,,,,,,,,,,,,,,,,,
2020-09-21,0.002445843803852045,0.91247,0.91616,125.0,0.0037083063613331637,0.91586,0.91566,0.91534,0.91567,,,,,,,,,,,,
2020-09-22,0.0024074171038297675,0.91524,0.91998,162.0,0.0037515311840667556,0.91868,0.91866,0.91889,0.91913,,,,,,,,,,,,
2020-09-23,0.002429111234946286,0.9215,0.92324,,,,,,,,,,,,,,,,,,
2020-09-24,0.0024789773531971987,0.92583,0.92624,,,,,,,,,,,,,,,,,,
2020-09-25,0.002455641692001563,0.92835,0.9287,,,,,,,,,,,,,,,,,,
2020-09-28,0.0024572618796227024,0.92593,0.92496,,,,,,,,,,,,,,,,,,
2020-09-29,0.0024038895462830468,0.92232,0.92155,,,,,,,,,,,,,,,,,,
2020-09-30,0.002412876102199723,0.92276,0.91911,168.0,-0.0044748635549505785,0.91864,0.9194,0.91909,,177.0,-0.004866824015513971,0.91828,0.91863,,,,,,,,
2020-10-01,0.002419194304734694,0.91717,0.91795,,,,,,,,,,,,,,,,,,
2020-10-02,0.0023926491964676683,0.92029,0.9205,,,,,,,,,,,,,,,,,,
2020-10-05,0.0023667857663134985,0.91645,0.91544,,,,,,,,,,,,,,,,,,
2020-10-06,0.0023337710101282846,0.91358,0.91536,,,,,,,,,,,,,,,,,,
2020-10-07,0.0023154518831789545,0.91635,0.91688,,,,,,,,,,,,,,,,,,
2020-10-08,0.002309635946580788,0.91825,0.91748,,,,,,,,,,,,,,,,,,
2020-10-09,0.0022882725894552932,0.91262,0.91048,,,,,,,,,,,,,,,,,,
2020-10-12,0.0022665687274364137,0.91043,0.90993,,,,,,,,,,,,,,,,,,
2020-10-13,0.0022993813197415953,0.9105,0.91488,130.0,0.003453666782940684,0.91365,0.91371,0.914,0.9138,,,,,,,,,,,,
2020-10-14,0.0022765785984560057,0.91389,0.91265,,,,,,,,,,,,,,,,,,
2020-10-15,0.0023099085164992534,0.91378,0.91426,,,,,,,,,,,,,,,,,,
2020-10-16,0.0022872553625668717,0.91335,0.91535,,,,,,,,,,,,,,,,,,
2020-10-19,0.002266424555779215,0.9099,0.90917,,,,,,,,,,,,,,,,,,
2020-10-20,0.0022223503280637594,0.9082,0.90721,,,,,,,,,,,,,,,,,,
2020-10-21,0.0022571373484797513,0.9039,0.904,,,,,,,,,,,,,,,,,,
2020-10-22,0.0022730413767994315,0.90697,0.90752,,,,,,,,,,,,,,,,,,
2020-10-23,0.0022511274536738415,0.90461,0.90551,,,,,,,,,,,,,,,,,,
2020-10-26,0.0022280709321771683,0.90711,0.90696,,,,,,,,,,,,,,,,,,
2020-10-27,0.002204453734585743,0.90724,0.90654,,,,,,,,,,,,,,,,,,
2020-10-28,0.0021907621250095034,0.91217,0.90964,,,,,,,,,,,,,,,,,,
2020-10-29,0.002177360213901227,0.91287,0.91663,136.0,0.0034228819500066246,0.916,0.91594,0.91606,0.91624,177.0,0.004481273620954638,0.91697,0.91709,,,,,,,,
2020-10-30,0.002158194411462065,0.91436,0.91621,,,,,,,,,,,,,,,,,,
2020-11-02,0.002181475870952464,0.9188,0.92037,,,,,,,,,,,,,,,,,,
2020-11-03,0.002157980994687314,0.91515,0.91274,110.0,-0.003415101995817681,0.91203,0.91217,0.91209,0.91269,,,,,,,,,,,,
2020-11-04,0.0021396492406805844,0.91158,0.91276,,,,,,,,,,,,,,,,,,
2020-11-05,0.0021409431019459337,0.90577,0.906,,,,,,,,,,,,,,,,,,
2020-11-06,0.0021650464667074443,0.89859,0.89938,43.0,0.003366277113541725,0.90162,0.9016,0.90169,0.90141,,,,,,,,,,,,
2020-11-09,0.0022684731511617693,0.9068,0.91214,70.0,0.003533669828132107,0.91001,0.91035,0.91016,0.91078,72.0,0.004555114767157858,0.91094,0.91031,0.91067,0.91063,96.0,0.006112730394971558,0.91236,0.91189,0.91195,0.91254
2020-11-10,0.0022605422858416654,0.91546,0.91398,,,,,,,,,,,,,,,,,,
2020-11-11,0.0025622794225249957,0.91749,0.91733,,,,,,,,,,,,,,,,,,
2020-11-12,0.002543778344413514,0.91402,0.91524,,,,,,,,,,,,,,,,,,
2020-11-13,0.002517310523021512,0.91313,0.91334,,,,,,,,,,,,,,,,,,
2020-11-16,0.0024907992682860662,0.91432,0.91219,,,,,,,,,,,,,,,,,,
2020-11-17,0.0024450238344386373,0.9096,0.91063,,,,,,,,,,,,,,,,,,
2020-11-18,0.002417246606668817,0.91145,0.90972,,,,,,,,,,,,,,,,,,
2020-11-19,0.002395701816959573,0.91255,0.91214,,,,,,,,,,,,,,,,,,
2020-11-20,0.002368857309579033,0.91056,0.91163,,,,,,,,,,,,,,,,,,
2020-11-23,0.0023457792613563932,0.90779,0.91196,56.0,0.003584706176407034,0.91105,0.91071,0.91128,0.91252,70.0,0.005021574708864835,0.91236,0.91252,0.91285,0.91373,80.0,0.005919939088882812,0.91318,0.91337,0.91373,0.91365
2020-11-24,0.002297938000254787,0.91253,0.91257,,,,,,,,,,,,,,,,,,
2020-11-25,0.0022789431634347482,0.91066,0.908,,,,,,,,,,,,,,,,,,
2020-11-26,0.002257628253846319,0.90815,0.90664,,,,,,,,,,,,,,,,,,
2020-11-27,0.0022637110907235965,0.90662,0.90497,,,,,,,,,,,,,,,,,,
2020-12-01,0.002244132537665503,0.90392,0.90029,116.0,-0.0034465023338439596,0.90081,0.9014,0.9009,0.90067,,,,,,,,,,,,
2020-12-02,0.0022113317781171163,0.89653,0.89626,,,,,,,,,,,,,,,,,,
2020-12-03,0.0023251360999259145,0.89162,0.89133,,,,,,,,,,,,,,,,,,
2020-12-04,0.002362394444440685,0.89043,0.89035,,,,,,,,,,,,,,,,,,
2020-12-07,0.0023546185741284077,0.88967,0.88938,,,,,,,,,,,,,,,,,,
2020-12-08,0.0023062817310580677,0.88924,0.88873,,,,,,,,,,,,,,,,,,
2020-12-09,0.002281430047374686,0.88808,0.89031,,,,,,,,,,,,,,,,,,
2020-12-10,0.0022769932064710704,0.88688,0.88812,,,,,,,,,,,,,,,,,,
2020-12-11,0.0022539021761579362,0.88973,0.88959,,,,,,,,,,,,,,,,,,
2020-12-14,0.002250369992972854,0.88562,0.88608,117.0,0.0035167645974705903,0.88874,0.88859,0.88819,0.88781,,,,,,,,,,,,
2020-12-15,0.0022374614198593253,0.88726,0.88591,,,,,,,,,,,,,,,,,,
2020-12-16,0.00222483541904338,0.88578,0.88702,,,,,,,,,,,,,,,,,,
2020-12-17,0.002209099790121257,0.88416,0.88418,,,,,,,,,,,,,,,,,,
2020-12-18,0.0021890356925183306,0.885,0.88476,,,,,,,,,,,,,,,,,,
2020-12-21,0.0021689680548605075,0.8869,0.88532,,,,,,,,,,,,,,,,,,
2020-12-22,0.00218683480753864,0.88527,0.88922,115.0,0.003675728571972295,0.88853,0.889,0.88929,0.88895,117.0,0.004744339086426849,0.88948,0.8894,0.88921,0.88861,,,,,,
2020-12-23,0.0021658060920597883,0.89019,0.88831,44.0,-0.003285590254417066,0.88727,0.88758,0.88696,0.88795,,,,,,,,,,,,
2020-12-24,0.0021491737698009303,0.89037,0.89153,,,,,,,,,,,,,,,,,,
2020-12-28,0.0021285554893941375,0.88932,0.88991,,,,,,,,,,,,,,,,,,
2020-12-29,0.0020994974249203676,0.88552,0.88461,,,,,,,,,,,,,,,,,,
2020-12-30,0.0021017909718004813,0.88251,0.88288,,,,,,,,,,,,,,,,,,
2020-12-31,0.002143269620447064,0.8797,0.88499,101.0,0.003472422721330186,0.88276,0.8829,0.88309,0.88311,117.0,0.004344306782020549,0.88353,0.88393,0.88365,0.88439,133.0,0.005633753855828842,0.88467,0.88457,0.88463,0.88478
2021-01-04,0.00212381861068994,0.8791,0.88131,,,,,,,,,,,,,,,,,,
2021-01-05,0.002052722143629224,0.8803,0.87793,,,,,,,,,,,,,,,,,,
2021-01-06,0.0020792905745676926,0.87933,0.88091,,,,,,,,,,,,,,,,,,
2021-01-07,0.00206173664991804,0.88249,0.88486,77.0,0.003179113318511973,0.8853,0.88544,0.88577,0.8859,,,,,,,,,,,,
2021-01-08,0.0020340007783977605,0.88292,0.88596,76.0,0.0031324059741023526,0.88569,0.88586,0.88607,0.88557,,,,,,,,,,,,
2021-01-11,0.002182823073161155,0.89119,0.88917,,,,,,,,,,,,,,,,,,
2021-01-12,0.002167184994647243,0.89028,0.88898,,,,,,,,,,,,,,,,,,
2021-01-13,0.0021629692875161552,0.88836,0.88683,,,,,,,,,,,,,,,,,,
2021-01-14,0.0022284260846999766,0.89038,0.88656,161.0,-0.003499005060598205,0.88727,0.88734,0.88729,0.88708,,,,,,,,,,,,
2021-01-15,0.002204097844855008,0.88816,0.89018,,,,,,,,,,,,,,,,,,
2021-01-18,0.002174024949629015,0.89126,0.89119,,,,,,,,,,,,,,,,,,
2021-01-19,0.0021316002309077296,0.88729,0.8888,,,,,,,,,,,,,,,,,,
2021-01-20,0.0021060152683348822,0.89017,0.89021,,,,,,,,,,,,,,,,,,
2021-01-21,0.002106997385069694,0.88694,0.88626,,,,,,,,,,,,,,,,,,
2021-01-22,0.002080131212073122,0.88568,0.88599,,,,,,,,,,,,,,,,,,
2021-01-25,0.0021102093261830893,0.8869,0.88791,,,,,,,,,,,,,,,,,,
2021-01-26,0.0020531643353234857,0.88761,0.88713,,,,,,,,,,,,,,,,,,
2021-01-27,0.0020738806381647504,0.88862,0.88801,47.0,0.0031572173075787744,0.89143,0.89138,0.89112,0.89047,,,,,,,,,,,,
2021-01-28,0.002061775101474209,0.88874,0.88819,,,,,,,,,,,,,,,,,,
2021-01-29,0.0020602005616999867,0.88764,0.89049,105.0,0.0033740500326753125,0.89064,0.89052,0.88938,0.88933,,,,,,,,,,,,
2021-02-01,0.002034032328267472,0.89563,0.8966,,,,,,,,,,,,,,,,,,
2021-02-02,0.0019966388163900613,0.89707,0.89858,,,,,,,,,,,,,,,,,,
2021-02-03,0.002057791178292016,0.89855,0.89924,,,,,,,,,,,,,,,,,,
2021-02-04,0.002035302043108715,0.90246,0.90394,,,,,,,,,,,,,,,,,,
2021-02-05,0.0020240204976882076,0.90202,0.89981,,,,,,,,,,,,,,,,,,
2021-02-08,0.0020745682914160564,0.90036,0.89862,,,,,,,,,,,,,,,,,,
2021-02-09,0.0021459603588257522,0.8935,0.89266,,,,,,,,,,,,,,,,,,
2021-02-10,0.0021560523873812684,0.89028,0.8893,,,,,,,,,,,,,,,,,,
2021-02-11,0.0022129117419362574,0.88985,0.89051,,,,,,,,,,,,,,,,,,
2021-02-12,0.0021856906509008594,0.89366,0.8914,,,,,,,,,,,,,,,,,,
2021-02-15,0.002153955539449518,0.89072,0.89015,,,,,,,,,,,,,,,,,,
2021-02-16,0.002094414855029576,0.89203,0.89235,,,,,,,,,,,,,,,,,,
2021-02-17,0.002079632109955896,0.89798,0.8982,,,,,,,,,,,,,,,,,,
2021-02-18,0.0021103042034837064,0.8959,0.89633,,,,,,,,,,,,,,,,,,
2021-02-19,0.0022041812905310675,0.89458,0.89593,,,,,,,,,,,,,,,,,,
2021-02-22,0.0021964880913168446,0.89603,0.89542,,,,,,,,,,,,,,,,,,
2021-02-23,0.00214275990039222,0.90039,0.90375,,,,,,,,,,,,,,,,,,
2021-02-24,0.0021304262559630476,0.9078,0.90754,,,,,,,,,,,,,,,,,,
2021-02-25,0.0025067944834263607,0.90709,0.90476,80.0,-0.003976631514849514,0.90349,0.90304,0.90335,0.90403,,,,,,,,,,,,
2021-02-26,0.0024639606703973508,0.90568,0.90995,178.0,0.00385705160627187,0.90918,0.90934,,,,,,,,,,,,,,
2021-03-01,0.002421570747473135,0.91398,0.9147,,,,,,,,,,,,,,,,,,
2021-03-02,0.0023560277112167874,0.91781,0.91412,124.0,-0.003766030529489739,0.91436,0.91434,0.91451,0.91453,,,,,,,,,,,,
2021-03-03,0.002462326771262098,0.91768,0.91847,,,,,,,,,,,,,,,,,,
2021-03-04,0.002420019129081186,0.9236,0.92867,,,,,,,,,,,,,,,,,,
2021-03-05,0.002422261826527806,0.92845,0.9309,,,,,,,,,,,,,,,,,,
2021-03-08,0.0026726406497917794,0.93393,0.93567,,,,,,,,,,,,,,,,,,
2021-03-09,0.002581381909335797,0.93136,0.92864,,,,,,,,,,,,,,,,,,
2021-03-10,0.0025844700758583757,0.92912,0.93064,,,,,,,,,,,,,,,,,,
2021-03-11,0.0026397085396774127,0.92601,0.92511,,,,,,,,,,,,,,,,,,
2021-03-12,0.0025906244008582825,0.93107,0.92879,,,,,,,,,,,,,,,,,,
2021-03-15,0.0025832944042372243,0.92964,0.92773,,,,,,,,,,,,,,,,,,
2021-03-16,0.0025115516454096826,0.92594,0.92618,,,,,,,,,,,,,,,,,,
2021-03-17,0.0024842143306945627,0.92768,0.92792,,,,,,,,,,,,,,,,,,
2021-03-18,0.0024423202641800828,0.92797,0.92905,,,,,,,,,,,,,,,,,,
2021-03-19,0.0024124921537781643,0.93012,0.92985,,,,,,,,,,,,,,,,,,
2021-03-22,0.002408219411603035,0.92518,0.92322,,,,,,,,,,,,,,,,,,
2021-03-23,0.002333958366207624,0.93042,0.93311,,,,,,,,,,,,,,,,,,
2021-03-24,0.002379792061290521,0.93526,0.93604,,,,,,,,,,,,,,,,,,
2021-03-25,0.002627429790685911,0.9358,0.9396,178.0,0.004020545362712749,0.93957,0.9393,,,,,,,,,,,,,,
2021-03-26,0.0025848047568163635,0.94115,0.93928,,,,,,,,,,,,,,,,,,
2021-03-29,0.0025901576017470294,0.94005,0.93808,,,,,,,,,,,,,,,,,,
2021-03-30,0.00249961124224922,0.94192,0.94277,,,,,,,,,,,,,,,,,,
2021-03-31,0.0024550042961126264,0.94385,0.94162,,,,,,,,,,,,,,,,,,
2021-04-01,0.0024688886360656995,0.94552,0.94095,,,,,,,,,,,,,,,,,,
2021-04-02,0.0024286372514270337,0.94131,0.94186,,,,,,,,,,,,,,,,,,
2021-04-05,0.002419867948575074,0.94247,0.93592,105.0,-0.003635362649899774,0.93905,0.93885,0.93883,0.93827,121.0,-0.0048714172362907945,0.93789,0.9375,0.93669,0.93656,125.0,-0.0060556257953623994,0.93678,0.93669,0.93666,0.93612
2021-04-06,0.002341192739731672,0.93784,0.93253,88.0,-0.0035142287513860006,0.93455,0.935,0.93404,0.93429,143.0,-0.004702672084216225,0.93344,0.93359,0.93362,0.93375,,,,,,
2021-04-07,0.0023681453205898926,0.92916,0.92764,,,,,,,,,,,,,,,,,,
2021-04-08,0.0024547160174642527,0.92745,0.92492,,,,,,,,,,,,,,,,,,
2021-04-09,0.002419709427329652,0.92606,0.92489,,,,,,,,,,,,,,,,,,
2021-04-12,0.002442567786791394,0.92361,0.92275,,,,,,,,,,,,,,,,,,
2021-04-13,0.002387291347916548,0.92511,0.92121,45.0,-0.003638612246796145,0.92175,0.92178,0.92215,0.92244,,,,,,,,,,,,
2021-04-14,0.002358981285328144,0.92245,0.92286,,,,,,,,,,,,,,,,,,
2021-04-15,0.002371136179950682,0.92297,0.92262,,,,,,,,,,,,,,,,,,
2021-04-16,0.0023849375931417546,0.91913,0.91954,,,,,,,,,,,,,,,,,,
2021-04-19,0.0023466262864915324,0.91378,0.91559,,,,,,,,,,,,,,,,,,
2021-04-20,0.0023084018217857404,0.91506,0.9146,,,,,,,,,,,,,,,,,,
2021-04-21,0.0023989232588298368,0.91825,0.91676,,,,,,,,,,,,,,,,,,
2021-04-22,0.002364522293301709,0.9159,0.91836,,,,,,,,,,,,,,,,,,
2021-04-23,0.002325272573169168,0.91496,0.91504,,,,,,,,,,,,,,,,,,
2021-04-26,0.0022916796222716205,0.91559,0.91455,,,,,,,,,,,,,,,,,,
2021-04-27,0.00226122001551971,0.91294,0.91368,,,,,,,,,,,,,,,,,,
2021-04-28,0.002268975856972737,0.91496,0.91254,,,,,,,,,,,,,,,,,,
2021-04-29,0.00223733089706621,0.90898,0.90996,,,,,,,,,,,,,,,,,,
2021-04-30,0.0023110983085956375,0.91011,0.91264,,,,,,,,,,,,,,,,,,
2021-05-03,0.0022753118513313313,0.91472,0.91167,120.0,-0.0035483554917560755,0.91148,0.91129,0.9106,0.90999,130.0,-0.004777881839948324,0.91036,0.91034,0.90999,0.90965,151.0,-0.005777986329811715,0.90945,0.90951,0.90978,0.90983
2021-05-04,0.0022714873637308983,0.9137,0.91354,,,,,,,,,,,,,,,,,,
2021-05-05,0.0022370210552798055,0.91309,0.91286,,,,,,,,,,,,,,,,,,
2021-05-06,0.00220279191288905,0.90837,0.90975,,,,,,,,,,,,,,,,,,
2021-05-07,0.0021729567698823104,0.90885,0.90093,30.0,-0.0038695003054927146,0.90534,0.90507,0.90311,0.90297,32.0,-0.005074193226900516,0.90425,0.90443,0.90262,0.90361,34.0,-0.005450266145234254,0.90391,0.90311,0.90315,0.90277
2021-05-10,0.0022791923766164153,0.89915,0.89875,,,,,,,,,,,,,,,,,,
2021-05-11,0.0024073880360821016,0.90179,0.9024,,,,,,,,,,,,,,,,,,
2021-05-12,0.002370790807380106,0.90488,0.90883,152.0,0.003563178415108632,0.90811,0.90821,0.90793,0.9086,,,,,,,,,,,,
2021-05-13,0.0024219194281392396,0.90716,0.90701,,,,,,,,,,,,,,,,,,
2021-05-14,0.002408765916196305,0.90377,0.90212,,,,,,,,,,,,,,,,,,
2021-05-17,0.002387545962348309,0.90147,0.90171,,,,,,,,,,,,,,,,,,
2021-05-18,0.0023803156108599937,0.89729,0.89854,,,,,,,,,,,,,,,,,,
2021-05-19,0.0023403214120604606,0.90139,0.90041,,,,,,,,,,,,,,,,,,
2021-05-20,0.002354129834891058,0.90053,0.89866,,,,,,,,,,,,,,,,,,
2021-05-21,0.002428309311723707,0.89827,0.89885,,,,,,,,,,,,,,,,,,
2021-05-24,0.00253418331178501,0.89787,0.89722,,,,,,,,,,,,,,,,,,
2021-05-25,0.002445592878054309,0.89511,0.89704,,,,,,,,,,,,,,,,,,
2021-05-26,0.0024140542115709315,0.89621,0.89726,,,,,,,,,,,,,,,,,,
2021-05-27,0.0023766429298903487,0.89865,0.89776,,,,,,,,,,,,,,,,,,
2021-05-28,0.002354364699532794,0.90172,0.89953,,,,,,,,,,,,,,,,,,
2021-06-01,0.0023160039523307716,0.89861,0.89546,143.0,-0.003679097977985212,0.89531,0.89541,0.89537,0.89512,,,,,,,,,,,,
2021-06-02,0.002226166468362669,0.90122,0.89802,,,,,,,,,,,,,,,,,,
2021-06-03,0.0021992746251971534,0.89925,0.90495,95.0,0.0034303065958433527,0.90234,0.90257,0.90269,0.90345,108.0,0.004504712037994167,0.90331,0.90337,0.90335,0.90276,135.0,0.005600081170701194,0.9043,0.90446,0.90415,0.90439
2021-06-04,0.00217296163122686,0.90406,0.89911,30.0,-0.0038012114325056165,0.90063,0.90078,0.90081,0.90037,32.0,-0.004512077719619066,0.89999,0.90049,0.90155,0.90052,55.0,-0.005456978936587942,0.89914,0.89899,0.89939,0.89925
2021-06-07,0.00225713237067955,0.89894,0.89681,,,,,,,,,,,,,,,,,,
2021-06-08,0.0022979427750349003,0.89611,0.89649,,,,,,,,,,,,,,,,,,
2021-06-09,0.002274329915099223,0.89523,0.89589,,,,,,,,,,,,,,,,,,
2021-06-10,0.0022437088723307086,0.8963,0.89508,,,,,,,,,,,,,,,,,,
2021-06-11,0.0022094623300303474,0.89717,0.89938,,,,,,,,,,,,,,,,,,
2021-06-14,0.002196171979936249,0.89833,0.89924,,,,,,,,,,,,,,,,,,
2021-06-15,0.0021860200837839484,0.90021,0.89856,,,,,,,,,,,,,,,,,,
2021-06-16,0.002155359474081747,0.89946,0.89867,,,,,,,,,,,,,,,,,,
2021-06-17,0.0021242434371453417,0.91537,0.91745,,,,,,,,,,,,,,,,,,
2021-06-18,0.0023599808163519264,0.9186,0.92143,77.0,0.0038462839555824515,0.92214,0.92179,0.92176,0.92166,177.0,0.004886799104412924,0.9231,0.9229,,,,,,,,
2021-06-21,0.0025861164774944895,0.92108,0.91835,,,,,,,,,,,,,,,,,,
2021-06-22,0.002570528333062889,0.92014,0.91993,,,,,,,,,,,,,,,,,,
2021-06-23,0.0025484795864174,0.918,0.91713,,,,,,,,,,,,,,,,,,
2021-06-24,0.0025026685292973035,0.91896,0.91884,,,,,,,,,,,,,,,,,,
2021-06-25,0.002458468494244305,0.9172,0.91763,,,,,,,,,,,,,,,,,,
2021-06-28,0.002423624392776922,0.92113,0.91847,,,,,,,,,,,,,,,,,,
2021-06-29,0.002355311134558362,0.92213,0.92007,,,,,,,,,,,,,,,,,,
2021-06-30,0.0023249594819523146,0.92286,0.92528,,,,,,,,,,,,,,,,,,
2021-07-01,0.0022892419940536536,0.925,0.92532,,,,,,,,,,,,,,,,,,
2021-07-02,0.002321455373940847,0.92558,0.92244,62.0,-0.0035174909502631666,0.92233,0.92276,0.92253,0.9229,,,,,,,,,,,,
2021-07-05,0.0022851808850378897,0.92138,0.92186,,,,,,,,,,,,,,,,,,
2021-07-06,0.0023463068099001242,0.92285,0.92457,,,,,,,,,,,,,,,,,,
2021-07-07,0.0023140745494998056,0.92353,0.92518,,,,,,,,,,,,,,,,,,
2021-07-08,0.0023084467602199725,0.91704,0.91536,174.0,-0.003572193157403485,0.91377,0.9138,0.91391,,,,,,,,,,,,,
2021-07-09,0.0022781388782175055,0.91523,0.91513,,,,,,,,,,,,,,,,,,
2021-07-12,0.002541896376933705,0.91653,0.91548,,,,,,,,,,,,,,,,,,
2021-07-13,0.0024653703568753194,0.91697,0.91643,,,,,,,,,,,,,,,,,,
2021-07-14,0.0024221211698624077,0.91846,0.91542,,,,,,,,,,,,,,,,,,
2021-07-15,0.0024284124543756218,0.91694,0.91864,,,,,,,,,,,,,,,,,,
2021-07-16,0.002416232355644851,0.92004,0.9193,,,,,,,,,,,,,,,,,,
2021-07-19,0.002414438859354054,0.921,0.91775,86.0,-0.0036439819508258414,0.91765,0.91732,0.91699,0.91685,104.0,-0.005017998000891847,0.91639,0.91651,0.91649,0.91672,,,,,,
2021-07-20,0.0023351396844319707,0.91972,0.9217,173.0,0.0035274553722683282,0.92297,0.92277,0.92264,,,,,,,,,,,,,
2021-07-21,0.0022987900472786105,0.92182,0.918,165.0,-0.0034556612635123266,0.91864,0.91849,0.91854,0.91879,,,,,,,,,,,,
2021-07-22,0.002291723058630907,0.91836,0.91982,,,,,,,,,,,,,,,,,,
2021-07-23,0.0023035074851831343,0.92117,0.92103,,,,,,,,,,,,,,,,,,
2021-07-26,0.002278367360017856,0.91808,0.91588,,,,,,,,,,,,,,,,,,
2021-07-27,0.00220881566506698,0.91587,0.91356,,,,,,,,,,,,,,,,,,
2021-07-28,0.0022172329022201866,0.91474,0.91349,,,,,,,,,,,,,,,,,,
2021-07-29,0.0021879457345197364,0.90855,0.90623,,,,,,,,,,,,,,,,,,
2021-07-30,0.002248427147152979,0.90604,0.90613,,,,,,,,,,,,,,,,,,
2021-08-02,0.002234471039646299,0.9052,0.90519,,,,,,,,,,,,,,,,,,
2021-08-03,0.0021792313091906082,0.90289,0.90472,,,,,,,,,,,,,,,,,,
2021-08-04,0.002147285882439566,0.90444,0.90636,,,,,,,,,,,,,,,,,,
2021-08-05,0.002129929300726717,0.90522,0.90697,,,,,,,,,,,,,,,,,,
2021-08-06,0.002150580387048784,0.90863,0.91421,106.0,0.0034168910999496523,0.91174,0.91199,0.91216,0.91245,122.0,0.004315866109788087,0.91256,0.91264,0.91216,0.9131,141.0,0.00544392252270468,0.91359,0.91367,0.91343,0.91354
2021-08-09,0.002122026821135637,0.91681,0.91919,,,,,,,,,,,,,,,,,,
2021-08-10,0.002190281860529902,0.92253,0.92276,,,,,,,,,,,,,,,,,,
2021-08-11,0.002240141369811909,0.92339,0.92153,,,,,,,,,,,,,,,,,,
2021-08-12,0.0022216251323219087,0.92216,0.92296,,,,,,,,,,,,,,,,,,
2021-08-13,0.0021884185434471524,0.92078,0.91608,133.0,-0.0034268776634872543,0.91763,0.9176,0.91644,0.91726,137.0,-0.004484507689730164,0.91666,0.91644,0.91653,0.9172,,,,,,
2021-08-16,0.002161221305970896,0.91405,0.91238,179.0,-0.0032655416062145003,0.91107,0.91116,,,,,,,,,,,,,,
2021-08-17,0.0022989272176897045,0.9107,0.91454,165.0,0.003452909626678305,0.91385,0.91366,0.91395,0.91444,,,,,,,,,,,,
2021-08-18,0.0022775713217984056,0.91516,0.9177,,,,,,,,,,,,,,,,,,
2021-08-19,0.002243427787214957,0.91649,0.91749,,,,,,,,,,,,,,,,,,
2021-08-20,0.0023208370468162614,0.91799,0.91767,,,,,,,,,,,,,,,,,,
2021-08-23,0.00229651770940996,0.91699,0.91373,91.0,-0.0034629515546614805,0.91382,0.91414,0.91399,0.91431,176.0,-0.004656458580900322,0.91273,0.91288,,,,,,,,
2021-08-24,0.002230542801002767,0.91249,0.9131,,,,,,,,,,,,,,,,,,
2021-08-25,0.0022260432857621093,0.91432,0.91376,,,,,,,,,,,,,,,,,,
2021-08-26,0.002204869669151021,0.91675,0.91745,,,,,,,,,,,,,,,,,,
2021-08-27,0.00217271199837518,0.9175,0.91209,122.0,-0.0032641772204667083,0.91451,0.91555,0.9151,0.91343,135.0,-0.004610065080308388,0.91328,0.91322,0.91391,0.91455,,,,,,
2021-08-30,0.002168693819429621,0.9149,0.91723,144.0,0.003339047000921324,0.91796,0.91778,0.91836,0.91722,,,,,,,,,,,,
2021-08-31,0.002237153583301838,0.91279,0.91606,177.0,0.003805237880825365,0.91627,0.91604,,,,,,,,,,,,,,
2021-09-01,0.0023079459633102814,0.91736,0.91449,166.0,-0.003570944852246191,0.91409,0.91411,0.914,,,,,,,,,,,,,
2021-09-02,0.002277665741069511,0.91497,0.91566,,,,,,,,,,,,,,,,,,
2021-09-03,0.0022564901426882365,0.91499,0.91365,32.0,-0.0035692426435302957,0.91173,0.91185,0.91432,0.91497,,,,,,,,,,,,
2021-09-06,0.0022265403125303674,0.91623,0.91561,,,,,,,,,,,,,,,,,,
2021-09-07,0.002166711563695499,0.91497,0.91806,146.0,0.0035457354720253046,0.91822,0.91821,0.9184,0.91764,,,,,,,,,,,,
2021-09-08,0.0021386429910598566,0.92117,0.92209,,,,,,,,,,,,,,,,,,
2021-09-09,0.002213854088737829,0.91729,0.91738,,,,,,,,,,,,,,,,,,
2021-09-10,0.002185451946640364,0.91709,0.91804,,,,,,,,,,,,,,,,,,
2021-09-13,0.0022100814812305684,0.92376,0.92135,126.0,-0.003361493498305972,0.92066,0.92056,0.92059,0.92093,,,,,,,,,,,,
2021-09-14,0.002155858082881366,0.92187,0.91927,55.0,-0.0038147451748326323,0.91836,0.91869,0.91874,0.9185,,,,,,,,,,,,
2021-09-15,0.002157368694038986,0.91717,0.91968,,,,,,,,,,,,,,,,,,
2021-09-16,0.002139651139414628,0.92494,0.92509,,,,,,,,,,,,,,,,,,
2021-09-17,0.002109087518389336,0.92747,0.93098,150.0,0.003175648159110725,0.93042,0.93065,0.93069,0.93042,,,,,,,,,,,,
2021-09-20,0.002282367200502953,0.92965,0.92752,,,,,,,,,,,,,,,,,,
2021-09-21,0.002285724982406754,0.92393,0.92352,,,,,,,,,,,,,,,,,,
2021-09-22,0.0023236783954234813,0.9223,0.92237,,,,,,,,,,,,,,,,,,
2021-09-23,0.00232568762273889,0.92499,0.92443,,,,,,,,,,,,,,,,,,
2021-09-24,0.0023143383871638717,0.9243,0.92472,,,,,,,,,,,,,,,,,,
2021-09-27,0.0022947850412143446,0.92771,0.92577,,,,,,,,,,,,,,,,,,
2021-09-28,0.0022326754686935236,0.92746,0.92819,,,,,,,,,,,,,,,,,,
2021-09-29,0.0022004935268272294,0.92947,0.93338,143.0,0.0035226808775217864,0.93275,0.93255,0.9323,0.93279,,,,,,,,,,,,
2021-09-30,0.0021982716221517888,0.9356,0.93386,,,,,,,,,,,,,,,,,,
2021-10-01,0.002220019341978867,0.93039,0.92983,,,,,,,,,,,,,,,,,,
2021-10-04,0.0021936045517536103,0.92603,0.92478,,,,,,,,,,,,,,,,,,
2021-10-05,0.0021355593667453767,0.92647,0.92723,,,,,,,,,,,,,,,,,,
2021-10-06,0.002192208177807196,0.92927,0.92786,,,,,,,,,,,,,,,,,,
2021-10-07,0.002190845409334499,0.92622,0.92792,,,,,,,,,,,,,,,,,,
2021-10-08,0.0021601846986109403,0.92875,0.92716,,,,,,,,,,,,,,,,,,
2021-10-11,0.0021334798085761177,0.92652,0.92688,,,,,,,,,,,,,,,,,,
2021-10-12,0.0020980891987965587,0.928,0.9303,,,,,,,,,,,,,,,,,,
2021-10-13,0.0020726191004681958,0.92731,0.92605,,,,,,,,,,,,,,,,,,
2021-10-14,0.002054140818693548,0.92054,0.9231,177.0,0.0031778596274291597,0.92347,0.92369,,,,,,,,,,,,,,
2021-10-15,0.0021376479503044657,0.92434,0.92415,,,,,,,,,,,,,,,,,,
2021-10-18,0.002107727965946175,0.92434,0.92316,,,,,,,,,,,,,,,,,,
2021-10-19,0.002066440099363177,0.91921,0.9228,,,,,,,,,,,,,,,,,,
2021-10-20,0.002053473280472013,0.92417,0.91984,96.0,-0.0031537391414702973,0.92126,0.92093,0.92087,0.92118,140.0,-0.004109409160557379,0.92038,0.92034,0.9202,0.9203,,,,,,
2021-10-21,0.0020461633051578575,0.9185,0.91729,,,,,,,,,,,,,,,,,,
2021-10-22,0.0021255504374352104,0.91755,0.91667,,,,,,,,,,,,,,,,,,
2021-10-25,0.0021004716866815485,0.91939,0.91929,,,,,,,,,,,,,,,,,,
2021-10-26,0.002073462417597435,0.91947,0.92049,,,,,,,,,,,,,,,,,,
2021-10-27,0.0021175596332118343,0.91911,0.9181,,,,,,,,,,,,,,,,,,
2021-10-28,0.002091060251746439,0.91871,0.91237,89.0,-0.0033472378404954565,0.91564,0.91542,0.91572,0.91591,118.0,-0.004374369501980934,0.9147,0.91475,0.9146,0.91393,128.0,-0.005271240358017585,0.91388,0.91393,0.91393,0.91305
2021-10-29,0.002077455711906403,0.91103,0.91648,173.0,0.0031781545250241126,0.91393,0.91403,0.91355,,,,,,,,,,,,,
2021-11-01,0.0021896528102706148,0.91273,0.9109,,,,,,,,,,,,,,,,,,
2021-11-02,0.0021794738371669346,0.91295,0.91468,,,,,,,,,,,,,,,,,,
2021-11-03,0.0022990234967679743,0.9121,0.91314,,,,,,,,,,,,,,,,,,
2021-11-04,0.002308235572839944,0.91281,0.91315,,,,,,,,,,,,,,,,,,
2021-11-05,0.002276819603048301,0.91711,0.91178,146.0,-0.0036594665252191903,0.91376,0.91386,0.91393,0.91307,,,,,,,,,,,,
2021-11-08,0.0022433798191624182,0.9154,0.91351,,,,,,,,,,,,,,,,,,
2021-11-09,0.0021881089055548974,0.91291,0.91121,,,,,,,,,,,,,,,,,,
2021-11-10,0.0021597887662722515,0.91222,0.91656,90.0,0.003611020808051277,0.91552,0.9161,0.91571,0.91644,92.0,0.004495372750394048,0.91633,0.916,0.91601,0.91633,,,,,,
2021-11-11,0.002129281192184327,0.92213,0.92106,,,,,,,,,,,,,,,,,,
2021-11-12,0.00224085479730421,0.92277,0.92079,,,,,,,,,,,,,,,,,,
2021-11-15,0.002252645245192521,0.92036,0.9234,,,,,,,,,,,,,,,,,,
2021-11-16,0.002196360089788214,0.92701,0.93067,,,,,,,,,,,,,,,,,,
2021-11-17,0.0022337828257737997,0.93175,0.92839,178.0,-0.0034510782575926926,0.92854,0.92874,,,,,,,,,,,,,,
2021-11-18,0.002385280513218099,0.9275,0.92544,,,,,,,,,,,,,,,,,,
2021-11-19,0.002387118935580677,0.9262,0.92829,,,,,,,,,,,,,,,,,,
2021-11-22,0.0023542325578620126,0.92793,0.93183,109.0,0.0035499940464244093,0.93123,0.93121,0.93148,0.93133,,,,,,,,,,,,
2021-11-23,0.0022884431637207074,0.93336,0.93319,,,,,,,,,,,,,,,,,,
2021-11-24,0.0022954243843945296,0.93522,0.93514,,,,,,,,,,,,,,,,,,
2021-11-25,0.002261740731444,0.93367,0.93574,,,,,,,,,,,,,,,,,,
2021-11-26,0.0022272650546935895,0.92573,0.9227,111.0,-0.0034627197444590564,0.92253,0.92227,0.9222,0.92221,,,,,,,,,,,,
2021-11-29,0.0021947842832259587,0.92599,0.92452,,,,,,,,,,,,,,,,,,
2021-11-30,0.0025057650633191065,0.91757,0.92018,107.0,0.0038723059209683545,0.92113,0.92107,0.92327,0.92561,111.0,0.005477738702034349,0.92261,0.92327,0.92426,0.92345,113.0,0.007448460060569114,0.92443,0.92318,0.92563,0.92229
2021-12-01,0.002496000545720671,0.91923,0.91912,,,,,,,,,,,,,,,,,,
2021-12-02,0.002468342137342501,0.9189,0.92074,,,,,,,,,,,,,,,,,,
2021-12-03,0.002425635349424515,0.91991,0.91807,,,,,,,,,,,,,,,,,,
2021-12-06,0.0023847128129160255,0.92226,0.92633,110.0,0.0036474072981485194,0.92563,0.92563,0.92601,0.92581,,,,,,,,,,,,
2021-12-07,0.002424958580175894,0.92666,0.92647,,,,,,,,,,,,,,,,,,
2021-12-08,0.0024282462846613173,0.92282,0.92073,,,,,,,,,,,,,,,,,,
2021-12-09,0.002388616403043191,0.92317,0.92492,,,,,,,,,,,,,,,,,,
2021-12-10,0.0023810403104085505,0.92303,0.92027,,,,,,,,,,,,,,,,,,
2021-12-13,0.0023817875292058968,0.92288,0.92173,,,,,,,,,,,,,,,,,,
2021-12-14,0.00234800606490037,0.91987,0.92292,100.0,0.003602708095228409,0.92319,0.92343,0.92353,0.9237,153.0,0.004782700329445719,0.92428,0.92429,0.92378,0.92375,,,,,,
2021-12-15,0.0023160205452778565,0.9244,0.92658,,,,,,,,,,,,,,,,,,
2021-12-16,0.0022826675564639617,0.92044,0.92067,,,,,,,,,,,,,,,,,,
2021-12-17,0.0022496633631130924,0.92059,0.92347,,,,,,,,,,,,,,,,,,
2021-12-20,0.002350063391218657,0.92179,0.9213,,,,,,,,,,,,,,,,,,
2021-12-21,0.00233482969444778,0.9226,0.92509,,,,,,,,,,,,,,,,,,
2021-12-22,0.00230960834630608,0.92188,0.9198,,,,,,,,,,,,,,,,,,
2021-12-23,0.002291456986125706,0.91995,0.9175,,,,,,,,,,,,,,,,,,
2021-12-24,0.002336983181604705,0.9184,0.91888,,,,,,,,,,,,,,,,,,
2021-12-27,0.002314578628732874,0.91908,0.91779,,,,,,,,,,,,,,,,,,
2021-12-28,0.002263308443289562,0.91634,0.91708,,,,,,,,,,,,,,,,,,
2021-12-29,0.0022449901430879157,0.91693,0.91467,71.0,-0.0034412912024861086,0.91378,0.91378,0.91359,0.91375,102.0,-0.004514334917005097,0.9128,0.91294,0.91298,0.91329,,,,,,
2021-12-30,0.0022109120465825284,0.91661,0.91429,54.0,-0.0033220806651169856,0.91357,0.9135,0.9136,0.91344,,,,,,,,,,,,
2021-12-31,0.0021876845340727366,0.91157,0.91112,,,,,,,,,,,,,,,,,,
2022-01-03,0.0021658253022040596,0.91473,0.91917,49.0,0.0032524968097751594,0.91771,0.91803,0.91809,0.91834,85.0,0.004613656074090598,0.91896,0.91916,0.91974,0.91932,89.0,0.005462081643013023,0.91974,0.91974,0.91986,0.91918
2022-01-04,0.0021486609325866283,0.91728,0.91549,101.0,-0.003243086720399719,0.91431,0.91433,0.91438,0.91406,,,,,,,,,,,,
2022-01-05,0.002162695028121808,0.91571,0.9162,,,,,,,,,,,,,,,,,,
2022-01-06,0.0021401789853657807,0.91849,0.92049,,,,,,,,,,,,,,,,,,
2022-01-07,0.002115721684289848,0.92255,0.91884,125.0,-0.0031919078648186294,0.91961,0.91973,0.91988,0.92011,,,,,,,,,,,,
2022-01-10,0.0021335663363970542,0.92532,0.92609,,,,,,,,,,,,,,,,,,
2022-01-11,0.00211551833271487,0.92708,0.92464,131.0,-0.0032195708403641014,0.9241,0.92413,0.92368,0.92361,,,,,,,,,,,,
2022-01-12,0.0022271846436269314,0.91948,0.91339,87.0,-0.0033553422768757796,0.9164,0.91652,0.91653,0.9157,105.0,-0.004556412465482597,0.9153,0.91506,0.91485,0.91536,150.0,-0.005682360211473042,0.91427,0.91423,0.9145,0.91354
2022-01-13,0.002225006842567521,0.91022,0.91053,,,,,,,,,,,,,,,,,,
2022-01-14,0.0024606322010061387,0.91149,0.91405,,,,,,,,,,,,,,,,,,
2022-01-17,0.002474137582070294,0.91412,0.91399,,,,,,,,,,,,,,,,,,
2022-01-18,0.002417143092347175,0.91504,0.91737,,,,,,,,,,,,,,,,,,
2022-01-19,0.0023743647544095837,0.91604,0.91576,,,,,,,,,,,,,,,,,,
2022-01-20,0.0023370752822087005,0.91457,0.91667,,,,,,,,,,,,,,,,,,
2022-01-21,0.0022979286205218855,0.91193,0.91166,,,,,,,,,,,,,,,,,,
2022-01-24,0.002258665094666902,0.91358,0.91311,,,,,,,,,,,,,,,,,,
2022-01-25,0.002296378373637075,0.91851,0.91912,,,,,,,,,,,,,,,,,,
2022-01-26,0.002266969596918332,0.92031,0.92078,,,,,,,,,,,,,,,,,,
2022-01-27,0.0022480726049562277,0.9315,0.9314,,,,,,,,,,,,,,,,,,
2022-01-28,0.002373622736879817,0.9302,0.93115,,,,,,,,,,,,,,,,,,
2022-01-31,0.002445947337267973,0.92961,0.92978,,,,,,,,,,,,,,,,,,
2022-02-01,0.002360643519503986,0.92156,0.92182,,,,,,,,,,,,,,,,,,
2022-02-02,0.002434699029732234,0.91995,0.91811,,,,,,,,,,,,,,,,,,
2022-02-03,0.0024489664751097848,0.9195,0.91948,,,,,,,,,,,,,,,,,,
2022-02-04,0.0024096833219357933,0.92465,0.92509,,,,,,,,,,,,,,,,,,
2022-02-07,0.002365339865633042,0.92351,0.92463,,,,,,,,,,,,,,,,,,
2022-02-08,0.0023862895655354104,0.9239,0.92474,,,,,,,,,,,,,,,,,,
2022-02-09,0.002344659651041697,0.92257,0.92327,,,,,,,,,,,,,,,,,,
2022-02-10,0.002303571301441959,0.92782,0.92397,73.0,-0.0035630645467270012,0.92452,0.92467,0.92484,0.92495,92.0,-0.004851048056760626,0.92333,0.9235,0.92346,0.92348,,,,,,
2022-02-11,0.002265606520635064,0.92642,0.92572,,,,,,,,,,,,,,,,,,
2022-02-14,0.0022649423018994523,0.92563,0.9255,,,,,,,,,,,,,,,,,,
2022-02-15,0.0022120854618591515,0.92312,0.92604,52.0,0.0033525505353927004,0.92622,0.92618,0.92703,0.92666,,,,,,,,,,,,
2022-02-16,0.0021973612206438523,0.92415,0.92187,,,,,,,,,,,,,,,,,,
2022-02-17,0.0021719651186350815,0.92003,0.92026,,,,,,,,,,,,,,,,,,
2022-02-18,0.0021805245705350815,0.92039,0.92099,,,,,,,,,,,,,,,,,,
2022-02-21,0.0021492501002942106,0.91715,0.9153,,,,,,,,,,,,,,,,,,
2022-02-22,0.0020907132001433608,0.91972,0.92074,89.0,0.0032457163907333676,0.92271,0.92268,0.92236,0.92231,,,,,,,,,,,,
2022-02-23,0.0021133665031687347,0.91822,0.91812,,,,,,,,,,,,,,,,,,
2022-02-24,0.0021561463645492157,0.92338,0.92598,82.0,0.0032868447798116555,0.92642,0.92616,0.92648,0.92535,118.0,0.005066310223565337,0.92807,0.92837,0.92817,0.92699,120.0,0.0054864488754984685,0.92846,0.92874,0.92798,0.92639
2022-02-25,0.0021349127114439594,0.92719,0.92762,,,,,,,,,,,,,,,,,,
2022-02-28,0.0021714166500712696,0.91896,0.91857,,,,,,,,,,,,,,,,,,
2022-03-01,0.002127391130468804,0.91912,0.91974,,,,,,,,,,,,,,,,,,
2022-03-02,0.002335547393380505,0.91987,0.92219,105.0,0.0038301543620285904,0.9234,0.92357,0.92356,0.92301,,,,,,,,,,,,
2022-03-03,0.002298733301524272,0.91999,0.9198,,,,,,,,,,,,,,,,,,
2022-03-04,0.002265519677572488,0.91992,0.91849,,,,,,,,,,,,,,,,,,
2022-03-07,0.002242189092329099,0.92459,0.92642,,,,,,,,,,,,,,,,,,
2022-03-08,0.0022559159062324453,0.92797,0.92889,,,,,,,,,,,,,,,,,,
2022-03-09,0.002322761908110402,0.92786,0.92573,,,,,,,,,,,,,,,,,,
2022-03-10,0.0023176407772916023,0.93066,0.93037,110.0,-0.0036168740585342013,0.9273,0.92751,0.92769,0.92715,,,,,,,,,,,,
2022-03-11,0.002278909805906835,0.93134,0.93389,,,,,,,,,,,,,,,,,,
2022-03-14,0.002258354892360253,0.9351,0.93617,,,,,,,,,,,,,,,,,,
2022-03-15,0.0022477165234381083,0.9393,0.94196,,,,,,,,,,,,,,,,,,
2022-03-16,0.002229051095268524,0.94067,0.94232,,,,,,,,,,,,,,,,,,
2022-03-17,0.0022003863240920548,0.94036,0.93393,104.0,-0.0033874144260704975,0.93718,0.93748,0.93744,0.93723,164.0,-0.004422970382581103,0.93621,0.93617,0.93637,0.93497,177.0,-0.005619999329019765,0.93509,0.9351,,
2022-03-18,0.002167084290156687,0.93628,0.93249,,,,,,,,,,,,,,,,,,
2022-03-21,0.002182108357677337,0.93097,0.93152,,,,,,,,,,,,,,,,,,
2022-03-22,0.002208470426267411,0.93213,0.93305,,,,,,,,,,,,,,,,,,
2022-03-23,0.0021849613511652614,0.93429,0.93128,,,,,,,,,,,,,,,,,,
2022-03-24,0.0021568097993268243,0.93089,0.93179,,,,,,,,,,,,,,,,,,
2022-03-25,0.002140608629002228,0.92733,0.93029,174.0,0.003305111931941406,0.9304,0.93053,0.93083,,,,,,,,,,,,,
2022-03-28,0.002181293973185884,0.93606,0.93452,,,,,,,,,,,,,,,,,,
2022-03-29,0.0021805146770316076,0.93468,0.93037,98.0,-0.003289952546587143,0.93161,0.93191,0.93198,0.93103,115.0,-0.004385431122471954,0.93059,0.93065,0.93057,0.93055,,,,,,
2022-03-30,0.002147620730615687,0.92675,0.92342,118.0,-0.003318150718218193,0.92368,0.92359,0.92366,0.92374,143.0,-0.004444716113158325,0.92264,0.92257,0.92246,0.9223,,,,,,
2022-03-31,0.002186272376470417,0.9251,0.92121,162.0,-0.0033457702925116265,0.92201,0.92215,0.92181,0.92013,175.0,-0.005539039358478512,0.91999,0.91998,0.92017,,175.0,-0.005539039358478512,0.91999,0.91998,0.92017,
2022-04-01,0.0022363544464546227,0.9245,0.9256,151.0,0.0036278085092290384,0.92786,0.9279,0.92742,0.92716,,,,,,,,,,,,
2022-04-04,0.002203186444497085,0.92765,0.92574,177.0,-0.0033257419084950584,0.92457,0.92449,,,,,,,,,,,,,,
2022-04-05,0.0021402223269962792,0.92505,0.92921,149.0,0.003227045199937893,0.92804,0.92806,0.92878,0.92906,157.0,0.004357822379653382,0.92909,0.92888,0.92936,0.92851,,,,,,
2022-04-06,0.0021087033822863557,0.93298,0.93258,,,,,,,,,,,,,,,,,,
2022-04-07,0.002146240183747289,0.93275,0.93323,,,,,,,,,,,,,,,,,,
2022-04-08,0.0021277143042774363,0.93485,0.9333,,,,,,,,,,,,,,,,,,
2022-04-11,0.002119536016008955,0.93379,0.93091,175.0,-0.0032608607954207835,0.93075,0.93106,0.93085,,,,,,,,,,,,,
2022-04-12,0.0020778369780614565,0.9324,0.93013,54.0,-0.0031688938084490272,0.92945,0.9291,0.92905,0.92898,,,,,,,,,,,,
2022-04-13,0.0021321232133491605,0.93429,0.93339,,,,,,,,,,,,,,,,,,
2022-04-14,0.002104638840116625,0.93749,0.94248,103.0,0.003354403532934837,0.94064,0.94061,0.94064,0.9421,110.0,0.004416944806372217,0.94164,0.94183,0.94202,0.94293,113.0,0.005637473181277951,0.94279,0.94224,0.9421,0.94264
2022-04-15,0.002076068929748456,0.94205,0.943,,,,,,,,,,,,,,,,,,
2022-04-18,0.002452182068296558,0.94264,0.94407,,,,,,,,,,,,,,,,,,
2022-04-19,0.0023703084556973937,0.94672,0.94822,,,,,,,,,,,,,,,,,,
2022-04-20,0.0023453574475287412,0.94681,0.94702,,,,,,,,,,,,,,,,,,
2022-04-21,0.0024312534417361567,0.94937,0.95327,,,,,,,,,,,,,,,,,,
2022-04-22,0.0023875589428967907,0.95468,0.95867,,,,,,,,,,,,,,,,,,
2022-04-25,0.0023668882394150682,0.95622,0.9583,,,,,,,,,,,,,,,,,,
2022-04-26,0.0023070171390348177,0.95849,0.96125,,,,,,,,,,,,,,,,,,
2022-04-27,0.002269953817498636,0.96634,0.96935,159.0,0.0034091294291205138,0.96964,0.96952,0.96969,0.96956,,,,,,,,,,,,
2022-04-28,0.002326735305367258,0.9735,0.97214,,,,,,,,,,,,,,,,,,
2022-04-29,0.002402532406741809,0.97102,0.9724,167.0,-0.003972783951743794,0.96717,0.96734,0.96935,,,,,,,,,,,,,
2022-05-02,0.0023799880327665304,0.97436,0.977,,,,,,,,,,,,,,,,,,
2022-05-03,0.0023045158070483344,0.97403,0.97862,137.0,0.0037096287827291384,0.97765,0.97733,0.97696,0.97589,,,,,,,,,,,,
2022-05-04,0.0022953310423717765,0.97999,0.98302,135.0,0.0035651024783236655,0.98349,0.98308,0.98272,0.98326,,,,,,,,,,,,
2022-05-05,0.0022762705374373277,0.9808,0.98754,109.0,0.00343008117592813,0.98417,0.98388,0.98394,0.98422,166.0,0.005247220646468327,0.98596,0.98609,0.98536,,,,,,,
2022-05-06,0.0024081508227721347,0.98593,0.98567,,,,,,,,,,,,,,,,,,
2022-05-09,0.0029557402773762948,0.99205,0.99274,177.0,0.004465595239087614,0.99649,0.99643,,,,,,,,,,,,,,
2022-05-10,0.002855721207947321,0.99326,0.99486,,,,,,,,,,,,,,,,,,
2022-05-11,0.0027937056489697513,0.9899,0.99087,37.0,0.004706555020418104,0.99457,0.99489,0.99384,0.99568,50.0,0.005671330734667122,0.99553,0.99599,0.99591,0.99415,,,,,,
2022-05-12,0.0027744983760660696,0.99743,1.00048,,,,,,,,,,,,,,,,,,
2022-05-13,0.0027158041517341184,0.99969,1.00155,89.0,0.00437178801460398,1.00407,1.00409,1.00411,1.00314,,,,,,,,,,,,
2022-05-16,0.002789290029252306,1.00481,1.00277,,,,,,,,,,,,,,,,,,
2022-05-17,0.002682503869586925,0.99243,0.99332,,,,,,,,,,,,,,,,,,
2022-05-18,0.0026286980111286935,0.9972,0.99056,135.0,-0.004009229600511994,0.99321,0.99347,0.9936,0.99227,163.0,-0.0061157348419193965,0.99112,0.9908,0.99076,0.98934,165.0,-0.006802062812500791,0.99044,0.99064,0.99083,0.98941
2022-05-19,0.0027333779105207802,0.97631,0.97296,105.0,-0.00483596180440376,0.9716,0.97153,0.97182,0.97154,,,,,,,,,,,,
2022-05-20,0.002820632136319328,0.97212,0.97481,,,,,,,,,,,,,,,,,,
2022-05-23,0.003227469251190328,0.96786,0.96639,25.0,-0.004919817067052955,0.96311,0.96534,0.9663,0.96565,,,,,,,,,,,,
2022-05-24,0.0030905525331049472,0.96445,0.96004,108.0,-0.004905995766565966,0.95973,0.96011,0.96042,0.95776,123.0,-0.006960766005915204,0.95776,0.95789,0.95861,0.95929,,,,,,
2022-05-25,0.0030751596623750897,0.96347,0.96353,,,,,,,,,,,,,,,,,,
2022-05-26,0.003052628682722736,0.96029,0.95938,,,,,,,,,,,,,,,,,,
2022-05-27,0.002984640430110021,0.95844,0.95752,,,,,,,,,,,,,,,,,,
2022-05-30,0.002964501297513675,0.95913,0.95732,,,,,,,,,,,,,,,,,,
2022-05-31,0.0028360834199058216,0.95963,0.95734,,,,,,,,,,,,,,,,,,
2022-06-01,0.0028083703459892075,0.96232,0.96428,,,,,,,,,,,,,,,,,,
2022-06-02,0.002750287896152184,0.96012,0.95929,,,,,,,,,,,,,,,,,,
2022-06-03,0.0027116978087386133,0.96015,0.96362,,,,,,,,,,,,,,,,,,
2022-06-06,0.0027640304744964705,0.9621,0.96899,141.0,0.004366298337471234,0.96631,0.96581,0.96577,0.96677,157.0,0.005566021304029874,0.96747,0.96687,0.96807,0.96607,,,,,,
2022-06-07,0.0026903054175509812,0.97719,0.97318,109.0,-0.004101770535149371,0.97319,0.97319,0.97351,0.97423,,,,,,,,,,,,
2022-06-08,0.002904809106582044,0.97601,0.97503,,,,,,,,,,,,,,,,,,
2022-06-09,0.002853439788253418,0.97742,0.97778,98.0,-0.00441931886682985,0.97311,0.97284,0.97363,0.97268,,,,,,,,,,,,
2022-06-10,0.0028417040468041513,0.98396,0.98865,99.0,0.004471875750145648,0.98837,0.98872,0.98813,0.98875,130.0,0.0057660994472448985,0.98965,0.98953,0.98846,0.98888,,,,,,
2022-06-13,0.0027819540126358152,0.99371,0.99677,,,,,,,,,,,,,,,,,,
2022-06-14,0.002848688742184954,0.99362,1.00193,149.0,0.005079567213612371,0.99868,0.99854,0.9988,0.9994,164.0,0.0058002591089958005,0.9994,0.99953,0.99899,1.0002,,,,,,
2022-06-15,0.002911019590263093,0.99915,1.00212,,,,,,,,,,,,,,,,,,
2022-06-16,0.002864815829956353,0.97968,0.96668,14.0,-0.004768004121669337,0.97502,0.97514,0.97558,0.97363,26.0,-0.006266531534670461,0.97356,0.97314,0.97353,0.97301,34.0,-0.007242808093712068,0.97261,0.9725,0.97272,0.97435
2022-06-17,0.0028180848147796147,0.96332,0.97181,136.0,0.004433127223739164,0.9676,0.96784,0.9699,0.96996,139.0,0.006044065427095005,0.96916,0.9698,0.9696,0.96992,155.0,0.007982010575412011,0.97104,0.97064,0.9699,0.97139
2022-06-20,0.004289276013606669,0.96601,0.96579,,,,,,,,,,,,,,,,,,
2022-06-21,0.004082638272270563,0.96775,0.96613,,,,,,,,,,,,,,,,,,
2022-06-22,0.003977123684708945,0.96582,0.9613,165.0,-0.006408846794305995,0.95965,0.95993,0.959,0.95885,,,,,,,,,,,,
2022-06-23,0.0038791630971172567,0.96485,0.96077,112.0,-0.00608157395892663,0.959,0.95927,0.95926,0.95868,147.0,-0.008054321466061245,0.95711,0.95757,0.95838,0.95875,,,,,,
2022-06-24,0.0038394814305165374,0.95678,0.95673,,,,,,,,,,,,,,,,,,
2022-06-27,0.0037411658452482116,0.95969,0.95514,,,,,,,,,,,,,,,,,,
2022-06-28,0.003569879373567285,0.9563,0.95623,,,,,,,,,,,,,,,,,,
2022-06-29,0.0034932851673796107,0.95117,0.95416,,,,,,,,,,,,,,,,,,
2022-06-30,0.0034075485331122183,0.95732,0.95514,,,,,,,,,,,,,,,,,,
2022-07-01,0.003333559366828164,0.96042,0.96223,,,,,,,,,,,,,,,,,,
2022-07-04,0.003259435286259084,0.96014,0.96064,,,,,,,,,,,,,,,,,,
2022-07-05,0.0031427992722143816,0.96516,0.96882,167.0,0.004816596563453331,0.96982,0.96978,0.96973,,,,,,,,,,,,,
2022-07-06,0.0030834365084487212,0.97133,0.97157,,,,,,,,,,,,,,,,,,
2022-07-07,0.0031113313421532586,0.97257,0.9735,,,,,,,,,,,,,,,,,,
2022-07-08,0.003046958024512973,0.97602,0.9777,,,,,,,,,,,,,,,,,,
2022-07-11,0.00301837086754405,0.98099,0.97951,,,,,,,,,,,,,,,,,,
2022-07-12,0.0029182980478455298,0.98411,0.98128,,,,,,,,,,,,,,,,,,
2022-07-13,0.0029002996813576455,0.97596,0.97828,30.0,0.005191631487086413,0.98104,0.98051,0.98062,0.97983,38.0,0.005864160731791536,0.9817,0.98092,0.9804,0.97909,,,,,,
2022-07-14,0.0028384585618732613,0.98349,0.98296,92.0,0.0043221592822533916,0.98775,0.98775,0.98699,0.98823,,,,,,,,,,,,
2022-07-15,0.002777541511187091,0.97907,0.97772,,,,,,,,,,,,,,,,,,
2022-07-18,0.002718587519805654,0.97678,0.97644,,,,,,,,,,,,,,,,,,
2022-07-19,0.002694035239740338,0.96784,0.96835,,,,,,,,,,,,,,,,,,
2022-07-20,0.0026626567792288882,0.96992,0.972,,,,,,,,,,,,,,,,,,
2022-07-21,0.002856950753436604,0.97281,0.96941,41.0,-0.004781099072401004,0.96817,0.96829,0.96794,0.96763,49.0,-0.005824848811920642,0.96716,0.96706,0.96835,0.96755,,,,,,
2022-07-22,0.002807627862089427,0.96474,0.96148,107.0,-0.004560833633514214,0.96035,0.96104,0.96073,0.96027,,,,,,,,,,,,
2022-07-25,0.002762794235055025,0.96442,0.96523,,,,,,,,,,,,,,,,,,
2022-07-26,0.0027974821106162904,0.9645,0.96351,,,,,,,,,,,,,,,,,,
2022-07-27,0.0027396364985594773,0.96235,0.96498,,,,,,,,,,,,,,,,,,
2022-07-28,0.002685316482990342,0.96222,0.95689,35.0,-0.004259646610543754,0.95813,0.95848,0.95878,0.95769,56.0,-0.005533771605369075,0.95691,0.95717,0.95772,0.9577,,,,,,
2022-07-29,0.002685833604195578,0.95439,0.95138,69.0,0.004130228119161201,0.95834,0.95845,0.95904,0.95827,,,,,,,,,,,,
2022-08-01,0.0026712895030135127,0.95021,0.94868,,,,,,,,,,,,,,,,,,
2022-08-02,0.0025930056004550947,0.95267,0.95427,,,,,,,,,,,,,,,,,,
2022-08-03,0.002543940009592491,0.95869,0.96323,120.0,0.004672540982525267,0.96318,0.96352,0.9632,0.96377,122.0,0.0051915200585580645,0.96368,0.96296,0.96344,0.96459,140.0,0.006373786206120122,0.96482,0.96453,0.96421,0.96501
2022-08-04,0.002647957150225577,0.96008,0.95654,,,,,,,,,,,,,,,,,,
2022-08-05,0.0026610367456222257,0.95535,0.96365,30.0,0.005501143849132562,0.96062,0.96036,0.96125,0.9617,30.0,0.005501143849132562,0.96062,0.96036,0.96125,0.9617,46.0,0.006697571355704553,0.96177,0.96161,0.96122,0.96219
2022-08-08,0.002667985020653921,0.95667,0.9545,135.0,-0.004147949258720438,0.95271,0.95267,0.95268,0.95256,,,,,,,,,,,,
2022-08-09,0.0026340120039077576,0.95448,0.95257,,,,,,,,,,,,,,,,,,
2022-08-10,0.0026913600759287857,0.94788,0.94109,30.0,-0.006573017235152705,0.94167,0.94202,0.94272,0.94194,30.0,-0.006573017235152705,0.94167,0.94202,0.94272,0.94194,37.0,-0.007082879901945087,0.94119,0.94123,0.94107,0.94179
2022-08-11,0.0026484079256027526,0.94013,0.93921,,,,,,,,,,,,,,,,,,
2022-08-12,0.0028391368943553666,0.94267,0.94292,,,,,,,,,,,,,,,,,,
2022-08-15,0.002790569419651829,0.94476,0.94499,,,,,,,,,,,,,,,,,,
2022-08-16,0.0026853658233988538,0.95018,0.9505,,,,,,,,,,,,,,,,,,
2022-08-17,0.0026640410092966444,0.95189,0.95373,,,,,,,,,,,,,,,,,,
2022-08-18,0.00264378959691788,0.95187,0.95452,,,,,,,,,,,,,,,,,,
2022-08-19,0.002601022270922623,0.95674,0.95893,,,,,,,,,,,,,,,,,,
2022-08-22,0.002679575241061061,0.95755,0.96521,143.0,0.004064622584027593,0.96145,0.96187,0.96262,0.96194,147.0,0.005592395606810183,0.96292,0.96262,0.96237,0.96204,,,,,,
2022-08-23,0.002577834839495007,0.96693,0.96317,119.0,-0.00413499944053914,0.96294,0.96176,0.96183,0.9609,120.0,-0.005361164710807129,0.96176,0.96161,0.96188,0.96128,128.0,-0.006484736956096701,0.96068,0.9608,0.96038,0.96222
2022-08-24,0.0026032989089493697,0.96376,0.96656,90.0,0.004059153152461549,0.96768,0.96763,0.96792,0.96787,,,,,,,,,,,,
2022-08-25,0.0025668263982103613,0.96387,0.9648,,,,,,,,,,,,,,,,,,
2022-08-26,0.002521047132254079,0.964,0.96343,73.0,-0.003835145608362404,0.96031,0.96015,0.96011,0.9603,130.0,-0.00564870401420764,0.95857,0.95811,0.95936,0.96102,,,,,,
2022-08-29,0.0024736862903260463,0.96748,0.96913,,,,,,,,,,,,,,,,,,
2022-08-30,0.002414749941521826,0.97061,0.9744,142.0,0.0036713516728788488,0.97418,0.97408,0.97398,0.97452,164.0,0.005107426103170459,0.97558,0.97518,0.97473,0.97577,,,,,,
2022-08-31,0.0023726806953242676,0.97956,0.97495,154.0,-0.0036101676056480066,0.97603,0.97588,0.97598,0.9751,167.0,-0.005302119957842248,0.97438,0.97507,0.9764,,,,,,,
2022-09-01,0.0024163130024632217,0.97922,0.98332,122.0,0.00378157064563655,0.98293,0.98306,0.98373,0.98393,128.0,0.00505247076637061,0.98418,0.98391,0.9833,0.98387,168.0,0.006342053252424607,0.98545,0.98569,0.98464,
2022-09-02,0.0025213547426769047,0.98292,0.98009,171.0,-0.004016520002868815,0.97898,0.97899,0.97893,,,,,,,,,,,,,
2022-09-05,0.0024757793485390886,0.98199,0.97988,,,,,,,,,,,,,,,,,,
2022-09-06,0.002399546063472509,0.98187,0.98406,122.0,0.004126441468620532,0.98593,0.98565,0.98494,0.98544,,,,,,,,,,,,
2022-09-07,0.0024622866165331958,0.986,0.98086,150.0,-0.004227992313382522,0.98184,0.98155,0.98094,0.9815,154.0,-0.005053314465107451,0.98103,0.98094,0.98121,0.98182,,,,,,
2022-09-08,0.0026188026081313967,0.97198,0.97243,,,,,,,,,,,,,,,,,,
2022-09-09,0.0027358403093538917,0.96241,0.96051,,,,,,,,,,,,,,,,,,
2022-09-12,0.003054004699915532,0.95369,0.95175,,,,,,,,,,,,,,,,,,
2022-09-13,0.003052881832889128,0.95013,0.96089,30.0,0.006640151535787245,0.95646,0.95632,0.95638,0.95768,30.0,0.006640151535787245,0.95646,0.95632,0.95638,0.95768,36.0,0.007768678301327035,0.95754,0.95686,0.95802,0.95834
2022-09-14,0.0031106014501502493,0.96163,0.96124,,,,,,,,,,,,,,,,,,
2022-09-15,0.0032452691299963226,0.95764,0.96084,,,,,,,,,,,,,,,,,,
2022-09-16,0.0031759315516629288,0.96192,0.96491,,,,,,,,,,,,,,,,,,
2022-09-19,0.003103905834258123,0.96697,0.96625,,,,,,,,,,,,,,,,,,
2022-09-20,0.0029777709403548103,0.96542,0.96287,,,,,,,,,,,,,,,,,,
2022-09-21,0.0029143566473236035,0.9635,0.96543,,,,,,,,,,,,,,,,,,
2022-09-22,0.00285071708240169,0.98131,0.98035,50.0,-0.004934144927877771,0.97648,0.97597,0.97592,0.9768,,,,,,,,,,,,
2022-09-23,0.002793335754344092,0.98048,0.98109,83.0,-0.0044772074911977044,0.9761,0.97614,0.97601,0.97646,,,,,,,,,,,,
2022-09-26,0.0031417400766415473,0.99034,0.99249,117.0,-0.004939781276695854,0.98546,0.98618,0.98693,0.98771,,,,,,,,,,,,
2022-09-27,0.0030311209026157144,0.98616,0.9897,149.0,0.00455277442853207,0.99066,0.99018,0.99064,0.98982,,,,,,,,,,,,
2022-09-28,0.0031604404165191673,0.98709,0.9755,149.0,-0.005424527228560093,0.98175,0.98159,0.98117,0.98169,,,,,,,,,,,,
2022-09-29,0.0030999808727019506,0.98035,0.97999,61.0,0.005148147460121938,0.98541,0.98465,0.98436,0.98233,,,,,,,,,,,,
2022-09-30,0.0035829190744846497,0.98056,0.98451,,,,,,,,,,,,,,,,,,
2022-10-03,0.003514310890211548,0.98848,0.99282,,,,,,,,,,,,,,,,,,
2022-10-04,0.0035923025258794736,0.98778,0.98086,130.0,-0.005420727711628319,0.98244,0.98267,0.98212,0.98301,,,,,,,,,,,,
2022-10-05,0.003592005935715836,0.98506,0.98379,,,,,,,,,,,,,,,,,,
2022-10-06,0.003760084634857646,0.98378,0.99008,138.0,0.005736831699582774,0.98944,0.98935,0.98913,0.99018,,,,,,,,,,,,
2022-10-07,0.0036661201771384377,0.99054,0.99165,,,,,,,,,,,,,,,,,,
2022-10-10,0.003726893870007061,0.99865,1.00004,,,,,,,,,,,,,,,,,,
2022-10-11,0.0035611574709135175,0.9955,0.99417,,,,,,,,,,,,,,,,,,
2022-10-12,0.003599784015375403,0.99488,0.99794,169.0,0.005443104071676028,1.00031,0.99926,0.99781,,,,,,,,,,,,,
2022-10-13,0.003532691458747642,0.99786,0.99869,30.0,0.007438244731216076,1.00531,1.00577,1.00669,1.00617,30.0,0.007438244731216076,1.00531,1.00577,1.00669,1.00617,78.0,0.008849747718989994,1.00673,1.00723,1.00597,1.0063
2022-10-14,0.003447973324654997,1.00414,1.00448,67.0,-0.005362210850310678,0.99877,0.99883,0.99909,1.00074,,,,,,,,,,,,
2022-10-17,0.0033674688567047447,1.00179,0.99545,96.0,-0.005053725236185721,0.99674,0.99656,0.99575,0.99681,,,,,,,,,,,,
2022-10-18,0.0032705561289321345,0.99614,0.99649,,,,,,,,,,,,,,,,,,
2022-10-19,0.003346831885178575,1.00242,1.00415,,,,,,,,,,,,,,,,,,
2022-10-20,0.0032657888222803874,1.00228,1.00078,,,,,,,,,,,,,,,,,,
2022-10-21,0.0034684696359833463,1.01203,0.99736,113.0,-0.005737602881609596,1.00624,1.00605,1.00521,1.00476,126.0,-0.0072194603474923175,1.00475,1.00493,1.00488,1.00628,173.0,-0.008723452184736582,1.00324,1.0039,1.00512,
2022-10-24,0.003385965511430486,1.00175,1.0007,,,,,,,,,,,,,,,,,,
2022-10-25,0.0033643023314205308,1.00209,0.99637,90.0,-0.0050522084523631095,0.99704,0.99702,0.99741,0.9959,107.0,-0.0067988987184667525,0.9953,0.99533,0.9956,0.99466,,,,,,
2022-10-26,0.0032896938211204175,0.98961,0.98624,,,,,,,,,,,,,,,,,,
2022-10-27,0.003261582312846786,0.99055,0.98971,,,,,,,,,,,,,,,,,,
2022-10-28,0.003349278464780601,0.99677,0.99687,,,,,,,,,,,,,,,,,,
2022-10-31,0.0032832681102025266,1.00166,1.00144,,,,,,,,,,,,,,,,,,
2022-11-01,0.0032205405592906212,0.99279,1.00047,67.0,0.005063759802970045,0.99783,0.99737,0.99822,0.99802,110.0,0.006585906323041014,0.99935,0.99952,0.99997,1.00061,,,,,,
2022-11-02,0.0031907248567290404,0.99523,0.99902,,,,,,,,,,,,,,,,,,
2022-11-03,0.0031313986177090814,1.01418,1.01263,110.0,-0.004754030351760483,1.00937,1.00955,1.01015,1.01122,,,,,,,,,,,,
2022-11-04,0.003086477665093786,1.00076,0.99734,76.0,-0.004988640676278101,0.99578,0.99614,0.9966,0.99513,95.0,-0.006194452836287676,0.99458,0.99514,0.99443,0.99506,,,,,,
2022-11-07,0.0031946445377559474,0.98869,0.98849,,,,,,,,,,,,,,,,,,
2022-11-08,0.0035992444078121583,0.99056,0.98454,103.0,-0.005405473283980659,0.98522,0.9852,0.98486,0.98478,,,,,,,,,,,,
2022-11-09,0.003555107198024929,0.98451,0.98394,,,,,,,,,,,,,,,,,,
2022-11-10,0.003514787604659625,0.97599,0.96907,42.0,-0.005517297889305829,0.97062,0.97006,0.96761,0.96742,45.0,-0.007755485170715257,0.96845,0.96859,0.96764,0.96701,48.0,-0.009119417640191448,0.96713,0.96723,0.96785,0.96789
2022-11-11,0.00345219760560898,0.94808,0.94209,34.0,0.00535438491583336,0.95317,0.9534,0.95174,0.95045,,,,,,,,,,,,
2022-11-14,0.003963259307861307,0.9455,0.94225,,,,,,,,,,,,,,,,,,
2022-11-15,0.004884345179224265,0.93984,0.94416,,,,,,,,,,,,,,,,,,
2022-11-16,0.0047588750554501385,0.94163,0.94381,,,,,,,,,,,,,,,,,,
2022-11-17,0.004632312968997246,0.95226,0.95283,,,,,,,,,,,,,,,,,,
2022-11-18,0.004506426644577982,0.95345,0.9534,,,,,,,,,,,,,,,,,,
2022-11-21,0.004444429498835759,0.9581,0.9588,,,,,,,,,,,,,,,,,,
2022-11-22,0.004219718278386646,0.95169,0.95224,,,,,,,,,,,,,,,,,,
2022-11-23,0.004109827641839214,0.94884,0.94416,100.0,-0.006301164781232708,0.94288,0.94286,0.94278,0.94239,,,,,,,,,,,,
2022-11-24,0.004048737593635462,0.94143,0.9432,,,,,,,,,,,,,,,,,,
2022-11-25,0.0042451347995195055,0.94898,0.94561,,,,,,,,,,,,,,,,,,
2022-11-28,0.004162774945577544,0.94348,0.94769,,,,,,,,,,,,,,,,,,
2022-11-29,0.003964959326798309,0.9528,0.95224,,,,,,,,,,,,,,,,,,
2022-11-30,0.0038622003198009957,0.9519,0.95132,,,,,,,,,,,,,,,,,,
2022-12-01,0.003834116533187492,0.94143,0.9379,,,,,,,,,,,,,,,,,,
2022-12-02,0.0039055765328803813,0.94161,0.93728,,,,,,,,,,,,,,,,,,
2022-12-05,0.003867995950897302,0.93665,0.94227,180.0,0.005982177804247229,0.94227,,,,,,,,,,,,,,,
2022-12-06,0.003683737109151888,0.93886,0.94178,,,,,,,,,,,,,,,,,,
2022-12-07,0.0037330313297575784,0.9369,0.94021,,,,,,,,,,,,,,,,,,
2022-12-08,0.003639600270280336,0.9384,0.9368,,,,,,,,,,,,,,,,,,
2022-12-09,0.0035490902138885384,0.93424,0.93307,,,,,,,,,,,,,,,,,,
2022-12-12,0.003608881027083522,0.9326,0.93577,,,,,,,,,,,,,,,,,,
2022-12-13,0.003453601187745287,0.92576,0.92941,,,,,,,,,,,,,,,,,,
2022-12-14,0.003368726231355513,0.92651,0.92467,,,,,,,,,,,,,,,,,,
2022-12-15,0.0034060571034383864,0.92699,0.93103,,,,,,,,,,,,,,,,,,
2022-12-16,0.003346756983372299,0.93014,0.9323,,,,,,,,,,,,,,,,,,
2022-12-19,0.00326691158047688,0.93235,0.92942,,,,,,,,,,,,,,,,,,
2022-12-20,0.0032302251363794886,0.92889,0.92676,77.0,-0.004986088164551294,0.92427,0.92475,0.92496,0.92443,,,,,,,,,,,,
2022-12-21,0.003181793407313487,0.92504,0.92713,,,,,,,,,,,,,,,,,,
2022-12-22,0.0031083415376376806,0.92928,0.93124,,,,,,,,,,,,,,,,,,
2022-12-23,0.003091377082950008,0.93089,0.93289,,,,,,,,,,,,,,,,,,
2022-12-26,0.003178796981294651,0.93127,0.93197,,,,,,,,,,,,,,,,,,
2022-12-27,0.0030368669508337525,0.93064,0.92999,,,,,,,,,,,,,,,,,,
2022-12-28,0.0029772908461570876,0.92617,0.92612,,,,,,,,,,,,,,,,,,
2022-12-29,0.002914030708747854,0.92366,0.92275,,,,,,,,,,,,,,,,,,
2022-12-30,0.00287384953376314,0.92338,0.92208,,,,,,,,,,,,,,,,,,
2023-01-02,0.0028514082592930247,0.92414,0.92551,,,,,,,,,,,,,,,,,,
2023-01-03,0.0029894558450374387,0.93604,0.93727,,,,,,,,,,,,,,,,,,
2023-01-04,0.002951675775958704,0.92775,0.92886,,,,,,,,,,,,,,,,,,
2023-01-05,0.003017140186343077,0.93385,0.93609,,,,,,,,,,,,,,,,,,
2023-01-06,0.0029870436380641254,0.93565,0.92816,82.0,-0.00462780287947234,0.93133,0.93162,0.93205,0.93137,130.0,-0.006056888776495845,0.93,0.93013,0.9309,0.93025,,,,,,
2023-01-09,0.0030020943361622715,0.91923,0.91953,,,,,,,,,,,,,,,,,,
2023-01-10,0.0030349774556085837,0.92309,0.92299,,,,,,,,,,,,,,,,,,
2023-01-11,0.0030189639098269936,0.92924,0.93127,,,,,,,,,,,,,,,,,,
2023-01-12,0.00298074126413626,0.92787,0.92797,18.0,0.004698655498692962,0.93224,0.93251,0.93149,0.92956,53.0,0.006156444206031281,0.9336,0.93384,0.93235,0.93194,,,,,,
2023-01-13,0.0030443325150029594,0.93089,0.92631,106.0,-0.004845805485099746,0.92639,0.92612,0.92659,0.92633,,,,,,,,,,,,
2023-01-16,0.0030090105457036324,0.92541,0.92597,,,,,,,,,,,,,,,,,,
2023-01-17,0.0029547092796312967,0.92062,0.92233,,,,,,,,,,,,,,,,,,
2023-01-18,0.0029210246026313714,0.9123,0.9158,,,,,,,,,,,,,,,,,,
2023-01-19,0.002892117948257186,0.91746,0.91613,,,,,,,,,,,,,,,,,,
2023-01-20,0.002932942149274815,0.92309,0.92147,,,,,,,,,,,,,,,,,,
2023-01-23,0.0028989076686593194,0.92233,0.92317,,,,,,,,,,,,,,,,,,
2023-01-24,0.0028492962432010755,0.92596,0.92241,,,,,,,,,,,,,,,,,,
2023-01-25,0.0028367085566907554,0.9227,0.91959,64.0,-0.0045622499293298336,0.9185,0.9175,0.91778,0.91806,,,,,,,,,,,,
2023-01-26,0.0028043648253900503,0.91629,0.92151,88.0,0.004301597132430971,0.92024,0.92008,0.92025,0.92072,111.0,0.005680720467620929,0.92151,0.92145,0.92193,0.92154,,,,,,
2023-01-27,0.0028127946411269263,0.9218,0.92166,,,,,,,,,,,,,,,,,,
2023-01-30,0.002813754411722762,0.92256,0.92341,,,,,,,,,,,,,,,,,,
2023-01-31,0.002750239698454655,0.92341,0.91747,110.0,-0.004297674370380483,0.91945,0.91834,0.91856,0.91862,111.0,-0.0055056471365570745,0.91834,0.91862,0.91892,0.91906,138.0,-0.007216716645249674,0.91677,0.91707,0.91779,0.91666
2023-02-01,0.0027479985134940335,0.91512,0.91612,,,,,,,,,,,,,,,,,,
2023-02-02,0.0028269956378054063,0.91056,0.91342,,,,,,,,,,,,,,,,,,
2023-02-03,0.0029146559851009083,0.92336,0.92441,,,,,,,,,,,,,,,,,,
2023-02-06,0.0029533779702291705,0.92575,0.92852,,,,,,,,,,,,,,,,,,
2023-02-07,0.0030587683055894495,0.92566,0.91948,,,,,,,,,,,,,,,,,,
2023-02-08,0.0030239136846576388,0.92,0.92009,,,,,,,,,,,,,,,,,,
2023-02-09,0.003025681979047475,0.9161,0.92019,151.0,0.004541576226471597,0.92027,0.92024,0.9202,0.91981,,,,,,,,,,,,
2023-02-10,0.002992997337994173,0.92342,0.92478,,,,,,,,,,,,,,,,,,
2023-02-13,0.002976409096724545,0.92302,0.92028,,,,,,,,,,,,,,,,,,
2023-02-14,0.0029123133362248055,0.91699,0.92139,24.0,0.004472040922595262,0.9211,0.9209,0.92215,0.92055,30.0,0.006229262795507834,0.92272,0.92285,0.9224,0.91963,,,,,,
2023-02-15,0.002956093143207677,0.92438,0.92547,,,,,,,,,,,,,,,,,,
2023-02-16,0.002955262361836062,0.92453,0.92428,,,,,,,,,,,,,,,,,,
2023-02-17,0.0029192421840720717,0.93004,0.92657,96.0,-0.00491507413557249,0.92548,0.92599,0.9271,0.9277,,,,,,,,,,,,
2023-02-20,0.0029489655426515314,0.92298,0.92314,,,,,,,,,,,,,,,,,,
2023-02-21,0.002909471570478959,0.92546,0.92622,,,,,,,,,,,,,,,,,,
2023-02-22,0.0028751001008329837,0.92705,0.9295,,,,,,,,,,,,,,,,,,
2023-02-23,0.002851878056752552,0.93358,0.93407,,,,,,,,,,,,,,,,,,
2023-02-24,0.0028294790295353505,0.93714,0.94004,,,,,,,,,,,,,,,,,,
2023-02-27,0.002826467195776269,0.93766,0.93748,,,,,,,,,,,,,,,,,,
2023-02-28,0.002826222473917444,0.93468,0.93728,,,,,,,,,,,,,,,,,,
2023-03-01,0.002823136452577362,0.93773,0.93984,,,,,,,,,,,,,,,,,,
2023-03-02,0.0028142887789777984,0.94259,0.94349,,,,,,,,,,,,,,,,,,
2023-03-03,0.0027836476741160874,0.93883,0.93775,,,,,,,,,,,,,,,,,,
2023-03-06,0.0027516154320727797,0.93374,0.9315,,,,,,,,,,,,,,,,,,
2023-03-07,0.0027211594206282396,0.93423,0.94121,63.0,0.004261802493185581,0.93822,0.93889,0.93914,0.93946,75.0,0.005518713002606303,0.9394,0.93923,0.93919,0.93933,115.0,0.006912248712745975,0.94071,0.94056,,
2023-03-08,0.0027410712354147644,0.94304,0.9413,94.0,-0.004367770510703059,0.93893,0.93906,0.94049,0.94071,,,,,,,,,,,,
2023-03-09,0.0029580740886282915,0.93664,0.9363,,,,,,,,,,,,,,,,,,
2023-03-10,0.002931398796956236,0.926,0.91851,23.0,-0.004817199648547712,0.92155,0.92128,0.92074,0.91931,27.0,-0.00590291714296379,0.92055,0.92074,0.91939,0.91886,37.0,-0.007348750297857788,0.91922,0.91931,0.91886,0.91987
2023-03-13,0.003056837821671231,0.9104,0.91097,,,,,,,,,,,,,,,,,,
2023-03-14,0.0030917903875832178,0.91593,0.91463,,,,,,,,,,,,,,,,,,
2023-03-15,0.0030637385372510855,0.92185,0.92786,,,,,,,,,,,,,,,,,,
2023-03-16,0.003021890107901447,0.92688,0.92917,155.0,0.0048754596679869465,0.93141,0.93144,0.93135,0.93092,,,,,,,,,,,,
2023-03-17,0.0033678429116266975,0.92719,0.92865,,,,,,,,,,,,,,,,,,
2023-03-20,0.0033382976342479706,0.92539,0.9261,,,,,,,,,,,,,,,,,,
2023-03-21,0.0032562774191343563,0.92413,0.9227,,,,,,,,,,,,,,,,,,
2023-03-22,0.0032232703414167368,0.92248,0.92319,,,,,,,,,,,,,,,,,,
2023-03-23,0.0032325054869787977,0.91392,0.91388,,,,,,,,,,,,,,,,,,
2023-03-24,0.00325204383272643,0.91893,0.91834,,,,,,,,,,,,,,,,,,
2023-03-27,0.0032109992472792817,0.91738,0.91612,,,,,,,,,,,,,,,,,,
2023-03-28,0.0031408612046113322,0.91825,0.91991,,,,,,,,,,,,,,,,,,
2023-03-29,0.0031309235904541867,0.91943,0.91931,,,,,,,,,,,,,,,,,,
2023-03-30,0.0031491643004075928,0.91467,0.91392,,,,,,,,,,,,,,,,,,
2023-03-31,0.0031103882962210732,0.91662,0.91294,124.0,-0.00473506962092108,0.91229,0.91232,0.91192,0.91184,,,,,,,,,,,,
2023-04-03,0.0031153579131097493,0.91497,0.91316,,,,,,,,,,,,,,,,,,
2023-04-04,0.003051750281418616,0.91341,0.90707,180.0,-0.0065904611296814025,0.90741,,,,180.0,-0.0065904611296814025,0.90741,,,,,,,,,
2023-04-05,0.0030430710128076317,0.90331,0.90481,,,,,,,,,,,,,,,,,,
2023-04-06,0.0030885200476595143,0.90473,0.90402,,,,,,,,,,,,,,,,,,
2023-04-10,0.0030549128184448153,0.9069,0.91127,,,,,,,,,,,,,,,,,,
2023-04-11,0.002994763903467558,0.9045,0.90408,,,,,,,,,,,,,,,,,,
2023-04-12,0.0029636706265518346,0.89673,0.89689,,,,,,,,,,,,,,,,,,
2023-04-13,0.0029657609734097677,0.88731,0.88742,,,,,,,,,,,,,,,,,,
2023-04-14,0.0029883899551941076,0.88894,0.89384,125.0,0.0045232440146351985,0.89297,0.89314,0.89371,0.89333,,,,,,,,,,,,
2023-04-17,0.0030610221034914967,0.89411,0.89949,149.0,0.004641881152038188,0.89827,0.89836,0.89844,0.8986,,,,,,,,,,,,
2023-04-18,0.0030316912767371037,0.89573,0.89808,,,,,,,,,,,,,,,,,,
2023-04-19,0.0030103218028722217,0.89807,0.89848,,,,,,,,,,,,,,,,,,
2023-04-20,0.0029739362998469515,0.8954,0.89433,,,,,,,,,,,,,,,,,,
2023-04-21,0.002937597644672946,0.89143,0.89264,,,,,,,,,,,,,,,,,,
2023-04-24,0.0029275081023550586,0.88879,0.88872,,,,,,,,,,,,,,,,,,
2023-04-25,0.0028565612721035577,0.88829,0.89243,173.0,0.004492925595919549,0.89229,0.89217,0.8922,,,,,,,,,,,,,
2023-04-26,0.002871466980700217,0.88957,0.8863,88.0,-0.004698679608060669,0.8854,0.88559,0.88571,0.88691,,,,,,,,,,,,
2023-04-27,0.002865435667483506,0.89586,0.8957,,,,,,,,,,,,,,,,,,
2023-04-28,0.0028311278087069145,0.89473,0.89111,180.0,-0.00532300622027423,0.88998,,,,,,,,,,,,,,,
2023-05-01,0.0028179838362877023,0.89283,0.89613,,,,,,,,,,,,,,,,,,
2023-05-02,0.0027528264544030095,0.89715,0.89315,168.0,-0.004132698834005424,0.89345,0.89408,0.89413,,,,,,,,,,,,,
2023-05-03,0.0027206606125720627,0.88842,0.88735,,,,,,,,,,,,,,,,,,
2023-05-04,0.0027116992797331296,0.88842,0.8861,,,,,,,,,,,,,,,,,,
2023-05-05,0.0027934665783280656,0.89242,0.8914,38.0,0.0043494614978484515,0.89631,0.89656,0.89568,0.89504,,,,,,,,,,,,
2023-05-08,0.002767631601938467,0.88911,0.88943,,,,,,,,,,,,,,,,,,
2023-05-09,0.0027495621253127256,0.8931,0.89124,,,,,,,,,,,,,,,,,,
2023-05-10,0.002718109733733224,0.89194,0.89101,36.0,-0.004179405688142946,0.88822,0.88853,0.88822,0.88735,56.0,-0.005452422966932512,0.88709,0.8871,0.88845,0.88845,,,,,,
2023-05-11,0.002686683261359802,0.89288,0.89515,,,,,,,,,,,,,,,,,,
2023-05-12,0.002655196424374166,0.89353,0.89712,,,,,,,,,,,,,,,,,,
2023-05-15,0.002636456295899999,0.89619,0.89489,,,,,,,,,,,,,,,,,,
2023-05-16,0.0026295270160561876,0.89388,0.89646,,,,,,,,,,,,,,,,,,
2023-05-17,0.002613554553614001,0.89983,0.89905,,,,,,,,,,,,,,,,,,
2023-05-18,0.002583453760433775,0.90173,0.90442,180.0,0.004094828537611467,0.90543,,,,,,,,,,,,,,,
2023-05-19,0.002569188936537689,0.902,0.89887,,,,,,,,,,,,,,,,,,
2023-05-22,0.0026143470590375335,0.89635,0.89892,,,,,,,,,,,,,,,,,,
2023-05-23,0.002601914290156308,0.90137,0.90143,,,,,,,,,,,,,,,,,,
2023-05-24,0.002572305640327819,0.90231,0.90586,,,,,,,,,,,,,,,,,,
2023-05-25,0.0025544209591754257,0.90502,0.90607,,,,,,,,,,,,,,,,,,
2023-05-26,0.002564722192918967,0.90249,0.90572,164.0,0.003881696229740591,0.906,0.90633,0.90578,0.90709,,,,,,,,,,,,
2023-05-29,0.0025374891060232765,0.90361,0.90362,,,,,,,,,,,,,,,,,,
2023-05-30,0.0024817424619180393,0.90222,0.90392,,,,,,,,,,,,,,,,,,
2023-05-31,0.0024604942294408918,0.91056,0.91294,180.0,0.0037926581980067776,0.91402,,,,,,,,,,,,,,,
2023-06-01,0.0024639841700487388,0.90859,0.90762,,,,,,,,,,,,,,,,,,
2023-06-02,0.002452656074624859,0.90723,0.90717,,,,,,,,,,,,,,,,,,
2023-06-05,0.002482892293937939,0.91118,0.90577,180.0,-0.0054473258541050205,0.90623,,,,180.0,-0.0054473258541050205,0.90623,,,,,,,,,
2023-06-06,0.002457840330607796,0.90867,0.90763,,,,,,,,,,,,,,,,,,
2023-06-07,0.0024649350129652314,0.90587,0.9088,,,,,,,,,,,,,,,,,,
2023-06-08,0.0024421616330862687,0.90883,0.90035,23.0,-0.00391376987222825,0.90528,0.90561,0.90509,0.90363,30.0,-0.0052512669627640665,0.90407,0.90391,0.90323,0.90333,35.0,-0.006180830466871059,0.90323,0.90364,0.90354,0.90367
2023-06-09,0.0024264150346763914,0.90124,0.90267,,,,,,,,,,,,,,,,,,
2023-06-12,0.0025667904434395943,0.90561,0.90988,180.0,0.0039563421876097,0.9092,,,,,,,,,,,,,,,
2023-06-13,0.002531139347787054,0.90447,0.90536,,,,,,,,,,,,,,,,,,
2023-06-14,0.002526079739741019,0.90254,0.8973,55.0,-0.0038409922778882685,0.89908,0.89909,0.89807,0.89807,,,,,,,,,,,,
2023-06-15,0.0025165871134216473,0.90207,0.89267,120.0,-0.006718227815721073,0.89603,0.89592,0.89595,0.89592,120.0,-0.006718227815721073,0.89603,0.89592,0.89595,0.89592,120.0,-0.006718227815721073,0.89603,0.89592,0.89595,0.89592
2023-06-16,0.0024931110749293844,0.89125,0.89416,,,,,,,,,,,,,,,,,,
2023-06-19,0.0026640285596851664,0.8942,0.89607,,,,,,,,,,,,,,,,,,
2023-06-20,0.002606048481953226,0.89733,0.89934,,,,,,,,,,,,,,,,,,
2023-06-21,0.002582366333189063,0.89745,0.895,,,,,,,,,,,,,,,,,,
2023-06-22,0.0025646394101581484,0.89542,0.89667,,,,,,,,,,,,,,,,,,
2023-06-23,0.0026094802627592683,0.89582,0.89793,,,,,,,,,,,,,,,,,,
2023-06-26,0.002618299491770035,0.89278,0.89466,,,,,,,,,,,,,,,,,,
2023-06-27,0.002560243654747371,0.89338,0.89416,,,,,,,,,,,,,,,,,,
2023-06-28,0.002533154894425543,0.89841,0.89749,,,,,,,,,,,,,,,,,,
2023-06-29,0.0025053986300111373,0.89865,0.8984,,,,,,,,,,,,,,,,,,
2023-06-30,0.002505359499671883,0.90119,0.89471,57.0,-0.0037799242328616926,0.89779,0.89771,0.89445,0.89445,180.0,-0.007507107943277231,0.89445,,,,180.0,-0.007507107943277231,0.89445,,,
2023-07-03,0.0024800151516813254,0.89819,0.89566,,,,,,,,,,,,,,,,,,
2023-07-04,0.0024508574246274186,0.89577,0.89573,,,,,,,,,,,,,,,,,,
2023-07-05,0.002425421637515779,0.89756,0.89804,,,,,,,,,,,,,,,,,,
2023-07-06,0.002400440933177124,0.89541,0.89654,,,,,,,,,,,,,,,,,,
2023-07-07,0.002377015321226733,0.89551,0.88879,36.0,-0.0037815265129626905,0.89213,0.89285,0.89348,0.8925,143.0,-0.0049255117434865645,0.89111,0.89101,0.89118,0.89049,160.0,-0.005969698916266165,0.89018,0.89028,0.88984,0.88916
2023-07-10,0.0023632233849440044,0.89031,0.88695,135.0,-0.0036683661788193813,0.88705,0.88724,0.88758,0.88782,,,,,,,,,,,,
2023-07-11,0.002405923158632374,0.88344,0.88055,,,,,,,,,,,,,,,,,,
2023-07-12,0.0024437931906291076,0.87844,0.86712,30.0,-0.003763733500112641,0.87514,0.8756,0.87515,0.87422,38.0,-0.005639477484980978,0.8735,0.87399,0.87408,0.87526,120.0,-0.00981532789963117,0.86986,0.8694,0.86982,0.86809
2023-07-13,0.0024896843222193842,0.8627,0.85962,124.0,-0.0038325347416383725,0.8594,0.85959,0.85903,0.85889,,,,,,,,,,,,
2023-07-14,0.0027402131067557787,0.85918,0.86141,,,,,,,,,,,,,,,,,,
2023-07-17,0.002815279146100456,0.85941,0.86021,,,,,,,,,,,,,,,,,,
2023-07-18,0.0027864913266058004,0.85737,0.85825,,,,,,,,,,,,,,,,,,
2023-07-19,0.002759125317291413,0.8583,0.85978,,,,,,,,,,,,,,,,,,
2023-07-20,0.0027289253445073576,0.85938,0.86719,127.0,0.004249840931536346,0.86304,0.86302,0.86415,0.86561,132.0,0.005535165826672955,0.86415,0.86465,0.86509,0.86591,140.0,0.006899738048499649,0.86533,0.86519,0.86578,0.86554
2023-07-21,0.002703057931311972,0.86618,0.86585,,,,,,,,,,,,,,,,,,
2023-07-24,0.0028389954773192618,0.86473,0.86579,,,,,,,,,,,,,,,,,,
2023-07-25,0.0027713812978272176,0.8684,0.86444,,,,,,,,,,,,,,,,,,
2023-07-26,0.0027505192248528224,0.86248,0.8625,,,,,,,,,,,,,,,,,,
2023-07-27,0.002744575041427166,0.86158,0.8685,92.0,0.004239012150208787,0.86524,0.86548,0.86563,0.86593,103.0,0.005624949727685153,0.86644,0.86666,0.86634,0.86647,180.0,0.008333526039423214,0.86879,,,
2023-07-28,0.002760440024470939,0.86764,0.86864,,,,,,,,,,,,,,,,,,
2023-07-31,0.0028840794217378594,0.8713,0.86865,141.0,-0.004405420146767427,0.86747,0.86746,0.86764,0.86745,,,,,,,,,,,,
2023-08-01,0.0028200436243227575,0.87543,0.87619,,,,,,,,,,,,,,,,,,
2023-08-02,0.0027895994174860043,0.8782,0.87799,,,,,,,,,,,,,,,,,,
2023-08-03,0.0027622497545945943,0.8762,0.87456,,,,,,,,,,,,,,,,,,
2023-08-04,0.002746372896368338,0.87759,0.87121,45.0,-0.0045454623716746105,0.87361,0.87379,0.87317,0.87297,52.0,-0.005587660013981312,0.8727,0.87277,0.87276,0.87115,67.0,-0.0073653363143327405,0.87115,0.87145,0.87194,0.87113
2023-08-07,0.0027383365582984345,0.87614,0.87434,,,,,,,,,,,,,,,,,,
2023-08-08,0.0026910622443263826,0.87734,0.87575,,,,,,,,,,,,,,,,,,
2023-08-09,0.0026624584259908285,0.87733,0.87694,,,,,,,,,,,,,,,,,,
2023-08-10,0.0026338408354082948,0.87284,0.8737,,,,,,,,,,,,,,,,,,
2023-08-11,0.002611632048519037,0.87441,0.87636,103.0,0.0039263630047432965,0.87785,0.87757,0.87776,0.87732,,,,,,,,,,,,
2023-08-14,0.002582541370531877,0.87797,0.87722,77.0,0.003967199123953103,0.88146,0.88171,0.88158,0.88155,107.0,0.005271002445711532,0.88261,0.88261,0.88162,0.88113,,,,,,
2023-08-15,0.0025305865330175936,0.8771,0.87694,,,,,,,,,,,,,,,,,,
2023-08-16,0.0025025409304156765,0.87994,0.8786,,,,,,,,,,,,,,,,,,
2023-08-17,0.0024771620800858847,0.87735,0.87914,,,,,,,,,,,,,,,,,,
2023-08-18,0.0024562760933098875,0.88098,0.88168,,,,,,,,,,,,,,,,,,
2023-08-21,0.0024429499499569966,0.87909,0.87993,,,,,,,,,,,,,,,,,,
2023-08-22,0.0024232068579730197,0.87788,0.87988,,,,,,,,,,,,,,,,,,
2023-08-23,0.002427288335318204,0.88116,0.87836,107.0,-0.003797660023631918,0.87782,0.87772,0.87846,0.878,,,,,,,,,,,,
2023-08-24,0.002412590842178924,0.88181,0.88264,,,,,,,,,,,,,,,,,,
2023-08-25,0.00240207878786608,0.88527,0.88597,,,,,,,,,,,,,,,,,,
2023-08-28,0.002523244946456826,0.88493,0.88316,,,,,,,,,,,,,,,,,,
2023-08-29,0.002476845984073928,0.88519,0.87978,122.0,-0.0039844748955442195,0.88167,0.88166,0.88118,0.88185,125.0,-0.005187462080139196,0.88061,0.88099,0.88142,0.88149,,,,,,
2023-08-30,0.0024501140709131306,0.87931,0.87726,93.0,-0.0038284973212728713,0.87595,0.87523,0.87533,0.87562,117.0,-0.004947908947543704,0.87497,0.87503,0.87474,0.87473,,,,,,
2023-08-31,0.0024538357060126526,0.88133,0.88384,,,,,,,,,,,,,,,,,,
2023-09-01,0.0024273783197062255,0.88327,0.88587,34.0,-0.0038226649770029854,0.8799,0.87995,0.88017,0.88008,,,,,,,,,,,,
2023-09-04,0.0024492882643597567,0.88367,0.88415,,,,,,,,,,,,,,,,,,
2023-09-05,0.002405214229482415,0.88903,0.88871,,,,,,,,,,,,,,,,,,
2023-09-06,0.0023808241690603713,0.89035,0.89243,120.0,0.004068759711294812,0.89398,0.89385,0.89347,0.89195,,,,,,,,,,,,
2023-09-07,0.0023818489191262614,0.89264,0.89267,,,,,,,,,,,,,,,,,,
2023-09-08,0.002364575015692484,0.89175,0.89293,,,,,,,,,,,,,,,,,,
2023-09-11,0.0023392729721280012,0.89204,0.8909,,,,,,,,,,,,,,,,,,
2023-09-12,0.0022972653393411014,0.89195,0.89113,,,,,,,,,,,,,,,,,,
2023-09-13,0.0022735711377998985,0.89302,0.89244,,,,,,,,,,,,,,,,,,
2023-09-14,0.0022524827738742382,0.89359,0.89484,31.0,0.0034185393914047692,0.89665,0.896,0.89544,0.89513,,,,,,,,,,,,
2023-09-15,0.0022294415352118323,0.89656,0.89591,,,,,,,,,,,,,,,,,,
2023-09-18,0.0022265730586622187,0.89684,0.89641,,,,,,,,,,,,,,,,,,
2023-09-19,0.002191068140610548,0.8956,0.89791,,,,,,,,,,,,,,,,,,
2023-09-20,0.0021698656757409953,0.89704,0.89524,,,,,,,,,,,,,,,,,,
2023-09-21,0.002148884951367832,0.90525,0.90311,,,,,,,,,,,,,,,,,,
2023-09-22,0.0021422082407891478,0.90614,0.90641,,,,,,,,,,,,,,,,,,
2023-09-25,0.002156645451084949,0.90995,0.91209,141.0,0.0032695543915993663,0.91293,0.91264,0.91338,0.91278,,,,,,,,,,,,
2023-09-26,0.0021235598795068646,0.91267,0.91454,,,,,,,,,,,,,,,,,,
2023-09-27,0.002176421218832751,0.91867,0.91995,,,,,,,,,,,,,,,,,,
2023-09-28,0.0021746222576090922,0.91842,0.91498,,,,,,,,,,,,,,,,,,
2023-09-29,0.002197094082542698,0.9128,0.91413,,,,,,,,,,,,,,,,,,
2023-10-02,0.0022783794853916627,0.91472,0.91791,130.0,0.0034595502170947103,0.91789,0.91791,0.91788,0.91776,161.0,0.0046354701287382866,0.91897,0.91915,0.91934,0.91923,,,,,,
2023-10-03,0.002235626730518065,0.9224,0.92257,,,,,,,,,,,,,,,,,,
2023-10-04,0.002232219139269606,0.91762,0.91607,48.0,-0.0033840241011433734,0.91452,0.91445,0.91444,0.91515,,,,,,,,,,,,
2023-10-05,0.0022246837401387752,0.91439,0.9143,,,,,,,,,,,,,,,,,,
2023-10-06,0.0023144787218543025,0.91118,0.90843,30.0,0.003527649666651764,0.9144,0.91465,0.91633,0.91664,32.0,0.0050793760000208184,0.91582,0.91609,0.91542,0.91643,34.0,0.006105252177257094,0.91676,0.91633,0.91539,0.91689
2023-10-09,0.0022921124149616174,0.90992,0.90795,120.0,-0.00346784884247504,0.90677,0.90682,0.9069,0.90649,,,,,,,,,,,,
2023-10-10,0.002268850562566717,0.90699,0.90396,,,,,,,,,,,,,,,,,,
2023-10-11,0.0022781683029763043,0.90339,0.90278,,,,,,,,,,,,,,,,,,
2023-10-12,0.0022565272053593705,0.89999,0.90625,31.0,0.0034607100148555236,0.90311,0.90276,0.90304,0.90254,41.0,0.0046448034641841315,0.90418,0.90369,0.90254,0.9029,116.0,0.005694927641137575,0.90513,0.90521,0.905,0.90466
2023-10-13,0.0022549585471256153,0.90703,0.90166,154.0,-0.003501044500740276,0.90386,0.90398,0.90474,0.90518,,,,,,,,,,,,
2023-10-16,0.002300526185991698,0.90189,0.90065,,,,,,,,,,,,,,,,,,
2023-10-17,0.0023114399062907597,0.89961,0.89946,38.0,0.00359509058693333,0.90285,0.90314,0.90277,0.90183,,,,,,,,,,,,
2023-10-18,0.0022889742606298155,0.8989,0.89844,130.0,-0.0035327653019431057,0.89573,0.89563,0.89559,0.89766,,,,,,,,,,,,
2023-10-19,0.002268151927196335,0.89731,0.8951,,,,,,,,,,,,,,,,,,
2023-10-20,0.0022443596122384292,0.89124,0.89194,,,,,,,,,,,,,,,,,,
2023-10-23,0.002327848965430915,0.89278,0.89189,,,,,,,,,,,,,,,,,,
2023-10-24,0.0022989651811248166,0.89309,0.8932,,,,,,,,,,,,,,,,,,
2023-10-25,0.0023077632333809092,0.8958,0.89514,,,,,,,,,,,,,,,,,,
2023-10-26,0.0022942979312657106,0.89799,0.89956,,,,,,,,,,,,,,,,,,
2023-10-27,0.002324482591389001,0.90166,0.90197,,,,,,,,,,,,,,,,,,
2023-10-30,0.002299953741820629,0.9022,0.90234,,,,,,,,,,,,,,,,,,
2023-10-31,0.0022839642689407033,0.90468,0.90936,125.0,0.0034538155922945995,0.90781,0.90815,0.90841,0.90854,164.0,0.00464278474210282,0.90889,0.90884,0.9088,0.90999,179.0,0.005852320427916254,0.90999,0.90999,,
2023-11-01,0.002261627317462115,0.90842,0.91028,,,,,,,,,,,,,,,,,,
2023-11-02,0.0023302055926925566,0.90245,0.90601,168.0,0.0036610832780925293,0.90576,0.90595,0.90609,,,,,,,,,,,,,
2023-11-03,0.0023978833949924354,0.89908,0.89702,,,,,,,,,,,,,,,,,,
2023-11-06,0.0023885970391777,0.89813,0.89781,,,,,,,,,,,,,,,,,,
2023-11-07,0.0024432527830391326,0.90093,0.90135,,,,,,,,,,,,,,,,,,
2023-11-08,0.002432962491846023,0.90004,0.89932,,,,,,,,,,,,,,,,,,
2023-11-09,0.0024066013292615685,0.90022,0.90051,,,,,,,,,,,,,,,,,,
2023-11-10,0.002383470497563563,0.9017,0.90237,,,,,,,,,,,,,,,,,,
2023-11-13,0.002390524105577331,0.90393,0.90199,,,,,,,,,,,,,,,,,,
2023-11-14,0.0023466542383853636,0.89555,0.89018,58.0,-0.003546003838706034,0.89238,0.89236,0.89227,0.89207,128.0,-0.004723325400263082,0.89133,0.8913,0.89083,0.89086,,,,,,
2023-11-15,0.0023208209565433358,0.88769,0.88748,,,,,,,,,,,,,,,,,,
2023-11-16,0.002631360542665358,0.8874,0.88781,,,,,,,,,,,,,,,,,,
2023-11-17,0.0026011545512779383,0.88674,0.88644,,,,,,,,,,,,,,,,,,
2023-11-20,0.0025712835298232943,0.88459,0.88483,,,,,,,,,,,,,,,,,,
2023-11-21,0.0025368936108456845,0.88274,0.88348,,,,,,,,,,,,,,,,,,
2023-11-22,0.002508697540364731,0.88422,0.8845,,,,,,,,,,,,,,,,,,
2023-11-23,0.002480771092195226,0.88389,0.88377,,,,,,,,,,,,,,,,,,
2023-11-24,0.002453405574923719,0.88284,0.88141,,,,,,,,,,,,,,,,,,
2023-11-27,0.0024281873316813387,0.88017,0.88149,,,,,,,,,,,,,,,,,,
2023-11-28,0.002395094880730715,0.87882,0.87752,,,,,,,,,,,,,,,,,,
2023-11-29,0.002376108248771902,0.8766,0.87424,64.0,-0.003817452888957766,0.87326,0.87378,0.87507,0.87627,,,,,,,,,,,,
2023-11-30,0.002375602724961381,0.8756,0.87475,113.0,-0.0038103566386184125,0.87227,0.87204,0.86893,0.8706,115.0,-0.004900062468552302,0.87132,0.87129,0.86944,0.87108,118.0,-0.00764679598686474,0.86893,0.87012,0.87075,0.87017
2023-12-01,0.002377434530120901,0.87628,0.87044,110.0,-0.0036241243743675854,0.87311,0.87305,0.87262,0.87263,123.0,-0.0050568140066392445,0.87186,0.87211,0.87209,0.87123,137.0,-0.0060092551391767585,0.87103,0.87123,0.87133,0.87078
2023-12-04,0.002358190187247396,0.87274,0.87261,,,,,,,,,,,,,,,,,,
2023-12-05,0.0023790166175925724,0.87313,0.87478,172.0,0.003601218015561375,0.87628,0.87632,0.87626,,,,,,,,,,,,,
2023-12-06,0.0023598874717691135,0.87338,0.8746,,,,,,,,,,,,,,,,,,
2023-12-07,0.0023492072405270088,0.87529,0.87421,,,,,,,,,,,,,,,,,,
2023-12-08,0.0023249411988660014,0.87933,0.88056,,,,,,,,,,,,,,,,,,
2023-12-11,0.002300356975305873,0.88029,0.88001,,,,,,,,,,,,,,,,,,
2023-12-12,0.0022882750720312896,0.87698,0.87615,,,,,,,,,,,,,,,,,,
2023-12-13,0.0022806354678951216,0.87519,0.87704,,,,,,,,,,,,,,,,,,
2023-12-14,0.002261385153769833,0.86917,0.86392,60.0,-0.003492174976585304,0.86614,0.86544,0.86597,0.86658,129.0,-0.004531808195246468,0.86524,0.86504,0.86498,0.86463,151.0,-0.005803940576037278,0.86414,0.86369,0.86429,0.86428
2023-12-15,0.00234320021305851,0.86913,0.86848,,,,,,,,,,,,,,,,,,
2023-12-18,0.002334145239037145,0.86765,0.86774,,,,,,,,,,,,,,,,,,
2023-12-19,0.002327686406898235,0.86402,0.86167,54.0,-0.003722110243875888,0.86081,0.86119,0.86123,0.86209,89.0,-0.004698411766117432,0.85997,0.85998,0.86032,0.86043,,,,,,
2023-12-20,0.0023166751085034244,0.86215,0.86172,,,,,,,,,,,,,,,,,,
2023-12-21,0.0023557349485071734,0.85793,0.85804,,,,,,,,,,,,,,,,,,
2023-12-22,0.0023319035521051842,0.85289,0.85587,109.0,0.0036281112781358887,0.85599,0.85582,0.85569,0.85538,,,,,,,,,,,,
2023-12-26,0.002362117393418939,0.85555,0.8551,,,,,,,,,,,,,,,,,,
2023-12-27,0.002291877578312584,0.85107,0.84368,99.0,-0.003460455430571453,0.84813,0.84782,0.84861,0.84709,113.0,-0.004829106461279531,0.84697,0.84709,0.84674,0.84276,119.0,-0.0058922828596822295,0.84607,0.84572,0.84537,0.84374
2023-12-28,0.0022767126368461624,0.83921,0.84055,50.0,-0.003652950294540871,0.83615,0.8362,0.83524,0.83492,55.0,-0.004741864419811647,0.83524,0.83545,0.83507,0.83433,69.0,-0.005712116102531756,0.83443,0.83433,0.83491,0.83458
2023-12-29,0.0026310700839132866,0.83943,0.83982,,,,,,,,,,,,,,,,,,
