date,fix_return,fix_return_narrow,control_return,post_fix_return,daily_log_return
2011-01-03,0.002060945820022612,0.0013747056367617973,0.0014703722690283189,-0.0001960976572613356,-0.0045146803545268056
2011-01-04,-0.0022875339429662927,-0.0004976362381870076,-0.0003962357654614589,0.00019912385569576305,-0.009686741751641402
2011-01-05,0.00020046106111018316,-0.0009022104767167869,-0.0004990767184489967,0.002202423555199942,-0.007177064300363369
2011-01-06,-0.001306992595443796,-0.001608363836862976,0.0,0.0016083638368628694,-0.006825965070399871
2011-01-07,0.00030067652444008895,-0.00020040080227383815,0.0002016535598685288,-0.00291033373167407,0.002816336603039497
2011-01-10,-0.0007062503446461823,-0.001412857233712831,-0.001718126654398037,0.002520035606105786,-0.0005025883404781811
2011-01-11,0.002132088730915563,0.0018274116760558714,0.000610128145833795,0.001013684830846201,-0.012647510116909639
2011-01-12,0.0015111069213020517,0.0008059641782240883,-0.0016146940636104978,-0.0001006694519398523,0.013652434329708545
2011-01-13,0.00020032051349044247,-0.0003005861452420287,0.0008027293226553567,0.001601121126600429,0.0022072849334999318
2011-01-14,0.0006068575082570463,-0.00010111734676702185,-0.001716218683827998,-0.0008092252110624673,-0.009263054554078002
2011-01-17,0.0007038359347417383,0.0005027399432218373,0.0012102875910029983,0.0,0.002016942999203055
2011-01-18,-0.0006017450788334632,0.000501579987442981,-0.0012015621752028936,0.0010027073937483018,0.0047238642544817485
2011-01-19,-0.0005986829155068601,0.0,-0.0006971764636752414,0.0009976058289451932,-0.0006018054344116105
2011-01-20,-0.00020298386347990702,0.0008121827857625976,-0.0008031322588108109,0.0015213756167381683,-0.011402171863547826
2011-01-21,0.0,0.0003028620486528897,0.001722653311446156,-0.000303290706464704,0.004253170968415503
2011-01-24,0.0056208117471014,0.0037061193319537986,-0.00030313747516527126,0.0009004052431640947,0.008154270782845278
2011-01-25,-0.0019171591564038578,0.0002014910343307684,-0.0009054782046296805,0.0009085862015190617,-0.0024091559534293577
2011-01-26,-0.002008234433344274,-0.0016061035373845821,-0.000200541462619387,-0.0003015833146758086,0.004312296709150761
2011-01-27,-0.0009065727138157151,-0.000906025128671792,0.000201612903908685,-0.0020175533929388595,-0.009855268825123121
2011-01-28,-0.0011069183520162978,0.0,0.0,-0.0009065727138157151,0.004336214125599654
2011-01-31,-0.001204214897153367,-0.00030088762074449764,0.0005034486337016977,0.0017055434282328608,0.01048396699420118
2011-02-01,0.0020784884010688768,0.002374827951673743,-0.0004972403264898684,0.0005930612015281968,0.013644950510609115
2011-02-02,-0.0015882473062709189,-0.0008934333249286224,0.0,-0.000496845044254589,0.000395608748112976
2011-02-03,0.0012864283600818453,-9.898539973437847e-05,-0.00029604776453452853,0.0030609749893569984,0.0031592483577445657
2011-02-04,-0.004432849695913354,-0.0018723829072064611,-0.0005893330884644312,0.0005921831993034299,-0.0008875302589400696
2011-02-07,0.0007879444906830576,0.000591016565666947,-0.0004936565238228874,-0.0018723829072064611,0.0006911873886626075
2011-02-08,0.0012783324421370363,-0.0005902026533709771,-0.0023617409127771136,-0.00029485478615506704,0.0016766116654951247
2011-02-09,-0.003361347702704883,-0.0018781204551919272,0.0013850417726617003,-0.00049527018000149,-0.004147334867318577
2011-02-10,0.001693986753550335,0.0006974543201072858,0.0019920325312405766,0.0012934681670049397,-0.009245058144050938
2011-02-11,-9.985521002851263e-05,0.0005991611922805273,-0.0005013285310795031,-0.0016990659227094469,0.0005990415514601951
2011-02-14,-0.0010978592848797184,0.0,-0.0007985626297798288,0.0005989817489656911,0.0004992262097592433
2011-02-15,0.0014019629774767906,0.00020022024293543685,0.0011964109104086879,-0.0009010362525804723,-0.004802890961678127
2011-02-16,-0.000901668147047477,-0.0016012813669738792,0.0004999250216603233,0.0009016681470473603,0.0060997139276013105
2011-02-17,0.0014886123921955625,-0.000992063573428253,-0.0004984796474289138,0.0029705933321180276,0.008635717968396277
2011-02-18,0.0009890219380019145,-0.0003955305104466911,-0.00029680930220370746,0.0025668885651085045,0.0024677965241141557
2011-02-21,0.0,-0.0003964714096935455,0.0006931036467378438,-0.0005948250398441649,-0.005932974982780288
2011-02-22,0.0,-0.0017953326186743745,0.0005989817489656911,-0.0024991266068612418,-0.008265744417032539
2011-02-23,0.0002996553985367177,0.001099945113649902,-0.0001995211499036435,-0.0013991607319534282,0.002596625847265914
2011-02-24,-0.002874277215443214,0.0,0.0011921320704529766,0.0014877265327707682,0.00774966620687833
2011-02-25,0.000787789307113965,-9.847850714541955e-05,0.0007914523563117734,-0.00039381707705985803,0.006904061352383443
2011-02-28,0.0005891594828706176,0.0001965215688745914,-0.0004927322100181951,-0.0014735500480558903,0.004428051515732004
2011-03-01,0.002164290072563785,0.0010818786400713003,0.00019630938421897443,-0.0020658115654183604,-0.005217317539340223
2011-03-02,0.00039342972869033435,-0.0007863181061724807,0.0023694354061058963,-0.0014761602837976907,0.0026612799699790575
2011-03-03,0.0003947108794091983,-0.0007891103191092533,0.00029502876744464437,-0.0006908463141779648,-0.003352399116805126
2011-03-04,0.0002965745659619378,0.00019764798957500924,-0.000493705267989071,-0.0007910610518329597,0.001184483407659741
2011-03-07,-0.002561830152702149,-0.0014781968693110058,-0.0004921017765760954,-0.0026673268469175567,-0.0023689676462357316
2011-03-08,0.0009919651641696937,0.0008924587830195697,-0.0005935892536778147,0.002277792517386969,-0.003266521093089457
2011-03-09,-0.002472189145389037,-0.000989413358640864,-0.00039631428240909436,0.001088516262048258,0.0007928642635371728
2011-03-10,-9.996501232890719e-05,-0.000399840069301327,-0.00039856517068065866,0.0008993255664842943,-0.007857218800289043
2011-03-11,-0.0007951496294113478,-0.0005964214888527082,0.0008008008435956326,0.006244754396976056,0.012108127282481018
2011-03-14,-0.0028819895724226294,0.0001985308722026197,0.0010905667070068388,0.002881989572422747,0.00019801980262734245
2011-03-15,-0.0026273256827154686,-0.0005055356257505203,-0.004642252761152613,0.0018196527463307623,-0.021009176089343433
2011-03-16,-0.0028314307519799768,-0.004956764991704579,-0.002519019922385098,-0.0036522309035571824,-0.010672459890771872
2011-03-17,-0.004163922128573082,-0.002031488763661133,-0.0009131957410019934,-0.0003053590537240293,-0.00020439448206058125
2011-03-18,0.00282229801288702,0.0017117257363782254,-0.00020202020270724766,0.0013076499373780252,0.017527423021075933
2011-03-21,0.0005970743534928765,0.0014938010047601564,0.0005977286489977721,-0.0009953220688321497,0.010192953244427466
2011-03-22,-0.0011880013277245657,-0.000989511262214994,0.0,0.0018803508929904611,0.0031764966157444017
2011-03-23,0.0,-9.905403405652156e-05,0.0013860016078769313,0.0007920008334001793,0.003759031036302841
2011-03-24,0.0029440649331492997,0.002256119452251364,0.0006896891745875266,0.0009794320077774177,0.007867861200613738
2011-03-25,0.002337359848704772,0.0014599253164851874,0.001173594266730747,0.0,0.004983642503141754
2011-03-28,0.0006813647024693676,0.0004864996447207225,-0.001457372130669662,-0.0007787404267782307,-0.0003904724766519504
2011-03-29,0.0024448694394295714,0.002446783701727048,0.001268602268208421,0.0005858803018873288,0.004286834312365794
2011-03-30,0.0,0.00019398642155892814,0.0006790512944637662,0.00029096552263848367,0.003203108780853009
2011-03-31,0.0012574359639123767,0.00019355463139899298,0.0,-0.0006768844236587309,0.0010654269979698048
2011-04-01,-0.0009664637845149529,-0.0005803269337836666,0.0002901213694736912,0.0021249887258336813,0.005310174196528577
2011-04-04,-0.00038669760729357976,-0.0011602050996881096,-0.0009630201052425023,0.0004833486487836721,-0.002313254043593952
2011-04-05,0.0024237735458734326,0.0,0.0,0.0015481377063996482,-0.004061115618284151
2011-04-06,0.0018273628552202866,0.0010577432593475208,0.0010600877974401503,0.0026868838734417943,0.010984885945367851
2011-04-07,0.0007630675685024268,-9.533342873893922e-05,9.542440009140486e-05,-0.001622215156073738,0.00287081536879896
2011-04-08,-0.0007592294186473426,-0.0010439900345551563,-0.001045081088896242,0.0,0.009226298386778426
2011-04-11,-0.0001897173217603864,-9.486315996294795e-05,-0.0005682356436637423,0.0004742258352257927,-0.00598661929565687
2011-04-12,-0.0029528049268205416,-0.00381170653996017,0.0005724644751318784,-0.0016229895204195475,-0.0048726986966538275
2011-04-13,-0.0009531072013926784,-0.0008579191222553538,0.0003814973818323922,0.003711992079319134,0.005444399522134723
2011-04-14,0.0007614696731921869,0.00028548318222144004,-0.000569800585217096,0.0018061699857626027,0.0038030089569860946
2011-04-15,0.0010429012559378126,0.0018968139222784973,0.0007604563104115124,-0.0005687203944759167,0.002842795432929975
2011-04-18,-0.0041896842851501396,-0.003808802928640932,-0.0012331042586917124,-0.001432322994933059,-0.005036357868414654
2011-04-19,0.00038087983701736583,-0.0006665714668556775,0.0,0.00019038553127461726,0.002568861124385647
2011-04-20,0.0036556257610432926,0.0014064040572372893,0.002446599507795172,-0.0011233852520120841,0.016304965145947616
2011-04-21,-0.000186167737668794,0.0002794466973615521,-0.0006509508761967506,-9.309686735759161e-05,0.004756362429250966
2011-04-22,-0.0006517994550792562,0.0,0.0003727865840002372,-9.314889858186839e-05,-0.0013965832538574822
2011-04-25,-0.0027045947938924763,-0.0012125170538371149,0.001117318551992598,-0.0005604857689931089,-0.003351334359925495
2011-04-26,-0.0006514961373347696,0.000186150410068379,0.0031675077722309033,0.0022319362004164004,0.0060428761954900755
2011-04-27,-0.002868645838947003,-0.0004623422339515089,0.0015713826776443222,-0.0002780481041130355,0.005914442894674903
2011-04-28,0.0020176089015988352,0.0016488049901838859,-0.0002745115998388964,-9.162123786697476e-05,0.006795251124730395
2011-04-29,0.0014619885644994101,-0.0010969925224786335,-0.00045785450184012387,-0.00036529680771510924,0.0038363218405887438
2011-05-02,0.0021885837661680067,0.002098445184068909,0.0005479952644213045,0.0023655729346306127,-0.0031036081507756683
2011-05-03,0.0011944688331560578,0.002113097391544061,9.191598885106e-05,0.0007343492160376244,-0.009738248754661935
2011-05-04,-0.002673428649223258,-0.0006454290021671458,0.0008288438104009123,-0.0037919120579756583,-0.009740788554626907
2011-05-05,0.0010307830177549247,0.0010299144208914125,-0.00046643967448589934,-0.0022503525671049335,-0.011815591324331463
2011-05-06,0.0006508903479599034,-0.0005579838329463154,0.001031846627830157,0.0012076735175821664,0.00920194286550892
2011-05-09,-0.0006523461393448002,-0.001025019891265134,-0.0014849190663554232,0.0,0.007071770422381695
2011-05-10,0.0013903695987772318,0.0010199824705518924,-0.00018551154862588023,0.0016658958040549226,0.005271200997026838
2011-05-11,-0.0020383589008921626,-0.0025028981779952296,0.00045996045151115586,-0.0017637507473158482,-0.012903404835907954
2011-05-12,-0.0004694174615606224,0.0004710981384531876,-0.004525321194880635,-0.0031036940033402098,-0.0035567240789247294
2011-05-13,-0.0005633802965914185,-0.001504466668349206,9.347104741114269e-05,-0.0037640018091358958,-0.008852949136787976
2011-05-16,0.0038732276469182294,0.0015094342488543404,-0.0006614694311581734,0.001507443285269185,0.00047301453036515024
2011-05-17,0.002367985951408265,0.0001893043072382332,0.001038863010747486,-0.001514864898670238,0.004717880047487015
2011-05-18,0.0008498985355064351,0.0015098615683283721,-9.413093620170761e-05,0.001509149503556837,0.0007527995085917865
2011-05-19,-0.00037583388584823163,0.0016899825635209034,-0.001315418774660612,-0.002540580053891419,0.003005543729574437
2011-05-20,-0.005074721914064682,-0.0031954914409427896,0.0007482929916092004,0.00018841262420333716,-0.00046902116145191496
2011-05-23,0.0014274161437786029,0.0012354480069872728,-0.0013271402080625746,-0.000951384335865079,-0.01285704986170594
2011-05-24,0.0017984765129744288,0.00037871615677024704,0.0011360410196523047,-0.001798476512974286,0.004177750094616265
2011-05-25,0.0010488677957992422,-0.0001905487810643276,0.0012399257633203516,0.001618816713085908,-0.002846571805429698
2011-05-26,-0.0007550731835858464,-0.001982161203991211,-0.0008496578278442203,-0.0006611570488775799,0.010115898128421775
2011-05-27,0.0010294324993139945,-0.0002805967375656307,9.362857550961744e-05,-0.00037421648860311703,0.006843242079404534
2011-05-30,-0.0006547869837801397,-0.0005613247410929096,0.0005609049413209011,-9.35760071800759e-05,-0.0025232479160088713
2011-05-31,-0.0012185407141188014,-0.0014067997630815721,-0.0008416328172498148,-0.0002814126935694961,-0.002904935744726179
2011-06-01,-0.0027040904164221864,-0.0022392246714175537,-0.0005593362688941287,-0.0006538084574187324,-0.004043449018348117
2011-06-02,-0.002066698715886738,0.0009395847726845537,0.0004701678585837993,0.0006580493774478258,0.005450116854742419
2011-06-03,0.002442691932351026,0.0012200273673226003,0.00037512895497586246,0.0032788450378533934,0.0040215158243407404
2011-06-06,-0.0013968433616393851,-0.0007446709829366788,-0.00018601190529824975,-0.0007457817069816541,-0.000372856081873615
2011-06-07,0.0003734129991111907,0.00018674136375462043,-0.000467180573785542,0.0003732736138901589,-0.0009327488783710641
2011-06-08,0.0007524454832064234,-0.0005645996197784748,-0.0009402031531264708,-0.001034758570292913,-0.008340019291804331
2011-06-09,0.0016992357529598428,0.0016047579787858493,-0.0007555723819977456,0.0006600349115199832,-0.000188217580077502
2011-06-10,-0.002931028430314862,-0.0009461633783726131,0.0012254325896052503,-0.0012317022732972105,-0.00850666755432806
2011-06-13,0.0005676442914957422,0.0,-0.0011364713790669248,-0.0007569306823693867,0.007948565694304511
2011-06-14,0.0025341418601732063,0.0014077239432321326,0.0010344666366620147,0.0020601187171859965,0.0064822435635164405
2011-06-15,0.0011255980927654967,-9.375146493524975e-05,-0.000280491797454155,-0.00028128076693817374,-0.011395329787983653
2011-06-16,0.0018037694167663465,-0.0009495775093928012,0.0004742258352257927,-0.0007590853386601736,0.00028410436291283035
2011-06-17,0.000847896795816781,0.0014135609949293697,0.0012353306079925864,-0.0007536505302553966,0.005665202575065126
2011-06-20,0.0003789673186048386,0.0,-0.0005714285869776052,0.0016090108057004642,-0.0020778246992020047
2011-06-21,0.0011331445971688972,0.0003777505002893473,-0.0012297215757682812,0.0008490166068224857,0.0013227515156163097
2011-06-22,0.0020760600077107676,0.0016960335734283207,0.00018864365270045882,0.0018835944540603715,-0.002174016641507954
2011-06-23,-0.00028643720060274845,-0.00047739534014059254,0.0006644203177367311,9.548818340990709e-05,-0.0032224461588266353
2011-06-24,-0.0024663264256618517,-0.0013273918702596756,0.0029407600759707225,-0.0020916531679840296,-0.004281032081730699
2011-06-27,0.0018240296901918713,0.001439746853298447,0.0017267847728967914,0.0014376769620592035,-0.0029615498120696363
2011-06-28,0.0024783160144670005,0.0006668889877037743,-0.0016248510145947643,0.0011417698671398863,0.007909699597786543
2011-06-29,0.0007530120837742603,-0.0007539346318864217,0.0020786099698731405,0.001410371161340336,0.01282673437827539
2011-06-30,0.0005591798840950922,0.0007446709829367809,0.0,-0.002425374323254252,0.0033679515417051626
2011-07-01,0.0027091426724287085,0.0014028526967496337,9.33924819730433e-05,0.0013984060452544463,0.005681039726238905
2011-07-04,-0.0003727518447781546,9.322705455878266e-05,0.0007451565173411531,9.320098799792099e-05,-0.002788883466084737
2011-07-05,0.00046731156511906936,0.0007477334678696184,0.0005608525104954441,-0.0003738317800545336,-0.005507598519517268
2011-07-06,-0.0010296252138141445,-0.0010295288475456392,-9.348852435168719e-05,0.0006553386931162914,0.0011226495706184354
2011-07-07,0.000743632679741764,0.0010222574190723412,0.00037250885139250464,0.00027871974909831953,0.006988148633928383
2011-07-08,-0.0006524069386537684,-0.0005590756761351543,-0.0004640155992496271,-9.323574665271795e-05,-0.0015797057599079357
2011-07-11,-0.00046823056528063066,0.0,0.0,-0.0039418164601312,-0.005520998443543251
2011-07-12,-0.0005655575605548589,-0.00047127575215995406,0.003221530169135374,-0.0008489365222391844,-0.006306793625504221
2011-07-13,0.00513324194050807,0.005041556752663289,-0.0012184265062352713,0.001767195734987625,0.017411279494747703
2011-07-14,0.001393728448603883,0.0009288501503778076,0.0017678534494907322,-0.003720934525690074,-0.005210283465406764
2011-07-15,-0.0007510327052229913,-0.00037530493966512525,0.001220485529147869,-0.0008455865585813988,-0.007584661108426902
2011-07-18,-0.0022641519106383844,-0.001508580335132742,0.001507301274543151,-0.0015122876228121382,-0.0030131849539943877
2011-07-19,0.0014968662164354352,0.00028080685353244295,0.001125703683603098,0.0002804131438667755,0.011159678811229572
2011-07-20,-0.0007451565173410337,0.0006521638093915786,0.0008381059297684383,0.0007451565173411531,0.0018634124463968525
2011-07-21,0.0026902933801246053,0.0029670860895932728,-0.00018670649792841985,0.004068052947471619,0.008527255303916851
2011-07-22,-0.0004609357076307548,0.0005532503598932583,0.0009223391172221425,0.0010137782537303131,0.001383444998146138
2011-07-25,0.0010143391528555645,0.00027671447854464625,0.0012017565578526187,-0.0006453694964236418,9.219563921159723e-05
2011-07-26,-0.00018279864779900177,0.0007316627361339227,0.0001830663620672161,0.00036556388635940195,0.009998707342751269
2011-07-27,-0.0024437718637866624,-0.0014482261763646524,0.00018076645023913757,-0.0010880407275212054,0.006187462870471147
2011-07-28,0.0002720965052386929,-0.0004537822830513577,-9.040365236907485e-05,-0.0009072764186136161,-0.0016341356337357437
2011-07-29,0.0,0.000365263450321572,0.0012804099060446127,0.0025524170648383525,-0.0011818720408404053
2011-08-01,-0.004356909860273326,-0.00445273124262525,-0.0005437738035023493,-0.00273273990432366,-0.002822417314966371
2011-08-02,0.0001843487884287705,-0.00018421295069146926,0.0002757479681060161,-0.0012911557636199273,-0.0174749227487082
2011-08-03,-0.0025164280020429763,-0.0008381839838803544,0.0007432181687336577,-0.001213875680123868,-0.0004640155992496271
2011-08-04,-0.0017949086109319877,-0.0011329306347746307,-0.00028172982296494433,-0.0016087062849532185,-0.030632431377980173
2011-08-05,-0.003431516092450873,-0.004106389764953885,-0.002006402048907044,-0.0030601534830352654,-0.0006702092261019129
2011-08-08,0.002223189741748966,0.001351482008970015,-0.001350960352144636,-0.004742326816623262,-0.021844468430548263
2011-08-09,0.0005894488823779132,0.0029539210135998027,-0.00029566845925731004,-0.0018677813245148419,0.019633247993925518
2011-08-10,-0.0033157822460334447,-0.0031195190047175855,-0.00019344230643551734,-0.0024451085583962464,-0.02307457679205021
2011-08-11,-9.762288288121106e-05,0.0005861664880611708,0.001167656063386346,0.0026324784860692237,0.018540734076580752
2011-08-12,-0.0008717974107639596,-0.002419082896278103,0.0015538509487492526,0.0007749685556896414,0.00096637038830952
2011-08-15,0.0013376650188773444,0.0,0.00028794932290919896,9.547906628745728e-05,0.013604348542484459
2011-08-16,0.001147337347393002,-0.0008609557139651939,-0.0013429258612972362,0.002004678252377941,-0.003909048215560059
2011-08-17,0.0016068815783288717,9.450455991532435e-05,-0.0005721369470458561,-0.0005668398829147685,0.0064749797730805315
2011-08-18,-0.0072070652607413525,-0.004521629715402733,0.001718541572472669,0.0025043357338352156,-0.015398898324217902
2011-08-19,0.0016285868426899536,0.0006705944591964059,0.0012558568041934122,0.0,0.0029834967513497415
2011-08-22,-0.0023929181076127494,-0.0014361628204512718,-0.0008632680023905079,-0.0007669447217081332,0.0008662592581746485
2011-08-23,0.001813583277594224,0.002770746529674306,-0.00019040365632536814,-9.536979645777139e-05,0.012714668682937505
2011-08-24,0.0016197421482269526,0.0009513843358651167,0.0016246957270017613,-0.0015243905390963889,-0.005907029371224633
2011-08-25,-0.0008584100865706821,-0.00267073794766263,0.0004779429427117429,-0.0022927025709752733,-0.004021453140777836
2011-08-26,-0.001907487464394884,-0.0021945526674093606,0.001525407865620344,0.004666897369844706,0.014099500029340694
2011-08-29,-0.0005645996197784748,0.0,0.0002826322502211169,0.000846779934871013,0.00884961527698238
2011-08-30,0.0009381743816002417,-0.002720324364122478,0.0,0.0004687573329165218,0.0002811489639436771
2011-08-31,0.0014033776920836685,9.352349784701232e-05,-9.364611141363445e-05,0.0012146696190957873,0.0013109843623118208
2011-09-01,0.0007462686913504412,0.0018646285469637168,0.0005603810737846829,0.0012115000782855602,0.0033632318697664533
2011-09-02,0.0009373828957853212,0.0006570610833851002,-0.001122649570618494,-0.0007498360085139479,-0.007771210871117006
2011-09-05,-0.00265629603109633,-0.00037986705110151846,-0.001890002452609683,0.0039818027580224005,-0.004823388554077724
2011-09-06,0.0006645464715065868,0.001517882845266968,0.0,-0.0019949657497558004,-0.005418521741691836
2011-09-07,-0.00028273879835867473,-0.00018844813020995924,0.00047132017651505643,-0.0010373934065640834,0.015323795879712084
2011-09-08,-0.0003763289159099968,-0.001975448645801694,0.002451906169903986,0.002349735561127564,-0.00687611619890709
2011-09-09,-0.0032470661706684696,0.0011479959167602469,0.000188714852418878,0.0009561144241125982,-0.010642441762253978
2011-09-12,0.0028982727272687503,0.0025094116054259286,0.003104086302673923,-0.003963080920418379,-0.0060685058363807885
2011-09-13,0.0020316361653560868,0.0036771862607608485,-0.0009726681050872583,-0.0023222071393604942,-0.0036782540744918595
2011-09-14,-0.004985591244779056,-0.002055096872436231,-0.0033271387968076375,-0.0009804883617148487,-0.0055428741125421776
2011-09-15,-0.001551741170646308,0.0018420675139451,-0.0009749440179485,-0.0017485918580105613,0.007480483709249972
2011-09-16,0.001926597262912455,-0.000385542173450305,0.00048409740985088425,-0.0018301791940917363,0.00260983184237095
2011-09-19,-0.003042349861234693,-9.806325087537047e-05,0.0007811737532291956,0.0012769512073559468,-0.007707731217099
2011-09-20,0.0001947609315729592,0.0013647886696325474,-0.0006832935011324766,0.0029168712951234102,0.0053724182943228746
2011-09-21,-0.0013697292034878154,-0.00039150436048654023,-0.001951791387640155,-0.0019600163076022212,-0.020968430789550987
2011-09-22,-0.003370617562220155,-0.002456249315967655,-0.0031166767298701215,0.0018399269220070735,-0.031017286721821725
2011-09-23,0.0018397388672279653,-0.0001019004433551928,0.005289403034992198,-0.00010211896868719884,0.0033806311969295424
2011-09-26,-0.008420670007728899,-0.0038994405491195616,0.0015456749947331352,0.0018545235069942503,0.005300725969074962
2011-09-27,0.0015083717475973654,0.0010063400265605815,-0.00010119921073249575,0.0014057638623893585,0.006889591588294015
2011-09-28,0.0010091836561419557,-0.002219756738312888,-0.004039593455298834,-0.0024237539637613696,-0.01577400029510574
2011-09-29,0.0010145075436428395,-0.00040584416141467675,0.0005071251186323829,-0.004166037626297122,0.0019470211612691293
2011-09-30,0.003397336875504416,-0.00020590960641070832,-0.000718870377555953,-0.0010282777255659324,-0.011118088583976936
2011-10-03,0.004563376514844067,-0.00041575720378533106,-0.0014521317768005318,-0.005499365351311897,-0.014686999068715392
2011-10-04,-0.0016947361327726933,-0.0035063522084560145,0.004657078696447794,0.00010600519435386696,0.0018869908104729464
2011-10-05,0.00020861583469841826,0.002295972622041268,0.0021972281923797916,0.0019796828554634787,0.011247775318646737
2011-10-06,0.002276491049367486,-0.0020695371624902532,0.0028794754572755454,0.0007232526016570181,0.007839941126045675
2011-10-07,0.0019304044602722636,0.00111828405899919,-0.0011222773202619045,-0.0013204003746630222,0.0036923118871273705
2011-10-10,0.0026107053687646426,0.002309353905497506,0.003841104490170094,0.001302801206467206,0.023794976762689074
2011-10-11,-0.00030203876393726026,-0.00010078105324732068,-0.0019134906890870675,0.0030162902418071776,-0.0035082479725107806
2011-10-12,0.0038436946745629363,0.000889196323964015,0.007780587879667073,0.0007866273758625769,0.017320759516678167
2011-10-13,-0.003454916817001942,-0.0014822869456462236,-0.00530296833414202,0.0005931198275895065,0.005216803996232321
2011-10-14,9.703556361005927e-05,0.0,0.0035200975039847058,0.0009698381130659683,0.01490892414214335
2011-10-17,-0.0022420441228859986,-0.002145505016499297,0.00038669760729357917,-0.00029281148030204046,-0.01542396840314311
2011-10-18,-0.0013771397022034537,-0.0030534374868902317,-0.0009851246979339118,0.002654216353004879,0.00939985379976217
2011-10-19,-0.00019415590780336937,-0.0003885381301913262,0.00038819876263900135,0.0003882741264077312,-0.0030257209165370676
2011-10-20,0.0024384308595351675,-9.766101868206784e-05,0.002448940833070189,-0.007235072624340441,-0.00029329813965933346
2011-10-21,0.001741823548570162,-9.673518749981815e-05,-0.0012703377874860576,-0.0010640871620725943,0.014367784292886461
2011-10-24,0.0026899814472089354,0.0005761475096959786,-0.001251745385146282,0.0009589567286468611,0.013271977848250467
2011-10-25,-0.0013417675005172622,-0.0011521844769591526,-0.0011448198159330848,0.0021076842445176764,-0.0035411818600657157
2011-10-26,-0.0043283865008381635,-0.0016353233407307532,-0.00328122278564564,-0.0032828068489254244,-0.0032651522334371454
2011-10-27,-0.0024342302067719645,-0.0008434469362777403,0.0014195809888810746,0.0010305898696402968,0.030130180679524658
2011-10-28,0.002153458067348304,-0.0008421053129221128,0.0006554000515490536,0.0020554991820959595,-0.0014010183022989881
2011-10-31,-0.0012280951900146982,-0.0010383726802631178,0.0007580783078862008,0.0025489747103006467,-0.013291424402314091
2011-11-01,-0.0009681480086255778,-0.001453559052380739,-9.658569573349676e-05,-0.0027158115625418463,-0.023620877367596483
2011-11-02,0.0013480984227503435,0.0013479686231324622,-0.004332971008123782,-0.002794509166217985,0.0018443921163089029
2011-11-03,-0.0008698594275833067,-0.0022221157880404556,0.00019472300713858397,0.0009664637845149595,0.008306016460026839
2011-11-04,0.0014517302331867232,0.0007741436423005516,0.0015414261240841837,0.0016427505264586775,-0.002214627066624679
2011-11-07,-0.000193162063571396,0.00028986907783040634,0.0007776050158546974,-0.0016433857437300147,-0.003565066164496146
2011-11-08,0.000774893490924569,0.0,0.0008723889469100826,0.0,0.0015432101828057106
2011-11-09,0.00245591753678364,0.0014739844461050036,-0.002442480819556087,0.0006865774385735515,-0.0234020039953049
2011-11-10,0.00019784350643233336,-0.00039572616266316495,-0.00434482761109674,0.0020749970391602166,0.0014787797834559487
2011-11-11,0.0012687260765926365,0.0006824275185632666,-0.0004926836577957598,0.003602204158003789,0.011946871431832807
2011-11-14,0.0001959247655170117,0.0012730746467981126,-9.745163970099442e-05,-0.002059127069667734,-0.012273678331328301
2011-11-15,-0.0010825174505918861,-0.0026549993470963186,-0.0012817354478430834,-0.0009851246979339118,-0.006193796530130969
2011-11-16,0.0032591012009069243,0.001281988243227762,-0.00443372320972541,-0.0006904374688639087,-0.00901487109621554
2011-11-17,-0.0009940358671393073,-0.002483732835123307,-0.00019874788895792486,-0.00029840354326956896,-0.006789841362372164
2011-11-18,0.0010958905206368877,0.0003980099555029523,-0.0005983247087154252,-0.0014946941151550072,0.002601562403869664
2011-11-21,-0.00030495552968228993,-0.001730192279363295,-0.0016153461362063252,0.0006098180898402044,-0.014513457738015755
2011-11-22,-0.0037599759758514192,-0.002134906519208563,0.0011164680175209936,0.0015260189135680024,-0.00030461491833242555
2011-11-23,-0.0007236264336025537,0.0006200268876942083,-0.0028756310254618523,0.001446729610609233,-0.015453410938706382
2011-11-24,0.0001028119057091136,-0.00010282247708405268,-0.0026617542332812816,0.000719387523959233,0.0005155436521876926
2011-11-25,0.0002050651088905741,-0.0013314899288783602,-0.0012386459056816812,-0.002052545876598344,0.0008243174088614329
2011-11-28,-0.003625746745705518,-0.0025172444445532753,-0.0005034486337017093,0.001210043507533084,0.007905179507113247
2011-11-29,-0.0016977085018362165,-0.0016980476536750699,0.006885224026948832,0.0011986815939304609,0.01094333495173566
2011-11-30,-0.0007779074682444593,-0.0023350857078468243,-0.00010030593317999132,-0.0036057145726214866,0.023291292683482775
2011-12-01,-0.002250159928044424,0.0011741684323551462,-0.0012718291593546728,0.0011746281695136488,-0.0031265291711923488
2011-12-02,-0.004686593229505139,-0.0016595893885716407,-0.00048740070175780066,-0.00029364263902087044,-0.0004894044046198141
2011-12-05,-0.00042720935849854976,-0.00024283043270282914,6.821315639539675e-05,8.739858128525174e-05,0.001786054612727544
2011-12-06,-0.0012125243501477539,-0.00025441308994713215,0.004187995983918914,0.0005673315030928225,-0.0007901552919851055
2011-12-07,0.0018240615288834996,0.0011314094080014446,-0.001432071828839861,0.0006722099886333208,0.002767682275035125
2011-12-08,-0.003138088146887465,-0.001517606976572784,-0.0009041284283744096,-7.857851471018461e-05,-0.009681280388041178
2011-12-09,0.0027206892166116298,0.003262838023256317,0.0029591237257280325,-0.0008635324900976968,0.0037565084167004137
2011-12-12,0.001340702430858847,0.001717062360163219,0.0027408798853358553,-0.0018178301312087764,-0.016390975212945837
2011-12-13,-0.0034860494431680758,-0.0022126646820348054,0.0004750264817619419,0.0013681384548536956,-0.005273525799693524
2011-12-14,-0.004185562411313197,-0.0021786940493507727,-0.0008780858294343559,0.0008284167611891074,-0.008538335868271862
2011-12-15,-0.0028391090984594266,0.0008361583546405545,0.0022933820246828465,0.0018533819443419537,0.0036294021088486513
2011-12-16,0.0004606126229214807,-0.0002103713061298485,0.0004099405643600418,-0.002997781482130343,0.00446821538134494
2011-12-19,-0.0028909177890160003,-0.0013998481587811531,0.0003517428896266106,-0.00027239847019963333,-0.0045278539900845466
2011-12-20,-0.00045642166215449897,-0.0006843710748402267,0.00015002925598635585,-0.001002874660190542,0.016026593266914663
2011-12-21,-0.002324081097744221,-0.00206519330328619,-0.0004323899438435443,0.0013414751280116535,-0.0008240626753933156
2011-12-22,0.00027649951788723227,5.9248141107008835e-05,-0.0007897179143322226,0.0009671466967884195,0.0064058039398278265
2011-12-23,0.0010448394756407862,7.88363751441543e-05,0.0001969744727452279,-0.0004434305832822053,0.0018536783063752504
2011-12-26,9.839614295067458e-05,-5.904407642013955e-05,-0.00023616701053449192,-0.00022632560478822513,0.0005219592300933955
2011-12-27,0.00028557501708135433,0.0006106329104190963,0.00015750666974872717,0.00036423596986736196,-0.00114275593911497
2011-12-28,0.0006626348382879714,0.00010884138358025177,0.0002554830608976731,-0.002593701337231334,-0.006894021023762345
2011-12-29,-0.002326008284069746,-0.0008700811306271881,-0.001360321523621997,0.0038967125095520426,0.006213658334637404
2011-12-30,0.0038842979571122598,0.003879060406845801,0.002116882181155682,0.0005759778358963,0.006714304618979723
2012-01-02,7.826639929626921e-05,0.0001663087770844222,-0.0005577490567453022,-0.00025438819775952857,0.0042334209674281045
2012-01-03,0.00026018203252574124,0.0009155700544645014,0.0021797159500338567,-9.635582285686142e-05,0.011504525913704029
2012-01-04,0.0020238315411309532,0.001995815264877507,0.00014489603734691133,0.000812253467725336,-0.0027428500323507855
2012-01-05,-0.0017461289645692463,0.0003807162392174854,-0.0008285206507525116,0.0013659471551014097,-0.008722651491104287
2012-01-06,0.0024553572846497227,0.0008510264185071839,-0.0012004861946246284,-0.0003126984928005076,-0.0022072692550636906
2012-01-09,-0.003180586440716102,-0.00020549855489408668,0.0004301874314735784,0.0012930276275994533,0.005075879981776148
2012-01-10,-4.841091182911709e-05,-0.0012976701865555003,0.0008427742299944154,-0.0005229872374731922,0.00446770423150592
2012-01-11,0.0010897804976450478,0.0004957737817780156,-0.0016286332777620373,0.001224585154782692,0.001765996305972551
2012-01-12,0.00019398077711348466,0.0021836930544969265,0.0003484522945993655,-0.00026188293982333294,0.0017241717593914458
2012-01-13,0.0022962792867945968,0.0021404117760705694,-0.0023577168135037094,-0.0001943955761688808,-0.0007745408812281455
2012-01-16,0.000997477336833445,0.001375556009246155,-0.0015628870962027279,-0.0003001069758672603,0.003942097132509266
2012-01-17,0.0002981356924164565,0.00039442229670678985,-0.0013703686327310475,-0.0008176811980080995,0.006067182502083048
2012-01-18,-0.0009720745894250905,-0.00011548788833617334,0.0018758392664034514,0.0009528347552718458,0.0032022799113845543
2012-01-19,0.0008068854660478972,0.00011523060537610209,0.0017588463429603605,9.60144406455976e-05,-0.0003264898529069168
2012-01-20,-0.0012896386500889732,-0.0010420999733666836,0.0025583578918100063,0.0008885959336652864,0.0068626172019851245
2012-01-23,-0.0017734789009472443,-0.00020863166155955651,0.002206897447429341,-0.0003417797262956849,0.0057449794304550205
2012-01-24,0.00238060067207118,-0.0007073690945256817,0.0007643872375548926,-0.00019100372515328808,-0.0045322619834184666
2012-01-25,0.002101362837936934,0.0017378853741423677,-0.00016231518780651479,-0.00016222070639749508,0.010603304985468584
2012-01-26,-0.0006757771694328667,0.00044139538002810704,-0.0004966662551784796,-0.00015962516289841122,0.0018395971282663536
2012-01-27,0.0009404065129703104,0.0016566736659888854,0.0002253076867614991,0.0003383299689244143,0.004429425728031574
2012-01-30,0.001495929080329758,0.001069189930358851,0.0005784869409052966,0.0017392788269767693,-0.004514722906855183
2012-01-31,-0.0032581600459840364,0.00014121700841118298,-0.0009748599410995155,-0.0006982120394985074,0.0018498249829199034
2012-02-01,0.0006711659896230258,0.0006243273541686682,-0.0011434892661386642,-1.8637418345485814e-05,0.01031865371051429
2012-02-02,0.0003637160630061576,-0.0003819158248064093,0.00015877092657504106,-0.0005876071036354775,-0.001316729658368142
2012-02-03,0.00024154140694528193,-0.00010220911063726477,0.0002427161819590248,-0.0003158735788725319,0.006278548803897266
2012-02-06,0.0019671189923851397,0.0023872146214427375,0.0001776008006050012,0.00041902758280162454,-0.0029157662894102408
2012-02-07,0.0009074074696698618,0.00012956604647336613,-0.0005927792256272131,-0.000583238843575067,0.0068891093062296285
2012-02-08,-0.003082579401245746,-0.0009725419770024716,-0.0004709771940170743,-0.0004080194422228386,-0.0007507542652063376
2012-02-09,0.0014446587191760776,0.0008427916349362824,-0.0011292115231738805,0.00016655717113405594,-0.0017353784834448654
2012-02-10,0.000739987950419823,0.0004028839046160062,-0.0007764011858299348,-0.0005713349255093929,-0.008778573729226219
2012-02-13,0.00030747299371550906,0.0012114662084798957,0.0003532090941588257,0.0004936225005813225,-0.0005137474250485673
2012-02-14,-0.00019656939665013392,-0.0006927931072684042,0.0015965719117671132,0.0008141074977903076,-0.0003644536273103789
2012-02-15,-0.0012405618630547369,-0.0005593154125339215,-0.0011798753673929714,0.0023399237849305193,-0.0013749049319512394
2012-02-16,-0.0013142627340911835,-0.0005779969769461993,-0.0007787760474292506,0.003454395680835133,0.006055958975300547
2012-02-17,-0.001763117722688576,-0.0015389138307616045,-8.354878093274358e-05,-0.0013173693762275204,-0.004111069772564998
2012-02-20,8.360233162478776e-05,-0.00037137790913995076,0.001588075836997463,-0.0007526727204841679,-0.006979225489458437
2012-02-21,0.0005053435507792335,-6.551454659256014e-05,0.0001311782620760742,0.0003274011394741135,-0.004748737610658912
2012-02-22,0.0015424989655585324,0.0019094117196050869,-0.0003193267867171074,-0.0013448509759833697,-0.0037268814816980847
2012-02-23,0.0013286800304141697,2.8087126267568593e-05,-0.001094056205218385,-0.0011601580613042049,0.008820612265846387
2012-02-24,-0.0010168812478025802,-0.00032657631678903844,-0.0006056624967921301,-0.0010366033959458337,-0.0031466386369785435
2012-02-27,0.0031035520011270063,-0.00041902368096852937,-0.00037501641136313376,0.0015806898816952241,0.005995439806316793
2012-02-28,0.00044618374214597023,-0.0008739877640190287,-0.0005667064751559461,0.00038095769507461686,0.0038227481232066315
2012-02-29,-0.0017951000452958211,0.00017601148751982188,0.0012288475789079829,-0.001547851622622534,-0.005264709440107939
2012-03-01,-0.00019464539840935072,0.0009456002484551451,-0.0003902946774320764,0.0006949882363404628,0.0062551247086682716
2012-03-02,-0.000902279479475054,-0.0008647664042515511,0.0010302437762420272,-0.00024198652439290635,-0.007186527002052919
2012-03-05,0.0003470284551264062,-1.8754688672826977e-05,-0.0007019284601973357,0.0002531609976813481,-0.00426312301914718
2012-03-06,0.0016567815844522283,9.468172744405065e-05,-0.0013208421344235422,-0.0022918195895952355,-0.010283544809782262
2012-03-07,0.0023405566424846307,0.0018873924976076262,0.0004163433757460614,0.0016360811476205399,7.572315617723262e-05
2012-03-08,0.0007263500288685889,0.00011318832663145839,0.00035691810986856695,0.0013004515718358582,0.007346213542293286
2012-03-09,-0.0013009910105741497,-0.0008197455479043831,0.00023526865436036704,-0.0008305021239906637,-0.006390701537520843
2012-03-12,0.0015638710896028942,0.000743629134953516,0.0006267270808795938,-0.0006576721503216573,-0.004722984443796637
2012-03-13,0.0017588648925245213,-8.555824382658242e-05,0.0019178920466200124,0.0010823025617158223,0.002999499168691777
2012-03-14,-0.0013388419106464607,-0.001998040864513146,-0.0011540241909070176,-0.0006796697641087908,-0.010413336923557816
2012-03-15,0.00026631665207161974,-0.001017434346776796,0.00026693869148809756,0.0010360577507112622,0.007052531724731312
2012-03-16,0.0005856128322111742,1.8897697316224893e-05,5.702067000838661e-05,-0.0005383732756874156,0.006927591543646643
2012-03-19,0.001662730661771758,0.0007930514010810765,0.0012377583983299119,0.0010095149996664863,3.7724816331751986e-05
2012-03-20,0.000629440676926172,0.0008389662140858564,-0.003966239892085629,-0.0006580610326790175,-0.011849277940835486
2012-03-21,-0.0015332576097003344,-0.0009492806795925188,-0.0019902778197512148,0.0013034187831649816,-0.002513080322173873
2012-03-22,-0.0003478361726712517,-0.0015848017000390006,-0.00023134983089341041,0.002374472650927981,-0.005526095054446522
2012-03-23,0.003733478435120824,0.0018325478976254147,-0.0016113256637048335,0.0015602792522937232,0.006855087844984165
2012-03-26,0.0008736030030200228,-3.7977688112656616e-05,-0.0019255922833342322,-0.0012156555114146799,0.007093139901585764
2012-03-27,-0.0011427593164297313,-0.0013436187288265156,0.0002279072427391694,-0.001134527409933865,-0.00824994438246722
2012-03-28,-0.001965962508963924,0.0008475637865680157,-0.001821284604593412,0.0008003433224896884,-0.00624687169982878
2012-03-29,-0.0008806011881397947,-0.00010643702083155188,-0.0014942570299032974,-0.0006294759578569452,-0.0011557688593333555
2012-03-30,-0.0012241968340614207,-4.82111261730957e-05,-0.000144252268616933,-0.0008877567357784757,-0.0030305978219123176
2012-04-02,0.002924738233263865,0.001836759742255782,-0.0029917820519552046,-0.00037473516751507474,-0.0036539618003944853
2012-04-03,-0.001311210068212634,0.0002505782588286119,-0.0020799237156424854,0.0012919400177245823,-0.007657994852895632
2012-04-04,0.0009938227916219153,-0.00036981529121093125,-0.0007112895589298196,-0.001344819724002138,-0.006371551693731169
2012-04-05,0.0005444081640138573,8.738161011048337e-05,-0.0025356436484236518,0.0016120421068064503,0.0039093319327460786
2012-04-06,0.0010585145854309246,0.0002718103557065883,0.0007465906848432011,0.00035905771995940717,0.0005918738802257698
2012-04-09,0.0009716946145605751,0.00023323615266094536,6.806590727191231e-05,0.001329690630394851,0.0011258748556592169
2012-04-10,-0.0014596695954083667,-0.0010696124161309124,-0.00026229763159618197,-0.0001071263361383555,-0.005300718037467626
2012-04-11,0.0011828469204725612,4.849825164757542e-05,0.0014297735710007509,-0.000756085066504606,0.004796172263493235
2012-04-12,0.003350054727732002,0.0020544730400620477,0.0024270921495768943,-0.0002587731292923565,0.012969099765104063
2012-04-13,-0.0018372191025015023,-0.0019538681724704642,-0.0009919632535035088,-0.0015802053700601452,-0.006545488399939056
2012-04-16,-0.002357033548724861,-0.0007820080626752546,9.672770192203085e-05,0.0007154251767420816,-0.0007143684900469501
2012-04-17,-0.0002505879191183495,-0.0001061135898741444,0.0001643822374189143,0.002906810909648005,0.003932345677350727
2012-04-18,0.0012252243355322246,0.00016399373001895417,-0.0009047161348572033,0.0007132186702989923,-0.0038454357594257032
2012-04-19,-0.0018885381068800672,-0.0014422683860475345,0.00026019707666015646,0.0021787661314002058,-0.0020879255932200833
2012-04-20,0.0014666720757998907,0.00033793406745217483,-0.0014227438122407343,-9.642550654969497e-05,0.004258222328767128
2012-04-23,0.0,-0.0008848138335962134,5.820439444808524e-05,0.0006806624080141989,-0.005645254238299633
2012-04-24,0.0018242336972351815,0.0016872894891656913,0.0,-0.0007079508997175468,0.0005233318915775763
2012-04-25,0.00015473588549467075,6.768287674159606e-05,0.000551873722065736,-0.0010642930712909048,0.004003138232494535
2012-04-26,0.0019756281452526004,0.001658055442705056,-0.0005103588511187608,-0.0015609044851107767,0.0004920334103116782
2012-04-27,-0.0009196283817007569,-0.000459875841629768,0.00024065187896786438,0.00047907864513023805,0.009942977447488363
2012-04-30,0.00034543640475544847,0.00018242481027989455,0.0003063696181898169,-0.0011903391951904971,-0.0029685831026059948
2012-05-01,-6.775494008699141e-05,0.00039708866736803706,0.0003876419787272179,0.0015378740717096162,-0.009171901362384983
2012-05-02,-0.001573167148106251,-0.001835780746443265,0.0008906961572491829,0.0015440569027533756,-0.0008036523038886342
2012-05-03,-0.0015093019667085051,-0.0007205172456904165,-0.0010202248294282742,0.0006916404330091804,-0.005702172458808381
2012-05-04,-0.0012552467030839047,-0.0002943513988226838,-0.0004390650911345393,0.0001373693766571857,-0.008305216214056
2012-05-07,-0.000794721521383241,0.0005984880996119592,-3.93611682445902e-05,-0.0004025073315584632,0.005138772601499162
2012-05-08,-0.0021549815083380846,-0.0016114604996837888,-0.0004038911519010731,-0.00017814197962855358,-0.009274823786949203
2012-05-09,-0.0006977463078251971,-0.0001792132542954454,-0.0014387849216730862,0.000747566705302746,-0.006749070330622686
2012-05-10,-0.000286200687848262,0.0008093809664846772,-0.0010489442250594973,-0.001372927860393879,0.0015722334920184487
2012-05-11,0.0032374899400775866,0.001074819474106092,0.002749772585070798,0.0007555648703667333,-0.003835410980796242
2012-05-14,-0.0015348119357636732,0.00043155576520722996,-0.0018441498586514984,0.0017452886663337176,-0.005448949737506973
2012-05-15,0.0006917883002740284,3.0097968890909713e-05,-0.0024603456893230674,-0.00027064277824634294,-0.0019302696305851716
2012-05-16,0.0014478330282291503,0.0014681632499224681,0.0005354319699976741,-0.0010655623356880554,-0.0025694133205371216
2012-05-17,0.0013082816080019469,0.00011094021846431643,0.0009059065724020889,-0.0008652869569653663,-0.002313073933504323
2012-05-18,-0.0004154359857705585,0.0006993397099482135,0.0011281807505278416,-0.0001723045740992143,-0.0045711469435492326
2012-05-21,0.0015057179420700669,0.00013225023798891223,0.00041596283312452355,0.0019195520846807328,0.006904049370941421
2012-05-22,0.0014861172117076648,0.0012339686802663734,-0.0020775141855084206,6.061095847981478e-05,-0.01204717682527959
2012-05-23,-0.0004713887609833369,-0.00032790917209831594,-0.0016314472705735172,-0.003830576342835478,-0.004113126859566102
2012-05-24,-0.0022284701274428395,-0.0005319257884377875,0.00019545817000219553,0.0,0.0012807706866181687
2012-05-25,0.0007472044156342102,0.00012269938665701414,-1.0218314284716791e-05,0.0001227747085643074,-0.0008707455668355158
2012-05-28,-0.0008530690690791353,-0.00031460104280788107,-0.0008928119093542212,0.0005891016370662885,0.004598317308192452
2012-05-29,0.0014101155283376518,-0.00048713161635537925,-0.002034877065699468,-0.0001317970530060122,-0.0017778143666912164
2012-05-30,-0.0003799216585638994,0.000903908438104804,-0.0008598188768617869,-0.0009555760641235366,-0.012678150139365536
2012-05-31,-0.003692565074080165,-0.0020779121381049896,0.0022385846712249377,-0.0007834648099325074,0.0016257154669183664
2012-06-01,0.001403566941119023,0.0006807211781487578,-0.00284595316715405,-0.004517013639125364,-0.003089059984938285
2012-06-04,0.0004930510715890254,-0.0012850366975717157,-0.00014477017759630817,-0.0016958824963922625,0.0013489928366014245
2012-06-05,0.002237550713899806,0.0006567740317769207,-0.0025961646778464636,-0.001580135768957926,0.002784901682233811
2012-06-06,0.00047563389231492154,-0.00026293966697478184,-0.0003445096344781572,0.0001517504416320107,0.017658167793067513
2012-06-07,-0.00472368382258975,-0.0017839429860629851,6.037553585105897e-05,-0.001136609505929188,-0.002665322123035978
2012-06-08,0.0020104795367111867,0.0016561594104605793,0.000630555519946694,0.001510275734957541,0.002443483076437408
2012-06-11,-0.0020206596636391278,0.0002113281985091694,-0.0005715918989577644,-0.0007852375747020856,-0.013384867931152785
2012-06-12,-0.0026848634332742546,-0.0006759927008065155,0.0007578475472476587,0.0008486306238567432,0.009834390303413723
2012-06-13,0.0012536419937020412,0.000341245549555359,-0.0014851686589728386,0.001492290943108458,-0.0007538408546718246
2012-06-14,0.0009229812948942359,0.0018259164750312256,-0.0013173973757274041,0.0010824138884170818,0.00754289634001723
2012-06-15,0.0017327402536835884,0.0013041640515448903,0.0014057478449637536,0.00034817729539423454,0.006197945575178743
2012-06-18,0.0014591080194369533,0.0006745295908013411,-0.0017841571618847447,0.0005057241134900156,-0.0005828167996451872
2012-06-19,0.00047158689862433805,0.0003243322960199549,-0.00011850915497083835,0.0004419108295874907,0.007177523613810223
2012-06-20,0.0002650137675437852,0.0,0.0015116270534503075,-0.0001079600941283629,-0.0009422481165115658
2012-06-21,-0.0034798416448406917,-0.0014696239323523882,0.001644324253067638,-0.000622323658011117,-0.012947275672011375
2012-06-22,-0.0008656329361626764,0.0016720414739850459,0.0008976124114135595,-6.968120849944655e-05,0.0010538980285269102
2012-06-25,-0.0010812435352834772,0.00010010611256286939,0.0005993227832143667,2.0033656543677974e-05,-0.004078768662556908
2012-06-26,0.0002391319521572667,0.0007165248851116189,-0.0008464744845253657,-0.00047832110208308984,0.005103323245051306
2012-06-27,-0.0002678637879058245,0.00038710638464497133,-0.0003679962645151683,-0.0008040221390317657,0.0022344602650091893
2012-06-28,-0.0005980205697953805,0.00046836307962833107,0.00013904061994803193,-0.0007180970736945935,-0.004045550200002699
2012-06-29,0.0009085625310548342,0.000527709654674098,-0.000600054121243672,0.0003905258480109493,0.02018318540905712
2012-07-02,-0.0018642063247782616,-0.002517786849878226,0.0017174589738356422,0.00021490251323299622,-0.0005069560324224928
2012-07-03,0.000857482561846182,0.0007888086963717898,0.00018513015189699066,0.0005160838117788778,0.0025711211195530216
2012-07-04,0.0011469340215131561,0.000495667776679097,0.0017911208051385227,-0.001633320085440845,-0.000525373611088132
2012-07-05,-0.0009355449256627747,-0.0014226278135749373,0.0009349162664951987,0.0030276060762591053,0.0011865628033414844
2012-07-06,-0.0015070855432205014,0.00010759366772743587,0.000564680240487273,0.0002937662816605966,-0.007502876812414316
2012-07-09,0.00020635879972419796,0.0001473875558442135,-0.0005315222330953505,0.0007268298752379895,0.002501411412928567
2012-07-10,-0.001544749138841112,-0.0007921644595511286,0.0035758584640543014,-0.0016353393545584613,-0.0014804722566423888
2012-07-11,0.0006924633929444167,0.0012769837628288205,0.0022451738214350346,-0.0013854066237286836,0.005957551847074698
2012-07-12,-0.0012164308653665422,2.9676966224915336e-05,6.892511289218743e-05,0.0001880006140292881,-0.011486993905318408
2012-07-13,0.0029512574060702023,0.0003034440927547681,-3.934065069946887e-05,3.91607843954665e-05,0.008810975861631504
2012-07-16,-0.001867907265125338,-0.0009586884312322128,-0.0003912745819262355,0.0018483660918728055,-0.00013666002910652682
2012-07-17,-0.0018298801084223988,-0.0027170886427201383,0.0008546677028543429,-0.001501443227230747,0.005781938353653414
2012-07-18,0.002450922259768666,0.0010843152934290035,0.000640198677448594,0.0006867301758927443,0.005777649758448413
2012-07-19,-0.00045151281574404506,-0.0005187818350572054,-0.0006728957842240874,0.0011044047661195723,0.00536060144294048
2012-07-20,0.00011558355258934915,0.0001348396854499764,-0.00015358623897507464,-8.668641195916177e-05,-0.003962343733243647
2012-07-23,-0.0013560779237487784,0.0006049488905123221,-0.0015060609643435512,0.002622690197999534,-0.009634163474904561
2012-07-24,-0.0035459479810111263,-0.0018261829120563176,0.0005640706599416798,-0.0009444664223757159,-0.0033201534332320047
2012-07-25,-0.0016417732892336297,-0.001827425491786966,0.0020088748283916616,-0.0019658991071392555,0.00837680834666052
2012-07-26,0.002133139405221974,0.0006246306473900332,-0.0017230034850770205,-0.002537218687225598,0.008297600360485912
2012-07-27,0.0019061947503686083,0.0016284464391411236,7.678280069037778e-05,-0.0007754498715620635,0.008496423151695253
2012-07-30,0.0010006624266689504,0.0003239699689120493,-0.0009170018505012266,-0.000581215328050365,0.0014784647647000254
2012-07-31,0.0004284061927375975,-0.0007613682153961667,0.0006468859328121256,0.0013411521649579561,-6.672226858186424e-05
2012-08-01,-0.0012264632338720182,0.0007703684358753937,0.0003039513701210242,0.00019975933822401304,-0.0030071191092495577
2012-08-02,0.0027295823319120633,-0.0008396306118793252,0.001048717800377483,-0.0023569275444796814,-0.00015298414731628357
2012-08-03,0.001280889776675796,0.00017072777497830144,-0.0008185799048370101,0.00047398757144026917,0.01051084293470605
2012-08-06,0.001307685204827582,0.00043542876221596625,0.0007867410842916216,0.002005582243618627,-0.0011353101561929538
2012-08-07,0.000198535564516739,-0.0006331117653704004,-0.0010951766122633071,-0.0015325818484530867,-0.0006344426823421747
2012-08-08,0.0012880497301046212,0.00016103898599180048,0.000246282088959207,0.0002744431896167604,0.001363081532102459
2012-08-09,0.0008608091190821594,-0.00016077398522410378,-0.00046324089827356265,0.0004254011833583345,0.00016079679576098466
2012-08-10,0.0023343877142177477,0.0004747256175136733,0.0002377137652217155,0.0007958615621033534,0.00019859564573394855
2012-08-13,-0.0008165125873761095,-0.00018978933440905906,0.0004459435812958443,-0.001378189657412113,-0.0036542636517850626
2012-08-14,3.811193475703433e-05,-0.00011439248072583967,-0.0011680635690966734,-0.0002763444412797574,-0.0028567638984084466
2012-08-15,0.0003619944025659421,-0.0009423770490902189,0.0011566165003187693,0.000295214199089963,0.0013532188656713556
2012-08-16,-0.0012582095053330627,-0.0007439341103058695,0.0014305608329801918,0.001048617827260739,0.0011136017597862967
2012-08-17,-0.0024639409615181875,-0.0008057245241848025,0.0005169640920830793,0.0005182192567245635,-0.009010920824816141
2012-08-20,-0.0003638557256453522,-6.702573311902765e-05,0.000564072426556958,0.000689298665927321,0.0012266177557590252
2012-08-21,-0.0007329319986384637,-0.00048517598093959053,-0.0009137636272579222,-1.9044354301623778e-05,0.004042919654661578
2012-08-22,0.0010832419708258912,0.0008718271077276498,0.0007941406237551076,0.00025865413775286953,0.002343706413803725
2012-08-23,-0.0005066074139943912,-0.00010515699471002979,-0.001646717645987845,0.002244326856380498,-0.0065111358115137585
2012-08-24,-0.0007315007641190182,-0.0006355381584946122,-0.0002598089937393043,0.0013086236303552217,-0.0036175427712818657
2012-08-27,0.00035646330973072404,2.8913293852570107e-05,-0.0003560927996205526,-7.706238203642443e-05,-0.005841694627247094
2012-08-28,0.000578374590776554,-0.0003373640334468585,0.00047217766320608955,0.00034686425429914495,0.00027022071406201253
2012-08-29,-0.000789843806112391,-0.0007995569146906879,0.00036681307424191363,-0.0016394711074923963,-0.001873744946297647
2012-08-30,-0.0006681611775809014,-0.00038723293512707543,-0.0009390171988005956,-0.0013570627494626246,-0.004884345915538493
2012-08-31,-0.0014062858435190007,-0.0026387799320088377,0.0008921126204995952,0.0029847875633606073,0.0026583374860060754
2012-09-03,-0.0002442181368526711,0.00022471141775109603,-0.0011024445138256881,0.0001465380390947859,-0.005054278402036899
2012-09-04,-0.0014554834724885934,0.0003614710935757141,-0.0008573906621478585,-0.0006551702454602814,-0.001807815137610527
2012-09-05,-0.0009322271580315036,0.0004910337340624966,-0.0004128778628325837,-0.00033385047736485295,-0.003036657702492373
2012-09-06,0.00328897903924908,0.0023119593170145484,2.9288151480440203e-05,0.0018690138607917921,0.00869349852778907
2012-09-07,0.0014750331664565841,-0.00032776139264251684,-0.0003192122256366554,0.0001541262489683703,0.009842380055322756
2012-09-10,0.000637933889156896,0.00041554124844760863,-0.000618692259014463,0.0009464850379653544,-0.0031208810168997206
2012-09-11,0.0015354499964948668,0.0009688389559593015,0.001138732463048983,0.0004314208673281296,0.009074682238550449
2012-09-12,-0.000678461733550854,-0.00031546797066787734,0.001783458187132065,-0.0012243064590627011,0.0032934763467998883
2012-09-13,0.00027766474554235545,0.0008906383017307918,0.0006705623395246999,0.00021059080370369564,0.007845193665108833
2012-09-14,0.0027280510422230497,0.0016517306809986413,0.0003590867894648207,-0.002690241714657508,0.0005214629523931999
2012-09-17,-0.0014278101725082222,-0.0011709101593396177,-0.0010539359783773628,0.0005142465449301682,-0.007999471949553624
2012-09-18,0.00030669261015351973,0.000661264764789357,0.0004123533447061774,0.0006992906795553729,-0.0017874472467895193
2012-09-19,0.0012622883518254293,0.0005548009554793903,-0.0004209036097226855,0.00019111688766981183,0.0020834535510205073
2012-09-20,0.0015685673922856398,0.0006638413566793558,0.0017424038986765065,0.0009226688850177282,-0.004334250660527763
2012-09-21,-0.0007527860585047791,-0.0011727522403600001,0.002754993377459677,-0.001717328259948525,0.0026429708570667215
2012-09-24,0.0005383476702280975,7.687798506601963e-05,-0.0008168718109716792,0.001498156395764225,-0.0023182751694038146
2012-09-25,0.0011671961831782552,0.0010240950336329992,-0.00020145527521194182,-0.0006312648461216394,-0.003978479205036553
2012-09-26,0.0004347469116911448,0.0008986593188432439,0.0005409426056581903,-0.0007633477516132938,-0.0012429124287077799
2012-09-27,-0.0009791123497602538,-0.000989105516397867,-0.0010389411431678782,0.0004128799394202592,0.007061124624879746
2012-09-28,-0.0020195033117139283,-0.0004521817847790778,-0.0003924177289172159,0.0008852368105298428,-0.006569555980915442
2012-10-01,0.0018777901526698057,0.0017428568962364185,0.0008098571623288993,-0.001222570534308402,-0.0009651485630155835
2012-10-02,-0.0016689473012919845,-0.0013293680667959948,-0.0007376707411294133,-0.00035938206099026616,-0.009108476372453348
2012-10-03,-0.0009787801266877847,-0.0013126446773300377,-0.001420211311462864,-0.00018607657594430467,-0.004189152429035897
2012-10-04,0.0013405024487663823,0.0006366650720223463,-0.0011451671776157263,0.00014666125675852853,0.002433602491169596
2012-10-05,-0.00013652675945691762,0.00018527276592101324,-0.00027325870938195283,-0.001542095603184663,-0.0056974633078671665
2012-10-08,0.0013536314696870294,0.0006672947335067879,0.00034427979466866547,0.00034302123637785966,0.002485498452670295
2012-10-09,0.0010175230065165182,-0.0005576672045436465,0.0007641141056942414,-0.002741847175542518,0.001607859246965348
2012-10-10,-9.763098417061662e-06,0.0010545022360110411,-0.00024422768002538633,0.00035141150648635534,0.0011063518445834127
2012-10-11,-0.0013238330789048095,-0.0006816632847456984,0.0010798349193859198,0.0005842600512862696,0.004403465441246021
2012-10-12,0.00038080545695485943,0.001367254473455674,-0.0012647146349641237,-0.0008496882546161548,-0.0031224106941041808
2012-10-15,-0.0012118489017649762,-0.0006839544557560647,3.908845718334077e-05,0.00014667272940234693,-5.852687848561727e-05
2012-10-16,9.737098352387874e-05,0.000223897669965762,-0.00039893164689446925,-0.0009741367484084021,0.004991715182963455
2012-10-17,0.002211268710676044,0.0016119772408364616,0.0002715283181925635,9.64506173588042e-05,0.006800279643388657
2012-10-18,0.0006364390486954997,0.00021208294450619482,0.0012326657955279376,0.0006456680237992646,-0.0006171768214577921
2012-10-19,-0.002426071294678288,-0.00092796665979354,-0.0019019947708548487,0.0009479315490781748,-0.0035368164966862454
2012-10-22,0.0005712321826815503,0.0008228580743774893,-3.879954217026907e-05,-0.00107496172932045,0.0007652480891101993
2012-10-23,-0.000789123772628699,0.0006918695858254977,0.0008157874743469866,-0.0003801706914691328,-0.006011798865721193
2012-10-24,-0.0005512119549476655,-0.00031914739561317914,0.00040730037995926883,-0.00029023364011597014,0.007975514303457137
2012-10-25,-0.0012712723101275132,-0.0003948819498766935,0.0008567619736724785,-0.001282539797118308,0.0007631633974706335
2012-10-26,0.001628892472563522,3.857727027720786e-05,0.0001840149154124113,-0.002227140203556208,0.0016017139830491942
2012-10-29,-0.0006958068257186748,-0.0005026048568507428,0.0007051539314735456,-0.0016448008661914015,-0.002273200918912044
2012-10-30,0.000163890964672284,-0.00011571172365530724,-0.00026990293297717905,-0.00047246448958416896,0.004145914873497761
2012-10-31,-0.0004632042234404632,-0.0005407388942327959,0.0006158642983754033,0.0009069070270120218,5.786311517360273e-05
2012-11-01,-0.00034607398638094683,-0.0009419816914002598,9.640366141056085e-06,0.00023072929787600898,0.0041861801907219325
2012-11-02,4.816793268966068e-05,0.00029867859033778563,0.0005398214864361202,-0.0011566712295307106,-0.007383308398801414
2012-11-05,0.0010039386123934604,0.0004824764645083206,0.00014497446058660528,0.00020259612531865837,0.0037838248216618435
2012-11-06,-0.0005273629577837034,-0.00036441751141716943,0.0004408537299581131,0.0008532301027167723,0.004623430048639569
2012-11-07,-0.0005569318958647445,-0.0005279907196294537,0.0003060034066757165,-0.0006629611545827209,-0.002333073561156149
2012-11-08,4.80019200859448e-05,-0.0004704097931980196,0.0006921413398159991,0.0011801222748060128,-0.00047111535024811597
2012-11-09,-6.741107759167019e-05,-3.851635019545545e-05,-0.0014506470411137012,0.0012319421005437179,-0.0012509744796764194
2012-11-12,-0.0006807711194089084,-0.0007286882974862866,0.00042188429490293944,-0.0004988871083594112,0.00292071995800152
2012-11-13,0.0005561255452891727,0.0005367738106584876,0.00011522507310348058,4.792738044214559e-05,0.001859431396547676
2012-11-14,-0.00038498186248474856,-0.00022152554135595646,-0.0011199656565885608,0.0007217194556839941,-0.007651529178914408
2012-11-15,-0.0005325045751791292,0.00021302967002864964,-0.0006577611210150848,-0.0013470495357375152,-0.0025603507655926633
2012-11-16,-0.0007568921207899069,0.0005334704317171474,-0.00019374400665082126,0.0016392094729024273,0.0001644458420672953
2012-11-19,-0.00021144900313311521,-0.0009606517799957716,0.001049585798878986,-2.8837419437472695e-05,0.0039020209925527453
2012-11-20,-0.0008577528366727381,-0.0004530448061680555,0.0009811561113772574,0.0008673863304035736,-0.0012219588459980774
2012-11-21,0.00034809514952149846,-0.00015467455537728864,-0.00010611973209904116,-2.9003301544550455e-05,-0.0005392912303278208
2012-11-22,-0.00013475272894667293,-0.00019250760464486854,0.0005789438296734664,-0.0003947374806350163,-0.00033720476838008565
2012-11-23,0.0003542720942458049,2.8734118415233334e-05,-0.00036548301872599894,0.0002871555349817783,0.007727086474773191
2012-11-26,-0.0012345975967028497,-0.0008517195199771667,0.0002393776193358753,0.0006414153479875185,0.001318883154650554
2012-11-27,0.00036375820053625475,0.000564677072366858,-0.001231192264441185,0.0012434362523773012,-0.0026969661151295624
2012-11-28,0.0017120917042442888,-9.56457282238742e-06,6.697058558708244e-05,0.00036308392414857894,0.0028688661843130512
2012-11-29,0.0008429765232118479,5.745475439668177e-05,-0.0003249266554452706,-0.002099179790557827,-0.004296801240280998
2012-11-30,0.0009974871825129553,0.0013239316943170938,0.00022071983545213813,-0.00044107354177968925,-2.877132074963406e-05
2012-12-03,0.000882807384635182,0.0007870313011228398,0.0006240489456878613,0.0006615944667387185,0.0006233188573558976
2012-12-04,0.0,9.546038155713455e-06,0.00021008002216266013,0.00033416875833121106,0.004027807805565667
2012-12-05,-0.0012817939214927,-0.00011485781572196488,-0.0004397999937036558,0.0013773843357590002,-0.0027057405899496055
2012-12-06,0.0005715428955629409,-0.0006093207214749202,-0.0001430567413160809,-0.0011243450446004923,0.002572059686067648
2012-12-07,0.0007054337756791771,0.00027639448340072544,-8.595290740995313e-05,-0.0009724844882889574,0.0014218305836809877
2012-12-10,-0.0001429136280104431,-0.00018101013229829298,0.00033411771755192265,-0.00035260763236707494,0.0003911038239709283
2012-12-11,0.0008654427374605942,0.00019021351524373557,0.00030510187778984375,-0.00023768438477965133,0.004747800339242115
2012-12-12,-0.00043635812413357313,1.8970832345711868e-05,-0.000673308101814474,-0.00011386387585943766,0.0008823739275981897
2012-12-13,-0.0016312753169306002,-0.0010426541228941196,-0.0006826909666373372,-0.000740642303640382,-0.0013665871617767492
2012-12-14,0.0006640043499105915,0.0009392299953774243,-0.00013294210390966097,0.0009383397762578214,0.003394043778060357
2012-12-17,0.0010050252102238664,8.538129870146744e-05,3.7961108848640636e-05,-0.000862743292592872,-0.0008722198546858579
2012-12-18,0.0014046545720961792,-0.00016132935422589036,-0.0004365279020135672,-0.0016421222182454497,-0.002526141192737905
2012-12-19,0.0011247308504046902,0.0007147247899205099,-0.0009794366645331717,-0.00010479434120155925,-0.004001682233230846
2012-12-20,0.0011462742569702511,0.0007736870392191118,0.00037171001328672624,0.00026727503714820154,0.00037225995628671453
2012-12-21,-1.919164779543058e-05,0.00039334763323351716,-0.0004319094784889937,-0.00016314387886768697,-0.007712058916336467
2012-12-24,-0.0008387199890101913,7.714635631939132e-05,1.9228920296839684e-05,-4.822368072986319e-05,-0.0028231050724219424
2012-12-26,-0.001621684590312818,-0.0007240465829976646,,-0.00031885444564819145,-6.754377080141289e-05
2012-12-27,0.0001447785614436425,-0.00038597744441052847,5.782129367106129e-05,-0.00036681307424184836,0.00041483968970631416
2012-12-28,0.0008095761732868093,-0.0002889394017867666,0.0006166238115814755,0.0002215554162503035,0.000424309057649482
2012-12-31,-0.00018298878522449218,0.001040432451302009,-0.00044318127802804054,0.0009723459814446522,0.0004426354199845893
2013-01-02,-0.0025335277190888274,-0.00143785584321794,-7.625947289339575e-05,0.0003146588123278177,0.009616471789579745
2013-01-03,9.508324545291483e-05,0.0005705374617509741,0.00011422479451968551,-0.0004279458190814093,-0.004049864649850572
2013-01-04,0.0002584461656667236,0.0006605304586735564,-0.0015942992783533093,0.0002870840889007801,0.0032106744191263163
2013-01-07,-0.0004293503994510699,-0.0005247415768202041,0.0002667022285444728,-0.0003149741604062795,0.0014948753325306442
2013-01-08,-0.0002575021353526039,0.00017170493503100402,0.0006096922195894995,0.00019074868918111888,7.611218940384368e-05
2013-01-09,-0.0013974648273667731,-0.00039008054230604854,0.00011426721400386721,0.0005040730156619751,-0.0007137793012030618
2013-01-10,-0.00014183525386278373,0.0009553131741578476,2.8366782499470818e-05,0.0003687298244927864,0.007048796599515973
2013-01-11,-0.0007014351270551738,-0.0010612091198680018,-0.0002935619981404201,-0.000996124683325463,-0.004139772777938973
2013-01-14,6.63082861920124e-05,-0.00033140016873317417,-0.0006809927623948909,0.0003693514136534201,0.002616288828967116
2013-01-15,0.0009672372855924959,0.0010333664487711964,-0.0007959897699702589,0.000473794438935844,0.0005489305456786406
2013-01-16,0.00017053206044048973,7.580567219556844e-05,0.000967329014686873,0.00046407888279573255,-0.0014676434651739343
2013-01-17,-0.0008829519649660227,-9.497984052819435e-06,-0.0003613025948503295,0.0009398898457532997,-0.0009290421107152641
2013-01-18,-0.00012393404817831802,-0.0008768586150853481,-0.0005906168306957839,0.0005432892004786337,-0.003239430755584036
2013-01-21,-0.0003805862977784617,-0.00046622487155094096,-5.702012812066584e-05,0.0005042456639440348,0.0010943991651929136
2013-01-22,-0.00054940892561145,-0.001089618883358629,0.00021759182697429948,0.00013264358687717852,0.004299367413046426
2013-01-23,0.0005500498028578729,0.0013282104319688646,-0.00017988421185841105,0.0006160758062858921,-0.0023799263121401805
2013-01-24,0.0013570208789208272,0.0009364370213799408,-0.0003998096197950828,-0.000582719981334929,-0.008657072162381704
2013-01-25,-0.0005753353884476987,0.0007764905893162858,-0.00030622888934667727,-0.0005948611846207191,-0.0017922439948418786
2013-01-28,0.0011059235347336922,0.00033642039409342546,-0.0005385236888232763,-0.00043260704093724627,0.0010849580763086966
2013-01-29,7.650450902183855e-05,-0.0003634172739710468,4.7859026460725514e-05,0.000802944171610501,0.003974510932799269
2013-01-30,0.0009119752574820877,6.716528900389795e-05,-0.0003832298659609976,-2.8786504888462163e-05,-0.004521643539712494
2013-01-31,-0.0001822166177005675,-0.0009777045810747378,-0.0005374950939003783,0.00047944615299875577,0.0014295928095943715
2013-02-01,0.0007695860007349373,0.0006447918844891437,-8.678337428837376e-05,0.0008650769016090148,-0.0022556580965118734
2013-02-04,-0.0001151399431330422,-4.800238092715979e-05,0.0009788398651128488,-0.0001823320271255564,0.001610506986648611
2013-02-05,-0.00022156822224344725,0.00012523903813527188,-0.0008075681103403204,0.0006741854650569637,-0.004887449776162254
2013-02-06,0.0018121828189199946,0.0014150991476822965,-0.0008830879537477443,-0.0006779726939850738,-0.006993305682319331
2013-02-07,-0.0013186346287593445,-0.0011345510770987717,0.00039700407692680895,-0.0023215276163623204,-0.003836129344390597
2013-02-08,-0.0011624979512332018,-0.0003777404386994475,0.0006582705148593872,9.69264619692136e-05,0.003971823760773718
2013-02-11,0.0007298169456574559,0.0006521411386628197,-0.0005941105317703189,0.00041818827834472927,-0.005860957929796094
2013-02-12,0.0013403786147585166,0.0008640148099576301,0.000625390889676591,0.0004657978327577307,0.007584511975445601
2013-02-13,-0.00034803121031103644,-0.0008890779301899568,-0.0003095975256928537,5.8013613877558604e-05,0.001768876934683249
2013-02-14,0.0006660199762608941,0.000135145571292256,-0.0017501877941608463,-0.001564401501045532,-0.0006569223425600316
2013-02-15,0.0003784442106814153,0.00048515428857673,0.00016416634916426043,-0.0003590333308826919,-0.004290251841247357
2013-02-18,0.0003978593280140283,0.00032021580878261884,0.00019439179727819608,-0.0011746262690326913,0.0018241982954809682
2013-02-19,-0.0003866751783383219,-0.00025128785155470224,0.0010539395588889935,0.0005702935232932909,0.002981407147100685
2013-02-20,-0.000943208241804406,-0.0002527584711847197,-0.0014503265776463024,0.000476577212095816,-0.009732011542769968
2013-02-21,-0.0008289408074591064,0.0001267890670509495,-0.0012791658849683684,0.0001560884244091707,0.004528133239161701
2013-02-22,-8.737652004316436e-05,-9.703132656475753e-06,0.0008536148193681466,0.001309846838191425,0.002542333133946158
2013-02-25,-0.0006707136547250395,-0.00011672924664535139,0.0008837225686444444,-7.779301228202886e-05,-0.0027037031894786043
2013-02-26,-0.0013512853953360215,0.0014989054920243135,-0.0009447515860119678,5.878952372400754e-05,-0.003433915204736761
2013-02-27,-9.7987820115486e-06,-0.0004015965967239444,-0.0008735125080024824,-0.00046065109435121767,-0.0004789529593592659
2013-02-28,-0.0004296958991094259,0.0003907089463444124,-0.0004189583587448739,0.00035158310419385335,-0.001222858804600954
2013-03-01,0.0014996106763694962,0.0008819552538446565,-0.0005488689517177678,-0.00018610391508617634,-0.00126356017497152
2013-03-04,0.0008662440987396923,0.0005807115355687589,0.0006906759031344528,-9.839904757660932e-05,0.0006275555935831902
2013-03-05,0.00059632334222245,-0.0009672928769062306,-0.0011636379172613814,0.00043968284919338553,0.006088373241152777
2013-03-06,0.0005067534752840764,-0.0006235932815033349,-0.0001168212927603169,-0.001901651108218361,-0.0030835309365885265
2013-03-07,-0.0008177650160260107,6.815404764666546e-05,9.74070250717068e-05,-0.0005163150805635691,0.003706887341306458
2013-03-08,-0.0020442803967826236,-0.0009184082872391172,0.0007406252774810455,0.0010275531928895059,-0.003540758962777127
2013-03-11,0.0011421488280177559,0.0005468803542585416,0.000791761809043448,0.0013065014923454542,0.00664155743540143
2013-03-12,-0.00025166242522468987,4.842497761308451e-05,0.0005346839902038837,-0.001443442035838352,0.004099600639578904
2013-03-13,-0.0002816969833338027,-0.0004759522777716565,0.00018435415455506684,-0.00025262339815668487,-0.0025432709283217977
2013-03-14,-0.0012038621346563447,-0.00015412921838825813,-0.0005026777361615708,0.0005395094448671166,0.00849751060430051
2013-03-15,0.00022157249123663672,0.0001830981170100532,-0.00016390992704135563,0.002299526195014824,0.00304074443795646
2013-03-18,-0.00013472160762499408,2.8872944609166336e-05,0.00018317755258509712,0.00038487073629374325,0.0033158894112708115
2013-03-19,4.819393239343949e-05,-0.0003374518560540134,-0.00010615557592139395,-0.0013117032802197148,-0.0023026056582224797
2013-03-20,-0.0002887141653599742,-2.8880171357881194e-05,0.0007126828959207528,-9.625658161812533e-05,0.0003086062594411824
2013-03-21,0.00016286879038857557,-0.00031611466604211625,0.001531209521097252,-8.622134941768965e-05,0.005931768605361164
2013-03-22,6.707647199437352e-05,0.0004023913597639056,-0.00018200541276857272,0.0006609417222978724,0.0010825674188997638
2013-03-25,-0.0015003610369849253,-0.00018159835273292565,0.0005730987605995377,-0.0004974315416764775,0.001712189964365481
2013-03-26,-0.0006864072571063262,0.00013350752906930873,-0.0005346215293404035,-0.00024798512216376694,0.0015947672107719207
2013-03-27,0.00016298121437897966,-0.00035465921934553073,-0.0015294907866478312,0.000172539396923715,-0.003584627237865526
2013-03-28,-3.8408726467368184e-05,0.0,-0.0005847645051621105,0.0005567821973539288,-0.0029730244107905243
2013-03-29,-0.0001728857517631266,-5.7631905038572044e-05,0.0002305165501879466,-0.0003074262681528796,0.0006625028446690877
2013-04-01,0.00047067186875530075,6.722592234078161e-05,0.00024018023240026122,-8.643332874523986e-05,0.0013919222770966276
2013-04-02,9.562240631500436e-05,0.0006216556323750202,0.00021033108101663507,-2.8685761824109e-05,0.002787611788825316
2013-04-03,-5.7189698244586774e-05,-3.8132280887080136e-05,0.00014331917682872835,-0.0004385630456990797,0.00038257011063806316
2013-04-04,0.0010849476592923754,0.0004604625811624252,0.00012486133204848504,-0.0015077237672098845,-0.0027673660192348818
2013-04-05,-0.0023508566399405165,-0.0004916729028214056,0.00046070565563204106,0.0008774002520151504,-0.004488083379165199
2013-04-08,-0.0009798742318200219,-0.0003457482602969383,-0.0007029809569810786,-0.0009904561234732525,0.004407455530121876
2013-04-09,-0.0012021755097306659,-0.0008496380003337577,0.002512130494426833,0.000572644775471917,0.00706135185625618
2013-04-10,0.0009874762241470886,0.00066486206561775,0.00046587025880751465,0.0004174850382765244,0.005012112769849087
2013-04-11,0.0008049280970967099,0.0005777965275099869,0.002024732698556274,-0.00033136251835736894,-0.0001233367331559824
2013-04-12,-0.00010446790233209164,2.849422279830975e-05,0.0004458758926164371,-0.002910490274682281,-0.0032121061192760736
2013-04-15,-0.0008752062342450102,-0.0010580077740575849,-0.0006329903248746714,0.00012507636890760735,-0.01787065735941816
2013-04-16,-0.0013222344790427155,-0.00041473966036062774,3.866863877216553e-05,-0.0004153686456396117,0.006599344694174194
2013-04-17,-0.0001064658656922549,0.0005901388932511533,0.0005310187477846414,-0.002354823386293997,-0.007384886879874988
2013-04-18,-0.0023677377827927308,-0.0018928277208946956,4.842919894199801e-05,0.0017084397174141877,-0.0003299177176331292
2013-04-19,-0.0008728627541161672,0.00028128713296861417,0.00011590283491991,-8.732819396288204e-05,-0.0027308481137285723
2013-04-22,-0.0008782030579447213,-0.0004196534504886608,-9.754670056016204e-05,0.00032209734450556554,-0.00023364031180445315
2013-04-23,0.0003217675793298725,-0.0009748109638814856,-0.0007623515982765876,0.0,0.0
2013-04-24,-0.0014518952703723661,-0.000993532381267098,0.0026582423551937697,0.00024375380985993073,0.0008077741396780515
2013-04-25,-0.00048513075224983085,-0.0002909344836069008,0.0011838225260821767,0.0008245822988016836,0.0013610338179082038
2013-04-26,-0.00032104759076590796,-0.0006616330902217739,-0.0019438996848851662,0.0008170094021487948,-0.0013902191104685005
2013-04-29,0.0002322925347754373,-1.935677438758596e-05,4.838795527948301e-05,0.0010543167505464733,0.005525357937149997
2013-04-30,-5.800632270540897e-05,-0.0006675018749251245,-0.0006279131754115422,0.0031275364309433654,0.002008692128800634
2013-05-01,-0.002428718345450995,0.0008541119211665797,-0.000994510961241828,0.0006028724135106923,-0.008399543670105536
2013-05-02,0.0004881525475988995,-0.0006635506054413759,-0.0010556463392484873,0.00013664002207491074,-0.0031180903589337664
2013-05-03,0.002105927944278855,-0.0007273327091814945,0.0002732133813491305,-0.0009019975491407607,0.006982698124556778
2013-05-06,-0.00015630953226886251,-0.0005763717073140837,-0.0012090720870710592,-7.816392934064923e-05,-0.005292716401692341
2013-05-07,-0.0006493762281013268,-0.0006195451949861263,-0.0009225183440450829,0.00040344999489426556,-0.006675174046930252
2013-05-08,-0.0004711240321132925,-0.0004220175445273456,0.0006282085466276386,0.000431872172551305,-0.000756455697454802
2013-05-09,-0.0004515692106536852,0.0005792008172563367,-0.00014657383683251146,0.00010800249398085973,-0.00831935954248071
2013-05-10,-0.0005904398948622386,-0.0010907472699469394,-0.0023902965387560546,0.000200188177554933,-0.006512154966641321
2013-05-13,0.00041072082080403346,0.0008821171381945772,1.001998987983911e-05,-0.0013931277967134928,-0.005670562412652168
2013-05-14,0.0009480872546940654,0.0007256821226170571,-0.0005016554735485386,-0.0007059369588945265,-0.005763530489233623
2013-05-15,0.0004947920712064639,-0.000595607663594554,-0.0016717583188007891,-0.002122263330537537,-0.0007986292308281279
2013-05-16,0.0003150422538366712,0.0013206015734783063,-0.0009275823894395947,0.0013302127763026841,-0.006951696142194349
2013-05-17,0.0007513883023724865,-0.0008129036025040297,-0.0005956354476485882,0.0018297890568766274,-0.009094645322680771
2013-05-20,0.0009310368432068603,4.093998199207777e-05,0.0005317517253839663,0.001185560827307086,0.0050094671032286
2013-05-21,-0.001065290084970153,-0.0010241075798288852,-0.0012652288282517942,0.0014235460985466011,-0.0004590080406995616
2013-05-22,0.00516094573767409,0.0027714871776945843,-0.0020289802628097055,-0.01289585912428469,-0.011502930707402687
2013-05-23,-0.0016786043723403174,-0.0018763665862310463,0.0018780127642358101,0.0001442852728462515,0.005177811877794228
2013-05-24,0.00024806970885998526,0.0004236872218347221,0.0019847019125973754,5.167344451167257e-05,-0.009045168595948186
2013-05-27,-0.0005607535012305145,0.0005713425145941552,0.0010668766905049013,0.0010485609203867458,-0.0017732247775085325
2013-05-28,-0.0028452464811587197,-0.0016949857297119495,-0.0007134253506548293,-0.0028325838494613034,-0.002920741927805878
2013-05-29,0.0022115288802997423,-1.0392471693509188e-05,0.0012844680361847516,-0.0016400082562295617,0.00275466517920688
2013-05-30,0.0025271631558440952,0.0008306165728708017,-0.00018628140965398502,0.0017879386115690651,0.0026849828233468094
2013-05-31,-0.002892242562855058,-0.0031361751854505964,0.0002394922775188419,0.0021517065269687,-0.00925672517194703
2013-06-03,0.005593335681455324,0.0037384769654257733,0.0003943790656591849,0.001318812847627575,0.017025949589926682
2013-06-04,0.000362613514952777,0.0005900102129060454,-0.0007238284635836279,-0.0013267687875273017,-0.012309400750531153
2013-06-05,-0.00016756207690503337,0.0010464301991894745,-0.0007098491868610551,-0.0024538088275514224,-0.012032634983790178
2013-06-06,-0.0009383385771016976,-0.0001475765819725023,0.0005584326101174702,0.004735405412054328,0.002587648832410304
2013-06-07,0.0034207197856318786,-0.0008125663295397898,-0.001895056576566431,-0.0006642241737133065,-0.0064448632861409
2013-06-10,-8.494282291343917e-05,0.0009231700402561238,-0.0014631821515175745,0.002407454723836702,0.006447667037837381
2013-06-11,0.0012276292820801193,0.002037997066872989,0.002277576489385054,0.002918901412999265,-0.0024553914501580006
2013-06-12,-0.0025767653258126568,-0.001179096443506851,0.0007670847479343094,0.0002737677834537839,0.003923626610373635
2013-06-13,0.002460898009402563,0.0010643516286579524,-0.0006955568950857084,-0.0013965463807445607,0.01872770694975143
2013-06-14,0.002771911018159186,0.0022224539213230496,-0.0006668195041724007,-0.0026679555110225126,-0.008844366599476508
2013-06-17,-2.0848100738748517e-05,0.00023987943566047465,0.0002497138708220601,-0.00224370942614962,-0.002270101037131278
2013-06-18,-0.0008452460697427153,-0.0018811897199703103,-0.001477245417476113,0.00017967457811599694,-0.006757030979003391
2013-06-19,-0.00011566711018625215,-0.0003891152934596338,0.00029457560285394384,0.002594035177046749,-0.021734077275230364
2013-06-20,-0.002504683977010813,-0.0023731260184810987,0.00013056108645360392,0.0009154815090921451,-0.008103868511023427
2013-06-21,-0.0011957692938123164,-0.001358466988966687,0.0002600442089806649,0.0015650816167482365,0.0015631278759965564
2013-06-24,0.0008665324083734226,-0.0007147963134937593,-0.0009484512067874759,0.002929811009493413,0.00201255207509911
2013-06-25,-0.004217362293047081,-0.0032325575601765476,0.0014977240630710386,0.0010505966080030513,0.0006483472775009463
2013-06-26,0.0017805814117880499,0.001372301178115712,0.0012582337995508768,-0.0017483740824706213,0.0022982438808382254
2013-06-27,-0.0017528111290865426,-0.0031582365922675918,-0.00015035978977955643,-0.0014217093060964441,0.00043100662262370536
2013-06-28,-0.005134505597831785,-0.0044458562294347045,-0.001805552292008554,0.00019670841319743178,-0.015765798867377744
2013-07-01,0.00268421528375114,0.0013702803605741465,0.0016581038149967096,0.0004882521213900801,0.011174152424870564
2013-07-02,0.0017911756645576761,0.00018552976987507,0.0007944497765145604,-6.547430681421435e-05,-0.009565493775592801
2013-07-03,0.0020390288064733794,0.0005732301676024715,0.0008269064798989048,-0.001432396644087066,-0.006769422035874443
2013-07-04,0.0013657696594916596,0.0010817249649375067,0.003542699773766718,0.0013748106345524368,0.006244430226813204
2013-07-05,-0.004225265413300717,-0.0017511114117333272,0.0003602600461452074,-0.0008494068452212951,-0.008305184618894984
2013-07-08,0.0006912935694218049,0.0006034374171667901,0.0004193010974294556,0.0011291817921561056,0.008679110894380532
2013-07-09,-0.001699254262153954,-0.0011113896782318897,-0.0006867271183718421,-0.0025870976185419356,0.004654932134574183
2013-07-10,-0.0007629594475697273,0.0003600752923598331,0.0006836716689064261,-0.00030534684366838457,0.005251696034130675
2013-07-11,-0.0021594747128330467,-0.0029675878505268523,-0.0006394104636826333,-0.0015515906914189443,-0.004848415285320528
2013-07-12,0.0009059172478678917,0.001821303121168837,-0.00022935654667742883,0.00045265105241436943,-0.013659990665344658
2013-07-15,0.001100436984487604,0.0011329576352812395,-0.0020008141850650666,-4.399423676194988e-05,0.0028160666304931346
2013-07-16,-4.340748779848138e-05,-3.2591160193967724e-05,0.0028636311441456517,0.0016806635527572143,0.014926219798013477
2013-07-17,-0.003996764704677036,-0.002905299080497654,0.0003367936193147167,-0.0020043886555713075,-0.0005953895376501253
2013-07-18,-0.0006222605725804907,-0.0016913000305313773,0.0008407353107230138,1.0920189793021621e-05,-0.007128837745466273
2013-07-19,-0.0007379193181368383,0.00023878005214651935,0.0013078593299941208,-0.0014013744451414887,0.0001853841000275975
2013-07-22,0.0014812014492816869,0.002095983826601177,-0.00019557139504732107,-0.0009079216784688506,0.007350619135194602
2013-07-23,0.00011904697499459026,-0.00023831188639154846,0.00023768623368425877,0.0008329322399032727,0.004823915207315196
2013-07-24,-0.0025212197795376227,-0.0019241123225504262,-0.0005862301229616868,0.001663414513870966,-0.013461283189683877
2013-07-25,0.0018426552525828263,0.0011115834668624209,-0.0007650524434055719,0.001012559084405958,0.0077282573329460836
2013-07-26,0.0006372144226067062,0.000928675624219164,0.0006893729134038897,-0.0030385135753961926,0.0024764667330220667
2013-07-29,-0.001681210433356893,-0.0007585773787547923,0.0017098460975878678,-0.0010644191774944213,-0.00526470944010805
2013-07-30,-0.002644804503876813,9.910966492529934e-05,-0.00041912535770439525,-0.00019864260949281842,-0.015289529170293364
2013-07-31,0.0007802486044837754,5.57883168251522e-05,-1.1062130455734884e-05,-0.0010479026186613282,-0.014094204221612252
2013-08-01,-0.0025069962766710537,-0.0030562063048926876,-0.0003567805057301941,4.482294935762123e-05,-0.0006601435772242171
2013-08-02,0.0008765916880534326,0.002270123022070545,-0.0009776654803176645,0.0010553853697224174,-0.0033409601012373783
2013-08-05,-0.0002247367779957857,-0.0001910874568139467,0.0002582775150093335,0.0007077498905209294,0.0025112965427468163
2013-08-06,0.0006027458604180875,-0.0013841914179980634,-0.0003450444418078872,0.0013047043684950035,0.005393617801315798
2013-08-07,0.0029546071521611462,-8.918219929207473e-05,-0.0017347222919551692,0.0004452211152871123,0.0015579447187602708
2013-08-08,0.00186983786894457,0.000759481167803001,0.0006187230196608854,0.0016469584407249177,0.011882597436589044
2013-08-09,0.00326929445644885,0.0012096841584342893,0.0010166768663469447,0.000554718657665543,0.01112385262973979
2013-08-12,0.0014168167592666474,0.00026146924072315665,-0.0003496312518544772,-0.000784450489106803,-0.004465633564100566
2013-08-13,0.0020992594358709643,-1.0993057883985458e-05,-0.0006461964990723596,-0.0021762794225956283,-0.004364759904175498
2013-08-14,0.0007665017238318877,0.0006241684800461925,-0.0004945190902723892,0.0010830503692461177,0.0028096688589065557
2013-08-15,-0.004116953549526997,-0.0014848955877193493,0.0008933143644185279,0.0016422084224978182,0.0015550910452688527
2013-08-16,-0.0005108223807802811,-0.0005545678590644016,-0.0014495678358262623,-0.00019570322755336274,0.005086403229488722
2013-08-19,-0.0006557233956620397,-0.0006339975945561186,-0.0007060804681908249,4.3728272521551006e-05,-0.007528403518263888
2013-08-20,0.0011992190011604928,0.0008692256187626963,0.0013041846274838016,-0.001430426510929544,-0.0055872211513239576
2013-08-21,-0.00032167002479139325,-0.00035478292092393536,0.0010213711684468223,0.0005656265573830472,-0.010098464646159884
2013-08-22,0.0018722966577747575,-0.0008856317900716059,0.0003439495426648468,-0.0015285949874380993,0.004135958665939805
2013-08-23,0.002985988065711242,0.0017778375072806769,0.0022787282335078015,0.0009970421910076945,0.0009648175080963518
2013-08-26,-0.00046400124566145295,-0.000508315387485241,0.0005982849344187039,-0.00011050822745001629,0.00011078491120841607
2013-08-27,-0.0010038257755389818,-0.0021966635171784626,-8.935153132129542e-05,0.0004797313596442441,-0.005554335541466328
2013-08-28,0.0017622732267181104,0.0006066666103762977,-0.0011209883806404097,0.002799773367530118,-0.004342712140602647
2013-08-29,0.00022375619618314834,-0.0006482547644615322,-0.001655129600941632,-0.0014217030364152335,-0.001937409964933811
2013-08-30,-0.001243969431012951,-0.0009302378380970294,-0.0012091764519516397,-0.0013016597997959148,-0.0023006446338496456
2013-09-02,-0.0013914942995423498,-0.001068257284505738,-0.0004343879375288595,0.0001670815863269835,0.006861147788652238
2013-09-03,0.0019001961151386955,-0.0015497185935087433,0.0012846070426588369,2.207408061552207e-05,0.0068806467340747956
2013-09-04,0.0017462487384279834,-0.00010907385401464983,-0.0006672610277272999,0.0006431604470924583,0.011538230641406622
2013-09-05,-0.0003502396988717023,-0.001574803475066401,-0.0014335821758214885,-0.0009090063434969737,-0.003498992143442083
2013-09-06,-4.3462198759454294e-05,0.0005220909862115324,-0.0004921825112071011,-0.0010871693358425816,0.005788570117034731
2013-09-09,0.00031463088090398077,0.00013025780208379513,0.0009881477378982082,-8.678483874311877e-05,0.0028760445478937025
2013-09-10,0.0009029928374160005,0.0003116754731261736,0.0007785972666617782,-0.0003868970902014649,0.008922609944847486
2013-09-11,0.001043723497287345,0.0010105463184879677,0.0025393286579697165,0.001805112826161693,0.0012881066615735854
2013-09-12,0.0019451054328022755,0.0002378147002312783,0.000583752246186175,0.0008201321303999959,-0.006424800004109194
2013-09-13,0.000518829187132438,0.0005836954572620845,-7.568508520885803e-05,-0.0011893822021672514,-0.0019668877650379523
2013-09-16,-0.0016237585022629345,-0.00041656208712502544,0.0009832632303632628,-0.0013373062230630666,-0.0028931174747160184
2013-09-17,-0.0005349195608549718,-0.0010583991366213275,0.0008369099200936556,0.0011230007757783056,0.0038663223362736796
2013-09-18,-0.000417266270076768,9.626852508009765e-05,0.0001281640501594827,0.0004172662700767125,0.014769969394670611
2013-09-19,-0.0008009274324242086,-0.0009072400483028367,-9.465364660230744e-05,-0.0022692619863185805,-0.005640303938474613
2013-09-20,-0.0002763164904132386,0.00019127570325568099,-0.0021819731144012105,-0.0022772023674108312,-0.00505464541589978
2013-09-23,-0.00040255090693806973,0.00034967443547437657,0.0008064345421233764,0.0005931763708411694,0.005149111879862494
2013-09-24,-0.0026545150311967397,-0.0006604808966973369,-0.0021180472930502846,0.0023883154544792743,-0.004093725313235173
2013-09-25,-0.0010041341255833456,0.0004269718156729164,-0.0008551485807227921,0.001153599786126038,-0.0026458993351418524
2013-09-26,-0.00020289932525496078,0.0010776725452269725,-0.000361852261799918,-0.000619631659498779,0.00036315862954270245
2013-09-27,0.00097711308461897,0.00037555864789633544,-0.0004822298400824659,-0.00013952914303439973,-0.005192870150392914
2013-09-30,0.0013920271230250198,0.0012858017136826848,0.0020826184099071317,-0.0002889539352621189,0.0017177523145881575
2013-10-01,0.0007770049512533636,0.0006713161778241218,-0.0001911030900815081,-0.0015759269816787785,0.007693578580601247
2013-10-02,-0.0011014924731075303,0.00017109737621137736,-0.000695592646203922,0.0020095782374330096,-0.0009904312380111862
2013-10-03,0.0010531299673949112,0.0010635583407035234,0.0003410823000696585,-0.0025443003862205948,0.0007775180525578551
2013-10-04,0.00060391273707433,0.0004028112035977825,-0.00013785278404931107,0.0006776430986188709,0.004472284119305908
2013-10-07,0.0010947141285732587,-0.00040348698240094905,-0.0003405160979962823,0.0010298498072813314,-0.0006788506471122101
2013-10-08,-0.0004967158728866834,-0.00022184075094274156,-1.0588116956395826e-05,-0.0004546584060599526,-0.0005519056805944657
2013-10-09,-0.00040218024567077986,-9.522046189105268e-05,0.0009427117959847581,-0.0004447032737802469,0.0029258695115747654
2013-10-10,0.001980314002639859,0.0007203466449902152,0.0007528963002453369,0.0004548122920023792,0.0015442875020135224
2013-10-11,0.000581613624038763,0.0005710056198287792,-0.00014782278187157278,0.00019027283067096068,0.0005283178482987733
2013-10-14,0.00018992350360444825,0.0003903427153061787,0.0005177104635033665,-0.00016881911072432642,0.006309769336999194
2013-10-15,0.0013222240472318906,-0.0002203787374921967,-0.00030390836872686765,-0.0009022809433500277,0.004111056736538729
2013-10-16,-0.0003670860228644333,0.00039869480441250487,-0.0008919998702502866,-0.0008290612668371057,0.0028813179689759854
2013-10-17,0.0018277174203722053,0.0018067227442613177,-0.0004587921335064341,-0.000591565538322139,0.007161987798432718
2013-10-18,0.0002483340934081833,0.000113753289919627,0.0011200299845499052,-0.00020694079497728224,0.005097769890865471
2013-10-21,0.0004449112061678628,0.0009520360837051916,0.0008791754935025664,0.00020686801894198828,-0.0013460763911609594
2013-10-22,0.0005972547056884466,0.0009470087585504822,-0.0008284918815670622,-0.00010294950335955649,0.005723806553531142
2013-10-23,-0.001194650187531214,-0.0015795164976486749,-0.0011729719572129008,0.0004988101403449041,-0.009637705874667385
2013-10-24,-0.0023268806834254203,-0.0014818837241792253,-0.00011429818330293572,0.001701346352471231,0.0001040149782506487
2013-10-25,-0.00013545405783760273,0.0003021919358592562,0.0,-0.0011364526180774098,-0.003229505880134206
2013-10-28,-0.00014623395369539152,0.0010024540076156423,0.0005824536021965539,-0.0004701825962335806,-0.005260720497944988
2013-10-29,-0.00010524543244531878,-0.00021041335781614637,0.00012618561921298534,-0.000579047956084784,-0.00586851206756925
2013-10-30,-0.00020019492730759437,-0.0002950754044446269,-0.00024181381505518332,-0.0003688850754042753,-0.0018581674951788907
2013-10-31,8.436415793741919e-05,0.000875052110891241,0.0011889169106122388,-0.0020795405060954008,-0.000274794962412322
2013-11-01,-0.0002543585409294436,0.00032839157282178006,-0.0011088407415331548,-2.1199465774224662e-05,-0.0024447690441088714
2013-11-04,0.0005474606386207937,-0.0005053057207064118,0.0005266872547568535,0.0008206294056467448,0.004584480894160293
2013-11-05,-0.0003686208881268652,0.0007374010109970625,0.0015916101280811998,-0.0008536155349424172,-0.001357344863456781
2013-11-06,-0.0017322566181088071,-0.0012494161393080655,-0.00019934217149637518,-5.253949657866785e-05,0.0028808464793780297
2013-11-07,0.00044426110590110597,6.346251482928012e-05,-5.269786732955462e-05,0.001236544807919913,-0.007429258949454562
2013-11-08,0.002520345638794422,0.0011203646091064031,-0.001237264006995521,0.0005864571228025521,-0.007399616541420282
2013-11-11,-0.0009511647140356709,-0.0006516850562089716,-0.0001601494731836266,-0.0005561556951448574,-0.0006726278112932036
2013-11-12,-0.0004294379796523711,-0.00020391626624840275,-0.0008155206907474187,-0.00333441203853708,-0.006654510976886321
2013-11-13,0.002257191723214575,0.0010323580618137136,0.00034441933393957727,0.0011588605835787923,0.0065583843459975245
2013-11-14,0.0026954628404409807,0.00016111102195336436,-0.0007421390076518667,-0.0010408117124203896,-0.005956479729704244
2013-11-15,-0.00017092373638165023,-0.0009183815773153445,0.0008585165362471758,0.00034181826283240853,0.006575800418793059
2013-11-18,2.1288598891739576e-05,0.00010643619692238784,-0.0006591817879243772,0.00022350293041525872,-0.00014945449138568007
2013-11-19,-0.0019219441969075839,-0.000944873600568045,-0.001083251133422267,0.00018067135398570203,0.007795133773289813
2013-11-20,-0.0013308705324031242,0.0007562081317234306,0.00020207714097711022,-0.0018128310714545582,-0.01184959093342317
2013-11-21,0.0012558055585062556,0.0006492593261518733,-0.0008417418076452223,0.0005083691734915197,-0.01091823330196957
2013-11-22,-0.0001528684679005696,-0.0002619572588055119,-0.0015167638011654128,0.000698636595491309,-0.004888657210331235
2013-11-25,-0.0009728424707934366,5.462779354226734e-05,0.0005136808624753395,0.0003826914187152045,0.003333481669773137
2013-11-26,0.0019749841837661086,0.0024251747092492084,-0.0008637609122158317,-0.0005920858039488485,-0.008288833569815404
2013-11-27,0.0008041374957586254,-0.0003082512271890126,0.0010083960781718567,-0.0013993952930235352,-0.004043694937091044
2013-11-28,0.00024201621626769896,-0.00036287463079826416,0.0009301766364673402,0.00018697242211253575,-0.0004845815072797812
2013-11-29,0.0012056249336801072,0.00012053407567699301,-0.0012739974485972163,-0.0008986006544201199,0.003299316735628455
2013-12-02,-0.0007252030336840521,-0.0015590179151032967,-0.0010178897727235923,-0.00039578707172485477,-0.0006361742015589321
2013-12-03,0.0008110656092482312,-0.00020809717117712965,-0.0005593669428380675,-0.0005260216447686358,0.0018306490760550333
2013-12-04,-0.00018863423323412526,0.0011210825724767214,-0.000277261764606612,-0.000432883622114914,-0.011067724519942267
2013-12-05,0.002379859770705542,0.0005760305012334819,0.0015085468680067213,0.0027822264703995484,0.003758031679572457
2013-12-06,0.00021986961820282683,0.00036255170878820154,0.0002648597362471177,-0.0008907706854639053,0.00416153498247982
2013-12-09,-0.00047334152474142203,0.00041818902753204583,0.0009907530533017888,0.0002972406184672467,-0.001671174828768208
2013-12-10,-0.0004153777264231064,-0.00025152693384568645,0.001799311480987843,0.00020771043054337388,0.006219750968109764
2013-12-11,0.001027334929710125,0.00033125014104979755,-0.0012947258197232438,0.0009159783674970527,-0.010962598723604128
2013-12-12,0.0004480537739475943,0.00031354983459582365,0.0001657431096097423,-0.0008850995754592239,-0.013725913049542873
2013-12-13,0.00013409169657253725,0.0001341696577331257,-0.002230580034749498,0.0011055709612755968,0.004629741444948558
2013-12-16,-0.0006136578102009354,-0.0005912704118707985,-0.000604398697675778,0.0008255612053517431,-0.0011515393326872124
2013-12-17,0.0010350220866163313,-0.0006974913096359981,-0.0009849570996862376,0.0011799676597066748,-0.0022958522372810023
2013-12-18,-0.00164146419452384,-0.001259615983721341,0.0005276422932278474,-0.0004051590304595879,-0.008501202513300185
2013-12-19,0.001673886634433487,0.0006328398900321218,0.0007221275997287155,0.0008584758064310431,0.0018979196370160895
2013-12-20,0.0014347204756603724,-0.0003025667771144935,0.0005411682601605104,-0.0012328384862126886,0.006670553483538899
2013-12-23,-0.0007275536052207708,-0.0008616108178426888,-0.0002351715923556671,0.0006044663529882272,0.0010531859846586405
2013-12-24,0.0005046285760497056,0.0010765712249588945,-0.00029137855884114254,-0.0004821952311247918,-0.0004032167792808369
2013-12-26,0.0004729729817902695,0.00046170912020028634,,0.0001238369181950858,-0.004693737212046146
2013-12-27,-0.0014384287648635656,-0.00048346385925093283,-0.0005722268193910523,-0.0009000698161702255,-0.0019039792145695536
2013-12-30,0.0027716857126551214,0.0017400387198734486,0.00033854313927122207,-0.0005716623760853527,0.007741770879281125
2013-12-31,-5.589433735919702e-05,0.0006261951025942786,-0.0001794405944297678,-0.0019582726465725456,0.0007283280711445665
2014-01-02,-0.0010081888183281216,0.0003472902989674087,-0.0006751510906967992,-2.241574482009813e-05,0.001494692995300791
2014-01-03,-0.0022580277999012955,-0.0019576443340464872,-0.0009230889656804451,-0.0007240928269141682,0.004481900654142301
2014-01-06,0.0005363548115574704,0.0011172436529613033,0.0014623394451438359,0.0010160503316534457,0.0003123152624852868
2014-01-07,0.0008752834008099464,-1.1220259300230426e-05,-0.00015699115274948937,0.0007176094942700921,-0.005636653071825992
2014-01-08,-0.003933020549814462,-0.0016011737894787385,0.0004147912370362715,0.00011226620574476828,-0.0031565079986848083
2014-01-09,7.87778184578769e-05,0.0012723435917719465,0.0005857175206872061,-0.0003826932647669908,0.0007647667834164083
2014-01-10,-0.0007689350628771679,-0.0015822435498482285,0.00023608370963421413,0.0014816220341682738,0.01113507614638849
2014-01-13,-0.001048559430733797,-0.0002870707759584503,0.00018796680782659207,-0.0004528760467316831,0.004075987256862221
2014-01-14,0.0008903927219896798,0.0006675122068825795,-0.00044395117266339155,-0.001324746794205629,-0.009741220308305288
2014-01-15,0.00154687741018643,-3.362154468902168e-05,0.0005841121661402883,-0.0005265664071476536,-0.006247711028348051
2014-01-16,-2.2718753195835642e-05,0.0017502987931521598,-0.0009898456307820712,-0.00020449200848326912,-0.009490724468238376
2014-01-17,0.00033032810993866517,0.0008197561684597593,0.0010800549035617586,-0.0005923900833979649,-0.004295265910107022
2014-01-20,-0.0004202420428819882,-0.00044291255472588855,0.00035191481754272025,-0.00023859433962915226,0.003493463272885295
2014-01-21,0.0006249254553711268,-0.0007612555402426354,0.0009677291569206729,-0.0007272231759261698,-0.0002613027661836093
2014-01-22,-0.0008701204592215553,-0.0009032608327973951,-0.00025925571212275243,-0.0012103868493547434,0.004772196611663391
2014-01-23,-0.0009563822158768471,0.0007406774688385404,-0.0003747083280188358,-0.0009801017355126154,-0.009772805053510577
2014-01-24,-0.0003216431397126084,0.000390373845317462,-0.001094236936586704,0.0010449621721497773,-0.008716651130416569
2014-01-27,0.0020253461167135654,0.000789243453931705,0.0016626251515249207,-0.001773384825796884,0.004212659110830413
2014-01-28,-0.0014919341533167754,-0.0002734637620587488,3.410932037513528e-05,-0.0007525055367810412,0.006154989940990869
2014-01-29,0.0006852757360775377,0.00034263003144744563,-0.0008438049258900281,0.0004223527393000978,-0.004369683904882845
2014-01-30,-0.0027361981660141165,-0.002280242693631688,6.866559856199417e-05,0.0011295890752404491,0.005598422895589794
2014-01-31,0.0032107541887914487,0.002488633282246735,-0.0020346352106777672,0.0012699867271419494,-0.004706963700811211
2014-02-03,-0.002250665919256717,-0.000681353648889657,-0.0003070606923894236,-0.001605840592452591,-0.0006970990677183892
2014-02-04,0.0006512683118683251,-1.1235765689536127e-05,-0.0025649116343050243,0.002903085023367092,0.018496078948875744
2014-02-05,0.00039288100139971415,-0.0006394328336651058,-0.00057120138641387,6.733553298628804e-05,0.0016595280882511878
2014-02-06,-0.0007584376548620417,-0.001360483739073095,0.0006591037544993582,0.0004350566478901597,0.002305308824308123
2014-02-07,0.000591686267255035,0.000748599204796757,0.0006261670952525814,-0.0003572026604927828,0.0013181266639671607
2014-02-10,0.0008501309266119847,0.0002125529292760103,-0.00038075614149301663,-0.00015654877085281244,0.00010062780578377153
2014-02-11,0.0006201687943791043,0.0007416960825327024,-0.0003987064244551806,0.001117547266288045,0.008195033114587564
2014-02-12,-0.0013055698785272123,0.0003653372490885719,-0.00047507251273299066,-0.0004097248810149432,0.00038804166945708194
2014-02-13,0.0005568300921209942,0.0,0.0008706232202664833,-0.0005568300921210741,-0.004466028997713454
2014-02-14,-0.0005763177887050128,-0.0006428444981088045,-0.0003101702638051154,-4.434589801171941e-05,0.005861733556503691
2014-02-17,-0.00018827490406525492,-0.00015511606036309157,-0.0008968958042978188,0.00032115349751942607,-0.0022327605964105883
2014-02-18,-0.0005642373265445728,-0.000896320168008842,6.657937373465778e-05,0.0003983182172601175,-0.002337575636932414
2014-02-19,-0.001572553729974268,-0.00014391913983334453,0.0005202309056999723,0.00017731282461466515,-0.0026099091351689512
2014-02-20,0.002207063496228106,0.0013589834223672376,0.00027855618936976396,-0.00023385170567752475,0.001811000933827116
2014-02-21,-0.001327954754553603,-0.0006581112445493016,0.0003778743501625173,0.00045772977996421055,-0.0038592695277527896
2014-02-24,0.004092934043149977,0.0022401890239343272,-0.00012251830828687786,0.0008077321424148793,0.0064626679583073806
2014-02-25,0.0016839497021923493,0.000498700618196312,0.0008868491940019705,-0.000996733013467831,-0.002748746507533604
2014-02-26,-0.001081967501522916,-0.0012939065507788828,-0.00037758060128531546,-8.928671084844818e-05,-0.005352873111806278
2014-02-27,0.002601798159069963,0.002067397883352864,-0.0011547280665592575,-0.0008813964567232409,-0.000301324154526741
2014-02-28,0.000268600592536181,0.000794152395952281,-0.0003235866822104639,-0.0005820591625970969,-0.0038134478474845996
2014-03-03,0.0013335352421372404,0.0014339650463619622,-0.0004484807789040213,-0.00033601774489834356,0.0024123569194264365
2014-03-04,-0.0005924535013470609,-0.00012293730771599919,7.82433256048997e-05,-0.0005704283400300833,0.003724899019867461
2014-03-05,-0.0012803029943363887,-0.00041198773527388046,0.0006578470798587874,0.00043437342317672147,0.002152541219152669
2014-03-06,0.000682601398312951,0.0005177779729546402,-0.0006189623735865185,0.001275875137332054,0.014082947960072326
2014-03-07,-0.001178265003651181,-0.0010465841004217483,-0.0004823027858787106,-0.0005731164464945828,-0.003830199384112151
2014-03-10,-0.001219444749528843,2.218820031600862e-05,1.1057482322022485e-05,0.0004768690862951591,-0.003296681968840847
2014-03-11,0.000608518166448263,-0.00019913487028009585,-0.0010517518171200516,-0.0022256557429295976,-0.006291566072728923
2014-03-12,0.0007700764318661849,0.0004687081596387089,-0.0014084824256089803,0.0009032467313845545,0.002594786272483326
2014-03-13,-0.0023868328615056435,-0.0007588046442224301,-0.0002867004110632704,-0.0028010604992543407,0.005269037531455306
2014-03-14,-0.0005975963525270497,-0.0007632870385015631,0.0006429086293607121,0.0004426982530383846,-0.0009076218717944362
2014-03-17,0.0014522892607694141,0.0006492399169461141,0.0008814262045726477,-0.0005168612342681324,0.0074275823933953496
2014-03-18,-0.0004928023579027403,-0.00040538838405308037,0.0,0.0003504621755764493,0.0054580432778014295
2014-03-19,7.690659697587009e-05,0.00021971503049052676,-8.779438560537765e-05,-2.1972709895222195e-05,-0.011089994556598709
2014-03-20,-0.001206947289981622,-0.0006200520599476641,-1.1075975655096855e-05,0.0016052522862302402,0.0005203518581598823
2014-03-21,0.0013213241588559757,0.0009577859365199372,0.00023116424322345243,-0.0001760757130113484,0.005276765826166072
2014-03-24,-0.0005702379801411409,-0.0010966115804508362,-0.000966916162399387,0.0007017851948185611,0.003797028397593395
2014-03-25,0.00012029022765762653,-7.651234858374726e-05,0.0004484378578570377,-0.00026247006351541553,0.0032369211925078146
2014-03-26,4.333694475221205e-05,3.249373142069509e-05,0.0006613936129292231,-0.0007695100985030597,0.006431730165699402
2014-03-27,0.0013609412035437286,-0.00011874881939834534,-0.0002706990006081999,-0.0007558497730574633,0.00422174497723047
2014-03-28,0.00044339424422064566,1.0809817476341257e-05,0.0003886765612188656,-0.0010926184441325056,-0.0012213906995728332
2014-03-31,0.0011042547403347209,0.001298434487056917,-0.0001408137956519629,0.0027984740117980907,0.0018257741652605002
2014-04-01,-0.00029225998357048646,-0.0001082461952518757,0.0004319981059267125,0.0008224396619763206,-0.0029185108217043686
2014-04-02,0.0004217378907488046,0.0001297914685564077,0.00015150695337681587,-0.0012332725472390684,0.0013738420511936662
2014-04-03,-0.0008449423125477279,-0.00012996999877495902,-0.0009544365753114943,1.0837112776693554e-05,-0.0023919184082037497
2014-04-04,0.0010871613783033573,0.0009154107333049621,0.000367853901235555,-8.606870439639431e-05,0.006599044354771867
2014-04-07,0.0008098171875457217,0.0009937459636751567,0.00010769363325655973,0.00031295358290512796,-0.0017467065015018162
2014-04-08,-0.0008457293849061273,-0.00027841730650485593,0.0022192093930877665,-0.0004392049390103275,0.009547970440217574
2014-04-09,-0.0013148683551961195,-0.0006307495972938694,-0.00012794950277084308,0.00035293929275832683,0.0028072665750798875
2014-04-10,0.0011904763310748023,0.0002125737373153782,0.0007092987238869746,0.00015933123403869117,0.003011970326762872
2014-04-11,0.0008508285455732873,-0.00022334129301095613,0.0008416656953452087,-0.0004146884845144835,-0.001680476033892973
2014-04-14,0.00022308031514984325,9.559569401784373e-05,-0.0009582114121508947,-0.0003080763841326637,0.002562781540584963
2014-04-15,0.0001496222042142529,-0.0008872498510904091,-0.0002769168521599247,-0.000459625146379926,-0.006478100540888048
2014-04-16,-0.000320495702759503,-7.479311693101603e-05,0.0004274874490663818,0.0010358987881492637,0.001420674792316326
2014-04-17,-0.0010484536270848057,-0.000866481657524155,-0.0006406697353210259,-0.0003104675773673855,-0.004353856076147017
2014-04-18,2.1425893192618255e-05,-0.00049285363245053,-0.0002143392999310703,-0.0001928495672217872,0.00036443930345270793
2014-04-21,0.0009327908812536826,0.000696778232968265,-2.1438525030363238e-05,0.0011032149656626659,-0.0009541627410448888
2014-04-22,0.0016333854737227652,0.001046036365086995,-0.0007051583693199151,-0.0012167788885178656,0.004355999588583094
2014-04-23,0.0004960959508155852,4.313459071347339e-05,0.0005065665138531878,0.0012283954822537289,-0.00814948000404122
2014-04-24,0.0005183473475164488,0.0007882646169622286,-0.00015094502395260705,0.0005720299122550595,-0.002770906198259469
2014-04-25,0.0003232271021741812,-0.00011850447368252815,0.0005176876733392189,-0.00010773075939056616,0.0012947639404423167
2014-04-28,-0.0016290074750061408,-0.0002159407466984058,0.001344136809663055,-3.2391286746619405e-05,-0.0014460694258976207
2014-04-29,0.00132666783198216,0.00040988027755374436,0.0008428970219595656,-0.0009489815337281489,0.0007988341764470656
2014-04-30,-0.0005505151773580705,-0.00019443274308638772,0.0008183042179373655,0.00033466299209563714,0.002005067237800354
2014-05-01,0.0008957334550973051,0.0005181738805180287,-0.0001720189655150108,0.00015100852148208595,-0.0021777340775628665
2014-05-02,0.002459306242101033,0.0008778727865085708,-0.00014020027092395075,0.002226570597453,0.0010894598543783017
2014-05-05,0.00024828762629631036,0.0003670636032878489,-0.0008518944381829956,0.0006582035597185276,-0.00047413283072679247
2014-05-06,0.0005448747190078935,-0.000652179746741864,-0.0004191047339583048,-0.001036585132865832,0.006788790238812472
2014-05-07,0.000278694852380603,-0.00030030674414328597,-0.0006852322027454708,0.00015003429383421833,-0.0015320419326248491
2014-05-08,-0.0010872694621035083,-0.0008635348962257529,0.0006286661297413608,-0.0004267030851370222,0.004418324482804327
2014-05-09,-0.0006195787063133552,-0.00016029151718181909,-0.00014948321544871863,-0.000865916616096796,-0.0005018284812892312
2014-05-12,-0.0010029341998332487,-0.00030939769052059556,-0.0006510173710045586,-0.001046684349367979,0.0004807718082552835
2014-05-13,-0.0007891229415097375,-0.000255997270760586,-4.284306585638822e-05,-0.001537377793034465,-0.0003739136516704541
2014-05-14,0.00022347201106079286,0.0002021846591296122,0.0010423093411365521,-0.0028876962733574547,0.0018681717105166523
2014-05-15,-0.001690997449053017,-0.00048158474414175274,0.0006184819664401843,0.0011561808783845644,-0.002327742821201751
2014-05-16,-0.00018156089014707111,-0.0006621880215055373,0.0006205863670174337,-6.40881853648906e-05,0.000993690680704815
2014-05-19,0.0003419716838028774,-0.00024570943380767646,-0.0006842944015886769,-0.0013364912150450527,-0.004440623419202091
2014-05-20,0.0006375862713492234,-0.00016207543025986514,-0.0009928451221883601,0.0009394285294522113,-0.009070698968356185
2014-05-21,-2.170680616999558e-05,-0.0010634950920430852,6.499978335684966e-05,0.0004557440099716833,0.0005625757461859986
2014-05-22,-0.0006277396169122035,-0.0008442746775325524,-4.3198410305222736e-05,-0.00032484759519467356,-0.0024581877026512476
2014-05-23,0.000855381102757962,0.00043319110902886144,-0.0011154007664718353,-0.00014070863054181995,0.000552806591392171
2014-05-26,0.00031393605705175835,-0.0002165205161646986,-3.246700540859794e-05,0.0009087762439535107,0.0006063231021611717
2014-05-27,-0.00044279088574251957,-0.00044288654726923674,-0.0002051448167639978,-0.0012971011611725097,0.0020652339918756104
2014-05-28,-0.0005204775498909632,-0.0006719556328615798,-0.0012984485366453761,-0.0003471355924773703,-0.0026932182912518545
2014-05-29,-0.0006139958936678068,-0.0004202337207809889,0.0015598697175677003,0.0008616419118702586,0.007789360893261056
2014-05-30,0.00022587324304806914,0.0,0.0004402330084789942,0.0008492569512553284,0.0005694118559283281
2014-06-03,-0.0006700312571680997,-0.0009732045146246063,0.0005065173806031005,0.00017295427564458166,0.0027989578923252783
2014-06-04,-0.0006903768221306376,-0.000787380383135735,-0.00036667961240834145,0.00029131084691550444,0.001067805760830137
2014-06-05,0.00011814173800235913,-0.00013962655290086965,0.0005171243691586196,-0.00044041743690722385,0.0063294411129311045
2014-06-06,-0.0005679717667112275,6.434523364901803e-05,-0.00019253602087527502,-1.071954977906388e-05,-0.00034284735057699015
2014-06-09,-0.00031038118268944976,-0.00022480690787130583,-0.00017098766793097536,-0.00019269885510859566,0.0013591975336652029
2014-06-10,-0.0008539436702653535,-0.0009607481764230086,-0.0016552140339502353,-0.0003204169720240058,0.002083367474177686
2014-06-11,-0.0005856515540746166,0.0007241669734262574,-0.00011717272871409418,-7.456208095574106e-05,0.0016955392196447493
2014-06-12,0.0014976820597464421,0.0,-0.00040444033459966747,0.0003077559837726861,0.004008788538046954
2014-06-13,-0.00017043215243794552,-0.00021304019083754385,0.00024433903756358873,0.0004473224630462077,-0.0023373929598015674
2014-06-16,0.0019060098302200517,0.001714526502629343,0.00022372675598964203,-0.0002447029796819281,-0.0003084893090370123
2014-06-17,-3.213522502959635e-05,2.1418550607500332e-05,-0.0007060409583084002,-4.284857314915821e-05,-0.006843089962126358
2014-06-18,0.00012843015557712818,0.0001498640521762678,-0.00021421762450307542,-0.0006637334176503759,0.0066302832536557785
2014-06-19,6.371726527654615e-05,2.123886287197859e-05,0.0009443823221683361,-0.0009668149515093357,-0.00020220832847934683
2014-06-20,-0.0005646377146885948,-0.0001385034175268476,-0.0009041351500103481,-0.00033040763009275944,-0.0008944639669522518
2014-06-23,-0.000466581135257859,0.00011671520971596621,-0.00040280266394368243,-0.0008276565061501681,0.00480877569036495
2014-06-24,-0.0004370978902326989,-0.0009699787045438712,0.0006167981989364289,-4.265392736672616e-05,-0.005897147295272248
2014-06-25,0.00018112178358581919,-9.588493814776813e-05,0.0007153648932798445,0.0001384827617807881,0.003772222196143401
2014-06-26,-0.001446254877976526,-0.000531960179367226,0.00022329617139844575,0.00021281576619516354,0.0009036449396850113
2014-06-27,-0.0005738149285566457,-0.0006908463141778537,0.00015924496686848258,0.0011473007823603006,0.0015290198141266265
2014-06-30,0.000861560115198354,0.00041494438744720983,-0.00011699078445029292,0.00311032335882305,0.0008062548838564011
2014-07-01,0.0003058636188527138,0.0007382798415809127,-0.00013751447890472605,-0.00022147810357634563,0.00664798385665161
2014-07-02,-0.00047692985266039266,0.00022260736922323471,-0.00014799623693727184,0.0002649891104982923,-0.00541863620980082
2014-07-03,0.0010601445573600742,0.0006210249251994279,0.0006401434139798337,0.0018178323618335149,-0.010358815301056961
2014-07-04,-3.2078528239993895e-05,-2.1387629395964018e-05,-0.0003527959112265995,0.0005131330089181254,0.002073957617918101
2014-07-07,-8.540165470887893e-05,-0.00032024253307987965,0.0005554131562074123,0.0002455101018388032,0.0007688857942707572
2014-07-08,3.190047053470141e-05,-0.0006165228308724814,0.0009475293085566531,-0.0006062830250970207,0.003282465220260156
2014-07-09,0.00011711534277615926,-4.258354359602278e-05,0.0005318866143158823,0.0009470654981112723,0.000882720538027977
2014-07-10,0.00010670650386255268,-0.00018137686427787918,-2.1335153933932527e-05,0.0012582776055273489,-0.0017662209600747085
2014-07-11,-0.0005849726027386428,-0.0001701783686129358,0.0005533504445621801,-0.0019701502088855616,8.519066741392112e-05
2014-07-14,-0.00021293358681904141,0.00014906938142512197,0.0003619871001774609,-5.3240481945427155e-05,0.0012251574261543554
2014-07-15,0.0007143733277463739,0.001694130086022463,0.00030956612953300764,-0.002411722561784861,-0.002579903778462837
2014-07-16,-7.480110922842983e-05,-0.0003205778978309803,-0.0009629479789276575,0.0004273595654692086,-0.0007688611623353433
2014-07-17,-0.0007251090647100482,-0.0006292360322583671,0.0,-0.00010667804575932032,-0.0015287989079453665
2014-07-18,0.0003307636936983098,0.00022403226158253792,0.0,0.0006292159004619629,0.004994674204094263
2014-07-21,-2.132196162131736e-05,0.00018128789099870375,-0.0002237911292141703,-0.0008852625701466394,-0.002642825950264853
2014-07-22,-0.0011056068142989365,6.381010116082198e-05,-0.0001171964480163247,-0.0012878713057452211,0.0023447919083139377
2014-07-23,-0.0006244939420646102,-5.2924894294885267e-05,4.2344173448191336e-05,-0.00043420015190800265,0.0051074965955506535
2014-07-24,0.00016976667733120183,-0.00041397099609873257,-0.0006353778593965062,-0.00043508482187284747,-0.0028744033664211744
2014-07-25,-3.186455440346404e-05,-0.0003186235489756135,0.00013819128885353695,-0.00043558403476449286,-0.002073421088917475
2014-07-28,-0.0007442375098986435,-4.253373457466066e-05,0.0003940257232629379,-3.190827435007006e-05,0.0007978426758412913
2014-07-29,-0.00042632106884896094,-0.0004264437851808371,-0.0003085713702175711,0.00043697676725027536,-0.002363463252850266
2014-07-30,0.00010710307610261314,-0.0002355611720424656,-0.0006722043754342113,-0.0017257554461285341,-0.005986825523358001
2014-07-31,0.0012587481960459,-0.00015058945041786876,-0.0014836957490571162,-0.0004839464311992086,-0.003458724365733389
2014-08-01,-0.00011813666277674255,-0.0009133352951284981,2.154220656908489e-05,0.0010734567407987242,0.0015912099776086996
2014-08-04,0.00017157992985865532,0.0001716038529275404,-1.0733356588975016e-05,5.361269120909446e-05,0.0024032283474534955
2014-08-05,-0.0015045353824634088,-0.0010206000939617314,0.00033202131667651655,0.0011178710023236234,-0.0030371836587201953
2014-08-06,-0.0007510488212873188,-0.00019311232760365303,-0.00038639047384240804,0.0006866953059543789,0.00473954864353389
2014-08-07,-0.00020492797931842717,0.00035601970351716,-9.712666944101532e-05,0.000517631845915861,-0.008594902446493262
2014-08-08,0.0008517750319560267,0.0003235862007935557,0.0007456114629289782,-0.0005605804310189787,0.0008843831465119836
2014-08-11,0.0003994709761886112,7.55715095767827e-05,-0.0013052508527684385,-0.00018352090300610737,-0.0012728411961601606
2014-08-12,0.00012950851536591134,-0.00010788650350314654,0.00033468105747722326,0.000366849735990088,-4.317556263830781e-05
2014-08-13,-0.0006551355881643659,0.0,-0.0002369234425289741,-0.00027936862872014317,0.0040181246462644765
2014-08-14,-0.00010735142573002373,-0.0007083065331545039,0.0005479481627734846,2.1471207112084768e-05,0.0013536890087021067
2014-08-15,0.0002792306140809735,-1.073935059156304e-05,0.0004288532529918226,-0.0013001597481882106,0.0009228953812748276
2014-08-18,-0.00016099170927471275,-0.0003755828284759336,-0.0004294103188870983,0.00032195750439082034,0.000547189765110941
2014-08-19,-0.0004397372372776228,-8.579548506526538e-05,0.0001285842871773586,-0.0007834257568234153,-0.002846510652203843
2014-08-20,0.0006130120051941505,0.00030114651005178696,-0.00022611401626380405,0.0010638127403546514,-0.0012808853852069285
2014-08-21,0.0012911279794937172,0.0005595067878558141,0.00036665193280452954,0.0007308998992563647,0.0020873240347410497
2014-08-22,-0.0005796728231365361,-0.001589518109343898,-5.362476607479691e-05,-0.001418394228965977,0.0012567471242436576
2014-08-25,0.0005164344619593858,0.0008604556643349991,-0.00042937344340890994,7.529108073146781e-05,0.0005702389240363027
2014-08-26,-0.0008796207471108636,-0.00031103365313095806,0.0004302139305090678,0.0003540867549536221,0.0013650998803874255
2014-08-27,-0.0003425830797465522,0.00041774898178683983,0.0005036676757193537,-0.0002998564994944534,0.0025424969846186713
2014-08-28,-0.0007592324631805541,-0.0003634536690035669,0.0008226364357659916,0.0005774968879415792,0.002557422999279859
2014-08-29,0.00023546536627336382,0.00028909935046922094,-9.620986586154141e-05,0.000716757718446923,-0.0019683150523140827
2014-09-01,-0.00034252807459484336,-0.0001070251296025739,-0.00010698276517872758,8.564301854062426e-05,0.0004608813633635418
2014-09-02,-0.0011313376309721335,0.0,-0.0007422747295063786,-0.0002264211983041276,-0.006051211775151737
2014-09-03,-0.00010706408866568638,0.00041755665726245645,0.0017587135900483453,0.0002890467365871468,0.00711150393675336
2014-09-04,-9.596468506962796e-05,1.0661719628913637e-05,0.0009849580583238626,-0.0006186600873580816,0.0
2014-09-05,0.0010551391044629262,0.001054565888257704,0.000427674845338749,-0.0014604378578511677,0.003803504660111525
2014-09-08,-0.0014916006349650435,-0.0008584152037396407,-0.00021379627434530823,0.0001610712314156019,-0.009204493409547973
2014-09-09,-0.004038128845453738,-0.0020180108833860785,0.00099308089896399,0.002726439993737884,-0.007985499813246068
2014-09-10,-0.0007873585621915622,-0.0006123564980854436,-0.0006686067471453378,0.0015194830123355467,-0.0050098668262445615
2014-09-11,-0.0006259574882759626,8.788601189909458e-05,-0.003936625495199447,0.0005491066173531504,-0.005704696923002392
2014-09-12,0.0018792011189878745,0.001128031704498637,-0.0010381005901890614,-0.0009612676212966384,-0.00763879973084726
2014-09-15,0.0005644246615271933,0.0008740437246358776,0.00022235069242688174,-0.001284251491206785,0.0020722639965774837
2014-09-16,-0.0006641429479690324,-0.0007418439035680036,-0.0007882977064612081,-0.00034331342083562165,0.005761986933137626
2014-09-17,0.00011040452228126694,-0.0005409254372364781,0.00126825896096095,-0.0013477686529777778,-0.014534704514053736
2014-09-18,0.0004018574799570311,0.0011273769590674652,0.0013495504476898562,0.0028975190779765257,0.003433747715957242
2014-09-19,-0.00292124014715316,-0.0010148718619615847,-0.0017662121586179405,-0.0015980246009843063,-0.007103476604919822
2014-09-22,0.000936292688044772,0.0003835956497649531,-0.002676564800786908,6.764984443130442e-05,-0.006830642999039137
2014-09-23,-0.0023133660750571075,-0.0008014584714774923,0.00036018189574916934,-0.0010625552058871834,-0.0028561610285622787
2014-09-24,2.2571070659766786e-05,-0.001998747214188948,-0.0004617663206632415,0.001375872824776563,0.0037801255780019892
2014-09-25,0.0030107329728936935,0.0014204951392803801,0.0009760195070768508,-0.00014748509576394513,-0.009983330980947957
2014-09-26,-0.0008199055290494663,0.0003645934254060787,0.000615209361471598,-0.0001936869455357078,-0.0030761542737010087
2014-09-29,-0.0006189324758885812,-0.00014893312357482604,-0.0010673890728031222,-0.0001605265273533567,-0.0044522600914834705
2014-09-30,-0.00013743343089839472,-0.00021763658213202916,-0.0022325143366510106,0.0022080999298395654,0.003343910219401917
2014-10-01,0.0026024514404376854,0.0032409370962326817,0.0023560927361410875,-0.0030732206975664,-0.0017049131935291174
2014-10-02,-0.0003415728323409425,0.0005805911947383942,0.0022515104859329414,-0.0011964245429376486,0.007552716419643309
2014-10-03,-0.0008868260847374491,-0.0005414154113098049,-0.00019361415038240417,-0.0018914498292347023,-0.014343933507236634
2014-10-06,0.001009000830888439,0.0004471323414228537,-0.0006188544514360722,0.00026354839416683037,0.009475699263039506
2014-10-07,-0.0003060200977077933,-0.001371594608494571,-0.0005802080948211315,-0.0011228755865551668,0.005385999207896062
2014-10-08,-0.0017551662225695694,0.0001936803255325768,0.0007735800074067297,-0.0016554121474462095,0.0028803430963281283
2014-10-09,0.000769552905128456,-0.00046392949103964663,-0.0022628646702728614,-0.0014717205934949122,-0.006840158472724869
2014-10-10,-0.0018468708826931848,-0.0011580909994350233,0.00029794987786728856,0.0011016502915823139,-0.009450621048320949
2014-10-13,0.00010256936262116225,-0.0008432664537810206,0.0007446229974320403,-0.0033331842192836423,0.009106611850202867
2014-10-14,-0.0008129011284416682,-0.0006416426270829612,-0.00047979164255182655,-0.00020619265339901407,-0.004577347871005302
2014-10-15,-0.0030929500902528405,-0.004431019793023067,0.00042405176359055005,0.0007741348291887657,0.010269725230556855
2014-10-16,0.0017098631111670474,-0.00032092058637134334,-0.0028239078988294155,0.004575829344058624,-0.006709026503289708
2014-10-17,0.00017128273683178927,-0.0012223613656514828,-0.0008894667207471461,-0.0005025125733885754,-0.0007660251104878325
2014-10-20,0.0013205379695243778,0.0012858957237795636,0.00045644385392037447,-0.0007852822582649853,0.0018468489123714125
2014-10-21,-0.0005332153578904635,-0.0005331427757826905,-0.0013400260925459722,-0.0007151817490767366,-0.00012529544111834784
2014-10-22,0.0010243686801577204,0.000636949941347066,0.0007969942355156135,0.0014323555599513248,-0.001835668339402933
2014-10-23,-0.002281543312312598,-0.0018010012961218525,-0.0013885887570215113,0.0008105439650111565,-0.0004109213828254286
2014-10-24,-6.8076608903583e-05,0.0008280446709779473,0.0011059110355799424,-0.0017943539463600132,0.0029412121204145025
2014-10-27,0.00030671884914162576,-0.0004316661243204631,0.002145692127503027,-0.00046579529707289967,-0.0006932409289765051
2014-10-28,-0.0008019020189259853,0.00047465136618806927,0.0005892484986015588,-0.000452059137032639,0.0063010181274162705
2014-10-29,-0.001033835734689179,-0.00037081360299500425,0.0006309148474266952,0.0004383869678188953,-0.007199536769572288
2014-10-30,-0.0015652828077114948,-0.000907296997844326,0.0009441528636345938,0.00154261503787906,0.004405243451365856
2014-10-31,3.416759204236342e-05,0.0006726828326194637,-0.0004878906767835063,0.001047239708686583,-0.0037454927676844004
2014-11-03,-0.0006662837696229261,0.00024125868217452073,-0.0016021609707650667,-0.00044826814081440846,-0.007132648781628825
2014-11-04,-0.0002980967690041264,0.0005273838444696015,0.0006179762619135734,0.0008940238543350879,0.006423955833181137
2014-11-05,5.8248920955120916e-05,-0.00036097930583235184,-0.0029371313567377612,0.0004891570291567636,-0.01929208917723891
2014-11-06,-0.00010478824052670738,0.0007101900930102103,0.0002205110061336523,-0.0011533959465144566,-0.0019253102487004701
2014-11-07,-0.0011369174523315358,-0.0006735414598741008,0.0009188130513053685,0.0007310238720542487,0.007794997179161767
2014-11-10,-0.0008449808067072757,-0.00040521219201168575,-0.0005533460282985928,-0.001378966920524437,-0.0021775397781493354
2014-11-11,0.0030605963753336397,0.0006931768571647185,0.0009641578016011797,0.0005648968637045395,0.00922197402582561
2014-11-12,-0.00041223892119169345,-0.0002976088297322431,0.0011140270930428337,0.00048092888904870487,0.0005857591778496124
2014-11-13,-0.0006868132138113812,0.0,0.0010740894126452885,-0.00043522580888809975,-0.0004364154284694697
2014-11-14,0.0008722699080530367,-0.001226269829850212,0.00012632860383494332,0.002783873671062365,0.004584325080045715
2014-11-17,0.0007575757938081309,0.0005740198768486252,-0.0005501180600375825,0.00029828144222247485,-0.005017480026244173
2014-11-18,0.00014896384216753336,0.0010770924132329613,-0.0006660236340084864,-0.0002406449295694171,0.00012631844897744864
2014-11-19,0.0010085729548847497,0.0011593532108380427,0.0010533322732156631,-0.0011709671090522442,-0.012118559860631718
2014-11-20,0.0004986923925190388,0.00011597833537716338,0.0014184894305866507,-0.0016245637558831652,0.001985521445107425
2014-11-21,-0.0021640794420678677,-0.001174168432355361,0.009021646080619792,-0.000541752409351869,0.0052178357396203585
2014-11-24,-0.0014842991732014396,-0.000661325808266757,0.0006015942428392378,-0.0005687919129522613,-0.009062299802286284
2014-11-25,0.000843931363456714,0.001358759521234821,0.0008079105415124462,-0.0019233255996372565,-0.005046954281511839
2014-11-26,0.0018883974764030817,0.0010551863382766795,-0.0001884059683163802,0.00018747217264854715,-0.003136559848736849
2014-11-27,-0.0010301434917424767,-0.0010759731576983934,-0.001481766957035922,0.0009365379221428381,-0.0005862695835390813
2014-11-28,0.002665306238589205,0.0025249721281677454,-0.00017599540110773985,-0.0008328788173627557,-0.0026542348254209452
2014-12-01,0.00034137929336398485,4.714868338175234e-05,0.0008131375180671246,0.00270337145563714,0.004574773477537695
2014-12-02,-0.0002721040163962295,0.00018921923469971427,-0.0025279385966809,0.00040221455139326673,-0.0024325453336471073
2014-12-03,0.0008429451338220058,0.0003560915430276199,0.0011762400885651782,-0.0011993327923257339,-0.007273794907408837
2014-12-04,0.002169896529496286,0.0014647655124209018,0.00056149238980492,0.001309196697392698,-0.0012870168016173792
2014-12-05,1.2002280433581851e-05,-0.0004201352897411944,-0.000525605354161918,-0.0006002905586478638,-0.008021497408706573
2014-12-08,0.000637866418705473,0.0014923400008802611,0.00038586760396780526,-0.0019630400898871725,-0.0009634724288961301
2014-12-09,0.0007307971404846273,-0.00011976334776834456,0.0016771138275053445,-0.0014381421685085666,-0.0002530654067070928
2014-12-10,0.00016837649022902426,0.0002767666453695044,0.0007568158836070007,-0.0014682346517326263,0.004065388502918851
2014-12-11,-0.002310992758561031,-0.002082602551998445,0.002661409939838455,0.0011138150523752437,-0.010340155954857095
2014-12-12,0.0043633259539697855,0.0024497926290988656,-0.0001450501634357966,-0.0005080747705013684,-0.0003396450741659344
2014-12-15,-0.00048680160145444905,-0.00032862107243637615,-0.0005327908679749267,0.0016663123021190098,0.00043843625108620413
2014-12-16,0.000389474457833281,-0.0013624146036746918,0.00016955310686140747,-0.00015820570425406362,0.0011925479345119845
2014-12-17,-0.0010891047779544325,-0.000966910917584474,0.00023233490569606716,0.00030604812539565356,-0.011903810147329427
2014-12-18,-0.002559629088010551,-0.0010168391881405733,0.002003763835405689,0.0019356346470077207,0.005265915749744875
2014-12-19,-0.00228344235929447,-0.0020009950268220183,0.0005271642974409818,-0.001168289081484464,-0.003519813294401712
2014-12-22,-0.0004913884278627418,0.00033166885012274127,0.0,0.0005527950069828376,-0.00344264046010005
2014-12-23,-0.0019874709501758957,-0.0016051169625144151,0.0010455427011067159,0.0006299990943679944,-0.0012817196514418872
2014-12-24,-0.00048092041694167267,-0.00019725324915406288,-0.0003699319367431298,-2.4668821078357433e-05,-0.00043171768801129515
2014-12-26,-0.0006776779317871875,-0.0005052963793957081,0.0001846051608537191,-0.00028352882630260247,0.0012696223038812225
2014-12-29,-0.00017189092335471377,0.00034371010846080035,-0.000809250016575818,7.367115654767217e-05,0.0026834418298550835
2014-12-30,0.0017209922531116833,0.0007321716537362467,-0.00040413194845640137,-0.0005245277845517522,0.005883235089687277
2014-12-31,0.0010637453394359128,0.001614343545283083,0.0007686536129994939,-0.0015042470290305271,-0.0024838957299210124
2015-01-02,0.000357026343718385,0.00033239974452750084,-0.0014502909268695955,-0.0009728885086014049,-0.011361243562934652
2015-01-05,0.0009139526615914372,0.0013839293439406538,-0.001559329062061674,-0.000765687365283395,0.0036996064196948403
2015-01-06,-0.00016010936735577784,0.00012320885147969402,-0.0003567189277215802,-0.0006530190038801847,-0.0023617141434249924
2015-01-07,-0.00011183944837537921,-0.000236387502422639,0.0003345952977204008,-1.2427377512807815e-05,-0.0004457652376934362
2015-01-08,0.0004927504195688929,-0.00029565389000224724,-0.001998594247555553,0.0004555780687178592,0.0047199623044263716
2015-01-09,0.0,0.0008300680399947074,0.0017102960273469923,-8.542992615505275e-05,0.010569652688733349
2015-01-12,7.359254265560594e-05,0.0008094286611738218,0.00035516365457076004,0.0010664837084952373,-0.008709781735963765
2015-01-13,0.001974673318199218,0.002134341617848577,-9.829458896196666e-05,2.4505599530755946e-05,0.0024263231068709632
2015-01-14,0.0008463194809055356,0.0007483515147592492,0.0008234043933596645,0.000637333028069221,-0.003690832909578322
2015-01-15,0.00046209597825934824,-0.001835431628864243,-0.001981361182434183,-0.0015573863396741976,0.009913476495443226
2015-01-16,0.0009770754468837277,0.0014896399536028135,0.00035312239710850806,0.00035395422154809077,-0.000352800203173976
2015-01-19,0.0002556532868414275,2.4332676352155075e-05,-0.0005241122207648291,-0.000633165727924117,-0.004130097670945915
2015-01-20,-0.0003670263566122415,0.0,0.0005116772159441666,0.0004893385463974212,-0.00341195001513441
2015-01-21,-0.00396501977188374,0.0004539515331339253,0.0023927545170885464,-0.003943757345269013,-0.00772280579019902
2015-01-22,-0.00048099159192054004,-0.0004934129472976514,0.0005425467771403204,-0.0013702437103663245,-0.010336682698309433
2015-01-23,0.002670396729790274,0.0011210410479939648,0.0009045226747357243,-0.002039943286806831,-0.014157194024336345
2015-01-26,0.0013629310170018623,0.0016786468750194592,-0.00030304561068329684,0.00034044270489018164,0.005722548723709273
2015-01-27,0.0005033029360728709,5.030687192918066e-05,-0.0003019399665644192,-0.001359499712165847,-0.0001262514678410908
2015-01-28,0.0015074811593155195,0.0008790657353729269,-0.0045758637633598375,0.0006149019801592422,-0.0037062612392097702
2015-01-29,-0.0025678899647039294,-0.0002056238119618547,-0.002662742404106063,-0.002394070030882921,-0.013896822231175693
2015-01-30,0.0014935560992895866,0.0014410151355569248,-0.0033680710614554833,-0.0011328382668996354,-0.0019808863866438327
2015-02-02,0.0004353839130393075,-0.0009206690845197203,0.00020543108501338756,0.0009853163086421051,0.0022725094036065577
2015-02-03,0.000817762362305897,0.0005202440061672144,0.002346256192468152,0.003678141247972488,-0.004550194871089017
2015-02-04,0.0017652027801764376,-0.0002448974343122182,0.0008854498085777865,-0.0009659658799216273,-0.0005927911615747912
2015-02-05,0.0004619411877041646,0.000846522893842342,0.0004990946015825497,0.0005386618231848574,0.00528404513024757
2015-02-06,-0.0006017656240541296,-0.0018943763185132188,-0.0008040894121141361,-0.0002689910928931878,-0.0008466532049993618
2015-02-09,0.0007415457732891231,5.1108413733604416e-05,0.00017944116941262642,-0.0016884549535633579,0.004306832655006804
2015-02-10,0.0027054202170480445,0.0012492515775352527,0.001634018826693368,0.000887328620554741,-0.0015277664847409328
2015-02-11,0.0025566002076774547,0.0005835856966670537,-0.0039222314078128425,-0.0006093568880574835,-0.008010723746079083
2015-02-12,0.0026675660695693218,0.0010624928115122118,-0.0002081409121484154,0.00445164897507325,0.004251998315735519
2015-02-13,0.0006693268366754385,0.00024448147531249846,-0.0002714282961272218,5.1468128372862093e-05,-6.448492667074575e-05
2015-02-16,0.00015432297256666165,-1.2862646232332432e-05,0.0005143107064278417,-0.00118375185917274,-0.0009664264238664911
2015-02-17,0.002717776174494049,0.001641004970759837,0.0020760721010100137,0.0003967923867922806,0.006873497393045787
2015-02-18,0.00012845050177587872,-0.0005905840534225178,-0.0011662257263466962,-0.0011437899244057714,-0.0003969905606805645
2015-02-19,0.001053321270427229,-0.0006419391918888526,0.0009788265167684081,0.002333902907302872,-0.0014869128793821387
2015-02-20,0.00015339187820090255,-2.5543436615184426e-05,-0.0002424381635062744,0.0006133323303395905,0.005462502149406774
2015-02-23,0.0008076768193534636,0.001859773643723079,0.00011555572687773567,0.0002050204386930453,-0.005881467370899741
2015-02-24,0.00275360543869112,0.0015600228216245638,0.0009676109153170801,-0.001984394354893012,0.004222817131622819
2015-02-25,-0.00026610067632541604,-0.000975294723953919,-0.00021565804329505987,0.0005701290546491355,0.006503984489146086
2015-02-26,0.0009327941693103273,-0.0004983675371978896,-0.00029088701773996394,-0.001866459256032787,-0.01007301830741328
2015-02-27,0.0013040478464623434,-0.0005626238879952273,1.2782574794281533e-05,-0.0024048620480458744,0.00032032596643989246
2015-03-02,0.0015826350955502103,0.002212048846845157,-1.284265817368746e-05,-9.00014786564826e-05,-0.003732404137325248
2015-03-03,-0.00035729325223470893,0.0,-0.0003969702260438396,0.0006124245824701788,0.008052286770959574
2015-03-04,0.0009850768069003995,0.0007159569197503629,-0.00040843417119577994,-0.00011508877833180426,0.0005242933349425676
2015-03-05,-0.0017490166242615066,-0.00030887633609357726,-0.001447187522451473,-0.001120462726612552,-0.004908409882821114
2015-03-06,-0.0005300273540626927,-0.0004782184515434024,-2.5623286444146108e-05,-0.002874793169030434,-0.008593046876203941
2015-03-09,-7.764678481501663e-05,-0.00032356386462228264,-0.000646621425698737,-0.00146347491265433,-0.003959732796542781
2015-03-10,-0.0011620848323892162,-0.0005483816351242254,0.0011936227864431733,-0.002053267966521834,-0.007560411289098005
2015-03-11,-0.0038243990223035106,-0.0035648308150298545,0.0005643452104971603,0.0013863859145600513,-0.003282178109612332
2015-03-12,0.00018156587648925592,-0.0006359961016252834,0.001983920458588926,-0.0005447965579082846,0.012402388500912577
2015-03-13,-0.0004058096284932902,-0.0022259184553673084,-0.0037004745993942786,-0.0012970765193790336,-0.008818790438949006
2015-03-16,-0.0003265647378296045,-0.0007580015261585898,-0.0006938399079188863,0.0002743215457586523,0.0023052651439125775
2015-03-17,-0.00030153059780748184,-0.00019654731939970472,-0.000130561938769161,-0.0016666123735602943,-0.0028824127391924924
2015-03-18,0.0014399416039173087,0.0011131848053896013,-0.0003025778338778606,0.001307240992988703,0.01683576493530025
2015-03-19,-0.0014395458756496086,0.00019644693049355498,0.002499871100329248,-0.0025045087669341203,-0.012868051376287465
2015-03-20,0.0016672809740425247,0.001123631902792793,-0.0017593821940602933,0.002463516075360649,0.015548016388484836
2015-03-23,-0.001736577082014043,-0.002372087017488852,0.0007198036275258557,0.002896869707899888,0.013855973856000318
2015-03-24,0.00029198007126081366,-0.0002919615393148496,-0.0017526707307405263,-0.001384487611517807,-0.0026771060122933433
2015-03-25,-0.0019471972248325468,-0.0006621757809224768,-0.000622162988675455,0.0009168004309359974,-0.0045714219796547445
2015-03-26,0.0011997755051282944,0.0006381702599512647,0.0012819945018039665,-0.0011742333733804943,-0.0007916140401386548
2015-03-27,-0.0017107763763475955,-0.00020573750538681134,-5.133997331459026e-05,-0.002126467580088954,-0.009754922688955281
2015-03-30,-0.00030045133241058807,-0.0009274317990098552,0.0008713237518793427,-0.0020271381798700346,-0.010893127342032278
2015-03-31,-5.262119319776379e-05,-0.00035524212755743046,-0.002118324290388942,0.005261547168185815,-0.00526799803020534
2015-04-01,0.0002098443225136583,-0.00056495320931125,-0.004073914221225768,-0.0007740192316954422,-0.0013016127370955412
2015-04-02,0.0016237305799110596,-0.00042189643068580093,-0.0007384745561892349,-0.0008181362785132537,-0.0016063414427231707
2015-04-03,0.00013063186652311677,0.0,0.00021071762599208596,0.00033956301179079905,0.0055454221663158235
2015-04-06,0.00105999447211921,0.0011522247065217487,-0.001034133024058873,0.002416769630303497,-0.003793626277034442
2015-04-07,0.00037917171048862706,-0.00048375815650974536,-0.0017078532790296352,0.00030062019479154366,0.00447469138436776
2015-04-08,-0.001583284997543452,0.0007519187244952505,-0.00028585164494370646,-0.00028577738136631177,0.00649912239840714
2015-04-09,-0.002215500332911696,-0.0009459206261625835,0.0007794536424872302,-0.0011810130829910336,0.000845171197466975
2015-04-10,0.0025001966301499107,0.0011318767592980318,0.0003644409776116782,-0.0009498592190151387,-0.002511599568678943
2015-04-13,-0.0026234104861370166,-0.0015942557479273994,-0.0009910214277086052,-0.00120194703449937,-0.010985952127004962
2015-04-14,-0.000655909770334116,0.0005115794141833549,-0.0013874484410216993,0.0036021914053330512,0.004904839051715363
2015-04-15,0.0003540588954943541,0.0006687954718742617,-0.0015171206645979676,-0.0011019284861566439,0.0067197700925730125
2015-04-16,-0.0024032757790424133,-0.002428511129234543,-0.0006838577584368637,-0.0005276943099291927,0.015450462820981352
2015-04-17,-0.0003087174102547232,-0.0002570165532806805,0.0005760184485166501,-0.00027020593716783024,-0.0018235057446562921
2015-04-20,-0.005595884256092473,-0.0036384320065199873,-0.002510182922013093,0.001269249370639524,-0.010173158716491186
2015-04-21,-3.884425396857339e-05,-0.0009067945436442452,0.0020483840491316166,0.0021600375734102954,-0.001450683500315278
2015-04-22,-0.0017771372171003837,-0.002512224252074319,0.0017973840070124277,0.00019332014520560129,0.00431994049643441
2015-04-23,0.0016813899999562076,0.0011245469067647045,0.00018103058173182942,0.003959481799724016,0.004082873725545636
2015-04-24,-0.0005892978558679896,-0.0023310929544102673,-0.002564366981223983,0.003160207083768849,0.004898010843528038
2015-04-27,0.002057627043138209,0.0020189636033395887,-0.0009986813116380961,0.0042933010292955385,0.0028966109511919433
2015-04-28,0.002883110740452516,0.0009022557003055626,0.001457827841554245,0.0016759011889288507,0.02191630306608089
2015-04-29,0.0022499714260888004,0.0032065251619882926,-0.00048813152984651437,0.0006950995761724772,-0.0035090165190088595
2015-04-30,0.0007609481781025792,0.0015480075669978314,-0.0003646812537665017,-0.0005452873989851083,-0.011765359726286782
2015-05-01,-0.003986733170333417,-0.0020752574464060402,-0.0004309361520719379,-5.105166429539772e-05,-0.006680153364027495
2015-05-04,0.0015048911794203067,0.0,0.0011749982194278537,-0.0006501412055197289,0.00014041447823988685
2015-05-05,1.2650461425857475e-05,-0.0013920881035228228,-0.0002031333323391059,0.003901347692060633,0.013615483780633259
2015-05-06,0.0015340008620320785,0.0004491298185410839,-0.0002756270532872959,-0.0010598306510014401,0.0034441182418399343
2015-05-07,-0.003930911816074607,-0.0026090094897251725,-0.0011828959675929237,-0.000997783488000525,-0.007355104252408427
2015-05-08,-0.005495004059322802,-0.003104142607879574,-0.0018698206377621104,-0.0013784819913404782,0.002890558476304313
2015-05-11,0.0006701777486289685,0.00037916129975743495,0.000836226387324979,0.0007202562907326346,-0.0041968004158436005
2015-05-12,0.002198286222697771,0.000502083657683074,0.002014505113186619,0.0009030365214638803,0.011649345575423306
2015-05-13,0.0029994282844705593,0.0019250471781467827,0.0009131221278524764,-0.002134472528632681,0.014481387197316575
2015-05-14,-0.0038215978856194085,0.0006271712936540425,-0.0004957121005687847,-0.001780173789769261,-0.0030899699521037354
2015-05-15,0.0028904634895558882,0.0026934699676537588,-0.0014821737105442617,0.002298923004477405,-0.005772863784133788
2015-05-18,0.0001375558822940711,0.0009763181068916416,0.001649567362714642,0.0012246633706775843,-0.005913190882601492
2015-05-19,0.00042853002256481703,-0.00016374548949267702,-0.0005142968358665585,-0.003294313666869263,-0.009074746170023995
2015-05-20,-0.001534900247429948,-0.0016486586192591749,0.0004686837040872001,-1.269494677653494e-05,-0.006015455651662223
2015-05-21,0.0011676461836087877,0.0005580569616577067,0.0009493491342936963,-0.0006090365990851965,0.0026005837423669505
2015-05-22,-0.0005493557983408014,0.00029404056693225925,-0.00015182762532801785,-0.0004601579956954759,-0.00826913599263604
2015-05-25,-0.0008173273850990331,-0.0005748925428695895,0.0006131364676155867,0.00025548657557011433,0.001816763335390273
2015-05-26,-0.0020513886316802133,-0.002451202961218474,-0.0008993499591203967,-0.0003229285774642877,-0.011338193990898953
2015-05-27,0.0021902974729085156,0.001529825405644796,0.0005939929412011398,-0.0015806797621454234,-0.0002715300736236954
2015-05-28,0.0011788747042739635,0.0015991195144711525,-0.0008069974926428173,0.00024869598353289765,-0.010608385909693822
2015-05-29,0.0011644719651045625,-0.00031371319029102564,-7.838731174736433e-05,0.0007842727579658535,-0.001975470797792521
2015-06-01,-0.005106193503090278,-0.0024093241980827312,-0.00033992260551123993,-0.000801024303360628,-0.0047192777964585415
2015-06-02,0.0023134247049479938,0.0025439227557143866,0.0003382113853376925,-0.0001678339738632121,0.02098633775727839
2015-06-03,0.003529015346747261,0.002193419341307518,-0.0021832106993222066,-0.0003971940216862027,0.0009260093519859143
2015-06-04,-0.001715132563582967,0.00018197416017160393,0.005598778500735597,-0.0016920257580312532,-0.013290306976118426
2015-06-05,0.004146824309172523,0.002520744954134057,0.00046836580224685396,-0.0012710894422274807,-0.006915286226549841
2015-06-08,-0.0010722319140142914,-9.154096137461229e-05,-0.0016643409056391588,-0.001531885107068955,0.009207627006774181
2015-06-09,-0.0031464147757657053,-0.0004804914090975617,0.0011228914325527334,-0.0007295086561867071,-0.00046812827569419344
2015-06-10,-0.00016761109108930173,0.0008504716764363488,-0.0021880438615538055,-7.736844145139753e-05,0.006766504526169697
2015-06-11,0.0017339100123179715,0.001191185370153232,0.00019377466650655531,-0.0021613794644771557,0.0017167386190545491
2015-06-12,0.0025955500912507,0.00024640923510866393,-0.0025965947285486084,0.0029636553570777744,-0.0033458456858465224
2015-06-15,-0.0005018691513725229,-0.00023168408691381448,-0.0005570706004314642,-0.00036047170687472955,0.002438254696025659
2015-06-16,0.00012885103549656164,0.001043619521503201,-0.0014096804688205843,-0.0008894102765363656,-0.0014570777214440416
2015-06-17,-0.0014311924273825692,-0.0016523445579337173,-0.001792627327887046,-0.001967978635506798,0.00014193273702413847
2015-06-18,-0.00022967093360114107,-0.00034452618420755584,0.0022753723364395454,-0.0014174708822838806,0.006417491946978669
2015-06-19,0.00018039144993444434,-0.0008886885989137408,0.0007985266320787651,-0.0008635968699647681,-0.004239417456713168
2015-06-22,-0.002125371934945158,-0.0024722209776859216,0.000514979476574974,0.00010315260147100266,-0.004555757739168533
2015-06-23,0.00307578743138498,0.0010906684021307366,0.0006601215639960032,0.0012690850047662396,0.00046556139785117244
2015-06-24,-0.0021025588869442325,-0.0002595009810724339,0.0015484073855876507,-0.0008968785330871445,-0.004081030195546798
2015-06-25,-6.462578441798055e-05,1.2927496138069054e-05,0.0014355461743002455,0.0005168893713408579,0.0038094790549795623
2015-06-26,0.0008238256048005878,0.0009277590060263697,-3.8933482150663126e-05,-0.0010593290599398629,-0.010478515013493669
2015-06-29,0.0008360221510280965,-0.0003525011296954422,0.0015293021129585659,-0.0013065919412886013,0.00792430330730851
2015-06-30,0.0003890495568516612,0.000324067175479587,0.0009634413827208542,-0.003571965844149508,0.0033158038038639272
2015-07-01,-0.0009004483274779886,0.0003395053700575107,-0.0013102846229703648,0.000796090065470028,-0.007126276762754055
2015-07-02,0.0009049952416840289,0.0009710522244287438,-0.0008804610504853963,0.0005504659439907042,-0.002015496441889497
2015-07-03,0.00011983462835629711,-0.0009315696289997557,-0.002132069907876494,0.001077865930020024,-0.015952376528520357
2015-07-06,0.001397866152310965,0.0006790538777267544,-0.0009858123758467105,0.0013693441918497767,0.003661196783310818
2015-07-07,-0.0010259041679472674,0.00028339507487105015,-0.0014521401446545422,0.003182268296826913,-0.007241800996364656
2015-07-08,-0.0011173862404779166,-0.002665591239077804,-0.0011908146307657186,0.001695782484921322,-0.002246088783795735
2015-07-09,-0.003466673721607754,-0.0016107169829141339,0.0006571403901713104,0.00016150740277378942,0.0031994865101175533
2015-07-10,0.0003768506101128528,0.0012657718184073403,-0.0002413871727849174,-0.0018317490238772278,-0.0009802671677077142
2015-07-13,-0.0007164631361773847,-0.0005942412794390635,-0.00012140096731016846,-0.001420925735214092,-0.0033583102458522632
2015-07-14,-0.0015698274401418216,0.00017437376389709425,-0.0006330264937674957,-9.399947635781232e-05,0.00659801760762619
2015-07-15,-0.003328238501149692,-0.004097151207062686,-0.0015427236822565667,-0.0012289908292175682,-0.009628814970117265
2015-07-16,0.0016438064549211932,0.002410012812623512,0.0015719864468737212,-0.0006194785804655186,0.0034495154160318476
2015-07-17,-0.0014772753061001087,-0.00033902672533350905,9.456967427806442e-05,0.0015585298767144646,-0.004696973204919749
2015-07-20,-0.0016290186052483546,-0.0024720548291204277,-0.0018694886027927299,0.0021578787883018385,-0.0006376383178891994
2015-07-21,0.005813812649481633,0.004054607527989546,0.00016290624781478894,0.0034452628116965903,0.007032187581527065
2015-07-22,-0.0009354474221864084,-0.0022519171152497845,-0.0021335501983004925,0.0009760992057891294,-0.005228858392103618
2015-07-23,0.0013158878374918428,-0.001031137734670437,0.0014452919100914373,-0.00044747887087057863,-0.004004267514207726
2015-07-24,-0.0006189608532948291,-0.00045372363509804697,0.0007671653617531704,0.0013337276910547848,-0.010060777080521636
2015-07-27,-0.0015171502359939578,0.0006019234370987447,0.00032918198574515424,-0.0022594856618239445,-0.0008529371819888018
2015-07-28,-0.0003965567982830022,0.002077354853926061,0.0008627242077322281,-0.0008346503505019666,0.010391873195920949
2015-07-29,0.00028704013975005735,0.0004919578655324976,-0.0008616858115663047,-0.001436025329348602,-0.0070804981491313776
2015-07-30,0.0007010646847454952,0.00026122404234652305,0.001424989622220231,-0.00013742493184739347,-0.00038416157210367124
2015-07-31,-0.004002728285021482,4.0848282675866695e-05,-0.0008382863719679898,0.002030595907435887,0.001083505451523064
2015-08-03,1.3735980714823404e-05,0.00038444640192305255,-2.743258442550121e-05,-0.0006045617111863753,-0.0044026651649267555
2015-08-04,0.00152596533395497,0.0005944500161541232,-0.0009205859908804967,0.0010924025173142584,0.014248521436726658
2015-08-05,-0.004594147155042158,-0.002634618214385259,-0.0003803004419291051,0.0007217807870262506,-0.004005626804269245
2015-08-06,0.00014987907511789905,-0.0003541365914589072,0.00015019833035004028,0.0011437909743710695,-0.0006941278426603575
2015-08-07,0.0019712208235940923,0.0003124511820453023,0.0006376988785015816,0.004971933102890485,0.009755117463282422
2015-08-10,0.00019009083683630456,0.0002986452388280696,-0.0008415452352121825,0.0037942481423657993,-8.099898755684012e-05
2015-08-11,-0.0008347759932441494,-0.0007529553853211761,-0.0025056526441047558,-0.001411123447137376,-0.013893454949037482
2015-08-12,-0.00017680700201792298,0.0013737293465721455,-0.0004244395066286717,0.002825167585939944,0.010553289433277858
2015-08-13,0.0002454723992250859,0.0003409966683567448,0.0001906733498912095,0.0028865943276579907,-0.0029437121499263173
2015-08-14,0.0014894051903684756,0.001623926197596105,0.000758684261178739,-0.0021264644380904773,0.0016831821538670208
2015-08-17,-0.0009766420569570467,-0.00043432822323174287,0.001113782492927784,0.0015188091119030492,-0.00046112950418383944
2015-08-18,0.001118461550135804,-1.3639308487317022e-05,-0.0003404487146900733,-0.0010092882647301873,-0.004759323642352803
2015-08-19,0.00031362282340351735,-0.0002589526063057996,-0.0009920029078785966,-0.0015827537756319635,0.0016071042901144904
2015-08-20,-2.7314941274634896e-05,-0.001953699328299362,-0.0016313552774526571,0.0021283280200709957,-0.0017979491883191546
2015-08-21,-0.0013474798045410167,-0.0019051772133593188,0.0005601973134061761,-0.0015811788526626737,-0.0030995075163868006
2015-08-24,0.005053081919501525,0.0017210991520703394,-0.002465447129544668,-0.001167039603399215,-0.023820541880281067
2015-08-25,-0.0007359527100718126,-0.0014736142354157254,-0.001055555653563711,-0.0035066760117482996,0.0008685785278698572
2015-08-26,-0.001165280395802068,-0.0013609548425701924,0.0008136811099737322,-0.0021938468606701273,-0.0018501392881614773
2015-08-27,0.0028984918740293125,0.0018908230711317617,-0.0005880047209794673,-0.0011051966346244078,0.005651787518588332
2015-08-28,0.0006167734534383712,-0.00046201987507302563,-0.000585537247138376,0.002617051504518167,0.00019528253259805314
2015-08-31,-0.0018848821199671142,-0.0018722247633265747,-0.0006595704611221816,-0.0018884416108500125,-0.00651513741035659
2015-09-01,-0.003422350843526354,-0.0010779684177897484,-0.00362071668646515,0.0006967799097381967,-0.014056726388804024
2015-09-02,5.6951662292143854e-05,-0.0001281695257344584,-0.00185288176041785,-0.0020523060007626766,0.0036286317198699508
2015-09-03,0.0061045646384342706,0.0,-0.0011254604534443543,-0.003766482795476782,-0.004313143247816976
2015-09-04,-0.0015693052927284938,0.0001584249681061608,0.00017195426059040482,-0.0006197617718899168,-0.014817002053374367
2015-09-07,-0.0005334602230073074,-0.0004181355541020492,-0.0003893323000318054,-0.0011977172654840235,0.002080564814555232
2015-09-08,-0.0025117035695702106,-0.0006711553405294592,0.00010032030849746049,0.00027145377951774,0.01310582128939309
2015-09-09,-0.0007661096195153028,0.0003549245822527959,0.000227150118810663,-0.002188060319981952,-0.005327708766186435
2015-09-10,0.0006237684320255677,-0.0014014427242251299,-0.00496686248596053,0.00041090747367067757,0.01293425070680483
2015-09-11,-0.00041009397383076163,-0.00021228267640798,-0.0016317499523480447,-0.0016845625891442058,0.00196318041683051
2015-09-14,0.0012215585515195288,0.0004914936590937959,0.0020824546712388497,0.0031523006356251088,0.006569762036353442
2015-09-15,-2.8115554932652484e-05,-0.0004216444194583271,0.0008283085431359254,-0.003478362341312799,0.0006167734534383712
2015-09-16,0.0038202043002160298,0.002842494389646471,-0.0008504053878924015,0.0007650737278257103,0.007455219653223108
2015-09-17,-0.00019566189686745026,0.0010198879007453808,-0.0012408592798790526,-0.0011887697634346123,-0.0032461002193777647
2015-09-18,-0.0053076851493509495,-0.002205893384797815,0.0017936234613025106,-0.0012171509109822091,0.002647826846262768
2015-09-21,0.0017207975874106243,6.99276249367024e-05,-0.0011576416091112957,-0.00214095389173444,-0.0074315510977822595
2015-09-22,-0.0010326122468733159,-1.4130381025934056e-05,-0.002425739251816802,-0.0007645368553513378,-0.006767001294404019
2015-09-23,-0.002455800398127018,-0.0009941064512501722,0.0007097736120245059,-0.0026898378833526233,-0.011157439691927833
2015-09-24,0.0022626063983798407,0.0005011849548952813,-0.001651907610278953,0.00012872866161411532,-0.0031740157896562246
2015-09-25,-0.000570263619805207,-0.0016543308725999984,0.0023120077660967442,0.0006985281299038268,0.0054126364800081385
2015-09-28,-0.0001574025717105828,-0.0003718961022381299,-0.00029893025895006423,0.0013014038404782528,-0.005513354535967938
2015-09-29,0.0005711511706798457,0.0021453097472741295,0.00114685487654844,0.0002997238281469057,0.0014312501548703535
2015-09-30,0.0008115438999431223,0.0015236850486807661,0.0033917177773959617,-0.0006121563040396266,0.003868421556822026
2015-10-01,-0.000254647314846793,-0.0005514978963677067,0.00012725794495573096,-0.0028763542583271095,0.0020494726936901766
2015-10-02,0.0024069456954888273,-2.848191398661238e-05,0.0003269390714201615,0.000597278136045669,0.0018040418259763315
2015-10-05,0.0010041084432130792,-0.0008773916559687382,0.0006630317722246912,0.0008195100354091975,0.004017376288509825
2015-10-06,0.00030871127321960843,-0.0003505500165601075,0.001279374827423802,0.0009535963925026211,0.010993210188488197
2015-10-07,0.001606314822992208,0.0014673720066968952,-0.00024992710589549083,-0.001052121644780887,0.005569648751460179
2015-10-08,0.00016690079177542427,-0.0001112981539566964,-0.00013923698156728618,0.001500854935075489,0.0076355255187828056
2015-10-09,-0.0006289652362237151,-0.00028696561392347643,0.0005206121420214021,0.003440793137811407,0.010377277028288974
2015-10-12,-0.0012359849723905807,-0.0010876807641907143,0.0009237750449757991,0.0019144478729276296,0.005243279180604705
2015-10-13,0.003933168791820117,0.0028156071809000744,-0.0021764879542604987,0.001823804576871554,-0.020932034192264824
2015-10-14,-0.0009912986823443664,-0.0021875976116532037,-0.0007440989168066296,-0.00019286668838799516,0.013501617238699429
2015-10-15,0.0029028391508886518,0.002081622225234023,0.0018639334380627327,0.00028708722864080095,0.003660756181507296
2015-10-16,-0.002517801350733377,-0.002380183696084635,-0.0007830585015091467,0.001128979082356605,-0.009948012979574504
2015-10-19,-0.0005507062947231316,0.0005924538093780227,0.0009181541636478802,-0.0007025906596492253,-0.0017364465100201123
2015-10-20,0.0006597484948261222,0.0019768278361179865,-0.0016336620306292343,-0.0014575257647248215,0.00154365684294929
2015-10-21,-0.0008728845229286893,-0.0008182795782685531,0.00040188192141555186,-4.158494071279444e-05,-0.006771161486760036
2015-10-22,0.00033237775036979133,-0.0017704505440623612,0.0011361433316790669,-6.923625490014248e-05,0.0
2015-10-23,0.0008873607148731253,0.0015667138961126667,-0.0006602022108997853,0.001550989066248734,0.000859297092457947
2015-10-26,-0.001143054006364253,-0.00042701195593575615,-0.0002618360232421657,0.0003168807934759945,0.003430013182621375
2015-10-27,-0.00047092718120113835,-4.1534851207469974e-05,-0.0004137132199008992,0.0020759529156022315,-0.006830126094465727
2015-10-28,0.0012481682299797304,0.0001261944658390974,0.00040681485575555244,0.0009106001483781851,-0.012224441360690452
2015-10-29,-0.0023270747901762826,-0.0009031767029896479,0.0,-0.0004519391088984673,-0.003722088664373704
2015-10-30,0.002223098619313698,0.0002813295653726087,0.00015491539537917633,0.0034094529502042906,0.007500474916468901
2015-11-02,0.00022410533044278294,0.0011341917999783578,0.0013450843406147368,-0.0001400599458858036,0.0032610017631699516
2015-11-03,0.000795206481681478,0.000655632534488361,9.745570993749803e-05,0.0003206938168435603,0.00437790002663528
2015-11-04,-0.002251229688199726,0.00011190219759607684,-0.0006538448394871255,0.0005457942491220371,-0.0074006146526789255
2015-11-05,-0.0011753184506731213,-0.0006301241553040431,0.0006589231751760711,0.0004898839073133347,0.0015124994130507356
2015-11-06,-0.001960673508308053,-0.0011645743519229858,6.988559730578915e-05,0.00022752157998111015,-0.015001620740149064
2015-11-09,0.0006669457679766869,0.0005818532900499434,0.0015578533103900592,-0.0009650866488488323,0.001874015625754766
2015-11-10,0.0008535943953439995,0.000569297786574982,0.0008220770664098542,-0.0005832106622588381,-0.0010643507401532435
2015-11-11,-0.00034019391381002025,-0.0002126679198459526,-2.833222365654324e-05,0.0005102474810933035,0.003571736087297786
2015-11-12,0.0005201194986345909,0.0012945714244319137,0.0003085121325829665,-5.621609468263525e-05,0.009196405994131886
2015-11-13,0.00028117136173756144,0.0006889425005535614,7.007070136625835e-05,0.0006604416767965239,-0.0012344121978753798
2015-11-16,0.00031045382954248313,-0.0003810195847824724,-0.002193384173082398,-0.00040925480916397786,-0.0020846546038173082
2015-11-17,-0.0015447922518175602,-0.0007301935337217874,0.0011531431456412132,-1.4054517473654075e-05,0.002759826587323793
2015-11-18,-0.0019473103646011974,-0.0016512017299940137,-0.0003938669343364484,-0.00039556962541131065,0.0007028197416174293
2015-11-19,0.0008341211627481138,0.00023620789183115658,0.0006973695504248833,0.0015412923521938755,0.010247036896651062
2015-11-20,0.0004838029772222714,-0.000621817523507774,2.7712729844283938e-05,-0.000677389725431396,0.006253009955042241
2015-11-23,-0.0005006536415871006,0.0001668775817748673,-0.00037620962286312687,-0.00012520258490124193,-0.0053573291587108345
2015-11-24,0.0004011481189459196,0.00037352406551785457,6.926886713527556e-05,0.0013820365122500502,0.009308319972614634
2015-11-25,0.0003042035421689817,0.0005804632812659214,0.0006477442876994013,0.0015748469851545246,2.757441645812717e-05
2015-11-26,0.0005259151737023724,0.00027683193709986185,0.00044322558137149234,5.5343405847195364e-05,-0.0049618290527691355
2015-11-27,0.000931960034905243,5.561812596155491e-05,0.0010132205315277045,-0.00033373660148725795,-0.0037341187360913396
2015-11-30,0.001948739119496483,0.0011879767117117972,0.0016380020042383698,-0.001146670292185306,0.006632464995848494
2015-12-01,-0.0014221446693963823,-0.0010944512420035348,-0.0001235288063884882,0.0016817412031911298,0.012560976519290846
2015-12-02,-0.0008745081449326201,-0.001188484139757403,0.00030009958074872137,-0.0010121043057765974,-0.002844679772218416
2015-12-03,-0.0003012873208219104,0.0005070750785321752,-0.00015019627951097744,0.0011088372719766566,0.0037729187784914546
2015-12-04,-0.0015889510157260278,-0.001494951420698172,-0.0021192966400839382,-0.0018093150626476242,0.0008728503206811135
2015-12-07,0.0007568200161713393,0.000646372429278985,0.0004245034400596936,-0.0001925907589901776,-0.011334244997542516
2015-12-08,0.0013035822617341937,0.0010942662929033164,6.933514531961618e-05,-0.000568374809958385,-0.004544991419021695
2015-12-09,-0.002628049702687594,-0.001092631760443537,0.0007791629957856742,-0.002232344957608046,0.0013974695626623639
2015-12-10,0.00021907604764896094,-0.0013686820361982644,0.0006723242777076467,-0.0006847720661462041,0.00532290237305805
2015-12-11,-0.000956215124238765,-0.0005270896451824152,-0.0004984492792610363,-5.546081001922841e-05,-0.012566595842531137
2015-12-14,-0.000262244399479557,-0.0017801824902854155,-0.0007209905612991847,0.0017791513040600582,0.01249955580551043
2015-12-15,-0.0020753975427022543,-0.0020756288316430512,0.0023855663930968875,0.0009337654418761771,-0.007472635237603006
2015-12-16,-0.00015274065361045957,-0.00022237665136813146,0.0001808884410263519,0.0007218412817942831,0.00038884568871240494
2015-12-17,-0.0016173837075957192,-0.0016870997140796084,0.0005829285383666919,-0.0005068495187842506,-0.010355844736465301
2015-12-18,0.0005295134174220497,0.0009896919520669839,0.0008685663598355897,0.0025044188232257363,0.006474505742185349
2015-12-21,-0.0006539995084599309,-0.0008348175017337498,0.00015358945568771901,-0.0018390553555975068,0.003884311033976506
2015-12-22,-0.0013668654661306613,-0.00044214163069170113,-0.00011060723382585118,-0.0010920729041732373,0.004616448548824085
2015-12-23,0.0004292885646678796,0.00031826641935256227,0.0010792711816825238,-0.0005539552545824727,0.00019361887567933804
2015-12-24,-0.0008666763506520148,-0.0003851815215519897,-9.624837588295122e-05,0.0003577669874276247,0.004773278752657812
2015-12-28,-0.0008260139790673774,0.0011157410159155867,-0.00031674114938887334,0.0001790276051577738,-0.0034944866752245813
2015-12-29,-0.001137446076820986,-0.000932439356162262,0.00027504641581623944,-9.59883717680848e-05,0.004496552662067256
2015-12-30,-0.0006725088262903895,0.0008367914339923047,0.0004933804885874157,-8.237910870456266e-05,-0.0009196665141526169
2015-12-31,-0.005289350068290262,-0.005097996514680929,-0.000806501263719271,0.0011122631580116886,0.0004530757743752609
2016-01-04,-0.002456215037106671,-0.001827988257320537,-5.545619655101179e-05,0.0011172093275943096,-0.013962459679033765
2016-01-05,-0.0007285770652390241,0.0007143307655053695,-0.0006830458533554516,0.0020023110270855557,-0.003262873105075762
2016-01-06,-0.0008623188427955429,-0.00041020999082900394,-0.0007208837498478887,-0.00024045091734717784,-0.011405739367604159
2016-01-07,-0.0005843244449498695,-0.00017085741989905317,-0.0018794856882495086,0.0013249280707285512,-0.009353224344563307
2016-01-08,0.0011464439999745875,1.4332910512742438e-05,0.0004698278096347306,-0.0008740445172829318,-0.009182458961519528
2016-01-11,-0.0030986966012138003,-0.0020146173684180667,-0.0011564738833628322,-2.860411899512045e-05,0.006966667312087435
2016-01-12,-0.0017180658809022792,0.0003292369605381906,0.0010301461715365393,-0.00042997807774308163,-0.00035792262095119784
2016-01-13,-0.0008857016907342043,0.00044320855117202886,0.0011811669308849915,-0.00030017367416411254,-0.0068970745424813224
2016-01-14,0.0006032402802718325,-0.0005312008853831179,-0.00028867110458399647,0.002008176820612872,0.008599640963956037
2016-01-15,-0.0015690607743249305,-0.0008281092705720805,-0.0017015092270867493,-0.001658906084745483,-0.02011402323176217
2016-01-18,-0.0013227419021048564,-0.0012355640467413842,0.001075706581226364,-0.0002472997066827062,0.0021995799077936386
2016-01-19,-0.0006786170910964389,0.0002166675101102139,0.0029561289056716524,0.0006208803705260581,0.005542994051769508
2016-01-20,-0.0018657265709992649,-0.00014588743351518765,-0.0004516679006477874,0.0002042334687399665,0.004317291004045086
2016-01-21,0.004846176051721384,0.0003739177999675329,-0.0015037596818661765,0.004765696073014425,0.01071950648572222
2016-01-22,-0.0011097832793455459,0.0003700488222014717,0.0010113888939850225,-0.0015101438931035636,-0.0022261553802296967
2016-01-25,-0.0028534371709868474,-0.0012477502676551673,0.00018609844661492207,0.0006603123804459818,-0.008753607541428425
2016-01-26,-0.00011427918417111385,0.0003854802489108581,-0.0004308611544795567,0.0008425021382405144,0.009510561196309603
2016-01-27,0.0008665819568755883,-0.0001986745575383381,0.00035521707688835236,0.004378234874215522,0.00072784881084485
2016-01-28,0.0013820532738990981,0.0019178165338892786,-0.0008893218448795554,-0.0012409398890604322,0.010332341881056193
2016-01-29,-9.885399978377164e-05,0.00042383657496392665,-0.001976062070294874,-0.001724455174538532,-0.0002824340182303235
2016-02-01,0.0004093125723161871,-0.0007478745894848328,-0.0002971789251258634,-0.00032461346584091154,0.005474286001927577
2016-02-02,0.0010067852498489677,-0.0011344944208478917,0.0010781825158869176,0.00014171933925817578,-0.011590599814909718
2016-02-03,0.005142051381481155,0.0022249143151800745,0.0011488140823099633,0.0022036797722680412,0.018531323290040955
2016-02-04,-0.00015222279911757456,0.00022146248377648812,0.0025347151629613995,-0.0016759819149575238,0.0058237712492862186
2016-02-05,-0.0030436276455023713,-0.0007191252363292706,-0.0005702800786034619,-0.0002822865226931186,-0.01888978556111141
2016-02-08,0.0021610330516925263,-0.00021194673151511955,0.0010151855700353738,0.002212686497061691,-0.0013702018600287174
2016-02-09,0.004966089479474514,0.003705593740138074,0.002343767718977431,-0.0011579632440291204,-0.001499483949319153
2016-02-10,-0.003801857630708573,-0.0015508250676210785,-0.0017439248344184042,-0.00016930739208293448,0.005336960441903523
2016-02-11,-0.0035687371693434735,-0.0017645029034108633,0.0016190885513954405,0.0023711744183504053,0.003050990422842278
2016-02-12,0.0006914604908284027,0.001228943898713835,0.0013647461510009284,0.0010433410415473473,-0.002544190851221161
2016-02-15,0.0005597223923137263,0.00014001680224510742,0.002083348651662456,-0.001876304511705231,0.004417866557300765
2016-02-16,-0.0014667101787421762,-0.0015376696758464634,-0.0001396472512708095,0.00221334156771735,-0.004066528306302421
2016-02-17,0.003871234054759097,0.0021077765185998723,0.002314377518984299,-0.00037668199417192254,0.007782031519091225
2016-02-18,-0.0005453897224346004,-0.00040568235628328335,-0.0011867946074397403,1.3988068178020813e-05,-0.003267794216153324
2016-02-19,0.0023253694073263787,0.0009729204594271364,0.0004502539789873724,0.00288158306827648,-0.000559667572079616
2016-02-22,-0.00038736096992571625,-0.0006778582705796283,-0.00029211904754357685,0.0015623598955539805,0.012257971148956357
2016-02-23,-0.0016217006457923042,-0.0014825799602226138,0.0013812920036980249,-0.0005689111056416388,-0.005171481096393633
2016-02-24,-0.0009894712710906471,0.0,-0.0009484755362759274,0.00046001687539741254,-0.0003614776131788759
2016-02-25,-0.0008612905998854375,-0.0011938973833562749,0.0010036102931852819,0.0016940919138763416,0.006141239643514341
2016-02-26,-0.004626370128156738,-0.0015211463163537146,-0.0010810212544826903,-0.0018369083415997257,-0.015403346159825236
2016-02-29,0.002701058973170898,0.0010496925364990339,5.593701493587152e-05,-0.00046132232569715865,0.0017524556382181944
2016-03-01,0.002978752386078536,0.0004756774996306377,0.0012454783056579778,0.0014233090145591458,0.005838005407816955
2016-03-02,0.0027709059009939185,0.002633812205345812,2.7739251042041426e-05,-1.376661458328048e-05,0.014406442994800216
2016-03-03,0.0018209743164972704,0.0008420252561819702,0.0019122292852440839,-0.0007334266290981715,0.009657951294030053
2016-03-04,0.0021035890118006645,0.0012551879368369705,-0.00016278912062000044,0.0002289701069327849,0.01065566118541478
2016-03-07,0.002106097055261746,-0.0007371320537224526,0.0010001352367662501,0.0006698013619647717,0.006808880507046423
2016-03-08,0.00071240871076317,0.0010214505484645682,0.00021530263559766394,0.0009401400157925376,-0.003237183390447906
2016-03-09,0.0026361351972031214,0.0004395985071158692,0.0014300322523607377,0.00042539050159588396,0.004577342801942289
2016-03-10,-0.002294917967451569,-0.001690390668011647,0.0005217356523993974,0.0004432892131670199,-0.001232880539965372
2016-03-11,-0.0017830378435320091,-0.00026442085376904956,0.0016118400441827146,0.0004361473718567824,0.013703678934247428
2016-03-14,-0.000932637032001359,-0.0020919255335360787,0.0015650908427194737,0.0017313484867170694,-0.004673898459687902
2016-03-15,-0.0022535825387786533,-0.0005230300995643798,-0.000267751956188913,0.0022133844964180465,-0.006328543531852872
2016-03-16,0.00045741962320495713,-0.0004036326997282032,-0.0016073297682108632,0.000134495373561933,0.009623789670731303
2016-03-17,0.00020996273238664475,-0.00040636286140522244,-0.0021219750181741947,0.002031735079130365,0.01393723243721624
2016-03-18,-0.0007882291527393115,-0.001050654785852598,0.0014171556912567392,0.0009326704605783734,-0.005772627612120709
2016-03-21,-0.00013172627299555572,0.0012130483278578045,0.00017063166571329143,-5.2695368089380864e-05,-0.0015949071810255136
2016-03-22,0.0017450294063642588,3.936775387785336e-05,0.002727723648139776,-0.00024910355625813713,0.0042912306370335
2016-03-23,0.00045045045806708705,0.0006753401786124445,-0.0018949618124588802,-0.0024136022114028114,-0.010802635326456356
2016-03-24,-0.001450944366577613,-0.0003193187893018746,0.0006271223961458517,0.001397735895776512,-0.0013818396607695833
2016-03-25,-0.00022623079629922841,-0.00043920650731646557,0.00022580409598322166,-0.0004526151916351055,-0.0023162024651504796
2016-03-28,-0.0010599115966163795,-0.0009006265260505552,-7.962734407199048e-05,0.000808284295051087,0.004839469659250782
2016-03-29,0.0012079941467511284,0.0018458152387914866,-0.0007305621003821962,0.00380029720950732,0.01227235702559822
2016-03-30,0.003955145537374648,0.000832986303891771,-0.0022268968747499777,-0.0009743234095232364,0.004666278653198425
2016-03-31,0.0023630543721816126,-3.8953197737771596e-05,0.004190907569459915,-0.0019341738088426924,-0.0005869884401381362
2016-04-01,-0.0012591486671867567,-0.0027958461202395317,0.000365015843132864,0.0024512547092877465,0.0018901749150512272
2016-04-04,-0.0022951883276397605,-0.0006287578310652439,0.0015891051168253794,-0.0006173204548808005,-0.009423906816487655
2016-04-05,-0.001221714801911691,-0.0010372617222988195,0.00047576883818660796,0.0013146102879213885,-0.008279625000466691
2016-04-06,0.000303848976187073,-0.0007001460024316079,-0.0022908607363760275,-0.0012027254412039494,0.007661354428208986
2016-04-07,0.0010782389809649397,-0.0005315685383444701,-0.00035593991582761936,-1.330450690197903e-05,-0.012446370536285023
2016-04-08,0.0015215165175210509,0.0007281537652846209,0.0001323276434377646,0.00015863363595122157,0.005169481076784763
2016-04-11,0.0033262587940798903,0.003470126250940028,0.0010859921339623753,-0.0021154296231008915,0.006089645977803142
2016-04-12,-0.0033111096283310894,-0.0025931179075683103,0.00439044217597456,2.6217817630439516e-05,0.011626667756697514
2016-04-13,-0.0013971497810336228,-0.00037882004541663696,0.00020877099202891683,-0.0013729350927818205,-0.003912827310917281
2016-04-14,-0.001322871602034986,0.00025919158290840013,0.0008864555397324942,-1.2977995808203954e-05,0.005109699973861648
2016-04-15,-0.0007142347278843458,0.0005199599747973595,-0.0009074881352929029,0.0007012531941160189,0.003815213555909118
2016-04-18,0.002034641432308394,0.0010495831786296753,0.0022741902316961143,0.0026117439823078277,0.0114045257845795
2016-04-19,0.0012432312793591003,0.001985767190446723,-0.0018251463897936907,0.0006530382515535236,0.007915439089271023
2016-04-20,0.0005895395354467694,0.0002305564104893418,0.00245974219871753,0.00038429514339617405,-0.0025374219068510034
2016-04-21,-0.0029562623553271382,-0.0008621300291439684,-0.0002945338383043314,-3.861774228284953e-05,-0.007030675368029559
2016-04-22,0.0028405075198793314,0.0006845378668201271,0.0005681744965030112,-0.0037977672431898776,-0.004052808520277981
2016-04-25,-0.00016851274579537983,-0.0010231902407372825,0.0015819300247935614,0.0015803112097159389,0.0008819028922168567
2016-04-26,-0.0007737044061572186,0.00028376478669438595,3.8780483080421285e-05,-0.0015104475473842508,0.003971878665061847
2016-04-27,-0.0005004214179440437,0.00034226739315746264,0.00011806917555524651,-0.002004193653556271,-0.01955810285433032
2016-04-28,0.002235431185474718,0.0018265085266852632,-0.00120396800472594,0.0016929693337846324,0.004584783685797939
2016-04-29,-0.0035425669461793576,-0.002269820897771701,-0.0007861429612706401,0.0030709491574475037,-0.0036240487155085824
2016-05-02,-0.001679063267509325,-0.0003017204648396013,0.0007487242483241332,0.001561096232605073,0.007254759177363714
2016-05-03,-0.000572512747388924,-0.0006919034272436257,-0.001970780541172195,-0.000959360499963042,-0.023953399178220005
2016-05-04,-0.0004416458741092631,-0.0008293981987900273,-0.000213464258888808,-2.677268650682228e-05,-0.003199146054115002
2016-05-05,-0.002095639302674562,-0.0009624639819004864,0.00098877613614414,-0.002126820804507834,0.0007906992739494286
2016-05-06,0.0020246360194552454,0.0013720125225831514,0.0003662332946995905,-0.0019294270697421951,-0.013677040823345962
2016-05-09,0.0006283123192004306,-0.0008334073863214368,0.0016329644648738848,-0.0003277658688506589,-0.006881214259604159
2016-05-10,0.0017256728630073998,-0.0006658920821438627,0.0008308193582102111,0.00025791563586833433,0.008007669099987624
2016-05-11,-0.0004617306834165034,-0.001113979194128876,-0.0010622651758818344,0.0031464052539144087,0.0006644203177367311
2016-05-12,-0.0019446395967164523,-0.0008431933044112929,0.0010498974928314015,-0.0005718720796349965,-0.007660787348561683
2016-05-13,-0.0011421417084333323,-0.0014039726466901746,-0.0006856359541822224,0.001568390382859954,-0.007238262622564548
2016-05-16,0.0015339316847337663,0.0005341478072859041,-0.00027429950935235206,-0.0006434169769182638,0.004632788297689962
2016-05-17,0.00016378227912343353,0.0010102941634257197,-0.0021667299724734083,0.001622723940803169,0.0046933346507851345
2016-05-18,0.001624494423717431,-0.000729791353381519,-0.000949164737573182,0.00033008293633395215,-0.013994317324676497
2016-05-19,-0.0008051530225624752,-0.0013736551788478442,-0.0019414519833924045,-0.00016666435226984975,-0.00012459937854875094
2016-05-20,-0.0023512500113229084,-0.001659567786989673,0.000524847391954821,-0.0001523303077939902,-4.15365764228211e-05
2016-05-23,0.002234544756691017,0.0018303087515124362,0.00019394073785969327,-0.0010541939860789318,-0.0005950363078515352
2016-05-24,0.0005306002889192759,-0.00013957318542634305,0.0004469086565172381,0.0029271985328970427,-0.0052182479107593105
2016-05-25,0.0009445363445823416,0.0016122982908049579,-0.0010149673787677028,-0.002390849194918251,0.0002921637529041489
2016-05-26,-0.0018114819691589107,-0.00081612896600373,0.001291801408935814,-0.0010247321360881345,0.004676894024494722
2016-05-27,-0.0005279464395938226,-0.0005973342401500721,-0.0007478810386816075,-0.00047260950824776747,-0.005261306914908754
2016-05-30,-0.00038989069629881054,-0.0005432700812705605,-2.788816844631902e-05,5.57079787895546e-05,0.00044559557369722955
2016-05-31,0.0016825501493825973,0.0017649334458463347,0.0006083061626498917,-0.0017515675486963114,0.006701703277161144
2016-06-01,-0.0012430254072750412,-0.0010779586167990868,0.0003581464581784617,0.0016156319322001038,0.002748146041669624
2016-06-02,0.0018975994834941538,0.0013013804774466722,0.0005398036076460835,0.0005671953725045105,-0.0037166289198819094
2016-06-03,0.0009412407338146015,0.0018815450577065408,-0.0003998428257356501,-0.0013097936219126861,0.01928870642298006
2016-06-06,-0.0006919335748514111,0.0007323126488461805,-1.3586679619493036e-05,0.0008411114018784014,0.00021729387724199353
2016-06-07,0.0025656711345246274,0.001369495380530358,5.380683348073021e-05,-0.00033544665035625267,0.012013210370402864
2016-06-08,0.0004284088692607948,0.0007090159022932346,-0.0005909848127737966,-0.0001606318188314555,0.0038834480216064743
2016-06-09,-0.000821421644188404,-2.6923335803008433e-05,-0.00020158445448949477,0.002085899408548076,-0.006597409112394227
2016-06-10,-0.001903412541865036,0.00020245510627192793,-0.0013919579524789589,0.0004052849208429811,-0.008172794439231435
2016-06-13,0.0015281941210717486,0.0005677440437995257,-5.405843718363857e-05,-0.0005001250416822429,0.001762353875783271
2016-06-14,-0.0018595313097095041,-0.0014923755958085514,-0.0029927109070512457,-0.0005979560952247952,-0.004874382533830775
2016-06-15,0.000702949713970622,0.0005810850236819661,0.0020988071589311103,0.0023216272609669986,0.007701210863985815
2016-06-16,-0.003880952697017645,-0.0015180631885717752,0.001644614260201761,0.0007117243190038723,-0.004684166364009049
2016-06-17,0.0018383103540057036,0.0005409938188155524,0.0006362658181172737,-0.0027722763253732775,0.0027914810256509646
2016-06-20,-2.6759432701626665e-05,0.0003345533409591254,0.0011256584279611846,-0.0011915202662791178,0.003991592056297143
2016-06-21,-0.0012833883208562566,0.0009507422531000352,0.0007203169705985958,-0.002518083302147128,-0.00041588688476341246
2016-06-22,0.0018501639145063217,0.002517198849235317,0.0007882695220957986,-0.0035569447808715907,0.009176275696053362
2016-06-23,0.0006074612269995077,0.00021113750408343707,0.0017233840915191832,0.000673058548506957,0.013785490253986279
2016-06-24,0.004070870814623086,0.004689937309528832,0.00022986174593322904,0.0009350289204419133,-0.02061628193983725
2016-06-27,-0.002499747948987964,-0.00027021184773146165,-0.0028236831497592397,-0.005984182212142881,-0.012136137035275425
2016-06-28,-0.0017316724432270907,-0.0002840544050913009,-0.0006751738829170296,-0.003920855399792055,0.006722874179186184
2016-06-29,0.001584914101714836,0.0014774622576944996,0.0011323808166082427,-0.0018941307776793904,0.007282862243942311
2016-06-30,-0.0017889934624032422,-0.0020047501786496927,0.0011168449621209082,0.0028501155305528086,-0.00016126647976788183
2016-07-01,0.00012018990018660822,-0.0005867683900198484,0.0030922270585171875,-0.0006679045411993779,0.007564889632957221
2016-07-04,-0.00045155121889224424,-0.0005710529441568308,-0.0013582978091759702,0.0016591125564726728,0.010033573614132912
2016-07-05,-0.0014319843456613085,-0.0006558737745069584,-0.0006526328639155732,4.0177046858571126e-05,-0.009899485813240124
2016-07-06,-0.0018181823190586274,-0.0002671368290716792,-0.0015312704475003006,0.003072937873124928,0.007613436358751007
2016-07-07,0.0005596716739023036,-0.00035945602708859934,0.0025916218778374725,-0.0013197274479123313,-0.004734888906824542
2016-07-08,0.0002120581577441902,0.0012478264220182821,0.00017335298043848524,0.0007286071341650422,0.011326293579313673
2016-07-11,-0.002372763392929766,-0.0009947544108679027,0.0012863102576551493,0.0005307151511060309,-0.0034858711861345103
2016-07-12,0.00013116990456529516,-0.0002620922841931528,0.0003803203917242078,-0.0005247828831306603,0.01143261868152724
2016-07-13,-0.0015342756181558161,5.250101721912627e-05,0.002634839350068372,0.0012459589920841834,-0.0017078974683698387
2016-07-14,-0.0002753105454773604,0.0008921192357944965,0.00022274779145947058,0.0009305069312657851,0.00263944212851141
2016-07-15,-0.0007630173759300992,-0.0006573498521023362,0.0004837518316746511,-0.0016200521169576411,-0.0063675209552161655
2016-07-18,0.0008836194681055838,0.001015449423586806,0.0002498997126005483,-0.00026368526679512803,-0.0015159807012317709
2016-07-19,-0.0010281266970123624,-0.0024977139547042245,0.0010140635459227121,0.0007344840579914343,-0.009677152776759942
2016-07-20,8.03062344837788e-05,0.0003749129710240873,0.0009488364102811002,0.0016715815043705938,-0.004847150945320911
2016-07-21,0.00168231076968076,0.00013348461609612186,0.0008402409184836485,0.0008134364134595396,0.002807000626721296
2016-07-22,-0.0017282383643123646,-0.0005623393464385295,0.001097019428260149,-0.0014760546404702002,-0.004173249148178068
2016-07-25,-0.00042877050715842076,-0.00018759714907341232,0.0006147103037268912,-0.00045577019247652916,0.000924270193789665
2016-07-26,-0.0022581768847926274,-0.001194854303567048,0.00015962328937677838,-0.0004921619977367611,0.004995002038189156
2016-07-27,-0.0003479703992605257,6.693664449107726e-05,0.0008013784136852339,-0.0006561196783385707,-0.002254010490497265
2016-07-28,-0.0008377270164868589,-0.00014625228545256765,-0.00037116572975750287,-0.0008118017786446247,0.0018542609948545463
2016-07-29,-0.0004223195966268716,-1.3214316390542476e-05,0.0006535032674341657,0.003847070698164813,0.012410673131164974
2016-08-01,-0.00034367441153571835,-0.00017186105736845234,-0.00021086481008036513,-0.000820008246030707,-0.007971329711050964
2016-08-02,0.0006426693294140851,0.0006687077799620674,-0.00010585090909361309,-0.002205159389357341,0.009050433370227597
2016-08-03,0.0007786158188424256,0.00032972613246408833,-0.00010539767871370635,-0.0004222248674002291,-0.0022384629795923015
2016-08-04,0.0004724471537634321,-0.0005379200990381662,0.00047278220067721393,0.00022302248027841474,0.005350805196599519
2016-08-05,-0.0007615646581920206,0.0011835099021002995,0.000692434850605812,-0.0011171349937892127,-0.0015089985083484795
2016-08-08,0.004352293781367887,0.0009920117766479156,0.00024900235370346605,-0.0012919476927033616,0.006711434587986778
2016-08-09,0.0031156125084815076,0.002072269484858565,0.0008493124346809005,-0.0003514869888366931,0.001527365591791881
2016-08-10,-0.0007245533316500018,-0.0011119588428031408,0.0024127028774399116,-0.000621463826208643,0.005787994073155214
2016-08-11,-0.0008163424426608059,0.0007125229442340598,0.00019461689725331428,0.0005313461975003925,-0.001557511412122848
2016-08-12,-0.0024259418904295344,-0.0002463676985510746,-0.0005721567865638334,-0.0004677025497094894,-0.006620469367339047
2016-08-15,0.0,-0.0016563528817979951,-0.00015630902325652058,0.002800921575017557,0.0025569455838812425
2016-08-16,0.00010406097982809621,0.0006760622234722747,-0.00018144351324426742,-0.0015750802186303718,0.002784321136781638
2016-08-17,-0.0015611986352017685,-0.0011286386667509185,-0.002465963790476445,0.002137831899328536,-0.004988645895402747
2016-08-18,0.0006647419807745283,0.0007428404212178756,0.000428340576242231,9.120461762269859e-05,0.0033762456709025457
2016-08-19,-0.0004072222898817885,0.0013003134405005668,-0.0011567685386969053,0.0017459457153533634,-0.008127470226275496
2016-08-22,-0.0014960436380414787,-0.0001575113214518787,-0.0006439446430143798,0.0028981916436545243,0.0028869137967475257
2016-08-23,0.0003791171844320018,0.0003269277322681525,-0.00043170268129897775,-5.2283481046024135e-05,-0.0020462243819542652
2016-08-24,-0.0008529904391735357,0.0001442689175120337,0.002900283530921259,-0.0008931386534659042,-0.00048593737617579817
2016-08-25,0.0007883845096609631,0.0005778449172540383,0.0004853955084709851,-0.0003284180133955345,0.0006172312777627169
2016-08-26,0.0026717598017157733,-0.003438204018410385,0.0005240815590841092,-0.0035987677868374547,-0.0076569144312490555
2016-08-29,0.0016139277500495563,0.0005685912973596889,0.00185450167068985,0.0002643299910978992,0.002895467776416031
2016-08-30,-0.0023904076401471694,-0.001381087294408259,0.0001457233510999134,-0.0012239740768379356,-0.00824566540546794
2016-08-31,0.0013589673940837123,-0.00023959747738608745,0.0019019630528240691,0.0007054016756310532,0.00017303456075772828
2016-09-01,0.0021137019574666376,0.003640329257947512,0.0018852399306604122,0.0021357466978711367,0.004859341204772069
2016-09-02,-0.004712911118790334,0.000131778349007948,-0.0001724035041966103,-0.0007810276867573979,0.00239441857957299
2016-09-05,0.00032974352847356056,0.0004750343169663825,-0.00017108302174345463,0.000263716558972339,0.0016496753881449018
2016-09-06,0.004540793083177908,0.004084737684428375,-0.0006540137052781874,0.0021519548699371195,0.012983197024633178
2016-09-07,0.0005979306578600055,0.00010401903557717737,0.0007831262799733989,-0.0026804783654539354,-0.0010809474318615598
2016-09-08,-0.004330277701036331,-0.0029751293519560897,0.0003756744371822686,0.0013804422211179483,-0.004256992587017406
2016-09-09,0.0003829975548180559,-7.935143431893225e-05,0.0,-0.001136213624680018,-0.013941823968115033
2016-09-12,0.0024092067264464643,0.0019820821004839385,-0.0005861196384658638,-0.0005186204811752755,0.003138015564028166
2016-09-13,-0.002477886805509875,-0.001983480525949475,0.0014091811800050595,-0.0007338862272048126,-0.013562552752260404
2016-09-14,0.0019952468873605154,0.0003617581485279904,0.0005217077351140878,-0.00026758716811615404,0.0014729515250115923
2016-09-15,-0.0005881724049362947,0.0008704094821563671,0.0008445776608535536,0.003164031503035119,0.005950016219740552
2016-09-16,-0.00014699495566511837,-0.0005478463762030104,0.0002930520055072763,0.0003073284496754257,-0.0038781691962426553
2016-09-19,0.0012832811418781321,0.00029087447649360417,0.0013924346645248088,-0.000820051629846027,0.0073242840042776515
2016-09-20,0.0008741606628106195,0.0003574052417769235,-0.0014956489998976291,0.0007411132919081728,0.002080945526369066
2016-09-21,-0.00047517853087172357,0.00027720027897535233,0.00032960875739272466,-0.00021126295714682638,0.010392680424666813
2016-09-22,-0.0018932104702293919,-0.0005093278941002448,0.0018023199947251605,-0.000575201009388009,0.0014534600794956277
2016-09-23,0.00028848297494895914,0.0004981777286492268,-0.0003939179126017816,0.00010488226974866687,-0.002384259782244569
2016-09-26,0.0,0.0012956166787542827,0.00039422849994135117,-0.0006279599358608025,0.002767305612024155
2016-09-27,0.0010056355614802286,0.0014878818704373356,-0.00013021850683820257,-0.0008227174951980658,0.003790953323053942
2016-09-28,0.0007564099580769674,0.0002476328269515618,-0.0002996410843371193,-0.002610728962084649,0.0029834240283655965
2016-09-29,1.3033646358125744e-05,0.00035170675834908825,-0.00031297272176604587,-0.0005345188479969188,-0.00720667383493553
2016-09-30,-2.612739719015165e-05,0.00014372039874493736,0.0008547065261047097,-0.00014371288802713836,0.003231147382006469
2016-10-03,-0.0014741472511521994,-0.0007955916817317772,0.0010036824253139005,6.527372539046801e-05,0.0023345755873862835
2016-10-04,-0.0019220340246220147,-0.0010054779805193396,0.000691775083223257,0.0015039465075897842,-0.008359163576657305
2016-10-05,-0.003797514500948938,-0.0031136097673680634,-0.00026259469972202034,0.000579099779279185,-0.00011823514356359728
2016-10-06,-0.0010430489660262106,-0.0007260486771538259,0.0010811667104534965,-0.00026423569978024214,-0.0038700553778492743
2016-10-07,-0.0014186449068420608,-0.00017077063574742456,0.0006472107425148349,-0.0032916422083900244,0.0003692226586415905
2016-10-10,0.0010252366828629523,-0.0001051275987197606,-0.00015816945253617576,0.0008010558606678673,0.0015526318908536058
2016-10-11,-0.002529785920142791,-0.0008747515468329676,-0.0012055137146453174,0.0011795970857317395,-0.009325616418226226
2016-10-12,0.0017439330099261502,0.001757225885695509,-0.00026380352066878343,-0.0003300569708289554,0.003814725740772388
2016-10-13,0.0006490367330949297,3.976433007569935e-05,-6.65021846212873e-05,-0.00046355467795198955,5.287997568750092e-05
2016-10-14,0.0010212900565600654,0.0006671856135403962,0.001012578413396414,-0.0023190466930690947,0.006811306445712171
2016-10-17,0.00018370774773485986,-0.00013125082050605833,0.0010799137118624354,-0.0003149482329880245,0.0021902653467619827
2016-10-18,-0.00037780832539656677,-0.0008993919934724372,-3.9052584309688224e-05,-0.0020609150971592936,0.005031210586790092
2016-10-19,0.00026051503970388445,-0.00036483035793203857,0.0026192182082483695,0.0017567035754449442,0.006146748136940431
2016-10-20,-0.0030964833301814583,-0.0015802020983834725,0.0003523401293130392,-0.0013749306516686163,-0.012239703886685958
2016-10-21,-0.0015377238150630608,-0.0010389747964003925,-0.0018462631520296273,-0.000697354685734292,-0.0023634775113957262
2016-10-24,-0.002745035379916402,-0.0010898611177719494,-0.0003535998465287949,0.00026300908848028563,-0.0007367355058211481
2016-10-25,0.00032792261320255364,0.0008780609833586221,0.001886817735045948,0.0012713226742960772,0.006048815571974404
2016-10-26,-0.0038376238196076748,-0.002351405394338352,-0.0016762938348406798,0.002599185136758225,-9.157449264318036e-05
2016-10-27,-0.001248661137639335,0.0006835180412543931,-0.0026639212116072123,-0.0008552463301646235,-0.00734008482107189
2016-10-28,0.0007652523067137924,-0.0009098041911582009,-9.241839132565249e-05,-0.0002638139599267151,0.0009747744959424454
2016-10-31,-0.0006318034248576048,0.00010535187536074636,-0.0007362899211106201,0.002183292113060828,0.002895005509095469
2016-11-01,7.835148480058688e-05,0.0010447002007913462,0.0007955709292843394,0.00024807254290595517,0.005621268118732071
2016-11-02,0.0006906662597406351,0.0006128449889624933,0.00011781569711433091,-0.0008471097774313391,0.00040497730721033643
2016-11-03,-9.120699433678735e-05,-0.0007685344167150437,0.0006001931236253922,0.0007815044357374528,0.003077687905554658
2016-11-04,0.0025970481347450526,0.001969107822185984,0.0008592743566630524,-0.0007953634643387799,-0.0011856138242521792
2016-11-07,1.2993847413448053e-05,-0.00045507441251867734,0.0,0.00033778078348518687,0.005274863144699311
2016-11-08,0.000894100937466755,-0.00018148349846296228,-0.001116317825138551,0.0014366609816140069,0.003415091800976727
2016-11-09,-0.0003266031343741136,-0.0006924891340354426,0.0007435866001314861,0.0025968109069715063,-0.012200264364442461
2016-11-10,-0.002712348105864026,-0.0010676087239911162,0.0040545409992770835,0.0007117156601087718,-0.005439818367881363
2016-11-11,-0.002109327588438803,-7.953656697854969e-05,-0.0028331057249502516,0.00318218247846277,-0.008116231397085064
2016-11-14,-0.00014594569519263805,7.966011687697317e-05,-0.001484781267579225,0.00018574537016721921,0.0022490649405206764
2016-11-15,-0.0011661190762762813,-0.0017754227916361226,0.0007940604697218285,-0.0003447955794232774,-0.0017458936265585638
2016-11-16,0.000575146979279357,-0.0007495349219244796,-0.003320025183077569,0.0017501557563175058,-0.00838827376617896
2016-11-17,0.0004017247436118962,0.0008972513910061494,-4.014640054618723e-05,-0.0019163383711422767,-0.012317064266172826
2016-11-18,-0.0032787583707027433,-0.0005985336105662184,0.0001626699565732989,0.0006811246993930928,-0.009259954016463753
2016-11-21,-0.000990522276146159,-0.0003934577524624457,0.001210530400879433,-0.0014944233628858014,0.007115531066119777
2016-11-22,0.0017060691440145704,0.00028438907325101985,-0.0018365974102409713,-0.00029767542773862936,0.00430183829447102
2016-11-23,0.0006763612026527606,-0.000730499748401445,0.00020201884231095738,-0.000838755984724056,-0.004912086413164398
2016-11-24,0.0,0.000283429498809839,-0.0004725036706942972,0.0004722550264864761,0.005991402771094823
2016-11-25,0.0002960690131575669,5.382928045018446e-05,-0.0006721604834515091,-0.0010231557166132843,0.0023973075454329826
2016-11-28,0.0002805854902265774,-0.00034748673885865296,-0.0003345757276447441,-0.0014706081608663935,0.00698985170490675
2016-11-29,-0.00028142023597204274,-0.001620344376320983,0.0005091513361326056,0.00101809812006397,-0.0013085511667979505
2016-11-30,-0.004839416820253359,-0.003975556945365971,-0.0009782835255993851,0.0013676836147987997,-0.013072257373986703
2016-12-01,0.0019336219507284278,0.0010137944487813822,-0.0017453782361970004,0.0012285428463802036,0.004592058419859411
2016-12-02,-0.00091240882242159,0.000523345936891779,-0.00010775571789194764,-0.0008191933418562676,0.004262506537804731
2016-12-05,0.002800240319014081,0.0008568292488755156,-0.0014279173695438039,8.027400196969194e-05,0.004480101924178632
2016-12-06,-0.0005497636825135228,-0.0001341129769725829,-0.0007931120652867805,-0.00038903981441131105,0.00012044403716211476
2016-12-07,0.00038792094925143824,0.00038792094925143824,0.0006175242843000924,2.6747622806522863e-05,0.0017247722964136903
2016-12-08,-0.00028240040530598136,-0.0008199090494737427,-0.0012410840392241458,0.001370912677914998,-0.0037072521162864903
2016-12-09,-0.0013817252297217085,-0.0010456465863254365,9.357350539857494e-05,-0.0012492194004319278,-0.0017446156206566824
2016-12-12,-0.0005873950534011062,-0.00044024360856999035,0.0005491230910305762,-0.0004140537928380598,0.006611638576878971
2016-12-13,0.0018401231940743136,0.0003870304801446042,-0.0004278189321649536,-0.0015865718051894402,-0.00046699980167301736
2016-12-14,0.0008115749655501031,0.00034580906364361656,0.0002400448095168908,-0.0010778085604774106,-0.01119294485561827
2016-12-15,-0.00028545213773198316,-0.0009111494031326285,-0.001338787853367801,-0.0018914787064682557,-0.0058881426252224865
2016-12-16,-0.0010556839961225189,0.0011672218016463272,0.0011975234471859973,0.0010419809547321743,-0.0090415666033984
2016-12-19,1.377780533363957e-05,0.001267619387950164,-0.0017295817626664007,0.00045456111530321183,-0.0053783168043046795
2016-12-20,0.0011465435733807562,0.0009667307303185373,-0.00020732693458473913,0.0009383582180799439,0.0022318670144879284
2016-12-21,-0.0008137201941277394,-0.0007721901626099011,-6.897074953250275e-05,-0.0003449965189570183,-0.004427257577923434
2016-12-22,-0.0010380408259282482,-0.0004568707204574309,-0.0008179279154522966,-0.000817350030610901,-0.0019370466105165407
2016-12-23,0.0009903684003212808,0.0012419155000680795,0.0006519854574638833,0.0001115293462748359,-0.0062517569556332
2016-12-27,-0.0008344923989136509,-0.0006396351516817967,-0.0005701373351033003,0.00011130589654476842,0.0014754397676808176
2016-12-28,0.0014217615508620488,0.0010453618251998116,-0.0008204187376584516,0.0006266056975497649,-0.0009741028587845317
2016-12-29,0.002193592260731605,0.0005272578551751751,-0.0012617073542546902,0.0012612177272108428,0.007213637251557227
2016-12-30,0.0022541063995416047,0.000912043177986909,0.0004013646451634026,-0.0015206184934254568,-0.004585734097831684
2017-01-02,-0.0002923264332632802,-0.00023664850151858906,0.001393728448603883,9.745163970101299e-05,-0.0008613025649150914
2017-01-03,0.0030064793523429463,0.0018583757047229096,-0.00013876746757766616,0.0005393780686879538,0.004700344887294061
2017-01-04,0.001760612267393604,0.0009762336035910136,-0.00038552624809710674,-0.0007286275317371323,0.008114501069686407
2017-01-05,0.0013749823486648802,0.0008306496566066985,-0.00027425813347269274,-0.0022063338878688956,0.006714417409025754
2017-01-06,-0.0010933144914572895,-0.0008196497822343789,0.0004901960882471801,-0.0012040281664706925,-0.005726993271306915
2017-01-09,0.000844502610940095,0.0006944681130175159,0.0007791728859300136,0.0022847516432695386,0.0060680211553771944
2017-01-10,0.0023057110445447206,0.0006509180886709817,0.0017268695610125218,-0.0010979404555360676,0.000489289995626535
2017-01-11,0.0005842034280915616,0.0007874764503448988,-0.000799810257161626,0.002956535685857262,0.011577690200634415
2017-01-12,0.0003199018994797568,-0.0007467961460336513,-0.0009599744744048783,0.0006128594079218274,0.005852473196186502
2017-01-13,0.001216764759652168,0.0003874544956448882,-0.0003069511104367511,-0.0005480294469066165,0.0011877357683623831
2017-01-16,-0.00022756631313607066,0.0009101982986603817,0.0001070778456962021,0.000455080851627306,-0.0036207961209578942
2017-01-17,-0.00025190419818842884,-0.0005169431543936518,0.0001194021931621063,-0.00015913008918344603,0.010439230910670299
2017-01-18,0.0005687793223491397,-0.0003570224367018426,-0.000132399475891447,-0.0014159341243607675,-0.005339154436264233
2017-01-19,0.0011925427747312499,0.0014971153521344779,7.939763663860503e-05,-0.0012058012419200663,0.0075091563463292816
2017-01-20,-0.0009678168532441176,-0.00042402640199635985,-2.658089896756058e-05,0.0001591575264975103,-0.001494679616640856
2017-01-23,-0.0016900147937733035,-0.0019009655762172713,0.0008206051761548771,-0.0008196288333631951,0.001293405134844007
2017-01-24,-0.0009617475561315621,-0.0008430259861475075,-0.0003833722260731047,-0.00023728545551492952,0.0012258699608692014
2017-01-25,-0.0003708314613522582,0.0006753312358998572,0.000530208649519628,0.001958553414363786,-0.002321196457846594
2017-01-26,-0.0014339585015951072,-0.0012349533150472008,0.000371141130673557,0.0005180555763664912,-0.005507977964312101
2017-01-27,-0.00183958601648858,-0.0005693064544970459,-0.0002921607967555827,-0.00010597851295564411,0.0016714869509379517
2017-01-30,-0.0003970775147471049,-0.0007935668599717923,0.0007679169967854297,2.6476740185273352e-05,0.001428685059267618
2017-01-31,-0.0019366701923621953,-0.00042137421286621014,1.3238457719858029e-05,-0.00015826123687812704,0.0016774206002884585
2017-02-01,0.0006484011845458677,-0.0004363896102735435,0.0007772515985727767,0.0006612007646337058,0.0006596306307778193
2017-02-02,-0.0015240827517839781,3.906326295925985e-05,-0.0003911240956225506,0.00022159220607507058,0.009424620846856552
2017-02-03,-0.000962864726847849,-0.0009496862196190773,0.0003792956916935444,0.0005205825436097644,0.0030003414195417517
2017-02-06,0.0009425564922563232,0.00023564836137068108,-0.0010050842440929542,-0.0004711671945396312,-0.003799034576290809
2017-02-07,0.001965950383517474,0.0010483005389079535,0.0012214423730441566,-0.0004190785571693974,-0.003249095601542727
2017-02-08,0.00028760049874679646,0.0005361334446843609,0.0001965292933235909,-0.0005229715361198484,0.001403122505093972
2017-02-09,0.0008653922340094151,0.00040644277910829505,-0.0004964854161405832,-0.0009178643254278726,-0.001035760032286847
2017-02-10,-0.0006519755088163359,-0.00011735635269909898,0.0005365403744471826,0.002605355476210121,0.006641675937096197
2017-02-13,0.0007066860645088891,0.0011653410595695898,0.0011210178972601691,1.308207036876992e-05,-0.003605490515870124
2017-02-14,-0.0022777562177286265,-0.00035407282467598465,-6.508425158681466e-05,0.0005240815590841092,0.0036185302806328386
2017-02-15,0.0015217238732094292,0.0012757594450674855,-0.0014456045078159016,1.299621160465446e-05,0.0067447964227966475
2017-02-16,-0.00041561680729191165,-0.0006627809751579051,-0.00016897271130920336,-0.0007667466278161621,-0.0030873430586088367
2017-02-17,-0.0012128564252092936,-0.0005219070602013385,0.0008479828302403682,-0.0006265664365385933,-0.00455759627372323
2017-02-20,0.00044254699529986617,5.206638465216058e-05,0.00013030164850016306,0.00013012361762004883,0.002982802266230891
2017-02-21,-0.0008346592727444182,-0.0007432472421484248,0.00027432512924886726,0.0007694765982762323,-0.0017312865958185072
2017-02-22,3.904241959399688e-05,-0.00024720753198100644,-0.0008980341466030233,-0.00032540008226894794,0.0026152990295614307
2017-02-23,0.00010366857166956872,0.0006733222230581815,-0.0003380354969456859,-0.00015550688797266138,0.0021677200059001932
2017-02-24,0.000403401591749635,-0.0008851285966751373,0.0005322774459511671,-0.00019517399823841455,-0.005265188546930564
2017-02-27,0.0005071026991613089,0.000637601598688622,-0.0001432468862529596,0.00012998492193201693,0.0009124445019562865
2017-02-28,-0.0012354269971071728,-0.00013005592423067538,-7.819525358806958e-05,9.108356923777902e-05,-0.004335002740954234
2017-03-01,-0.0005618381400692005,-0.000496628166409895,-3.91417518593957e-05,0.0015410335808397578,0.0021959644922047304
2017-03-02,0.0009632704433638725,0.00017144628168417825,0.0011419497076786888,-0.0006068841961007324,-0.01141128680749287
2017-03-03,0.000939023088289343,-0.0002511085132372284,0.0005426115629987661,-0.0006479638953791857,0.0028880981718650066
2017-03-06,-0.0011728969920205077,-0.0007244706741606077,-0.0011977862133474482,-7.912122694788892e-05,-0.0005531847778178655
2017-03-07,0.0006585012749474202,0.0003028367930345533,0.0009091089382827389,0.0007764741883452394,0.0002634594880413123
2017-03-08,-0.0004110560884234893,-0.0010737081738575903,-0.0009654361412983416,0.00021217907993891367,-0.008691163187906182
2017-03-09,-0.0009466604262946403,-0.0007865670753955312,-6.66564460363109e-05,0.0024514714436882227,-0.0026074940273883218
2017-03-10,-0.0011939983110529741,-0.0007694349013197371,-0.0009303686259685347,-0.0003717570875815998,0.004518880629644684
2017-03-13,0.00046170184115804487,0.0001055200159259304,0.0010689754031856374,-0.0001714643721022365,0.0036947077990368647
2017-03-14,0.0003304670851814593,0.00039667323901366807,0.0005427983372717658,0.0013207773372750481,-0.0009257055859553191
2017-03-15,-0.0011189732943103722,-9.21834979022696e-05,-0.0003692177899425205,-0.00010537963021492706,0.018742848598055147
2017-03-16,-0.00014320213005091742,-0.000793965901176512,-0.00015612193154545948,-0.0009769251084698568,-0.003707538346487131
2017-03-17,0.0,7.792106599952547e-05,0.0011452518853500861,-0.0017932562794014042,0.003694553441439201
2017-03-20,-0.00010357864217653678,0.0003496209238412665,-0.00011652220084773904,0.0013715470869734695,0.003564881305569826
2017-03-21,-0.003233193458376364,-0.0026120141572042927,0.0012046399518982364,-0.00034981117031689676,-0.006152507660839496
2017-03-22,0.0020983904839568124,0.00011730281735720714,0.0011507330654048102,-0.00105516159622769,-0.0012898100295716435
2017-03-23,0.0001831909247105352,0.0001961668994266284,-0.0008912656561464232,0.000366281203404431,-0.0054642801687073425
2017-03-24,5.247209141839709e-05,0.00010490565057689773,0.0008264409073241364,-0.0006692254949107306,-0.0009311170798285075
2017-03-27,-0.0020872860398304474,0.0004989495901830675,0.0003668618937152846,0.0005386480065600323,-0.0025317963688293015
2017-03-28,-0.0007078625469261593,-7.864932889957893e-05,0.00021048477351929922,0.0014414133585622976,0.002702101674250987
2017-03-29,0.00023509743590868843,0.00011749117197896429,6.528906736888717e-05,0.000104470010672481,0.004561234864954612
2017-03-30,0.00041711202669444253,-0.0006126532639440128,0.0012138537426391357,0.00010425082758522066,-0.003003632733277494
2017-03-31,-0.0007856694307352354,-2.618589366065004e-05,-0.0004441367491658463,-0.000720739641083162,-0.0024880846736325735
2017-04-03,-0.0011816917947659806,-0.0009324254899376866,-0.000960216846002747,-0.0018014824362209856,-0.003413107006070689
2017-04-04,-0.00031766201029512025,-0.0006353156276324002,0.00011902164224253033,0.00038382889643942585,-0.005194474435426987
2017-04-05,0.0008318204803776481,0.001056259092909486,-0.0008844009420464788,0.00032989582189226705,0.0003304015730738436
2017-04-06,-0.000914058682618205,0.0010203203630763356,0.0008878700317569283,0.0009008174201961247,-0.0034150055029000845
2017-04-07,0.0007188977211697382,0.0004527116171216306,0.000544456188047406,-0.0002528865684125511,-0.006558185623718854
2017-04-10,0.0008405323866327946,0.00018674385466918624,0.0004143471085058004,-5.33461364186279e-05,0.0008533333851147301
2017-04-11,-0.002682272597590034,-0.0008674937317081371,-0.00021304359485109294,-0.0006950942667247827,-0.0008399944494283502
2017-04-12,-0.0004808912610540008,0.0002671760839864838,0.00026667377954784645,0.0007746554506414436,0.004551511716970608
2017-04-13,-9.234889418759257e-05,-0.00010559801485553754,-0.00030305625878404016,0.0004616592113757498,0.004874504651488265
2017-04-14,-0.0012146498813235059,-0.000686604635146844,-0.00013217722341326177,0.0006205153116513869,0.0007396938533208355
2017-04-17,0.001105510555717336,0.0008426375050935453,5.270369981188851e-05,0.00034193429934149285,0.002057152625036496
2017-04-18,-0.0005570144172027468,-0.00042426251879340744,0.00010607406631616885,0.00041115967500769506,-0.0042905205854268
2017-04-19,-0.0007852166736286648,-5.323679728686432e-05,0.00019970576750049057,-0.00046609803551191326,-0.008303102561985722
2017-04-20,0.0010619376047742224,0.0008234607063624288,0.0001860415675381929,-5.30701056218596e-05,0.003967519516797308
2017-04-21,-0.0008893077922695152,3.9798091023584226e-05,0.0004379010015636382,-0.0012623160522033528,0.0015666908857924558
2017-04-24,0.00014543627602989684,9.255158104548473e-05,-2.64270613123173e-05,0.0004097521057125124,-0.0007134364155167007
2017-04-25,0.0018595019237921005,0.0010491438488473726,0.00011945924794705081,0.0002653610916604732,-0.00426479415190464
2017-04-26,-0.0013117740275847471,-0.0009638167887991006,0.0010134955793650422,0.0007631799533604841,-0.00778162196619367
2017-04-27,-0.002308849822916067,-5.371146203883269e-05,-0.0005352173109994514,0.0009805700180563384,-0.0009501951291393233
2017-04-28,-0.0006707268247051756,-0.0004292075821028724,0.000749083745132246,0.0037636577312243477,0.002180092480809262
2017-05-01,0.0012077857184288384,0.00030535770236547397,0.00043985632069591007,-0.0008360039500420574,0.0054115426964574985
2017-05-02,-0.00039902107360673345,0.00021280840673505721,0.0002656113059786601,-0.00015965302110727898,0.0015806079996683155
2017-05-03,-0.0004422851470993944,-0.0008042464644531657,-0.000547305203049433,-0.00024132891907917539,-0.01477408230924841
2017-05-04,-0.00044683055710375815,0.00092003794881162,0.001499119042023403,0.0017861255306644236,-0.0016176434467620533
2017-05-05,0.001203247561232358,0.0013930121740562183,-1.3526034234552165e-05,0.0007023515558116213,0.0006338887939763424
2017-05-08,-0.0009197890544307619,2.706799480459973e-05,0.0017003593743465195,-0.0004602119763406635,-0.003555282928947363
2017-05-09,0.0004080966429474369,0.0006802721350775162,-0.0002583610405925043,0.0011689548700956364,-0.005159339645741998
2017-05-10,0.0009890594580624947,0.0012869753119210084,-0.00028509174037953807,0.0012315689171276418,0.0017272688292645413
2017-05-11,0.0005568420410218851,6.79278606381349e-05,0.0008686682776542203,0.0007329288979916038,0.0027276260117524345
2017-05-12,-0.00013518263194126995,-0.0005541326951679739,0.00047338559492552686,-2.7038719447820215e-05,0.00035228443267172946
2017-05-15,-0.0004036326997282032,-0.00037685568219457643,-4.043807919685863e-05,-0.0014948591758086453,0.0030661819020371415
2017-05-16,0.00025588019559587093,-0.0006997995090923914,-0.0012542230519602873,0.0009421519445740716,0.0015093732229595628
2017-05-17,0.002133118130293983,0.0005134510780424979,2.7022279871466442e-05,0.0011860958623685657,0.0016281060384985065
2017-05-18,-0.0012381069314103049,-0.00018836699327785434,-0.00028227513948347644,2.6931674343748447e-05,-0.002813850299235427
2017-05-19,-0.0012346177608620024,0.0004160599186294346,0.0034487188722906997,-0.0008060074857703406,0.005257755854223806
2017-05-22,0.001832445489249837,0.0012033695796327285,-0.0011940620318448068,0.00026722963201162046,0.003766785732496796
2017-05-23,-0.0014134466443649196,-4.0015205783530186e-05,0.0006535381318685305,-5.3376746433141796e-05,0.00048155382294451854
2017-05-24,8.030945915912125e-05,0.0001070320026709587,0.0009912662227324735,-0.001151719000766947,0.0029644686337996326
2017-05-25,-8.027829814324556e-05,-4.01480123441975e-05,-0.0019660955275053868,-0.0012317415971372233,-0.006058476633719509
2017-05-26,-1.3422548539591985e-05,0.000926379734230216,0.00016131200465148074,-0.0006310630936829184,-0.0010737535425314002
2017-05-29,0.0007527691505057242,0.00038979804922480605,9.412334198583808e-05,-1.3437338332210655e-05,-0.00012100270926389106
2017-05-30,8.048721599057047e-05,8.04440512059127e-05,0.0005907071204294451,0.00038893024557007253,0.0033021493957592534
2017-05-31,-0.0009280992790802536,-0.00043044309399913207,-0.0003356267861677893,0.0018284735999528816,-0.004136121707792056
2017-06-01,0.0009624574584449243,0.0009217839882727555,-0.0011196019164088945,0.000514737766024885,-0.0074829821719607234
2017-06-02,0.0013467652738620819,0.00040426363929679343,-0.0006504065269934672,0.0011164393473697967,0.008518617532612384
2017-06-05,0.0011233852520123374,0.00013372738355562047,0.0013247427721680095,-9.356725153030661e-05,0.007147437313509506
2017-06-06,-0.0008523333139052501,-0.00030610954968098746,0.0002940390291165473,0.0017438420851210528,0.0032017530253126395
2017-06-07,0.0008072040083920992,-0.00037037527374801535,0.00041051719120621135,-0.0004895377934932192,0.005353324731286182
2017-06-08,-0.0011004966604136611,0.00017243551949138144,7.94838846843913e-05,-0.00022555243858098597,-0.0019361090268664404
2017-06-09,0.0007975542094971338,-2.6591501357736492e-05,-0.0004246960832533437,0.00046494637349150133,-0.000796749305155668
2017-06-12,-0.0003712740044768842,-1.326092866299836e-05,0.0005176498811512825,0.00033150123953528706,0.0011281514777474904
2017-06-13,-0.00014607166833165497,-0.0008362591828749315,-0.0004903617510075327,0.0011945054177626955,-0.0006103710183657591
2017-06-14,0.0008779574295986754,0.0,0.0022593206548002357,-0.0019141521957469739,0.006851878658696847
2017-06-15,-0.0008446169372697798,-0.0006598395509674733,2.6298833648148266e-05,0.0013325858752013925,-0.0008440265841897794
2017-06-16,0.0007351783138458857,0.0,0.0009338849632716372,0.0003542679483605901,0.004843453051635314
2017-06-19,3.9475502166383655e-05,-0.0006708716979340118,0.0013694663855809324,0.0,-0.0028522439667621213
2017-06-20,-0.00027641944852631366,-0.0006715961194509685,0.0007484882856482488,-0.0012777870995946585,-0.002411687965915298
2017-06-21,-0.000529247554660516,-0.0002514508062983952,0.00041012615261361117,-0.0008076421922292118,-0.0033570383883862265
2017-06-22,-0.0005832991031451305,-0.0004639663906444565,-7.950284226837439e-05,-0.00037136756531149314,-0.0016960160946899144
2017-06-23,0.0002775226496115231,6.606197937294585e-05,0.0003828559782199468,0.0002774456521585179,0.0034948869949710014
2017-06-26,9.217014615483249e-05,-0.00036855684090116237,-0.002058482728353737,-0.0010670602188878626,0.0022445216711107327
2017-06-27,-0.0003558273352470391,0.0003161888727859191,-0.0011819090518046269,0.000540280563701621,-0.00022422559826988124
2017-06-28,-9.194496443611316e-05,0.0001840095690168759,0.0006055819037097603,-0.00048613529971128054,0.007752689842978625
2017-06-29,0.0016831616089861493,0.00026089225298012777,0.0006518565103579985,0.0009512330912397846,0.005768820081002314
2017-06-30,0.0010010856764231804,0.0012228598227353757,-0.0001433271444520452,-0.0029802014496327868,0.00029927848085835036
2017-07-03,-0.0001305551205572252,-0.0007838731572095624,-0.0009787609668504976,-0.0013849331958331558,-0.003221748920951027
2017-07-04,0.0019983966893079956,0.000880831456617881,-0.0010658386592550437,-0.0008803800656666589,-0.006553704660002731
2017-07-05,-0.0009236413233997115,-0.0005939378915581712,0.0005646342173893471,0.0005410934178012959,-7.890583907307794e-05
2017-07-06,-0.000909348560590409,-0.0008565536759211477,0.0005784146342411647,-0.0006330783645892836,-0.002871143053369123
2017-07-07,-0.0003157230083055109,-0.00019733856125286723,0.00031605979060764293,0.00043409344213983313,0.002147549260490982
2017-07-10,0.00021074815673347567,-3.950201131579507e-05,-9.213011410905086e-05,0.00015803197546524308,0.0013156338647278643
2017-07-11,-0.00043377390544296906,-0.0008017296760541017,0.0001706921571097996,0.0005783234040421936,0.004041310789403868
2017-07-12,-0.00033919532757514613,0.000521866205352022,0.00010459567244937671,0.0014212419350751208,0.005445619427921189
2017-07-13,0.00015541424402832181,-9.064598217893143e-05,0.00025893654904567544,0.00015539009419419762,0.006917568678441209
2017-07-14,0.00043504965370375797,-0.0002812975507302962,0.0007736046492645687,-0.0008830926733280014,0.012058871348134815
2017-07-17,0.0006510375342446844,0.001187489365951229,0.0007684229777974029,-0.0022868833627609393,-0.0036366935961530114
2017-07-18,-0.00027737152833026636,3.78379401070718e-05,0.000694940231522265,-0.0002900616085967225,0.01502428281545658
2017-07-19,0.00037776239195063093,0.00018877779022438595,0.00010101392738113773,-0.0003399797304095141,0.00494158102152224
2017-07-20,-0.001348906896749606,-0.00010095401553161428,-0.0012887413814454186,0.004430689724376585,0.0004148882061538358
2017-07-21,-0.0008961874767525593,-0.00023984296712360666,0.000227767374573764,-0.000505248277114945,-0.005482849937092811
2017-07-24,-0.0007420497262253031,0.000201338904389859,0.0017088436797300984,-0.0018008152608974392,0.0017813043601931252
2017-07-25,-0.0008297190745663753,-0.0006158757885261583,-0.0008446212628105184,-0.0008304080800296196,0.0016773343151295463
2017-07-26,0.000518052890886018,0.00022743641355003525,0.0010380404755124277,0.0011236310875093894,0.00944379349681418
2017-07-27,-0.0003877399189296364,0.0008629153315229514,-0.0006229986370932611,-0.0026180484824336334,-0.005921732974696187
2017-07-28,0.0006515066320783026,0.00011273180489304858,-0.0013930987399575203,0.0024143874120912197,0.002470607934857926
2017-07-31,0.00020076289969047292,-0.0004645877495182386,-0.00012541229307732222,0.0014543268780326751,0.002315062070237813
2017-08-01,0.0027831075920520163,0.0024818262926937827,-0.00017489287855794846,0.00020028540737395081,-0.0039827217777545975
2017-08-02,0.002132919268397111,0.00023834463492433095,0.0011302983934921701,-0.0008526218637242958,-0.00030122750434872586
2017-08-03,0.0008817231960580159,0.0018770831364839087,0.001022320756955169,0.0013462762402550075,-0.0019224613418547427
2017-08-04,-0.0040832120646898205,-0.0030581063588208846,-0.0009533606683102361,0.0024670909079045015,-0.0031871031292360023
2017-08-07,0.0009865675840044154,0.0006068498359362712,-0.001173997976199462,-0.0006196531405395876,-0.002121400414237984
2017-08-08,-0.0012504501354641787,-0.0012883507105973617,-7.570309250737286e-05,-0.0021255606575585665,0.00020223213790371086
2017-08-09,2.537749016758975e-05,0.0003808363211540153,-0.0006092375834170069,-0.0018923884661592063,-0.0032406322269981163
2017-08-10,-0.002231351399973179,-0.000367444428165113,0.00029188373082352826,0.0013951779846418067,-0.002030741029654542
2017-08-11,0.0003808556603102007,0.00024137252154549758,3.816866734564666e-05,-0.0007237498173245589,0.0026138166431926304
2017-08-14,0.00019083119766328163,-0.0005726247364922986,-0.0008888437997890836,0.0006994029927073135,-0.004904337327385808
2017-08-15,-0.0009595640477577998,-0.0004730580735030019,0.0014161507313680702,0.0009595640477578371,-0.0037132782641972817
2017-08-16,0.0033288894218427693,0.0029079200940771567,0.0016679509084068325,-1.2684640802798286e-05,0.013661969733100441
2017-08-17,0.0007191295058375781,0.00032786885539607313,-0.0016853229998344656,-0.0014514065412744007,-0.005399301220099665
2017-08-18,-0.002940566126652639,-0.0019441259453019596,0.00036618242607286373,3.791636913302231e-05,0.0046549954400763255
2017-08-21,0.000792996498246393,3.776126072704953e-05,0.0004167640228799303,-0.000780404339383413,0.001437307188118132
2017-08-22,0.00013884593803270527,-0.0011362489859983878,-0.0001768771087729671,-0.00017671635808334669,-0.0030915046168143168
2017-08-23,7.59974667876239e-05,0.0002533505625265114,-0.0005957624985283575,0.0,-0.0008218018150211731
2017-08-24,0.00026598271269204145,0.0001139709375342828,0.0003806333785298362,0.0008481388924359108,-0.0006705847623676625
2017-08-25,0.00442687871784092,0.004594459398528705,0.00010108412735108086,-0.0009316731760327662,0.003739408326720654
2017-08-28,-0.00040294147820295345,-0.00012587483023521298,0.0010948423954448721,0.0013592772752625327,0.0009074410786032437
2017-08-29,-0.00016314339713283097,-0.001355183784584825,0.002640381748727204,0.0017054151049874094,0.0012715520311272189
2017-08-30,-0.001262371405774643,-0.0008075404524495849,-0.0008658932731539237,-0.001732040004419458,-0.0055765978483313045
2017-08-31,0.0010746096092811087,0.0003413077174997562,-0.0005446864704079775,0.001716977027999162,0.0051613180633422
2017-09-01,-0.0041539921057724425,-0.0028399471204268063,0.0004916389956137954,0.0029509844418899363,0.002526761748377301
2017-09-04,-0.00046555814340819843,1.2586453200584743e-05,0.0013076499373780252,0.0011069183520163743,-0.0006291286775613404
2017-09-05,0.0017462895793666025,0.0012471939755853965,0.0006654404393883367,-0.0005110976868779544,0.006386110318143898
2017-09-06,0.0019939936001873056,0.0033206178035311237,0.00038815258640114716,0.0010893724664743656,0.0007750969259156714
2017-09-07,3.737828695748137e-05,0.0001619483637410278,0.001111826070047236,0.0011580344595290622,0.005234896226451146
2017-09-08,-0.0015839039110046053,-0.001448154475319164,0.000506682660666534,-0.0011027886799339275,0.0009691849665205195
2017-09-11,0.002139144660702775,0.00041020032023868523,-1.242552451256563e-05,-0.0027618484606362946,-0.0033329633261577705
2017-09-12,0.00044874352567943773,0.0010220998808217854,-0.0006716418162930494,0.0011707707249708334,-0.0010220107078975293
2017-09-13,-0.0021102454591029186,-0.0003245861555052263,0.0006469110225356823,-0.0005126249635579708,-0.004424122393010771
2017-09-14,0.002434495731052211,0.0007276377187183409,-0.0003373250158483594,0.00012532898875934704,0.0019020214706126867
2017-09-15,-0.001559430188459974,6.235619105466552e-05,0.0013741585442606508,-0.0006119607287228264,1.2501328266142123e-05
2017-09-18,0.00018776169341102987,0.00026278084854258125,0.0007493911547860959,-0.002192749771250854,-0.004550961611703901
2017-09-19,-0.0016121476919357587,-0.00039991502338858814,-2.503912363204829e-05,0.000737661396872926,0.0062631730943896406
2017-09-20,3.721045614250424e-05,3.719384814166654e-05,0.0008337222445908577,0.0007810999027111096,0.0030422446285734792
2017-09-21,-0.0005676335510306072,-0.0006306045183685033,0.0,0.0017019349430677593,-0.012691304717390694
2017-09-22,0.0008904999302884375,0.0014173457873712866,-0.0013085877929012034,0.0001754979759558813,0.0034487132985653347
2017-09-25,0.0012957688048302867,0.00032696588528065474,-0.0010690547430858405,-0.001434251164287407,-0.0025811664828331356
2017-09-26,-0.0011534538344641796,-0.0006339546300822074,-7.57575757938813e-05,-0.0014722683202589692,-0.0056514111385166516
2017-09-27,0.0008528893733993128,2.5454360333397293e-05,-0.0016309683665338293,0.0003816551156306386,-0.004600280062576006
2017-09-28,0.002197045092890358,0.00035767206962475335,0.0004474988088102269,-0.0007147871897925337,0.0004329721055325587
2017-09-29,-0.0015957823675820972,-0.0015444412768028804,-0.0010073640432355826,0.002564774691463389,-0.0031496892291911906
2017-10-02,0.0011241984883113448,-0.0020072754468713947,0.0004741371113921264,-0.000945264169509767,-0.0002681290355118853
2017-10-03,0.001215463401066973,0.001036249636970322,-0.0008579349904233556,0.0005880097318852761,0.00016599311805109401
2017-10-04,-0.0006245340096060547,-0.0006502655480028692,-0.0005602597714513168,0.0014905885487539895,0.0032377338672842657
2017-10-05,0.0005253345925508401,-0.0010379892135321896,0.0013153107880948566,-0.00038436407437877765,-0.008165396931552348
2017-10-06,-0.0012392535084553755,-0.0011112260808554917,-0.0010550831534999548,0.002141908665232485,-0.004024098562986436
2017-10-09,-0.0003740801220040662,-0.00047735469004318675,0.0007088953773999758,0.001572773303447609,-0.003026890090790116
2017-10-10,0.000642582690371314,0.0005911684745240828,0.0001799624654573075,0.00111711052391882,0.0033097900746741184
2017-10-11,-0.0008731382167450015,7.70683211047898e-05,-0.00014122027176281744,-0.0011310764425307854,0.0012463782764919418
2017-10-12,-0.0006911292558773206,-0.0008190637535890666,0.00031933170532642596,0.0016374571907403763,0.004433233393691071
2017-10-13,-0.0006211613381021635,-0.00045611190736007085,-3.8261645893107314e-05,0.00021554866728570578,0.0077809511898031805
2017-10-16,-0.0005085112172734122,-2.5413283524737188e-05,-0.0005964580720877891,-7.629899034714004e-05,-0.0038003286817556285
2017-10-17,-0.00035759898209929207,-0.0001277383919473613,-0.0005855322782838027,0.0003448297916020955,-0.0010447590997072402
2017-10-18,-0.000727908954132628,-0.0014050148560577089,-0.0008941002754243066,0.0007917353463675795,0.00042058308728931833
2017-10-19,0.001271439822396797,0.0003940035257091357,-0.0019709701643238074,0.0015616571972376062,0.0036884453700964945
2017-10-20,-0.0013675783855750393,-0.0007156366915857733,-0.00152977350945353,-0.00024303668054769905,-0.007902257565817748
2017-10-23,0.0004482668159107054,-5.123607020458568e-05,-0.0006526204220295237,-0.000473888132847755,-0.0005377376737989394
2017-10-24,0.0008868154270149994,0.000706627553187335,0.00039826562273650946,-0.0012854959284599387,-0.004415244876770183
2017-10-25,-0.001335728332533167,-0.0011026146052527093,-0.00018160120425548008,-0.0007269706416329237,-0.0090970803621113
2017-10-26,-0.0007796764737766594,-0.000350760960004487,0.0020163264172966826,-0.0022384475568300965,-0.005675768315420178
2017-10-27,0.002025310532037753,0.002954636742223664,0.0006672467163244592,-0.0011232140772868546,0.0015783881545344868
2017-10-30,0.0006267218735211516,-0.00028702640839993075,-0.0002343261831175118,0.0018387272324005494,0.002215013479077173
2017-10-31,-0.00020923511564641594,-0.00045781856796090625,-0.000625904648215745,0.0030296326240819797,-0.003964429698708591
2017-11-01,-0.0014961006608930705,-0.0006636434266354632,0.0003514595369576485,-0.0007554050893211922,0.002870565645476863
2017-11-02,-0.0012694466658966326,-0.0003238782505204141,0.00019476346039381788,0.0008551106334512713,0.004770362663405262
2017-11-03,-0.0016208518247301598,-0.0007583484058942343,-0.000833963197588087,0.0007453952574446758,-0.008477551537371694
2017-11-06,0.0005481740720421337,0.00016968067443093364,0.0006527841474707451,0.001134548421506988,0.0048251942186042125
2017-11-07,-0.00014409127552263636,-0.00015718533493189714,7.836683519546647e-05,0.00028816179174067546,-0.004224036318143711
2017-11-08,-0.0003518992822379006,-0.0007038306926110461,0.0009775617782847587,0.0006515676948698717,0.0032087681611154997
2017-11-09,-0.000809452358316734,-0.0005352795004791056,0.0003780053096098369,0.0014487176164519407,0.0004036274443335022
2017-11-10,-0.0029337196458131907,-0.0003648683908082804,-0.0007168038675470213,-0.00040487681196697253,-0.003338074059690292
2017-11-13,-0.0012961764614465743,-0.00032731724534001467,0.00040545401595238603,-0.0014815303113042242,-0.004167437164043219
2017-11-14,0.0009315202164022113,0.0005511811163163822,0.0005767542007327223,0.00023602223963550893,0.0019941494085860896
2017-11-15,-0.0007516764716548978,-0.00048786599157277954,0.0007639520398946043,-0.0005146306978622472,-0.0050718843120819744
2017-11-16,0.00027652500423103535,0.0004081874558785944,-0.00015805070826445004,-0.0007770980390668439,-0.0005665983825640636
2017-11-17,0.0016821530222059587,0.0009938448697507816,-0.0011394049829631095,0.0008334050367618189,-0.003551838738751539
2017-11-20,0.0008607732923700597,0.0005031779767183061,-0.0008328101211705154,-0.0006488218814372107,0.0001323924644145448
2017-11-21,-0.00032976527606694837,-0.0006595697206409876,0.0013204285388064344,0.000171491514888181,0.004108680897379839
2017-11-22,0.0002502848649999925,0.000289969687019268,2.6458526261597742e-05,-0.0003293352069339201,0.0037110188660871017
2017-11-23,-0.00013116646354670688,5.245764046742149e-05,0.0007867614682931588,0.0005114519445028,0.0015225297931231458
2017-11-24,0.00028870254652460677,0.00034126557355366235,0.00042051592666671514,-0.0003937059592319484,-0.0016407540647038765
2017-11-27,0.0011161521489128,0.001129275939063609,0.0006944945210971645,-0.0019836714924800713,-0.00047312394101121496
2017-11-28,-0.0004471683794953801,-0.001328152419892028,5.2656521522468926e-05,0.002076325388498449,-0.00015775773702943286
2017-11-29,0.0007926757182521543,0.0005810191767724803,6.596610663852413e-05,-0.0001188613088028989,-0.005259666359048281
2017-11-30,-0.000764818392922151,-0.0011732216823030976,0.0007141346050434219,-0.001187946444531031,-0.0004891430179822081
2017-12-01,0.0043503186770573864,2.6325488339356372e-05,-0.0012663238732174812,-0.0001049207849036676,0.006235149154093452
2017-12-04,-0.0002369886651513692,-0.00019749185410306087,0.00044736842851392304,0.0002106593645878391,0.0020933041683130777
2017-12-05,-0.0014186449068420608,3.9410161258375614e-05,0.00023550345513919264,-0.00028923012401882686,5.26052763212515e-05
2017-12-06,0.00026437541462647797,0.0009116433331630768,-0.0005927096883979058,-0.0001850554510720402,-0.004877736913798059
2017-12-07,0.0004653234414195807,0.0002525537853291046,0.00015941124148703277,0.00021264719252934373,-0.0074280750085098605
2017-12-08,-0.00017314518266779686,-0.0005059987591149392,-0.00033298481230970413,-0.00027975940873474074,-0.0008124721575871475
2017-12-11,0.0010745770716362659,0.0008356823567092789,-0.00017263244603286574,-0.00042438630399688746,0.002913146460359056
2017-12-12,0.00018539608602505657,0.00039731416152999604,-0.0008857689251208267,-0.0005297943197522859,0.0036460825160886216
2017-12-13,0.0007887576162522638,0.0008677132357956106,0.00046319885954860683,-0.0008413635844115434,0.009627806452830104
2017-12-14,0.0003916551396051368,0.000378562901440871,-0.00019589278197739465,0.0010175860607762905,0.004668475404122842
2017-12-15,-0.002063391222208572,-0.0016331867095783733,-0.0005862237588499675,-0.0005622936497819835,-0.0029136065034237827
2017-12-18,0.00024774584011503966,-0.00026066103786410414,-0.000509401072920591,0.00036498729467307256,0.0023644533259152907
2017-12-19,-0.0009407584251465478,-0.0008884824521235023,-0.00014336263603284983,0.0001437842715556625,-0.001606174321364227
2017-12-20,0.0007567158893062981,0.0005870497008308932,0.00016943298640098025,0.000469397875466252,0.0024669616035622173
2017-12-21,0.0003770322407225122,-0.0003898078296783249,0.0012921837742899615,0.0011951623335691847,0.0045394613699212
2017-12-22,0.0004147119107672266,9.071293896698649e-05,0.0007130032646479532,-0.0008166281490557363,0.0001686942420869589
2017-12-26,-0.00045313016615473504,0.00015540015571271056,-0.00010367260201604279,0.000543731565361059,0.0009060081901619911
2017-12-27,-0.0008622742694967014,-0.000682141435652271,0.0007979921911330588,0.0006692923770319795,0.0056504613932728135
2017-12-28,-0.0001412130200752057,0.00037235579668167625,-0.000590553725455369,0.0003337440983946116,0.002569539539310155
2017-12-29,0.0005890639176610887,0.0007425330960414432,0.0006269311924476796,0.00023040884871898112,0.0008336807485774087
2018-01-02,0.0009711343867540183,0.0006131912965677333,0.00036995694888561744,-0.0006771389223924542,0.0040565411277683925
2018-01-03,0.0010728107390447447,-0.00020424054501105068,-0.0004723514893489241,0.000714568290814294,-0.00048540589827072327
2018-01-04,0.0004711485287360638,0.0004710285695893562,0.0012872721171417348,3.819150494080614e-05,0.004703611580698397
2018-01-05,0.0005984707341811453,0.0008276828537322268,-0.00012745023085736993,0.00043271311795909577,-0.0005978769187718969
2018-01-08,0.0007785528245668871,0.00014035177280948298,0.00039550654058229486,-7.655209373723941e-05,-0.0017702388076899268
2018-01-09,0.0016885629483796838,0.0002429869502386193,-3.837961275448041e-05,-0.00043466033258287846,-0.004394544559985599
2018-01-10,-0.00048417512795416993,-0.0004331706887623025,0.003225500804435503,-0.000777719027655417,0.0045602393632834986
2018-01-11,0.0004317021829912084,0.00026667174770882466,0.0002920319732277352,0.0009135781173663259,0.005021526795414167
2018-01-12,0.0003932587883762875,6.338621858968573e-05,0.0003427418108740476,0.00019023100442269825,0.003114636231921598
2018-01-15,0.0012174689448985298,0.00016313316094115926,-0.000615597242971396,1.2543510301359923e-05,0.006541366758173857
2018-01-16,0.0011194758500752224,0.00026401976529865913,-0.00044035959217163424,0.00032680149614003665,0.0012680239987072973
2018-01-17,0.0008024575692349692,0.000978633253769718,0.0007144513756271776,0.0005137361889765379,0.00011291425429007275
2018-01-18,-0.0005257228810531995,0.00021286852944406645,0.0008897076456395443,0.00081350166873794,0.004331287127767269
2018-01-19,-0.0011121595158192095,-0.0005997900914553915,-0.0006110068710143407,0.0003500262555426305,-0.002914669847579077
2018-01-22,-9.974813603932657e-05,-0.000835166801428563,0.0007363081345268224,-0.00213449917209211,0.0007495877618486551
2018-01-23,-7.508353046282346e-05,-0.00041288450455495844,-5.0190094995204986e-05,-0.0009264940378036027,-0.0003872168525183581
2018-01-24,-0.0014865286106865185,-0.001288356656534988,0.0012280061330958573,-0.0001115787778321769,0.005668349122887489
2018-01-25,-0.0007537611181381135,1.2358418864052181e-05,-0.00045783863844126943,-0.00023489414417985477,-0.002637079844478907
2018-01-26,0.0008158523018266994,-0.0003211978235577814,0.0014100362266437879,0.0016173741572915346,0.00952033966469266
2018-01-29,-0.002571521828506096,-0.000420168073408322,0.0018773317768208773,0.0012000422073453715,-0.00257835436666212
2018-01-30,-0.0006307080834589552,0.0005071589928415712,0.0005932297827010509,-0.0010272977405570355,0.0004692864462345213
2018-01-31,-0.0036080602591581977,-0.0018402223339696324,-0.0002223155407718216,-0.001325397658427974,-0.0049881588485304355
2018-02-01,0.0015209128407067448,0.0002742800166801664,-0.0007862763979271004,-0.0001619544164149999,-0.0024723427157894748
2018-02-02,0.0007433867276125613,0.0006176769241944436,-0.0006134470280574386,-0.0012350815085339448,-0.014698683895511386
2018-02-05,-0.0008065634534722176,-0.0010836148431941615,-0.0012086115030334238,-0.0007693617830136543,-0.003447099361735632
2018-02-06,0.0016652581502017913,0.0009531253700068701,-0.0002160033044198074,0.00053331302928745,0.0020164748971378036
2018-02-07,-0.0018956386916104398,-0.0012472320704554113,-0.000673918735650972,-0.001656853377931623,-0.009790581799461814
2018-02-08,-0.0008468487469761976,-0.0005641676753349331,0.0004865681675548832,-0.0006805647665940244,-0.0035502616674746444
2018-02-09,-0.0014084509370579608,-0.001088815412467755,-0.00017960230965538982,0.00010249971180929266,0.002859141257033494
2018-02-12,0.0004214586362424077,0.00016608218551222333,0.0013931228009286493,0.0002553430547795403,0.004770964899270447
2018-02-13,0.00043292248817121317,5.092038598760501e-05,0.0005848622561855975,0.0002418456654588535,0.00043259750022562476
2018-02-14,0.002250463438918236,-0.0012567201263015187,0.000775464841021429,-0.00013971181286106613,0.008638104197670771
2018-02-15,-0.002288084633385001,-0.0015320434247769242,-0.00047807161920026446,0.0012521424018977257,0.0016758970914875066
2018-02-16,0.0012229949767741367,0.0006307079274617361,-0.0016051971693903753,-0.0016646492948147041,-0.005213308870759949
2018-02-19,0.000683034216210854,0.00035412108781711555,0.00020191057953850366,0.0007204747861092319,-0.0003286936983613093
2018-02-20,3.799464275992101e-05,0.00015191219504348622,-0.0008873564966302031,0.0006836568309118296,-0.0035720204674554216
2018-02-21,-0.0002678554361968138,0.00011472055996213914,-7.64068409963132e-05,-0.0007912301488606632,-0.010626523178782033
2018-02-22,7.638155134648816e-05,0.0005603525273339119,0.0002941157686434355,-0.0010316435249594887,0.005193421415007232
2018-02-23,0.00014071444584938083,-0.0003453104951149242,7.674597087432478e-05,0.0011633334006131686,0.0003061575970132442
2018-02-26,0.0014671832081464083,0.0010972607860537757,8.890864642435126e-05,-0.0002040009697121479,0.0014278431798598775
2018-02-27,-0.000997735989748872,0.000640360673000898,0.0003442845609632566,-0.0013703105833203645,-0.007236680220609189
2018-02-28,-0.0002951612821160967,0.0010649013406669806,-1.280631095017442e-05,0.0010647374119337775,-0.003857037437880615
2018-03-01,-0.00010332046141776545,-0.0012904226633879841,0.0009973641918163414,0.0021674910755170003,0.0001674470130721002
2018-03-02,-0.00011622125958180142,-0.0012394935157809845,-0.0003225993795357476,0.0013292811579798025,-0.0007086213746157106
2018-03-05,0.0023227315430186073,0.0011483205462897276,0.0,-2.5778511034656466e-05,0.0011597939444382642
2018-03-06,8.94380099359595e-05,-0.001226868572252969,0.0004121003007413104,-0.0005750982618008444,0.002739498700489707
2018-03-07,-0.0007939455667978994,-0.0005762397316669977,0.0016902927461869503,-0.0014101662486833949,0.005201072433485545
2018-03-08,-0.0005906143845049356,-7.708119222722372e-05,0.0005898570408890384,5.1371622327244337e-05,-0.004584755421603671
2018-03-09,0.0,-0.0004210875605328285,0.00047437418755527,0.0013129299978436224,0.006767284574679553
2018-03-12,0.00017800834143216396,0.0002795496727142132,-0.0007122507423612086,-0.00027974162229115005,0.0017427036663243665
2018-03-13,-0.0011423640559944403,-0.00011417190495525223,-0.000381310696571856,0.0006855750211393368,-0.0017045097302437182
2018-03-14,-0.0013198306441397079,-0.0014968163740415286,-0.00024085236500353445,-7.619724931629037e-05,0.002479481978018386
2018-03-15,0.001047374634327313,0.000651594833293247,-0.00031801963085187996,-0.002287760207963012,-0.010737758377919458
2018-03-16,-0.003039260501843298,-0.001035116413620764,0.00033362846930190483,0.0016565723102941366,-0.010231621213882427
2018-03-19,-0.0003375571282572306,1.2980691221868244e-05,0.0005976587546514525,0.00018177568930067837,-0.0004928600247626698
2018-03-20,0.0006760534339683492,0.0005588516394383589,-0.0009346401666946582,-0.00041597879108033666,-0.0028842051408297198
2018-03-21,0.0008702938115475481,0.00011690968739989753,-0.0003772676758876176,0.0007268291103522011,0.010251720726431419
2018-03-22,-0.0005316148899570859,-3.8897640862964114e-05,-0.003590065326012738,-0.002363269162032627,-0.0088215703169032
2018-03-23,-0.00033623008800101855,-0.000465447031481322,-0.0007516263993281674,-0.0012942472524295427,-0.0002598752613379173
2018-03-26,-0.0003363040220027682,-0.0005298835026503054,0.0005301781393383309,-0.0019813141424535334,0.0059940498067229744
2018-03-27,-0.0004410715515496975,0.00042784077197235434,-0.001048509853024374,0.00014272090950405664,-0.00868556147270315
2018-03-28,0.0006912788280942445,0.002348276401346575,2.6096714425057605e-05,-0.0002999302358679914,-0.0027640534423286987
2018-03-29,2.6041666668255167e-05,-0.0002473877816074601,-0.0007557594438739863,-0.000977026919904979,0.002217064472658059
2018-03-30,3.9025151715230785e-05,0.00015613411952551966,-0.00036367415197163957,-6.504276564128776e-05,-0.0002996684126320113
2018-04-02,-0.0005476237179688621,-0.001095761859727584,0.00022122886215932984,-0.0005479237740305688,-0.003726680014081837
2018-04-03,-0.001823843342427256,-0.0008975435228204612,7.795447462630114e-05,0.0007690252658378863,0.0031152064087366293
2018-04-04,0.001235137874879088,-2.600577328316918e-05,0.0005733048575226579,0.00036374974418968195,0.004065125441200004
2018-04-05,0.0007675446105560622,-0.0001820569843386539,-0.0007802949910825881,-0.0005983740015938857,-0.004182258797660093
2018-04-06,-0.0004938720971676694,-0.0007017361760051625,0.0008200936407716704,-0.0014310062414146709,-0.0018499223618575922
2018-04-09,0.0008207988266092609,0.0008339523306258922,-0.0004563084724395404,0.0015355588937005632,0.0038004054383246246
2018-04-10,0.0016646561297283928,0.00018078278997071102,0.0009190879670415171,-0.0003739836393508309,0.008472708577533015
2018-04-11,0.0011356598371098702,0.0006836725088121395,-3.87214187576211e-05,0.0022545890417947534,-0.0010309943564189344
2018-04-12,-7.744233776479279e-05,0.0007097186586140423,-9.029287143911607e-05,0.0015477084112002974,0.0001547169327876574
2018-04-13,-0.0003468631402766183,-0.00032112006955241254,-0.0007822167908634985,-0.0012342664753637992,0.0005670907110438064
2018-04-16,0.00018000874376787062,0.0007458848082432315,-0.00016721440140839565,-0.0002957457636687721,0.00213551597244305
2018-04-17,0.0014290038671796411,-0.0003217648184370238,0.00016702534327222389,-0.0005018497773012227,-0.001607645018193419
2018-04-18,-0.0002571983399164971,-0.0014272032458119393,-9.028937751614568e-05,0.0018760285107469958,0.0017746918238119203
2018-04-19,0.00015429122499259837,0.0,-0.0003977137924399487,-0.0006687673067722587,-0.00727304068709936
2018-04-20,-0.0004043592591407179,-0.00020877099202895163,0.0005581045357821564,0.0014340845177845802,-0.007521909308025833
2018-04-23,-0.0015339939943897008,-0.001954265575703626,6.531124074089552e-05,-0.0006037537918010891,-0.008262940597330348
2018-04-24,0.0002628639037282168,-0.000538704625521773,0.000999250645224506,-0.0021706964616206854,-0.0003550926237228615
2018-04-25,-0.00023807949322177387,-0.00015869237516440984,0.0008325239831480618,0.00010582010591899268,-0.004839176368367871
2018-04-26,-0.003023723329222973,-0.0012017248176141588,0.0007932940628100786,-0.0010452432465054326,-0.0015741472763011796
2018-04-27,-0.0007940184364762594,-0.001375643396261398,-0.0003314089550519636,0.0023405433602333003,0.003013842151215871
2018-04-30,0.0009282712279238853,0.0008086271675365814,-0.0009533267852101242,0.0005565494081244894,-0.00606407514534213
2018-05-01,-0.0028974110490008476,0.0,-0.0007715433910286595,-0.00012035062162238316,-0.005499970583787804
2018-05-02,-0.0007869132734197905,0.00016014306147686723,-0.0007577721861399153,1.334267320478881e-05,0.0004939689167040961
2018-05-03,-0.00015954264475770815,0.0010900052920916963,0.0009431895115143261,-0.002103022204608587,0.00507240228861781
2018-05-04,0.002518708395241042,0.0009324506809801525,-0.0009701061897429031,0.0013167959871658004,0.0006637638306575466
2018-05-07,0.0008929583501864098,0.0008263471927928942,0.00013303533438100093,0.0017569316787331602,-0.0032164197906847107
2018-05-08,-0.001061692491155946,-0.00010757170336719624,-0.00314135684114392,0.0016659505142819753,-0.007979245617754397
2018-05-09,0.0022255301521175762,0.000442320716533113,0.000471034737426675,-0.0008574491414948478,0.001005921609531265
2018-05-10,-0.0026585154565340547,-0.0011574306334928058,-0.0010563546054548176,-0.002131912866098423,0.00964554054547666
2018-05-11,-0.0009005549616027227,0.0006219522885206297,0.0016966230674978612,-0.0004638372677005149,0.0009024193411636659
2018-05-14,-0.0007147773905210289,-0.001442992141830999,-7.945125669590846e-05,0.0001853617206874432,-0.002243299252979563
2018-05-15,-0.00021446571311639975,0.0004692978719671039,-0.00030612584673229385,0.002169343486370544,-0.007215240589521711
2018-05-16,0.0006259781112073989,0.0015708412553969138,-0.0010685331393735053,-0.0009724322894455951,0.006018527418485959
2018-05-17,-5.3272957327680244e-05,0.0005862836448232534,-0.0013673445780502862,0.00113144017767312,-0.0008252363039874273
2018-05-18,0.00033342891937840433,-0.001387443857671508,0.00021295285836577435,0.0023841088536433147,-0.00045283823794000977
2018-05-21,0.0002912210123304542,0.0012574372441931962,0.0008381282294597666,0.0006218699962907007,0.00792893301683941
2018-05-22,-0.0013826798534132578,-0.0003687509919044605,-0.0010527286380093083,-0.0003294914658571848,-0.0012929273408168237
2018-05-23,0.00011925663379155073,-0.00022541187485638153,0.0008898511082771445,0.0004239084421259153,-0.0015457893538374401
2018-05-24,0.0011361685922252986,0.0010836814508752989,0.0007008774478752618,-0.0016121576005773625,0.0017041968310015294
2018-05-25,-0.0002116850134915883,0.0002913598579703403,0.0019535123225218965,-0.0007544922426814654,-0.004206299769358145
2018-05-28,-0.0005826348500999342,-0.00042371759856435053,-2.6445581605831914e-05,-0.0003709444553220657,-0.002038844655272813
2018-05-29,-0.0003720287567988212,0.0006511757939554211,-0.0014609206396747599,-0.0010637025827106834,-0.005368498289777624
2018-05-30,0.001207160864787467,0.0005437990464998288,-0.0005315544104640909,0.001364591066342861,0.00936284274900383
2018-05-31,0.00017150961485369248,-0.0007786158188424141,0.001016025580407505,-0.0019014424996804784,-0.0014530470305535751
2018-06-01,-0.0006235530785990883,0.0008349071153909737,-0.0011787378276113493,0.0033784487310381944,6.60934164588597e-05
2018-06-04,-0.00037897846157089563,-0.00014375232805521564,0.0015457168390647323,-0.0008368748445275989,0.010172653339387699
2018-06-05,-0.001867193178906816,-0.001144849945750453,-0.00041897979035462066,0.00043423624449538933,-0.0038518527323327233
2018-06-06,0.00036504439605930105,0.00011726307985356382,0.0009287420138459014,-0.0006258720035318052,0.006646281366817508
2018-06-07,-0.0007718724831304307,-9.153377929753279e-05,-0.0011763015824866735,-0.0001177956508590356,-0.0058720996316422485
2018-06-08,-0.0006984390829960015,0.00013181656426032083,-0.0028753086363537913,0.0019622955928917415,-0.0033240299944608926
2018-06-11,0.0005385701749174544,-0.00022323627025503382,-0.001104072034552643,-0.0004991527642421188,0.001644661471855339
2018-06-12,-0.0004993232959217439,-0.0003285388592456793,-7.877013565663158e-05,0.0007094901166084576,-0.004228948869279479
2018-06-13,-0.000527273218827983,-0.00017143497711121232,0.0005415150666908038,0.0016336428591047023,0.0004751659870562639
2018-06-14,-0.0014993003863382366,-0.0002653258880765752,-7.935248377435002e-05,0.001247362785970961,-0.01405965858980783
2018-06-15,-0.0019030011505567056,-0.00017435505439128199,-4.0191041422192664e-05,0.0006570787054608931,-0.004627743820767762
2018-06-18,-0.0003498385396282735,-0.00013444655097628324,0.0022836887452140934,-0.0011580309384190864,-0.002449068694575887
2018-06-19,9.504735402112071e-05,6.786792903618775e-05,-0.001900109149314751,0.00032580807477702276,-0.0063930799675084495
2018-06-20,0.0004202563625627884,0.000609785035799825,-0.0010831450171455562,-0.0007186099951971596,-0.0012075084059408319
2018-06-21,-0.001584840052953232,0.00017614818172553143,-0.0010863662122208519,8.133497815225073e-05,0.001519324193124615
2018-06-22,-0.00020175527154095186,0.0005381986621124216,0.0012136742100672102,-0.0021411121759587408,0.008100161740815445
2018-06-25,-0.0016590126612488205,-0.0005667786881007428,-0.0004172302700517568,-0.0009318721173512515,-0.003068890878720979
2018-06-26,-0.001461493960833023,0.0003792239498279435,0.00025664750956400344,0.0007986734324172554,-0.0036599653250612937
2018-06-27,0.0021811736854375125,0.001910427310760744,-0.0012069025433532464,-0.0011103138453971452,-0.00657012965169981
2018-06-28,0.0005444769752694866,9.53425180681651e-05,-0.0009537305208187462,-0.0003402633671265607,0.0007079549927417913
2018-06-29,-0.0007716101991710711,-0.000528101082693792,0.0014882364442352902,0.0008527977017527458,0.007052119764413723
2018-07-02,-1.3626298756746643e-05,0.0005858430516950476,0.0006913707717116665,-0.0016774523029768984,-0.008091164273103772
2018-07-03,1.3541053087896581e-05,-0.00039262142998858587,0.0004873096543135352,-0.0010838640811779772,0.006304797024484984
2018-07-04,-0.00016254215973045743,0.00014897175658485276,0.00018952983120875525,-0.0006097685101231176,-0.00032513717010678453
2018-07-05,-4.058249407032298e-05,-0.0007169671246285983,0.00023024155149072023,-0.0010828078262159347,0.0008532597068074181
2018-07-06,4.0414109918437704e-05,-0.00013474001933692448,0.0006884867738261337,0.00028285304626000793,0.005333273964571146
2018-07-09,-0.000963275209945634,-0.00036125959570557705,0.0010038750416412532,-0.0006426993593392719,0.0040960272140533605
2018-07-10,0.00024145193211794788,0.0,-0.00218723040359546,0.0008178204870708168,-0.003557886477267162
2018-07-11,0.0006348477591702847,0.001215149005257525,-0.0021323984057013074,0.0005669699657806658,-0.00981261336960838
2018-07-12,0.00041890477285657144,0.0008513111380518549,-0.0008936188092130902,0.00021614027587999157,0.005715462162545775
2018-07-13,0.00017588364665674396,0.0002436053605227506,-0.0016936181756155347,0.002337665157082028,0.0020776284742331738
2018-07-16,0.0004847440377148025,0.0011844674646798426,9.421962601791708e-05,-0.0013740521876814233,0.0006742088414932762
2018-07-17,0.0006757304903446152,0.00045991938694543027,0.00022901329050733327,-0.0014601503304042624,-0.004525903278764563
2018-07-18,0.00019014505408498615,8.144648970127555e-05,-0.0006668526842972928,0.002102764892149938,0.0013261165678183054
2018-07-19,0.000899194872505466,-0.000736055864429472,-0.002036632928927304,-0.00010895026431214542,-0.005111147846386231
2018-07-20,-0.0002562148982752121,0.0003101130589190228,0.0006245248383717439,-0.0008365265747679996,0.00728595739471629
2018-07-23,-0.0008256912248741886,0.0007717355631838061,-0.0007823354459748852,-9.479507343564373e-05,-0.005323977172510324
2018-07-24,0.002615896424410037,0.0005658318552625028,-8.129530524082238e-05,-0.0007274491106439131,0.005458735349166546
2018-07-25,-0.0016170766783819529,-0.0013745150935071475,0.00151187933766107,-0.0013900793773761195,0.002866044737208635
2018-07-26,-0.0009734202969646412,-0.0003920958927487532,-0.0006726397326280867,-0.0006900797924875079,-0.009029559058921862
2018-07-27,0.0022691366760638054,0.001958838022577894,-0.0020998592004940106,-0.0009718567276376541,0.0024780810948035366
2018-07-30,0.001094321123548536,0.0002837090245253029,-0.0006487714119375135,0.000283517509105252,0.0007698385745170507
2018-07-31,4.040431249246481e-05,-0.0009557977936575986,0.00025609748018747447,0.0008884821003406522,0.0025079904736221574
2018-08-01,-0.0008637910162956943,0.000566947005642427,0.0006885704335299382,-0.0005807789354009115,-0.002832060799718507
2018-08-02,0.0007865047053300459,0.0002848172103097382,2.7113864676165798e-05,-0.000311815787183691,-0.005443848504141256
2018-08-03,0.0015160542185815164,0.0007850568892643416,0.0015774160849219342,0.0011895751375758461,0.00488998529419177
2018-08-06,1.3545271684411691e-05,0.0,-0.0002704786135526958,0.000758242538528374,-0.0017861013624666632
2018-08-07,0.00018843798427129797,0.0005651542214045756,0.0009961366876990964,-0.0008078414915856034,0.004540180217420329
2018-08-08,0.0004320412666606877,0.0005130005242508627,-0.001334007272110358,0.0014298049268690824,0.0023161874076808413
2018-08-09,-0.0004991198058575429,0.00024287564886245195,0.0010108839355295947,-0.0014853426445021144,-0.00764217969388123
2018-08-10,0.003601288304634007,0.0001095185292756301,-0.0018488217319222512,0.0006558721284508198,-0.010929666304175282
2018-08-13,-0.00043918038667570074,-0.0004940914993259152,0.0003437536557676368,-0.0001235542439021591,-0.0014702146825456973
2018-08-14,-0.0005925926099341434,-0.0001792003533663219,-0.0015832699890955715,0.000303230788518124,-0.004617036076215224
2018-08-15,-0.0016757498052861217,-0.0004572695545088171,-0.00011072204625666111,0.0008036023986318979,-0.0001519662361577443
2018-08-16,0.00043989883036446,0.000439602716131055,0.0016655314623103131,-0.0005086505062135684,0.003213995359292424
2018-08-17,5.494354552094652e-05,-0.0001922311173174966,0.001621391728856055,-5.494354552081526e-05,0.0072041972245854916
2018-08-20,-0.00036943538379664013,0.0003830683823896669,1.3674185189722476e-05,-0.0001231754636033623,0.004080552100457265
2018-08-21,0.00047599943778807766,0.00029924237495297044,0.0012639735297016593,-0.0010474980041858743,0.002991815542482552
2018-08-22,-0.001088835462057375,-0.00012247314111289343,-0.00010898737119621812,0.0010616290195701386,-0.0020661164374718927
2018-08-23,-0.0006466748070350294,-0.00019258016208746596,0.0010284892400999294,0.0016227741992032273,-0.01360378809543322
2018-08-24,0.003346243382467229,0.003549782549023242,0.00016491898392298699,-0.0007229326828070474,0.01025087023554488
2018-08-27,0.0011045731811781458,-0.0003409036707431623,0.0004923211674458739,0.0012394866571386538,0.002329875908325261
2018-08-28,-0.0007887293707407727,0.0006252973764537847,0.0014567041586997312,-0.000993596150913206,-0.0018525586947052933
2018-08-29,0.000986504156184859,0.0004255640503793741,0.00031474297390888395,-0.0016309975312986938,-0.0032912960669085264
2018-08-30,-5.489001414799492e-05,8.238702683601985e-05,-0.0009057723013796878,-0.00027449527354243223,-0.006284841062008883
2018-08-31,0.001787558242514292,0.0004990435103155015,-0.0010623401453008841,0.0006504875425726675,-0.010962199216483106
2018-09-03,-0.0008453144449309936,-0.0005543006945964257,0.000984982564981692,0.0007067872656768025,0.0031806686768212004
2018-09-04,-0.0002787883874815284,-0.0004738147751621739,-0.001477269828542028,0.001184314246394209,-0.00441955884551149
2018-09-05,0.0002226458687515248,-0.0006537902679030331,0.0015767261786784445,0.0005285853510193743,0.0016422421683171564
2018-09-06,0.0006810143206711617,0.00030562772003467294,0.0030480402724096323,0.001194129468880146,0.000569978815000061
2018-09-07,0.00100728893923783,0.0012311137537031412,0.0002794115610738905,-0.0009513018162613719,-0.01285449242854405
2018-09-10,0.0002104893886037632,0.0002666872546315545,-0.0005476489847393728,-0.001151216626040256,0.0014490615291549095
2018-09-11,0.0011561672936421037,0.0001975559513099556,-0.001095274981360371,-0.000183205677069845,0.000407609656153509
2018-09-12,0.0015438166205517243,0.0015849530987985675,0.0005759923734895468,0.0007710154655130368,0.007852619034756352
2018-09-13,0.00029068761667820213,-0.000470803282163881,-0.0002226086965713145,-0.005314917141504962,0.002200527343034453
2018-09-14,-0.00027875341653429156,-5.572505260484744e-05,-0.001456846393903581,0.000877810268225181,-0.005454470204775892
2018-09-17,0.00025031637338846966,-0.00016689150700041375,0.0004603313071698322,-0.0017396028351777018,0.0033355927174777006
2018-09-18,0.00012486559622215608,-0.000305165624073842,0.0003471715965186128,0.0,0.0062780599829775074
2018-09-19,-0.0006893984582335124,-0.0007579359700266619,0.0008006295031709479,0.0017363747213873485,0.005536890987864888
2018-09-20,0.0003431591262527498,0.0008786622932753238,-0.0005229909696822449,-0.0017307221154870566,0.0038206277664239157
2018-09-21,0.0020896925309051226,0.001306623390148639,0.0008776501482144917,0.0007962330363146657,-0.0003978734403370369
2018-09-24,-0.0012928605649156271,-0.0007702041421622348,0.00045377978708468087,-6.881602039669208e-05,-0.0018048432550628048
2018-09-25,-5.511160100606032e-05,-0.0003031722868630839,-0.00019329274245938376,-0.0007580926752270151,-0.0007449303696667386
2018-09-26,0.0003864254316016486,1.379719503060312e-05,0.0005099122923546506,0.0013237546920010033,0.0014479665498453225
2018-09-27,0.00033245602190134957,0.0005263303814127549,4.150497022606177e-05,-0.00026318523544235705,-0.007066580832686005
2018-09-28,-4.1553836463848185e-05,0.00011076343710273343,0.0006233680081620908,0.0021861561430572257,0.0016778178442862519
2018-10-01,0.0,0.00023545869540013336,-0.0006374546375886234,0.0003602654918486217,-0.00015232608890674117
2018-10-02,0.0013777653159527873,0.0006403296524366825,-0.0031057439399492827,0.0012786481429659892,-0.004497134414869753
2018-10-03,-0.0006997019555260569,-0.00018193141235960095,-0.0011026821415023103,0.0014548305730252005,-0.011233636827251163
2018-10-04,-0.0007338517666585914,9.878564229286495e-05,-0.0021336883443743926,0.0010159591103729966,-0.004667535319177584
2018-10-05,-0.000423842562963402,-0.0002965536254230927,-0.0001841242418928912,-0.002164395839958681,-0.003681680737562881
2018-10-08,0.002093530625730492,0.000806217821478454,0.0006100632243066512,-0.001371616247391876,0.003467925199633335
2018-10-09,0.000976528025407236,0.001288340696510736,0.0002685417492551966,0.0010321012658109255,0.003582666003986059
2018-10-10,-0.0013098685666392549,-0.0008030261837667027,-0.0015482275890241481,0.0006621910310799208,-0.006611127342448733
2018-10-11,0.0015331278100918489,0.00047815265230959607,0.0004091451040788205,-0.0008717660844564398,0.00919845090739969
2018-10-12,-0.0009397244634179124,-0.00022430011449223148,-0.0005196300912519476,-0.001418270649947851,-0.0015178348474353474
2018-10-15,-0.00016811196296303305,-0.0007282505503639184,0.0012201194986713457,0.0008262785028505317,0.00393065712783663
2018-10-16,-0.0013440297709734817,0.0002939509123144564,-0.0001403666378881632,-0.00047644405486347636,0.0005602633384173501
2018-10-17,-0.0005193966692888728,9.827388940873012e-05,0.0019031631828949564,-0.00032300422292871824,-0.004631587226930424
2018-10-18,-0.0006595519495904259,-0.0005332061248589034,0.0002944785297354787,0.001066292629966774,-0.001323235644525305
2018-10-19,0.0003500983812200703,0.0004899181934624352,0.00028127021815109834,-0.0013029865450230433,0.0021247712608526248
2018-10-22,-0.0010425326031247863,-5.636978580975148e-05,-0.00043611297423877467,-0.0009307442394630602,-0.005872305166306869
2018-10-23,-0.001019122793410528,-0.00033959220962242987,-0.00018353416257576883,-0.0005099511407345269,0.0005647882900086123
2018-10-24,-0.0003529702482731194,9.88400415933474e-05,-0.0005928853928612625,-0.000649790959692183,-0.0029403886097059133
2018-10-25,-0.0010586567341814481,0.00021177018778451446,0.001103830971227878,-0.0004520348708860366,0.0016974330407069991
2018-10-26,0.0006951981949459813,-0.0003121762970026283,-0.001037971357027679,0.003129494117942108,0.0016663375505410888
2018-10-29,-0.000621802682480333,-0.0002543091282427297,1.4100891881682639e-05,-8.48212392892997e-05,-0.005623389974184093
2018-10-30,-0.0003939556006715569,0.00047842178013033986,0.00019747792543081514,0.0006611942534099968,0.005637479343050897
2018-10-31,-0.00039517882355808733,0.00015525868244807588,-0.0013270465284315363,0.0001411532220567307,-0.002609917752555031
2018-11-01,0.0008889259860041923,0.0010687394750565605,0.001103668061652375,-0.00215422972338917,0.016864798184887092
2018-11-02,-0.0016367750869547548,-0.0006941070591718262,0.0016580772870019823,-0.0004443333684145698,-0.001417769613666208
2018-11-05,-0.0007630993301231806,-0.0005825727687167711,-0.000819609550573568,-0.00115268985272157,0.0018321124378608683
2018-11-06,-0.0005257696419975734,-0.00020762826310509005,0.000566920874414868,-0.000844577104014451,0.004289535974432475
2018-11-07,0.00010984635252520864,-0.0003982832670675242,0.0,-0.00012357799503566507,0.004381198196059945
2018-11-08,-0.0004801789101653861,0.0001509195807301558,-0.00021968064015416184,-0.0004529513978246025,-0.0012104873689150184
2018-11-09,0.00027604102144841155,6.900120754843453e-05,-0.00024859131715685405,-0.0031098635301197355,-0.00619915142175583
2018-11-12,-0.0012913888388549958,-0.0005968782059869969,0.0014307048313276678,0.00016672455752386473,-0.007194275634027085
2018-11-13,0.00223448273117866,0.0003885165654054718,0.0002501806873560372,0.0007206308603269907,0.007775333175070326
2018-11-14,-0.000665216150478056,-0.001052908757446384,0.0005422880516668335,0.0007483370637476728,0.0003042287823891016
2018-11-15,-0.0023258865021199933,-0.0016382951631265965,-0.0008816399072286281,0.0013356376211896026,0.005309075799766693
2018-11-16,-4.102255557417671e-05,0.0003964158590914616,-0.00017917071571502287,-0.00010940170951074388,0.007494879809277045
2018-11-19,-0.0008080808520534331,-0.0005477951383220267,-0.0006430296494049976,-0.0012476436922614796,-0.0030248926370886834
2018-11-20,0.0013389747112195346,0.0013516497699456553,0.000867750720759251,-0.0005243332119630613,-0.01083296837823815
2018-11-21,-0.0002337460565995336,-0.0003165449829967252,-0.0015339863843714546,-0.0009355309820262872,0.006271518393965262
2018-11-22,0.00030363674237841485,-0.0006621968622080305,0.0011588925596515655,0.0007724777607070664,-0.0016676432903848213
2018-11-23,-0.0003871788538092414,-0.0009817546540384222,-0.0016454308448912102,-0.000857858450628381,-0.002845541605662261
2018-11-26,-0.0006770527737994396,-0.0006218948645351957,-0.0010590817239274654,-0.0006775114848470726,-0.0011899162928202137
2018-11-27,-0.001259942984655128,-0.0005676194056724111,0.00031794085185691125,-0.0016500166665327314,0.0007334879061161061
2018-11-28,-5.534646890950926e-05,-0.0007056235721997346,0.00012438412598160338,0.002860164854737464,0.009952522426240826
2018-11-29,-0.0022930154998345416,1.366988592493875e-05,-0.0009975744737638723,-0.0008749146149354853,0.0028859654155991405
2018-11-30,0.0017954925636897421,0.001562671663538476,-0.0005479752452316515,0.001163292110629296,-0.0027763928853228575
2018-12-03,-0.00013576257861136473,4.073679279800055e-05,-0.0007045307033235692,-0.0009916255999928652,-0.002362558635343238
2018-12-04,-0.0005436186105798232,-0.00027188320065253224,-0.0005684894576493097,-0.0006255269588501407,-0.0016053769960793051
2018-12-05,0.000839382208972114,0.0011556877627717243,6.861769653091434e-05,-0.0004127228762085498,-0.01099371034183654
2018-12-06,-0.002284322930429227,-0.001468103640324934,-0.0017629711316148593,4.1579753438241426e-05,-0.004276694430572772
2018-12-07,-0.0016338741674931311,-0.001052034260455832,-0.0005123270143009845,-0.0014977536499334364,-0.003989643315472184
2018-12-10,-0.0036679443693488694,-0.002086231632886277,-0.00013853101731636284,0.0003896628074408706,0.0014195256715322543
2018-12-11,-0.0007910788923867134,-0.0005413321065782804,-0.0001804615656467433,0.00023600130604375857,0.0030271494337659097
2018-12-12,0.00037364812468960307,0.0010517430841768297,-0.0006375518226794292,-0.0007612825902470553,0.000623730901137306
2018-12-13,0.00036009584478415496,0.0004707315809358814,0.00020740146776303424,0.0007474772990359743,0.0006925783582929161
2018-12-14,0.001157496311588731,0.0006553765512172547,0.001256544667948031,0.0001254311698102252,-0.006863807306123552
2018-12-17,0.0009470225207810752,0.0009610363217472458,-0.0006408381267222443,-0.0006683933743698922,0.0001951083554373529
2018-12-18,-0.003159692227545551,-0.0013647696632807893,9.729586986719147e-05,-0.00022308668404442727,0.001754264285599018
2018-12-19,-0.001113911475681736,-0.0003760524289251304,0.00037516935167520384,-0.0008501920412881732,-0.010684519734102711
2018-12-20,-0.0019958683730582423,-0.0004921363738887572,1.4009624612205324e-05,-0.0003095757429916725,0.00043576354192184077
2018-12-21,-0.003257906117644841,-0.002779209926180964,-2.8247390649240294e-05,-0.0011024736098997716,-0.011818563565163908
2018-12-24,-0.0014599887778754383,-0.0019000090790919873,0.00014166713912747107,0.0010349692914180515,-0.0009225944007120219
2018-12-26,0.0003822765321686326,0.00024084607926914828,-0.00032610468249206294,0.0004104306040702411,0.003895437354326056
2018-12-27,0.0004131848776128159,-0.0002988621911766586,0.001519357902202632,-0.00017095234744960106,-0.005557381358616668
2018-12-28,-0.0007385000264626954,0.00022738900672144977,0.0020847079387432757,0.0006391183225526099,0.0003553483517247395
2018-12-31,-0.0007239022906133437,-0.0004118119071838932,4.248960775640657e-05,0.0002697503405983821,0.0
2019-01-02,0.0020434562944943915,0.0003000793089256411,-0.0004278074931559206,-0.0009997715640804976,-0.018820647481452325
2019-01-03,0.0012298717335497975,0.0007296920594185904,0.0005743743067974234,0.0021272502971414232,0.012829068976264135
2019-01-04,0.0016638235109727787,0.0015507157544690372,-0.00011354443147723896,0.001239017955309204,0.01574858000715507
2019-01-07,7.009329420318642e-05,0.0011082043316069125,-0.0001823934231183434,0.0011628315554979302,0.002943858577981179
2019-01-08,0.0008560502926032425,0.0008420225878863431,-0.0003929493707236541,0.0005188867891451092,0.0028933466269832836
2019-01-09,-0.0013807822441072209,0.001004814821825705,9.777697080758757e-05,0.0008649554110691218,0.0013250669702709063
2019-01-10,0.0008068443089168577,0.0006539449110555757,0.00045948524538039844,-0.0002781486444279045,0.0017130088376972061
2019-01-11,0.00048637795304330386,0.0008061714245776349,0.0012322860462648801,0.0008610035388658617,0.0037500043945405443
2019-01-14,0.0004862495667462065,0.0006945119943575081,0.0008487724616779345,-0.00027782794294314205,-0.0003055640458231584
2019-01-15,4.1706925440956435e-05,0.00029181865762058196,0.0001527576225551899,-0.00041714755113566855,0.0010551892683330112
2019-01-16,0.0002506056315849341,-0.0008215268328513488,-0.0010999033472482227,-8.352823259128054e-05,-0.00482686169353529
2019-01-17,-8.375560120484716e-05,0.0010617491916686944,0.0004326799003947972,0.0008372405043657455,0.0024372083063466223
2019-01-18,-0.0019080121383306299,-0.0002922694745341886,8.350963149272084e-05,-0.00023701473087788796,-0.004111876555274015
2019-01-21,0.0017767336566327735,0.0009231028096821087,0.0006426825229942738,0.00039129645397740045,-0.0005446585195640306
2019-01-22,0.001023692252543442,0.0002943134459419973,-7.017987103823391e-05,-0.00019624334237359757,-0.005308470281927994
2019-01-23,0.0009956458847611607,-0.0002944991782320056,-0.0003220995315392358,-0.00032242463603510314,0.0036587201664016167
2019-01-24,-0.0008726126857352066,0.0004365059877667258,-0.0008880181570102304,-0.0009438415047064242,-0.007711524678029183
2019-01-25,1.3950795544361199e-05,-0.0008506544276332895,0.0006619671934180781,0.0003626523877167386,0.011900480354525138
2019-01-28,0.00019530160209390465,-2.7909962462976525e-05,1.3920693807531088e-05,-0.0006837225469204703,-0.0017429745127749117
2019-01-29,-0.0009089066479492912,-0.00016784625322651683,0.00013951087509898045,-4.196948818816129e-05,-0.0012428520162322274
2019-01-30,0.0008622608455912837,0.0,-0.00031936682327890584,2.7802491104900286e-05,0.013435503078702818
2019-01-31,-0.0005079452352064058,-0.00042537718561465066,-0.0004540545081000436,-8.239381501747265e-05,0.002492307499522568
2019-02-01,0.0016547619540302257,0.0004272944744164694,0.0003582106041086149,0.00035817112697102973,-0.0032922634066861493
2019-02-04,0.0008731990824895958,0.0003880427450051818,0.00034581255920858485,-4.156362352262178e-05,-0.004868679999977528
2019-02-05,5.5312028997745125e-05,-2.7644546423839188e-05,0.00037278143704019845,9.678868962596271e-05,0.004095701094179988
2019-02-06,-0.0007857995212457841,-0.0003646103617780161,-9.81099813677014e-05,0.0006595519495905485,-0.0184094888835834
2019-02-07,-0.0007316215591911815,0.0004502223048642341,0.0008589795570019927,-0.0017608986539641,-0.002281144940632344
2019-02-08,-0.000408937403023922,-0.0001410278109180067,0.0009040825591082363,-4.2313415474694714e-05,-0.0011001877070635326
2019-02-11,-0.0007503309594548114,0.00025489252170053737,0.00012705135009158586,0.0005663396206816422,-0.005366638120340183
2019-02-12,0.0010159591103729966,0.0005925926099343432,0.0005366549578725919,0.0002679282814328134,0.005845410219888908
2019-02-13,-0.00042166219860997574,-0.00021083257863084416,-0.00012653867530880566,-0.00012653333818844685,-0.0017190124141203886
2019-02-14,0.00022567314162253127,0.000902819962858945,-0.000337890160756055,-0.00021156707813103969,0.0017612460081352164
2019-02-15,0.0002529475428390322,0.0003792268032385169,-4.225381869514239e-05,0.0006742141447069235,0.004774954652133906
2019-02-18,-0.0017367924137201385,-0.0013166743273770748,0.0004054498101693948,-0.0011501831742240173,-0.0019334236016092696
2019-02-19,0.0026200582433706723,0.0009667048030301029,0.0005062294452399419,-0.0003918714711738299,0.005035891292203038
2019-02-20,0.00033467669149803744,0.0001952852565837732,0.0002376276386102316,0.0005296757950492744,0.0001953288506919946
2019-02-21,-0.0015106489485232238,-0.0009734283076948892,0.0011262372201099084,0.00038140711433466115,-0.008461923031575223
2019-02-22,0.0006588492805248439,-0.0002801473593423513,0.00019702492429030024,0.001120448296489728,0.0021643204895714432
2019-02-25,-0.00037657166812968723,-0.00032080564335146283,0.0011022205975435068,-0.00011160402902133996,0.002107717676222974
2019-02-26,0.0038224959700425567,0.001394972745253525,-0.0003355282504321646,-0.00015317667566951438,0.0029378001567186003
2019-02-27,0.00036435488568551484,-0.000546077010426618,0.00020929405192932605,-0.00047649079452438247,-0.006275908637192783
2019-02-28,0.0009429515078701409,-0.0004783746608941376,-0.0004203446888289118,-0.001407717337639582,-0.006554915426846382
2019-03-01,-0.002044082390411917,-0.0006766949351030454,0.0011829487782614558,-0.0010024214256318853,-0.0035550577048329766
2019-03-04,1.4123595585052319e-05,0.00038126708220645304,-0.0003812724661560966,0.0005788957372800414,-0.0013391506149118357
2019-03-05,0.0011462941287025664,0.00038207097079229706,-0.0009886029022714037,0.00032525154250902916,-0.0003527063192157385
2019-03-06,-0.00019931946705307457,-0.00019924004221496768,-0.0006402914256074873,1.4238422383003963e-05,-0.00783384441597982
2019-03-07,-0.0005690062459705057,-0.00041238579986464867,9.936900688863637e-05,0.0005832272546669161,-0.001152623056267197
2019-03-08,0.0003974167960902371,-0.0002555765394649155,0.00039854247851590143,0.00018446126720424004,0.002687390087198191
2019-03-11,-0.0005102691780573317,-0.00042514597318573137,-0.0006814794045241975,0.0003827262915888481,0.004848185051307688
2019-03-12,-0.000776249624390562,-0.00038126708220637844,-0.0006643626250623469,0.0003105721611139878,-0.001301880835385463
2019-03-13,0.001539994229146244,0.0013839659889299109,-0.0006373621920069416,-0.0004659865230647796,0.003307984582315328
2019-03-14,0.0008931420051453768,-0.0005667729517643302,-0.002510052157017464,0.0001416952421109466,-0.0025860804226630575
2019-03-15,-0.000944919716879556,-0.0007194498635137868,-0.0007345981937138977,-0.00046573661319880533,0.002007266410498485
2019-03-18,0.000620102618664129,0.0007611637715263888,-0.0010138846729909681,-0.0006201026186640995,0.002157802418224589
2019-03-19,-0.0006337715958543296,-0.00038012375597614226,0.0,-0.0005073066354591064,-0.0015791109504768495
2019-03-20,-0.0010153716850355723,-0.0002821551025306522,0.00025380352923157424,0.0,0.006455764022811606
2019-03-21,-0.0010550972723303088,-0.0007032151284135883,-0.0007282913487175895,-0.000647677535559348,-0.0038065318775633143
2019-03-22,0.0009453330180752949,-4.233371669495539e-05,0.0004509710045707202,-0.0007195006129883536,-0.0038493311209525376
2019-03-25,-0.00023900405717694798,-0.00029524860850099196,-0.00011280315860802087,-0.0005485193631245835,0.004959293322452301
2019-03-26,-0.00029397971751674517,-0.00021001197145421592,4.208960878326275e-05,9.800284216080218e-05,0.002918972574124017
2019-03-27,-0.0005655389029409474,-9.897140441431284e-05,-0.0009295906245547263,0.0017662481718795238,-0.007426403368059881
2019-03-28,-0.0011593384587083538,-1.414037146784953e-05,-0.0002538536406372021,-0.0002971200599121114,-0.00018354452771160911
2019-03-29,0.0013673818182464055,0.0009723172210902468,-0.0003954690597006997,0.00028170204561109134,0.0015661047411670787
2019-04-01,-0.0008139780114009294,-0.0007019021836566535,-0.0004769653869671833,-0.00036510188152184635,-0.0007878668912569081
2019-04-02,-0.000947404959190396,-0.0005373607233780742,-0.0006080703852046902,-0.0005235787433438851,-0.0054759084556432035
2019-04-03,0.00039335787644414105,0.0005197833884684631,0.000266960793475599,-0.00026690454106881637,0.006727763544615674
2019-04-04,0.0009149968613488416,0.0013232728998896536,-0.0010122596747838056,0.0006610919510195538,-0.0004358615716431555
2019-04-05,0.000534601382999957,0.00038020940138503367,-0.0008141379711631317,-0.0012947900590116843,-0.001294644294420843
2019-04-08,0.00040723188205413224,-0.00012636278773125087,0.0003239048874584236,-0.00033700765607154817,0.0025862689234856643
2019-04-09,-0.00099416809627842,-0.0006025236112303195,0.0006157635662544091,-0.0005044631078211042,-0.00023866851163073058
2019-04-10,0.00037813802488331495,-0.0002520655383742095,-0.00025179755609626783,0.0002940085283650622,0.006438090817043179
2019-04-11,0.00014003444870318505,-2.8005321012795102e-05,-0.000461219164144814,-0.0005462452777061792,-0.006157310245214065
2019-04-12,0.0005289753314597962,0.00033401528430464857,0.003194711830476674,-0.0011696884949619123,0.006436289184113582
2019-04-15,-0.0003623339922858689,0.00019517635639799253,0.00012550288324487098,0.00032053292356582457,-0.0008086667200300852
2019-04-16,0.0009901198017016272,9.759974352958248e-05,-9.793702657029677e-05,1.393835067534875e-05,0.000599591459143904
2019-04-17,-0.003925613371363346,-0.0010577887635909698,-0.00020841004056059342,0.0011988069126471234,0.00044597439173823476
2019-04-18,-0.00040521186847119946,-0.0002793218084694861,-5.5835508606216106e-05,-0.0006291022918074629,-0.0040349376553267795
2019-04-19,1.3985133803019544e-05,-2.7970072024753378e-05,1.3977900938808891e-05,-0.0002377738781631383,0.00023780048651342282
2019-04-22,0.0001822425653584087,0.00022421524757598206,-0.0002662015161185589,-0.00014018364079867383,-0.0015120970623030599
2019-04-23,-0.0014381391269660303,-0.0004930376146700654,0.0008014003845406779,0.0006206274177995166,-0.0053385909316815625
2019-04-24,-0.0011527542850388586,-0.0004696539590630776,0.0005821672404276848,0.0017073105476068046,-0.01234522336635406
2019-04-25,0.0013986215869380833,0.0006707913448273416,1.425811464956977e-05,-0.00019968335990822023,0.00019964064749885283
2019-04-26,-9.937041750850435e-05,-0.0004401877258704893,4.266788033735886e-05,-0.00045439055649476313,0.0031319872419734557
2019-04-29,-0.0012204988529524485,-0.00021299405827104802,0.00014183793621216432,0.0013055943727247232,0.0020290458388432554
2019-04-30,-0.0006390184893786715,-0.0011781824706500418,0.0010214940237029961,-0.0006536412310874713,-0.001106241869187102
2019-05-01,0.00022732762270583063,0.0009517384148216377,-0.0004818867375976783,0.0,-0.004451499596282573
2019-05-02,0.0006566363327264957,0.00021414651986667357,0.00032736718792179023,-0.0009851162591299088,-0.002368925387875624
2019-05-03,0.0020253027047561108,0.0012838070917665452,-0.00027153524765797084,-0.000285005844548938,0.003238026065911219
2019-05-06,0.0009586973897913915,-5.723279440682357e-05,0.00015736204030906403,0.00055762481874449,0.0009161704717795821
2019-05-07,-0.0008705145861434843,-0.0005135667321643417,-0.00011389359503201227,0.00019985724549046341,0.003285576431072579
2019-05-08,-2.8547367221064327e-05,-0.00014274906166731376,-0.00031347069305754467,0.00031397622601632815,-0.0032712679253810682
2019-05-09,0.0017785687214031676,0.0015060567833046572,0.0003442044608459951,-0.0004873573859435724,7.153945761838132e-05
2019-05-10,-0.0004285163401713949,-8.565677336181147e-05,0.00035731896814845054,-0.0008003888029838914,0.0011439358355581641
2019-05-13,-0.000947581584449717,-0.0008185245475844012,0.0008459085059416802,-0.0010059929279200837,-0.007275055224738293
2019-05-14,0.00014410467788730395,0.00014406108214782938,-0.0005617451697199379,0.0007058129024639591,-0.00011521898821687135
2019-05-15,0.0012849667893295876,1.444512657564654e-05,0.00036100822768803554,-0.0003030456106831858,-0.001960756672650934
2019-05-16,-0.0015638804791771883,-0.000492453878611831,0.0018200470147190075,0.0007388038956660447,-0.005528074047256629
2019-05-17,-0.0007273256557446968,-0.0010761915496017823,-0.0011333257054047473,0.0005964460720459449,-0.003663593543071975
2019-05-20,0.0007232750206812792,0.00015911934707837452,-0.00014429806232734872,-0.00030371179430647516,0.0011587486812184486
2019-05-21,-0.000713157790910244,-0.000247483314336807,-0.0007564076816007088,0.002167005654684029,-0.003567444362377497
2019-05-22,-0.0002034321923928812,-0.00010172422571192616,0.0012638278228046574,-0.0009159573484435836,-0.00043592613195595707
2019-05-23,0.0026609875890889574,0.001498258373410742,0.0005820721933841412,0.00020328154563980773,0.0028880991288323756
2019-05-24,0.0008389383583103442,-0.00023139444178106122,-0.00017392564722448767,-0.00023136098200263641,0.0037175570612991613
2019-05-27,-0.0002167426478542013,0.0,,-0.0007372765916167808,-0.0013870429317329876
2019-05-28,-0.0003752182804185508,-0.00028856281491259896,-0.0006502185685864659,0.00010103415684761691,0.0011993267868713625
2019-05-29,0.0003756628325810025,-0.00010119043325373986,0.0005495220742469755,-0.0020678941608456227,-0.001213785280152189
2019-05-30,-0.0010701220092527023,-0.000549776486308274,-0.00010100791477744634,-0.0015203842984328657,-0.0009113067756380223
2019-05-31,0.0019065507327838895,0.0009680612801870426,-0.0007514234046235372,-0.00023090355549759177,0.0033662525557193977
2019-06-03,0.0010205475907504786,5.7482000964348016e-05,0.0003455474802219284,-0.0009774047808526391,0.0061979361329426415
2019-06-04,0.0020625061022539874,0.0005589594899912717,-7.167482568164548e-05,-0.0015321503931574059,0.002448437302518361
2019-06-05,-0.0011156884095855043,-0.0003718854635643346,-0.00021429336844032762,-0.00034353931715874904,-0.0034237532817838977
2019-06-06,0.0002721068967243993,0.00047272181202203127,0.0002723018841484863,-0.0003294019951445707,0.0010469928599183241
2019-06-07,0.0019282552413445995,0.0008710490979910782,-0.00034427852472437257,0.0007132260943674369,0.0031344174396328323
2019-06-10,-0.0009760019146566234,-0.0008329025698347621,0.00014357914106914832,0.0004019985122763822,-0.0061880676462162006
2019-06-11,-0.0009486575770385833,-0.0004454631093702907,-0.0003307567889223225,0.00021568303305208485,0.0001436760968548795
2019-06-12,0.0007630565823940605,0.00046068354734872167,-0.0002588847833353749,-1.4391905992440924e-05,-0.004203864526780119
2019-06-13,0.00020259026188943329,0.00018805557821044476,-0.000144703141757715,-0.00015917460764501757,-0.002426694820798228
2019-06-14,-0.00033429018152222087,0.00011621994637902664,-0.0003044294508263072,4.3609405101822735e-05,-0.0067184952597794095
2019-06-17,-0.0004951504484703281,0.00029131163267695384,2.9100221163628904e-05,-0.001501512727890682,-0.0028267952204477824
2019-06-18,0.001618607039247041,0.000816255183355242,0.0011553509383594018,0.00036418993635882447,0.0032050375619130833
2019-06-19,0.0,-0.00014580872836889274,-0.00048028293954024905,0.0009467697653518481,0.0010466942864075358
2019-06-20,0.00036068530598438715,-5.7742554835232524e-05,-0.00013011327101419005,-0.0017469270805658753,0.005925106246824605
2019-06-21,-0.0005211651053164439,-0.0004340340640195072,0.0,0.0013891704835812344,-0.00013000426143397993
2019-06-24,0.0007336388093109103,0.00012946380425890371,0.00012954952768523932,0.0002588028942857452,0.005008718138288553
2019-06-25,-2.868987677884999e-05,-0.00021523428334739572,0.00015796994295659095,-0.00031564298171645963,-0.0011060915161408777
2019-06-26,-0.000272165363624206,-0.00011463124573744338,-0.0005586792395429578,0.0005156189690141042,0.00414512824494716
2019-06-27,0.00012863482734229017,-0.00018582710985127327,-2.8590625136009404e-05,0.000928538333204797,0.0026872898860367937
2019-06-28,0.000513559405857744,4.2791427457098835e-05,-0.0002993819922710315,0.0006415785904317134,0.0017257736389018979
2019-07-01,-0.0015317775189725854,-0.001058928005993729,0.00022866943075195456,-0.002180024958384976,-0.00950326187765477
2019-07-02,-0.0012580955810432507,-0.00045750233123387175,-0.00030077988152586537,0.000586355104860038,0.003998085100973954
2019-07-03,0.00027044146174759546,0.00046956708201574733,0.0010433714705457384,0.0006260048292985555,0.0052918100625010105
2019-07-04,1.4232140443088617e-05,-0.00022776773483814775,-0.0013102615276224775,-0.0011534601519531769,-0.0009251155275051126
2019-07-05,-0.0021497371269076776,-0.0006021246579923475,0.00047017589718725535,-0.00011478255891620601,-0.006686216779955707
2019-07-08,-1.4322235987625501e-05,0.0003437312055840614,-0.0004004748541014812,-0.0014619466556822069,-0.0011754588509410636
2019-07-09,-0.0014430225162356837,-0.00038986636741274617,-0.0017726540401168062,0.00044755972420872705,-0.006172281823034989
2019-07-10,0.0,-0.0009061815140583144,0.0015326116673451866,-0.00023009333262283816,0.004607639541285359
2019-07-11,0.00031521334473099544,-0.00018633584940634337,0.0002723604348801883,-0.00031521334473107204,0.0016220138054096444
2019-07-12,0.0003432837989456631,-0.00018596799973485454,-5.713959203888947e-05,0.0018288593304244176,0.006447623071364921
2019-07-15,-0.00046934001700681783,-0.0003129623332702955,-0.0009102417035581776,-0.00021340921297424,0.0028880989223534353
2019-07-16,-0.00046944016567020033,0.00028448692974426267,0.00029868790891619324,-2.845800310383972e-05,-0.004099883316016945
2019-07-17,0.00011427591933114668,0.0005000392992203281,0.00019977739157154127,0.0007852936330748783,0.0001283761136608898
2019-07-18,0.0010094907195039363,0.0004692198950008011,5.68812036214909e-05,0.0004262392971913004,0.00900216223023143
2019-07-19,0.0004392334738179979,0.0003964489553106036,-0.00029733881977332807,-0.0015736313720490864,-0.005115898041551715
2019-07-22,-0.0015467907182987934,-0.0008939784763455744,0.0010082435407041915,0.0006956423259439235,-0.001420676765110385
2019-07-23,-0.0014693402739118,-0.0003282689551277187,0.00039869570079173634,-0.000556916127119753,-0.004317014718780515
2019-07-24,0.0005296344930168344,0.0005294526013195025,-0.0010033685354073007,-0.001188490399287753,-0.0040489650348431395
2019-07-25,-0.0010774702044447607,4.313474576319738e-05,-0.00020095020808553858,0.0007758955516625743,-0.003173352269933246
2019-07-26,-0.0012867130598359334,-0.0001156604211327969,-0.0001587427576949116,-0.0005933129465617174,-0.00631918193584517
2019-07-29,-0.0007529357609228233,-0.00013034505250363447,-0.00021716627058847464,-0.0012029771508211406,-0.0012744574419775217
2019-07-30,-0.001381446666833362,-0.0002473644782673924,-0.0007252052648645055,0.00023279838310259025,-0.0039058862936586394
2019-07-31,-0.0005083773431301876,-0.001147080515784192,0.0003338437787284007,0.0013647716852079553,-0.004388689783115152
2019-08-01,0.001914631433831457,0.002060636018634805,0.0008033243452216609,1.4601417797918503e-05,-0.0068768095288051735
2019-08-02,0.0014301619110107938,0.0005892491663213323,-0.002295637826640892,0.0012368403255305972,0.00011769898498210846
2019-08-05,0.0017859651539476654,0.0005610760995891944,-0.0005177246855824454,-0.0010328140672575604,-0.0060679170731046455
2019-08-06,-0.0005157943715923991,4.4218764977128906e-05,-0.000132482501463476,-0.001622802197278168,0.0010656563674996274
2019-08-07,0.0014104688806015817,0.0008759623153999452,0.000297468544895266,0.002489443383901535,0.0
2019-08-08,0.002750992900884429,0.0009408859722940479,1.4749588855324113e-05,-0.001484890413018698,0.00516415754823431
2019-08-09,-0.0012779742178407787,-0.0010867810324918694,-0.0003526766726242705,-0.00045576506835176995,-0.0021656988420966933
2019-08-12,0.0005924960550156415,-0.0002518089523981743,-0.0015212273180320271,0.0009176756808709789,-0.004714863482720228
2019-08-13,0.006784286536922488,0.003330340090531665,0.0012273841256333546,-0.0019273640076282285,0.007130181299039001
2019-08-14,0.0012009342041609057,0.001022775367641861,-0.0012399074610180219,0.0,-0.007589552857199802
2019-08-15,0.00029488521806660535,0.0007965072106748095,0.00019178142876927833,-0.001327668808937909,0.0038905662281771116
2019-08-16,-0.00019189183263909878,8.8550429527462e-05,0.0010028020306514715,0.00017713222967226359,0.0003690391001902948
2019-08-19,0.0008119100259269507,0.0005903100775012353,-0.0013142449783351984,-0.00038372985889130614,-0.0026426335403254967
2019-08-20,0.0010181421999325736,0.0009592751567596647,-0.00035408675495363973,0.0001622167661958257,0.0015362347551402527
2019-08-21,-0.0004121344205289954,0.0005739472273287459,0.0012238008649029224,-0.0008100445967445438,0.0012096002418915668
2019-08-22,-0.0010204157970287644,0.00020686190564011626,-0.0012555856740181174,0.0007691056568203522,-0.003914361824914452
2019-08-23,0.0021030501967786684,0.001762428163338068,0.0006955801344542868,0.0016260887288154086,-0.0014811087323294647
2019-08-26,0.00032528499687995934,0.0,0.001598768696775014,0.001639598887238809,0.00568460917044084
2019-08-27,-0.00038471782901792546,-1.4792133543632082e-05,-0.0008296665512880243,0.0007840759032074355,-0.0034157735329487264
2019-08-28,-0.0010531078777177914,-0.00043008520799097934,0.00031130250701694265,0.0006082680127310655,-0.0022094540962267844
2019-08-29,0.00035618349762903654,-0.00026704250585212375,0.00016324471160487198,-0.0014849356039273443,-0.0012477534632316248
2019-08-30,0.0011590586176326207,0.0012480315410673512,0.00035717475154248,0.0004602786994499753,0.0008765609659666146
2019-09-02,0.00016385262238103668,-0.00010428227732150467,-0.0007433728654423314,0.0019195434703542125,-0.0010861884042279617
2019-09-03,0.0018995331080767436,0.0016467991289104097,-8.926711702906211e-05,0.0013334520599713095,0.005626457639623432
2019-09-04,0.0001326367449939688,0.0004273158002414804,-0.0002506173307629652,0.0007365506195928349,0.005948225326732649
2019-09-05,0.00019057811194784575,-0.0009677703913778436,-0.00020552570611704086,-0.0010853146277484673,0.002645387548625398
2019-09-06,0.0009056251623184017,0.0003649821564244709,1.4642253150337096e-05,0.0010360804983593716,0.004539604796940141
2019-09-09,0.000931600236228856,0.00016012926833318722,0.00100611698399053,-0.0002910318554904645,0.0028154444896562616
2019-09-10,-0.00026255907730035225,0.00010217113674273674,-0.0007726004218159329,0.0007291606226347203,-0.0004516876438233312
2019-09-11,-0.0004081573211574197,-0.0005392367744395766,-0.00016017357024739352,-0.00042291006500027326,-2.914814545139015e-05
2019-09-12,0.0030390077553205668,0.0013823110072250313,-0.0002760163593532632,-0.002121970449153561,0.000626497969803661
2019-09-13,-0.0003345089657779103,-0.00011631288178272955,0.0009022775843149102,0.0014826230603725637,0.0017753722757471097
2019-09-16,-0.0001458129805298669,-0.0005686830765906728,0.0008867504088087065,0.0004811021705946292,-4.370724885408823e-05
2019-09-17,0.0013300109384524654,0.0004530143799935495,-0.0005995423185927648,0.0016928379502329516,0.0005534840504848356
2019-09-18,1.46197761714077e-05,-0.00042396111888265366,-0.0002194506427737622,-4.385996974356365e-05,-0.005621889008339751
2019-09-19,-2.940873733806406e-05,-0.00026463194261951985,0.0006773571550821291,-0.00010293739209852103,-0.005079506495289594
2019-09-20,-0.0012691293411340686,-0.0006049116054533983,-0.0014709346027064762,8.859619337485159e-05,-0.00461737866275227
2019-09-23,0.00038415508517532237,0.00016252354780364983,0.000192095989478731,0.0005907198092444448,0.0013732513509557953
2019-09-24,0.0009561003603986836,0.0007648971439225483,0.0,-0.0011179924376069868,0.0030792601699055205
2019-09-25,-0.0010374982403885639,-0.0009481763132962533,0.00020653536991600607,0.001318919270321342,-0.007071340463482306
2019-09-26,-0.00038388849987142456,-0.000723615747326822,-0.00014799905307634492,-0.0023064309350666517,-0.00025188730398916675
2019-09-27,0.0011380348698334058,0.00045816306972613907,0.0006509838963436109,0.0002658474641995833,0.0020724782406187025
2019-09-30,0.0013169676138989356,0.00031068535960227124,-0.0006222867757447464,-0.002694980382246517,-0.002160787011694282
2019-10-01,0.0004490144209065963,0.0019314708385982965,-0.0002836561807544536,0.0014205503656128582,-0.007151968274045916
2019-10-02,0.000746881803335529,0.0006725703650011596,-0.002540120303115606,-0.00019413561180089424,0.0005221425866225556
2019-10-03,0.0019471887121210844,0.0024961382269980143,0.002665179318157614,0.0013652284425936705,0.005725646390818126
2019-10-04,0.00016263648563600867,0.0002956611744503868,0.00034047592942073175,-0.0006211180323906483,0.003508385967924242
2019-10-07,0.0006080064250417708,-4.447178636480952e-05,-0.0023139231303972345,0.00034091498947988957,-0.004269139760945849
2019-10-08,-5.937008343242767e-05,0.00011871373680284778,0.0008148088242743437,-0.0002969033007766556,-0.0005646527535683174
2019-10-09,-0.0010832227675301644,-0.0004747492819570435,0.00044501803057416125,-0.001173578285344759,-0.00068395387464627
2019-10-10,0.001346881285854551,0.0011994048836557348,0.0007112165064944018,-0.0008434386158594922,0.005621283666370581
2019-10-11,-0.00023543607283668593,-0.0007941994446250175,0.00036837026047755806,0.00027957416622532196,0.0039559582780941726
2019-10-14,-8.880600334428256e-05,-2.9609451339022482e-05,0.00017740194892991248,0.0016268583045348228,-0.0025496119391901022
2019-10-15,-0.0007854703221897052,0.00017787264365651967,0.0006651442499620396,0.002812983022728175,-0.0036070702129652557
2019-10-16,0.0010402117025575877,0.0011593342558911725,0.001529040936241105,0.0018993076206520253,0.0003849798673467172
2019-10-17,0.0002343395297568515,0.0001318748948742471,0.001648392455081378,-0.0016561997673976224,0.010675760155297387
2019-10-18,-0.00018989606899162993,-0.00018986001532106598,-1.4631113062155803e-05,0.0006425796873850588,0.0041219089273991935
2019-10-21,0.00030551009512029504,0.0009022644537821535,0.0014549478058024298,-0.0018053174399164,0.002216713755894792
2019-10-22,0.0002040399925463481,0.0001602692526870584,-0.0009760290961369493,-0.0002477682650678904,-0.0018371904909425568
2019-10-23,-0.0001899238119034108,8.763089871086256e-05,-0.0002484417599532404,-5.844535361112938e-05,1.4594172547147006e-05
2019-10-24,-0.0016696939844871488,-0.0006590847748341955,-0.001375818023616052,0.0003517462773146435,-0.005135682253772487
2019-10-25,0.0002930274148111129,0.0007913479706035906,1.463732371192605e-05,0.0002782965340748367,0.00038132672829090266
2019-10-28,0.0007024836010176041,0.00040968615687533177,-4.393383565051725e-05,0.00038030600464236393,0.0024888745572055394
2019-10-29,-0.0006992701652887772,-0.00014569401369071502,-0.000569779773623745,-0.0004372922931324215,0.0024243498262796143
2019-10-30,0.0006259598862215211,0.0004804787407798532,-0.00029106997527673885,0.0002764621591842026,0.006020785471907944
2019-10-31,-0.0006531536667288046,-0.001610808727403472,0.0005801137185544292,-7.259897057845295e-05,-0.0006962071497400065
2019-11-01,-2.8940209529171778e-05,-4.340434767558036e-05,-1.4503789115070244e-05,0.000477406390399343,0.0027963940416378783
2019-11-04,-0.0003769208510847107,-0.0001448876398889561,-0.0008972114692430501,0.0,-0.003810687563977994
2019-11-05,0.0011751820345462514,0.0009289364346588147,-0.0004332818277176222,-0.000884885204000319,0.0001016134769377741
2019-11-06,0.0,-0.00010155008966894667,-2.8983407001497155e-05,-0.0018297469599158527,-0.0019033372254541206
2019-11-07,-0.0018423558345759222,-0.001538618160212871,0.00030414286259096147,0.0008853347070690202,0.0032668617117932236
2019-11-08,-0.0008751331490103358,-0.0016036391458952315,-0.00042229422885391973,-0.0001167423060849598,-0.005931801871603075
2019-11-11,0.00020441238810253875,0.00018977963721446164,0.000276889224220146,1.4599286095141828e-05,-0.001342575903965649
2019-11-12,0.0005411849156123362,0.0006436324495914293,-0.000979568044994371,0.0008039231882449236,-0.0009788810856813642
2019-11-13,-0.00045384340253863773,0.0003659598802434666,-0.0001610978086859036,8.785673500739973e-05,-0.0003654997518740169
2019-11-14,0.000560902181559226,-0.00016235563299001017,8.831321760215089e-05,0.0003688430909556237,-0.0076770455801372876
2019-11-15,-5.871904407094699e-05,0.000440386372755598,-0.0009728200755421572,-0.0005139387644968998,0.00446954402022112
2019-11-18,0.0019380420102198944,0.0006167310513981488,-0.0005139010339728693,0.0002639876821078647,-0.0014979296130679008
2019-11-19,0.0005422397565281566,0.00021979471262405955,0.0007923698140179353,0.0003369198235940327,0.0029203528110986056
2019-11-20,-0.0014835817258782222,-0.000690217298987418,5.872335429495361e-05,-0.0008970918650087193,-0.003964355405648051
2019-11-21,-0.0004268754986769795,0.000500316386968587,0.0005142710321623215,0.0,-0.00135441530583355
2019-11-22,-0.0004717120285587488,2.9488521594932596e-05,-0.00030925785724619293,0.00023588382830877302,-0.0008695588642331443
2019-11-25,-0.0004429024948756645,-0.0003838714963498877,-7.365777129647321e-05,-0.00051696762718519,-0.002211216184893769
2019-11-26,0.0012979544293331572,0.00028017193892670853,-0.00025079109970574544,0.00032422554591797986,0.0015336295457236825
2019-11-27,-0.0005015045240516018,-0.0005160605527269835,0.0,0.00017703031690402825,-0.0027592737160179806
2019-11-28,-0.00033995758248045715,-0.00014781747525121266,0.000502653726524934,-2.9566991412925135e-05,-5.910514807565814e-05
2019-11-29,-0.0012274567309873239,-0.0015233872422911808,-8.855304333091337e-05,0.0004734148089719894,-0.0011384555199049
2019-12-02,0.0005133733877316249,0.0008952749165174961,0.0003241921013938279,-0.00014665121966774274,0.00773080178660306
2019-12-03,-0.0009647995135015095,-0.0003071320472555322,-0.0026562766468620057,0.0003655638863596239,0.004668358092349357
2019-12-04,0.0010223008499176906,0.0007303321875263947,-4.3937696353584946e-05,-0.00014597900847778837,-5.8402686540105684e-05
2019-12-05,0.001201324531362182,0.00010256034586474362,-0.00048305997470083603,0.0007025452918385678,-0.00245599795987015
2019-12-06,4.392418686061494e-05,0.0007030598036876733,0.00023368922360846264,0.0007025247270277391,0.0007900859263619035
2019-12-09,0.0004098120776282749,-0.00038057320638491425,-4.3957654133682746e-05,-0.00040981207762821924,-0.0013469198569456427
2019-12-10,0.0006460043389494341,0.00032304959092122607,-8.804625368882902e-05,-0.00011742429815774295,-0.002214645425393567
2019-12-11,0.001386001607877153,0.0010506501863909931,0.0007025350092824329,0.00043728591907368785,0.008610975482564348
2019-12-12,-0.0007967954757939006,0.00011593530822800289,4.359989827382492e-05,-0.0007249108677119443,0.008061052146646002
2019-12-13,-0.002936731582595352,-0.0008140363567862215,1.4459120451966467e-05,-8.73616773998365e-05,-0.007740851873195458
2019-12-16,0.00047890983623792463,0.00046432666214329515,0.00042131873384983496,-0.000929003855408148,-0.00032008846354388904
2019-12-17,0.0002335289148600989,-0.0004376942338007875,0.00011681901826900136,-0.0008614082366432946,-0.003162737746382529
2019-12-18,-0.00020410246014317717,5.8298839869409164e-05,0.0005984309611178063,-0.000714686844448798,0.0006129239582461072
2019-12-19,0.0003635755513680285,0.0005817674257983427,-0.0004365223787031812,0.0014239428179364953,0.005093142558002728
2019-12-20,-0.0001158949992606781,0.0006663866158032073,0.0007397361945018946,-0.0003622584681305617,0.000943019909571242
2019-12-23,-4.33861439186184e-05,-0.0003035888562836866,0.0006935915313094572,0.0003904075470540352,0.0028776998276151956
2019-12-24,0.0008373758863063666,0.00025986025439298047,-0.00031818116346712163,-0.0009818219359581234,-0.0008667765126190065
2019-12-26,0.00011530201935436989,7.206428137023684e-05,-0.0005777257985262293,-0.00012971570659202602,0.0032010639861282885
2019-12-27,0.0005442722641449244,5.728771323352329e-05,0.0011633502924223418,-0.0009598373311347456,0.004725153310598765
2019-12-30,0.0007145000947015086,0.001229361887373551,-0.0003431316515422736,0.0003713383935154003,0.0027606348393718638
2019-12-31,-7.118501700762745e-05,0.0006406104524692748,-0.0002853189171529841,0.000910785757932554,0.0021545735931308256
2020-01-02,-0.0002717177584271486,0.0003001522223077269,-0.000571730787553211,-0.0014599587506988585,-0.0050424716338452235
2020-01-03,-0.00040246655040097125,-0.0003593477158999767,-0.0001441441443936923,0.0007760405080201071,-0.005355937705542032
2020-01-06,-2.8850037507077698e-05,-0.00015862601067202927,-7.19077854869134e-05,-0.0002452589297364586,-0.0009798554056408037
2020-01-07,-0.00032041012770114754,0.000830171689306356,-0.0022365525763111153,-0.0007868967531246965,-0.011162933586474667
2020-01-08,-0.00021897011145497828,-4.378123974569574e-05,-0.00010190044335508177,0.0032940794711944603,0.0022571236365208965
2020-01-09,-0.0004523599402976303,-0.0004961403303337627,0.0006706126151547557,0.0005398898464046867,-0.0032051776445069366
2020-01-10,0.0004928036277315686,8.693888202068973e-05,-0.00013090052306181688,2.898088710689783e-05,0.006574091017412163
2020-01-13,0.0004777450524820091,-0.00021718828137410446,-0.0008115354405248511,0.00014472617832366293,-0.0003769044591825605
2020-01-14,-8.694014176710498e-05,0.000347866422803076,-0.0005798698354740993,0.0003187435734958766,-0.00037704656971761875
2020-01-15,0.00186993161834433,0.0013337974605531129,0.00030487583804796856,0.000781725046323375,0.0018114240568606384
2020-01-16,-0.0002610057436080079,-8.700948408858708e-05,-5.7811822533654787e-05,-0.00026107388539195844,-0.001274900571088554
2020-01-17,-0.001090393740137248,0.00030547009903479015,-0.0008110535450246778,0.0003345138309027919,-0.003965463584475405
2020-01-20,0.0006409416234219422,0.0010781515118625333,-0.0011067908567180258,0.00016017123795626973,-0.0008432561817491802
2020-01-21,-0.0002333313899636401,0.0006564408016736963,0.0002625361002216203,-0.0005981603102040962,-0.0040955290698502
2020-01-22,0.0001461368720542219,-0.00030694350288131537,-0.00010228609429466839,-0.0011111762065009899,-0.0008912851898823771
2020-01-23,-0.0026291972727961127,-0.0010808601192488668,0.00010189747666994485,-0.0006730164557830042,0.0010519242415810352
2020-01-24,0.0006444809222371429,0.0008058077192869507,0.0007894160193596338,-0.0009229079578353795,-0.004273010481926344
2020-01-27,-0.0008139647188734203,-0.0008136155302041942,-0.0002952596091544865,0.0002072538867522339,-0.00582498716113814
2020-01-28,-0.0003998844831462252,-0.000533191161658724,-0.0004299130604126348,0.00019255693449595998,0.0003253234779153334
2020-01-29,0.00014833934134868095,0.0010382214717198459,-0.0004147472323233003,0.0002372971861758312,-0.0015684420894320399
2020-01-30,-0.00019388660677160244,0.00041769225638995825,-0.0006240064385998255,0.001460681115845612,-0.007103505817719201
2020-01-31,-0.00013444173091565115,0.0009112843015813102,0.00032888836031680124,0.0006720279816547401,-0.003017134221079216
2020-02-03,-0.00020918939187235787,0.0009113796078421211,-0.0007317965932142287,-0.0009418941738260731,-0.00046331931749394055
2020-02-04,0.0007134470196648505,0.0004311594539032278,0.00020867180472489328,0.00031197308371009544,0.006169915250970722
2020-02-05,0.000429639183775905,-8.893500339355185e-05,-0.0006501086205830898,-0.0005481928294392044,0.0030263044355321777
2020-02-06,0.00043069200989528396,0.0004899013614805088,0.00026689600110986017,0.00046018987355306713,-0.002996590285651878
2020-02-07,0.00014970956372658927,-0.00022438126959311569,-0.001392684886850731,-0.0004641726206526978,-0.008984062337565366
2020-02-10,-0.002214343260083896,-0.0015410744186880392,0.0001643152167055321,-0.00022470058741396343,0.002934397410563953
2020-02-11,-0.0009666937597968835,-7.438981755604277e-05,-0.00025350243572656183,-0.0015337540512905456,0.004296205665270209
2020-02-12,0.0010237617458325999,0.0007415867328872318,0.00017805475230669548,0.00029654671569430484,-0.0007743396163783544
2020-02-13,-0.00031196381472769856,-0.00016334652516600235,0.00017841213249817796,-0.00016344846580573937,0.0008636479235988326
2020-02-14,0.0,-0.00011912207048237145,-0.0007886611769965688,0.00044664126516687653,-0.0012063356415977925
2020-02-17,-0.00031273967655514717,-5.9571679641047565e-05,-0.0004610179655582545,0.0008039902167617331,-0.0023819459841733105
2020-02-18,0.0005680629207682402,0.0006574131032093947,0.0012725600381889017,-7.472668717658333e-05,-0.002327872839211101
2020-02-19,0.0007192304544512833,0.00046484777072812813,-0.00047781876646355,-0.0005693481118093949,-0.0019590109524400814
2020-02-20,-0.0018119503047341996,0.0005888881509225363,-0.0014929089610322885,0.000226673417467773,-0.01039740330716249
2020-02-21,0.0014020701673432198,0.00034685829678377363,-0.00021232710586911423,-0.000994814986179834,0.0019190818477142573
2020-02-24,-0.00016632016670350464,-0.0003325573692105399,-0.000470234898576943,-0.00030247119192519726,0.0007415422905386722
2020-02-25,0.0013783808482013523,0.0012572996983069129,0.00015158864933224257,-0.0015148075304402585,-0.0008475218063115465
2020-02-26,-0.0020876357116073117,-0.0014935839640649157,-0.0013086616999452231,4.5761354544048394e-05,-0.008866236575467654
2020-02-27,-0.0013978366199748687,-0.0010028567059421618,0.0006236263311572186,0.0005776041748087942,0.005089069507471228
2020-02-28,-0.0017108644036293189,-0.0036754527585556346,-0.0011187997825940366,0.00169546426964792,-0.011341005286615687
2020-03-02,-0.0007959955722082322,-0.0016395832696666354,0.0011141892374209104,-0.0011031947797782834,0.0054356697583611896
2020-03-03,-0.002251385401310023,-0.0028355549081583277,0.000624709568468995,0.00036298190026317934,0.005163247403073666
2020-03-04,9.0698834582203e-05,0.00015109163736527615,0.0006047960509729994,-0.0009073587411381554,0.006858207873592059
2020-03-05,0.00021207943969328886,0.001939423932502445,-0.0011312474339275104,-0.0002878329982529416,-0.001857515541453864
2020-03-06,0.0012061272720161218,0.00027151369048296705,0.001265327195603979,-0.000512426349926634,0.0034856647862916944
2020-03-09,-0.003272293523370018,-0.005040741579336323,0.0025774773199508465,-0.005276182042090459,-0.002301462140841479
2020-03-10,-0.005179885389674817,-0.005508214683750398,-0.0017217084205786329,-0.003628030873238023,-0.015751966173489618
2020-03-11,-0.0023021681234224943,9.220414003120773e-05,-0.00030658859117416203,0.00026117883985338544,-0.002683075116558288
2020-03-12,-0.003239743654410746,0.0015609821426774068,-0.0018098140519926076,0.009246717139247334,-0.031782568760129214
2020-03-13,-0.016851066955079284,-0.010295955635315891,0.0,0.0016589415856344892,-0.01449777747035651
2020-03-16,-0.0031226138209939284,-0.001642690803565214,0.001263628726147785,0.0004885516170522363,-0.012557679578117101
2020-03-17,-0.0031669860120203844,-0.003286814834895478,-0.004212138495261005,-0.00426625376257019,-0.01856101986131567
2020-03-18,-0.0018685986665396284,-0.0014069284958945463,-0.0038541530294316103,-0.00823588796991677,-0.033446798198910055
2020-03-19,-0.003929746051559844,-0.006353961243506517,-0.0012413999688429412,-0.002884822552883828,-0.008548172072211747
2020-03-20,-0.0011987123841014533,-0.001509926334810622,0.0038873726403708905,-0.0038455643195488966,0.009549052239977198
2020-03-23,-0.0031360752023991303,-0.001007259298109899,-0.0013407278502960574,0.005624068468948114,0.021090352187197865
2020-03-24,-0.005819837458774934,-0.001330201662731389,-0.00023552766717787178,-5.060942179827198e-05,0.015924683215236674
2020-03-25,0.0038633434015943983,0.003976281799953922,-0.002350760940832051,-0.00028504120715124975,-0.011406935759905439
2020-03-26,-0.0010749932814505263,-0.0007108789573360776,0.0020089740902660027,0.0035513453963201993,0.029421252877394576
2020-03-27,0.006714622106455965,0.006090491820692879,0.0030479038381557395,0.0025918786057868353,0.013045155815113025
2020-03-30,-0.0018198071477645665,-0.0009425530883879633,0.0029297372800727345,0.0010727870734012746,0.002338156844849125
2020-03-31,0.0023926200758700596,-0.001262761022209808,8.117476118790674e-05,0.0017335278353019729,-0.0015419202392737495
2020-04-01,0.0014168041908713428,-0.0006098013390340772,-0.0005604087834157566,0.007952751985315906,-0.014562013893435132
2020-04-02,0.0025699069910898762,0.0015116658609254806,-0.0007047851926263396,0.0008110501888760373,-0.0015669718594769804
2020-04-03,0.0004824849732981688,6.658011254510647e-05,-0.0003150833753255501,-0.0001330760531606622,-0.011822863251576284
2020-04-06,0.001201280413021607,0.0008064184761231548,-0.001851699297380233,-3.289257286000633e-05,0.013975125614236283
2020-04-07,-0.0010648940952758476,-0.0006286723131834343,-0.0024761100520596245,-0.0027967072069474954,0.013668977979999905
2020-04-08,-0.0010494959346753036,-0.002629479087867057,-0.0008633539391267783,0.0032740116498631727,0.01085678397980235
2020-04-09,0.0019691610434718876,-0.000190527603262681,-0.0027597732682054913,0.00019035835016795955,0.015759387616796416
2020-04-10,0.0002993280894496918,-6.301594305450731e-05,-0.0020306173598303306,-0.0008509565895328013,0.0014677453808743788
2020-04-13,0.0008011750996048293,0.00010997211432464968,-0.0007249574799007077,0.0007534612480898933,0.0048220114951849306
2020-04-14,0.0011716646005795282,0.000734231628376755,-0.001592183031514257,0.002027638964021691,0.009279904393390605
2020-04-15,-0.0017631506183807407,-0.0006359098494154676,0.00015801532781546361,0.006512926017898526,-0.018820729635042572
2020-04-16,0.0003009448105773578,-0.00177372401754034,0.0028740442950305114,-0.0004593732012763667,0.005678786122627117
2020-04-17,-0.0016190771655220945,0.0008321623353693665,0.001564883703922467,0.0005347425499386282,0.00037744157967037106
2020-04-20,0.0026527088081258676,0.0004705734808882869,0.00097346529904408,0.0013628568838516227,-0.004899923936940861
2020-04-21,0.0046515416407208465,0.004472998392490133,0.001144346734752775,-6.357380125794005e-05,-0.007212236533150077
2020-04-22,-0.0009655948259881457,0.000838946142962427,0.0,-0.00020590308373031528,0.005330976641180798
2020-04-23,0.002649880424470819,0.0003294143513265524,0.000426018703930513,0.0011893771257647616,0.008053438639929581
2020-04-24,-0.002415611665277862,-0.001853161111420514,4.720358118716607e-05,0.0011928493244962527,0.0028997112771781924
2020-04-27,-0.002492242062128585,-0.0011303372859899285,-0.0006357230012454881,0.00164155333967987,0.01207928389757902
2020-04-28,-0.00046219977096570084,0.0011397592337557114,0.0002467384276775385,-0.0004932486689807663,0.004138043425037464
2020-04-29,0.0004904214657681825,0.00027576064151231636,-0.0009643423703268818,0.0014392236802120268,0.01019454955627196
2020-04-30,0.0019339693830101124,0.0016901499037469694,-0.0014210733785743792,0.0043454380147733875,-0.008224196564397898
2020-05-01,-0.0008540704739041731,-0.0005433137615313008,0.0005118779050319887,0.0015988454466541692,-0.013594065787107862
2020-05-04,0.0013267673313855518,0.0020910715774655284,0.0007644723563122319,0.00018716661002318973,0.0033362985594810146
2020-05-05,1.5494867325334892e-05,-0.0018407807631094049,-0.0033708507968758608,-0.001193807845717888,0.00043570273314697444
2020-05-06,-0.003170559990234039,-0.0016612717981078255,-0.0024108203017780432,0.0009491135836682701,-0.004975173436679243
2020-05-07,-0.00043434422462098856,-0.0012404448584809862,0.0007281572521619069,0.0010080098863086673,0.015067513448598635
2020-05-08,0.0020268098513295885,-0.00019960233140389538,-0.0005678286844661579,0.0032618961685674974,0.0056975835804143355
2020-05-11,-7.718729500961689e-05,4.624526950258652e-05,-0.0037125717654779163,0.0013576268303496309,-0.0049956680102729864
2020-05-12,-0.0013975384102021086,0.0009216165806011214,0.00015422816545330773,0.0019191948345700107,-0.002020716884950015
2020-05-13,-0.0026676756940363444,0.0004015134020429678,0.001280518553499338,-0.0008032377088545623,-0.0034337718574762796
2020-05-14,0.0016180478053679289,-0.0006232082963766197,0.000932531423945447,-0.0015557667621401705,0.0013934910749022463
2020-05-15,0.0015684328983369559,-0.001336067809983997,-0.0006962441777407145,-0.0049933603530314605,-0.007844273934553794
2020-05-18,0.0008950341636356334,-0.0018027600971788171,-0.0010244153192270895,0.002110956954587506,0.01587212133458715
2020-05-19,0.001984612278167525,0.0010994213875974393,-0.0002443233020232018,0.0013259670451036911,0.0022535825387786056
2020-05-20,0.000834959021660328,0.0009569887486704728,0.0022785149053458843,0.00118292955648624,0.009813412087706754
2020-05-21,0.00010626266623031813,-0.0010469060333957796,0.0005179452921833566,-0.003451713696284741,-0.00527569317180056
2020-05-22,-0.000122772824389508,0.0009063189480343147,0.0007213291184881921,0.0013803259760398225,-0.004063121358064429
2020-05-25,3.055907834047632e-05,0.0009631923689275667,0.001286272285146242,-0.00032091690819820563,0.0014230521509407458
2020-05-26,-0.0011591411611203155,-0.0006467673141699045,0.0023173577357967485,0.0023019125056937986,0.016093295100074047
2020-05-27,-0.0008633028684393196,-0.0008349843735793627,0.0007822490056655374,-0.0033694595215253754,-0.004599789432073887
2020-05-28,-0.0010677575851480963,-0.0004216740522105283,-0.0015444953934139825,0.002149390956832946,0.00058935089995136
2020-05-29,0.0014304107717153943,0.0007981507422592824,-0.0007212947553017773,-0.001008603320559922,0.00686522223039192
2020-06-01,0.004213406031529871,0.0008457663963344904,-0.005083186818693425,0.0047263255203950525,0.02030835826250346
2020-06-02,0.002315844169413947,0.0031322641265986418,0.005778667337461013,0.0024266037292225485,0.01300370441499778
2020-06-03,0.003160568053211486,0.0037837922163643837,-0.0026922592144399287,0.0034247351128060496,0.004677812134603429
2020-06-04,0.0009247753744056073,0.0005927039761798474,0.0005655739638697346,0.007826252002213017,0.0025973665776062604
2020-06-05,-0.004431226553198017,-0.001592985461826687,-0.0018154143629226392,0.0032142372341984497,0.003983925763464605
2020-06-08,-0.0019040398585737773,-0.002219693161785413,0.001116087514083316,0.0008880486432134837,0.006407711151373238
2020-06-09,0.003427126586791886,7.187780775782722e-05,-0.00332279015325076,0.0024981348775314958,-0.008576738022883947
2020-06-10,-0.0018991188373074107,-0.00032868647179459847,0.0008005833248656933,-0.000843622478951438,0.005664031431810468
2020-06-11,0.0021282302466966332,0.0010005438572594652,0.0025267305294630394,-0.0021282302466965647,-0.021929974287780055
2020-06-12,-0.0020193369202014177,-0.003278739027996085,0.0016963532481783338,-0.00536593054915173,0.0031957533928847126
2020-06-15,0.0041778721514776004,0.0033270131374767043,0.002673837666309254,-0.0009625762782726242,0.01368050210324827
2020-06-16,-0.00038964694151119215,-4.325353057616298e-05,0.0032997120985550255,-0.012651869334056952,-0.005449762741641927
2020-06-17,-0.0014501583213645754,-0.0006242061534556746,-0.00044914192915325956,0.0034334673324990074,0.0001889191649578009
2020-06-18,-0.00036458295759778206,-0.0017504964208538121,0.003471847414202172,0.0010496392828989668,-0.005201022789113092
2020-06-19,-0.0008421175396755766,0.0002469153746414619,-0.0010489205821712332,-0.00295300861198082,-0.001842132715847564
2020-06-22,0.001843050987916494,0.0017129754791074822,0.00018886976033379398,-0.00047857646172262805,0.01322670411536055
2020-06-23,0.0012493270337954336,-0.000991699984261357,-0.002237153542943267,-0.0011774843405257117,0.0024570392045665454
2020-06-24,0.0002897291053150665,-0.0038971718804642584,-0.00026014944286851106,-0.0013479532721426574,-0.008407796253181526
2020-06-25,-0.00087262578619768,0.0006111046634135135,0.0027060466065563053,-0.001834996509950219,0.002486207199564709
2020-06-26,-0.002199708078274148,-0.0009627869046150882,0.00033406683099708825,-0.0017369604647302522,-0.003258042531142866
2020-06-29,-0.0010792522122167467,-0.0006861664733828785,-0.0007274632224439445,-0.0001459342714631738,0.0025954725058603078
2020-06-30,0.0011494505001293336,-2.911250527877405e-05,-0.0013133128009445163,0.0008866472960345266,0.005025939141692589
2020-07-01,0.0035819036808927836,0.001747002747190221,0.000911544117463226,-0.002092700129425063,0.0014334221420430938
2020-07-02,0.0017592436907366044,0.002060267122653146,0.0005337603542788934,-0.004563118919783073,0.001546947256886912
2020-07-03,0.0002449408912245688,-1.4408495248931866e-05,-0.0002162458291001693,-0.0006629197533449865,0.0017032090836699237
2020-07-06,-0.0004158988135126407,-0.0009746449767511707,-0.0008469041853780987,0.0019489272741910581,0.0064727938082715306
2020-07-07,0.0022690400785423132,0.0012933823747401456,-0.002090166172324796,-0.0005596011194569279,-0.004382537243150314
2020-07-08,0.0018534088622740596,0.00011478749976741756,-0.00017276876383731933,-0.00011484022865824726,0.005113484282036699
2020-07-09,-0.001274405390382967,0.0006297409682853475,5.722542527208457e-05,-0.0025105996301581345,-0.002955737857444768
2020-07-10,-0.0006892194862455899,-0.0016672419637574112,0.0003599737977949838,-0.0004741140979715867,-0.0016250695668832854
2020-07-13,0.0010311789292925006,4.2999347849850194e-05,-0.0014214643473775366,0.00048657623033388777,-0.0015402889287034329
2020-07-14,0.001872066443461379,-0.0015820284900614767,0.0010520173039922343,0.0018685683583209464,0.004857517850707184
2020-07-15,-0.002078322147688475,-0.0018074566043262935,-0.00045694703065542934,0.00038467292590685495,0.004734159805554495
2020-07-16,0.0013014410646681619,0.0002859185151715291,-0.002261634779739594,0.0003429551333986714,-0.005766921386820987
2020-07-17,0.0005013213503164298,0.0008020510018761473,0.0004293934168402499,0.00020045819082029482,0.0036672055767114596
2020-07-20,-0.00022850287870232474,0.0012431503312109267,0.0005432607213157606,0.0013702347243166072,0.003827154587135629
2020-07-21,0.0013951819170205217,0.0010709656623657398,0.0012479969852600503,0.0008164759663563221,0.01645452860787269
2020-07-22,-0.0013018556779085468,-0.0010637405476365902,-0.0017553349121398366,0.0004061368737071167,0.0005326381130370202
2020-07-23,0.0002674718994484263,0.00021101943567310014,-0.00047536492142855985,0.0025304012939334586,-0.005790111178785542
2020-07-24,0.0013963232429274324,0.0017931399570653031,-0.000678023587293663,0.0005777048370841897,0.0012676950778628844
2020-07-27,0.0018921481520379623,0.0008821120854268043,-0.0007576714594055524,0.0008537977018231576,0.007274189157736174
2020-07-28,0.0,-0.0007413054307906995,0.0004067577953704792,0.0006705971359747968,0.0013423196176428106
2020-07-29,-8.356778745223578e-05,0.0015313085933535955,-0.0006125148099900668,-0.002328776771827037,0.004586620430174056
2020-07-30,-0.0015538060868926474,-0.002503445291165935,-0.0014143184573544353,-0.0016684780764304411,-0.0002921353024552659
2020-07-31,0.000682532081126799,0.002034673760643678,-0.0009588994237855925,-0.001644439240647044,-0.006364647563451291
2020-08-03,0.0014669791329435075,0.0008611988136651827,0.0010953211228195983,0.001098823805708005,-0.0015576436426800026
2020-08-04,0.0022022578527766267,0.0013463671164133987,0.0002801630567303501,0.0017359414139437991,0.005336408705643833
2020-08-05,0.001175811618303067,0.00015209230649657648,-0.0006115953097801537,-0.0018819627778346518,0.004724319476521386
2020-08-06,0.0013329262477233701,0.00045766273829318083,-0.0006685143909924133,0.001871426642178661,0.005462903371392787
2020-08-07,-0.0014773110056623534,-0.000990534202099418,-0.0008870655346886563,0.001017627343500727,-0.010592406408593982
2020-08-10,0.0009339867272203391,-1.3932718900783594e-05,-0.00030757186239567037,-0.002832527097023843,-0.0007129427361654284
2020-08-11,-0.0012839301184609758,-0.0011585303316256994,-0.0006975738664778614,-2.7929840243153575e-05,-0.0012313721558715961
2020-08-12,-0.0011733647576791077,-0.0017627066300822424,0.0001964030196264397,0.0021501181074583087,0.0023913921320757054
2020-08-13,0.0014643026610084017,0.00034850248834986987,-6.97802619834402e-05,-0.0005296905615900554,-0.001649588675966329
2020-08-14,-0.0012301328137467073,0.00018154776501723527,-0.000601680525802002,0.002863310404403686,0.0031151585214405034
2020-08-17,0.0021229221035190524,9.707458802924601e-05,-0.0005014975378490296,-0.0015674745373735347,0.005784381655688771
2020-08-18,-0.002207963361641695,-0.0020543655584152076,0.0008160725235917114,-0.00038689530819338694,0.003957441963525247
2020-08-19,-0.0013086212445290975,-0.0005371124140115026,0.0001238534952349591,-0.002359842392357347,-0.008014129938611088
2020-08-20,0.0025461681354933237,8.394778452726036e-05,-0.002331963605738791,0.0005866577439461942,0.001168679525303248
2020-08-21,-0.0025005076903426697,-0.001943336298366384,-0.002227947729350865,0.0005872729729590809,-0.004459440484815903
2020-08-24,-0.0011550157489477588,-0.0008909802763965284,-0.00036195063945343415,-0.0011702914525136496,0.00032114159129385995
2020-08-25,-0.0012395285808122877,0.00041776911901306304,-0.002303649858898528,-0.00030663730622447754,0.0041515802175778145
2020-08-26,0.0017612596862999293,0.0003049414397460209,0.0010553357918994344,0.0009279200715669048,0.005614760042229655
2020-08-27,-0.006720186464170359,-0.0010505945118939818,0.000771711308039269,0.0015771564653789029,0.003519113779916112
2020-08-28,-0.001185989110680551,-0.0010078586582403554,0.0004515136043868795,0.0021256020320800087,0.014361381496701419
2020-08-31,0.0018034025457242104,9.499318091813344e-05,0.0007207697588752418,0.0017460633424776402,0.0016962381513870863
2020-09-01,-0.0013823762806385105,-0.0012203060414443562,-0.0014874113676104648,0.0005423361260991027,-6.77943120831211e-05
2020-09-02,-0.0013816408153982007,-0.0007519465515256859,0.0005991693513494959,0.0021195574643050447,-0.005411224472329691
2020-09-03,-0.0024522071867262587,-0.0004520331293967531,0.00045124194854425444,0.00024686278668862845,-0.008625818506294914
2020-09-04,-0.0031193952140801916,-0.0014776252973332815,0.000658951467359497,0.0012572101265643642,0.0011269465068565036
2020-09-07,0.0005219206799059209,5.492619294206755e-05,0.0010577868515690583,-0.00026092628980396156,-0.0011813025920098075
2020-09-08,0.0019628448190725165,0.00013843512951949803,-0.00280131460397338,-0.0014371988157116664,-0.010361641686779274
2020-09-09,0.0008664617957964888,0.0006466125296661818,-0.00011067303047903649,-0.00015123289206748255,0.011117286734447904
2020-09-10,0.0001915839896384716,0.0010119382213790089,0.0006189268007195199,-0.002946236774794147,-0.003535833193509105
2020-09-11,0.00012341531325442515,-0.0003291865008398415,0.0013162226316159663,-0.002086393904691513,0.0035907669297034696
2020-09-14,0.0017145722228735414,0.0003153557719102832,-0.0012093561653149776,-0.00026042559171275724,0.0012490822243485771
2020-09-15,-0.002879977968060294,-0.0017877252211012922,-0.00017773767333499735,-0.001956559543266365,0.0013434229141180134
2020-09-16,0.0007232878523202493,0.0006688004835353115,0.0006415637995880695,-6.821235874164044e-05,0.00023285916919702616
2020-09-17,0.001385488263221444,0.0015639364991977323,0.0007268787735438656,-0.0009463139039448024,0.0009582609667010246
2020-09-18,0.0016033660410590116,0.00016451878293213232,0.00028715789095269206,0.00031488948323965234,-0.003179478613121774
2020-09-21,-0.0030301585998870994,-0.002283943492846685,-0.0007689456212571404,-0.0014560786913521428,-0.009944848562337974
2020-09-22,-0.002369849979290603,-0.0015815324735971661,0.0035424821892521053,-0.005007591385275294,-0.007907706360839427
2020-09-23,-0.0018309606388338293,-0.0019557500342011224,-0.000730111514840001,0.0015776428784970958,-0.01306088279679399
2020-09-24,0.001179069524118877,0.002801859308035627,-0.0007518744014697176,-0.0029574041915694763,-0.00419305644585659
2020-09-25,-0.002735122363803819,-0.0013522652500136498,-0.0008057961206461536,0.0009125389175179719,-0.0027861902681465605
2020-09-28,0.00039623015829857425,-0.00022654225817937113,0.0013060762787914914,-0.002351375787697042,0.005671762811710401
2020-09-29,-0.000982856259179582,0.00011229961549184863,0.0002254346671705097,-0.0006464033500795189,0.007928893122787637
2020-09-30,0.0009801039694700693,0.0016259254535085507,0.000856591240721565,0.002655450121555142,0.004422928017526544
2020-10-01,-0.0019644592562145457,-0.0016995671588914056,4.1772548479511875e-05,0.0016303556252981893,0.0034296741970886984
2020-10-02,0.0023748998337866315,0.0007815117066292017,-0.0007688598188206394,-0.0006560260412406482,-0.00369505771274309
2020-10-05,0.0008493042481457497,-9.739062692476444e-05,0.001184875552458687,0.0005565294965136773,0.0022591946240039422
2020-10-06,0.0006562092286269792,2.7923990898548646e-05,-0.0002795248096467249,-0.00034899385427070894,-0.010938867436246167
2020-10-07,-0.0004900416633472743,-0.0002659258082670338,-0.0014572564126908,-0.00040621651898759285,0.005211234885733516
2020-10-08,-0.0012297202539029491,-0.0005870841655903524,-2.7915026660725385e-05,0.0006429969469511052,0.00412440903147577
2020-10-09,-0.0001385463716920852,0.0006925975454165766,-0.0002643533445657878,0.001273903161795192,0.010036941598632004
2020-10-12,-0.00041603106965337695,0.0006102804705487001,-0.0015365132484524626,0.00045762465870096276,-0.0027849960846081673
2020-10-13,-0.0018002558712733802,0.00015358945568771901,0.002657337410622528,0.001130771767435852,-0.006849914011259145
2020-10-14,0.000891178782089232,0.0003619909541792147,0.00121260285394331,-1.3918562491223382e-05,0.001089096576465129
2020-10-15,0.001061683930280415,-0.00036760028125355017,-0.0034981839493323395,0.0014138274658217424,-0.010112642721613364
2020-10-16,0.0011152286315568632,0.001525596408450124,-0.00012700473462492673,-0.0010728554509491365,-0.0024558939654976877
2020-10-19,-0.00045100914057991467,-0.0013522652500137608,0.00012682397553793825,-0.0005076285396241119,-0.0017540886068277272
2020-10-20,0.0016496256531743627,0.001223015596570719,-5.679559267729407e-05,0.002015671815779595,-0.0022395156133363805
2020-10-21,0.0023234701959396866,0.001167641005719858,-0.0010874862487873851,0.001714494925164385,0.009392127455331599
2020-10-22,-0.0014631815548337558,-0.0005207124026094478,-0.0007596005429240272,0.000928805707155247,0.0
2020-10-23,-0.002541904144390989,-0.0009417851036622399,0.001708971111287482,-0.001139633330284801,0.002975733144843568
2020-10-26,0.0015455084988264148,0.00046362966655367696,0.00026622389586750307,-0.000898914340626501,-0.002035474090713547
2020-10-27,0.0014007566374981929,0.0002520337738597224,0.0005193091901094619,-0.0001679872333653974,0.0008568078114429131
2020-10-28,0.0013454663361735552,0.0004671739600096639,-0.0018173754500210777,-0.000821227356209808,-0.009593076318851005
2020-10-29,-0.0014242784877688801,-0.0005562727020686462,0.0005539418786764179,-0.0007842187088728971,-0.002455347288321352
2020-10-30,0.0007401187374383921,0.0012246178160193386,-0.0006677986338070447,2.8455168883383733e-05,-0.0015928099391186912
2020-11-02,-0.00044011273275062373,0.0001704545458673664,0.0008821102925231492,0.00014199301418216513,0.006458243164610645
2020-11-03,0.004430877978150059,0.002403477813946118,-0.0011799411398486367,-0.0015353053387764841,0.020170945026502646
2020-11-04,-0.002207383052825031,-0.00025137558437528305,0.0007889435610188474,0.005996057789338716,-0.0023094377186676784
2020-11-05,0.0020806786933902006,0.0008945836997894494,0.0010677317264017967,-0.00016519368997674282,0.011356519028431008
2020-11-06,0.00011008972323557925,0.00013753644737547302,0.0018564744703629453,9.63185668542577e-05,-0.0007990411931326782
2020-11-09,-0.00418430742961475,-0.0008233728560019522,0.0013338193896175786,0.0002749178700182831,-0.0009612480485291971
2020-11-10,0.0013617515051276034,0.002215480364848612,-0.001537490350367203,-0.00038495381029720515,0.00035714286093903433
2020-11-11,-0.0002889557023496494,-0.0003166147032031716,-0.0003562668750601022,0.00016512776798548008,0.000274638508791352
2020-11-12,0.0011151726575438076,0.0003028300871067849,-8.247876176556011e-05,-0.0004679457268356508,-0.006059539563529568
2020-11-13,0.0005519068521350288,-0.00012412509066732523,0.0001791139376098127,0.0007859413430508919,0.0037227044978054348
2020-11-16,0.0028575940472085793,0.0025290339588272346,-6.859698587533278e-05,-0.00043699728937746866,0.004120894355468122
2020-11-17,0.0006165270542392248,0.0007396956626737901,1.3648430089579877e-05,-0.0005205978773064097,-0.0032158548696261348
2020-11-18,0.00040988646718897033,0.0012294915552707136,-0.00019121503554764407,0.0005189484582149945,5.4824561417220935e-05
2020-11-19,-0.0001238722465816371,-0.0015120069958696682,-0.00020647647962127673,-0.0003028634384384315,-0.00395507121071745
2020-11-20,-0.0005605036476945294,-2.7349679326731934e-05,0.0015908502059114836,1.3674559166565055e-05,0.004530547707423648
2020-11-23,-0.0006323980468944822,-0.000961882064983466,0.00024557621854187466,0.0005911668843758108,-0.002491991321648762
2020-11-24,0.00271215250714767,0.0019338414557411522,-0.001767914186281002,0.0004082299207573788,0.009768020805173585
2020-11-25,0.0016060762119052647,-0.0010199988644352292,-0.0008301183735520092,0.0005574401406066395,-0.00035304022309481996
2020-11-26,0.00033969007004939263,-0.0001222884241942997,0.00025809782050606765,9.509254549524682e-05,-0.0009918950763300246
2020-11-27,-0.0002705517920269104,5.4088407515341846e-05,0.00027114600022408545,-0.000920424001416929,0.0029591844477506644
2020-12-01,0.0011551817977660645,9.518694042368885e-05,-0.0006122740729939705,-0.0010599987402783973,-0.0013540963477292579
2020-12-02,0.0012602908467605819,8.129310232495559e-05,-0.0010031722772802277,0.0012181258611977412,0.004623441743681573
2020-12-03,-5.3764163509715494e-05,-0.00017474175229791056,-0.00044495682630445757,0.00018816192733331076,0.002922541322337286
2020-12-04,0.0008881353779057779,-0.0001076122194714606,-0.000767950888886938,0.0002958699269804259,-0.0017498052759266718
2020-12-07,0.0011148647534455621,0.00012092954525080208,-0.00027088525466324406,-0.0001879623543790952,-0.0020074511446836773
2020-12-08,0.0008369443920561435,0.0015793633185560785,-0.0008344212696301697,0.00017539954036327132,-0.0008230064483650172
2020-12-09,-0.001649490440177622,-0.0009120539280520214,0.00013380790557076532,0.00014762623747650129,0.0032879695434364963
2020-12-10,-0.0003991113174429075,-0.0005585106528162296,-4.007775084199192e-05,0.0006916917458994984,0.011981956668427518
2020-12-11,2.6522736617607248e-05,-0.000809474880812833,0.00021244672314446977,-0.0013801159364558071,0.0010230315839802478
2020-12-14,-0.0014319241935969857,-0.0012601894604700892,0.0005820875941574238,-0.0003052118260098882,-0.0019623448354967737
2020-12-15,0.00017235550353902185,-0.000530532136163971,-0.0008372037884104256,0.0015101540842424092,0.0029950061481881776
2020-12-16,0.0010051847211825856,0.0002511948293515082,-0.0007261732968518533,-6.609953270040021e-05,0.0015866303307325732
2020-12-17,-0.0008924704961547714,-0.0008926579481393265,0.00017030976767671934,0.00038070983150659434,0.005888142625222532
2020-12-18,-3.9456811237139343e-05,0.0007626361280589151,0.0009343273852003048,0.001458866154793391,0.0007089777888024209
2020-12-21,0.0027006648925829565,0.0022105892211532565,-0.001655695837088437,0.0015852260284733987,-0.0015169405564175015
2020-12-22,-0.00010616274759166978,-0.0012346582030276026,0.0014595637169506832,-0.0005044270214346584,-0.002868683761727561
2020-12-23,0.0002506348329579157,0.0004218908683655364,0.00018502365712397183,0.0004087957067446966,0.0037791242006676635
2020-12-24,-0.00053951274098137,0.00014483308012858787,6.580982279778934e-05,0.0001579362993543586,0.0012784944505783704
2020-12-28,-0.0014254229187704534,-0.00019817808347382377,-0.0021044332375184005,-0.0005680955081674243,-0.003013735164291277
2020-12-29,0.001497458541457645,0.0003414762313193192,-3.948225602116306e-05,0.00044617666711338,0.002974312573827802
2020-12-30,0.0006511434308305262,0.0007292616549268903,0.0022461355034662893,-0.0004036589787549205,0.010158875634817417
2020-12-31,-0.003095115688552401,-0.0017492375842790221,0.002968072738644605,-0.0003372856322350797,0.0006502035366066923
2021-01-04,-0.0005857582808213452,-0.0004427832908628236,-9.052055792714599e-05,-0.0031951617263627375,-0.005422604818055044
2021-01-05,0.0020084100796509924,0.0015401244203136555,2.592184563684989e-05,0.0032696027421624616,0.012001958597640144
2021-01-06,-0.0018134003644669195,-0.0016856792065711387,0.0010881184946416583,0.0019161898132204912,0.006856289296856101
2021-01-07,0.003357181057739424,0.0007999793980347433,-0.0014457025145820975,-0.0004125838119382811,-0.006032078046076219
2021-01-08,0.0008894446713745563,0.002329938171470145,-0.0005530511198771991,0.0018279658034114777,-0.0011721292229638798
2021-01-11,0.0006762292674820099,0.000637269905362697,0.0008168822782367341,0.002453988961566787,-0.0017372144123943114
2021-01-12,0.0016046382655277457,0.0013853914651334538,-0.0012675912293317983,-0.0005949686523564795,0.008836125182655708
2021-01-13,-0.0018343177478700816,-0.0007622493182610603,-0.0009679855687072897,0.0003748876996715603,-0.003749690308920196
2021-01-14,0.002690925228573302,0.0004763836136881469,-6.437367633851555e-05,0.0019268323708832786,0.0037496903089201624
2021-01-15,0.0021696350663575775,-0.000246809341037856,0.00011616425638891872,0.0017893267571630503,-0.009978626345569397
2021-01-18,0.0003124715220654226,0.0001562133878049651,0.000521709654331649,0.000611640712694596,0.00023426214040538892
2021-01-19,-0.0007008345408919137,-0.0008173273850990331,-0.00019459922351446486,-0.000311639746977654,0.0037018558026674663
2021-01-20,-0.001729813895482182,-0.0024650103790313962,0.0002586318390207794,0.0004779342995911417,0.00534024220462846
2021-01-21,-0.0017250705892342072,-0.0003476133801780584,-0.0004761077637595402,-0.001134503196445804,0.0006316997444765466
2021-01-22,-0.00014244184188430615,0.0009845070487927553,-0.0008419089810879119,0.000647299489226494,-0.006153467804071768
2021-01-25,-0.003051890968356474,-0.002922402604614424,0.0007639667074925988,0.0019620715888535845,0.0001685324072361921
2021-01-26,-0.0013296930110577654,-0.0008130763771736871,0.00015594947268695583,-0.0004134687502375359,0.004991217561598877
2021-01-27,0.0006248861088072625,0.00023421032193876565,0.0003883243851789183,-0.0007030243353698612,-0.013648942141145523
2021-01-28,0.00108176455454092,0.00040422744211564407,0.0011433904740893255,-0.00016935573211936738,0.0029377032636469283
2021-01-29,-0.0037260002980790733,-0.0001956015732602885,0.0008107967175356029,-0.00032636010863741285,-0.003892681980023703
2021-02-01,-0.0016656943040330972,-0.000787484291010345,-0.0020053876921028646,0.0008266360975886876,0.0016258247428727957
2021-02-02,6.590089825305332e-05,0.00013191567968890084,-0.000984995318827821,-9.226247362243323e-05,-0.0036223839696330985
2021-02-03,0.0010244018652135172,0.000814214656194248,0.00028867981672487633,0.00017063166571329143,0.003989140146381414
2021-02-04,0.00028970239865505637,0.0010794730061034245,-0.00039339103575792065,0.00023696682575335965,-0.004725720605059192
2021-02-05,0.0007187428843504072,0.0006141503031848614,-0.0006566074642658838,5.225206396852728e-05,0.009807145190824339
2021-02-08,-0.0007527872952743281,-0.0003242773507718367,-0.001422967453113982,-5.193725980178254e-05,0.0038866803553661883
2021-02-09,-0.00015548270934030977,-0.00014249350707119484,-0.0007892507056870725,0.0008419089810880156,0.004091309097823015
2021-02-10,-0.00046536279747251276,0.0006728604586044933,0.0007765683835120817,-0.0003750331430997877,-0.0020953521906998365
2021-02-11,-0.0005540987339511883,-0.0007474034522299,-0.00010334181606617728,-0.0003867624166714859,0.003618837392538707
2021-02-12,0.0020138653644126846,0.00011620625331835312,0.0007634625336061189,0.0009281102023579941,0.0010186648635620006
2021-02-15,0.0007841474084659658,0.0006171807892668015,0.00025720826294744467,0.0007450129437350047,0.0029072405570089092
2021-02-16,0.00028333354987546914,0.0010944089675079436,0.0012059632488183923,-0.000992018839526876,-0.00644332126093223
2021-02-17,0.00018118286577320383,0.00021998072022404454,-0.0006322050619244392,0.0016808465078071793,0.0029175239831700276
2021-02-18,0.0014463185971203855,0.00033563545141790206,-0.0010803859571785711,-0.00021939588785248112,0.0013139759964385718
2021-02-19,0.00019078508118547903,3.816672498157336e-05,0.0014681947037477282,0.00110583625828065,0.01253726379818709
2021-02-22,-0.00043000961860564454,-0.0007716098567022116,0.0010408601998346026,0.001175764224075017,0.004013755966226786
2021-02-23,0.0002148539948990857,-0.0004421676392702382,-0.00020258806319133847,-0.0017707626493385796,-0.00088493343490848
2021-02-24,0.0014147668626447918,0.0004167534963424063,-7.577192653758372e-05,0.0016522362546112538,0.008626225422226892
2021-02-25,-0.0013818924071923406,-0.00044013808470788846,-0.001225597632183916,-0.0006413440779184219,-0.01427026123061112
2021-02-26,-0.0028934981112638905,-0.003080038261289225,-0.002076577726973167,-0.0016831097476539517,-0.020404675652790184
2021-03-01,0.0022512246516521207,0.000527205757468037,0.0011245905155549219,-0.0007455588179891947,0.0026924158460196906
2021-03-02,0.0014995677134781783,0.003088380031353222,0.003089879249508109,0.001650767213647523,0.006514179785522427
2021-03-03,0.0027224878765154874,0.002927244704726391,-0.0010735648492892162,0.0009485599265320984,-0.009154998041138066
2021-03-04,0.0020671908341708197,0.0017703433700958318,-0.0008743619643854468,0.0010768403471154396,-0.0049914757335474775
2021-03-05,-0.0037407583782120895,-0.0019154472951741438,-0.0010691144318769248,0.0004830444951784512,-0.004209055670341778
2021-03-08,-0.0011332774420668695,-7.820952335277367e-05,0.0021687164739133875,-0.0021397917954109995,-0.006834673709805611
2021-03-09,-0.001376248253474441,-0.0008180596860651531,-0.0007010984161918026,7.795143629464939e-05,0.007768368485404056
2021-03-10,0.0005837295292906284,0.00018147879340478458,-0.0015837166121402332,0.0009721259863051433,0.001929465075076959
2021-03-11,0.002321024355365468,0.0010305029766019998,-0.00011578466638008764,0.0012228166204911039,0.0071158162425645904
2021-03-12,0.003617481529468979,0.0011235013094774854,0.0008518547715624882,0.0023057660782711082,-0.0035257972777621325
2021-03-15,0.002197661022828899,0.002550179700378721,0.0002968450555150068,-0.0010335918232827705,-0.0017796352576815604
2021-03-16,0.0014593358093087801,0.002014775698341347,0.001915089675771873,-0.00015487268205906514,-0.00023236000414371928
2021-03-17,-0.0010121852384393473,-0.0002855214679626331,0.0006724949816323437,0.00014280614090656532,0.008779145957256146
2021-03-18,0.000641379243865537,0.0007185844196750001,0.00017917477267129293,-0.0020153144998344124,-0.007966122044413698
2021-03-19,0.0011107811482696844,-0.0002323420084801464,0.000657949929235833,0.0008129294941060809,-0.0019497840109695046
2021-03-22,0.00016778848365035418,-0.0002451407313598561,-0.0005177658519657538,-2.5811780498040083e-05,0.002870741122191737
2021-03-23,-0.0014849940202880734,-0.000495268888991329,-0.0009525363630020366,-0.0010695188185267251,-0.01799338470273685
2021-03-24,0.0006562282859883146,0.00028862679444160115,-0.0011945001912529413,-0.0011421146112817592,-0.002092587872480299
2021-03-25,0.00029037154562899776,0.0013074227808769186,0.0005128104094549068,-1.3196877618865913e-05,0.00023711666250839517
2021-03-26,0.001022870420697521,-0.0009960029655044617,-0.0006303928343980255,2.6213694035387373e-05,0.005909716986808733
2021-03-29,-0.0015574798156584618,-0.0007464788156767849,-0.0008253257557442853,-0.0009172990120479606,-0.0005631921354355971
2021-03-30,0.0003416018532270887,0.00014457419638646464,0.0006420377712537732,-0.001853934223295051,-0.004819729471133712
2021-03-31,0.002571909878758404,0.0021527120661255375,0.0006962187721701678,-0.002125287779303884,-0.0002896604409924707
2021-04-01,0.00038179245436272463,-0.0001448044812935448,-0.001083767386879815,0.000763147890355593,0.0026564632078668357
2021-04-02,-0.0009206529394388128,-0.000827994133060862,0.00019684651940507508,0.00034205575842332384,-0.0021825170708716477
2021-04-05,0.002066765072227606,0.0010592459421536222,0.0011552347855179976,-0.0010590105125760593,0.006150072820611896
2021-04-06,0.00011784809394333637,-0.0003794694016551996,-0.0009572578573741081,0.002602210076614552,0.0014630962766740724
2021-04-07,1.3115700149084762e-05,0.0006298882156714402,-0.00017030753652005995,0.0025150325671161318,-0.006771694890093724
2021-04-08,0.0002747953773155732,0.0004971349431253782,-0.0011532061716506014,-0.0006413067170903974,0.005504673200820654
2021-04-09,-0.0006689533752877234,-0.00047213734827645734,0.00024955507087502703,0.00091805693154572,-0.004466953988050974
2021-04-12,-0.00044603033745704905,-0.0008657441348766795,0.000446481340557662,0.00022304003661095567,0.0005512896379041376
2021-04-13,0.0006823251806518032,0.0006032866187772927,0.0015633727360680858,9.181592225698283e-05,0.002817327762592114
2021-04-14,0.0016636560070012792,-0.0004546901365109419,0.0018223951309058115,0.002775257908874702,0.010284406414217918
2021-04-15,-0.00045146436455704536,-0.0006324988432185152,0.0003740945986958773,0.000554627607585297,0.0037230991231999937
2021-04-16,1.2919980103487933e-05,1.2920814786795047e-05,-0.0008398964190831011,-0.000659131908399201,-0.002221849957477049
2021-04-19,-0.0009144830266551767,-0.0006566707032514746,0.0018141703218767654,0.001068960955928079,0.0035403298213228917
2021-04-20,0.00039867024711887745,-0.0003085189827919628,-0.0014872750994619482,-0.003890604343335924,-0.0036827218786755892
2021-04-21,0.002138234374574855,0.0008940430124849841,0.0003239118210785281,0.0032439656490523034,0.00343762858075035
2021-04-22,-0.0016976722646143215,-0.0004663877061828889,-0.00021944403297110792,0.002383698710008839,-0.005173852601035953
2021-04-23,6.466255846127969e-05,0.00010340994295815423,-0.00029725939978631925,-0.0007891690201475909,0.004218705706865038
2021-04-26,0.0005514340631023883,0.0007569683140425511,-1.2860164996067362e-05,0.0012300124551998545,0.006934242797342507
2021-04-27,-1.286545945786982e-05,-3.859886133851131e-05,-0.0011701698081287783,-0.00010292963481928712,-0.00408525638502665
2021-04-28,0.0024628807508172788,0.0015867388113241813,0.0004390382550314037,0.00021891559603493517,0.002609809474003997
2021-04-29,-0.0026748299171194985,-0.0021488643097173155,-0.00147791191559374,-0.0001674146672037189,-0.002712798737464335
2021-04-30,-0.0024005896842305002,-0.002683837948565096,0.0006567552663804872,-0.0022120897736827064,-0.007845407660830554
2021-05-03,0.0020137613786264546,0.0019501617323638366,0.00022011744001664417,0.0009538295688481606,0.005931821036357911
2021-05-04,-0.001322991710259842,-0.0008689619046598476,0.0007639864925864979,0.00012978248473793184,-0.006372618108305477
2021-05-05,-0.0010214043256878804,-0.001099007771346656,0.000272057729737019,0.002493493020138223,0.0043088734864580825
2021-05-06,0.0006066277492345668,-0.0005414394686938862,-0.00015505678985989612,0.0019207100928341986,0.004560335628543095
2021-05-07,0.0031103826011762894,0.0028676791466980293,0.001672413295688762,0.0019406821458038145,0.0077969860159544414
2021-05-10,-0.0008880995255121068,-0.0009528952853928937,0.002428806056676099,-0.0016641369702817266,-0.002270756703649116
2021-05-11,0.0024508877584550675,0.0013640566859903717,0.0015822990017642406,-0.0014417221505021304,0.0015186613178037468
2021-05-12,-0.0018019414353949883,-0.0016970293210469213,-0.0019994110963353923,-0.0018439127109613892,-0.014540666198918705
2021-05-13,0.0021085728381326063,0.0015655428578718127,0.0003113607788415512,-0.00107313488483662,-0.0003105831223040953
2021-05-14,0.0024583160696496067,0.0006823609954290869,0.0009305211589538814,-0.0015180366214722096,0.006373474980164699
2021-05-17,-0.001148290914689884,-0.00033537136242937145,0.00027081573733902744,0.0023081446454165343,-0.0007207114763514325
2021-05-18,-0.0022972141954701,-0.0015532039552197511,2.563149598374915e-05,0.0013866600411561187,0.0031236166769993707
2021-05-19,-0.0005296986655295952,-0.0006451529881453939,-0.0016629608395819092,0.0008138115894129713,-0.008895135419054337
2021-05-20,0.0002573141562715661,0.0001157385082599378,-0.0022317262563604284,-0.0005404362223799472,0.006299233427987371
2021-05-21,-0.003211310690620482,-0.000606048902195026,0.00033563978421037116,-0.0006331608504640716,-0.005936726950687517
2021-05-24,0.001601157307107324,0.0005680131312112333,-0.0030803104663797622,-0.0001806474927168337,0.003255985097810989
2021-05-25,0.0006185009281399563,-0.0006954819712614803,0.00028333354987546914,-0.0013792661140515654,-3.8699440797839774e-05
2021-05-26,0.00032258689157578984,-0.0004128606138016714,-0.0004759179195746883,-0.0015622884889166678,-0.001265005977392967
2021-05-27,0.0007490153381754343,0.0010206521431505135,-0.0008775552906762434,0.0005033329782904482,-0.00020668363268381296
2021-05-28,0.0027940783754476866,0.0008434603132941943,0.0006468891328271139,0.00029843968171674274,-0.0042334818508754785
2021-06-01,0.000800165238088128,0.0006455111381161059,-0.0022834152770255267,0.0013665431169517324,0.0033735563523508002
2021-06-02,0.0013312569417513649,6.457487135709014e-05,-0.00138463850064695,0.0009682479987529964,-5.1616233316926145e-05
2021-06-03,-0.0026826775129816342,0.0005991299770247541,0.0018252550391365608,0.00035202315893610183,-0.011668865002378844
2021-06-04,0.00027159679682746787,-0.0004783297334340773,-0.00039149669685323903,-3.879502648255659e-05,0.010248373531828689
2021-06-07,-0.0007732557026268859,-0.0005155768774868654,-2.5822778274219276e-05,2.5784825631478362e-05,0.0022464376313517808
2021-06-08,0.00010332179582461554,0.0010207708351538595,0.00015492066801773638,0.00040027115676936296,-0.0023239910786412767
2021-06-09,-0.0025806465934916254,-0.0008382716619868843,-0.00016781230878120068,-0.001357510147384193,-0.0008017380039447824
2021-06-10,0.0030481921745776947,0.0004517440624079435,0.0007110950516526997,-0.001561683579633588,0.0028032753357817857
2021-06-11,-0.0032393518530691432,-0.0003887218873452693,-0.0005925620753326293,-0.00045434779157252695,-0.006458022794226887
2021-06-14,-0.0004015726155537685,-0.0003368966666138423,-0.0006225519642846593,0.0001425119680077404,0.0010118307214443468
2021-06-15,-0.00045512175292279617,6.499119371615912e-05,-0.0014029438135937412,-0.0010801174864413456,-0.0032856959060183323
2021-06-16,2.59632360590717e-05,0.0004023857635696081,0.0004544657833031105,0.00042829610191450173,-0.010172016843677535
2021-06-17,-0.0031831386710310396,-0.002033863190870768,-0.0019057012503106512,0.0013616685846542752,-0.007717360061637999
2021-06-18,-0.0002000360071483698,-0.000306885580787793,-0.0002519910622821856,-0.0019223843478811354,-0.009968606503208969
2021-06-21,0.0012627355183945524,0.0020078859458806755,-0.00042687157149989396,-0.0005713564555938862,0.0072025606760615125
2021-06-22,3.992467545100149e-05,0.0005323254763588995,-0.0006934443122066883,0.00038585637308057204,0.001683312413277085
2021-06-23,0.002543675464928786,0.000329248460445526,0.0018513870851117511,-0.0014357882505803704,0.0029753071636545734
2021-06-24,0.0007253305517299939,0.0006062043885070152,0.0006732895729442988,-0.0016756500361638676,0.0012799621717517803
2021-06-25,-0.001577308125488035,-0.00021035471140657872,-0.0002369356335948559,0.00024990628644367546,0.0008304389280819798
2021-06-28,0.0,0.0015735020270769894,-0.0008569602169809517,0.0005682156200744578,-0.0020459487465987218
2021-06-29,-0.0008244571682814844,-0.0008775662726794038,-0.002627041447156786,-0.000439101313049114,-0.0072405466901684715
2021-06-30,-5.333760035386893e-05,-0.00011994802266743231,-0.0023310499609426145,0.0008930297625835986,-0.0019850395865578397
2021-07-01,-0.0018149794124499678,0.00013336178404488514,-0.0008141746921104112,-0.0013232730880534018,-0.004129227796088987
2021-07-02,0.00046773623202528674,2.6712612361463123e-05,0.0011266700049050418,0.000761273901699429,0.007205026632550252
2021-07-05,-0.0005317522691535878,-0.0003854460921620114,0.0003186827805486363,0.0013155711010066301,0.0007307853610107134
2021-07-06,-0.0026109848432598194,-0.001193681587948759,-0.00022436764712665882,-0.004522366782840327,-0.0046329045124155555
2021-07-07,-0.0024943822666666183,-0.0016928710196525327,-0.0007995096766792731,-0.001389947165224566,-0.001549083546288384
2021-07-08,-0.0011692842491030455,0.001559349690888466,-0.0007670414780306289,-0.0014264953702811316,-0.007579604989828492
2021-07-09,0.0012978760811670099,0.00018733106806738712,0.0005106634704392386,0.00048125769604331713,0.008634844887653969
2021-07-12,0.002087767249689295,0.0005618127973555859,-2.677483700977589e-05,0.001255912304674071,-0.0007750902432674259
2021-07-13,0.0019193219815796928,0.0004428014644542793,0.00016033992097519168,0.00099177106261005,-0.0047437910572279965
2021-07-14,-0.0009224784573629389,-0.0010164641301019187,-0.0004834551018101521,-0.00020065144904223245,0.0048106328494150865
2021-07-15,0.000752587053395225,0.0005105742727742904,0.0014589261413224292,-0.001008057826911534,-0.007756658185119214
2021-07-16,-0.0023613717717401576,-0.00012144683679659095,0.001923763096073376,0.0008102414962790594,-0.004022737913083896
2021-07-19,-0.0026409304884986774,-0.003237041072605727,-0.0012766710503668466,-0.0003953781707322877,-0.007664951890292234
2021-07-20,0.002911846977759326,0.0011065650484673604,0.001243178050669473,-0.0010379962143702908,-0.0019356867506115855
2021-07-21,0.0022377479046506122,0.00024540546559328243,0.001026532531990975,0.00049054342292884,0.003989955521001842
2021-07-22,-0.0033460478125631322,-0.0013418181613558907,0.001071891448124162,0.0017895640681110099,0.00035328967402812304
2021-07-23,-0.0013563186172333638,-0.0002848597085207883,0.00010856879200745474,-0.001222261607469542,0.0002309296286183233
2021-07-26,0.0023327738024141293,-0.00016264129498328505,0.00046306385660749354,0.0008801565892737481,0.0023872834299158074
2021-07-27,-0.00281332368191951,0.000775156940090328,-0.00028581344742684687,0.0044948168097220095,-0.003148070337603245
2021-07-28,-0.0005729330234341706,0.0011872839207644826,-5.4451402137084616e-05,0.001063757345452106,0.002348422682076599
2021-07-29,0.001096721454697842,0.00037936781519112947,0.0021626890644072965,0.001230686161350136,0.0025863776037715956
2021-07-30,0.0010725608756083052,0.00012211089040783704,0.0013794224842293486,-0.002323070757203407,-0.007179775547575579
2021-08-02,0.0018179356519414348,0.00047461811084388567,-0.0002448346698122036,-0.0003524754659343986,0.0037952774684027256
2021-08-03,-0.0008680320631841697,-0.0004478857830420622,-0.0007302824083077249,0.0007460105736925467,0.003875606179067571
2021-08-04,-0.003158579376709164,-0.0023072729780673285,-0.0006738544729378874,-0.0024906950270223546,-0.0021256582987433724
2021-08-05,0.0011745885228203585,0.0005541776348685915,-0.0008241517446039112,6.746318199412971e-05,0.00340969386047624
2021-08-06,-0.0018176890517443266,-0.0015197983765030615,0.00012176230659907053,-0.001644189655995884,-0.0069806655504095
2021-08-09,-0.0012104480815322044,-0.0013454653737712673,-0.00012252316043404518,-0.0020706761614972245,-0.0035821096454511465
2021-08-10,0.0011307826083490613,0.0003271716044234606,0.0005588153260815102,1.3616094223650508e-05,0.0024121847408927056
2021-08-11,-0.001924954503955911,-0.001220388777443426,-0.0004913066124976526,0.0007595795550015839,0.00358705784224541
2021-08-12,-0.0004222369084163839,0.00010900222102816095,0.0002579121348382272,6.811478706555157e-05,-0.005071839109824586
2021-08-13,0.0015348154783047863,0.0,-0.00042236347047674717,0.0008004287469228308,0.004352741613995378
2021-08-16,0.00016364603399429212,0.0002729704662906676,0.0009540034795098609,0.0005044067533858118,-0.003931469704498556
2021-08-17,-0.0006604929168329821,-0.0010728434127621272,0.00019197279530214293,-0.0011982564738163665,-0.011267493166860675
2021-08-18,-0.00020712939447276225,0.0006487008957342607,-0.00028942562997063545,-0.0006769218275656474,-0.0026502148105263562
2021-08-19,0.0012129409725329609,0.0012824982590108362,-0.0011027744966822198,-0.0029442771864147876,-0.01223750166333429
2021-08-20,0.0010370537394489392,-0.0001959631595531089,0.00016865302491057482,-0.0020330767443477475,-0.001736476230707647
2021-08-23,0.00038946226881145024,-0.0005426426831175656,0.00121429533459722,0.0012785948318855124,0.01154969527927279
2021-08-24,0.0002895852745440885,0.00113126865896523,-0.00038738776615830303,0.0021348253075515336,0.006249069844400151
2021-08-25,0.000785800488478929,0.0007583017163196906,0.0012684408153208265,0.000840260943558179,0.0023264948579963017
2021-08-26,0.0009920635734282477,-0.00020675538843746395,-0.00030308457669294217,-0.0022887406756416455,-0.0049623788872692086
2021-08-27,0.008074377253576728,0.004557510212115654,-0.00042746534389655503,-0.0005344405973166433,0.009941300807332427
2021-08-30,-0.0015075104269277847,-0.0004660087803631778,-0.0003562864032207211,0.0008499671492190849,-0.0022593000306169423
2021-08-31,-0.0005333005274797511,-0.0004921730908018972,0.0005456802721930115,-0.0003693747348639611,0.00254648148340385
2021-09-01,0.0013180871981630685,0.0005570387421815897,0.00012254651676865704,0.0009094179673511364,0.007234314695886424
2021-09-02,1.351433533138836e-05,-0.0014591442277603673,0.0003249214801683386,0.0009995543360552203,0.0046183202900398936
2021-09-03,0.0002417210550808548,0.0005377139222706954,0.0010629209797421665,-0.0007253385230969812,0.006236676397576373
2021-09-06,0.00020170372480686588,0.00043022896911204376,0.00037670864722744597,-0.000712868653881584,-0.00196123271225332
2021-09-07,-0.002043841779146305,-0.001353290054153483,-0.00204973371295414,0.00046056731869927904,-0.006976003678682311
2021-09-08,-0.0008955224479074936,-0.0009634761877877417,-0.00023097355455501978,-0.0010593796829311618,-0.002725333031553033
2021-09-09,0.0007717042183618505,-0.0001218331834486483,0.0001626853939218398,-0.0012594033718455733,0.00047509485822953037
2021-09-10,-0.0015146395484738004,-0.000865437979129018,0.00045940359413014964,-0.0016931593650300375,-0.002377734664619374
2021-09-13,-0.0015343153243853025,0.0002445087424058178,-6.795370995894632e-05,0.001656416274889532,0.0020513106369126483
2021-09-14,-0.0036322864137050223,-0.0011035047610043964,-0.0007075504084658442,-0.0010226832005447084,-0.0069042332721424024
2021-09-15,0.00031399103335774653,0.0013233741144854975,0.0009827742321403652,-0.00027303008961187717,0.0017066597991670996
2021-09-16,-0.0023043065046920337,-0.0007820164073188444,-8.204567213689977e-05,-0.0005082103550792684,-0.005238442638279235
2021-09-17,-0.0022494420172712287,-0.0015083993261107366,0.0006150776216822803,-0.001236603620072882,-0.004246407590246666
2021-09-20,-2.7597245796689155e-05,-0.001543550471845583,-0.0001243978798677521,0.0007724351400645946,-0.0019839636167829073
2021-09-21,-0.00023497702171074904,-0.00040057185620539766,0.0013337643689669005,-0.001507930754922191,-0.002789710270893376
2021-09-22,0.0019048413561202013,0.0016011266515965187,-1.3806529107909031e-05,0.0006617039116542475,0.0008570757654285526
2021-09-23,0.002562329695094922,-1.3697598126460217e-05,0.0014863751704348013,-0.00020529243980046806,0.007763073727727958
2021-09-24,-0.00022072010021999253,-5.5146551975814845e-05,2.748347556196881e-05,-0.0005106019003203769,-0.0049068553758450225
2021-09-27,0.0015118823062118373,0.0018691594227035718,-0.0003029385058005883,0.0001922575158011839,0.003699607440727102
2021-09-28,-0.002801914863363593,-0.0005800864767723807,-0.00037128458014127616,0.0002487630958958623,-0.00644532674313969
2021-09-29,-0.0011950088963445541,0.00033364844884953043,-6.897550682488372e-05,-0.0006954296644565233,-0.008435941416265517
2021-09-30,0.0015241159615579565,0.00019388701987142025,-0.0009576750050114799,4.15342761672986e-05,0.006901127816025128
2021-10-01,-1.3760931340119497e-05,-0.0006058436557959652,0.0030351139984819446,-0.001363270407158843,0.004583617479345923
2021-10-04,0.0008225601275384398,0.0006305343301811997,-0.0018593638070651816,-0.0021949990292656754,0.004124227399006845
2021-10-05,0.0013882877496930511,0.0005497752932023588,0.0009762067583538345,-9.615582746064603e-05,-0.000301866083521637
2021-10-06,6.894697291044908e-05,-0.002605837720494772,0.00029035001206359094,0.0006478692909133303,-0.0023907021361615132
2021-10-07,0.0021798299042309426,0.0013017891158936912,-0.0008367684765910969,0.0009992130318414512,0.005979747084660583
2021-10-08,-0.0012448616870163376,0.0015325463789655663,0.00015083887009153578,0.001217518738077557,-0.0010808371382543434
2021-10-11,0.0024868366816569298,0.0006112096027939944,0.00010896510403328577,-0.00028506078096057985,0.006129502826161665
2021-10-12,-0.0009510741060107146,0.0006251868968754363,0.00097843376879079,6.796387043274625e-05,0.00027215698182595074
2021-10-13,8.158048599298356e-05,-0.00010869417545786845,0.0014685688175336599,0.002335815066042624,0.003965079947383129
2021-10-14,-0.0004580852118584223,0.00048507715025125853,0.0016872856932454564,-2.6952724922121015e-05,0.0047725043434736535
2021-10-15,-2.699018906794166e-05,-0.00036408503810421433,-0.0009030684721751714,0.0016720157073466413,0.00043151110462167036
2021-10-18,0.0013107844285375526,0.0009591808520970536,-0.0017570658824595476,0.0009178770689237027,-0.000876772992209722
2021-10-19,0.0015135181464242292,0.002009054813074283,0.00037502344336017685,0.0006689679412465366,0.008211473598048092
2021-10-20,0.001174366911064044,-0.00028020735527505366,0.0007342977439878191,0.001665767537582738,0.005698857637563181
2021-10-21,0.0009079135969542151,-0.00022691627554234748,-0.00037382678904244446,0.0013736540685640388,-0.006314728377732433
2021-10-22,0.0018009489863119892,-0.0006001960820651475,0.0010535511646714065,-0.0018944200337231412,-0.0004956496796023208
2021-10-25,-0.00022699505381780895,0.00046777373969327386,-0.0003866280086824128,0.0005473709642898062,0.0032763895445465092
2021-10-26,-0.00018628912125413842,-0.00019970842636219345,0.0015205274090223425,-0.0005324459360398136,0.0014008874576797571
2021-10-27,0.0017032378936301096,0.0014896393040047123,-0.0028654651328011115,-0.00206288544291221,0.0023038569814180006
2021-10-28,0.0025241132512751775,0.0011688761525292463,-0.0006254200165270921,0.001498167345735343,0.0032403746812820723
2021-10-29,-0.0015957237997279705,-0.0005185860004923974,-0.0009016415790230399,-0.0005857373135689972,-0.00306746670114803
2021-11-01,0.0008498546463411009,0.0001725774445563902,-0.00023991043458887525,-0.0005841974753559977,0.00034580906364361656
2021-11-02,-0.00243281324836738,-0.00181499233078188,-0.000803880104385392,-0.0012927379562540538,-0.011300461939515566
2021-11-03,1.3461214874854038e-05,0.0008755447457526665,0.0005106222984138422,-0.0017514790999175792,0.004428408047568626
2021-11-04,0.0024211613106973396,0.001919957323153812,-8.082332026588915e-05,-0.0008920366056185755,-0.008147286969786349
2021-11-05,0.00017570535608654484,0.00029719689512913217,-2.7130415910977024e-05,0.0010400838407643369,-0.00133732298715465
2021-11-08,-0.0007276843788116643,0.0003638054085439241,0.0003106324095612579,0.001374070697928082,0.0026065773399974353
2021-11-09,-0.0014924160911861909,-0.0006649522904279943,-0.0006465430378373,0.0001900676103361857,-0.005219966685309932
2021-11-10,-0.0004073596362938879,-1.3583726695550889e-05,-0.0005563206993010193,-0.0005569933372727778,-0.005724518817900428
2021-11-11,0.00015063025094721753,0.0,-0.0008089672398122851,-0.0006848658615521157,-0.005922073204763383
2021-11-12,0.0008061816804852913,0.001024919291922643,0.0007677648823102325,0.0002185135623673863,0.005226373555245975
2021-11-15,0.0002990308703693049,0.00021748882057263456,0.0008150181113487214,0.0002174208460798589,0.0017851915645007157
2021-11-16,0.00012299702772685877,0.00047846563820763444,-0.0005179511060918752,-0.0011485610068278525,-0.006022428122448491
2021-11-17,-0.0008800275576541865,0.0008665094654722069,-0.0011820494813216138,0.0005226097599418045,-0.004530423311459759
2021-11-18,0.0006194806197432202,0.000647690729658875,0.00013730605541288686,0.00039901759646618075,0.0011414034999971264
2021-11-19,0.00012406349309793498,0.0005651937317458454,-0.0004281028893279347,0.00020673829073491757,-0.006356143475375832
2021-11-22,-5.518763798320176e-05,0.000979790182502197,0.0003721340552493209,-0.0018090804174384053,-0.0005256823616291128
2021-11-23,-0.0003329033362690891,-0.0009564669673798093,0.0002075535668613541,0.0017742051919963163,-0.0007751938372690744
2021-11-24,-0.00040307729205234466,-0.00045880808028977575,0.0004573139123914317,0.00033359279748929223,-0.0027873519499146304
2021-11-25,-0.00041733905229851943,6.95589268729669e-05,-0.00045913363682134844,0.0003199755176471834,-0.003951639365590878
2021-11-26,-0.0018796207017932362,-0.0005609468930397986,0.00019632590162617887,-0.0001965822773366816,-0.008358057013482299
2021-11-29,-0.0012633885757560599,-0.0010669812465453083,0.0006433386700590521,-0.0003090712433813255,0.0003919647281932028
2021-11-30,-0.00884092202490208,-0.005796057473700457,0.000925951972777473,-0.0008460833896818952,-0.0029013763336189083
2021-12-01,-0.0013005266867775,-0.0011754335764172274,-0.0007830634961201085,-0.0024097409982421054,-0.0024453669693962083
2021-12-02,-0.001505674706985724,-1.4085201383349966e-05,-0.0006753999890902457,-0.0007043642699575591,-0.0027899523514949313
2021-12-03,-0.0002280111735351781,0.0008122030384008254,0.00014181379872046097,-0.0010124272737138,-0.013052215887199054
2021-12-06,-0.0012061443868846256,-0.0008090443073675819,0.0001708330964805992,0.0001987591755196565,0.004493430951924449
2021-12-07,0.00042161479087063006,0.0013347854031367696,-0.0011844166018512862,-0.0007449732224474017,0.010360007974484515
2021-12-08,0.0017882844225321263,0.0014538746916692787,-0.0011219253413659736,0.00026517609941779414,0.006508116099866128
2021-12-09,-0.00041991518330444647,0.0002939632567100253,-0.0009499861010620557,0.0003359462517597661,-0.0031298055449590243
2021-12-10,-0.0016182361970617722,-0.0007258109860253833,-0.0002098356994178335,0.0019527169884399171,0.0029763382297079283
2021-12-13,0.0002248833427140399,-0.00043578804521792147,-0.0015837979413562294,0.0007164783290840338,-0.004812678921816388
2021-12-14,-0.0010815291346447594,0.00028109232662484917,0.0006179167975060915,-0.001786380383200321,-0.0038359175594800455
2021-12-15,0.0016723234432091053,0.0006321068330514358,-7.017002199197047e-05,0.0004071175432640659,0.008774199200062418
2021-12-16,-0.0010984046430915673,-0.0005564520760131997,0.00024999305705047324,0.0005006884570739363,0.0012551602674286233
2021-12-17,0.0013998154529664766,-0.00043379395467712465,-0.0007403320657462731,-0.0005316990708590396,-0.007442363297099968
2021-12-20,-0.0008999761551300691,-0.0011383680406326878,0.0013519986286116303,0.0009983619258161604,-0.0009982636666662974
2021-12-21,0.00023828045722425268,-9.807973890630877e-05,0.0007854137851156584,0.00026624627937970956,0.005373226825156134
2021-12-22,0.0011238996333625833,-0.00018037893500470506,0.0013830198132243796,0.0004298004267115206,0.008970294016764723
2021-12-23,0.00019348508152182086,-0.0004421049795003402,-0.0003315146103985727,0.00040067147547923505,0.0027695094902217676
2021-12-24,-0.0002630868409444785,6.922091858932694e-05,-0.0005247749112311205,-0.0006649489065555415,-0.0021595589604777414
2021-12-27,0.00030398076864864075,-0.0005250504445377045,0.0006931352168378778,-0.00026252340408735095,0.0008158129890182269
2021-12-28,-0.0006639463553952861,0.00026294848437144,-0.00013794054784272406,0.0008575143675032433,-0.00045622015487131447
2021-12-29,0.00035803795584766807,-0.0009222743662684915,0.0005541855000656423,-0.00342036274810486,0.003602612682138668
2021-12-30,-0.0011838719497330754,-0.0009090408867962639,0.0003859035013503901,-0.00016530291797296648,-0.0012270193933335124
2021-12-31,0.0014050363212858694,0.0006196512250487622,-0.0008120402612580129,0.0005366984915490026,0.0019019273077986688
2022-01-03,6.956376565391418e-05,4.1734775507882436e-05,-0.0005514503283011397,0.0006119525649589591,-0.009970972037147027
2022-01-04,8.288094157509402e-05,-0.0006074076305967202,0.00033275563565268745,0.0001795518115385441,0.005986216362990013
2022-01-05,0.00013768225710510454,6.882549298982498e-05,0.00028974109766229464,-0.000523293455625423,-0.002503753477989933
2022-01-06,0.0010607711125043275,-0.0008796978875077332,0.0023870524271392274,-0.00041859102873002384,-0.008093494325852924
2022-01-07,-1.3953715525770461e-05,0.0011030208528115418,0.00013975263805837243,0.0025920469374836348,0.002189756445273708
2022-01-10,0.0013548150375668248,0.0012857424137577473,0.0015708301520882281,0.0007673794370084106,0.00022288468595886666
2022-01-11,0.00133583822828517,0.001127764709113372,-0.00036198087465576733,0.0005282767180634516,0.004156045096196952
2022-01-12,-0.001017825792095015,0.00024754858267315576,-0.0005964642332985411,0.001265248473769476,0.00993755849025419
2022-01-13,0.0005346457413958875,0.00047965904014813526,-0.00039687699387099885,-2.7410777919570168e-05,-0.0001098765263643109
2022-01-14,-0.001589924364207648,-0.0003042456115295332,-0.00022011583684751883,-0.0008720749706567943,-0.009813811087874305
2022-01-17,-0.0006657328160884721,-0.00048528546135929204,0.0010389611324190385,0.0004161349446945026,-0.0006238692572427176
2022-01-18,-0.0001808632748140276,-0.0005841527864687953,-0.0003060954763509294,-0.00038966280744096124,-0.003375636136596164
2022-01-19,-0.000733690982903589,0.00020772027078329154,0.001401814260188473,0.0005260972016676626,0.004027223884845948
2022-01-20,0.0006053602077993048,-1.3750335164754109e-05,0.00056674063457534,-0.0008393475597860226,4.1576295973799204e-05
2022-01-21,0.00044460500357258737,0.0011112810045002877,0.0020291312276893075,-0.0002500659909391686,-0.006074567432184386
2022-01-24,-0.00021112041683215738,-0.0013224165569175076,-0.0031363789361745047,-0.0007322293894807252,-0.00467222138494027
2022-01-25,-0.0013305230917823952,-0.001693954668299214,-0.0015821569635472755,7.007168336076598e-05,0.0006568236524943977
2022-01-26,0.001410723124686199,0.0005168933428860312,0.0009343383960643387,0.000237252891760199,-0.00521053368124927
2022-01-27,-0.00136073727587322,0.0011906281969520263,-0.0004513844885013514,-0.0009507794978923375,-0.012193463827453833
2022-01-28,0.002544639762814979,0.00045781650941989076,-0.0029325324461210098,-0.0011142699114353085,-0.006102883580882757
2022-01-31,-0.0027483831600250107,-0.0013184104433843265,9.926895513390289e-05,0.0019133336808208373,0.010182547413629542
2022-02-01,0.003253455261658461,0.0034931580959180644,0.0001412249857590821,-0.0002531360760548622,0.009253131010612646
2022-02-02,-0.0007301832803537106,-0.0009680610774738501,0.0013151821463956292,0.000688071811289001,-0.0018381713271456701
2022-02-03,0.0008673270086544499,-0.0005177106113379163,0.00025291910938675925,-0.0014272923054388174,0.0030290729803399085
2022-02-04,0.0,0.00038263408602766424,-0.0017736740808874274,0.0012463355105194036,-0.009750958427618174
2022-02-07,-0.00037946131004068284,0.00025295465220103315,-0.000366460419328952,-0.0006046246941367917,0.006673449331647571
2022-02-08,0.0002665787440283412,-9.819944314781792e-05,-0.0009677759442531795,0.0006030475117719162,0.0025365962967254193
2022-02-09,-0.0015582611848764525,-0.0010158996107339359,0.0018272488258741304,-1.392398894455756e-05,0.0044549724196237695
2022-02-10,0.002323684637313726,0.0002210250043533039,0.000876210930809383,0.0007457533835472621,-0.0021761276320937683
2022-02-11,-0.0009475371711515028,0.00048770632685721883,0.001121956810163651,0.0005017491638246672,-0.004072014414301633
2022-02-14,-4.214992729760916e-05,5.6205035986122646e-05,0.0007185375956361861,0.0011935605323395615,-0.0017512771282931188
2022-02-15,-5.6015348220121464e-05,-5.6031041211544607e-05,-0.0015265361105128545,0.0014134277971471646,0.002283058047091722
2022-02-16,6.974619362968205e-05,0.0001534694563914653,-0.000585643387813308,0.0019230775157414838,0.006178670534650628
2022-02-17,0.001097397611121224,0.0014728361700942758,0.0017778770169968238,-0.0015422560283667155,-0.0007511162775067201
2022-02-18,-0.0030633012898796863,-0.0021874986952442237,-0.0009569046945890538,0.00041827587297486597,-0.0021591210321284726
2022-02-21,0.00040216615551158687,-0.00018024138529631467,-0.0011930692424168164,-5.54615790054516e-05,0.0016998039565698513
2022-02-22,0.0013991925756589889,0.0006787785018577508,0.0017461443758188307,0.0,0.005926662963679952
2022-02-23,-0.0024716088387403104,-0.0015043511700985038,1.377021639921754e-05,0.0016714211658406582,0.00013837766053136316
2022-02-24,0.0009684687022256676,0.0005342030660962512,0.000919770958274171,0.0007572783219361138,-0.009383735715044063
2022-02-25,-4.1484882223364185e-05,-0.0005257550932569631,-0.0002778665424883451,-0.0020625842208714744,0.010241250082547353
2022-02-28,0.0006208823627414807,0.0013108964958278612,0.0014018337167312426,0.0013508113812960524,0.010136344680732344
2022-03-01,-0.001363683533757591,-0.0010329227810175919,-0.0011281713815593675,-0.0008825639052654572,0.0003168327769344237
2022-03-02,0.00026150807727258566,0.0001378074831643924,0.0005511160238691527,0.0020346726110982,0.0043977257710843005
2022-03-03,-0.004440110304951115,-0.0008193140069420667,0.0009722898189391861,0.0016553916865370778,0.005865520409000371
2022-03-04,0.00023147360283090344,-0.0004766931208114399,0.0016447707486170694,0.0019857468034313874,0.004705763032505522
2022-03-07,-0.002328670238294209,-0.001811878514062612,5.403725870302606e-05,-0.0019105591466091804,-0.008816734082116572
2022-03-08,-0.003918688886857588,-0.0020340574075095657,0.00027433337163150896,0.0002617242130499516,-0.008454711046129675
2022-03-09,-0.0009694620245481195,-0.0003277658688506589,0.0011054173393310895,0.00046436669413199767,0.006761276794612505
2022-03-10,-0.0005030625739168798,-4.0788301920653466e-05,-0.0008860475364816252,0.0009922860772737599,0.006634404592125435
2022-03-11,-0.0016668719958423679,-0.001120019785721502,-0.00028717752554622986,-0.0010945410861512206,-0.010208208742287925
2022-03-14,-0.0017682004883227194,-0.0008846744560514009,-0.0010343758464584985,-0.0018959975233118675,-0.013536935959681936
2022-03-15,-0.0027225264066160337,-0.0024570548540342667,0.0014183807809480975,-0.00023648719253855597,-0.0011815977965228363
2022-03-16,0.00026200572425552404,0.0008966940184350847,0.002018247851240988,-0.0002344229414267105,0.013607719662184914
2022-03-17,0.003350404978836388,0.0018567087388269106,0.0010369623393074075,0.0010827492057446484,0.012653046384813408
2022-03-18,0.0004321637968024454,-0.0005402339344269524,0.0007048076302552027,0.0004049840086672666,0.004339750617423182
2022-03-21,0.000917245629831913,0.0005395052867498901,-0.00032515479009164036,-0.0021325423117630297,-0.001891330168506412
2022-03-22,-4.036517024560105e-05,0.0010760788728024513,0.0017925378638193824,0.0009145440021996606,0.008938727332592314
2022-03-23,-0.00012011771550555718,-5.33689126209957e-05,-0.0009767389739372986,0.0007871757476046534,0.004919796019622138
2022-03-24,-0.0013050659712012661,-0.0011051711143990756,0.0014297456286164571,-0.0010399446300151116,0.0014925375905060505
2022-03-25,-0.0011317414712985019,-0.0017708192334235544,0.0014110570624444965,0.0012914136115104652,0.00035947517012817906
2022-03-28,-0.002286387636034583,-0.002407158443320263,0.0011956162168214194,0.0011104199999795142,-0.002947159992833075
2022-03-29,0.00126865439510888,0.0019086395063068829,-0.0018016459902270398,0.0012803757517524741,0.0028938948388842044
2022-03-30,-0.00025278226933524384,-0.0009179133416000548,-0.00029287254928582625,0.0011303718796840546,0.00023967085317698082
2022-03-31,-0.0006002761450432067,-0.0005067815479947807,-0.0016583308157554068,0.0019595695218908777,-0.003627831550357541
2022-04-01,-0.0005199133594869005,1.332613721954976e-05,0.002932397068237301,-0.0013477001072441795,0.0017755473148654188
2022-04-04,0.001024256339836654,0.0004788316599208855,-0.0010778659300201255,0.0030002146548990596,0.006825510968252323
2022-04-05,-0.002855610329184199,-0.00040537978756171114,0.00032761750294678913,-9.182917156859655e-05,0.0046169904942764285
2022-04-06,-0.0014942250332189455,-0.0009125958693636948,0.0007917343353286481,-0.002902259569455342,-0.008989003331968788
2022-04-07,-0.0006951500199723086,-0.0014166579937961007,-0.0010160428681575148,-0.0004547825816402733,-0.003816187381132281
2022-04-08,0.00028250297824955814,0.0004980716653079868,0.0006701514793092272,0.0021766303083452423,-0.0029991051948715626
2022-04-11,-0.00024228719226902673,0.00032315398568504483,-0.0009546796833763269,-0.000121165613347246,-0.005779974421978169
2022-04-12,0.0016989175161951674,0.0006022282627059191,5.381479639132722e-05,2.6731535193584686e-05,0.004559554365586788
2022-04-13,0.001444843040302699,0.0,-0.0010894785703890436,-4.048118637414675e-05,9.393136308028917e-05
2022-04-14,-0.0019394729098637824,-0.0004043290215062713,0.0008594873150400738,-0.0006608182248684941,-0.005152396899119028
2022-04-15,-0.0003647687474162069,-0.0004999763628849389,0.0008912897281456647,-6.756437198126802e-05,-0.003309896902521262
2022-04-18,-0.00017641590774419152,-1.3567324455916535e-05,0.00010861596122228485,-0.0015755521086068815,-0.005548522988226219
2022-04-19,0.0017492597228851731,0.0006640331447458148,9.475272928788108e-05,-0.0012065262324050816,0.003395173970585238
2022-04-20,-0.00017492986030030782,-0.0005250934181036342,0.0023311761431270765,0.0029294008962242437,0.010022948990056266
2022-04-21,-0.001857785731277224,-0.000862243232942193,-0.0007515064030428508,-0.0031986207082261007,-0.01051114416933233
2022-04-22,-0.002941138168298271,-0.0009345024454920371,-0.0011083365825167266,-0.001460035245107278,-0.01877173039786839
2022-04-25,-0.0010642917163646434,-0.0014699399971487182,-6.960734499513875e-05,0.001162261639676442,-0.009201966288458669
2022-04-26,-0.0017277899739112864,-0.0015460797430284828,0.0016411686576556538,-0.0029049488320336014,-0.008936185047646185
2022-04-27,7.021830875074772e-05,-0.0015982282699347312,-0.0015800110951445243,-0.0016866017575265086,0.0004494129618926163
2022-04-28,-0.0029251149568809017,-0.0003675067535391379,-0.0010490611865344465,0.0011597647826319126,-0.0031501404235316547
2022-04-29,-0.0012863356592570504,0.0013273256341126219,-0.0005589246435644392,-0.005302596382203125,-0.00586255095970844
2022-05-02,-0.0002554060970804486,-0.0003685643044670636,5.675288377109488e-05,-0.00018450053628444953,-0.002167462014862045
2022-05-03,-0.0010133994786887283,0.0005068281116518432,-0.002125489064261066,-0.0006338965833938159,0.006305155473299608
2022-05-04,-0.003408496479452768,-0.002271517283956041,0.0016308859604830643,0.0021895052887918806,0.022159950182107147
2022-05-05,-0.005656163172687888,-0.0030023552621928477,-0.0017048648207783786,-0.0006304419606810252,-0.019809243536071344
2022-05-06,-2.8218694887112942e-05,0.0020362285913929877,0.0031046721993024965,0.0020719553555690264,-0.005865946485462526
2022-05-09,-0.002469225161811913,-0.0022276176568562147,-0.001771429034651373,-0.002145892870784412,-0.017367419281728202
2022-05-10,-0.0003010429008865164,0.001879983045473548,0.001812193969170975,-0.005290180961680583,-0.001426153589221695
2022-05-11,0.0020822347326757435,-0.0002557399422894271,0.0030339481741777966,-0.00396854241708691,0.00038915273294368684
2022-05-12,-0.00048061869657998183,-0.0005833880425066818,-0.0021497887542796944,0.001193838769752398,-0.012397302361340267
2022-05-13,0.00435363780481093,0.003002896350103972,-0.001668274883355215,0.0006803558378577772,0.011835144235963635
2022-05-16,0.00187500956379106,0.0006928706774294342,0.0023741976523894157,-0.0008937968216516767,0.006028144715599298
2022-05-17,-0.00014245623056414526,0.0005698168193154745,0.002577816551151408,-0.002125005256452185,0.008128442003244894
2022-05-18,-0.0010142640670081772,-0.0011559292602647156,-0.0005566697022833027,0.0020702906514334387,-0.010469203172838988
2022-05-19,0.0038882946190230356,0.0024249311701939687,-0.0005868586769445341,-0.0012471480195307006,0.013026894688792971
2022-05-20,-0.00012757181247244242,-0.000566540154522196,0.0014020381413383338,-0.00379205260504351,-0.0012069836108551265
2022-05-23,0.0014914455713776914,-0.00021116499807483872,-0.0017461595976383851,-0.0020830115482337605,0.008024455355436591
2022-05-24,-0.0022620285895358534,0.002075084912560101,-0.004529971125743643,0.0007074337429648348,-0.00021108773588278355
2022-05-25,0.0017135295103204219,-1.416019427807468e-05,-0.001777301790947345,0.00043853135140936177,-0.0029175701990247138
2022-05-26,0.003273787249294501,0.0011145992476973897,-0.0022567005345926674,-0.0032313853214138233,0.0013400384268794968
2022-05-27,0.0010336206973909118,0.000964246111170259,0.0013168587821007498,-0.001956400847599462,0.008827446084874527
2022-05-30,0.0010168052301325475,0.0009191049122832368,0.0019778818047773163,0.0015719227291358642,0.005504128046930165
2022-05-31,-0.000376419419321519,0.00041864360086725706,0.0011269958408752952,0.00039035815856279266,-0.0030897298104262142
2022-06-01,-0.006442766561919385,-0.0031213826004810904,-0.0011142683196458296,0.0011833579506894552,-1.3939322131064102e-05
2022-06-02,0.002517185954931351,-0.00048441901807484786,0.0012524180259686874,-0.0008014924770936896,0.012412366542841393
2022-06-03,0.000760472082388387,0.0012722999918462303,0.0010469041523711016,-0.0015492084155257603,-0.008308669548394538
2022-06-06,-0.0007890420470418977,0.000609123020148777,0.001190888460345865,-0.00034626758519640325,-0.002319107280846966
2022-06-07,0.0013233134910167115,0.0013215830312534624,0.0015020656222556356,0.004624783427667287,0.005089422375047966
2022-06-08,0.0006238692572426781,0.0005818947765954143,-0.001252470313188565,-0.0007903001471999589,-0.005395334830851553
2022-06-09,-0.0037272171723981003,-0.0006026418317702842,0.0017985240224592152,-0.0001544325659231237,-0.013173097139940599
2022-06-10,-0.0020828175146763313,-0.0024365724397635586,0.0008557020434746153,-0.00015603168893413025,-0.007411422570396787
2022-06-13,-0.0022403180280516073,-0.00037310220563120737,-0.0010440579041780438,-0.00414920420655764,-0.016240958482429478
2022-06-14,-0.002366968120020147,0.00031952130171766335,-0.00210335317341821,0.000944554712712409,-0.007551034103180194
2022-06-15,0.0039052135891373603,0.0026217243481293966,0.0035836635032382067,-0.0024479816386401127,0.018964470660798125
2022-06-16,-0.004122177230391175,-0.002081285693562652,0.0021076636401991824,0.0016106768323355216,0.005864034225026583
2022-06-17,-0.003742411599383441,-0.002257548284616607,0.0014436307670670633,-0.0048426944799570505,-0.01635381651002108
2022-06-20,-0.00011481056269784651,-0.0014352352661045162,0.0005012639116178186,0.00022960794544343163,0.0026937692302419092
2022-06-21,0.0010612362963579158,0.0007452419514827836,-0.00037269574124805153,0.0015611240396878046,0.0020694122496169405
2022-06-22,0.0019230080026850678,-0.0004187816403796571,-0.0020899559137745618,0.002726349896780908,-0.006105570122466832
2022-06-23,-0.001389029783618508,0.0017206108797280042,0.00011628583070254155,0.0009406998052505889,-0.00396550247566956
2022-06-24,0.0037826332928812796,0.0040460144207268185,-0.0006088898097598222,0.000201723293960911,0.0064035604511173865
2022-06-27,-0.0007790184761665497,-0.00036043569856980117,0.00031709883659807264,0.0019031970795124645,-0.0026689187973263236
2022-06-28,-0.0009803498327084009,-0.0007207830899206917,0.0017697464386096152,-0.0017612755029440242,-0.0025167434491365666
2022-06-29,-0.0009456403052785319,0.0006551982937154767,-0.0014679701774990331,0.0,-0.0044268732261041055
2022-06-30,-0.0011148999554899488,1.448299334543923e-05,0.0013073796167825968,-0.004312009875318235,0.0038184332762903612
2022-07-01,0.00172560051668522,-0.0010031570781947287,0.001176055645371071,-0.00259690583139043,-0.013171808006182357
2022-07-04,-0.002273987161062718,-0.001413201281256603,-0.001516964029632755,-0.0001605405842746595,0.007824136669570578
2022-07-05,-1.4755247335167125e-05,-0.00296571936826464,-0.0016742796432684798,-0.0002508725211826206,-0.009955283812437285
2022-07-06,-0.004194174047495715,-0.0028829908914719607,-0.0022194630957190985,-0.0013133722346265477,-0.002165188458644237
2022-07-07,0.0011571617142872477,0.00011714402871714418,-0.001042133091036044,0.00019029077952208018,0.008369601306558486
2022-07-08,0.00032144475079892693,-0.0022072644010231687,0.0010856490019106545,0.0030777109222864998,0.0021763429975264715
2022-07-11,-0.0005351091155691418,0.0004314160181758554,0.0008376132920782996,0.001767742875013674,-0.017594811925750554
2022-07-12,-0.00029635776526064323,-0.0001481130401427435,-0.00025300442892703775,0.0023684065781175868,0.0034994104512968065
2022-07-13,-0.00367920184782977,-0.0009923647976895055,0.000265623848680423,0.009069652411837445,0.0001184097571025462
2022-07-14,-0.00046312550781841714,0.0011661285856814257,-0.003953422930673918,0.0021494791312991206,-0.001659013859996823
2022-07-15,0.0002804241803054718,0.0037352313722696525,0.00016352135848346372,0.0019460421886758575,0.0063986741247663535
2022-07-18,0.0008337417200212946,0.000394768590319958,-0.0004393544489408746,0.00102294324278949,0.0034114670029610325
2022-07-19,0.0003333550769684865,-0.0010002392710249798,0.0012784753019863177,0.00037670240955471157,0.012559882113395938
2022-07-20,-0.002985639274524323,-0.002249099494871271,0.00040550913675342615,0.002001073706906583,-0.00159586849097088
2022-07-21,0.001715291220500305,0.0027589028360939425,-0.001193664983934807,0.0014658396732306555,0.006656754390402039
2022-07-22,0.0030181543197220643,-0.0003592134700569196,0.0010995848728612627,-0.0012205367568491692,-0.001530023393166574
2022-07-25,-0.00017248070414884142,0.0008340403986451702,0.00261170219228797,-0.00138091766647194,0.004640112079236797
2022-07-26,-0.0015710016562978778,5.7637718138794075e-05,-0.0011636845573415892,0.00367141963466568,-0.002475890137667728
2022-07-27,-0.0009233078156075013,0.0005335679235959904,0.0008792603248927153,-0.0006497116230946899,0.007566711144714722
2022-07-28,-0.0033959782452718636,-0.0017204551979191087,0.0009857495708746773,-2.8707172489020888e-05,-0.000386279914671114
2022-07-29,0.0023219433984711713,0.0022372827080277624,-0.003738215433739463,0.005373112947043691,-4.292920259663175e-05
2022-08-01,0.0024628976395992086,0.0013382118364537222,0.0021067623450653976,0.001165269422746466,0.005881194329174473
2022-08-02,-0.0012834658218486867,-0.002684526624477866,-0.0013577146263380115,0.0031120805441927748,-0.015563121164691393
2022-08-03,-0.002586762716135515,-0.001473222289679704,-0.0007794457669444415,8.68156037124626e-05,0.004428200547572748
2022-08-04,0.0014084711795364058,0.0010488732758965342,0.00024397069602429203,-0.0004884285626686378,0.0023719005722212826
2022-08-05,0.004238032468053607,0.00043545789084625174,-0.0015092606770303922,0.0012592363745020858,-0.007725719108157801
2022-08-08,0.00042913544172888907,-0.00010010081590530575,-0.0011776365336798912,0.0019859277163068057,0.010829442970780402
2022-08-09,-0.0006022196276180908,-0.001218699297030924,0.0008167301161114786,-0.0001004052068115486,-0.0026820241682480803
2022-08-10,0.004852901805417082,0.00327086884603105,0.0016216413699737474,0.001593625835278026,0.016310322043507904
2022-08-11,0.0012911738843464878,0.0004909421277849849,-0.0005074210434892401,-0.0012630871525166729,0.003469776958541443
2022-08-12,0.00018304316349699044,-0.001550191265778115,-0.0005194987655885059,-0.00011263798164644996,0.002531255306616364
2022-08-15,-0.001209628791500535,0.0006832351448633984,-0.001700511980350659,0.002105233989010947,-0.013425868884577502
2022-08-16,0.0010409166709397393,-7.129768927209408e-05,0.0,-0.00015678114097525563,9.969450762736493e-05
2022-08-17,-0.0004471594630702698,0.001586981318151281,-0.000329770382439593,-0.0019930106825200287,-0.012654859214856626
2022-08-18,-0.0025200718956730826,-0.000806997867784149,0.0025537638591422653,0.0009367682183868799,-0.002946573853495265
2022-08-19,-0.0021633245219222453,-0.001249092391890662,-0.0006804444867846705,-0.0017311235529942957,-0.0060793988884087526
2022-08-22,-0.0030615452057777635,-0.002612180042263037,0.0014365629443096992,-0.0012068778955905456,0.0003491670945491435
2022-08-23,0.009304411804997643,0.0025443099277885576,0.0016265361278638784,0.00010081734066799575,0.007578812803563172
2022-08-24,0.0009730947356586955,-0.0007262375406341442,0.00018783548556518907,0.0036081505008513986,-0.002978301101292115
2022-08-25,0.0006611190398749814,0.0006469095917907634,0.0011166147694388123,0.0008042510845683378,0.01048577908599705
2022-08-26,-0.0002857918597351178,-0.005362096891799983,0.0006610335355956496,-0.007977888008272002,-0.012979329045718552
2022-08-29,0.0029965063207212884,0.0019118803077567397,-0.0008316494128889542,-0.004577993102517367,0.0024666650153973677
2022-08-30,-0.0037391889824913357,-0.0034368032436339806,0.0026964882703864675,-0.00257336780497309,-0.006965831742648224
2022-08-31,-0.001678452715052793,-0.001356684064283262,-0.0011053742671573578,0.0015326120894296484,-0.0015188471367270173
2022-09-01,-0.004641470099369018,-0.003569045655039593,-0.0006441129762590832,-0.001974741641180433,-0.008498322870959448
2022-09-02,0.00103925007706912,0.000410334574979402,0.0014856985882646223,0.0016079759052349033,0.004749764456929846
2022-09-05,1.4720494608918622e-05,-0.0009276506809075365,0.0006641233447314008,0.00022078141993246423,0.0015466084493408314
2022-09-06,-0.0032741497578119513,-0.0021637010679119166,-0.0038082351037226903,0.0009789235589890402,-0.008736520330973045
2022-09-07,-0.0005368246948978844,-0.0009082314678830513,-0.0009217960807337398,0.0025919871505549912,0.004961539810289873
2022-09-08,0.0005502145231860848,-0.0022002536193726275,-0.00035647447129117044,0.0013667901876693999,-0.0032407264498847304
2022-09-09,0.0011983925438605618,0.0018265112147973818,0.0018793301132364617,-0.001154523595026719,0.013500090937746423
2022-09-12,0.0008140600237323678,0.0019332384848498303,0.0010463292241008845,0.0005520207002669458,0.00716974305050876
2022-09-13,-0.00017659004666660568,-0.0032074416539330285,0.0010300828604092635,-0.002755898552859916,-0.022570874246922508
2022-09-14,0.0005645772506479225,-0.0013959638128358506,0.0014264489788713849,0.0026699909062056154,0.0020326567284648326
2022-09-15,0.0033862591951438984,0.001944558448499195,-0.002251285812437058,-0.003966637945762951,-0.007438518038012729
2022-09-16,0.003138030996647456,0.001810388530940175,-7.493611699539127e-05,0.0003430915566007078,0.0033839466412722264
2022-09-19,0.00176652041506989,-0.001332146074461291,0.00023943851782224187,0.002196308993526287,0.00212802449406572
2022-09-20,8.968341759625663e-05,0.0008665900227063436,-0.001236600549420619,0.0008217234242675916,-0.005978890472558363
2022-09-21,-0.00028500498951637747,0.00037535565388490907,-0.000179939720679297,-0.0010206839467970098,-0.008319365618639746
2022-09-22,-0.000903995722383605,-0.0002870199045347215,0.008437215766016958,-0.000995340081268889,0.0015369318638815473
2022-09-23,-0.0033003079315942372,6.092267391515159e-05,-0.001956606443972315,-0.0043358184595217565,-0.016073197481834264
2022-09-26,0.001644016994827952,0.0011062117987035718,0.002088613214151223,-0.0033215469566060464,-0.010005402165545905
2022-09-27,-0.0010371437683271026,-0.002429082088969673,-0.00029276034693170063,0.0007895653930334461,-0.0034766987789980374
2022-09-28,0.0015507004518573707,-0.0004961471177951032,-0.0017377559147578705,0.0031714380808092013,0.013405399122838023
2022-09-29,-0.004742310371372543,0.0004015816191368985,0.0022177600417441017,0.002628813290978483,-0.0030267436472382492
2022-09-30,-0.002271306049793718,-0.0006945891784432123,0.0006605172243431758,-0.0054753861364022,-0.014960243667560463
2022-10-03,0.0019598922931883195,0.004085823271552763,0.0006979503807980505,0.0018945088031315734,0.01714473731434015
2022-10-04,0.004981234323791603,0.004122762064263329,-0.002748161307087399,-0.0006463129610676158,-0.0017520675800347075
2022-10-05,-0.0018034550370849276,-0.00335633356283023,-0.0006479681796648377,0.0033090235958959185,-0.001785962199710313
2022-10-06,-0.001785867280036884,-0.0033506585291924653,-0.00301928875618276,-0.0007930152876656593,-0.01223299517370466
2022-10-07,-0.0014853848704523226,-0.001518104070383243,0.0018403573615001125,0.0024536054505021484,-0.007830403025618927
2022-10-10,-0.0003169270777329307,0.0006181008652090793,-0.0021101572994989422,-0.004399800609183685,-0.010932005681701884
2022-10-11,-0.0012903741485393583,-0.003760241516763759,0.0003830500405945449,0.002101978543925627,-0.0038195319770259737
2022-10-12,0.0011188544099222382,0.0001756837696672099,0.0002875950681292596,0.0016759379197100938,0.0006854064489314671
2022-10-13,0.003593677068895219,0.005443198185600296,7.965398313957202e-05,-3.217296184572362e-05,0.003197660957059243
2022-10-14,-0.007194906882399698,-0.002619558728905434,-0.0033428156697659006,-0.00043238396369014477,-0.015526770933051425
2022-10-17,0.0018466931937595457,-0.0010033046189394518,-0.0011537723220809354,-0.0002545136417143287,0.012952989010632649
2022-10-18,-0.0033869902438735497,-0.0011711271061741982,-0.002920451570988354,-0.0015866471135521556,0.0038740045910197066
2022-10-19,0.0006680983307443812,0.0005414961351636313,-0.0003174351268619413,0.0005246214499723183,-0.006374662913889602
2022-10-20,0.005824460136521625,0.003357567969480094,-1.5946038605760268e-05,0.002679234396503318,0.0016412646199412508
2022-10-21,0.009130595039490272,0.0031558023923002913,-0.0028276360169337306,-7.917593689063843e-05,0.016501112600206046
2022-10-24,0.000604143168504936,-0.0018104151429628884,-0.0018884847749537927,0.0007467251683536123,-0.014088398175181692
2022-10-25,0.0021806837787496504,0.0023030113814504812,-0.00033185578800293275,0.002175938742553984,0.012774543073303267
2022-10-26,0.001624695727001983,1.545344264095964e-05,0.0025929941986519954,0.0033647718853095213,0.015668873984120115
2022-10-27,0.0031292175520907283,0.002267242416998843,0.00026272070622084106,-0.0024192752436661582,-0.005934276946018406
2022-10-28,-0.0011080506467166433,-0.0006851235047353626,-0.0002648697090232856,0.0006244048844009142,-0.006234812202177495
2022-10-31,0.0034467125882716595,0.0029604125470281796,-0.0016102433695599023,-0.0008292587997217167,0.0013584518862818468
2022-11-01,-0.0021733870380992583,0.0019083975257603906,0.0004966707640630663,-0.00017219652362105608,-0.0020461883227798055
2022-11-02,-4.6822690284227165e-05,0.00035876678204444743,-0.001183155738550066,0.00015606710917357176,-0.009173223410377568
2022-11-03,-0.0004761451380312035,-0.0005397253881317468,-0.0017813692621196204,-0.0005716735899579785,-0.007905304743943875
2022-11-04,0.0011810596720134394,-0.0001244226015260355,0.0016040261341351168,0.00085384507124133,0.029092504881962404
2022-11-07,0.001748022318579152,0.0012526000818179936,-0.0007274697530898658,-0.001469371605442889,0.005452390403156101
2022-11-08,0.0033241706787397983,4.5941455280372646e-05,-0.00041679853025834273,0.0007643740913036501,0.005299903018423631
2022-11-09,-0.00085149209773739,0.0009473006524211204,-0.0024882362597170274,-0.0012708451279546797,-0.012073389968272903
2022-11-10,-0.0006843742425328757,0.0011685346844089262,-0.0018910835602369313,0.002173170567660543,0.026959201769556174
2022-11-11,-0.00028405905629224373,0.0027500876734229576,0.0005549681035784651,0.0005680374459508714,0.01498070943871396
2022-11-14,-0.0014769178370708366,-0.00017891221421767472,-0.0020529426467422946,-0.0005077279284760296,-0.00040340956328920724
2022-11-15,0.0071060878169252,0.00636219170021105,1.4784479254028428e-05,-0.0010183976615751314,0.01145603637661845
2022-11-16,-0.0003113301978372163,0.00023688964014703263,0.0008109164536995508,-0.0017660376348307314,-0.004531058778206646
2022-11-17,-0.002524343208503115,6.0201977653316845e-05,-0.003290706731389744,0.0032144225950145925,-0.0076575071752807014
2022-11-18,0.0009271167335735126,1.4957185058000544e-05,0.0024264810827769588,-0.0016604466077236337,-0.0027405278063810526
2022-11-21,-0.002438711570137515,-0.001106437913640816,0.0006503081631124791,-0.0005916396935248594,-0.01139274736613872
2022-11-22,-0.0011914907862484742,0.0002713990638313828,0.000210811625536074,0.0009804439933765534,0.006261761223976096
2022-11-23,0.0038179369887297336,0.00028302659894125865,-0.0012637661909450754,-0.002011548452541192,0.0145144330079603
2022-11-24,-0.0014485258611413284,-0.0014623016866861724,0.00028177160373593814,0.00045843408594785535,0.00282751611388963
2022-11-25,0.0006822597894535288,0.0016455052522160087,0.002284325189363596,0.000489160654556606,-0.0026644577312156573
2022-11-28,-0.0008820122409075294,-0.0014198709555769164,0.0014768517404321465,0.001150945920495247,-0.008906377869244045
2022-11-29,-0.005096425658599518,-0.0016392713385804535,0.003521575122094519,-0.0008369827263094524,0.0047549495221598514
2022-11-30,0.0018062806735244512,0.00026910254464312055,-4.461795873586521e-05,0.0017434717376897336,0.01720957525405928
2022-12-01,0.0019261454386570833,0.0023821438785873086,-0.0012935851748004555,-0.0011611245103907272,0.0016460425220930686
2022-12-02,0.00252549628764602,0.0009895068780585577,-0.0005574626791081043,0.0027103880366162758,-0.0027056452702395165
2022-12-05,-0.00011868027547761982,-0.0012901409822474608,-0.001350994360966471,-0.004669361763499221,-0.015653754372369225
2022-12-06,0.002372020237512965,0.0013573481593241623,2.978850164041945e-05,-0.0019091091156467081,-0.0012683256074100837
2022-12-07,-0.0019194863457246162,7.433231005948905e-05,0.0003295386488779477,0.0009974023707562877,0.004052992390807818
2022-12-08,-0.002261257364888166,-0.000724418094822698,0.0011456714961764034,0.00107953841736048,0.007378248476914131
2022-12-09,0.003698714088991643,0.0011634501286613395,0.0008132666410083524,0.0009996913550692538,0.0027271069048161387
2022-12-12,-0.003988469876740304,-0.0012747163259290246,-0.0012525513157377302,0.001054265044824461,-0.003946994251400999
2022-12-13,0.002297982278339476,-0.0001890262970287354,0.001064065717777522,-0.002196061063350309,0.013198840845402442
2022-12-14,-0.0009031713580278415,-0.00042254034796161504,-0.0007422662747922975,-0.0003789921768904083,0.0022923566547900995
2022-12-15,-0.00023852472570926863,8.931761349278184e-05,-0.0017287366061830656,-0.0010889915970767714,-0.02238767405432975
2022-12-16,-0.00040333122255696276,0.00016444540823239915,0.0006731438313731364,-2.9882859194261968e-05,-0.0029574330741709955
2022-12-19,-0.0026531935849139995,-0.001596836514367698,-0.00011905824938898141,0.0013274767217236938,0.0027181234812013563
2022-12-20,-0.0021293513526466834,-0.0014847144652571497,-0.00017951441399358882,0.00046524542534957347,-0.002628397146461872
2022-12-21,-0.0015645607894130267,-0.002977743583452598,0.0008986610555966166,-0.0017014421584669538,0.0037165608659434405
2022-12-22,0.0005390835710069355,0.001062961870890066,-0.0006528093286833938,-0.0015431523816177972,-0.005467678211692007
2022-12-23,0.00014918693150143788,-0.0003582570831410035,0.001566287845847687,0.0008201305212722361,0.005586857069503568
2022-12-26,0.0010427374289463023,0.002009871374904878,0.00011922148385255079,-1.4888596080153199e-05,0.0056063377840519886
2022-12-27,-0.002757354688190386,-0.0018241008757946197,-0.0016885390746521124,0.0008161388185705748,-0.0022268748346493915
2022-12-28,-0.0036838448288232474,-0.0014194256667330908,0.0015811915427422802,0.0007111954309133041,0.0026568325126813657
2022-12-29,0.0011246098345650967,0.00044357701224132315,-0.0019190865684972824,0.0023192098495729173,0.0027976186695784855
2022-12-30,0.003983833875761846,0.0036298751694356065,0.0008391917751135297,0.0017949100007940834,0.007598328413859228
2023-01-02,0.0003374735005285814,0.0002934659820625905,0.0,-0.0004255287993132822,-0.000836973728240326
2023-01-03,4.457221814368059e-05,0.0006972311306864595,-0.001593768257940146,2.9713708421572935e-05,-0.01217833028948103
2023-01-04,-0.00023364144905574727,-0.0010796931218989595,0.0004802130491950852,0.0014156143137366813,0.01522917016938538
2023-01-05,-0.0005036514838269061,0.00010374750830035293,5.861578817925255e-05,-0.0009190768372537408,-0.011222338363632161
2023-01-06,0.0042781440701072735,0.00021954057563906894,-1.4835804731532135e-05,0.0036483075854751605,0.017936515851842222
2023-01-09,1.4394184749601095e-05,-0.000388788496757909,-0.002298635565360832,-0.00020153744345976948,0.0019269364060959054
2023-01-10,0.0012644523481977724,0.0020069814764645116,-0.00040597361729123696,-0.0007555723819977456,-0.0023330807960073668
2023-01-11,0.0006808584874171095,0.0003043720899801422,-0.0016218489733169428,-0.0009272406563918642,0.0023186063975992764
2023-01-12,0.0005624499892288924,0.0005334756061435616,-0.0007529575658730263,0.0012535573126715,0.008331459631566401
2023-01-13,-0.002115428299515644,-0.0006040384467154089,0.0004155888882623052,0.0008927672054660459,0.0001578860496603598
2023-01-16,7.183340400048205e-05,-0.00041657390120557365,0.00028719539535994104,-0.0005891862933151274,-0.0008753740630306131
2023-01-17,0.0007021314993807927,0.001432336672060445,-0.0026498092953933785,0.0005584872301712468,0.003124868159251259
2023-01-18,-0.004188636983110635,-0.0025214586527563263,-0.0001850994915048868,-0.0028594732321524097,-0.006302737924035195
2023-01-19,-0.0007826994833717525,-0.0003048891170945153,-0.0008572031006450861,-0.0007833125817560646,-0.004619412599989426
2023-01-20,-0.001739168368690926,0.0005036152486025082,8.658008663422082e-05,-2.8772010590126684e-05,0.008055669171257992
2023-01-23,0.004823825877609927,0.005200664296828139,0.0007703501194111454,1.4237206090823863e-05,0.0064519115570945175
2023-01-24,0.0005678672479012891,-0.0010648040701960466,0.0001282060415292141,-0.0007240872912503897,0.0030685765153342045
2023-01-25,-0.0011880853424347316,-0.0007776544919688971,-0.00045144179989084065,0.0023041647705560574,0.008066781518343382
2023-01-26,-0.0023952782224117967,-0.0008884063562459142,0.0017722271400801937,0.0003808100015696497,0.0008719990426103647
2023-01-27,-0.000689592112499033,-0.0004224340713649415,0.0015051452071032409,-0.0003801826330493134,-0.0009564264140142093
2023-01-30,0.0007205374673319375,0.0006219784769793946,0.0019195218382011161,-0.0010032429607689745,-0.007045613653790708
2023-01-31,0.002187500872294776,-0.00012773476602862604,-0.0014283472168868446,1.4188925543809695e-05,-0.0009639784701914256
2023-02-01,-0.0003534293284168561,-0.00040996063538477833,0.0007633588156943684,-0.0009336540499986777,0.013551793579931921
2023-02-02,0.0018183489050261567,0.0007326936682067758,-0.0010383779786582174,-0.0032867157522202192,-0.010507090776806033
2023-02-03,-0.0016913202059522594,-0.0011175907056374518,7.080297658671252e-05,-0.00395277316227821,-0.021885902110581168
2023-02-06,0.00046631596665637113,0.001093095390313181,5.8013894343813323e-05,0.0006845075817974426,-0.0043313000027594235
2023-02-07,0.005069682633217691,0.0021132170726528314,-0.0007929014118186927,0.0003033651890044501,0.010929701721992419
2023-02-08,-0.0003892593309198483,0.0007354372938604353,-0.001547034443566671,0.0006198600468038552,-0.005240589033191423
2023-02-09,-0.0012048712675819093,-0.0006174124870373865,-0.0004300767036400578,-0.0011488476886481025,0.0015001156748066988
2023-02-10,-0.0017315771775817097,0.0005632867206053834,-0.0006638381633225061,-0.0008235507057485036,-0.0034218177667171405
2023-02-13,0.000258605828692567,-0.00011498878871988051,0.0002167645728470133,0.0002585389690078025,0.00798252127844587
2023-02-14,-0.0012903042606792132,0.0024977762691834036,-0.0014926446976566126,-0.0013781620947291068,0.0026658274114665617
2023-02-15,0.0021367063618234045,0.0023995648670608856,-0.001737997395993323,0.0004645288744673218,-0.01160359683758125
2023-02-16,0.00020373119195003358,-0.00014539110232062192,0.0006647687283266508,0.0024270269221905454,-0.006464616152160952
2023-02-17,2.916217083399568e-05,-0.0004083001646177989,-0.0004250734781514255,0.0011075327927114122,0.0021401282053769956
2023-02-20,0.00018801206225072987,0.00015908482870454648,,0.0,0.005341319286908357
2023-02-21,0.0019025632241258352,0.00018864228400173076,,0.0,-0.006622829313897319
2023-02-22,0.00098329146368522,1.4668886558284407e-05,0.000996833669972481,0.0,-0.007518172552403621
2023-02-23,-0.002245163937541979,-0.0009691203789196809,,0.0,-0.0008666084573998217
2023-02-24,0.001040830379150843,0.00050568149093535,-4.423310848883199e-05,0.0006685336335696407,-0.011691544940621718
2023-02-27,,,-4.467376980341466e-05,0.0,0.0025106418292286103
2023-02-28,0.00047467181785717876,0.00040048949250385743,0.0009965567560583743,0.0,-0.0011282661529429274
2023-03-01,-0.0011393989054419578,-0.0006361276316085835,-4.437574422547434e-05,0.001878573724367425,0.0032033247027016343
2023-03-02,-0.00014866130522273271,0.0006241362602857413,-0.0009515031493053143,-0.0011752018906204093,-0.004094961211871805
2023-03-03,0.0002965818958493549,0.0,7.397270410603247e-05,0.0019700353719715315,0.006535050857290218
2023-03-06,4.4563610848284335e-05,-0.00020793726310667796,,0.0,-0.00335217389209933
2023-03-07,-0.0003785040053061118,0.001134653182648751,-0.0008842329855477741,-0.0008029026116635289,-0.021353765802418538
2023-03-08,0.0004538852655989698,0.0005295127849767538,0.0007268542674410024,-0.0016652541089351317,-1.5178307163640659e-05
2023-03-09,,,,0.0,1.5178307163679873e-05
2023-03-10,,,7.591573357214076e-05,0.0,-0.001914283260312591
2023-03-13,-0.004358996571832268,-0.0010915317665309305,,0.0,0.003990217980157351
2023-03-14,0.0003451199326008482,-0.0004503355075582889,-0.00022568778447821166,0.00035999820389699065,0.004827161353646031
2023-03-15,0.00013617072804307973,0.0014685957870070646,-0.001744807385778868,0.0,-0.010493496571180174
2023-03-16,,,,0.0,0.006912834293875982
2023-03-17,0.0016747917902222985,0.00034415939408524927,-0.002000926469083498,0.00022408963679207482,0.004806225890978514
2023-03-20,-0.0011171438032050165,-0.00023842875563717287,0.002528711181748133,0.0,0.0005808628210058028
2023-03-21,0.00039081289578698375,0.00031566843051722757,-0.0004938382555636152,0.0001051927658401857,-0.006692885434584764
2023-03-22,0.00034413364694867236,0.001392226214594252,0.0001344136207827256,0.0,0.0038001242619177186
2023-03-23,0.0003274394266321502,4.465714477842617e-05,-0.0010711895690647204,-0.0006698771398145556,-0.002362158735009003
2023-03-24,-0.0002709904718269226,-6.0213758862096386e-05,-0.0004365267592481021,1.5056952924869656e-05,-0.005809475098691912
2023-03-27,-7.519192743013641e-05,1.5037707050919095e-05,0.001083586777909291,-0.0013092454146678527,0.0010232335068772536
2023-03-28,0.000703808832652423,0.0002546263372279684,-0.0011831042137212951,0.00255649466101377,0.008446704506326055
2023-03-29,0.0009863997212885222,0.0011507051205843484,-0.0011251885877806523,-0.0017343205363840014,-0.0033312201698432616
2023-03-30,0.0002684403631115323,0.00025352511898625384,0.0,0.0,0.004121315693238508
2023-03-31,,,0.001197784242619924,0.0,-0.004330821260866898
2023-04-03,0.00011803414151229268,-0.001254973920995223,-0.0003136505212149721,0.0004425039897563384,0.014840616122886304
2023-04-04,-0.0004753628444907486,-0.0002822739413042601,,0.0,-0.004685372352175597
2023-04-05,,,-0.0020737454935318847,0.0,-0.004930727468459102
2023-04-06,-0.0012613182446126936,-0.00022535211362972123,-0.001133837714154401,0.0,-0.006977102563891682
2023-04-10,0.0004983275927440487,0.0006643816210680814,-2.99872554187093e-05,0.00018114848186732348,-0.005167737250553003
2023-04-11,0.0006607797441126197,0.0006457571726989752,6.001230253999241e-05,0.0,0.0018959348422005076
2023-04-12,0.002672660588006648,0.002105877069216628,-0.0006006006186548044,-0.002747418559110199,0.005397233533282407
2023-04-13,0.0011683712904118552,-0.0006502239068145577,0.00037158421640551135,0.0001773547543113313,0.01376526126811461
2023-04-14,-0.001527566942699487,-0.0006077810989291043,-0.001462020950231053,-0.0032110392102319375,-0.011390725912060994
2023-04-17,-0.0017182519897164029,-0.0012553616043448085,-0.0011342946202892203,0.0,-0.0005670541688664777
2023-04-18,0.0003121771407626712,-0.00031227462576348874,0.001039578321886354,0.0008468470313030604,0.003650373187764832
2023-04-19,-0.000654596330856073,-0.0004166108765935458,-0.0012072346109285278,0.0,-0.0013989762967450982
2023-04-20,0.0019082422600819036,0.0005624963141975795,4.471771940370273e-05,-0.00016257639278796824,0.0038795746945223517
2023-04-21,0.0008673935369683028,-0.000374108690418755,0.00022433428894108685,-0.0008225098977954481,-0.007729406356450925
2023-04-24,0.0002393525524911434,-0.00034416969401881347,-0.0007929680610016281,0.0012407227679694236,0.0008667583781328488
2023-04-25,-0.0025004908565273392,0.00030137275517066347,-3.003228470838556e-05,0.0002865178301549907,-0.010481205927186042
2023-04-26,-0.001452477030857735,3.023751568800678e-05,-0.001226111790313859,0.0003633170889821883,-0.0036899852833032613
2023-04-27,0.0006812659698649497,0.0018177416541724234,-0.0008009611962045734,0.0,0.004323775369105101
2023-04-28,,,-0.0018978362777909985,0.0,-0.0026736974107852297
2023-05-01,-0.00034522871745189986,-0.0008103484941773484,0.0,0.0,0.0022661700864783875
2023-05-02,-0.0004789057096275103,-0.0004639433772988998,-0.0005225245518807363,0.0,0.005267843791933001
2023-05-03,-0.0002102196803392205,-0.0003603495429520738,-7.505084698423933e-05,0.0,0.0012901485460147506
2023-05-04,-0.0004949789735001303,0.002370095913263808,-0.0007797271350210455,0.0005999430234093547,0.0032031639895015096
2023-05-05,4.458679191342374e-05,0.0001783352410024003,-0.00016344603716887535,0.0020340147611995762,0.00803743200980826
2023-05-08,,,-0.00010316495348305152,0.0,0.004124997532585295
2023-05-09,-0.001227874378526774,-0.0008578740043054265,0.00013317648123033888,-8.8820464293237e-05,-0.0025114134722779126
2023-05-10,,,-0.0001480560246700515,0.0,0.0021720027156012776
2023-05-11,,,-4.4546406226056e-05,0.0,-0.011146269530554838
2023-05-12,-0.0004188419082635859,0.0002543824878857535,0.0006579439489684713,,-0.00914590239556325
2023-05-15,-0.0005086394005988002,-0.00011969955426201468,-0.0001495215313790678,0.0004787265964205989,0.008907075036754357
2023-05-16,-0.00035943748421305495,-0.001945409448701386,-1.4952264894537253e-05,0.0,-0.006469994113952481
2023-05-17,-0.001878160556305946,-0.0016829961296573883,0.0018677517103148043,0.0,0.0007810153596164722
2023-05-18,0.0002722528943686615,7.563323933215313e-05,0.0,-0.00034789185452032876,-0.006038674786844904
2023-05-19,0.0005407679035824137,-0.00034533757090420816,0.000842067324918042,0.0,0.004476033605808779
2023-05-22,0.0006324253723006719,0.0002560298815916964,0.0005275891559607042,-0.00021076402035123042,0.00019546373834017206
2023-05-23,0.000543757376778867,0.0013750691589970413,0.0006486894438295414,0.0,-0.006288996922068087
2023-05-24,-0.003645047006109597,-0.0017708306157166503,0.0012628089283609493,-0.0012077757757399507,-0.010295181375083302
2023-05-25,,,-0.0001224795996447601,0.0,-0.0055948703927815304
2023-05-26,,,0.0011194002410968458,0.0,0.0013210650318338775
2023-05-29,-0.00032130972238343945,-4.590700771288861e-05,0.001070762178971742,0.0007189787752065686,0.0033868466534245295
2023-05-30,,,0.0008108625420377516,0.0,-0.0031719546358358816
2023-05-31,,,7.720994159048672e-05,0.0,-0.0022894380904294395
2023-06-01,-0.0014372651628629738,-0.0013148642691834889,0.001770715908691281,0.003009772567000154,0.009994955668517297
2023-06-02,,,0.001617475126835859,0.0,0.006512406412311384
2023-06-05,-0.00015108935453150428,0.00194700878797338,0.0003336923084551208,0.0003021558845183687,0.001058617242411928
2023-06-06,,,-0.00013508138674067145,0.0,0.0076941409017985485
2023-06-07,-0.0020431758347509393,-0.00016389656673368113,0.0012728077607611025,-0.004743707034703772,-0.0025230542324396997
2023-06-08,2.9826706835471557e-05,0.00031313606017576936,0.0013014894165077847,0.00019385191265793874,0.009115942570557057
2023-06-09,0.0009346973670720537,0.00020778604049408688,-0.0012651729392646346,-0.00010381212979913981,0.003911221850370698
2023-06-12,-0.0009626849283535256,-0.0006520354108398481,0.000768537304495641,-8.890996390181602e-05,0.001779518220287223
2023-06-13,7.383288667794352e-05,0.0005757519996654819,0.0008263609601538468,0.0024039713956912987,0.002367775694075877
2023-06-14,,,0.0002063800938984081,0.0,0.004203763021703639
2023-06-15,0.0038611780672377313,0.0016654982812048089,-0.00017602793021938962,0.0,0.012506288079496532
2023-06-16,-0.0009467146071468538,0.0009896235872350573,0.0008435259884392802,0.000990387497207269,-4.360940510185859e-05
2023-06-19,0.0,-0.0004088605988355049,0.00017475134384571108,0.0,-0.004181881235586162
2023-06-20,1.4786009478221671e-05,0.0003400229178638182,-0.001205616554176706,1.4785790855226e-05,-0.009565800641713513
2023-06-21,0.0018953421730994987,0.0017323200387787255,-0.00020700260305758986,0.0,0.0014583811610584746
2023-06-22,0.001108459133765273,0.0008571006879071751,-0.0009575793128536912,0.0,-0.005713078080227941
2023-06-23,-0.0022623257658266264,-0.001154275820161893,-4.4805878538705315e-05,0.0,-0.011569946285261479
2023-06-26,0.000734307947785756,0.0004643742640353888,-0.0004795516284261541,-2.99612002479806e-05,-0.0007491310430649598
2023-06-27,-0.002182460468353725,-0.0008365451176505983,-0.0025837685100570497,0.001495349741811824,0.0019914508981010667
2023-06-28,0.0008772461086506314,0.0005597113850730889,-0.0004669624180112793,-0.0024521688238264487,-0.013159867701490772
2023-06-29,0.0015724224588514518,0.0002874541416972397,-0.00018119498139482256,0.001585037580221948,0.0026035374357767905
2023-06-30,0.000661226599389096,-0.00027062785827908356,-0.0004531859046110594,-0.00024039545167371586,0.006689592836932716
2023-07-03,,,0.0015645688592931118,0.0,0.0015304977104149593
2023-07-04,0.00032863289014687345,-0.00011952965096629335,-0.0010933464226165926,0.00047781876646357135,0.002979244817270365
2023-07-05,0.0008243467519181097,0.00041975235227895694,-0.0010783609959437229,-0.0007043995285523446,-0.005411130726448791
2023-07-06,-0.0020338530434157783,-0.00025634259574160823,-0.00013496794531780805,0.0,-0.004443681854442156
2023-07-07,0.0038020288197709033,0.000375428931959321,0.0011609062402135799,0.002337149742456479,0.009451113495692711
2023-07-10,,,-0.0001353882259439978,0.0,-0.0019010701112782708
2023-07-11,-3.002597246851048e-05,0.001171716698823588,-0.0010496799440270347,0.0,0.0015420896120300332
2023-07-12,,,-0.0001944550403638056,0.0,0.01468725585641588
2023-07-13,5.8098156852115896e-05,8.714596955409488e-05,0.0009059162793173999,0.0013208220044510796,0.015302539814213154
2023-07-14,0.0013989481027709898,0.00129687529560734,0.0005090798128899468,0.0,-0.0070662405290687685
2023-07-17,0.0009552994120240492,0.0026771414721444365,0.0002786965819035533,0.0,-0.003179792695890902
2023-07-18,0.0006018834729810915,0.0004551160257374638,0.00046998003449967476,0.0017888305528138556,-0.0004991338663184864
2023-07-19,0.0007967540074758117,-0.00030967742182979886,-0.0016525027367673784,0.0,-0.005964803357753922
2023-07-20,0.0006018216294318264,0.0010424084982587033,0.0010105967041734321,0.0,0.0012548257069956916
2023-07-21,-0.0002080485057733174,-0.0005499364739039413,-0.00125878388495887,8.916894548770107e-05,-0.007716213372583943
2023-07-24,,,0.00019310898091037256,0.0,0.0008612497562534399
2023-07-25,0.0023325175180114663,0.0005910252983107246,0.001388519824848189,0.0002653849571793067,0.00757075286479291
2023-07-26,0.0021364042367649706,0.0005781589505136775,-0.00023646601650180365,0.0,-0.004429032116453536
2023-07-27,,,0.00022015924941236225,0.0,-0.0075299435713573745
2023-07-28,0.0015602967728752218,0.0013822740605579358,0.002985391901109598,-0.00034485602602818036,-0.009165582645377863
2023-07-31,0.0019220603245730442,-5.952380954130055e-05,0.00043360272204355277,0.002720321575292186,0.010071241663128937
2023-08-01,-0.0003779832371639869,-9.063581027070691e-05,-0.002411564615459878,0.0010882051735861345,-0.014185698534926497
2023-08-02,-0.0017849383443335179,-0.0008999870948324094,-0.0004254931225487515,-0.0011764437618817034,-0.013042473513403607
2023-08-03,-1.5312880429779478e-05,0.0009646967695808291,-0.0017474214658115565,0.0009336568647685617,0.0019718294719196514
2023-08-04,-0.002003917416959376,-0.003823052171403164,-0.00028967168204506585,0.0006836049030030326,0.0026992216100084785
2023-08-07,-0.0024339425131612497,-0.002192816362382845,-0.0024659423409965245,4.569096157426593e-05,3.0439547061972607e-05
2023-08-08,-0.00113744670875756,0.0008461604055663534,9.199208874516743e-05,0.001444642779063596,-0.0045916074232615085
2023-08-09,0.0006726286273623217,0.0010699438535994768,-0.0013716377979185565,-0.0024940530558623213,-0.001667954999969283
2023-08-10,0.00210020166075262,0.0010637490555548252,0.00016790432545723944,-0.0033654939519731377,-0.0021003740866891627
2023-08-11,0.0027353491561143473,0.0013825099361741372,-6.13402852516511e-05,-0.00024556826153648804,-0.003674750631556228
2023-08-14,0.0024104588450515867,0.0008973744664830215,-0.00046198624102705157,0.0003703246555099028,-0.0015561327855751845
2023-08-15,-0.0011740535542903564,-0.00016994847512160466,0.0016072453117600776,0.0033948030443006786,-0.004853403038305169
2023-08-16,0.0014107763934209125,-0.00091370171674771,-0.0003089471107126283,7.745753394580527e-05,-0.004799226426579828
2023-08-17,-0.0014146802617418207,-0.0015245565405260354,0.0011409727638795276,-0.0012764833066253485,-0.003462261724332465
2023-08-18,0.0017654737382064513,0.0006562295163779987,-0.0008750957694386481,0.0005929995024041909,-0.00018749121189867317
2023-08-21,-0.001998283390733936,-1.561048712554582e-05,-0.0005002032179823724,-0.0005940098967883455,0.0013107593356733466
2023-08-22,-0.0013851172171480389,0.0002025947721894346,-0.0007917964099720156,0.0006227619693720722,0.0013713361766341347
2023-08-23,0.0054631375012175664,0.0011013131556693115,-7.775505606171834e-05,0.00018571826592520555,0.008698336118794156
2023-08-24,0.0016932174392312429,0.0016933489625651475,0.0004799021710922369,-0.0011647501375029593,-0.009243528702102365
2023-08-25,0.002131981292924401,0.0031154614270096415,0.001012674091200515,-0.006659984532541062,-0.0026366920908546736
2023-08-28,0.000825551647756046,-0.0003113955215346975,0.00010923759969049768,-0.0002647253489979942,0.0033661669984948214
2023-08-29,0.006148405612066378,0.005209681552012159,0.00046589639307150475,-0.0006053785741173087,0.007887783901267357
2023-08-30,0.0010291148217584508,0.0005376302922873353,-0.0007274359751519595,-0.003028930889896174,-0.000988371275616878
2023-08-31,-0.0018848399604232697,-0.00043225886803732684,-0.0015129063031455944,0.0016378501474973535,0.0017752808447718418
2023-09-01,-0.00428457593989371,-0.0020385162959406303,3.088373817002444e-05,-0.0029389038941215096,-0.005521415256680704
2023-09-04,-0.0012541322198402981,-0.000959826685654886,-0.00030933416069099917,0.0003098085408013472,0.0019056625618507266
2023-09-05,-0.0024321558525803146,-0.0013498032278725003,0.0007058104172613565,0.0013188057301275387,-0.013212619371132864
2023-09-06,-0.0005480610520591603,-0.003821042280000557,0.0008458647120879774,-0.00177150741997633,0.0008309229209196254
2023-09-07,-0.0022725323428733368,-0.002319677539332253,-0.000266317844086248,0.00031375994484230237,-0.000689774126331453
2023-09-08,0.0017968052957286402,0.0018919410542124976,-0.0008603496678672432,-0.002516432372246114,-0.0003293781840259217
2023-09-11,-0.0011798129191942074,-0.0005749135845724395,-0.00013988948753320733,-0.0006992300984897962,0.007413510874457785
2023-09-12,0.0006078316960956919,-1.5582027689525732e-05,0.0008088727555366172,-0.00029607698217749416,-0.0010890705082655732
2023-09-13,-0.001090937535143986,-0.0014957467498373951,0.0004211938567966631,0.0011376654153421946,-0.0007630556855826604
2023-09-14,-0.0018800648799476689,-0.0034138199624430383,-0.00020212857000660652,0.002361166145522489,0.002940011917738619
2023-09-15,0.000512163903641298,0.0019854818212055145,-0.001301115425190717,-0.0010090583238028348,-0.001741185689573498
2023-09-18,-0.0017886170985301148,-0.0008249477093026996,-3.10805140740512e-05,0.0007624976055096728,0.0009171103895443072
2023-09-19,3.093724380338108e-05,-0.0012525807116586993,-0.0003100486801260969,0.00017013773463982058,0.0028237649284540574
2023-09-20,0.0014486948870318474,0.0005387060411482774,0.0006964381341471206,0.0004926942777767203,-0.0011161407495911115
2023-09-21,0.0005771285675043702,-0.0008432888763974243,-0.0013884232708635388,0.0007170470440662606,-0.005162826757201285
2023-09-22,0.0006195307253062282,0.0004643891044897268,0.001025529558313824,0.0,0.003734831605653304
2023-09-25,0.0011831925780567637,0.0006540222600689855,-0.0012156161397209506,-0.0032103256595641203,-0.003000787431311983
2023-09-26,-0.0002651795827261758,-0.0006390822373404127,0.0008740440700033724,0.0008888542942233491,-0.00405680069561443
2023-09-27,-0.00034488705290991234,-0.0003135828433165655,0.0008461960859079448,-6.271951833475598e-05,-0.007060514150869923
2023-09-28,0.0023115619576566724,0.0018129820698218825,0.0008162625050974619,1.5600502336366934e-05,0.011739979872828854
2023-09-29,-0.0024569467427665846,-0.002085796487267283,0.0005400359640894083,-0.0015173569938176472,0.00038896884849984456
2023-10-02,-0.0009087776000711542,-0.0002037218420367674,-0.0005148969149730849,-0.0009880571367572736,-0.010785736222263989
2023-10-03,-0.0007140307336569516,-0.0028878366070153264,0.00023737369852651122,0.000523672383488935,-0.009633073039094093
2023-10-04,-0.0023070248045416165,-0.002087155270355772,-0.00014239492465268358,-0.002058689184186709,0.0031844385626603193
2023-10-05,-0.0008662713861042228,-0.0001260855176693768,-0.0004890168492767709,-0.00015758454443400434,0.007265538142944905
2023-10-06,0.0004101463964613495,3.155470007518168e-05,-0.00042411819395903126,0.001197925840336996,0.002321387600382221
2023-10-09,0.001144568520753204,-0.0009408371007458955,0.0007550137991379273,-0.001128880646695246,0.00836824967051658
2023-10-10,0.002700658072679323,0.0019514333611886083,0.0041038982159766705,-0.00037422232361006085,0.0030540084194029516
2023-10-11,-0.0007166337218007196,0.001510727227326542,0.0009505185716155098,-0.00018703241949785286,-0.0021960744276927472
2023-10-12,-0.002702025019586146,-0.001400152829643013,0.0010138429411995567,-0.0025516245002382516,-0.015556567653680702
2023-10-13,-0.0009502091174850974,0.0005225529203729133,-0.0006481547577776238,-0.0025541987598562805,-0.003235889440645796
2023-10-16,3.1643566865592764e-05,-0.0007757276793420812,0.0006004013389191319,0.0019125753670526683,0.005981787680806455
2023-10-17,0.0020158122042266825,1.5753365312951882e-05,-0.0018107817287934692,0.0011949686956554682,0.00434516340386503
2023-10-18,-0.0011638881464860005,-0.0006606994215392391,-0.0001410315677996974,-0.0019691092601586075,-0.004850174067166365
2023-10-19,0.0004904791763347536,-0.0006327912632845479,0.0007775618275684016,-0.0011078755248127212,-0.0014691365542798952
2023-10-20,-0.0002217575881862556,0.0010602021706581817,0.0018079459369178838,0.0011874135572878422,-0.002596006143398238
2023-10-23,0.0011712383225877768,0.002186139484528342,0.00031715323524278633,6.32711167564842e-05,0.0034305350967892222
2023-10-24,0.0006289802864802937,0.0012118638215191972,-0.00047112773144008044,-0.0008334840901773553,0.003104197883659068
2023-10-25,-0.002322220896198278,0.00044243593301458316,0.000361751826466397,0.0017224355382338772,-0.007707288969649179
2023-10-26,-0.002058721786261857,-0.0023100545065917514,0.00042804487197887673,0.0018846862984047074,0.0021222687724887367
2023-10-27,-0.00011001878188876077,0.0006602839460752879,0.0011818004133003531,-0.0020296588803018745,0.0019283055858151043
2023-10-30,-0.0007683442560092923,-0.001050675586905083,-7.850834155162355e-05,-0.0009730375230202488,0.004643666602746011
2023-10-31,0.0009013924751036522,0.0014546147046015387,-0.00036124047228433873,0.0003634898223362821,-0.004896144038916554
2023-11-01,-0.0013350822273197618,-0.0014132946244643622,0.0008364041424060893,-0.0004716313816613889,0.013418811834763686
2023-11-02,0.0006701943034965634,-0.0004515832741782067,0.00026396900846593,-0.0004051800769171965,0.000856064490585481
2023-11-03,-0.00016910979109110926,-0.0002460667776130673,0.00038809932725008953,0.0012599491541088617,0.012830598028738392
2023-11-06,0.0005384656935158712,0.0005074542054596787,0.00010755744730453366,-0.00030765917759249307,-0.004075894071018679
2023-11-07,0.0005916975663895066,0.001277338325584482,0.00023358846490647756,-0.0003736629914719104,-0.009072533627106921
2023-11-08,0.00015580935199257102,0.0011071003680232705,0.000513654664148625,-0.00026489034473772604,-0.003599115792582324
2023-11-09,-3.1152162741465306e-05,-0.0007316940599973369,-6.243366425205106e-05,-0.0003271563135296039,-0.007142999402419988
2023-11-10,0.001339183928272407,0.0025995524505570623,-0.0004090494377542704,-0.0001732051619468931,-0.0005031842232122315
2023-11-13,0.0016627193992401353,0.0008315486895893428,-7.841968651823241e-05,0.000799003638023565,0.0024013760588295517
2023-11-14,0.0004470307215372292,-0.0004319921074339328,-0.000235281201333187,0.0001695111149416323,0.018452312812277653
2023-11-15,0.00291684144229139,0.0022240125735950903,0.0013669912199130768,-0.000981565061478438,0.0020293961826292075
2023-11-16,-0.0022347755646173802,0.0012498747894849696,-0.0008778888109345915,-0.0030442364634248975,-0.0065333524637348536
2023-11-17,0.00044614355793375885,-0.0001692711342900547,0.003140203306983542,-0.001215824332361189,0.006809769486640653
2023-11-20,0.0007944632443902533,-6.110788599154824e-05,-0.001037297019254827,0.0010989850758852317,0.007574692488180358
2023-11-21,0.0003352023434604781,-0.00012183421424377594,0.002376166352893329,0.00024371296825946776,-0.0003964381608399452
2023-11-22,0.000582063277519395,0.0001684081605387576,0.00022887659836709763,0.0005970286521457637,-0.0023055029259222365
2023-11-23,-0.0007620093029050418,-0.00044207654741703896,-0.00030485016850423244,0.0005029912844683154,0.0026562062421381493
2023-11-24,0.0006075334330243851,-0.0004403179470334764,0.0010510042626824838,-0.0004100445791090331,0.00328757411565172
2023-11-27,-0.0006669496397109287,0.0005762552666931112,0.0009247118514202794,0.00012129666145828028,0.004972117931924801
2023-11-28,0.0022892265788186884,0.00024083328432374538,-0.0004383942746382612,0.0023290244406900438,0.006375928809883836
2023-11-29,0.0003931709285628588,0.000922000352495212,-0.0003774297081981211,0.0001814113810380779,-0.0058317111093770975
2023-11-30,0.002221870458577042,0.0007401309916519952,-0.000726051672317865,-0.0015865464219590017,-0.0016032673781409706
2023-12-01,0.003356996009595078,0.000467187614462429,-0.0014944188511789383,0.0005108403434556635,0.009791151773219835
2023-12-04,3.0213762371015574e-05,0.00013606779220760328,-0.0006767171956434713,0.0,-0.009805769480702668
2023-12-05,-0.0010061896754017053,0.001478872972134358,0.00010643069471270763,-0.0009766668969059676,-0.009475577320958823
2023-12-06,1.5193065884956008e-05,-0.0007137921649244901,-0.00036516897078189034,-0.002494753187783269,-0.000534151360669281
2023-12-07,0.0013658923675837205,0.001669246798717102,-0.000776509855776409,0.0008489479619689986,0.006512401099664499
2023-12-08,-0.003537300920015391,-0.00015190642593393533,0.0007566128319298644,-0.001126057700093874,-0.0028705755543045395
2023-12-11,0.0002743944284658283,0.00016756415080371734,0.0006098118919346572,0.00021336584703372064,-0.0022977846389003677
2023-12-12,0.0015406325741121633,0.0014637049589011802,0.0002427110839863572,-0.0004878643833805164,0.0
2023-12-13,0.0008209806618480452,-0.00013675213696533807,-0.00015258323445022738,9.11784819413369e-05,0.015239772450717837
2023-12-14,0.0008504987867098952,0.002315663127383555,0.0005216756339290677,0.001192463771163179,0.005431746346921264
2023-12-15,0.001773274688864813,0.0015801324039655975,-0.0004761408871778277,-0.00035738217936778907,-0.0001492403668113521
2023-12-18,-0.00134284285047001,-0.0013137271427402862,-0.0015617914687966964,-0.00016424897194662917,0.000761097509448663
2023-12-19,-0.0008866427853982117,-0.0009460878497755779,-0.00028230329962312527,-0.00014785025752873203,0.00811212792425596
2023-12-20,0.00022160992312187449,-0.0011521078938257342,-0.0006062084803475443,-0.0010493878302877293,-0.0027264123100049936
2023-12-21,0.0015924744219728958,0.001650700448512595,-0.000978618743028347,-5.893533322279953e-05,0.008304198318621553
2023-12-22,-0.0008080333643207038,-0.0011610391868965208,0.0009269954976190518,-0.00036750384455147133,-1.471507927771271e-05
2023-12-26,0.00032304484730738694,-0.0005579865640646974,0.0007940242741609466,0.00014680407554484252,0.0030088011720140802
2023-12-27,0.00030668351232344206,0.0005698463760745303,0.00014635717029888777,-0.0009349481346618808,0.004182576769753752
2023-12-28,-0.0013129679333761244,-0.000714457589425084,0.0017111146160911491,-0.0012269940189687022,-0.003962775615645418
2023-12-29,-0.0012901714198722428,0.000689589428191078,-0.00039685164883556165,0.0019199912097088022,-0.0024792249354740545
