date,fix_return,fix_return_narrow,control_return,post_fix_return,daily_log_return
2011-01-03,0.0038553379862947415,0.0036693922467162985,0.002307444837536863,-0.0011917313598182242,0.0066231499582834
2011-01-04,-0.004022310935453906,-0.0028371409686725716,0.0004544008802683448,-0.0012832265738877693,0.0018320056420025735
2011-01-05,0.0024697016897971564,0.0011881370497014727,-9.192443817670054e-05,0.0010956903944976959,0.0014631918476978162
2011-01-06,-0.0037817690231420477,-0.0026736751279798237,0.000459242258358495,0.0011083403739188108,-0.012043354022104864
2011-01-07,-0.0018549439561022737,-0.0012985810191414836,0.00036890159968309803,-0.0026027157284159897,-0.0073335209148138744
2011-01-10,-0.0005605905033290662,-0.002055307151020742,-0.00027942066963338385,0.000934142991796922,0.0012133092159966597
2011-01-11,0.0022236644018682806,0.00231620986489318,0.0,0.0010175293417590229,0.009376664346440867
2011-01-12,0.0002757479681060161,0.000551369247565075,-0.001757063382640198,0.00027567195212497056,0.007640300433048768
2011-01-13,-0.0013591267438980267,-0.0009058792176689567,-9.161284418475238e-05,0.002173717004808347,0.013028016453398732
2011-01-14,0.0009947999916036056,0.0002711374231441525,0.0005417118225646402,-0.000723392743364216,0.0042451402775661624
2011-01-17,0.0007282658492108854,-0.0007282658492108049,0.00027328626906600377,0.00027296301520649864,-0.009969268718483405
2011-01-18,-0.0030638935385918407,-0.00225418246121647,-0.0008140744875435118,-0.0006319686031664381,0.006627049808574618
2011-01-19,0.0003616636567451608,0.0008130448977624553,0.0014453480384257567,0.000813265304843365,-9.04854545248224e-05
2011-01-20,-0.0003587765757383549,0.0005389867180427287,0.0003607829028039936,0.0009863260158502374,0.010531624413371604
2011-01-21,0.0005349977836033225,0.0009801738365497062,0.0006242475790179865,0.0,0.006871039391262285
2011-01-24,-0.0007985449162198713,-0.0015078276837868524,0.0,-0.0007991830998552575,0.0011551962896595785
2011-01-25,-0.0029321625699350504,-0.00026641801143326485,0.0016975657415893087,-0.0006230807091073088,-0.00017763566970943528
2011-01-26,0.0011548884151303446,-0.0005328123738518167,8.879023313257315e-05,8.878235012726284e-05,0.0005328123738517641
2011-01-27,-0.0005272407855000922,-0.0011418032947483107,0.00281988202367137,-0.0014073359698119486,0.009630325786620972
2011-01-28,-0.0032111346832711255,-0.0004459308881032316,0.0005286809533661568,-0.003221479296087972,-0.017294564354801138
2011-01-31,-0.0017788851084278004,-0.0008887309507822024,0.000891265656146396,0.0006229698061128973,0.01035723544321109
2011-02-01,-0.0015118505258627571,-0.00026682083139574844,-0.000713712225853284,0.00026696329413285425,-0.0001776672297469138
2011-02-02,0.0015097023426019036,-0.0007985449162198713,0.0011547858267517892,0.0,0.00035530289945627047
2011-02-03,-0.003771556194882662,-0.002244065391258037,0.0,0.0007194891937322942,-0.012151686339825869
2011-02-04,0.0007202016875939115,-0.00027013642053417186,0.0,0.002337079715434171,0.0031414108318458802
2011-02-07,0.0017041127044261993,0.0006280561868105382,-0.001339584929056361,0.0011643008793661427,0.0021480362685151037
2011-02-08,-0.0009819237566459514,-0.0002682043733389645,0.001967096485517228,0.0011603518060085193,0.002411038360449095
2011-02-09,0.0009734083331324079,-8.843687823590999e-05,-0.00026627612991836526,-0.0017705387061507018,0.008348924950557215
2011-02-10,0.002740333206572231,0.0011488667252781979,0.0008869180182279546,0.0002647954470654529,0.0027381547823625853
2011-02-11,-0.0002655689831037932,0.00203512878275911,0.0005314437680440534,-0.0003542017215815359,-0.0025612732041177914
2011-02-14,-0.0008905513100812654,0.0006238581370733005,0.00017831669091472686,8.909082815823146e-05,-0.002842677582734321
2011-02-15,0.001238171202668999,0.0015906684159897964,-8.849949118573019e-05,-0.001061195713312461,0.005057910423410397
2011-02-16,0.002207798839135276,0.0008826125903945596,-0.0009716886061125604,0.0004409754448141255,0.004415798043534448
2011-02-17,0.0002650762109622496,8.835873652753804e-05,0.001323043191890143,0.001236094100528306,-0.00017625804222952548
2011-02-18,-0.00017597888298826608,0.00035195776870141325,-0.0007956504862127275,0.0012312023365141107,0.003694910511415691
2011-02-21,0.0005279366598644274,0.0006159532070322033,0.000879507532507551,0.0004397344075079106,-0.00263643706626234
2011-02-22,-0.003962842577644295,-0.002200801979901022,0.0051436793080484,-0.00044128679944742757,-0.004409567070977564
2011-02-23,-0.0012315272492466737,-0.0007039775017943805,0.0008815233292989896,-0.002202935199388155,0.002559916655941573
2011-02-24,-0.0018624456627405193,-8.864855287047254e-05,-0.0007978370176328387,0.00044375416747713154,-0.0002645152772995014
2011-02-25,8.901152705148185e-05,0.0,-0.0021207041614184035,0.0011564294310167594,-0.009480423640173914
2011-02-28,-0.0005303164345605315,0.00035370059613604925,0.001415052858391562,-0.001061477322134852,0.009500626400362377
2011-03-01,0.00035276479773183885,-0.00026442201908068034,0.0005280760552219462,-0.0034447766255418753,-0.003541080187454574
2011-03-02,0.0007943162678790799,-0.0007057785912732152,0.0033577834853089684,-0.0014125543092092143,0.006276818556986121
2011-03-03,0.0001742463848285095,0.0004357108691647514,0.00017633574371226743,0.0012188753032619291,0.012958766406292465
2011-03-04,-0.0013910626482414447,-0.0013024792359279378,0.0013880456813476724,0.0017385261680680237,0.0013909417177800849
2011-03-07,-0.0020007835825039616,0.0001741705133725654,-0.000695168606375856,-0.0007840063122086455,-0.0026945993965174523
2011-03-08,0.0003480682248854133,8.703598943654838e-05,-8.710422025461388e-05,0.0006957732060125507,0.0015654899700936887
2011-03-09,8.685456209051243e-05,0.0007820307128364397,0.0,-0.00026058632069288586,0.00069498743132719
2011-03-10,-0.002355919243340012,-0.0006112736513090549,0.0004358627972938161,0.0020072442049399943,-0.006359737426311553
2011-03-11,-0.004149933111350291,-0.0007945266363675862,-0.006250845726301249,0.0033565970919545098,-0.005521244471465427
2011-03-14,-0.0008756567985095106,-0.0002626625239458583,0.0010503283241303655,0.00035035473775209546,0.005261323957171608
2011-03-15,-0.0011518186716204361,-0.0013293749465189506,-0.003352155573717165,0.0006203749035764608,-0.012762572562369713
2011-03-16,-0.002317911352489585,-0.004282661792000736,-0.0028366298605839494,-0.0038452987242842906,-0.03323282996265094
2011-03-17,0.0009975063171253381,0.0010889293272020658,-0.00027138269649571914,0.0009059612868248576,0.01634913800152941
2011-03-18,-0.00026140373956198067,-0.0006978976118561524,0.000962421877515776,-0.0005230125642234622,0.029296369488430757
2011-03-21,0.0,0.0,-8.706630104325212e-05,-0.00026067689246974746,0.00712550807678308
2011-03-22,-0.00026103981005307574,-0.0002609035976012578,0.00025986400596645607,0.0013914255658247566,-0.004338778066422706
2011-03-23,0.001223562466930845,0.0011364134270777071,0.000610580506561365,-0.001398479381842437,-0.007594641715274102
2011-03-24,0.0031405417071448502,0.0013944572592541383,0.0018384772085792793,-0.0006098889319956458,0.006376402789807897
2011-03-25,-8.713457941289544e-05,0.00017429193943923105,8.699056157878917e-05,-0.0003486142618539186,-0.002266388696750312
2011-03-28,0.0013908208083430271,8.689984797992121e-05,8.697542949610189e-05,0.0012153834294079968,0.0068009678825821495
2011-03-29,0.0011221892497949352,0.0027636255606704138,0.0012120164240165994,-0.00034515489168259004,0.01097535106495359
2011-03-30,-0.0005135227774609451,-0.0004281005245397177,0.003589133916132068,0.0017961771924852401,0.006681539333482647
2011-03-31,0.0008523696390595124,-0.0006814890799573338,0.0002553517484189465,0.0023827770613389734,0.00646755722225279
2011-04-01,0.0020162990952637206,-0.0007555723819978567,0.0006752194719739358,0.0010904669117319044,0.014818828050346223
2011-04-04,-0.0009215432311373773,-0.0015079168476769215,-0.0013393606556044392,0.0005865348527948174,-0.0006685050804656555
2011-04-05,0.00033369483916901525,0.0,-0.00217591516096025,0.0015002503230642549,0.012130424583462052
2011-04-06,0.0018038706104929344,0.0004100881747034629,-0.0010699149203827537,0.004169227375877375,0.01059688726811943
2011-04-07,0.0027958245331082257,0.0015620507142956807,0.0008210855211281176,-0.0008214902293905577,-0.006311755041486218
2011-04-08,-0.0006508827827216822,-0.0002440512519739746,-0.0019548755920074786,-0.001384534162614097,0.00941202675862735
2011-04-11,0.0014723929040418517,0.0007365277144608406,-0.0014698679765447892,0.0002451881831579958,-0.004491453387795933
2011-04-12,-0.001639075928340963,-0.0009007165399127213,0.0010674550424448223,-0.006583302249197448,-0.009952786249864133
2011-04-13,-0.0003288662366234896,-0.000986517672905123,-0.00016421709536864072,0.0005754449581293235,0.001899492663457134
2011-04-14,0.0010000834236324355,-0.00016665277932080425,-0.002647474037476811,0.001165501297435192,-0.002064836579177855
2011-04-15,0.0,0.0019194664770852347,0.0012484915683894375,0.0010845535622808645,-0.008218883175228018
2011-04-18,-0.003475905326597237,-0.004919433161203977,-0.0013461216907334854,-0.007929444284363832,-0.021074707318274048
2011-04-19,0.0005937486921115143,-0.0007637150865497489,-0.0003401649832954946,0.00042389047305047803,0.007976283272356003
2011-04-20,0.002255734278688189,0.0021711908320515123,0.0024242436115062545,-0.001754020078014243,0.012931576627494874
2011-04-21,-0.0036968618813260916,-0.0008410429427638135,-0.00016655562996537737,0.0024381028513599167,-0.005941191485288063
2011-04-22,-0.0002517729021734653,-8.392430033029635e-05,0.0004188130898424089,-8.393838927159888e-05,0.000671197273289367
2011-04-25,-0.0004178680433543501,-0.00033442020209663965,-0.0005012950226124223,-0.002594686536265128,0.0008387854878627761
2011-04-26,-0.0005023863456581294,0.0003350925724579286,0.0015909570029427921,0.0006697923894073542,0.002093890793929485
2011-04-27,0.0008282945888947426,0.000993295338683629,0.0010000834236324355,0.002563361886519882,0.016348233482143676
2011-04-28,0.004059153152461549,0.001904052895295004,0.0,-0.0017376198985407374,-0.005033636902166647
2011-04-29,-0.0001654807218736364,-0.0001654396562629059,-8.262755633711542e-05,-0.004062855387647474,-0.005641295863376867
2011-05-02,-0.0007456195200664703,0.0012429052434864889,0.001077095261345803,0.00033145509087022446,0.0015790570494840683
2011-05-03,0.0020882937881933038,0.0028392503415838434,0.0011694930745691334,0.0008340979714541918,-0.003577226060004325
2011-05-04,-0.00439889492166608,-0.0021598280534300086,0.0009143427759738339,-0.0018316548289699487,-0.003506432044808869
2011-05-05,-0.0022155952821361707,0.0005962267541727486,0.0005858476126885617,-0.003247033528742927,-0.023438903537361857
2011-05-06,-0.002994654644409399,-0.002055323152239924,-0.00017114496019881494,0.002396440722369331,-0.011972064961813255
2011-05-09,-0.0011268583518076046,-0.0019065782705815315,-0.0017190996153950559,-0.001128129594197257,-0.006228393837127012
2011-05-10,0.0014692539698517488,0.0018162167154703748,-0.002415668502809003,0.0,0.011131840368844199
2011-05-11,0.00017210222914870873,-0.00043042225086665803,0.0009466845235619573,-0.0022396425935047983,-0.011305406280934877
2011-05-12,-0.0007831876134565352,0.0009599023382021348,-0.0032127844246177496,-0.0027896452578083236,0.0011276403155256374
2011-05-13,-0.0005223296018468174,-0.0016555573859373689,0.0006943841959417532,-0.0013070188764321606,-0.011071027953776886
2011-05-16,0.005058885625484454,0.0011343310845017961,-0.0013114755978107554,0.0014779398473753367,0.0057813755985956766
2011-05-17,0.0027789857224515355,0.0007808094787877649,0.0025063752803505513,0.0001734304548225101,0.01232654496493262
2011-05-18,0.0022466094302009583,0.0012101306688983267,0.0013850417726617003,0.0013800243694402298,0.004046671327870199
2011-05-19,-0.0028232897223895766,-0.0007690664767012822,0.0004292398228760591,-0.0010286302981382539,0.004115937897767245
2011-05-20,-0.00396108328129481,-0.0027579091857994767,-0.0006837022743041212,-0.003284075201189996,-0.010148878715836406
2011-05-23,0.002442216652157398,0.002265993648705091,0.001138403730807874,-0.0007843479420804577,-0.004248131578339016
2011-05-24,0.000777101450841002,0.0003456619460616478,0.0016472325888576007,0.0001726072326714966,0.004680601420308318
2011-05-25,0.0008683571229913923,-0.00043415969075147494,0.0023422261846498807,0.001474478778781226,-0.001038242003629255
2011-05-26,-0.003564136428229755,-0.004170292751116164,-0.0012922681100535178,-0.001568764484184412,-0.004598507083942748
2011-05-27,-0.0031176954325859165,-0.004589348662106446,-0.0009539916598810177,0.0013002212207530257,0.005896141246736829
2011-05-30,-0.0006064018897651682,-0.0012994327639500338,0.0006064544262110648,0.00034656039161628664,0.00017295053657789033
2011-05-31,-0.004434218913896188,-0.0024740873431453145,-8.506656463812231e-05,-0.0018819509403925493,0.01425161484018073
2011-06-01,-0.0024883105206784605,-0.0024904474205813764,-0.0005967858994633505,0.0020597329630105622,-0.012437437849150891
2011-06-02,0.0005990842748391132,0.0013712720695222022,8.578904479148659e-05,-0.0009415793548205339,0.01252267844077224
2011-06-03,0.006762855891499374,0.0031649656461030192,0.0005993407431430052,0.0009380463741613694,0.001277737726544384
2011-06-06,-0.0020484814264724364,-0.001280355260051803,0.0005965316125594966,8.54372250508102e-05,-0.0050399457471027665
2011-06-07,0.0011903751086776123,0.0007655991186767663,0.0004249713208321579,0.0010191949243041705,0.0075929213486862985
2011-06-08,-0.00034240712541362786,-0.001198938227029917,-0.0009398095441614749,-0.0006851661795965015,-0.00999367702462427
2011-06-09,0.002668389790756722,0.0018926364906342065,-0.0007684098563790811,-0.0010320805938926875,0.0012010982912729457
2011-06-10,-0.0033712267741535175,-0.0006056673341108146,8.638935688490015e-05,-0.0032088835478835858,-0.01207639967703531
2011-06-13,0.0006927606789005746,-0.00043295666780147543,-0.0012140133298184684,-0.002253229135995782,0.004941706705722889
2011-06-14,0.0016334956131901107,0.00034390852372303285,-0.0021532242073220844,0.0008586639717002735,0.005691633164081451
2011-06-15,-0.0008673779709389313,-0.0003469812664930351,0.00043164847219169414,-0.0006076125355116315,-0.014028633254738904
2011-06-16,0.000962421877515776,-0.001401173712034059,0.0021043409782112764,-0.0023639638028043163,-0.000785169069781271
2011-06-17,0.00017452007025101193,0.0006983240507247803,0.001755772551830042,-0.0007855802786935943,-0.00026186008092723707
2011-06-20,0.0013087294107197599,0.0005228758289062747,8.781558732300012e-05,0.00104575172928961,0.0041006906479370935
2011-06-21,0.0008682063403500152,0.0008683571229913923,-0.0010426623587753631,0.0,0.00616294646292725
2011-06-22,0.00069390236108946,0.0011267606825904454,-0.0002597515058546297,0.0019922913601870752,-0.003554249331340317
2011-06-23,-0.0008751969751714565,-0.0004378092097425973,0.0003480682248854133,-0.0021913494328081595,-0.0040027898902631025
2011-06-24,-0.002369149530904651,-0.0010531859846587012,-0.0006980193983790498,0.0008781173728992427,-0.005157579508401169
2011-06-27,0.0033926351535302074,0.0008693384882021596,0.0007003414450656117,0.0030349036951538896,0.013324821577783155
2011-06-28,0.003280956146445078,0.0011228677491601942,-0.0031152673169493115,0.0,0.007240786742748673
2011-06-29,-0.0001723989315535654,-0.0006898336050052744,0.00042854082507130933,0.0034423441909729197,0.001630551745085332
2011-06-30,0.00488663152522633,0.0015433424996020612,-0.0005151541283327503,0.0011111587108476276,0.001114110754996702
2011-07-01,0.001964385480296658,0.0016226144727549303,-0.00034129693164049467,-0.0005120764812759972,0.005552010844989423
2011-07-04,0.0003410350446559215,0.00034118048778596983,-0.0004268943501330521,-0.00017050298421520524,-0.0006812569453638221
2011-07-05,0.000426094002782276,0.0009372471184109942,0.00051068177124852,-0.0009376465759635034,-0.0038407421429063693
2011-07-06,-0.002850604444033096,-0.001381692793215315,-0.0006017105953668123,0.00121033990741569,-0.009192109738553432
2011-07-07,0.0030965103014900016,0.0023214833520390906,0.0003454231467851019,0.0022304204150878698,0.006451912785039035
2011-07-08,-0.0015589817811913107,0.00017325017368352363,-8.587745292758742e-05,-0.003560113168428969,-0.014336544023240506
2011-07-11,-0.0013274925618650783,8.852299390546484e-05,-0.0008760403538799321,-0.004704637855112914,-0.016022879986122406
2011-07-12,-0.0010769093744712511,-0.0005382131453926047,0.00280632058524167,-0.0019773509948032594,-0.01872227392090321
2011-07-13,0.001880962532270403,0.00035861574707456807,-0.0009868569409885873,0.0015200968635475096,0.012669202207825787
2011-07-14,0.0009785171798874029,0.0007110479368109705,0.0013358865592680202,-0.003205987250428111,-0.0005358578318810427
2011-07-15,-0.0027761626212286865,-0.00026875700049791427,0.0015199609524699093,0.0007171672203393959,0.0005358578318810626
2011-07-18,-0.0028771823480613235,-0.0015269235463198061,0.0011711185519400684,-0.0009008198068850114,-0.0017922757732551312
2011-07-19,0.0019644617443551607,0.00035707909681331973,0.002322673904659885,-0.0009817484835120932,0.00492104961242772
2011-07-20,-0.00134006363020629,0.0002679887460765118,8.939346539735996e-05,0.0008935752538107613,0.0007137759046797241
2011-07-21,0.0025724057295192374,0.0031954580714408185,0.001336719888920905,0.0005313967001319873,0.010116334389071318
2011-07-22,-0.0017771463714011907,-0.0005335230430661901,0.00044148161946143253,0.0008001067235746638,-0.004424394439747133
2011-07-25,-0.0008911068135559977,0.0016048505584271573,-0.00017793594352995433,0.001247327317812597,-0.0016877641137197409
2011-07-26,0.0009741841978434143,0.0007974128806007186,-0.0010603517826585415,0.0009732360865521751,0.005673774085907875
2011-07-27,-0.0022229147107525257,-0.000889521496119271,0.0011559153023149565,-0.0022278670712827103,-0.01057552624708641
2011-07-28,0.0026980859968673415,0.001619287867320976,0.00026863667052095126,-0.0009884531514237815,-0.005554574396041767
2011-07-29,0.0001804565555742466,0.0017153437149646025,0.0008124577291866031,0.0008116517557906672,-0.0069416551000174975
2011-08-01,-0.01203186513715474,-0.006833428258225908,-0.0017934007676180758,-0.0024789986528233926,-0.007317436327528654
2011-08-02,0.002274278897040438,0.0010906117594687435,0.0024609227203495018,-0.0038237482860220585,-0.004817096340480501
2011-08-03,-0.0014536206793268971,0.001273422038554856,0.0036330648498811386,-0.00027278927198031415,0.00744307693221174
2011-08-04,-0.006162109250860147,-0.001696353248178402,-0.00017553098166887466,0.0012533573708792863,0.009092199287823077
2011-08-05,-0.0034044111003141884,-0.002783391247027659,-0.001619725000923507,0.0,0.003667431097484751
2011-08-08,-0.0008171047710513537,-0.0002721705618978712,-0.001254255674193685,0.0003632401057011609,-0.018779472777331295
2011-08-09,0.00018157058606389312,0.000272541450699084,0.0019096991208260494,-0.00254499319332627,0.008399995198368065
2011-08-10,-0.0024853881252446613,-0.003500049626301908,-0.0010894236211386656,-0.00018434878842876182,-0.022466723309414502
2011-08-11,-0.001831502343467731,0.000458232148420412,-0.00018326766293385853,0.004572481674890049,0.006784037752962994
2011-08-12,-0.0006403513002969006,-0.0027432350780308068,0.0011923872084631728,-0.0010986999823422595,-0.0015544281463919834
2011-08-15,0.0028042896843308834,0.000994350364414956,-0.0004546901365109419,0.0010834237246122285,0.01132925517717664
2011-08-16,-0.000271039437897252,0.0003616636567451608,-0.0011757790890119504,-0.0018088093925102008,-0.0030688714400441196
2011-08-17,0.0018052175675919416,0.0005414185297387932,0.0005443164427233393,-0.0021666524680657843,-0.001175885441448471
2011-08-18,-0.005565453898316082,-0.0019159715728439847,0.0019015716329021794,0.0026497342928079983,-0.007813959438634941
2011-08-19,0.00036373556825493363,0.00118058407209997,0.0017382557782438417,-0.0005456529782527629,0.0050043323581219525
2011-08-22,-0.00036143490047383763,0.00045205913703262173,-0.0014478330282291652,-0.0024431084857035523,-0.0010872520777491638
2011-08-23,-0.0011789780534005633,0.0014512474202411953,-0.0005409304134784429,-0.0008170305933143501,0.003077482515768357
2011-08-24,0.0032543872512297506,0.001445217485762051,0.0018120871135967158,-0.0022588670097281652,0.0020764689445342396
2011-08-25,-0.0022462833471458355,-0.0018889144361589072,0.0004490144209065963,-8.995637122069134e-05,0.004140047313768692
2011-08-26,-0.002084183618835391,-0.0021725363845233204,0.00017992083531807876,0.001178550519444424,-0.001528021509838106
2011-08-29,0.002237237498551629,-8.952150760191308e-05,-0.0021574981400211257,-0.00017879492270059954,0.0037725725153194283
2011-08-30,-0.00027101495265017915,-0.002168414293823588,-0.00144209128191398,0.00027101495265007886,-0.006837018356449893
2011-08-31,0.0005424464467158064,0.0003615002298744032,-0.0006324253723006825,-0.004529403522167292,-0.004886445339609458
2011-09-01,-0.002548931739625781,0.0013635745942611366,-0.0007272727593289298,-0.0008206812114291095,-0.005001601842105625
2011-09-02,-0.0010075567602998278,-0.0011907489384968453,0.0006401170718322225,-0.0001833012561268899,-0.005484975813577273
2011-09-05,-0.0030458281888354026,-0.0015687725267829454,0.00036815462910078637,0.0035986198004796313,-0.0036818892845808036
2011-09-06,-0.00045941104313328705,0.0012851112471784973,0.01165846041035695,-0.005437049748331494,0.0011059908961489019
2011-09-07,0.0011054814575855003,0.0008288438104006905,-0.0005517748898499328,-0.0009211496598283748,0.0023921255311654295
2011-09-08,0.000740124004550718,-0.001848600212176528,0.0003674106774131756,0.001478606682842384,-0.011088636996505592
2011-09-09,-0.0022463506263740813,-0.00018745899389407028,-0.0011159677527559665,-0.001406535934448841,-0.015450468874528946
2011-09-12,0.0008541736389891158,0.0018975337761914111,0.00430890693972567,-0.005326750919168881,0.0015201903165134143
2011-09-13,0.0032331713216007434,0.002472189145389073,0.0014341032143808123,-0.0015201903165134245,-0.0012349785448410675
2011-09-14,-0.0026659065584245323,-0.0006666984389051479,0.00047603180791353135,-0.00028605482912585683,0.0017095644775300997
2011-09-15,-0.001876877427844842,0.0014085170646415059,-0.0004733279777866756,-0.002633560589085807,0.010478219246152573
2011-09-16,0.003392389231521694,0.0017923687643596538,-0.0004724781566751309,-0.003203620944033274,-0.00517818791091173
2011-09-19,-0.0020112059645319477,-0.0015316870695087261,-0.0001903311768212887,-0.002880186322837947,-0.004574050284706956
2011-09-20,-0.0004775321231092023,-0.00019100372515328808,-0.0007647452815115013,0.0013365157120750189,0.0003819709748502893
2011-09-21,0.0003830683823896669,0.0006702092261020921,-0.0006710444579087399,0.0011483254850385065,-0.008533538529220355
2011-09-22,-0.00165780914656679,-0.0002926972068313283,-9.677263277506481e-05,0.002144877491883527,-0.01162240685717865
2011-09-23,0.002238334835557671,0.0008748481724441872,0.0020345886977874567,0.0018452877571395417,0.007376525731941116
2011-09-26,-0.003994354767641659,-0.0015582395050137544,-0.00019455252979649627,0.004188793811614298,-0.0014508877140148695
2011-09-27,0.002397507741557446,0.0025925407002590976,-0.00029079629924304306,0.0007659900795826371,0.009153602478605858
2011-09-28,0.002496400720374627,0.000575871020809439,-0.0013453778696632184,-0.0029771930754221277,-0.007219552944301079
2011-09-29,0.0017185415724724473,0.00019085790686803683,-0.00047876670613370364,0.00038149738183261415,0.008082407127550893
2011-09-30,0.0020338005170308284,-0.001161327915289161,0.002022440136559159,0.0005803269337836512,-0.01176030519523215
2011-10-03,0.0013678556114182835,-0.00039119804899868927,-0.0020452892447639618,-0.006563181711699847,-0.017944296753432863
2011-10-04,0.001577131918823109,-0.0014818476408831342,0.002475861626204991,0.0023610438907088866,0.013854311501907673
2011-10-05,0.0016608865134030858,0.0027349108666456703,0.0008823097479390868,-0.000781250039736376,9.757525499263207e-05
2011-10-06,0.00488807308194384,9.777560506460838e-05,0.0018541112898823183,0.002143205886128306,0.0045753304443995925
2011-10-07,0.0017394670021855683,0.0019331148490453014,-0.00029110669265775745,-0.00048288184819700726,-0.0032102756302482102
2011-10-10,0.002389715805322077,0.002104458400551536,0.001733269572107308,0.00038182512873198815,0.01678442026371121
2011-10-11,9.593706535875717e-05,-0.0013435702596971775,-0.0015315404544354813,0.003352011949587259,0.0012427705820166762
2011-10-12,0.0022518305630964577,0.0009390553793647282,0.0026664143023950077,-0.00018745899389407028,0.01676890224269603
2011-10-13,-0.002658313537340164,-0.0011405761145245046,-0.00517818791091173,0.0010451803887471676,-0.005463979679646946
2011-10-14,-0.0012184265062352713,-9.362857550965354e-05,0.0024498269107300396,0.0057044153376703535,0.01239219763686268
2011-10-17,-0.006320477623253049,-0.004810195551651264,0.00046466243111027965,-0.0012310024754175655,-0.014488916556176182
2011-10-18,-0.002094440978889145,-0.0022868042362026086,-0.0021847550841648878,0.000476394654334106,-0.0006636014842755179
2011-10-19,-0.002076843944839228,-0.0014174346809735046,9.422850419219989e-05,0.0013221269278831942,0.0024625888557879357
2011-10-20,0.000566947005642427,-0.00047288032280454775,0.003323050767412354,-0.005874010257749543,0.0011345373250613948
2011-10-21,0.00018932222699487346,-0.0007569306823693867,-0.0005693139920352696,0.0009460738643215912,0.0002834333242083555
2011-10-24,0.0018982541766908027,0.0008540925786102661,-0.0024586300801133086,0.0019892963506158673,0.003116885640253148
2011-10-25,-0.004640819050389781,-0.0006637902666565109,-0.0015098615683283268,0.0010436928695403747,-0.0022658619966258765
2011-10-26,-0.005777899095667122,-0.0009464320221885095,-0.0013241276880292027,-0.0024728945453313645,0.0015111449796700075
2011-10-27,-0.002426506090264519,-0.001868984751129794,-0.002446829754543624,0.001493931183545674,0.016659252848518834
2011-10-28,-0.00018667164511932332,-0.0006533202901659382,0.0011162791856819218,0.0027033342028466374,-0.004558359444261248
2011-10-31,-0.002843908159581271,-0.0008251203768616105,-0.0017396882105920974,-0.0010110759627818243,0.011509315833977223
2011-11-01,0.0002801774475485509,-0.0011219148521589425,0.0016797316379477548,-0.0006538695296251832,-0.011976191046715762
2011-11-02,0.0012078979401256643,0.0018578732701181914,-0.0013948949116255225,-0.00037150553041747275,0.0010268378965256947
2011-11-03,0.0013981453552232843,-0.0018639334380627533,0.0005598059485622242,-0.0015847125199435336,0.006602525496544401
2011-11-04,0.0006517994550793841,0.0007448789916104024,0.0027808694227922856,0.001023398703081105,-0.00018539117591101522
2011-11-07,-9.307953653097363e-05,-0.00018625442408099892,0.001027605303187966,-0.0016769148703247806,-0.003067344506543869
2011-11-08,0.0,-0.001677540001976842,0.0009307521148468871,-0.00018653236390602147,0.0
2011-11-09,0.002370006323357507,0.00028429282352102623,-0.0021635867524690843,0.0012301870489209263,-0.02107321631611515
2011-11-10,0.0009493070771772641,0.000189825361238284,-0.004833445414328571,0.0007587973426774736,0.004742492052871848
2011-11-11,0.0016053641485457401,0.000849577622253013,-0.0007585814890603034,0.0029208104808743597,0.004343317185678988
2011-11-14,-9.530617114672435e-05,0.0,0.0018034269991507267,-0.00028597302516037,-0.01277277405386034
2011-11-15,-0.0010561183834129034,-0.0013435702596971775,-0.0012457478492848004,0.00028814292088150546,-0.008894898682336184
2011-11-16,0.0011537353457460788,0.0,-0.003172621994924245,-0.0006728505083953313,-0.005008196926589676
2011-11-17,0.0003845784106625122,-0.0008651766941982404,0.0005787037198541474,9.612149764694702e-05,-0.00028970112703202483
2011-11-18,0.0004814404791851998,-0.0009618159825822498,-0.0005783690155442524,0.0007698229787418284,0.004336729198386094
2011-11-21,0.0048174291066955125,0.0008686001607731279,0.0010637784475917864,0.0009607071543021033,-0.002695678921305106
2011-11-22,-0.0018263089615087272,-0.0019227077640205606,0.0008651766941981858,0.0011538462818616528,0.0030801833959066298
2011-11-23,0.0,0.0004836291625918992,-0.002900234051468541,0.0,-0.009075173309791195
2011-11-24,-0.0007782101560059129,0.0,-0.0022283592033493114,0.0007782101560059473,-0.0023303243869134626
2011-11-25,0.0006799087241669314,-0.00029116319902885974,-0.001558998659323355,-0.0014575137400215472,9.720534637053954e-05
2011-11-28,-0.0019188339380733885,-0.0013427970557856172,-0.0006734330910143761,-0.0012492194004319278,0.005594690005396242
2011-11-29,-0.00019273393140510688,-0.0011561808783845996,0.0022107953446369863,0.0011558467863590734,-0.0008660925335693629
2011-11-30,-9.56892015467062e-05,-0.0006695041137651027,0.0014468292854250197,-0.001628118924987694,0.004035362893401462
2011-12-01,-0.0021956001374252034,-0.0007640149354546751,-0.0017169023675726429,9.556118312010932e-05,0.004019144166249094
2011-12-02,-0.007174661283135085,-0.002007744830471743,9.528800807634955e-05,0.00047991554407691197,-0.0026776338079133933
2011-12-05,-0.0013448874849414708,-0.0007536262656772654,0.0005719678709996689,-0.0006396944960950421,-0.005859111282466067
2011-12-06,-0.0017572756194132642,-0.0008356586580750184,0.0025964798646793182,0.0007493803551890084,0.0009884979955279887
2011-12-07,0.0009807315889349942,0.0004132767619479591,-0.002227749838668751,-0.00037487204326141826,-0.0016896760994739948
2011-12-08,-8.722578399702615e-05,-0.00031963271567660617,-0.0005788097903271661,0.003164329930508234,-0.003937638367969384
2011-12-09,0.0014940409832910984,0.0019771334157592533,0.0016087473064785615,-0.001349358777503194,0.002476071539201081
2011-12-12,-0.0007582312190699317,-0.0014784844339766822,0.0008520114762398755,-0.00161558785104201,-0.01121228125397962
2011-12-13,-0.003359833112077102,-0.0026198446022377996,0.0004384917901770363,0.00018640883435639639,-0.010974799776837381
2011-12-14,-0.0006915424635672745,-0.0007709795775789621,-0.0007770810670146308,0.0005631493037834848,-0.0006110662309952041
2011-12-15,0.00016775957132373517,0.0012242924823371232,-2.964470817473945e-05,-0.0001776286578904552,-8.873420660184515e-05
2011-12-16,-1.9730870921278762e-05,-0.001598784475090662,0.0003054111991424999,-0.0021233422458904524,0.0002760361230510277
2011-12-19,-0.0003548021522461797,0.00012817668680816676,-0.0002562358961086985,0.0001281375213056666,0.0001971433928848607
2011-12-20,-0.0006769650640429738,-0.0006475032110852456,-0.0009417304992628766,-0.0020828223868018985,0.004131058604858929
2011-12-21,-0.0007674219918347246,-0.0008260805898300881,-0.0007531336092176935,0.0009542689499691301,-0.0010213402048622937
2011-12-22,0.0010203682059507014,0.0011381141893514204,-0.0026737591036492293,-0.000617983334118021,0.0025219951838731393
2011-12-23,-0.00029451032962420743,0.0001276631266433187,0.00011766436254200831,0.0002846947159274236,-0.002148692234374325
2011-12-26,-0.00032409340066150556,-0.0009036263530835257,-0.0006970591260730167,0.00035355122932714583,-0.000383128593447164
2011-12-27,0.00015729762709643577,6.883293757127738e-05,0.00012765560499083443,0.0002850388999104053,-0.00010808845576686316
2011-12-28,0.002001665419215099,0.0006245570061699345,1.968717085579233e-05,-0.002646618682461564,-0.010202910334737718
2011-12-29,-0.0012149580740651437,-0.0003385442629168488,-0.0008960574076253522,0.0026471101269425297,-0.001360997214895878
2011-12-30,-0.0008295562350122676,-0.0014592706237737286,-9.981384717451796e-06,-0.0016311339995275448,-0.009468802954379787
2012-01-02,-0.0003017774715843708,-0.00016094960300316,-0.0013555648002298924,-0.00024148756456403915,-0.0010944820126501799
2012-01-03,-0.0013676137275789933,0.0004193374529789391,0.00016004321200856688,0.00036953992700143514,0.006259503554843418
2012-01-04,0.0009783799012298507,-0.0002118740265504436,-0.0003203684264273047,-0.0006454215633490927,-0.009630796442328548
2012-01-05,0.00034453058049663,0.0005979315799866285,-0.0006783676911639677,-0.000435749724417548,-0.004971967192545467
2012-01-06,0.0010711718112475228,0.0005203046449997794,-0.00035467641216334605,-0.0003263308207625708,-0.008260222139480362
2012-01-09,-0.0012872249823563042,-9.194979547643956e-05,3.055907834047632e-05,0.0013484800997299456,0.006519674016520598
2012-01-10,0.00038702449940748604,-0.0005707122847853647,0.0006407616128428506,6.109544128088234e-05,-0.0016922547721052645
2012-01-11,-0.0004817671722732679,-0.0006350116973595758,-0.001740538173962125,0.0003382863267198321,-0.0022880733993729304
2012-01-12,0.0005799667444811135,0.0009060691981164943,0.000438343882692155,0.0007117799883608459,0.006665740073252959
2012-01-13,0.0009026197096706141,0.0015087371039902387,-0.0042759907551509916,-0.0007487064651321082,-0.00873359086025894
2012-01-16,0.00032911653079137376,-0.0001645988934441657,-0.0005966894202940779,0.00029816832336729146,0.00013361495273985971
2012-01-17,0.0005212938426502494,-0.0004087889683907487,0.0015711403178890215,-0.00034749903254358775,0.006218995603225152
2012-01-18,-0.0014205989197819658,-0.0008019531541012492,0.002675443984878195,0.000436541582441521,0.008785901543843715
2012-01-19,0.003051561634232742,0.0011677069979955776,0.001031230187129816,0.004444830804178682,0.01132549139506029
2012-01-20,-0.0006516258294445228,-0.0013633950643794932,0.003080955224264844,-0.0007323325116753351,-0.003228526105859517
2012-01-23,-0.0004580715269152227,0.00021908204710256702,0.002088081631662585,-0.0012956855489919205,0.010989121575595165
2012-01-24,-0.0004657131192322169,-0.0017642982076759067,0.00023860416676308994,0.002375838847839268,0.009616174370029807
2012-01-25,0.0006997659519253348,1.970404524106102e-05,0.0004929508134920484,-0.0011336696123990914,0.006595291064190582
2012-01-26,-0.0006284121019024067,0.0010025457636876347,0.000842773755343276,0.00044189347158638003,-0.005371385270588804
2012-01-27,0.0003273533511032005,0.0017874170631045246,0.003074872037351863,0.00307980497051108,-0.00010851176130159916
2012-01-30,-0.0011193397065124525,0.0004194924203304121,-0.0007746395334328747,0.0011093511434172292,-0.010035983400308177
2012-01-31,-0.003874829004220715,0.0007412304764719583,0.00032786722664680064,-0.0004314648297679245,-0.006078316790560721
2012-02-01,0.002460442427239144,0.0023906298739163672,-0.0013509661461192438,-0.00034827776996529294,0.006158048890746592
2012-02-02,0.0024562922355652965,0.0008673243588910851,0.0011397265890215013,-0.00012965317793115546,-0.0027344507722309435
2012-02-03,-0.00043814228375569796,-0.0010154306497197764,0.0015935147336060347,-0.0008868296423582127,0.007030570988221605
2012-02-06,0.0025525734014030456,0.0015174206765082834,0.00012001440187235727,0.001393187539379049,-0.00042805876008883675
2012-02-07,0.004051215987438826,0.0015140048312150113,-0.0011203261022981357,-0.0010210895125875611,0.012507089339074785
2012-02-08,-0.00329770931598873,4.906554667354496e-05,-0.00020549855489397563,0.0018268612541500712,0.0038668062666734177
2012-02-09,0.0013614573584321004,0.0007198934090439992,-0.00043942094791975836,0.00039836186357745083,0.00972821521536245
2012-02-10,-0.0017680015936227358,-0.0010841803536076819,-0.00010675206842266007,-9.776652376431184e-06,-0.006676748731611505
2012-02-13,-0.0004197599620397794,0.0003322746182537851,0.0008540621849346583,-2.92921550747926e-05,-0.00899284001790805
2012-02-14,-0.001290554389675933,-0.0003881121304648018,0.00021352589567891501,0.0007376635812233183,0.009517606071756814
2012-02-15,-0.000820432726588592,-0.0019525345211884157,-0.0011418508899753556,0.0001660942930889072,-0.0044595550096332304
2012-02-16,0.0010406384817972618,-7.774462837119456e-05,-0.00037101042183777127,0.0042872728042070984,0.009701789678414903
2012-02-17,-0.0008433400597587381,1.9157455124259257e-05,0.00010581145370747789,0.00028758220256102116,0.010087060445161835
2012-02-20,0.0015571890193456866,0.000673812904810297,0.0013495150447217054,-0.0005694220520187083,-0.0033137608242077825
2012-02-21,0.0019397179771693557,0.0013142532159719264,-0.0013245035048906318,-0.0009930440450811506,0.006077893255573735
2012-02-22,0.0021904990026814014,0.0024166525624291727,-0.00041485951943301847,-0.0009207411676820173,0.005665256867625662
2012-02-23,0.0009464949937924241,0.0003187848697945116,-0.0004875853370921938,-0.0002154597028434758,0.004857246175853224
2012-02-24,-0.00019316472872122384,-0.0006991463340427186,-0.0001390685192834983,0.0014524197287779956,0.020984224797113833
2012-02-27,0.0034228342733961634,-8.344265871692682e-05,-0.000619186482702905,-0.0014548961667086898,-0.016948623567914333
2012-02-28,0.00027724382848002833,-0.0007396518426319485,-0.004636950512845325,1.848018923765914e-05,0.005380382949243111
2012-02-29,0.0008226383120120321,0.0035684278558936458,-0.0027879857795928883,0.0013018971678246752,-0.0015224284285275192
2012-03-01,0.0005553807277544554,0.000861833348837425,-0.001665186885663851,9.25373272459081e-06,-0.002237096037254655
2012-03-02,-0.001745638669046607,-0.0003992405198590103,-0.0005368183461629538,0.00030663588158821625,-0.0009073570609374393
2012-03-05,0.001375835711725874,9.290442457416867e-06,0.000298646759102632,0.00042723929765308105,0.0018383040791721892
2012-03-06,-0.000867515377367315,-0.0018222250343887829,-0.002843937435497301,-0.0008777104591030749,-0.018877141788344917
2012-03-07,0.003924323103699797,0.002148592933323745,0.0010360743132707215,0.0008355748818527342,0.01041901380699829
2012-03-08,0.0032162564394383085,0.001120770021405248,-4.645739161158455e-05,-1.8507893617133952e-05,0.012854471756920735
2012-03-09,-0.0010914608157681727,-0.00046278300005894957,0.0008878859649908448,0.001729136371429561,-0.0007113591416300469
2012-03-12,-4.634156514836892e-05,0.0004911477665788305,0.0020759393199859485,0.0010745716643089178,0.0014878686027546466
2012-03-13,0.0025309219964753152,0.0010718213671733377,-0.001151198524668082,-0.00024911311248042604,0.0024994363919795767
2012-03-14,-0.0016041142085583297,-0.0028136632362198953,-0.0010655791419893774,0.0007886291101073434,0.005200162394143366
2012-03-15,-0.0004868616352754301,-0.0007898967115643236,-0.0007776085727510094,0.0002480534705753075,0.0015383209699664235
2012-03-16,0.00193011585985241,0.0010282964401575586,-0.00017370078711854067,-0.00204859333332224,0.005784107138749695
2012-03-19,0.0018191911437943694,0.00037274591433849805,-0.0004758854304142161,0.0023509453182159207,0.0026134790461398477
2012-03-20,0.001666576477618801,0.002207945879336665,-0.0019426166370442805,0.0001628856094166728,0.0032392062415733123
2012-03-21,-0.00402538518406011,-0.003528709366599457,0.0009075022299540681,-0.002254424922344104,-0.004354544064223517
2012-03-22,-0.0010568445446499516,-0.002408399303603128,-0.0010183440405546714,0.0007720659580748683,-0.0107636792505855
2012-03-23,0.000743402338783612,-0.0009450018823442035,-0.0008663259659909811,0.001833197884584109,0.0021528730837471546
2012-03-26,0.004054703153618984,0.0015159976940859559,-0.0030859713336983076,-0.0009419096100947889,0.01169550832306023
2012-03-27,0.0006850426616802169,-0.002233390096413594,0.0008145902609103459,-0.001758618810515882,0.001029401232273079
2012-03-28,-0.0016911373082660781,-0.0001446549980824412,-0.0003074057689913358,-0.002873343800323032,-0.003978988981104047
2012-03-29,0.0006425555572648914,-0.0003394697881555063,-0.0010469441569525128,0.001815281867095662,-0.007147564257237178
2012-03-30,0.0015393376602190463,0.002414458762770199,-0.001861586170550024,-0.0017398992332941755,0.00889484306675329
2012-04-02,0.0022303686610395893,0.0008225638864732334,-0.002710836868406052,-0.004016418714731812,-0.013545824783523413
2012-04-03,-0.001149970921122555,3.649002454348595e-05,-0.000575707885279379,0.0017518092818622482,0.002484859175756958
2012-04-04,0.0007676833452148344,-0.0008778861067716686,-0.0007339113214149914,9.245220227721757e-05,-0.012006202324032648
2012-04-05,0.0025878052551132234,0.000884218617822958,-0.0034742040809383357,0.00026027142738468685,-0.006354933011118215
2012-04-06,-0.0006093474078008959,0.00022490652417441894,0.0010492547076446383,-0.0002063247934692644,-0.006489109729844193
2012-04-09,0.00032024715818876147,0.000555610503089103,-0.000837194038033915,0.00154328279287267,0.0008609396002496606
2012-04-10,-0.0014057468102938269,-0.001395147376614864,0.0017024002305671448,-0.00042494322925837726,-0.012547286915818008
2012-04-11,0.003739446072031673,-0.00030980534145657907,0.0026579031466891635,-0.0037206198848046376,0.004102472905710367
2012-04-12,0.001023498293530214,-0.00027231197730625016,0.0021442686669789156,0.0003002777591814288,0.005953546202932231
2012-04-13,-0.0035113023645625646,-0.002674352310561454,-0.0007324356629200732,-0.0010661836827147912,-0.0076529905161366344
2012-04-16,-0.004608829671026986,-0.001303229243605115,0.00036236030453323483,0.002307069997030642,-0.001173331449309853
2012-04-17,-0.001151780193981254,-0.0014273630713524496,0.0008307373271114775,0.002735670105376752,0.00527860186290322
2012-04-18,0.001438206719832698,-0.0003570220639974954,0.0010211778158239165,0.001989396799318375,0.004266683163918623
2012-04-19,0.0008889263759006202,-0.0007203768724408955,0.0011668558296842441,0.0023355110902884943,0.00519126976680233
2012-04-20,0.0017625072975683994,0.00039901082962230585,0.0003536824898884975,-0.0012241492764903657,0.005609864976542484
2012-04-23,0.00025355803093092116,-0.001004416701435816,0.002130565968854634,-0.0011086163162512654,-0.007826495983450438
2012-04-24,0.0018393600106588633,0.0015963781484354207,-2.8068205741800132e-05,-0.0003265428010001374,0.00483000205613099
2012-04-25,-0.0014901605611171275,0.00027005508356583015,-0.002190356785249286,0.0001397969218993738,0.002029663567907136
2012-04-26,0.0019085939273650499,0.0003370691866413511,-0.0012280670653818885,-0.00082286830335298,-0.006279206483297302
2012-04-27,-0.001931262670652399,0.0005630366591756234,-0.0012028154846702851,0.0009192211655401442,-0.004230081107702072
2012-04-30,-0.0013505283751175305,-0.0008227767760200502,5.654296324332344e-05,-0.001371281795732615,-0.006064654592058254
2012-05-01,0.0012929104077792051,0.0013025997197786989,0.0007653603945290098,-0.000226374518741836,0.002947318847276644
2012-05-02,0.00082601868460522,-0.0009775682110273833,-0.0002835887226319159,0.0007874053504511865,-0.005912838588668591
2012-05-03,-0.0029960374563219247,-0.0022013850210929596,-0.0009188347549166908,0.00010411391965199918,0.0006924255563512248
2012-05-04,-0.0015031874203313416,-0.00041850556081837005,-0.0005890848452506561,-0.002698079137358364,-0.009508093427982383
2012-05-07,-0.001026639955461841,0.0007193106437235995,-0.0012132885455630143,0.0006621595278621389,0.004236256533388044
2012-05-08,-0.0014841516558701771,-0.0008676455537609117,-0.0013750200486602098,-0.00027972972503635245,-0.004553978183014426
2012-05-09,-0.0008066907167497203,-0.0003591030227506219,-0.001766298905735895,-1.9446362072371654e-05,-0.008209012146051764
2012-05-10,0.0010424510123388854,0.0008205782157689837,-0.0007647887764889718,-0.00023156188594844314,0.003053615087462088
2012-05-11,0.0023323456442742186,0.000986517672904959,0.002768208047487677,-0.0005608145494643036,-0.0006293479678880537
2012-05-14,-0.0006938370933927855,0.00040081140405090785,-0.0019577254001891613,0.0013676685340813935,-0.005995852025975077
2012-05-15,0.0005470833754724513,-0.0006450099906982639,-0.001596309361042781,-0.00044936796176522605,-0.002512183449528865
2012-05-16,0.00021474099390465722,0.001132713066260928,-0.00019577325604080235,-0.000771329996599755,-0.00013703188949260083
2012-05-17,-0.004336268661593008,-0.0028632029360089665,0.0004989409836769095,-0.003494470649773589,-0.015487515358648663
2012-05-18,-6.94076061099611e-05,0.00010904855149721988,0.0016311919272339263,-0.0002677601876434762,0.003750823028469587
2012-05-21,0.0018797741892031213,0.0004549905618496122,0.0008878016642477069,0.001274256732619312,0.0031464712027345523
2012-05-22,0.0020589049980788542,0.001324172218146282,-0.0011497021376369971,-0.0012642536463140998,-0.001369815978900231
2012-05-23,-0.002998055005376979,-0.001414596478247941,-0.002716622314061523,-0.005611838570380038,-0.013942352122705516
2012-05-24,-0.002510089170985417,-0.00038046036162132593,0.0010952408363613469,0.0008707445415522572,-0.002332718673827721
2012-05-25,0.0010332600270231836,0.00023070711833793252,0.0003094167518957675,-0.001063370985909009,-0.00044112487556765173
2012-05-28,-0.00048210681608339546,-0.0002911398144220243,-0.0009613940953806271,0.0009539446331004429,-0.0048650205568819905
2012-05-29,-0.00011042347413499819,-0.0009532841357905142,-0.0009112074127862634,0.00017064932107929527,-0.0035284042697848917
2012-05-30,-0.0017122593771215465,0.00038769576570915593,-0.00020245988832633273,-0.001960464604381809,-0.014811628860488332
2012-05-31,-0.0022919171170787934,-0.0012964431946827137,0.0024118560490748336,-0.0024003184476197193,-0.010066544181516262
2012-06-01,0.00046385297723347275,-8.236893048601557e-05,-0.003887917212608999,-0.004327334498749236,0.0013721315065804637
2012-06-04,0.004278584974501387,0.0014242608292168747,0.0003200346903621611,-0.0009810234086397884,0.007630336694796819
2012-06-05,0.0025933730407605594,0.0012647126504718856,-0.0030133980070158406,-0.0004589659068904441,0.0017557474601347291
2012-06-06,0.0030159524115779173,0.0016585764319912764,-0.0001715482231306061,-0.000940244027190696,0.016447373180706607
2012-06-07,-0.0037368320308133595,-0.000985942925060293,0.00114526835905723,-0.0018986715007338545,0.004064924148705782
2012-06-08,0.001960705673417188,0.0008091106293301657,-0.0007192240794244931,0.0016444302426933245,-0.00618402648282697
2012-06-11,-0.0009320085457357183,0.0018953739509607421,-0.0007578099655702399,-0.004008504591333846,-0.015860299579116187
2012-06-12,-0.004388958993891964,-0.0011993611564742456,-0.0008054286322288482,0.0018992014921772609,0.005381775466373635
2012-06-13,0.0016787719757835422,0.0007943730652671426,-0.0009537052167736205,0.0029786551892401134,0.003321412093472696
2012-06-14,0.0020556434631917677,0.001032255569879869,-0.00043089842987970283,-0.00014025104960843426,0.004458001285838783
2012-06-15,0.0010074451038967406,0.0007755803391380157,0.0004313522961155044,0.0006542954729689445,-0.0078598258955629
2012-06-18,0.00024158722926354777,0.000553061207804723,-0.005727243935980377,-0.0009465501975504482,-0.01060887949014857
2012-06-19,0.0009101684439829986,0.0007809058904709532,-0.00010069073855095938,0.002087256017118422,0.007341228293144963
2012-06-20,0.0034289032376774962,0.0008038864868879527,0.0028977128360713703,-0.0024664344808201185,0.006901311189122794
2012-06-21,-0.003614890156413519,-0.0017506124194889806,0.0030053434376959257,0.0011570012217918463,-0.0025600585529607276
2012-06-22,-0.0003561288828482428,0.0032563485449969612,0.0008331515429072397,-0.0018519349094144653,0.004322487596146631
2012-06-25,-0.0006337486443170887,0.0005931585867732296,0.0007992567338249201,-0.00022140370035893353,-0.014449576555361417
2012-06-26,0.00037309106375507634,-7.051156140702249e-05,-0.00279858441494552,-0.0009884912193720658,-0.0025344222112740774
2012-06-27,0.0006034821099842,0.002273985987698173,-0.0009752616132870792,-0.0007644721993795656,0.0005436314715286753
2012-06-28,-0.0011253898229807411,0.0010947463410763893,-0.0025047293639614693,-0.00019276130630094818,-0.005652070477173719
2012-06-29,0.00017829902775207544,0.0005056589289617698,-0.0022308374888830636,0.002295235428229754,0.022438891818617128
2012-07-02,-0.0038898136058127,-0.004227872322232806,0.0013604836283326917,-0.0026717783208770455,-0.012039003503017473
2012-07-03,0.0017524648515711576,0.0013547168124273528,0.0016128714593324437,0.001292465109379369,0.005481213208715612
2012-07-04,-8.978944381477173e-05,0.00019958884763777258,0.0010559347497052492,-0.003978771831221753,-0.005581150248463638
2012-07-05,-0.002677080249381521,-0.0024541624489497187,-0.0002004952238730187,0.001233357415461773,-0.010559463147430578
2012-07-06,-0.002520396638318579,-0.0013166962018644043,0.00011119478811151933,-9.195637187504127e-05,-0.011509617560563264
2012-07-09,0.0003066826165662824,-0.000132873387189109,-0.0009914298353446388,0.0006028682404622531,0.002626886709559669
2012-07-10,-0.0019079864227972757,-0.0007488677572595955,0.0031887160919116756,-7.18770697054094e-05,-0.0069861585895474405
2012-07-11,0.005752455513445193,0.004395927500475604,0.0008631585973188937,-0.0012914204342814781,0.0032942872420861327
2012-07-12,0.0007352446572927468,0.0007973449871280558,0.0007326196638789063,-0.0004037998657099082,-0.009150155187645089
2012-07-13,0.0037815040877697066,0.00021659421159299092,-0.00036178515524994684,-0.00018564165026856426,0.002787875587266875
2012-07-16,-0.0018582638371518509,-0.0003946411931994725,-0.0006522043183501649,0.0016819290079731057,-0.0031782092586865006
2012-07-17,-0.0035269403774463256,-0.0033641573873129764,0.0018315588800742546,-0.003342460076410797,0.004290258632951687
2012-07-18,0.0001137415276713011,0.00027904813761415304,-9.269320102005115e-05,0.00015508123703207623,-0.004083574466289989
2012-07-19,-0.0007588318512162619,-0.0002806900836068666,-0.0018542406812686032,0.0020568657719630587,-0.0028767469159816737
2012-07-20,-0.0022589426045887383,-0.0014853869966815218,-0.000996253753491326,0.0006384593460722401,-0.011223602725286984
2012-07-23,0.0002643223055834949,6.344842174183252e-05,0.0011861769429698883,0.00388276247996143,-0.0020318042141043457
2012-07-24,-0.0019451351341449436,-0.000951394392995999,0.0008983349702366405,-8.465698054767444e-05,-0.006544505218572853
2012-07-25,-0.001295452931372967,-0.0012643292311327527,0.004075561806915282,-0.0003794746429987154,0.006881670295679796
2012-07-26,0.0018602723024325409,0.0009150653662396423,-0.0018662524856761494,-0.000560835035731604,0.011625602238949281
2012-07-27,0.00465011378170491,0.0029244772546930388,-0.0016356300039239375,0.002584366544326655,0.006621441050813488
2012-07-30,0.0023807794719901943,0.0013047269492087483,-0.003260606360846826,-0.0017641567680534466,-0.007944554976012291
2012-07-31,0.0012799768646085418,-0.0007596926212087926,-0.00013541878279202776,-2.0799534091125745e-05,0.003002222647167651
2012-08-01,-0.00135035493299258,-3.1147634599220115e-05,-0.0008414754364976658,-4.1578312758126805e-05,-0.0017606280299792953
2012-08-02,0.0014978765429083892,-0.0011100058734350303,0.0005507952895565092,-0.00495258294269575,-0.006170986751440326
2012-08-03,0.0013630310960668385,0.001228469677610636,-0.0004817157551368869,0.0010932118825604457,0.019182399751159353
2012-08-06,-0.0003405028124380337,-0.00037079763114362745,0.0001651800466261436,0.002257535092393523,-0.004474004284810074
2012-08-07,0.00010238872913811695,-0.0001330978527138551,3.0812051622952545e-05,0.0003787471703216493,0.004361114880387051
2012-08-08,0.00010329831529626772,0.00019628606173729043,0.00038179951861746223,0.0002685256922926348,-0.004752899774873904
2012-08-09,0.0013533689065612173,-0.0003718624151931064,-0.0013823555886199224,-0.0001342219516855223,-0.0029950036846376244
2012-08-10,0.0024286656888870277,0.001522800577970893,0.0007161874226006374,0.0020799974219116208,-0.005070599892388693
2012-08-13,0.0013230523088464154,0.0013225055137748357,0.0010198772868618203,-0.00103348500310841,0.004326608084661709
2012-08-14,-0.0005136687360606825,-0.0004112011242611986,-0.0014608154357973022,-0.002623822715031866,0.004091464271260493
2012-08-15,-0.0002483161076794128,-0.00017584054411065857,0.00033924266970084303,0.0021603526984835548,0.0005051051808511856
2012-08-16,-0.0001946352388122196,-0.0015371217864864864,-0.0009263834654603501,0.003609946089649397,0.01007950046314611
2012-08-17,-0.0021847890262776492,-0.0002860616482354108,0.0015905224547762976,-0.0008281997354865679,0.0010299029640560592
2012-08-20,-0.0009809031225145285,-0.0006131020087211019,0.00016287308151162832,0.0011136598154340485,-0.0003362423421919194
2012-08-21,0.0005966496781661314,0.0007883964627301103,0.00014211899444299268,0.0014446416922505151,0.007502839864188705
2012-08-22,0.0012872949834823542,0.0006382106007626855,0.001982281485707876,0.0004354805292563667,-0.004440081498399121
2012-08-23,-0.0032185873120580523,8.119684148738199e-05,-0.0011250362262414273,0.003198313206145531,0.002435362651903811
2012-08-24,0.0008658141485218201,0.000885753177135965,-0.0008417380866243013,0.0020647399711984067,-0.0025166436403254106
2012-08-27,7.103317759769229e-05,0.00017256868530246344,0.001472193580108608,-0.0010965024703879223,0.00020324583670065506
2012-08-28,-0.0002128921405221895,-0.0003852939434844416,0.0015149284323172033,5.069271597454895e-05,0.0026384436320184028
2012-08-29,0.0007603984854261034,-0.00025346872078238757,0.002425744517407587,-0.0001317609857628701,-0.0005981134262154335
2012-08-30,0.0008725472845139889,0.00042594189579633755,-0.00013175163821818535,-0.0047371291773566915,-0.0030569727300550366
2012-08-31,-0.001933854692887109,-0.0009721716648534296,0.0017298049634182026,0.0002533351587012505,0.0028642837548177352
2012-09-03,0.00010158575370135625,-1.0158214186127727e-05,0.00014217672590949185,0.000385931776115464,-1.0147596795500217e-05
2012-09-04,-0.00048715633606974564,0.0008421736694487069,-0.0008695301041270856,-0.0010055100763391907,0.00016234919317673684
2012-09-05,0.000242949406981228,0.0009924151945158298,-0.0014068714727475348,-0.0010025469581015115,0.002401715796317258
2012-09-06,0.0005940963114205122,0.0027289267890719736,0.0001010427613825731,0.004188919067184044,0.008426110166515378
2012-09-07,0.0007006446216879662,-0.0007706975193684241,0.0007202016875939115,-0.0006205461004640731,0.006213468454200185
2012-09-10,0.00034995625903964386,0.0004798608495643213,3.997082130587101e-05,0.00047974094909362193,-0.0034695350936556025
2012-09-11,0.0014629554303650116,0.0005707505524500205,0.00013983918516506416,0.0007006586477662297,0.0014012613643067894
2012-09-12,-9.95158553632217e-06,-0.0001393589490608432,0.002084632827344503,-0.0013643042422897785,0.004231881116037557
2012-09-13,4.004404845862428e-05,0.0003003123270748792,0.0007079575720590662,0.000540437767735181,0.0022483768437799225
2012-09-14,0.004489880978836535,0.003911956877678304,0.0008101806553111325,0.00036920087861694426,0.02265701193744727
2012-09-17,0.001033771570599446,-6.751966512814404e-05,-0.0007988310215350028,0.0001641457424762673,0.0038141129425323223
2012-09-18,0.0004287036651616987,0.0011597254992183647,0.00015538355490565364,-0.0002727901578639453,-0.004592307958555868
2012-09-19,0.0016904522808641016,0.0013587025017099215,-0.0004165193572201375,-0.00222847852017568,-0.005141549983269223
2012-09-20,0.0029283177174744502,0.001275441015681748,0.002858806572378927,0.0011255147455688902,-0.007836168775917179
2012-09-21,-0.002496561155179481,-0.002398459845178721,0.00409207732142953,-0.0009747597103171563,9.858287122690045e-06
2012-09-24,-0.002764328030350821,-8.937482317186047e-05,-0.0024010091799635445,0.001462664997114601,-0.0073736793061741305
2012-09-25,0.002935927520516939,0.0022423758726281503,-0.00040887355905678586,-0.00040615171810702615,-0.0026858204908751307
2012-09-26,-0.00014997975301454623,-0.0001300500694600171,-0.0016413298453497934,-0.0010805187540788865,-0.0032725088818726673
2012-09-27,-0.0002502039174968763,-0.00011010735478197953,-0.0013196306949620922,0.0,0.0017672876741077785
2012-09-28,-0.0028993469385073497,-0.00018933826333719777,0.0006877407986732287,-0.0014278513267054294,-0.00013967177156448611
2012-10-01,0.0018653759973225386,0.0026193089685199126,0.0021514809685612367,-0.00123988886643217,0.0032587764091176205
2012-10-02,-0.0015155645406098918,-0.0016347400689084165,0.0003376801406644125,0.00047571854217276976,0.004536595809676229
2012-10-03,0.0011353484517606467,7.907169830358115e-05,-0.00015842211605878668,9.866944256915492e-06,0.00351977267368297
2012-10-04,0.0002842593836989914,0.0004019745829716218,-0.0014455914444529093,-0.0002940628727608089,0.008295458556922295
2012-10-05,0.0007887549280079838,0.00033114840620895565,-0.00041195453389277013,-0.0002725856714697189,0.003634555690806729
2012-10-08,-0.0005815013740436939,0.00010840375481799263,-0.00226639041465138,-0.001124537726397622,-0.008834646693111283
2012-10-09,0.0003954210296881344,-0.0006125029828728806,0.0006125392908233528,-0.0037033045264829303,-0.007086655504820635
2012-10-10,0.0008719778594516674,0.0018228294560062423,-0.0015284907643674055,0.0005643983613941759,-0.003836029548683999
2012-10-11,-0.0007477518599458935,0.000797342234933992,0.0007961466922660658,5.9053374425490536e-05,0.009276577921431259
2012-10-12,0.00013767196725470717,0.0012191286707386036,-0.0012279040241426954,-0.001033002044724585,0.002227018785841962
2012-10-15,-0.001245617207372609,-0.0012744724919499018,0.0009529096390237326,-0.00020611777249846767,0.0027421916371170416
2012-10-16,-6.808709314516889e-05,-0.0005542348055470592,-0.0003509456070333973,-0.0007979370831586886,0.013696106787159865
2012-10-17,0.0009294760748169167,0.0005229264632792003,-0.00016475981448482371,-0.00011613727438875867,0.003739803260027498
2012-10-18,-0.0007610973656738626,0.0004811161988401639,0.001322642968243339,-8.674406170047987e-05,-0.0005692480772750457
2012-10-19,-0.0017602573359576552,-2.9017889530907907e-05,-0.0016406102888538209,0.0011029412882794056,-0.003122148020419199
2012-10-22,0.0017937396597593218,0.0016980946090976417,0.0007794270162924312,2.875036537121526e-05,0.011267453564483972
2012-10-23,-0.000144863852376367,0.0007244592228993567,0.00014433832929391542,-0.0011403281128224791,-0.006986281736828261
2012-10-24,-0.0005220569160594852,0.0001159991881357003,-0.0010661911818276022,0.001014860543791221,-0.0019305397991890153
2012-10-25,-0.0014016091997534588,-0.0007394567730742188,0.00029724093514149353,-0.0022794060333535277,0.004732835469422249
2012-10-26,-0.0012696814418022156,-0.0024560853822429003,0.0014116921375205388,-0.00232060342706594,-0.009177566976638041
2012-10-29,0.0012057566610570553,0.0004180866278042033,0.0001751841871554004,0.0006703161908905419,-0.000854551509596518
2012-10-30,0.0005909678966420016,-0.00027138357326714023,-0.0008468348837470312,9.684667242400306e-05,0.0026486740590374066
2012-10-31,-0.0016697475611988871,-0.001593610443645723,-0.00028930441776758793,0.00046356209664835023,0.0020906942716744192
2012-11-01,-0.0009245260055470504,-0.0003561270737524772,-0.00013528138548780735,-0.0012436793296419456,0.003445899463405994
2012-11-02,-0.0008510885742518499,0.0009091701064402092,-0.00014516667579289057,0.0006867301758929661,-0.005430017496636428
2012-11-05,0.0004584404327205928,0.0005754553815137042,0.0003995108481355044,-3.900802590634701e-05,-0.00614112878102009
2012-11-06,0.0006618584837829297,-0.000457236258045075,-9.74345484192595e-05,0.0012155100560617789,0.0019961155416351787
2012-11-07,0.0008531210527382147,0.0006668955280757944,0.0006781894539895575,-0.0015400690679761304,-0.0076457376375994365
2012-11-08,-0.0019086791638814014,-0.0006991320216433672,0.0,0.0006694363202610532,-0.007349104112605574
2012-11-09,0.00036636384299664637,-0.00024744513030530013,-0.0036352690459082043,0.0005146629566180303,-0.0023132826291324305
2012-11-12,-0.00023774616746275414,-4.952088544347193e-05,-7.925186246018075e-05,0.00027736503397218976,0.0006527738172789725
2012-11-13,0.0003862935185394375,0.0013769399442445172,0.0036498024176409303,0.00021784335168845286,-0.0015535098091282724
2012-11-14,0.00046969490266026413,0.00042119080075905406,0.0006574654454175114,-0.0002837476230714893,0.01082422603832996
2012-11-15,-0.0010887527150151113,-0.0007999576352694076,0.0017985790276142599,-0.00010604811702217907,0.015523175614683552
2012-11-16,0.0015494720369889931,0.0005809450202119912,0.0012396615762306949,0.0001257892064844557,-0.0007236483770778856
2012-11-19,0.0004811161988401639,-0.0001346115017946619,-0.0013881393452916527,-9.620055892604275e-06,-0.0016930243760776929
2012-11-20,0.00042050939597995717,0.0005641047854685716,0.0017775732644698978,0.0004394344740182111,0.008083312223431349
2012-11-21,0.0007576403654362833,0.0005589847466925231,0.0008182917190671529,-0.0007481663172227878,0.014261167331850452
2012-11-22,0.0006682321743614727,0.0006024890510417172,0.0012423531009681532,-3.763501562306915e-05,-0.0017338375855841545
2012-11-23,-0.0003746826949798997,-0.00026236144186920417,-0.0005276696910245851,-0.00034670652577225284,0.008461614232320325
2012-11-26,-0.00039449584882073773,-0.0003476153154850236,-0.0005733217572862966,0.00031936577985352497,-0.007131207333548091
2012-11-27,0.0010632042965175329,0.0005926427807544573,-0.0017307226322919316,0.0005264790893180685,-0.0013174736528858409
2012-11-28,0.0025374236055404013,-0.0013150241011803915,-0.0004820347630943273,0.0,0.0018533768270699818
2012-11-29,0.0015486926031513869,0.0009198337439085929,0.0003375242627604271,-0.0031562361814374373,0.0014558299156661229
2012-11-30,-6.520028131565664e-05,-0.0003819656370533122,0.0003908467465234831,-0.0001863099457639265,0.005158149077492186
2012-12-03,0.0006141477497484372,0.0006606771715815884,-0.0009621717798423263,-0.00031633203962995996,0.00128682144928679
2012-12-04,-0.0018766023143579702,-0.0009992856406768618,-2.7987815972578196e-05,0.0005325286359983064,-0.0011188812356079751
2012-12-05,0.0007353660173418408,0.00025133229519564137,-9.293118910173289e-06,0.0028525652923398243,0.005275731367497935
2012-12-06,-0.0026965298538493836,-0.0008891759797004454,-0.0007238912251962571,0.0005811174489390915,-0.008396558396121781
2012-12-07,0.0015298056939651815,-0.001117187432835644,-0.00035660661038561855,-0.00034705124043964326,-0.001817177506200711
2012-12-10,0.0013903504419176876,-0.00032895819238053096,-0.0003488739421837812,-0.0002065514367362651,-7.50835304629345e-05
2012-12-11,-0.0007658899174177925,-0.0005696329756734935,-0.0002337420713645637,0.00037367811802095895,0.007760021737953923
2012-12-12,0.0019503003265708449,0.0009065764411513849,0.0006397923211355433,0.00018466538684481525,0.012494493818513768
2012-12-13,-0.001380830455011576,-0.00013712091801090348,-0.0011212721178443452,-0.00032948627896216184,0.006317151985141942
2012-12-14,0.001962709167848689,0.0004568087421266718,-0.0017712208704401724,0.0005379309845752601,0.004341052498451153
2012-12-17,-0.0005896948726811262,-0.000689367441991362,-0.0012253735518340666,0.0004082873310723092,-0.0030647277713812373
2012-12-18,0.0031732607514346374,0.0008113078727207153,0.0003888218295580016,-0.00019803406250580488,0.010260103427363401
2012-12-19,0.0016828691513037907,0.0011273151413065273,0.0016696357912811867,-0.0009485034937764904,-0.0026293016094181784
2012-12-20,0.0012896987117334271,0.00016122386864723636,0.0011063888330926125,-0.0017916977541344323,0.004124826508344486
2012-12-21,-0.0013257039670039798,-0.0009469654975086668,0.002052778723713243,-0.0005416091339373065,-0.0060765906857152335
2012-12-24,-0.000241354806143543,0.00017879652109594298,0.0001792901906176674,-0.0010733933675185986,0.005816340641483338
2012-12-26,0.0015646481187524118,0.00105995840754612,,0.0004503768670732747,0.012882783104451696
2012-12-27,0.0012150455816179583,-0.00027268209395286166,-0.0003427803031572591,0.0016441226332677562,0.010765953342196684
2012-12-28,0.0005798986218582861,-0.0008516579308491039,0.0015860571309434844,-0.00015812082220633035,-0.009425966894184618
2012-12-31,-7.890618497059161e-05,-0.0012353847253246764,0.00018493974099495063,0.0011566671753372815,0.006530728483763211
2013-01-02,-0.004685149731714133,-0.0014392109367300382,-0.00155122764385977,-0.0007481839489473229,0.0065400175554151145
2013-01-03,-0.0006141590162952714,-0.0007023581964207374,-0.005155304783704429,8.77635649574059e-06,-0.007117591934170441
2013-01-04,0.002054157343041741,0.002143548828397933,0.0008363826938167264,5.2169376587874174e-05,0.008307628774650454
2013-01-07,0.0015655852832045143,0.0009045602627687733,0.0011354605511969113,-0.0019399491954134357,-0.00655409015970165
2013-01-08,-0.002677377770716292,-0.00033392209380651036,0.0009500691475867553,0.002940339598939819,-0.007107300629513493
2013-01-09,0.00013957951693267277,0.0011354803864789113,-0.0010321091803038496,0.0029875598719695615,0.011498852221450272
2013-01-10,3.434154382760554e-05,0.0006779864919876879,-0.0010051384211206091,0.0005493043713404736,0.030001522210171345
2013-01-11,0.003635510787101406,0.0010180430055864494,-0.0002373424438764159,0.0009152089036242066,0.003781200424132184
2013-01-14,0.0035819631699958005,0.001576599568465455,-0.0008617336437849592,0.00045207578899511764,0.0008444640036963936
2013-01-15,-0.004481923394786531,-0.0009455307495378651,-0.00296611101057669,0.0021504474273686684,-0.01286943271637815
2013-01-16,0.0016745225787026489,-0.0009429595183671899,0.002990535056275095,0.0014766914616609194,-0.0028230764829478227
2013-01-17,0.0015588598339368576,0.0031417454556163767,0.003734494666231114,8.374402800423346e-06,0.01952126285995337
2013-01-18,-0.00035984317920606025,-0.0013639313454736723,-0.00246833404452932,0.0011543867975390438,-0.001182929303809865
2013-01-21,5.860217080856129e-05,0.0006024348590349738,-0.0009655873830074272,0.0006611293836643216,-0.006792601906973439
2013-01-22,-0.0003991016021284714,-0.0006458082174115341,0.0021726733686784887,0.0012646894496878072,-0.01219650746380126
2013-01-23,-0.0009685806803208612,0.0007144072424956383,-0.001638572177241309,0.0007137819699224466,0.00022061943237547632
2013-01-24,0.002112618268902458,0.0010055973554995968,0.001232451350514751,0.000764100599454978,0.026523778116445264
2013-01-25,0.002582038302083968,0.002067154641020242,-0.000319738964556189,-0.0005142416477635267,0.011010702771096713
2013-01-28,-0.002295082974640416,-0.0011308139787072754,-0.0011803280058860816,0.001885632860415731,-0.009493405504872633
2013-01-29,-0.0005153353270068692,-0.00026181009100183277,-0.001643912552426753,6.545412895174302e-05,0.006761018514092603
2013-01-30,0.0012785138615338243,0.002177583096593561,0.00010520991410832124,-0.001165161797999942,0.008450261945519974
2013-01-31,0.0005819686871119808,0.0002665815775605705,-0.0005186848214577808,0.0018809972406592951,0.010914105236271
2013-02-01,0.006407185285749014,0.0036365401278808857,-0.0014757339692933807,-0.0007572292084364283,0.014458773108516726
2013-02-04,-0.001497352037956759,-0.00031052562683084485,-0.0025566453027724783,-0.002282195088765103,-0.016394462773061735
2013-02-05,0.0034427528513859564,0.0007201674898447718,0.002823142081752001,0.0006002780415308217,0.02065206981012293
2013-02-06,-7.897896004608888e-05,-0.0005765669155034547,-0.0008908054494621341,-0.0003001769486645684,-0.006124046476739928
2013-02-07,0.001383762213739304,0.0007767488248831144,0.00010996174913097158,-0.00274539638487002,-0.008394459379991457
2013-02-08,0.0007422647482674837,-0.001022836729276302,-0.0018371989503045269,-0.000814907198125655,-0.011214560644055193
2013-02-11,0.0039967439815638784,0.0036454376518137484,0.0011365547610097436,-2.3932892171530085e-05,0.020255254969156707
2013-02-12,0.0022331941551508626,0.0005104563909910402,0.002473247396280201,-0.0018819332045716633,-0.005569053396472948
2013-02-13,-0.0015430137955831393,0.0012505129130136459,0.002486585247137071,3.9798302209574545e-05,-0.00141108401823717
2013-02-14,-0.0011441464466253486,-0.0017806286857802727,-0.002342165647875671,0.0006689206047274794,-0.010143253958749727
2013-02-15,0.00016788919352682302,0.0003037739944857686,0.002329007735472057,0.00014388259205330123,0.006874976882091857
2013-02-18,-0.00043858425707122087,0.00033484011697398837,0.00016730068353477132,0.0005980217618930629,-0.0009359663735411276
2013-02-19,-0.0004959285964479749,-0.0006799809867336741,-0.004162403550652565,0.0018145416068223333,0.0045675306186731685
2013-02-20,-0.002076926895888971,-0.0010376260050117493,-0.0009739197844866154,-0.001728733413314051,-0.0095420265790911
2013-02-21,-0.0009191438781804084,9.76618134947787e-05,-0.004286458690335499,-0.0012051137359472457,-0.01175584637210427
2013-02-22,0.0007328155098573551,0.0008311875050719295,0.00017857287850099347,0.00016277498835492101,0.002747031197076672
2013-02-25,-0.0032882306242280573,-0.005446175127746838,0.0014959347152194013,-0.008137968120630059,-0.029638451431155986
2013-02-26,8.359456640180794e-05,6.677852071358932e-05,-0.00343104685062337,-0.003399569536321122,-0.0025889122779437323
2013-02-27,0.0012645276761344148,-0.000782016978007589,-0.0010498251255823998,0.0007645959233907195,0.008974382091938564
2013-02-28,7.451102145648032e-05,-4.139912482845141e-05,-0.00039753199413748247,-8.279036656027517e-05,-0.0044150910791697015
2013-03-01,0.0005197012247458682,0.0005195212275295596,0.0022327713822380625,-1.6494301219245596e-05,0.007826506588948227
2013-03-04,-0.0022163732248845058,-0.0011611390347878465,0.0008472799121612106,0.000585468040686583,-8.213586092874935e-06
2013-03-05,9.86331095709425e-05,-0.0009780594930224346,-0.002000733446072073,-0.0006988608852473256,-0.0003121662721480844
2013-03-06,0.0005013211148853502,2.4671154076804227e-05,-0.0006489905959854987,-0.0005670867918021062,0.001510636314302705
2013-03-07,0.0008303539155062843,-0.0005082510224007705,-0.0015644864831807534,0.0022859544553734496,0.020197456883292123
2013-03-08,0.0012020388022984743,-0.0020102602086930228,0.0016613289657450147,-0.001049700611220328,0.0035953363609064507
2013-03-11,0.0008079903480744035,0.0002880691385848709,0.00048816598612642047,7.996353666988211e-05,0.008204969782235911
2013-03-12,-0.0064379188704988865,-0.00011174522101262179,-0.0007921299507248948,0.0005840724415850157,-0.008156931736094037
2013-03-13,0.0017609389789895757,-0.00012858738736176522,-0.0002645089166949894,-0.000795656880806731,-0.0037699873799264703
2013-03-14,0.001354573897133228,0.00013629494246594317,-0.0009848549336174085,-0.0004726901363876135,0.004538282443008467
2013-03-15,-0.0024189813631354307,-0.0014584972053174432,0.0031233425158392245,-0.003526802101904287,-0.003341576854378304
2013-03-18,-0.0013804417981166965,0.000520008136844774,0.00024346894673870799,-0.0005852326466736981,0.00824107851907998
2013-03-19,-0.0016082658566658272,-0.00102431538356406,-0.0014745082918795004,-0.007072874898281184,-0.010326329198018876
2013-03-20,0.00011319076698824888,0.0010752124175967671,0.0013653876408052555,-0.00028300094387763495,0.016867419925401885
2013-03-21,0.0011655630458624457,0.000562170808810585,-0.001379344137815545,0.0011804790858899444,-0.013043698417706627
2013-03-22,-0.002801452090197086,-0.0009179417629731826,0.003992349202955122,-0.0014240322040602424,0.0006114188776505936
2013-03-25,-0.0030092966447477043,0.00041853881327409546,0.002150843919082507,-0.0018494245343106397,-0.013062541469221582
2013-03-26,0.00018960706054566893,0.004915029616584634,-0.0006687776068415531,-0.001072165051161447,0.004644315366347781
2013-03-27,0.0027752867881339124,-0.0006063097930349175,-0.0035633311923432965,0.0006470129794207075,-0.009583986253516114
2013-03-28,-0.0005135681501832433,0.0008117555901910963,-0.00019977525350497723,-0.00028174616514391215,0.002195663412907815
2013-03-29,-0.0005218925765334215,0.00011598429254285589,0.0002488738471320608,-7.457832177376947e-05,-0.0005546748050798636
2013-04-01,0.0006249193015966583,-0.0008669412523444893,0.0017445965768324938,-0.0023099802206810807,-0.009098608165337837
2013-04-02,0.0013967592443328023,0.0003843454477311559,-3.348877707659014e-05,0.002779344512149828,0.00023390640508970368
2013-04-03,-0.0010621438739777207,-0.0011961373721761069,0.0013617549525566646,-0.0018426083138918055,-0.0015213705297568555
2013-04-04,0.009118505229986428,0.003772055525280621,-0.0015884586287816678,0.0038261070987077937,0.04170701160105279
2013-04-05,0.006469376581695077,0.0024249374840146607,0.001430373989284698,0.0023500657677038117,0.017175076244971974
2013-04-08,0.0027272815015899135,0.0019407115016502811,0.0012449135225921666,0.0012131959866077487,0.013567990683139724
2013-04-09,0.0012372698130264633,0.0017497004425140515,0.001668264189855981,-0.001237269813026532,0.0018671836421533304
2013-04-10,-0.00012282654604161956,0.0002993609816831673,0.00036857867268221884,-0.00035321037884294797,0.005412067330669912
2013-04-11,0.00236622858455512,0.0031672112759190416,0.00032236029414379244,0.002574970576787287,0.002794484820047891
2013-04-12,0.000254557938375345,-0.0006022282627060297,-0.0013261783340174924,-0.0028965265818560004,-0.013663570523663949
2013-04-15,-0.0006322074787637367,-0.0019513419712279044,-0.000904666894742186,0.0005931938981311242,-0.022554663346375937
2013-04-16,-0.0022615564633467152,0.0006138139404163904,-0.0019458770037664162,-0.001339136457235399,0.022244323599449983
2013-04-17,-0.007920154278782862,-0.0029442713172495912,0.002296744969064751,-0.0034024304516018598,-0.006094376328335334
2013-04-18,-0.0028742834084665653,-0.0033222232367774306,-0.0005706401877712329,0.004775513546838827,0.000600968592113855
2013-04-19,0.0007690474189125559,0.0016704325838871215,-8.477090667553744e-05,-0.0022164596527902776,0.013508011323614821
2013-04-22,-0.0007333274481158591,7.716704353738962e-05,0.0007155690425481337,-0.001236294673726393,-0.005490167653032917
2013-04-23,0.004031967077323738,0.001035660828662398,0.00019515622317553435,-0.0012674272926038073,-0.0038239782704880994
2013-04-24,-0.00200007818912905,-0.0013630522083717548,0.004041598291624093,0.0020233114002311306,0.002334751737032297
2013-04-25,-0.000943381706500288,-0.0003942288046789941,-0.00013148786269953825,0.0012756730904602527,-0.0023192718608712193
2013-04-26,-0.003598522140396884,0.00040703545684184163,-0.001027101563250948,-0.0006599571267415416,-0.011388040048635568
2013-04-29,0.002051858899813071,0.0020508508858913537,-0.0024146012989626864,0.0016042242812457491,0.001265496641903589
2013-04-30,-7.025624014897189e-05,-0.0005305122688357182,-0.0007977288614310873,0.0020821724495431,0.0009675708486064364
2013-05-01,-0.0018704559232810807,0.0006694378529081094,0.0033212414782002138,0.0016679920935310992,0.0002729353433118174
2013-05-02,0.004154561708232241,0.0013830774501003122,0.0004451438395702653,-0.00014835926394173973,-0.0027170747280375173
2013-05-03,0.004170231251186997,-0.0009153741172930846,0.0012504807436062783,-0.0031761072891485515,0.014999718651947675
2013-05-06,0.0012449952038885764,5.3804972361027215e-05,-0.0011974670400388765,-0.0045725802314759674,-0.0016388842330558894
2013-05-07,-0.004968868194827124,-0.0014775370917908459,0.00040881971234644777,0.0011268998328986266,-0.003370837376811667
2013-05-08,0.0005537311622946479,0.0005073410824480047,0.0023008928036930246,0.0005918456147517867,0.006000980936063944
2013-05-09,-0.0011298784853376834,0.0006611519660253021,-0.00023823521613414248,-0.0002461292344728846,0.008222503961571932
2013-05-10,-0.0010832390661654587,-0.0013027344113108314,-0.0022733138020315283,0.0004622245205260135,0.005302916108514865
2013-05-13,0.0014234770066489462,0.0006285997957659149,0.0016764336102764081,-0.000643342374930107,0.00011355678797881219
2013-05-14,0.000780335583880883,-0.0002726694354458831,0.0003868838827678588,0.002488457193456547,0.0011348592101292714
2013-05-15,-0.0001293439600076183,0.0019479537433407183,-0.00015137753586263382,0.0023104527819221648,-0.0040991271942081116
2013-05-16,-0.00040176930643968413,-0.0005839061972749159,0.0006145558889195169,-0.001312560173570638,-4.5556011123574334e-05
2013-05-17,0.0033935524764808138,0.00482821337865485,-0.0004925492554102907,0.0008181942607083935,0.005942687754112783
2013-05-20,0.0011614799925621692,0.0006225657501425286,0.0003411041954779645,-0.00037183043443116896,-0.0003566753343699205
2013-05-21,-0.00046145874734739077,-0.00023441428673354227,-0.0002949305989184599,-0.001332616744372667,0.00412812135873876
2013-05-22,0.0023094352150693285,0.0013795173877671103,0.0006841051082277178,-0.00211427664811479,0.001895491790493301
2013-05-23,0.002647249971551629,-0.0003811353305224301,-0.006300957565512667,-0.002181375283414376,-0.004908477150194015
2013-05-24,0.00020658232570381398,-0.00120037478335359,0.004777187819934673,0.0003747996968987959,-0.0068011429986953595
2013-05-27,9.946404191818e-05,0.00011475391036543111,-0.0010949255510915462,0.00042834742690374183,-0.001971904825821216
2013-05-28,0.0007355366905642636,0.0010074270183463706,-0.0008035477823111645,-0.002512154145061044,0.005546562885475623
2013-05-29,-0.0007480345360636307,0.0004199579340235174,-3.8196075739837516e-05,-0.0013295232485495486,-0.004285012846801731
2013-05-30,-0.0010480350304259835,-0.0006755090293111672,-0.0011481584801319663,0.0010024911222954245,0.004338269287990768
2013-05-31,0.001460473804762828,0.0021763458975240595,-0.0031156717402072843,6.112516142773261e-05,-0.006602548210813816
2013-06-03,-0.0007931283165996276,0.00030832318680421196,-0.0015251324034880902,-0.0007397931999010526,-0.005095904382228538
2013-06-04,-0.0012989396367755423,-0.0015890602679141256,0.0011594469517076994,0.000749006455071873,0.0068702970037430216
2013-06-05,-0.0014069620019451948,0.00019985088116203627,0.0007434745127606119,-0.0004463358212415046,-0.008156045012614695
2013-06-06,0.002869376383706826,0.002299591686236448,-0.0005762603934359528,-0.0051461778472255285,-0.0063063411313818854
2013-06-07,0.003009021532758083,0.003764070885417991,-0.0023163374678921243,0.002930148798106015,-0.0002946490208728642
2013-06-10,-0.0005505429103730151,-0.0010179753886128433,0.002406037005267783,0.0006116956393326862,0.015932001366321554
2013-06-11,0.0006767715920904769,0.0016648258890299035,-0.003298391854271803,-0.0004200112064731772,-0.025916325859275103
2013-06-12,-0.00430860200089042,-0.0018915565642155276,-0.0033115187053874818,-0.0014481694931936227,-3.9105730167696494e-05
2013-06-13,-0.0035786483179558928,-0.0014983186570207095,0.0003817036753513831,0.0008460034823593607,6.256843424546843e-05
2013-06-14,0.0013563066385454613,0.00029193509780062215,-0.0009473884369311543,-0.005483838829206246,-0.01804011961009336
2013-06-17,0.0009399276394865434,-0.000552883300422097,-0.0031824651854774175,-0.0011216962485484305,0.006129224096294475
2013-06-18,0.0018472574270666016,0.0008528584967542646,0.00041628213533374646,0.0010004768731726346,0.009934364416496038
2013-06-19,0.00040844219147221603,0.0003692428599352374,0.00010220728432351782,7.852745323795458e-05,0.0020641294594475504
2013-06-20,-0.00020132409375351614,0.0012473514770639327,-0.0012497205184358944,-8.51877810260059e-05,0.005297158938232494
2013-06-21,-0.00017099198711027511,-0.0010340739934419018,-0.0025808858877935876,-0.0051355897801757915,-0.0019987174425511343
2013-06-24,-0.0035432398103577446,-0.003024630300136467,-0.0012795510134600238,0.0030188169569845824,-0.0009430911483365798
2013-06-25,-0.0003674128315311435,-0.00025798886100290483,-0.001883968459426466,-0.0007430553996350495,-0.0008191062838764267
2013-06-26,-0.0007000956034403789,0.0002517207486251574,-0.0015928380595613958,-0.002978913402961559,-0.007575289354073534
2013-06-27,0.00011716598919092861,-0.00022635648120127204,0.0005626230886387593,0.0005231738813506585,0.00911153770178266
2013-06-28,-0.0015173922350343568,-0.00017804544850620764,0.0009299947195591192,4.6484962123147785e-05,0.004858321739489906
2013-07-01,-0.00017695914982701497,0.0005000557858720489,-0.00036185439220269816,0.00025388814440288024,0.007908839279987761
2013-07-02,0.0006896551997482513,0.0004904289819212513,-0.0015073911149542896,0.0023183492726452483,0.003950224699866006
2013-07-03,-0.0008361333964981556,-0.0010753978654198645,-0.00013914226546053504,0.0021353973298120035,-0.0047036883616708115
2013-07-04,0.0002479255616203807,0.0005809292707729848,0.00016984482400128498,0.0004879238935543019,-0.0057929143072344156
2013-07-05,0.0006023910472235563,0.002478105556990064,-0.004127588508765041,-0.0004092774765328009,0.004145619654073252
2013-07-08,0.0002616270137119683,0.0013843174450505918,0.002193852706393351,0.0004999788574641146,0.00015407489611173714
2013-07-09,-0.0017468866388320689,-0.0009311238413255194,0.0008440826474343544,-0.004500530598879793,-0.004470100666820091
2013-07-10,0.001188723583081007,0.0012189205911282595,-0.004192290155604555,-0.0007534712464438599,0.002881991108130041
2013-07-11,-0.0040103797023620024,-0.002710721394680314,-0.00064863364512828,-0.0010245266341680607,7.71536476331609e-06
2013-07-12,-0.0002942132912719257,0.0005114931059949237,-0.0004722952475013232,0.004751006452995991,0.00027771349403196563
2013-07-15,-0.0006902105416077154,-0.00015346720819544427,0.0011154748270830338,-0.0005678635438409603,0.006638518425143283
2013-07-16,0.0006436091369480625,0.00023750876404058703,-0.000707110330984151,-0.00039837585756325594,-0.0011110303458024945
2013-07-17,0.00032963705725589374,0.0007892206664416963,0.00010682945450826765,0.0013404263030090578,0.0018382780516194954
2013-07-18,0.0015918658273281808,0.0016837650212180749,7.611798291017558e-05,0.0024779580937278095,0.008534230420892902
2013-07-19,2.2810826019087074e-05,-0.000212903471891129,-0.0005011465730786807,0.0027790239675527903,0.003416087701599704
2013-07-22,-0.0020776658475603767,-0.0026640093087603655,0.00034188943628765965,-0.0002666798752503881,-0.004035435181191042
2013-07-23,-0.00022758479528363137,-0.0007129043569159399,0.0003733660516482624,0.00040961534658034537,0.0016358957131762807
2013-07-24,0.0005507542832104107,-0.0003545711423784945,0.0015783415589914439,-8.297096398156853e-05,0.005965415352060319
2013-07-25,0.000606612090181866,-4.548693767562197e-05,-0.0025976105999746435,-0.0007583226267696189,-0.004112100122671165
2013-07-26,-0.0013576276586794102,-0.0011270889714856487,-0.0010451434209044622,-0.0009137925712553564,-0.009760787585859652
2013-07-29,0.0010857388132433064,0.001486233365750475,0.0012685917643664444,-0.000631279131014815,-0.005736087324908355
2013-07-30,-0.00023041651727535487,0.0004224286638418318,-0.00026863667052079817,-0.0019145089444130747,0.0012698414404761589
2013-07-31,0.0018988247601597148,0.001046226372636073,-0.001054937706361831,0.0027074617418585555,0.00015381065938180444
2013-08-01,0.002675887745744597,-0.000243842966338559,0.000735395538037199,-0.0006092592357959943,0.01070077023028284
2013-08-02,-0.0006534160213029978,-0.0012312651663436923,0.001010212344420651,-0.0030066511454952915,-0.00076871267252135
2013-08-05,0.0006505459074750566,0.001094590307730466,2.2943585548159192e-05,-0.0010640538389357984,-0.008871084456918973
2013-08-06,-0.0008209015801108797,-0.0008968507344771607,0.0007356998676509544,-0.00284383694342868,-0.0014362356205178427
2013-08-07,-0.0003496245456502993,-0.0008159110876479644,0.0010335034741908197,-0.000233150958529388,-0.01229590244229706
2013-08-08,-0.0005213257353409749,0.00039675594195727156,0.001315405610852487,-0.0012148871882947207,0.00581879633609448
2013-08-09,-0.0009479115578001422,-0.00014754703088370365,0.0007576695068051316,-0.0008554453503285943,-0.006986629671098681
2013-08-12,-0.00015573049312398907,-0.001113598869096715,-0.0006836704042794247,-0.00045175562347252055,0.00527242676996799
2013-08-13,-0.0025619438614448587,-0.0025541029524634748,0.0007538809840563977,0.0010163306721042052,0.008813075327683122
2013-08-14,-0.0011443713927204676,-0.0011676680233406141,0.0005755528343703962,-0.0006149683485119759,-0.002451838761368838
2013-08-15,-0.004157561961744613,-0.0032865017593841942,-0.00010760953123377315,0.00023914309742560544,-0.0006851292583391483
2013-08-16,0.0013680628675669414,7.686099692520122e-05,0.0015008141846323537,-0.0006299987147422031,0.0009159659654782845
2013-08-19,0.0011925239344682606,0.0007642338927558957,0.00024599111481148555,-0.0011466313231707687,1.5362753005641513e-05
2013-08-20,-0.0015112058384041587,-0.0013023428687393376,0.005007753205872343,0.001097193826142416,0.002922307863313141
2013-08-21,0.0011025275025978248,-6.120653381667941e-05,-0.0012021210842569421,-0.00042861626489511083,-0.0004519774088242649
2013-08-22,0.0011709870324394338,0.0006009044172341428,0.002025818445380333,-0.00032682595288968923,0.010655020129690829
2013-08-23,0.00036325659937196515,-0.0005296730527823717,-0.0008102102067797369,-0.0016281160240113949,0.001832958923210566
2013-08-26,-0.00031130768460085174,-0.0007058582732378144,-0.00029617141706686213,0.0008501723629180581,-0.0029589636393145737
2013-08-27,0.002088581138858819,0.0007136198090621998,-0.002194047903088492,-0.0015583441719940019,-0.012885840037342626
2013-08-28,-0.0009518254272598286,-0.0001461161933948607,-0.000245466541074715,0.0007369762812261067,0.0031123824840916534
2013-08-29,0.00023824253971614997,-0.00022283951420991798,0.0006378114830170343,0.00027659754465533934,-0.00122074357666571
2013-08-30,-7.707841962220359e-05,-5.3918529115578616e-05,0.0002926769175824504,-0.0022378624643279617,-0.0030853654393891796
2013-09-02,-0.0011909489299681707,-0.0005499961944464203,-0.00013718048400497725,0.00040477636658707415,0.009039782706248053
2013-09-03,0.0014714349905832363,0.001129004079066153,-0.0001906032598927827,0.0002056758936060955,-0.0003508718438461991
2013-09-04,0.0018384671908525183,0.0004729106210801221,0.0009913599982227061,0.0008075514110097056,0.004817525898914531
2013-09-05,-0.0006166096561555146,0.0008366673746654227,0.0005236138581348729,-0.00054079788045625,-0.002356394136701109
2013-09-06,-0.0006760442451857658,-0.00042302323797504203,0.0015226584421316955,0.0007528385440150466,-0.006106795974073484
2013-09-09,0.0014530186922397878,0.0004032334814503737,3.048315805769893e-05,0.002854238505340456,0.004311660289867792
2013-09-10,0.0009243499209630791,0.0017286998472561064,-0.0008369621028081082,0.0003980338681739637,0.008643044007241158
2013-09-11,-0.0006018974999827709,0.0004287116528565665,0.00036854713871758066,0.0009403057062271527,-0.0007211647122150205
2013-09-12,-0.0002046687216485206,-0.0011449500240412213,-0.0015640173492261526,0.00018950951204939285,-0.0056823044832679985
2013-09-13,-0.0032181516224592545,-0.0009465359386993263,-0.0009813321237736304,-0.0009940396385559958,-0.0016564998701111178
2013-09-16,-0.0002650742033949331,-0.0004772781599481353,0.0001515472982018298,-0.0007956444571179867,-6.811344675608043e-05
2013-09-17,-0.00021875978377234673,-8.299725736551537e-05,-0.00039261877222056843,0.0004525535410354614,0.00216222839039806
2013-09-18,-0.00043165304853109266,6.816606771518967e-05,-0.002974469456872462,0.0004695084635634949,0.0013584497651451938
2013-09-19,0.0016339508845335555,0.0007947443309993722,0.0005224777506019981,-0.000430509789612837,0.01424263096348329
2013-09-20,8.174822295054858e-05,-0.00015604739413955731,0.0011011987809128301,0.0002526340831672813,-0.0011010103625206597
2013-09-23,-0.0020161221598590903,-0.0027893393408524527,0.0005384506213836094,-0.0009307353480607638,-0.007585106855333107
2013-09-24,7.5172991846790795e-06,-0.0006838223680999042,-0.00012704723558560154,0.0008040246750217479,-0.0023732643508781346
2013-09-25,0.000255245675347172,0.0019204663031889449,0.0005342382905028414,0.0005478074706344434,0.0008943905775785307
2013-09-26,0.0009507732298739763,0.001129821032346166,-0.0007854960437093293,-0.0017900011894523469,0.0027982538561447737
2013-09-27,-0.0011403108582381297,-0.000420325758646665,0.0016600381639778768,-0.0012994379694451766,-0.004715785565978842
2013-09-30,-5.2948273331377756e-05,-0.0004689048133530751,0.00024213441605005654,0.0042345598313519115,0.007625000575488486
2013-10-01,0.0007306005183098157,0.0010990501098767623,-0.00033865524091623227,-0.0010546458121268036,-0.0019592630398112916
2013-10-02,-0.002602513195350652,-0.0003783321650164917,0.0002808615636643859,0.0011129493166985869,-0.002318390701586803
2013-10-03,-0.000588026885248419,9.796865764402404e-05,-0.00047334078038309104,-0.0005581914741640975,0.00128446345983654
2013-10-04,0.00122069124470305,0.001417520637904043,0.0007862289389491112,0.0006514362125902241,-0.002237543265421975
2013-10-07,0.0009201346631205067,0.0005552407643722928,0.00029626816283562473,0.0007749935805099481,-0.004999744471742884
2013-10-08,-0.00065944813404862,-0.0004621754909539525,-0.00033400894543542597,-0.0007433478299751815,0.001636406209038999
2013-10-09,0.00018264284243029312,0.0004717232441602926,0.00018231540615684511,-0.0003044232724657435,0.0013451741064664752
2013-10-10,0.0006715688931182574,0.00035431987916727427,0.0031801103494219786,0.0002941409408830687,0.009501312987574628
2013-10-11,-0.0002775891773051261,0.0009603121752330756,0.0,0.0003676015540676386,0.004248936652814409
2013-10-14,5.2499540641184484e-05,-0.00010498845136664952,-0.000953278185450114,-0.0003825597796304596,0.004848685106372553
2013-10-15,0.0007747477756238422,-3.7619300210420854e-05,0.000502032492795273,0.0007891740763805773,-0.007052215405324947
2013-10-16,0.00017227754704396986,0.000838317127560942,0.0010519672756358137,-0.0014390540704539588,0.006543720539139705
2013-10-17,0.0012264526399180982,0.0011135400885325026,0.0011013423253205847,-0.00169050366391853,0.0011063932711660738
2013-10-18,0.0007401841826382655,0.0007251767468788339,-6.719351361128595e-05,0.00045580044202233575,-0.000590422468152255
2013-10-21,0.00033550667413814907,1.4912019087672732e-05,-0.00030583435205708016,0.000253419298490412,0.002020406035763809
2013-10-22,0.0011454543347867803,0.001278163165651493,-0.00011899095682783557,-0.001552221466215936,0.006732482628196595
2013-10-23,-0.00033560926447404727,-0.0011184932826122016,-0.0008962447945549302,0.00023120956266390973,-0.008051621131510088
2013-10-24,-0.0004389701384795014,-6.700741178946714e-05,0.00012665442357512297,1.4883499408499026e-05,0.0015351027285620993
2013-10-25,0.0011092872292683123,0.0007819744134295892,0.0005741362948461826,-0.0006922295650020645,0.0010791220715501996
2013-10-28,-0.00047540874904654476,0.00014855750688412038,0.0009047962230172541,0.0007872729569886783,-0.0001336868610088022
2013-10-29,0.00019252556576842064,0.0003108003133021071,-0.000320215664260806,-9.62581496224527e-05,0.002240606345992775
2013-10-30,-9.609947041784834e-05,-3.6965160340534594e-05,-5.918867130549252e-05,-0.000872710115961808,0.0017400516039495818
2013-10-31,-0.0010316369553192279,0.0002466837862772222,-0.0008091606328321437,-0.002103947735682272,-0.011443406970050222
2013-11-01,-0.0008782762330272568,0.0005175925312181247,-0.00021808364722314324,0.0004054541141561963,-0.004236960830533579
2013-11-04,0.00027771418885169186,-0.00015010732702032452,0.0004653187517349586,2.2513986815306837e-05,0.0009907530533017888
2013-11-05,0.0023058674170838697,0.0023052767876408182,0.0004903199624509385,-0.000376412492305191,-0.004835450270254267
2013-11-06,-0.0014384287648634545,-0.0012958269450172929,0.00048818041112969225,0.0001274444025518813,0.005240475589873409
2013-11-07,-0.002637138308076253,-0.00012077568196337959,-0.00035979581975594834,-0.0014158892369006207,-0.013096058761194452
2013-11-08,-0.0007343672847662853,-0.0005522542325393132,-0.0003338188911796146,0.001619433552302976,0.006029636114435206
2013-11-11,-7.516621128290578e-06,-0.00029318569012785884,0.0011301734888915303,-0.00021048833370967374,0.004047840839637348
2013-11-12,-0.0006199419843241776,-0.0007320863292367498,0.0015138573270531512,-0.00036617034802998116,0.006433687206526929
2013-11-13,3.0000975033841993e-05,-0.0006301055635261814,0.0006517269120461486,0.002022987817727258,0.00014200352043108966
2013-11-14,-0.00034931901728329926,-0.00011890341341112254,-2.2342956942253964e-05,0.00023784748142459787,0.006963271890125841
2013-11-15,-7.398447065766241e-06,-0.0005918648353531332,-7.413557918108343e-05,-0.0009326425546493896,0.0033784817127788134
2013-11-18,0.0002810380677163401,0.0006728554834631187,1.481020719523782e-05,0.00010352043428672029,-0.003391164019016646
2013-11-19,-0.0001846006170903537,-0.00024357928810764528,0.0005713035149582186,0.00037654911642106626,0.007654493360532044
2013-11-20,-0.0005274790709401395,-0.0004903745519579363,0.0004955419814360568,-0.0003493294025943522,-0.009124110411325104
2013-11-21,0.0002575697936388181,0.0006914510448644541,0.0006640351444799089,0.000360486292550426,0.013383999045429558
2013-11-22,0.0008767764416568917,0.0008475753278463821,0.0010894163195750385,0.0022104454328293506,0.006275888462228729
2013-11-25,0.00026225686753366604,0.00032769098305617656,-0.000582101840598455,0.0001019702102196977,-0.0001749169149115935
2013-11-26,-5.822712949161247e-05,0.0010698184876279106,-0.0001383251735819295,0.0002547186646135426,0.0011218521934496797
2013-11-27,-2.885753037443833e-05,-0.00038236641990126554,-0.0002817949635154829,-0.0003752236954491628,0.0098458009223691
2013-11-28,-0.000568138928842345,-0.0002661401423374774,-0.0006261087546704592,0.0006831657445954119,0.0031670879930249833
2013-11-29,0.0007463972327919735,0.0008323825996000243,2.1558151317382502e-05,-8.609433074150893e-05,0.0004167325355973202
2013-12-02,0.0012689947609352172,0.0009673987404357058,-4.311243003880253e-05,0.00055154631342853,0.0011269871517531314
2013-12-03,-0.0017306074010347739,-0.0009699077911113157,-1.4342058085462622e-05,0.0007328218277778056,-0.0023271525880385097
2013-12-04,0.0016255254169106228,0.0009633842850744898,0.0,-0.001992713230401095,0.00014380833250267217
2013-12-05,-0.001421137867029919,-0.001248269443899947,-0.0012823839687151415,-0.0009988754499955746,-0.00028763734881624963
2013-12-06,0.0006687773718726457,0.0004769379252491722,-0.0002721751105501673,0.001620285183498341,0.01413965885665085
2013-12-09,-0.00012013327741563846,-0.00041709820439470664,-0.0010543038149649028,0.0011795077805932357,0.003432182520497087
2013-12-10,0.0,-0.0009104287053948649,-0.0007968043632342601,-0.0008265485008108192,-0.0025412256729641807
2013-12-11,0.0003823685654658878,0.00036097889373274566,0.0005035228978811037,7.079520716412526e-06,-0.0010607529511202183
2013-12-12,0.00035286811567595064,0.0006350864283799761,-0.0006218466217883146,0.00047264814342605016,0.0075983815564530394
2013-12-13,0.0014900869620331856,0.0006499011248810218,-0.0015047007149216764,0.0001975698909913698,-0.004250235094266079
2013-12-16,-0.0006279169239425969,-0.0009949582550255146,0.0013386882855964013,-0.001009726647599156,-0.00056410330227068
2013-12-17,-0.0017210428240695252,-0.0008221178501158424,0.00042322071591715876,0.00025515628460790493,-0.003285165676069367
2013-12-18,0.00014798997923447268,-9.157992997019085e-05,0.0004310877966442828,0.0007818691295873006,0.008897902581026901
2013-12-19,0.00030221354076385005,0.00016152989918440027,9.13906493940637e-05,0.00013350712701952727,-0.0011579476848879316
2013-12-20,-0.0034214488457438514,-0.0031189656839167392,0.0008556300273032877,0.0015259931584175267,-0.00044247943719341197
2013-12-23,-0.00023840576774392087,3.507602729290027e-05,-0.0002039589135356702,-0.0003857767662937654,0.0028144023237311917
2013-12-24,-0.0002736410057596055,-0.00035784075065303013,2.1034106804986e-05,0.00050512492392201,-0.0002383205422556997
2013-12-26,-0.0003068939565978392,-0.0009974228260217909,,6.278142648449917e-05,0.006978843882195019
2013-12-27,-0.0008782880173436879,-0.0006221700107371913,0.00047708110246342676,0.00048419116812884844,0.006439502930341304
2013-12-30,0.0006342596954464946,0.0007445503397990283,-0.00020727250189931065,-0.0004067072281060201,0.00042121109167481065
2013-12-31,0.000684441429202205,0.00026955575301874197,0.0009890000494911443,0.002222928828990223,-1.3807386952335917e-05
2014-01-02,0.0030095371203320716,0.002128900442139971,-0.0005532312301818619,-0.0008649252448667525,-0.012079393951445666
2014-01-03,0.00171590559615802,0.0012100662088188538,0.0007583790713807227,-0.0016314479199608187,-0.005550728389944063
2014-01-06,-0.0005609980301826323,-0.0005817437758027799,0.00033024287203905264,-0.0018816398280735486,-0.004110042354500252
2014-01-07,0.00011238954227132493,0.0,0.002037590727803165,-5.619319220960951e-05,0.0037944842874446543
2014-01-08,-0.001619717429502439,-0.0006379988087423466,-0.0031993740806558766,-0.00026669848490872694,-0.0021624969811230997
2014-01-09,-0.002535924002846333,-0.0005409259800948156,-0.000741844988426348,0.0012863275019820517,0.002541154714121986
2014-01-10,-0.0009409782654220578,-0.00011935645820362259,-0.00024526721986423757,-0.0011880201181488214,-0.0017402047728269283
2014-01-13,0.0007870191878772447,0.0006948235923989008,0.00014867204037278574,-0.000992738906128308,-0.008239339417301402
2014-01-14,0.0007546983857120399,-0.0004654180384137397,0.0008749647749847674,0.0011345020154568352,0.010264030078312995
2014-01-15,-0.0009923184115179248,-0.0005842128953427388,0.0009854436701403565,0.0003097653552222277,-0.0011032293411468055
2014-01-16,-0.0006838185538989708,-1.4100394811375564e-05,0.0,0.0004159865816182969,-0.0016465658053954827
2014-01-17,-0.0012085703943695734,7.777396767818036e-05,0.0004225233154885287,-0.0003536593165966974,-0.005359519952130665
2014-01-20,0.0010276582700684141,0.0008506898189216503,4.955594336059278e-05,0.0005028132862806238,0.0013606987018369657
2014-01-21,0.0004960212115331906,0.000871089447974917,0.00025419061608629364,0.00036123201758414227,0.0006513459018494061
2014-01-22,-0.0012011079897531437,-0.0009261321920236386,-0.00040340131546313284,-0.0009831555839793689,0.003109279456719424
2014-01-23,0.0010157656147943921,0.0009028836457834372,-0.0004006846840924583,-0.0003666852400917277,-0.0015604978399989707
2014-01-24,0.00027159152801395613,0.0013722717535776196,-0.0016300386205528958,0.00048582187011012403,-0.011027930002291532
2014-01-27,0.00019994144638564582,-0.0003639984195551901,-0.0007547492597184326,-0.0012574394192221812,0.004676492235352821
2014-01-28,-0.0010603134254853364,-0.0003700040600348503,-0.0010235924721381552,-0.00019225771137238899,0.004058992389969644
2014-01-29,0.0016262204712232996,0.0007881180865474932,-0.0017276380097392522,-0.000723234105158791,-0.009122005087087636
2014-01-30,-5.026298311849656e-05,-0.0014720193374252026,0.0012154820810391233,0.0005742835970156402,-0.0029180354451294153
2014-01-31,0.00019587999148530059,0.0008930938305775963,-0.0002018396246867896,0.0016091157686148033,-0.012252186846063912
2014-02-03,-0.0006432842807253505,-0.0005699005020319927,-0.0014694117723578948,-0.0005119990749577985,-0.007732166168596464
2014-02-04,-0.0005471716832913736,-0.001233014292101857,-0.0015548413070241543,0.0013345732987769393,0.004535882755877013
2014-02-05,-0.0004596879310714361,-0.0018768650917278438,0.0002634082110788655,0.00023351868985389525,-0.0009026191123672454
2014-02-06,-0.0007287341633424707,-0.0004185610222036644,0.00026943088350630135,0.0001154784417468512,0.009891492512357776
2014-02-07,0.00123021155726966,0.00046012050217202565,-2.164931714544298e-05,0.0013794889457531417,0.006268125786409343
2014-02-10,6.460574347314361e-05,-3.591554101757214e-05,0.0004165140705524565,0.0002870861493474006,-0.0016776843293220959
2014-02-11,-0.0008286425024830066,-7.855487597725045e-05,-0.00020000857246279082,0.001528167853111185,0.0032166692611248116
2014-02-12,0.00234086201747307,0.0008760403538800404,-0.0001646662112235,-0.0010979430818459398,-0.004236125161033392
2014-02-13,0.0011968882338461726,0.0009319197503063998,-0.0009825614084475489,0.00035091111924767903,0.003656599568776409
2014-02-14,-0.0008176087552309192,-0.00026538231346785474,-0.00025818852208573826,0.0002510913519396713,-0.00254386510672496
2014-02-17,0.00022197955731042266,0.00029358376477839213,0.0014684027493881667,-0.00027211079373630714,0.0052397985262371116
2014-02-18,-0.0004901142632569332,-0.0007388095557239239,0.0014591217254008022,-3.5524862078439824e-05,0.006435014883549606
2014-02-19,0.0006541338647968395,7.111692689701528e-06,-1.425029213112953e-05,0.00036953864941975407,-0.002261430784764572
2014-02-20,2.851399324403699e-05,-0.0001283120550936325,0.0004512134495185222,-0.0014409738338659035,-0.0005697194285990677
2014-02-21,-0.0004253418749393833,-0.00022669632707363415,-0.0009613776212514081,-0.0006880189228347139,0.0032643627037602127
2014-02-24,0.00045484912586106875,-0.0002345224104018883,-0.0002697177916527564,0.0005682706257575284,-0.0005042058687016087
2014-02-25,0.00252995997928963,0.0011045669617584673,0.0003269716061400963,-5.694274408629721e-05,-0.0026174301551642886
2014-02-26,0.00014301854974966953,-0.0001358807398294412,0.00027729882681214196,0.000386047946229531,-0.0032885966798123618
2014-02-27,0.00389155652433981,0.0012030938145520809,-0.0008703940700918377,0.0006566363327264957,1.4290613925004123e-05
2014-02-28,-0.0011210206718061295,-0.0010291681326880934,0.0018810659216864022,0.00045423575616348284,0.0036730528669551457
2014-03-03,0.00043692676441726036,0.0002864365168852422,-4.299102921182756e-05,-0.001397403922992214,-0.0020009545273466365
2014-03-04,6.416357436086088e-05,0.0003135980411568925,-0.0003572857752520135,9.267345090479646e-05,0.008293225678059894
2014-03-05,-0.0002134016226621469,0.0,-0.0004555127800272995,-0.0003771208645897174,0.0006690344090522964
2014-03-06,0.0005888910090896964,0.0003854037151572437,-0.000255293802002063,-0.0001471902436551793,0.016365060106591944
2014-03-07,-0.0021918811478308284,-0.002136230855041958,0.00041982116235364015,0.0017873729684600497,0.0030192288962819927
2014-03-10,0.0006707048940409217,0.00016770668140807555,-0.00036248301257793704,0.0005097142568505275,0.0012076663841292942
2014-03-11,0.0005516355435063968,0.0003421106866152807,-0.0005101488277633538,-0.001250345055515796,-0.0049516130936976665
2014-03-12,0.00029424540278688707,0.0006588031047835454,0.00012636988482058313,0.00022412887504082762,0.0012191961823285885
2014-03-13,-0.0023331020157387598,0.00021040966839914774,0.000356597227215033,-0.002359651080120517,-0.01089213439691853
2014-03-14,-0.002544539652630587,-0.0016935885085853307,0.0009074282123894843,0.0023958728747800933,-0.0016792020298462534
2014-03-17,-0.0016941260246020097,-0.00011295606021281411,-0.0009894203511108222,-2.8259763750198713e-05,0.005793713880148415
2014-03-18,-0.0024094177324788008,-0.002112966453986737,-0.000510225785974312,0.0006738042889008312,-0.003844582044009649
2014-03-19,0.0001203680431379404,0.0004673195063487356,0.00012026330604174216,0.0002406926295963861,0.001874666734643795
2014-03-20,-0.0016028940628242672,-0.0004751082378826019,-0.0020438262720092006,0.001780047630629046,-0.0029728010795088333
2014-03-21,2.126475685619534e-05,0.00023380626069624525,0.0006178385081508787,0.00013466629358444877,-0.00041831660086116736
2014-03-24,7.101717908531281e-05,-0.0009727938053908666,-0.0025689944454682315,0.0005253704337293771,0.0033992681821783874
2014-03-25,-0.00019132314182607942,-0.0008931230126279207,-0.001204085536378467,-0.0010919508714469872,-0.00022625874197679447
2014-03-26,0.0003612985534227631,0.0003896439766058893,9.213095358520406e-05,-0.0010133831207078663,-0.005488285608684236
2014-03-27,-0.0015152326433175425,-0.00031289779164557583,0.0007682895975901034,-0.001132587656195776,-0.0013589907140092975
2014-03-28,-0.00015559799168542843,-0.00040335849563434984,0.00226765551810141,0.0009473580732006652,0.00663511224834742
2014-03-31,-0.0004630636654951476,-6.317895440920321e-05,0.0016787521929187328,-0.004466224186756814,0.004730774664156698
2014-04-01,0.001085536904545515,0.0006581895823541715,0.0009821598482850395,-4.89988485369197e-05,0.005897901642532201
2014-04-02,-0.0008051896656584978,-0.0002029881258917002,-0.0007262418005978536,0.0003851715987071241,-0.00032169857121586604
2014-04-03,-0.0015285376696474381,-0.0010930877310229197,0.0006780964624815593,-0.00027370053823176773,-0.0029209985779933612
2014-04-04,-0.0014425599844489728,0.00045746137888392547,5.621214464877129e-05,-0.0012190010634383582,-0.00720225305018991
2014-04-07,0.0015310535155282335,0.0014045788749697703,-0.00014847127638325996,-0.0011780683160620708,0.0003389902360902236
2014-04-08,0.0004750846555472733,0.0004464934393574676,-0.0021793438048273283,-0.0014188323972690734,-0.007847347410485244
2014-04-09,-0.0014139399761538254,0.0,-0.000632468388781742,0.0010943796883864623,0.005436608917881845
2014-04-10,-0.000864579917649194,-0.001041478568479269,-0.0005179307010998839,-0.0010640336387258559,-0.0029133563521529663
2014-04-11,0.0008448434879832034,0.00038312817524951785,-0.0008984631226420499,0.0016733794817531088,0.001539253021544848
2014-04-14,-0.0017270118111732513,-0.0003697067982842738,-0.0007251374168723542,0.0008816461757327183,-0.0005114399276129275
2014-04-15,0.0011948197457191086,0.0005401986071984621,-0.0002919198736283076,-0.001472392904041762,-0.00048326689354209745
2014-04-16,-9.19647563405624e-05,9.903651625939562e-05,0.0005369810489938323,-0.0010617440495711544,0.003873773893765563
2014-04-17,-0.0006507193507400205,-0.0006081348832553554,-0.00014163904728931704,0.0007143539467701955,0.0015566297869783233
2014-04-18,0.00031806278827512674,0.00016256197711169725,7.773824124664556e-05,-7.06718775691256e-05,0.0002403540285007474
2014-04-21,-0.00042343277578863245,0.00019759219857385632,1.411103977228249e-05,-0.0007626311141789907,0.0003038042676072671
2014-04-22,-0.00023292500978794114,0.00024001807310107212,0.00042405524661704385,-0.0010029028519315402,0.00044494197066465095
2014-04-23,9.186272888234449e-05,-0.0002685246705507863,0.0007968436950924895,0.0001342457334835765,0.0002118075665581219
2014-04-24,-0.00230037296685897,-0.001331322383689055,-0.0002682081593705661,0.001147308907721607,-0.0013704825677793792
2014-04-25,-0.00031144709898122845,-0.00019825394979739412,-0.00027571677699144136,-0.0006515211833205769,-0.0013015769307988287
2014-04-28,0.0010568963464004757,0.0005284313813918468,0.00016932172579284198,5.633644124196093e-05,0.004151434251300157
2014-04-29,-0.0010223688116195778,-0.00031713479551620993,0.000639496295498295,-0.00034572657605855847,-0.0011843665024400358
2014-04-30,0.00026107726271201205,-0.0010580145582255918,-0.0014071412963075716,-0.0004798701619908123,-0.00028219889565322145
2014-05-01,-0.0006484810264610034,-0.0004862596510880128,-0.0003524129752638841,-1.4102084993555672e-05,0.0011353660659206054
2014-05-02,0.00029563932218292123,-7.741653973048066e-05,0.0003592169110051886,-0.0025368919783139046,-0.0010789199155330225
2014-05-05,0.0010663955784118854,0.00036019111706112457,-0.0013214849192695784,9.88135318876777e-05,-0.0008957256152208013
2014-05-06,-0.0007560902722095465,-0.0005086541967671082,0.0005984883068566774,-2.120703366690554e-05,-0.00037404416274403426
2014-05-07,-0.0020824737422073026,0.00044418906262590565,-0.0009126250629004253,0.0002684943137730592,0.00025408297357312
2014-05-08,-0.0006020789613622341,-0.001112225024951715,0.0008319468033927185,-0.0022201976086563473,-0.007259675700742252
2014-05-09,-0.0012833128338636843,-0.0008560056448394042,-0.0008818656295460486,-0.001556442772245271,-0.003995774502008966
2014-05-12,0.0006054368411614013,-0.00024913425974043226,0.0004560321011617851,0.0001993577838015808,0.0027362722559972977
2014-05-13,7.849937739759312e-05,-0.0004923946535510858,-0.00010647019376974168,-0.00019982871890638723,-0.0028076294702421693
2014-05-14,-0.000565803294604652,-3.5823162544220893e-05,-0.002309180909789557,-0.00014329213708926843,-0.0033881860602166624
2014-05-15,-0.0013513806983399136,-0.000697437843061193,-0.002231831422111948,0.0016961216074170438,-0.0028753681241666783
2014-05-16,-0.0013507010610342453,-0.0009840929720420673,-0.0005813724141056211,-0.00043145912953687903,-0.0019550910456903165
2014-05-19,-0.00047542897554548436,-0.0005907270436603027,-0.0010574513532713697,7.205156009641709e-06,0.00040984049150551345
2014-05-20,-0.0007132025617402158,-0.0003675371091701573,-0.0018815901739446313,5.765142508713998e-05,-0.002353475700076572
2014-05-21,0.0025054978791725357,0.0021362594729278793,-0.001120237752077243,-0.0001875144247359823,0.00016571620057874494
2014-05-22,0.0009942435562792097,4.323794562780933e-05,0.00033816234273024607,-0.0001296278961046755,0.001044100746154682
2014-05-23,0.0004969874739008697,0.00039605814651212895,-0.00023076867706082647,-0.0006194715961491077,-9.356455781382691e-05
2014-05-26,0.0005037348446353447,9.355109155732479e-05,-5.755188663858997e-05,0.0004962904191943956,0.001021560774581446
2014-05-27,0.0006476963825895162,0.0009785018192312556,0.00097899488088081,-0.00027342063776601347,5.033164963035825e-05
2014-05-28,-0.00047700269760510793,0.0002818071807224222,0.0001730652748847365,0.00019516496923055275,-0.005024067656069439
2014-05-29,-0.0008389565608847338,-0.00015183558404540705,0.0012597377936537574,0.0,-8.671898717640363e-05
2014-05-30,-0.00045440612426974263,-0.00018748197343647818,-0.00024579794087257095,0.0013049608381003608,0.002490175923822733
2014-06-03,0.00032944209995017443,-7.159605505762697e-06,0.00037346663653357897,-0.0011678603334223153,0.003635311660262789
2014-06-04,0.0003936458454992019,9.307620441956766e-05,-0.00013601594986952878,0.0003434188813968545,-0.00012883830810176206
2014-06-05,0.001163692916425776,0.00033756729221705274,-0.00017201588322400213,0.001377440331428426,0.0016593121954468716
2014-06-06,0.0001502280249630499,0.0009091072406226863,-0.000688167137071364,0.00040049776685703044,-0.0009437537789284827
2014-06-09,-0.00030136475408540527,-0.0005095651223229372,-0.0004863987277856531,0.0004233199106083056,-0.003981016692419368
2014-06-10,0.0008659758645264016,0.0007723652444263348,-0.001036933649954139,0.0004759672682076036,-0.00544580196498936
2014-06-11,-0.0008255127337068888,-0.000716578693266239,-0.00042617895104362735,-0.0010002175219611042,-0.004352013346326802
2014-06-12,-0.0006663190466122193,-9.41827653480919e-05,-0.00026795575269416915,-0.0003260786892994589,-0.001232411114294347
2014-06-13,-0.0003834286526051086,-0.00026778896941859946,-6.510063475432043e-05,-0.000716609814923602,0.0020435233964196404
2014-06-16,0.00031129757041094193,0.0004417680934234661,0.00012332916206206877,0.0004920868198325171,0.0007022141752127431
2014-06-17,0.0008237947049301892,6.504652635774537e-05,0.0004192508482570658,-0.0005346666408692584,0.001446309632156861
2014-06-18,-0.0003968125185091865,3.6069440891392374e-05,0.0004548424554714998,-1.4432513566897185e-05,0.0008379021156071313
2014-06-19,3.602863556336078e-05,0.0001801483706850396,0.0012040332960223978,7.925842935566038e-05,0.0014069621683633312
2014-06-20,0.00043279114896345607,4.3274119919329694e-05,0.0006126148393931119,-0.0001009678490377563,0.0006414946323628824
2014-06-23,-0.00021669724590369,-9.391604634800162e-05,-0.0006503689266192264,0.0005849748302659284,-0.0007498954824110262
2014-06-24,0.0002809504789236634,-7.923559266962912e-05,0.0011894079232723138,0.00026646981666831313,0.00042549049238009903
2014-06-25,0.00017300539243292736,0.0001657914563531893,5.046263423238206e-05,0.0003531264337415989,0.0007855997809395527
2014-06-26,-0.0023524738957511147,-0.000804315813384753,-0.0008224693300216627,0.00016666485547780832,-0.002907639466854593
2014-06-27,0.00023153005291147124,0.0007307271059531384,0.00010134059133683679,0.00018807870425793932,-7.948350179588002e-05
2014-06-30,0.0009964331409165403,0.0008158521233299516,6.503430561927223e-05,0.0009593918336391642,0.0022301219931520674
2014-07-01,-0.0002518864509203073,-8.636510854989323e-05,-0.00035264103307840747,-0.00043195301022945764,0.001390404990276125
2014-07-02,0.0008928443443889071,0.000309574122075909,-0.0011826896025463904,-3.5986368367525696e-05,0.0005541821097833398
2014-07-03,-0.00017255262897990784,-0.0002371805709921745,-0.0002154986647422495,-5.033345917760746e-05,0.0007192589066624767
2014-07-04,0.0002090986773116966,0.0,0.00027409315010849426,-0.00013699074612887787,-0.0022313886330706956
2014-07-07,0.00030326004781325294,-0.0001877486772844314,7.214564763305354e-06,-0.00045492456618975615,-0.0010239843979964473
2014-07-08,0.0004775618388617188,0.00031845059580559926,0.00017344048144308588,-1.4468220553874676e-05,-0.002824993299020067
2014-07-09,0.0009460157917454003,0.0005633558824673435,-0.0005564166909581392,0.000995599245357462,0.003034202093766471
2014-07-10,-0.0007631507593057347,-0.0015768461264686641,-0.0009036330274650627,0.0014821598650476624,-0.005577009171072952
2014-07-11,0.00021766891193432866,0.00010884195795667313,-0.00010876777004149412,-0.0005660377509622137,-0.0005804630807077709
2014-07-14,0.00025300808676511055,-0.00010842184783125346,-0.000534987469473102,0.00038300471274920064,0.00320083697738862
2014-07-15,-0.001165446458044994,-0.0010062875718387183,-0.0015120004327433877,-0.0007173159649526969,-0.0025917440718924356
2014-07-16,-0.00010898667830301376,0.0003560567839185111,-0.0005298282536912555,-0.00022527678254694904,-0.003296427018429738
2014-07-17,0.0005826954197486946,0.0002694505046653184,-0.00018202403495616852,-0.0004515593440265295,-0.004943178213442394
2014-07-18,0.00042370715164843686,0.0007447430250762799,0.00021860312689519508,0.00032861467304650207,0.0018474372982000792
2014-07-21,-0.00024820417110423687,-0.00027742086382814726,0.00046731702468567486,0.00010220917847303706,0.00016772956199928238
2014-07-22,0.0003219103946324207,4.3911649767640063e-05,-0.0011535121339199758,4.388884419442555e-05,-0.003659970554124648
2014-07-23,0.00017573662982381337,0.0005857587573672007,0.0002125515353855503,0.0007904328763195387,0.00044634201514437275
2014-07-24,4.378699089200631e-05,-1.4598327031837832e-05,0.0013525519595784473,0.00037940696229118586,0.0026592845835452495
2014-07-25,2.9243186339614065e-05,-0.00018275989421562275,-8.755161903125699e-05,-0.00026321946806166736,-0.002220453913941756
2014-07-28,2.1936960488782345e-05,-0.00015356096949092657,0.0004311589106586857,0.0001389229089767422,0.0012209165700634115
2014-07-29,0.0006647989228177911,2.191676742380295e-05,0.0005916273942660019,0.00021906764896591154,0.0004090756408674197
2014-07-30,-0.0002476184939968543,-0.0005244029574140914,0.0002629541452341895,0.0017393143919292896,0.005760388786941363
2014-07-31,-0.0005009019970213149,-0.0002831514043987254,5.081024190377786e-05,-0.0008935350072003464,-0.0006101503047554728
2014-08-01,0.0005876996806209091,0.0008707767878681299,0.000210513326633772,-0.00180773454484689,0.0012126714747424784
2014-08-04,-0.0006685998170593091,-7.267785178867711e-06,-0.00040663985340379623,-0.0006763218531578355,-0.0005157016743854032
2014-08-05,5.8173779639654844e-05,0.0005019441347006755,-0.0009166970449145851,-0.00036364165697658045,-0.0031362472996492525
2014-08-06,0.0010611633540564456,0.001002095707187481,-0.0010072111323564624,-0.0002706726231169184,-0.0039287042740278845
2014-08-07,-0.001222212209596573,-0.00019767114175532,0.0005117482895008878,-0.0011064014874399386,-0.0019041765798136075
2014-08-08,0.0007180539581676466,0.0007621784012911826,0.0019384689233317637,0.00048329697342358157,0.0029499302209889167
2014-08-11,-0.00013902150831463246,-5.1217700848593645e-05,-0.000658337502198416,9.51220672936899e-05,-0.0009281353551347794
2014-08-12,-0.00013194449554038072,0.0003444472571715952,-0.0004097341175604305,0.00029318635134355844,-0.0006728884721871755
2014-08-13,-0.0008832729851099149,0.00018246776757523147,0.0004531037685131667,0.00015335127329855949,0.0013307111030791026
2014-08-14,0.0006417315303109223,0.0004228761473381524,-7.305295612034439e-05,-0.0007219769353926409,0.0006646920930890767
2014-08-15,-0.00017463181836104553,-0.000334674459459618,0.0011808270075787906,-0.0026231434452521464,0.0018966893876200743
2014-08-18,-0.0010281952434813514,-0.0006270095496285196,-0.00010936013396588795,-0.00012403824771748076,-0.00033561454255585883
2014-08-19,-0.00011689241527639807,0.00018263839475089706,-6.570470119494416e-05,0.0005332106344809761,0.00016782135091820855
2014-08-20,-5.827590729964326e-05,-7.284806810136376e-05,0.00010925817353044891,-5.827930357886958e-05,0.003088715540347738
2014-08-21,-5.812306106743271e-05,-0.00021797890050567287,0.0001597084598060454,0.001502848070510862,0.0030719536131784994
2014-08-22,-0.0001887984436998552,0.00031949578029061,-0.0002974495536608887,-0.00022515243277883623,-0.0020832509140295396
2014-08-25,0.00012386201787060753,-0.0002404432911513379,3.642841270889784e-05,-0.00043722856090481663,-0.001609104527587774
2014-08-26,0.0005468844132057922,0.0005104384777255998,0.00016780910659147896,0.0012967430259485187,-0.0012249452858342218
2014-08-27,0.00040166362307493726,-0.0002630694372331884,-3.6498614881557896e-05,0.0019038801857086222,-0.00013862997129215223
2014-08-28,0.00016834215949555552,0.0010247702483735205,0.0001678433952093629,0.0002853849972719111,-0.0023230850483476656
2014-08-29,-8.029343605467586e-05,-0.00038684861198685623,0.00029977444025916993,-0.0013805951899791605,-0.00040965618714826677
2014-09-01,-0.0001825383792009877,-5.841761292697883e-05,0.000570150447443663,-0.00018257170554432,0.0013225920343767302
2014-09-02,0.00142232050856856,0.0005298744031329062,-0.0005887847580349215,8.701516244686949e-05,0.00778310276128493
2014-09-03,-0.00038413174016539237,1.449600997356901e-05,0.0005866908271500808,-0.000601861437763291,-0.001123713738017347
2014-09-04,-0.000322011697661824,-0.0004905280596208566,-0.00011602358192305633,-0.0023083444038934056,-0.011974967508033806
2014-09-05,-0.001566205581284726,-0.0012428619780227967,0.0008589268348043139,-7.359109845384136e-05,-0.0008445977462919038
2014-09-08,0.0007994748829627836,0.0006013934908062998,0.0004189066597599723,0.0003885046651100444,0.0036719074688502376
2014-09-09,-0.0006354145197849974,0.0004311368560909518,0.0001388406805424197,0.0020873177526992167,0.005340817318093633
2014-09-10,0.00031933114911247146,0.0010742231061894522,0.0009712257051047282,-0.0003265898604734994,0.00415366220600146
2014-09-11,0.0008167779649370871,0.0009038682558610196,0.0002532149265641336,-0.0013013774746322621,0.002149923553950497
2014-09-12,0.0014131730243961626,0.0009157939022266665,-0.00038973693250716064,0.00046101207371503745,0.006070062036528748
2014-09-15,0.0002670467889058348,0.0005412563774866977,-0.0012180137793625875,0.0012044327460581975,-0.0029227999037489635
2014-09-16,0.000483058708235058,0.00013694828781960438,-2.1645880609491276e-05,-0.00018742791289014406,0.0008719747175395526
2014-09-17,0.0005392444237987666,-4.314901513037281e-05,-0.000474850898548551,0.0007831838618973025,0.0036884624708584672
2014-09-18,0.00041362097220096764,0.00015694779377872688,7.863799005341504e-05,0.0008623485633945662,0.008126842791210075
2014-09-19,0.00036481861408720577,0.00012157750402054225,-0.0016013839376463326,0.0006005877360341388,-0.004251743482144789
2014-09-22,-0.00069996003086396,-0.0006569598705283811,0.0010639780210458937,-0.001465788409578161,-0.00034333536333834265
2014-09-23,0.0008216193507014502,-0.0001784407848992361,0.0022860920307889647,0.00010711799056874866,0.0005721601346181281
2014-09-24,-0.00016534332140531169,-0.0002874657755858874,0.0005378599757468287,0.0008695434008060344,-0.0035598569243867804
2014-09-25,-0.0016213123207983815,-0.0004973600376432679,-0.00034531877582328626,-0.0006925607710300147,-0.005057109959397066
2014-09-26,-0.0011678202019271226,-0.0003459359764669569,0.0006836376986591424,-5.0492117830555606e-05,-0.00033179936541211585
2014-09-29,0.00043953669217692545,7.921562136200306e-05,0.0006116098120173399,-0.000641355949302213,0.0015927070372257776
2014-09-30,0.0015547997621647835,0.00048475377989997965,-5.764270172921886e-05,0.0009461592781224085,-0.0031879548373868333
2014-10-01,-0.0010568147432042678,3.620656570253899e-05,-0.000173534537423621,-0.0007389858842245101,-0.006602884745790129
2014-10-02,-0.001856726797350922,-0.002104045419822871,-0.0025946969069872974,8.016528628769477e-05,-0.0013170870271698911
2014-10-03,0.000597423809807402,0.00027689325941840636,0.00020360822938446176,2.1850202297361296e-05,6.55315152211146e-05
2014-10-06,-0.0001092796649845487,2.1850679739006743e-05,0.00028420373955664234,-0.0003643518221462006,0.0015639949793997154
2014-10-07,-0.00010965753961392185,0.00032900869976420875,-0.0009263143201700833,-0.0002851658917049714,-0.00447297659134796
2014-10-08,0.0020349893785443357,0.001211378346246586,-0.0003948927259425172,0.000837591136998963,0.005032510666673665
2014-10-09,0.0002041828318501902,-0.00035739423516942346,0.001017005877326196,0.0005248502110539354,-0.006252570944333224
2014-10-10,-0.0010348055158957204,-0.0013858796503068865,-0.0003434028331601201,0.0005358840563261941,-0.00628455537573253
2014-10-13,-0.00016160547730834288,-0.0011674052992673466,0.0020354707898100127,-0.00011020052833926118,0.0037118612560807095
2014-10-14,0.0001181099457329234,-0.000346885232441051,-0.001822632002281164,0.0009222540541173021,-0.0051267264167231055
2014-10-15,0.0006125032015825319,-0.00018438957882352638,0.0005309460550813529,-0.0003689329026689665,0.0022539951646122075
2014-10-16,0.0012448687826651166,0.0003626151250240011,0.0011729687409777027,0.0036146621509101683,0.00121328450960011
2014-10-17,0.0,0.0006096150433189124,0.0020542927253809798,-0.00021297612177545994,0.002114212252717593
2014-10-20,0.0009456889388420288,0.0007987718392307962,-0.000548897644373434,0.0007764089281516081,0.0021724271326981808
2014-10-21,-0.0008534495327436462,-0.001368472380605291,-0.000504952570802282,-0.000338638675772481,-0.005450962284449104
2014-10-22,-0.0016277831498569875,-0.0006848735276886578,-0.002857860319064578,0.0010314824052164787,-0.004085679690819788
2014-10-23,-0.00010979238271472849,0.00011712687782402978,0.003595023776835842,0.0011412519893770282,0.01017211683148549
2014-10-24,-0.00034312204895779367,-0.0006646581090119251,0.0006212156292988502,0.0003796174669620417,0.00047451664071173786
2014-10-27,0.0005183143948279162,-0.00012409891429372404,-0.0006945383975089767,-0.0007081868887163863,-0.0015398821493702248
2014-10-28,0.0006033621264371645,0.0004942076063202639,0.0005179816341770089,0.00037056009491853595,0.005578997872013414
2014-10-29,0.00025386141479106546,3.627038849596744e-05,0.0005163542595772082,0.0005365234857719417,-0.0013009242756435188
2014-10-30,0.0002764661819440243,0.0004292766754053381,0.0011084131139990207,0.0002472997066828171,0.0024260573233493734
2014-10-31,0.0011607249068077375,-0.0006263657468849363,0.00025673025635751973,-0.0005695125838235498,0.020024657674574044
2014-11-03,0.00047791069602244054,0.0012292478200951807,0.0038824838645214474,-0.00021784272544159443,0.00693706467304378
2014-11-04,-9.130079051766539e-05,3.510681248078677e-05,0.0004654639913650868,0.00033004807063491734,0.003078677336286932
2014-11-05,0.0006994376806420462,-8.392077883411146e-05,0.00034282636180721013,0.0008736097058028468,0.0040482766088466475
2014-11-06,0.0024864452447186437,0.0019358510110114961,0.0008719095719553686,0.00015432098796049702,-0.003269566912444553
2014-11-07,0.0005958828180004861,0.00017521788388630822,-0.00021006638174883097,-0.0011359892391070775,0.0006379496095976732
2014-11-10,0.00012618031183272903,-2.8045377422461414e-05,0.0007231191320340475,-0.0001682439541298118,-0.0003574469912637434
2014-11-11,0.0010348408900808215,-0.00047244861263279626,0.00039617035843366415,-0.001118230395559965,0.01213056641632371
2014-11-12,-2.7851274197733327e-05,-0.00029240987718267875,0.0010590121522032995,0.000723881148057195,-0.004950109908328874
2014-11-13,-0.0012533803087425414,-0.0005470554358972268,0.0009859263298035742,-0.0004920867696771405,0.005310170845607494
2014-11-14,0.0018793957046245994,-0.00031645134480719444,-0.0003034420000801462,0.001319660379017834,0.007847504328144784
2014-11-17,-0.0006895125419700841,-0.00014476418972851808,0.0017502037184101483,0.0,-0.007772157592003874
2014-11-18,0.0010399278461069572,0.0008622105970176753,-0.003260526964832239,0.000881722765584167,0.008653254033437134
2014-11-19,-0.0002371410288804731,0.0003997249403670353,0.000780446794482292,0.0008466741453993638,0.011363912937236832
2014-11-20,0.0002228442361783766,-6.078226780526175e-05,-0.0004789159054515438,-0.0007700361757106116,0.001160335548077021
2014-11-21,-0.0025617329670911252,-0.0019677555089033026,0.0011742539375997096,0.0006993055221600662,-0.015929985446142828
2014-11-24,8.82645492801661e-05,0.0005229610581122845,0.00019771536551421,-0.0011820332345551024,0.010682367314349019
2014-11-25,4.75861904962968e-05,0.0008430213294155282,0.00040156679650323426,0.00035342654193406376,-0.0018348379617618609
2014-11-26,0.0006050367795390687,0.0008769217212589211,-0.0008793066995100475,-0.000809064283154156,0.0004624246092291846
2014-11-27,5.4391427924488936e-05,-0.0001632475380454786,0.0004981966068710123,-0.001449181942225301,-0.0014628091941847193
2014-11-28,0.00023679928664928465,0.0003789955310357732,0.0014685188957409576,-0.0014622854874217607,0.005445756340527733
2014-12-01,0.00029807471056781244,0.0006912208454659562,0.0006437383121226564,-0.0005420201222157176,-0.0018959790621487533
2014-12-02,-0.0013737799714168759,-0.0001962635487365315,-9.467391605442892e-05,-0.0007452019503321406,0.0007249592951384184
2014-12-03,-0.0002307055528844364,-0.0004612890396763386,-0.0005163604854377122,0.00047492402108478284,-0.00031837534011634717
2014-12-04,-0.0015726126751590072,0.0005106771959233922,3.385366415450761e-05,0.0006051437401008658,0.005270602980254164
2014-12-05,6.023874624898449e-05,-0.0014326554103013388,-0.0007123608341514738,-0.00040835590457641394,0.005457479587522143
2014-12-08,0.0004982561139454007,0.0002490450481514617,-0.00016834846825819526,0.0004105380461536187,-0.006300490861127428
2014-12-09,0.005440731975891541,0.004149242886477505,0.0005465421226500227,-0.0014285474916344576,-0.004776917991790624
2014-12-10,-0.0006178896211197822,1.3571191075784736e-05,0.0005417925338073386,-6.792324675722085e-05,-0.00740600818444886
2014-12-11,0.0017464060973489176,0.0011365559522690495,-0.00016276041702603216,0.00124363834268371,0.0048123419091564016
2014-12-12,-0.0029898219586324427,-0.003159218303250734,0.0007341096192163131,-8.807140564276324e-05,0.0037495052489446147
2014-12-15,-0.0015514428805970116,-0.0003268263151508265,0.0003665515011954408,-4.7670122759639635e-05,-0.005282805086175013
2014-12-16,0.004147101439559389,0.004016920164820071,-0.000239998081167338,0.00021815157530603665,-0.004062738562716405
2014-12-17,0.00032979264586495904,-0.00041924543310102434,0.0008563139975698135,0.002798854846145334,0.004171944634682707
2014-12-18,-0.004274096207638715,-0.0025615399675333606,0.0011362859734468601,0.0025433706154589794,-0.002418975780307799
2014-12-19,-0.0010245272703229124,-0.0011406754444538288,-3.4121890219527666e-05,-0.0005058203625349895,-0.00032844767713262785
2014-12-22,-0.0002584137490493266,-0.0005033226200134244,-0.00020419275867303353,-0.0013339324394839927,0.0050037820416738345
2014-12-23,0.0005238932874381509,-0.0004898059241986672,-0.0004560537814090572,-0.0001904748953044541,0.0004765438408391073
2014-12-24,0.0007013840705639663,0.00045622457935147747,-0.00040147389087711384,-0.0007081960364630783,0.0
2014-12-26,-0.0001228073767840564,-0.00025927063223061744,-0.00019769245254149675,0.00010916285744606021,-0.002821107008287522
2014-12-29,-0.000455839688397135,-0.0010205679325301607,-0.0003810845985867745,-0.0006058399066204594,0.0005594291240060437
2014-12-30,0.0018675428639848446,0.0011368452737951804,0.0003847607316696355,0.00030288845675839783,-0.009043697180154584
2014-12-31,-0.0005793183516273997,-0.00012408487421308026,0.00014458577920772853,0.0006758387899052344,-0.0037717549567111756
2015-01-02,-0.0023731861980375852,0.0007890365857869775,-0.00031693100815082876,0.0001523851746027429,-0.002466552535092738
2015-01-05,0.0006729569701723779,0.0020769168068939282,-0.0010653743918246647,-0.0005257089305839431,-0.008889692308317465
2015-01-06,-0.0009175931471424529,-0.0008549877748835749,-0.0005514160220027932,-0.0033386650900178658,-0.011882557502311653
2015-01-07,-0.001431690205709086,-0.001049020537921626,0.002395465355262125,0.002245846660746649,0.0019430287568454293
2015-01-08,0.002162285633107046,0.0006023306835733374,-0.0008505752527610956,-0.0005808764313338621,0.0008002238220955626
2015-01-09,-0.0015097244772370694,-0.0011314593116788882,-0.0011070111831616195,0.00047737629201430505,-0.007603140398195562
2015-01-12,-0.0002641470386271154,0.0008346025244333543,-0.001236629985957767,-0.0002642168307210081,-0.002318523176930176
2015-01-13,-0.00020786667936145107,-0.0012462488810294815,-0.0007502867519061254,-0.0022750199098254317,-0.00909755950000952
2015-01-14,0.0025005464799372473,0.0012929095166525132,0.0006546073680699138,0.0009578544793651777,-0.0025980601342148945
2015-01-15,-0.005764044153178846,-0.0032569958346505006,-0.004323453201749066,0.0012100375555076383,-0.023683980266873378
2015-01-16,-0.0013230888288639105,0.0014428789042325977,-0.0004358151474114627,0.0010128005537934838,0.005909428358521567
2015-01-19,0.00024150258634920537,-0.000775301565301894,-0.0016831741722094426,-0.0006002049660494208,0.00412504897143393
2015-01-20,-0.0017430691904402348,-0.0005689361048590863,0.0008148833057896948,-0.0003650434442231509,0.0034878527320628704
2015-01-21,0.0002564205897803962,0.001803228706942183,1.4684179999051195e-05,0.00032226405423419505,-0.0008836083926193946
2015-01-22,-0.001969140865072933,-0.0006832427559856341,0.00018277058321789367,0.0010853647816450505,-0.01603251084505748
2015-01-23,-0.00022619316993071584,0.0004525945056854567,-0.002144300933358241,0.0012509609914831445,-0.02061170871805355
2015-01-26,0.0016864737590639189,-0.0002399268234700208,-0.001408509284603624,0.0008384300888664222,0.018904841653701956
2015-01-27,0.002212390282940642,-0.000253898083686608,-0.0023069443232549944,-0.0015167536913331871,0.004206089304701656
2015-01-28,0.0011624638039153567,0.001273637380356848,-0.0016523306475947576,0.0009664406147804586,-0.009160781765896655
2015-01-29,-0.0015684637502064224,-0.0005605402259632941,-0.0007804819872218892,-7.475014766631554e-05,0.010310258656611598
2015-01-30,-0.002713092326671852,-8.288281504939864e-05,0.002258802594844588,0.0013876112692402449,-0.010626869416483824
2015-02-02,-0.0008419090784521425,9.012865872120512e-05,-0.0010865534473006309,0.00021806232909297608,0.006206550698597346
2015-02-03,0.002042340265570508,0.00010406755480385708,0.0023798363365098623,-0.0006827914560100652,0.010890184975923584
2015-02-04,0.0015560729058878998,0.0008791143861815026,0.00014884939445759232,-0.0011835862552273982,-0.01533241519634419
2015-02-05,-0.001668106788161563,-0.001407271131896187,0.004696018514693487,0.0005588278173438339,0.015532696332385213
2015-02-06,0.00044478380534164377,-0.000940695517365917,-0.0005807590236720855,0.0006816178314327046,-0.00020028113604109217
2015-02-09,0.0006096291859190566,0.0005801111298589874,-0.00044631567160083736,-0.0015917648144522555,-0.0021570648491228074
2015-02-10,0.0006592080113988351,0.00029628313032483214,0.0014973464013725841,-0.00040732443954337786,0.005931871599284941
2015-02-11,0.0021689191482043403,0.0009919505866810348,-0.0004276750030161372,-0.0011684261748681718,0.006389798098770988
2015-02-12,-0.0017493555098397706,-0.0014543309504644927,2.94737462628121e-05,0.0006868208221601817,-0.0025185776729099445
2015-02-13,-0.0007822936361585969,0.00031756230580779805,-0.0017974089744493633,-0.00028797909027789324,-0.0027393332717808787
2015-02-16,-0.00011842465615194657,-0.0006290495269393313,0.000362138096820331,-0.0030542750200656748,-0.006916847620572169
2015-02-17,0.0003539979682084273,0.000818243181808991,0.0008278268540814831,2.21207127304076e-05,0.01235282614853314
2015-02-18,-0.00028067273005523945,-0.0009676574213922129,0.0007734436674072334,-0.0012566065888312673,-0.0045266960222252765
2015-02-19,-2.9532936609617295e-05,-0.00039850046281112247,0.0005904887203704453,-0.0004430987444183354,-0.0007391912106721714
2015-02-20,0.0035532466301289515,-0.0002593428267342815,0.0010185836621047783,0.0009197039795032756,0.0009977791005951178
2015-02-23,0.0009269800028250204,0.0014080751718766626,-0.002018358839880578,-0.00034102872385430126,-0.005497995579513823
2015-02-24,0.0005548507039141906,0.000554871228627485,0.0005328478623444024,-0.003883010799765204,0.00014839107009762093
2015-02-25,0.0006742364157842151,-0.00034071045866278525,-0.001349337768953011,0.0005405425549703085,0.0018011946119622228
2015-02-26,0.0020861302386530494,0.0012853472206637193,-0.0007705701859449535,-0.00027640509209568364,-0.009636602596055813
2015-02-27,0.0024330185895606554,0.0006495906687367919,0.0006566135393832956,-0.0007158570083115357,0.0014346239935617289
2015-03-02,-0.0004092947165099735,-0.0006024567027022213,-0.0006175618409138133,-0.00014887598657822786,0.004558093644830312
2015-03-03,0.0002690723746174945,-0.00027656831226668065,0.0002017507488434004,0.0010307739185739869,-0.004259055051671637
2015-03-04,-0.00028663885963136455,-0.0005129946172627654,-0.0003306381346062626,0.0002941808781019496,-0.009213955858211107
2015-03-05,0.0001659638353525284,-0.0002640542910961963,0.0025422943364944665,-0.00252260278934839,-0.0008301887269268136
2015-03-06,-0.0018846708925408582,-0.0021873371066907514,-0.00024299860395381593,-0.0014310727874312515,-0.011359530489069734
2015-03-09,0.00039597024648704973,-0.0003730959775564818,-6.082678813635976e-05,0.0007382180361510679,0.005458329097314744
2015-03-10,0.0012206592306976689,0.0012278885699151705,-0.00020604631536163276,-0.004120895513299038,-0.01614063136439872
2015-03-11,-0.0008953214217857435,-0.00047540556496407176,-0.003400718279671576,0.0006540528147200455,-0.010266695753583611
2015-03-12,0.0012501506079427036,0.0008624474616485644,-0.0006932193304132303,-0.0009083393155201541,0.006062487681902562
2015-03-13,-0.0014087706112460917,-0.0013400363266451087,7.758252845373329e-05,-0.001763758751794817,-0.011894960071159316
2015-03-16,1.5593812375543606e-05,-0.000670748377524593,-0.00014856110775724913,0.0003507965065458805,0.006601251925072618
2015-03-17,-0.002330912830339387,-0.0010481652246745858,0.0005679011537881173,0.0003966386868040429,0.002133724546818448
2015-03-18,-0.0014328546624649868,-0.0005292982251973972,-0.00034212224983624174,0.0026460600840482063,0.012753697480593783
2015-03-19,-0.0002406598750091806,0.00017860262903944177,-0.00014771680383228434,-0.002736724327261281,-0.010011468965257533
2015-03-20,-0.0005541189650465203,-0.00025374953519302965,0.000982367739768373,-0.0005390213043916898,0.0071733657423128155
2015-03-23,-0.002051502602601572,-0.0017983345385945873,0.0015804916690633937,0.0027471388511320334,0.007572864362524028
2015-03-24,-0.0001914659789952349,-0.0004287803561786213,-0.0024247242129264747,0.0018518523810735048,-0.0032242811509009487
2015-03-25,-0.0009609372164526945,0.0007174477486801105,-0.0006558427432724606,0.0006407274000482569,0.002506975746459214
2015-03-26,0.001252762196697909,0.00017670355719507126,-0.0008641753972518973,-0.0019066662191980727,-0.009965598261831203
2015-03-27,0.00035512460614719733,0.0008106011630151264,0.0,0.0017043859276304454,-0.0004781405052956414
2015-03-30,0.00015383668727664886,-0.0007155635367938376,0.003326099061190983,-0.000653969425233091,0.0018862627959195727
2015-03-31,0.0010402273912274045,-0.00013969949110022263,-0.0023708627560511124,-0.0006441923951949785,-0.008357326116681028
2015-04-01,-0.003964087963493685,-0.002674422006742396,2.326636498058995e-05,0.00042741851528263703,-0.0005741329973829801
2015-04-02,0.0018967542018637005,0.0004145555103128705,0.0009432941766771621,-0.0002685521601978399,0.010737394598912571
2015-04-03,0.000527718623505538,0.00034415115458237214,0.001091040515140312,-0.0007113382254139583,0.0019559495848168636
2015-04-06,0.001158907706828343,0.0005868477679576761,-7.652046160869587e-05,0.0002057182048816386,-3.061450974923856e-05
2015-04-07,0.001822651926324478,-3.827560734280632e-05,-0.006000822712952337,-0.000267828790134878,-0.004510559115929532
2015-04-08,-0.002478926555239832,-7.693757669843726e-06,-0.0006836609154640991,-0.0024387244290165035,-0.0039287635657345304
2015-04-09,-0.0011249773281586698,-0.0009308965205080727,0.0002476186067082411,-0.0025338901755554296,-0.007771889215239145
2015-04-10,0.0006509114951006425,7.059349523100587e-05,-0.0015649088113397624,0.0014493040003323114,-0.009276366627698977
2015-04-13,-0.0008257671255562466,-0.0005658820444165791,0.00025102370736945653,0.0012266081110188871,-0.003695524763095563
2015-04-14,-0.0012644262093545124,-0.0005418798651456923,-0.000538081120796765,0.0012565775626572654,0.001935956660023512
2015-04-15,-0.00188222378421444,-0.0019203985218280782,-0.0016825113668031153,-0.002201731497036321,4.7171665561619794e-05
2015-04-16,-0.001730558086479456,-0.0016997947889804343,-0.000803833224255719,0.0005171319663617102,0.00703505529819357
2015-04-17,0.0011002431788735114,0.0003119686808748686,0.0019792265661754925,0.0006237136109389742,0.0030010506705764836
2015-04-20,0.002172979320665045,0.0017354465312015852,-0.0017512454733291185,0.001326477461019804,-0.004130144191691514
2015-04-21,-0.00024214493664376308,-0.00032032626675806096,0.0009789295991662146,0.003104381383345563,0.003554506112118012
2015-04-22,0.00019450333634532998,-0.0003811197967860799,0.0029044954640578737,9.334816538733274e-05,0.0005834147038187059
2015-04-23,-0.000271363058298615,0.0005427534791922679,0.0029232151214850966,0.0024086785992613073,0.0063951971208000905
2015-04-24,-0.0022849893949732267,-0.0015578198327395544,0.0011161445680572676,0.002393299905840484,-0.0004250764235474352
2015-04-27,0.0007099587441781299,0.001126578099954274,-0.00245996875039318,0.0008790328121387068,0.0034004175088157007
2015-04-28,0.0020418979851271994,0.0005907286464193841,0.0006096549464768916,0.0009657615319835899,0.006398446832419559
2015-04-29,0.0017058834355970067,0.002138502953484185,0.001382265225489038,0.0066516162631382585,0.014649015293867274
2015-04-30,0.003843588874040129,0.002650758669941991,-0.002137450049359889,0.005231114570603066,0.011603977126097627
2015-05-01,-0.002082477195040026,-0.0009787348410085711,-0.0005560807572533414,4.451104616536005e-05,0.004648745613968932
2015-05-04,-0.0013122285160277168,-0.001080883746246382,-0.001187165315916806,0.00038042526034953673,-0.004819322333537262
2015-05-05,0.0017223322094961262,-0.0005899859396015027,0.0009379843031320978,7.449288968837648e-05,0.0010149557574468968
2015-05-06,0.003216375960818572,0.0021742515165809,-0.0008020675949097215,0.00037641571500296857,0.01052887332329097
2015-05-07,-0.0028934753396390694,-0.0023137739328273933,-0.0017182958442213386,0.0021801820492745277,-0.005966852171714868
2015-05-08,-0.002037872393718923,-0.0023713692568735575,0.0016613147487585117,0.0003275296108600544,-0.0034586797046025266
2015-05-11,0.00047868362918528995,-0.0007022367274492394,0.0003808599265646603,1.495517187273814e-05,-0.0012980717254083979
2015-05-12,0.0014151033127000373,-0.0006441557895040216,0.0016669201775025182,-0.0018897223286177382,0.0038073712204141894
2015-05-13,0.001835664204111602,0.0008216349516420859,-0.002301223632841986,-0.0002810526178581126,0.0057986222094324
2015-05-14,-0.0006335735230872546,-7.370310179561987e-06,0.0012887406370850445,0.0001694834076116735,0.005110724817204763
2015-05-15,0.0026101708488268415,0.0017290667717427064,-0.0017289014014144476,0.0023543314785116447,0.004286685562424577
2015-05-18,-0.0017784706904163403,-0.0014124711761849893,-0.0016877145752021503,0.0017123858153844627,-0.006205384431647208
2015-05-19,0.0007150145914360183,-0.00032745648470374513,0.0007822715328017253,-7.445434273682469e-06,-0.009607700791437968
2015-05-20,-0.0004167038783991651,-0.0003199678571222271,0.00017855415818232573,0.0014948630819445882,0.0004833270842764051
2015-05-21,0.001091496460761563,0.0001632774235480644,0.0008006168142039048,0.00011131023286454688,-0.00026765998420004054
2015-05-22,-0.0013061896578238834,-0.0004035180853270208,-0.00010381597885532082,-0.00015685747289943694,-0.0049870953514579
2015-05-25,-0.0007047586493427726,-0.0005249698262921566,5.994305411669237e-05,-0.0004951275054451451,3.747156845209887e-05
2015-05-26,-0.0005138574047094365,0.0005060502883827479,0.001885437800415986,-0.001229861180723794,0.0026195266902621773
2015-05-27,0.005005634329912369,0.0030636114170547956,0.0005210582065457786,6.687000102782542e-05,0.007862155675700132
2015-05-28,0.000642277375158276,0.000317693694235942,0.001669165878651893,0.0008704761611338651,0.007123621478592338
2015-05-29,-0.0008745981264896651,0.0002716762810276706,0.0001474404343315184,0.00027201582270565443,0.004378979114513032
2015-06-01,-0.00198690182371789,-0.00043383151105983955,-0.0015372338735343256,-0.000692663687905621,-0.00041828262572206164
2015-06-02,-0.002540708783642527,-0.0009849720151747115,0.001596298099759278,0.0008838274648767537,0.015476746499923364
2015-06-03,0.004344123993763903,0.0012415720037986678,2.8911761306603616e-05,0.00045768554941736614,0.011854183196589738
2015-06-04,0.0007990582952896954,0.0025385067824619453,0.006718343909135622,0.0020944952373709077,-0.002438371575864501
2015-06-05,0.0018318115267970455,0.0022773080147579774,-0.0009962428240576993,0.0019860552513954344,-0.0007878414984005485
2015-06-08,0.00015696011105054218,-0.0003353705340634546,-0.0016031952818667907,0.002102315815122554,0.008316828687515296
2015-06-09,0.0007018599576229923,0.0001430574234935144,-0.0021928272039892288,0.0013664967230654767,-0.002479234132563593
2015-06-10,-0.0038220045445910744,-0.001914399600129557,-0.0032765240705969955,0.00022353216973365438,-0.008927543190911753
2015-06-11,0.0018448993060822295,0.0003820136490197934,0.00045996177378751095,0.0002447698455772238,-0.0011954229691734713
2015-06-12,-0.0019524150219624055,0.00035335307189893016,0.0006407833615587496,0.0018804378818711896,0.0014400924147783978
2015-06-15,0.0007358458230110878,0.00027419599412680087,0.0013111732554853253,0.0019524150219623398,0.007592098328386465
2015-06-16,-0.0025837942721145418,-0.00082215495760442,-0.0020168170564420123,0.0021944872337171075,-0.003453638383588117
2015-06-17,-0.000314771364128244,0.0006152745677913887,0.00045186070549055297,-0.0016255101199310138,0.008754738236983655
2015-06-18,0.001584695884490664,-0.0005644248196683371,0.0007866751937928108,7.1325913062429965e-06,-0.0014299607767530272
2015-06-19,0.0007114752631280608,0.0018042177574368152,-0.0016010054572963058,-0.0008768399825827859,-0.004036354125954164
2015-06-22,0.000828980044757906,0.0005215310268418835,0.0006095353020011815,0.002924520965386488,0.0009870609989650343
2015-06-23,0.0005634291311882268,0.0006645862472996549,-0.0018107485780238673,0.000296034226606306,-0.010810449859515885
2015-06-24,0.0011096301170976514,0.0008860618733890513,0.00040284872136781057,0.0010580450188278198,0.003153131389238922
2015-06-25,-0.0013143927881903027,-0.0009398428985412802,-9.372037451752605e-05,0.0005057401614901863,-0.0021924297865335675
2015-06-26,0.001003534112326216,0.000534245895764985,0.0003760050949603005,-0.004121629899286767,-0.0014594745593118428
2015-06-29,0.0027716953962275805,0.002467857065470781,0.0035282719846358194,-0.0014397377341250346,0.020443854753352413
2015-06-30,-0.0025849430591171722,-0.0010367310319751154,-0.0029414051186018473,-0.003464354704662443,-0.009036228049337097
2015-07-01,-0.0009093176344851207,0.00011738983710972795,2.9357798167390644e-05,0.00146623292447908,-0.0015703082938284627
2015-07-02,-0.00017586669349993987,9.525868235149578e-05,0.0015289795761751152,0.0016694861422172135,0.0018195696750006576
2015-07-03,-0.0011158257533355263,-0.00022033549840893863,-0.0010897509644697064,0.0009470636231568234,0.0005862523984412216
2015-07-06,0.002385710510779984,0.0007017570066642655,-0.002511703569570322,0.0021665766260690867,0.011257795007551788
2015-07-07,-0.0010752930089164344,0.00011202013386923945,-0.0025651304784800864,-0.0018620934856538541,-0.006277456636992891
2015-07-08,-0.0012176857261164676,-0.0027750473147937467,-0.0022791778015895333,0.0009712800739667577,-0.008471656617477603
2015-07-09,-0.0012302463162381333,-0.0010432969125775634,0.0012315778066405063,-8.953152634847734e-05,0.005169089665751308
2015-07-10,-0.0005325687814419776,0.0006710234818247659,-0.0005007068907626289,0.00021889821320533048,0.020172308774739914
2015-07-13,-0.0007189705825238401,0.00016137432276136417,-0.0015952117769683506,-0.002527833215845044,-0.004750881826230033
2015-07-14,-0.0009632884911289345,-0.0006541592633268014,0.0028317900010467203,-0.0009126707290864949,-0.0004564495665675711
2015-07-15,0.00041228916778875396,0.0005155094820618742,0.0008147955570961694,-0.0006332283073193468,-0.002277997674996816
2015-07-16,0.002221104357305808,0.0015307993094597471,-7.39967885731e-05,0.0002957748583357853,-0.003519334072440904
2015-07-17,-0.00158860985535972,0.00020798668960171862,0.0014732831330963824,-0.0005424867576777661,-0.004796136654914451
2015-07-20,0.0012829118663980447,0.0007418177842335016,-0.00022245786369057025,0.00034825262745507424,0.0004014929643964966
2015-07-21,0.001160448787764095,0.0017295288020409462,0.0014021657965494132,0.00017727484294808592,0.007236344982943753
2015-07-22,-0.0009920195071674435,-0.0005256786743642553,-0.0002879833432615522,0.0007922141317380475,-0.0004945799308750366
2015-07-23,0.0017552045573479842,0.0013734903866527229,0.00019118631164266077,-0.0010057445742890241,0.00492747895228442
2015-07-24,0.0008546694202327688,0.0005747211287152813,-0.00013274140518896031,-0.0010242165455250905,-0.0013233933732597987
2015-07-27,0.00031480729295111216,0.0011494548676939855,-0.0014106488033586628,0.0002854372148997028,0.00660528620772122
2015-07-28,0.0007543715454331344,0.0011062636892772814,-0.0002486725288182567,-0.001135435598116979,0.0
2015-07-29,-0.00019776235621379683,-0.00036634062760870746,0.0015072585386893245,0.0007249375150436063,-0.004435409848351296
2015-07-30,-0.0008458712794123583,0.00035329707498936913,0.0005728344444820913,-0.00025758116708927037,-0.0023908057365113625
2015-07-31,-4.3746764569147764e-05,0.0007731695960590448,0.000618201641731524,-0.0024528782501725094,0.0017660698508408885
2015-08-03,-0.00022774106673891997,-0.00019834783663880758,-0.0002642492766870542,-0.0009703171934068442,-0.001728875962632947
2015-08-04,0.00038225176154250154,0.0002499687552072184,0.0007279760015890532,-0.0018464508892967067,-0.002779817525880491
2015-08-05,-9.588328798519598e-05,-5.8908860645869715e-05,-0.0008067948847172585,0.0019011972949422493,0.0050084068985798685
2015-08-06,0.0010286781659069781,7.346135201559496e-05,0.00033818805048135787,-0.0004701215791584612,0.0008959192215821399
2015-08-07,-0.0009507490628282458,-0.0006261579522219333,-0.0011875005976875934,0.002731890052450639,-0.00028631313308374813
2015-08-10,0.0010026237378590495,0.0010245527626082012,0.002254429296219879,0.00032910976107473845,0.007930394916690882
2015-08-11,-0.0007089274514377388,0.00046328805038806336,-0.0007840233866341354,-0.0020717889260750814,0.006609217373685373
2015-08-12,-8.657446491561243e-05,0.0004040141748496871,0.002165956358048156,-4.329004329676585e-05,0.003006868908061515
2015-08-13,0.0004123606984645765,0.0007162106254680328,0.00011557436862303436,0.0016766280585633593,0.0013775348635519877
2015-08-14,0.0007220738273154964,0.0010540832257707204,0.0006861162838990815,-0.003202755804017297,-0.004840560262918728
2015-08-17,-0.0019495514598089436,-0.00023938109221324506,0.002093210146791462,-0.0007765299662661924,-0.0018773903272564433
2015-08-18,9.470352340586488e-05,0.00017478570588730193,-0.0014451446751753453,-0.0001967019643754298,-0.004916731120919843
2015-08-19,-0.0003279345617759118,-0.00045169422526542864,-0.0007862322410780718,0.0013984386383440663,0.004423240828308845
2015-08-20,0.00016628048664513393,-0.000643824193134787,-0.0008338318680591036,0.0007226373686730126,0.0062233358104179974
2015-08-21,0.0014088325277930283,0.0013660957451756956,0.000376032285356036,-0.00011552179764757292,0.0018594733968479483
2015-08-24,0.0028369847824307945,-0.003243214640522426,0.00042642536937487983,0.0006406709791347685,-0.01015626938740683
2015-08-25,-0.00023315458254378067,0.000707247124845632,0.00023895122250365328,-0.003489232916723011,-0.002923968031053135
2015-08-26,-0.0018363994113059741,-0.0003965835117304733,-0.0002695447260225496,-0.0008679534498048992,-0.006873181454493985
2015-08-27,0.00025836836829071485,-0.0001769950667245726,-0.001925777337367401,-0.0006718966565646401,0.0016089517001934201
2015-08-28,-0.0006402260879000293,-0.00041205860645004657,-0.00021252972747938103,-0.000773232925224816,-0.0010723467792199451
2015-08-31,-0.0009258647576280102,-0.0006024849009971496,0.0006180197080124636,-0.0016260106366972108,-3.67924354793688e-05
2015-09-01,-0.0012962436678771842,-0.00042937201302257235,-0.005349875323811387,0.00034088972547591793,-0.006481832285267234
2015-09-02,-0.00037042525242048454,-0.0007332763335886366,-4.43970875583329e-05,-0.00013338668820636108,0.0005627337159347256
2015-09-03,0.001963415173503575,-0.0015804003723848873,-0.0005103946793047882,-0.0006740210100375725,-0.011704661312073561
2015-09-04,0.0003774069170648069,-0.0002111709436629167,-0.0010390550052767223,-0.0007549563238889917,-0.006491919200226275
2015-09-07,-4.504673599615481e-05,-0.00030037471971866266,0.00014276000189556367,-0.00031538398260989896,0.003519965125424204
2015-09-08,0.0002535421340950088,-0.00019384902204234918,-0.001445453036028897,-0.0015894280287103823,0.008388771521157929
2015-09-09,0.0006372400313449928,0.0008371766153603936,0.0004889866959696279,0.000592417078937607,0.005301900753352522
2015-09-10,0.00036932259270602727,-0.00025842178270272235,-2.9565243102253116e-05,0.0009669788571758375,0.0077755956001568476
2015-09-11,0.00020556946484821259,-0.00046974201751873873,-0.0006982342308187639,-0.00044055775323231393,0.004465324226066725
2015-09-14,-0.002165156567665766,-0.0013842972853175314,0.0003963593710141065,3.6861603115410795e-05,-0.004524878006206151
2015-09-15,-0.0001696296546203348,0.000811808162665276,-0.0012504302294825116,-0.0005976206024956626,-0.00309927109760688
2015-09-16,0.002095196152624671,0.00045585889751031364,-0.0004947113976812217,-0.00038195414076615155,0.0036944676586291004
2015-09-17,0.0004967927745771569,-0.00016077757918213877,0.0001022203726092529,-0.000723353762475171,0.007916863499540473
2015-09-18,0.0011954661724367084,0.000264088383113277,0.00019766680030811352,0.00047632134270551315,-0.012393186259772301
2015-09-21,-0.0011752663256785905,-0.0009161840101794084,-0.0005590414056901872,-0.002302792133726535,-0.005064911803267845
2015-09-22,0.0009868569409886333,0.0004184632000268149,0.0006185836123541174,-0.001211278495376515,-0.009219400585930888
2015-09-23,0.0029627004557456395,0.0032077907538272735,-0.00037426270684486637,-0.0018003947875509054,0.006049119844541522
2015-09-24,-0.0005426803337228631,-0.0008256318225666081,-0.0006768592502796717,0.0011296329151480504,-0.0007587931090729461
2015-09-25,-0.00011119883475094575,0.00034106412336090393,0.0029949153452231933,0.0006151451899523153,0.0045663705484558625
2015-09-28,-0.00015661882366519147,-0.0002835545824256886,-0.00027494473412535057,0.0023541517677744244,-0.0005265363301927245
2015-09-29,0.0032346725308692033,0.00179048416895798,-0.0019954830088172153,-0.0008541264106369208,-0.000267082129341938
2015-09-30,-0.0010868514391239633,-0.0014370760586526281,0.00040053107989055346,-0.004456511669840543,-0.00623732046776676
2015-10-01,0.0012845312854295064,0.0005899374762712624,0.0009183045608648118,0.000537221236143338,0.0013355868680360043
2015-10-02,-0.002097325564092693,-0.001957144385489654,0.0006040741628770169,0.000863262291840726,0.0026435243500830554
2015-10-05,0.0001409343952724015,0.0001854386184944162,6.654811246146667e-05,0.0003411273550473531,0.0009430355302489688
2015-10-06,0.0013542767236090006,0.000799047104906621,-0.00028936795563118346,0.0010422095784438116,0.005425563728703162
2015-10-07,-0.0015726772873933688,-0.0011133874847495916,0.00026695339597187124,0.0008756632966498161,-0.004631727417600565
2015-10-08,0.00028914269393291747,0.000541203783843222,-0.0005989640320009898,0.001821898833140414,0.0031986285027468904
2015-10-09,-0.0005715248878797597,-0.00012449150727693997,-0.0013225571362040472,0.001398924301718856,0.009556919053485312
2015-10-12,-0.0001317638793192509,-0.00043214737630283646,-8.775072948428661e-05,-0.0016265169754322332,-0.0014804285685510118
2015-10-13,0.0002496328941011619,-0.000513878398317419,-0.0018333020695830292,0.00074118923898795,-0.00027874155703603063
2015-10-14,-0.0004030352270699275,3.665272641702668e-05,-0.0019128802734149212,-0.0005131889674367008,0.00024206947512111774
2015-10-15,-0.0013784519057612266,-0.000667279600073179,0.0010264022551538174,0.000667230130176357,-0.007982428117717308
2015-10-16,0.0009452703955442389,0.0005315575499281374,-0.001277474171965276,0.0009001299155751733,0.002060615294506398
2015-10-19,-0.0015377111837833219,-2.2184344508878188e-05,0.0013719345688673374,-0.0004218051100958094,-0.0012774836052167307
2015-10-20,-0.000683841154913688,0.0,-0.00010310645013614126,0.0005882785668590427,0.004894310563061235
2015-10-21,-0.0008593747659719809,-0.0007273021452768446,-0.0004989031571065682,0.000925449937515944,-0.00020590354962219144
2015-10-22,0.0006396192252572625,-0.0003645684182769676,-9.601642626857633e-05,-0.0012200929974448913,-0.014355483076588238
2015-10-23,-0.0006361775673825057,-0.00016457949975056508,0.0022864496780309568,0.000508974427538303,-0.0015904130585360052
2015-10-26,0.0015431870618109872,0.0005017956149496684,-0.0006966370690388788,-8.98291001973714e-05,0.0007847270113351774
2015-10-27,0.001648308599305631,0.0005192674682732115,9.019504684990918e-05,-0.0003685637713451287,-0.006949392067172436
2015-10-28,0.0018314061156861293,0.0006903745556017496,0.0001955063620991287,0.00010497900429552509,-0.00438785676749764
2015-10-29,-0.00025612245806642026,-0.0006029681287926195,0.0017166347595332478,0.0003992211474512263,0.0041019511595428906
2015-10-30,0.0007206450084423902,-0.000682985800180733,-0.0022609268876452007,0.00027761000474659664,-0.0014458269333914942
2015-11-02,-4.5056207626677316e-05,0.00021782155993775855,0.0008581946821800402,-0.0006460288233337846,0.0016399242389515082
2015-11-03,3.770269914070096e-05,0.0005805121486291296,7.539232279879362e-06,0.0004975424521417847,-0.002347878206325966
2015-11-04,0.0012729974743681492,0.001522571849320497,-0.00046811885033186146,-0.0003938498876936732,-0.005378712712051898
2015-11-05,0.00021938866302524391,0.0003104120555652791,-0.00030218555934098554,0.000725908930309307,0.0032065368168568537
2015-11-06,0.0032378646295444097,-7.554924303241122e-05,0.0005961746892900016,-4.5318247400056484e-05,-0.0017608099738935072
2015-11-09,-7.548964470902175e-06,-0.0006190595023272405,0.00012024469810526504,-0.00015099125789285803,0.0016554480481536795
2015-11-10,-0.0012284641195491155,-0.00011376521147965365,0.000499190716342918,-0.0010476610788048932,-0.0018446005321005477
2015-11-11,-0.0010918438838208575,-0.00039428589270612703,-0.0006577331126003689,0.0011827770858688746,-0.00026487360008341243
2015-11-12,0.00011342969828511074,0.0002496227305803586,0.0003489633548033976,0.00040824041391019413,0.002834286920620584
2015-11-13,-0.0008119809365013871,-0.0002275744367872375,0.001007053243129298,0.0005312770507026483,-0.003674778998676198
2015-11-16,0.0005838929139489065,0.00033355570689512585,0.0003639534483061819,-0.0007356092047766973,0.006587664191956945
2015-11-17,-0.00044115522533660304,-7.6070791479399425e-06,-0.0001369112817034782,-0.0010961240935498376,-0.002736416548006951
2015-11-18,-0.001041702403053128,-0.0006462527072914406,-0.0001291474371726512,-0.00045656194436218163,0.0032752157976163256
2015-11-19,0.0017827412654356906,0.0012292004916620424,0.0006453890971037648,-0.00037904057704105174,0.0001289652061248253
2015-11-20,-0.0014427318220266772,-0.0006565938287026428,0.000944474135255134,-0.0002444782311953822,-0.008708261544561117
2015-11-23,-0.00076586101834912,-0.0006890849225261087,-0.00039728319938221734,-0.0008661294140152193,-7.647160036049067e-06
2015-11-24,-6.140290284155054e-05,0.0006141751820623318,7.661983917441445e-06,0.001288669857014366,-0.002864146543655846
2015-11-25,0.0019436650724215126,0.0013666238844637236,-8.459618783856426e-05,-0.00024563046555336885,-0.00056000277629244
2015-11-26,-0.00044582120233862817,-7.6848888189403e-06,-0.0004152376910931413,-0.0001383987269526365,-0.0019048210005356166
2015-11-27,0.0011693298457525288,0.0006000000179998713,0.0006395069080512302,0.0006917224163293147,-0.00045369783733824776
2015-11-30,2.3042802005610226e-05,0.00019195110680335397,-0.0009909775766903438,-0.00021508680371745678,0.0018061436835628225
2015-12-01,-0.001624596124173093,-0.0012038724735881075,-0.00013803892719665043,0.000713001575042473,0.0028830617208186905
2015-12-02,0.0014028742052325028,0.001417912687211125,-0.0015400590718071517,0.0005437550632355289,0.0012090234401016032
2015-12-03,0.001900742909418577,0.0014221559283184684,-8.435744555315452e-05,0.0030232589846944467,0.023729132837039615
2015-12-04,-0.0023235560845990787,-0.001743432768118884,-0.002021518623773829,-0.0009846705506347923,0.00020161817320102593
2015-12-07,0.001287300066253846,0.000688087144961363,-0.0008394292374434355,-0.00027677933757137683,-0.0035347740885373286
2015-12-08,-0.00014210973139004116,-0.00028423328263868253,-0.00038171224599658024,0.0005832691653368384,0.002415162103695872
2015-12-09,0.0005378633508570701,-0.0012026639332026838,-0.000253545915540581,-0.0003734855205732889,0.00103754968458896
2015-12-10,-0.000812048436692438,-0.0010755641166697474,-0.002429387774726403,-5.265553128770099e-05,-0.0060763621141414524
2015-12-11,-0.0003907541604920626,8.269029107943459e-05,-0.0006296521380080025,0.00012024831291067847,-0.0023446141001991195
2015-12-14,-0.0009841817999559654,0.00013518689608949924,0.0008813460305421005,-0.0010603936482584096,0.00281342806728062
2015-12-15,0.00021066728941609503,0.0006921300577978738,-0.0004798968313932029,-0.0014454677324231334,-0.0006537544145226256
2015-12-16,0.001005522956615043,0.0014629921919790741,0.00010508538196958941,-0.000540155307780571,0.0010818446504639973
2015-12-17,-0.0021971911892125886,-0.0026003907721646718,-0.0011893472037162141,-0.0007761898512897132,-0.0030607395984613203
2015-12-18,-0.00067556030426646,3.0362374947292823e-05,0.0011709603211502689,-0.0018087997696428551,-0.008820827610955602
2015-12-21,6.050018530024355e-05,-0.0007106837227455984,-0.0004021229108704541,-0.0009987214170636715,0.0031123774210907898
2015-12-22,0.0005279233879540639,0.0007617036888575393,0.0003324694196543657,0.0010248836599223083,0.0018733528665211758
2015-12-23,-0.0011384163582814596,-0.0011310200500493266,0.00034049765953067073,-0.0011397138272867015,-0.004379154993021982
2015-12-24,0.0004706454001581157,4.5539760013338056e-05,-0.00014407309838959705,0.0002959376883066888,-0.0005383172031356286
2015-12-28,-0.0010905291661318472,0.0004547349352679774,0.0008537484227466768,0.0012040575918795973,0.0020156408376189655
2015-12-29,-0.0013530053219790855,-0.0011404243614161497,-0.0006959626881818127,0.00024337191912415015,-0.003176856373560831
2015-12-30,0.00040276464270958326,0.0007294112607139148,-0.00046329877143139355,-0.0002203605563522686,0.0003188993444032912
2015-12-31,-0.0013546352401552601,-0.0018969822262750516,-0.001506929878066534,8.42398692482443e-05,-0.009159368049066115
2016-01-04,-0.0029327126868850186,-0.001769142892916166,-0.0007389674805719649,0.0012889701672035288,-0.009681392523883933
2016-01-05,0.0011752447820311816,0.0007675679439477162,-0.0003118665236566217,0.0005010177026678098,-0.00980727625052887
2016-01-06,-0.0013406561814226857,-0.0006424821971377477,-0.0010854092192785062,0.000674472799612665,-0.0016804427816767013
2016-01-07,-0.0016859330088641877,-0.0009449914209195643,0.0004782757076151482,0.0010072184836736242,0.004410021392003307
2016-01-08,-0.0018779787253123117,-0.0016202913836814603,-0.0003421914283329503,-0.0003042370888476746,-0.002924833907246806
2016-01-11,-0.0008139817460083085,0.00039982596343867967,-0.0009904890471648564,0.0007122702544780038,-0.002103313297154861
2016-01-12,-0.0009865949184131723,3.915288811772592e-05,0.00022686646658918132,-0.0001566919205017162,7.044265383866886e-05
2016-01-13,-0.0020641932247338277,-0.0010906570731274833,0.0,-0.00035874719626095017,0.00032866678961475165
2016-01-14,-0.0003278125565953556,-0.0012258970298310115,0.00044345036222193524,0.0010377046594096959,0.004301820656654948
2016-01-15,-0.0017341180264846894,-0.0019054764769553352,-0.0005155041901240338,0.0007736944293103289,-0.005734659527364296
2016-01-18,-0.00010958046347847705,-0.00012527992249023896,-0.0002581281033704296,-4.696673190689167e-05,0.0010953931991633768
2016-01-19,-0.0012073862336929428,-0.001012390183736696,0.0004679019362924834,0.00021821639359293892,0.0030685289294097246
2016-01-20,-0.0021653466517846526,-0.0012133342175411296,-0.0006903639590417114,0.0008588256678526936,-0.006476007522204006
2016-01-21,0.003945337458743645,0.0013464727995613286,-0.0002590541398386474,0.001711885454775077,0.00473598781032818
2016-01-22,-0.0004370220141352815,-0.0006236017881197062,1.5618410983162408e-05,-0.0008433678989319688,0.001053736764806412
2016-01-25,-0.00046733704418685374,0.0004673370441868501,0.0004840308937434372,0.00036609921697567375,0.002348655285168045
2016-01-26,-0.000116779229000696,-3.113543134515342e-05,0.0005071765590283513,0.000700470900727275,0.002179854345884365
2016-01-27,0.0008453643131518753,-0.0002092674484370201,0.000769999610266997,0.001765977516748669,0.004461643153261304
2016-01-28,-0.00030800031043512856,0.0005544859595280971,-0.00048615425937361485,0.0006697794982227033,0.00681300882695191
2016-01-29,-0.004594626360055433,-0.0031370902589300587,-0.0009334411642282787,0.0010915156739162329,0.008476281698080948
2016-02-01,-0.0001593401802398592,-0.0005537833786521881,0.001526607696352396,0.00028831125675819627,0.002364579564310928
2016-02-02,-0.0023309678734268354,-0.0020652740398650273,0.00047827094580645826,0.00043461188699500306,-0.006223762486306392
2016-02-03,0.0010901693912983039,-0.0010501424789515225,-0.00012256873440134183,0.00022249416044609716,0.0016339623395587412
2016-02-04,-0.0012137267093811806,-0.0013215844127921806,0.00048715880817917735,-0.0015058459468366007,-0.0015881139144441662
2016-02-05,0.0010973790627042573,-0.0004448910473858564,-0.0018810652678783915,-0.001120413902901311,-0.0043803627930711015
2016-02-08,0.0005429387078025619,-0.0005583992699771566,-0.0006976628578191446,0.00158834113762635,-0.006945595310081663
2016-02-09,0.0020470363609419733,0.0005857147428460537,0.0027417860460447843,-0.000769071076998728,0.004717789851637916
2016-02-10,-0.0038038271163435854,-0.0010595779820027067,0.0001081582201301906,-0.00032024370037997293,-0.017455428729031885
2016-02-11,0.0002204064934377545,0.0005278437705031224,0.0021388857434107623,-0.0007873892156543105,-0.003818579221839258
2016-02-12,-0.001063808929938479,-0.0009856218297025136,-0.0002598619596402758,0.0005438659543924695,0.0008794868133470942
2016-02-15,0.0021000838348288115,0.0015049501582391517,3.132930229903137e-05,0.00043044246235941005,0.001675921169766841
2016-02-16,0.000370739945953566,-0.0009618417644716548,-0.0009352515840257766,0.0007568292371187012,-0.004878938510140643
2016-02-17,-0.000557932677501524,-0.000660024539157,0.0010857593513535495,-0.0007391506395200406,-0.0006764569645915531
2016-02-18,0.00024586491036777833,-0.00020619537878183822,-0.0005682177057991863,-0.0006108081498777761,-0.010281647043198092
2016-02-19,-0.0001356121494609521,-0.0011812784720815984,0.0013898098836856753,-0.002044386238434344,-0.004022707804439517
2016-02-22,-0.00029687280823006496,-0.0014281819588202868,-0.0009820712910704567,0.00016850619300136447,-0.0049343259359303756
2016-02-23,0.0015142745511472558,0.0012469940156906948,0.0002433998097270976,-0.00038037738750891856,-0.009480120537987581
2016-02-24,-0.000741939594496934,0.0002528249119404376,-0.001090912159512001,0.000904929481335175,0.0005591957452338954
2016-02-25,0.0003300529322159393,-0.0015203622838100854,0.0011412523446572577,0.00012072386041279917,0.010405384381136985
2016-02-26,-0.0013255090087073383,-0.00019284078642383946,0.0007390092792815536,-0.00033768301534125683,-0.0014121916187205478
2016-02-29,-0.0013369639869954995,-0.0002527836796748389,-0.0016718883242523607,0.0009702920198478776,-0.01506983383349005
2016-03-01,-0.0010218150268682287,-0.001749880952368506,0.0023493176245318052,0.0027063396685867032,0.012442092741717127
2016-03-02,0.0012640997404814258,0.0007377351865395941,-0.0011513457120162684,-0.0006399533619515003,-0.004424696499702154
2016-03-03,0.0002738446190536691,4.028018900006371e-05,0.0007506326248065805,0.0011750693516159119,0.008773649942638878
2016-03-04,0.002345883015715565,0.0015728860106137541,0.0013707471915718173,-0.0004703312733431237,0.005649483535229253
2016-03-07,0.0005133511514745533,-0.00021650315417406614,-0.00039416792868318006,0.0027627534579893645,-0.0010396092006087457
2016-03-08,-0.00020104947895389192,-0.00041011785431836935,-0.0011097530732345022,-0.0015776301798361512,-0.00820272692787191
2016-03-09,0.00368793145204937,-0.0003858707059470764,-0.0015415574402551264,0.0014376646453502773,0.003462830415574679
2016-03-10,-0.0015653662041548552,-0.0002849183253414517,0.0024980032989732545,-0.0008231951516417947,0.013811933180966943
2016-03-11,0.0012228653650296312,0.0009713530605211092,-0.0010996619054782992,0.001866914030099211,0.006007875716303559
2016-03-14,-0.0005066417676175716,-0.0009735288019227528,0.0008866301512579461,-0.0010616132763845583,-0.004714103240899372
2016-03-15,-0.00027108265795106545,-0.0001675930843842745,-0.0006852589909587921,-3.987129546358467e-05,-0.004887540970786635
2016-03-16,-0.0005402270673915986,-0.00013508520321073032,2.381226411085694e-05,1.5893197711772588e-05,0.005900143207507755
2016-03-17,-0.00018243471069258544,-0.0005157891092404299,-0.0010389281734545588,-0.0010873664186255422,-0.0032629815510918764
2016-03-18,-0.0003018748036906266,-0.00028600483225333626,0.0014828872773382574,-0.0008743621687996181,-0.002812159270531497
2016-03-21,-0.00030205476959509756,-0.0005566512008359788,0.0022876100476232355,-0.0013762984523248973,0.0024150571411510903
2016-03-22,0.001259797482770973,-0.0002550207218155878,0.00124578764255334,0.000334616031229938,-0.00042062658107119984
2016-03-23,-0.00041276721309340206,-0.0004682372540501825,0.0016341039467574544,-0.0005400297147576963,-0.0024319889910551563
2016-03-24,0.0012822914151050843,0.0004381126178800361,-0.0008809769095103159,0.0009944352229010257,0.003177884616124791
2016-03-25,-4.751609608648169e-05,-0.00023754661964092843,-0.00034083568483222955,-0.00042774649543622526,0.0013475488543861903
2016-03-28,0.0004649861573076199,0.000922243876677053,-0.0006863986825547507,0.0007876186757730706,0.003779619041920629
2016-03-29,-0.0009756635679109002,-9.444431334199507e-05,-0.0001259237690648843,-0.001599313345357151,0.0021634898041905555
2016-03-30,0.001670031946252146,0.0004629974853271095,0.0013306931409313113,-0.00019586873723376772,0.0015155860875776608
2016-03-31,0.0023379934411088665,0.001978131741178994,0.0006743617343574219,0.0002420882071915313,0.004876664733285587
2016-04-01,7.84212239201295e-06,-0.0009487257600649662,0.0012117849509393017,-0.00030588835313710445,-0.007540284350007847
2016-04-04,-0.001024122101831406,-0.00011025097858907509,-0.0002757849052823192,-0.0016723599155136408,-0.0026934876451208804
2016-04-05,-0.0009397149692082108,-0.0012268767173649858,0.0010913857299230689,0.001090942499274194,-0.009620106680943647
2016-04-06,-0.0007340738233379484,0.0001754903763986487,-0.0018119923697532893,-0.0013178968277166676,-0.004253067537767532
2016-04-07,0.001075531758530576,0.0012058501481531769,-0.0010910987637698358,8.143256166912716e-05,-0.015837845408481994
2016-04-08,-0.0006054759427563876,0.0007355407970733716,-0.0018456658298606037,-0.0016568405020290474,0.0007146686028675765
2016-04-11,6.473801337469054e-05,0.0012537665188093025,0.0017707170342972877,-0.0019601814178635546,-0.0012905165073838624
2016-04-12,-0.002163862729960637,-0.0012159534572129091,0.0013169643858855773,0.0019371604376772374,0.004117333443989653
2016-04-13,-0.0023851450912151986,-0.0007879932981515123,0.0007354159674261636,0.0014366360842573644,-0.0032730336349477114
2016-04-14,0.00010583518215574165,-0.0009027950658521473,0.0002685514108985454,0.0008381445761037139,-0.0002272413718925705
2016-04-15,-0.00027658241925615073,0.0005939232874536155,0.0012507819016526766,-0.0007162158068964841,-0.004131800361978609
2016-04-18,0.003668445351834945,0.0018695696495214004,0.0013231836744970183,-0.00015427525171363105,0.0076791768902048545
2016-04-19,0.0017945019038833531,0.0011352429713018621,-8.899784388372465e-05,-0.00042620433524014046,0.007499762104395601
2016-04-20,-0.0019906598718250857,-0.00026612152233416607,0.0009368892733053441,-0.0013400823814889396,-0.0005563013361669355
2016-04-21,-0.007380345149091217,-0.0038755670092822376,-0.00015342067575570305,-0.00039633912588165097,-0.004226695857069805
2016-04-22,0.0010451781144936408,0.0015732251558799105,-0.002110577340020284,-0.001164924730796882,0.01622708035461949
2016-04-25,-0.0009677329812420322,-0.000999852105197153,0.0010468569279440763,0.0008478169223395802,-0.0010128036784394822
2016-04-26,0.0007234365937174082,0.000858696742011135,0.0012385980655159994,-0.0012564114411712968,0.003035338906256391
2016-04-27,0.0011366121442225024,0.0008657906042566591,-0.0016364405517127678,-0.0005164817379603405,0.00409621911167144
2016-04-28,0.0005610098323857311,-0.0006333790985521812,-0.0029934053603705986,-0.0015699931232969857,-0.02804594079262269
2016-04-29,0.000969146209247391,-0.0003581924345725239,-0.000992800229235635,-0.0026327280227759846,-0.008739611939838155
2016-05-02,0.0028459497071150787,0.002225747012586781,0.001309983075682073,-0.0010591495205541962,0.006412060899215979
2016-05-03,-0.0008252207525168312,-0.0002613589044336862,0.0013146776238557002,-8.17390806797216e-06,0.002402095455541775
2016-05-04,0.003479256325959233,0.0006189983826768269,1.627061283291435e-05,-0.0005207104560779395,-0.0003090988978391447
2016-05-05,0.0008413074249481691,2.4487696974227533e-05,0.0001466048756892641,-0.000841307424948271,-0.004909566370426247
2016-05-06,-0.00015581625195017145,-6.559312586399632e-05,0.00020467561034076962,-0.0006973701225714703,-0.0013989849416026834
2016-05-09,0.001352090075431445,0.0007849643325229861,0.001972017556045078,-0.000704154133625762,0.010356121768023632
2016-05-10,0.0013771056386747704,-9.66502630444907e-05,0.00037078534371806453,-6.438372703522687e-05,0.007054105118746785
2016-05-11,0.00043546631872377965,-3.2273680816042215e-05,0.0007273844385654335,0.0010395136979393118,-0.003488548943431106
2016-05-12,-0.0013839384908026346,-0.0006038185668466089,-0.00019320249291310647,-0.0019020146128458622,0.001008337015170003
2016-05-13,-0.0017417584817880887,-0.0008662530243240686,0.0003484391178417607,-0.00021083702376216857,-0.009608291942444192
2016-05-16,8.108097151346801e-06,4.863300723149419e-05,-0.00010563137099025497,-0.00017839332531924309,0.00468689301999097
2016-05-17,-0.0007601857160037892,-0.00032370054745263504,0.0005400242739152707,-0.0007688603845103625,0.0002916963785510744
2016-05-18,0.003177056742899392,0.0021924067402331214,-8.920859814605674e-05,-0.002230159782745999,0.001295399892920087
2016-05-19,-0.0006659790543973236,-0.0008204812054250498,0.0006314204741440829,0.0006984544948483442,-0.003907489994436371
2016-05-20,0.0006211556113805633,-0.0001774837647351192,0.0017136302429690319,-0.0009762749836459126,0.0038265766444986198
2016-05-23,-0.0010452137515252165,6.529119876955672e-05,0.0006352102107815712,0.0014532038348659267,-0.008249564208785238
2016-05-24,0.0004161685624320224,1.631893731126045e-05,-0.000726753119667301,0.00044046036976662855,-8.16159967806704e-05
2016-05-25,-0.0002438449483345295,-0.0006584161671744057,0.0006434665965571889,-0.0011224532472964442,0.0030560502973131106
2016-05-26,-0.0023921899121481824,-0.0015547481957550963,-0.00017086993178293592,-0.0009698966068178505,-0.0005290467108846764
2016-05-27,0.0003759613621393233,0.00038407950100550255,-1.630151278075805e-05,-0.0007357088886668667,-0.0025759763820503716
2016-05-30,-8.073012323493605e-06,-0.00037139904832035945,0.00016953873395179143,-0.0016806047667501187,0.008488174893277549
2016-05-31,-0.0008141124005303171,-0.0003868160254533278,-0.0008657273661492163,-0.004841919872083409,-0.004300002171725138
2016-06-01,0.0022362303051389498,-0.00011472682735541073,-0.0004155649502255222,0.000809706709596704,-0.006366440677554021
2016-06-02,-0.0027332318527131362,0.0005112980484141888,0.000679189417661674,-0.0011960786548363422,-0.008760832691610168
2016-06-03,-0.001013793446070902,-7.426079569727582e-05,0.0013103947481367326,-0.0027829063391035173,-0.002730855810941616
2016-06-06,0.0017763600812371403,0.0007562369354693311,-0.0005178600167518382,0.0017568060210834513,0.008999361522167758
2016-06-07,-0.0008195109617504761,-0.0004835649485060625,0.00047355057670183396,-0.0017724390440953459,-0.0018934975103190755
2016-06-08,-0.0009528738902472107,-0.0011745911843327771,0.0010027782727823065,-0.0014392455904263012,-0.0007058553453820641
2016-06-09,-0.0008296070627381633,-0.0010370647850427039,-0.0002313973102124176,0.0007632638193586116,-0.0062182340499649
2016-06-10,-0.00034794711554939176,-0.0005967477426081804,0.00015712283316508848,0.000844804502860802,-0.006215575474119255
2016-06-13,0.006757713735431177,0.002840317685781167,-0.0012885737106629303,-0.00046630917142487905,-0.002917738573323324
2016-06-14,-0.002002154245779727,-0.001850793004001394,-0.003850944792006977,-0.00036216168809451746,-0.008282592807018669
2016-06-15,0.0004705407944850044,0.0013359381910027965,0.0013581604884523306,-0.001016982004704343,0.00476165382183078
2016-06-16,-0.0029387579267964124,-0.0010702295973322163,0.0026112126248644483,-0.0002071590730135174,-0.018799946502506847
2016-06-17,0.00195616551998121,-0.00021261124963685145,0.001406895725306888,-0.0033618626576398074,0.0018763811828713328
2016-06-20,0.0001687080342768666,0.0006160363740660064,-0.00031201116747128874,-0.0017390574641636704,-0.007801653259735492
2016-06-21,-0.0013656163723030491,8.505860543021659e-05,-0.0005994065210850237,0.0,0.002013414946528362
2016-06-22,0.002676970796599972,0.0024414672751043374,0.00038222241562746364,-0.003878446556253359,0.007802863991972252
2016-06-23,-0.001809009023887741,0.0006808708767276207,0.0018414655832128801,-0.003811271984696777,0.024891408479401654
2016-06-24,0.00788124901104018,-0.0004844726609947543,-0.0002266051937148162,-0.002138473523020665,-0.06929800536680782
2016-06-27,0.00019667968988004383,0.0013402911331244038,-0.002775501127761616,-0.0027211875433224204,-0.0014329391494807418
2016-06-28,0.0011379827178491537,0.0005291145391835913,-0.0005834048022344867,0.0010574272021495338,0.013166001544362843
2016-06-29,0.00012266928376539115,0.0011738427172409067,0.0009082052109801021,-0.0013677373972590832,0.00647489634362636
2016-06-30,0.00023651534175037273,0.0005257209068853293,0.000551820803631975,-0.003149360230609455,0.0012829857794935463
2016-07-01,-0.0021773260729931,0.0003670879479052838,-0.0003336963043364189,0.0004200945274455387,-0.004239238916448852
2016-07-04,0.00010499973759707992,-0.00032373361381337007,-0.002435734640363499,-0.0008665777289134375,0.0007527023242777419
2016-07-05,-0.0029316212010671674,-0.0022339866510126595,-0.000978805846927769,-0.0023461823342226023,-0.01533154421890894
2016-07-06,-0.0011912920656304015,0.001665592476180964,-0.0042895026959794925,0.000922703496935936,-0.0008532499562201234
2016-07-07,-0.0029673347062345724,-0.0016879449933173292,0.0030749452146340687,-0.0009582190397852329,-0.009164869866446957
2016-07-08,0.0024176635946559053,0.0009886930284612437,-0.00021537992203947382,-0.004597667881159004,-0.0031187251996959045
2016-07-11,-0.00034406857008406237,0.0009616785117848539,0.003201027061078784,-2.6471717177705655e-05,0.022349883582150475
2016-07-12,0.0007256204805134467,1.7245988152359083e-05,0.0029828118088664366,-0.001097272911984218,0.01935310978654728
2016-07-13,-0.0008968610466636148,9.503116597446583e-05,0.002127133904151101,-0.0012517753101067362,-0.0008288151871350371
2016-07-14,-0.0008084453186695392,0.002060223947948524,0.0008966657446816888,-0.004317081332218389,0.010986242548015616
2016-07-15,0.0006812975575010457,0.0009632967656086277,0.0012465710315226143,-0.002454846569017016,-0.011910836375899547
2016-07-18,0.002561435118001388,0.003317918501251642,0.0014051444298360017,0.0019146450508106734,0.008341857417478157
2016-07-19,-0.001014462571070612,-0.000981048777088966,0.0016632197791107118,-0.0010923366848221065,-0.004623871467449119
2016-07-20,0.0004773107042308592,0.0014499678429947883,0.002580227671208558,0.0012688790008345652,0.00915020705258659
2016-07-21,-0.0015885491178776138,-0.0007082546087282958,-0.009038040627545655,-0.0004445622417600734,-0.008175881311428433
2016-07-22,-0.0018933963838951293,0.00014565082382723542,0.0016568172409573733,0.0003172439246528607,-0.005585314558338024
2016-07-25,-0.0012711065490072135,-0.0010473722219117051,0.000994180697078948,0.0002835624049625253,-0.0014173738011214669
2016-07-26,0.002819771587164629,0.00034769003783704014,0.0019869980218487956,-0.0012957593961891662,-0.011220629303235214
2016-07-27,0.0034580977092934966,0.001005746593677373,0.0008448859044557591,-0.0028034106435442688,0.01161597794572102
2016-07-28,-0.0008254727589812996,0.00016339658537488548,0.0008511772983043377,-0.0004904470480041071,0.0017685596003909527
2016-07-29,-0.0015428133685102593,-0.0026756043694027435,0.0011568186172282986,-0.0005846243954879992,-0.022484162822864664
2016-08-01,-0.0005511401303903048,3.500297525650178e-05,-0.00027106076736264017,0.0007347860266393054,0.00023636212538321626
2016-08-02,-0.0011455764382893405,-0.0008633829286976356,-0.0011424053265826032,-0.0009880116189353977,-0.00889762242033022
2016-08-03,0.0006716747932590411,0.0004507749427788741,-0.0003973281938963215,-7.068136842063559e-05,-0.0031134762495864687
2016-08-04,-0.0008253644718733454,-0.0007989135201632892,0.0009650245767752962,-0.00046179122529279394,-0.0028477536644573313
2016-08-05,0.0021310231644367595,0.0011719583698090146,-0.0014392710179310802,0.00020398479940542103,0.002502197381862448
2016-08-08,0.0002551952037151951,-0.0013728650148451364,-0.00032626859248804246,-0.0005632761698292714,0.0047158651446304375
2016-08-09,0.00037106407465386653,-0.0003886822836314835,0.0006167564095872996,0.00011482526698446955,-0.0025759568215632353
2016-08-10,-4.419635557572385e-05,3.534974150871292e-05,-0.0006987100681813661,-0.0005570415051531289,-0.0007157405790244489
2016-08-11,0.0007167919884614029,0.0002122334930103704,-0.0004696936885963153,0.001970740018596163,0.0035119335827586626
2016-08-12,-0.0009198005388995264,-0.0002475510144551441,0.0014763133519602918,-0.002054916577843407,-0.004405118465071818
2016-08-15,0.00033595615204157355,0.0008129147859151259,-0.0006644312491678178,-0.00037132652405308077,0.0018826654549871878
2016-08-16,0.002459590541629042,0.002237325340884737,4.424837498562983e-05,-0.00022093881410376273,-0.001873818363689665
2016-08-17,-0.002681534314467117,-0.0011744397374494747,0.00016737949816420357,-0.0013434684714703825,0.000645626346292338
2016-08-18,-0.0011631699451249303,0.00041418632807878564,0.0009621878597447798,0.0003966872261433871,0.0028869476254579866
2016-08-19,-0.00030854266728666443,0.0009704798460770771,-0.0012967596063799556,9.698081110014829e-05,0.00014985829603896607
2016-08-22,0.001074643797377314,-0.0002905965615577304,0.0006946307086248837,0.00033448937867976543,-0.003086435773063285
2016-08-23,0.0005996790133323633,-0.00041449681122238076,-0.0001761121486711699,-0.00039680615658376606,-0.0022924060895188228
2016-08-24,0.0008228887396786599,0.000521618443523737,-0.0017579898076481445,0.0004774958088779944,-0.001360292054188397
2016-08-25,-0.0004406218126208193,-0.00014096543727020518,0.0009893644141184936,-0.00016748720745415706,0.0025953175291881904
2016-08-26,0.0029626516220901417,0.0018867597422386904,0.0005997900914552788,-0.0017800655040902287,0.00483717291908741
2016-08-29,-0.0002277605020578308,-0.0002451838891441414,0.0002361264774341054,-0.0009817156267652868,-0.0004210821874275568
2016-08-30,0.00020959234366027795,0.00015718739389466595,-0.00026244193622813856,0.0007855802786934512,0.0067771376652987145
2016-08-31,0.000260577266976615,0.00046891689741564754,0.0005479190086678055,0.0003560124902468422,0.0048772738795049946
2016-09-01,-3.456440212556994e-05,-5.183092752601895e-05,0.0009970220214084533,-0.001582600377882662,0.0023129409336716065
2016-09-02,0.0003271659707699598,-0.00036170726220253606,-6.900477860822448e-05,0.0007400332492174926,0.0031273783178252562
2016-09-05,-0.00013887924472004304,0.0005206706355261172,6.058638971885952e-05,0.00019963284981423774,-0.006639602501897627
2016-09-06,-0.004482909926226789,-0.002787512714033071,0.0005981716931067864,0.0008529527476520533,-0.0040154762572312845
2016-09-07,0.001068928457295468,-0.0006218333774558024,0.0011033276075481057,0.0010152996005733997,-0.004530206893144782
2016-09-08,-0.0036482885256756835,-0.0023003338655505695,5.240952806414998e-05,-0.0004886093055126795,0.00884922987938893
2016-09-09,-0.0025475954612178033,-0.0014127785111358914,-0.0007727807901392844,-0.0008940623574691734,-0.00012140763495490612
2016-09-12,0.0011882919703196943,0.0017383940398002084,-0.0015742487519550673,-0.0014418605116919842,-0.0061471142883786955
2016-09-13,-0.0010274450611285613,-0.0009228064415560553,0.0005597096652306962,0.0007315098165630091,0.004444335568261934
2016-09-14,-0.0013686765823353417,-0.000632469989589735,-0.0010029744217702691,0.00040733374629908293,0.0010168034143770194
2016-09-15,0.00037294177770397696,0.000234168680575544,0.00018262378247210065,-0.0015447101099889564,-0.003341080083266282
2016-09-16,7.014467341751407e-05,-0.0004998355908075608,0.0004715374828680376,0.0005697431489113889,-0.006259691894440425
2016-09-19,6.160697392879806e-05,0.000668749199986189,-0.002568027724769468,0.0014334902660075386,-0.0016592268650740235
2016-09-20,-0.0011255716981509484,-0.00013190581943629893,-0.0006762424015771464,-0.0005984756651851218,-0.0030358651106652886
2016-09-21,0.0004982649805017324,-0.00023162377276135244,0.00011449053924325027,-0.0025116466261715428,-0.009679280333366727
2016-09-22,0.0019078244229387418,0.0019423482025910416,0.002535908299166354,-0.000176497582441282,0.005059436858360786
2016-09-23,0.0010329530571714467,0.0013506059917263494,-0.0008845487609262095,-0.00042364654390824154,0.003667588410322179
2016-09-26,-0.0009198005388995264,0.0009116860183152799,0.0004952684279180614,0.0011672946621773777,-0.004879352030151827
2016-09-27,0.0009430018402329169,0.0006663320445729375,-0.0004953954861092544,-0.0009430018402328904,-0.0020134740992778857
2016-09-28,-0.0018804334084607526,-0.0003281174512542326,0.00020384920547263118,0.00047931405751621857,0.0029700051531851663
2016-09-29,0.00012287060862735147,0.0005704181319460544,-0.00047422500230090826,0.001385636956859899,0.0038522754831904734
2016-09-30,-0.0010915397955276714,-0.0007483942890239631,0.0013192322035126798,0.002436719113805185,0.004294193607091728
2016-10-03,0.0005798884316610493,8.789354339690859e-05,0.00021076851547706244,0.0011499955179778464,0.0004214038076496904
2016-10-04,-0.0003494945470739723,0.0012311777638027697,-0.0009180127855045433,0.0028622559791314202,0.011641026428057215
2016-10-05,0.0027653928923449555,0.0015986522880183322,0.0011266142105062172,0.00044865490562929035,0.006356475798266027
2016-10-06,-0.0013346710725937398,-0.0006110759860860505,-0.0011028684310324989,0.0003101469776915368,-0.0007761765932609209
2016-10-07,0.0002599788565174216,0.0020220874304449107,0.000883499407837566,-0.0012832186266847868,-0.005883998701028908
2016-10-10,0.00015578885448806252,0.0006838376541649216,0.0006500739146255352,-0.00022503613655990883,0.0005806873941671795
2016-10-11,-0.0002696977226890221,0.00017400988420048261,0.0002770179040533715,-0.003093670904580943,-0.00830898360715722
2016-10-12,0.0014581016705971634,0.0022337993460060765,-0.0033600535619916333,-0.0003839642611355588,0.0024171568739961378
2016-10-13,-0.0023379533864763533,-0.002225162767992181,-0.0009184464032418361,0.0,-0.0013343859226882095
2016-10-14,-8.70757776966627e-06,-3.482318528022602e-05,-0.00021787916507738392,-0.0006532845199219965,-0.0027441333004908936
2016-10-17,-0.0008303506741870276,5.248241840195258e-05,0.0006644750891475191,-6.995575301473496e-05,-0.0015568153158337093
2016-10-18,-0.0024850820440369204,-0.0009452210157710914,0.000785470580874969,-0.0006222366540391253,-0.001866121681723605
2016-10-19,-0.0007855910652456769,-0.00040636760926006816,-0.0005010350433784488,0.0004237662286421998,-0.005063925156750173
2016-10-20,0.002572054127406718,0.0017692498508601006,-0.0006238824140113638,-0.00020235345939502208,0.0009250246231592733
2016-10-21,0.0007270921953975651,0.0015701166619742895,0.0006017273294966339,0.000593695327688581,-0.005111533241795018
2016-10-24,0.001270760332674232,0.0011820957991825849,0.0002386350088880873,0.0008550889328609025,0.0031725157950228474
2016-10-25,-0.001160001184621368,-0.00044808575880966547,0.0010468764014566062,-0.0011261361527258819,0.0010317688695018663
2016-10-26,-0.0008606003657419935,-0.0008512543350999169,-8.79229092498877e-05,0.0014134526147065985,0.004283226791172226
2016-10-27,0.00031442146709575444,0.001013215560927103,0.0018643086672186235,0.0010473581350883027,0.006508355213548359
2016-10-28,-0.0006176571851119645,-0.000469679582791407,-0.00011317190388992084,0.0022947153410848077,0.002890653541302831
2016-10-31,0.00036529998492748525,-0.00047837527277277904,-8.699737273414136e-05,0.001468550266317374,0.00170522309266338
2016-11-01,-0.00012124676329304495,0.0005976949941235763,-0.00045915870804136695,0.0004069845531938542,-0.0004956069329907237
2016-11-02,0.0012119258459564034,-0.00047958495022494535,-0.000818665620835881,0.0001916810433315827,-0.002577635229029069
2016-11-03,-0.000262407502861439,-0.00017502712965193916,0.00022768471020400362,0.0013550315260399879,-0.0033626394754045427
2016-11-04,0.001509842626118337,0.00129987412143005,-0.0001049630006386412,-0.00086373496560173,0.004608745555651624
2016-11-07,0.00031191786415867684,0.0011268388166095536,0.0001383891505113705,0.00015592245488170914,-0.0012901719276645137
2016-11-08,0.0013816569989811602,0.0005355353754084218,-2.59752628927946e-05,-0.00019849574809608682,0.002129188856692022
2016-11-09,0.0013099294511302378,0.0010663590969227526,0.0002273999450045956,0.0019268416666382087,-0.0011852083936725753
2016-11-10,0.0007840400865167802,-0.0003881133857275075,0.002960842247460748,-0.0010857577242014659,0.006574430085819631
2016-11-11,-0.0016064537971961122,-0.0006560830353001912,-0.00164322940128694,-0.0009426171726743507,-0.0052336052345280755
2016-11-14,0.00047355212325980386,0.0009468556494417334,0.0011287120527284237,-0.00042188099277004875,0.005251302255211434
2016-11-15,0.0004619688509839082,-0.0008209338583159419,-0.0002311257976638204,-0.0007187104590832313,0.005232425452933255
2016-11-16,-0.0008212920411344595,-0.001821143719569744,0.00011077547101558062,-0.0004108991043712392,-0.003642647815823691
2016-11-17,-0.0009672960551513905,-0.00027405237997599874,-0.0008464686093650904,0.00033395128903025695,0.005454738027218656
2016-11-18,0.00021345901881374423,-0.00048711496448835894,5.11635442804726e-05,-0.0003244757184012137,0.0023371870578393125
2016-11-21,0.0014770800648184318,0.0008660802769401727,-0.00022923220048677793,-0.0011203436892139027,0.0024498349257868817
2016-11-22,0.0,0.00039032006740671843,-0.0009163959131971319,-0.0008398763584955639,0.002520121994099304
2016-11-23,0.002442291577037696,0.0009424674831095878,0.0015353233344052796,-0.0002439609169888111,0.0055270704479351805
2016-11-24,0.0007854475365575886,0.001103079541926318,0.0005532410847164981,-0.0007938066787424119,0.007957868871140309
2016-11-25,-0.0004754338423284718,0.00016687804591162934,-0.003787994177290045,0.00043373816241181216,0.0015372536320530012
2016-11-28,-0.00067268158632331,0.0010257963432713554,-0.0006868880056298105,-0.00021871898063195285,-0.007812605367546754
2016-11-29,0.001494787312929433,0.0015775572840715487,-0.0005616588363713565,-0.0002921011692296749,0.00980218996673904
2016-11-30,0.004169211113532183,0.0026873932715361683,0.0004323641238396884,0.0004465577911709833,0.014163227234278234
2016-12-01,0.0021404293968476052,0.0010295990004030716,0.0005683058461956969,4.934048223105313e-05,-4.117005290939732e-05
2016-12-02,0.0037115893551406365,0.001088570122339053,0.0016427074516158565,-0.0009060060580867767,-0.0038858389207512404
2016-12-05,-0.0040357741044852865,-0.0022635681203434124,0.0014402642699390977,-0.0023018163486957844,0.020766445311970357
2016-12-06,8.181264087012087e-06,-0.00017994585314255453,8.952587914274337e-05,-0.0006956465086959023,-0.0019043499296329438
2016-12-07,-0.0008988691198139994,8.1743757843493e-06,0.0008920643696282186,-0.0017018913097593031,0.001038442919681601
2016-12-08,-0.0012050282493841753,0.00012377003543254594,-0.0011837944029652256,0.001617375583628393,-0.010045217752917708
2016-12-09,-0.0008811625326695105,-0.0010381307988335156,-0.00023031240334086558,0.0002718432222747909,0.0043327195833611646
2016-12-12,0.00025331661034397817,-0.0005555011089487042,0.0005865055030827338,-0.0004903483205751007,0.005195072279405374
2016-12-13,-4.076989877393151e-05,-0.0005873763211483987,0.00022052427694099433,-0.0006199071969086484,0.0007434549755641033
2016-12-14,0.0004814734813367787,0.0002448180198290579,0.00029407200074685677,0.0002365715089204458,0.006195700753947593
2016-12-15,0.00015407508352558713,-0.0006158583720441665,0.0017674479511784877,-0.004396397327907613,-0.0002272837972671004
2016-12-16,-5.686503086462128e-05,0.0007309051366927757,-0.0011178434887252674,0.00010560391231705584,0.00014611694251920568
2016-12-19,-0.0017860951542279172,-0.0009587924866979304,-0.0008148498682647093,-0.0013457737356849576,-0.010776116011753434
2016-12-20,0.0003756083265898983,-0.00014689560645331424,-0.0002692350070721993,-0.0001959519597383601,0.0058395641726757645
2016-12-21,0.0010431863767033044,0.0003829435368042597,-0.0002618443677508613,0.0003502013693645205,0.0014280762163434253
2016-12-22,-0.001642530516215909,-0.0020650413842523392,0.0017332084554610933,-0.000618680926915748,0.0002772183601535978
2016-12-23,0.0004978718123761958,0.0003590312722161861,6.522359465858875e-05,-0.0006040076908930475,-0.00024460044639235145
2016-12-27,0.000756488141724654,9.75792222084161e-05,0.00046502332073272094,-0.0007239392369923702,0.00319473466941619
2016-12-28,-0.0011123107765072808,-0.001071044697903352,4.8851580765542154e-05,4.909863097632349e-05,-0.007825622566903561
2016-12-29,-0.00038505180241677617,0.00015560187245022364,0.0013126052994170553,-0.00042618759455696997,0.007776800401630724
2016-12-30,-0.0013461025881322628,-0.0018820328258843345,-0.002857318252143955,0.0002515182384263486,0.0013579942806851509
2017-01-02,-0.0004475966171319022,0.0004800475257864649,-0.0003980810919369958,0.00035809331968921355,-0.0019359042974612006
2017-01-03,-0.0011004912561874596,-0.0017123291855124893,0.0009842640574329968,-0.0003915778188571586,-0.0022905035670162193
2017-01-04,0.0019618623627718676,0.0013111124752208357,-0.0012541535294282732,-4.0663465102051396e-05,0.003372794385712062
2017-01-05,0.00103862975646832,0.00023701233801015184,-0.00078401911795807,0.00049848616507373,-0.005259672163738078
2017-01-06,0.0017056118751933892,0.000292331180826104,-0.0009520981461615254,0.0014029171620088977,0.006917454366313431
2017-01-09,0.0023269447802393784,0.0013591768900012324,-0.00047904192532853795,-0.0022454916564670795,-0.004591171091618175
2017-01-10,-0.0021252603268201026,-0.0009567070385344079,-0.0019059570983611751,0.0012430082395970227,-0.004178779219201696
2017-01-11,5.7328883535558115e-05,-0.0002783257903182279,0.0003186287552641528,-0.00019656985664554913,-0.0027518444884039217
2017-01-12,-0.001629817788296961,-0.0009960365158774118,0.0006013154986974003,0.0007576194642360038,-0.0016333904684196381
2017-01-13,-0.00023731878980594336,4.910264909781513e-05,-0.0004016442879109499,0.0002536835270704729,0.00045170643135644987
2017-01-16,0.0006202627631839725,0.0003142235809303631,-0.0001240146008112646,8.267571690342402e-06,-0.0030113422393961264
2017-01-17,-0.0011087759919251852,-0.0013315416006433219,8.285587634515278e-06,0.00013245581376206331,-0.0022831060145686323
2017-01-18,-0.0005282227902385605,-0.00010733821870156662,0.00010735860675354107,9.080815133214742e-05,0.009601788066012952
2017-01-19,0.0016839975204535926,0.001161069949978404,0.0006957945640376005,0.001240745585964065,0.004852253376183629
2017-01-20,0.0018408111280940815,0.0013849853531653043,-5.712863329459859e-05,0.00015460415264992417,0.0005467535624183217
2017-01-23,-0.0025580405057477646,-0.0003867437459489573,-0.00032000919273843145,-0.0017310026825298024,-0.004694670602725898
2017-01-24,-0.000377569116049034,-0.00013958625015987456,0.0004931169197930122,0.002574489394032371,0.006661352380251142
2017-01-25,0.001556815889145411,0.0013434806355934093,0.00040950041522292525,-0.0009092138384522763,-0.002918632938823907
2017-01-26,0.0012425103574277834,0.0002858507959991656,-8.167332308797779e-05,-0.00021242524345382597,0.003671503292473051
2017-01-27,-0.0005362758211256802,-0.0002842166399551851,-0.00021154550341292576,0.0003737983645153194,0.006726071461184289
2017-01-30,0.00044373958145563507,0.0009370531189207713,-0.0007584562110484297,-0.0011014937038000148,-0.009378837733771453
2017-01-31,0.004209075894383874,0.00218230117531688,-0.0013455970654936069,-8.21996630275665e-05,0.00065700866329731
2017-02-01,-0.0010886337086399539,-0.00028670077236968777,0.00035162750743572986,-0.001786944309725339,0.001443901409262476
2017-02-02,0.0010857942993207324,0.0002551933926993364,-0.0011352606559945654,-0.0012504114824341411,-0.004741506851371431
2017-02-03,0.000874061058508532,-2.473624973842802e-05,0.0002962450956071298,-4.1212131208732936e-05,-4.942339374978144e-05
2017-02-06,-0.00040625635334300673,0.0005304380382132238,-0.0006699225704297106,-0.0004810882640896564,-0.010894418041254034
2017-02-07,-0.0010006421621611677,-0.0007751906065001452,-0.0003089009412647517,1.668557698749653e-05,-0.0011076642328456128
2017-02-08,0.00043430691147133837,0.0006350161474064017,-0.00036801914114871736,-0.0006765984896823637,-0.002461236782690571
2017-02-09,-0.00016587874301944282,-0.001285299257746033,-0.0003164583342393751,0.001102577074471629,0.009742630908449016
2017-02-10,0.00014092388061370275,0.0001574535618834037,-0.0006615288171656112,-0.0007960661486966268,-0.003945464938279072
2017-02-13,1.6556565506484907e-05,-0.00024828271252261687,-0.00035534106918365486,-0.0015077711044794613,-0.0040171174712319135
2017-02-14,0.0012336532184430418,0.0004964011022757588,-0.0011961525191415189,0.0006038522648035342,0.003372153542046892
2017-02-15,0.0006937963325386474,0.0008583124784161286,-0.000587677820488545,-0.0008342660801307888,0.0009342356689402539
2017-02-16,-0.0011748063334630343,-0.00014055801555217813,-0.0009435056068802751,0.0004469199839342314,-0.0006943928062169488
2017-02-17,-0.0014590327118798889,-0.0002751180732410198,-0.00023301681987550316,-0.0004589931440245195,-0.009663918062250844
2017-02-20,0.0003911956069515117,-9.989095246002209e-05,0.0003244821833673803,-0.0004910998654537392,0.0016073491782319879
2017-02-21,0.0004429901068337302,0.0,-0.000917829314816245,0.0004344411651199114,-0.0029084444501445037
2017-02-22,0.0043831729732531485,-9.210994584580097e-05,-0.002147360204690039,0.0035628895391947918,-0.0014030753030448042
2017-02-23,-0.0011151591514981362,-0.0006456454792228583,0.0001926693506720873,0.00074637195429186,-0.0031389841243967343
2017-02-24,-0.0001514832740115473,-0.0009258168890626348,-0.0015288981472827137,5.049697440039807e-05,-0.007455750446075552
2017-02-27,0.0013026470786518351,0.001705947277265226,0.00021039786313383648,-0.0007645742072418781,0.00803548331371526
2017-02-28,0.0011613523484604704,0.0010182828928944634,0.00046215963816245985,0.0007650820314095723,0.0017165086251135114
2017-03-01,0.000474460310307696,0.00028304557222635435,0.0009105680819285549,-0.0006493182386867912,0.005839140388439758
2017-03-02,-0.00048212000734371624,-4.156016874024021e-05,0.0003410371721980133,0.0005818399605579491,-0.0006905761593028135
2017-03-03,0.000844468780004269,0.00018203331259878297,0.00308330564940681,0.0009429749073353845,0.007875818961445345
2017-03-06,-0.00031496324307830144,-0.00039788788376092797,-0.0009295686475183993,-0.0003233549346020533,-0.0031733301412384665
2017-03-07,-4.975619465649013e-05,0.00033996824526562124,0.0003570049811054018,0.0003399513321935759,-0.0008052900516960284
2017-03-08,-0.00029743217113416395,-0.00041318558404889724,0.0008223104062012988,-0.0013229921392567622,0.0019912887724921383
2017-03-09,-0.0009384493226416154,-0.0008309304018597414,-0.0008663617065475664,-5.765279020518871e-05,0.009675778584017237
2017-03-10,0.003994597499824788,7.348588461931394e-05,4.900559481515346e-05,0.0006357020238694644,0.00499497447884063
2017-03-13,0.0005150951609096506,0.00020433935115717004,-0.0006867739066936263,-0.0003515441408043057,-0.0020072299631513388
2017-03-14,0.0009512485854042466,0.000508292557899226,-0.000604185225639439,-5.737728434888901e-05,-0.006226772212317843
2017-03-15,0.0004346774228919033,0.0006068558493605164,4.103961554661895e-05,-0.000598755754255348,0.0005012140165482638
2017-03-16,-0.0025414855453955963,-0.0009458287603738013,4.1153448870503894e-05,-0.0007167307500080513,0.002944688772977055
2017-03-17,-0.002584460828281946,-0.0005691871913323305,6.557054573442617e-05,0.0006694630082461124,-0.009389199473809073
2017-03-20,-0.001377689082964171,-0.00046189377264606985,-0.0001730695537889383,-0.0006936874720742622,-0.0025466766422148346
2017-03-21,-0.0025101575422148774,-0.0017162145189522533,-0.0004931858259724575,-1.6535075028363344e-05,-0.001947452561074854
2017-03-22,0.0029826395957729514,0.000291745683191306,-0.0001833914077930382,-0.002081911446337199,-0.003556622966517856
2017-03-23,0.000893367847246258,-0.0007847786742615066,-0.00017552584663149253,0.0005756740342279314,-0.0034022430896898195
2017-03-24,-0.00031661917643572126,0.0006750478415214249,-0.0004915007950461418,-0.0001000058337569757,0.00379342567290436
2017-03-27,0.0012740287255564257,0.00013321233232868067,0.0002672323099762784,8.321336744322905e-05,0.00014977409102653693
2017-03-28,0.00011683802924242197,0.0013767957883744468,-0.0001497977732865476,-0.00011683802924239556,-0.0009322923411543854
2017-03-29,0.00022642363959521082,0.0006876598870504399,0.0004841119561690877,0.0007292387322602911,-0.004649443473501951
2017-03-30,0.0003684043111478829,0.0009881589227548103,0.0003522396607954632,4.185553979605758e-05,-0.000410053856695373
2017-03-31,-0.000125743458362314,0.00024306938074120365,0.0008697398019325006,-0.001073654470309552,-0.007106347472547303
2017-04-03,-0.0007073386678649187,-0.00036201228711452946,-6.731796803263155e-05,-0.00433071044457889,-0.00412716280422004
2017-04-04,-0.0006024940038928306,-0.0009763594457299373,0.0012741560441148472,0.00023764662059524628,-0.00026221521252223104
2017-04-05,-0.0006657369068327269,-0.0005223076004978382,0.0010579100916831528,-0.00039628170245211146,-0.002846494636316925
2017-04-06,0.00034711198943138247,0.0009148356475199082,0.0020465968682850245,0.0002708329823417176,0.0007547714206673995
2017-04-07,-0.000849444514397793,-0.0006542195267219379,1.700116458014393e-05,-0.00118192769988715,-0.0031160476063472253
2017-04-10,0.00044999724817657054,-0.00041568225508110143,-0.00011880213518376229,-0.000263181354695825,-0.0008936056730097061
2017-04-11,-7.691354494049814e-05,0.0013584811026121667,0.002175648113250608,-0.0037502933733031076,-0.010570877719130225
2017-04-12,0.0009120163074297792,-0.00030068341270253306,0.0004980122545251337,-3.4400612334203785e-05,0.00041294585834329706
2017-04-13,-0.00015511357791949895,8.617161076269182e-06,0.00032746482200195253,-0.00018961594209738198,-0.003394652809721742
2017-04-14,-0.0010308252278205898,-0.00024261119076453942,0.0,-0.00036407451793870775,-0.005738462039083336
2017-04-17,0.0007873437075319907,0.0010728779246246968,-0.0012591015153167013,-0.000622902051493444,0.006284734653776662
2017-04-18,0.0006881839098936215,-3.440475474057648e-05,0.0006726167631672255,-0.000103197399517125,0.0026679075344649664
2017-04-19,0.00023102889247390924,0.0001797414295994644,-2.5699123233034297e-05,-0.000932999575501837,0.0019748259127024166
2017-04-20,0.00079049035765656,0.0012928469947412846,0.0017567353127445635,-0.0013433548476447052,0.004441960222405052
2017-04-21,-0.0007710761177107003,-0.0007540121513271466,-0.0011709453087709104,-0.0006515942855951817,-0.001136426871910583
2017-04-24,-0.0017466377493765754,-0.0003591669037077048,-0.0004770134030790786,-0.0011884537274227675,-0.0072675345560004835
2017-04-25,0.002153834241906268,0.0022278456680060914,0.0012651802488351062,0.00257023872801166,0.017502462097457996
2017-04-26,0.001747272392572815,0.00037084805132323013,-0.0016650596921218468,-0.0007001907276030715,-0.0020204609399361506
2017-04-27,-0.001271246074735533,0.0006523992419122403,0.0013592722984861409,-0.0019181803017442654,-0.0013795555393758272
2017-04-28,-0.0021045197379659683,0.00011502657948283419,0.0006271972740967207,-0.0006668066384406598,0.0038447940566763896
2017-05-01,-0.0011000469039660942,-0.0006567174216879978,0.0005990112391145366,0.0011492744418606527,0.003813755495796963
2017-05-02,-0.0012346841472511312,-0.0005232990855387675,0.0003105310923777232,0.00038446908974040355,0.00441201863312321
2017-05-03,0.00022829002716335742,0.0003016554384036873,-0.0002286068869616666,-0.0007176585069190213,0.0015506283150420502
2017-05-04,-0.0002269319619091667,-0.0007050957641934125,0.0010226526550908904,1.6211133807092754e-05,0.007523047285615255
2017-05-05,0.0015931489890584141,0.0009629039984347863,-0.0006007956663626515,-0.00010505347635657739,0.0028933755465756507
2017-05-08,-8.106716820346675e-06,0.000380935403636402,0.0007781723071545714,-0.0009570542926060234,-0.004620882801429725
2017-05-09,0.0006521083052865963,0.0005956981113817715,-0.00103165081325165,-0.00015292550545531678,0.002196170504514023
2017-05-10,0.0004037174355796848,0.0006624228761955524,-0.0014438106196294305,0.00036320638996820446,0.0016359163770726206
2017-05-11,-0.0016015145011445,-0.0016669098064370333,-0.0006839202574211198,0.00017807276747845987,-0.004495115003713052
2017-05-12,-0.000750662919005812,-0.0008073566775003042,0.0005266462881756314,-0.0013170388733382784,0.0015921446799750981
2017-05-15,0.000938609402856992,-0.0005448106917651621,0.0001688557613979101,0.0003046580637689753,0.007421931080722951
2017-05-16,-0.00015918624027756257,0.0011304113671684963,0.0024107746107596842,-0.0033088456017042775,0.005079787413144106
2017-05-17,0.00041886504297623437,-9.672894943765497e-05,0.00023243791407465917,-0.0007976056142444227,-0.013795316979645224
2017-05-18,0.003397378612868908,0.0006642204159865435,0.0011492765679522413,0.0006554432365933662,0.0019397707454716616
2017-05-19,0.0031937884743604454,0.0004728985159765843,0.00306409501172554,0.0005926970290364109,0.006414792872241766
2017-05-22,-0.000831215380584437,0.0003035240765818518,0.00034581901142833737,-0.0017125621388041268,0.004174869539379717
2017-05-23,-0.0014341744539237186,-0.0012582196651890342,-0.0010872260022598468,-8.820074495265607e-05,0.0
2017-05-24,0.00013575509801200592,-0.000734859531128764,0.0002638005683014472,0.0004630258020025266,0.0003437896041503062
2017-05-25,0.0012685244136767272,0.0009892775889785998,-0.00024659245154335177,0.00012756118968119053,0.002012394469465476
2017-05-26,-0.000112647044743372,-0.00021733093549924126,-0.0006093405680620813,0.0010857109456633457,-0.007181690014554453
2017-05-29,-0.00029746710996907735,-0.000144725945594426,0.0011244529516989835,0.0002894286216870082,-0.0020768272268250846
2017-05-30,0.0007091684491621069,0.0008449786642690986,-0.00040418411944996666,-0.0007978498773136164,-0.0014192291775872651
2017-05-31,-0.00032182021791444545,-0.0013194418423321309,-0.001871526727468456,0.000579201843895831,0.00564079919481194
2017-06-01,-8.002528799161945e-06,0.00010404036775657381,0.00023249754579307062,-0.0006484176036407454,0.002044064310142481
2017-06-02,-0.0002568774949303398,-0.00040143876189441263,-6.393402011301628e-05,-0.0002489130142166256,-0.002846800076593452
2017-06-05,-0.0014634345071487423,-0.0006916074518928068,0.0003774569884395185,-0.00020923700996175516,-0.0015587089977512002
2017-06-06,0.001726633130412705,-0.00019454464455633978,0.000883431662424478,-0.0019619453868041153,-0.008348992364015116
2017-06-07,0.002249299565053966,0.001842510555627572,-0.0006991301804970164,-0.0011849208057660196,0.002186837733471667
2017-06-08,0.0006638493791505555,0.00018594799169106098,-0.0004611669222789045,0.00011329610759069514,-0.003476883063961713
2017-06-09,0.0003393747456961016,0.0002747341560316403,-0.00037286817110561204,8.078947474787497e-06,0.0020033179037899575
2017-06-12,-0.0022162068112877376,-0.0008444849144201357,-0.0022830135967612654,-0.0001300400687793497,-0.004432045952175706
2017-06-13,-0.00022689702213975159,-0.0008102480612454144,-0.0019094783865460968,-0.0015816050501771205,0.0018659597661435758
2017-06-14,-0.0008526638138559431,-8.11876123937758e-06,0.0004614842873639155,-0.0016179983447133393,-0.0029628208225824836
2017-06-15,0.0007716143773152705,0.0002600695700753167,0.0003507870310031593,0.0012576729842208448,0.004687762031366983
2017-06-16,0.0008786390527818293,0.0005245298517217083,0.002059948425070222,-0.0013948971610304138,0.0041986674411162595
2017-06-19,0.00016877162426471123,0.0005466721470023294,-0.0009411841111789399,-0.0014555867739261263,0.002503170512427192
2017-06-20,-0.0006435524315104276,0.00018496105818282445,-0.0009394836743095319,-0.00025753698212426375,-0.002438701695166061
2017-06-21,0.0010377241791832623,0.0008524875457968637,0.0004202529661397835,-0.000908955688655024,0.002583388087663248
2017-06-22,8.058829454886966e-06,0.0014672334001145826,0.0005486083235619791,0.0009746393196727466,-0.0026397980754695703
2017-06-23,0.0010525513286986862,0.0009644442334397601,-0.000739805593541693,0.0008669198401330232,0.0033147245823127746
2017-06-26,0.00017607606531476353,0.00012002928729025494,1.60169138613824e-05,-0.0012411966727846086,0.0043666967074080815
2017-06-27,0.0004828260455758385,0.0007359079893260959,0.005616354076387634,0.002150096475946191,0.017239278155103052
2017-06-28,0.004130160712638206,0.002031317485859051,-0.002502855266197331,-0.0012702098337856664,0.003663050856591595
2017-06-29,-0.0030245211233390604,-0.0010584070407089075,-0.0005130437598929832,0.0017116497476250244,0.004296948751197687
2017-06-30,0.0002031694440144963,-0.0006012407603708999,-0.0016281803988271082,0.0015458608368712236,0.00038971769343902043
2017-07-03,0.0021544105678146797,0.0013844923536585577,7.003536788939801e-05,0.0005359369120837543,0.005315166928937968
2017-07-04,7.00768120010372e-05,-0.0002491862524380631,-0.0005836962143751003,-8.56501038057567e-05,-0.002097788768413128
2017-07-05,-0.0029044322711824304,-0.0010980240565868537,-0.0015360032809066827,0.0007327435335840205,-0.0007547258252721673
2017-07-06,0.0007758253230604244,0.000574297859063049,-0.0008632053448145985,0.0011935950325003427,0.0061224918590597035
2017-07-07,-0.0002697671925501778,0.0012255895347185524,-0.0004697673967709741,0.0009400162498254507,0.004430694776717486
2017-07-10,0.0005229079954895028,0.00027669533714322787,-0.0012512619801933586,-0.00018452454228762213,0.0003000380840073652
2017-07-11,0.0005369869027521323,0.0006442804990539984,0.000813507335731791,0.002435830880128912,0.004941502478082629
2017-07-12,0.0008355964555547014,0.0002321226856184306,0.0009160294231800099,-0.0013853043886753221,-0.011299990152508658
2017-07-13,0.00014695361319644722,-0.0010751400071118068,-0.001340051866107757,9.280168287052408e-05,-0.0002864652912696531
2017-07-14,7.765542737687873e-05,0.0006060370800460509,6.1863004396677e-05,0.0009779420533825118,-0.0009218911039684778
2017-07-17,0.000674756008243694,0.0007835319069472542,0.0007682488572817968,0.0031273974445208876,0.0021061768301189826
2017-07-18,0.0011809703081120874,-6.944685582141485e-05,0.00029359953234980797,-0.0010265158409819195,0.0015226644153562032
2017-07-19,-0.0010799850318008097,0.00024085994887455695,-0.00031742222454331405,0.00026427677705049435,-0.004753434668403033
2017-07-20,0.0011789864395200303,0.001056418223916053,0.0008514855065262456,0.0012160582743585985,0.009599678305786077
2017-07-21,-0.0004552030168292824,-0.000563508589119066,0.00011531232355558378,-0.00020066373456240763,-0.004344349943372664
2017-07-24,-0.0007901525715349074,-0.00020911671499623723,0.00011625608904357566,0.0025386617556845173,-0.0023008217440082536
2017-07-25,0.00034533699477948086,0.0001303765968185652,-0.0007019086804204962,-0.0014127983430745966,0.007116919558264547
2017-07-26,-0.0006145667881813981,-0.0007071918629452495,-0.0005382793646012083,0.001105948425002347,0.0018096499126233885
2017-07-27,-0.0008285449537654959,-0.0008748974088589911,0.0007744597380502364,-0.0005757826004032518,-0.004353290840376867
2017-07-28,0.00013817350007776086,-0.000353400329421146,0.0013680628675669414,0.0004604404962016526,0.00010771716560390556
2017-07-31,0.0002002356626404924,-0.00013088753314934273,0.00020045024275341464,0.0034669540551633617,0.0033009157379960304
2017-08-01,-0.0008824263458905747,0.0001227963807310477,0.0006523933472363783,-0.0013827542053399071,-0.0013727785578984437
2017-08-02,0.0004198841944753383,0.00022916507624548367,0.0015244253963978003,-0.0009698173761791138,0.007408998815842209
2017-08-03,-0.0017127219637965443,-0.0015678120001944972,0.0002672051502512837,0.0001989486336493556,-0.005561171786404689
2017-08-04,-0.0042161384988451565,-0.002332527566135283,0.000458627946124248,-0.0008284813950508971,-0.002101114976971743
2017-08-07,-0.0007348495037472092,-0.0002908601059948718,-0.0005428113940186084,0.0011556138474995885,0.0017467119532452477
2017-08-08,-0.0009362793559035973,0.0003991127469722223,-0.00015319331494320388,-0.0018598079460976677,-0.007776339911593421
2017-08-09,0.002921502299402988,0.001133610904676343,-0.002095981142740756,0.001922287493254304,-0.0029201837753421466
2017-08-10,-0.0035328026782833594,-0.0011424797714221673,0.00023262125487753037,0.0015889710084675838,-0.00606064812732844
2017-08-11,-0.0006907444403898673,0.001708817914111987,-0.0012170102061465743,-0.0010175825139251966,0.004171122811597955
2017-08-14,-0.0025098198204259728,-0.002353015110859114,-0.0006638825017457287,0.0003644696425505271,0.0009223484107811721
2017-08-15,-0.001550968122535308,-0.0003548561327061541,0.002097018685635213,0.0004555087686993086,0.0052774240759468835
2017-08-16,1.54298366754754e-05,0.0001466134231073689,0.0010458723604947742,0.00039338041549975627,-0.00113349409726378
2017-08-17,-0.001381290717428755,-0.0005662272739291954,-0.0011463272315178543,0.0025902932826990218,-0.0099791090227451
2017-08-18,-0.0008998400456943029,0.0006736802780305234,0.0017117603651345598,0.0006964687750961725,0.0003739744961818871
2017-08-21,0.00020268321462610245,-2.3376775175077205e-05,0.0011172356224257384,0.0016744617403895502,0.0017186744776896063
2017-08-22,0.00030343228830157317,0.0,-0.0015682624230479386,0.0016012191338934758,0.001738995857852545
2017-08-23,0.0018168130031425776,0.0011495771909839523,-0.0006980369932788585,-0.0006052376518409947,-0.0020032151303000225
2017-08-24,-0.0005818576940280648,-0.00025602731097817554,0.0005740617351576092,0.0017987847549578945,0.0047143564766003844
2017-08-25,0.0016281810028586968,0.0010188330612707387,0.0008584521321450231,-0.00013879357562243815,0.008089599344632811
2017-08-28,0.0005212165926189081,-0.0002912167516194012,0.0006833826940148469,0.0004749902409863179,-0.0012962062859256643
2017-08-29,0.0008579351865994883,0.000267869786272642,0.0012158614039581022,0.0015990026856437536,0.0069369568309679
2017-08-30,-0.0004566279626976229,-0.00010652949735743186,-0.00043368269563004045,-0.00028930559246755,-0.0007243310738285777
2017-08-31,-0.00039752616933703234,0.0,-0.0005023672257764642,0.0006879261591502847,-0.0005722111538936759
2017-09-01,0.0014059111701737778,0.0009860388411516486,-0.0002901738008691377,-0.000786761067649988,-0.0023992187308739987
2017-09-04,-0.0004370076545887472,0.0006208871219744935,0.001572791798917238,0.0003220241545941308,0.0019640041296956462
2017-09-05,0.0005695330752496156,0.0004542287620297687,0.00033072216947513015,-0.0016787442625999086,-0.0071842594418286285
2017-09-06,0.0008926236029841303,-1.538331371996418e-05,0.00023879861302158675,-0.0011005038031436053,0.0053584754971071945
2017-09-07,-0.002969859660319585,-0.00017627290156367362,0.000560359565914813,-0.0017492984251780736,0.00012284635008244719
2017-09-08,0.00014637960881144579,0.0004621677288923373,-0.0009248840700608429,-0.0010559540986047483,-0.003961711253811603
2017-09-11,0.00036043083377481955,0.0004985637632082223,0.0011510395156515082,0.0004982542042668243,0.005006546555655339
2017-09-12,0.0015837245193639268,1.522197444252129e-05,0.0005411812365065179,-0.0004337519995864638,0.00790710651819633
2017-09-13,-0.00025836455382050895,-0.00031124860284288116,0.0001517796162891301,0.001420179697738559,-0.003405034832046622
2017-09-14,-0.00031168160076555824,-0.000517228276534261,-9.894245743062638e-05,-0.001163962930248309,-7.613768743062157e-05
2017-09-15,0.0002109291436564465,0.0003014863298785359,0.0007425142782646768,0.0007303749708192878,0.007713670594378276
2017-09-18,0.0002927389502568074,0.0005779631090167503,9.786319485988198e-05,0.0008627060245572623,0.005151801171383376
2017-09-19,0.0003747114765508174,-0.00023227672504338965,-0.0024060386709911954,0.0005393379757243792,0.003878266381668205
2017-09-20,-9.727371709253551e-05,9.721625014666842e-05,0.0007851318864012189,-9.728318018908878e-05,-0.0020795160278388562
2017-09-21,0.0007920319020066947,0.0007993814558293332,-0.00026876502632926865,0.0011794126698395047,0.004885236759251747
2017-09-22,0.0005073226158334531,0.00015670647789490648,0.0006029724490293454,-0.0010447684176582968,-0.003164465129879196
2017-09-25,0.0003598120021127598,-0.0009299465950928154,0.00012726122629632086,-0.006089237139856996,-0.009685378565663802
2017-09-26,-0.00047646959626279064,-0.0009225930053360731,-0.0004546694631385602,-0.0003783121271457297,1.5112360399666972e-05
2017-09-27,-0.0005354631318289413,-0.00012068458344540314,0.000407501043257481,-0.002991797459830568,0.0009742651300253888
2017-09-28,0.0005198621352315976,0.00045205913703262173,-0.00021119164966369763,0.0005873449916967577,-0.00101204645925257
2017-09-29,0.00027853371002543403,-3.763005889547196e-05,0.0007613476975167621,0.0016395172362280751,0.0037936684523373516
2017-10-02,-0.0002644673077151894,0.0006721927709156614,-0.0010257571514475676,-0.0004535353154978656,-0.0042027806210168574
2017-10-03,-0.000798421277406424,0.0004370036687438662,-0.0006629701303580386,-0.001168651622283508,0.00176777261417171
2017-10-04,0.0008453213479050776,0.0006867328765903013,0.0006952368997402113,0.00024138919598806058,0.000860091796140858
2017-10-05,0.0010229249724128563,-0.0006741275416727684,-0.00022621704868145293,-0.0008182562507644659,-0.003898964461154325
2017-10-06,0.00030178885571920035,0.00029420085077811847,0.0004994475910883709,-0.0015702975467210211,0.0003254949633789307
2017-10-09,-0.00018151977480888558,3.782420068478569e-05,0.0007111245902432572,0.0003403225534347685,0.0003251430090759865
2017-10-10,-0.0007852909377774401,-0.0008228185394571824,-0.000430508724450826,-0.00017375341412510477,0.003162732245628708
2017-10-11,0.0005643701966694455,-0.000383561030389908,0.0007000192226604064,0.0003986296219550493,0.005613875794978947
2017-10-12,-0.00025554110968754857,-0.00017293298138205626,0.0002477989086999329,-0.00011275948789063098,-0.004529227973180963
2017-10-13,0.00020351017432684163,0.0008518947633647947,0.00033958291997883595,-0.001666987627161453,-0.004920467560176541
2017-10-16,-0.0004546074542994221,-3.789070049005813e-05,0.0005691195873832527,-0.0013802415338386913,0.0012555689148983913
2017-10-17,-0.0008940275016450612,0.00030307622599010987,3.7878070495583525e-05,0.0006062075840349054,-0.002239947662144053
2017-10-18,0.0006850991214869852,0.0006022327962260251,-0.00037036337605193706,0.0012034329372787105,0.009095016728992596
2017-10-19,-0.00017267850683502897,-0.0008410113656783884,-0.0015952086935559016,0.0011781260156414647,0.0010429681264476148
2017-10-20,-0.0004038289016890188,2.2436532659099113e-05,0.00013452814274297225,5.983679515907065e-05,0.002898086072830895
2017-10-23,0.0007186651105459523,2.2453493203079956e-05,-0.00013456133026704342,-0.0004565919606862017,-0.00521432611711989
2017-10-24,-2.239867399930782e-05,-6.724622956671751e-05,2.2445261619053823e-05,0.0006642807539418239,0.00513224483421791
2017-10-25,0.0006993735683783695,0.00020839535651476842,0.0003954058370146188,-0.0015780035578886198,0.0022659520727114483
2017-10-26,-0.002036614832966072,-5.995113983907118e-05,-0.0013543180252136666,-0.00026236586695648135,-0.010914670835892733
2017-10-27,-0.0011039615188385308,-0.0007491458952486263,-0.0010779559081931136,-0.00254526309669083,-0.007070263465242177
2017-10-30,0.00021250113919855045,-0.00019729104286787417,-0.0001967312355014418,-0.000986994530178301,-0.0012063597097359672
2017-10-31,0.0008255168469051027,0.0002348049047141382,0.0003414924772039666,0.0018757048844770037,0.005149108013057538
2017-11-01,-0.00048274926639394996,-0.0001584050873973457,-0.0006030954053540699,-0.0005207252537338222,0.0017808637365859397
2017-11-02,0.0012199531605205148,0.00048187691989114937,0.00010549397563844602,2.257769549566264e-05,0.002184015388062791
2017-11-03,0.0015070570786733471,0.0015075796407435296,0.00043646762930921553,-0.0004970777953770582,-0.0039950906050134315
2017-11-06,-0.0003555690087203365,-0.0005368681059168736,-0.0002643454632942409,-4.540088986524553e-05,-0.003777780591682471
2017-11-07,-0.0014303393250347327,-0.0007722241953637227,-0.0006432742121299336,-0.001295881778693356,-0.0011209659657925558
2017-11-08,-0.0005922506456287677,-0.0003568432319271232,-0.0004930910459753135,0.00031894777880253416,0.0009998410176902403
2017-11-09,3.78362221336979e-05,0.0010369322873855962,0.00044056545008416224,-0.0006964157580584688,-0.00048464655827268224
2017-11-10,-0.0002117314345908794,-0.0005675261687295228,-0.00019673570135399516,0.0005519202048385033,0.002639990943079922
2017-11-13,-0.0006418897453850051,-0.0003476079319835713,-0.0001288078832205044,0.0005361950670135038,-0.0004602228012226245
2017-11-14,0.0011551416332814108,0.00019501803978679962,7.502776030647811e-05,0.0010939034709622096,0.00909715219534279
2017-11-15,0.0004497312931371137,-0.0005170107900671697,-0.00026963060770324464,-5.995248767156179e-05,-0.006429298234150399
2017-11-16,9.789267205872507e-05,-0.0006850939637146692,0.00012001920321649758,0.0007527003479080405,0.002105137310568233
2017-11-17,-0.003090655313384327,-0.0027896340539121565,0.001107123738124546,-0.0001967952654381483,-0.007849091210410372
2017-11-20,0.000719563445413748,0.000333323235715494,-0.0002571471803611185,3.0286051761182045e-05,0.005038902712522468
2017-11-21,0.00040948178378249914,0.000728100145931263,0.0011975867786723049,0.0010456922980595755,-0.0014392633457444282
2017-11-22,-0.0008052141848898043,-0.00019752186099431006,-0.0005086180502042229,6.839243582342209e-05,-0.003379035748744706
2017-11-23,-0.0007514659632143971,-0.0011458101409530918,-0.00010628202705025717,0.0007818163585304825,0.002817919567810557
2017-11-24,0.001781506633155265,0.0011277942294459211,-0.00032520940368685534,-0.00011265955421255778,0.008910224844866371
2017-11-27,-0.0025670272082547224,-0.0011397560948361478,0.00012052639919358837,-0.0006503524231766637,-0.006674676922498926
2017-11-28,-0.0008319530955814297,-9.837417761447813e-05,-0.0008393417331767691,-0.0011658983658088438,-0.00019654533835062772
2017-11-29,0.0011162483152001711,0.0008594498542493604,-0.0008849457697365606,-0.0010256952623685814,0.0036373829845159846
2017-11-30,0.0014690453848664419,0.0011993734712109278,0.001181601772152134,0.0006139608905113457,0.008998665938689136
2017-12-01,-0.003159725891006618,5.229793386990798e-05,-0.0011366866810701818,-0.0016361947869537592,-0.0036122316551605313
2017-12-04,0.0007258550629049664,0.00044164156639793425,-0.0003063988814255855,-0.00012717364081602818,-0.0025658974328905096
2017-12-05,0.00044229378773511066,0.0010722735849658658,0.00044974814862199257,-0.0011398661891559299,-0.0033913852386561285
2017-12-06,0.00016620833497501113,-0.000559017956012102,5.2788157366143354e-05,0.00013596809303044797,-0.0036442804862400558
2017-12-07,-0.00011293862550646781,0.00022574722426785558,-3.7648759666062006e-05,0.00041404594995882984,0.005281384530101317
2017-12-08,0.00020991550977855444,-0.0005920951722357733,0.0004577225755899151,0.0010638936510563206,0.002136216412741251
2017-12-11,0.00024671882776683516,-2.2428313503785164e-05,0.00028413764416754836,-0.00017194911843684252,0.0005610559968834961
2017-12-12,-0.0009974988358361968,-0.0003824823148561483,-0.0006584805799096339,-0.0004127905071768528,-0.002988441681978504
2017-12-13,-0.0004735613782693837,-0.0004511753193403263,-0.0003227440780082014,0.0009468986023063254,0.0011994454003691243
2017-12-14,-0.0019370429605712804,-0.0006781091563474001,-0.00021008561065885656,-9.053733916943194e-05,-0.008600277984678752
2017-12-15,-0.00012067457099745196,-0.0012294697104145772,0.0006045218416479031,0.001070478274269259,-0.0003930282879791391
2017-12-18,-0.0025610137528804646,-0.0011518093335313188,-0.0001581414616319207,0.0007463840303678825,0.002090290722797932
2017-12-19,-0.00020979911811456326,-0.0008167578167795699,0.0005790976016475479,0.0010036401519549205,0.008302790003856215
2017-12-20,0.0010034676220282428,-0.000200467014566849,0.0005373334955211325,-0.00012630718667529128,0.005516967442094813
2017-12-21,1.4855861008680654e-05,-1.4856964573695581e-05,-0.0003264288710805671,0.0001782531199016581,-0.0015848748253101885
2017-12-22,0.00016403832568570264,0.00011181138176983449,0.0003648914860667128,5.964362933241323e-05,0.00034993020366413496
2017-12-26,-0.0005507673668158027,-0.00024557317273713115,9.674454610170342e-05,8.933423666104526e-05,-0.0020242469943542066
2017-12-27,-0.0010014577609842887,-0.0011498560237835566,0.0008915503907859055,0.0007641658537494584,0.0038366356089168307
2017-12-28,-0.0007042175507762978,-0.0011047471883010352,-0.000690733430365134,0.00024467915641026905,0.00023744685383165847
2017-12-29,0.002279844359292681,0.0014801879580509357,-0.001060252854682007,0.001750764097800412,0.0027413922686831305
2018-01-02,0.0012881352694331539,0.0010144880112694726,-0.0004501629149164208,3.6990866959239495e-05,-0.00041351302047609566
2018-01-03,0.0005108481300408867,-0.00019984826402084748,-0.0014882332386728647,-0.0002294791942766676,-0.001041924624932101
2018-01-04,-0.000902815303485498,-0.0004550391999368214,0.0010028759781624808,-0.0008154360279500165,0.006345530978148649
2018-01-05,0.0002642279421740012,0.0011451643754687238,-1.4662111637690677e-05,7.338426204408634e-05,-0.0009996399188907253
2018-01-08,0.0012488501488253487,0.0007169598255281042,0.000515691775094258,-8.862432891332916e-05,-0.005698524531706961
2018-01-09,-0.0009760932459638469,0.00032057853516677506,-0.0008983359118094195,0.0004248294224725893,-0.006786216590280959
2018-01-10,-0.000794168150646432,2.9958058719887134e-05,0.0009362980958082108,-0.0007722963452347676,-0.009440655671988495
2018-01-11,-5.216425780762574e-05,-0.0005365006872200709,0.0,-0.0012452976714539658,0.005687020520648079
2018-01-12,-0.0011319625219611718,-2.9582735517829143e-05,-0.0002152988393317625,-0.001192535315561791,0.010554618537005532
2018-01-15,2.2114190308403668e-05,-0.00033917551183043133,0.0021080726320280583,-0.0005087501446121639,0.001379102032429405
2018-01-16,0.0010117459387002218,0.0005022601813268158,-0.0021437503127796974,0.0008853606209227934,-0.0016891086040989672
2018-01-17,0.001232258767903086,-0.0001254598659225132,-0.00113666570650985,-0.0005974927611889808,0.001298433209836711
2018-01-18,-0.0003608181037286904,-0.00014730903251980004,0.0005588235439546271,-0.0003904192636782429,0.001547064202301753
2018-01-19,-0.0004876715259539685,-0.0011380516898679635,-0.0005594941141407286,-9.608455448187096e-05,-0.0035248954325706413
2018-01-22,0.000382955537651411,-0.0005451438135949345,0.00078870461205435,0.0008243295429548389,0.002679644415876781
2018-01-23,-2.949656733908264e-05,0.00010317103556038852,-0.0010113650228490176,-5.162108648783273e-05,-0.003490841935323702
2018-01-24,-0.0011461997343004463,-0.000790832299781735,-0.00042879745152878866,0.0004734288169857186,-0.0005313221929866773
2018-01-25,-0.002162878795057038,-0.0015891119768619778,-0.000937570432597712,-0.0003019979766990748,0.0030954072694408
2018-01-26,-0.0006664692189822098,-5.184781925536862e-05,0.0002869261037831088,-0.0029971905249731316,-0.007200518528169283
2018-01-29,0.000786846345759239,0.0004010784607787944,-0.0004963716814454086,3.710010722345851e-05,-0.0009188793283647415
2018-01-30,0.0001777527611905834,0.0010000111945705663,0.0012908875530460496,-0.0009557928065154562,0.0003409731109028449
2018-01-31,0.00012518732089715655,-0.00012508323569844707,0.00013292274992425561,0.0003386636072064586,0.00484996403845272
2018-02-01,0.003147413687548415,0.0009244179026923191,-0.0004911501442065157,0.0013103331511423325,0.009381537837106223
2018-02-02,0.0014497032104887732,0.0016688229200494317,6.561368849694035e-05,0.0003639169145074099,0.002393655040966622
2018-02-05,-0.0017542453570804637,-0.0007897277312369506,-7.303748286855467e-05,-0.00012437583466726434,-0.015452504994871758
2018-02-06,0.0019151690162805563,0.0009787856425375145,0.0002662288696561613,0.002895472573901982,0.006423379749760132
2018-02-07,-4.462127691965305e-05,-0.00034220589225643404,-0.00040093552157536736,0.0004758576680573181,-0.013201805599532134
2018-02-08,-0.0032635959109941514,-0.0012080988829058976,-0.0005142940309909093,-0.002156674167320553,-0.006313658204720067
2018-02-09,-0.0021189473307551116,-0.0003981624480242828,0.0002392344509017911,-0.0027568354547214675,0.0010963266649410995
2018-02-12,0.002013509218895674,0.0013218474740459775,-7.499990625127453e-06,0.0009077576385466632,0.003198085374107229
2018-02-13,-0.0005716133943257073,-0.0014749376201752822,0.00140986855786634,0.0007295016022840136,-0.004504225166603944
2018-02-14,0.0011401433587214236,0.0007551957826295165,-0.000700794639344141,0.0009503839964694377,-0.0020978949799199367
2018-02-15,-0.000286183370180751,-0.00021106270148153213,0.0007072987503294123,0.0002560626614382534,-0.0014613498239194698
2018-02-16,-0.0006585247014424318,3.0289491820476148e-05,-0.0024803899915673746,-0.0004165325618283043,-0.0066936932364099555
2018-02-19,0.0003635399744662291,0.0007651776380856537,9.82470460548483e-05,0.001097391723787161,0.0033002580839735086
2018-02-20,0.00013609248261253377,-0.00012101409829002231,-0.0006426662553015204,0.0010352085131516743,0.0010725076556763497
2018-02-21,-3.016978044186287e-05,-0.00026402242080885596,-0.001162352006480697,-4.5256377385618085e-05,-0.002698567315965588
2018-02-22,0.0002049670351860266,0.0001290464607002952,-5.306507674835428e-05,0.001054536310422278,-0.003275261081926991
2018-02-23,-0.0016228018600838133,-0.0009222877962814779,-0.0005168547981132555,0.00016773534451741792,-0.0028213697406436968
2018-02-26,0.0006086612683724655,7.607223823399178e-05,0.0004938815772389969,0.00025096488524596643,0.0021105543102704015
2018-02-27,0.0,-7.597889306464231e-06,-0.000833655475756961,-0.0005093217389029671,-0.003943819060990276
2018-02-28,-0.0026318126732115437,-0.0003762155068195324,0.0002980386784558788,8.450974748146046e-05,-0.010193471747355434
2018-03-01,-0.0004906921925060429,-0.002245478375692559,0.0009222044412181454,0.0016168400054087924,0.002143738839293106
2018-03-02,-0.00022329076785449978,-0.0018480023739297685,-0.00019262107257017296,0.0016849981481625133,-0.000975253969675184
2018-03-05,0.0021693229567346234,-0.000605677284534657,0.0004688358737627973,0.00047463025663647875,0.008111661554535727
2018-03-06,-0.000433198187342286,-0.0006686930340356531,0.0008567276589192174,0.0005699586364335427,-1.5257624998508832e-05
2018-03-07,0.0019561806684802933,-7.611914171728075e-05,0.0010666342608475728,-0.0013696860234262164,0.005417057153668008
2018-03-08,-0.0012138008337925492,-6.113917571015159e-05,3.806956833375528e-05,-0.0022099963494927586,-0.006287126814124652
2018-03-09,-0.00025788052689856985,-0.0004932444581543987,-0.0005788050883192147,-0.0017994287684498461,0.002965811500616892
2018-03-12,0.0005642523425114258,-7.622038361806066e-06,-0.0010278940879828457,0.00019817526380244599,-0.0031420369951723082
2018-03-13,-0.0006730060559902243,0.00011340139949496075,0.0015152321582619216,-8.321198257342979e-05,0.005691007408340331
2018-03-14,-0.0011106125484532682,-0.00038778994437195725,-0.0011908691337707681,-0.0009594664275568394,-0.003734633155053341
2018-03-15,0.0016969108072621354,0.0016738836088192209,-0.0019467512589682052,-0.002148376356248938,-0.005360593884117791
2018-03-16,-0.001820311952551426,4.608861304819066e-05,-9.975024082611301e-05,0.0016131018061872682,-0.00443673789024433
2018-03-19,-0.0011477367892927923,-6.885603353705823e-05,0.0010375238696571556,-0.0013330270877645967,0.004735459598216946
2018-03-20,0.0008186405668947241,0.0010942050315646628,-0.0025158780338433405,-0.0015077360415391033,-0.002763458299267799
2018-03-21,0.000314028257464295,-0.0002221549808239388,-7.661338205963486e-06,-0.0011953658016283192,0.002511159897730834
2018-03-22,-0.0016477258956043334,-0.0007165559393565771,-0.002789444839712142,-0.0009714277667074976,-0.012402544054754007
2018-03-23,-0.00033140272284751254,-0.0003082899182784815,-0.0007500860630760552,-0.0009562884400908905,0.001438938219224555
2018-03-26,0.00015291922836181397,0.000779900028826034,8.452338421281532e-05,-0.0009102139631084103,0.014819406386986955
2018-03-27,0.00010690287120764216,0.001610214140041949,-0.001850209723278251,0.0008014074669779378,-0.00456590419939631
2018-03-28,7.629452743055103e-05,0.0012057020477136496,0.000955631993890471,0.0008464785854497022,0.005707934853801766
2018-03-29,-0.001997850307269994,-0.0007171357601146187,0.00021339023820643146,-0.002017146422739743,-0.003430012128410127
2018-03-30,-0.0005119369283270138,-4.584141925839788e-05,0.00047375258775608715,-1.5285728480022538e-05,-0.0005269770352333602
2018-04-02,-0.0006864622295850298,-0.0007629394901325845,-0.0001449933420072308,-0.003248009152731357,-0.0052853435944352056
2018-04-03,-0.0014403263143062425,-0.0009495804181032436,0.0007188798021413159,0.0028021302261146404,0.004391097663086974
2018-04-04,0.0018282170037063814,0.0007647949957497726,0.0001379162390894472,0.0015425855871834798,0.002596451958112673
2018-04-05,0.00022858013738148903,0.00012189083167484856,-0.00013709585306521257,0.0012106032032914412,0.0026125485670442407
2018-04-06,0.00045647163441062247,-0.0006462379673016889,0.00035775860810047217,-0.0012177210336264397,-0.0014844308792583856
2018-04-09,0.0006525830377891486,0.0009407267048368594,-0.00015207159560002567,-0.0005614993697871769,0.002663320069148248
2018-04-10,-0.00012097292489493194,0.00043094487218802016,0.0010543923240071708,0.0009371576093068004,0.006098850277314462
2018-04-11,-0.00015120701024511475,-0.00021162581611622382,-0.0004910496852078704,-0.0006655825984091562,-0.0023820788274909977
2018-04-12,3.784137652252917e-05,-0.0001210543838297945,-0.0007037537606429931,9.838087786355365e-05,0.0011955297695881132
2018-04-13,-0.0011003754445342833,-0.0005125963114848063,-0.0012049373760859344,-0.0005581872636859969,0.000173913701435253
2018-04-16,-0.0006097079236378898,9.787866817528204e-05,0.0005055440176180727,-0.0013336198448140545,0.0009655495707408038
2018-04-17,0.0005064343727733516,-0.0006348390820616075,-0.0010103981375505036,-0.0007105923917885933,-0.0017431927472285607
2018-04-18,-0.000173289986156064,-0.00018079368476640208,-0.00012060816682683065,0.00011301861428611082,0.002248226131623642
2018-04-19,-0.0002031182418449538,-0.0002784875884036957,-0.0006022962726777244,-0.001362710875782115,-0.0010027784586995833
2018-04-20,-0.0009977626757485631,-0.0007334954409779402,5.279850958580062e-05,-3.025077895977514e-05,-0.002825244744387629
2018-04-23,0.0005208353108203104,0.0003170768560462521,-0.0004233028265759081,0.00011318918074436888,0.0028975466600122957
2018-04-24,0.0013048664363564067,-0.00018741823934196626,-0.0003993053646615179,-0.0007122160339744949,0.0030168885756733962
2018-04-25,-0.00012026819822685128,6.0130483166554646e-05,-0.0004656927263339861,0.00023300649892894548,-0.0006086633265378917
2018-04-26,-0.004879491010676495,-0.0019938835782588663,0.0011798081362515331,-0.00010568430597904427,-0.005517380132428486
2018-04-27,-0.0010908844062659676,-0.0006061708374977792,-0.0009012045700460291,0.0006213439414279283,-0.0007863656702952105
2018-04-30,0.0004239758397284789,0.00024990817897774286,-0.00029463871085836854,0.000779343650531065,-0.0020966034390980785
2018-05-01,-0.0010095835376927585,-0.00021242375584378903,-0.0013791642330366319,-0.0007065554199176166,-0.001683489314634259
2018-05-02,-0.0008806292512874279,-0.0004481460879311458,-0.00046240321625596806,-0.001155103099784588,-0.0032688959724462476
2018-05-03,-0.0010693227623678856,-0.00013749589443643264,0.00025073796874049994,-0.003958793949285965,-0.0035699612266021463
2018-05-04,0.0034732929735176847,0.0009289293031190018,0.00022986568283203562,-0.0013663616228458235,-0.0032913650594009612
2018-05-07,0.0003762039530429719,0.00026104448653366973,0.000989874965246197,-0.0010521910735763129,-0.0031099447230555793
2018-05-08,-0.0005947852189701195,1.5458578738392638e-05,-0.001241455515245827,0.0003553687760954182,-0.005181638408534384
2018-05-09,0.00038352382153022724,-9.971886957725905e-05,0.00020786419614087482,-0.0027800408031924445,0.0053046840970916815
2018-05-10,-0.0021135828489427786,-0.0012029131866974471,-9.973570047669201e-05,-0.0018799377867835343,0.00254211716199585
2018-05-11,-6.891930700551005e-05,0.0003138671908242796,0.0010746993795510134,0.0003904799507535841,0.0014486479905004722
2018-05-14,-0.0005254960918157852,-0.0007389266094588888,0.00019057855896433497,-0.0010518213483340809,0.0018899908830924202
2018-05-15,0.0010645672467722433,-1.5321561267455375e-05,0.00024425057176834106,0.001652045929364153,-0.0015377379925080462
2018-05-16,0.000776621428417626,0.0033662561088750485,-0.0007358859708879938,-0.0006227871076773312,-0.0027293723290962853
2018-05-17,-0.0005818315608703638,0.000712117123583676,0.00025244315382020124,0.0007731495510843899,0.003119768586250761
2018-05-18,-0.00027598896219347335,-0.0005599770018800346,0.0007097313621409583,-0.0010586638810679235,-0.0024904322850101343
2018-05-21,-0.0008327317518976638,-0.00010700500640781546,0.0007964222684030941,-0.0011623995680376488,0.003519325474406321
2018-05-22,-0.00013007632437945257,7.648183560117984e-05,-0.0013873222336701198,0.00016068005956789485,-0.0023703578867662165
2018-05-23,0.0004961817367371649,0.000473192858187311,0.00011649083036174608,-0.0026232474995874057,-0.015250394878894733
2018-05-24,0.00040536643341540366,0.0001638378632967537,0.0027127988374017675,-0.004256738116818358,-0.0051355897801757915
2018-05-25,0.0,0.0006600660305659663,0.002966782048823131,-0.000549722404036531,-0.004675302679936069
2018-05-28,-9.449786205618178e-05,-0.0005511507379277358,-0.00132898696046088,0.0011019198130356627,-0.009465682476094162
2018-05-29,0.0018705372150551202,0.0022580616418676363,-0.0032483846368104234,-0.0034584818754029244,-0.014157214923701186
2018-05-30,-0.00024495956314228297,-0.0015574787809177698,-0.00303964869380803,-0.0006482469889840796,0.013567051746130473
2018-05-31,-0.001516983390771774,-0.001469171367404893,0.0021106738058021732,0.0026295543727483787,0.0010070018945525468
2018-06-01,-0.00598443018931375,0.0003671000310692888,-0.0011523583463044242,0.003998813526921256,0.0037437500804278797
2018-06-04,0.0004986404360460541,0.00038961140651654264,0.0007256129992429149,-0.0009819355828806142,0.006130843975046589
2018-06-05,-0.0002186816628520408,7.02748919814165e-05,0.0010895621038667013,0.0008666357510433602,0.001936862034344335
2018-06-06,-0.00021616613996025094,-0.0007868367256983365,-0.0018401829911553658,0.0007949524797826869,0.008010847751936846
2018-06-07,-0.001662037455256666,-6.924062273155897e-05,-0.0006924941607095834,0.0016235955812874713,-0.0022999338681379713
2018-06-08,-0.0016300048628157312,-6.212868405682614e-05,-0.0019720197071025174,-0.00038848831915762035,-0.004235506326091616
2018-06-11,0.000639773095083733,0.0005858682580739228,-0.0009095674786115508,-0.0002003668260892648,0.007602303359507455
2018-06-12,-0.0001999953853884049,0.0001231318589848998,-0.0007533825694593282,-8.462547462630481e-05,-0.000231395780373476
2018-06-13,-0.0010382579734533731,-0.0003232111828423918,-6.155598133729345e-05,0.00017696459600140946,0.003065502431428481
2018-06-14,-0.002260923901378695,-0.0012277567786718293,0.0009232119196128909,-0.0009805448256451094,-0.015078777538931278
2018-06-15,0.00010899946289644462,0.0002492347726561407,-0.00030445559281987665,-0.000755454691126243,0.0017395175081354887
2018-06-18,-0.0009053729818281783,-0.0004526087508791197,0.0018284397724002187,0.001700800097921562,0.001254143315866896
2018-06-19,-0.0008502866292977245,-0.000173151996402781,-0.0032057747103285306,0.00040161433751744976,-0.007760367490032968
2018-06-20,1.5687381854821483e-05,-0.0002273039023758038,-0.00164801569168951,-0.0003137944044828188,0.001904635579519506
2018-06-21,-0.002467560679107195,-0.00040760976632959653,-0.002897826310049286,0.001026931564130928,-0.0012771944207569518
2018-06-22,-0.0007873801308770391,-0.00017934492365474433,0.001129182475143502,-0.002537864325354955,0.004982002397505494
2018-06-25,-0.001499672227827241,-0.0009378884131425203,0.0016146734970718232,0.001999063604977639,0.0017540239848005063
2018-06-26,0.00016394402519304276,0.00119473860761718,-0.00010148995063030766,0.0005852950639419368,-0.002011539739554691
2018-06-27,0.0005619029928701263,0.0002264271753513603,-0.0013454425171224435,-0.0007336585694932153,-0.005744983084392742
2018-06-28,0.001810238920765428,0.0013550721319055986,-0.0013493584750499626,0.00020354481187584214,0.0022894249589733456
2018-06-29,-0.00010086002576608658,-0.0003880210200864721,0.002866054770259521,0.00334622042508441,0.012375239655263999
2018-07-02,-0.0009176881126823831,0.00013219027643130322,0.001132151674148548,0.0001244816507874116,-0.0006975771105549887
2018-07-03,-0.0002792299476747412,0.00010856500340213822,-0.0005716228063199448,-0.00034914711474240266,-0.0004342936979347815
2018-07-04,0.000497411913944534,0.0006140763590907937,-0.00036520030088129323,0.0001243143289403698,-0.0016613620776508482
2018-07-05,-0.00023958482383402944,0.0001777331303097923,7.73317454934453e-05,-6.95676371631671e-05,0.004952634665635036
2018-07-06,-0.00026942247531318856,-0.0008547436867013864,0.000896078173251235,-0.0003927170293301571,0.002648374111426167
2018-07-09,-0.0005840134181697863,-0.0005915091721951219,0.0010537206154362139,0.0008528523046453357,0.003986000429690572
2018-07-10,0.00026857070668923766,6.908860616464722e-05,-0.0014495257067794125,0.00038354735745828094,0.0005834843392516685
2018-07-11,-1.5314873805572183e-05,-0.00025270412693121237,-0.0011370272574975748,-0.0013179573571676369,0.0028664075359978317
2018-07-12,0.0002360241364669825,0.0010127045786178092,-0.0005180320991018932,-1.522568268192205e-05,0.004886102678796563
2018-07-13,0.00019083022656023256,0.00018319631826630236,-0.0009840605876902631,0.0008544726821626632,-0.0008457240015393579
2018-07-16,0.00015957628730244437,0.0005699239875685704,-0.00025851974778619123,-0.00012157962340499983,0.0016978902277883167
2018-07-17,0.0003565562770816781,0.00040199785889684093,0.0009027291098354205,-0.00024274790749145487,0.0012316396046486656
2018-07-18,0.0004495529309984951,0.0002514007989503731,-0.00022841132410367267,0.00020566022717982067,-0.0018099690097932817
2018-07-19,0.0005798207295763816,-0.000602710690420112,0.00010674148746756725,-0.00015255181070457645,-0.003477017845674854
2018-07-20,-0.0019174728853705483,-0.0003436675470376937,0.0009240839053651581,0.0011310662268105738,-0.0029374213139610568
2018-07-23,1.5345307788885493e-05,0.0003377444841587449,-0.0002612310142167275,0.00029151611600137,-0.003605736253864992
2018-07-24,0.00035390060378586433,-0.00015380829364648572,-0.0002077394493144264,0.000569055690533127,-0.001684570429176434
2018-07-25,-0.0005926564651799151,-0.0009696634642578626,-7.689320686797244e-06,-0.00334701240982135,0.0002540210389262504
2018-07-26,-0.0002853188071437962,-0.00020817511457332552,-0.0007089357014857073,-0.0013196941151504692,-0.0034926654908909085
2018-07-27,0.00044847557719675935,0.000471699945723974,-0.0005723700141565463,-0.0002396774417016216,-0.0007726542602217756
2018-07-30,0.00035415672575016467,4.618937645153013e-05,0.00020837433366655472,0.0005310000240203037,0.004920647297596419
2018-07-31,-0.0002824524525345913,-0.00027478818583719723,0.000719903839689072,-0.00034363080644665494,0.005562411005994696
2018-08-01,-0.0013536821067627342,-2.294288369200452e-05,-0.0007864366808451311,9.948535469006657e-05,-0.003709953665016453
2018-08-02,0.0002702963622982092,0.0005712344995695333,-0.0004932030555263507,-0.0004556846740961244,-0.006780836288470022
2018-08-03,-0.0005433390646968907,-0.0002251946195767697,0.0008739332577374018,0.0001707955193617975,-0.005496840954210544
2018-08-06,0.00040400901800402767,0.0006060794615812034,-0.0009330679950404374,0.0004737257061485566,0.0004197206587495231
2018-08-07,0.0004578097376166277,0.00017067229409494292,0.0004808475418191611,0.00020168015147841006,0.003599246803424117
2018-08-08,-0.0005208110778414352,-0.00010104346820848044,-0.0017324092973108399,0.0007772303013637463,-0.0025196643959527537
2018-08-09,-0.0005598886589955673,-0.0003498664712002543,0.0005595449180775753,-0.0016348013854555364,-0.005909230195576864
2018-08-10,0.002959527689025567,-0.0013263648499897717,0.0006302885354335254,-0.0026829342124974234,-0.013450561839489143
2018-08-13,0.0008373820452187825,0.0007974387638295754,0.001976883864223085,-0.0017308357774985358,0.004117697213395199
2018-08-14,-0.000958662699442951,-0.000768922872118601,-0.0018936112079283543,-0.0005946741162963628,-0.0010535947962180322
2018-08-15,-0.0022343524888099936,-0.0011812219037504804,-0.0008010056617632025,-0.0014070096974549877,-0.004743016530500436
2018-08-16,0.0029832531626453797,0.002204041104073145,0.0014680619857406216,-0.0006974108904414987,0.0048301980702609324
2018-08-17,-0.0002540953029861423,-0.0008013997151899818,0.00134735661130138,0.0005160634793204218,0.0011959971169289766
2018-08-20,0.00015051949057777832,0.0003168065922269147,-0.00038004450145077826,0.00013465613200798108,0.00022150496894552738
2018-08-21,0.0012265984664303483,0.0011561195000649724,0.0014730385456573523,0.00020428688234983017,0.008216299909232004
2018-08-22,4.684755027209161e-05,-0.00036698250998453325,-0.00047015312185757786,0.0003122609277664289,0.005297206908054563
2018-08-23,0.0020553231522399225,0.0018751002370173094,4.682195950766363e-05,0.0010183102372824985,0.0024707632570803817
2018-08-24,0.00015484430436166392,0.0010369591717275307,0.00039597349824258124,0.001098705649703709,0.0058369397682595196
2018-08-27,0.00102070019609912,0.0004407108660169295,0.0008522837845935618,0.0016525610729449418,0.0024939305437867328
2018-08-28,-0.0007605702338356913,0.0007299242355421208,0.00018475608400446498,0.0006530499584800869,0.0023800273884924186
2018-08-29,0.0035245777626724765,0.0016060186876197403,0.001217707777326691,0.0008121921204110209,0.006410917412087244
2018-08-30,0.00031575988648575626,-0.0006700993461177108,-0.002475770535157665,-0.000423603174885981,-0.009971505047879725
2018-08-31,0.0017291182318132582,-0.0001784377392794132,-0.0005953370595315983,-0.00065097609961786,-0.006063604922618795
2018-09-03,7.75025576232293e-05,-3.875202964236124e-05,0.0003958259814419574,0.00037967573049703336,0.0016446861736864023
2018-09-04,-0.0013376887980108252,-0.0005993080895278333,-0.0003567606174124481,0.001213328089616274,0.0003332622921314507
2018-09-05,-0.001248227986762543,0.00021570817848735717,0.0008610625733219996,0.00010022396209123545,0.004985652450877419
2018-09-06,-0.001183583145631582,0.0001777427448931932,0.0015444376298664395,-0.0020378046808450585,-0.008229989354369515
2018-09-07,0.00221651118701453,0.0011430661073616943,7.755003920173988e-05,-0.0002952511209912818,-0.003418700253233096
2018-09-10,-0.00027915200007584283,-0.00014737421831078688,-0.00010123861560947554,-0.00024044334766428518,0.0045359314366422016
2018-09-11,0.0025851207498854565,0.0012551330384081448,-0.0015660260476139292,-0.0018723844321397337,0.004924935809585731
2018-09-12,0.0012701463150119872,0.0012928350107461986,-0.0014550072608490812,0.001183500747296341,-0.0006799935353547528
2018-09-13,0.0030808163234305693,0.00029111635666625383,0.00042460387027443467,-0.0010105650837058725,0.011275844379643353
2018-09-14,-0.00018372502539619465,-0.00022187453468677806,-0.0009848945470264166,0.0009335854181705089,-0.0048805812588227
2018-09-17,-0.0009930714987260506,-0.0009398101969645551,0.0012503693286477222,0.00022161681015983126,0.003671838701230895
2018-09-18,0.0006315845753283174,-0.00013700924072645524,0.000152898185396472,-0.0003043283117288903,0.003391542734884786
2018-09-19,-0.001558072887773155,0.0001756053617591935,0.0010344251496650046,0.0018785514718641753,-0.000739963798424787
2018-09-20,-0.0014021580369025237,0.0006974558308020028,0.00019044064213193904,0.002076009958839611,0.010710226900068887
2018-09-21,-0.00028727811743113244,0.00022675908456266193,0.0014611076889887167,0.0005064611701683222,-0.0023129786497173795
2018-09-24,-0.0011440701539178753,-0.000677542504068645,0.0019714709701799745,-0.0007910766965826432,0.0027964858106924186
2018-09-25,0.0006616044147804902,0.0006164440396382838,-0.001362834001682912,-0.00046608482083848786,0.002871475280009947
2018-09-26,-0.000181040530943278,0.0003242578858897341,0.00024849491278077017,0.0016884383698687244,-0.004291415095626023
2018-09-27,0.0011883452746311372,0.0016271302909937524,0.0016903611770259217,0.0002344745700381583,-0.002557952612046025
2018-09-28,0.0010044516310784128,0.0004944037401567201,0.000697953204778943,0.003052811410887504,-0.001069012023940873
2018-10-01,4.539058600022002e-05,-9.073449580529424e-05,1.5129737499342909e-05,-0.0014762496861178498,-0.000621310986125594
2018-10-02,-0.00035038809648356374,3.810264089869409e-05,-0.002973651087169851,0.0003199244396236966,-0.0055711297345711645
2018-10-03,0.001894552398651526,0.0014231086285265459,-0.0008573889618563752,0.0005015693144736119,0.0017438389426696337
2018-10-04,-0.0025588511323376925,0.000525248077602377,-0.0004719925786859645,-0.0010528565425708025,-0.0022851233245842506
2018-10-05,-0.0011054147383417687,-0.0016380768835077492,-0.0008706211744283899,-0.0015649156803481496,-0.0018929858335761933
2018-10-08,0.0028416657872772635,0.001062404829939035,-0.003772027104555624,-0.002024533721027367,-0.007614852745758316
2018-10-09,-0.000693823457479649,-0.00010799469293730096,-0.001308316460534688,0.0006090486309283583,-0.0017009490160559261
2018-10-10,-0.0016974737837611366,-0.0007840605511897969,0.000546029952926423,-0.0008536656225865715,-0.0033178530767936716
2018-10-11,-0.00014627367831253078,-0.00027698486762558366,0.0011110426425298137,-0.0012557540988793216,0.004511129300129883
2018-10-12,-0.0021600613215726145,-0.0008178571057776175,-0.0006377673748445526,0.0010420406412472764,-0.002858542703812007
2018-10-15,-0.0007875171228724069,-0.00144364224295094,-0.0006034676360868595,0.0003552315606536347,-0.0009884247015123204
2018-10-16,-0.0012070378683994255,0.00020759729275430293,-0.00034632834581862446,-0.00026928359186988377,0.003863196911674492
2018-10-17,-0.0013364803120314785,-0.0009198530429802345,0.0003466832082119438,-0.0010209449267210443,-0.002874772210162219
2018-10-18,-0.0017558044662180192,-0.0009200308356742105,-0.0003240115746762482,0.0007042390060246947,-0.008121620289702142
2018-10-19,0.0029209995549115005,0.0005256485696616712,0.00022530659272469055,0.0006032809383775888,0.0074885231885233345
2018-10-22,-0.0012440359361290522,-0.000471718184203202,-0.0010850286365433066,0.0005565303568623657,-0.0016532887981596104
2018-10-23,-0.0021096972119654406,-0.0010974258295956222,-0.0006289576980941008,0.0006777680656768935,-0.0029890295525482552
2018-10-24,-0.00035838105638533234,-0.00015581784924997453,-0.0012071323509231578,-0.00060018630960592,-0.00884892592750097
2018-10-25,0.000960798708484726,0.0019691198461126297,0.00046859259075389853,-0.00026549432857053955,-2.347261723698255e-05
2018-10-26,-0.0020229776145904515,-0.002543939435329472,-0.0006592734104251063,-0.0015771381372116095,-0.001918792611236056
2018-10-29,-6.251758309072978e-05,0.0006328891600443522,0.0024069098523297277,0.0014213089365837088,0.001621425094098082
2018-10-30,-0.0009361835603401133,0.00047606970247278217,-0.0003897025060426933,0.00017950308910569715,0.003921267327318166
2018-10-31,-0.0006320989406252312,-0.00043718919277673874,-0.0015978366357764363,-0.0018361316703156903,-0.0036238998101801806
2018-11-01,0.0001867384577718693,1.555863270766263e-05,0.0008483712171603226,0.0,0.005135180167622744
2018-11-02,-0.00016285571407522581,-8.535104502018572e-05,-0.00016281783433989865,-0.0017620876365545973,0.002720772822677711
2018-11-05,0.0005037139321410462,0.00044954968281005637,-0.0010784097993384034,-0.0007672961713252577,0.0020917430290462702
2018-11-06,0.0008579942785654364,0.0005100424373133348,-0.0006045855672710841,-0.00038639279626334974,0.0035459523340060557
2018-11-07,-0.0009381657242581631,-0.0005768410040084409,-0.00023869748287500537,-0.0008620424781854052,0.0012254100683731532
2018-11-08,0.000276942251617828,0.00016158134309249443,0.0008935518507938457,-0.00028463618687353336,-0.0022438736653235636
2018-11-09,-0.0002478487515689645,-0.00022465556136364286,0.00016264759336767794,-0.002124723577288229,-0.005115694479538336
2018-11-12,-0.0026477460824571196,-0.001561207442452311,0.0007952410701095534,0.0010396270786022592,-0.010252741662322285
2018-11-13,0.003301772249511889,0.0012456210252052796,0.0002963979866635174,7.774054873220408e-05,0.008669074832869023
2018-11-14,-0.000823064486198183,-0.001435884149669683,0.00010127568418440005,-0.0007926455346894598,-0.0019441944718617073
2018-11-15,0.0008193619579967692,0.0011550950335264378,0.0013360890525735529,0.0017457315851718987,0.001081438652067148
2018-11-16,0.0008629972974118017,-0.00021771585057395052,-0.0014013018828411537,-0.0005985766492849678,0.0002099280421034325
2018-11-19,-0.0006129566816037,-0.0003645487973419153,-0.00041954456722488034,-0.0003493205750404959,0.001374816228104967
2018-11-20,0.0011685793743405138,0.0005373518031292552,0.0005834283190451181,-0.0004984268506039869,-0.004925447547328652
2018-11-21,-0.0005820473485211266,-0.0006210842778082532,0.000893741923526086,-4.6578426433964244e-05,0.0041489475044302155
2018-11-22,0.00011642663388804294,0.0003337926247297895,0.0016756660037037063,0.0002948868199202211,0.0007454516151109386
2018-11-23,-0.00043756153907170984,-0.0007657147696078057,-0.0018791941372409448,-0.0007114461027870751,-0.006815119277164045
2018-11-26,0.000869707072268218,0.00047367420642522977,-0.0009012089239182896,-0.0006599763424522512,0.004800395742887745
2018-11-27,-0.0012296391235956344,-0.00042809052822439115,-0.0002334194402307452,7.787282588882257e-06,-0.000591011969642198
2018-11-28,0.0013379801610196112,0.00031895321382380113,0.0008256673964364286,0.0005750923026188735,0.004137514004802621
2018-11-29,7.750195696318803e-05,0.0010003296493580264,-0.0005979584169968078,0.0003719258050901169,0.0008827287731038227
2018-11-30,-0.0023177144343744,-0.00038882063416593467,-0.00015497748982994325,0.0010973062624115603,-0.006951241345705146
2018-12-03,-3.101736972941744e-05,0.00016285192530831718,-0.0014514184922176676,-0.00017061273277674374,-0.000558113590600068
2018-12-04,-0.0015504060260323998,-0.0007638169393122658,-0.000528693284692906,-0.0010453479073726994,-0.008995913228270874
2018-12-05,0.0006312565721971526,0.0007795022493591281,0.00034343876200069925,0.00019475182836149626,0.0037016254430238247
2018-12-06,-0.002352859495738139,-0.000961354411272733,0.00017224370961579883,0.0011732133308724813,-0.0005067969373187787
2018-12-07,-5.45534604564934e-05,0.0004597862464642146,-0.00021833209958453667,-0.0005301028367703645,-0.00011698962315371742
2018-12-10,-0.003981064126292398,-0.0036011690203718192,-0.0005522262245562575,0.0005374355109400313,0.002165025572134776
2018-12-11,-0.00035058879799391334,-0.00020270691767764563,0.0007925346760239454,-0.0001246834211628673,-0.0014558139752452453
2018-12-12,-0.001398253964256943,6.991187222946423e-05,-0.0003654928166913523,0.00027980724572424897,0.0037015478322717315
2018-12-13,0.002149362032654819,0.0015592942118074016,0.0003176484742781225,0.0005114415789491889,0.0016519379122608279
2018-12-14,-0.00031216345131660693,-1.5606345540442833e-05,0.0005381984522158527,-0.0002732229789713957,-0.007459209409477876
2018-12-17,0.00021080821605500195,0.00020304251467636157,0.0005761445192073994,0.0,-0.0010770144330810698
2018-12-18,-0.0011331977313904008,-7.81494217341375e-05,0.0005395240590486165,-0.00010165979168503408,-0.0005076915375330929
2018-12-19,-0.0006938191904944624,-0.0005924078433444166,0.001460829338878794,-0.0010533421175467138,0.0001328057561526761
2018-12-20,-0.0007686998370488589,-0.0007058823822511516,-0.00020279071288022252,-0.0007692911910911263,-0.0051532780114372494
2018-12-21,0.0011441152306739635,3.156715122489148e-05,-0.0008663123203745527,-0.0007731206847747625,-0.007337009779535595
2018-12-24,-0.0013474100066560052,-0.0002299953614522917,0.000900154034487336,-0.00029350055142883535,-0.004292788608630458
2018-12-26,-0.00041294421869304734,-0.0007943758609732835,1.588915723940897e-05,0.0007860356026254662,0.002986602130468484
2018-12-27,-0.0005061769512842662,-0.0007195752444503791,-0.0003243632422041227,0.0008145029412593213,0.0027016368434865613
2018-12-28,0.00015824161945850258,-0.0002689703199558029,0.001297037558655477,-0.00033233632741901966,-0.0045622645303803906
2018-12-31,-0.0011692977194632526,-0.00018304742173117503,0.000357076263380577,0.0004217411606282957,-0.004119691015930864
2019-01-02,-0.0007086715926016851,-6.441275696881797e-05,0.0002647869483530905,-0.000612438976707359,-0.033952293152666825
2019-01-03,-3.258443441857003e-05,-0.001141459561360354,-0.0011682387476453736,0.0033181552890791726,0.01077056882027244
2019-01-04,0.0009637462125235076,0.00011348529566979606,-0.0004629648513688064,0.00010522694628969257,0.0065154739175402165
2019-01-07,0.00020100906618573418,0.00057909004055293,0.0009689923238812569,0.0013336763232737242,0.006711056546137251
2019-01-08,-0.00034590524954443414,-0.0003217555007728594,-0.0015333793943080496,-0.00038626817147740936,-0.0007300763695309185
2019-01-09,-0.0006334417345201427,0.001701554282378182,-0.0011061859359851344,0.001690956193639224,0.0032531558633585693
2019-01-10,0.0012193460361861993,0.0009625180212588995,0.00110729542398332,-0.00012828222106195045,-0.0030445082203199984
2019-01-11,0.0004342267214153813,-8.038229821086539e-06,6.410205048629236e-05,4.0196641977986436e-05,-0.001236471236955927
2019-01-14,0.0006684626815875426,-0.00015294397048214455,-0.000129094723432374,3.220378555775262e-05,-0.0008371636741338177
2019-01-15,-0.0026389604743027252,-0.001846335469015129,-0.0004915054265261005,0.0007350892333481357,-0.001297377626144076
2019-01-16,0.0,0.0008146377127682707,0.0009193474893703613,0.0006526442394086913,0.00227131874347705
2019-01-17,-5.638999320778753e-05,0.0011771157189930535,0.0007181097079926108,-0.00010473271013523915,0.00028958460899294555
2019-01-18,-0.0002488131225639874,-6.418279261526559e-05,-0.0007850299996226214,0.001379731010939699,0.0029794552214869935
2019-01-21,0.0005297418033971758,3.210195581434989e-05,8.01718885717849e-05,8.023943451561604e-05,0.00023260943777292755
2019-01-22,0.00041031582825876644,-0.0004503454064483176,-4.8249740666981155e-05,-0.0009013069560127757,-0.0033982623654737155
2019-01-23,0.0004487035747217528,-0.0006250300698696169,-8.029742169298914e-05,-0.0014189118446758329,0.0033340996488023097
2019-01-24,-0.0020817516731207043,-0.0004901547299630497,0.00032923397188955815,-0.0004104314013490395,-0.005606040556613932
2019-01-25,0.00019998960120736113,-0.00028795853596087176,0.0006831452270710633,-0.00019198924919182591,0.007721239524889619
2019-01-28,0.0006403176194062215,-0.0003681561023438653,0.001097215825088721,-0.0005602554911518854,4.804881760790633e-05
2019-01-29,-0.001385025139846863,-0.00038445519968625155,-7.187551164487787e-05,0.0009689186105729338,0.002039943589012337
2019-01-30,0.0002556114719563629,-0.00010383428058172225,0.0003039051839223697,-0.000806996140651369,0.00023173026700734484
2019-01-31,-0.001161649672980535,-0.0005285878019296152,-0.00025679297812320753,-0.0007858798649874283,-0.004412083916224883
2019-02-01,0.0014984261361818464,0.000829299847380119,-0.00035225644633276487,0.0007961213390898893,0.006551053876313093
2019-02-04,-0.0006281132559506013,-9.541226054786682e-05,0.00039758902541899314,7.157712239175782e-05,0.003201659313442136
2019-02-05,-0.0001436540812201071,0.00014357845390668047,-0.000310547880617731,0.0012044590364720183,-0.002627473724079446
2019-02-06,0.0003602694854689853,0.0004002561692883844,0.0006004587685266823,-0.00019212757329933354,-0.0033060785240073254
2019-02-07,-0.00020055111513463773,-0.0005052834306369638,-0.0017809300838855103,-0.0003851709243574909,-0.00452159346539157
2019-02-08,-0.0006273525927210683,-0.0008687888183116433,0.0009078019365930282,0.0002895962565789581,-0.0018417470432028121
2019-02-11,-0.0014777694799293524,-0.0002489829861103653,-0.0006743142720449181,0.0007471890374257617,0.0012376338666192895
2019-02-12,0.0020019545756362373,0.0011212289843012665,0.00020058973448995807,0.00040790700286055115,0.005933785032685236
2019-02-13,-0.00033566433881601464,-2.3970755679251676e-05,0.0001436816018181728,0.00035963605219533864,-0.0023260750595118693
2019-02-14,-0.0010410744827987852,-0.0006008772989091211,0.0003675941801689988,0.0004726219793107377,-0.000864664115871415
2019-02-15,0.0003534505647824355,0.0006665515840478558,-0.00043351905754342195,0.00036938297403909626,-0.0007692184799407381
2019-02-18,-0.0005996618087195699,-0.0005517065061402852,0.001078778926993544,3.9988643230706916e-05,0.0016560599966296138
2019-02-19,0.00037497257953769236,0.00023141590728545513,0.0009579385895669193,-0.00019145779211925714,0.0023713059276353424
2019-02-20,-0.0003737143673056106,-0.0008033502521953615,-0.0004297310268263989,0.0006121824494829835,0.002095159197844323
2019-02-21,-1.5935239188225198e-05,-0.00011946337068157462,0.001116035956532451,0.00016730734797135722,-0.0009872848083332783
2019-02-22,0.00023902478004018195,-0.0005733899447527114,0.00023866158695941058,0.0004301006820474565,-0.0011956003337178288
2019-02-25,-0.00021456925304942485,-3.974420629353897e-05,0.0016385231508023372,0.0013026006194434365,0.004423538493591302
2019-02-26,0.0006514399435938091,4.767012275949332e-05,0.00015082058332648027,0.0005557717032959751,-0.0019194929550120517
2019-02-27,0.0007210576881208264,-0.0013068532442283023,-7.152024224567748e-05,-0.0009668114995327145,0.001610402115509428
2019-02-28,0.0015628579796644357,0.00026045263658200753,0.0006495204074774715,-0.00039443064448581674,0.0039317960077757215
2019-03-01,0.0005421566179651027,9.420409323746692e-05,0.0008335496326676419,-0.00014140382599463723,0.004042224232957293
2019-03-04,-0.0012876267188110812,-0.00048177356784814693,-0.0003626216004545437,0.00028452650240167333,-0.004802326938131779
2019-03-05,-0.0010907108879886526,-0.0004269719844737828,-0.0001892744485145898,0.0004664640136447236,-0.0018878735439825066
2019-03-06,0.0013053437873866817,0.0005930658911865427,-1.5821658268305428e-05,-0.0006247701800345256,-0.0015746352513915079
2019-03-07,-0.0008141113068368873,-0.0014680892745543063,3.9584050799378687e-05,-0.0008866983849522296,-0.01004401669293871
2019-03-08,0.0011215972719266496,0.0007770848494994934,0.0009146709026188986,0.0003202254414453029,-0.0012486094835665732
2019-03-11,-0.0005843202240991669,-3.202254387367115e-05,-0.0008473696077529486,0.0005363067803257395,0.004717857411900606
2019-03-12,0.00039818111395642253,-0.000270748062619942,-0.0006533396243840976,0.0013923866559516344,0.0022630573669427468
2019-03-13,-0.0010330825715964213,-0.000667228010201888,-7.157541467090058e-05,-0.00015903055010390812,0.0029406876962960017
2019-03-14,0.001164379624216647,0.00042781766113374084,-0.0016630374056593262,-0.0006335078331304213,0.0027579665603501453
2019-03-15,-0.0001978795236769526,0.00015829672754568382,0.0003084820729146044,-0.0009662142579260721,-0.000997695880558953
2019-03-18,-0.0019476052993840404,-0.0008469177056894437,-0.00033201056414773427,2.3774145617747928e-05,5.5436103964934984e-05
2019-03-19,-0.000617083745185148,-0.0005853133966577063,-0.0005858787556943825,0.00037978890523440956,0.002080589960754051
2019-03-20,-0.0006953278988101764,-0.0006084816201081145,0.0002685284656307818,0.00032401974433023074,-0.000545439467766917
2019-03-21,-0.001016236044744947,-0.0011354028524989109,-0.0009924771056235846,-0.0011763117628440971,-0.003405835978713564
2019-03-22,-0.00033864959766328334,5.646914567719102e-05,0.0006002040874020392,0.00046762880800566866,-0.014521095399930553
2019-03-25,-0.0005052510122278631,-0.00021659694201669894,-0.00026460223622999494,-0.001589595710440302,0.001398208271503887
2019-03-26,-0.0004247016134384742,-0.0004489265920098756,0.00013609853554974813,-0.00015229545347351204,0.0010032546419351186
2019-03-27,0.0008858323779207438,0.0009984540896469164,-0.0007067251615245223,0.0006839697871540108,-0.0025623018496753877
2019-03-28,-0.0006363039814544611,-0.0003140615022654059,-0.0006364987948187633,0.0006765627649198602,-0.0008126320471336729
2019-03-29,-0.000812089728277298,-0.0009329484257605594,0.00033004761840206874,0.0005950610113109969,0.0007563323073040642
2019-04-01,0.0008502787982696321,0.00020053663670994382,0.0005126644243078446,0.0004088389431944406,0.0020452611227334246
2019-04-02,-0.0003046189881345654,0.0004970617340761502,-8.018217394205337e-05,-0.0011150553669223586,-0.0007293975579969988
2019-04-03,0.0003595498474691901,0.00015978014286383314,0.0001914501557391672,0.0001677456979160036,0.004232700481165937
2019-04-04,0.0008955272215073845,0.00016783283888686612,0.0005273208230149699,-7.992231551024556e-06,-5.589246291596873e-05
2019-04-05,-0.00015947055808616283,0.00019940895252746542,-8.772454498517028e-05,-3.189716354749382e-05,7.186116426173859e-05
2019-04-08,0.0004383570448415657,0.0003108498580375163,0.0006469984689747545,-0.00010359432471729508,0.0021290430940115457
2019-04-09,0.000598661411004643,0.0003911535487186635,0.001578557462791775,-0.00038310201357662167,-0.0028636972407172566
2019-04-10,-0.0002963591895041725,-3.202869771589761e-05,-7.98368135534236e-06,-0.00020830495921236354,-0.0010310226819162326
2019-04-11,0.0016661422307103122,0.0008128785911425094,0.00015160884945948421,0.0008280518960991007,0.004810328727079954
2019-04-12,-5.527064853621994e-05,-0.0003000371121039237,0.002531206363239481,0.00030789757517319733,0.007018296128553025
2019-04-15,-0.0001657635189865167,0.0004422367776156095,0.0005288520482089192,-0.00026843730176433255,-6.321961706815747e-05
2019-04-16,0.00019760737060746728,7.904638445952853e-05,0.00026859847060358956,-0.0005138604072959148,-0.0013997574457988477
2019-04-17,-0.0008777306088865103,-0.00021346489176563824,-0.0002762158447078451,0.0009330571739508725,0.0016052065899565527
2019-04-18,-0.00038140947152450844,-0.00022250476887735178,0.0008498032859532955,-0.0004054070222736728,-0.006388633196850487
2019-04-19,-2.3837239330962782e-05,2.3838375813032696e-05,0.000246345544576876,7.151001341882914e-05,0.00019877317263713252
2019-04-22,0.0003970049995372618,0.00014290931634272975,4.7676562211000054e-05,-9.52668265752969e-05,0.0015885374502193537
2019-04-23,-0.001075864481108209,-0.0007408853520126611,0.0010013511128379841,-0.00015948581806172064,-0.003601659223703846
2019-04-24,-0.0003596418006467868,-0.0003756318851736374,0.0015318581559097026,0.0009907002823657124,-0.003542735917927423
2019-04-25,-0.0013976579459652153,-3.214684679886069e-05,-0.00034456094862771663,-0.00093285839381234,-0.0062623235658377276
2019-04-26,-0.00038539977674209455,-5.6211580403390694e-05,0.0002008217633277616,0.0007064528335170306,0.0006432729950683323
2019-04-29,-0.00010415289654602098,0.00015221126953569996,0.00010416958818342568,0.0007528613088568257,0.003641384219010295
2019-04-30,-0.0006560892516696747,-0.00032814307332308695,0.001234449303868978,-0.0006324933658945264,0.000848285074635823
2019-05-01,-0.00023990020266664874,-7.19755283514882e-05,-0.0006071839634326392,-0.00023995776858435936,-0.0017533821139606824
2019-05-02,-0.0008894837173879202,0.00045699259585428543,0.0003918103687963828,5.6116947733761305e-05,-0.0015718482072503187
2019-05-03,0.0013908263990671213,0.0005950705816707006,-0.00022491947174484335,-0.00011248051688614655,-0.0011483685195692703
2019-05-06,0.0005643295511784669,-9.671257835210945e-05,-0.000500544958579753,0.00022564267965828277,0.00214899217451556
2019-05-07,-0.001149192859042787,-0.0010275954767638132,0.0002744458632405225,1.6194987651619767e-05,-0.004010873535819374
2019-05-08,2.4310690627411724e-05,-0.00016210871045601973,-0.00012154951334386687,0.00028358106354695023,-0.0016543137561412745
2019-05-09,0.0023733288120527216,0.001852890795124609,0.0009129740762620688,-0.00129975647867503,-0.0010312753403873727
2019-05-10,-0.0005435642533468268,-0.00045413629734936546,0.0009490013892802831,1.623007758011524e-05,0.00340646746535248
2019-05-13,-0.0006188370946040763,-0.0009610216888056915,0.0006007859109685176,-0.0005621708088107272,-0.006106976113371413
2019-05-14,-0.0003256851630344471,-0.0004639597008068396,-0.00017038885211307205,0.0005047668003192862,0.002281264483420755
2019-05-15,0.004985872837928739,0.00042506580985606255,-0.000643508528330131,-0.0016211486005012915,-0.0007897061808025468
2019-05-16,-0.000668024464761005,0.0001464939126260741,0.0020689437850621,0.0015878641681941249,-0.00030139251715754134
2019-05-17,0.0002366912210851819,0.0001549711063553946,-0.0010034960029189726,0.0015004610208125037,0.00037469047747115415
2019-05-20,2.4440018086746212e-05,0.0002525838938237349,-0.0007324397895742524,0.00021993328778954354,0.00048009049407197346
2019-05-21,-0.00020277148129159667,0.00040566306182851926,-0.001368501867183353,0.0029887397868710707,0.003524447370898526
2019-05-22,-0.00011360316802764158,-8.11853055043056e-05,0.0016076651725047465,-0.0015511622612625012,-0.0025243212553913413
2019-05-23,0.0006131082736865229,0.0017012927381772698,-0.00021179709917160274,-0.00014711170708802594,-0.0037699176266399654
2019-05-24,0.0005624870226032931,-0.00017117634873734793,-4.8962405043065504e-05,-0.0017700491180868737,-0.0010039055213185131
2019-05-27,0.0001468848180861017,0.0002693185034008438,-0.0007257515720387014,0.00031001933789955255,0.0006204183124445639
2019-05-28,0.0009959509705174494,0.00036709072855546507,-0.000866551180741645,-0.0016250539476411446,-0.003523534043073834
2019-05-29,0.0004922471179879344,-0.000320151048356118,0.00049248954455159,-0.0008287553963942319,-0.000991441727496902
2019-05-30,0.0012279985169852807,0.0010806475112017555,0.00013095647352939107,-0.00026184651034570015,-0.00014757122387924437
2019-05-31,0.00031295553816126,6.592012131680356e-05,0.00045358393935978665,-0.003745415424914728,-0.008613147456545686
2019-06-03,0.0005108977903554103,-0.0002884540121289416,2.4807432308004947e-05,0.00018122358921736256,0.004338902615788511
2019-06-04,0.0005592749310979655,-0.00013166231925739244,-0.0005918521857572196,0.00020553717212092352,0.0017516667924602175
2019-06-05,-0.0015266927911160339,-0.0007637694444679241,0.0013929404762817866,-0.0009368682988311306,-0.001183889378861955
2019-06-06,-0.0002542035856394764,0.0001723126411996424,0.00016445880755100808,0.0010328123740778836,0.005218302112958023
2019-06-07,0.0009890752953062914,9.808569428011782e-05,0.000654782390105097,0.0004329234242427746,0.0031946429114290196
2019-06-10,-0.0008391551911051078,-0.0010920768473025673,8.149261880754733e-06,0.0006518320785504243,-0.0016371881495007956
2019-06-11,-0.0008211415954953964,0.0003820967401606734,0.00022778116836335503,-0.0008055362743814341,0.0023693895864126107
2019-06-12,-0.00045630847243965147,-0.0002200228995671127,-0.0005374636730654256,0.000822834098720212,-0.003715356173081573
2019-06-13,-0.000490592891337031,0.00034342063641369316,0.0007352641154741683,0.0002535030454386277,-0.0023945843192068636
2019-06-14,-0.0005828247463259012,-0.00046791307521483455,-0.00018018460780796702,-0.0006324617345608596,-0.004305032048508645
2019-06-17,0.00016391158645742351,0.0007374994188445409,0.0002792126222242938,-0.00027046852689864185,0.0014212658228480869
2019-06-18,0.002596108945191162,3.289744222692155e-05,-0.003145148611393241,-0.001202437964019616,-0.0031903986277137075
2019-06-19,0.00011517799125872083,0.0003045004364714868,0.00042830080549322724,5.7584021272594156e-05,-0.0005025105035701363
2019-06-20,0.0002629675907599417,0.0003205299455831955,8.218344994302828e-05,-0.0022209618487040524,-0.0015007960332914909
2019-06-21,0.0011003721024561118,0.0009361066859756676,-0.00037876293187163573,0.0006317560155149388,0.006506375077157278
2019-06-24,0.00020442122290537207,0.0008257537515712826,0.00017173769970948535,-0.00019624357160869036,0.0022348024379904826
2019-06-25,-0.0014770445388331572,-0.000377544324904892,0.0002132615907553461,-0.00041889289685589063,-0.004031173268642143
2019-06-26,-0.00022903136193828995,0.0004989673116344913,-0.00031129934960444025,0.0017736225363237125,0.006154923301098448
2019-06-27,-0.0001631600848788287,8.158004230368053e-05,-0.0006678775588919095,-0.00039169285253331626,5.711558155409794e-05
2019-06-28,-3.261764778126884e-05,-0.0003587297743415858,0.00046497779956977307,0.0007906781903534983,0.00062805618681076
2019-07-01,-0.0004153009973984075,-0.00020363198069894148,0.00037501427124222596,-0.0008637267901133134,-0.004890224425923593
2019-07-02,-0.000515419648898611,-0.00016366076433372304,-7.364523457287197e-05,-0.0006876397039051127,-0.004741848866398541
2019-07-03,-0.0010110268536707163,-0.00013971358737370588,-4.113448921840467e-05,-0.000156266063852399,-0.0017829783740977683
2019-07-04,0.0002796420599880008,-9.04661061126218e-05,-5.75475692476001e-05,0.00028778516624975543,0.0006083775416815466
2019-07-05,0.00048472501020991254,0.0008622424585019222,-0.000608122563651622,-0.0003039526185917915,0.0005587234957107112
2019-07-08,0.0003938849414553254,0.0002461114405019456,0.000525866047745859,-9.025159689912873e-05,0.0013297437688458201
2019-07-09,6.56184125500794e-05,-4.1004613024713155e-05,-0.00020502811007203477,-0.00032813512898917016,0.0006724067494018692
2019-07-10,0.00040105256372265953,-0.00015552927051288584,0.00017183185068358158,-0.0006548627887246484,0.00010655956074768108
2019-07-11,0.0,-0.00015587761177836786,-0.0004596531341446359,0.0006153265732171577,0.0006800742608205591
2019-07-12,-0.00024676328945527626,-0.00011515620128879327,-0.0007128489267045445,-5.758686362960527e-05,-0.004194323710540786
2019-07-15,-0.0006170072056515315,-0.00028805280618577413,-0.001388814923299048,0.0005512112389205782,-0.0009133059427883128
2019-07-16,6.591686238112973e-05,0.000123597681464779,-0.0009052902484818978,0.0011281524613921078,-0.001342674594934042
2019-07-17,-0.00037058845752846193,-8.234044484968251e-05,0.0003131025189133538,-0.0006344367526955825,-0.0013527337177775128
2019-07-18,-0.00032208114245602803,-0.00014038043119850787,-9.910311687414754e-05,-0.0009751341582062071,-0.0015281492134296426
2019-07-19,8.270477707509585e-05,0.00015715142399127876,-0.0008084474949482414,-7.443399155718941e-05,-0.0009428345279616212
2019-07-22,0.0002560935829508211,0.000586415818645873,-0.00042152418809195304,-0.00039655984855581963,0.0006368979152169748
2019-07-23,-0.0010769257299415456,-0.0007949718452111241,-0.0002975870670783822,-0.0010200063079857564,-0.002036188562536659
2019-07-24,-0.000157745075982373,-0.00019094505406562148,8.31130837092936e-05,-5.812288008811846e-05,-0.001567209982746814
2019-07-25,0.0018495129660152925,0.0017739498127610802,0.0010475993475232816,-0.0009738706347173329,0.004900753198372696
2019-07-26,-0.00019011171186727321,0.00034725380467849366,0.0006529330562357196,-0.0008518134630179591,-0.0014048544154529866
2019-07-29,0.0009097977568320964,0.0005293937737891463,0.000264841469100787,0.00175109694773979,0.002939454354530939
2019-07-30,0.00048747641042518123,0.00041315144240448425,-0.00018176110032034452,-0.0003635192002953062,-0.001353057373092634
2019-07-31,-0.0015869870420588087,-0.0007358078302804355,-0.000611403520570272,-0.00014063592278280114,-0.005820829775760913
2019-08-01,-0.000851625236198805,-0.0004090099095844921,0.0006060832678235316,-0.0006768076662416107,-0.012366261097154177
2019-08-02,-0.0005825365833070711,0.0007344096563076126,-0.0008590197597462999,-0.0009716490492426512,-0.004955845892552089
2019-08-05,0.0008934366717885285,-0.00041324231345957706,0.0019065782705814474,-0.0005899158276939851,0.0008276887687263534
2019-08-06,5.8801046675654405e-05,0.00023524074478160366,-0.0006121413818423669,-0.00027723521064722343,0.006538253425671709
2019-08-07,0.0017767602806472635,0.0010196988137321414,-5.045620822668721e-05,-0.002080219720564614,-0.0020570006119619744
2019-08-08,0.00020192671811491896,-0.0006058413385917562,0.00016805734156031136,0.0008997608252460025,-0.004067665188432842
2019-08-09,-0.0004560772369830457,-0.00032923478536243077,0.0004639216646051769,-0.00021121733074468452,-0.001106096731577369
2019-08-12,0.001498939590548919,0.0015497379980078108,-0.001631113851454185,-0.0003131519616631065,-0.002513701837775162
2019-08-13,0.008628996349114793,0.006098812623222989,0.0006452434744391483,0.0018460097878386496,0.010486835943123024
2019-08-14,-0.002595811802791095,-0.0016908032805542784,-1.6810960746900076e-05,-0.001762562951005974,-0.012004885329543509
2019-08-15,-0.001785964154481593,0.0009658725799185818,-0.0005405451191169663,-0.0012546202181474534,0.0002121565723455054
2019-08-16,-0.00025501747007867327,-8.49931792967033e-06,0.0008324202673842755,0.004157163509335006,0.0006616393628370534
2019-08-19,-0.00019449248094188042,-0.0007439721691772738,0.0015139408056807331,-0.0007698848514149081,0.0016099515408005052
2019-08-20,0.002070236016546273,0.0016905456671856152,-8.484066927410011e-05,-0.0008055250975057856,-0.0019152872852658087
2019-08-21,-0.0004910468709769995,-0.00023705309253639137,0.0007274080910786056,4.234112551811308e-05,0.0024485416305936652
2019-08-22,-0.0012368061485456864,-0.0003390663839691498,-0.0008633240201720919,1.6952887924838276e-05,-0.00215168617581506
2019-08-23,-0.0001273004249309685,0.0011194885446295262,-0.0002287699389333594,-0.0012908925935708985,-0.00447062967843758
2019-08-26,-0.0006531152556444624,-0.0005429526576875044,0.0015980962258694313,-0.0009082845507266393,0.00822593876589059
2019-08-27,0.0004675856935961926,9.350600782898248e-05,0.0005276820412668553,-0.0005696334520356014,-0.004194019682492249
2019-08-28,0.000648160015868939,0.00030707553446391515,-0.0009209124505027131,-2.557730099930435e-05,0.0012098184192274283
2019-08-29,0.001232348885155793,0.0004586649532984463,0.0007479940509226287,0.00031421838436073373,0.0028568532847419678
2019-08-30,-0.000716595179998166,-0.00029005784297960195,-0.000646659938979087,-0.0024950240656781463,-0.009143388731153826
2019-09-02,-0.00041168146728358434,0.000506062033418451,2.5705509120462516e-05,-0.00031745351074173703,0.0004637063962939518
2019-09-03,-0.0008437293334855415,-0.0019969020235319763,0.0009134939189847918,-0.0002584268709412482,-0.002251846691529406
2019-09-04,-0.0007007409339973059,-0.00020506510889048288,-0.0006509859240056862,0.0010082282525682579,0.009803958123356016
2019-09-05,0.0022970654967476778,0.00031234831311510876,-0.0003147369208132364,-0.002686061975315219,0.005531565615608074
2019-09-06,0.00028834085480826036,0.0006699372290438568,6.770136928602627e-05,0.0001441392557279004,-0.001237907247220014
2019-09-09,0.0010141988698950319,0.0011074806794472206,0.00011017182578570028,0.0008865810219132122,0.005721507597119241
2019-09-10,-0.0013595161879325535,-0.00033794915876603004,-0.0004388444957468779,0.0012244916723388244,0.0025286807867197993
2019-09-11,-0.0011483675024343632,-0.0006077539458944792,-0.0004625560931726428,0.0009626915570636711,-0.0007916323197268882
2019-09-12,0.008184597662187317,1.68323247969623e-05,5.8878202045078647e-05,-0.003180079790561905,0.00747860007938934
2019-09-13,-0.0018883222107999478,0.0002508361217166388,0.0005342772358032341,0.0016545642160469872,0.0006771075229544255
2019-09-16,-0.000454296899244858,-0.0006899105072735702,-0.00020101007630687968,-0.00038715650864428624,-0.0028215159164179417
2019-09-17,0.0009295354248633448,-0.00010884991700470519,0.0003944988447023404,0.0007697714493696852,0.006504360553469948
2019-09-18,0.0006354249618091292,0.0003846604164967425,-0.0007109074405229419,0.0004178226487231135,-0.0007605675370289457
2019-09-19,-0.0004352265757782828,-0.0008622241730903924,-0.00016745930777956882,4.185694135199465e-05,-0.00249470632425902
2019-09-20,0.00011768068201133744,0.0002689324239455812,0.00036041624274853694,-0.0017919267160660713,-0.006626884902776749
2019-09-23,-0.0002711542714937012,-0.0013718120228739322,-0.0006019576522288654,0.0004998835121357515,-0.0038248067736161885
2019-09-24,-0.0013770557687039367,-0.0006420437486122356,0.00033812341826782295,-0.001472081484110434,-0.0016848490373534127
2019-09-25,-0.0004488501466368846,0.0006775068009831947,0.001135314324387722,-0.00019484672825033044,-0.0010003985472278154
2019-09-26,1.6970869502927997e-05,0.0002970393683868208,-0.0008657421308360141,-0.0006790595286829503,-0.0013835545973605503
2019-09-27,0.00029615965760405844,0.00014386967125215466,0.0010441914620455605,0.0016230887892831377,0.0027651976158662864
2019-09-30,0.0006623022887738046,0.0005519162246381098,0.0006782075235797613,8.487883551317423e-05,-0.003178817360375376
2019-10-01,-0.0023069039211207646,-0.0012881466878369575,0.000762466361342571,-0.00011888183159952221,7.641008447026909e-05
2019-10-02,0.00036566647373474014,-0.00019565892458517484,-0.000962230404935206,-0.0009782447667813152,-0.002924724491277001
2019-10-03,-0.0013818990512686042,-0.0015356530395128818,0.0018140092438536722,0.00038405244067989477,-0.0015252673239465272
2019-10-04,0.00034076194700347344,0.0008261260695285946,0.0005974735582311006,-0.00039188625577131264,0.0007586639354950303
2019-10-07,0.0006124792841714496,0.0003061797298919213,-0.00048636680694762695,-0.00011055878974890941,0.004473022397847918
2019-10-08,-0.00017049717015996276,-0.000698776317761145,0.0008239646755994701,0.00026425822444402,-0.0028774793401960845
2019-10-09,-0.00021208278094578538,-0.0002035312681936339,0.0011291713677114618,0.00016118701546245353,0.005271896908853255
2019-10-10,0.001481918344707545,0.0004546755883863015,0.00029577173398420584,4.2067889165842804e-05,0.007039574753827998
2019-10-11,0.00022522992316430433,8.339761899782787e-06,0.00021036953590137047,-0.0005589971569961811,0.00740004551515515
2019-10-14,-9.211765943929562e-05,8.374297610684509e-05,0.001759855643261567,0.0010211940486336735,-0.0011209356803065535
2019-10-15,0.00034382272503743924,0.0005282243818714513,0.0012307384727565536,0.007109856298282684,0.004851115624190479
2019-10-16,0.001116145914500246,-0.00016649878078107538,0.00011677955370122201,0.0010566911576366438,0.002744923617987026
2019-10-17,-0.0004716298207108573,-0.0005877216024412662,0.0009699201198080578,-0.00038905513898651573,0.0039709402943836755
2019-10-18,3.308820488520973e-05,0.0002647735374318638,0.00094268639507037,-7.445000065478397e-05,0.0017194349941742123
2019-10-21,3.3037373531859505e-05,-0.0001982586290301772,0.0014508526302713187,-0.0007105441745150827,0.0006445641977697382
2019-10-22,-0.00016552317776079094,-6.621420297072255e-05,-0.0009097676584818309,-2.4830839904475865e-05,-0.0030695301082380604
2019-10-23,0.0001656822384145807,-0.00018216746208288154,-0.0006304856607453612,0.0003478433746065173,0.0021438719570979086
2019-10-24,-0.0022369705846017216,-0.0012096007307433856,-0.0002149666396590476,-0.00047288973839407754,-0.0025251179731365005
2019-10-25,-0.0006059122276684147,0.00020756448065081234,0.00030635859927372234,-0.00019928423810675953,-0.002224067306815562
2019-10-28,0.001282619035299765,0.0009846959202599085,0.0003731792008345554,0.0001157684962138694,0.0034869935816400155
2019-10-29,-0.00036361833698177746,-0.00030581419133525044,0.001027800431973332,0.0002561994071840889,0.00032240864334442113
2019-10-30,0.0002560618527262067,0.0007105324334755658,0.0008593976482327986,-4.1295864225044837e-05,0.002946458337175719
2019-10-31,0.0007884177694502845,-0.0005306887469280468,-0.000314262560683617,-0.0008465363063740127,-0.00702140310031558
2019-11-01,0.00025680427927367506,0.00026500157499761057,-0.0006145413970760654,0.0010100091097118302,0.002271428245330498
2019-11-04,0.0005371878757780287,0.000396572953965148,0.0002561655339152463,-0.0006033232549233984,0.0010504506737203927
2019-11-05,4.965941916042667e-05,0.00040557710452444347,5.778080440738113e-05,-0.00013243059828320686,-0.0008104867499036272
2019-11-06,-0.0002898034738739038,0.00015733230685750405,0.000330958707648674,-0.001582980394123964,-0.0024437028856710554
2019-11-07,0.0003976769093262537,4.970055417144069e-05,0.0012819825338444718,0.001067973725043164,0.0016905194085134899
2019-11-08,-0.0004821320303869156,-0.0007481110545666078,1.6570008285427238e-05,-0.00020788724270854144,-0.003408825598414857
2019-11-11,0.0002243521840124335,0.00022431117869891514,0.00027452758550699667,0.0002492211850906007,-0.00032406696005512646
2019-11-12,-0.00012478837986803517,-0.00014975415387769847,-0.0010879179902634347,-0.00022465833306484367,-0.0024880085061453764
2019-11-13,-8.355196101317423e-05,0.0006599750451537663,-7.501656619352413e-05,0.00045944942061361844,-0.0020265966379244176
2019-11-14,1.673780232695934e-05,0.00019250325431796999,0.00018410350016012124,-0.0013063906122997028,-0.001888511562271759
2019-11-15,0.00015806396632045164,0.00029123103563727495,0.0003506428488089275,-0.00030783182641750425,0.005230613027478799
2019-11-18,0.0011057763384842273,0.00025771589044215924,0.00028194943340793116,-2.4928848911643857e-05,0.001347350415077548
2019-11-19,-0.00044918772642770025,-0.0007650473538284074,0.000465012007349735,0.0005822416467251893,-0.001255806188749623
2019-11-20,-0.0009396504027971532,-0.00010808698518513639,0.0004084405546554157,0.0002745024660071044,-3.3287839955109964e-05
2019-11-21,0.0,0.0002911607768773198,0.0003988533020593682,-0.0001664946226082289,-0.00010819313317061485
2019-11-22,-0.0011927452484383053,-0.001426420718917018,-0.00022489598655453042,0.0002420004267680343,-0.0038860584612520153
2019-11-25,-0.00015007003296356445,0.00011672892222428007,0.0002418994961099739,4.168837937023962e-05,0.0014175410542069302
2019-11-26,0.0005161677160125862,0.0005411458270264519,0.00037490159272424953,1.664613643207241e-05,0.0019645554021350134
2019-11-27,0.0003576552823468183,0.0011975152991583755,-0.0006492479772588839,0.0006235113868123726,0.000972524192340296
2019-11-28,0.00023231694773642543,0.00033184556212211084,0.0,9.125260802144291e-05,0.0019173392217485352
2019-11-29,0.0008290637029954775,0.00015747313665152643,-0.0002571472430980776,-0.00029838375687606984,-7.463274473681163e-05
2019-12-02,-0.0006367978382122704,-0.0006616874926087022,-1.6560541198834192e-05,-0.0004137223485627658,0.0005964264294297374
2019-12-03,-0.0007978989086501334,-0.000631764472624641,-0.0030492375680196827,0.0006649599606661473,-0.0028112851318680136
2019-12-04,-0.00033975976825400926,-4.973103797994986e-05,-0.00010799001518202369,-0.0006383975609494029,0.00164294938006204
2019-12-05,0.0005966933421974845,0.0005553046237123197,5.792568136703877e-05,-0.00011599582428032717,0.0009530005734881304
2019-12-06,-0.0010236224642667182,0.0002997951422330505,-0.0005477224014307392,-6.661337599050125e-05,-0.005781659388099967
2019-12-09,0.000906803165234966,0.00039931451539695944,4.997667756085731e-05,-0.0005822561758882496,5.826559959024787e-05
2019-12-10,0.001643535797280342,0.0010625229276006387,-0.0006984750246551092,6.634874561841657e-05,0.0042193804967514915
2019-12-11,-0.00027374420019876764,0.00022401898447136438,-0.00016603848810290426,-8.296758461229876e-05,0.0016397519202068888
2019-12-12,-0.00022229815213579328,0.0010456419505868626,-8.26910991771645e-05,-0.000939137380785504,0.012335784187355052
2019-12-13,-0.00272750594234689,-0.0009364065674142358,0.00022022030275496485,0.0002549918786565363,-0.006453195888116581
2019-12-16,0.0006551041030893213,0.0002948233947338551,0.0007712947466627519,-0.00015554836971647275,0.002847730512153533
2019-12-17,-0.0006301377918817937,-0.0006383919288360545,0.00024546905167644216,-0.0005977702529366663,0.0008764852684953147
2019-12-18,0.0003775133405524844,0.0006563833514298344,0.0003692747076482983,-0.000763380746523317,-0.003009469382487964
2019-12-19,0.00027164853785529723,0.00027979624432644874,-0.0007953134322930882,0.0005430757971046543,-0.0007722769407309493
2019-12-20,0.0006101382069825058,0.0007914980337191871,-0.00010695935143465497,-0.000799851616577617,-0.003787852125721881
2019-12-23,-4.947474315376993e-05,-0.00021436404042878332,0.000437071954773165,0.0003462718103392444,-0.00010715949051783851
2019-12-24,0.00038772320349096293,0.00030527171482110744,-0.000355047666814321,-0.00037122128101669367,-0.0006102036125384865
2019-12-26,0.0008793087720841715,0.00018902426552547206,-0.000502150614572893,9.85658667202851e-05,0.002995344646675656
2019-12-27,0.0,-0.0004329976988056985,-0.0001310852219675499,-0.00017157773943486134,0.0054573748367493305
2019-12-30,0.0018188973650998688,0.0015644520442813215,-0.0005072736604663457,-0.0003029199045631932,-0.0034373294720685585
2019-12-31,0.0011154490838658374,0.00034446841483265456,-0.00047626086857109504,0.00022130149960616894,-0.0012961551950405263
2020-01-02,0.0008255252873166155,0.0016669696378572147,-0.0007629674057995135,-0.0008998560012148843,-0.005986023120413899
2020-01-03,-0.00024044141843621332,-0.0006053143466044437,-0.0009720474825429874,0.00011608238545772157,-0.005623893148480835
2020-01-06,0.0004623857535461129,9.904667582684174e-05,0.00044664274286372005,0.0006601804182703888,0.007218815070084334
2020-01-07,0.0001323221715999138,0.0008268426658832897,-0.0016087453196329555,-0.0003142937514499075,-0.007542524282438162
2020-01-08,8.272153862171083e-06,-0.0005791633733508659,0.0002484163470729646,0.0029900327061334153,0.005951092936742876
2020-01-09,-0.0006743365852856298,-0.00029615248778882034,0.0008886695228142711,0.00018918907859664174,0.0038628690060073215
2020-01-10,-0.0003531551989530023,-0.0005173369580185365,-0.0004357423927074639,0.00024640050061840743,0.0007477864637547885
2020-01-13,0.0007028670726445803,3.268668181448731e-05,0.0006469921235326674,0.00030224437095738597,0.005813303416792949
2020-01-14,0.000964060238557581,0.000531299694126774,0.0005632676200663254,8.982268192059368e-05,-0.0020594468022829817
2020-01-15,0.0012071582679933895,0.0003996232177179575,0.0006460239089967335,0.0001467172028550937,0.0025246864703150603
2020-01-16,0.0007177580158717926,0.00039970471327196874,0.00034228713334576687,-0.00027725452958706745,0.0013047805742613212
2020-01-17,-0.00042555978120313023,0.00013096290494447318,-0.0011507152433737917,0.00030282073653164555,-0.004819837614121812
2020-01-20,8.190813188524956e-05,0.0002866772893408991,-0.000319283497802322,0.00021292975036625738,2.4539977669803337e-05
2020-01-21,-0.0002787456464041794,0.00022140312268823984,0.0009256870610183793,0.0003033371205413784,-0.003384014798899823
2020-01-22,0.0013056600980306617,0.0003532306263032172,-0.00018858410291907379,-6.565287685053501e-05,-0.0006486122798686878
2020-01-23,-0.0013826623001473941,-0.0003145955816988232,0.0008974998235191852,0.0006543120639277859,-0.005171076614059474
2020-01-24,0.000464248713001451,0.0004890847167336252,0.0003969796517361128,-0.0010365659914536069,-0.005621271264603125
2020-01-27,-0.000991885789415054,-0.00026671556610123094,0.00037487036172453354,0.001175151925678252,0.0007333944824098725
2020-01-28,-6.66278004743684e-05,-0.0009409884403165429,0.00033358352406753425,0.0006910476306894927,0.0021304580219106144
2020-01-29,0.0002915439773087629,0.0005080221806805238,0.0002750446964968871,0.0003996935735853267,-0.0021137962149373143
2020-01-30,-0.0013751549216117,-0.00038345796186795526,-0.00030004500900199243,0.00035855594065216015,0.00044143675886031825
2020-01-31,-0.0013817675502074767,-0.00024136194838002127,-0.0002746669680301365,0.0014566281224268447,0.0006160198653092184
2020-02-03,-0.00031622395576739494,0.0008739840492400279,-0.0008409974224921665,-0.00041623656156870533,-0.00026628277723850664
2020-02-04,-0.0004558319633704924,0.0003314880528912563,-0.0006221459257253131,0.0015407047214591172,0.005957732780359286
2020-02-05,-0.00037276496772335163,-0.00038940326513717645,-0.00019025796555826872,0.000728832823112539,-0.0005875562381717896
2020-02-06,0.0003231620188462599,0.00027339721056597556,0.00010758160695930459,-0.000348024961874054,-0.0004139792572722033
2020-02-07,0.0005989269405006822,-0.00040711707670657135,-0.000557198056738266,-0.00015801532781556987,-0.005597230952807872
2020-02-10,-0.001375888811771844,-0.00038357946819212975,0.00023298385860103278,-9.17932649423631e-05,-0.002260321494142247
2020-02-11,-0.0004000700175883238,0.0002417079596197505,0.0005086788219944077,-0.0007839343898154802,0.0014852148781814968
2020-02-12,0.0007258014375808357,0.0004254626970942479,-0.0005746624016628536,-0.0007174558988970448,-0.003767395224603728
2020-02-13,0.0018568703215919597,0.0016796705076932734,8.377489685294692e-06,3.357676488189587e-05,-0.004033700661118139
2020-02-14,-0.00046200435105858966,-0.0009825534581490952,-0.0001847652646560453,-0.00029411394186050314,-0.0010256928529038712
2020-02-17,-6.718285496063971e-05,-0.00017636462171397453,0.000260168607509194,0.0004701852280538231,-1.680276909675694e-05
2020-02-18,6.734630313451837e-05,0.00026088456847442657,0.0007829041089859426,-0.0003788819659623072,-0.0031133799403544934
2020-02-19,0.0019712339955899666,0.0005347191598637205,0.0010323772870676608,0.0011008624533456284,0.012986597435142347
2020-02-20,-0.0014949846471790811,8.257706509299875e-05,0.00040504404374408303,-0.0013896128690895726,0.0048878751284439125
2020-02-21,0.0015009940716538288,0.0009157472022852192,-7.452459522100423e-05,-0.0004451148717125813,0.0015137919235193923
2020-02-24,-0.00011662876245118508,0.0005580891838071566,-4.982892071590997e-05,-0.00016663611709754654,-0.005315963273711212
2020-02-25,0.0021237288606817738,0.0013211035643031779,-0.0011613675362158954,0.0004926622649384307,-0.00223932564201731
2020-02-26,-8.323761012986112e-05,0.0003828993853801457,-0.00012488396214760706,2.497201053941392e-05,0.0014740237263480037
2020-02-27,0.00159782134259422,0.00044706798661609134,0.00016597234938769943,-9.927200537598271e-05,0.003099180326060381
2020-02-28,0.0016002294269071562,-0.0005229596259405945,-0.0009917287309897818,0.0009420948847928803,-0.011506032161827528
2020-03-02,0.00608269313141574,0.0034437793829418016,0.0008201180425360272,0.0018093243210586985,0.01624615312774502
2020-03-03,-0.003690179408403991,-0.001464665219729538,-0.0011660740445565525,2.503578030398377e-05,-0.010664883611322095
2020-03-04,0.0007616752200233839,0.0008959636185024722,9.178637145715653e-05,-0.00021756229898558748,0.0026039725272496367
2020-03-05,-0.0006531514789938773,0.0004105451510700331,-0.0008958060969675653,-1.6753084662151025e-05,-0.0060613593264103845
2020-03-06,-0.0015007527539327493,-0.0005537749130462224,0.0010011147701330086,-9.229852706486883e-05,-0.0034693818060081757
2020-03-09,0.003034021804968791,0.0015466717602766098,0.0008474032734095841,-0.0009733025604644979,-0.007241615636798929
2020-03-10,0.0024511583175810484,-0.0008912164845318085,0.0038926748414129233,-0.0010594523199212605,0.01131418542123339
2020-03-11,0.0017340042492876516,-0.0007021194991242101,0.0014981906682478075,-0.00038883207171042377,-0.009460632531949547
2020-03-12,-0.00345169680728341,-0.0020580443893877328,-0.0019203243018341347,0.0043468489789766215,-0.005844382700589666
2020-03-13,-0.0007409465931279489,-0.001812197848453375,-0.0004805118808392951,0.00641453020141436,0.02362607148608698
2020-03-16,-0.00224218186220565,-0.001161110558830536,-0.0010211100605791524,-0.0006185418708555633,-0.0020052750490986626
2020-03-17,0.0007547394175342407,-0.0026791937753101918,-0.001625631136610723,-0.00048330684565571204,-0.0020008533515752775
2020-03-18,-0.0013533702255942989,-0.0002724610057042447,-0.0011856068731265837,-0.0020036242448468965,0.0023212932001687495
2020-03-19,-0.005607277915972148,-0.002693958017665996,0.0002795484886582283,-0.003559947174404372,-0.0001770724863495882
2020-03-20,-0.0005373861332564539,-0.0007884781941330238,-0.0019735148934537858,-0.0023628844898186834,-0.0008942733360124476
2020-03-23,0.0001755155774579896,0.001920444129193262,-2.5411561414707394e-05,-0.0006520703463812523,0.010796792548525508
2020-03-24,0.003392793575115855,0.0026866196795394533,0.0021172673498022067,-0.0012709490216204129,0.005859334625127382
2020-03-25,0.0037227933235598125,0.003167892519506772,-0.003673502288068954,0.0004219810833065269,0.00573405596559864
2020-03-26,-0.0002071499897617531,0.0014680332238920682,-0.0011715002773036419,0.0017883612287383692,-0.0010280475465408061
2020-03-27,0.003466207976486329,0.003776354156037686,5.012154475641886e-05,0.000509707430620465,-0.003090499182403266
2020-03-30,-0.0008152939502083707,-0.0005462804739736189,-0.0010370148285786637,0.0023935612064125457,-0.0064871969791139746
2020-03-31,-0.0007335489340452561,-0.00040478660709057304,-0.0008473261495978517,-0.00016027195654668284,-0.004106540041141899
2020-04-01,-0.0011863966943404278,-0.0003585575779433108,-0.001483874795847078,-0.0007261885248154948,-0.011653680536807228
2020-04-02,-0.00011144401450007585,0.0003521202398164207,-0.0009213524056680808,0.0055911439905419295,-0.0011779971997669108
2020-04-03,0.0005892726923070365,0.0005805366712180481,0.0005905789985451043,0.0001024467704552375,0.0010670856345630648
2020-04-06,0.003074077438442157,0.0015802891988816324,-0.0024590037319902865,-0.002232437466123095,0.0055047337509691735
2020-04-07,0.0003617047267136574,0.0008236817356206712,-0.0011914974136149861,-0.002661166251105632,0.004833074002427822
2020-04-08,-0.0010045967473696772,1.6893461386091485e-05,-0.0005672462042892956,-0.002401611247848598,-0.002113182815875147
2020-04-09,-0.0019865326398215213,-0.000850458330387079,-0.0012244296321702408,-0.0005056804881381459,0.0024762005950692816
2020-04-10,-0.00010953225525216868,0.0002780504468827672,0.000699916966141342,0.0004043671708960458,-8.441098023041687e-05
2020-04-13,-0.000832830567127445,-6.799945603047605e-05,-0.000499752251874722,-0.0016762608850858383,-0.00974923337946633
2020-04-14,0.0,0.00013603360050908409,-0.0014878994034394574,-0.0007225341711716465,0.0013269370120946179
2020-04-15,-0.0005291502141920182,-0.000759888187859711,0.00045153843316601567,-7.683540579275483e-05,-0.0045751463209757065
2020-04-16,-0.002754704841450662,-0.0011122424808286476,0.00021330057117447058,-0.0002313297616052887,0.001962123134194337
2020-04-17,0.0008647816109286442,0.0013869983987090278,0.0003768994922210003,0.001992143238109371,-0.0034490741336972836
2020-04-20,0.00030746368327493105,0.00023915475989252192,0.0008030001883719931,1.7078544225231552e-05,0.0004959172432873871
2020-04-21,0.002515208060584315,0.0016689708038342198,0.0006965854695314272,-0.0010515113236918014,0.00017949561779730233
2020-04-22,-0.0018275608010772373,-0.0008198751857747187,0.00012839222987861708,-0.0023105766180207877,-0.003415938358913228
2020-04-23,0.0026996603133581207,-0.001831069365809485,-2.58170004962198e-05,0.0005150303123339989,-0.00557267399040851
2020-04-24,-0.0007577780245331795,-0.0001378407252605303,0.0014692285737304218,0.0005425585644196232,0.0031255541440670842
2020-04-27,0.0011099400997538731,0.001256779023992116,0.00016347109394268744,-0.0006967952005203814,-0.001814843505601198
2020-04-28,-0.0008804869143225341,-0.0004057653264456466,0.0007406131926539724,0.0004058108718026586,-0.004495359066198083
2020-04-29,-0.0012352452409187776,-0.001114543174319971,0.0004409342690329767,-0.00019881832824694183,0.002565089435612843
2020-04-30,0.0005355816371698373,0.0009336423099448748,-1.723677293178563e-05,0.010327084580162158,0.012182465306683632
2020-05-01,0.003859709221754198,0.0012020615521782935,0.00038370531902644743,0.0006715831336512119,0.00021300615668312778
2020-05-04,-0.00017990310981064935,0.0005992535192853695,0.0006509468937298417,-3.427092883111036e-05,-0.006799543208903311
2020-05-05,2.5896336964674656e-05,-0.00012074274048945842,-0.002858448569974177,-0.0021516813444714135,-0.007590431143647537
2020-05-06,-0.0016910006208613346,-0.0009938452163219009,-0.0016958959045082402,-0.0008640365003828218,-0.00854754366016579
2020-05-07,-0.0005747176640048796,-0.0012277472383224036,0.0004702317284065625,0.0004093024933152205,0.005382256813909707
2020-05-08,-0.00033776030598289234,-0.0012304281188758998,-0.0001389878214159725,0.0022755107003755402,0.00364138046390882
2020-05-11,0.0008939085886154255,0.00015463386168754236,-0.0016718953186047236,7.731991979755474e-05,0.006823256508323093
2020-05-12,-0.0009252913614246345,0.00022277058149556766,0.0,-0.0005916069159060206,-0.00043853049994453403
2020-05-13,-0.0002924706044882447,0.0006365263083070187,-0.00023274557996224034,-0.0011190594183173948,-0.003869110149963381
2020-05-14,0.0002337449852864417,-0.0007797609128418785,0.0005454758112836581,0.001842075060040463,0.0003884484124618458
2020-05-15,0.0009222111310305584,-0.00046529262575171495,-0.0008378646172785535,-9.476753960399499e-05,-0.0006474978750874516
2020-05-18,0.0020937204638321145,0.0002915626923313731,0.00018979915855163893,-0.00023146659911744594,0.010970255428221937
2020-05-19,4.237162457672363e-05,0.0002628310308357468,0.001701780472648934,0.0013972573692148695,0.004454919483366148
2020-05-20,0.0002879403813932098,0.0014402022160832232,-0.00041593277767893583,0.00019473619657100805,0.003546313603031971
2020-05-21,0.00039748149485842565,-0.000608473005107994,-8.45855519425026e-06,-0.002607651713847669,-0.0018479436295744482
2020-05-22,-0.0006481876559567107,-0.0004946653007879484,0.0006741161014903153,-0.0014855925891252373,-0.00444734296805095
2020-05-25,-0.0007925112367654396,-0.0003324368933274503,0.0006823900977045497,0.00026424020440566715,0.001125444541448513
2020-05-26,0.0010078810367927546,0.0006684577068658619,0.0006868394210561578,0.0004654843448568353,0.005752342920222745
2020-05-27,0.0010455224770072567,-0.00031233776628527936,-0.00014417715156359875,-0.0028862728067821156,0.004429723538757678
2020-05-28,0.0010508485517453938,0.0005803415767340985,-0.00013490383906204512,-0.0001932732511635989,0.005534867725454378
2020-05-29,0.002544338966022884,0.0013969461854407097,0.001343093345410021,0.0013114865531156062,0.003918093520977321
2020-06-01,0.0002755108447642943,-8.350312306519325e-05,-0.0019293013313210973,-0.00010852551403731256,0.0011939901140013576
2020-06-02,7.425589409571793e-05,0.0008668266022846996,0.0034470734037718026,0.0013850988684979161,0.012488656481412244
2020-06-03,0.0018215688576229095,0.0022732225113276418,-0.00048391794024323277,0.0006392237746649031,0.008338032090200731
2020-06-04,0.002464361859850747,0.0017786920699295805,0.0003518749652722901,0.007478203226950935,0.010770491647413729
2020-06-05,-0.0003547071284953245,-0.0005243648247158371,-0.0011121858012976705,0.0007495738661036576,0.0003071848953859374
2020-06-08,-0.002726145898145859,-0.0015493754899308092,0.00023440689101926363,-0.0030432258872658564,-0.011340403091658758
2020-06-09,0.0026206109552616443,-0.001070904607911055,-0.0013082168568775896,2.453576292031445e-05,-0.0024539287423961252
2020-06-10,-0.0024101533177837684,0.00033623507248540016,0.00107375739303535,-0.0007307511050391652,-0.0021152056683639894
2020-06-11,-0.0006666584610061005,0.0001564320326593497,0.0010365082121112955,-0.0008813294642088975,-0.00988910740010188
2020-06-12,0.0002719552361963677,-0.00011534120412522843,0.001728338591940894,-0.005428352233244194,0.0018135824871391936
2020-06-15,0.0006118433210564309,0.0014623448864797101,0.0005218147676020785,0.0007353700936622473,0.00726297523492545
2020-06-16,-0.001386596458543287,-0.000635604609307943,0.001685918052528957,-0.0040967213224010115,-0.006352213278247671
2020-06-17,-0.0024654374110425173,-0.0013453922352284046,0.00039675980021222114,0.0004487136949582674,-0.004545500075023451
2020-06-18,0.0006340519467575951,-0.0007842875900539567,0.001470643484520335,-0.0008594040603871664,-0.003890002114853839
2020-06-19,-0.00035823631483024673,-0.0005085685572473067,0.00043360072723772975,-0.002870519915970433,-0.0033858520585519853
2020-06-22,0.0007745191914108976,0.0004079848519363024,0.0005419037628184406,0.0009485929916322212,0.008464061804558071
2020-06-23,-6.64170492808877e-05,-0.0008965036958650288,-0.0015458700662551845,-0.00042351241898077143,-0.0001079550409825289
2020-06-24,0.0013538714063053242,0.0008557127653652539,-0.0006312397425506148,0.0004813038447849713,0.0003819424309739124
2020-06-25,0.00033237775036979133,0.00034912718559112913,0.0008722271001511124,-0.0012719422108299504,-0.0021690450166288455
2020-06-26,-0.001373643743010629,-0.0009823837747670644,2.4981576088877808e-05,0.0016315118407492413,0.0004242063869245004
2020-06-29,0.0009324317751858715,0.0017498539375429348,0.0012357096742783822,-0.0009324317751859527,0.005723354403355599
2020-06-30,0.0003310217014950015,0.0002650213274859606,-0.0004136402051069255,0.0027845159344845154,0.002956651724822442
2020-07-01,0.0029466317175283465,0.0014894130329843372,-0.00042219766928324793,0.0007435620266742698,-0.003105541257336303
2020-07-02,-0.0014691441165414591,-0.00023927886415445787,0.0002391861085514012,-0.0019760156243037925,-0.00036404554280787614
2020-07-03,0.000744977643738808,0.00015724766954109244,-9.939616835952457e-05,0.00021511247983529384,-0.0003310655374463243
2020-07-06,-0.0006323163106031121,-0.0016499960646507098,-0.0006420704522452273,-0.001068455197765301,0.004464679972620647
2020-07-07,-0.0018344176345441608,-0.0013575612061794578,-0.0006669438985132195,-0.0005682824434244643,-0.001549238051933874
2020-07-08,0.0017746087784471034,0.000870343512174335,0.0001483178288987823,-0.00043514493886459267,0.0023887788230853193
2020-07-09,-0.002370644641184421,-0.00037048777196669805,-0.000123407528838627,-0.0016083207241054064,-0.004609690144106104
2020-07-10,-5.7974135269918575e-05,-0.0005966290635890012,0.00022402827828404018,0.000538202004338873,-0.0013233313484695614
2020-07-13,0.0015772744358758424,0.0006404466923894328,-0.0004377976371031553,0.0009271301066550969,0.006991997615073603
2020-07-14,0.0016461043874551405,0.0005318953191775181,0.0015944903065047656,0.00016364335603594605,0.004607056440733092
2020-07-15,-0.0016635598272169768,-0.0011308881134447196,-0.0002533228204290592,0.00031161589493216375,-0.0018009468021946654
2020-07-16,0.0009482392889176152,6.534452905253707e-05,-0.0005083842510380859,0.0004166139152122543,0.00013108736991953373
2020-07-17,0.0006856023774923193,0.0002856385060123911,0.0016295250552489872,-0.0015432668872259142,0.0019233686969431973
2020-07-20,-0.0003105793146450021,0.00039242938818630186,0.0005781500175291517,0.002441166276698384,0.0038203816231473808
2020-07-21,0.0011095792080641268,0.0005955464722650973,-5.701556119112284e-05,0.0015399472617064118,0.003351204118909166
2020-07-22,-8.863783793934013e-05,-0.00038658860206183517,0.0005196070588612288,0.0011919240512667927,0.0067495643244195585
2020-07-23,0.001831568842833667,0.0010482265774070998,0.00016107598794527935,-0.00029024533997181547,-0.0008391902307241165
2020-07-24,-0.0008941781473382191,-0.00043118703201886947,0.0007864153245513548,0.0006178811750956466,-0.0015753823559613435
2020-07-27,-0.00022634310477702944,-0.0008808686418706596,-0.00012956304879983282,0.0011554296372433374,0.002903205671805982
2020-07-28,-0.001597722976850303,-0.001038303764657671,-0.0007118128879835419,-0.0007795118701878559,-0.005684916310628625
2020-07-29,-0.0002510761867426719,5.670610442732956e-05,-4.86783819401562e-05,0.002346317359847446,0.004772002557963938
2020-07-30,-9.685308202148147e-05,-0.00037121023029730013,-0.0005911386068223442,-0.000379431583754502,0.002937736667492358
2020-07-31,0.0031073833307052054,0.001778233929808963,0.0009749848682777041,-0.00018393157797177217,0.004550944575645755
2020-08-03,0.001789763514734452,0.0010593646408575128,-0.0009799118863488012,-0.0014684938542839643,0.00014445996076556652
2020-08-04,-0.0005949461909999976,-0.0006913072412420338,-8.009451152317037e-06,0.0015750312637090953,0.0008101940496850421
2020-08-05,0.00045490278235263523,0.0005027953130475772,-3.2024082112505574e-05,0.0008214928501610127,0.00472772514293378
2020-08-06,-0.001273706939265558,-0.0001441152924832762,0.0008631024271119109,0.0016178900480753732,-3.192312910774346e-05
2020-08-07,0.0009872976540947105,-0.00030509835644136396,-0.0009602228454624284,0.0012828326700725034,-0.003814158573451531
2020-08-10,-0.0002567394109097245,-0.0001283439619938713,-0.00034490365097579896,-0.0014132462042559706,-0.0034275885938138987
2020-08-11,0.002190266185481684,0.0003194046324855489,0.0018513848593772974,2.3954486476788836e-05,0.005596864978501943
2020-08-12,0.0001588865235794057,-0.0009058043605305638,0.0001434388673976644,0.002197986197278154,0.006860994700901862
2020-08-13,0.00044238700103717987,-0.00024487248979942225,0.001956722995517995,-0.0006873639862795735,0.0033693956267600547
2020-08-14,-0.00018255489595472222,0.0004919815050711656,0.0007697466168007669,-0.0005637493449820163,-0.0010928183920834132
2020-08-17,0.0005160716739588163,7.9338633195621e-05,-0.0012845726201845208,-0.0007146317171822938,-0.0027762372079150866
2020-08-18,-0.0016593824395906387,0.000246122578225198,0.0014173218179714105,-0.0012165113073418048,-0.0008979764348211208
2020-08-19,-0.00038926116340397987,0.00019067443193094365,0.00085787141956659,-0.001128919537310921,-0.0016709505228586646
2020-08-20,0.002355356328368645,0.0008141502956014867,-0.001895946589234194,0.0003906919682762921,-0.0007249465569853059
2020-08-21,0.0014926094542522378,0.0010353671060194898,-0.0017473133498290174,0.0007454701014952095,-0.00569833988804861
2020-08-24,-0.0015179722809030923,-0.00023977748764133307,0.00016792812715629344,-3.198209003231844e-05,0.0017783336417837349
2020-08-25,0.0003494420875014011,-0.0003494615151364127,9.5506422879434e-05,0.0003969451156422372,0.0074950317772722675
2020-08-26,0.0009564039941586942,0.0002628759439839289,-0.0005019300510506776,-0.0009723518128961038,-0.003836179353926516
2020-08-27,-0.003293792231192636,-0.0007020735391257925,0.0003666390400058804,0.0025052271795167496,0.004201519680442702
2020-08-28,-0.0011172115564501372,-0.0005267232350854384,-0.00045200608202301,0.00033529454342855355,-0.004512560433276355
2020-08-31,-0.0003160631204356609,-0.00041103145759741305,0.0012231445867895057,0.0021866904837604746,0.0069453818744150166
2020-09-01,-0.0019860353611198993,-0.000993808497617074,-0.0004264628133784742,-3.155619369459681e-05,-0.0015436560792070778
2020-09-02,-0.0012333450274165062,-0.0009624218775158684,9.528649479938625e-05,0.0006128841164342667,-0.0028878824297537036
2020-09-03,-0.00023817273987419713,0.00042090049501422453,0.0013371007603145465,-0.0016131278703160105,-0.000405287819496634
2020-09-04,-0.0007484315136455895,-0.0006211229784251498,0.0013433436965346855,-0.0012273656220709024,-0.00042930739068059066
2020-09-07,6.370745538651033e-05,-0.0002469145648328547,0.00011932557200945525,0.0008437408465142905,-0.00171086440362943
2020-09-08,0.00041621310711640507,-0.00013624142000672607,-0.0006213208844204205,-0.000424218903312733,-0.006576211189032852
2020-09-09,-0.000310770594041007,0.00028700352573561886,0.0002885864095831539,-0.00011158223622370405,0.004615066719340482
2020-09-10,0.0009425481971584437,0.0009735904486490765,0.001339574247665078,-0.002457237400577531,0.0012361286031097804
2020-09-11,-0.0006998457443953762,-0.00019091559997536995,0.0014544647869438885,-0.00047744852420478527,0.002173472558690703
2020-09-14,-0.001536581687405861,-0.0002547973578559283,-0.00035008712753030886,-0.0008289825511605275,-0.0010439620499714914
2020-09-15,-0.002617603467024513,-0.0013521895125333016,0.00037402068690819176,0.0019058454346971454,-0.004162760940006823
2020-09-16,-0.0018101445415041359,-0.0011105657783504145,0.0002883437076950248,-0.0014585426026315672,-0.007336872606099493
2020-09-17,0.0014246400337335602,0.0010918046996963525,0.00026698489266818216,0.00019411193849368957,0.0008142896176533914
2020-09-18,-0.0010835814231411906,-0.0007608194554013616,0.0010329495660900002,0.0011401541656006987,-0.0023075319658018645
2020-09-21,-0.00025223246202776606,-0.0007076133798313448,-0.0039825471008258645,-0.0009769839656181092,-0.005012704191505589
2020-09-22,-0.0010412600185884416,-0.001553445748642753,0.0007493870853360594,0.0001464927203876847,-0.0027966361059059077
2020-09-23,-0.0010009318452470775,-0.0010500141373580999,0.0008630305934496074,0.0005209350902465038,-7.327289679535866e-05
2020-09-24,0.00036654055367016126,0.0007414016088283086,-0.0010503988816988885,-0.0001303101383131368,0.0016026361501375254
2020-09-25,0.0006191597548447889,-9.769123066152474e-05,-0.0016264794379749772,-0.00021177467254066606,-0.0017410551609881144
2020-09-28,6.49952066264675e-05,-0.00043868557509250066,0.00132972776493778,-0.0006907901694883375,0.0017241103146920847
2020-09-29,0.0016246825945866765,0.00045226577845876775,0.0013458188419095487,0.0010977924176321014,0.007875107977178513
2020-09-30,0.0006546327622889986,0.000873496711179677,-0.0006458592574307177,-0.00046870581487586907,-0.0034402592318056578
2020-10-01,-0.00021766908741513904,-0.0006771190456605424,-8.879883437176389e-05,-0.0004758122163826608,0.002657953810534205
2020-10-02,0.001248439612838276,0.00028354430569715763,0.0003244541088129858,-0.00021066619209641522,-0.004544616961208667
2020-10-05,0.0018974117286008486,0.0013816816940296578,0.001000201736943065,0.00028108950476404967,0.008109808409872198
2020-10-06,-0.001573261309237937,-0.0007707562624145673,-0.0013515363713917819,0.0003373358531647091,-0.005087144226361361
2020-10-07,-0.00021655351161985623,0.0002165882545437758,0.00019266121387992978,0.00020051411887092477,0.005993991789662167
2020-10-08,-0.00025721405173556594,-0.00025719544584344744,-0.0003931811211379433,0.0011970901697488864,4.010700549599126e-05
2020-10-09,-0.0012248085266434883,-0.0007605384978896729,0.000864885696811498,-8.811596066108704e-05,0.001787138690361439
2020-10-12,0.00044218439809576526,0.0004418966274850336,-0.0003928753312801813,-0.0004180602067577332,-0.004010561158501353
2020-10-13,-0.0018855007398952464,-7.252303616838653e-05,0.0010857458732573368,-0.0004517586394997978,-0.004075129665036265
2020-10-14,1.6162922256706458e-05,0.00011315325812637736,0.0001453957999330994,-0.0013828744152171186,-0.0032899153845718024
2020-10-15,0.0014369743208445837,0.0008200814857316252,-0.001848219588709605,-0.0007385254984932529,-0.000704656023390532
2020-10-16,-0.000598884797324069,-0.00023477504206285765,-0.0011274369849884481,0.0002023660647112224,0.00035643981810101375
2020-10-19,0.00046704890367777754,-0.00040272889640833985,0.0007363085384381982,0.0004024533610882773,0.004653952132610041
2020-10-20,0.00056053364269033,-8.008328666089439e-05,0.0009089849356313955,-0.0005685435429271226,0.005153800970737032
2020-10-21,0.00022577732001484102,0.00033873699815791756,-0.0012126226656270901,-0.00020158445448960582,-0.005597254594771642
2020-10-22,0.0012032481071208212,0.0002907375871491837,-0.0003146163521581068,0.0005002541718209001,-0.0006453747027381898
2020-10-23,-0.0009833318005494675,-0.0003547986554869848,0.0005652911399826561,0.0005643250016743261,0.002039574895532896
2020-10-26,0.0002904420386858207,-0.000120984816553071,0.0005811747966015414,-0.00010487211661709834,-0.0019286875977897622
2020-10-27,0.00031564251723942944,0.0007606778491641808,0.0009468279948751746,-0.00036421174864077386,-0.0050937677200528384
2020-10-28,0.003029179580316831,0.0014448805181429677,-0.00017975177961807514,-0.0007584747681429025,-0.005038245077842874
2020-10-29,4.9170654963085224e-05,-0.00018030570060730258,-0.0011801635568276197,1.6389681057110666e-05,-0.0036459395563710048
2020-10-30,-0.0037460441935765814,-0.0018373914218354323,-0.0002626071985875933,0.00045978899779593467,-0.0019346329822726711
2020-11-02,0.0001558111408115918,2.4610437287644124e-05,-0.0008856452257928023,-0.00016401239970497536,0.0012477017641758386
2020-11-03,0.0006850153173065465,0.0007261660791597313,-0.0003021999361425628,-0.001141953026697235,0.008666195436133953
2020-11-04,0.0007201781115253186,0.00020444629880285648,-0.0005064573417953089,0.0015694997172714712,-0.0035194952619365537
2020-11-05,0.0002284688517140047,0.000481394912222128,0.0001789257950705876,-0.001208212727082167,-0.0008328026739108704
2020-11-06,-0.0014983838176671664,-0.0010836664834661485,7.34463046637741e-05,0.0008227603665564155,0.0022029675526996553
2020-11-09,-0.0019238020249635966,0.0,-0.00023550526138267525,0.0006256417041861292,0.012310213526645526
2020-11-10,0.00011255285976527838,-0.0002974431965721314,-0.00012063938890677371,0.0002813267387465219,0.000659381331234917
2020-11-11,0.0006121232814080762,0.000555786028636362,-0.0006999956033234021,-0.00010467873702573945,-0.0018425324336829461
2020-11-12,0.00010465935402531015,-0.0006279485610565999,0.00014464802339589645,7.24500598030939e-05,-0.0009265713095483769
2020-11-13,-0.0003312261456574163,-0.00037975962480439124,-0.00020127122976238226,-0.0006142704923033018,-0.002049561352991161
2020-11-16,0.00037971053587427964,0.0,0.001178512466385669,7.26940831374341e-05,-0.0001451882206507795
2020-11-17,0.000566100311916584,0.0006548497515579661,0.0011628283877551657,-0.0006469979521763785,-0.0030700148528657184
2020-11-18,2.4373895559119937e-05,0.0003412386997794247,-0.0005347940360176735,4.874600893007141e-05,-0.004216404793581188
2020-11-19,0.0001707490602786099,0.0003089430918882976,0.0005279423772005234,-7.317459869034231e-05,0.0008609417284416699
2020-11-20,0.00016242203777908133,-2.436756028041742e-05,6.499098252394355e-05,-0.0004386000606377979,-0.000657822630891913
2020-11-23,0.0018399120087710307,0.0015396461855928362,-0.00047058442584923345,5.668360428250352e-05,0.004850860030536791
2020-11-24,0.0007244335649055214,1.6095413612214388e-05,0.0007506083912077406,-0.0005634029687443809,0.0044655885912575615
2020-11-25,0.0005231788465325004,-0.0006919413252387374,-5.635594415816937e-05,0.0003137759745758575,0.000562827660951311
2020-11-26,0.00045923115844468835,-9.667517952856083e-05,0.0007088428437863071,-0.00014499758362763765,-0.0018504816531399058
2020-11-27,0.0008529814631603682,0.00025750382374517056,0.0002499405396409151,0.0005789689689628154,0.002364789879746859
2020-12-01,0.0008911663728920774,0.0008593458361217201,6.4032784807576e-05,-0.0004773117891166248,0.012549422531326525
2020-12-02,7.912894857578735e-05,-0.0001978497693589335,-6.339696806124079e-05,1.5825038376083963e-05,0.005039231010802937
2020-12-03,-0.00031708284054816097,-0.0009903697265153915,0.0,-0.00035683841545900737,-0.003348734292781834
2020-12-04,0.00044270525249689297,7.112740897702385e-05,0.0013430349864750838,-0.0004427052524970304,0.0016243095305140806
2020-12-07,-0.0019319852400770147,-0.0017577480020194735,0.0004597992819351285,0.0004437365862304654,-0.0027830545117780983
2020-12-08,0.0003092476979744353,0.00013480562239161337,-0.0006977869337073533,-0.00013478852097936961,0.0012933789538122375
2020-12-09,-0.0009445382188485111,-0.00033360869598348725,5.546421569090329e-05,0.0003493449817187467,-0.001174286438635997
2020-12-10,-0.00062437515118563,-0.00032387640843493964,-3.95474193383875e-05,-0.0007355238566180138,0.004349055649036239
2020-12-11,-0.0005798275771168954,-2.3833262496681808e-05,0.000951437138175069,-0.00043707857381723546,-0.004356994708813458
2020-12-14,0.0003882218300732677,0.0001188829757016065,-0.0004204430579754637,0.00114793759909232,0.001718859955934203
2020-12-15,0.00021419476732680457,-0.00045202758930963963,7.906513389847894e-05,-0.00011899142879106068,-0.0029881171350119614
2020-12-16,-0.0001268401736239004,-0.0004040644181186591,0.0002617583033971179,-0.0001585728447327704,0.0017923567939256762
2020-12-17,0.001212395103994393,-0.0002931470945952291,-0.00010312835920026727,0.0009894290219107477,0.0021212944679948826
2020-12-18,-0.0009488717046761346,-0.0008219979754815417,0.00021288590578582943,0.0004191960198218476,0.0009009792831032173
2020-12-21,-0.0006169129241178795,0.00010281922412168,-0.001125189301048404,0.000711788834404765,0.0005142506887593476
2020-12-22,-0.0018441938859614006,-0.0016628662136518512,0.0012987014812366356,-0.0008004724006882093,-0.002185412455647564
2020-12-23,-0.00011084894467329499,0.0,-0.0012295002242905153,-0.0002930170881602736,0.000736922628743031
2020-12-24,-0.001068295853343766,-3.167313326741486e-05,0.000229427658114925,-2.3752875088670173e-05,-0.00025350349891369153
2020-12-28,0.0009458277879919183,0.0004021780756759073,-0.001911487671577009,-0.0007329385250857154,0.003184602818662526
2020-12-29,-1.5760441292593116e-05,-0.0006145264794304769,-0.0005590617357627286,-0.0002522008477858647,0.0010330131385802557
2020-12-30,0.0028631053864242553,0.0016870589268782757,0.00032368719468203993,-0.000772152136569495,-0.0003705002978795219
2020-12-31,-0.00016627802515857188,0.0008949751311184022,-0.00042686735350124194,-0.0006178462709911613,-0.0050667439031740055
2021-01-04,-0.00011850166508709825,-0.00015800908585116252,0.0003562197992966793,-0.0011383310452056422,-0.0008463750737608878
2021-01-05,3.96238900408656e-05,0.00043587315988816627,0.0008949113407551823,0.0004516014100163457,-0.0006411905782595182
2021-01-06,-0.0024951703481574713,-0.001991397508860242,-0.00041769942799296296,-8.669506592282684e-05,0.0065114930600866285
2021-01-07,0.00034549637965080964,-0.000133428041278177,-0.00023615353237994705,-0.00016488110931677102,0.0019255789561953612
2021-01-08,0.0008099554180974291,0.0005504053481092828,0.0005036435569260692,0.0005893608748543924,-0.002578759694060976
2021-01-11,-3.94659468129966e-05,-0.0001421004020674609,0.0006633918519737116,0.0005129358587545205,-0.0016805334321882866
2021-01-12,-0.00025256312239124365,-7.102468900094372e-05,-0.0006316521070326318,-0.00032368975015076296,0.0001737070671561577
2021-01-13,0.00011869671026221316,0.0005064292887662183,-0.00020541018906751794,-0.00024532206557590166,-0.0030917547589051765
2021-01-14,-0.000983931838952119,0.0002459897728271597,-0.00025297042752529114,0.00025401059043227907,-0.0007843417279706841
2021-01-15,0.0011077154702661633,0.0001035167837464043,-0.0004609906611808941,3.982302647577916e-05,-0.0060657077053972355
2021-01-18,7.987156656343951e-05,0.0005511952688830479,-0.00016772426170759728,-0.00015974951310366138,-0.001133099387112915
2021-01-19,-0.0010633993272609018,-0.0008408294563570639,0.0004916732850832416,-3.970097228212822e-05,0.00697765138339609
2021-01-20,-3.9894518897256795e-05,-0.000638213025252738,-0.0005563503561085482,0.0008055608055750997,-0.005318336905686879
2021-01-21,-0.0009294973042487527,-0.0005721414934806146,-0.0005815551585726677,-0.0004054360281468917,0.003707538656987658
2021-01-22,-0.00015825163625659628,-0.00015831552316778353,0.00019016227237828072,7.913176626096912e-06,0.00279145931825383
2021-01-25,3.177856694821653e-05,-0.00032578078419901623,0.0008723512797851931,0.0008338263980176923,-0.002267358944371828
2021-01-26,0.00015865838503176672,-3.172010182425922e-05,9.533797318692669e-05,-0.0006268473355960484,0.00013491688743398956
2021-01-27,0.0018920278159704523,0.0008264528955216054,0.0003099530724076875,0.0003970302192147311,0.00021424235653319672
2021-01-28,-0.0007034211055548515,-0.0006798580465346699,0.000277165156571051,-0.00014232511825147527,0.0030420443166022455
2021-01-29,-0.0006843792672085624,0.00013372086183354785,-0.00048018074610708256,-0.0005982320846543999,0.004978765753427924
2021-02-01,-0.0011039095284508384,-0.0006859440869750984,-0.000993957452104522,-0.0004419052500813726,-0.0029663545872753924
2021-02-02,-0.0005142873080436186,2.373671238741903e-05,-0.0015968382839777174,-0.0003957856793082415,-0.0011621151801772627
2021-02-03,0.0006734353776380278,0.0005624809518757522,-0.0006570796609017318,0.0003721755286083377,8.700776352039909e-05
2021-02-04,0.0002534573175607743,0.0001267346811152097,0.0006420087961714201,-0.00015048253440978572,-0.0007516804367113363
2021-02-05,0.00018927892672271647,-0.0001025111284612964,0.000830732397679755,0.0006543135656634757,0.0045804259318589354
2021-02-08,-0.0016642810560126336,-0.000749480329668508,0.00014955389674815527,0.00017365633455117998,-0.0013712126345659472
2021-02-09,0.0005770545871941665,0.0007114287369452322,0.00041838197305073076,0.0007820492457626551,-0.0006468560655314816
2021-02-10,0.00027565675395754607,5.512179950460991e-05,-0.0001260100494681908,-4.725004725885084e-05,0.0004891248707059767
2021-02-11,-0.0003699287339070232,-0.0005037307665626178,0.00024418581874362596,5.5104442612736873e-05,0.0022138457065806
2021-02-12,0.0011402733959385502,0.0006057292732768773,-0.0005820172567239867,0.00027504371403813454,0.0005743260677670985
2021-02-15,0.0005556751400100496,4.695570512679275e-05,-0.0005866547939553051,0.0003754928387569697,0.0038639288455787797
2021-02-16,0.0007105350784012526,0.00024984189822430434,3.123926150625741e-05,0.000546222107484122,0.0034515644380386425
2021-02-17,-0.0010753322203374616,-0.0006199214703122841,0.0003519378123113356,0.0008948827437395237,-0.006051999831270364
2021-02-18,0.0002740208664462903,-1.565839642392499e-05,-0.0005329362561969026,-0.0007831160586600839,0.0019744425873564277
2021-02-19,-0.0005308684507775522,-0.00022638652082051378,4.691018264549372e-05,0.000585500678342328,-0.00021919009348541252
2021-02-22,0.00010185653124650621,0.00015675209688027352,0.0016014189647877747,0.0005561103748243974,-0.001814683788825283
2021-02-23,-4.6943581647425314e-05,0.00023464631087226557,-0.00038323915765392015,-0.0005634949356297541,0.0016583751727761256
2021-02-24,-9.335833268801393e-05,-0.0003268609702629511,-0.0005287179490725113,0.0006377749648407737,0.007793410019993123
2021-02-25,0.0007472028387006336,0.00022337848495907367,0.0012261755275558418,0.00023867910477733492,0.0031746550031471767
2021-02-26,0.0008751041196595687,-7.736674545273733e-06,-0.000682107117260442,-0.0018672984230756202,-0.006048264834072874
2021-03-01,0.001510233283301029,0.0008487014987962839,0.0010656545254529388,0.00017889713851189764,-3.8839325598840524e-05
2021-03-02,0.002152217730715918,0.0010800185973842663,0.001129156095348628,0.0008223684673995115,0.002211437520306848
2021-03-03,0.00016269799801144606,-0.0007820273488682057,-0.0006032529436843944,-3.098805410757736e-05,-0.0002868228191090522
2021-03-04,0.0018767600128601842,0.0008184317452424744,0.0008049349133943174,-0.0001852023340787632,0.0015881196519020532
2021-03-05,-0.00012407525179927275,0.000853368140475968,0.0014366375888505323,1.5510248397112584e-05,-0.0010920456026785375
2021-03-08,-0.0013393671364421897,-0.0007281572521618219,-0.0002250094086702674,-0.00014720751249766898,-0.0015404208626395145
2021-03-09,-0.0013461242942498738,-0.0011522921445900225,0.000409524146398865,-0.00048009169124575674,0.0006660006906179162
2021-03-10,5.419110106016395e-05,0.0006348714985618225,0.0004097869551798895,0.0001470753299267242,0.001137370475929369
2021-03-11,0.0011258396790696172,0.0004239198777852462,-0.0003853594295044348,0.0009320993322048533,0.005859738121695074
2021-03-12,0.0013913607213521396,0.00016910849118663857,-0.00010770307810433567,-0.0004148995080723794,0.0016821766257568082
2021-03-15,-0.0005070994023474362,0.00017687069644741353,-0.00013065716730788652,0.0001229568038927929,-0.0018960698705280637
2021-03-16,1.5427932271802752e-05,0.00023141362975260797,0.0005294557855462428,0.00043188549536069725,-0.002893244450414727
2021-03-17,5.382234782073248e-05,-0.0003229576799724788,0.00016163855345614452,-0.0002383781072532746,0.005502288565244251
2021-03-18,0.0005615622346976907,0.00030007963877094057,0.000107522752685826,-0.0003769042361734004,-0.005093957056024753
2021-03-19,0.001080964325341809,0.0011194103035251457,-7.72388650526853e-06,0.0006634420541587733,-0.00181179721973573
2021-03-22,0.0003007020258364662,-0.00020820882649301545,0.00105124032839293,0.0006704711659577149,0.003202422686017623
2021-03-23,-0.0004341926798198101,-0.000294681009941579,-0.002069038403124935,-9.30658208689635e-05,-0.010136176761556386
2021-03-24,-0.0005125696158446076,-0.0008230453139507893,-0.0002178361103084541,-0.0007071559029422875,0.0001867704285585335
2021-03-25,-0.0014540706814161325,-0.00048218633547144615,0.0007606451879499087,-0.0006772141072642455,0.00038899305748912286
2021-03-26,-0.00020882397375088257,-0.0012296081883634222,7.745303441452913e-06,0.00044079947817796854,0.005584786703507359
2021-03-29,-0.0006652742567639337,-0.0005802326508831707,-0.0015567219051767327,-0.0007508989851855002,-0.0009514417379568399
2021-03-30,0.0004018236666384952,0.0002860091310516952,0.000973506787126548,-0.0006955661802490013,0.0006807984171352356
2021-03-31,0.00019238242607392972,0.0006308857229008541,-0.000246381276269269,-0.0008621619242966793,0.004267623904041841
2021-04-01,-0.0004998058550572046,-0.00026139972009948703,0.00046168052528270027,0.00032298003187579844,0.0026609259721231786
2021-04-02,-0.00022282068021766053,-0.00033791827307390305,-0.00025350587232323584,-2.3053249164292603e-05,-0.0004993451000849945
2021-04-05,-0.0014844843374835946,-0.0008843127352118809,0.00042330323381564733,0.00024628456766874956,0.00035359592042027977
2021-04-06,0.0009846836345779955,0.0006538839012141368,-1.5342717962596676e-05,-0.000992380293843157,0.0017047291152523128
2021-04-07,-0.0002297459785414462,-9.955315955492926e-05,0.0007282177002749428,-0.0010191767007987208,0.00021480464367502216
2021-04-08,0.0012480645066561338,0.0010709650109269927,-0.0009533988620160796,0.0010157910191010324,-0.0012357572887683136
2021-04-09,-0.00029135071932047374,-0.00011499407793183673,7.675009405652016e-05,-0.0007671182812249144,0.0021864807535420085
2021-04-12,0.0004452188938463446,4.605040985680886e-05,0.0008539480226130426,-0.0002225846694405429,-0.0011656890004361762
2021-04-13,0.00046784703022694526,9.204712819450577e-05,-9.221760286876525e-05,-0.001419555572266581,6.905891879508075e-05
2021-04-14,-0.0005905428947933016,-0.0004217581241370904,0.0009663022056557229,0.0009201748981460334,0.0012882251881219293
2021-04-15,-0.0002535331392915024,0.00016899937049531002,-0.00016112387775617037,0.00014598147597838528,-0.002839363128038166
2021-04-16,-0.000414034232744086,-0.00018403355597105,-0.0002452765121711797,-0.00039118979723609296,0.0016508812926801216
2021-04-19,-0.001191634101808263,-0.0004609604961658236,-0.00026919660359532246,-0.0012084593615684944,-0.0003533297525044355
2021-04-20,-0.0013795748499590961,-0.0007895231460608602,0.0007337149999366185,-0.0008440114058919951,-0.0007454743521649681
2021-04-21,0.001463847096794361,0.00047003888318042396,-0.0002770232332476127,0.0014693949276344514,-0.00010764014372654754
2021-04-22,-0.002078666706848382,-0.0010006235488792814,0.0004769084118572368,0.0005855432621804257,-0.002478926555239832
2021-04-23,0.0020925821011596613,0.0011074709267216841,0.00030744162694302694,0.0008296651855231386,0.00564945027437513
2021-04-26,-0.000935740760726758,-0.0003912588226990817,-0.00017656112707220299,0.002169273071337888,0.000635628125352719
2021-04-27,0.0009086918136676947,0.0014200426872093502,-0.0006656134408926713,9.158697334341527e-05,0.006090692008225133
2021-04-28,-0.00016731564896659332,0.00020539113771405668,-0.0010490149344363996,0.0012921666108298155,0.0020523898534200963
2021-04-29,-0.0012779844373393215,-0.0011114682731275477,0.0005607122707998544,-0.0013553882535792378,0.0029571463119346018
2021-04-30,-0.0003342880834638031,-0.0003342068315637271,-0.00015940186382109044,-0.0002811924096578896,-0.00526067294108921
2021-05-03,-0.0005852509335347195,-0.00047119265811246367,0.00036358954171660044,-0.0001672774833200623,0.0007984578781435616
2021-05-04,-0.00019053498470485847,-0.0002819187254611992,-0.00028915809539774686,0.001447156210272783,-0.0018716766094896383
2021-05-05,-0.0009380255632452352,-0.00033561654599463937,-0.0007015885166262377,0.0003737904299773281,-0.0015929213652859237
2021-05-06,-0.0010023160412393434,-0.0011158470397998493,0.0006387492898172986,-0.0008740495268449889,0.0035786113600704333
2021-05-07,0.00122263793636828,-0.0001973434541509782,0.0003716020260945302,0.00045525939189727024,0.0037324515895434084
2021-05-10,-7.558121961450828e-05,3.0239344413168568e-05,0.0006950163079781212,-0.0006880517444385293,-0.0007267772293560518
2021-05-11,0.002097857850036662,0.0014533455994324546,0.0002191598628820322,-0.0016658089080891243,-0.0006818337044534004
2021-05-12,0.0011205076768773768,0.00023455617917167958,-0.0002651967206919291,-0.0005979525979060765,0.0031401476322916165
2021-05-13,0.0003094725028189058,0.0007245775501738278,-0.0026064405132344972,-0.00142739027101314,-0.0008086854767748151
2021-05-14,0.00048224364787407013,0.0010019927685323278,-5.282321204075731e-05,0.0003314076570435994,0.004112204689460713
2021-05-17,5.278537092383084e-05,0.00036193090530934,0.0006936277005380784,-0.00016590626334215172,0.0006255676476526821
2021-05-18,-0.0003382606668928502,-0.0005637974537904653,0.0009924141286207502,0.00022551982414838127,0.0029942845122152557
2021-05-19,-0.0012112595945986471,-0.001751544324723795,-0.0010508223651206966,-0.001318252715357519,-0.0013230000952520523
2021-05-20,-0.0010534871395423415,6.77341060299686e-05,-0.0009482525771502953,0.0010234029036797702,0.0005790279260749553
2021-05-21,8.294468725182839e-05,0.0007237854292268875,3.011957471409641e-05,0.0011906288378186203,-0.002280451207859993
2021-05-24,0.00021059915537308422,0.0005791760067128011,0.0011226009353592545,-0.0005416303204659495,0.0019966628469298316
2021-05-25,-0.0012213444547748262,-0.0010040086259047768,-0.00021012187145826475,4.498391825671955e-05,0.0028036593693701152
2021-05-26,-0.00018760247840376548,-0.00019512341617947316,-0.00018764612997366882,-0.0002176629760119248,-0.001231739988244768
2021-05-27,0.0016405665505718782,0.0005993048243618989,-0.00020275521882548767,0.0021757749965374525,0.006502041678849415
2021-05-28,0.00029903859315880425,0.0001943140719397312,0.0003359826216598139,0.0010309972448763875,-0.00035845773943088226
2021-06-01,0.0008435448792021759,2.23843011445762e-05,-0.000597050587919295,-0.0003283753658427171,-0.0007775352525458316
2021-06-02,0.0002466708787637618,0.0004933362335917315,-0.00044066847879566025,7.473925343091049e-06,0.0005084568444643859
2021-06-03,-0.000433732423811007,-0.0001570404606757178,0.00028399961327779276,0.0001570627768190117,-0.00010466115959158233
2021-06-04,-0.0013645430898647293,-0.0009222844813929146,0.0001273937856037178,-0.0006229103623295291,-0.003932721901865781
2021-06-07,0.0002782069953168115,0.00011278322699798419,-0.0005184948736322826,0.0012397114938683682,-1.501625509650234e-05
2021-06-08,0.001020454190627796,0.0006827347165698146,-5.250938606460207e-05,0.0,0.0006154816337931204
2021-06-09,0.0006665493586907291,0.0003896415347222696,0.0008022643778817264,-0.0003369638095316074,0.0018217057848654247
2021-06-10,0.0008770450891085963,7.492432646542936e-05,9.00914428753778e-05,-0.00031474820403729493,-0.0029929474347656494
2021-06-11,-0.00019556812602771807,0.00027075608802528664,-0.00035268472227716416,-0.00020313046688276166,-0.0025198119337893365
2021-06-14,0.000840809328465798,0.00029275652999850274,-0.0007601215055147682,0.0006301433784653494,0.004816968617896309
2021-06-15,0.0010413116972268583,0.00047944026268774534,-0.0003443113806469169,-0.00047931817908007483,0.000367270918895261
2021-06-16,0.0011035415792514036,0.001036183932747854,-0.0005923704362927154,-0.0003902292646419984,-0.005643852038807877
2021-06-17,-0.001214172576824406,-0.0004399305284128968,-6.808459134859827e-05,-0.0003569435041903575,-0.010835491502768423
2021-06-18,0.0008014686386909673,0.0004960715055234179,0.0012962752968443728,-0.00256696398994993,-0.0038547459139276256
2021-06-21,0.0008762138979524024,0.0009288939977634016,-8.41168306805054e-05,-0.0004342013619868742,0.005041636508029677
2021-06-22,-0.00025044111918692786,-0.00031125096568282315,-0.00015214563409407216,-6.072244531159326e-05,0.005001205702260502
2021-06-23,-0.0006641660055310589,-0.00025660183837515437,-0.0002794910260027027,-0.0006117247429502005,0.0020191867347477666
2021-06-24,-0.0002192062474999131,-0.00012847787741991762,-0.0008845978492137968,-0.000657907198322109,-0.0008691873645869623
2021-06-25,0.0009525034171153547,0.00045338109724094174,-0.0004762930880119844,0.00022665286699584885,-0.00031763077958020107
2021-06-28,-0.00044655866744209633,0.0007268432610003488,0.00037840660998088847,-0.0014773345515602656,-0.0026574919391062052
2021-06-29,-0.0010272136404117886,-0.0001445454997512554,-0.0010093919840053775,0.0014073955240017548,-0.0028850407973048586
2021-06-30,0.0006011376139328147,0.000723090596696636,-0.0012402842829772874,0.001117611620886108,0.0014511530093796
2021-07-01,-0.0001966092473172785,-0.00011338854107539284,0.0003488522039609437,0.0009146607133274509,0.0032744418369511715
2021-07-02,-0.00021249146319610025,0.00019738390474240898,-0.0006065477008252551,0.000591828235340484,-0.003456670032713054
2021-07-05,-0.00035714421786992186,-0.00033433888596671416,-0.00012154175733973383,0.00017478863918352812,-0.0008656891501778103
2021-07-06,-0.0013896526578160689,-0.0010385089168429913,-0.0010808507803754918,-0.000649675758226815,-0.006570195663542375
2021-07-07,-0.0012851997270812738,-0.0004285506635422001,0.00042029490036820554,-0.0005359877616831105,-0.002250787577174391
2021-07-08,-0.0003153615723450183,0.0002615123117978028,-0.0005009884993045833,-0.0009697828754447178,-0.0037164487766716855
2021-07-09,0.0023569755929696524,0.0012701912350579327,0.0002302767937224686,-0.0013385091009243855,0.0058142820410009765
2021-07-12,0.0018958221159732173,0.000595688151965306,6.121824305566963e-05,-0.0006264467686932369,0.0005885567916984035
2021-07-13,0.0012726354467600554,0.0005904161071399738,-0.00016821372357801487,-0.000789456580652678,-0.00454929175503087
2021-07-14,-0.00012294074271689042,-0.0005841795134503472,0.0,-0.00026129927369133364,-0.0010906131555198865
2021-07-15,0.00011546766340919274,0.0003310557243206994,0.0011309650952568467,0.0009309519077891048,-0.003186480945023393
2021-07-16,-0.0015752814750203085,-0.0009685975312365072,0.0008076271201731129,-9.997961962214665e-05,0.001632992975906425
2021-07-19,-7.748754391606135e-05,-0.0002170559470222735,-0.0017171901095422203,0.0007436326797415422,-0.006007229807713371
2021-07-20,0.0029176257583200323,0.0011638464105564118,0.0008047667384737427,0.0018346711448024374,0.0022975089494047985
2021-07-21,0.0020324584337721623,0.0001769550654157847,0.0015358674301102337,0.00039984621832216236,0.0051482545715159245
2021-07-22,-0.002252538901549423,-0.0006761429377838761,0.0006999381109759054,-0.0004772975810023128,-0.0036040792787689836
2021-07-23,-0.0013772252247083766,-0.0007618637555924768,0.001522479936687189,0.0010388651910276602,0.0036502011943740777
2021-07-26,0.001774350734551625,-0.00029941154340028405,0.00030806435707993564,-0.000537349650986326,0.0011216017031869206
2021-07-27,-0.000839498044905807,0.001124816180351233,-0.00043190881225511625,0.00044679311141203435,-0.004146973232819285
2021-07-28,-0.0003386960235594014,0.0007545949800202452,0.00047742989617980975,6.158962832585804e-05,0.0038244495590897933
2021-07-29,-0.0005903436814922796,0.00020701473328773904,-0.00013808975856233956,-0.0008593043233113798,-0.0005531398509271267
2021-07-30,-0.00029167722284461673,-0.00014578545777518942,0.00033002414080746014,-0.0008217589943921836,5.37909147275337e-05
2021-08-02,-0.0008770715606326979,-0.0009461721123576621,-0.00026089825883311946,-0.0007545891697219298,-0.0026015423799684487
2021-08-03,-0.0008195137495263272,-0.0001083004565147872,0.00012332832327656323,-0.0006808616257081692,-0.0031339034996948666
2021-08-04,0.0020378239394825116,0.0010196594294289633,-0.0014754107368784286,0.00042402446099986307,0.0017225468593642138
2021-08-05,0.001809453538391168,0.00022323748327003528,-0.0003235946773799145,-0.0010852791810340285,0.002405051765562379
2021-08-06,-0.00046984338134828824,1.5405234699071947e-05,-0.0008019803173539405,-0.00045464879164606857,-0.001988378662726923
2021-08-09,-0.0005252952975539139,-0.0002780523992210164,-6.175126592061495e-05,0.0007492343870576017,-0.001049820237527327
2021-08-10,0.0002316995947898546,5.405384536500445e-05,0.0006481131647238357,0.00039376614660446065,0.0006408301671982427
2021-08-11,-0.0002776449555865806,-0.0007557763261930258,0.00033145125850216783,0.0002545108200116102,0.00045528029461355997
2021-08-12,-0.0006558060283726753,-6.945757495536587e-05,0.00016974260888841938,-0.0011969899067259078,-0.0007022987064606575
2021-08-13,-0.0009418668186442819,-0.0008644110194949464,0.00031672583009383467,0.0005096446497241044,-0.002024761507204232
2021-08-16,0.000170993316132466,0.0005364994705374669,0.00017843497062441845,7.771728782182294e-06,-0.004644265247251827
2021-08-17,-0.0002491202952502501,-0.00010118660764973125,-6.212337704681551e-05,-0.00039716378855624484,-0.002809416890284134
2021-08-18,0.0001477110618835931,0.00011660493096578117,-0.0005682238487760139,0.0003652968077152075,0.0017286089006179107
2021-08-19,-0.0005529961236479452,0.00013240855067031012,-0.0013264878113518656,-0.0015983972651486878,-0.0029450971430886345
2021-08-20,0.000312051428607393,-0.0003195722435836506,-0.00018746045810871714,0.0003587388030080818,0.0018475431768764413
2021-08-23,-0.00024829684014658003,-0.0007060695112258171,0.0009620458179237687,-0.0002017865880852722,0.004216330109744684
2021-08-24,0.00023304772145956313,7.767563431840294e-06,-0.0005512401100764238,0.0019709638493229033,0.0006518652111539865
2021-08-25,0.0009291666044654776,0.0012155702869137278,0.0015051246896572194,0.0011293230677131263,0.004288596137944613
2021-08-26,0.0011195745242451205,0.00042480392076325445,-0.00021598772039521736,-0.0018924258429419412,-0.0006645340006862951
2021-08-27,0.0016133331171894537,0.001358433688108421,-0.0006257314889157613,-0.000246848821779008,0.0013903803384598507
2021-08-30,-0.00037808204830735125,-0.0006171601572155539,0.00023153865255331172,0.0006403407139882096,0.000894972014710964
2021-08-31,-0.00013869946160610487,-0.0005780369256783592,0.0005080127574272366,-0.000531859555369402,0.0015719760043217776
2021-09-01,0.000660131896827683,0.0007216835500671853,0.0005523929495542802,0.0007670476712665018,0.0028294869675854996
2021-09-02,0.000460073313128586,-8.43302834380149e-05,0.0001918141403593059,0.0004445364248169687,0.0022854172779601593
2021-09-03,-0.0012111179024128184,-0.00022240713635117342,-4.59266857088193e-05,-0.0007212350311108635,-0.0020167249252471325
2021-09-06,7.671329556663219e-06,-9.204995250582371e-05,1.534307106953523e-05,-0.0003759643722137772,0.00019176558633568315
2021-09-07,-6.130409130105936e-05,0.00035236891857963395,-0.00029119220423684593,0.0004290497380426498,0.001716580748276886
2021-09-08,0.0007596656302042739,0.0002915407180274797,-0.0014657189441783164,-0.00042196521331177173,-0.002307336587663055
2021-09-09,-0.0008163328626829918,-0.0005007800717149439,0.0006075684758889428,-0.00013868877490698082,-0.004199037162591723
2021-09-10,0.0005462147836892369,0.0004462019060689865,-3.0721258345301036e-05,-0.0004154037938404621,0.00024658442173749383
2021-09-13,-0.00014645181954026434,0.00014644730428249207,0.00033136696882827155,0.0007859636549679506,0.0011860113676223304
2021-09-14,-0.0017245232965662429,-0.0008931321813284307,-4.612227014635208e-05,-0.0012336257048326349,-0.003384619801825034
2021-09-15,-0.00031751563644036226,0.0010299419728959532,-0.0003712268315885782,0.00041042797371696523,-0.0020950997037349076
2021-09-16,-0.0010545824908638815,-0.001248337973178789,-0.0001164447102426276,0.0006747507750003546,-0.0006735284239736534
2021-09-17,-0.0012683094518764347,-0.00032485362536141364,0.0008109016511785363,-0.0011227125912654792,-0.0016043592399909478
2021-09-20,0.0007711752235153483,-0.00020241969457039793,-0.0007005799531474983,-0.00020247328979251423,-0.005147516148128753
2021-09-21,0.00013264099952722247,-0.0008889859907344291,0.0002488490743213995,-0.0011631584572849814,-0.0016696839282547785
2021-09-22,0.0012054706488929885,8.558279946566164e-05,0.0007475355038114498,-0.0002954003084314149,0.0024022161846361995
2021-09-23,0.0017021807492638105,0.0003249290213411267,0.0008847223014883802,0.0003014481126282629,0.008571159696973814
2021-09-24,0.00018516946916990041,4.6294510250937145e-05,-0.0005862976245461309,0.00026226473461039797,0.001967570454553871
2021-09-27,-7.70721819527313e-06,-0.00015415089861952035,0.0008101508480967742,0.0008936413395356923,0.000924869813437223
2021-09-28,-0.00012290674466226476,-0.000568321470199815,-0.0001999892320157717,-0.0005840134181697863,0.003452986338977812
2021-09-29,0.00020018786928351464,0.0008933660468169024,0.0002310856413665787,0.000692648716277366,-0.003306627026605237
2021-09-30,-0.0012045496364128788,-0.0012429602579187417,-7.702854681740738e-05,-0.0008888992534963312,-0.0073443338346986286
2021-10-01,-0.0014446267842122783,-0.0003185121624770357,-0.0008542827263254179,0.00018652076651943882,-0.0011412734588400236
2021-10-04,0.00038682026492112655,-0.00023214603637524575,0.00028656069280455834,-0.0034479720200487553,0.001569017666518371
2021-10-05,0.000449243265033761,0.00038735368199167543,0.0012413109836201775,0.0010835495042576598,0.003153880062516962
2021-10-06,-0.0014164639029797467,-0.0014940823123761545,-0.0011864559320688608,-1.5576687929191454e-05,-0.0040468308581466965
2021-10-07,0.00047356756403852236,-3.8813698135221e-05,0.0005514242028548475,0.0006207324842388986,0.0019091676863444889
2021-10-08,0.0019632553049164815,0.00010816741235473277,0.00024743862488526945,0.0012655689803637768,0.006861461484725139
2021-10-11,0.0013131677473567148,0.000397046589469994,0.0007504690783741788,0.000137324910954608,0.008175769928511536
2021-10-12,-0.001037297019254827,-0.0007937841018851818,0.001274473689025575,0.0012278595986766725,0.0005040014768548156
2021-10-13,-0.0008692735251215934,0.00012195679695575663,0.000670629502348409,0.0009302468112195832,0.0027827033032535105
2021-10-14,3.0375286668995572e-05,-0.0003340419101816121,0.001366815457334516,0.000501059067125379,0.0036780392852766176
2021-10-15,-0.0009119721463093273,-0.0010856209083244853,0.0006262331527254887,-0.001682924005300447,0.005061731262570177
2021-10-18,-0.0003469865011806528,-0.0008294875750846861,-0.000354873664925605,-0.00013581010749868838,0.0012515740552431066
2021-10-19,0.0005936792127387207,0.0007965493304830643,-0.00019569177103293304,-0.00045837952372170687,0.0022353610157096683
2021-10-20,0.00013527528541178367,0.0004811415175102152,0.0002783053478915382,0.0005033639089188028,0.0012322027179864378
2021-10-21,0.0008528270221535995,0.001018987214966697,-0.0006627654128442414,0.00046761397056875516,-0.004915309424658868
2021-10-22,0.0004682001565647428,-0.0005661467075041016,0.0003242578858897341,-0.0010953275935421407,-0.0030304542041815472
2021-10-25,-0.0003788366728897273,0.00029561467222028517,-0.0009741621277635884,-7.578455969004432e-05,-0.0006814361909435134
2021-10-26,0.00028669508665191183,0.00018859882445668475,-4.5362788912084514e-05,-0.000830132340572498,0.0023149909719868997
2021-10-27,0.0012114880825126542,0.0013042952589151441,-0.0011749947339995182,-0.0021817364057373973,-0.002322565094240874
2021-10-28,0.0031536582451318685,0.001452356173264474,-0.0014648569830152073,-0.000188788244339236,0.004737751746944919
2021-10-29,-0.003386528193273796,-0.0021228463167619663,-0.00040744262413453604,-0.0008408486248336975,-0.006549614253025579
2021-11-01,-3.022152377146699e-05,-0.0006118448824229282,9.08375220149162e-05,3.777676200713943e-05,0.0024738724161188484
2021-11-02,-0.0006294865342273582,-0.0002655367461555803,0.00022785790879463903,0.00034892100327441733,-0.0029133029817970217
2021-11-03,6.0578066215203807e-05,5.2992766499853636e-05,0.00021221285028434291,0.00048449246577829814,0.004023419884619465
2021-11-04,0.002072729123210508,0.0008080192534759774,-0.0010103197799574777,-0.0004949307769031015,-0.007234085382671279
2021-11-05,0.0007480459557418567,0.0003433162090415168,-0.0003350109290576572,0.00033567543552494306,-0.0028854775535294376
2021-11-08,0.0006176393411463237,0.00033547069139485054,0.0009150177923106191,-0.0002973342859771596,-0.0002666554941117295
2021-11-09,-0.0003975899982031575,0.0001452760438534284,-0.0002828302922451233,0.00022175237996765405,-0.002494765721784656
2021-11-10,0.0008840116411694694,0.0005641146979500726,-2.2889842633215093e-05,-0.0007925259128792158,-0.0006112889982591494
2021-11-11,0.0006045509862682112,-0.000627338194102251,-0.0002753577756252813,-5.35530538757794e-05,-0.002134799171780759
2021-11-12,-0.00032219707999957747,0.00014573178474360968,0.0003985224068319091,0.00019179648150613357,-0.001747957328782395
2021-11-15,-0.0012594846994091798,-0.00040716456540721487,0.0007670770905026665,5.37909147275337e-05,-0.005189385345947459
2021-11-16,0.0004541273712876098,0.0007770576067561519,-0.00010792892120111161,-0.0003155581749981346,0.002386617603569186
2021-11-17,0.0002857352489311583,0.0006411123131633709,-0.0007392690813977408,-0.00032435438317216626,-0.0062170930643447786
2021-11-18,0.00023128160951750974,0.0002621130955914794,0.00036321343825341753,0.00014645069069971268,0.005247735457070186
2021-11-19,0.0015296399788156392,-0.00013188569408440615,6.211421252821379e-05,-0.0007373515443958799,-0.010056555706650608
2021-11-22,0.0016732904970926952,0.0011234693912840943,0.0008929091961149874,-0.0002632027140555868,0.002700313573405861
2021-11-23,0.0006874259260343672,-2.3175597641885766e-05,0.0008356223164098168,8.492995214286519e-05,0.0032570420682219063
2021-11-24,-4.6438190776466976e-05,-0.0003404834898402688,0.0016519635361278424,-0.0005032186746122394,-0.0014144656567862642
2021-11-25,-5.412322312850346e-05,3.093030628981815e-05,-0.0003167600877874311,-0.0001314543101508149,-0.002261112934856421
2021-11-26,-0.0004212464275847681,-0.00020286033135813797,0.001439302536961203,0.00026524992159019766,-0.005402414293118382
2021-11-29,0.00011711750412568954,0.0006013769369657518,0.00043756495802875706,-3.122999328799561e-05,0.00070835590449712
2021-11-30,-0.0018031173047401666,-0.00266245204220726,0.00023396921071942742,-0.0017750674220776085,-0.001105566092319475
2021-12-01,-0.0008432888763975355,-0.0006090229274552598,-0.0003969659400870612,-0.00211916673315114,-0.004661467079178952
2021-12-02,-0.00024240623493703927,0.0008370787225390017,-0.00017951149507135068,0.0,7.826073349956827e-05
2021-12-03,-0.0009861933738147428,0.0008066190180755713,0.00037489163727817524,-0.0004934616433712391,-0.0018485886281009055
2021-12-06,0.001133729347802383,0.00048481816359017556,0.00017195426059040482,-0.000852131748907802,0.00195454572141104
2021-12-07,-0.0008373800668528054,0.00048523934208224675,-0.0013978098053237836,0.00042269066717817575,-0.00044530033117765234
2021-12-08,0.0011861891773030503,0.0013103468866176322,-0.0001639491449038944,-0.0007130954067244452,0.007713871386958572
2021-12-09,-0.0003434843397107793,0.0003437177798423401,-0.0008328436642383372,0.00043714141440057456,-0.0065970894767737286
2021-12-10,-0.00017166980136257284,0.00069456641169025,-0.0007722821319703559,0.000733292281023359,0.0013494068168533682
2021-12-13,-0.00010151768954441054,-0.000124950215311151,-0.0005386480065600053,0.0006791913980367307,-0.0018242631997470702
2021-12-14,-0.0018944345946640597,-0.000428918469176008,0.0009887462803013101,-0.0007572180017628636,-0.0008587108936005511
2021-12-15,0.0001092580598416004,-0.0005461880114871772,0.0,0.00036670763279833296,0.00644570884454248
2021-12-16,-0.0007934347582830576,-0.0007470352387749429,-0.0007126866262349833,0.0005368041610639486,-0.00037253197996957923
2021-12-17,3.9048924402273935e-05,-0.0007494964671699642,-0.001204917764394002,3.904739964332044e-05,-0.008364074873868355
2021-12-20,-0.001194309608619901,-0.0006480906929117877,0.0015638931608050318,0.0010928877521228177,0.004331380301834971
2021-12-21,0.0011903698164767516,0.0001322550657562823,0.0006855024299971609,-8.55348846772708e-05,0.003761027618597426
2021-12-22,0.0008655734191128145,0.0006180804164844403,0.0009145940382843731,-0.0008655734191128943,0.004660205620036671
2021-12-23,-0.00035531936632644264,-0.0008652457605849108,0.0006489393160478841,0.0006950719679297974,0.0026190868260328646
2021-12-24,-0.0009814415612969607,-0.000803703260393332,-0.0006553661225252298,0.00010823765907980419,-0.001768483619782209
2021-12-27,0.0007304237166547889,0.0002998719799796836,0.000662920419871296,-3.843005538241931e-05,0.0044774526391630895
2021-12-28,0.00018498820752939514,0.00010795805069090816,0.00013067926330893387,0.0007627148394199601,-0.0013542213758996149
2021-12-29,0.0005673628514205384,-0.0006515532108696639,0.0008474772651422181,-0.0007514415762747241,0.005421232821391641
2021-12-30,0.000383459112619481,0.0007592170459967813,0.0008755693679995886,-0.0005445557978281915,-0.002284698884685935
2021-12-31,0.0010699847401602508,0.0003134712377581878,-0.00011503111604375934,0.00041240263300242654,0.0044037246201323425
2022-01-03,-0.00039144501273142993,-0.00024565120722930874,-0.0003365329489866048,-0.0009984946603638393,-0.004646098026390984
2022-01-04,-0.0017446759443354352,-0.00130237606804805,0.000557458310064877,0.0003507033162159229,0.005592569057942544
2022-01-05,4.569548529390252e-05,-0.0003122893500437043,-0.0004811015026032623,0.0005025125733886448,0.002057770713165562
2022-01-06,-0.00024465393059164124,-0.0014528551153553673,0.0019012065786511469,0.0009095043828406127,-0.0036382675624036034
2022-01-07,7.620615292174055e-05,-0.00022861497527658478,-0.0008395921602071969,0.0006094402480125385,0.0030366171944977973
2022-01-10,-0.00013809293676579867,-0.001442149358960604,-0.00036653253004718917,0.0008819323324345988,-0.005017633304342582
2022-01-11,0.0015955237121305253,0.00033594710676121165,0.0004052561006362297,0.0001296675554523857,0.0036378127669962085
2022-01-12,-0.0012578570064937795,-0.0009755652192108285,-0.0004195382852077413,0.0004347113242119473,0.000709206366827772
2022-01-13,-0.00084097221338496,0.0006576985377683212,-0.0006929928046165556,-3.824281895924976e-05,-0.0033904291127260554
2022-01-14,-0.0006459799509442645,0.0003537590783786404,0.00021455938779654975,0.00010769230779657145,-0.0031333698609164445
2022-01-17,0.000512838187832249,-3.060514013579287e-05,-0.00047419101608257467,0.0001912901763024045,0.002197811497738772
2022-01-18,-0.001737700061274359,-0.0008922528436387822,-0.00017605431703859113,-0.0004618439973097941,-0.0073012358661741885
2022-01-19,0.0005785229314280359,0.00029297929308590354,0.0004388244195366678,-0.00025450885712505314,-0.0005857914904021844
2022-01-20,-0.00029374251361049213,0.000162306922746637,-0.0003701732915971342,-3.865675507947759e-05,-0.0057295226345885734
2022-01-21,0.00075202254959983,0.0006590296995712271,-0.0007896448556969011,-0.0001317569009582154,-0.00026368240382973024
2022-01-24,-0.00021732550012201564,-0.0011792454196757488,-0.00034979032370229955,-0.000753243057438738,0.0004415951728711759
2022-01-25,-0.0007316940599971148,-0.0003969782998414871,0.0002019480223723864,0.0004982328407361783,-0.0028855123961493818
2022-01-26,0.00035667486363129443,0.001008369552015781,0.0001785499420574548,-0.00017832152969585803,0.0017152463177173547
2022-01-27,0.0005907501143429809,0.002138223290879593,0.001474457240142789,-0.0003108776099895694,-0.0031144567695599533
2022-01-28,0.0003966911344881999,0.0008171111297697117,0.0001864352803095334,-0.0001399906675175122,-0.0010740554404509966
2022-01-31,-0.0004953483793490677,-0.0007818094254048069,0.0005192490380746858,0.00017030368284195552,0.0056785717268066655
2022-02-01,-0.001749416017514193,-0.0001006905045833159,-0.00015487787910222484,-0.0006277488435857672,0.0005181527583825193
2022-02-02,0.0003019756196995797,-0.00017794626843341732,0.0005103382261295996,0.00048761422168088235,-0.000765723472031644
2022-02-03,0.0009073961025057281,3.811077277684317e-05,-0.00036301706192635064,0.0003276802175245982,0.017031481879132684
2022-02-04,0.00031843270724578174,3.0340266086353127e-05,-3.7937562364331744e-05,0.0003637989747644476,0.003121549181329307
2022-02-07,0.0003039721584909421,0.0007673926881651229,8.373137457562887e-05,-0.00022037060345342626,-0.0025642012305081684
2022-02-08,0.0015395761244210307,0.00041695253789001205,0.0002659625008553145,0.0002045927285788381,0.0023520317972653302
2022-02-09,-0.0005151125028680523,-0.0005302026255620698,0.0017204989900260483,0.00020456172721414738,0.0005303392022236081
2022-02-10,0.002309982479604556,0.0005341016499815502,-5.2830388051366384e-05,0.0001127289808613336,0.0030628821821092507
2022-02-11,0.00034062652901665976,0.0005224126497243835,0.0003480708586336789,0.00043885867185387427,-0.011047654759473587
2022-02-14,-0.0005358482605980811,0.0006660312821567858,0.0018888066978571272,0.0016449070893755397,-0.005557648035649443
2022-02-15,0.001270914125626558,0.0004336892950527628,-0.0001905872762080681,-0.0006695019308058898,0.00521500626426572
2022-02-16,-0.0004188928342993774,-0.00034293683820628944,0.0007977723580925295,0.0006016274584506252,-0.0005941906612649434
2022-02-17,0.0009567510995759365,0.0008187658519374942,0.000925094200036833,-0.00022953679575597738,-0.0053943085748266355
2022-02-18,-0.001173245538411938,-0.0005368633504973261,-0.00021387596803126675,0.0001381003531425481,-0.002938594735938712
2022-02-21,0.00021503559689958402,-0.0004838505380270277,-0.00015330016969701288,0.00047598576012297,-0.0036885776898308627
2022-02-22,-0.0014333183768587472,-0.0011031863281844938,0.0023972719474730786,3.068072866988375e-05,0.005938159241453403
2022-02-23,-0.0014439548431241364,-0.0006447948394178912,0.00035979897577495903,0.0012443831540084004,-0.003834233836733638
2022-02-24,0.0018977994340312876,-0.0006071031249911419,-0.0027108098391914505,0.0005127209279149351,-0.004567979671064441
2022-02-25,0.0015845791489705195,0.0004618155590767492,3.1025068257746e-05,0.0006684620627786582,0.006775036223985305
2022-02-28,-4.6407660366188644e-05,-0.0009741314765342358,0.0009283902381250381,-0.0010292565111407726,-0.0012776387879077113
2022-03-01,-0.0007741058096537648,0.0009226968422797765,-0.0012766224177468886,-0.0022710374301442076,-0.009505604790620091
2022-03-02,0.0026942511641574055,0.0016811654824606943,0.0016821256641151913,0.0008730969770172126,0.004074883470228309
2022-03-03,-0.0017377151076567933,-0.0001720416657877062,0.0008105054412444224,0.0015734659021364357,-0.004481721483898252
2022-03-04,-0.0003669051591335644,0.0006222030975853723,-0.0011176967168271107,-0.0018525325897888565,-0.018329720272338035
2022-03-07,0.00047858721968942495,-5.5766450121446105e-05,-0.002837381575440001,-0.0007099865081715851,0.002947933988912357
2022-03-08,0.0017325104270789916,0.0012639563511255456,-0.0010338713035496474,-0.0009612520849005232,0.006020593122979325
2022-03-09,0.004601487166022244,0.001837093375849757,0.0011637417178003123,0.0013654116105878637,0.01757464751125139
2022-03-10,0.00036807462149497845,0.00013310835431178618,-0.000476534587069949,8.61255632948326e-05,-0.0031135291889425112
2022-03-11,0.0011311556544965633,0.001388759078490863,0.0006703092247024085,-0.0016464505551102087,0.00012504005205460925
2022-03-14,0.0015601350132278776,0.0007798355019596152,-0.0010973132384528897,-0.0006639183778695608,0.006817864480129024
2022-03-15,-0.0016127977814604265,-0.0007093237820634774,-0.00010789149208997193,0.0006716720640079086,0.0029639256635275945
2022-03-16,0.00011504346738376818,0.0007293078424449417,0.00047679471814945045,0.00026071620422198153,0.009702298416885774
2022-03-17,0.00041028446965043217,-1.5193181300616559e-05,0.0004965907239585759,0.001389157961117496,0.003801489366386251
2022-03-18,0.0021191195738066333,0.00035696519208952695,-0.0007987615817202997,-0.00018970220604675218,0.0009196311483430414
2022-03-21,5.3184821064622126e-05,-2.2795053474546962e-05,-0.0009561536037837753,0.0005772532023151061,0.0003947648163987536
2022-03-22,-0.0029025413837139333,-0.0008570849113868947,0.001113569103680535,0.0010913210959197538,0.015634261275412363
2022-03-23,0.0004883381199864429,0.00024034670127197967,0.000518381908810833,0.0005631708921921077,-0.003900712838335858
2022-03-24,0.0007000506705507526,0.0005734051860384399,-0.0007929858575814727,0.0008557789784857077,0.010336105752175292
2022-03-25,-5.965875195645988e-05,-0.0007161507206488256,0.0010754696880362555,-0.00029088739506618764,-0.005165892851623097
2022-03-28,0.00027247454924917634,-0.0015027959247180742,0.005960294713316145,-0.0017244687162951435,0.015438175672849405
2022-03-29,-0.0051749501651996484,-0.005244613167359508,0.000728291966909771,0.00278532264542396,0.0010061064898013248
2022-03-30,-0.0003677417023755016,0.002009592243381537,-0.00024336193570709486,0.001998883642710443,-0.001976452214820798
2022-03-31,0.00032617237016177754,-0.0001779544144803211,-0.000877138080170365,0.0006964665718264299,-0.009607073698276
2022-04-01,-0.000559918679074857,-0.00012525003976481498,-2.9507882295133228e-05,-0.0007519628796218636,0.004896360482422956
2022-04-04,0.0009858242251188827,0.0009118237476107974,-4.437147802118594e-05,-0.00025933321870451245,-0.0040517223375257025
2022-04-05,0.0016916460481650132,8.162689833457302e-05,-0.001565055819585603,-0.00013344701061435588,0.0005045820609413037
2022-04-06,-0.001973648377803131,-0.0011907184544497605,0.0017842935120539838,-7.399268212441726e-06,0.0007341572538562075
2022-04-07,-0.0018922180809053718,-0.0026092209688826744,-0.0012541699077352414,0.0004807852424976084,-0.00036330339569270233
2022-04-08,-0.00045177990940346185,-0.00011106462862140895,0.00045982809173178175,0.0018058962965244257,0.002200041628878406
2022-04-11,8.776228129059622e-05,0.0010540108279933596,0.00046095257029003626,0.00010969202147787561,0.007147352019209594
2022-04-12,0.002020284334981374,0.0004331912680582465,-5.1295767744094017e-05,-0.0011749415716787955,-0.005385185056912701
2022-04-13,0.0019093785634922982,0.0007932311362515939,-0.001046879041996986,0.0004694422525549801,0.008070595097921601
2022-04-14,-0.0015164456249564104,-0.000279982024035884,0.0002852076001562538,-0.000537933537652438,-0.0039317810636714055
2022-04-15,0.0,0.0001462736783126171,0.000541054337977631,-0.0001901975133750009,0.002052019393420329
2022-04-18,-2.1941292416003916e-05,-1.4628009713141417e-05,-0.0002195743194698486,-0.0003877089013126983,0.002375706062124729
2022-04-19,1.440278838009656e-05,0.00020153744345989484,0.0028370246892823613,0.0006910900059811936,0.015568434931967842
2022-04-20,0.00015870038842759435,-0.0005268799088335475,0.0012290179107732981,0.000591297843848085,-0.002021983455267085
2022-04-21,-0.0010310607950411665,-0.0002077639236167941,0.0008719580297309496,-0.00160598838630482,0.0023166644652084555
2022-04-22,-0.0037087356128702427,-0.0004252267639812115,0.0001300098953807009,-0.001162257798307218,-0.003080468824321412
2022-04-25,-0.002741665528128625,-0.0007738073897815962,-0.00046465703339353777,-0.00029210939704561875,-0.011466694759905466
2022-04-26,-0.0010455861757084413,0.0005821000713307959,0.000973535290683975,-0.002493196638499978,-0.014219605223550254
2022-04-27,-0.0018894702880115413,-0.0016428506407168298,-0.0023496580237377528,0.0019042755616500789,0.0022144479575007987
2022-04-28,0.0023628040378630855,0.0017761218255011625,-0.0021274518183976277,0.0006388153097354805,0.013060973637535812
2022-04-29,-0.0013712720695221513,0.0003429818289742296,0.0016799576325581928,-0.0019214828357457098,-0.0037915566724435364
2022-05-02,0.002345180853700861,0.00032877793538666725,-0.0010218382297515695,5.1079790292128136e-05,-0.0014026784687437995
2022-05-03,8.754970275177437e-05,0.0009556568679259611,-0.0018776466993661244,-0.0010218904400917995,0.0011836396103747746
2022-05-04,-0.0009121791130511536,-0.0012626402532865029,8.763985866377079e-05,0.0011309783437507858,0.001969624657409313
2022-05-05,-0.000910186505427126,8.008241212504822e-05,-0.0002547705804715825,-0.0009547653351071391,0.00018946294598679833
2022-05-06,-0.0017536744689703938,9.429822182292759e-05,0.0035320317537134616,0.0007975060235639268,0.002844910732536565
2022-05-09,-0.000958021323926255,-0.0011970097951767226,-0.000841494427603028,-0.0021225257292506565,-9.444071128145708e-05
2022-05-10,-0.0006920944875917181,0.0011156524259582294,-0.0019489639575029866,0.000568281183329781,-0.0023129469823884963
2022-05-11,-0.0017520842283508763,-3.6371175120263534e-05,0.001086160311768063,-0.00026198585426249875,-0.005117639976972738
2022-05-12,-0.00020987932016190792,0.0003385686104006681,-0.003009599542964593,-4.497987151507187e-05,-0.02471987697281539
2022-05-13,0.002582148796211797,-0.0002461703735198306,-0.0017754176520988468,0.0018466950904672125,0.009111272058274106
2022-05-16,-0.0014647441733420332,-0.00115311521237754,0.0028193903570763296,-0.0009752067503809827,0.001434054197398359
2022-05-17,-0.0031509013457980007,0.00030754360771372246,0.002479724368245551,-0.0006240295625429359,0.013276489450495057
2022-05-18,-0.0014113598317079775,-0.0012490716735896418,-0.0014941139851572872,-0.00156887154854997,-0.016615887372148287
2022-05-19,0.0031287738391726125,0.00044599386754397145,-0.0011906180713548685,0.003178330637425309,0.007451809474745709
2022-05-20,8.874755025611732e-05,0.00019219254795616172,0.001455706514752834,-0.00046601253159560756,-0.0019170209896569954
2022-05-23,-0.0001837904206255901,-0.0001838836977570974,0.0004946091396821112,0.0010141019821036283,0.011953183941353631
2022-05-24,-0.003421573949358466,0.0011190542215746043,-0.000908518152258686,0.0005452924450000771,-0.004039550512761924
2022-05-25,0.0006636581077140638,-0.0005895531358118937,-0.0018123421003563762,0.002363466780236964,-0.0016395314466706716
2022-05-26,0.002270015116449724,0.0007195512660308436,0.0007018192180208818,0.0014811775867841841,0.0035623690309743578
2022-05-27,0.001703265247437247,0.0012988015430167726,-0.0008432600196850768,-0.0014167375569838698,0.0001319677120914324
2022-05-30,0.000909008334567716,0.0012794232710214128,0.0005187878018552385,-0.00023262745545030066,0.008154371466831607
2022-05-31,0.0011760180807007024,-0.0002975704483699342,0.00029888937306298544,-0.00026847488288503276,0.004056005937801567
2022-06-01,-0.0021640033835822027,-0.00017323266633955788,0.0009154176421058999,0.0007218549096402548,0.003823239663158072
2022-06-02,0.0024889592315891543,0.0006834016401450888,0.0007850339804305511,-0.0005533656630496609,0.006772132279990238
2022-06-03,0.0010851330709632698,0.001091753800245042,0.0008085839131645779,4.2810051806704046e-05,0.004375279540570067
2022-06-06,0.0009550554515520229,0.001411624029539101,0.00019932656163599945,0.0029520474132566942,0.005815581915319221
2022-06-07,-0.00032481746956199555,-2.1168127856139617e-05,-0.000994256663566928,0.001524315235553759,0.006528766619374092
2022-06-08,-0.0018615123907931733,-2.7771413497234936e-05,0.00035013025202942097,-0.0013636017891729487,0.013035312251178436
2022-06-09,-0.004196954978779499,-0.0013161765576364197,0.003091170951092957,0.00242938625236751,-0.008075451581442497
2022-06-10,-0.0035856555657931355,-0.0014872945317910553,0.0,0.0034441738273124326,-0.009710899408158996
2022-06-13,-0.0021019976710065125,-0.0004221296143675429,-0.0019330956150164016,-0.0011601344765418344,-0.010028390896242653
2022-06-14,-0.0023579288230564576,0.000983557563948704,-0.0015646672940745929,-0.00017118402324259638,0.009079651091292367
2022-06-15,-0.0007843305428214964,-0.00032800913015126377,0.0025634684575740895,-0.0007278384234654217,-0.009751799847380697
2022-06-16,-0.001066259475817369,-0.0003823250458652544,-0.0038347515269801583,0.003022911636255783,-0.0014244455840284375
2022-06-17,2.8314775359554546e-05,4.247306500435144e-05,0.001400441580096865,0.001563146840285329,0.01416808906014656
2022-06-20,0.0006685550663346375,-3.518438376666372e-05,0.0008258542236783186,0.000393886326686422,0.0033153956287180603
2022-06-21,7.653744598273841e-05,0.0007997413437001602,0.001973380998967561,0.0007024792240277949,0.01375724148262566
2022-06-22,0.00010458245464569659,0.0006131464357865453,-0.0007269169258373806,0.0035701523394972034,-0.0010285564284616682
2022-06-23,-0.0014884261762222104,0.001023537930257303,-0.0016170766783820641,-0.00016944007157026724,-0.012954065737176149
2022-06-24,0.0014676711259741628,0.000842690761309941,0.002073533577399662,0.000427957561561065,0.004862565092903005
2022-06-27,-0.0012302789950808554,0.0004966129004583315,-0.0008954618872774374,0.002012396478263689,0.004818679748616599
2022-06-28,-0.0007879808921403288,-0.001792258899709915,0.0002574351816785707,-0.0004395865166572082,-0.0007537899237401556
2022-06-29,-0.0007734464390703496,-6.26957064096544e-05,0.00023065551700930315,-0.0007670690668508145,-0.004639924903835376
2022-06-30,0.0011226238094982968,0.0012364652803822016,0.00016865895091947323,0.0022344330349879553,-0.0022893911513592055
2022-07-01,-0.005520591689543316,-0.0029867538434827246,0.0028833330930275076,0.0012903917522979025,-0.008820149194121335
2022-07-04,-0.001264816717222395,-0.0006568376681812922,-0.0010275344685197212,0.0005372125865215642,0.0030811208480674237
2022-07-05,-0.00024390244023348185,-0.000804337721557586,-0.00763099182434959,-0.0012204053259895831,-0.013994210610190842
2022-07-06,0.0036535546773802554,0.00223266156302623,-0.0037350066493619873,0.0005353125557349942,-0.007349348715278549
2022-07-07,0.000123057768538906,-0.0008245514256704446,-0.0008796470442905128,0.00047037540442123867,-0.0014893973587124362
2022-07-08,-0.0026877852081577196,-0.0023773662909521735,0.00017487230722998097,0.0011569221380371348,0.002630249366662376
2022-07-11,-0.00044062251282630665,7.952142564406448e-05,0.0016826328140293464,0.001393436634587316,-0.004426546209664264
2022-07-12,0.000889031451565786,-0.0004662921842117168,-0.0005169031067394723,0.0003495663228447556,-0.004599145677682739
2022-07-13,0.0027749518786681165,0.002987089593380094,-0.0003343533564608426,0.0032938486873636697,0.006380799465310783
2022-07-14,-0.0008566544211457953,0.0003172611734990588,-0.0008598637645810274,0.002208530714645948,0.007526041333835381
2022-07-15,-0.0014188160284272968,0.0005661560663632873,-0.0014442303362840513,0.0015763380639378637,0.003083412263960596
2022-07-18,0.0019449506891709638,0.0009832211970882488,-0.0013648464880194582,0.001443797080853551,0.0031800619219424712
2022-07-19,0.0013552685470243236,-0.001071800052207146,-0.0007802470232197554,0.0016224855923743578,0.00828482783397896
2022-07-20,-0.00013456138321082218,-0.00032596141188965177,0.002426404419043273,-0.0014955579055708212,-0.004261737734288396
2022-07-21,-0.000468570301216696,0.0013980805286340208,-0.001402445300768398,-0.0024956374869797623,-0.0016286474805285278
2022-07-22,-0.00014379695894221848,-0.0013081104702908305,0.0024556404340133524,0.0004960121444952973,-0.011223446302598137
2022-07-25,-0.000493168906047634,0.00037906828331880124,0.002588011767784319,-0.001516767002050718,0.004225818178935425
2022-07-26,-0.0012936472171295162,0.0007667491659298718,-0.0012398724448239359,0.0009685860847160688,-0.008202453513503443
2022-07-27,-0.0008070792816959594,0.0003675026793394933,-0.0006050522042095903,0.0014191603403349207,0.005564307860460796
2022-07-28,-7.312988602300069e-05,-0.0001757533599046188,-0.000816801580709527,-0.0008413783003736013,-0.0171152260046452
2022-07-29,-0.0020616824315616332,-0.0005867813014473793,-0.0001692676235555556,0.0009396565072541591,-0.0054917432576338954
2022-08-01,0.00190638104065629,0.0024593717737093138,0.00046421322220230907,-0.00033224676641907124,-0.008053081478282924
2022-08-02,-0.0008128111407395558,-0.0007084979022788712,0.0019563924997496158,0.002585280251446843,0.002233629613767428
2022-08-03,0.00333389941409403,0.0011324196751069226,2.2105391137495147e-05,-0.0022164658659757355,0.005437438797961635
2022-08-04,-0.001771648941872615,-0.0012716148647479119,0.002297337855585296,0.0002280644328690918,0.001263025112644271
2022-08-05,0.005347450489384145,0.0036530053929573255,-0.00154148835503583,-0.0007195839806937404,0.008010860367711533
2022-08-08,-0.00098288692700991,-0.002809992603680975,-0.00077672162065786,0.0022337597919964594,0.0011342815979244517
2022-08-09,-0.000665557428894565,-0.00048475377990001326,0.002014654023361046,-0.0016150938707935126,0.0027503745580644144
2022-08-10,-0.004990598284269899,-0.002877363576066541,0.0019804213234508898,0.0008408061998484322,-0.00831045840105616
2022-08-11,0.0017100392214394065,0.0017257647737311081,0.0016514918329108416,0.0011675765359211846,0.0032975159920088024
2022-08-12,-0.0013334452585511988,-0.00034240213643762883,0.0004009082447630771,-0.0011892125969693212,-0.002837253780542782
2022-08-15,-0.0007234181081426602,0.00025105405916444544,-0.0024475152363673015,0.0009300129100669033,-0.011170346493100778
2022-08-16,0.0005779395519061804,-0.0004313165089290491,-0.000773774251291466,0.00026325411486588415,0.007929777326229936
2022-08-17,0.0029662825466406704,0.002603202389203491,0.0007218979666496123,-0.0007480110880115418,0.0072565656432523025
2022-08-18,-0.001650912759730055,-0.0005193228439559671,0.0007490228511264074,0.0012785997058568075,-0.002957590628609309
2022-08-19,-0.0014960495469863255,7.266306500155571e-06,-0.0018217519254883263,0.0007047293440897604,0.0028048261365995887
2022-08-22,-0.001444823333483863,-0.00100727729807369,0.0019492116247236905,-0.0016224397153988977,-0.004604251188241157
2022-08-23,-0.004663004350743231,-0.002220147089876141,-2.200034467287166e-05,3.674376734271529e-05,-0.0030544215772358757
2022-08-24,9.560475530634545e-05,0.00010296843291149084,-0.0015386940335886975,0.005251550491292362,0.002527705348051534
2022-08-25,0.000549956200685133,0.00016123949229858542,-0.00012447509964925673,0.0002858577400787215,-0.0036654245275682196
2022-08-26,0.0005813488910997056,0.000465018282144642,0.0009368230675204896,-0.0011121248179677178,0.007762099978536666
2022-08-29,0.001046142175933209,0.0006564827909043571,-0.001378750055138363,-0.0014793489234051218,0.01222274110635742
2022-08-30,-0.001102015791842351,-0.0005193156690382218,-0.0016292166784907616,0.00023779242274817524,0.0021102144331953845
2022-08-31,0.001447485696862288,2.8804747024150614e-05,-0.0005049339365172053,0.002630351151832926,0.005560253236124975
2022-09-01,-0.0021839716718382884,-0.00031603292751496023,-0.0004438145214512003,0.0005895675477240022,-0.0023422988865375964
2022-09-02,-0.0005846410684362965,-0.0012769252807787327,-0.0006426597766227722,0.0012330501731564326,0.0007742102367405272
2022-09-05,3.583368868778192e-05,-0.00017200355516414708,-0.0005960738302590809,-0.0009177469956989082,0.004033739544428546
2022-09-06,0.00031191737278204193,0.0005462174577793208,-0.0008431793318354794,0.0018340897896734437,0.01279687225814489
2022-09-07,0.0012405047238573446,-0.0003903336705376959,-7.002899203123548e-05,0.0009885138291893271,0.017219562833711052
2022-09-08,-0.00244743542508124,-0.0020639266544519377,0.0012526446354580243,0.000635095686993439,0.0014725701784413828
2022-09-09,-0.0011522870678961615,-0.0008308634824754523,-0.001747126561169272,-0.0006780253645506946,-0.005686915617972141
2022-09-12,0.0003114176100681769,0.00017325197463972467,0.00158903257245546,-0.002168093862551958,0.005780944587451443
2022-09-13,-0.0006086974754073353,0.0014059780614851425,0.0009627272935654625,-0.0006575327532470807,-0.0021960141140180203
2022-09-14,-0.00045566231304461455,-0.0008410311537076229,0.0014945598021766492,-0.00021037573183157302,-0.009315485182291267
2022-09-15,0.00039767396143379903,-0.00042566405979570986,0.0007046749542446191,0.00018831669343657528,0.004016925366802403
2022-09-16,0.0016245933337524514,0.0008617519318434591,-0.0006023126184483892,0.0029692581558531266,-0.00209377388365039
2022-09-19,0.0013960828189988812,0.0005581720012352453,-0.000531108281700362,0.0007670155801277027,0.0033829649570261714
2022-09-20,0.001443600464104918,0.00028585671801073227,-0.0015850397840361827,0.000989092205512257,-0.0020493381678280257
2022-09-21,-0.0010584644842980308,-0.0003434944636527815,-0.0008704809254471257,-0.0015090210722389058,-0.010839054774771411
2022-09-22,-0.001965764770014764,-0.00015751752415017487,-0.02725245294948255,0.001671863224916031,-0.012742281349613013
2022-09-23,-0.0011479739522676346,-0.0012776710802389463,-0.0006759769562297528,-0.001746009949618215,-0.007997661275271678
2022-09-26,0.0005025847320034962,0.0014078439331494156,0.0007471908845486666,-0.00040204757625872205,0.0013387557331135333
2022-09-27,-0.0006828269299107778,-0.0018973155809502572,-0.0015889281674947382,0.0011210280137477883,-0.0007051425327614787
2022-09-28,0.0021001209333973143,0.000338864518720523,-0.002290587557871255,0.004000379470553144,0.009591798437249019
2022-09-29,0.0004051215953233754,0.00034804473791624313,-0.00012888627951796554,0.0034829523230289067,0.01107420037813411
2022-09-30,0.0008935156888785745,-0.00019130551903898392,-0.0005704486627664131,0.00508349246039489,0.00023264421402461496
2022-10-03,0.001348237084507626,0.0015182385703053595,0.0006042423617206901,0.00016928350795849254,0.002403279764377607
2022-10-04,0.002157753433453589,0.0009603073721344151,0.0006299477351716654,-1.3906078347128198e-05,0.013473514153274935
2022-10-05,-0.0017590647155019622,-0.000679783476604276,-6.965777139742059e-05,0.0004978979692547484,-0.007298055931106158
2022-10-06,0.0003863458405244263,-0.0010185768202595168,-0.0027458436611487273,0.0014316897082969284,-0.005893926688777913
2022-10-07,9.177258759258611e-05,-0.00031074324383483084,0.00047880918256782177,0.0029322846997873416,-0.0038215080104237542
2022-10-10,0.00012746972611267518,-2.1242472199781573e-05,-0.0017014885036210963,0.0010616163042158045,1.4145672132013774e-05
2022-10-11,-0.0006999360445256364,-0.0008552657676416789,0.0009340240128808636,0.0007776764833742339,0.0006999607883539379
2022-10-12,-0.0006179818875176579,-0.00025985974743171904,0.0013732928433597494,0.0007724177057027143,0.007463982376187806
2022-10-13,0.003606287541908368,0.0034168398387841043,5.615020180459836e-05,0.0027904945530355264,0.009398263550022804
2022-10-14,-0.0005273420004389004,0.00027768521782358155,-0.000513824672111211,0.00421096996526412,0.004852964974303719
2022-10-17,0.0007554219047007294,0.00032972241792914063,-0.0009599812884798573,0.002194351798372018,0.015095041264984425
2022-10-18,-0.0018718757911950332,-0.0003336113458796035,-0.0006949980860686721,0.00025205647560948275,0.0038063896534909756
2022-10-19,-0.0003890904547859783,-0.0007580802493869455,-0.0009669665924267296,0.0007098055840297153,-0.004761962421396611
2022-10-20,0.0016741872874736444,0.00040203744941102185,-0.00016364380235615213,0.0012096583850737341,0.0030273920067964057
2022-10-21,0.0017618414107812483,0.0008435032198975197,0.000658508874630221,-0.010297593224439258,-0.009240357798509239
2022-10-24,0.0026549953305634983,0.0016059341344004836,0.0005655164576322273,-0.0005440400547656151,0.004804408844778366
2022-10-25,0.0007882952165907305,-0.001296950989336757,0.00036087195225037845,-0.00023098767715527718,0.0033121377937903825
2022-10-26,-0.001392885638290619,-0.00139956133695847,-0.000576202839336007,0.0015422508364772026,-0.0002100762042210752
2022-10-27,0.000793157011447917,-0.0008334586280882022,0.0007362063891669732,-0.0024909851582427325,-0.011917564487348915
2022-10-28,-0.002489966590230406,-0.001210917451838356,0.0020821038811440797,-0.0006609498157260338,0.007767997768531064
2022-10-31,-0.0008436522476169747,-0.00011567104528489496,0.0007115050664552461,-0.0011373350132403643,-0.0006458784681293686
2022-11-01,-0.0016957500918196118,-0.000321298321416751,-0.001811278950206661,4.106017369031542e-05,-0.00622859448897797
2022-11-02,-0.0005851637076345389,-0.00037857539092653775,-0.0012216382450774702,-0.00036504017569137395,-0.006784249268527705
2022-11-03,0.001555807103364572,0.0002766175227174983,-0.0008236691115640199,-0.0015627272073046325,-0.003285027108757116
2022-11-04,0.0008028133204147452,0.0009473858353588586,0.0011690204042210694,0.00074048683534369,0.009521653730355727
2022-11-07,0.0005873514716045757,0.0008676553015267031,-6.826637542343259e-05,0.0005324159522911014,0.007448747657944311
2022-11-08,0.0009493077255115081,-5.4644062253237254e-05,6.153614737780907e-05,0.0012893412843805517,-0.0028704206360778005
2022-11-09,-0.0004974463388654834,-0.00016362037382851148,-0.0005395087869331213,-1.3632150062776135e-05,0.00010241319637142221
2022-11-10,-0.0014081529513561351,-0.0013180442134836845,-0.0015501858525535212,0.0016576677849212509,-0.01390076143148748
2022-11-11,-0.0008353870416070359,-0.0014977414772688327,-0.005468534755688517,0.00010446155302041271,-0.005344785258360155
2022-11-14,-0.00028255693537907817,0.0007374301240117966,0.00018647374745422367,0.0005099228335411002,0.002694439244207378
2022-11-15,-0.0017916998612060465,-0.0011630806328996822,0.002046970751105075,0.0007682644868696632,-0.004457716341119828
2022-11-16,0.0008212872585841935,0.0010975396198708836,-9.64067816030242e-05,0.0011445356572540187,0.006116481218371398
2022-11-17,0.00025473058935750306,-0.00024106592581018407,0.00028332820998287783,-0.00022718901879790722,0.004664325740188974
2022-11-18,0.001469771621986107,-0.00019320071544350572,-0.0015359875181605235,-0.0008208736901869927,-0.003987787106811372
2022-11-21,0.0018031043046295538,0.0012111537718793276,-0.0003240407216542637,-0.0008598541529340545,0.004523570518570467
2022-11-22,0.0012188950883639344,0.0003579073471155239,0.0014395181134122057,-0.0008606474665347461,-0.00022672387533883832
2022-11-23,-0.0019589590675723792,-0.0009309221973171893,-0.0011587685439651873,0.000234725579261875,-0.0032760512999092306
2022-11-24,0.0008749939794790724,-0.00037481519967374376,-0.003790065691540704,5.552933338466071e-05,-0.005627313469939976
2022-11-25,0.0003938490503525398,-0.00048340539316854466,0.0011174649885689134,0.00027629270624898174,0.0017524238838460277
2022-11-28,-0.0018778827719125534,-0.0011439229480812657,0.0029843931563974897,-0.000978449894341458,-0.006924480292479797
2022-11-29,-0.0017462860941985852,-0.0011308822784139654,0.00017456820598692177,0.0008944794446842967,-0.0017368926551677084
2022-11-30,-0.0049346486084925895,-0.00253570088174556,0.0017648085178017271,0.0003060869589112722,-0.0004608874259318532
2022-12-01,-0.001984802539600493,-0.002753828543533574,-0.0004355370169933681,-0.0011098390467885783,-0.006221775194073686
2022-12-02,0.0018128661998280623,0.00029616466972008524,-0.00019846051409706848,-0.00014096121475532466,-0.006027363360420984
2022-12-05,0.0001254521506233957,0.0011149127690509642,-0.0018929175502888358,-0.0014506300229800246,0.01105440908539322
2022-12-06,0.0010805347955240641,0.00014636237258630708,0.0005225770833006911,-0.000473897326470861,-0.0005651826702169229
2022-12-07,-0.0025971779878316992,0.0008077151154586708,0.0010674578882576844,0.00013943014920679418,0.0005512313880938613
2022-12-08,0.001021688376642462,-0.00029893807685650126,-6.26137047688838e-05,-0.0001875788097026047,0.006071309372399446
2022-12-09,-0.0006183282408256815,-0.000632095905129275,-0.0005357733180853001,-1.3899409970384047e-05,-0.003076252456344175
2022-12-12,-0.0007876355451163886,-0.0009885351475715663,0.00032554902051374805,0.0017678585898124612,0.007728945000778345
2022-12-13,-0.00041030491794055555,0.0006678261117770186,-0.001627732500893775,-0.0005566146839503631,-0.006318600622191639
2022-12-14,0.0003482427705171417,0.0005778556148389658,-0.0008768755955347045,0.0010092187763894572,0.003292315251426092
2022-12-15,0.0024783160144670005,0.0017815521959360433,0.0009440236086803262,2.0456381880509025e-05,0.013935783880104658
2022-12-16,-0.0005859462682596463,0.0008615016160465937,0.0010918268582179938,-0.0012281538529805383,-0.012400768643414788
2022-12-19,0.0023157252155645023,0.002124592953366691,-0.0005326821362679318,0.0007844756801976499,0.005581307154574066
2022-12-20,-0.00674447247122133,-0.003056250192089004,0.00308333044774887,-0.0005234532256324469,-0.03660183970074757
2022-12-21,0.00012131029404090685,-0.0007352180466731849,0.0015302221807675365,0.0008986649012878605,0.0022240448273568546
2022-12-22,-0.00024245881884463476,1.4267472303536361e-05,-0.0008044508633175324,-0.0007491411982020609,-0.0008975766035936488
2022-12-23,-0.0010276364205686946,-0.0007800091160167016,0.0008739178718200902,2.1272145190429512e-05,0.004529511738544554
2022-12-26,-0.0001062138652576996,4.957068249227416e-05,0.0005093306656422503,-7.081325482576175e-06,0.0020196229108305694
2022-12-27,0.0008239582148937703,0.0012046029965568803,0.002070219168548746,0.000626317309997899,0.005140455600630542
2022-12-28,-0.00023844422271455075,-0.0006875552770611103,-0.0015232830038881017,0.0003155757706076778,0.0033327973587091064
2022-12-29,0.002571447097791338,0.001711563328330215,-0.0006252612777077072,-0.000506721103107867,-0.005292656143062969
2022-12-30,-0.002502757528723006,-0.001731307285308251,-0.0002557671964095212,0.0010784426065092413,-0.0094013241626191
2023-01-02,-0.0007528042311809031,-0.0010255197522447848,-0.0004365827805235192,-0.0005021845131399472,-0.0025391162501710862
2023-01-03,-0.002085717938654378,-0.001825346743130906,0.0003123989723506176,0.0010796124588165273,-0.008486512151069863
2023-01-04,0.0028187371555811326,0.00240415691294332,0.0007653540496921653,0.0013493207254595843,0.01305941855154272
2023-01-05,-0.002207874700224122,-0.001178149023067243,-0.0014572029263147759,-0.0013939663438116928,-2.851582271922056e-05
2023-01-06,-0.0018860477244970213,-0.001181200550046167,-0.0004955366409157882,0.0002635487206431094,0.002342713562247861
2023-01-09,-0.0014820568011477383,-0.000677358609654589,0.0014071910479900476,-0.0003037398879736137,0.006023067545557338
2023-01-10,0.0009520955635734093,-0.00041587222749152667,0.000232949673335522,0.0005144594941386657,0.003339938636277566
2023-01-11,-0.001402632971615206,-0.00030858569809913856,0.0004777159647978157,-0.0008074057090420637,0.0009793871510808201
2023-01-12,-0.0020583686333092567,-0.0013107468858620675,9.216949267206916e-05,0.001161469282162421,-0.012194192956135287
2023-01-13,-0.0013820102124031345,-0.000470446897032574,-0.0009619181675630917,0.0007020972729283395,-0.012980066647364069
2023-01-16,2.1576447151318744e-05,2.876601008468222e-05,0.0008565804251673908,0.0009417178058784857,0.0029037845232964734
2023-01-17,-0.00516044619695322,-0.002013677806437068,0.0010545762047716267,-0.00034690603530742405,-0.004152913725078886
2023-01-18,-0.0005394926741864274,-0.0012942379465176678,-0.0032617859049989617,0.0008271031365615466,0.0028209577490913287
2023-01-19,-0.0017505758676798536,-0.0002523222673370648,0.0011581610274993034,0.0014698256147803765,0.0019145787298603491
2023-01-20,0.0002345374115687934,4.265514030628409e-05,0.0010972882408609868,0.00032683918382204357,0.010579005937085885
2023-01-23,0.0006768666972091081,0.0006275804161147066,-0.00033187754729350707,0.0006271028407525288,0.00990320866804516
2023-01-24,-0.0010106115059235032,0.00048744133125311773,0.0004951615742617814,-0.00019092943800983053,-0.0012334325167053719
2023-01-25,-0.00014871310083613005,0.0018120306774376481,0.0007148393154591056,0.0006371862073618884,-0.004488417189216116
2023-01-26,-0.0013332347727035812,-0.0006777172484284253,-0.0002896861165224481,-4.2354037404975555e-05,0.001691706442985856
2023-01-27,-0.0014390582679025294,0.0004968133077815279,-0.00018397831938169268,0.0006240825126140543,-0.00200346248224121
2023-01-30,-0.0008678136932474557,-0.0001693946263605144,0.00013405724264333604,-0.00020471623930106813,0.002949927683650592
2023-01-31,0.001791233349826581,0.0021678458976624165,-0.00023375160810677653,0.00015560789670731237,-0.0018382618052867705
2023-02-01,0.0021265141700328254,0.0010063286157567775,0.00033238685892813884,-0.0005949682859100283,0.00221963120854606
2023-02-02,2.850545879728941e-05,0.0003776690737485211,-0.0014397021456965925,-0.0008198562502739324,-0.008616188524297533
2023-02-03,0.0006611849518843628,0.00013363765225580062,-0.0006192369348486819,-0.0022596811569403756,0.00836195841643408
2023-02-06,-0.00011929447856142423,0.0005123364407832227,0.0018644448829097614,-0.0012920987163231993,-0.0013063359140555238
2023-02-07,-0.0023757542098281513,-0.001558713629773543,0.001330455594152759,0.0012597104332219614,-0.011742011559006577
2023-02-08,0.00019164906984630193,-0.0004826083655888922,0.0004054789508836435,2.1292074026317366e-05,0.0011584069293164253
2023-02-09,-0.00041151679994962575,5.6751273372083264e-05,0.0003549648976989222,-0.00010645432587215223,0.003134465346335245
2023-02-10,0.0008835496467000105,0.0006059634112242502,0.0004208228932693559,-0.0005913218352242422,-0.007269658407734031
2023-02-13,0.0016599382038166126,0.0009912649984751374,-0.0004731621798651584,-0.0005623822660384428,0.010974960051980098
2023-02-14,-0.0017328412753312864,-0.0013476618005256508,0.0007878613490255108,0.0018940462478025603,0.005323569663923145
2023-02-15,0.0009213052475088931,0.0012841362111340475,-0.0006434106580539106,0.00012556679472382993,0.002735022917062619
2023-02-16,-6.982972022568447e-06,0.00032117073991734415,0.0008235508065863876,-0.0005308486018757745,-0.0011672405176450856
2023-02-17,-0.0002721743607620602,8.378659559024002e-05,0.0008433378555625279,0.00044660614965340696,0.0032258092488825687
2023-02-20,2.7926915264456256e-05,1.3963360143326982e-05,,0.0,6.271798858491798e-05
2023-02-21,,,,0.0,0.0014623041551772348
2023-02-22,-0.0016615938364498558,-0.0007613194242244187,,0.0005169258396398749,-0.004302491548761362
2023-02-23,3.499207429862825e-05,0.0008401479154426063,,0.0,-0.003044525883742598
2023-02-24,-0.0004939697526582286,-0.0004452576654400325,0.0007477158329527475,0.0006469812983732809,0.008438868645864604
2023-02-27,-0.00033958799293724883,9.700396338074073e-05,0.0011184712152357355,0.00013169066574798529,0.004641892842923465
2023-02-28,-0.003358769122116558,-0.0026340638901213432,,0.0,-0.002696475076342255
2023-03-01,0.0015778035979925698,0.0008609379244577964,,0.0,0.008432569079799685
2023-03-02,-0.0008138605023401081,-0.00047582105888683093,0.00032393128804739454,0.000262162984088519,-0.002729342103709125
2023-03-03,-9.689453037961573e-05,0.00022835710999116843,0.0016397926604153686,-4.1529101523870076e-05,-0.0031382875789909962
2023-03-06,0.0014473677668518153,0.0007995478845044318,,0.0010944723361595687,0.006316704295899862
2023-03-07,-0.0016838971004910254,-0.0006973669502846751,,0.0,-0.0027150897015322892
2023-03-08,0.0012746444498409045,0.0009003955422299098,,0.0,-0.0013810440124021302
2023-03-09,,,0.00011820700842262172,0.0,-0.004439142316367329
2023-03-10,0.0005010996457964151,0.0010307340713509746,0.0022222844834754725,0.001508741599635234,-0.0031839190458569444
2023-03-13,0.003603430659822504,0.0010712598829447145,,0.0,-0.007421689521336002
2023-03-14,0.00018745118513624517,0.0001666250107995859,,-5.5537428770017775e-05,0.009624310626617257
2023-03-15,-0.0002858674309265432,-0.0023630968264663327,,0.0,-0.021261651425943762
2023-03-16,-0.00140946346865537,-0.0005592979894254805,-0.00032617173940161165,0.004278905896608106,0.004287236846196645
2023-03-17,0.001272531620665577,0.0003769518862002184,-0.001009348914530178,0.001966038570003417,-0.007710389770588693
2023-03-20,-0.0029054955526935816,0.000255176179270889,0.003848845109921489,0.0018505721845992343,-0.0031264980006084466
2023-03-21,0.00014041098317793635,-0.0002738581361760156,,0.0008911499581069426,0.011984813238258764
2023-03-22,0.0008595238208451343,0.001432950409984381,,0.0,0.00033671451136757925
2023-03-23,-0.0004558316727654096,-0.00032958055913302883,0.0003083823966127808,-0.0006314947690546302,-0.0061206159711625335
2023-03-24,0.003441780009871752,0.0013453730812095202,,0.0,-0.007351880637540293
2023-03-27,0.0012898907496042035,0.0010644560824335163,0.002013613839760407,-0.0013463173914581522,0.009515964055615788
2023-03-28,6.350976111884834e-05,-0.00111429268056726,5.6358666568826616e-05,0.0,-0.0012612252465395589
2023-03-29,-0.000271666256194301,-0.0002089674923843606,-0.00019578776668716056,-0.0003414289181649667,0.014954321416997447
2023-03-30,-0.0006211994871248991,-0.0004969904569686759,0.0021896829539240124,0.0,0.004760379425456623
2023-03-31,0.0003866468788460168,6.903312211937375e-05,0.0024529744264232137,0.0,-0.004670088793742875
2023-04-03,-5.532541720242717e-05,-0.0005531164796874623,,0.0,0.002323912709479252
2023-04-04,-0.0005679142463633918,-0.0009212919519079211,0.0007174343751827286,0.0017926795663123659,-0.00010394037989167806
2023-04-05,-0.0028140413303539037,-0.001166319347495726,-0.0005356801352507645,-0.002092966230090531,-0.008036027757897603
2023-04-06,0.0024447761207845938,0.0018665687726693192,-0.0012015034207339176,0.0011541404326394994,0.004238269214187616
2023-04-10,0.0002211395606953887,-9.673318232079131e-05,-0.00013873858897368163,0.0,0.0091193934791154
2023-04-11,0.000988657977434569,0.0007004003554857649,-0.00048263880249599286,-0.0004186871815907018,0.005533439790627545
2023-04-12,0.002525297071933757,0.00010939647344020347,-0.00012310217496053457,5.467842254105063e-05,0.002936417424483197
2023-04-13,-0.0009297683769206182,0.00035572825473142175,,0.0,0.0007583702918352261
2023-04-14,0.000333959226001292,-0.00029978674485795723,0.000785892250207144,0.0,0.004565377894857922
2023-04-17,-0.0006539821614215136,-0.0009402339013331245,-0.002875137495988863,0.0007220807136725022,-0.0008773869396911979
2023-04-18,6.801680015008247e-06,0.0001768286467014854,0.0007740569114592407,-0.0010888576918134942,0.001271620262950358
2023-04-19,0.0015273759600671413,0.0014932974096872665,0.0005686626426811349,0.000562843527409148,0.0022807813414176454
2023-04-20,-0.00029192224213501187,-0.0005907216141630526,0.0010096254063528217,-0.0006928077328198001,-0.0016829308677493555
2023-04-21,0.000774572325345056,0.0003465933645077166,-0.00016360921974446037,0.0016219392851557339,0.0007807435111162206
2023-04-24,0.000647183762097766,0.0005123192669947358,0.0014838456677665186,0.0,0.006257821531617543
2023-04-25,-0.000802055479980869,0.0014325823214355667,0.0006621800831165033,-0.0008026992893789607,-0.010576513187398788
2023-04-26,-0.0009691400826989457,-0.00023711532384183397,0.0021263811651319846,-0.0016490175797787517,0.005336137547605978
2023-04-27,0.0012065507672702923,0.0007318908183011995,0.0002908697363784857,0.0,0.00044057193727220284
2023-04-28,0.0009889016648367494,0.000708168012385933,-0.0009389483128147913,0.0,0.01639953951405436
2023-05-01,0.0003843732444022757,1.9884998426270054e-05,-0.00045199843899504025,-0.0008749950842632177,0.006028138404706087
2023-05-02,-0.0014444472842036038,-0.0001064318072460027,-0.0014637266703379013,-0.0019403045896922418,-0.004602564436468578
2023-05-03,-0.00021403393857335622,-0.0004682587549604656,-0.00012677188750278477,-0.0006825390717456295,-0.008839260285691713
2023-05-04,-0.005475955282446007,-0.0005138051439464834,-0.0003561385214887963,-0.003956993244747252,-0.007029349229848878
2023-05-05,-0.00019574160820369206,0.00011472726978551001,0.00044643159853731027,0.0019961163296009477,0.004662547877559031
2023-05-08,-0.001363280949597045,0.00012750265927427882,-0.0005228793340469979,-0.0016410867136642776,0.0003498597232773853
2023-05-09,0.0004256138530619669,-0.0005537023923657048,0.0006011584301008975,0.0,-0.0037471653709601673
2023-05-10,0.0005144137488978698,0.0005076468646758014,-4.048801555295023e-05,-0.001964317794330151,-0.00371381742112537
2023-05-11,0.0010388972221203482,0.000594499868884455,0.0011408007212844703,0.0,-0.0050141765436924595
2023-05-12,-0.0005924271641092384,-0.00037448211264241496,-0.000374064418253829,0.001157289349356154,0.00293138661719494
2023-05-15,-0.00033101957708831994,-0.000742952120519048,0.0007232539984405272,0.0,0.004666907691822885
2023-05-16,-0.0007965492290291927,0.00022939648584222126,0.0006964047542316982,0.0014913239442440513,0.0009388752424733035
2023-05-17,,,0.0006265474410414011,0.0,0.007332002926318486
2023-05-18,0.00023463084296534062,-0.0005700470610838155,0.00025484370841605573,0.0006901658347053538,0.0010315770645379847
2023-05-19,,,0.0013963763622903893,0.0,-0.0008640408847080107
2023-05-22,,,0.0005570899911508868,0.0,0.00481074142592271
2023-05-23,-0.000488822383066716,-7.364287893424332e-05,-0.00039465015445375087,0.00014064462141234456,-0.0039057063527004137
2023-05-24,-0.0006486277071065694,0.00020720470896712096,-6.692298168477221e-06,0.0005951485539361427,0.004432877358492846
2023-05-25,0.00034732427077085776,2.6721534886493198e-05,0.0014710309897501676,0.0014214358893385709,0.0018196062541417494
2023-05-26,0.00031900894824781335,-0.00027904937361748425,0.0006737443428529648,0.0,0.0048295312511758
2023-05-29,7.992540299968606e-05,7.325592627065228e-05,-0.0006572679798570896,0.00048607528465235896,-0.0026897179395254964
2023-05-30,-0.0006329219552047196,0.00046610734630000663,0.0004066544726367119,-0.000646660222599152,-0.002183654092916858
2023-05-31,0.0004681460166019844,0.0020795519408201416,-0.0006101751928479139,-0.004019809648489987,-0.007841760545377776
2023-06-01,,,0.0006561592157966506,0.0,0.0031588186406478437
2023-06-02,0.00015359803424703583,-0.0002470429967529217,-0.00011361699722495481,0.0,0.003595996148332169
2023-06-05,-0.00074335753226313,-0.00020085295622625574,-0.0006199483574941203,0.00214151473492475,-0.002639396676441118
2023-06-06,0.000555654129651673,-0.0002210085365170442,-0.00014087199789844886,-8.031644684356747e-05,-0.0011849810082490086
2023-06-07,3.343955967106333e-05,-0.00021403966504229065,0.00016107706901400353,0.0005616174730416512,0.004151311350093147
2023-06-08,-0.00022027093413837126,0.00048755565278072274,0.000340625619007532,-0.0008481623102967888,-0.0009343799067338993
2023-06-09,,,-0.0012241776586187846,0.0,0.00034715731915940226
2023-06-12,0.0010393072221324205,0.0010793021561128961,-0.0011721222746501406,0.0,0.002220289549633222
2023-06-13,0.0024757827453646586,0.0011674340332801817,0.000457965116372629,0.0,0.007451505364352118
2023-06-14,,,0.0008209148364699697,0.0,0.002693533191663639
2023-06-15,0.0005686181751547072,0.00013722306283790885,0.00011114271062353967,0.0,0.012031915314264023
2023-06-16,0.0016996310787592338,0.0008857196080618729,-2.590556127780338e-05,-0.001854874423012781,0.010967941744752017
2023-06-19,-0.0009106733475936242,-0.000452210996433378,4.515677465281104e-05,0.0,-0.0012442744037347777
2023-06-20,-0.00014881193110944592,-0.0004335573447492491,-0.0019293004690637745,-0.0030912326350940413,-0.0038846044835449366
2023-06-21,-3.216664897791888e-05,5.7897360861430044e-05,0.00020636906600951532,0.0011637739734417078,0.009000067197864628
2023-06-22,0.0009591038869185458,0.0003837519474535999,0.00042310947627113426,8.307903697006298e-05,0.0062190289694488985
2023-06-23,0.0022228850915164693,0.0012497798489475305,-0.0005277011017553571,0.0009465881961167054,-0.0014617039429172583
2023-06-26,0.0007348689228758399,-0.00044704726033981606,-0.0013979738072572045,0.0,-0.00046644921181964545
2023-06-27,0.00040009018439324956,0.0006476848668164457,0.0010438613630781158,0.001326138119039614,0.009085245627261639
2023-06-28,,,0.0005956001798131573,0.0,-0.0015211731175762684
2023-06-29,0.00019696358461160742,0.0008447636275886367,-0.0003299869304352634,0.00040016134022716074,-0.00256587904587714
2023-06-30,-0.00038694167495674037,-8.245042672772286e-05,-0.0015788337737692097,0.0005074339176218394,0.0011884902172750167
2023-07-03,-0.00024132500244144014,-0.0008194717089730373,0.0011996155052855031,0.0006857186663528126,0.0032483009890528795
2023-07-04,,,-0.0013274436594886486,0.0,-0.004793675191234113
2023-07-05,-0.0009744447869224226,-0.0006113053469448422,0.0005028020179818523,0.0009044183359936071,-0.0014394081805548433
2023-07-06,0.0003058591160302619,0.0009369891465741904,-0.00017923556081490027,0.0,-0.00047813794871705105
2023-07-07,,,-0.0013814331189953917,0.0,-0.006243103951655521
2023-07-10,0.00022523319775135905,0.0004054562886790911,0.0016024617235919354,0.0,-0.002595685169470447
2023-07-11,0.0013386666423885988,-0.00019386106684287055,0.00012282987108604994,0.0,-0.006305178920897321
2023-07-12,-0.001883044074201745,-0.0012396601933482207,0.0011172314610460499,0.0005263106718892989,-0.0027357669750480984
2023-07-13,-0.0009247314572944549,-0.0002068586580957198,0.0008678925653422606,0.0009441222628212969,0.005935273296618388
2023-07-14,-0.0005709538612693983,4.4920314578089215e-05,0.0010374013063460313,0.0,0.005540929103059516
2023-07-17,0.0005573582644517252,-0.00033938788839087835,-0.001958311085465572,0.0,0.0006739993771918195
2023-07-18,0.0037034459904741156,0.0032890117655988956,-0.0003795249551047231,-0.00036587597212824904,-7.05881598279907e-05
2023-07-19,,,0.00036394168395916226,0.0,0.003919715011286815
2023-07-20,5.754457308323491e-05,-0.0003707633932803286,-0.0021048262013267077,0.0,-0.003214057533790498
2023-07-21,-0.00023499299892515709,-0.0003873913685576152,0.004834022595859278,0.0,0.01129941114594348
2023-07-24,,,-0.0007975219820999444,0.0,-0.007650776614887072
2023-07-25,-0.0008591451393703985,-1.9241932018947328e-05,0.0004028764151171554,-0.0001475394590543345,-0.0046366944853023
2023-07-26,0.0001416558280864348,-0.0003606690449808303,-0.0021599807828285218,-0.00011589873039471627,-0.0022234941138470805
2023-07-27,-0.0009095865234208645,0.0005487322808401082,0.0004879238935543019,0.0,-0.015247083303983446
2023-07-28,0.0003876695295075966,-8.401487714536247e-05,0.0003526668836634396,0.0003552317601628803,0.015292116322843916
2023-07-31,-0.00024193959268427174,-0.00016541650003686545,0.001671302473692985,-0.0027290539857289767,0.00618117101580999
2023-08-01,0.0002417548871710629,0.0019077907217274193,6.383902353981998e-05,0.0006422750747806334,0.0054441157749231
2023-08-02,-0.001522870426623058,0.0004905880464997758,-0.0019608788718186256,-0.0009314314093663615,-0.0036686537204491877
2023-08-03,-0.0018610387397589613,-0.0005131297176204246,0.000410043508798194,-0.0006682516473056556,-0.00429076801729157
2023-08-04,-0.0016964184042287328,-0.0011844435941017876,-0.00033314113960506385,0.0017347945803033492,-9.612950574396384e-05
2023-08-07,0.0005248168061832462,0.0013704334378827193,-0.0004674947171785393,0.0021220574015448756,0.004520106792919478
2023-08-08,-0.0011046161943797249,0.0009583134418115972,0.0002991182398510415,0.001015270650429329,0.0017017266749299082
2023-08-09,0.0007619386627057487,0.0013208363829402012,-0.00029231962181187616,0.0018389585265890908,0.004251201852693062
2023-08-10,0.001364913143664932,-9.429840422642169e-05,0.0006378336607176636,-6.91443388348166e-05,0.007561604059909534
2023-08-11,0.00020152021882767222,-6.299053884188508e-05,0.0008301312964531265,0.0,-0.001391788672822497
2023-08-14,0.0001136923486275236,-0.00010735949336633382,0.00103359833742229,0.0015777253739757099,4.410768577116632e-05
2023-08-15,-0.0024029551541590605,-0.0007927420480340531,-0.0007475602558156668,0.00021410983916502719,6.300760503894495e-05
2023-08-16,0.00037701941468192294,2.5140630402615793e-05,0.0013215944125872453,-0.0008359181287036738,0.0027495620857225915
2023-08-17,0.0002075830732894088,-0.00016986527208271587,-0.000421342579756128,6.289545519518508e-05,-0.004332254948123076
2023-08-18,0.000139282820322348,0.00034823240749390095,0.0017646114686882066,-0.00018360414996949518,-0.0026412915972347487
2023-08-21,0.00011309516341732556,0.0006222403997061126,0.0007639154508794168,0.000665745533947289,0.00760527021733803
2023-08-22,-0.0011804103769633577,-0.0014706395513222645,-0.0017724594680603978,-0.00036008149601770363,-0.007074112090461471
2023-08-23,-0.0010435358994296566,-0.0007069681235294488,-0.0006675631333465013,-0.0006304668529150992,-0.005673926956110078
2023-08-24,-0.0009121545213995977,-1.2659670089173125e-05,-0.0005705627805524242,-7.605044683299288e-05,0.0024193176120257394
2023-08-25,0.0009878295151117841,0.0005445485130987788,0.001620318508738075,-0.0006457780900464969,0.0026095949037520366
2023-08-28,0.00020844453082277578,-0.00027778304060648864,-0.00034733076657739,0.0008712066762743357,0.0033165221478416817
2023-08-29,0.00010704784104167763,-0.00037122211148331015,-0.0005617534428886128,-0.002496565368896729,0.0010337677338755767
2023-08-30,0.0010858411784700314,0.0013368524455441685,0.001157014528871877,-0.0001380184319532602,0.005986142378100866
2023-08-31,-0.0010718790433571592,-0.00029644300154331557,-0.001480142741813319,-0.002912479275422911,-0.011824541907305646
2023-09-01,0.001053059043240429,0.0006466583206817994,0.0002851322557755021,0.0005197768879700687,-0.001820402323115436
2023-09-04,-0.000993208937021223,-0.0011387001072247081,6.327131689780379e-06,-0.0003988263164281215,0.003827658840880412
2023-09-05,-0.0012259240198719895,0.0005307520375311092,-8.85885316398074e-05,0.00013277567569130986,0.0015610733493268115
2023-09-06,0.00047454689571971363,-0.00014554981468095713,0.0009040877391193974,-5.693373863254203e-05,-0.00020210696579931568
2023-09-07,0.0012252219469841724,0.00010156666590763697,-0.00046854719570600217,-0.0011680538632744457,-0.004881903946791539
2023-09-08,0.0022002765543890227,0.0015102736212655424,0.0004877539029910458,-0.0008593019964146771,0.0037189955338067485
2023-09-11,-0.0003689168515989884,0.0001144994467110567,0.0017012170669280546,0.0008648319204138247,0.0015372500232276988
2023-09-12,0.00046314361134570714,8.878066109376467e-05,-0.00024158274962380143,0.00047560918505174557,0.004540755790421165
2023-09-13,-0.0012817317126983358,-0.0004801860181227466,-0.000195951392039708,0.0008651912643853627,-0.0009039734354333663
2023-09-14,-7.637474545463964e-05,0.00022920738912162174,0.0005563599033320642,-0.0011590659990920716,-0.007732880892862723
2023-09-15,0.0001458738320787477,0.0008115802800315305,0.0004886484525530526,0.00022828154823296615,0.0041341821695345836
2023-09-18,-0.00020944601605514448,3.809523809970117e-05,-0.00011429659980059296,0.0006408934654701827,0.001610857781104701
2023-09-19,-0.0006205516776732813,0.00012031141674885055,-0.0001837297783621949,0.00010134086642444374,2.534709680834318e-05
2023-09-20,0.0005181576452559176,0.000871944301359779,0.00011999532664160693,6.317159301893514e-05,0.0012981792487026282
2023-09-21,-0.0020649677737166177,-0.002090489039644892,-0.0006964714506646004,-0.0004262317047318055,-0.004636847391726641
2023-09-22,0.00047483532020786576,0.0005317633778331995,-0.0002027125479674362,-0.0011336469492565981,0.00419375612666788
2023-09-25,-0.0010523580763394302,0.000615004219799546,-0.0007283113948007763,-0.0007995177937871492,-0.0015087166094779603
2023-09-26,-0.0010210586283422908,-0.00013946028890875488,0.0014655921616100285,-0.00043791590810531933,-0.0008187019906224862
2023-09-27,-0.0005920644440908444,-0.0006556479850905094,0.0002858222649594272,0.0005029588730243016,-0.002880298032296012
2023-09-28,0.00010796221333024742,4.4455028982553086e-05,0.001413976949553083,0.002042733150432716,0.004130294229331401
2023-09-29,-0.00017724323515302628,-0.0005001788718561828,0.0015264615980711952,0.000563271546579806,0.0012167687422820785
2023-10-02,-0.001708018257356624,-0.0004187897038942801,-0.0010175030344367886,-0.0003432254325601871,-0.006121159270129672
2023-10-03,-0.0060768707507281765,-0.001573604547328124,0.00010828059972548939,0.0009161293856588276,-0.006601148014658335
2023-10-04,-0.001565760656300437,-0.00029398419088070454,0.000986313381738097,-0.0002942531109711662,0.0036925560561669986
2023-10-05,-0.001272081814889924,-0.0008441085564317932,-0.0002617709136386902,0.0008887099266884262,0.000542813639865939
2023-10-06,5.095671228408415e-05,-0.00013373027896330854,-0.0003628874420289456,0.0026588824193249623,0.008948946830829118
2023-10-09,-0.0013887829360546668,-0.0007323371752783052,0.0010315712635210405,-0.0015694784387960846,-0.002920899218457382
2023-10-10,0.0005700821072607291,0.00039281030935201466,0.0013769518243716343,-0.0012165682873674618,0.00476195917295759
2023-10-11,0.0009985654352856362,0.0013838733594983923,0.000957286704374735,0.0007324897400075071,0.004019488828917503
2023-10-12,0.0002658261512634384,0.0010578894510349516,-0.00046715403043937233,8.859301639698265e-05,-0.0037721563716137
2023-10-13,-0.0009660362760629384,0.0003620921341696349,3.1656889966414396e-05,-0.0003497826613421327,-0.0036273238578963807
2023-10-16,0.0006470808632758447,0.00013956379991454405,-0.00021581409603695643,0.0010141860125653548,0.00417028282456064
2023-10-17,0.0016444147376769055,0.000727813585281829,-0.0008938562247445792,0.0006001699608728291,0.003326274923176402
2023-10-18,-0.0004873248179580532,-0.0006395137380984265,0.0004355222074705186,-0.0007472705973800187,-0.0037444225353739377
2023-10-19,0.0003851897738697168,-0.00016412898049632805,4.4346038480699955e-05,0.00039135237993561284,0.004312450169412267
2023-10-20,-0.0010149373154625639,0.0006364028960036134,0.0020041981410466717,0.0009708310192815736,0.0014312603522093103
2023-10-23,0.0015657377098690552,0.0012833176776820675,0.0002894993569417858,0.0008604258068194436,0.006180846551129093
2023-10-24,-0.0005972833218020956,0.0005412549694725707,-0.0005273632587706422,-0.0010193488376748511,-0.00613044141987607
2023-10-25,0.00023340829840902042,0.0003090283605411568,-0.00018264552647957489,0.0011851255539779629,-0.0002268431011617277
2023-10-26,-0.0003849029744992744,-0.0005113523486853695,-0.0006871357741703074,0.0003028868929922663,0.0007748349138944977
2023-10-27,0.000568045559904099,0.0004039588016960476,-0.0002965421316610346,-0.0014523138539770638,-0.0046453879052879435
2023-10-30,0.0007206433001265293,0.00021500480681804185,-0.0007770769033769461,-0.001157074564386843,0.000638450546512238
2023-10-31,-0.001217756917624449,-0.0004245727800242724,0.0005976058593826182,0.001617107977468309,0.011554139926968424
2023-11-01,-0.0014130283543696007,-0.0010927452855853139,5.6415190745412874e-05,0.00028904821651137976,-0.004187786440220384
2023-11-02,-0.0005318500058104574,-0.0003941823738896953,0.0009076256823877318,-1.2517524534346477e-05,0.002124253942098941
2023-11-03,0.0006114376461719239,0.0002620610492447333,-0.0004313699814634939,0.00038040004823964056,0.0031124247019961447
2023-11-06,0.0010632180442924142,0.0005720895102988863,0.0004537219259709408,0.00014913316376374356,0.0023416005816855484
2023-11-07,0.00037930959890399826,-1.2433558173569376e-05,-0.00047299568962117845,-0.000373090248639633,0.0005783276542725557
2023-11-08,0.0008981415269465323,0.0011334744679802474,0.00022390009173937228,-4.953161666027601e-05,0.004484660141848101
2023-11-09,0.0003834332161984276,0.00034628394392436653,-0.0003528264842159568,0.0001112917886356871,-0.0008854133384238141
2023-11-10,0.0004702097469545168,0.00037727797484338866,0.00014842025221576544,0.00019791692501684447,0.0027527351406571345
2023-11-13,0.000666613197702457,-4.935651445306586e-05,0.00019109202988644542,0.0005551717473821342,0.002239352449219064
2023-11-14,0.001718050649581504,0.0003854212916501348,0.00039355795341323855,3.665218905613816e-05,0.008651050659062612
2023-11-15,0.0005430090767129436,0.0005246749880904013,0.0005084678381126277,1.2199064332065824e-05,0.0026173473590468408
2023-11-16,-0.001277205721214903,-0.0005928425137804982,-0.0007190606209776401,-0.0009788687506930656,-0.003466863827499821
2023-11-17,0.00021491708888483313,-0.0005157487681094617,-0.0009426435996004462,0.0005524319421595722,-0.0015848397214061004
2023-11-20,0.000295765016851954,0.0006347387154131967,0.0001480293594265033,-0.00035123069747612103,-0.007013611046325439
2023-11-21,0.0011259102812077428,0.00042688906791472637,-0.0009404020911686726,-0.0012373329632669272,-0.003991996638692479
2023-11-22,0.0007624341693885665,-4.9195651114444654e-05,-0.000375298012557004,3.0731124177614956e-05,0.00602812476312072
2023-11-23,-0.00033710172516917235,-4.291595523914517e-05,4.907734590698577e-05,2.452032121746042e-05,0.002632815962642993
2023-11-24,0.00034234851412763675,0.0003362793473632252,0.00024520772281971234,-0.000507451290981248,0.0010964946963005092
2023-11-27,0.0007065640087634079,-0.0002026871408092124,-0.0007774503083592916,0.00013511189742215199,-0.00600109072448805
2023-11-28,-0.001828238475642101,-0.0010653136754943165,0.00031331496703862293,-0.0003512566705554937,-0.00507285207034768
2023-11-29,-0.0016328149888293077,-0.0004573067186367909,0.001339419558870051,0.0006868493378327077,-0.0028342304672611686
2023-11-30,-0.002277750221914426,-0.0013253073679843467,-0.00032893614280716653,-0.0006942593709429319,-0.0010478509166422674
2023-12-01,-0.00011250632859960927,0.0005565613408586783,0.00013652554910686273,-0.0003751125381585887,-0.009167315116292067
2023-12-04,0.0010315634131096074,0.0007356755813999124,-0.0015124276086351317,0.0011686574964927263,0.001968862520976968
2023-12-05,-0.00047818893148815483,-0.0006351262762746455,-6.27781858565232e-05,-0.0003147227318733285,-0.004923148695801782
2023-12-06,0.0006610613107510352,-0.00015738662686847204,0.00016984496969464185,-0.0007870273126935696,-0.002521179229768448
2023-12-07,-0.0014075592743507436,-0.0008361957442457705,-0.0017364953438109942,0.000572260799357127,-0.01797628073472454
2023-12-08,0.0011518255131896225,0.0005851281179537304,0.0008871289747263105,0.0010284429638605388,0.002387386497718614
2023-12-11,0.00034320361844695016,-0.00015256402951196698,0.0006859669226442362,-0.00022243335829443087,0.00727108793329156
2023-12-12,0.0004710765459168231,0.00020384632605741668,0.00047790030634953755,-0.0010697912380435303,-0.0020820805397512576
2023-12-13,-0.0015890087356706046,-0.00028714820554188596,-0.0014631045867022727,0.0005937806442356043,-0.009613210918444397
2023-12-14,-0.0005072475508862532,-0.00040432954049731236,0.0013339379042038519,-0.00046252578442179253,0.006542678887507498
2023-12-15,7.760460457892582e-05,0.0008602818762074295,-0.0003991681903081712,3.2333474525683575e-05,-0.009881795384501782
2023-12-18,5.121540560498411e-05,0.0005700104229268818,0.0012077296153997596,-0.0004097967081519685,0.005158861571015896
2023-12-19,0.00017738696379031527,0.00040525309876699545,0.0026909584927141883,-0.0013057976728343005,0.01369365049492528
2023-12-20,0.0018220087126054208,0.0007296375928424354,-0.0008079934527680327,-0.0008820217269946696,-0.006195940417326028
2023-12-21,-0.0010943685914094768,-0.0009472606955115628,-8.942658402807984e-05,0.00036492261804782006,-0.004672279338231349
2023-12-22,-0.0005356459763322228,-0.0005677812982475315,0.000690373788103486,0.0008925839621476351,0.0034106183664687397
2023-12-26,0.0009734342316810652,0.0008141354713084698,-0.0005799669390220305,-0.00028620583482870935,0.003878133552026788
2023-12-27,-0.0018349906122777297,-0.0009804759572589418,0.00027913822598601875,-5.700189057820242e-05,-0.0013928686118477277
2023-12-28,0.0022147977969618664,0.0038096503745577047,-0.0002873810980494055,-0.0009019700018822197,-0.003634396833740983
2023-12-29,-0.004930124018889785,-0.004220509971430418,-0.00015946776074084035,0.0002374588068264834,-0.005804099652205455
