date,fix_return,fix_return_narrow,control_return,post_fix_return,daily_log_return
2011-01-03,0.005541839990302655,0.0035957788387512546,0.002555239628704317,-0.0015695657020956138,0.0
2011-01-04,-0.003001878426835008,-0.0015772281612817208,-0.0002985965982175579,0.00015030813195292264,-0.0027743428734933813
2011-01-05,0.0010655302020383163,-0.0009129641534922399,-0.0006789122578125875,0.0017480528866985665,-0.012314589196174676
2011-01-06,-0.00337397758916618,-0.0027607379497714105,-0.0009156811017527852,0.0005375312089495903,-0.013469247786634029
2011-01-07,-0.0003082376536695963,-0.0011556686828817348,0.0,-0.0027784227181365598,-0.005640347191973978
2011-01-10,-0.00023199164934116896,-0.001082418537722415,-0.000774593377226694,0.0009276438513082009,0.005337058729477308
2011-01-11,0.002472571187061786,0.002859905330918617,0.0003867723892733139,0.0012339967630982437,0.0014646369933710166
2011-01-12,0.0011492052595933181,0.0007659900795826371,-0.0032282887376219576,0.0005358441587239455,0.010955025866410546
2011-01-13,-0.0007501875820692955,-0.0006753968212914854,0.00015205656533506896,0.0026231980565914158,0.016997576368571077
2011-01-14,-0.0010476690324438,-0.0017956012605393362,0.000598309792734206,-0.002323752029499753,0.002842398502821656
2011-01-17,0.000300932894236054,-0.0006771754519336056,0.0009795427072647944,0.0,-0.007352422647928583
2011-01-18,-0.0028324407726057956,-0.0017160981641163836,-0.0017166104898265096,0.00022390566201705057,0.007277670265161356
2011-01-19,0.0009644990917223291,0.001260706904343745,0.0008915305196751251,0.0007412898782745744,0.005516638412995355
2011-01-20,-0.0006696179707818071,0.0011926059851231061,-0.00022229632191124286,0.0006696179707816825,0.0010402735371178346
2011-01-21,0.0014742741871202499,0.0011046876698765393,0.0011822079107053599,7.36566862189034e-05,0.011445574457804237
2011-01-24,0.0026369777952646614,0.001096932356142835,-0.00044218439809587114,-0.0011711317397696296,0.001760822171752716
2011-01-25,-0.0035904050293658874,-0.0004392708175182111,0.0011775097033192784,0.0015403237724754913,0.0030739978828305385
2011-01-26,0.0006578707155876294,-0.0010957304138777596,-0.0002918216990140534,0.00014613473648685427,0.0018252843384048516
2011-01-27,-0.0012388414774421,-0.0018197042543647594,0.003355218319015525,-0.0022630224644995672,0.0009478328149358037
2011-01-28,-0.002859344299388239,0.0001467243785187518,0.0003640997673573854,-0.0012489440700733955,-0.008195567605324468
2011-01-31,-0.0025520448427614885,-0.0013114755978107554,0.0005860376696915668,0.0012403781094885574,0.010409124918483321
2011-02-01,0.001378760060221685,0.0021775431410491026,-0.0008733625009289134,0.00043500326938409126,0.008351234041661099
2011-02-02,-0.00028970812109633685,-0.0008687468873322489,0.0009400195927019592,-0.0019577282111138024,-0.0009405636839982598
2011-02-03,-0.0005135164988317118,-0.0005136672283187407,-0.00021776213202586114,0.001832777903894393,-0.013995417591456009
2011-02-04,-0.0010327531162837383,-0.0003689628496271006,-0.00029349182102220107,0.002432642827305685,-0.0031614186533736794
2011-02-07,0.001107706054260304,0.0006647708632005657,-0.001692608123862271,0.0005165098805108691,0.0013989620512266199
2011-02-08,0.00204903108646657,0.00043923866006356625,0.002275647889739766,0.0004385323853353238,0.002425134387176883
2011-02-09,-0.0012406496756468398,-0.0011671166252981864,0.0002931691607042193,-0.0007305135835128668,0.006875895716742384
2011-02-10,0.0022060454567681903,0.000955777009126747,0.0010999084518604864,0.0013212950612002225,-0.008491998323682554
2011-02-11,-0.0011068069751911064,0.0010332104240178908,-0.00029583610895442947,-0.0021433066850150115,-0.0033875870086421977
2011-02-14,-0.0014103851204056816,0.00014855529998359388,-0.0006688217839329117,0.0006683251279094367,-0.002445441953796674
2011-02-15,0.0005184993264565399,0.0005182306242207921,0.0013307705645738699,-0.001185536594101698,0.001408712003119508
2011-02-16,0.002074689540860297,0.0002220002229119188,-0.0014774324915425765,0.0033253309785213395,0.005615086788683154
2011-02-17,-0.0007356728059303093,-0.0013981384962718512,0.0008107610541775203,0.0016912390515990993,0.003603607503298618
2011-02-18,0.00036687823722953886,0.0,-0.00014743826049563706,0.003003335224583849,0.005125587848812114
2011-02-21,0.0015372793188863979,0.0008783487609059586,0.0010973335897564262,0.0005119017260489781,-0.002263518180113448
2011-02-22,-0.0008038879374709692,-0.0013148285312753116,0.004558496240182092,-0.0012436447705541065,-0.0006581112445493016
2011-02-23,-0.0015246672282330275,-0.0007991572948840601,0.00036471060617986793,-0.00014532771425085396,0.0064163544958242
2011-02-24,-0.0013053885384044152,0.0005802567798988437,-0.00036259473184529215,0.0012329116403839487,0.004351301375668188
2011-02-25,0.0006548550457764107,0.0002910784476961506,-0.0020286921897584667,0.0007271141162347838,-0.0048601887407994015
2011-02-28,-0.0011574075366119424,-0.0005069341456280962,0.0010851873012869833,-0.0017386269230401338,0.006315122791379055
2011-03-01,0.0013022719247481158,0.0002892681535934661,0.00043355734474943776,-0.0015194822213700835,-0.003842394258717568
2011-03-02,0.00028830906931722486,-0.0008646156601743955,0.0032579214336788025,-0.0006488123357760615,0.007021128332498934
2011-03-03,-0.0006456472838083523,-0.00014350290618011084,0.0007213966551492319,0.000789067864907477,0.006542314574980496
2011-03-04,-0.0013596195160395954,-0.0012876459322589257,0.0006443991201402087,0.0011450656085473117,0.002218962293389579
2011-03-07,-0.0008572041384956487,0.00014282653741355594,-0.0007133176705912644,-0.0013587444433174028,-0.002003578487782697
2011-03-08,0.0005039778356428458,0.00035995824873023526,0.00021549402087491293,0.0012228897686269108,-0.004810635735821689
2011-03-09,-0.0016525960290681907,0.0,7.203832441988771e-05,7.190881964769434e-05,0.0006475519167172276
2011-03-10,-0.001231036760700029,-0.00014491703525121107,0.00021681783773011402,0.001448121315986651,-0.0074360520242474385
2011-03-11,0.0002168648578998037,0.0005781182412786888,-0.0018867930125766445,0.0025987165422637986,0.007364122515135259
2011-03-14,-0.0008595989067987956,-7.163067228446637e-05,0.0019365256186333851,0.0024336136840847015,0.0028626656635067234
2011-03-15,7.169229669336952e-05,0.000215076890817295,-0.003235201786511517,0.001289583213536052,-0.001645031304705846
2011-03-16,-0.0008615738614523185,-0.001795010354523647,-0.0021486901262119116,7.182618067360695e-05,-0.004088518409130779
2011-03-17,0.0016432683296276002,0.0004998750416512148,0.001713674107344259,0.0008562866228932521,0.007304529757011766
2011-03-18,0.00042450828428622914,0.00021223161623297774,0.00028461648121542803,0.00014146272480798587,0.011774855862457443
2011-03-21,0.00028198801737801715,0.0002821073437145513,-0.0001413127961087941,-0.00035249744804364766,0.002324353925494572
2011-03-22,-0.0006343165452138862,-0.00035232357761483854,-0.0004214963181474362,0.0015498418037115194,-0.0018308574933279475
2011-03-23,0.0002828454268609553,-7.071385640962499e-05,-0.00021152829269784448,-0.0017690978678997558,-0.006221739527252943
2011-03-24,0.0033167526259938207,0.002043909510926663,0.0009920635734282477,0.0,0.0055871993712981885
2011-03-25,0.0007073136523490214,0.0007072136079769622,0.0,-0.00014142271272326646,-0.006580600432202128
2011-03-28,0.001065151884834704,0.0007807232732697757,-0.000568666492435772,0.0009931191849802984,0.002631112628988618
2011-03-29,0.0017056361181430704,0.0022740203091089145,0.0011318620336835527,-0.0010656816041772915,0.0019156414386309847
2011-03-30,-0.0012082875772610917,-0.0012083734633094995,0.002553736225062482,0.002344167296152031,0.001133465692334348
2011-03-31,0.0004938097521951557,0.00021163274743009897,0.0009161704717795821,0.0007754944165305729,0.0034632681186283136
2011-04-01,-0.0007800588985416644,0.0004261363700849665,0.0,0.0035408294199746363,0.004364974545232451
2011-04-04,-0.0011245432728514998,-0.0011245432728514998,-0.001407162689100024,0.0008435259884392802,-0.0008437039099934578
2011-04-05,0.001976424727507017,0.0002823462996099434,-0.00021154320848908186,0.0016205746016325934,7.033585373043652e-05
2011-04-06,0.001259093619052606,0.0005597928912539137,-0.0006297009128837605,0.0027226098007579833,0.007846474332789212
2011-04-07,0.002590947144598352,0.0013301132557131219,0.0009100774193889376,-0.0006296128089341348,-0.0018160234089222547
2011-04-08,-0.00013856172947201466,0.0,-0.0012495662854650285,-0.0001385809314856752,0.012436329387561005
2011-04-11,0.0011767557513402166,0.00020766275643116137,-0.00013832215251323253,-0.00034596090986815643,-0.0014541428314531096
2011-04-12,-0.0016549445233541827,-0.0022760985099643002,0.0009004953332501659,6.901073119612362e-05,0.003251585417008831
2011-04-13,-0.0009671180637747107,-0.0010360190172787236,0.00048277527748938765,0.0021402196715840783,-0.0026281224062695806
2011-04-14,0.0017326822784459407,0.0006927606789005746,-0.0012422361845911684,0.0011765114336773214,0.0031114977566336043
2011-04-15,0.001664932746722386,0.0021503147050223595,-0.0010371651750831577,-0.0003466324690676447,-0.0038735609061949527
2011-04-18,-0.0027298515535147294,-0.004550713212704169,-0.0003487844896018068,-0.004495968233686468,-0.01319713319695214
2011-04-19,0.0009089956224963417,0.00020979754613820731,0.0004208754270881623,0.00027952480964662694,0.007213674171050578
2011-04-20,0.0021347665029671794,0.0010332358418783509,0.0018690947257212543,-0.002065831887422625,0.01324063570851993
2011-04-21,-0.0010301844941177191,-0.0003436780457927391,-0.00034168176093514143,0.0010301844941177822,0.002063842229541311
2011-04-22,-0.00013743815304753326,0.0,0.0006179409033190156,-0.00048118234301864276,0.0006183229903983234
2011-04-25,-0.0021928330585014692,-0.0003427592150096648,0.0006172204701655807,-0.0013042733958095023,0.0012355001914812933
2011-04-26,-0.0004789435964427363,6.844861223101126e-05,0.0013687382372300908,0.0008892841848840366,0.00472199337614878
2011-04-27,-0.00020450594842738332,0.00047708298740986203,0.0017036359703303976,-0.0016375549510898762,0.008362560207118579
2011-04-28,0.0026313141384066404,0.0018876834298171916,0.0006064485883786717,-0.0010112246791532083,0.003581931988434076
2011-04-29,0.0012795045349760247,0.00026950545911678334,0.0007411150751880907,-0.00168389895984397,-0.001079986605140894
2011-05-02,0.0010099990758593214,0.0015495000910717015,0.0007426160678834298,0.0021512613338578227,-0.00020238135462195695
2011-05-03,0.0004049676081261562,0.0013498922136215112,0.0008114139332201947,0.001416096531193017,-6.746955438923408e-05
2011-05-04,0.00020110608413675824,0.0010055305020185744,0.0014811825235408018,-0.0025503369527980274,0.00047219131370791745
2011-05-05,-0.0027922516183891207,-0.0005449220215216237,0.0003359876388156275,-0.003484205061906036,-0.019613813183112533
2011-05-06,-0.0009647189281833265,-0.0011724543568688746,-0.0006195147332885586,0.0006891799032259499,-0.015595533555294925
2011-05-09,-0.001747824404121671,-0.0023764601944101056,-0.0015250245573119959,-0.0016107010030125728,-0.0006963303672491138
2011-05-10,0.0013934371376096268,0.0011158380403184422,-0.0006268937620412607,-0.000348177295394393,0.0036850380654361585
2011-05-11,0.0005591668559757969,-0.0004893907183355118,0.0015972780228469857,-0.001118646554463687,-0.014822336669360234
2011-05-12,-0.0004927668960364531,0.0004940188533373683,-0.002956499408215263,-0.0008453085879504755,0.003024231302392862
2011-05-13,-0.0007017544147635959,-0.0020365890672842902,0.0009084239470323009,-0.003023168189969843,-0.008675161081767089
2011-05-16,0.0033132454263560605,0.0010569708203138105,-0.0004244181997640597,0.0017579022211411449,0.005949868806235047
2011-05-17,0.0012716356358590463,-0.00021187188892414814,0.0018347334199093157,0.00014119308177357057,0.005282632464427218
2011-05-18,0.0009144948053879489,0.0010548153293341086,0.0006311581962038544,0.002528091234110643,0.0009830080836509911
2011-05-19,0.001893740702722798,0.002032877220363057,-0.0007732593264281007,-0.0014024264271789906,0.0041320925831196285
2011-05-20,-0.005421593987633277,-0.0030981576675673974,-0.0003487844896018068,-0.001130262906423141,-0.010397733131197675
2011-05-23,0.002425627214838378,0.00142541539351067,-0.0005710614760087366,-0.0008554320453210909,-0.0060328796481259874
2011-05-24,0.0017015246926884542,0.00021278859533419505,0.0007099247777933272,-0.0009922041919592844,0.003836867006320229
2011-05-25,0.0,-0.00021363717368074053,0.0017800567198016748,0.0022767708163045092,-0.0014193459199184789
2011-05-26,-0.003602589281195692,-0.003952853315231048,-0.0006349878507359972,-0.0024089568118207875,0.0036861174508392804
2011-05-27,-0.00021063717824070159,-0.0004914867573046654,-0.0004914522512649115,0.0010527424911627485,0.013004998587979476
2011-05-30,-0.0010508249942407842,-0.0018213665280314806,0.0010503099379573979,0.00021025335606768254,-0.0016785568355787734
2011-05-31,-0.0006248915322248102,-0.0003472583984613208,-0.00034704147493903116,-0.0015291585658532539,0.007531416352831814
2011-06-01,-0.00041603106965337695,-0.00048568951518503323,-0.00020806602703627605,0.00048535275697120077,-0.00452599735114669
2011-06-02,-0.0008306223222768543,0.0006923290223922796,0.0005557485380968339,-0.00020776342745874632,0.011173300598125255
2011-06-03,0.0026140208872644484,0.00048131468595177286,0.0006213538810149361,0.0008927039219455086,0.009957163811258173
2011-06-06,-0.001437125995848069,-0.0002736352459268399,0.0010253256306857787,0.0,-0.0035611597695322903
2011-06-07,0.0010226692556547948,0.0007501108469962938,0.0008183864604621865,0.00040877504316308357,0.007518318511816232
2011-06-08,0.00034177518361351583,-0.0008206812114292207,-0.001228166093244244,-0.0016415872359518578,-0.007449714937543013
2011-06-09,0.0011732635322205922,0.0008963354273361164,-0.00020510716921471077,0.00041376457386384913,-0.0045379615829197065
2011-06-10,-0.003672526041613618,-0.0009712780005973382,0.0005533651659502103,-0.0032680903822004457,-0.011435824804713177
2011-06-13,0.0017384657206897553,0.00048673644183132476,-0.0020908845086069685,-0.0011818277992757444,0.006123462179130287
2011-06-14,0.002630669568339766,0.00034627238131238646,-0.0005533268919707038,0.0007602198092384307,0.001871296938624409
2011-06-15,0.0006297449741057947,0.00041966846807445083,-0.0009747946740423346,-0.000839748124925001,-0.01950769779673053
2011-06-16,0.0030398383310739708,-0.00014143271362236648,0.0009192151964201166,-0.001978379787510548,0.0036648148707037866
2011-06-17,0.0009796376124581291,0.0014699194191131768,0.0020486743769496706,0.00034963812810296643,0.006800601103455021
2011-06-20,6.9961870808855e-05,-0.0006987632175871826,-0.0007041757913682559,0.0011187247705724977,0.002239015768857415
2011-06-21,0.0005568704028078883,0.0003479834394998372,-0.0013936313314064253,0.0003478865924805019,0.006409385185183481
2011-06-22,0.0006253257108406399,0.0007634912742907202,-0.0003472583984613208,0.002358818909722627,-0.004593869010227393
2011-06-23,-0.000776644230092358,-0.0007061648482140528,0.0011210763505990883,-0.0006358851381821372,-0.004965566030442334
2011-06-24,-0.0026775664249561034,-0.0017608738481946042,0.0009828010619080778,-0.0003528457042358322,-0.005272234629909705
2011-06-27,0.003871744655662423,0.001898935057382772,0.0007071635964029496,0.00322671435966995,0.006742545560829559
2011-06-28,0.003976980647323428,0.0011860328595797503,-0.0029366543269319137,0.0001392563712039916,0.005653873295801289
2011-06-29,-0.001530648041138696,-0.0010444592391894484,0.00020845638125716965,0.002295094376013449,0.004583341356844207
2011-06-30,0.0002763767032033232,6.905362016353407e-05,0.0002760715042724748,0.0013807389145599409,0.004010515678360728
2011-07-01,-0.0009676528264038325,-0.0008991873336271237,0.000344483106510459,0.0015201771860640964,0.0023435356741877407
2011-07-04,0.0003443644787636665,0.0002756339598485954,0.00027542518937451627,-0.0007577584490991323,0.0001375610429297063
2011-07-05,0.0008287293291983567,0.0005525243596602802,0.0005523717602300813,-0.0015198621233137434,-0.008148653610805554
2011-07-06,-0.0019557176031715397,-0.000838105929768175,-0.0004175365405127395,0.0004892880955965922,-0.007446879944489317
2011-07-07,0.003914446491458778,0.0032136397644730434,0.00041952175136345676,0.0020211178779580715,0.0029296895954785264
2011-07-08,-0.0005586202226128868,0.00034912544431696586,-0.0005588153260814364,-0.004550394634600798,-0.006498747584717603
2011-07-11,-0.0010677297522909321,0.0,-0.0010611581767585071,-0.0037818019313756225,-0.011888895254190216
2011-07-12,-0.00028604119188160984,0.0005001965161990506,0.003749373488868977,0.0,-0.005425097180422989
2011-07-13,0.0021994403843325068,0.0018454118375099983,0.0002846569902512172,0.0036785553648594,0.01893069401333156
2011-07-14,7.031112676474465e-05,0.0005622320760935879,0.002321900779304475,-0.004651171175730732,-0.006553241928150946
2011-07-15,-0.00042501948645751994,0.0004251098264388025,0.0013456569189481508,0.00014169323438502536,0.0007067138103323802
2011-07-18,-0.0028447498026694445,-0.001918227294170125,0.0007117944638200954,-0.0010688710177863684,-0.001346324384051789
2011-07-19,0.0025387883876119006,0.0008462623918307033,0.0026828595589399066,-0.0007045727058186662,0.003539075041598711
2011-07-20,-0.0010571943050410482,0.0007753850880147296,0.000987236523311233,0.0010571943050409675,0.004722808623392864
2011-07-21,0.0020235153260523223,0.0018839624593349046,0.0004915903045027311,0.002436733199999853,0.013828001607292115
2011-07-22,-0.0018114684811356935,-0.00013947001417311894,0.0011109569258182508,0.0016026202782113063,-0.004170147828095637
2011-07-25,-0.0009061444177690058,0.00013943112125225417,0.0006958942521611744,-6.973743857213704e-05,-0.0017374991339876046
2011-07-26,0.000622170010737403,0.0005531738489837667,-0.0008278717271728125,0.0012431799377198222,0.00948465000696797
2011-07-27,-0.002422901050302211,-0.0013844665093852083,0.0007595374092058157,-0.0034715024796128594,-0.010041287928382013
2011-07-28,0.002869442427952739,0.0016109266309865887,0.00020865936434594836,-0.0008389848775708552,-0.0028576426486085116
2011-07-29,-0.0006956522019669558,0.0009045051929939569,0.0007003782328598655,6.958700117633936e-05,0.004943439135875789
2011-08-01,-0.00802768612510697,-0.0046070163852616215,-0.00034740316486272,-0.004988592815208278,-0.00713090270013332
2011-08-02,0.003580333074507751,0.0021046731495805936,0.0011973940504418797,-0.0037913406363948555,-0.004570873961518529
2011-08-03,-0.0006293926568831274,0.0010494281580175104,0.0021752104847313058,0.00027977897643499303,0.01218929277675021
2011-08-04,-0.002615119700777882,-0.0014126291372982388,0.0007008199880364798,0.001202390780361228,-0.019049533975157937
2011-08-05,-0.0008445946448015659,-0.0013388297810710463,-0.0008478169223394481,-0.00035212507846488607,0.013393686757828356
2011-08-08,0.0012711866118554353,0.0004937749192131482,-0.00041835170042610743,0.0011285886787249157,-0.014508752842452429
2011-08-09,-0.0004909008128316118,7.020253434031157e-05,0.0018984009920079523,-0.002809779876103329,0.01589947693837919
2011-08-10,-0.0040839375167545456,-0.003800947773097946,-0.0012528713269666395,0.00021164767795681843,-0.016111303947114946
2011-08-11,-0.001548750749558972,-0.0008448324918151738,0.0008419280648874844,0.005340091385953851,0.005352502390687027
2011-08-12,-0.0015436433039945207,-0.0025233068690846913,0.00035167927213170853,-0.0013350667759644635,0.0006319559245533333
2011-08-15,0.002633769196447397,0.0009003705979305741,6.988364376154392e-05,6.921612738536576e-05,0.012676912818783127
2011-08-16,0.000833101964319518,0.0005559030092430988,-0.0009729655364820146,-0.0007636502852973333,-0.0033972369484963016
2011-08-17,0.0011042861222949263,-6.898216813689362e-05,0.0006948304893220425,-0.0031781151525669946,0.001804052668029807
2011-08-18,-0.004749275584238382,-0.0005587372683422088,0.0020111661135898498,0.002237763171577517,-0.007165995809415159
2011-08-19,0.003119478457716623,0.0013172035597159436,0.002447810432983275,-0.002147930844862954,0.005153573632036344
2011-08-22,-0.001040474550219018,-0.00020818153504978775,-0.000902495809113481,-0.002084202505193147,-0.0012529585378572364
2011-08-23,-0.001665972896774269,0.0008333912559579729,0.000276338516438899,-0.00027793218633603096,0.005348906504524577
2011-08-24,0.002767784772726089,0.0012445552322047017,0.0029841446205631102,-0.004362736742196959,-0.001872335070745527
2011-08-25,-0.0020792910180639466,-0.002080444578406745,-0.00034591304091155793,-0.003962603815604906,-0.0024323303280636577
2011-08-26,-0.003265819530521646,-0.002219140993913355,0.0006929046840420662,-0.0006265882476040699,0.00872883962741372
2011-08-29,-0.0004128251056289422,0.00020661868595157315,-0.0011710006504281883,6.881602039668117e-05,0.0014480264553949917
2011-08-30,0.0005544774192516956,-0.0016637785467117994,-0.0022816064103259523,-6.929286632707727e-05,-0.005181179771256547
2011-08-31,-0.0023581644996528597,-0.0010394651155961742,-0.0012456749015611727,0.0006941552409789836,-0.004094810871365375
2011-09-01,-0.0030842587186118756,-6.99814549430242e-05,-6.990318411846089e-05,0.0004913142755437619,-0.008520794673779971
2011-09-02,-7.028641717882635e-05,-0.00042191126425753124,0.0007726075889150731,-0.001266001013091711,-0.003724399090982328
2011-09-05,-0.0029806281381377893,-0.0014907893294496726,0.0,0.0031223414523407285,-0.004742532336090961
2011-09-06,0.00184895515623956,0.00213204543842263,0.004525854553747668,-0.0030597383959268722,-0.006477582531190594
2011-09-07,0.0014246031328791536,0.0009255634137664273,7.097987723451592e-05,-0.0010682620394174762,0.006335668105351157
2011-09-08,0.00021450788398710117,-0.002787806945106398,0.0007817775175184772,0.0010718497578388073,-0.01487016247945128
2011-09-09,-0.0018926991163769804,0.0002916089544611379,-0.0009373761367051798,-0.0013124318325713786,-0.01663134307387164
2011-09-12,0.0013190680499715268,0.0024162559806190104,0.004268478662265979,-0.0033009382622936263,0.0066845659712073124
2011-09-13,0.0029965306544062474,0.002630234584233227,0.0008094485154425399,-0.0016067780260869326,0.0013900576551495326
2011-09-14,-0.0033586480170832078,-0.0011688218147069573,0.0002929329936728027,-0.00029259015642868957,0.004449801265906964
2011-09-15,-0.0015851289434753702,0.0013692215593545123,-0.00014524328275346762,-0.0015154251502001463,0.010282494651161031
2011-09-16,0.0020984847962750887,0.00043446778380745905,0.0002900442337787453,-0.003475745714932871,-0.006214790923722757
2011-09-19,-0.0009553555751432859,7.348348461984777e-05,-0.0007313684228588592,0.001102252380401829,0.0003657243210861233
2011-09-20,-0.00021941854174698845,0.00036567082719972713,-0.0010242154673971724,0.0029216294246627787,0.001972603379369452
2011-09-21,-0.0005850091574520311,-0.00014626298110028102,-0.0010246652437187168,0.0012427356400371494,-0.00835536962878514
2011-09-22,-0.0005203493891800398,0.00022315617305375735,-0.0002957486158340125,0.0011147030470928005,-0.00968835001159432
2011-09-23,0.00170540952615396,0.0006665432574121968,0.0019949025789042516,0.0013326425308287258,0.0032645822137917467
2011-09-26,-0.0039412581227991125,-0.0017845197686834507,-7.439092434154745e-05,0.0037185823007619017,0.0010355796472492002
2011-09-27,0.0002934918210223043,0.0016151534235852839,-0.0005924609519370287,0.00014671361528655164,0.004499694089438309
2011-09-28,0.0020562539374129273,-0.00014678899108920348,-0.0022766506363434886,-0.0023503499618839985,-0.004573628509641321
2011-09-29,0.0019060191973683117,0.0011740535542901864,-0.000366126024666074,-0.0005128017401117613,0.004279186107808407
2011-09-30,0.00037189929395881576,-0.00029750836961722846,0.0005913660728223681,-0.0018608811056852676,-0.014534924036593089
2011-10-03,0.002024823519801717,0.00015012760874918995,-0.0011232170112711916,-0.005483993761125139,-0.011307221329886413
2011-10-04,0.0019670153111783282,-0.0016676777667353722,0.002808883987623454,0.002717187874505822,0.010932366581710054
2011-10-05,0.0012005704150839427,0.0022512391317871332,0.000751597179312122,-0.0021019450723721218,0.0008994154406347662
2011-10-06,0.005398528519500149,-0.0005246786463729194,0.0024695990100675083,0.002390022797263253,0.005975518228660828
2011-10-07,0.0022250250223867026,0.0022992778533100426,-0.00029750836961722846,-0.0006669878336721997,-0.0038052648043393326
2011-10-10,0.0017595312457404863,0.002201189530639812,0.002803602249563506,0.0009517883355706786,0.01835728826214294
2011-10-11,-0.00036793112744437184,-0.0007363228371850389,-0.0016152720105254653,0.0038198827025515644,0.0011728486903752862
2011-10-12,0.0023217016886112364,0.00152499938781025,0.005320518363500087,-0.0002899181001678983,0.009261013431493128
2011-10-13,-0.0024070911363463796,-0.0009490783701999193,-0.0037752331755714313,0.0008030076717222176,-0.0003629895861846055
2011-10-14,0.0,0.000576451954282566,0.0029002340514685315,7.21110510498082e-05,0.007883453116694902
2011-10-17,-0.0020319310329269314,-0.001888026121806171,0.0007193727380222504,-0.00043595147097497285,-0.010356782778528365
2011-10-18,-0.0014611340998092227,-0.0026327351757994256,-0.0023352561148984566,0.00021930626207295316,-0.0001456133966897161
2011-10-19,-0.0015940877225354344,-0.000942678000267903,0.00014470732967888992,0.0007249003579485184,0.0018186452471947285
2011-10-20,0.00021807872728456766,-0.00029097257788765973,0.002549442324895593,-0.0048087524358834625,0.0013073796167825968
2011-10-21,0.00014416492492339675,-0.0003602435285186514,-0.00043658590521012227,0.0012245634521426089,0.00852852813200501
2011-10-24,0.001949811052823006,0.000505433419908285,-0.0016573594137832398,0.0021620071840361176,0.004315932465568729
2011-10-25,-0.002014679052441995,0.00014412336985382163,-0.0017238906725756116,0.001655212496933937,-0.0017241383581398043
2011-10-26,-0.00617951237111686,-0.0023726509315201523,-0.0010051695274814014,-0.003972128141761983,-0.0009351509511479418
2011-10-27,-0.0009904493204447602,-0.0007081651737069158,-0.0015713166578505047,0.0006368300232911839,0.020585505577439902
2011-10-28,0.00014141271323878113,-0.0007067138103322912,0.0008465608971192461,0.002259887967437504,-0.002329275801672549
2011-10-31,-0.0035760301304025486,-0.0009296006962116054,0.0005715918989575678,-0.0005733534164090758,-0.021367876265264877
2011-11-01,-0.0010970928143730994,-0.0013173304012762555,0.0010934141119249502,0.00021951487301394618,-0.013306867867747749
2011-11-02,0.0015947810556552963,0.0021739138996197454,-0.0006532864167305615,-0.0005796261573669271,0.00481963836417245
2011-11-03,0.0015266623589633309,-0.0018895354459116935,0.0008007279772692595,-0.001453911276758988,0.0070415157921773115
2011-11-04,0.0010195907954865773,0.00043684019624424636,0.002965751387168151,0.0013093767783299113,-0.0023900065694991875
2011-11-07,-0.00014527493306578932,0.00014533827509061216,0.0009481784744511333,-0.001817719626535114,-0.002105493208939588
2011-11-08,0.0007255314836149352,-0.0005072647668469151,0.0009441156879795132,-0.00036269994231707714,0.004640716036541001
2011-11-09,0.0021365168181652844,0.0002209212424761205,-0.00284931699619879,0.0008092103284843889,-0.02172011232947206
2011-11-10,0.0016214626194054763,0.0005891450203547181,-0.0043425527337659885,0.0010304726364530083,0.006117579425432324
2011-11-11,0.0023316827818410046,0.0007278550434149739,-0.001393728448603803,0.0027618303768007445,0.010234755616916242
2011-11-14,0.00014676744724365917,0.0008064812197083605,0.0008028318498578813,-0.0005137803335155455,-0.011748958441704723
2011-11-15,-0.0014777599851946278,-0.0016981066504363242,-0.0008858704255696016,7.393988690570064e-05,-0.008773602930322463
2011-11-16,0.0016284237499308654,0.0005911912675881747,-0.0034759492158436267,-0.00133214939771562,-0.004825010288674097
2011-11-17,-7.40110276768826e-05,-0.0011840451320420514,0.0007423905314984517,0.0004439840238686263,0.0010412019384785805
2011-11-18,0.00029605506840464066,-0.0008872458992387094,-0.0011089344277653479,0.0,0.0052637553422337745
2011-11-21,0.003705080192545424,0.0005940447193331001,7.432457545502562e-05,0.0008871803036438705,-0.003849290414326885
2011-11-22,-0.002961648840358042,-0.0020733069255883946,0.0011830820664185079,0.00162999221093097,0.0025924980262246426
2011-11-23,-0.0023980826840128548,0.0,-0.004472279368394503,0.0016492994217715594,-0.013030227917878608
2011-11-24,-0.0006750928509028977,0.0,-0.0023909156637731428,0.0009749878898877322,-0.0010497901384025677
2011-11-25,-0.0011305823702859154,-0.000979395113508091,-0.0017348674915117282,-0.0014339084000966665,-0.006850630925149987
2011-11-28,-0.0017978879664995043,-0.0011985917982992825,0.00022422362663541116,-7.498219176474998e-05,0.0003756150740928432
2011-11-29,0.0002250647070529783,-0.0007500750426676538,0.004332891882618929,0.0008997526287437155,0.0006006908124758476
2011-11-30,0.0003711814748825618,-7.429144537423667e-05,0.00015059107023407514,-0.0017829289322985422,0.008967329556786533
2011-12-01,-0.002003042325561102,0.00029689007862988544,-0.0008892182875664923,0.0014099664686041498,0.0017095927157881493
2011-12-02,-0.007454376672679887,-0.0017145630202001,-0.00037090612791225826,0.0012711707697428934,-0.005585566560481161
2011-12-05,-0.0013657655233442593,-0.00034891188101961147,-5.202507609845446e-05,-2.9711280632573936e-05,-0.0021790077723123262
2011-12-06,-0.0010305891699600605,-0.00041833815779347656,0.002360676428732897,0.000791706542309385,0.0017018231524611601
2011-12-07,0.0014872891856368771,0.0005302959698541233,-0.0027460244697981983,-7.468538783863794e-05,-0.000760983944152115
2011-12-08,-0.0008419217359806611,-0.0003454309285139862,-0.0005896160576231181,0.0019383636668191065,-0.0040084410302721
2011-12-09,0.001967481100135852,0.0029268350091181928,0.0018793268408595586,-0.0011216631700188043,0.0030451900961470787
2011-12-12,-0.0004389151299425054,-3.7841949318933175e-05,0.0017708655869108324,-0.001985089753576404,-0.01552019756183589
2011-12-13,-0.00561728578292563,-0.004315569840602802,0.000985909163874536,0.00070293401427443,-0.011137537784781248
2011-12-14,-0.0014874246024861098,-0.0008946337997014637,-0.0008971533238579893,0.00029303577559555125,-0.0026074631249380577
2011-12-15,-0.0007074800931827046,0.0012853917403474857,0.001440561682905577,0.00105334793668577,0.0033983563763844266
2011-12-16,0.0013117271034152123,-0.00036827608846692563,-8.440664055054998e-05,-0.0014729350889331693,0.0012733285450220856
2011-12-19,-0.0006990026055533469,-0.00023816383479528276,-0.00035315343348124985,7.68373737365186e-05,-0.0022887171675417123
2011-12-20,-0.00048043010856770854,-0.00032028307196486374,-0.00014525383132509622,-0.002703860374494952,0.006140044049371653
2011-12-21,-0.0014650331485727822,-0.0014335930821609206,-0.0006695172118199972,0.0009743710515749759,-0.003851326881830011
2011-12-22,0.000889181934605989,0.0014331865557048729,-0.002967338534060202,-0.0005748117649790789,0.0014182170408955825
2011-12-23,-0.0001917699993220374,9.205418929767887e-05,0.00010712290833636536,0.00031448350179615823,-0.0008890251965068107
2011-12-26,-0.00038256718346249975,-0.0008570029907481963,-4.591789880500869e-05,0.0003749172739226432,0.00036796835887346755
2011-12-27,0.00019130188643737972,-1.5306551969948513e-05,0.00029825292833960375,0.0003442511996725802,0.0015623567188700355
2011-12-28,0.000601981927850883,0.00016989072978053853,0.000306018623621318,-0.003090929816333409,-0.011034531040229282
2011-12-29,-0.001424567838198337,-0.0006732990746910606,-0.0016193708139298543,0.0032950997845631103,0.002141005698874263
2011-12-30,0.0006548813935707885,0.0011011563252914898,0.0012755843325240731,-0.0011174089607502758,0.00043228222526573383
2012-01-02,-0.0001547352869171199,-0.00020116365504820128,-0.0012126222314442431,-0.0002785838671527878,-0.0016297530013556084
2012-01-03,-3.830111571610075e-05,0.001187598547433369,0.001558751011479373,0.00048248688456818987,0.009019053348419953
2012-01-04,0.0016336140949473924,0.0005034252384321857,-0.0007673419652147488,0.00010056198688011959,-0.00948297566521789
2012-01-05,-0.0013360472963530922,-0.00015634649542094802,-0.0014782543732945919,-0.00039881606897154833,-0.010816043984513538
2012-01-06,0.0013918215053939902,0.0010066534344895454,7.032156491805617e-05,-0.00036153006201834157,-0.005660540398606961
2012-01-09,-0.0014843964414080824,0.00036914425712624316,0.0006261250889375273,0.001680580274135485,0.007339857393268509
2012-01-10,0.0010015336820397432,-0.0001330750114491061,0.0006095750356780102,-0.0003911047193615966,-0.0015122846603641427
2012-01-11,0.0003313217401033729,-0.00018121008995843006,-0.002302289993368725,0.0006780783834546337,-0.0024810206889842976
2012-01-12,0.0005776241076683395,0.001117349108094474,0.0007212801466750806,0.00023407691874398318,0.007721139045920556
2012-01-13,0.0010970322041292566,0.0014928971686513925,-0.0047794294761365,-0.00034713182679570133,-0.010917841136684366
2012-01-16,0.0003630107838282435,0.00019734842718166037,-0.0004819448542962487,7.890075468682248e-06,0.0014696357001102356
2012-01-17,0.0007850218246692593,0.00015700558972150594,-0.00024250673857330275,-0.0003531835610146669,0.006320044018587837
2012-01-18,-0.0010212236080761278,-0.00037427776525253165,0.0022883394539838916,0.0005302309747917917,0.009176489961396236
2012-01-19,0.0003491416968837445,-0.00037227194895493587,0.0014193916063846605,0.0033223779733158086,0.007520259112217801
2012-01-20,-0.0006030244175685375,-0.0006033882754428558,0.0025642529496350415,0.0013601553910341975,-0.0023406279394612224
2012-01-23,0.00013804633777315692,0.0005982237535176695,0.002928056172129959,-0.0004372121277117972,0.010613803280687319
2012-01-24,0.0006624710411212344,-0.0010861569986780862,-0.00033059249394837937,0.0014235973239751251,0.0008135697739407425
2012-01-25,0.001233378456603905,0.0010712621493297711,0.0003620578792914826,-0.0004392166603069232,0.005455275408405357
2012-01-26,0.0001596260193801758,0.001231667696702436,-0.00012149930152846798,-0.000722320886329563,-0.001374402733035669
2012-01-27,0.0010353386329609903,0.0016229007764022884,0.001758653827260759,0.0036152670316062932,0.010005101174143468
2012-01-30,-0.0007480745064631647,0.00022879106899475793,-0.0002818070706524942,0.00200632478971377,-0.005215640488808659
2012-01-31,-0.004176550991919592,0.0002290373569939279,-0.0005458018874692703,-0.0013168978244939157,-0.004768689867091519
2012-02-01,0.002934810680374257,0.0025326835704486987,-0.0010581246300866494,-0.00031809024942906777,0.007148331002946649
2012-02-02,0.0025627293009497874,0.000614793778828395,0.0006618008069051029,7.594773277064114e-06,-0.002562339592561271
2012-02-03,-0.00035847351684098515,-0.0008617304537247521,0.0011766180803076845,-0.0002441406262127706,0.0016126827271560813
2012-02-06,0.0032615241961271887,0.0021261307854700305,0.0011648671299637715,0.0016382016975046514,-0.0004572961682056682
2012-02-07,0.004185149604760658,0.0015640409838901853,-0.0009814028761483478,-0.0014031701872985764,0.00982382059910169
2012-02-08,-0.00270932315716125,0.0006040790621123697,0.0005655831501418479,0.0015102777250362853,-2.2646722453988333e-05
2012-02-09,0.001827720935269316,0.0018060870024908967,-3.76757100973105e-05,-0.0006690245646240755,0.002126553297833186
2012-02-10,-0.0004625890661219555,-8.342529080453485e-05,-0.0003771165712002996,8.343351680914718e-05,-0.0059688137616673844
2012-02-13,0.0001059201816766022,0.0007415871818270216,0.001040527897839954,-0.0005524213980531444,-0.00647903785431336
2012-02-14,-0.001673309587549728,-0.001080604025765903,0.0010455496906649606,0.0007685488882404512,-0.001970968809581941
2012-02-15,-0.0009255045998874633,-0.0013996231715908015,-0.0010178968397339008,0.001101330120267868,-0.005591556978696223
2012-02-16,-0.00012263543566272067,-9.959968596017699e-05,-0.0007462485969488447,0.005122531175382951,0.0054925255818535825
2012-02-17,-0.0008132769808247154,-0.0008055262573558838,-0.0003649024686611195,-0.00018250811831562797,0.00096704074056424
2012-02-20,0.0011918772721417126,0.00036201279507232985,0.0005369939811759825,-0.0014711931764688068,-0.0012107638371066612
2012-02-21,0.0008523059917143629,0.0007464515624348641,-0.0012609247192295024,-0.0005957835295029611,0.0031222974611065705
2012-02-22,0.0018501532597622315,0.0018121965755620575,0.00042319086539324604,-0.0005056203201058485,0.0005056050577657259
2012-02-23,0.0008640672556476792,0.0005413167662198763,-0.000818610285852284,-0.0005784667787077612,0.00890043091872596
2012-02-24,4.4559639371591124e-05,-0.00014109871363676634,-0.0005303474647088364,-0.0003862495219901109,0.005458667235542618
2012-02-27,0.0009028672242029885,-0.001118726856485113,-0.0012372088361628961,0.00021626862138459198,-0.004480207540117265
2012-02-28,0.0025476771825369187,0.0005067970535374344,-0.0003944200773739606,0.0008031830275979563,0.005281846489254991
2012-02-29,-0.0009189906693059948,0.0007552051563335209,-0.0021566156941990114,-0.0011517981288905574,-0.011499483100125406
2012-03-01,-9.0054933570394e-05,0.0005479555017099065,-0.001057673292584648,-0.0007432628076386252,0.00016510566800215614
2012-03-02,-0.0014240269032698473,-0.0006057623325357099,-0.0001660339769705549,0.00046227356050136854,-0.009704824105601608
2012-03-05,0.0011502778583626075,0.0004462580580146478,0.00043210134585831817,0.00031004586658529913,0.0028779831584192974
2012-03-06,0.0004571393821371599,5.334085186605562e-05,-0.0029248561273102418,-0.000396175388976754,-0.007858243529159141
2012-03-07,0.003267242545908349,0.0026593835086821827,0.000996481968926392,-0.0002737642602648777,0.0016070377989695695
2012-03-08,0.0021284472640538607,0.0004902792804361858,-0.0004615390517478895,-0.0003845965365848142,0.009897359609043794
2012-03-09,-0.0006634612328276132,-0.0007851358192745776,0.0006729653449997582,0.00024408289786571942,-0.011237648428651806
2012-03-12,0.0007241654310240831,0.0010976865835194657,0.0010897024209715602,0.0010357880911724825,0.0029690781133522265
2012-03-13,0.0026518626332355947,0.0006192873805959516,0.0011647604232534277,0.0003891629611764802,-0.00559529443798245
2012-03-14,-0.00161832810675215,-0.002560546013035129,-0.0001684894161999159,-0.0002994092447696502,-0.003967651272561667
2012-03-15,0.0006506305604876361,-0.0006196663945125953,0.000850128527823708,8.416832138896957e-05,0.003141716887389551
2012-03-16,-0.00047794801897584624,8.349051059290882e-05,-0.00029090909296067844,-0.0007059600780537854,0.007879696930823389
2012-03-19,0.003071639825335656,0.00040908781564601073,0.0009353079403587124,0.00266958235537831,0.00410404543785645
2012-03-20,-7.557036738349233e-05,0.001200774983892655,-0.0023914765893060684,-0.0008467785121823892,-0.00035521965418406476
2012-03-21,-0.004116508904226195,-0.003420591948879062,-0.0006555672586803489,0.00042454153942627634,-0.001308598738205011
2012-03-22,4.557608168046657e-05,-0.0005698373838345953,-0.0005548988972192436,0.0022306872783436735,-0.001037505536182726
2012-03-23,0.001786811996937324,-0.000135695439333587,-0.0009046295028575683,-0.0009570929223708122,0.005380297861919204
2012-03-26,0.0006456553625998748,0.00036792173443349444,-0.004528846006742361,6.0039776369800776e-05,0.0064899686215306816
2012-03-27,-0.00016498308960753954,-0.0008774134117211587,-2.9971976204502042e-05,-0.00048010563245940005,-0.0028341799855000007
2012-03-28,-0.0018560200097360526,0.0005784450507040007,-0.0011308871928378931,-0.0005266246491759652,-0.00027034130754532114
2012-03-29,0.0006177303878710384,-0.00012051096664396048,-0.0009302884564927974,-0.00038415330448808295,-0.0011948824387443128
2012-03-30,-0.0005695742586514873,-0.0009518207098792215,-0.0011315821248462294,-0.0011326176301454849,0.0033630635546891244
2012-04-02,0.0007222607073133955,0.00021812793665999003,-0.001078199511442036,0.00045114817975004987,-0.003051811896693739
2012-04-03,-0.0011415955035240148,0.0003003408891643553,-0.0006072806385392643,0.002274391567600085,-0.006116595594813954
2012-04-04,0.000982786086973512,7.612087999403921e-05,-0.0005082592231396446,-0.0010971262490797385,-0.007287650506834817
2012-04-05,0.0007584608970976887,-0.0002450154678271687,-0.0018500547730997223,0.00025269251666875183,-0.005762956805166792
2012-04-06,9.935989307884319e-05,0.0005655892597099141,0.00019135167050979794,-0.0004127903924320233,0.0024771791189446644
2012-04-09,0.001225115007749556,0.0009568389834304263,-7.647364721844102e-05,0.00011477761849056924,0.0007784061383448828
2012-04-10,6.114151204863612e-05,-0.0003208605201022518,0.0004965565813652446,-3.057028873883019e-05,-0.002054164986726051
2012-04-11,0.001125912069583559,-0.0005479118607790464,0.002051939955104761,-0.0025274646706060595,0.0020999347192098166
2012-04-12,0.0016781521488688615,0.0007743170076165856,0.0017146715271382682,-0.0008501142852979282,0.005848881697404729
2012-04-13,-0.002074547127680284,-0.0018238919573591455,-0.0005166231197382711,-0.0010159613739155755,-0.00832344991093655
2012-04-16,-0.0015340014359733513,-0.0009199562136383274,-0.0003227293711735409,0.002836055034752387,0.005107602633832545
2012-04-17,-0.0011579630288686947,-0.0007015885166264599,0.00017497213803525756,0.0018201416205517525,-0.00035797932480483306
2012-04-18,0.001834358030644326,0.0001299003971430581,-0.000999256361871464,0.0019300827993060706,-0.0006553579555730561
2012-04-19,0.002142234459947716,0.0006173757155862418,0.0003423315857138686,0.0008145213615121174,0.0012493811856398474
2012-04-20,0.0019927494783785944,0.00012884205119208068,-0.0002811539488355264,-0.0002876804646953637,0.0063900405643767645
2012-04-23,-0.0007617306888731882,-0.0012412003923578136,0.0012172392997499809,-0.0001600371899361884,-0.0027555023071203603
2012-04-24,0.0011365187385092546,0.0010902154255084018,-0.00021263669581945543,-0.00021962625758059967,0.0029449960183911485
2012-04-25,-0.001453543646460715,-0.00010593460817891175,-0.0002119782881604388,-0.0011218836691884557,0.0021274429128856
2012-04-26,0.0023879525595740902,0.0008171480476184652,-0.0011396614703410885,-0.0014426692634249797,-0.00245339433384989
2012-04-27,-0.0002641439675443063,0.0003849884739729807,0.0011292799199245033,0.0007394273547753767,0.004802701764686357
2012-04-30,0.0008313620455711046,-2.2679422582818402e-05,4.5317220551539346e-05,-0.000423152492334821,0.00010573459117005963
2012-05-01,-0.004039555328701995,-0.0017954003359358993,7.5359369995780375e-06,0.0004614098800882119,-0.00033234636839832586
2012-05-02,0.0010651734957237604,-0.0010573599698027738,-0.00018223926547265154,0.00021289861544247188,-0.0063204533159018
2012-05-03,-0.0007825766925626661,-7.594369534565695e-06,-0.0009733322948994041,-0.0007527630178563008,-0.0001444575810429758
2012-05-04,2.2810479135151236e-05,-0.000395019718139621,-0.00028179419309628926,-0.002832474825333032,-0.005199133502016596
2012-05-07,-0.001004050777413358,0.00043685358818872273,-0.0006226004144251962,0.00039867517701754193,0.002645615766552366
2012-05-08,-0.0009230982908922244,-0.0008540794351335676,-0.0005759727378547657,-5.3873712335085365e-05,-0.004520952570103645
2012-05-09,-0.0014848960981164482,-0.00030125484456382966,-0.0008853816380512592,0.0006963195923937068,-0.005020737433898093
2012-05-10,0.00018508093487855983,0.0003548533952735442,-0.00047855754409873585,-0.0005862071793130081,-0.00020877876099917924
2012-05-11,0.001237518624029089,0.00028596050075654575,0.0014686560574455351,0.0005872852907015965,-0.0011529341125692451
2012-05-14,-0.0005533064094807686,0.00024164286082421768,-0.0011029469994808371,0.000623421983347138,-0.004698240582383581
2012-05-15,-0.00033622250427191395,-0.0006647506452387,-0.0012834925199708509,-0.0008841007198799493,-0.007214654600041292
2012-05-16,0.0005258841056957841,0.001476084561845827,0.00026742174140806184,-0.00023543630379579543,-0.0013752728154387973
2012-05-17,0.0005819943695094211,0.001605945491104624,0.000424384844828068,-0.0008652492850892871,-0.0027562327957937607
2012-05-18,0.0001415806697557132,0.0003695360791817993,0.001206686609054757,0.0006997433249718836,0.007737514300604056
2012-05-21,0.0009497310463528612,0.00039245544172248633,-3.913358248890269e-05,0.0015834943653387009,0.0022591989846963943
2012-05-22,0.0010810811863727016,0.0008544161683049653,-0.0018689767126382712,-0.0007832755415385055,-0.009934714027599803
2012-05-23,-0.0026805533717353686,-0.0017396121889950308,-0.0015416668073034274,-0.004030376043568881,-0.007440863904338117
2012-05-24,-0.001588953928922778,-0.00015108563005598036,0.0014918410246801631,0.0005405276635344066,-0.004020465977278323
2012-05-25,0.0006308569082425948,0.0,0.00028612076080765836,-0.001006365747099604,-0.0015408139023184299
2012-05-28,-0.0005425113621646239,-0.00015149159449954133,-0.0005723552574449434,0.0006461932661763041,-0.002604510379005015
2012-05-29,0.0008856230457855731,0.00022335495183027146,-0.0014407905346538181,-0.00045468143170418235,-0.00416375898751052
2012-05-30,-0.00023343516041970155,0.0011193114585453178,-0.0001927416705426669,-0.0023131460623708085,-0.009575842452427043
2012-05-31,-0.0008877841492187169,-0.0010172940856973615,0.0014261372233800866,-0.0017536704281359732,-0.0006632372691275606
2012-06-01,0.0005077185414242716,-0.0005072361776192217,-0.00099676263018687,-0.00391528954592244,0.0059935726524962575
2012-06-04,0.002618525753581847,0.0005686528287533939,0.00017716503774856023,-0.0008400638942555131,0.004532390227797698
2012-06-05,0.001365516899599931,0.00013646562090949456,-0.0021954611846327038,0.00026485495333258006,-0.003479686651437048
2012-06-06,0.002746011804920375,0.0012562966512030696,0.0002396280983397983,-0.000967849091104771,0.01010085382536115
2012-06-07,-0.0033351363379413705,-0.001539792829095356,0.00040641822588092553,-0.0008275643028206481,-0.0011376339239431332
2012-06-08,0.001669864952377708,0.0010439839371625805,-0.0008422268975713667,-8.824036681632847e-05,-0.003748219998392105
2012-06-11,-0.0006453694964236418,0.0013231310713986545,-0.0008488527115679893,-0.0028493799732558713,-0.01474795600951477
2012-06-12,-0.0031195518391795435,-0.0010340889516453951,-0.00014410375495280041,0.000899172340385801,0.0031717834217337895
2012-06-13,0.0010134664209100071,0.00022355824983122814,-0.0010782791710846813,0.00285929524860118,0.004866228470906214
2012-06-14,0.002074318543573252,0.001715729526324433,-0.0010657590166668963,-0.00021438525111583978,0.004929774728510603
2012-06-15,0.0011017974679403543,0.0006578608663425634,0.0009821782967786078,0.0001742739908399788,0.0009181719526144363
2012-06-18,0.0004288266891205937,0.0002380952392201005,-0.0037448788758465516,-0.0010644636982384678,-0.012744058297068395
2012-06-19,0.0010037265174434116,0.0007513594026241657,-0.000492595192062082,0.0018704059181657606,0.008803096747536899
2012-06-20,0.0014476564659423377,0.0009761167076975093,0.002293732654811626,-0.0011406411639351898,0.0007406065433101202
2012-06-21,-0.0039280023262310716,-0.0006261368749508812,0.0019513280353195717,0.00023008660085066402,-0.011844302540702657
2012-06-22,-0.00098615415854145,0.0018779049378939965,0.0006854938613836025,-0.002780778576812171,0.0017597577509486768
2012-06-25,-0.00044852029104810575,0.0002481876311221185,0.0008080097400776854,-0.0002243356070075717,-0.004071471831180368
2012-06-26,0.0009612612486802439,4.803381581561982e-05,-0.001223329767933884,-0.0014422386039195738,-0.0007682520244375646
2012-06-27,-0.0007376464602721655,0.0006176231331756759,-0.00015205656533510856,-0.0007221375584620824,-0.0018269675025711792
2012-06-28,-0.00017696552436032652,0.0002331817662426024,-0.00044247966321157134,-0.0004184066812996222,-0.0022562588610902067
2012-06-29,0.0005126365006919368,0.0006074351828625898,-0.0003978262824680689,0.000354748309796974,0.017530050027340968
2012-07-02,-0.0010324180144786436,-0.0007940163349306528,0.00043514552348271395,-0.0003019851573403169,-0.006928882242599237
2012-07-03,0.0006680983307443812,0.0006678805378221814,0.0012393839624445712,0.0022158429861971925,0.0016752484039243398
2012-07-04,-0.00023885350432043779,-4.7776786860854216e-05,0.0007072951026595423,-0.0038134490073225826,-0.006318658616361375
2012-07-05,-0.0008243890289727903,-0.001026217106678241,-0.00010381520902136591,0.0010748040325634488,-0.01094880941657799
2012-07-06,-0.002371112528775978,-0.00037351002415454096,0.0005409136728733359,0.00036577783062651225,-0.008331693047983731
2012-07-09,-0.00033373897851908123,-0.0004393780430487879,-0.0010912408653160162,0.0011797971304005346,0.0038974984141817662
2012-07-10,-0.0028104436594765434,-0.0013358967155665993,0.0023083248080155634,-0.0003345204761804871,-0.005072164911376359
2012-07-11,0.0019647733176399577,0.0012957222611195691,0.0016371348102310974,-0.002332067789906358,-0.0007512044119079765
2012-07-12,0.00017238760986238943,0.00032014842025739835,0.0002864262615175838,6.566365436995472e-05,-0.003559552554916688
2012-07-13,0.004225392999610645,0.0002450940356380473,-0.0001967148624422047,0.0003104676648357532,0.004065861005567686
2012-07-16,-0.0021834159084480795,-0.0003844407865401033,-0.0011947041664542035,0.0020036890927235974,0.0015253044389243599
2012-07-17,-0.003965377541230214,-0.0036559829850506343,0.0015368168155248376,-0.0015135960607169563,0.0016775931293005635
2012-07-18,0.0008082523820135744,0.0002529941049545366,0.0001546658203831557,0.0007586727670000259,-0.0007488685922859009
2012-07-19,-8.169200484891697e-05,8.174075107961333e-05,-0.0022718121969089356,0.0012654767432770523,-0.0005946102423714453
2012-07-20,-0.002079028454162818,-0.0010682708178273125,-0.0010683195372730258,0.0007236306839135704,-0.009570391143660149
2012-07-23,9.101100825795381e-05,-0.00017377129259240864,0.0006777251835944133,0.002586211899527213,-0.0003796287936260267
2012-07-24,-0.0014053538017248473,-0.0012477226551691513,0.0006524908449163938,-0.000446820137508149,-0.004475612939289332
2012-07-25,-0.0017541913601573558,-0.0009889730321967483,0.0035678927839017903,-0.000486447500059371,0.007187618723102904
2012-07-26,0.0014301387884262926,0.0011708936719052733,-0.0016974575179500252,-0.0007473174090969858,0.010758778675429775
2012-07-27,0.0036623251299134855,0.0027703317002698642,-0.0006846412421442053,0.00035579419298728353,0.0034146097030471226
2012-07-30,0.0019024063413946642,0.0007018231367412675,-0.002045115455151196,-0.001371328035716249,-0.003738504800168196
2012-07-31,0.0008301119500078805,-0.0009523616437855258,-0.00014677582465447825,0.0015119618549447062,0.0035758978857638843
2012-08-01,-0.0008205745294273414,0.00023542496343966716,-0.00025171634137350366,-0.0005528455425361411,-0.005716141808214672
2012-08-02,0.0020814390745158107,-0.0007208447301380449,0.0011494207288934835,-0.005154142922460654,-0.0038262583397148126
2012-08-03,0.0017880950178554057,0.0010313255882961803,-0.00036862433911447816,0.0023683623956873377,0.016664135244580776
2012-08-06,9.693444815549778e-05,0.00015323507500181774,0.0004043802523442081,0.002629797262754805,0.000153273395668949
2012-08-07,-0.0007159664847402092,-0.0006675862982547831,-0.00048305290368479007,-0.0003541504049378235,0.0
2012-08-08,0.0002836017440257277,0.0002431256242069531,0.0009779635700018492,0.0011659731527743308,-0.002625023214273594
2012-08-09,0.0008212951716569165,-0.0007398344246633024,-0.001255482776477258,0.0005444476631820603,-0.004961904132030108
2012-08-10,0.0021688975667145225,0.001387211764057325,0.0004317314534543165,0.0025217411741446263,-0.00117109364240584
2012-08-13,0.0016267996513995846,0.0014481910259427242,0.0012862785182106266,-0.0012866525750046074,0.0037533556127669356
2012-08-14,0.00031593401292392254,0.00047816450580204434,-0.000994015784061633,-0.0022055195557973057,-0.0011440117109298119
2012-08-15,-0.0010998994904615215,-0.001449724154804503,0.0002596707065462256,0.0011324706584665727,-0.0026256228580308866
2012-08-16,0.00014596172585121486,-0.0003893796744335421,0.0003260010297904023,0.0023163156656845836,0.005681510652588851
2012-08-17,-0.0036110350152414802,-0.0009172785882285059,0.001270745904491017,-0.0004309486221456016,-0.0018713323105380092
2012-08-20,0.0005762776681443282,0.00028413357716415013,8.093463314511961e-06,0.0012001882816677712,0.0005995835504819964
2012-08-21,0.00041738572665183104,0.0005134046864684834,8.0601610463776e-05,0.0013873576274475703,0.010034054616763568
2012-08-22,0.0018463371518122169,0.0013638079626284167,0.00148397137901125,-0.00020052376875422353,0.0047600661085542605
2012-08-23,-0.0006138026060106392,0.00047054133058409617,-0.0005894535776855523,0.0032162816016406506,0.0026780606454139327
2012-08-24,0.0008558186186991043,0.0007037354245347274,0.00013558943539792855,0.0006154166045008438,-0.004147662520081485
2012-08-27,-0.0002635267075609675,-0.00024765229744193014,0.0008707287910586057,-0.00043137537515581495,-0.0008638341975611645
2012-08-28,6.368615465147407e-05,0.0004140687891111556,0.0015899842353774487,0.0002149108327309931,0.0052992095405422195
2012-08-29,-0.0004546560445874377,-0.0012362764931352107,0.001951997432873166,-0.0002792772323424976,-0.0026221527025160037
2012-08-30,0.0006374705385760189,0.0005736000730869952,-7.172257710257138e-05,-0.004566874204805212,-0.001997124805031901
2012-08-31,-0.0017145174580082538,-0.002469813557690138,0.0010862360596176606,0.0014448345717187974,0.005828409784365102
2012-09-03,0.0003420503165495892,0.00025456628407056765,1.591457058550155e-05,0.0008268011219416914,0.0006039799280812661
2012-09-04,0.0006758503050110462,0.0017490444343396128,-0.0008564767609475532,-0.001997064740849139,-0.0015981620566316013
2012-09-05,0.00038877318748147205,0.001301721790009215,-0.0013342656528539322,-0.00018246655161088864,0.0027732876444432606
2012-09-06,0.000866169004777982,0.0017890870491253125,3.9619494381113434e-05,0.0036313221271330625,0.0024015324276134486
2012-09-07,0.0007519150690276074,-4.702747189008761e-05,0.0002683377283159925,0.00199453329528842,0.014414182507321077
2012-09-10,0.00043031785505101235,0.00027380221481481266,-0.00021123041796546638,0.00018771704838780551,-0.003818022867503775
2012-09-11,0.0009122772083885214,-9.352349784703745e-05,0.00011717880326975901,0.0012695645074482199,0.0073103052066958545
2012-09-12,-0.00017053602614860387,7.758102368300268e-06,0.0021504132498299986,-0.000876393657645213,0.0037515044172921684
2012-09-13,0.0002869607387603392,0.0009383227975812071,0.0007432239226664213,0.0008603884680627576,0.006722065103295935
2012-09-14,0.003693539750237722,0.002388742102010759,3.8378434394938224e-05,-0.0004942195423757837,0.010837412443582323
2012-09-17,0.0007840958368860132,-0.0009506535507970979,-0.0011526410875890881,0.00016739712724733117,-0.0008689753498663032
2012-09-18,6.127263259777285e-05,0.0006510940524689438,0.0009782119372943197,-0.0001455286330153088,-0.0052910985458636765
2012-09-19,0.0024547042902222454,0.001074575646062766,-0.0005820187022926486,0.00028343694292349056,9.96577141645232e-05
2012-09-20,0.0015850866030971398,0.00030917396692315324,0.002020109248537848,0.000702819415932445,-0.006182209754015244
2012-09-21,-0.002107060969195979,-0.0016377878919961422,0.004169685852938671,-9.238159765158071e-05,0.001025320888033534
2012-09-24,-0.0006199147815726646,0.0001858894427895019,-0.0020363373108834674,0.0009761918449713874,-0.0038209379598684867
2012-09-25,0.0014204767160659983,0.00037830389061917365,0.000558104938212294,0.0,-0.002051568620667283
2012-09-26,-7.779104547325983e-06,0.0003422739469596108,-0.00037299515538753936,-0.0009728649302380057,-0.0023742291032444966
2012-09-27,-5.440590694043006e-05,6.994990812223947e-05,-0.0012272418118949456,-0.00040425085870760794,0.0031643877958185654
2012-09-28,-0.003798778107079401,-0.000922369858170319,0.0004485171942334766,-0.0008392260963455297,-0.004338064920649926
2012-10-01,0.0008437349315243714,0.0010372240482191817,0.0014598316021443224,-0.001385958681815196,0.0028910738863741525
2012-10-02,-0.0011673980335822661,-0.0009899382870441511,0.00027135885048333277,0.00036350840143353774,0.002348665325303524
2012-10-03,0.0010690714042292662,-0.00034897653293123086,3.096910058239008e-05,-0.0008288181296226796,-0.0005963329573222657
2012-10-04,0.0011090403317851514,0.00039291671826807554,-0.0004326462566328132,0.0009386421154632887,0.00831647325861159
2012-10-05,0.0014941214856657086,0.0008044467181443543,-0.0006229547482569577,-0.0005514156971529805,0.0014816694135771672
2012-10-08,3.083683460141094e-05,0.0001772865147417064,-0.0007248724079329977,-0.000508929408597321,-0.004309555398522172
2012-10-09,0.0007121845787939252,-0.000402374012067938,0.00020888213321406047,-0.002254408088341148,-0.006413973299865718
2012-10-10,0.0003337149096761694,0.001435572166756725,-0.0005983812799730732,0.0009307088018847245,-0.0025257935672480976
2012-10-11,-0.0004945980718764789,0.0006261716765289798,0.0013360366756375384,0.0005023242260675551,0.006089892950820178
2012-10-12,-0.00024664714168522997,0.000531802166717609,-0.0009248769416940574,-0.0005166145669122134,0.0016228751629843025
2012-10-15,-0.0012895704892515244,-0.0010733218795040379,0.0011423368202453273,-0.00037869274173996743,-0.0006486236280065559
2012-10-16,-0.00033731984373818266,-0.00010729038152023935,0.00018455292107374507,-0.0015654259005760146,0.011588433867613669
2012-10-17,0.0008231456822818421,0.0009830107589211164,0.0005419909520951822,-0.0003962448235215332,0.001342896585147686
2012-10-18,-0.00030549509536100477,-0.0004657110766896391,0.0010997572478089728,-3.0554643162342136e-05,-0.00359017442754239
2012-10-19,-0.0022316730314605967,-0.0005444263529469491,-0.001378359970121382,0.00042217574651719203,-0.0033880928031161306
2012-10-22,0.001470273184268497,0.0011871801274089537,-0.000544727093694162,-4.591333094368705e-05,0.0032044675275017804
2012-10-23,8.481012175338626e-05,0.0005629653770749293,0.0003761086614571901,-0.0006246794864827294,-0.006242078534601358
2012-10-24,-0.0010183300269005545,-0.0002930606347999843,-0.00047925299290943284,0.000948931366266877,-0.0010788401974182466
2012-10-25,-0.0014487618704663063,0.0001310469496842811,-0.00015372317560861202,-0.0008023453601238676,-0.00216890524477749
2012-10-26,0.0016305086393469395,-3.867649050002864e-05,0.0011442887330035813,-0.0014603787989361738,-0.0002782071115317307
2012-10-29,0.0006431740472402616,0.00012397334588956584,0.0006974743960922319,-0.0006199195852894541,-0.0016880777736571844
2012-10-30,0.0012567707276895117,0.00042428941802995115,7.729767337857836e-05,-9.246915774885e-05,0.004878341300673923
2012-10-31,-0.0008553694214531254,-0.0009096586324044519,0.0002615666317438658,-0.0006786510528922798,-0.0006326086832070193
2012-11-01,-0.001473543984974278,-0.0009177461109731626,-0.0005332653353205147,-0.0011123815379344777,-0.0009033180177639332
2012-11-02,-0.000599555412595844,0.0008097923013929083,0.00018641935086832504,0.0003270747862286627,-0.008743233574493914
2012-11-05,0.0010561273967112034,0.0008604169641850179,-2.3448949683479643e-05,-0.00015639295325225983,-0.0018031876804930163
2012-11-06,0.00011716965007033383,-0.0004295918552965917,0.0001485343957578399,0.0011319327201280024,0.00046086369795674003
2012-11-07,0.0006113284042697957,0.0002507876312147184,0.0008953144514010942,-0.0002977799741464502,-0.003873168512423597
2012-11-08,-5.4963822040963886e-05,9.4291439192801e-05,0.00040831711101872205,0.00045532336595477114,-0.0011609574495269
2012-11-09,-5.5060231974691576e-05,-6.293018684478179e-05,-0.0018929060966516968,0.0002909983229145559,-0.002436112228582688
2012-11-12,-0.0005819943695093724,-0.0002752925000178905,0.00036986759948706726,-1.5734279488453288e-05,-0.001148476035774276
2012-11-13,0.001070335290239266,0.0014166649360068482,0.0011836001760516537,0.00021235680742361015,0.00027543982010847087
2012-11-14,0.00023553612055293222,0.0002592434035109148,0.00031377717371646645,0.00014129504784362844,0.0015803443092514853
2012-11-15,-8.599494198671867e-05,-0.00023452707722593718,-0.00028213387439394533,-0.0007742874400889246,0.004069077920830551
2012-11-16,0.0005510986684796656,0.0006217168240868502,0.0001806379666646283,0.0008024861765772924,-0.003032596838043897
2012-11-19,0.0010937159304072117,0.00022635118091952997,-0.0006107778994317328,-0.0001952187041336227,0.000642532540519796
2012-11-20,7.807376413205675e-05,4.68603561472853e-05,0.001382472502396921,0.0003044294508264577,0.003565595814431801
2012-11-21,0.00023398380938793482,-2.3406687291553086e-05,0.00010170910422599751,-0.0006162751434423674,0.004027253632964
2012-11-22,0.00019407451746043534,0.0001552602164341947,0.0013223399562196539,-0.0008153662028179753,0.0007848653504094592
2012-11-23,-0.0004859742529295662,-0.00033949831734304733,-0.00034895217770686266,-0.00022378183679372184,0.007637671241008351
2012-11-26,-0.00039339255298437845,2.314359443272873e-05,-0.00028535621518228286,0.00038568046080927253,0.001194158780104179
2012-11-27,0.0006420148657449345,0.0007271096167312419,-0.0007643578029733799,0.0005102238137822862,-0.003934552718539305
2012-11-28,0.0013169210743672261,-0.0007512071942532199,0.0,0.0002941335852092922,0.001019840622418123
2012-11-29,0.0003851902116869113,0.000154105763090014,0.00031570882668392416,-0.0023674125687603792,0.0016434618237958494
2012-11-30,9.989741312430036e-05,0.0,0.0006845022052123247,-0.0005534034452247242,0.0011480482516564583
2012-12-03,0.0011944779790975402,0.0007809629209862484,-0.00039115079361614995,-0.0001913267752350822,0.0052421842442982765
2012-12-04,-0.0010319563366355986,-0.00037456190073258263,0.0007189897738961381,0.0003899753447369113,0.00269098910926044
2012-12-05,-0.0003519402655985694,-6.122527074956528e-05,-0.00026743586474308064,0.0007955145639176375,-0.002048163101649294
2012-12-06,-0.0013251770125789386,-0.000917003543477757,-0.00037475383318467,-0.0002698732768585741,-0.008520301543322005
2012-12-07,0.0029464441675422894,0.00040963176223684925,-0.00042518815216012983,-0.0007570490898455608,-0.0026422544054773216
2012-12-10,-0.0005413892179226826,-0.0004796422888887877,0.0005426062284793768,0.0002629970853422718,0.0023759874036041774
2012-12-11,-2.3080740277315924e-05,-0.000538449125722177,-0.0006015223323016723,-0.0005233063847365371,0.005734782742038182
2012-12-12,-0.0005138923623669296,-6.136381071178755e-05,0.0006529295644171496,0.00018411120368684114,0.00413418651131846
2012-12-13,-0.0008406380173005746,-0.0009472012441255255,-0.0009803096418862772,-0.0003135095894616783,0.0008722065080915592
2012-12-14,0.0017834419049514091,0.00029751574573618834,-9.938192098137396e-05,0.0002360295276282064,0.0065933885981296686
2012-12-17,-0.0007592034802131165,-0.0008584376203753498,-0.0001976479895752446,6.075749407591174e-05,-0.0003722626393866006
2012-12-18,0.0030131678448755963,0.0013024779208499443,0.0009104566568739888,-0.0006200612698191905,0.005115953571720034
2012-12-19,0.0004902718844315812,0.00012819691063011685,0.0007910171008467729,-0.0010185259416323265,-0.0011875991849639074
2012-12-20,-0.0004382154125505936,-0.0001360163826273746,0.0010650151128463064,-0.0005215754720767218,0.0018375338365103943
2012-12-21,-0.000812036396529377,9.866685902063382e-05,0.001158393369969602,-0.0004784234898460617,-0.0036936160672650267
2012-12-24,-0.0008865282394297332,-0.0007425761671194335,0.0003708539142995679,-0.0012287995720767033,0.0008342814287466031
2012-12-26,-0.0013979094088845609,-0.0011487391585105404,,0.00021926094029798266,0.0027860021502829437
2012-12-27,-9.828195588998536e-05,-0.00015873555823200347,-0.0004371683620035677,1.5120929635123283e-05,0.0015335282836426987
2012-12-28,0.0005522166342403159,-0.0006351030743788267,-0.001100080909979115,-0.00028741718044955015,-0.002373054114334086
2012-12-31,-0.0016063895311055848,-0.002279742717616932,0.0,-0.00015926404875299196,-0.0024831191028528467
2013-01-02,-0.004302382773148488,-0.00224365242734321,-0.0010714152003912089,-0.0004092738478090028,-0.0010993052740292761
2013-01-03,0.0005186010091673426,-0.0003662360890298152,-0.003566207144563874,-0.0006101467592199009,-0.012142082343328104
2013-01-04,0.0005213364731600871,0.000582844450718907,0.0003073802009877237,-7.665008473582204e-05,0.0033650837572531834
2013-01-07,0.0021312441465758014,0.0012986816388835605,3.8354293959782296e-05,-0.0006335515354178339,0.004276382593728648
2013-01-08,-0.0006349716579930506,-0.0001760138978994547,0.00037348273076525106,0.000191298958769393,-0.003144416676581976
2013-01-09,-0.0007203838271167223,0.0004600133484989594,5.3563298440711226e-05,0.002534370386691638,-0.0022498918982446093
2013-01-10,0.0008325071811545382,0.0011428875424231474,-7.6315779430788e-06,-6.0522612779728185e-05,0.01666167055954794
2013-01-11,0.0010713336880277407,-7.4944260207090984e-06,-8.291092733086678e-05,-0.0003669711070160931,0.005252945718310806
2013-01-14,0.0011830067717906504,2.9927575270071373e-05,-8.970621221544179e-05,0.0005909789850815704,0.001428886945865686
2013-01-15,-0.0001649929881722682,0.000607053075828956,-0.0021247632599091133,0.0003749447000498415,-0.0050964689929935475
2013-01-16,0.0004286342800086222,-0.00025563525499736257,0.002189823093117181,0.00030820231846740895,-0.0018426114634392213
2013-01-17,0.00047934689904096143,0.0007639648648153282,0.0013478402903104609,-7.488280843979489e-05,0.006684872946970312
2013-01-18,-0.0010379608763221493,-0.0021586340548422744,-0.0010264672075898753,0.0013761935761257681,-0.004076133322395569
2013-01-21,0.00012018598796067181,0.00016527187260620348,-0.0012171392722657268,2.2533264732897167e-05,-0.0006159347003508558
2013-01-22,0.00044389439052008937,0.00040651019093670954,0.0015450273453190902,0.0006617138629876708,0.00021787392698759776
2013-01-23,-0.0007223367908243753,0.0015215887716795115,-0.0012375357370878037,0.001752268808629094,-0.00043579533336796826
2013-01-24,0.0018468330575954481,0.0010241192162426028,0.0006682610070624887,-0.0008444841862163383,0.0045589251531167226
2013-01-25,0.0005422691496316025,0.0008616591928413104,-0.0006403669670348461,-0.0007726368100035428,0.007215673149181261
2013-01-28,-0.0004164311907647981,-0.00014863920832399577,-0.0005427448897743745,0.0009441572611585997,-0.0012931709010443819
2013-01-29,-0.00042281260017992903,-0.000333848947581512,-0.00023068823331868325,0.00037089787381444867,0.0029925579724302508
2013-01-30,0.0008476731879961841,0.0011057300049608799,0.0007906453037814994,-0.0005232611819069771,0.005973123996151461
2013-01-31,-3.684313299669311e-05,-0.0015758355555906128,-0.0005752891355264841,0.0008470488222409949,0.003193668365656358
2013-02-01,0.0043088852243875,0.0018788958792694958,-0.0005120852221694841,-0.0007156419175003302,0.0021063532295199907
2013-02-04,-0.0002729710704504773,0.000154950102687742,0.00025032210695776066,-0.002134693256112946,-0.009921162016242512
2013-02-05,0.0021782720523721147,-7.38803434294392e-05,0.0016993613014890335,0.0008331336997857708,0.005315313197835923
2013-02-06,0.0008943718004269137,5.9116940715671316e-05,-0.00022901299194752066,-0.0005838380495674647,-0.004464441372877494
2013-02-07,0.0003730758655728152,0.0005301732147767919,0.00019904972254057888,-0.001650048345228175,-0.010348226781227352
2013-02-08,0.00018689562681245298,-0.00023904144494865654,-0.00015654643683829387,-0.0009348276297869357,-0.001263679118935025
2013-02-11,0.003082218501212465,0.002836542516676828,-0.0007167442202029765,-0.0005739308831724466,0.0026674951464844025
2013-02-12,0.0015318265934078452,0.0008990567940110644,0.0013067065764724274,-0.0006689560076430251,0.0037612369267281394
2013-02-13,-0.0007139086054044127,0.00010420078011151594,0.0007269328945688555,0.0005057379046786749,-0.0005800205400641957
2013-02-14,-0.0007497994637808454,-0.0008845776718693238,-0.0010125595743827511,1.5001500150138386e-05,-0.007069013615727777
2013-02-15,-0.001197416716814154,-0.0005241364971398648,0.00013505098195095049,0.0005988875842455389,0.0007114000277559467
2013-02-18,4.494011730130031e-05,0.00032960283157551154,-5.243740286241124e-05,-7.489879300727855e-06,0.0007044787149080011
2013-02-19,-0.00032930681214257245,-0.0002994101642176386,-0.0027265526022133384,0.001944332883963116,0.003470174223722218
2013-02-20,-0.0030463753383029694,-0.0011593076866572931,-0.001528693116199803,0.0005845455325059918,-0.009150086714743903
2013-02-21,0.000839767184193986,0.0010363283137821843,-0.002108665268550228,-0.0013848583490443831,-0.0061140544983921625
2013-02-22,0.0005393804852247667,0.0007902315637620355,0.0,-0.0001671008761494399,-1.5161507963787453e-05
2013-02-25,-0.002644464790620075,-0.003895927069847653,0.0013964954014966352,-0.004169768440982592,-0.009536867401179344
2013-02-26,0.0013403955024091764,0.0012324275403754678,-0.0012364526075331712,-0.0011488003959285542,8.418764666044268e-05
2013-02-27,-0.0006254338197452135,-0.0005338946981416633,9.929538475572998e-05,-0.0003968193455713739,0.0066969473434038305
2013-02-28,-0.0008634358403815925,0.00022930695894225807,-0.0006254815267344733,-0.0003134664444550817,-0.007232807910000017
2013-03-01,0.0005005988036259598,0.0011170560190265865,0.0013962839639808822,0.00013858306537123892,-0.0031290288736110293
2013-03-04,-0.00046892597594471797,7.685095529519113e-05,0.0008620690189053243,-0.0007845973187737677,0.0014741225116017935
2013-03-05,0.0014055355829079622,-0.0003684852993031466,-0.0026076834018513703,-0.0008753475074036348,0.0009432190539361844
2013-03-06,0.0007923046864291492,0.0,-0.000283926319191214,-0.0011694468003554232,-0.005333591905838271
2013-03-07,-0.0009008872057285417,-0.0008098032467970363,-0.001481009966328346,0.0005421564979679951,0.009967726023994572
2013-03-08,-0.0009859351005862928,-0.0015632162307885806,0.0014424675560957576,0.0012553575758994346,-0.007881625542663709
2013-03-11,0.00109940389560691,-9.997039346689692e-05,0.0003153567210576599,-9.989587784117381e-05,0.0035279098582694413
2013-03-12,-0.0024140440043583923,-0.00022237984870114786,0.0013603509804570588,-0.0009058110698410126,-0.0005141920966081477
2013-03-13,0.0011130177840568032,0.0004094925054421546,0.0006452901724982466,0.00035528643411272815,-0.005418899309667277
2013-03-14,0.0007170918763148619,-0.00011569119718574507,-0.0003396450741660455,0.0003082685351601768,0.004289819236264974
2013-03-15,-0.0012007787382988142,-0.0009874200437161246,0.0019259918861993862,-0.00015306903443322383,0.004837612405888371
2013-03-18,-0.0010726013151041382,-7.720129852691966e-06,0.0002622222580021982,0.00046313450253544373,0.0028553650315373477
2013-03-19,0.0005335911194751559,-0.00010054021036833475,-0.0012910659270510094,-0.004206846386914465,-0.006605238413113682
2013-03-20,-0.0006948358536904544,0.00022395119502054118,0.0017436525792962497,1.5446043110162505e-05,0.005901826838112294
2013-03-21,0.0005815554056642646,0.00012403100791078865,0.0015738694456466818,0.001912868297243775,-0.0027100497426285645
2013-03-22,-0.0005545457488303043,-0.000585466579649366,0.0023855453529484944,0.0008009118501010515,0.007030910759718632
2013-03-25,-0.002435714658799515,0.00015519274970624846,0.0011072580350189448,0.0006133659618919722,-0.008780204290840175
2013-03-26,-0.0003727807936803362,0.0034316562804900985,-0.0010880801900438203,-0.0012436072426183296,0.00029547380995181556
2013-03-27,0.0008926474635487573,-0.00030542122914955334,-0.0026124437293772907,0.00010174253668562692,-0.006614585512380043
2013-03-28,-0.0017464938127184106,-0.00013253655494524473,0.0006108974900397333,0.0011464805476715588,0.0028680521216928544
2013-03-29,-0.0004446299309189541,0.0001950161674584155,0.0,-0.000234095184170516,0.00039790748005900613
2013-04-01,0.0028828118790747165,0.0015514576285813745,-7.804177576161344e-06,-0.0006070369778526141,0.0025493611172303526
2013-04-02,8.584729332670806e-05,0.00028088353660978097,-0.0019924201256759917,0.0016141172452617336,-0.0016364575134023584
2013-04-03,0.002132445882050904,0.0006769453683504326,0.0006714973080105737,-0.0013458690470689923,0.0015274436218099977
2013-04-04,0.006040713165661725,0.0019678844599142395,0.000523885679799427,-0.001135206286236066,0.007045834643765332
2013-04-05,0.0016070930843713434,0.001307410897771188,0.0014942767346720076,0.0004608896788527341,0.004397815899135772
2013-04-08,-0.00021507689081728403,0.0004839694809595767,0.0010767161201720114,-9.98728542570472e-05,0.0019531406395051154
2013-04-09,-0.001217835696761908,-0.0007740205386913454,0.0014971614317791904,0.0005746356010786444,0.004812712373204363
2013-04-10,-0.00015286780022429283,0.0008487634180214778,-1.5259254738183476e-05,0.00010700991380621045,-0.0010708932272089835
2013-04-11,0.0013893874426700377,0.0007250774051549054,0.0008867620771740042,0.0012655623911208102,0.0030413974124826513
2013-04-12,0.00015288883482615957,0.0004818079362080311,0.00029075550727409406,0.0009473894020340402,0.00043482075771759953
2013-04-15,-0.0002368771955646636,-0.00022159310248431597,-0.0007959224701932076,-0.0002292894330546388,-0.0047410124437694675
2013-04-16,0.00047224063822709104,0.001386709150487817,-0.0001226260367268636,-0.0004036757396192542,0.01005171554349892
2013-04-17,-0.0058768925537578875,-0.002967463091391213,0.0016398549063100564,-0.0015321329517597113,-0.010925901800831016
2013-04-18,-0.0012875735619018052,-0.0015407201505572188,-0.0011342648804617136,0.0030247014633309113,0.0010428009348728135
2013-04-19,0.00038142317074152957,3.812820992333036e-05,0.0013073146488352095,-0.002183707060021802,0.00017624858759408745
2013-04-22,0.0014278588385299008,0.0011128465842468141,-0.00015342835692984353,-0.0005217765073413912,-0.0006352632537821048
2013-04-23,0.0019528703396251902,-0.00038411603849448765,-0.0003157769100898473,-0.00029191921727127684,-0.0046658412160073435
2013-04-24,-0.0005314826565214984,-0.0010549945726070586,0.0031435421525779143,0.001293551672191459,0.0007689055009558156
2013-04-25,-0.002589808979469911,-0.0015897338816387445,0.00013808446188172147,0.0010613262959237133,-0.0001614211211511752
2013-04-26,-3.8426806544830713e-05,-0.0005761984125734865,-0.0020652202115898264,0.0011828685169296429,0.0016053648739034056
2013-04-29,0.000450913489571167,0.00025983554084994706,-0.0007564036805547469,0.0008477780704130184,0.002477728488178901
2013-04-30,0.004521863340527941,0.0013159948498769124,-0.0006041164216628126,0.001191764065526483,0.005605711773776228
2013-05-01,-0.0016055987332716467,0.0002648816183860992,0.0013352554900940977,2.2738728223807646e-05,0.0013055129407374814
2013-05-02,0.0013233940481619402,0.00020635812379049957,0.00034175182315478587,-0.0012391954465745235,-0.009312388214292868
2013-05-03,0.005010783264321214,-0.0003658927060472885,0.0016471327606612008,-0.0021019290646145986,0.003996200146009288
2013-05-06,0.0003357061687018935,-0.0003281653677619361,-0.0009383332686784884,-0.004227431044915331,-0.0034135590255044124
2013-05-07,-0.00280832608504811,-0.000747503905808626,0.00027519990388788664,1.528397627948745e-05,0.0004129956005839676
2013-05-08,-0.0003722541551224771,-0.0003645200526389485,0.0015798937049043005,0.0009189885697255056,0.006227747617718962
2013-05-09,-0.0005495679923377925,0.0003588156069843105,0.0003872393301313372,-0.00042765067701283545,-0.008815606040752863
2013-05-10,-0.0015543127605009061,-0.0019242913002330416,-0.0026653675664848188,-0.001202015832572712,-0.004179188530098584
2013-05-13,0.0012632099532295525,0.0004698180504249145,0.0003162982332955394,-0.0006237030451783532,0.00040065337855284554
2013-05-14,0.0005242221588489177,-0.0004315526715351906,0.0003537917280403495,4.624170540230147e-05,-0.0038823010653454373
2013-05-15,0.0005130916214313357,-0.00022533810523838265,-0.0010540267117548725,-0.0003731314321010263,-0.0039673059668554845
2013-05-16,0.0009224413566714025,0.0015336832310441785,-3.887919069562355e-05,0.0007667613230918805,0.00021736936574915796
2013-05-17,0.0012412228026917002,-0.00023423775238856997,-0.0007071119435221175,0.0008032410817857652,-0.003483592552704702
2013-05-20,0.0003580295957485169,-0.00010897570630917913,0.0009323937552431934,0.0004979149913037941,0.0029850768434532774
2013-05-21,-0.0006297890414944063,-0.0008318142191214828,-0.0005360743173979265,0.0009328793997125085,0.0016984450517954568
2013-05-22,0.003665707398912501,0.0025070112986819854,-0.0005335911194750425,-0.008028009519304683,-0.004107579162279381
2013-05-23,-0.0002634045832132667,-0.0008678336473749154,0.0012585654017604727,-7.7485142262948e-05,0.006174391318889437
2013-05-24,0.000231887643746678,0.0008650853652653473,0.00264549398628193,-0.0010284447034932885,-7.732905445953574e-06
2013-05-27,-0.00010819249000112564,-8.501068434858918e-05,7.727975274316044e-05,-6.182953598887743e-05,-0.00020101901243648645
2013-05-28,-0.0026286318731058842,-0.0013783813173789171,0.0002789292235184392,-0.001841828671113769,-0.006290621686676723
2013-05-29,0.0006412807290851725,-0.0009735820084574266,0.0013357150390043149,0.0007334916459879369,0.0068240065674256695
2013-05-30,0.0003833532723980483,0.0003760249602093999,0.000593886076172871,3.832724569383385e-05,0.00798215383085969
2013-05-31,-0.001217182450286859,-0.0015414498844000275,-0.0010670516229452233,-0.0011723602030760665,-0.003517533675647794
2013-06-03,0.0032622941912531984,0.0034257286224789966,-0.0005220649321658588,0.0008906634495423584,0.0059475792238242115
2013-06-04,-0.0009191458718734017,-0.0008037570330860032,0.0006654861545291271,0.0014549244091560157,0.0009254055045190181
2013-06-05,0.0010096066451412485,0.0008415770118838977,-0.00035181644722360707,0.00031338258537227286,0.0007717907072848689
2013-06-06,0.00226547154822588,0.0013298834322534835,0.0006173051398057296,0.001206661829590996,0.011150978825700842
2013-06-07,0.0003859762029261837,-0.0009233471230003724,-0.0007778663443951782,4.5399172229411746e-05,-0.001557303005991025
2013-06-10,0.0008109839498284576,0.0007427675251864602,6.81433585094818e-05,-0.0003030945981436445,0.0043926869382651485
2013-06-11,0.0024790069546916722,0.0005124495198656303,0.0009568837965710443,-0.0009260828489520814,0.004275827050441911
2013-06-12,0.0010369625443589164,0.001652520469203768,-0.0018125279943662833,0.0013284450517703635,0.0018686894971351215
2013-06-13,0.00015787871188727176,0.000390836394849413,-2.9973997559441297e-05,-0.0001353230840693263,0.00263573822179156
2013-06-14,0.001186195230642005,0.001621232491526897,0.0004126356598261636,0.0007425325199125944,-0.001931196144979289
2013-06-17,-0.0007567895999167749,-0.0006592797607670695,-0.0005621325206768286,0.0003597338008695381,0.0009659123567855637
2013-06-18,0.002168890005026011,6.723969834326008e-05,5.975857537322137e-05,0.0004481491515354796,0.002392041625862433
2013-06-19,-0.00020159258207567225,5.974072527013707e-05,5.2273720145962515e-05,0.0008061266055245932,-0.007373857833908043
2013-06-20,-0.0034569582900295663,-0.0016466779913100202,-0.0016650776594225238,0.00036445362731051163,-0.005331857774153721
2013-06-21,0.0002279323506653061,-0.0011851132942226634,-0.0003630148422180902,-0.002091327081378793,-0.007887595789035508
2013-06-24,0.001146324627068254,-0.0011609790189197075,-0.0011364287618323922,7.637756485533122e-06,0.0016168028963764096
2013-06-25,-0.002368347771851887,-0.0024223355659461353,-0.0006470496665076449,-0.00012238965822659097,-0.0031827107361458024
2013-06-26,-0.00033753979837944397,0.0001611090443195382,-0.0010638095330240225,-0.0021737218745680547,-0.005742229482135649
2013-06-27,-0.0012057030439734948,-0.0020565086515502173,-6.90546798247984e-05,-0.0006918234435100571,0.0022655632700954048
2013-06-28,-0.0036588633921870437,-0.0014567985217521417,-0.00013795429136375867,-0.0011841327612165827,-0.002042619255026416
2013-07-01,-0.0006522381591028095,-0.00024564366439626303,-0.0005520117902685728,0.0005294964152487021,0.0036894608531701147
2013-07-02,0.0011843331051873797,0.000499809698254439,-0.002192932890249302,0.0016894749752667574,-0.0061207362385114015
2013-07-03,0.001533890407926903,0.0009710235041640172,0.0007884911625962323,-0.0007550891826260577,0.0020469733499596044
2013-07-04,-0.00045717120307796626,0.0006585599469437344,0.0010081615759301261,0.0008057206599648891,-0.007469343429841522
2013-07-05,0.00024924836170349646,0.00042852079176345026,-0.0003804835292651408,-0.0005842737059981695,-0.006363484782538567
2013-07-08,-0.0004277176662051442,0.0007928981619052953,3.8967972228604706e-05,0.0006376212279509901,0.003807541030430144
2013-07-09,-0.0017901623709764192,-0.0013153953725167844,0.0007840671749459523,-0.003887107207907991,-0.00634615865265029
2013-07-10,0.0013875574203817142,0.0010525783290836954,0.0009989932852452498,0.0014167505853222044,0.01830477097606006
2013-07-11,-0.001550447407341037,-0.0012747170088526398,-0.00042166435376042794,0.001665483816491148,0.005620702604312227
2013-07-12,0.0009062075835383122,0.001374517887405148,0.0002530509911248243,0.0020474603699543147,-0.0022169398504320926
2013-07-15,8.43024927212979e-05,0.00011495001602804173,-0.0019093706796528198,-0.00029892273070062806,-0.00010714832399659039
2013-07-16,-3.049710277759209e-05,-0.000617705282718546,-6.88982029324302e-05,0.0017825180876687406,0.006651993801360502
2013-07-17,-0.0021532792554583746,-0.0009964213328365512,0.00037268734625450333,-0.0027382336063645897,-0.002283540478507563
2013-07-18,-7.641929743819556e-05,-0.00024455296604146686,0.0005112103970971802,0.0003896773749907396,-0.0008691144728585979
2013-07-19,0.0005259407027827136,0.0009375036414686636,0.00019801075415405188,0.0012108982307039416,0.00236922707222604
2013-07-22,0.0014177033310009063,0.0011665519112826373,6.838671932564414e-05,-0.00037128947745114705,0.0034192483619698657
2013-07-23,0.00038662285422637295,-9.100147125319973e-05,-0.0003336189344523056,0.0018098318919317479,0.0029841724789075926
2013-07-24,0.0006582108252299962,-0.0008553122600213966,0.00014348339959427512,0.0009827267676782096,-0.0019834066579623288
2013-07-25,0.00064298224936695,-0.00014369826414541395,-0.002733721492412066,0.0007181383140593842,0.005945990009588222
2013-07-26,0.0003239598468805074,0.0009338756515435315,-7.526974796042816e-06,-0.0008817179752131921,0.00022595976505947302
2013-07-29,-0.0002641220410104402,0.0005209296824998671,0.0012276825083346813,5.282998933310086e-05,-0.0014467856760031817
2013-07-30,-0.0028558207659813693,0.00034667008659731215,-0.0001506625387980922,-0.0001282888160324041,7.540511401045527e-05
2013-07-31,0.0024760148830390402,0.0009904546693828183,0.00057181983214718,0.0005803721328023476,0.0025528756291641626
2013-08-01,-0.0018200016351626583,-0.002756206036203659,0.0008309977739090518,0.00014360594553285377,-0.006572343702047958
2013-08-02,0.0009501403302796626,6.783672456735135e-05,-0.00015132484934221157,0.0012955613776500948,0.005315546862990052
2013-08-05,-0.0007624396928554734,-0.0005890793917044986,-0.0009561705723542457,0.00016612550064653908,-0.0015672803364906486
2013-08-06,0.0013159034446777788,-0.00026329944445478573,3.016113587070149e-05,8.265611678749117e-05,0.0034628158661434974
2013-08-07,0.0010437277794393426,0.00027805646228299384,-6.777184985864893e-05,-0.0006606507650087431,0.0021844313590738134
2013-08-08,0.0024671618486464234,0.001219142936556191,0.000187326957271332,-0.0006722588897981704,0.0033536730912342564
2013-08-09,0.0005241325726110063,0.000277003127414585,0.0006727161541126437,-0.00044175068759211533,-0.0029338483618898312
2013-08-12,-2.2574637395777158e-05,-3.0108919016866395e-05,-9.770652724965834e-05,0.00029343054371039535,-0.002718372453727782
2013-08-13,-0.00021885718901147388,-0.0011022196495630095,-0.0005116475161276728,-0.0008607996907107838,-0.0029595512243373663
2013-08-14,-0.00015840867207459193,-0.0005053152482696061,-5.276428311519948e-05,0.0007088722441554856,-0.0001508477647221279
2013-08-15,-0.0017319819635333493,-0.0013310546033687034,-2.2574297658085955e-05,0.0029478702214149072,0.00701293082809434
2013-08-16,-0.001369489050460677,-0.0008083772268266133,-0.00036730670897611205,-0.0013563693351872172,-0.0016942295310092919
2013-08-19,-0.0006515804801326802,-0.0006142230272055826,7.503536041503967e-06,4.495021764152968e-05,2.2496766090778183e-05
2013-08-20,0.00045403965811512386,-0.0005728548787943961,0.002448054945019863,-0.0009678741030299165,0.0061227656167196975
2013-08-21,0.0002540479566539266,-0.00013448894222289448,-4.480420562910363e-05,-0.0006875728948646627,-0.0044594077986770475
2013-08-22,-7.496308071788479e-05,-0.0007420649984668454,0.0001197972433090819,0.00016491136051784884,-0.0001347638265982887
2013-08-23,0.0017890364562588848,0.001669305754492025,0.00122056707866103,0.0022411316631935313,0.0018626227964715675
2013-08-26,-0.0004783008453975564,-8.21922926507604e-05,-0.00011221959141412537,-0.0002616675715358827,-0.001121311004670108
2013-08-27,0.0010614045919287605,-0.0011130991994212553,-0.003098596136822553,0.00037346599279317055,0.0015172071356613097
2013-08-28,-0.0020248083350576673,4.506568324080082e-05,-0.0005532669055755378,0.0011778873666121892,-0.0037486154955745006
2013-08-29,4.5318589693130666e-05,-0.0004153215970290672,0.0011233457278462993,-0.0011411428535830423,-0.0077133876050218
2013-08-30,-0.00041631501265505273,-0.00019678334973619564,0.00042295434234242314,-0.0012499859583708646,-0.0012623735051072703
2013-09-02,-0.00044686306663031306,-7.574523846390043e-06,0.0005222268172404176,-0.0011294083177369213,-0.00131779266111059
2013-09-03,-0.0006455018241228636,-0.0016948061680150158,0.0002960342814133359,-0.0005471041610001701,-0.002238164274719204
2013-09-04,0.0005922551425967339,0.00023538076744110775,0.0010178272547405444,0.0015776343312988628,0.002882130522838713
2013-09-05,-0.0031502320241108667,-0.0016268942838321913,0.0009025305595897717,-9.908121237773822e-05,-0.006549876766343663
2013-09-06,0.002356447872725535,0.0010777744244577657,0.0004114442512994956,-0.0007291453372921804,0.004533257936389035
2013-09-09,6.053268766981211e-05,-0.0002043465270093269,0.0009479787907664387,0.00269000177321806,0.006009251414136454
2013-09-10,0.0006787842481001231,0.0008369242393534605,-0.0005432609370557039,6.031408561921458e-05,0.000957836418971861
2013-09-11,0.0019204777723593153,0.0019955051294761545,0.000837107277794621,0.0009325482555058317,0.0034015686019599487
2013-09-12,0.0020555146586899733,-0.0006549158441424323,-0.0004661549072030267,0.0009172174373027916,-0.0008718658480255142
2013-09-13,-0.0025839710327832284,-0.00034671711999286284,-0.00043638881430480946,0.00042986912278597137,-0.000466309171424768
2013-09-16,-0.0006433369961113215,-0.0005086812548439647,-0.0003369511939361026,-0.0007935201266794914,-0.002553992842521067
2013-09-17,-0.001048869938901883,-0.0003970320037471344,8.24139804547191e-05,0.0007043625810115649,0.0017008909423943586
2013-09-18,8.991188641193773e-05,0.00011987802425387154,-0.00035956133904490375,0.0,0.011233856578570777
2013-09-19,-0.00014020536419181428,-0.0005021971229211572,0.0010474681000508382,-0.0005462504472615308,0.0015016628371580791
2013-09-20,-0.00025140119326152235,0.00017746622642475146,-6.650680404013794e-05,-0.00090260726438089,-0.0003918422921898218
2013-09-23,-0.0017411990513966683,-0.0017934831721501312,0.0004291845559441174,0.00048191164156131657,-0.002856721895408758
2013-09-24,-1.483954739417725e-05,0.00018540286240971695,0.00010368450296274517,0.0008232620180991063,-0.001713504089190154
2013-09-25,0.00022966110271588108,0.00023694927915370232,0.0005188952096383528,0.0006146395480770014,0.0038752989239709966
2013-09-26,-0.0007784726760009472,0.0001925170124343322,-0.0008660412466017925,7.41688453760084e-06,-0.002665898097663342
2013-09-27,0.00026566305226002765,0.00043517546002194897,0.0005036775977363004,-0.0008858181108951542,0.002614128884802713
2013-09-30,-0.0009607497542669268,-0.0005839847886394861,0.00038511102041577014,0.0005396115666944727,0.0029700975449265814
2013-10-01,-0.0010553311803980542,-0.0011002116617251647,-0.0008405902322876315,-0.0013225804804328856,0.00018487637369579054
2013-10-02,-0.0016847344275383465,-9.565610900312382e-05,8.130832490861305e-05,0.0004416896171688127,0.004205934345234562
2013-10-03,0.0015143832518749937,0.002072128419762607,4.4106620411061474e-05,0.0006755863906003828,0.0029777134798689396
2013-10-04,-0.0003460067542645753,-0.00033854646137523354,-0.0007271418871319027,0.0009788157112327156,-0.004753853974434688
2013-10-07,-0.0014825362193491834,-0.0005380961110498357,2.2083586375210725e-05,0.0014604249628761656,0.0010980711164693035
2013-10-08,-0.00010303436205093156,1.4712806026611546e-05,-0.0002505803897105626,0.0006106915351497903,-0.0002872981105968232
2013-10-09,-5.183898811458145e-05,7.403486301554526e-06,-5.914534971421694e-05,0.000917893055888556,-0.003683245416296405
2013-10-10,0.0003181826617294662,0.00028117323416058715,0.0017173358872678986,0.00025891116902474723,0.0001478863348326626
2013-10-11,-0.0009220703713465811,0.00012541636404887128,-0.0001843610236521493,0.0009073239362969045,0.0012413825273543018
2013-10-14,7.361845761981094e-06,0.00031656403139945137,-0.0009147781563320349,-1.4723745721163866e-05,-8.849688054259454e-05
2013-10-15,0.00047448178583607586,-0.0010670856978226095,-0.0004499902332153814,0.0008075839233319133,-0.002525458989162322
2013-10-16,-0.0024238674011200618,-0.001802800739481818,0.0009240129427869857,-0.002073813670498661,0.0006134901498114613
2013-10-17,0.001112119286972463,0.001229085583479773,-0.0011154654555110492,-0.0008266549113537645,0.010196630930933101
2013-10-18,0.00043871836447530356,0.0007968506546066928,6.577913561283621e-05,0.0010667447035034325,0.0009942393426552224
2013-10-21,0.000761246724606572,0.00021231966635744707,-0.0004169699512865876,0.00048279848490524887,-0.00040206883228938064
2013-10-22,0.0017962792043617608,0.0014251852971474872,-0.0006582123191696249,0.000784404909340415,0.007357795268736383
2013-10-23,7.262085017238213e-06,-0.00052244330501757,0.00011630104538672339,0.0006170845492726375,-0.00023954964780973796
2013-10-24,-0.0015503542114144813,-0.0005578477365279634,0.00045703674137606397,0.0007030284871130778,0.0017626134757410218
2013-10-25,0.0007391572494945023,0.000579945501379112,0.0002604958118322142,-0.0005796849574672339,0.0003043345964970682
2013-10-28,-0.0004642660327710647,0.000282890563134047,-7.24089367116717e-06,0.0002466681672728564,-0.001790510773788233
2013-10-29,0.000659594771800021,5.069396417032381e-05,-0.00031979533371362574,-0.0024012750622906132,-0.002659054333691953
2013-10-30,-5.810111047373418e-05,-0.00015981983979379498,-0.00039241905044012107,0.00010167472810768205,-0.0018057906695368433
2013-10-31,-0.0005290266767516373,0.000866793067037556,-0.0005982083110489004,-0.0009338270304598141,-0.009821268838326505
2013-11-01,0.00019271107481230138,0.0005187029578624694,-0.0007242307213005113,-0.0005189221362599744,-0.007453872794850731
2013-11-04,0.0004885053314620983,-9.621896483211757e-05,0.00036287829534345387,-7.400062163893413e-05,0.001718137133021679
2013-11-05,0.0012621296026303053,0.0015443674505410544,0.0002593505136709416,-0.0008239158735863703,-0.003216509232098371
2013-11-06,-0.000672651565993058,-0.0007390327875681954,0.0002517548809315685,0.00039921045574427196,0.0033644863846960466
2013-11-07,0.0021299740124489513,0.0005309026591317047,2.21938633975741e-05,-0.0005376705553278981,-0.008067015958931079
2013-11-08,0.0020100057017348335,0.0013487391335586386,-0.0006034980718493774,0.0006890715034511627,-0.002785797975461661
2013-11-11,-5.9674327376016566e-05,-0.0002461501752264105,0.0005077582582470907,-0.0001044386423925944,0.004560380508399672
2013-11-12,-0.0004241718480469148,-0.0006920750247397783,0.0007996443130089991,-0.0005658424875311615,0.0022575307145881896
2013-11-13,0.001700934431756695,0.0005148389376715468,-0.00023855495450119456,0.0027541459836438816,0.003476894805190048
2013-11-14,0.0010700751559835622,-0.0008620049578867809,-0.00040930690030275223,-0.00011141275093309951,-0.0028668211310341764
2013-11-15,0.0006752470287847656,-0.0003636215259481568,7.44086373889165e-05,-0.00014094798671708037,0.0037193392616105725
2013-11-18,-0.0004954686902296005,-1.4786884034105812e-05,6.662940358038461e-05,-6.657420252110113e-05,0.0014379639725487575
2013-11-19,-0.0008725487849872446,-0.0005841575173047967,-0.0005923381239104848,0.0007099279277647797,0.004603858961068471
2013-11-20,-0.0012470125278022624,0.0002747956688699387,0.0008206326724847639,-0.0009214125012854924,-0.009913835975994094
2013-11-21,0.0006317236976405052,0.00034925152781012934,0.0006625203557914135,0.0006907231700295602,0.0030409058410791516
2013-11-22,0.0002070010727088071,7.3943987428080395e-06,0.0001406121069338944,0.0015216205976163856,0.006334568143542359
2013-11-25,-0.000614839883215293,-0.0002517194673876886,-0.00038479184716067727,0.00040005927337547853,-0.0013218577346317264
2013-11-26,0.0004871711691024792,0.0013064130491754447,-0.0005830882436739609,0.00016233766269416005,0.0024798158751355758
2013-11-27,-0.00013255372127169844,-0.00047866446167602506,-0.0006250115095279906,-0.0013191301550644588,0.00045691377652967377
2013-11-28,-0.00032355320526398194,-0.0004411278239382234,-0.0004927249628103675,0.00013972899951028575,0.0021932254344441023
2013-11-29,-0.0003526611257051852,-0.00035262744541539456,-0.0003160126578342341,-0.0003601365617955031,-0.0009267500424252025
2013-12-02,-8.121407665908029e-05,-0.000944579806044731,1.4761563840376112e-05,0.0004945653277650843,-0.0031630779722468224
2013-12-03,0.00037551219199206135,2.9446407540472024e-05,-0.00024323099324988657,0.001581493185323345,0.0036782497934394216
2013-12-04,0.0011440002133338504,0.0011513426220545674,0.0003091008134825669,8.113739885340974e-05,-0.00047836503107177684
2013-12-05,0.0005201865462251984,-0.00039547402470836165,-0.00022799566171539812,0.0008639372645366082,0.00611317479854932
2013-12-06,-0.00030691658686611415,-0.0004967455961186985,0.00021217364663430414,0.0004895603188584381,0.0026815054408850193
2013-12-09,-0.0005611815569563193,-0.000575757702088131,-0.0003062318198790479,0.0006996064998949042,0.002208270612379848
2013-12-10,-0.0011325687285847394,-0.00046469414522911403,-0.0002473644782673924,-0.00011623345502495228,0.0019709312299882108
2013-12-11,0.0009507049358049223,0.0007182475070355029,0.00022530789145360153,0.0008265961388607557,0.0015246229512217353
2013-12-12,-0.0007633060973474757,0.0005598025569951947,0.00014524539234533098,4.3633190320333915e-05,-0.0025714237621250976
2013-12-13,-0.00018935393949199504,0.00028417060628499355,-0.002585025050599401,-0.00047354177341128636,-0.0006038625559549293
2013-12-16,-0.001670395182575687,-0.0014457536237375114,0.0008785273253376329,-0.00014538370419668785,0.0016510715711546354
2013-12-17,0.0005679336107219724,-0.00018930982064820044,0.00010166586795109925,0.0007712905673702315,0.0006175418399207395
2013-12-18,0.00014537419342918283,-0.00015986397063470157,-0.00019638863191156006,0.00039240479237368203,-0.00631689185909592
2013-12-19,0.0007102039022930628,5.85330162960168e-05,-0.0001754719468728631,0.0001390530489621321,-0.001975374317196103
2013-12-20,-0.0009428481287853833,-0.002169459691434457,0.0012306071082311852,-6.58132877266174e-05,0.0011564333375413398
2013-12-23,-0.0003210436865878176,-0.00024083108734864543,0.0001242912657740585,-0.000503662512973897,0.0014393590397307225
2013-12-24,0.00013903982049677928,7.318206600266847e-06,-0.0003582853525210094,0.0006290964626952902,-0.001132316804390344
2013-12-26,-0.00010228684161770346,-0.0006208435637168081,,0.00025569748934799213,0.0009424692659967519
2013-12-27,-0.0017196784014000149,-0.0014578372198004604,0.0009420290551715601,-0.0003631794218881118,0.003921059189690761
2013-12-30,0.0010211953217188717,0.0012384799424730519,5.817251059644754e-05,-4.3433882778773945e-05,0.004151250609142742
2013-12-31,-0.0008130730979546034,-0.0011469472863128965,0.0007333534547592087,0.0005300244443562863,-0.0036423040448156727
2014-01-02,0.00163361023821417,0.0014285664386798987,-0.0003569906455366591,0.0005853987098149503,-0.007342439210505848
2014-01-03,-1.4694105459818823e-05,-6.613100554616109e-05,-7.327832576963273e-05,-0.0006688103143193551,-0.00559945982297261
2014-01-06,0.0018706197204222238,0.0005426572739242448,0.0006537412225672559,-0.0005424862128949649,0.002497797360941872
2014-01-07,0.0004924497267933883,3.674781810236172e-05,0.0011001827412886005,0.0005215851899902052,-0.0009175827844627158
2014-01-08,-0.0018014776985110666,-0.00035289187906205127,-0.0013460189665771868,-0.00022081229572579536,-0.0033692357672608563
2014-01-09,-0.0005298481226041541,0.00014721361458085443,-0.0004996693468645546,0.0003679798682942141,0.0025537158648886653
2014-01-10,-0.00047545379302011255,-0.00021940409934880962,-0.0003457191544454711,-0.0004464008094708262,0.004641774698742706
2014-01-13,0.0005568336823098525,0.0007693407129882013,0.00022687602786157369,-0.0006154657951347998,-0.0002340960975165378
2014-01-14,0.00016813787345205854,-0.0002192549724847855,0.0005410385146675029,-0.0001023414257054138,-0.00011706860233451738
2014-01-15,-0.00019123412263437908,-0.00047800269327033594,0.000616749164177497,0.0005882958709520618,-0.004951358532799614
2014-01-16,-0.00038231640088368985,0.00022787834335493112,0.00011015763568807717,-6.618498706290967e-05,0.001175874140588396
2014-01-17,-0.000935912195747597,-0.00014006273359005002,0.0004706020852168517,-0.0008482359046822902,-0.005494357446707346
2014-01-20,0.00030229189092591144,8.847795798664673e-05,0.00019181963111388275,-0.00030229189092589257,0.001351975530535928
2014-01-21,0.0014839043426935175,0.00014774867976492876,0.0005320996629946385,0.00033929059089158773,0.0008707973511268777
2014-01-22,-0.00014007822285753564,1.4747196189686065e-05,-5.168588275106459e-05,-0.0014609314189942975,-0.0009889299698951648
2014-01-23,0.0001900932193622876,0.0003801280784976419,-0.000681925696527776,-0.00014622234595934114,0.010569129435344998
2014-01-24,0.0001169488057937442,-0.00044596674996993387,0.0,-0.000497126909189791,-0.0007674345042436487
2014-01-27,0.0006875265407380314,0.0007021958537137978,-0.001227549877218061,-5.849449787801699e-05,-0.0008991392992315525
2014-01-28,-1.46366809866001e-05,0.0004319385689460343,-0.0007036163236093172,-0.00040259270240623665,-0.0014783916038469845
2014-01-29,-0.0004833465249210032,7.326544072448078e-05,-0.0003218609442218578,0.0007102923114753659,0.00023434639433517174
2014-01-30,-0.0011134175322655086,-0.0005604430596448788,0.00030902576196360104,-0.0004427619562712268,-0.007334654795994228
2014-01-31,-0.00026673582197945844,0.0005632967833500721,0.0005761900700141899,0.00033340866208192384,-0.005221326065363128
2014-02-03,0.0013838067247137864,0.0011176948524576952,2.2208979091075594e-05,0.00014049357634730205,0.002613993379883553
2014-02-04,4.442766066888905e-05,-0.0002961668625739666,0.00047357595119301075,-5.183246268298521e-05,-0.000495615294328605
2014-02-05,-0.0003693225927061092,0.0001773167546814589,-0.0001554490444864453,-0.001375078766185161,0.0013235584205374556
2014-02-06,-0.00027939533150399525,0.000426523910189532,0.00019961334222702782,0.00031615206442265205,0.004261914724193034
2014-02-07,0.0008012909298435385,0.0001248572405968261,-8.845643526330165e-05,0.00013960887494247925,0.003254233187630133
2014-02-10,0.0010483295500348109,0.00045445883531798685,0.0002494058285866313,-0.0004543855612887861,0.001951406218163897
2014-02-11,8.77956702666347e-05,0.0003071814662082747,0.00014630899021679294,-0.001134621066825164,-0.0006304893098990897
2014-02-12,0.0007214954409678191,7.360789079912349e-05,0.00019794648911219506,0.00031641029112505786,-0.0035925674776855964
2014-02-13,-0.00011708830667112103,-0.0002487544002116381,-0.00031447576053303145,0.0002780623462961844,0.006485145095110522
2014-02-14,-7.305829324462484e-05,-1.4614755056924925e-05,0.0006063506280330538,0.0001168907073219566,0.0012277292937815144
2014-02-17,0.00017512368154741145,7.2970064032716725e-06,0.0007079439633272463,-6.566778669074459e-05,-1.4595024556301421e-05
2014-02-18,-0.0005670747818232842,-0.0005089058634005399,0.0010423007361422736,0.0003635464725136886,0.004107380113583847
2014-02-19,0.0008942105916404934,0.00022538488199083962,0.00023273573689548262,-0.00019622164387688234,-0.0022482301936050373
2014-02-20,-0.0008169517942241937,-0.0004886997402120567,-0.0005914157277223207,-0.0009929109897220479,-0.0006339098238775402
2014-02-21,-0.001667194876419166,-0.000727606135260327,-0.0007877117382493169,-0.0002842099529050285,0.0013256515478301634
2014-02-24,0.0013109407147428034,0.0006337620544961004,-7.993459900710108e-05,0.00017466231995966354,-0.00019657307667398058
2014-02-25,0.00230801536773389,0.0020598229139645046,4.365382517328728e-05,-9.454579841872627e-05,0.0008151620585889358
2014-02-26,0.0,3.657336800911218e-05,-0.00017466740459533308,7.3167608699856315e-06,-0.004725520724061073
2014-02-27,0.0021833511782298385,0.0005847098544017735,-7.326383041237267e-05,0.0008457708319529337,0.0018476531669332982
2014-02-28,0.00026082798542329303,0.00047818811092276267,0.001457932388239632,0.00020281918739010408,0.006979968281941601
2014-03-03,0.001038795091215844,0.0006681773533123455,0.00015966789112633475,-0.0009588494542063323,-0.0028136980861768602
2014-03-04,-0.00093905264503134,-0.000298339126478372,-0.00016725873874999617,-0.00014566854604841943,0.00046586112358045856
2014-03-05,0.00028395542818693276,-0.0006331440177448044,-0.0008016090909044774,-0.0002912373969400418,-0.0007571345731521866
2014-03-06,0.0005418507586634419,0.0007582240590289633,6.553390107459219e-05,0.0001661087582855792,0.009560295332489425
2014-03-07,0.00023076202048023572,-0.0005697368907291548,0.0005042755468391253,-0.00012258569296094452,0.0009301219562851668
2014-03-10,-0.00015862829817900196,-5.768093790813184e-05,-0.00043918542610342374,0.0007496576434121593,4.3240126844403266e-05
2014-03-11,0.0003678074749652043,0.0004183557238703803,-0.00047644142476532006,-0.000230765348722514,-0.0016083493367985459
2014-03-12,7.200616375863957e-05,0.0006049694098805699,0.0009310214843520943,0.0009571892474887077,0.0034083613428819524
2014-03-13,-0.0006960265775655731,-0.0001076600097934071,0.00014333835042091965,-0.00033024388092608244,-0.0024632328324583693
2014-03-14,-0.000538706041148399,-0.0005602482477174435,0.0011167027453405952,0.00031607606202494485,0.003182331401518238
2014-03-17,-0.0005813181732329883,-0.0008538882929805325,-0.0004243734262072114,-0.0002584721438859248,0.0013726048945768305
2014-03-18,-0.0010864209258481478,-0.0010291065313747566,-0.00020126798900577507,0.001503408127507536,0.00038054619607885665
2014-03-19,0.00022293417421512805,0.00040992007132726314,-0.00014375768229874607,0.0002228844856462319,-0.007797731913206465
2014-03-20,-0.00042848169259488604,-0.00023959486800775184,-0.0021655925635025654,0.0010527195620031106,-0.0032029709187440265
2014-03-21,-0.00041311982149373435,0.00010143604466088612,0.0006236584294502365,-0.0009065624861639422,0.0012693716864738056
2014-03-24,8.711813224231835e-05,-0.00015970614104045155,-0.0015669208864296474,0.0007329436723487112,0.0033661169095906855
2014-03-25,0.0007610984830120408,-0.00036970319054499144,-0.0015342643246469435,-0.00185664711051353,-0.0009326908806087739
2014-03-26,0.00038429049934014917,0.00023201519803630892,4.349938014068891e-05,-0.0005511040348320533,-0.00304270890739779
2014-03-27,5.812263878431876e-05,-0.0001380187053856366,-0.0003124534524277146,-0.0018324878962626726,-0.0028555151516028577
2014-03-28,-0.0011923198574226254,-0.0004942650815127185,0.0005103268389568834,0.0004072934678431655,0.000552847908167209
2014-03-31,0.0009934051770660586,0.0008267519997493046,0.0005014298121506834,-0.0011312546529120935,0.0014459006882166215
2014-04-01,-0.0008622907758333702,-0.0002173771284345449,0.0006451262387817893,6.524126584851682e-05,0.0014365629443096992
2014-04-02,-0.00042841946550989244,-0.0006968236737450808,-0.0008409210029850515,-7.989511954023403e-05,-0.0020539029548374238
2014-04-03,-0.000765587954229429,-0.0007070718409836627,0.00013805280178291073,0.00036463879285592206,-0.0035006167279367697
2014-04-04,-0.0008764370475863212,0.00026272002953452335,0.00031383998068009356,0.00043101087326007055,-0.0009774102326662736
2014-04-07,0.00034950523521426257,-0.0002910975124440403,-0.0002479091790132736,0.00034210555381721577,0.0029517573442903225
2014-04-08,-0.00043473851163640327,8.696786542847726e-05,0.00021790765159996104,-0.0005001830484237958,0.0038641776791673876
2014-04-09,-0.0005071581862602488,0.0006156230843044211,-0.000790046900295212,0.0017811635848958892,0.004275288365921345
2014-04-10,0.0009520101112808904,0.0003534473778900785,0.00011544344726949623,0.0006197617718897996,0.00239369103031942
2014-04-11,0.0004754392499818424,0.00023766569191585433,-0.0009573614986544296,0.00011522396671253885,-0.00015123853586718352
2014-04-14,-0.0002822293240525574,-1.4467801907029031e-05,-0.0015749741362079018,-0.0001592414320617746,-0.003013323762490483
2014-04-15,0.0016937501787223155,0.0012747435942905344,0.0001884167203671667,-0.00047743401828482065,-0.0003619202077839125
2014-04-16,0.00010130905783997808,1.4471465887249375e-05,0.000382783417874175,-0.000984579823257151,0.00020269145362969052
2014-04-17,-0.0009394489739129207,-0.0009826448385382223,-7.948235315311001e-05,0.00013013020268068853,-0.00021717098680981142
2014-04-18,0.00019539518738682753,0.00011578513187104557,-6.51354999560317e-05,-0.00025329739058196866,-0.0002823928102731546
2014-04-21,-0.0001955168711942503,0.00035482691698206334,-1.4468115889970527e-05,-0.0006375056359868976,-0.001535709154600305
2014-04-22,-0.00026784518708408814,0.0001810026829540703,0.0002245880448908009,-0.0012460609429122672,0.000782637092015527
2014-04-23,0.0007880249539338049,0.0006144482267695369,0.0012865270608022627,-0.0008314205116819758,0.0007675486611634226
2014-04-24,0.0005287000981386007,0.0003836840228196625,-0.00013732540722297606,0.0006803804602425168,0.0011068390028317718
2014-04-25,-0.00015894231150041552,0.00024560440477701075,0.00020962314894595362,-0.00039746633802744324,5.061039755546477e-05
2014-04-28,-0.0005196379972296979,-0.0004760324946001078,-0.00010097367480629698,-0.0005704692083290944,0.000751217151520754
2014-04-29,-0.00020980665308749984,6.51190050046807e-05,0.00021637216095944355,-0.00021708769704557274,-0.002754812719493809
2014-04-30,-0.000288587797624951,-0.00018761319986055957,-0.0010073085063447224,0.0004689128881859652,0.003887793771249105
2014-05-01,8.650706119284981e-05,0.00033883764594121966,0.0,-0.0004037636595462672,0.00010096784903789159
2014-05-02,0.0005933816413952137,0.00025328089348148654,0.0004979666465254437,0.002947212396530066,0.00017306402691073957
2014-05-05,-5.0432094995961294e-05,-0.0002737949437091776,0.0001009110830057115,-5.763979453003368e-05,0.00015858598998092684
2014-05-06,5.742093856091295e-05,-0.00010766619184324325,0.0002872985338805918,1.435471947319272e-05,0.003619008399916245
2014-05-07,-0.0003876330742616332,-0.0007038662657453483,-0.0009121303183130371,-0.0005889154789243867,-0.0009628305084462556
2014-05-08,-0.0017875424615920862,-0.0019975992190744006,0.0008613945073184615,7.935391489485195e-05,-0.0051748982126482565
2014-05-09,-0.0012043037171130362,-0.0004135394317991425,-0.001316627309823551,-0.001147613743332007,-0.0057467465924151365
2014-05-12,-0.00029060052803195216,-0.0001961389687198757,-0.00021063105869128658,-0.0006396185765590961,-5.0878933588570454e-05
2014-05-13,-0.0006922659597822206,-0.00034261179867367005,-0.00023971844094407247,-0.0009116070073880169,-0.003991149037438734
2014-05-14,0.000634501591131674,0.00019694300751861216,0.00019684537130632728,-0.0004667206397118224,0.0007951300529437597
2014-05-15,0.0010599454937731487,0.0002779545489065633,-0.0006949143523435734,0.0018248579850451813,-0.00030630552027000003
2014-05-16,-0.0006417876924125761,-0.0005105166539303973,-0.0003207324390038427,-0.00032834612354056556,-0.0012334642563770052
2014-05-19,-0.00039358887963539355,-0.0001603779090157512,-0.00040106318741109,5.831923953356271e-05,0.0008319589462983419
2014-05-20,0.000255488440537821,-0.00030652459734951026,-0.0008473400604864371,-0.0005037397305291267,-0.0007005509827867432
2014-05-21,0.0006808772597460786,0.0003733296287738103,-0.00016772222322307008,-4.391357808541232e-05,-0.0009786737561747264
2014-05-22,0.0005492956337281248,0.0002929351389322029,-0.0003362745201398333,-0.00010983499134196226,-0.0021872162687803375
2014-05-23,0.0006675592156502855,0.00015407246572108049,-0.0009540164814402243,-0.0004914563711342065,-0.001854465357105098
2014-05-26,0.0005204992511623726,0.0001612879580042801,-0.0002053026755216834,0.0004982524631020635,0.0014815904133124462
2014-05-27,-0.00013938764827911486,0.0006235443193578696,-0.00010992191890757867,-0.001145181188556412,-0.0007845294142651005
2014-05-28,-0.0004560030675352103,0.00010294950335952483,-0.00011014873762316143,0.00038246824876542917,-0.0030559946208330423
2014-05-29,-0.00024259800527003328,6.618158021958606e-05,0.0012499725898284417,0.0010067645131827372,0.0007207631575497366
2014-05-30,-0.0009980260461927139,-0.0005578309329779599,-0.00026451722087869487,0.0015626436061326814,0.002298556153464346
2014-06-03,-0.0005208658228043246,-0.0006014508348571614,7.351832995753129e-06,-0.0006753285142518992,0.0021157498966627324
2014-06-04,-0.0004333503558491156,-0.0005142181426620767,3.673647822498368e-05,0.0006316006144073576,-0.0019907374871799078
2014-06-05,0.002851030179938989,0.0007808644418375919,-0.00013962118590455887,0.0014996033272793301,0.004621826142371375
2014-06-06,-0.0009747982463288076,0.0006164459153858198,-0.0009384027315805594,2.9331104171446826e-05,-0.0015162449845462366
2014-06-09,-0.00038992808895912424,-0.0005077318843274987,-0.0006230369955660054,0.0002280896034140032,-0.0038991270867176375
2014-06-10,-0.0001328707464860975,-5.9057152576602645e-05,-0.002099239520649142,5.905584470013993e-05,-0.0035303822427499997
2014-06-11,-0.001167119858285158,-0.0002658867338183984,-0.0007389454107821171,9.608029363606623e-05,-0.0007977191565390465
2014-06-12,7.386642733895485e-06,-0.00014035450616403522,-0.00014043542395768543,0.001004075449071963,0.001115152525880706
2014-06-13,8.122547087526237e-05,-8.862629252487081e-05,-0.00022835170681641067,-0.0010342714111156643,-0.0007309860884369198
2014-06-16,0.00036865544405482716,0.0008852299962843707,-5.915365904064834e-05,0.00022112804878262344,0.0025600462542937144
2014-06-17,-0.0002288811046490915,-0.0004725374610775481,0.0004571732028661129,-3.6921213826091884e-05,-0.0019175744141836286
2014-06-18,0.00047148962122884144,0.00018418037941664688,0.00012547468195711983,-0.0006115059075626484,0.003051636909157034
2014-06-19,-8.805465264456188e-05,0.00041815681489642214,0.0015261577545825464,0.0004181905615909727,0.0013679993307618415
2014-06-20,0.00033884571794872,0.0002945638267464699,-0.0001836985878744771,-0.00022097331468863134,-0.0005587413761005916
2014-06-23,-0.0004709761066689026,-0.000596261238970557,-0.0005226371949557504,0.000559259437362166,0.0007574671544221233
2014-06-24,-0.00122716082019465,-0.0005802530506733369,0.0020502878686607055,-0.0004265521414345228,-8.821907743262985e-05
2014-06-25,0.0002933067422915623,0.0003446771252852636,-0.00015429207520369767,-0.0004473272273205465,0.002063756842040006
2014-06-26,-0.0009930670032886164,0.00015461014346961727,-0.0005213094530137598,7.35943479871851e-05,-0.0013508753375811784
2014-06-27,0.00037419520953157093,0.0005502991932078302,2.2026350858680128e-05,0.0003447226300533651,0.0026779474325113323
2014-06-30,0.00032208241196083113,0.00023427262119118114,0.00036623865985129216,0.001996059725609758,0.003526385674170296
2014-07-01,-0.0004384330473371068,8.037087509936472e-05,-0.0004090875942800227,-0.00010232870913951077,-0.001015669899632786
2014-07-02,0.00041755030439533987,0.0006080786733445595,-0.0008781752084709587,-7.324182990679265e-05,-0.0016242915588731898
2014-07-03,0.000183681042061467,-3.6734858813662266e-05,-0.00037343897452697916,-0.00011755198015162505,-0.0035210270818429625
2014-07-04,-4.415628381432603e-05,-0.0001177613567468279,2.94355728918697e-05,7.359516038062781e-06,-0.0010881553900719853
2014-07-07,0.00033100283125749583,-0.00017652640218841054,0.0008975934798741234,-0.00014709884333304188,0.0009265592226785043
2014-07-08,0.0010511576564854821,0.0005511646247754954,0.0006914052719255384,8.081253333300811e-05,0.00043357008898649025
2014-07-09,0.00109424869455761,0.0008447094151160436,-0.00027914083570908336,0.0010857206803244822,0.002128378685946196
2014-07-10,-0.00146321941673525,-0.0013382551740642149,3.667692398394022e-05,0.0006914357865448682,-0.002488449087273244
2014-07-11,0.00029406359337074155,7.349509604032992e-06,0.00044820809361816754,-0.00037494624371866084,1.4699289289597908e-05
2014-07-14,0.00017621533559553546,8.076803058903988e-05,-0.0003447909097389968,0.00035967658856481864,0.0011239711889279747
2014-07-15,-8.087075754584736e-05,0.0003675578761248536,-0.0012195571434050752,-0.002539725970660292,-0.0038694158828961674
2014-07-16,-2.2167460385840263e-05,0.00026609112299627716,-0.0007528064535961314,0.0001551619043693279,-0.003144795965553155
2014-07-17,-0.00015525596934942105,-0.00013309573299945037,-0.0001921343172581378,-0.0004363243808153796,5.175505074997145e-05
2014-07-18,0.0008590493222669256,0.0007994315579426606,2.955672304829132e-05,-7.402691622053644e-05,-0.00014787868060010847
2014-07-21,-0.00040675810656562813,-0.000332871015556351,-1.4789070876843984e-05,5.917509913572537e-05,-0.0004953587940604183
2014-07-22,-0.0004008492118343592,-0.0002078847731891056,-0.001133698757653286,6.681936130589334e-05,-0.004201920387822158
2014-07-23,-7.424814472494224e-06,0.0002820937312237882,0.00041604137239994326,-0.0002599032431991352,-0.00025252900504084836
2014-07-24,0.0003712448625224007,0.00017080370611309795,0.0006900671419757419,-0.0001707555193445718,0.0
2014-07-25,0.00011909103779586346,-0.0002902228410862866,-0.0003420048954904468,-0.0003349796996408369,-0.0024468892478302084
2014-07-28,0.00011908040173929686,0.00017119018154478573,0.0004466578898206471,0.0001711532383765976,0.0006922553284227104
2014-07-29,-0.00029819591692560355,-0.00038017853940084084,0.0004689087537400939,-7.456287517902595e-05,-0.0022646354230833506
2014-07-30,0.000433567067655702,-0.0002018171020681391,6.716994371449738e-05,-0.0003064675897139833,-0.001052117202910581
2014-07-31,0.00019420231460559858,-0.0009857882996614055,0.00017168214958372137,-0.0006275588168783414,-0.0005003304525576929
2014-08-01,0.0003800029104772858,-9.693426745789911e-05,0.00047821149814442337,0.0004990001481381503,0.0030578098600504682
2014-08-04,-0.00027570070999907324,-0.00020116901617964002,-0.0001936656443200312,-7.452425578336874e-06,-0.00038736014548509555
2014-08-05,-0.0012335573990846624,-0.0005755783038813891,-0.001037286432542725,6.732419970900887e-05,-0.0037846457416783217
2014-08-06,0.000299564884248966,0.0005243563645916151,-0.00041139797349643795,-7.488280843979489e-05,0.0009344292999286676
2014-08-07,-0.001213301526912479,-0.0005020099233653913,2.2436868262885702e-05,0.0006667490985562277,-0.0016601485981299657
2014-08-08,0.0017758813185501487,0.0007837371224506234,0.0010458532874236454,-5.218681389507686e-05,0.0035114756620840014
2014-08-11,-0.0002764298726226168,-9.711892967624717e-05,-0.0007467702535076257,0.0001494310415883185,-0.0015901755903147221
2014-08-12,-0.0005243445813020119,0.0,-0.0002918517264287736,0.0005318332266435233,-0.0012934146074931989
2014-08-13,-0.0010535007456012118,4.4816922877523736e-05,6.73942752562035e-05,0.00016444909590049704,-0.0003067771587313349
2014-08-14,-3.7332795745270486e-05,-0.00027615340870431384,0.0003218213619863858,-0.0008814587965862043,2.9933622195007687e-05
2014-08-15,0.0006198771646799137,-0.0003285592705672504,0.001076176985493062,-0.0003659051151795212,0.002764992495115916
2014-08-18,-0.0013087391980668205,-0.0010094251246870428,-5.976393248460927e-05,-2.9934070212644182e-05,-0.0022502915809769998
2014-08-19,-0.0005854845051391598,2.2520578179332534e-05,0.0,-6.757796810634816e-05,-0.003261055797739876
2014-08-20,-0.0001806032152281798,-0.0001655753748045241,0.00017303185710111125,-6.773461580126253e-05,-0.004523072708562113
2014-08-21,0.00012812734368102303,9.797308762491751e-05,0.00017336443886540204,0.001054542539293274,0.001823731618179034
2014-08-22,-0.0013719698208013785,-0.0015006129689359813,-3.0106199621441155e-05,-0.0018347451416441823,-0.003016229589601956
2014-08-25,0.0006364890268979477,0.00018181955973975734,0.000553472675991138,-0.000280308341008433,-4.5488317091665156e-05
2014-08-26,-0.0004925455230574857,0.00012123324533514334,0.0002198060410033798,0.0006667727688518535,-0.001654147125788644
2014-08-27,0.0010541924080923375,0.00027326345043706036,-0.0002654944470364719,0.0008940545968807142,0.0019118869010107751
2014-08-28,0.00019748585381875223,0.00040246796936239157,0.00021200236310615051,0.00042522172916249984,-0.0007658332601852042
2014-08-29,0.0004704489839327422,0.00037947208299818504,-0.0001062925171068726,-0.0008424120803731439,-0.003952213821073077
2014-09-01,-6.090875869834702e-05,3.0453683756133657e-05,0.0004719566496470965,0.0001065878932388476,-5.332337964849428e-05
2014-09-02,-0.00035820577399156035,-7.6200636275906085e-06,-0.0007469000187170683,0.00012957860294285242,0.0003808189175928558
2014-09-03,0.00010650437438743836,0.00043362990747830934,0.00044112502806862024,-0.000654420404745657,0.0011948296506303774
2014-09-04,-0.0015214270536819587,-0.0004764905791133278,0.0005096898229432261,-0.002749042069770309,-0.01630216680380795
2014-09-05,0.000771140863951342,0.0009327316220850119,0.0008654062153932895,-0.0012341109797842334,0.0012284491796465222
2014-09-08,-0.0002859560806405347,-5.409436376685097e-05,0.0005639439141161091,0.0007417710122221998,-0.004239261230085943
2014-09-09,-0.0001474451254595957,0.0004423525466658516,6.993251515134372e-05,0.002116468537173697,0.0031270343447488305
2014-09-10,0.00113082756088565,0.0013394708383780434,-0.00021654395926974323,-0.00018580165726598952,-0.0018719499266532434
2014-09-11,-0.0009429733729086928,0.00026288321178195693,-0.0002397163625629313,0.0006184435519517719,0.0005727864669384984
2014-09-12,0.002753693311137476,0.0013075083001741778,-0.000263039813365815,-0.0006722533489144654,0.0030981903087703836
2014-09-15,0.00041755914094625366,0.0006879147566194859,-0.0011058397968710147,0.00030146209342508235,-0.002130616831937267
2014-09-16,-0.00023948302681945727,-0.00044798715489549216,0.00021633816830502899,-0.00014680827252341937,0.0012820019518513838
2014-09-17,0.0004165670308866472,-0.00030094102168970715,-0.00048619177750178574,-0.0007561203671738468,-0.008712828167246148
2014-09-18,-0.00042668901612835327,7.757951904579033e-05,0.00017071599883158073,0.0027973129958802465,0.005512479118019518
2014-09-19,-0.0011051530827759792,-7.780375558851355e-06,-0.001319609587112829,-0.00017911865880245465,-0.006758934671876875
2014-09-22,0.00010902322984333003,-0.0001012441347411437,-7.780708515237886e-05,-0.0014650190423225347,0.0014334127800022512
2014-09-23,-0.000924246785300063,-0.0007917410954611679,0.0019506287440746685,-0.0003497277987640762,0.00016346546828384297
2014-09-24,-0.0004222940010986466,-0.001548411623720658,4.669914852727149e-05,0.0008991154092519265,-0.005494605085509245
2014-09-25,0.002168141747075838,0.0015798226182239656,-0.00015726114031005707,0.00032952290090036484,-0.0020682854711749944
2014-09-26,-0.0019124904006926273,-0.0007556437499448015,0.0006196248722716667,0.00022055580151163396,-0.005323532386166784
2014-09-29,-0.0004961118322052184,-7.083630127287703e-05,0.0004653088670086156,-0.0007879848484259336,0.0004887701222261823
2014-09-30,0.001760885021878296,0.0002616752783335743,-0.0014201858096156322,0.0010217944072499383,-0.00460548178131978
2014-10-01,0.0014509820459363628,0.0025432303208312527,-0.0001350347716588562,-0.0022288771645798244,-0.000958518410001301
2014-10-02,-0.0024427758588582054,-0.0014232176604142797,0.001859979720282832,0.0013841817939870306,0.0040732931704096425
2014-10-03,-0.00039935464820463925,-0.0007910033770402922,-0.0006093917746588371,-0.0005913377190055976,-0.012222052292522835
2014-10-06,0.0014655751818797873,0.0009002012119329876,0.00029507817791980904,0.00028649190856334093,0.011246566770832902
2014-10-07,-0.0010047270479904096,-0.0011000274137608972,-0.000981494166081568,-0.0006017371382113875,0.0009084984726150161
2014-10-08,6.314775788107643e-05,0.0019093009240081353,0.0003003738887012741,0.0013645956644167537,0.0051588119215089856
2014-10-09,0.0009516881383689183,-0.000243801735345753,-0.0012757949031526688,3.9306476533326626e-05,-0.003210300889953099
2014-10-10,-0.0017962205080286984,-0.0003798430027943981,0.00014211162102212977,-8.712353727054251e-05,-0.004819019927791122
2014-10-13,-3.1515667228705025e-05,-0.0009379495850099905,0.00026823399632260064,-0.0011194501673590191,0.008821882361699299
2014-10-14,0.000790070436369771,0.0009639088035368426,-0.00012599516510215574,0.0003474333397235904,-0.006528121963463543
2014-10-15,-0.003821042280000557,-0.005496259111102132,0.0007746852240747295,0.0011603839977319852,0.01238204154320946
2014-10-16,-0.0006979817631744178,-0.0013569427734597735,0.00022665192223612825,0.0023821102332956174,-0.0009290162074968939
2014-10-17,-0.0019808575836418895,-0.0012218046632713185,0.0011252023034838286,0.0004701236511766161,-0.0034033463850254146
2014-10-20,0.0011750606508237917,0.0010805732787397286,-0.0006816125492568961,0.000516589581075248,0.0030762390848101976
2014-10-21,-0.0016491286916400557,-0.0018220377301750854,-0.0011622692858542733,0.0004164653156378571,-0.006539507203438442
2014-10-22,-0.0012082017034207111,-0.0008997916879100931,-0.001582384692131759,0.0006319215363765045,-0.00528471584326508
2014-10-23,-0.001866247566339724,-0.001501940947781932,0.0008926350308130586,0.0011470476649533858,6.326611310938018e-05
2014-10-24,0.000488901164964235,0.0013166039831110877,0.001178205705491624,-0.0014595260315558747,0.001872445193422838
2014-10-27,-0.00044060142806734285,-0.00046427996128237803,-0.00033893629504528965,0.0004406014280672765,0.0015844553301999507
2014-10-28,0.0002590033096265745,0.000714445569619287,-0.00018122436808194623,0.00020401597672777761,0.0031613989950676673
2014-10-29,0.0002743086459691169,-2.351493394363966e-05,0.0002278593410580728,-5.4855709905389027e-05,-0.007716568137662753
2014-10-30,-0.0009590730225054112,-0.00021399274884013872,0.0019651139048556987,0.0007609928152202761,-0.002614566996172499
2014-10-31,0.0005674983467053574,-5.5987234925055684e-05,-0.0009310135589872912,0.0007668099485915929,-0.0065984248831480324
2014-11-03,-0.0012572020505920002,0.00019215372356970134,-8.800809680179718e-05,0.0005286978935184909,-0.0007761832181985572
2014-11-04,-0.0003584443553520783,0.0010351638075600555,0.0015661960626574846,0.00014339316039187032,0.004743697952241893
2014-11-05,-0.0002884407394465637,-0.0006889700971116033,0.0007689104277848829,0.0007289535034190044,-0.005929139587924207
2014-11-06,-0.00010461303246509535,0.0005631219629609035,0.001094673365326788,-0.0011272959781784644,-0.007820585688733929
2014-11-07,-0.0011907445168400999,-0.0007570449836866165,0.0005000645348755034,0.00024953011998263226,0.005847075008175712
2014-11-10,0.0003939492660380573,0.00012059768225872528,0.0006245846315005647,-0.001134028617013936,-0.0027646083669613476
2014-11-11,0.0016166201689446467,0.0001207112307170031,0.00027405431283135194,0.0008113460353742442,0.003991764766824906
2014-11-12,-0.00031271424187089225,1.6031164584112302e-05,0.0008354487809605778,-0.0011956300749075368,-0.003677950920231183
2014-11-13,-0.0008817565159960171,-0.0009058080546873393,0.000505340172864085,0.00047303880201058404,0.003533657716190857
2014-11-14,-0.00015241517924264661,-0.0013222586100264575,-0.00044135053979407925,0.002427856627010175,0.0039045984589603407
2014-11-17,9.631514322291236e-05,0.0003211278035963932,-0.00033626363385503747,-0.0006824322148040142,-0.005694552717350328
2014-11-18,0.0006384727948159576,0.001205343569027633,-0.0008624407606585953,0.00017550857643763618,0.006572677100216086
2014-11-19,0.0005661227521239659,0.0005263661715941084,0.0008455580787930393,0.00026301841679042835,0.0006700488429114849
2014-11-20,0.0003827049311995614,0.00017546518257494675,0.00011185592967919855,-0.0014917815192981856,0.00019136009243681386
2014-11-21,-0.0018041242006882887,-0.0009665260586819322,0.0009567263005405387,-0.0009839742057103924,-0.012555571183843322
2014-11-24,0.00015273618872507728,0.0004905686271183604,0.00016930773333354273,-0.001005271729161944,0.005023130620895824
2014-11-25,0.0012426993024626427,0.001266492626443816,0.00020909566202673274,-0.0010020563032105613,0.0036687272467699735
2014-11-26,0.000319728872641999,0.000735206010660909,-0.00040147099509866955,-0.0007275315018238191,0.0019692924918853403
2014-11-27,-0.0006728558980556241,-0.0005767336211317646,0.0001202862814946488,-0.00045683876390118416,-0.0035812324212514276
2014-11-28,-0.0011635512894076034,-0.0008027550984590742,0.0010442522898310989,-0.001494540385700555,-0.0007868642262350083
2014-12-01,-0.0011936664999682212,-0.000761477302690938,0.00016042609204359976,0.0010975850228016229,0.0026820216345213523
2014-12-02,-0.0007177332840377431,-0.00010480701410374171,0.00039401578985227213,-0.0004599426363173251,-0.006621714858403047
2014-12-03,6.495826433807107e-05,8.117443167646854e-06,-1.622454774096307e-05,-0.000950435281515272,-0.005950976800277433
2014-12-04,0.0037815441562033584,0.002148228538289605,-8.119881936796767e-06,-0.0015430737548701972,0.005781439435047159
2014-12-05,0.0012689737658730577,-0.00023592484682789626,-0.001116387550926619,-1.625870857128325e-05,-0.008481154840064942
2014-12-08,0.0003580758345211995,0.0005938363219993582,-0.0006364437696473175,0.00015458402689646797,0.0016986142907241385
2014-12-09,-0.0004666881320621943,0.00010463745144913608,0.0011332730134016268,-0.0009340301662196676,0.005918494503126482
2014-12-10,-0.00024952409445573364,-0.000813299504106742,-0.000799286336407368,0.00020928248381989325,0.007415305255123723
2014-12-11,0.0005489936599944789,0.0006219784769793946,0.001021725839993007,0.0008148611758096219,-0.006971414993647352
2014-12-12,0.0005618834480510044,0.0006339551388148618,0.0007401091194272042,0.0013632611312537892,0.005399655020990093
2014-12-15,-8.851373376813666e-05,-0.0009012706916557457,0.0003702779541785918,0.0030050803613388324,-0.0019113708255664237
2014-12-16,3.196522184141511e-05,0.0006392125119770529,-0.0023818479365409293,-0.0009194079660770473,0.005651249694597801
2014-12-17,-0.0006125179514187545,-0.0004516966933556258,-0.0005297885785911612,0.00012898232959974177,-0.013989844617638714
2014-12-18,-0.0006515294884675032,-0.001262693288535593,0.0016881202574030743,0.0013433147696362618,-0.003922863600675745
2014-12-19,-0.0015089540919389233,-0.0023988849350822564,-0.0003993170915953374,-0.0013150534655111928,-0.0050582209942000855
2014-12-22,0.00020392598373168344,0.00023655993029844942,-0.00019574738862067177,-0.0007261660791596294,-0.00012271193388961263
2014-12-23,-0.0005664024974629465,-0.001116401363694992,-0.00040870710166178637,0.00018883648048487544,-0.003951181066121383
2014-12-24,8.203008043152828e-06,-0.00013125943446028627,-0.00046720354940938514,-0.0002707348005102099,0.002059513255301839
2014-12-26,-0.00025463581056327277,-0.0003450428873244219,-0.00017223491244249936,0.00024642276413904587,-0.0026493775519394144
2014-12-29,-0.0002708370111224332,-0.0005908759086343198,-0.0004915695915728208,-0.00040228729602051965,-0.0012416896795938972
2014-12-30,0.0005917986742178917,6.574405840435272e-05,-0.00036196713075573625,8.216656811308114e-05,0.0006333721519771755
2014-12-31,-0.002657512747033131,-0.0017583038965530782,0.00034556240624911795,1.6528106044641992e-05,-0.005284888567677569
2015-01-02,0.00017470373203280678,2.4943150404218795e-05,-0.0007883130923838021,-0.000640729621547261,-0.00711575394794126
2015-01-05,-5.027188713339515e-05,0.0012241545640199625,-0.0023030967974894613,-0.0013415167856891067,-0.0007787542837766416
2015-01-06,0.0010908054581393576,0.0007719610710853436,-0.0006972358661681891,0.0012571449383593659,-0.005485173162536515
2015-01-07,-8.462098266930878e-05,-0.0003895960954159179,4.215833829314247e-05,0.00018615671064096563,-0.0032734910441046205
2015-01-08,0.0021540400804877656,0.0005256197347097697,-0.0011630524217654478,0.0003133906779219355,-0.003521666948349358
2015-01-09,0.0011916182485279434,0.0007433500084655701,-0.00033013777202899145,-0.0005068980483134304,0.004138374678008779
2015-01-12,-0.001548138524955682,-0.00022843702640490117,-0.0014908560781928151,0.0014889641761732242,-0.0031727574733859637
2015-01-13,0.00020371439312642447,-0.0004838935698376481,-0.0007284493668665741,-0.000602775331630396,-0.004676191332719332
2015-01-14,0.0005089188129891363,0.00032230977640997305,0.0015661710327448761,0.0008730404823099614,0.0006111795105576191
2015-01-15,-0.004403907715255165,-0.0018008630050631877,-0.0035393727638446965,0.0017863080391861573,-0.012638830592556763
2015-01-16,-0.0009735490976949454,0.002341320128669858,-0.0012650331929501876,0.0019374715548685579,-0.006388475954305701
2015-01-19,0.0,-0.00048148849656842496,-0.0019994318623959588,-0.00044733492367045937,0.0028934580575934923
2015-01-20,-0.00024184423621682088,-0.0005956569019811705,-0.00011195845491816907,-0.0016426327309383296,-0.0042350604780919355
2015-01-21,-0.0006634871229623462,0.0015692228670842543,3.457336468318895e-05,-0.001647695540544718,0.005941295542380959
2015-01-22,-0.004660667836734389,-0.0026581342269307263,-4.30253720686712e-05,6.135049980677206e-05,-0.02333638122089918
2015-01-23,-0.0006301505025623002,-0.0011452568535611303,-0.00019584627910151033,0.0007454871748722645,-0.012781285268109802
2015-01-26,0.0010116248977030428,0.0003018385541768321,-0.0012279329561139924,0.0012320894335848172,0.009637832461555801
2015-01-27,0.002469560205930023,-0.0012542266005281968,-0.0019288798130446484,-0.0021880212417173116,0.010452317361988532
2015-01-28,0.0018717503676777033,0.001385023444805054,-0.0007041386035648601,0.00048502379772051856,-0.0074876953543312275
2015-01-29,-0.0035528087339394424,-0.0019832619249083956,-0.0016101068625812244,-0.0012371864427126614,0.004421694696988062
2015-01-30,-0.0005222047780919089,0.0006995143530720271,0.0023835388280787025,-1.7706636447692277e-05,-0.0043330689281016665
2015-02-02,-0.0019495161055086705,-0.0014800851988786103,-0.00023797876812867836,0.0007855563952391521,0.00278196232569236
2015-02-03,0.0022974157637486057,0.0016082092039990492,0.0015340401153400014,0.000244281203776239,0.010326872529705601
2015-02-04,0.0005512269313302441,0.000648054108924157,-0.00029692248794669284,-0.0013830171230128643,-0.012295524815693425
2015-02-05,-0.0013292176189493407,-0.000778193144830662,0.004591022292556309,0.0004899173362500921,0.013534239153873147
2015-02-06,0.0007412440885442822,-0.0017900055481605448,-0.0007860331062618361,-0.0004411505277120761,-0.013622610383792947
2015-02-09,0.001437852819315435,0.00037927734889943215,-0.001120053032979624,-0.0026037658965561102,0.0009364951032532101
2015-02-10,0.0013879007359587957,-9.720105161501335e-05,0.0005669938845687323,-0.00040644660204698397,-0.0005034779834741754
2015-02-11,0.0021411958172242807,0.0004953823391351707,-0.000936801334076471,-0.0014240039908029116,-0.0006805396853765564
2015-02-12,-0.00046553095523589177,0.0006855094130502342,-0.000326282978419036,0.0023956100735007457,0.008179914679485057
2015-02-13,-0.0003066879911879373,7.889857592161364e-05,-0.0014185144755391574,-0.0003330820639807674,-0.0011143040043963186
2015-02-16,-0.00033315214840591334,-0.0003243864084239506,0.000622373014361328,-0.0028362834747628447,-0.005745751600248509
2015-02-17,0.001299408425296232,0.0012284259268503018,0.0007727704202752734,-0.00021937618276902365,0.006289577869933794
2015-02-18,0.00030805385024856613,-0.000572190669537277,-0.0003512376773637832,-0.0019290996033102892,-0.000394683184164741
2015-02-19,0.0006324888646847567,-0.0003774827214800834,0.0008159362443209225,0.0003512099217780643,-0.0029607004306750435
2015-02-20,0.002150803854354665,-0.0003959402973765544,0.0004500430264139681,0.0007041757913680475,0.0013804080989555084
2015-02-23,0.0008816632265146102,0.001850905709182256,-0.0008312478923676829,-0.00041428490171504004,-0.0041208486671026
2015-02-24,0.0016052925167271486,0.0011810226912810457,0.00043345379309383235,-0.0034961366260370615,0.0005028073515801704
2015-02-25,0.00044915915520583384,-0.0002728765162678999,-0.0018315023434676198,0.0005193639229248644,0.0021495154249561517
2015-02-26,0.0016141189837101011,0.00020509253757977386,-0.001125878612012526,-0.0008201105826034727,-0.014296150137796344
2015-02-27,0.000829072867718823,-0.0011418072121743218,0.0010512531369849367,-0.0021052263756422005,-0.0009734881561161682
2015-03-02,-0.0008400508099151324,-5.359200408577788e-05,-0.00013375958072949057,0.0002681780002844081,0.001414693346028583
2015-03-03,8.933596582591763e-05,0.000223470679342374,-7.161912950002228e-05,0.001731540342839478,0.0005545865341840938
2015-03-04,-0.0005327386049961477,-0.00032502415396156624,-0.0005841672861694588,-9.935554389516813e-05,-0.009316600416621868
2015-03-05,-0.001060267703620069,-0.0010517440879560512,0.001077669259867156,-0.0026146891343238137,-0.004278516736841577
2015-03-06,-0.00036790405477328764,-0.0019218838532457697,-2.7348682023084276e-05,-0.001261098058707419,-0.017640819055055757
2015-03-09,-0.00034091485290774806,-0.0006542181175320411,-0.0012947362980375698,-0.0004977600899189493,0.0008577002172035658
2015-03-10,-0.0004932090794612751,8.371898332837779e-05,-0.00012089818062956557,-0.003216471090834225,-0.01497195237263151
2015-03-11,-0.0007845324636412679,-0.0019482675099099633,-0.00325509483520047,-0.00016076334252158487,-0.012732307459696501
2015-03-12,0.0005643394086889872,0.0003765698299097543,0.00023589690471108288,-0.0016845556616531313,0.006715967340523476
2015-03-13,-0.000778816238743211,-0.0017682293798159765,-0.0007160961759307471,-0.0006082783060718046,-0.01216142890575735
2015-03-16,-0.00011346981242365922,-0.0009742947775698928,-0.000275167118316902,0.0004065405816576535,0.006739657394367254
2015-03-17,-0.0023276534673999697,-0.001073496972058472,0.0008213785458891757,0.0004244702439352057,0.0022302031545848528
2015-03-18,0.0009989822521896633,0.0004430054694081813,-2.8282542602493564e-05,0.0024273226707661444,0.02140457497941204
2015-03-19,-0.0005999981430058808,0.0002438864251772326,0.00084412726947491,-0.0039746912748159025,-0.014378024950208037
2015-03-20,-0.00026917775640427304,0.0006213916590311207,-8.424875855093979e-05,0.002531118797944283,0.014331825971197113
2015-03-23,-0.003300544835182281,-0.0029306197251400385,0.002775132905969637,0.003520194312109921,0.010955444105229795
2015-03-24,-0.0005960486735570121,-0.0006415485368195711,-0.0030796449039082138,0.0004768673573792478,-0.004124018847924044
2015-03-25,-0.0007840706429909404,0.000921881982256321,-0.000866673715123347,0.0019226131584673197,0.004671389203240993
2015-03-26,0.0010987100419488569,0.00028379312587197545,-0.00013588002720402428,-0.0010254251376904677,-0.007791688346635511
2015-03-27,-0.0012044151079227887,0.0003493449817187467,0.0006747046112757786,0.0020769393758239187,0.0001746267357970295
2015-03-30,-2.7667236920895237e-05,-0.001393805637486469,0.002959386681623151,-0.0014305163834000916,-0.005922709144442492
2015-03-31,-0.0002794154646696029,-0.0011081984529802945,-0.001787576820412651,-0.00014905351048612184,-0.007762581235125988
2015-04-01,-0.0013645922961894323,-0.0010704596085970195,-0.0028768692712092484,-0.0003716401451292883,0.002399197698977142
2015-04-02,0.001177260614045978,-0.0008362933395550688,0.0005453848102240708,0.0003308549874404507,0.010367287430216568
2015-04-03,0.0004910608832288351,0.000700143239712262,0.0006619715961720097,-0.0006093152667383876,0.008202545188796677
2015-04-06,0.0009976782136497948,0.0009069966337309642,-0.00025495338133423457,0.0002809841715631297,-0.005399797858799284
2015-04-07,0.0020801892556914893,0.00011964199448270985,-0.0074894326854871695,-0.0014170042856831758,-0.011248526306114772
2015-04-08,-0.003921917443827147,1.844167819327523e-05,-0.001059141641765203,-0.0023512868848330985,-0.0027137561401321566
2015-04-09,-0.0024326716846860405,-0.0010068522735634587,0.00037221421357502203,-0.0034868810013941602,-0.011210607891111226
2015-04-10,0.0007254945694132336,0.0001601711007648938,0.0004050051151934171,0.0008567246342773765,-0.005784848583687749
2015-04-13,-0.001540723121187676,-0.0012934230776803705,-0.0002745081352106073,0.00011350845177221259,-0.0025893040359663507
2015-04-14,-0.0004407455234868734,0.0005156161492708903,0.0007110454088740028,0.0035672692071182597,0.008179696369405876
2015-04-15,-0.0024333769693845584,-0.0013431456983948012,-0.0025494320080172396,-0.0018925400987096534,0.0021843588032449887
2015-04-16,-0.0032286086253802766,-0.0030520695146764613,-0.001222183724107022,-2.803934855430458e-05,0.008002803570490222
2015-04-17,0.0018863108713022077,0.00044541777210926165,0.001731361680557348,0.0005382930671611826,0.003746156229992752
2015-04-20,0.000866175887849037,0.0010055960400097894,-0.002367480297517421,0.0012653165444298509,-0.0068028420257411825
2015-04-21,0.0002057093707871185,-0.00012156406207278119,0.0013112790594410762,0.004244983540252909,-8.381566147116473e-05
2015-04-22,6.520939203852495e-05,-0.0010622834500005037,0.0036292626773239476,-0.0009412905694565019,-0.0014725758754056155
2015-04-23,0.0004836759465516246,0.0011250111595700316,0.002644799560426669,0.004638829686729824,0.009209809601769215
2015-04-24,-0.0018176538822442807,-0.002963649024359868,-0.000900520157156068,0.0033743324846180448,0.004720469010304059
2015-04-27,0.000718278372947562,0.001095910705482047,-0.0025175341475108083,0.0025650115422546403,0.0016551880117951668
2015-04-28,0.004683721020709463,0.0022718469660519365,0.0003858485500461086,0.0006829201931743351,0.0083991051682892
2015-04-29,0.002787866923506772,0.0032501856839480337,-0.00025460100523072956,0.006555516171394735,0.01254882922677262
2015-04-30,0.004522701942808464,0.0032846646599576676,-0.0015957711003693903,0.0037533556127669356,0.008850170183649793
2015-05-01,-0.0030065044928564637,-0.0013521088728322228,-0.0010215821196623495,-0.00025837606334089166,-0.0012850375232320934
2015-05-04,-0.0007523174417792457,-0.0013975741824351496,-0.0007533362388129488,-0.00017024555722631082,-0.004028256917464212
2015-05-05,0.0011563130145561017,-0.0011681194607073848,-0.00046909816739200313,0.0021298500153847815,0.0032864867338921687
2015-05-06,0.006094456143779535,0.0035169299374520923,-0.0013962197623317556,-0.0005020500481989926,0.013982765183192572
2015-05-07,-0.003338693730797687,-0.0022641217558279107,-0.0006864324265625467,0.0014576096009932932,-0.008108391773100375
2015-05-08,-0.003686952024967953,-0.003036822667207601,0.0009704027932785145,0.0008918140980438098,-0.004748528907884943
2015-05-11,0.00027791349897144356,-0.0005732198992604198,0.0005644074096157557,-0.00048415730678385443,-0.0043485720945406585
2015-05-12,0.0024102290711832675,-0.0009152912020148656,0.0018235600045226087,-0.0010398660665325084,0.006230661143949592
2015-05-13,0.0022156419195868025,0.0013860505523000837,-0.0017609083008411342,0.0009958799598055203,0.011306864630767473
2015-05-14,-0.001947642389951559,0.00010523823314727213,0.0012025826249727623,-0.00046553913345773244,0.005027388705601157
2015-05-15,0.005439978262318715,0.0032468560884546427,-0.002242005555027877,0.0029317963143033446,0.003666678067233879
2015-05-18,-0.001874827259723727,-0.0006876427349978551,-0.0010100611726118586,0.0010918761981519348,-0.011433617395611016
2015-05-19,0.0007803985810688906,-0.0007349580418846974,0.0002503755646530217,-0.002289100844719389,-0.014987390551799222
2015-05-20,-0.0007836038067988771,-0.0009095617170284451,0.0004948334986283317,0.00027027757671492254,-0.0048748117834468115
2015-05-21,0.001312819963575667,0.000835628364743797,0.0013898792146013624,-0.00011682505461372097,0.0014595386125232047
2015-05-22,-0.0009247758984314151,-0.00011802784562944524,-0.00034030968509454865,-0.00019050124563788578,-0.008789357508153356
2015-05-25,-0.0009380906446270456,-0.0004829223272301225,0.00035541298907355493,-0.0003736597279304887,0.00025506021381155086
2015-05-26,-0.0009265758184467519,-0.0010721896145020075,0.00011926660228170386,-0.00012850402969606512,-0.009756710717963624
2015-05-27,0.005183767943745603,0.0025427021603991354,0.00016484271295150133,-0.0014060757645639069,0.0025261005409109123
2015-05-28,0.0014400831682992532,0.0022311292980506255,9.139723523421765e-06,0.0006597273366391088,0.005352572629556953
2015-05-29,0.0007744275317916836,0.00040026927739993313,9.122963868474756e-06,-0.001750148571243848,0.0029704164931035567
2015-06-01,-0.0054729573098172895,-0.0031143426378452527,-0.00044941141619348385,-0.001723917018721161,-0.005460901558830507
2015-06-02,0.000503497520122389,0.0020312240161051483,0.001733355662338546,0.0003145572632491918,0.02091394717949554
2015-06-03,0.007184143848026946,0.0029778909310034904,-0.0012299958904867906,0.0007102588304088183,0.010348457576790747
2015-06-04,-0.0001419836898621041,0.0028573983413502074,0.009686589744272072,0.001551852114023282,-0.003894861578776584
2015-06-05,0.0033315156693413993,0.0029067950957082206,-0.001411295030651127,0.001432116579450313,-0.010092005402017988
2015-06-08,-0.0001606812890097252,-0.0005358051940546052,-0.0025742579592607116,0.0004195024049026269,0.016140914537792043
2015-06-09,-0.0014416148580314052,8.883598218457365e-05,-0.0005492363980598136,0.0013971516402211685,-0.000319214026846619
2015-06-10,-0.0033485181639746156,-0.0006713484638884602,-0.003985298484747399,0.0006812140027308332,0.0037796853955091064
2015-06-11,0.0017728684569585484,0.001408224978259747,0.00014208582007444872,-9.791573024033656e-05,-0.007164294444350938
2015-06-12,-8.016067766781857e-05,0.0002583760633408329,0.0001781737198476403,0.0038848464474267323,0.0021333720690636885
2015-06-15,0.00019581490213974905,0.00038277171695367754,0.0013883081781678663,0.0013340806162305645,0.006001164896270674
2015-06-16,-0.002359573166330395,-8.899013995122221e-05,-0.002606338242482134,0.0014342156364906924,-0.003302853042474638
2015-06-17,-0.0010827314286592225,0.000142013935355936,-0.0002661367603799832,-0.0027386802104642917,0.008501344105957619
2015-06-18,0.00061356685859078,-0.0014383822436614918,0.0015982861348137827,-0.0009643455909653161,0.0024220230878898522
2015-06-19,0.001314298252585988,0.001428508686112547,-0.0011666343924787194,-0.0012966452228844803,-0.0016903942114481617
2015-06-22,3.52134374514052e-05,-0.00044861786867235855,0.0005826734280382342,0.003006172824539843,-0.0024573391205150556
2015-06-23,0.0020067195983806555,0.00025986711079947945,-0.0014216790644371678,0.0005815540181530638,-0.015337751243363194
2015-06-24,0.0009122293011017664,0.0012517212799687217,0.0007486698092098637,-0.0001788029149638074,0.003218541561798124
2015-06-25,-0.001249843932228292,-0.0017418261416935496,8.028796621522446e-05,-0.00018761139481566943,-0.00019639174860697968
2015-06-26,0.0011805954433659813,0.0014216168589262065,9.813411372699819e-05,-0.005045152624019768,-0.0031206574229834857
2015-06-29,0.002758969518691194,0.0021358900329374237,0.004380792843357796,0.0003499436985279609,0.021758481883641666
2015-06-30,-0.0009822306352689815,0.00016075447467920134,-0.0010036202856826334,-0.0051411692489968484,-0.007723702846294515
2015-07-01,-0.001615968646177007,-0.0004156125827804737,-0.0007290565341713764,0.0032113181361683755,-0.008100420478791332
2015-07-02,0.0005772266225660798,0.0005502261929216544,0.0012561396599133007,0.0014596175150603536,0.0029540250847196795
2015-07-03,0.00031535935459530074,0.00040545837624283504,-0.0001800504146023838,0.0004953638548736943,0.0024145461034294252
2015-07-06,0.001223330420019542,0.00023557126139579323,-0.0019323503023970573,0.0029028121574749305,0.006761657811035865
2015-07-07,0.00046609182852635247,0.0005755606164816543,-0.0028299888307633317,-0.0007403650063291889,-0.0052783493067101814
2015-07-08,-0.00036186651139418527,-0.001811496247413873,-0.0009872876208982266,0.0010852069288350918,0.006923264901203981
2015-07-09,-0.00012670715278826226,-0.0007503469576527451,0.0004619920999996212,-5.430798057099202e-05,-0.0024412308688171688
2015-07-10,-0.0003577305611591352,0.0007423805712035709,0.0001799062693190691,-0.000653188342785164,0.009325862197181923
2015-07-13,-0.0011235243600336152,0.0001448711102378805,-0.0022388136421984408,-0.0020146294270699666,-0.01211117937172863
2015-07-14,-0.002410731636980022,-0.0008335070288764767,0.003304437667095936,-0.0016800697775099932,0.000208964581264211
2015-07-15,-0.0006110825014701108,-0.00022809282564494892,0.00017234263572681572,-0.0006023271913791939,-0.005648291381193914
2015-07-16,0.003130151582030329,0.0027405438659847984,0.00048600445696541235,-0.0007059524921300621,-0.006434073173492487
2015-07-17,-0.0009392179399647436,8.291606595651101e-05,0.0011660202849782155,-0.00026719368476237553,-0.004487969749329035
2015-07-20,0.001493197932567908,0.0008484580706717887,-0.001142246665213026,0.0006721327577072967,-0.0010436727140303984
2015-07-21,0.0025074524850537475,0.0023418246620475693,0.0016330601356874994,0.003498075964301539,0.010616640380641786
2015-07-22,-0.0013674807907453112,-0.00149647713208099,-0.0006397368158231258,0.0002387555338344821,-0.0008323843717942071
2015-07-23,0.003169978970797821,0.0017660611423260225,3.641362234020017e-05,-0.0016383896477901302,0.004993050239995848
2015-07-24,0.0010676596001662187,0.000693671191174643,-0.0007952868250733166,0.0,-9.105726597738602e-05
2015-07-27,0.0002792352575172347,0.0012971338767242574,-0.0028133472117940583,-0.0003783374815424774,0.01044093011556601
2015-07-28,0.0012133176667985944,0.0019738516422707257,0.00037070692425861197,-0.0010502490779770487,-0.0027808392936135794
2015-07-29,-2.717748255139003e-05,5.437737902378587e-05,0.0018275917073036932,-0.00041681391674573654,-0.007514328850992345
2015-07-30,-0.0002745844639057278,0.000585807011654333,0.0004650420673319876,0.00028373598099832816,-0.004116828649550787
2015-07-31,-0.0017758871705659959,0.0008479545860120686,0.0004937188097436256,-0.003615594364656338,0.004572197916351646
2015-08-03,0.0006835862108867297,3.6444808896506294e-05,-0.00019141634480575892,-0.00043744133971329645,-0.0023710740213378897
2015-08-04,0.0005833029695099341,0.00021883633864715207,-0.0006379352985440202,-0.001550147574401562,-0.005713621066753006
2015-08-05,-0.004680016449289899,-0.0030563801585596147,-0.0006260645603377617,0.0015010938699857824,0.0008903208037431994
2015-08-06,0.0016231015800778506,0.0,0.00044984049782000296,3.664983828656552e-05,0.0022909937350229447
2015-08-07,-0.0004690539452039084,-0.0005698372441724656,-0.001088303588615108,0.006839231990698449,0.0036638277232945863
2015-08-10,0.000620477605153748,0.001039994255173386,0.0009211000956752179,0.0018682310556936209,0.0049869060834167285
2015-08-11,-0.0012281352853540288,0.00047893803186393785,-0.0006433578061404997,-0.0019627269202144005,0.0023211543652081924
2015-08-12,0.001360337430214645,0.001592513734254202,0.0013752254885273769,0.0005900971149183982,0.010379032573975886
2015-08-13,0.0012690185710698303,0.0009088005808360792,0.00040492570166763566,0.0007013190479774981,-0.0002958221861317396
2015-08-14,0.0014899788235497834,0.0018665092732000142,0.0008620690189053243,-0.0033780780690842666,-0.004087707101035079
2015-08-17,-0.0029373095200132485,-0.0007937367375632043,0.002317122036426957,-0.0007221324885272714,-0.003091220428463666
2015-08-18,0.0007883041449876484,0.0005887281378296818,-0.0016873986037966437,-0.000860823090593695,-0.0046956301190770305
2015-08-19,0.00015411323727221226,-9.062075221430072e-05,-0.000714502162597963,0.0021912756192076473,0.00848847871341123
2015-08-20,0.0003222774299411059,-0.0009765932011476805,-0.0006564305700724351,0.00234234019158751,0.01008306648169311
2015-08-21,-0.0005135288397311203,-0.0007085226713667341,0.0004976848868735319,0.00185807875082275,0.013115087059345875
2015-08-24,-0.006273276736819527,-0.0019503818877353155,0.0001132044255430961,-0.0024685190207965513,0.01786462045450535
2015-08-25,-0.0020238330616342993,-0.0004884004981087634,0.002330064502952201,-0.0035691204324318853,-0.005082856124156469
2015-08-26,0.00046582145818258334,-0.0007735652070454619,-0.0028714648528243873,0.002027748358722056,-0.018062543239079375
2015-08-27,0.0018324798751544118,0.0015280063382536013,-0.001273615115908986,-0.0029995438620486615,-0.006002190149892691
2015-08-28,-0.0012813669665670403,-0.0007474573451992794,-0.0007526153738259618,-0.0007927777475435113,-0.005662756523236205
2015-08-31,-0.0007478433082706505,-0.00015128391124458927,-0.00016052080116520513,-0.0021219315748777744,0.0029394048547740892
2015-09-01,-0.00047082862264047635,0.0025313658459913124,-0.0031407199923344773,0.0004797100511296136,0.00895242044336287
2015-09-02,0.0002315020934565999,-0.0010319826546406796,0.0018990324194267847,-0.00031164992171587485,-0.00753494785342447
2015-09-03,-0.0006650430276298546,-0.0019583893570952918,0.0,-0.0022680644780433638,-0.009559942836996335
2015-09-04,-0.0005220428193661977,0.0007557695262792098,0.0005920822629032381,0.00018904697873711455,0.0027304997429010596
2015-09-07,-8.960372751574933e-06,-0.0002868308793102916,7.170964766757207e-05,-0.0004481210360263104,0.001066112508645295
2015-09-08,0.0012963155169414035,0.0007693615573492468,-0.0002951976727658138,-0.0008938308394661173,0.0030933481971912938
2015-09-09,0.001237845947589032,0.00023327172673034873,0.0013763396905052754,0.0007795943816008438,0.0011241068549810852
2015-09-10,0.0013645669617969522,0.0011239764969839465,0.0001876013387730751,0.00013368090388186699,0.005353360405672478
2015-09-11,6.202072380177273e-05,0.0003986304881088003,-0.00041641010794890267,0.00011517114001158398,0.005492453963393413
2015-09-14,-0.0012475945609201696,-0.0002298830259192727,0.00043213878500678564,-0.0001505244007322315,-0.001801038732418418
2015-09-15,0.0002387236254888607,0.00037144803250086417,-0.00012381053466593029,-0.003462647201516747,-0.004623364154233685
2015-09-16,0.002197394137831812,0.0021441363449809826,-0.0008437657318884991,-0.0004426345681333947,0.0021194809443624667
2015-09-17,0.0005739996007140952,7.06576460700617e-05,0.0001589109307580036,-0.0011041379792436886,0.011196529886558067
2015-09-18,-0.0008064375185038845,-0.0003243920964448698,0.000847883619773596,-0.0024232219622478852,-0.010434969181702678
2015-09-21,-0.0005517143327610381,-0.0006938637814632308,-0.0010073608882480434,-0.003861611244819781,-0.008543257443914954
2015-09-22,-0.0007175724831839249,-5.384159803159754e-05,0.0020476144406944216,-0.0010234312770483979,-0.0056644172463289405
2015-09-23,0.0012540309776687389,0.0019701087245134067,-0.0003599226205228779,-0.0022494173100724457,0.005512470766949235
2015-09-24,-0.0010934938213713295,-0.0012784660151260172,-0.001017285007819172,0.003915045948807981,-0.0011179630984494628
2015-09-25,0.0012621008939124902,0.00013413156538217284,0.001391963656524941,-0.0005010692564639909,0.0019578487804160225
2015-09-28,0.002667264951191144,0.0017729707268867238,0.0005897596453665472,0.001991329892622283,0.0042704818144671895
2015-09-29,0.002682651282414809,-3.5602075604807715e-05,-0.003531105381650307,-0.000970627466596215,0.0009781256337367732
2015-09-30,-0.0008492873202323385,-0.0005183153081605951,-0.0007572214789109513,-0.001727618599227276,-0.007001299530462852
2015-10-01,0.0019594253255024183,0.0016171619211711571,0.0015515767757394046,0.0015451467167379533,0.0012075405657929277
2015-10-02,-0.0006550295882686976,0.0009024632549082393,-0.00013432735596787408,-0.0016128464025793577,0.002098542953074854
2015-10-05,-0.0001337786678530671,0.000900744289671905,0.0001688401132573975,-4.459686663165065e-05,-0.002955319713668455
2015-10-06,0.00138081579143068,0.0014346373764316952,-0.0015163951954865827,0.002693777938817313,0.007553928668858766
2015-10-07,-0.002047575674431173,-0.000997035682106615,0.00028478112093660276,0.001487134779602757,-0.002674760666421862
2015-10-08,0.00032892251504444773,0.0003378859044808611,-0.00024806421446557414,0.002184143636641263,0.0038454925074572132
2015-10-09,-8.811504305717795e-05,0.0002466482280257674,-0.0018716181713370327,0.0005461881489625758,0.006529128070871844
2015-10-12,0.0005977917049810903,0.0001583378052410144,6.151547775301365e-05,-0.0006857323978346085,-0.00028170998143897484
2015-10-13,-0.00048355687790818035,-0.001231202336514019,-0.0015359974933079133,0.00013190233969919874,0.002128465055035019
2015-10-14,-0.00031493858957865213,-0.00018389355242206954,-0.000981457543117691,0.0006385221491100724,0.00872145595452583
2015-10-15,-0.0007557317336407133,0.0010372168361275432,0.0014850406747534746,0.0009840963802726893,-0.009011434559651595
2015-10-16,0.000228720223383422,-0.001248867826320345,-0.001469184778889402,0.0006770570261495602,-0.002869164630431072
2015-10-19,-0.002321384693035634,-0.0005297779471398422,0.0006076217081472882,-0.0005922416518976005,-0.0024244787127028064
2015-10-20,-0.0008014126426843643,0.00017615402953852953,0.0006255093479722165,-0.0005287554981575621,0.001534716643316628
2015-10-21,-0.00042298575697411356,-0.00015871196457007303,-0.001178851196605947,0.0009514664753243845,-0.0007406036257787888
2015-10-22,0.0002775005276889714,-0.00043003431978178665,-0.00025638872206907004,-0.0011642278902742153,-0.020647585024448547
2015-10-23,-0.00202017525549413,-0.0020206878118048765,0.0021673742347119835,0.0005258195653499004,-0.008073053505529634
2015-10-26,0.00023541981800316407,0.00013584188026048943,-0.0015133188514278304,0.000298722285545735,0.0037048653960414257
2015-10-27,0.0007791125758753398,-5.436703184526309e-05,0.0004255261423266028,0.0005522586159165259,-0.002090791777576492
2015-10-28,0.0015361402534582983,0.0006144171362670962,0.0006606185620677061,-0.0009756274599959526,-0.009751200557245486
2015-10-29,-0.0008569058930683455,-0.0004014342203589236,0.0013056441281577551,-0.0004104809526064044,0.005237955124908015
2015-10-30,0.0014013898653938788,-0.0006780366128306425,-0.00043610594431231064,-0.0019715488465891547,0.0015369717412689068
2015-11-02,-0.0010423985171945413,-0.00026282280909502125,0.0018886947291895271,-0.00019953924640360148,-0.000726051672317754
2015-11-03,-0.00029241102232395287,0.0005571565068843706,-0.00037339429504857296,0.0005938703618532122,-0.004805207596950157
2015-11-04,-0.00017488230005606288,0.0009485438722017885,0.00020145413323828623,-2.7615790710878632e-05,-0.008989627693429755
2015-11-05,-0.00021164702875957155,0.0003682020734553889,-0.000653820498922714,0.0003680530037867703,0.001848505858054163
2015-11-06,0.00101490239112918,7.44421491793763e-05,0.0005244200448637887,-4.653262170294786e-05,-0.013598477849241248
2015-11-09,-0.00012087345029380675,9.30146033598617e-05,0.0013918145009821751,0.0011430643730350695,0.002857264463018683
2015-11-10,-0.0005700588436395511,0.00032729092246890545,0.0008196111031801749,-0.0012814818300719323,-0.002186423650740924
2015-11-11,-0.0007456009889106088,-0.0003634381286598788,-0.0007444145988475343,0.0010250580987209367,0.0025116525915495013
2015-11-12,-0.0007155435880824749,-0.00018599633640837006,0.0006064649345926211,0.000938465538457944,0.0041721196445975595
2015-11-13,-0.0016484518068381117,-0.0006054424805027649,0.0014027788464825671,-0.0005034589600832754,-0.003494125181895519
2015-11-16,0.0014934291903537897,0.0008023960348031812,3.729568955502648e-05,-0.0012132412758274391,-0.0011876208303731916
2015-11-17,-0.0007041493463046018,0.0004600960649054096,-9.375893639963882e-06,-0.0013157401995885494,-0.004163117469757051
2015-11-18,-0.001972368702080065,-0.00101435127789646,-0.0005619714104458237,4.700639757926045e-05,0.0026742625359724285
2015-11-19,0.0028243735014413514,0.0017429807511767789,0.00133758011514734,0.00036295445320118943,0.005084788403119619
2015-11-20,-0.0007783013731842768,-0.000740820656826921,0.0007949237525635762,-0.0003189972255527834,-0.007693281554716672
2015-11-23,-0.0009323044131034603,-0.0005930947007155801,-0.0005928379702841069,-0.0011406648201058827,-0.00012221548485405662
2015-11-24,0.0003197081280112391,0.0004982584560239719,0.0003474716775112251,0.0013717036640683744,0.0006203240922253533
2015-11-25,0.002094992603323672,0.0013582857506347428,-0.0003959500023448866,0.0006408323500368648,-0.00189036862041715
2015-11-26,-0.0004898636016263636,9.41872348046216e-06,7.541335951220659e-05,-0.0005278139201500894,-0.0015450420423232091
2015-11-27,0.0008215647019328675,0.00016051894866238653,0.0007084260486986822,0.00012270459827279332,-0.0015474328916750297
2015-11-30,-0.001097663789844916,-0.0006148869038361815,-0.00039700920259419807,0.00017040613503311466,-0.0012669958768328463
2015-12-01,-0.00175156131455099,-0.001262495574656626,-0.00018880927487244603,0.000650130755709493,0.005340743789841896
2015-12-02,0.0009935608616317953,0.0010313522508724265,-0.0014909320141533917,-5.674832121089976e-05,-0.0014880114252261258
2015-12-03,0.0007921813956892948,0.0007095106977640329,-4.7343777379546725e-05,0.003786421213458339,0.028541778939359524
2015-12-04,-0.003354539101556076,-0.0026238306444917214,-0.002739752929649854,-0.0007622966621440545,-0.003146690546839718
2015-12-07,0.0017435830889208205,0.000977048653631636,-0.0009435708378147695,-0.0009406037155712085,-0.004393425229103719
2015-12-08,-0.001378448636728374,-0.0009928752826680281,-0.0005989486327216947,0.00015631968326527848,0.005422213003784908
2015-12-09,0.0016507749164620894,-0.00023718516061884228,0.00016466627671863357,0.0009199674561388912,0.011183807552019937
2015-12-10,-0.0006668889877036566,-0.0007678034800385238,-0.002163031276365053,0.00029238964783461435,-0.006183568185671379
2015-12-11,0.0013018642164642714,0.001301662761897897,0.0014426459528568436,0.0006730271011022319,0.0038111956559846423
2015-12-14,0.0013046198068834818,0.0013690745473283847,0.0005018179601026613,-0.001703593362043093,0.0009648820133610816
2015-12-15,-0.000978818269531215,-0.0008508030538335476,-0.0009978592213747595,-0.001584604936087868,-0.005217799751380683
2015-12-16,0.0014263381193161707,0.0014990039916382976,-0.00014648526933721084,-0.0008866504847299589,-0.005557811731055897
2015-12-17,-0.0025851497625969735,-0.003172322326957901,-0.0005343504544748669,-0.0010359340518536016,-0.002827423266098856
2015-12-18,-0.0008205071932031046,-0.0006270633354990425,0.00024943300312712337,0.0003688505735948004,0.0020822016201834702
2015-12-21,0.0013464808054095127,0.00025649246694014257,0.00019340845623635455,-0.0005310480082317905,0.00379238764020473
2015-12-22,-0.0008932396937098833,-0.0005196723446136232,-0.00011887942439781382,0.0009114607700293165,0.0034584381851907064
2015-12-23,-0.0012207380096135654,-0.0013312219368219664,0.000640749882330217,-0.0012222300324562332,-0.0037701017377444112
2015-12-24,0.0008403054822033085,0.00047489886460160653,0.0002007171081577095,0.00016432503528888658,0.005075340676775213
2015-12-28,0.0,0.0013313152806174926,0.0007285576702423758,0.0006830632463361934,0.0009572301228219606
2015-12-29,-0.0016114415814608607,-0.0013465671447946944,-0.0005467618168415163,0.00021073367464645532,-0.004456628380842125
2015-12-30,0.00028404275492536216,0.0008244325623148058,-0.0002013158744364195,-0.00034819260900652136,0.0008782844742284692
2015-12-31,-0.0024547560559781815,-0.0033637882571697208,-0.0015850550070814285,-0.0005985129434435937,-0.007407203309633221
2016-01-04,-0.00375741976313255,-0.0016557137455879187,-0.002225224699712799,0.0015102174154929936,-0.00254666718184496
2016-01-05,0.0005034777364079445,0.0007090610835963226,-0.0005381282545128065,0.001434453197773544,-0.006832293045288313
2016-01-06,-0.0003162878990431522,-0.0010970316171378953,-0.0006615081695239236,0.0010786885682069907,0.002452757793563651
2016-01-07,-0.00149240009274992,-0.0012999287330795822,-0.00015676655187193468,0.0009767605501884344,0.013731542536743661
2016-01-08,0.0001836378666439823,-0.0009728430727161523,-0.00020241238832907456,-0.0007347538905131839,-0.0003478674843067183
2016-01-11,0.0011032454920613353,0.002025317148001597,0.0006978431421693526,-0.0002389332560510028,-0.007424266097550566
2016-01-12,-0.00029513216601421787,0.0005262939334530622,-0.0003133034184915047,-0.0005536076908324682,-0.0012166236511783883
2016-01-13,-0.0022282592894460615,-0.0021902588290874294,-0.00024962902483074035,0.0008016401802220335,0.0038843221828857065
2016-01-14,-0.003147782585903156,-0.000986234278301034,0.00128323833592906,0.0012437296906080391,-0.002612432610502579
2016-01-15,0.0008681071697978897,-0.0004108144682726821,-0.00010085497521567438,0.0010498592783613153,0.005236383618753421
2016-01-18,-0.0007805648930924172,-0.0005971493188502839,-0.0006883418118197006,-0.0001286220901025548,-0.002310782842757345
2016-01-19,0.00035784248889702625,-0.00024768938043741187,-0.0003126523055988832,0.00028434758473220326,0.00163277323302689
2016-01-20,-0.0012926946228033354,-0.000751914207174149,0.0003843830699131102,0.0005319490554940127,-0.0033325866628765213
2016-01-21,0.001496508426946005,0.0006472073230898839,0.00016525435436923834,-0.00036930008821289655,-0.001500071603699518
2016-01-22,0.0010723861617524969,-0.0009510663277655004,0.00046135676613701625,-0.0010908856668913407,-0.005782018011222937
2016-01-25,-0.0005261579056608084,4.6149515207555195e-05,0.0004621542013509323,8.309597127802771e-05,0.005108721323367601
2016-01-26,0.000544333182243824,-0.00032285291562949957,0.00010148397253876407,0.0003412103779502489,0.0008658009198854345
2016-01-27,-0.0008554831931766955,-0.0006991656295337764,0.0002666482787103869,-3.681139681267547e-05,0.003703418633832551
2016-01-28,0.0006670718080567923,0.0004661727757262059,-0.0014583077962428794,0.0005844642273370241,0.0030498299525630883
2016-01-29,-0.0019307076172664843,0.00019404647011819458,0.0012650918878767468,0.001035101107189008,-0.009860716842597582
2016-02-01,-0.001486770769739413,-0.00035807575980208357,0.000653748256551926,-0.0001561473850782326,0.006482288545315407
2016-02-02,-0.0025201279816055512,-0.002044156305961888,-0.0006049163383553353,0.0007337834200690309,0.00209956023051369
2016-02-03,-0.0009126108077500587,0.0008052367966870262,0.0007689984175068087,-0.0012482815138520325,0.01585568051223721
2016-02-04,-0.00019664980308996418,0.000322164951240165,0.002202683507299195,0.0011436026512829528,0.009545926680954516
2016-02-05,0.0010959988160729828,0.0013291664133086598,-0.0009472998197164428,-0.0006736275094742761,-0.004053062116723301
2016-02-08,0.00423788292448779,0.002304572051427009,-0.0005368839385915224,-0.001807639107669939,0.0040658471586298974
2016-02-09,0.002451339507778887,0.00043339628576716954,0.001500321778894822,9.7221669903073e-05,0.008800281026539278
2016-02-10,0.004377312891629353,0.0008489533808960469,-0.002390719109509112,0.0002762886431747474,-0.0003455654681578748
2016-02-11,0.0013314700600740947,0.0003701353680160666,-0.0005035713918849521,0.00096883016940525,0.002823048198502952
2016-02-12,-0.000524969425914682,-0.0004267728921735121,-0.0008591332140559211,-0.00021362576407944878,-0.005565219425487873
2016-02-15,0.0010855572620861909,0.0014986653916657462,-0.00023203719838885421,-0.0006188923818155222,-0.004232262538510914
2016-02-16,0.0015523703680556564,0.001498423347106795,0.0002057677604965469,-0.0011573192756294804,-0.0029571238897437044
2016-02-17,0.0011862184392085436,0.0006469177292380049,3.594310207336234e-05,0.0006464356482967343,-0.002057216477160254
2016-02-18,0.0019843781880125094,0.0017124372160312684,-0.001095969278831376,-0.0007031017894236333,-0.0011337257598302735
2016-02-19,0.0012953020134179735,0.0007468159445884471,0.0016952824720975824,8.989289261972158e-06,0.0017809924293173158
2016-02-22,-5.442423694025812e-05,-0.00036268021070318124,-0.0013004490187392872,-0.0006442451439408679,-0.008750558155646472
2016-02-23,0.001561408126080058,0.0008527315138344445,0.0006632414578228867,-0.0008439469994049178,-0.00019049087742365852
2016-02-24,0.0008793201699722709,0.000779854406254889,0.00016388367937338543,-0.0013873211968990745,-0.0008077214979940165
2016-02-25,0.0009063554258573132,-0.00036260130571155535,0.00029959010850452,-0.001223773999322398,0.0007986495986560124
2016-02-26,-0.003765656583972105,-0.002487381485845389,-9.077705162370813e-05,0.0010982575419324926,-0.008545892518133667
2016-02-29,-0.0004141415595022878,0.000515217322698472,0.00013751186061461225,0.00031292279345654784,-0.0035763777356090593
2016-03-01,-0.0005349813345323687,-0.001077402735108638,0.0012787196149140491,0.0005073169040720212,-0.0008455261146331915
2016-03-02,-0.0008859767087780021,-0.0007940612028993573,-0.0009756816738364016,0.0011903500019103737,-0.0006438143461871792
2016-03-03,0.00131727014848947,0.0004391100773133949,0.0009013981478621198,0.0008589495758195684,0.006995311523043249
2016-03-04,0.0004265495383973051,0.000990751552399114,0.001312503606394715,-0.0010167584440763106,0.005221372970070982
2016-03-07,0.0013029436520727833,0.0003279345617759615,0.0005294724569801502,0.002428234176180037,0.001926958003229119
2016-03-08,0.0015486398161155873,-0.0004344284618962055,-0.000490383053471148,-0.0018931079335588305,-0.0011084561795655793
2016-03-09,0.0033823441317998868,0.0010626173171117963,-0.0003009287779011927,0.0003085691491639244,-0.001328130170029218
2016-03-10,0.0011401639659570553,0.0013020776710427346,0.0015488764633334027,0.0015510481648137438,0.017219088013615904
2016-03-11,-0.00034033406803804235,0.0014342189104102994,-0.001152530291453366,0.0012622364743374425,-0.0020331308699408517
2016-03-14,-0.001062182795289344,-0.0013235435077423039,0.001016173430427705,0.00037819439642518325,-0.0055416731769541774
2016-03-15,-0.0003153025353923828,0.0004237421907765125,-0.0014231544182392512,0.001143623971451759,0.0003511947410913843
2016-03-16,-0.0005330899918884721,0.0004428918196161648,0.0004238224337645716,0.0006234160690883277,0.009748045617726802
2016-03-17,-0.001530005649064711,0.00029174236703900265,-0.0007617698229219358,0.001671390871009854,0.008850047333290272
2016-03-18,2.6568304899470994e-05,-0.0009382939672731253,0.0011091738680021233,-0.00021256620631654555,-0.004082415442812549
2016-03-21,-0.0008701829709105339,-0.0003286099385228166,0.0010129282486757393,-0.000524251066062709,-0.0029937881314987163
2016-03-22,-0.0003473876926081089,-0.00035610633711426047,0.0009012506577474182,0.0,-0.002039481129255759
2016-03-23,0.00010737102066459628,0.00023257062201186498,0.0006345433065274327,-0.00025055031718310036,-0.0030804558429478384
2016-03-24,0.00015234135245845344,-0.00011655377400858172,-7.165633624204172e-05,0.0003225286272112579,-0.00039355289322113305
2016-03-25,-8.061229521015333e-05,-0.00015225266807435573,-0.00018809030181254338,-9.853496431583324e-05,-0.0014144907059349917
2016-03-28,7.144196682778482e-05,1.7856345699490372e-05,0.00014326647588980865,0.0014099340202225513,0.0029961966273880708
2016-03-29,-0.0005087764037502211,-0.00015174168239232033,-0.000169992708617017,-0.0017961748994865213,0.008235623172217519
2016-03-30,0.003785159476833276,0.001342898742294167,0.0003796322909609406,-0.00030827634135165876,0.0038631419015766806
2016-03-31,0.0005969101300829363,0.001438912290382979,0.0015244644196612828,1.7550787592073017e-05,0.0041119166875550174
2016-04-01,-0.0031337502098395718,-0.002998502996256669,0.0003424612459545357,-8.816515095988085e-06,0.0011767496725554587
2016-04-04,-0.001623198935001242,-0.00023678498718426264,-0.00020219513657715354,-0.0004918666437921742,-0.00029843672046441134
2016-04-05,-0.0015406492260658978,-0.002325152314488382,0.0011705944523281138,0.002165036401564127,-0.0006498467819780197
2016-04-06,0.00036854713871758066,-0.00011411767300109832,-0.0011628830234537604,-0.00241557680624883,0.0010623681270302576
2016-04-07,0.0015500465475253944,0.0011275646681314165,-0.0017291854756108565,0.0014597772475125647,-0.00221380909348037
2016-04-08,0.0004388544214799166,0.0006234715271093204,0.0002722629901634059,0.0009297349171186181,0.0018802943718577267
2016-04-11,0.0025566728165997447,0.0019863760430815884,0.0005270092348588037,0.0002972703608370104,-3.5072644217734915e-05
2016-04-12,-0.003349674538937229,-0.0024285738792341944,0.0014246946527709272,0.0015663364137259977,-0.0019396775334499952
2016-04-13,-0.00264727259912689,-0.0012050969966409225,-0.0010485922069676885,0.0003456941173355703,-0.009276283304003772
2016-04-14,-1.774701628331784e-05,0.0003724857256872463,0.0010481622590856174,-0.0009055157175292908,-0.0015174442411456971
2016-04-15,0.0023896988847178545,0.001620351253464986,0.00046177892266998727,-0.0014419868296569418,0.0020404730329490898
2016-04-18,0.0007253363844200927,0.00036265053711507096,0.00014157663301323157,0.0017051206329376995,0.0014595895395485483
2016-04-19,0.0003606313726804639,0.0012136244003390496,0.00012363122587277211,0.0004923596434899815,0.0037145408142262174
2016-04-20,-0.0019835766411738366,-0.00010579025328991755,0.0001232134057743455,0.00015883100414585996,-0.004882041963981686
2016-04-21,-0.005156471127418433,-0.0032520066481980608,-0.00041629945817985107,-0.0005844276760016169,-0.0013017779517737757
2016-04-22,0.0009326246062827493,0.00011553758317121905,-0.0005674111134298258,-0.0022308641626229706,-0.005972660916239137
2016-04-25,0.0010748725179087963,-7.993072674605615e-05,0.0006575790664735776,0.0007810004301986484,0.0040194981730539165
2016-04-26,-0.00015885483349243378,0.0006533120503583877,0.0012758494102166494,-0.0021558587604150925,0.002632361825465423
2016-04-27,0.0006363178622317884,7.068324191645669e-05,-0.00126296654912624,-0.0008927269864964891,0.0024047186487068384
2016-04-28,0.0008736746514990584,-0.00022059375103227792,-0.0001409356366899524,-0.0019690520920126087,0.0024958452303919733
2016-04-29,0.00016605706283208524,0.000323447781301816,0.0002284288497996365,0.0010481448796912083,0.00858630334891533
2016-05-02,0.0021317795373884765,0.0023740896346760346,0.0009498787222442089,0.000886178284073586,0.00570724174483629
2016-05-03,-0.0007715614966142147,0.0003636048867001238,0.0004225868414151402,-0.001145435737870931,-0.002614675806296252
2016-05-04,-0.0023597957668101016,-0.002583812166817464,-0.0003828317414266061,0.0018726189467906838,-0.0010443047185662608
2016-05-05,-0.002075243622621485,-0.0021554942760801574,-0.0008383328148107468,-0.0008418320866861933,-0.00711280326994548
2016-05-06,-0.0014446757465028518,0.00013137784725640044,0.0003501584502749639,0.000910826638085827,-8.769275964793264e-06
2016-05-09,5.265929437761436e-05,0.0,0.000122898652658633,0.00034221783815411157,-0.0013697429483759628
2016-05-10,0.0008779940158033527,-0.0006499723551412789,-0.0004214704111141021,-0.0002545389129131947,-0.0009493838509112583
2016-05-11,0.0013573929634439204,0.000577756395464682,-0.00018441192407079736,0.00044622351288355685,0.0047554377837870565
2016-05-12,0.0002455278861861514,-0.0003419328003857777,-9.643243819342323e-05,-0.0003858566064432798,-0.0043861258429002325
2016-05-13,-0.0019005278578855405,-0.0018145050274668726,0.0009340853692917113,-0.0003097304042850121,-0.005863516294528534
2016-05-16,0.00029993472233891646,0.00047633330117522295,0.0002209231947407791,-0.00037934426829033325,0.0011318820514092305
2016-05-17,0.0015530145716315287,0.0,-0.0010326704272118651,-0.0006350326549620782,-0.00024748974811666626
2016-05-18,0.0012320457503979692,0.00020404813832502485,-7.989524849450306e-05,-0.0009039428472908882,-0.008397815866817761
2016-05-19,0.00014280869015145665,-0.0001696193834383842,4.4567847870480634e-05,4.462353356648435e-05,-0.0018559502793343851
2016-05-20,-0.0018709412725726293,-0.0013183917532584466,0.0010785997078929647,8.917186098668085e-05,0.0023015791135464997
2016-05-23,0.00013403208748244253,-0.0001786639514498167,-0.0004104138099400609,0.0008038154872539683,0.00018719330437480636
2016-05-24,-0.0005827950116314893,-0.0004392708175182111,-0.0005814447724203443,0.0008964670834979832,-0.0070303775226873404
2016-05-25,5.382083046844472e-05,-0.00032289891750652037,-0.0008342266620034605,-0.00034988718738144343,0.0013544607326190963
2016-05-26,-0.0017674946354464549,-0.0014913446742679832,0.00019691206149979656,-0.0007865570659361201,0.003221796430960576
2016-05-27,-0.0008163302374398388,-1.7943173968634096e-05,0.0007335247982962981,-0.0010146132096693513,-0.007272694109860034
2016-05-30,-0.00021537992203947382,-0.00045776244723908063,0.000736886597745508,-0.0005566129349726099,0.0018877088826590573
2016-05-31,0.00022396316347501395,0.000707356084775136,0.0003504877657234418,-0.00307716013917253,-0.0005030407119902368
2016-06-01,-0.0008688448046402927,-0.0008241807930748118,0.0006991753601425505,0.0012269116058269006,0.00509057462957279
2016-06-02,-0.0016015822399979608,0.0007167303071608768,0.00037458528496224,-0.0007255821771376236,-0.003026127257817662
2016-06-03,0.0025611827228449596,0.002552046774429445,0.0002510490276067355,-0.0005823135658321166,0.018997946915321647
2016-06-06,0.00022021872212374158,4.402396665437834e-05,0.0004842210079249236,0.0010739721271371616,-0.0006513396702475953
2016-06-07,-0.00022879871972543875,0.0002464767047979398,5.278994880604877e-05,-0.0005634199740564905,-1.7609664184323175e-05
2016-06-08,0.0008155069528903508,0.00027187855089580426,0.0005013788021803764,-0.0014122128033949618,0.0033666069973040317
2016-06-09,-0.0012990400419927385,-0.0012545390331577969,-0.0012573254040249035,0.0015816007502747053,-0.0069831517619577815
2016-06-10,-0.0001062511068822641,0.00028330869327439033,-0.0011406088904319111,0.0005134424658887304,-0.006000487760451016
2016-06-13,0.0030354154840840837,0.0012339159750926001,-0.00037272372729260314,0.0012399147818742825,0.003452395475283286
2016-06-14,-0.002230291843640427,-0.0019007934617277784,-0.0019478533083958018,0.0013209334135413366,-0.007229043561235096
2016-06-15,0.0014080743793351562,0.0012649096207347766,0.0007040276911282194,0.0006498969741456385,0.005038287317911228
2016-06-16,-0.000878876529586955,0.00021527173654943977,-0.00030171534273909186,-0.0001704838605265573,-0.0028453821781264394
2016-06-17,0.0020128135190027496,-0.00015959993649887052,0.0010132433539532396,-0.003513975202405215,0.003919186343125138
2016-06-20,0.0002468112875803877,0.0003174295289017622,-0.0003967396866662049,-0.0009435002794131227,-0.0005568544058049738
2016-06-21,-0.0020759595457495676,0.0001244433384420102,-0.000705436297496581,0.0008167034045318054,-0.005514540585488974
2016-06-22,0.0015463123538842754,0.0023506757967622655,0.00025718225938922945,-0.003936751739182889,0.007404816828266374
2016-06-23,-0.001010078915943729,0.0002810345603181571,0.0011650589584285063,-0.002630989986192566,0.008042196532735293
2016-06-24,0.004813150159831747,-0.0016583901196981351,0.0006460702108203512,0.0013323852563918758,-0.027251625408180213
2016-06-27,0.00014529999934775537,0.0009624639819005275,-0.002451569191029047,-0.0035294903419965814,-0.0017044119373356291
2016-06-28,-0.00027125019379864494,-7.232619115334261e-05,-0.00023489447925302892,-0.001085737141147912,0.005194816877104151
2016-06-29,0.0011970713686862827,0.0013499408076176965,5.420054201853981e-05,-0.00104398234712133,0.004350437175764284
2016-06-30,-0.0006486077681961672,0.0004414832105366664,-2.6993346141825998e-05,0.0005585485091430205,-0.0021593422399133286
2016-07-01,-0.0015521614492762046,-0.00020620128007508803,-0.0004142203711567909,-0.00021551917755100944,0.002815218419631548
2016-07-04,0.00011672330753240122,-0.00036809761286857567,-0.0021234104899541823,-9.87649887896866e-05,0.0016517949066905389
2016-07-05,-0.0012021820151666613,-0.0009597575330953456,-0.0003049710301161273,-0.002903751293023675,-0.007355258115215871
2016-07-06,-0.003554361447849554,-0.0018889672788132523,-0.0014651487214310708,0.0034369889661445387,0.0024547641043842685
2016-07-07,-0.0010470070997620437,-0.0006131705617773176,0.002131407444964018,8.127254753257676e-05,-0.0029789868206556045
2016-07-08,-0.001066965759393968,-0.00047099743633659475,0.00039722664107468036,-0.0019197861532016466,-0.0008411380278771035
2016-07-11,-0.00027118889376500786,0.00028013862526687195,0.0012241068949617466,-0.0014204226561622783,0.0009408019220486132
2016-07-12,9.020711559837568e-05,5.409206470746456e-05,-0.00027887353266111504,-0.0016791857188431275,0.0003254560934217449
2016-07-13,-4.508911865067955e-05,-0.00031571778700536726,0.0013120333419351718,0.0012797406216642961,0.0027981640649878074
2016-07-14,9.900321768551862e-05,0.0007830254883350472,0.0004864251451594731,-0.001080565240706662,0.0016571504413745808
2016-07-15,0.0010287509705824481,0.0005234846142866244,0.0005385754809057191,-0.0015977256123731675,-0.007651174381585196
2016-07-18,0.0009493800357742246,0.0009763948303525803,0.0001899739017760049,9.940672268722078e-05,0.002323469432089194
2016-07-19,-0.00014512866588727252,-0.0011976266651309519,0.0007774292795356767,-0.0012344447928252622,-0.0051696077684873915
2016-07-20,0.000908653166023836,0.0009179106817672214,0.001599883986084811,-0.0002089171287851098,-0.000635595165450395
2016-07-21,-0.00046328469672737046,-0.0007446287189561571,-0.0005257528357658025,-0.0007271537705194804,0.0013705657316610978
2016-07-22,-0.0002904470181524606,-0.00017248970778522462,0.0009427890935935918,-0.00375617185219693,-0.0047277543078998755
2016-07-25,0.00017308524491498365,-0.0006193924686797574,0.0008019392778547667,-0.00045555181778556827,0.001939582186583297
2016-07-26,-0.00026371188265800617,-0.0011911528766252852,0.0,-0.0010555435208773878,-0.0008008737231852176
2016-07-27,0.0007182830616727999,0.000272675218238949,7.273057869478064e-05,-0.0010366747315977936,0.006334821747287077
2016-07-28,0.00010811200414143825,0.00029726382383071006,-0.00021611108193682476,-0.001559746248928099,0.001979330656558503
2016-07-29,0.0004388813075662488,0.0006091716350241195,0.00039674310503010253,0.0018876792078482793,0.008845399036006358
2016-08-01,-6.270238315897758e-05,3.5823675871356466e-05,-0.0001880263063295874,0.0009848689129856058,-0.0013696118441587082
2016-08-02,0.0006152008289717218,0.000419120833319256,-0.0005448398886114493,0.0004901065411482826,0.005208833716712411
2016-08-03,-0.0008592526820900239,-5.36735040875295e-05,-0.0010351783037241455,0.0005281698143935291,-0.006580323970461087
2016-08-04,0.000448679991015643,0.00061044582393717,0.00011673903003148955,-0.00070900665756671,-0.0018136115583406716
2016-08-05,-0.00034361464859879366,0.00046150296950184325,0.00043970836378661533,0.0011117991952564396,-0.0038626251717274705
2016-08-08,0.00012634922943788118,-0.00035205069893632816,-8.118896736619669e-05,-0.000812523743309737,-2.706372153420137e-05
2016-08-09,0.0025314986740301052,0.001711172570466568,0.0013533022635585869,-0.0001979645649896252,0.002684758858319725
2016-08-10,-0.0002953191929716443,-0.0006529254421189253,0.000376857372918947,-0.0010208651374636955,0.0061262664975545965
2016-08-11,0.0011019383581680527,0.0014689288419584454,-0.0006909207017165641,0.001118613394135237,-0.00385256806357855
2016-08-12,-0.001876894202613375,0.0009381492345246851,0.0011029956863920051,0.00016995925491411314,0.001892300875412691
2016-08-15,0.0005811536510255971,-0.0009293597916579427,-0.000671438380469944,0.0008041171227757172,0.0014675223880595675
2016-08-16,0.0017846128531701757,0.001375253640469532,-0.0005237066120043846,-0.0012426772414008038,0.008077451666433045
2016-08-17,-0.0006122367684128959,-0.00015975433367591957,-0.0007010289439339464,0.0006565871899709802,0.0010992519102719098
2016-08-18,0.0004684772365972509,0.0003887990576417464,0.0006094141422536779,0.001077548240634349,0.005724902993398826
2016-08-19,0.00020317752043163813,0.000406277881991653,-0.0019441848503626478,0.0003709133341707929,-0.002522692325857336
2016-08-22,-0.00048627597561369843,1.7682840572167373e-05,0.0006469079356620972,0.0018819003022744279,0.00022971444828181169
2016-08-23,0.0006001553523358164,-9.709723412927014e-05,-0.0005202294417287812,-0.0012006711074269926,-0.0011048797026215786
2016-08-24,-0.000541738282617391,0.00014202780218097486,-0.00013279330741256575,-0.0006575849099070734,-0.0039521890361072665
2016-08-25,-0.00032766415603047654,0.00015053106502585083,0.001436386936447034,-0.0006999668023082602,0.0018717045510732468
2016-08-26,0.003412399326040161,-0.0026320585562798478,0.0004872625245355561,-0.004688407013439162,-0.007891956418700512
2016-08-29,8.059857882206094e-05,0.00026861261745425195,0.0006259277347265983,-0.0002776446792903873,0.00017879332433382781
2016-08-30,-0.0016054607038711109,-0.0012646705694413381,0.00017908950941514703,0.0009779337668560932,-0.0038690657732120917
2016-08-31,0.0013470192505253959,1.7944783900545184e-05,0.001633737942041278,-0.0004936964046975143,0.0011838035551346923
2016-09-01,0.002717819525325333,0.003389104325226345,0.0011851853239173797,0.002469225417197898,0.0034626414172097444
2016-09-02,-0.004665596622351938,-0.00046405369576948556,-0.0009654408702258603,9.854202601424457e-05,-0.0038301879585660166
2016-09-05,0.000502440435491143,0.0003409661938138609,8.948786103139644e-05,-0.0004396215736584255,-0.0006188257754552673
2016-09-06,0.00489601435452465,0.004193478098634311,0.0002508555980830712,0.0021278213892723325,0.009029063996850729
2016-09-07,0.0003376397238550952,0.00016892868137989708,-5.3365115236776876e-05,-0.001244499916166087,-0.0008093745577812678
2016-09-08,-0.004771461778455074,-0.0021072770809106287,0.0004170234347747415,0.00043471125655173467,0.002221986124669332
2016-09-09,0.0007395428536810515,-8.919492665167767e-05,-0.00022177768209037725,-0.001943583223002695,-0.0029963967879289752
2016-09-12,0.001184923987237678,0.0013897676158263865,-0.000978377927569208,-0.00121166779493331,-5.3405490096989394e-05
2016-09-13,0.0011395708256720521,0.0011923194692829864,0.0007210543729228175,0.00017794069283675663,-0.0016926507382053666
2016-09-14,0.0008101744098643262,0.0005609099352440205,-0.0006150363198996329,0.000791733983169718,0.00296470616852608
2016-09-15,-0.0012719309713272355,-0.0001691452382972213,0.0006055964419271587,0.000427122270241414,-0.0005513218525342399
2016-09-16,-0.0005550482676382074,-0.0004744363919038303,-0.00016914072103182707,-0.0005374369760589972,-0.007885060655526454
2016-09-19,0.0003489792392771729,0.0001789036787367253,-0.0001523959788340166,0.0002862510083058497,0.0019797108564225487
2016-09-20,-0.0001342167781934404,-8.944823853980585e-06,-0.001295331182855445,-0.0004206625945312106,-0.002015578862165276
2016-09-21,-0.00031408021866911044,0.0001077150936815308,-0.001004601517839976,-0.0005206930721825754,0.003392792458491673
2016-09-22,-0.00013338372293729555,0.00037348273076547305,0.0011212559239749584,-0.0004447409457339168,0.0015270246085610894
2016-09-23,0.0015601670314270995,0.0015422815447055582,-0.0004196634717757932,-0.00041877726562395995,0.0014890574879277256
2016-09-26,-0.0009507351141969217,0.0006841373694766836,0.0006940304762196998,0.001731971282551221,0.0022065047432627857
2016-09-27,-0.00025871721015197465,0.00038340310847851744,-0.0007738320636982177,-0.000981950053014158,-0.003017372193050058
2016-09-28,-0.00022299825707780018,-0.00024074363148751877,0.0004465442018991221,-0.001776841708056413,-0.00017830079391083044
2016-09-29,0.0014084886039077604,0.0009628071920173234,-8.022713196771595e-05,0.0005076390884232136,0.0002139571380698291
2016-09-30,-0.0005529099254418726,-0.001177047708233543,3.5762820975098986e-05,0.0027081215606669386,0.001745605259702453
2016-10-03,-0.0012300782383193785,-0.0008734714805409991,-8.902777221512817e-06,0.0005439168387186697,-0.002565771539519002
2016-10-04,-0.001793352524608212,-0.0005106497456930914,-0.00010738447230839954,0.0015603984871780361,-0.0005978433204000702
2016-10-05,-0.0015980077408873725,-0.001803137232366214,0.000338653765412652,0.0005002099199453027,0.00023204134009801501
2016-10-06,-0.0005993246595743902,9.83763432515776e-05,0.0,-0.0006534046642101573,-0.005314735366140989
2016-10-07,-0.0002502167068451982,0.0004826211785622958,0.0015378876416151561,-0.0008762518443357365,0.004672027401218121
2016-10-10,-0.00013447547859928968,-0.00019725280700891122,0.00046505389202870166,2.6896542451110507e-05,-0.004282700163097764
2016-10-11,-0.0013893652656269872,-0.0006409301831210677,0.00020698064804838194,-0.0017168161802483233,-0.0075708093715086845
2016-10-12,0.001768331020722569,0.0019940909024223174,-0.003334121631016771,-0.002213172904927846,-0.004106744721905366
2016-10-13,1.8129079043328366e-05,-0.00036270651999892046,-0.001799853225202359,-0.0003173063438028797,0.00419721134882842
2016-10-14,0.0007991863255938612,0.0009345413488823884,0.00012711210396725288,-0.0010626945299473038,-0.007764613479508067
2016-10-17,9.093017017783901e-06,-0.00030916960927172897,0.0007924183290218386,-0.0005093363276001591,0.0027496056801020042
2016-10-18,-0.0009651455751566522,-0.0011750508035707273,0.0005899678411746018,-0.0003462225334341347,-0.0019111764099054725
2016-10-19,0.000665612045709801,6.383919820139012e-05,0.00027291583445141057,-0.00022789945174853641,-0.0003917870550827104
2016-10-20,-0.0003108031544115969,-0.0007583129272006888,0.00019132391652871533,-0.001317414764438654,-0.004530350081546387
2016-10-21,-0.00027577078107590436,0.0003769993654052555,0.00022971501656190627,-0.0006345615530693326,-0.003797159447810845
2016-10-24,-0.0013964301435953745,-0.00041332752201575333,0.00034903693716232213,0.0008362549134861654,-0.0005424015651177951
2016-10-25,-0.000571096982260096,0.00018416545476452372,0.0011394441848481456,0.0007184239194155193,0.0011763626023419303
2016-10-26,-0.001958738979080049,-0.0010430582679352089,-0.00013739723853171303,0.0002107027861786612,0.0017711220050506877
2016-10-27,-0.0004580096811710001,0.0002290436521405031,0.0006413428105413973,7.329564718774691e-05,-0.0008346977915682329
2016-10-28,0.00011901764679561352,-0.00028375156368165414,-0.00011910051639573128,0.00022884028421137157,0.008015433926884561
2016-10-31,2.741340789955413e-05,-0.0004844983480138595,-0.00030133271468541655,0.0021085788602497554,-0.000519364564588077
2016-11-01,0.000335058434608318,0.0005524186568191358,0.0006730638300384454,0.00011769658738753063,0.0075994899941930665
2016-11-02,0.00018007635285995958,-0.00017101017552206724,0.000252630060711611,0.0008909007235019127,0.0037827025040449674
2016-11-03,0.0006589250733734892,0.0002797164956226524,0.00016218407928492764,0.0011993923314998739,0.0007116059624802161
2016-11-04,0.00042291478897480615,0.0010258072382093592,-5.40584371837496e-05,0.0006025694823501774,0.0028952428579132002
2016-11-07,0.00022655290786947584,0.00043499538503320766,0.00032539137638430796,3.62437026607669e-05,-0.004091536780518097
2016-11-08,-0.00040722692604177284,-0.00036207287112023683,-0.00027154482014081564,-0.0014401980723337759,-0.0028640849074778704
2016-11-09,-0.0006846407957313041,0.0005938052584646907,0.004696158690758014,-0.0001187187508528959,-0.0089531336637114
2016-11-10,-0.0019469910454082502,-0.0001929517488793627,0.00017439272367630645,0.00047791482997012764,-0.0029257352399638154
2016-11-11,-0.00278125869993934,-0.0005707552535542495,0.0010210136516212638,-0.0008580404912587356,-0.0028606269651242047
2016-11-14,-0.0002613134749963959,0.00028918315289903267,0.0004368699730678469,0.000970248888959444,-0.007140304263457806
2016-11-15,-0.0007356741760962757,-0.0019378406600823286,-0.0002500914699424655,-0.0008947128661947579,-0.0019842108095985992
2016-11-16,-0.0018614402067280112,-0.0019010433366226467,-0.0009527724528853641,0.0019268549596472002,-0.0016798727247490201
2016-11-17,3.748125937468492e-05,0.0005995934186884324,0.0005221542711503684,-0.0016223493859448732,-0.00787693610547607
2016-11-18,-0.002456307328527722,-0.0008788301730316247,0.0017440905691409464,0.0022298238608526224,-0.0033287942888338418
2016-11-21,9.411277533873967e-06,-0.0001882335230637617,0.0007146148436242582,-0.0025253966419185735,0.005155549381385611
2016-11-22,0.0011596499722729163,0.00021705997074684765,-0.001184088249538884,0.0006216972534715411,-0.0004137243714455927
2016-11-23,0.0018022466556775216,0.0009492079572883505,0.0019492173992596297,0.00021794647131429245,-0.00860466142026212
2016-11-24,0.0007092366547092387,0.0005296910889820462,0.00018926847790014373,-0.0019113589710560662,0.0017060321838930817
2016-11-25,0.0004715602128296711,0.00017920724422495224,-0.00041540786095860927,-0.0013398124380051633,0.002893591677697972
2016-11-28,0.0008494413074943033,0.00045335197890137164,-0.00047005735565132736,-0.0023707996728686244,0.0009327523936189233
2016-11-29,-9.422184533629158e-06,-0.0010454980960714956,-0.00016045834488615082,0.0009700189584667018,0.0026615645575979135
2016-11-30,-0.002097129968752406,-0.002917284370321033,0.00039469233305676563,0.0006333810944245836,-0.0053491171562219855
2016-12-01,0.001989449974714967,0.0012925322691779823,-0.001072517319533011,0.0016564241973547923,0.0067475940769803405
2016-12-02,0.0008246882115276574,0.001172184664194145,0.0005729878655162772,-0.0008246882115276662,-0.00015945896544925298
2016-12-05,-0.0007456218365255432,-0.0011276322318402078,0.0006767171956433147,-0.00016784155796370284,0.017746062133552294
2016-12-06,-0.0015180798743039583,-0.0006522184976746211,0.0003621657551507227,-0.0012590525195842223,-0.0035390354892032624
2016-12-07,0.00019508479283015306,0.0002043868865058132,9.329663672395741e-05,-0.0009665068965450069,0.0037621335789215934
2016-12-08,-0.0011120431638596702,-0.0009516048449095662,-0.001213316995890966,0.0016299461392530437,-0.012890851011384945
2016-12-09,-0.0004932322939494729,-0.0006733272577319835,-0.0010828575311531315,-7.590348875035346e-05,-0.005864067153677853
2016-12-12,-0.0009809933343426988,-0.0012538359117805712,4.719184903277165e-05,0.0007169743988796861,0.009033604478734778
2016-12-13,0.0026855737066837086,0.0003572536632993983,-0.0012246937441582173,-0.0027419917266142007,-0.0013352643362045471
2016-12-14,0.00013134070736479751,-9.384120198693907e-05,0.000827736751739318,-0.0005066949523361616,-0.010927519508553613
2016-12-15,-0.0012770351479863735,-0.002151137378667079,-0.0025271924912826983,-0.003079264564908381,-0.009135974555639475
2016-12-16,0.0014672954053540617,0.0007011376966239693,-0.0014249307876915433,0.0018478364992271885,0.003076940251400596
2016-12-19,-0.0014938381963840314,0.0006994380827352868,-0.0009191177117630576,0.0007088937722624734,-0.004220832205209388
2016-12-20,-0.0005011227180915692,-4.816514867089007e-05,0.0003177644814195643,0.0015699875603171713,-0.0011542347263267818
2016-12-21,-0.0008912101402023715,-0.0015712126476748875,0.0001346322138455425,-0.00023970813252709657,0.0034203505573847824
2016-12-22,-0.0023970864448899674,-0.002569725479226575,0.002200326153201757,-0.0006408325303117016,0.0011119739640210325
2016-12-23,0.0003061937273347654,0.0007653232429116616,-0.0006314883240996006,-0.000382756810567312,0.0013690959883278697
2016-12-27,0.0004684982803843428,3.824420839743105e-05,0.00015308660904783425,-0.0004398084036055079,0.0007363242454248619
2016-12-28,-0.000279032624572688,-0.00011541013890885407,-0.0002874361671972692,-0.0003079884528677779,-0.004512517657137762
2016-12-29,0.0015477217191026897,0.0013364391618379344,0.0005156657454387468,0.001259337869288771,0.014404924166675583
2016-12-30,-0.0007859737245474108,-0.002451758873327572,-0.0025353112239894994,-0.00020843399823455174,-0.004059263147076984
2017-01-02,0.00038205488683108784,0.0007926238650954088,-0.0003242975171971437,-0.00025787103725870584,-0.006215581794535201
2017-01-03,0.0034101451049829853,0.0012146921381712766,0.000990189514718224,0.0017775220264732812,-0.0038228507118408432
2017-01-04,0.0013273049545404084,0.0009453917633804981,-0.0006228052306156673,-0.00028631964921017433,0.007602563143313055
2017-01-05,0.0034097972520492742,0.0009435298147731432,-0.0010762674563211112,-0.000631965196921921,0.010132548006342699
2017-01-06,0.0015056322000388176,0.00023652180604780634,-0.0002641733747471117,-0.0006720462166377801,-0.0069176922361489125
2017-01-09,0.0019232870441105144,0.0013446207733910105,-0.0003992357540123322,0.0006434275987471667,0.005323192080455845
2017-01-10,0.0010106115059234598,0.00022677451151685967,-0.0010858430749115973,-0.0017101369915033726,-0.003179141471622316
2017-01-11,9.5605950587403e-05,-0.0003726512266563429,-0.001301570143132882,0.001404353726643639,0.003962910875805073
2017-01-12,0.00015005861692874708,0.001342716902591224,-0.0014954082476005494,0.0004125451279738688,0.0020839136069888487
2017-01-13,0.000451977408824306,0.0003577581781195123,-0.00023486859210304251,6.589630747718267e-05,0.0024837019908464466
2017-01-16,-0.0013112405363427692,0.00018865788834582077,0.00010388580126542238,0.0005945163124477392,-0.0023835218617665166
2017-01-17,0.00015890300874226416,-0.00035520990474328766,-0.0008341182963383327,-0.00029913251793485204,0.008930097985469886
2017-01-18,-0.00047694085434843686,-0.001066098181997501,-0.001281757586520765,-0.0008796639128336991,-0.006480709578709363
2017-01-19,0.002676065897939939,0.0018553492577328488,-0.00038469658704361914,0.00020700232481069678,0.002921986961715344
2017-01-20,-0.00038420991453049045,0.0007025004620992755,-0.0012312899551236512,0.0007120772342484367,0.0037269799389212915
2017-01-23,-0.0008289750524790981,-0.0005400523423342461,0.00105268560974272,0.0005868736107930395,0.004340705053155836
2017-01-24,-0.00013948233478855603,-6.508570394808978e-05,-0.0004935765306783404,-0.00038135101031843636,-0.002866851686602706
2017-01-25,-0.0007821302273030105,0.0,8.372054088373233e-05,0.0006890515571438576,0.002262518131882426
2017-01-26,-0.0015647475938409174,-0.0010869158897724213,-0.0005130573197554456,0.000431252702012913,-0.006465931883335563
2017-01-27,-0.0016909965491564295,-0.00012144822350210004,-0.0015627415720683995,-0.0005237609899098734,0.0012348336882507837
2017-01-30,0.001301638468797838,0.0006547012458062915,0.00010284170333620931,-0.0006178329239359803,-0.0008775124021609077
2017-01-31,0.00028732303184441125,0.0010927141139871184,-0.00028010681589649584,0.00021312181845780864,0.008685114245311926
2017-02-01,0.0013209058496279897,0.0001766792671478641,0.0003151737653201466,0.00010225091453755261,-0.0032922069418452474
2017-02-02,-0.0012769857472954697,0.00023126841577847352,-0.00016644781899320684,4.629608197086822e-05,-0.00034375595524069384
2017-02-03,-0.00034308021459149773,-0.0008156304904768023,8.378445058593745e-05,0.0009547690508802907,0.00194020697604761
2017-02-06,0.000950357853281909,0.0006053579014104025,-0.0008564593379539472,-0.0006987046300934873,-0.003660829539530421
2017-02-07,0.00020596936746609663,-2.8081868007655493e-05,0.0006846906263219074,0.0005521630425028201,-0.006022061679307687
2017-02-08,0.0014297932039506035,0.001290371020404209,-0.00029123158283524635,-0.00028019053139339986,0.001188610074658478
2017-02-09,0.0001219003325638107,-0.0005530532899998775,-0.0006544502851387309,-0.0005345963690357001,-0.0031852829509817267
2017-02-10,-0.000649139912440987,-0.00023531072890192338,0.00020670086700045793,0.0023217896662425107,-0.001737440389733711
2017-02-13,0.0007357657955587654,0.0009053529608560183,0.00015041269511490964,-0.000150882189586911,-0.0018664108127138574
2017-02-14,-0.0005769603807196763,0.0003217472797527805,-5.6520592350767755e-05,0.00038782971923871824,-0.0019455259054915535
2017-02-15,0.000850750129298212,0.0008040828922360763,-0.0009381886068055563,0.0011048942267177385,0.00234172242414462
2017-02-16,0.0012653187244804694,0.0007218017233539386,-0.0008933231743786536,-0.0015279557897075698,0.006402233028271923
2017-02-17,-0.0005928658649991814,-0.0005082161722125565,0.0006857003570364183,-0.0008098767734944687,-0.005478384473715577
2017-02-20,0.00017884793737151848,-0.00023535724985444326,7.531396512759418e-05,-0.0005460571047787219,-0.0015635452327701941
2017-02-21,-0.0002658539148405629,-0.000578898685174401,-0.0006642374798235372,0.001726788413669617,-0.006402064467870598
2017-02-22,0.003565472921627174,0.0002087464781612044,-0.0007712486516485091,0.001754294915348653,0.0008913670746458315
2017-02-23,0.00041583185871180763,0.0006140214344692453,0.00015170478278419476,0.000283422613353212,0.003179683007548933
2017-02-24,-0.0013232015843137694,-0.0009829868466377744,-0.00015108735710849357,0.0015026440852791033,-0.0021565390244741803
2017-02-27,0.0020635952501166766,0.0021585352968878715,0.0002361754700240427,0.00021647772011159177,0.003009143246048774
2017-02-28,-0.0004048792714752986,0.00032004819822487415,0.0012463178590375195,0.0,-0.0013993553903639772
2017-03-01,0.0012984737651365284,0.0003222260159044871,-5.6932478096378306e-05,0.0004261383877856176,-0.003146236117877796
2017-03-02,0.0010649830799475686,0.0004752400051424732,0.000788347692645707,-0.0006845017665016652,-0.0027563413261246414
2017-03-03,0.0004928256065779234,-0.000710156690404975,0.0018240725566064661,-7.580351731936973e-05,0.010772946779434057
2017-03-06,-0.0008116883562524857,-0.0007263568806783944,-0.0011607881449678253,-0.00033052700470428514,-0.003943512945680388
2017-03-07,0.00025541696958904746,0.0003782219829879882,0.0006434763082095998,0.0007753111087664817,-0.0009078873330249751
2017-03-08,-0.0004168048182352044,-0.0006442078361408661,0.00047364632767555914,-0.0007203450384944051,-0.002339714144641198
2017-03-09,-0.0007186829499211658,-0.0009450188762042622,0.00017996599638440765,0.00111562836568797,0.0033137693645243623
2017-03-10,0.0024703082599809687,0.0003943365807663175,-0.00019789197989542287,0.0006470944280268313,0.00880839099062543
2017-03-13,0.000740820656827024,1.8748183770354285e-05,-0.00023420849347059874,9.373960076207316e-06,-0.0025502803189946673
2017-03-14,-5.639786817568619e-05,0.00015037311357063836,-0.0006764946561234027,0.0005732301676026934,-0.004063860799211451
2017-03-15,0.000178805859661965,0.00017881259076498617,-0.0005174839107422042,0.00025403755187970343,0.011359817734653074
2017-03-16,-0.00029805149060110696,-0.0004003854927714961,9.337068167383634e-05,0.00013040845810477323,0.003841668639608416
2017-03-17,-0.0017124088650884493,-0.0004186572328365552,0.00034354848781949405,0.000707654805735385,-0.0031429314621204446
2017-03-20,-0.0003347560496573049,5.579682517519213e-05,-0.00026018436067092347,0.00012089705630410608,-0.0007450454822363266
2017-03-21,-0.0006847097190943596,-0.0007122672135582436,0.00017601964054085836,0.00036091895910381633,0.007286869059916642
2017-03-22,0.00044381981644257384,-8.322737260629153e-05,-0.00027819249245151644,-0.001785723021355875,-0.0017217762612466133
2017-03-23,-6.489984565384113e-05,0.000250274608166729,0.00010209527354153928,0.00019468690235839508,-0.0010660240633178616
2017-03-24,-8.334761051871435e-05,0.00011112757457004902,0.00035186814567403536,0.000805402721732374,0.001482854766618366
2017-03-27,-0.0009182737100723373,-0.0008725803671976243,-0.00015645635589839828,-7.349833713323873e-05,0.0027839764289058558
2017-03-28,-0.00029455894613605887,1.8410611877317787e-05,-0.00039608156113379156,0.00038659082604421477,-0.004678187640744219
2017-03-29,-0.000353448921009841,-0.00013017443392508517,0.0009177076493990528,-2.7909183518643732e-05,-0.0041799377797360525
2017-03-30,-0.0003352205037352189,-0.000549401957212217,0.0004843697698933954,-0.0002142275011103097,-0.008028726321045274
2017-03-31,-0.0011322539142464767,-0.0008141379711632429,0.00023380327898692065,0.0013753809025397307,-0.002700018515387994
2017-04-03,0.0009559871763537902,0.000656266430214022,0.0006467062726272531,-0.0026358633169058345,0.0007877486738987637
2017-04-04,-0.0004974120598279735,0.0003286770777328768,0.0005444424762058195,0.0008351358050171195,0.0010212734948996545
2017-04-05,-8.442182778267847e-05,8.441470133951748e-05,0.00023414707352904774,0.00036577645839127915,-0.0011900245499943095
2017-04-06,-0.00020640609534197302,0.0001219803988394814,0.0007981783178412941,0.0,-0.002215152164956816
2017-04-07,0.0010447403923538258,-9.412030464273011e-05,-0.000441976488403629,-0.0013743895074055563,-0.005653938413227631
2017-04-10,0.0009913283194051196,0.00017933918278826758,-0.0005290805459575739,1.8872909825996e-05,0.0009633366189546353
2017-04-11,0.0003015681566885029,0.0002544085721142223,0.0011323960821289641,0.0014312081084125214,0.0011227210651692944
2017-04-12,0.00012257155129648,0.00021678173463163532,-0.0001318453644138066,0.0011683895458016117,0.005904159452191429
2017-04-13,-0.0010447895605498417,-0.00016960491518015674,-3.757844500844552e-05,0.00041428141598846987,-0.004971090577739957
2017-04-14,-0.0006494270681672343,-0.00013179571683005433,0.00048012427668053283,0.0002541738657054746,-0.00044286354402169606
2017-04-17,0.0013236020800740263,0.000966632487483911,-0.0011757237933476205,0.0002063615649530953,0.0035007517189714924
2017-04-18,-5.6118822267862246e-05,0.00024331355750890804,-9.389627278929638e-06,0.0007012590223845185,0.007888092327546127
2017-04-19,-0.0008866283041916275,-0.00044810396761698685,-0.001156371361325579,0.00033607797325239307,-0.001753764512265271
2017-04-20,-0.00034379747879785983,0.0002135869144346452,0.00157104841673102,0.0005295847529039251,0.0004573946321874209
2017-04-21,-0.0006916987086772875,-0.0008037533844540553,-0.00034508648489494975,-0.0006828205429483173,0.0007929437751932019
2017-04-24,-0.0003496664401857526,-3.6801575111660384e-05,-0.0006449770335356309,-0.00037740886254178184,-0.0030237187177890824
2017-04-25,0.002256819577546389,0.0017518681132469625,0.0004408685181075333,0.001309553977300439,0.005827869963282444
2017-04-26,0.0013413202069816963,-0.00017449522708002518,-0.001173375513910631,-0.001690726220319751,-0.002106961076989109
2017-04-27,-0.0020894032554428328,-1.841925917798751e-05,0.00048588861272137897,0.0011234818063420597,-0.0028652525319029154
2017-04-28,-0.0012197416210586675,0.0007053769249476585,0.0008172823522485178,-0.00048647731726365363,0.001755023169286315
2017-05-01,0.0007422510707092329,0.00035743253841465696,0.00046817124906731026,4.5799918484266264e-05,0.000128483980977481
2017-05-02,-0.0011650575819589955,-0.00048598217493646075,0.0005316613625766668,0.000623979172000999,0.00286823287268708
2017-05-03,-0.000678146303973926,-0.0003940814516540344,-0.0004397134604843223,4.583518584676947e-05,-0.00409868581619183
2017-05-04,0.0009971321843258555,0.0011064628612085234,0.0007143184515465285,0.0008225714044463874,0.00869996293504174
2017-05-05,0.0011020388832624027,0.0007104666607244967,-0.0007657247411516539,8.19213282635751e-05,0.001801867877354937
2017-05-08,-4.569402368667097e-05,0.0002741453535824286,0.00016428304179621255,-0.0012985827156355744,-0.008206708045707363
2017-05-09,0.00046828301677071714,0.0004773094524454055,-0.0011448407861182103,-0.0004407308858413368,-0.004137943266431303
2017-05-10,-0.0003402251955780318,0.0004048843834355332,-0.0012861383636502233,-0.0004967527193571114,-0.000864614334715109
2017-05-11,0.0009020785235884263,0.00047849092240297023,-0.00038585918456094547,-0.00016562689818686689,-0.0005338586137855226
2017-05-12,-0.00010071922692779987,2.747365963073706e-05,0.0001564693162260885,0.00015565271164705326,0.006222886822048656
2017-05-15,-0.0002458870844261085,-0.00023666269305188775,3.6557390537577804e-05,0.0,0.004062392901205552
2017-05-16,2.7099658997582204e-05,0.0005330659095061477,0.001259474539810431,0.0011555685237940024,0.009430268282359712
2017-05-17,0.0027337163170495318,0.0019609084027034894,-0.00010817632751905146,0.0009065898930286844,0.007579233498541135
2017-05-18,0.0007194503709730462,0.00019795387739324457,0.000844033452280062,0.00027864793014556217,-0.0057398374557893
2017-05-19,-0.000241337547483568,-0.00016974364283808594,0.0014442897010211106,0.0009203455072435402,0.009458942363931546
2017-05-22,0.0010576321581704932,0.0009332048261805433,-0.00039396164755731893,-0.0006842224789648603,0.0032715745649967353
2017-05-23,-0.0017548005411576336,-0.0012289061611596057,-0.000559907940879496,0.0011761457637951584,-0.004629699846349411
2017-05-24,0.0008043614697692676,0.0003664133093710187,0.0013773490894829037,-0.0008937749176114443,0.0026074004181755356
2017-05-25,0.0005528359733840883,0.0006866570328878099,0.00035569783843976676,-0.0004101393639702879,-0.00046383431243072554
2017-05-26,0.0010022192835457972,0.0005460298840857858,0.00044562883421200833,0.000232514466130073,-0.002447609890391596
2017-05-29,0.00015211915433191098,0.0001789837308567604,0.0004024522812996846,0.0002147170663584248,-0.0021766693026351765
2017-05-30,0.0011178331300321616,0.0013049231410898567,0.00040385729129880016,-0.0009657343908164696,0.002454010940102357
2017-05-31,0.0011758524056772965,0.0005519992305334384,-0.000608305173249469,0.001156686666911316,0.005717537863668482
2017-06-01,0.0005347593710326691,0.000579180698287266,-0.0005342641528990822,0.00014255421539132427,-0.002627256386107172
2017-06-02,-0.00010649154733421324,0.0004523863456477932,0.00034764780953173323,0.000629910103381992,0.005974785051434245
2017-06-05,-0.0006488456552770427,-0.00033770873831269856,0.0003550411441217041,0.00029336593165170367,-0.002165905600165576
2017-06-06,-0.0006834572550523318,-0.00017743395067756386,0.00038216617583514015,4.439452527458292e-05,0.002165905600165511
2017-06-07,0.0031028452802033145,0.002631978258392542,0.0003464280197200244,-0.00026634232248146024,-0.001677279473821923
2017-06-08,-0.0015963830606332311,-0.0005439556409009658,-0.0014750969040751298,0.0015429142730253454,-0.004816711963541864
2017-06-09,0.0011182431330995816,0.000751368599519513,-0.0013148657735001926,-7.153011868096734e-05,-0.0009464793463320513
2017-06-12,-0.001338115063443455,-0.0002676086507086068,-0.00010694615271395654,-8.03438718144766e-05,4.46231353179471e-05
2017-06-13,0.0007585459484786561,8.029298020642166e-05,-0.0010342368967539207,-0.0004104357814852283,0.00020524077938598775
2017-06-14,0.00195000948159174,0.0006918880836618295,0.00037469556424141095,-0.001488754860867551,0.00085620261556202
2017-06-15,-0.0009421477176865541,-0.001705152665297782,-0.00030382642808737353,0.0010407975601511414,-0.006322823845774529
2017-06-16,0.0019862223582711954,0.00017895490384194754,0.0005909001550698663,0.0009469866878837968,0.004332808955533751
2017-06-19,6.262833218322512e-05,-0.00042051957154077207,-0.0001161486883206342,-0.0009846132608306113,-0.004340381697094058
2017-06-20,-0.0011214937676493448,-0.0009423252796220169,-0.00044819735776022136,-0.0014733100029236956,-0.0014180580369474842
2017-06-21,0.0006912928798311204,3.591083340455562e-05,-0.00015269849711471855,-9.872687218834951e-05,0.002968438997314785
2017-06-22,-0.00043031575081731995,0.00037642841582754286,0.00021496515855821572,0.0003406819050171822,-0.0014337947828718725
2017-06-23,0.0008403587216884528,-6.257458669288309e-05,-0.0006532409483259437,0.0009289364346588147,0.003705730213920283
2017-06-26,-8.92140245037669e-05,-0.0004371662773541332,-0.0016172052684090487,-0.0007675693420531135,-0.0009564032817693992
2017-06-27,-0.0010544738577033677,-0.0003279109883994987,0.005214217627737664,0.00046091527952363314,0.013483589871833342
2017-06-28,0.003628361532351198,0.002850032276702926,-0.001213282958024215,-0.0012226607144728515,0.0036196345030489224
2017-06-29,0.0009111298639850948,0.00014019101048112146,-0.0003937472980743139,0.0004377478817243098,0.0057153531746562515
2017-06-30,0.00041155687289818693,0.0007880842081775224,-0.001104710914841322,-0.0013842045225600918,-0.001294487240266578
2017-07-03,0.0006949851385773475,7.919293603133951e-05,-0.0005619950973345921,-0.000351830843361506,-0.0050034338330710686
2017-07-04,0.00046722999584940256,-1.763248609270653e-05,-0.001215248879272366,0.0003524819169215058,-0.0015059249091055687
2017-07-05,0.0009447498660891456,0.0005738881075726373,-0.0018321315098601488,-0.00029127627760684054,0.0003172253383904125
2017-07-06,0.0008340027786031012,2.632837628670058e-05,-0.0005022491173036199,0.0008683792117151949,0.006235912599044173
2017-07-07,-0.0007020993056789253,0.0004913315182719556,-0.0005342558862379388,9.656788949602565e-05,-0.0020158293196581734
2017-07-10,0.000245846943955979,0.0001668166557129898,-0.0013761369543252755,-0.00011413570747986403,-0.00012282964421171894
2017-07-11,0.0,4.3837538090914424e-05,0.0006142614138633424,0.0013585470021223274,0.005843979328575703
2017-07-12,-0.0012349519193865027,2.6277410625532437e-05,0.0012135552980321732,0.0010336099305855262,-0.004546257174617246
2017-07-13,-0.0007101432420583937,-0.0010608964253828227,-0.001296732940855738,7.016005264894544e-05,-0.0010783940865439939
2017-07-14,-0.0005935598927790097,0.0009169225231657432,-0.0002277824512231392,-0.00042793078654331657,0.005982228634684439
2017-07-17,0.0008021763823015646,0.0004709740528030082,0.0008475724548308528,-0.00021791904829474536,0.0008367326081735126
2017-07-18,0.0005182063268040881,0.0004317975800066656,-0.0003036520691191333,-8.634571962612993e-06,0.006547606256981407
2017-07-19,-0.0017356444898308488,-0.0005550111578302894,0.0002777416152905728,0.0005644149554812185,-0.003103465713143731
2017-07-20,0.000622132378725605,-3.457904337424161e-05,8.69357327604035e-06,0.004868621717786692,0.009926604506658106
2017-07-21,0.0005581147886440966,0.0005754555490567208,0.00012025631789657325,0.0005921196769601281,0.0023355468666907213
2017-07-24,-0.00010308658423147062,-0.0001718626477952159,0.0006525397765634003,0.0002576965379846261,-0.002446132684261553
2017-07-25,0.00018826751157416253,-0.0005645320094160261,-0.001115248129593967,-0.002064320128685644,0.0009190742906754493
2017-07-26,-0.0012720789028976046,-0.0007136378204170974,-0.0006795202332717093,0.000593265168231932,0.008489298364433058
2017-07-27,0.0005470927287644679,0.00029060326022049224,0.0004008785263826987,-0.0027727399409364717,-0.00619101848923757
2017-07-28,0.0008949461711913947,0.00027280012445179193,0.00032470307044247333,0.0006642990611955525,0.006208044257738632
2017-07-31,0.0008255916854378076,0.00028944792267809015,0.00018763006229794387,0.0033125269173742587,0.006952538964416694
2017-08-01,0.0020473953632027778,0.001268681502790093,6.766472133164618e-05,-0.0018780301436393076,-0.0025210666122559796
2017-08-02,0.001824494335774757,0.0002873077592858201,0.0018743040170105618,0.0006664614099800376,0.0041673242814103855
2017-08-03,0.0007926937665785676,0.0011893967955655682,-2.5344794814155013e-05,0.0012720558050084698,0.0012560856464027374
2017-08-04,-0.0067189122964899425,-0.0051682328731905225,0.00021879076117050945,-0.00092707183791373,-0.008299083641826542
2017-08-07,-0.00013576004433071473,2.544734308668696e-05,-0.0004998242247709068,0.0009160228289149965,0.0016206427570001221
2017-08-08,-0.0025512920742135903,-0.0013219108618419035,-6.775469415592902e-05,-0.0041161070810612045,-0.003924605144429385
2017-08-09,0.0016053286685529275,0.0010242754147581923,-0.0014661884291540242,0.0018327279097117382,0.0008933091741357581
2017-08-10,-0.00179840067562575,-0.0007494209371051516,0.0007419821497133802,0.0021559905238846076,0.0010199485810217165
2017-08-11,5.0828935229671655e-05,0.001076695581470354,0.0005528974090876237,-0.0011612385022152381,0.004103265474829868
2017-08-14,-0.0009249477724548751,-0.0014768794699108437,-0.0006523240333147591,0.00041590806485052723,-0.003915591069380567
2017-08-15,-0.0005807647468232973,-0.0010672678531714313,0.0015909142603020483,0.0010929242786372553,-0.003513327447914724
2017-08-16,0.0009316439059293173,0.0006495726724129279,0.0006992112840826007,-0.00018796831934783515,0.0031056321944654282
2017-08-17,0.0020546229834759798,0.0015526893646302111,-0.001788147615427285,-5.110123155071109e-05,-0.003949647198127014
2017-08-18,-0.0007493188361506717,6.811119154655261e-05,0.001533951759741693,0.0008259220782074019,0.002785101940393542
2017-08-21,0.0015437599550880278,0.0017729072256050537,0.00011922097622029823,0.0015329177978781606,0.004709245170363406
2017-08-22,-0.0007313360815109644,-0.0006377307206942254,-0.001706434349196052,0.000765338699715711,-0.004097062720880319
2017-08-23,0.0012622360193208012,0.0012121778723318847,-0.0006109513210937291,0.00026241275984488537,0.0037838020558145697
2017-08-24,0.0005171135009796875,0.0006271505536337151,-0.0005428191103829291,0.0005337874890034306,-0.0008301919236616095
2017-08-25,0.0036001661493677353,0.0038810700929539426,0.0008480973445558747,0.0017194444700513688,0.010261083501261122
2017-08-28,0.0009635405411517913,0.00027645252941638183,0.0008716642633172158,0.001138294522667508,0.0028259470673573294
2017-08-29,-0.0016220198947176038,-0.0009481906074335603,0.0013108010206239135,0.0013643361377590195,-0.0008603156970260782
2017-08-30,-0.0006291867340111496,-0.0009561833916469944,-5.857176926073106e-05,8.391760969249251e-06,-0.006194357728925692
2017-08-31,-4.2173984561992147e-05,-0.00011809861247842286,-0.0006225131223214827,0.002720792139663853,0.002217277186066308
2017-09-01,-0.0026244967958239484,-0.001373042261963744,0.0005129391102395864,0.0005052461498252803,-0.005004236701452811
2017-09-04,-0.0005294495949008827,0.0003276223467743309,0.0015034628667222655,0.0013692705944347969,0.0014469956338686283
2017-09-05,0.0014622097094222181,0.0007058408621969988,0.0003451047763924643,0.0010071762150660251,0.0014197209147240471
2017-09-06,-0.0010987214840158454,0.0003101723996583347,0.0005361750740025518,0.001676952365084805,0.0006965220336392584
2017-09-07,-0.0005992409793806568,0.001834296853224119,0.0010704490217311403,-0.0003080830183197083,0.008212483446499374
2017-09-08,-0.0010048207323631545,-0.0014373011127238229,-0.00014937759363886548,-0.0011805002701075747,0.0012057160710802867
2017-09-11,0.0008762450541668726,0.0007008351905870714,0.0008653686677496214,-0.0005256548904729512,-0.005614219602296876
2017-09-12,0.0013140991315482066,0.001221951759416557,-0.0007937337231339865,-0.0003262711007128828,0.000936501899640892
2017-09-13,-0.0032012362981773154,-0.0016076366185373183,6.674008078027001e-05,0.00026856001638476837,-0.006565593334904909
2017-09-14,0.0012874400657448119,0.00015142592777310762,-0.0003865643719825434,-0.0016579913492288658,0.0023024446324934364
2017-09-15,-0.0009523253328191481,-0.0005346164254573351,0.0006207585197115471,-0.00027584247062263195,0.002397640396114917
2017-09-18,0.0009200863857347175,0.0010370321740274804,0.0007461091593588459,-0.0005770461253415206,0.0013899939437064307
2017-09-19,-0.0004923785739547817,-0.00039226651256430925,-0.0016270273634010413,-0.00010852279615455118,0.003691674548200863
2017-09-20,-7.502407025761404e-05,-0.0002166775013893211,0.000966328526904295,-5.835594627912104e-05,-0.008497863893231736
2017-09-21,0.0007721489623911149,-0.0001845482766750353,0.0006131594280576269,0.0002516588525894408,0.0038434473817697476
2017-09-22,0.0013452036335401384,0.0007433671531829398,0.00026684901507622645,-0.0009606750524774305,0.000611239285711131
2017-09-25,0.000908983852376474,0.00016834166664350404,0.0005123876114302397,-0.001768227938971116,-0.005740466582709171
2017-09-26,-0.0006955990915335627,-0.000695545989209369,2.5396072921896507e-05,-0.0012906843266873044,-0.004678974763983409
2017-09-27,0.0009974042743411357,0.0003325984927277169,-0.0015663176867710515,-0.0005198900677471893,-0.004036563953657486
2017-09-28,0.0009921855607179033,0.0007207146409298604,0.00010209898505449007,-0.0014419613169012952,0.003366348229403258
2017-09-29,-0.001371707482590029,-0.001642384026619953,0.0001865118058899966,0.0016170616186724942,0.002441154996496754
2017-10-02,-0.0009447090615923902,-0.0018559514947734182,8.515530198305665e-06,-0.0009285565872720892,-0.006185394029164242
2017-10-03,0.0005781526483993088,0.0011816162312639192,-0.0005366657851042729,-0.0008588472417680646,0.0002897315742465699
2017-10-04,-0.0006550933742301113,-0.0008508104482267553,-8.504739266068055e-06,0.001020738082195624,0.0017111120015528571
2017-10-05,0.000929728782367468,-0.0008359278859273264,0.0002633154831976759,-0.0014333372758269145,-0.003903225538614616
2017-10-06,0.0001709971704134908,-0.0003592722210018634,0.0004874107044661094,0.0027234597066925726,0.0014591006509454328
2017-10-09,8.522969407688484e-05,-0.00015343437301020035,0.0010313804790046154,0.0003238066050754589,0.00036630817149043825
2017-10-10,0.0009409052880487261,0.0009746961203238732,0.000806934584406581,0.001058519272852174,0.005647981109239754
2017-10-11,7.597469202245426e-05,-0.00010966253474851367,0.0011912960765425272,-0.00027860209469468306,0.0044702348003136955
2017-10-12,-0.0008360674914753564,-0.0009628704416336046,-7.585622720063638e-05,0.0006672213015106173,-0.0024903879724167
2017-10-13,-0.0014078631893064397,-0.00031176141236079137,0.0002028654755277695,-0.0016210743164986675,-0.0010063553452525525
2017-10-16,-8.474432641806767e-05,-7.626181532252876e-05,-7.632260721719465e-05,-0.00016103400818776422,-0.0012115411351348864
2017-10-17,-0.0010899554878574125,-0.00035771471781312407,-0.000152942876134038,0.001234625873656423,-0.002571972031133162
2017-10-18,-0.0002464550848086216,-0.0007053415037461593,-0.001514391257527021,0.0007731554045098391,0.0021819332766866684
2017-10-19,0.0007263513832857964,0.0002110372488573149,-0.001779510680590747,0.000776443421937504,0.004645130339738621
2017-10-20,-0.0012468882427398513,-0.00047500297769958864,-0.0003049813646139786,0.0003055041691136608,-0.005298361950531992
2017-10-23,0.0016603025563954204,0.0006043916471484243,-0.0009360507852762663,-0.0007489234575850825,-0.0018792442637535272
2017-10-24,0.001190061428608094,0.00041666135813651364,0.00049317212706455,-0.0009009162757277532,0.0012248857454290705
2017-10-25,0.0013303677420264633,0.0,-2.54973036614705e-05,8.467687310296311e-05,0.004393821799098677
2017-10-26,-0.0024796464512074723,4.264810621723457e-05,-0.0003469533721015123,-0.0016992502626456173,-0.01375453104595824
2017-10-27,0.0007838712440691263,0.0011034864390894166,-0.00034386122100068807,-0.00269012060834151,-0.0041187175856915
2017-10-30,0.0006201764256105934,0.00030135913195558384,6.017079912941229e-05,0.0011101884587710208,0.00414841931029038
2017-10-31,0.000146046228186119,-0.0004812940025699096,-0.0005155923840920544,0.0006183123704882462,0.0005323670710737241
2017-11-01,-0.0003953962179432791,9.45524874455785e-05,-0.00044685825025174875,-0.0015056550937194333,-0.0026560668886496837
2017-11-02,-0.0009427171518506548,-0.000600301884108572,0.00043831567164589075,0.000874185863007505,0.0033168381270947582
2017-11-03,-0.0008693744064922344,-0.0006199574838860224,6.010311979934601e-05,0.0005681916163814208,-0.0044191556889159106
2017-11-06,0.00032800752985039073,-0.00017262809047151591,0.00017234544964496687,0.001207521278344411,-0.000309997419170847
2017-11-07,-0.0006220625027798563,-0.0009328681186485753,-0.00026803972336229847,0.0004924980550832106,-0.00089608829018695
2017-11-08,-0.0008715650320668259,-0.0015013722253501554,0.0003621563865333405,0.0008715650320667756,-0.0004914661741714042
2017-11-09,-0.0001031716691513245,0.0005247289379371012,0.00041365403600890143,0.0013919202151073597,0.004405937923338468
2017-11-10,-0.002194675366100068,-0.0008999936322232399,-0.0004890709893918681,0.00032607669956047244,0.00138145864509595
2017-11-13,-0.000848827340334008,-0.0004629629712320522,0.00014601110569235185,-0.00014583074223667802,0.000334400846835371
2017-11-14,5.1033860978050184e-05,9.35768032292827e-05,0.00039257856342513975,0.00045068602828356847,0.010743989567127226
2017-11-15,-0.0014825674000791516,-0.0007962795531245829,0.0004982834660323104,8.478060897934933e-06,-0.0006787368967405012
2017-11-16,0.0005523289301597033,4.248431267407954e-05,1.6989322211373854e-05,8.494985834748711e-06,-0.0003819920507217252
2017-11-17,-0.00024604942323738934,-0.0007128067916622982,0.0007205191440002203,0.0011279360392543463,0.0009674299367882079
2017-11-20,0.0004256732085967857,0.0001702721804913347,-0.00031374943549287575,-0.0008174526588142908,0.0002556302577894123
2017-11-21,-0.0007327942795049147,-0.00029837386466336266,0.0009119461305405615,0.0008179680766895486,0.0003662894494222678
2017-11-22,-0.0001950516256952078,-0.00011026340241621192,-0.000238239074036528,-0.00020357270160385472,0.006206480245309534
2017-11-23,-9.286579632769129e-05,-0.0006921116432864784,7.601255055312482e-05,0.0005570654611555957,0.003008690278802895
2017-11-24,0.0011481682950580632,0.0008886132350976382,-0.0002949566645774508,-0.00030995933079132066,0.006745019390590225
2017-11-27,-0.0006958971694555496,8.387397097070571e-06,0.0002849456527355294,-0.001006973375122407,-0.0019470117012837357
2017-11-28,-0.0009346149183047066,-0.0006231211835461934,-0.0011948337489468429,0.0007326100189989038,-0.00465628196246045
2017-11-29,0.000540171011015894,0.0004304033621026673,-0.0010540118772143434,0.000556745918924202,0.00027003308069316334
2017-11-30,-0.0007303099944750145,-0.0009058427472613542,0.000380573825343171,-0.000991388444988023,0.003865284245163145
2017-12-01,0.003552012892366947,-0.00014324293605098013,-0.00030253880711117817,7.561659031612254e-05,-0.00032784267207998266
2017-12-04,0.001620636454380873,0.001080260042599326,-0.0007594488454328602,-0.0007340254876103516,0.0009357573783594773
2017-12-05,-0.001149580867742507,-6.762696966132569e-05,0.000902340665287359,-0.0003722063419558446,-0.0031310552583686145
2017-12-06,-0.00025442918948898405,-2.5436339203417797e-05,-0.00016914892757624738,8.481692272320681e-05,-0.0022424854433253294
2017-12-07,-8.481692272323505e-05,-0.00022051090770230448,-0.0005600006934235462,0.0001102605967912101,-0.0026636596087191147
2017-12-08,0.00011060582223293137,-0.001088805823794763,0.0003152517993331902,0.0003827718683896296,-0.0001783962184733386
2017-12-11,0.0004152489646667108,0.0003643836237170397,0.0001356369002264435,-0.0002287893241628777,0.0007135697477383923
2017-12-12,-0.0009291343949465626,0.00022169545956182108,-0.000772604010974486,-0.0001279301332645561,-0.002874371616138183
2017-12-13,0.0006802432131700998,0.0009781282808223547,-0.0002638309114489688,-0.00031455497107431995,0.007964992932160483
2017-12-14,-0.00041609878275810844,0.0003226217288245357,-0.00016075470136376314,4.246699253659913e-05,-0.005226500112345156
2017-12-15,-0.0006879302489239671,-0.0008921554641503153,0.0003729382491395552,0.0008577167428161959,-0.0023297943484485413
2017-12-18,-0.0017864177770830212,-0.0010574178842949354,3.393137379974364e-05,0.00033043147024918953,0.003417353604141462
2017-12-19,-0.0005840009306865895,-0.0016925489590434546,0.0003049090378333288,0.0009562293140143564,0.004504588403087093
2017-12-20,0.0001936116577101003,-0.0014129285289492474,0.0005404812103228395,-5.89213190126481e-05,0.00343253142294156
2017-12-21,0.0001516683521614411,0.00013484699100950654,-8.417756415465609e-06,0.00032853587022652704,-0.002157661797748183
2017-12-22,0.0001859317297852312,0.00023659039553351426,0.0003038410597043884,0.0005069108959209185,0.0006579058588492603
2017-12-26,-0.00035395843886224486,7.583832957059492e-05,9.275225457875275e-05,0.0003202535086703166,-0.001163173064616557
2017-12-27,-0.0011346302953240096,-0.001596893961019923,-4.20601038947099e-05,0.000899405360396394,0.0036115254367397017
2017-12-28,5.022643753298549e-05,4.186184753702549e-05,-0.0005617200518266449,0.00035988233073266473,0.0033054275972085163
2017-12-29,0.001833119982718962,0.00044167587542719947,-0.00045909658946357743,0.0007905368989112597,0.005096084545906782
2018-01-02,0.002026494609879065,0.0012540227948777175,0.000356044269171513,-0.0003070322864416906,0.004212351640943779
2018-01-03,0.0015481683104226302,0.00039102961923602177,-0.0015380973031080842,0.0005570868659106224,-0.0042123516409438054
2018-01-04,-0.0011844858604638203,-0.0004471235128973551,0.0009213262769026411,-0.00018235318546954606,0.004635098757431746
2018-01-05,-1.6615297704956806e-05,0.0012883439914510232,-2.4901741878114463e-05,9.968764546031962e-05,-0.0030544258937521274
2018-01-08,0.0011445233307717968,0.0004009053833482805,0.0008751422664632494,-0.00033403202007468237,-0.005590074081493233
2018-01-09,0.0,-0.00014252358999132446,-0.0008044513405606265,-0.00015097378117352915,-0.003481437264513342
2018-01-10,-0.000976517748813631,-7.511674397478281e-05,0.00424646835947238,-0.0014540230525757734,0.0023111523337835034
2018-01-11,0.0001743396888716626,-0.0006806956640202625,-0.00013391810927638678,-0.0008553858685305212,0.007242090597382793
2018-01-12,0.0004942583753847475,0.0002470905105106874,0.00035462309297830744,-0.0009640302150214897,0.01296898075645334
2018-01-15,0.0009455957141974421,-0.00020378302883960897,0.0015649838137245286,-0.0005297495223706154,0.006108324898482865
2018-01-16,0.0014887041210346348,0.00048253273366880435,-0.0018738472938247537,0.0006536749017333155,0.0003260355733688264
2018-01-17,7.354232977243407e-05,6.537389786035788e-05,-0.0005148468035909971,-0.0006538993064625499,-0.007394474774580964
2018-01-18,-0.0012011915301711478,0.00044138923890391,0.0008102368544476676,0.0007192539685140569,0.004407278312186819
2018-01-19,-0.0008174409649760093,-0.0012343309001345754,-0.0009205365830138476,0.0007275551607438095,-0.0013659807533109257
2018-01-22,0.00017956838338770208,-0.0009059561108532678,0.0010118154789718965,-0.001977027913862311,3.263654314022157e-05
2018-01-23,-0.0004964334209776827,-0.0010978422405668422,-0.00036754947017015997,-0.0005781264792306417,0.004249955511516914
2018-01-24,3.2294004620800195e-05,-0.000549184313593057,0.00034842782427101847,0.00048428496273156626,0.00678517643032868
2018-01-25,-0.0028296023867451442,-0.0014636548388169037,-0.0009982370675736122,-0.0002561783014980021,-9.683823180949544e-05
2018-01-26,0.001183189194740929,0.0006436249176296013,0.0009552287455485785,-0.0005310546386905231,0.0026837864728795654
2018-01-29,-0.0016346219733481405,-0.0006716324561926249,0.0006684734490472644,0.00035628396208351175,-0.004054511658281669
2018-01-30,-0.0010953521121581523,0.0007089113674370119,0.0012570408017822303,-0.0015484248680365652,0.002234836121145193
2018-01-31,-0.00206396764498311,-0.0010914578464670066,-0.0011164166598046537,-0.0008122987293039141,0.0006686727096356619
2018-02-01,0.002486605702608763,0.00016845888239288212,-0.0006429834653285687,5.607783605108213e-05,0.007517897350861399
2018-02-02,0.0014714812749633867,0.0019474046132531495,8.810255142663797e-05,0.00011248322806573637,-0.004502346899347522
2018-02-05,-0.0008857396504676121,-0.0003945805619612815,0.0005777146731702107,0.0003785483922667506,-0.006464532193377837
2018-02-06,0.0023677094563500987,0.0012565412724634731,-0.0002741493324701841,0.002814488375838762,0.0011476418031348013
2018-02-07,-0.001227837087753332,-0.0010241072468775872,-0.00037252695177364143,-0.0009116883959791197,-0.008965540924649486
2018-02-08,-0.0001795537278546115,-0.0005380946687251671,0.000580413908623206,-0.0011351990471448856,-0.0007582459607566645
2018-02-09,-0.00043306138300461467,-0.0007513148362430663,-0.0004893565059729813,-0.000833967033054012,-0.000922083974968425
2018-02-12,0.001361781452928839,0.0007989499939912233,0.0003750387312209576,-0.00022004262395890548,0.003942561088704586
2018-02-13,0.00029933943292380897,-0.000291240931117068,0.0023928404686430135,-8.08937137935795e-05,0.004307606613743659
2018-02-14,0.0028594988708508656,0.0009359217090858104,0.0,-0.00012906660661471582,0.009241904640891004
2018-02-15,-0.0006969227538967383,-0.0005690767084611972,0.00020023467570819738,0.0003685484041906828,0.0027551977703089764
2018-02-16,0.0,-0.00020076048137525264,-0.002141567998175401,-0.001092597759607607,-0.008014304748432717
2018-02-19,0.0009120001277788967,0.0007102960941773595,0.0007249762686434674,0.0008063866254238079,-0.0009269746229414903
2018-02-20,-0.000786179492031802,-0.00021873063409725193,-0.0006807076380542935,0.0011182964164418172,-0.005239424007371968
2018-02-21,-0.0005518853517128145,-0.0004220539480051922,-0.0009169585211624079,-0.0002192154531315373,-0.004476825117789401
2018-02-22,-0.002124933888505975,-0.0009409933040181898,4.8813824084596646e-05,0.0008926977918309405,0.003682047897411906
2018-02-23,-0.001511986436302263,-0.001048878649845716,0.00040619034637852185,0.0006587267294947597,-0.002664675154194901
2018-02-26,0.0007073602343849221,2.4401452701087885e-05,0.0007127814978597485,-0.0008456385074283308,0.0021704414027032297
2018-02-27,-0.001681221321485838,0.000318592314817164,-0.0008111616278650543,-0.0005474147048096128,-0.0072531999659677295
2018-02-28,0.0004754877938410965,0.0008199746267311948,0.00040911508977942054,0.0008356546447296963,-0.0028340464716480962
2018-03-01,2.4629429706865106e-05,-0.0014935541973980812,0.0009354767920830753,0.0028529052560067195,0.006507969859525327
2018-03-02,-0.0012419992098910379,-0.0009259034310755313,0.0008550245424343188,9.746747030879536e-05,0.003571156366477624
2018-03-05,0.0010790244395301241,-0.00030022598316237805,-8.1162572692264e-06,-0.0002351767688632123,0.0015169893515581275
2018-03-06,0.0016520604140272538,0.0007255841270300746,0.0002349386132414414,-0.00024964868117859014,0.006399504710243612
2018-03-07,0.0005162456153113496,0.0005324985603140428,0.0012067968253563846,-0.0003548902297253438,-0.00026582997510316204
2018-03-08,-0.000859127471165707,-0.00048655487676919646,0.0002261694180125324,-0.0015986435224961016,-0.008527835751820905
2018-03-09,0.0001135690703967614,0.00046266422361113487,-3.252032520597754e-05,-0.00015413257865917114,-0.00022754053163877413
2018-03-12,0.0010556747553529101,0.0007954158496090077,-0.0009815891985891691,-0.00030846659876043297,0.0018747038224825772
2018-03-13,0.0008976987974414496,0.0009535046054283001,-0.0005027815276940774,0.0021076355052975274,0.004828797696697061
2018-03-14,2.427803202387666e-05,-0.0004529718264270897,-0.0006223404241226912,0.00017802089364940942,-0.0020354432499525223
2018-03-15,0.0006320959051292452,-0.00012152390997872349,-0.0006473696787744218,-0.001978657105377213,-0.005049922175947861
2018-03-16,-0.00171892035497107,-0.0004891490534666371,0.0007870342603867443,0.0013200031250051938,-0.0015207767836841175
2018-03-19,0.0001948463155854446,0.00015424644553414674,0.0003419916978206908,0.0008438956017793015,0.004021110125341094
2018-03-20,0.0009856029469940105,0.0003991154351819023,-0.0011671544643410325,-0.0009693040911733565,-0.007290512356770211
2018-03-21,0.00012205690307966516,-0.0002197972176009135,2.4431459577259563e-05,-0.0017672093692593378,0.007914567682911747
2018-03-22,-0.0010963889299104076,-0.0010562494380455477,-0.00217104335820242,0.00025186972780916395,-0.0018165161953319915
2018-03-23,-0.0005509284904556146,-0.00024305668201454717,-0.0009488628550902568,0.001619512233093542,0.0024968599571473828
2018-03-26,0.0011261171869190588,0.000707793804180691,0.0005975162879841906,2.4117209640034556e-05,0.0071921293692124195
2018-03-27,0.0015490744958982377,0.0003146493501021042,-0.0027075792559262514,-0.0006451561098284571,-0.003452539111763561
2018-03-28,-0.0004858024337084949,-0.0003158674840691321,0.00048384366342634107,0.0002834134332645534,-0.0076313082527187754
2018-03-29,-0.0011844401660536649,-0.0005843444552104931,0.0003004331944436733,-0.0016654551962980734,-0.0007232567998704943
2018-03-30,-0.0006329730467447197,0.00010550106931064824,0.0004949149618073845,0.0002029196080064033,0.0016651440541542047
2018-04-02,-0.0006165628440389949,-0.0006899322922530379,-0.00011355341077966609,-0.0018031926260228242,-0.0015841104878479629
2018-04-03,7.342113961079783e-05,1.6309355862287916e-05,1.6227970530470134e-05,0.0013043657333787534,-0.0024990549976999683
2018-04-04,0.0012600961779224951,0.0009186058973367908,0.00030094146102392866,-0.0005932668452517462,0.0009775729273946699
2018-04-05,-0.0006286971887131943,-0.0009791522956011712,-0.00013863574296302123,-0.0010296305680247456,-0.0034910597532388627
2018-04-06,-0.00027706474528379777,-0.0009777879957033016,0.0005314343537946617,-0.000562514536267189,0.003328197282092345
2018-04-09,0.0003003527137528116,0.0001948510613370363,-0.00036650472997741746,-0.0009338244033222016,0.0036668049263999893
2018-04-10,-0.00026705619263753353,0.00039636156782435337,-0.00027588669346272294,-0.0003076076246187192,0.0024559780526748243
2018-04-11,0.0005899061573830424,0.00023425351992277329,-0.0004606786605409995,0.0005895583732587734,0.001108481615211532
2018-04-12,-0.00016253027162076836,0.0003899744128718695,-0.0003801343456712794,0.0011615110694987204,-0.0032804575075609838
2018-04-13,0.0004380912273341584,7.299891721519038e-05,-0.000932091153044865,-0.00017845844399158877,0.00021903228380045525
2018-04-16,-0.0002986556482241211,0.00011303631707428673,0.0006309914054763824,-0.0018746874278494485,0.004217246750438948
2018-04-17,0.00024293071735446932,-0.001012010627473927,-0.00045168576344653717,-0.0007127641781389328,-0.0005332557814943898
2018-04-18,6.458488070194733e-05,2.4217472907769743e-05,0.00015366262995503485,-0.0007752940044631775,0.00039592920656688447
2018-04-19,-0.00014540049784904092,5.6573199674040664e-05,-0.0015594135564800558,-0.0012772013247166099,-0.0026613939887535714
2018-04-20,-0.000561873251294027,-0.00035036972512172916,-8.113919433231895e-05,0.00021990104541609834,-0.004888198505173849
2018-04-23,-0.0011367587247712852,-0.0013905136506837704,-0.0007423390546102755,-0.00021277466425060015,-0.006035110048720732
2018-04-24,0.0008753595054828715,-0.00029453153336599075,0.00016403257723754391,-0.0012437303690574517,0.0020620757345756902
2018-04-25,0.00017238336461137356,-0.0008119246750338154,0.000967522480177986,-0.0009032905021424121,-0.0058371825970942445
2018-04-26,-0.006371673869788935,-0.002481146214431449,0.0009942278093485926,-0.0011223253115329312,-0.004788582509913366
2018-04-27,-0.0010346783694435559,-0.0011171475010257332,-0.0001739065629264684,0.002349244194020205,0.0019890977625539024
2018-04-30,0.0009439040237141363,0.0006872539508147369,-0.0006934126082692859,0.00021515164136121437,-0.004131383690809829
2018-05-01,-0.0018656566440894283,0.000332842393879666,-0.0018840759701476755,-0.0007255472153292598,-0.007112795573492047
2018-05-02,-0.0018772610858663727,-0.0010768262216777527,-0.0007742032545278977,-0.0016883707058141509,-0.0030232697700655876
2018-05-03,-0.00030060120466844306,0.0003255575201236905,0.0005415155068241394,-0.0018808075460227701,0.002539492965234567
2018-05-04,0.0020286533183105897,0.001106213343787461,0.0002924868506228323,-0.0007707387744776556,-0.0024307641306588012
2018-05-07,0.00042790440765172894,0.0007972708583430556,0.0004944583058689863,-0.0006125471664033682,-0.0029482239891956037
2018-05-08,-0.000708777051795956,0.000236450540715579,-0.0019999670537530537,0.0005063205792459267,-0.005129812027929017
2018-05-09,0.0004461448529543813,-0.00014310908725037632,5.9128363470731594e-05,-0.0023676826739801723,-0.0008519073538861806
2018-05-10,-0.002783742071329623,-0.0014100113122659187,0.0006154027921066478,-0.002429521974163873,0.005503489327268946
2018-05-11,-0.0004182525469813925,0.0006854353618635587,0.0010490934697257657,-0.0006025911601445004,0.002104178533278613
2018-05-14,-0.0009176378977656356,-0.0011095863549724703,0.0002838324072182134,-0.0012693960382374671,-0.0017676359754856563
2018-05-15,0.0007684740258185261,0.0005238654630541237,-0.0002852468663159748,0.0012569969555270562,-0.007490482597668092
2018-05-16,0.00014399396944249747,0.0019904380875378483,-0.0008953232630378777,-0.0018480846223020058,-0.0022411957909824385
2018-05-17,-0.0005425384148541151,0.00047487810941155645,-0.0010492647648170103,-0.0001102390917414603,-0.0013810460015955168
2018-05-18,0.0002636065644796144,-0.0007229459083569403,1.693308046636695e-05,0.0007394281243085783,-0.0022153479134054523
2018-05-21,-0.000705071874331103,0.0004672123225164966,0.0012448948136958855,-0.0014797179330614577,0.00217315728006594
2018-05-22,-0.000975920306586304,-0.0007129580420658266,-0.0013287913764082485,-0.0004755757953619755,-0.0013321964965748632
2018-05-23,0.000520746642921259,0.0003843443772890259,0.001289215592799741,-0.001272465808717514,-0.006362964776671136
2018-05-24,0.002420153207715455,0.0010740773345259322,0.001849666181104193,-0.002104519527834831,0.001562547012877606
2018-05-25,-0.00019735120426850778,0.00021453979151791583,0.0019307004357162114,-4.290758993011668e-05,-0.006101780569215546
2018-05-28,3.443051921576337e-05,-0.00018930593616702668,-0.0009240721433783315,0.0004044698273322899,-0.005447968346823505
2018-05-29,0.0005094837485590141,0.0010277448815681754,-0.0020681277841759853,-0.0018146002490628318,-0.006992733635206618
2018-05-30,-0.0008435114675437577,-0.0017644354727558624,-0.0017333642377402438,-0.00024113402001112405,0.010676579988531462
2018-05-31,0.000488882227718619,0.00019720568187754043,0.0007855057523820234,0.0009256482340811784,0.0021063094300040404
2018-06-01,-0.004815191289311877,-0.00025691750520265256,-0.0009842899571156475,0.0035042550675360917,-0.0028865981764155347
2018-06-04,0.0006913298131795765,0.0006488461864607005,0.0015552634264138006,-0.002032677256628831,0.0029798879760940785
2018-06-05,-0.0014315781090402592,-0.0009346235819616326,0.0013674163947307084,0.0011060098610631694,0.0018024564410089275
2018-06-06,0.0007472572610890022,-3.3937419401957964e-05,-0.0017788525562430911,-0.00016978216988433438,0.004997392521302674
2018-06-07,-0.0014470864049245164,-0.0005330242483014571,-0.0011165057915554712,0.0012525708959280559,0.0018495898845094954
2018-06-08,-0.00041647012428868595,-5.101476878672824e-05,-0.0016986296146578636,0.0004249677088502031,-0.00259718360216186
2018-06-11,-2.541995890578431e-05,0.0001778779169257451,-0.0006695851788732297,0.00036429101324190143,0.0007216937190514781
2018-06-12,-0.00014416859269779502,-0.00015268729671365287,5.0868581031820294e-05,-0.0003902074935417886,-0.003324112203873429
2018-06-13,-0.0004246500947084679,-7.646266713999535e-05,-0.00022135195050381138,0.00010193246982717761,0.004282734575857177
2018-06-14,-0.0030442206943133094,-0.0014578387125428317,0.0003299199339630573,0.0004979994264308264,-0.018778849807154253
2018-06-15,-0.00025818667039586614,0.00018952936469620148,0.00024152089273100542,-0.00011190159557526627,0.002933312430239748
2018-06-18,-1.724197386153755e-05,0.00026713659887140907,0.0012348185824649655,0.00112872177793441,0.002222682606368441
2018-06-19,0.0004583645115859175,0.0009167964662217489,-0.0031900987108586906,0.0,-0.003102782062638673
2018-06-20,-0.0008636847051490703,-0.000492225863885399,-0.001227768469160885,0.0003887504314414524,-0.0010191215709410841
2018-06-21,-0.0012685264790817318,0.0004746596563691039,-0.0017830099500148256,0.0021477838219256607,0.002968103715674529
2018-06-22,-0.0010125627281007516,-0.0008751984770755521,0.001398415643061851,-0.0009362452100070388,0.0038694414379817754
2018-06-25,-0.0006931163557720288,5.992868488305889e-05,0.0015104705927078126,0.00045357490540092035,0.0030647035475780656
2018-06-26,-0.0010290184073265772,0.00045441100970980105,-0.0003766671847571536,0.0008747331335497358,-0.0045662375391234055
2018-06-27,0.00011199800138344533,0.00033609535082841223,-0.0019750802892894437,-0.0012154178524826681,-0.007550328054508463
2018-06-28,0.0017366590534584332,0.0008378646172786688,-0.001055938888285986,-0.0007599572026257363,0.00021626952457438333
2018-06-29,1.717770334147793e-05,5.157031613746441e-05,0.0020287469993840366,0.002676114714344823,0.010377678926880764
2018-07-02,6.895184578184906e-05,0.0007067747234395066,0.0009104417989126437,0.0003705347375623492,-0.0026438464459000942
2018-07-03,0.0004892850955793151,0.00043773255240426076,-0.00023144080576149856,-0.00024032065757521886,0.0018720164845954373
2018-07-04,0.000566830146492419,0.0007558254746612239,-0.0008499496122420425,-0.0002661983880662769,-0.00014585701748263762
2018-07-05,-5.1303976069303385e-05,-0.00012825719861096638,0.00026524177799047374,0.0005983826750156343,0.0029644375145361722
2018-07-06,0.0002891156482722824,-0.0005103255988005581,0.000529651979782814,-0.0004081875678524568,0.004770875187608433
2018-07-09,-0.0014706572576993824,-0.0004165126055275256,0.0007729518224308485,0.00043377122225400844,0.00019579883860186895
2018-07-10,-3.41439680445999e-05,-0.00035021333474885677,-0.0019683452236275746,0.00044378067722134737,-0.0007749066880714159
2018-07-11,-0.0005789254284406798,-0.00022991735849597057,-0.0018511967682575715,-0.0021312881042888855,-0.005672513843652448
2018-07-12,-0.0002055357639463554,-5.1371182490284616e-05,-0.000864492934612453,0.0007106316786995694,-0.0002998976086364659
2018-07-13,0.00024907563009620223,0.0003005697967160817,-0.0007656540048246704,0.0018360908446038587,0.001190491625164014
2018-07-16,0.0007001485967121096,0.0010583275999343994,-8.552820078685187e-06,-0.0007684820297250724,0.0021030501967786684
2018-07-17,0.0003077159805803146,-0.0002137546873852219,0.0007243690849231853,-0.0014967309919018737,-0.004450690355492567
2018-07-18,0.0005760492638411776,0.0002750251407500877,-0.0002926468204151806,0.000670206758086706,-0.0012016549949904287
2018-07-19,0.001576913626698231,0.00016372606081530337,9.474305260604732e-05,-0.00019805475848233236,0.00010305559858652252
2018-07-20,-0.000828114976017545,0.0007853046019534458,0.0007557216212648011,-5.97874130591863e-05,0.006394392687067992
2018-07-23,-0.00035008773897761766,0.00046985858121390017,-0.000801657939689271,-0.0005125445385262875,-0.0030070842858460874
2018-07-24,0.00121370648334126,0.0003160083896630454,-0.0006759503134439052,-8.542408793624738e-05,-0.00042787705178011395
2018-07-25,-0.000897393772485153,-0.0014103591060059296,0.0002053019228603831,-0.0020028080233761266,0.00331553390670958
2018-07-26,-0.00030837495211862525,-0.00023976092525568654,-0.0008018904569672955,-0.0010886384095821781,-0.00711454284507654
2018-07-27,0.0006263594564113947,0.0002574709501168685,-0.0016757260028008227,-0.00045471510308916916,0.0011849868719632556
2018-07-30,0.0011625323997467663,9.39958044382697e-05,-0.00010285332268159951,0.0005466067812846629,0.0039808117769015525
2018-07-31,-0.0005636497322438896,-0.0009992954518077705,0.0004950157140548148,-0.0007605765365598397,-0.0014620698156295612
2018-08-01,-0.000838976497944178,0.0005050570008529513,-0.0002224751222094925,-0.00042832056165164315,-0.0023643508195858136
2018-08-02,-0.00024951495283283287,-0.00026667928533151685,-0.0007568720903510875,-0.0007058621279560224,-0.0063755588059150135
2018-08-03,0.0012440821316383453,0.0008120108944646309,0.0013051503423614178,0.0006473469789968282,-0.0017191411985706113
2018-08-06,0.0005800388875243114,0.0004935684666659113,-0.000683358517322179,0.00027691482450084126,-0.0013754267937105256
2018-08-07,-0.00013798456319588407,0.00037941501558912474,0.0010792190955490482,-6.899942215727464e-05,0.00375847718842766
2018-08-08,-0.0005435368854561864,-1.724940920809405e-05,-0.001715170192116153,0.0012333169591934885,0.0015511093539553639
2018-08-09,-4.313747482527643e-05,0.0003279084647021681,0.0002502880483261147,-0.0014937038423215754,-0.007423990401205906
2018-08-10,0.0023272305099318207,0.0006649576334545323,-0.0011954782681827616,-0.000952984706339102,-0.010218850640547117
2018-08-13,-0.00012257047817813447,-0.000253790449214716,0.0008350510965132464,-0.0004904322032005368,0.0017025015081990088
2018-08-14,-0.0009484167421487044,-0.0003425394502796872,-0.0016564638730218726,-0.0009405229824908422,-0.005283691350463659
2018-08-15,7.070760640010216e-05,0.00047741982022214056,-0.0006532543775242176,8.83809927840703e-06,7.051564568808907e-05
2018-08-16,0.0018090174770243016,0.0010615758817294858,0.0014768324633601109,-0.0005704531746830713,0.002508881431153277
2018-08-17,0.0002980939544070478,0.0002716617389913023,0.0015004543662943224,8.766124189893499e-06,0.005427528810503145
2018-08-20,-0.0004373267162614115,0.0003936164215108116,-0.0005780853274767493,0.00018370051619025725,0.004710735210026906
2018-08-21,0.0005381524142758179,0.0008683646634985345,0.001336562110426324,-0.00030376011863247286,0.0069728999655409565
2018-08-22,-0.0009568677537251267,6.896016691091978e-05,-6.055703826024433e-05,0.00031905766159951566,0.0019513212142292483
2018-08-23,8.645433487408127e-05,0.00043199157424270645,-0.0004670108794631304,0.000717282653069147,-0.004382843930320097
2018-08-24,0.0016974348689321591,0.002204578836771599,0.0004929623243111845,0.001032560152318236,0.006666058135541233
2018-08-27,0.0006181053551300906,-0.0003776402678065062,0.0008181298010128493,0.001723524819664471,0.004729236903060917
2018-08-28,-0.0007679050222911987,0.0005715821463686717,0.0007270705792570061,-0.00026463721380487714,0.0011381968939926602
2018-08-29,0.0023609328092698127,0.0009846692093255721,0.0010539982209441486,-0.0010514663794271523,0.001435873137760378
2018-08-30,0.00045443049067410483,0.00025735168106905744,-0.0019841955126060897,-0.0006088123631182282,-0.003653558150835807
2018-08-31,0.0010743770721405442,8.597306464012287e-06,-0.0009760358312155928,-0.0006960646847765208,-0.0058977439771740895
2018-09-03,0.00013779324145968302,0.00014641729817348374,0.00018087777449070017,0.0011274686084121613,0.0017408094849275765
2018-09-04,-0.0014034117331188855,-0.0016197702082337568,-0.0002852462861690062,0.0017236679408200826,-0.0029231844700238433
2018-09-05,-0.0007744067571099811,-0.00045603363393009885,0.0008042235137000439,0.0005765598469624425,0.004549222072289943
2018-09-06,0.00013753857548909752,-0.00010309366928096295,0.0015044125098826484,-0.0006018709770352258,-0.0008858196345361858
2018-09-07,0.0006823492078721925,0.0005439592596407963,2.576356774015932e-05,-0.00012088870482479278,-0.00616220405442149
2018-09-10,0.0004911401011213417,0.0003706656939624464,-0.00014695902895172272,-0.00044804798309387386,0.0038970234103672357
2018-09-11,0.0012943310116589894,0.0003627444246231003,-0.0010064300541993006,-0.0011475559614272403,0.0003621438957975216
2018-09-12,0.001956146757363004,0.0018866223436149957,-0.001501320408311362,0.0008003132835981507,0.002299138620899192
2018-09-13,0.00041054414781440546,-0.0006756496970721861,0.0003958760099203963,-0.0018230765391857224,0.005327078122131884
2018-09-14,-0.000574463813861287,-0.0003256352057567843,-0.0011697855162003336,0.0003258558031165768,-0.005610955196663381
2018-09-17,3.421757243760866e-05,-0.0001283219342443922,0.0003519781638182409,-1.7108639863608244e-05,0.005053570769299146
2018-09-18,-0.0008885851575790136,-0.0007264181496657329,8.559665151124694e-05,8.547848720210994e-06,-0.001207445201524422
2018-09-19,-0.000994351139284282,-0.0008229606472081408,0.0008715267648950577,0.0008315509761244016,5.141035748493296e-05
2018-09-20,-0.0011391168826430074,0.0006378229194651849,-0.00011115053641595452,-0.0005785560084467976,0.0088799242566503
2018-09-21,0.0009623205440125089,0.0010562001629224492,0.001247946780406394,0.0008848579274398789,-0.0024403010192748254
2018-09-24,-0.0012541949374630164,-0.0009321797578489259,0.0016164163323466644,-0.0003222769744036038,0.00029798265961414745
2018-09-25,0.000500574823055398,-1.696698225307639e-05,-0.0010286885978820924,-0.00048360208127829103,0.0013950800180231842
2018-09-26,0.0003324538963953407,0.0002301113493401088,0.00011896163501317358,0.0011244091648474543,-0.001897444975435475
2018-09-27,0.0012322227774681676,0.0015488688226874292,0.0005892777248472896,-0.0015062563825534946,-0.008845375812496588
2018-09-28,0.00040582138372180867,8.632745736477485e-05,0.00011188233432638523,0.0024831452120521024,-0.003132559640434399
2018-10-01,-0.00037938230119291685,-9.476590674362413e-05,0.0005519239864834143,-0.0010354111506933018,-0.003140072110214948
2018-10-02,0.0004679497819301279,0.0005113249928326808,-0.0018644506790630704,0.0010564143511807996,-0.002422167465931366
2018-10-03,0.0005461094174895932,0.0002687670975893512,-0.0007257333248677291,-9.53309501315955e-05,-0.005663030950854281
2018-10-04,-0.0003472011284195189,0.0004860393961169653,-0.000983476800028363,0.00020833514255168351,0.002766036939185881
2018-10-05,-0.0002688416842212463,0.00028610939110814245,-0.0009999087872983672,-0.0018752284417957764,0.0007901329310401516
2018-10-08,0.002073713385806592,0.0006883961948228812,-0.0006616463045539621,-0.0013674709583665226,-0.0026334902862123286
2018-10-09,0.00020952464173722653,0.0002357882981333662,0.00012198522251291913,0.000994642970304592,7.832250601234504e-05
2018-10-10,0.0011543486806904059,0.0012587298908797839,-0.00025231323516776265,0.0003035546269857599,0.0029977474192154118
2018-10-11,-0.0011160474051016792,-0.001253853601774379,0.0005369639150704964,0.0005192467577203267,0.005597747837830556
2018-10-12,-0.001030084618607471,-0.0009522985742620398,-0.0006558226062387757,0.0011944537227766585,-0.002903110784577524
2018-10-15,0.0001466952581230805,-0.000232932316961132,0.00018153291630612696,-0.0002934120389023387,0.0026368701383207007
2018-10-16,-0.002337185145168198,-0.00037087349757746363,-0.0005953125782450766,-0.00022451922756093487,-0.0008897066714552737
2018-10-17,0.0004939277319518177,0.0002686902234592081,0.00038906637530775984,-0.0011875713830110685,-0.006345870052903077
2018-10-18,-0.0007832966744851297,-0.0006264683055316948,-6.080004171015949e-05,0.0003046882844811431,-0.003729169354677318
2018-10-19,0.0016906764116757483,0.0007573680517677466,0.0003581270865328879,0.0010443501610622082,0.004876486757217989
2018-10-22,-0.0005837177759689892,-7.844401933735628e-05,-0.0011280219164630416,-0.0005404604505799731,-0.00424762145497777
2018-10-23,-0.0012734188651695128,-0.00041001662450278637,-3.488209851063069e-05,-6.982325990184795e-05,0.0005929646662170346
2018-10-24,0.00028066482664594703,0.0007192036445605828,-0.0010073802398030257,-0.0007193613785079551,-0.006542030363922255
2018-10-25,-0.0006060473165889487,0.00046577642695145216,0.0004998750416512148,-0.00019330972671710394,-0.002099355592747848
2018-10-26,0.0008100303323808072,0.0003697703944092181,-0.0004834803647320853,0.0006598656752966756,0.002380106603540946
2018-10-29,0.000351595809083951,0.00021090928342657172,0.0005007445385114741,0.0008257638784674182,-0.0026958099580178963
2018-10-30,-4.398098263013114e-05,0.00036070434511949407,-0.00020220402454902307,-0.0005015199679267696,-0.0026501976744657593
2018-10-31,0.00037990396838115723,0.000574440930129489,-0.001780991477642206,0.0008741143527238876,-0.0022595289318144748
2018-11-01,9.64248303452299e-05,0.00021040634803442832,-2.636609320569417e-05,-0.0010699596716359442,0.007675688618905406
2018-11-02,-0.0014538323297091835,-0.0009811738077882672,0.00115450224919422,-0.002738236953418919,-0.0016235265677851894
2018-11-05,-0.00017540628525689929,0.00021929343742638766,-0.0005271805627618695,-0.0008160436378075538,0.0009383701988685772
2018-11-06,0.0,0.00018394993109956083,-0.00013156105987037088,-0.00028039184944419625,0.0028797653068846087
2018-11-07,-0.001010849286545754,-0.0009325879117004991,-8.704318647853082e-06,-0.0009420549705364417,-0.0007607123081972454
2018-11-08,-0.0009101809612887208,-0.00045514223980455795,0.0005342278126942311,-0.000595566550268175,-0.005666681830319896
2018-11-09,0.0002467373405418645,0.0009250898217059429,0.0005555580193949266,-0.0022846466751927814,-0.0030660006573431293
2018-11-12,-0.0015816461299184102,-0.0010568994753451832,0.0005596343868161422,0.0008089069087045879,-0.00887924900896378
2018-11-13,0.0014987653513484753,0.00024831280446145274,0.0003025718631253823,0.00016835986517795958,0.007765909139780903
2018-11-14,-4.4199481105141804e-05,-0.0009546118195214102,-0.00012423131887529342,-3.536099152593954e-05,0.00010608578814005838
2018-11-15,-0.0008132453355119921,-0.00044190301831846865,0.0009923712282496025,0.0010517896860135168,0.001069069966861962
2018-11-16,0.0004824032546134373,0.00034219681915407916,-0.0008912224013162246,-3.5076027292751434e-05,0.007933617703283866
2018-11-19,-0.0010036349880491653,-0.000750600078880357,-0.0006916325868298771,-0.0005502447854659568,0.0035159258518067263
2018-11-20,0.0007367581223165271,0.0009122487562924731,0.0004199034283825603,-0.001263346456511276,-0.007176152448147832
2018-11-21,-0.0011752016296911994,-0.0005351698853411906,-0.0007381436024392438,-0.0005617780422314138,0.0014323313857777977
2018-11-22,-0.00016661332155906786,0.00034201676215531043,0.0018048016113293545,0.0005085221404387988,0.0012636679639354551
2018-11-23,-0.000995915068192834,-0.00074015987307013,-0.002085139522786333,-0.0007762674278116004,-0.005946115612347453
2018-11-26,-5.289372769774804e-05,-0.0002732710116132946,-0.0010291912960993918,-0.0007319837526595247,-0.0004058190984755483
2018-11-27,-0.0018498936497480134,-0.0010181271767684846,0.00016794763608979926,-0.0004164765260484365,-0.003163972272429458
2018-11-28,0.00039891318848428556,-1.773096802258125e-05,0.0006114338313385797,0.0018948790822392607,0.006194811596936739
2018-11-29,0.0005796337930695409,0.001238879894863551,-0.0011791624034355598,-0.0008607893442294064,0.00220567325081359
2018-11-30,-0.0019781876014207823,-0.0005562496556498021,-0.00037820984060285865,0.0011838503017061709,-0.006826085315047197
2018-12-03,0.0004139309851214512,7.925011781614848e-05,-0.0018493246431247324,-0.00014089344076295435,0.0010486291677902207
2018-12-04,-0.0013198069718673106,-0.0007219517662428976,-0.0005610934455438657,-0.0012510243290713458,-0.0010309960598665073
2018-12-05,0.0010583318152212016,0.0011377017009470915,1.76394842217781e-05,0.0004406412282346294,0.0005552838039477409
2018-12-06,-0.002729903778769763,-0.0016416977257639864,-0.000891238129859743,-3.5159889601559206e-05,0.0023850921117646554
2018-12-07,0.0009747231372760633,0.0008518075078931024,-0.00023756417643960718,-0.0004916334620472799,3.5161744026096814e-05
2018-12-10,-0.003915686164839962,-0.003267345292583982,-0.00014901496751436308,-8.796815552699503e-06,-0.0038320621350884966
2018-12-11,-0.0009095766680465446,-8.8331419543322e-05,-0.00022845494264964482,-0.0003357810032521069,-0.003051525483661287
2018-12-12,-0.0008797241752523215,-2.6386964840846532e-05,-8.822660120383778e-06,-0.0002376582749273596,0.0045122532913074425
2018-12-13,0.0017103063324508513,0.0014630451570593083,0.00029013412312658374,0.00044032690580406473,-0.0008356975261500457
2018-12-14,0.0007615472173097373,0.001000863660529581,0.0006995391296634294,0.00015046977577408622,-0.00524120388391006
2018-12-17,-0.00012349381664501107,-7.940884530487625e-05,0.0007323583588973393,0.00023815299237130418,0.003990576247540584
2018-12-18,-0.0010292546730251272,-0.0009412179350311799,0.0008698517846660452,0.00015841584191540365,0.002332224017647172
2018-12-19,-0.0003761552603301341,-0.00035003894540636647,0.0015974444291572993,-0.0005863845187473028,0.0009401511084668939
2018-12-20,-0.0007442854546830555,-0.00037673858730568634,-0.00015687778381303356,0.0017503789662594155,0.006128811374464847
2018-12-21,0.0023415004186493472,0.0010262483632090902,-0.0007352941507754992,-0.0012446097739583638,-0.007719677853102157
2018-12-24,-0.0006568777523991627,0.0009288875925312327,0.0010175082453959723,0.0001839692688906061,0.0023889207647823274
2018-12-26,0.00043833887803300874,0.0004909223301686669,0.00014931468976870133,-0.00042080163330903786,-0.004654602400056017
2018-12-27,-0.0008407851326018589,-0.00019274237413133852,0.0004122391220675597,0.0002978589222007643,0.0061692567487714525
2018-12-28,1.7477934108507852e-05,0.00027967383221825094,0.002103527455957184,0.0002796054086913189,0.0009618832665655258
2018-12-31,0.0007166579576086609,0.00048085540730424754,0.0012409443255001604,0.0007859850543492263,0.002226754270054514
2019-01-02,-0.00028177447661916085,0.00029057864979712013,0.0002885334216035735,-8.806731865709695e-06,-0.013094468561680948
2019-01-03,0.0002106149965663758,-0.00031593635900424366,-0.00033409237085539346,-7.020007022897442e-05,0.006854048504419881
2019-01-04,0.001035024257582443,0.0017459743943099896,0.0004736759092792073,0.00021914734240067383,0.0003862325694733981
2019-01-07,0.00032264112559004035,0.0007241477403280112,-0.0003845952182783603,-0.0001569475449650825,0.006002875281025225
2019-01-08,0.0009092419821905675,0.00018354477451479215,-0.0003057556337454177,4.369273521574967e-05,-0.0018922141492835097
2019-01-09,-0.0010152417277283765,-0.0002344329988205277,-0.0011960000901850812,0.00039059957530653445,0.00842199899698099
2019-01-10,9.548818340990709e-05,-3.472493511110586e-05,0.0005901189955252158,-0.0003038576927591242,-0.00398921707409401
2019-01-11,-0.00012201711740990147,-0.0002701348512166189,0.0007290021672200625,0.0005750932506622668,-0.0036998871302792316
2019-01-14,0.0004883025480039682,-0.00010465633485630948,8.72429060632276e-06,0.0006884501864502003,0.0011250508113595846
2019-01-15,-0.0027157265924240754,-0.0019604760432065703,-0.0003148862499451478,-0.0007985994219926553,-0.005112150498201685
2019-01-16,0.00038593444856220685,-0.0003069946563184739,-0.00029805736948341073,0.00035072029539426835,-0.0012887108102177
2019-01-17,-0.0007113593850316799,0.0007821253996259423,0.0005879281843983677,0.0002459592422799594,-0.0006493677667923038
2019-01-18,-0.0003784828165575468,0.0002111969595489055,0.00035958131090856656,0.0003256798595794416,-0.0026897095333505206
2019-01-21,0.0007743957020840478,0.0002903511069136108,0.000553804784786838,0.00012314404350218138,0.0003343039910079827
2019-01-22,0.0002376791958264986,-8.800415385289718e-05,0.0002816529526166023,-0.00022887525518266967,-0.00048389722967260397
2019-01-23,0.0017051351539398786,-0.00047448334926463516,7.045106295962197e-05,0.0002283024842200222,0.002004449140095996
2019-01-24,-0.0018668221902464306,-0.0005020058320485501,9.694662214726901e-05,-0.002126430737156151,-0.006476164439958589
2019-01-25,-0.00030694081106733397,-0.00016665424107818982,0.00044125953836559684,0.0005436593669620455,0.007976868999489947
2019-01-28,0.00041113206228253057,0.0,0.0005783892896320948,0.00031479538560049005,0.001462212579007531
2019-01-29,-0.0004902218351933096,0.0003941335463041993,0.0002446974939455288,0.0003151701945123268,0.000472354169435464
2019-01-30,0.0007180888636999438,-0.00017508995291056083,0.00016619069107966277,-0.0005253802560364789,0.004406619667334644
2019-01-31,-0.002021875280267218,-0.0010975324046241992,-0.0008538966084155625,-0.000811642311045931,-0.003235444425305661
2019-02-01,0.00156133504030583,0.001169029576974484,-0.00030516913145925645,-2.6147550629909827e-05,0.0005676137235474106
2019-02-04,-0.000498668041775902,-0.0005774278375661594,0.0001310690429903441,0.0009271489087911521,-0.0016951229964697358
2019-02-05,-0.00046463310163176946,-0.0002717141233557643,-1.7512674798761297e-05,5.2610811533880216e-05,-0.0022938601173412287
2019-02-06,-0.0005096571348083743,-0.000140587656635426,0.0005706184341678528,0.0002548610362033596,-0.0037849726625424395
2019-02-07,0.00036992020714598714,0.0002289558741586954,-0.0003527554647535567,0.00014088599704538196,-0.0024136940338193046
2019-02-08,-0.00013239830726030505,-0.0006001553523357942,0.0009795314034672267,-0.0002560197767191597,-0.0015446472229005295
2019-02-11,-0.0014445170691672433,0.00019510464765666518,-5.308419154017659e-05,0.00016848676753658884,-0.003999615989158624
2019-02-12,0.001973268610965897,0.0010974617874969046,0.0007447997365101338,0.00027400287432517175,0.004873506578949724
2019-02-13,-0.0006731323047665102,-0.0004605682785305247,-4.417800201276479e-05,0.000248048831455577,-0.0061067000405016555
2019-02-14,-0.0007802802311119366,0.0002483788855235064,-3.5487104876863854e-05,0.0006916426788684579,0.0026685240997629343
2019-02-15,0.0003373250158482963,0.00040822484881310005,-0.0006028208652184234,6.212640951288149e-05,-0.00019480059564322598
2019-02-18,-0.0004862587788159273,-0.0004420905650300963,0.0010776339031233516,-7.95921345705263e-05,0.001468623915886079
2019-02-19,0.0006444237706407324,0.001121051610744966,0.0007516636438182989,-0.0005649518175756298,0.002516413189467635
2019-02-20,0.0007753031118554426,0.00032602997121011367,-0.0002027476724018847,0.0011266416711212402,0.0005465926257920234
2019-02-21,-0.0007143770891759501,-0.0005817643489658979,0.0010942561474517956,0.0002293618457803788,-0.0005554110845901655
2019-02-22,-0.00022933959119315138,-0.0011104062054649625,1.7637461969777198e-05,0.0013135798698309187,-0.0006969040980373839
2019-02-25,-0.0009073251709263437,-0.0005640356902097512,0.0012328503296323392,-0.0003349493200112705,0.0019994105318876555
2019-02-26,0.0015311647761308749,0.000519240512425201,-0.00018479164794344544,0.00011430329953307546,0.0024870715922546173
2019-02-27,-4.3930747576504594e-05,-0.0009044092760844893,2.63253728345716e-05,-0.001028530830114806,-0.0011856407141474777
2019-02-28,0.0022508670062007003,0.000579969963268631,0.0009826975837323065,-0.0008434815197752187,-0.0005713657995237965
2019-03-01,-0.0009486833339189531,-0.0004215999781382203,0.001328518018212673,-0.00019336069740413304,-0.0008532611364654626
2019-03-04,0.00027393992050316876,0.0006979261276740667,-0.0005643938207597692,0.0009890935588012537,-0.0034080284492836173
2019-03-05,-2.6563835111004644e-05,6.195594933990938e-05,-7.946072657768692e-05,0.0004957419410675512,-0.0026675868871971244
2019-03-06,0.0012462492608626605,0.000379846917427575,8.849205120357902e-06,-0.00022085293492900225,0.0006101092638485829
2019-03-07,-0.0006322210312763065,-0.0008988124712403944,0.0003448169188965425,-0.0012656424378340678,-0.010208476590246226
2019-03-08,0.00019578353523003265,0.0007211763499632159,0.000499357978703184,0.000489291204744224,0.002951524941189454
2019-03-11,-0.0008101744098642528,-0.0006589257967432819,-0.0008802621793388233,0.00048084201704717665,0.0024543599419249626
2019-03-12,-0.0010722531189986048,-0.0010105667124833458,-0.000363779943766301,0.0013202140841287067,0.0024306306764825016
2019-03-13,0.0001591835655174933,0.0004066621930931366,-0.0003364231172117214,-0.0003803138962122279,0.00387323182386662
2019-03-14,-0.00019467820638963037,-0.0007255224964781805,-0.0008313655214532237,-7.965200926414459e-05,-0.0021116159935577377
2019-03-15,-0.0008561833284830568,-0.0008737980317397484,-8.832478791115302e-06,-0.00045928687688529554,0.001555430177849169
2019-03-18,-7.056727269245384e-05,0.0004851136363554782,-0.00020265656390257652,-0.0006441565081794122,0.001483103488773682
2019-03-19,-0.0009514832402219941,-0.0008102086730429053,7.926966222052213e-05,0.0004758547851513437,0.0016042171424811272
2019-03-20,-0.00034349279663439944,-0.00017619437809317695,0.00029075018156437225,-0.00011452382328272754,0.006513765975206857
2019-03-21,-0.0012411372521571732,-0.0005281132397502658,-0.001412522552271605,-0.00022903049729276848,-0.004797812914448684
2019-03-22,0.0011784565357110654,0.0005672300713114026,0.0010521523673691947,-0.0008327501610769099,-0.006465549269737725
2019-03-25,-0.0009006305021864704,-0.0010156005942117002,-0.0002120609683229131,-0.0008218706414117723,0.0017337005572021866
2019-03-26,-0.0005314531826270455,2.6585492298482453e-05,0.00031808583284180026,0.0001063132343259978,-0.0036566673029016276
2019-03-27,4.4438716795018615e-05,0.0004443575551690049,-8.865051749905275e-06,0.0011103265944682305,-0.0019266716723992012
2019-03-28,-0.0008551881935110515,-0.0005343640749509126,-0.0004799189562335478,0.0005434855375071854,-0.001983818744282088
2019-03-29,3.563601375901716e-05,-0.000258277114966481,0.0006331287023244047,3.5634743878994574e-05,-0.0010602423513096579
2019-04-01,-0.0013268447534851532,-0.0016472341327428831,0.00040918714655867637,-0.0001514969235655262,-0.002327210227201399
2019-04-02,-0.0005355804034190569,0.00029456527288440593,-0.0001696845211601328,-0.0008128447780123695,2.678033430938285e-05
2019-04-03,0.0002492411510041274,0.0010235552078051138,0.00041810669446337885,-0.00044511707313752303,0.0030393670144801665
2019-04-04,0.0006064768342291508,0.00045480691555397685,6.229891913382301e-05,7.132604027608768e-05,-0.0014160334733180192
2019-04-05,0.00044531925672904434,0.0002583829695450283,-0.00022266656664453045,-0.0008017174998944356,-0.0005705422088549181
2019-04-08,6.211483259832834e-05,-7.986759731466306e-05,0.00039175533599911095,-0.0008521971221476315,0.003915118227806641
2019-04-09,8.865130339668705e-06,-2.6596569930531135e-05,0.0010115441106006583,-0.0005409168228438833,0.00033740588471821534
2019-04-10,4.4476665324846044e-05,-0.00025790501234598454,0.000425958635208813,0.0007913538342392024,0.0009317142884659211
2019-04-11,0.0007988355178765003,0.0002485111532166829,-0.00014184522936216891,6.210491296227953e-05,-0.001597756380304819
2019-04-12,0.00011486686501180419,0.00037117557030421516,0.0019294261076830048,-0.00028277294404820195,0.003617923288036439
2019-04-15,-0.0002476451611294513,0.0004866158617773886,0.00018554596954589456,0.00018573962012153881,-5.309123730370418e-05
2019-04-16,0.00017703815218410773,-9.736538137312934e-05,-0.00013262658121381988,0.00023010275074334915,-0.0013813624553368738
2019-04-17,-0.0008409796580226683,-8.849283429149069e-06,-0.0002916418128977954,0.0007878860717153418,0.0011070128171293296
2019-04-18,8.891062259868608e-06,-0.00013333985236794888,0.00011546164687787882,-0.0003290219629608975,-0.005912344335765561
2019-04-19,8.003450380642383e-05,6.225016565008593e-05,0.00026678761196595306,8.002809879737691e-05,0.0008454929059526142
2019-04-22,0.0004887520480476553,0.00019549473559395437,-9.781386030199562e-05,-0.00011550165491186689,0.0013599337239521522
2019-04-23,-0.000651410594625353,-0.0006510271743934659,0.0010133604429942889,0.0004462174223772803,-0.0031671497240441044
2019-04-24,2.680881295224417e-05,-1.7869747411727487e-05,0.0014364165221999671,0.001062836981383129,-0.00603280987059418
2019-04-25,0.0005833913150406631,-6.281378854463383e-05,-0.0007085742258858672,-0.00022434099925840447,-0.0018753398379729607
2019-04-26,0.0006993320767375778,-3.586286042565173e-05,0.0002872505652555778,0.00046594982921882117,0.0007810711845169218
2019-04-29,-0.00044820539313912474,-0.00018828592618318674,0.00015231405395384732,0.00098578682727164,0.003080866153455673
2019-04-30,-3.565729771555494e-05,-0.0006148499826125651,0.0008483847710305736,-0.0012577327682802967,0.0028306749563060825
2019-05-01,0.0010860180705459276,0.0014687362164587676,-0.0003830410836121484,6.22767489959528e-05,-0.0014009416260542076
2019-05-02,-0.0012334866327349536,0.0003398349150474232,0.0002586318390207794,0.00015203344765130913,-0.002413862097926186
2019-05-03,0.0029894585749300666,0.0013248829237733474,-0.00047470410256533464,-0.0002055746489008549,0.002574579253935349
2019-05-06,0.00038431804131207467,0.00023236069634024225,-0.00016090823795504068,0.000339507003359284,0.001376585748934338
2019-05-07,8.942544159765812e-05,0.0001609024845026689,0.0003483029198882692,0.0004112540624597462,-0.0001161320869793716
2019-05-08,-0.0002142608455431015,-0.0003482127347117217,-0.00025881418624703993,0.00021426084554307086,4.466778336867634e-05
2019-05-09,0.004324090098746975,0.0033418767873841463,9.833764685922435e-05,-0.0011482948195419172,0.002150624822209256
2019-05-10,0.0,0.0001867654453779729,0.0001870265894919051,0.00031136435663477955,0.0013184269871133805
2019-05-13,-0.000488587060385862,-0.0004619512190602468,0.0004718766085733998,-0.001164687866429375,-0.0009260166810470799
2019-05-14,-0.0005797696247169427,0.00011595185335288178,0.0002846975108197408,0.0003300639194278246,-0.0016582864611074776
2019-05-15,0.002383706227770751,-0.00035757386516059825,-5.3505979305932256e-05,-0.0009099587578012732,-0.00022309775790056203
2019-05-16,-0.0016543044741428982,-8.939106810404302e-05,0.0008651098203307733,0.00047421565173974556,-0.0028332048892671727
2019-05-17,-0.0010206731956633995,-0.0002506557346147423,-0.00014316392293596227,-0.0003583779850926296,-0.001486842614884212
2019-05-20,0.00011643581041289869,-1.7913923597566228e-05,-0.00025982054609941294,-4.478139960547186e-05,0.0005374466041815761
2019-05-21,-0.00034969581304223,-2.690546764110259e-05,-0.0011481057518320829,0.002776262071034446,-0.0004299341729533275
2019-05-22,-0.0001701723671053839,9.854820583050652e-05,0.0011921035763161826,-0.001003710227113802,-0.0008693899133718956
2019-05-23,0.00318045279547821,0.002129543492228556,0.0008169825072525127,0.00017041657925499028,0.002740046665385972
2019-05-24,0.0007772472439423341,0.0002590824030538607,-0.0002950050306341998,0.0005713826722960174,0.0019028651447105087
2019-05-27,9.828404991797405e-05,0.00017870386137238954,,-0.00013402609954961997,-0.0009733143010667926
2019-05-28,-0.0005183662641765281,-0.00043786945934631697,0.0005094038744415491,-0.0013149951576237062,-0.0024956517968902536
2019-05-29,0.00043957424802752775,-0.00011668978035161086,0.0003406819050171822,-0.0009421815338482858,-0.0027084246718654466
2019-05-30,-0.0001887428384437441,0.00017984802890069125,0.00026942316663334945,-8.988642849638343e-06,-0.0005389721930997936
2019-05-31,0.0009586826464572143,0.0006811989364233845,0.00021534513627536798,-0.0020259616797708275,0.0034533673223657714
2019-06-03,0.0011784768659383281,8.926021142737777e-05,0.00015214502134756766,-0.00034804182207631815,0.006808848325212527
2019-06-04,0.0010853128011329572,-0.00044503387442252333,-0.001412812397626762,-0.0013345672645234648,0.0008089788195389211
2019-06-05,-0.0013398702064397784,-0.0007186936057256455,0.0008781851405981993,-7.103660163896223e-05,-0.0023754565238470735
2019-06-06,-0.0003105796772752927,0.00038194552855272065,0.0006585329192964571,0.0013215138132270394,0.004434951787921626
2019-06-07,0.0012455446892431744,0.00013251176061274442,0.0005682121004488243,0.0008383228739799587,0.005033204049665718
2019-06-10,-0.0016184310061652008,-0.0015042653174577546,0.000531180295077502,0.0014328424025401355,-0.0012632343124089004
2019-06-11,-0.000309224159054925,0.0004063353028782517,-0.00021210219870418238,-6.185630781677542e-05,0.0012455776982407917
2019-06-12,0.0006274496147313614,0.00017676276715101728,-3.527710163678672e-05,8.834156387983203e-05,-0.0031655669627759578
2019-06-13,-0.00026604943355387555,0.00039024044627895273,0.00015050307895734505,-0.0002572484191190255,-0.001249529373645054
2019-06-14,0.0001156825494165161,0.00021347755008838823,-0.00032791970692448995,-0.0011485197378908604,-0.0064228810532592
2019-06-17,-8.897984612352165e-05,0.00048042278127968633,0.0001604878835090556,-0.0011485504154017535,0.000918351489993444
2019-06-18,-0.0013129984245678502,-0.0004821816132211454,-0.0037177912628743696,-0.0004559331734599902,-0.0023555245239156824
2019-06-19,0.0007672954106754086,0.00035697075003812164,0.00010714381388650732,0.0003477656094864641,0.0030771313329868103
2019-06-20,0.0007875235447386082,-0.0002567041852454043,-0.0011600261642554783,-0.001123958576110581,0.005674492068978516
2019-06-21,-0.0006713899791061413,-0.00036193023969104235,0.00022110295085614682,0.0003269172177536366,0.006619384474631778
2019-06-24,-8.784875963214789e-05,-8.786226711174262e-06,0.0005708188771109407,0.0005533183873611851,0.0020816780390451655
2019-06-25,-4.3890642083148194e-05,0.00021950523608113372,-0.0004917975298476579,-0.0007903611483511163,-0.0024950156582132406
2019-06-26,-0.0003609202625481195,0.00021133830056996685,-0.0003432902200403472,0.0017154096337182205,0.0004748839261890284
2019-06-27,0.0003430969370467806,0.00016720127111909835,0.00033420990451886316,-3.518401238843646e-05,-0.00048368020008737343
2019-06-28,0.0002635578568674275,-0.00038650059334637086,7.903229351423634e-05,0.00046544918881718145,-2.6389285951448197e-05
2019-07-01,-0.0006880734216425197,-0.0010497392053536033,0.0008916236526657261,-0.0008121827857625667,-0.006886532314296949
2019-07-02,-0.0008144404270977117,-0.0007790575568651764,0.00027458778788334035,0.000230235195122996,0.00017717145814161024
2019-07-03,-0.00040737166142243626,0.0004958560702292432,0.0002924922576881766,-0.0008152415161312747,-0.0008684402296864552
2019-07-04,0.0004610705785654922,-8.866623811446061e-06,9.74905058313441e-05,0.00015955183695752435,0.0005052049511180539
2019-07-05,-0.0013013523420280352,-2.673498941892489e-05,-0.00019529516262680488,0.0008291393919456298,-0.005500060513213815
2019-07-08,0.0,0.00037440830554078734,0.00017806267853311562,-9.807461703044681e-05,-0.0010158979985425876
2019-07-09,-8.921641231035339e-05,0.00017849652425407336,-0.0006247713094042866,-0.000124916350820462,-0.00070460538326011
2019-07-10,-0.0006311756522408958,-0.0008806615315360147,0.00039221629448354554,0.0003467514316011808,0.004042496178009018
2019-07-11,7.996055283638455e-05,-0.0003109991539232903,-0.0003458842031919432,-0.00031099362713712134,-3.554544485501825e-05
2019-07-12,0.0006135651438512557,0.00021339593028237995,-0.00023083411120378063,0.00030219804867826465,0.001491821897432478
2019-07-15,-0.0003195228486018427,-0.0002130681826242234,-0.000727214711142638,-0.00031074512491192425,-0.0006480565190033413
2019-07-16,-0.00065974236779837,0.00020501575573309464,-0.00032008251289087134,0.0009627213665426599,-0.004557114124098405
2019-07-17,0.00033880171508103986,-3.5659522879349355e-05,0.0002854619596723339,0.000632716826868456,0.0015510374556119456
2019-07-18,0.0004724149852320904,0.0003654856765844538,-1.779691935368226e-05,-0.0004634994289236717,0.004461396829507193
2019-07-19,0.0008283418051405246,0.0005875597744015184,-0.0009858649097877843,-0.0007927000758001151,-0.005156392001425948
2019-07-22,-0.0005704811806796484,0.0,-0.0001426253768618182,0.0006239471095292617,-0.0007580250689588958
2019-07-23,-0.0006002212936244119,0.00020607749482716407,-0.0008402385341443445,-0.0009951899975454606,-0.0051429630324505505
2019-07-24,8.072074662097784e-05,0.0004752106034494326,0.0,-0.0005382614286230878,-0.0008073849242315424
2019-07-25,0.0006892940380428814,0.0014048150773321808,0.0007098667276260501,-0.001567265085562047,0.00043965707456928145
2019-07-26,-0.0008711623382590364,4.4918181539792055e-05,0.00016165389935434967,-0.0005482333094673237,-0.0020473961229224365
2019-07-29,0.0007908406688577791,0.000629026916133739,0.0004225991709815164,6.288093497029476e-05,0.0016162780642858224
2019-07-30,-0.00015253819092369606,-0.0004935546352989381,0.00019741565031793152,-0.00041286709856231177,0.0008250899547031308
2019-07-31,-0.0009514150771979958,-0.0005834122601271099,-0.0008072690527831329,-0.00030536271040120796,-0.007667217172119885
2019-08-01,0.0010591159635632526,0.0007332473680417903,0.0009693566315181509,0.00047940157130705864,0.0011736878615716925
2019-08-02,0.0011444999920057046,-0.00010810323869801875,-0.0011888037712615208,-0.000135108965586154,0.0020731560849621164
2019-08-05,0.0024763441450890247,0.0002682979196174612,0.0009248078091581147,-0.0013581010119895927,0.009515774505261839
2019-08-06,0.0006798826569770362,0.00012530094618604692,-0.0012226195027027567,0.0004470392664324655,-0.0010707021259147367
2019-08-07,0.0003830240238517092,2.671998788844523e-05,0.0004199784711070282,-0.0013010972043915599,-4.463747674024367e-05
2019-08-08,0.0004643437655986789,-0.0005089853888207514,0.00029417139707327706,8.034530631510419e-05,-0.0006966027502782328
2019-08-09,-0.0006787653875921683,-0.00042885861724976205,0.00042896209705305794,0.000768042333665687,0.0003215692607499925
2019-08-12,9.807549145907812e-05,-8.02514546008483e-05,0.00019696318642684277,0.00022286307830492717,0.0012490633649930036
2019-08-13,-0.002580185794088639,-0.0009824236286017072,-7.148409928622179e-05,8.939106810392116e-05,-0.0038592840338981115
2019-08-14,-0.0029654072733762,-0.0019250145843846198,0.00036668202372142506,0.0003947002571940314,-0.0027965527431150017
2019-08-15,-0.0025617415865695882,-0.0004587135414419023,-0.0006369626964201613,-0.0002880443608227617,-0.0032275348186090688
2019-08-16,5.419564629627049e-05,0.00027093173589121415,-0.00024359766808026328,0.0027150521578515113,-0.0013696780695013208
2019-08-19,0.0006396944100724007,-4.504971236504608e-05,-1.8012825132094314e-05,-0.0006847587394102948,-0.0011546095455527555
2019-08-20,0.001064492076233703,0.001119740048366451,0.0002889938518610782,-0.00020739685462323217,0.0016323000562564133
2019-08-21,-0.00016217677303770976,-0.000117151418342009,0.0007569954851644992,-0.0004326000229690482,-0.0008834559928425146
2019-08-22,-0.0006225667091814643,6.313501424891324e-05,-0.000324233775390408,0.00014439781623400643,-0.0006676169930942596
2019-08-23,0.0005238439426149166,0.0009300688289244791,-8.130411809829292e-05,0.003227321422293001,0.004996296937298719
2019-08-26,4.4970701595670495e-05,-0.0003868071814452071,-0.0006477616463723649,-0.0005487807758581827,-0.004359929776292562
2019-08-27,-0.000396457120246479,-0.000549561940901926,0.00012603188623399976,0.000531577039380302,-0.0006037967281023861
2019-08-28,-0.0003609782549801541,-0.0004603449057479824,-0.0007121448028192485,-0.00022567759794287016,-0.0011003879526504065
2019-08-29,0.00023498151888101017,0.0005060820322375495,-0.0003249009531932716,-4.518446558846938e-05,-0.0020778008089634217
2019-08-30,-0.0001811495756996421,0.00022640108406994338,0.0004438586790626441,-0.0024850591879816545,-0.006341336415200379
2019-09-02,-0.00011857473186356826,0.00040131705497616803,-5.462938516005751e-05,0.0003465635522795858,-0.0015668130408641003
2019-09-03,0.0026371395492010407,0.0020808623005363503,0.0006486950949493754,-0.001030302845149125,0.00019142855899072632
2019-09-04,0.00022695396109373499,-0.00019973671136364196,-0.00021835253102731503,0.0011702645316659997,0.005716820157709938
2019-09-05,-0.0006595322980739179,-0.000641202230955462,-0.0005980102746035817,-0.0017186331150390417,6.343768835184775e-05
2019-09-06,-0.0001901132084613991,-0.00039811439075962234,-0.00047994422701682813,0.00010864054475807737,-0.000888494061115167
2019-09-09,0.0010675352712387531,0.0010402768979022828,3.626210248061986e-05,-0.00023512176702843813,0.0020203582814671186
2019-09-10,-0.0005254337213785609,-0.00013590711222828894,-0.00022639288317485102,0.000652221198568263,-9.050797601714562e-06
2019-09-11,-0.0007277623449496082,-0.0006729291768664742,-0.00019943794826342073,0.0006731985371097746,-0.003617821015045257
2019-09-12,0.006008313515997938,0.000933931238062906,0.0007348972155153433,-0.0020743230789835505,0.004929332199376614
2019-09-13,-0.001869252256631957,-4.517507601469124e-05,0.0003786273901013662,0.0017158704122303095,0.0006776935187241557
2019-09-16,-0.001153062325019065,-0.0016072283317241098,-0.0007770148565854354,-0.0008361204500485702,-0.006587704770267272
2019-09-17,0.0007974048520537134,0.0002628013735168301,-6.355287828585186e-05,0.0008510715866496502,0.0065244807993293085
2019-09-18,0.00031657162245029826,0.0003618337775121848,-0.0009139734498046517,0.0002351026324239735,-0.0035469372497830536
2019-09-19,-0.0007414105222079434,-0.0009945391583199043,0.0002442322751521425,2.7134464842077612e-05,0.0008516884784865949
2019-09-20,-0.00042662697564956487,7.260648197534791e-05,0.00037995983738892125,-0.0006357394772188563,-0.0022395004486511915
2019-09-23,0.0004552448840811575,-0.00039130573762198546,0.00034624146131783653,0.0010371840475615235,-0.0019899057499622344
2019-09-24,0.0007087430103863413,0.001390397395943927,0.00015463894112248262,-0.0011360487632412456,0.0021986617013993143
2019-09-25,-0.0012295139504886054,0.00013655792125450493,0.0002454958346230481,-0.001322275052564112,-0.006857232171540907
2019-09-26,0.0003922946091554436,-0.0002463627293026502,-0.0005118081562333919,-0.0021915215184984084,-0.0023969857044963917
2019-09-27,0.0008503596253307547,0.000448182353690973,0.0007874232440333165,0.000493425571282657,0.0017754191540143443
2019-09-30,0.0011008064518054893,0.0005227751223077508,0.00035661218802908185,-0.0005685986947030282,-0.003974364205796719
2019-10-01,0.0016417729328262213,0.002614068839786866,0.00014691434002222733,0.0006779350724580817,0.0029776787878223435
2019-10-02,0.00032900148347446244,-0.0007036687016143712,-0.00036653197027254944,0.00021013873802224945,0.002722531990362727
2019-10-03,0.002615405033040769,0.003590210065413817,0.0023186828590819664,-0.0003550021200872022,0.0009301732434262746
2019-10-04,-0.00030082179270505296,4.558113671027053e-05,0.00029165679493633404,0.0008566481887218284,0.000473873193113043
2019-10-07,0.00022746193522617491,9.097277191222526e-05,-0.0008022755882144625,0.0001455484906462088,-0.0006196408104149322
2019-10-08,-0.0006835550596315257,-0.000236902051222033,0.0004915749614242032,-0.0011037881117928262,-0.0013590862466423383
2019-10-09,-0.00017306317304437006,-0.0001548192033546574,0.0005463137615732339,9.108961402516284e-05,0.0015596002924116706
2019-10-10,6.350617599696659e-05,-3.630719518245284e-05,-2.7230519968479333e-05,-0.001071072082061851,0.0032118529415019505
2019-10-11,-0.0009501016418530046,-0.0008233469062582189,-0.00029067127100822335,-0.0007063746071313769,0.002241268388564396
2019-10-14,-0.00010887118734775277,-0.00013608095930871155,0.0010250410233552268,0.00030843758465746193,-0.0010969933512621844
2019-10-15,-8.184533963561633e-05,0.00025459406024100063,0.0006985299404522523,0.003730788745178685,0.0006166402371772493
2019-10-16,0.0008329787619360065,0.0004615363813314773,1.8124807424430465e-05,0.00023528134327482897,0.0037821938353062743
2019-10-17,0.0002157303379153168,-0.00012584835290106367,0.0010286395796286674,-0.000962156743904958,0.004873993297062554
2019-10-18,-0.00037693854553125835,0.00018849549237440978,0.00031456857180129657,-8.976459235771347e-06,0.0039018576576124618
2019-10-21,0.00018818131773505384,0.0002599556297274171,0.0011996098230980857,-0.0013718468731762417,-0.0006635105329141787
2019-10-22,7.185133960942191e-05,-5.388414909252185e-05,-0.0008438137288261029,-0.0004042309561208922,-0.002208893937431403
2019-10-23,0.0003237526558008905,3.596313778773654e-05,-0.00022474031351466585,-0.00028777496196713467,0.0006470107431793494
2019-10-24,-0.0017086796067050617,-0.0009892442980911455,-0.0005480412156342339,-0.0004951631663771134,-0.00238342687559241
2019-10-25,-0.0007841193705200953,0.0003967144879865754,0.00036874980743676933,-3.606625371175652e-05,-0.0023620425511263993
2019-10-28,0.0004237383704398232,0.0003335812684481165,0.00024338905860983072,0.0003785079621982964,0.0012893280601013793
2019-10-29,0.00011697221923124563,0.0005129797485495836,0.0003610694917456895,-0.00044996805986039146,0.0012426724456213018
2019-10-30,-0.00010789717409801644,0.00018886165939634202,0.000989359964856279,-6.29453948907229e-05,0.0036022155273568914
2019-10-31,0.001067633320056103,3.585868094232702e-05,-0.00015223630686215245,-5.38029735239835e-05,0.0003586125319718279
2019-11-01,-0.0004477638747282771,-0.00048350704713301244,-0.0006011583694949177,0.0003940427945632602,0.0007168394855397925
2019-11-04,-0.00014351449072512755,7.172250565646156e-05,-0.0005644175226771736,-0.0006460702108203345,-0.003426934366616674
2019-11-05,-4.515916347945304e-05,0.0,3.5938258076619774e-05,-0.00014452302909288934,-0.004873510323790107
2019-11-06,-0.0005055246731474628,-6.319828463900902e-05,-0.00025247971279300713,0.0001715459453903888,-0.00034321119566664646
2019-11-07,-0.000352993889630168,-0.0006427870016215737,0.0005324549456844552,-0.0001176923252382128,-0.001600195619526353
2019-11-08,-0.00023592396098713934,-0.00036295994228140936,1.8118567908910455e-05,-0.0001815178527791072,-0.0031445569389515118
2019-11-11,0.0002718918249814519,0.00021751345950277637,0.0003354168492292895,0.00018122015580190808,0.0011697233442178605
2019-11-12,3.6325659541836546e-05,0.0004541862423315,-0.0010970828672502548,0.0004539594419808839,-0.002059265833141035
2019-11-13,-0.0003362184542905724,0.0004996389077365006,-0.00039944441445118663,-3.635471293812027e-05,-0.00021796781428256264
2019-11-14,0.0010360434974388383,0.0004908243220178506,-0.0003272578548366949,0.0005902464223088839,0.0009169606576411032
2019-11-15,-0.0004343694923732725,-9.048422633871434e-06,0.0004082614018339828,-0.00020820226472551698,0.002691547723283741
2019-11-18,0.001642762737544433,0.0010291317384342716,-0.00022603671836667972,-0.0006766357927823134,0.0016541554248376644
2019-11-19,0.00027982506602771936,-0.0002256246427781264,0.00015358832036196744,-0.0003881654716879127,0.0005146703740227484
2019-11-20,-0.001120407801033397,-0.00014454522483872974,0.0004066748961415248,0.00019887365260862547,0.0
2019-11-21,0.000334359005279438,0.00029803433034202525,-0.00042403273807162007,-9.939235138867114e-05,-0.0011109356032273966
2019-11-22,-0.0012594403045613446,-0.0004622433385577888,-0.000207946260203142,-9.06684075621493e-05,-0.004319974114803172
2019-11-25,-0.0006354970708653715,-0.00023607819745919266,0.0002269889920085111,-0.0002543119513075963,-0.0010983575667699208
2019-11-26,0.0001815804769660004,-0.00010892751792178274,0.0003449371431648382,-0.0003177874754922996,0.001052994777857951
2019-11-27,-0.0006455396617336319,-0.00020905955091979106,-0.00029978878741925463,0.0005637337507565526,-0.0015617342052336842
2019-11-28,7.269753285939659e-05,0.000190823221038996,-8.172048873391213e-05,0.00010903639100352898,0.0005904769862835549
2019-11-29,0.000644637050819272,-0.0004356507602027896,-0.00015448295947375593,0.00019058769133471653,0.0003359620122127938
2019-12-02,0.000812457729186825,0.0005688667515355776,3.631279844979894e-05,-0.0007402125289457979,0.005241182797615285
2019-12-03,-0.00026172458600613903,0.00013536501196096296,-0.0012097030481000286,0.0009923857766553923,0.0005144892003060813
2019-12-04,0.00013526979581357716,9.923991256971273e-05,-0.00011740428177868234,-0.0012903169382522946,8.121094547554237e-05
2019-12-05,0.0008021234167922413,0.0005047136758365379,-9.91781736702438e-05,0.0003783068113319421,0.0019020581309662453
2019-12-06,-0.0009952050038810807,0.0003892300987365173,-0.000297421895147645,0.0003077145880995247,-0.004467899535045312
2019-12-09,-1.80609738481378e-05,-0.00022580397601271792,0.00030723354509053355,-0.0005690877135798352,0.0005514747568851547
2019-12-10,0.0014251312540384902,0.0009830847101356583,-0.0004063003699053816,-0.0004688063555027032,0.0025274649454804583
2019-12-11,-4.507407925697774e-05,0.00015330991629536819,1.804532986930201e-05,-0.000216383865820824,0.0036175843059249716
2019-12-12,-0.0018429207860828978,-0.0004405821149974223,0.0001797171257285528,-8.9981868654509e-06,0.004552835905487147
2019-12-13,-0.0013927641426696767,-9.877829220370983e-05,-0.00018783794113295393,0.0003506201067103745,-0.00591014558492087
2019-12-16,-0.00035899553436119887,-0.0002692683993902514,0.0006374144531831282,-8.976902436079481e-05,0.0010152878044787995
2019-12-17,8.067154584495156e-05,-0.00026893528682698885,0.0005649388357379669,-0.0008877451409565075,0.0014268474034126537
2019-12-18,-0.00022477062252709834,-6.291597573515433e-05,0.00010777604149053386,-0.0008455899392884322,-0.00323351638914259
2019-12-19,0.0004318372040875967,0.00039576887614526377,-0.0005119293110494368,0.0010338519995427985,0.0006924927767348578
2019-12-20,-0.0003789587702123906,0.00017140975543887324,-9.895156329058839e-05,-0.0005596779289967712,-0.004162168170811584
2019-12-23,-0.00044194112079438096,-0.0005590622327759428,0.00035180299395397036,0.00042390653044962546,0.001037349170008412
2019-12-24,0.0005411157939434373,0.0003066156866961913,-0.0002528582020805977,-0.000604265047224656,-0.0003967717262026317
2019-12-26,0.00037845339167496287,-0.0001801964145791725,-0.00048696907806951935,0.0002882493376710231,0.0006127340745689944
2019-12-27,-0.00027741361204876053,-0.0009041956185120851,0.00020647153683684143,-8.055385253149993e-05,0.006294778895180697
2019-12-30,0.0011956067343207649,0.0010528946650466048,-0.0006609444600699819,0.00019615710463696237,0.001787102957019622
2019-12-31,-0.0004544867274538932,-0.0005524074412544543,0.00013375123182520821,0.0006148445038131503,0.000562276610273542
2020-01-02,0.0009749422738856016,0.0012331890218370814,-0.0008483165890275908,-0.0018075258824841439,-0.0042877115748256745
2020-01-03,0.0006090461451140109,0.00019708316973517616,-0.0009248908524924497,0.0003849407641608108,-0.0014333323842813858
2020-01-06,-0.0005095723725367511,5.364471109123582e-05,0.00021438525111596685,0.00022352862377081754,0.003131181044369247
2020-01-07,-0.0003321617927775633,0.0007181909080505014,-0.001028636431974073,9.876232853668783e-05,-0.0037048016817592786
2020-01-08,-0.0007375361232320626,-0.00035977370622189983,-0.00019760183295073982,0.0003868245798787371,-0.003691582274599086
2020-01-09,-0.0007116572454735948,-0.00013517958628585887,0.0009815973807751706,0.0007116572454735,-0.0003240003268345648
2020-01-10,0.00041397433950324464,-0.00013497037420774036,-0.00027039450723102533,0.0005217234983863264,0.0006478957114579862
2020-01-13,0.0007185263334670452,-0.00017064003526064803,0.00045882909421507124,-5.387157018968763e-05,0.0016449072269138043
2020-01-14,0.0005843826164139983,0.00042270939359049067,0.00016169165436813058,0.0002516288487774933,-0.0006198932005763098
2020-01-15,0.0005468571539240476,7.174566166022407e-05,0.0004402852040951164,0.00017923234833392142,0.0022351994727931343
2020-01-16,-5.3883665179849995e-05,0.00016167858332935545,0.00033167347498936993,-0.0004311738775434277,-0.0013997812884450195
2020-01-17,-0.0002974835617197711,7.214096347396731e-05,-0.0008540823404989688,0.00010818608016310665,-0.004301314121141627
2020-01-20,2.706860538186996e-05,0.0003789963860234963,-0.0004058679541794141,0.00013533203735973832,0.00014420390457063674
2020-01-21,-9.912722988071929e-05,0.00036051626318801925,0.000810847379891561,-4.506108030188967e-05,-0.0010008431360253676
2020-01-22,0.0012181313568919634,0.0005236500331826363,-0.00022539884420751417,-0.0004149003396759576,0.0009557816496195579
2020-01-23,-0.0009054772936407853,-0.0005341759557715992,0.0003698408373497335,0.00014493147484087886,-0.0036386494994425545
2020-01-24,-0.00043529913899595504,-0.0005078397874647397,0.0003352466586014718,0.0001813976695372425,-0.0029894305207860874
2020-01-27,-0.0003722653295999591,-0.00015436092338485353,0.00028124674143309935,0.0005447315516103296,-0.0004717879944884318
2020-01-28,0.00038172449044307955,-7.271206932667575e-05,9.077334350102719e-06,0.00022714779696161516,0.0002449946249544156
2020-01-29,-0.0005907130987454949,-0.000299897764374402,-3.6357686928048756e-05,0.00021815008812527166,-0.0007442434927252212
2020-01-30,0.00027202002235083796,-9.063676861893981e-06,-0.0006445200137783424,-9.066142039320556e-06,0.0013337993021873176
2020-01-31,0.0015900265342852179,0.0020142812983411406,0.00032639443243265997,0.00037906479754267115,0.005957645238061474
2020-02-03,0.0007691437999354448,0.0011490874163566087,-0.0003974347446406249,0.0005335286717355588,-0.002410694896504852
2020-02-04,-0.00019026133811117415,0.00015403503874527352,-0.0001990211783196063,0.0006340637355883548,-0.0016013103404084164
2020-02-05,-0.0006815239137915309,0.00012725306106225814,-0.00016328307879311772,0.00041805640735001416,-0.00401907558041621
2020-02-06,-0.00014576728279148434,0.0002186250316148653,0.0001272507477697701,0.0002824048155123873,-0.0017924657565947099
2020-02-07,-0.00037418831235048235,-0.0011943565798781396,-0.00031953694803698115,-0.0005387119436712982,-0.0033569935377483636
2020-02-10,-0.0016655688746811284,-0.0006314720371638345,4.565939008961446e-05,-0.00019235965819298497,-0.003568295397944155
2020-02-11,-8.242324340141435e-05,0.00040311129165854144,0.00036649838692819265,-0.0001648668703759849,0.0008062669363429331
2020-02-12,0.00044992310746822895,0.00015604275603161127,-0.00011906670039026669,-2.7540496006064838e-05,-0.003973484775557887
2020-02-13,0.0012357407255098602,0.0007097853888629513,-3.675896229862439e-05,-0.0002488697179877991,-0.0031588328464088474
2020-02-14,-0.0009218714642274459,-0.0012166348647158153,-0.00036888458941841836,-0.00034130795071490627,-0.0010520876602629675
2020-02-17,-0.0003599861582661432,-0.00045234040771088965,0.00020286407254668795,0.0005722249553921777,-0.0004151732023818499
2020-02-18,0.0005731506803600809,0.0006839945547109872,0.0007111817461399161,-0.000628634312702726,-0.00385549329961094
2020-02-19,0.0008156607303766942,0.00017612896393639366,4.628194033214944e-05,-9.265135757512493e-06,0.001360827815364108
2020-02-20,-0.001017595232956201,0.00026842034787400397,-0.0005371017010780246,-0.0004536260070289786,-0.0020465717817427526
2020-02-21,0.0005894868871714238,-0.00037756178418252474,-0.0006385489424106687,-0.0005802734816661862,0.0053714113734961945
2020-02-24,-0.0005620591784342403,4.6057691873045424e-05,-0.00033281562321865385,0.0004883644954722839,0.0009314379399741279
2020-02-25,0.0024953397999133617,0.0014183223810866508,-0.000839216350338808,-0.0006439564907956107,0.002871845936938665
2020-02-26,0.0002299326307523346,0.0004232414839829528,-0.0009004043239703871,0.0008916384215834232,0.0006156362611228065
2020-02-27,-0.0016930180718515292,-0.0014829846185687662,0.0009325032901938956,-0.00020955096948440497,0.010044548799719407
2020-02-28,0.0015484250149494783,0.001229166916267203,-0.0011506386407246691,0.0012551960390242325,0.002615639007488987
2020-03-02,0.0014637543865777065,0.0012309131424484158,0.0009653947364356813,0.0016587245972385371,0.008361991073664447
2020-03-03,-0.0026315804660558204,-0.0008047210734693716,-0.001016008970734385,0.0011197156196731943,0.0028852032487304983
2020-03-04,0.001626652286618546,0.0015814683992304008,-0.0007083836148507409,-0.00043111966034469325,-0.003450674512278114
2020-03-05,0.0013053081396672058,0.001135332653698732,-0.0007072294358976228,0.0011072813804349788,0.0075490957962450434
2020-03-06,0.002740139428513836,0.001105075058641867,0.0008407414949786554,-0.0008124194650412491,0.005154925470372609
2020-03-09,0.00169734764625168,0.00011381594223420759,0.0012975173653721435,0.002627824129801649,0.0009918154105559088
2020-03-10,-0.00484339208660324,-0.0017244872605556626,-0.0009344147365361919,-0.0016255856570258202,-0.007511317648962404
2020-03-11,-0.002208279725848299,-0.00022181900547464206,0.0011137925784788798,0.0006479127230857965,-0.004651232986358836
2020-03-12,-0.005322682547303713,-0.001398936134317718,-0.00031138374739488327,0.006669121420435365,-0.00702213780486197
2020-03-13,-0.004010586098857474,-0.0018494382529777383,-0.00033152488308269966,0.0007131669880281519,-0.007459137427718648
2020-03-16,0.002260922019281737,0.0007535322177587885,-0.0007149943551922797,0.0007793708990426927,0.0006541424023431457
2020-03-17,0.0014579785890658896,-0.001447975591874871,-0.004083039402619346,-0.001987021216699923,-0.013282850741231896
2020-03-18,-0.003355274795721416,-0.0013738989072219834,-0.0004089106223804515,-0.0024498147158461482,-0.006539125859341013
2020-03-19,-0.007626383199534925,-0.004349675509973345,-0.001063834808171015,-0.005232502051418107,-0.02683668319279188
2020-03-20,-0.002099948972971233,-0.0031161101858059414,0.001174606269104464,-0.004513454362178317,0.003607017444103364
2020-03-23,-0.0034572525142226676,-0.00033457560326615186,-0.0007398077773756715,0.0009584472029146282,0.006983027709186598
2020-03-24,0.0011757682036277394,0.0023065924086059495,0.000829210362889265,-0.0016761203136920187,0.003172367835014765
2020-03-25,0.0039035449680196693,0.003872588518510939,-0.00204020472808677,0.0015405693927590968,0.00836485387984633
2020-03-26,-0.00035407068165352443,0.0014995163462480283,0.00032879114752036386,0.0028018969660064037,0.014506155655532616
2020-03-27,0.0025882367389933915,0.0034010253939829446,0.0009722721492124363,0.0015172454074295753,0.008149548831833662
2020-03-30,0.00023587901330496768,0.0014505632541126088,0.00046021197634090887,0.0006257169877736779,-0.006912012503777158
2020-03-31,-8.2099184983538e-05,-0.0017890562026238802,-0.000300145982343792,0.0018046268956342722,-0.0013863406909479245
2020-04-01,0.00047582882041225194,0.00022875024690404178,-0.0013324330735432904,-0.0008236931202273412,-0.007654851674564367
2020-04-02,-0.0001747938127439469,0.0001566192359261711,-0.0010254251376904677,-0.0004693345198861532,-0.00840472159184403
2020-04-03,-0.0006765617945065602,0.0007786501936806209,0.0005002547698008871,0.0009081558574698392,-0.0053029447453964845
2020-04-06,0.0026315804660558212,0.0011121409858069705,-0.0023146443931579986,-0.002019398016572731,-0.0016662659141929922
2020-04-07,0.00024743968783884644,5.497123173589057e-05,-0.0012698998669866718,-0.003157153477347926,0.008937483687951438
2020-04-08,-0.0003215744311726939,-0.0002663886442334134,-0.0004513653879383108,-0.0017659074176816834,-0.003182138578950641
2020-04-09,-0.00034764471061049296,-0.0010433064606348488,-0.0006069747096298827,0.0003933784397011337,0.006363336456049898
2020-04-10,-0.00013702196483523168,0.00021926418681455118,0.0006488966699841268,0.0004475355933985668,0.0006771038515058479
2020-04-13,0.000705693694081964,0.00011000797568898462,-0.0012981078703735638,-0.0014302350406831747,-0.0030941071919947847
2020-04-14,0.0011858393938899761,0.0006658184568228299,-0.0007777935762043971,-0.00023705540825266782,0.006843615528156863
2020-04-15,0.0007079451040626873,-0.00022999820702776614,-0.0006406267378738676,0.0024417794887321626,-0.0067519363319358495
2020-04-16,7.351724901757566e-05,-0.00042290684728080326,0.0013423314447764073,-0.0029909970346741798,-0.0043732785631339696
2020-04-17,1.8392495862040227e-05,0.0010941976440080202,0.0007755946614237672,0.001332555440790124,0.0009755380037039836
2020-04-20,0.0006902423024431453,0.0003404662580219656,0.0006533752584819584,0.001057447053778344,-0.0004231480437350213
2020-04-21,0.0033272073422615372,0.002110201159938446,0.0009142921107346425,-0.0005706449362852464,-0.0009481334908894708
2020-04-22,-0.0013259548355712002,-0.0005341634482929826,0.0002671223113675165,-0.0024262564082868994,-0.003256265186244414
2020-04-23,0.00261009755554603,-0.00029643628226613404,-0.00024083663056298922,0.0009608722502120913,-0.004222150306557544
2020-04-24,-0.0004814681166682478,-0.0003891519316764402,0.0018240877641514943,0.0012217359423475475,0.003907955151819233
2020-04-27,-0.0012722178867650498,-0.00033194408891082725,-2.7679745348057678e-05,0.0,0.0008036395139579782
2020-04-28,-0.0014367686235202061,-0.00013820362944710996,0.001235387552479935,-0.00182656877352232,-0.0008221215817323305
2020-04-29,-0.0007920281860317791,-0.001031260162294355,-0.0002483957785489728,-0.00015663799609106282,0.004821463428026186
2020-04-30,0.0011882885899375314,0.0008847274510814969,-0.000716885439326784,0.007904309641981364,0.007093008238867189
2020-05-01,0.0012018247328963796,-0.00013661388838047972,0.0006382668536764808,0.0016546962589931028,0.002444297706488635
2020-05-04,-0.001181508162998574,4.574167845313241e-05,0.0005393225690961122,0.0004947546942281244,-0.0063737293469505844
2020-05-05,6.441905517871938e-05,-0.0009007933104764686,-0.003502308574678449,-0.002118800999016564,-0.005417973469590993
2020-05-06,-0.0013967710040532968,-0.0012669408775676824,-0.00256247914237554,-0.00032403357271315803,-0.004344497187701514
2020-05-07,-0.0012523366989698195,-0.0017724166570151033,0.0005835683982705315,0.000640279146454721,0.0033940188779447906
2020-05-08,-8.310901599081287e-05,-0.0014965637262213023,0.00041569863371892514,0.00402745105723996,0.0005168769671022179
2020-05-11,-0.00042476569270641937,0.00036933759722546533,-0.002402225984973301,-4.618105746194097e-05,-0.002393816042997758
2020-05-12,-0.0005887439685815936,0.0006439564907957111,0.0001386533068721967,0.0005519576236687366,0.003713047021298901
2020-05-13,-0.0012704376432567867,0.0004881755686790315,0.00011993007168661529,-0.0015672539393138895,-0.0024276225386883968
2020-05-14,0.0014997919767306312,-0.00011116875428321265,0.000888157040129517,0.0003607253393168646,-0.0012946781297040982
2020-05-15,-0.0009411418035676202,-0.001596449393423615,-0.00028670387847783813,-0.0013579114271284037,0.0010913396814002591
2020-05-18,0.0009677464706719701,-0.0006171389817803192,-0.0008418326545402872,0.00035000138515745694,0.00913912365863108
2020-05-19,0.000750022901710284,0.0004116073324213971,0.0006218564443652605,0.0009047665360098595,0.0005495461802876959
2020-05-20,0.0014382728643192462,0.0017487139571748132,-0.0001096491229167539,0.00019100719973304755,0.005187463114559702
2020-05-21,-0.00025506253725077107,-0.0007920864607726019,0.0004193330842318391,-0.0033034652516403928,-0.0028004451577151373
2020-05-22,-0.0002752192597461002,4.5887346572382876e-05,0.0003026342962775929,-0.000752652677157807,-0.004504429640241754
2020-05-25,-0.0007250267613845261,-0.00036719819016704043,0.0007351860351722528,0.00012852408467235014,-0.00021111085693030788
2020-05-26,0.00047385160219239416,0.0006100864781909572,0.0011334864144005516,0.0007740819547331119,0.007526499326625338
2020-05-27,0.001254089586391474,6.369861457674759e-05,3.647338810823422e-05,-0.0035300041204865628,0.002756790223838834
2020-05-28,0.0010233051836353595,0.0003171913188675017,-0.00033638351674311856,0.0006605169463675707,0.006520462869576427
2020-05-29,0.0011780206122056845,-4.496706163480719e-05,0.0004230899129164878,-0.0004854281751531084,0.0022901668125785385
2020-06-01,0.0007822580681504704,0.00032375847900481243,-0.001032404111791174,0.0009971657962964916,0.0016363819837304698
2020-06-02,0.0008676014050184106,0.0016991749677061345,0.003598304336104868,-0.00012517435015076646,0.0034527788787647013
2020-06-03,0.0012043303818362959,0.0017929864263638725,-0.000419188119033667,0.00011589603247371305,0.005846951925971549
2020-06-04,0.00181056567495495,0.0011003444123021875,9.82033256005763e-05,0.005650207129471468,0.008905330684889086
2020-06-05,-0.002263844903107502,-0.0016990553094458323,-0.000211494739856712,0.0015481043240826663,-0.003942232906239114
2020-06-08,-0.0005837866690942444,-0.00011496539996300378,0.00013275099914614806,-0.00023007017241702851,-0.00041616675605430877
2020-06-09,0.003568813801693719,0.00045852953909932193,-0.0013320547579180146,0.0012073304925067712,0.004083333851268063
2020-06-10,-0.0016098317552111444,-0.00021124343243512453,0.0008975160527515277,-0.000607659165949853,0.003354924799234941
2020-06-11,0.002021463348429841,0.0014074969115474584,0.0013459129827485643,-0.0006762958568961862,-0.007287710255551596
2020-06-12,-0.00010616368681060182,-0.001565201562861053,0.0009973654493847291,-0.004904644401212225,-0.003361735300684526
2020-06-15,0.0018375586065336328,0.0022095534423683385,0.000986706214965963,-0.00035482068622013816,0.00737343598327363
2020-06-16,-0.0016408786371763108,-0.0010727949995771753,0.0010683525873014781,-0.0029336744395104188,-0.005658162074362578
2020-06-17,-0.002137114463318649,-0.0009177705059746382,0.00011538990706151753,0.0004277884294998013,-0.0016707996172679257
2020-06-18,0.0,-0.001024594817871833,0.0012003896038316742,-0.000463363133496727,-0.003501725480890641
2020-06-19,6.232665401387494e-05,-0.0006680175714360636,0.0006598482588475243,-0.0038894934713359143,-0.0024576294916759797
2020-06-22,0.0015485114248917566,0.0006049606960061281,0.0007043792169472649,0.00033786187105663433,0.007119687546864021
2020-06-23,0.0015795630807419582,-0.00031774892806438567,-0.001221725617857051,-0.0007409367896525514,0.004173336614168832
2020-06-24,0.0003903754751825913,-0.0008696038526618345,-0.0003982706257256607,0.000239473160194487,-0.004892802641553076
2020-06-25,0.0006772411593728093,0.0007399780127341397,0.0002937001342764414,-0.0009803660223900357,-0.0034446115261520865
2020-06-26,-0.0018012238921959313,-0.0010617275034570186,0.0007302130409240484,-0.000160662644495542,0.00012481834489245456
2020-06-29,-0.002015279514088988,-0.0010036015034890927,0.0012444224819724878,-0.0005778111784984906,0.001513586955153978
2020-06-30,-8.9099956785753e-06,-0.0004991443343793533,0.00020492807541786363,0.0007748727859622515,-0.0007743141699202971
2020-07-01,0.0031400272198466206,0.002384342766610292,0.0002848901411668894,0.00023976662829815914,0.0016635904466107102
2020-07-02,-0.00044386052855691603,0.0008251374588128317,0.0011695389628852552,-0.0030412999645259117,-0.0010405319212611482
2020-07-03,0.0008809044521434122,0.000240212455725889,8.902262070667324e-05,-0.00011563007284234303,0.000711591860952947
2020-07-06,-0.0016423989775704393,-0.0022861187881088756,-0.000859125604742715,0.00010604266459819864,0.005790178221552045
2020-07-07,-0.0010622666225600036,-0.0010714176055591125,-0.001099134985140947,-0.0004340835368896231,-0.003179117927123358
2020-07-08,0.002464328128173539,0.0006971131855801799,-4.4295807409157676e-05,-0.000776623667808545,0.005104692440288972
2020-07-09,-0.001561624936325634,0.0003352921484812112,-0.00041472723455168335,-0.002767500893237388,-0.004289024478299645
2020-07-10,0.00045961569866362996,-0.0006189651101301619,0.0005760496448205016,0.000106035168430298,0.0013550197576903487
2020-07-13,0.0014622718907258802,0.0004050971848305834,-0.0011935549457502566,0.000765518280035595,0.003585246065004193
2020-07-14,0.002408220751316256,0.0005793844641243817,0.0015164208327967605,0.0004388313115121837,0.005055733627333322
2020-07-15,-0.00188036560724253,-0.0009709715288493421,0.0,-0.0005341436097628095,0.0008854174093947707
2020-07-16,0.0010947387952083768,-0.00010500157512024745,-0.0017021430048916122,0.0005250492354265499,-0.002658607596522767
2020-07-17,0.0011198307426420265,0.0009707847063588402,0.001482501927274463,-0.0013124280048546822,0.003954636500732042
2020-07-20,-0.0006390307958925327,0.0008850062133762243,0.0005933630770683349,0.0018634279333405524,0.0021346405901115435
2020-07-21,0.002444882248188628,0.0013622433710645475,0.0004632199110067786,0.001829746959915902,0.007791150580459242
2020-07-22,-0.0005180318360066489,-0.0001812555838156066,-0.0008511082289638384,0.0009667757919657504,0.003350202890256402
2020-07-23,0.0016512424809988944,0.000880958401464464,0.000267521586704035,0.001208605416639208,0.0021582617974309814
2020-07-24,0.0005337190010135117,0.0004134473817907681,-0.0007410726935049016,0.00036138980585716354,0.005049364505561686
2020-07-27,0.0016263696805658512,9.357282311779585e-05,0.0004529275863324406,0.0020823159469432057,0.008976720961558125
2020-07-28,-2.556792759302868e-05,-0.0003494611089616211,-0.00015369771106036725,-0.00040064956912012385,-0.002471241138360481
2020-07-29,0.00019566891181178344,0.0008422127722997268,-0.00028919188082705924,0.0013940957213272379,0.006115810819339224
2020-07-30,-0.00044955448212270516,-0.001458232914337436,-0.0009106344857613386,0.0002968982636295132,0.004129719497265386
2020-07-31,0.0015466861324962642,0.0010400856682823013,-0.001449251193144081,-0.0014621059462002367,-0.005580858386573348
2020-08-03,0.002550923853155885,0.0020310640196013,0.0011554310788007402,-0.00010225297394646565,-0.0012832335843499937
2020-08-04,0.0005710219316778032,0.00010226604520549301,-0.0001442615719375364,0.0016515702180885947,0.0031499030556725667
2020-08-05,0.0017669187018621623,0.0003784390695196957,-0.0002368706020821266,-0.001009285511594611,0.005773058545491541
2020-08-06,-0.0006081235353843201,-0.00052314495683215,0.00040535063384355535,0.0005490166405477161,0.000935087321885608
2020-08-07,-0.0009941498926085855,-0.0008331987660960981,-0.0005662203255347345,0.0020976029635246395,-0.007598621652274599
2020-08-10,0.0008154528763376215,0.0009339526400781599,-0.0004675976195212353,-0.0008324485509386921,-0.0038938674105017525
2020-08-11,0.0008073597651035556,-0.00014437183415526322,0.0014545209663440627,-0.0006713377293238585,0.00017035484956280035
2020-08-12,-0.0008821858421469873,-0.0014598171031570929,0.00017022000977308952,0.001170424030615792,0.0035453040650137266
2020-08-13,0.0017980833735376017,0.0005231670287839003,0.0008198696274959491,-0.0016037683544874717,0.0027036549690648156
2020-08-14,-0.0009138061505527164,0.0006424236497593303,0.0008301426966755326,0.0010998495161063935,0.0022488828476873593
2020-08-17,0.001390592237032794,3.3688465914675215e-05,-0.0012326814066691192,-0.00041276193067876446,0.002597316443606865
2020-08-18,-0.001523127559275846,-0.0009369641376480305,0.0009664719067773952,-0.0016177232192730218,0.004864431679440465
2020-08-19,-0.0002679909904067507,-0.000184172855116062,0.0005611460927742663,-0.0030618645915068306,-0.0074870798632970924
2020-08-20,0.002368086087072723,0.0003805191172209621,-0.0018918285430245714,0.0002956168489345686,0.0015440630480305054
2020-08-21,-0.0014100660650212824,-0.0005441112841788467,-0.002114237209926512,0.0012317940299133895,-0.005588472392155773
2020-08-24,-0.0010059725178092828,-0.000295899261142558,-9.309135230359453e-05,-0.000769956505883849,-0.0003222250515455994
2020-08-25,-0.00044790184092767467,-0.0006593351098106078,-0.001311109513188068,-0.0006172500439071934,0.003572581304447306
2020-08-26,0.0016603700678395306,6.770709911526907e-05,0.0003470737905246003,0.00012695564609964708,-0.00022819569147236875
2020-08-27,-0.008383966539198338,-0.002094294873896793,0.00028728591060216135,0.0018079427062148476,-0.0009133038553860842
2020-08-28,-0.001497888089949844,-0.0004964554028382496,0.0015717392804169418,0.0019854797332101836,0.006913557821942773
2020-08-31,0.0004187639823673979,-0.000527967630250469,0.00031944584823926,0.0012636037815367549,0.0026251026745377124
2020-09-01,-0.0030819239214009654,-0.0025086981313482285,-0.0012439422043942622,0.0005937373430318899,-0.0019534940627775033
2020-09-02,-0.0008875477639523093,-0.00023656241133609475,-0.0007499315722954508,0.0012170078325710579,-0.005124009444182102
2020-09-03,-0.0008527705002279435,0.00012669507468746202,0.000963855496306659,-0.0003125831644505293,-0.0004049812751514081
2020-09-04,-0.0013815259156874178,-0.0012715853293966592,0.0010465637375662203,0.00037311534784906594,-0.0010892005585600825
2020-09-07,0.00019456651909963293,-0.00033839230142054984,0.0005489795452968422,0.0002875507462302492,-0.0021138260498418902
2020-09-08,0.000458170719027956,0.00018682065271733494,-0.0007449420474862861,0.00010178721391732203,-0.0034424025650918373
2020-09-09,-0.0002538328777970347,0.00017775896777314973,-0.00022086494198626707,-0.0006094619147995326,0.002502429509520594
2020-09-10,-0.00011769453238419341,2.5202777347479423e-05,0.0016316734186897642,-0.002230405974608496,0.0015153762767814982
2020-09-11,-0.00038829379133403904,-0.0004474329663894096,0.001772795655799702,-0.0012249571740771893,0.0020366347647795676
2020-09-14,0.0002524806234536251,-0.00012619623531318514,-0.0003119690754340118,-0.0011029675995347856,0.002362690852625943
2020-09-15,-0.0026732685012680253,-0.001811953486101241,0.0001935513737672518,0.0005656084873873228,-0.0014338250153891885
2020-09-16,-0.001088520437074062,-0.000607723167047685,0.0007585463245520009,-0.0013010274881947639,-0.002763798556836271
2020-09-17,0.0003981549383572127,0.0008641065930209033,0.000796704735919019,0.00015244289772661194,0.002476786686081123
2020-09-18,-0.00041379019738773445,-0.00030420564536055085,0.0007932690695066662,0.0016035382546147755,-0.0005066925751271124
2020-09-21,-0.0012838991479701771,-0.0009441626362196233,-0.0026236293898959516,-0.0008426572288331345,-0.00624332270726807
2020-09-22,-0.002111987159322359,-0.0013806741927703929,0.001823574027740225,-0.002253156651398708,-0.005180034415847721
2020-09-23,-0.000941692204748413,-0.0014291401491952258,-0.0002565286556574064,-0.00018844490183814023,-0.0041171166480926105
2020-09-24,0.00026608414424250616,0.0011854754886781638,-0.0013036357841673663,-0.0009101291122546215,0.0008659159745275721
2020-09-25,-0.001092647110595562,-0.0006275386507544174,-0.002014548286795094,0.00033566433881582783,-0.0035455702537628008
2020-09-28,-1.713766687838296e-05,-0.0005399313647022354,0.0012634349056444276,-0.0021359373001096564,0.0032030529353498853
2020-09-29,0.0014678150116564247,0.0008185539338358116,0.0005480249831034089,0.00015348408911741043,0.006511786057061785
2020-09-30,0.0005294213207196892,0.001043216621897218,-0.0015522126406544775,0.0008959618322335456,-0.0014320299763879456
2020-10-01,-7.666653892658747e-05,-0.0006304042462894273,-0.0006051024810596707,-0.00027263975086019594,0.0018152614741908846
2020-10-02,0.0007852844925765721,5.97251788733699e-05,-5.118886131512131e-05,-0.00046085309843247934,-0.0024552232689823775
2020-10-05,0.0013415526660970115,0.0010518994539773598,0.0004941511351011444,0.0001357531331362708,0.005840054056429193
2020-10-06,-0.0010346787906474503,-0.0009076912606852458,-0.0007814557558615917,0.0005259541523164877,-0.004065703190828537
2020-10-07,-0.0008158478896299789,-0.0001274800176799544,-0.0008672068831770933,-0.0001020278026646525,0.002528123513556364
2020-10-08,-0.00041734983464636913,-0.0002640511422777588,-0.00031460578879043854,0.0007068371886250516,-0.0002465724319006871
2020-10-09,-0.0005333581795849031,4.233574788852771e-05,0.0008565819513578747,0.0004571815683069172,0.005512085392583491
2020-10-12,0.0002456305305687792,0.0004994476551479893,-0.0008803935250232101,0.0004487551354049801,4.232535501004519e-05
2020-10-13,-0.0019057510085606951,-5.10577463221476e-05,0.0014248882855908381,0.00011921590013620595,-0.005815327210516816
2020-10-14,0.000527139176945919,0.0002550564963962126,0.0005023649574122811,-0.0005016260440594467,0.00018729620950178408
2020-10-15,0.0005985156989774294,0.0002735323298074714,-0.0023204241771511355,5.128468127687083e-05,-0.0031888162759068583
2020-10-16,-0.0006306782556873073,-0.00038368568939420794,-0.0003414979842119924,-0.0008784985916241965,0.0002903129423114562
2020-10-19,5.09229790052558e-05,-0.000560252637655266,0.001159588476073399,-4.243563575576102e-05,0.004138853162633479
2020-10-20,0.0011757194176537072,0.00037226617461099017,0.0012733988732061715,-0.00010990079350983012,0.004874770684136091
2020-10-21,0.0017120908975578695,0.0009947984667569084,-0.0004046603437505226,0.0005981188918514038,0.003166443439546924
2020-10-22,-0.0008369439355715842,-0.00032142917838624114,-0.0008183686236948397,0.0003551526771025969,-0.0034540306692727343
2020-10-23,-0.001553949370197116,-0.0006168067351442597,0.0010224301772415365,0.00031267297619405577,0.0030745864240514444
2020-10-26,0.0009308308760170029,0.00025383073011089663,0.0009480198101273515,8.458125932980823e-06,-0.0032802159859719937
2020-10-27,0.000803073701921749,0.0005239850023541833,0.0006858681793190412,-0.00038877620503201715,-0.002339916118536633
2020-10-28,0.001932614525711133,0.001191925696848093,-8.514261392969838e-05,-0.0005445001368160935,-0.0028304672164995194
2020-10-29,-0.00015433421963245066,-3.4308848255314925e-05,-0.0005714992627964658,-0.0001629341878118935,-0.0059676185040461105
2020-10-30,-0.002178332465190698,-0.00035181506903620563,-1.713619850610921e-05,0.0002146134605214914,-0.0030186889920799224
2020-11-02,0.0006962202399971467,0.00029232978446810346,-0.0002061820250942735,-0.00037813357159424335,-0.00010308392758905452
2020-11-03,0.0010403432365205616,0.00044350059149601703,0.0,-0.000673541360865471,0.010358181663663858
2020-11-04,-0.0010593402326795735,-0.0002988553861041858,0.0009332152508815505,0.0022540223333693925,-0.0025113128629334885
2020-11-05,0.00082109803190249,0.0008038483613386361,0.0009747870014805269,-0.0008803786196446289,0.007185110405766542
2020-11-06,-2.5259648134462963e-05,-0.00013470734848946932,0.0012563928006172008,0.0007238570109344291,0.004500423441057394
2020-11-09,-0.004192594726728802,-0.000507524054845553,6.737579695484683e-05,0.0006096941556613104,-0.005768176422179999
2020-11-10,0.00017772135876670218,0.00020310238968982566,-0.001118653664567045,-0.0007195432480803017,-0.00047372518058452545
2020-11-11,0.00047637682306880016,0.0005614393410206096,-0.00035620993014962883,0.0006801448970768938,-0.0033223748226963055
2020-11-12,0.0008975977163494577,0.00020317804392487325,0.0004655789134531986,-0.00016083090358143812,0.002086249325572975
2020-11-13,0.00021986013601515552,0.00020296841373743349,-0.0003551586835576032,-0.00035518271141027656,0.0023016917433878463
2020-11-16,0.0003548286299447675,0.0001604587434454566,-7.598559654452931e-05,0.00024492726205077445,0.0012149849621522482
2020-11-17,9.267723474618223e-05,0.0008929925952723582,0.0006318050880934576,-0.0007922461434187531,0.00037095115673155304
2020-11-18,-8.425948556147711e-05,0.00018533339002533333,-0.0008248464401681033,0.0,-0.0015606088697171102
2020-11-19,0.00035486160769830627,-8.443592584791269e-05,-0.0003889274107568374,0.0002787315200044118,0.0017038940622804298
2020-11-20,-0.0006404854424242501,-0.00044687839327824157,-0.00019398233134810012,-0.0004384633616065991,-0.0009190673378884308
2020-11-23,-0.0005415834678632592,-0.0012436707652575386,0.00021047757439154673,0.0010997843839364947,-0.0019571789135743385
2020-11-24,0.0010951519564722852,0.00021052720299726338,-8.414746005851852e-05,-0.00023577756180501408,0.00465046584469787
2020-11-25,0.0004283140867435432,-0.0015946155740277517,-0.000672331081138118,-8.396552375645259e-06,0.0015789300152626094
2020-11-26,0.0008990199608193005,0.00011761641938767901,0.0005123359692120765,0.0,-0.000444871603124939
2020-11-27,0.0006527797769652114,0.00030965064123324117,9.225672537099602e-05,0.00015894593780209286,0.004281011359549887
2020-12-01,0.002476894676779119,0.0010472684707063214,-0.0009435892997335517,-0.0005812698418192752,0.00853632266667135
2020-12-02,-0.0008849155565863737,-0.0010505897090300842,-0.00034016004443099165,0.0004466907733366352,0.0035725547003291184
2020-12-03,-0.0009293948499511756,-0.001611471391579654,4.128802111235768e-05,-0.0002468871655903964,0.0025640299800289705
2020-12-04,-0.00041997604283440656,-0.0005268877521700491,0.00027114187870264355,0.00011530510567317943,-0.002035846423967969
2020-12-07,-0.0008648845094681812,-0.0010874939282342567,0.0010910444525698978,0.0001483190510297557,-0.0008914863648220449
2020-12-08,0.0003468351329208548,0.0006029046973812509,-0.0009565748754420128,-0.00011559834542101235,1.6516231326676604e-05
2020-12-09,-0.0013156100245621223,-0.000538135167700453,-0.00014022526799816138,0.00027319350962785866,-0.002563277104449559
2020-12-10,-0.001443305171394417,-0.0010222758066812598,-0.000462752559594372,0.0003300820283804508,0.005358843954979336
2020-12-11,-0.0012706377174702703,-0.0007429114213493587,0.0007340902765768294,-0.00012384974564692128,-0.002861633412614819
2020-12-14,-0.00014833249580143264,-0.0006430391238818619,-0.0004608598409306877,0.0007990872707178281,0.001276681789603475
2020-12-15,0.0004113635112761084,-0.00039492521617110247,4.9351439838270733e-05,-8.225916577388522e-05,0.0004690798303508933
2020-12-16,-0.0001723805345602539,-0.000598824517199083,-9.012884333906278e-05,-0.0005830305435012626,0.0034332118616405842
2020-12-17,-0.0008737725889200473,-0.0013550911862087824,-0.00044159498280666246,0.0013552460702569364,0.005339887982484406
2020-12-18,-0.0005477234869138548,-0.00037601667995238645,0.0005468026464382901,0.0005068589569117752,-0.0004486627885013255
2020-12-21,-5.729744332191686e-05,0.0007612935809174118,-0.0021876627882553732,0.0009817879145115223,0.0018653058618689124
2020-12-22,-0.0025095968293880055,-0.0024288785768074397,0.0014164482273893006,-0.00041066413179594437,-0.0038817826302335497
2020-12-23,-0.0011146993925076757,-0.0005984710473557497,-0.0011487369261058088,7.380527711090717e-05,0.0005496060611419514
2020-12-24,-0.0007382374506813591,0.0001723607268039947,0.0003034540474939474,-0.00030365577158768486,-0.0009763742832357453
2020-12-28,-0.0002617094549300377,0.00027012757552872586,-0.0031316076499931208,-0.0011375960306110198,0.001293841332831083
2020-12-29,0.0004326301120892628,-0.0009468538226484725,-0.00031025473795573297,-0.0001387477608744998,0.0026398070209913346
2020-12-30,0.0007974871441326887,0.000577590325556384,0.0010020898075490496,-0.0011394621344376122,0.003788145611778289
2020-12-31,-0.0022458797563924575,0.00017164505479616758,-0.0003745653863952989,-3.270458763902642e-05,-0.006779908240886549
2021-01-04,0.00045637169005795035,0.0008967806178980721,0.00016269024626514294,-0.0016716616536281842,0.0002040608108294125
2021-01-05,0.0009046639709070205,0.0006436343564451901,0.0006027875030805009,0.0014083420120921829,0.003739174814687071
2021-01-06,-0.0031074873089167137,-0.0020912253490583655,8.105008490189601e-06,0.0009527959579570301,0.003230968122483671
2021-01-07,0.0014759187417719424,0.0001385905344883207,-0.0010765492745407911,-0.0006439176496978784,-0.005616234339384042
2021-01-08,0.0006702413119540139,0.0018051652216877039,0.00022062158177106096,0.0010371708218944202,-0.004222741251237234
2021-01-11,0.0006007513687297372,0.00013168615915198033,0.0004275718097979468,0.0011100286047091756,-0.0021768157276306314
2021-01-12,0.00023843880252263908,0.00030425505030841853,-0.0008554742645603224,0.00021372439498700872,0.0039394363393341495
2021-01-13,-0.001306872774144422,-0.0007314958593930371,-0.0011818877105220602,-3.289933625884341e-05,-0.0038243161208075614
2021-01-14,0.0017639596390427083,0.0007252588173117979,-9.041479849812353e-05,0.001176988773406611,-0.0009295630489404749
2021-01-15,0.0006866399174464773,-0.00033073431587287994,-0.0003212930838410472,0.0003638107562742802,-0.006257915028852541
2021-01-18,0.0004721689624211992,0.00027334286061988497,4.9739283267064386e-05,0.00011593722840188067,0.0009443418887822701
2021-01-19,0.0002804077476889494,-0.0004946413950812971,0.0006598373740335245,-0.00021442237992038622,0.005079150521211803
2021-01-20,1.6526330576459006e-05,-0.0013383233304416107,-0.0002556795936251375,0.0008755049166274552,-0.0020368201322922817
2021-01-21,-0.0015707692184515848,-0.001324378208902332,-0.0003459865594022806,-0.00065041188183064,0.0042010292512067796
2021-01-22,-0.00014779659930516686,0.00011500106799393598,-1.642980366412394e-05,0.0,0.00010685473109485007
2021-01-25,0.00023096402837957393,6.599026645976327e-05,0.000592792646970793,0.0010881124796917696,-0.001991000024207194
2021-01-26,-0.00037815886411087944,-0.0003533670575408288,-5.7723151535194247e-05,-0.0008801839905891694,0.0016950690726024536
2021-01-27,0.0012410028894770829,0.00036386190188512164,0.0005113655220139612,0.000429855095855232,-0.004986431606367053
2021-01-28,-0.0008078477069467512,-0.0007090795455571993,0.0006192845397432069,-0.0001237077694179821,0.001502667103539084
2021-01-29,-0.0011284405245002961,0.001549123160182729,0.0005446847977795866,8.241101675144352e-05,0.0007339994638980702
2021-02-01,-0.0016795671824315378,-0.0008936477140614983,-0.0015392639400569545,-0.0006626740797326729,-0.004555552869630252
2021-02-02,-5.8189072939795515e-05,0.0007566718442574803,-0.0023479155415177394,-0.0008649224604003037,-0.0025804752932093574
2021-02-03,0.0007074755487751362,0.0007574591355051219,-0.0007069636208198944,0.00042424520344996566,0.00039040274276166964
2021-02-04,0.0006598647934291125,0.0008351777325986638,0.0005171709198295467,-0.00020041921085223315,-0.006248093837031166
2021-02-05,0.00035756011340566223,0.0002744408285377924,-0.000308926732550952,0.0006067280506943177,0.006820962304666249
2021-02-08,-0.0014024491213947454,-0.0006473136709621383,-2.4939832654980104e-05,0.0002075868862362523,0.000323644740486077
2021-02-09,-0.00023975561577042095,0.00012400434857823666,0.00011561266467035133,0.0008678080953228778,0.005287930793536357
2021-02-10,0.00023901657157962216,0.0001813356197581558,0.00036291952657931126,-0.0003214493271061067,0.00023932230639364216
2021-02-11,-0.0006346145341905623,-0.000758250126989612,6.596142907810275e-05,-0.0002721009923738067,0.0009402295182420138
2021-02-12,0.0021629662523368776,0.0008918176328687895,0.00011562030305395194,0.0001072010226353678,-0.0010475048487322322
2021-02-15,0.0006349180385708576,4.947433519875874e-05,-0.00014009930591349145,0.0005191787203902873,0.0009566064294332462
2021-02-16,4.1286657396900836e-05,0.0006191005080381869,0.0008469663898863364,-0.00023122723959893423,-0.003633364855896181
2021-02-17,-0.00034913298996355784,0.0003657553303894299,2.486479766391383e-05,0.0011882160294862637,-0.0035220787647464585
2021-02-18,0.0007372157601053583,-0.00013248432978159465,-0.000563497010974371,-1.6560678325639027e-05,0.0038281206121538163
2021-02-19,2.473319070650877e-05,-5.7724103539887084e-05,0.00045315416667960224,0.0005274957263287647,0.002065399521425472
2021-02-22,-0.00024700913236014196,-0.0002799805678838318,0.0018400028294444403,0.0008642651609455325,0.0032196334706555427
2021-02-23,-2.4669531074614702e-05,-0.0002466334546117988,-0.0001810908257752601,-0.0014154051079244942,-0.0010857764367454396
2021-02-24,0.00042063417406798537,0.0003712304682602447,-0.0006085426414341665,0.0014173062022970458,0.0015378355737779455
2021-02-25,-0.00026176939901607015,-8.184478137315397e-06,0.0006953505869566587,0.0003844502204772541,-0.0009536729460415755
2021-02-26,-0.00033012834038951633,4.9468216681117806e-05,-8.246946572702366e-05,-0.001883815447500499,-0.007206539334165368
2021-03-01,0.001294691944618335,0.0009629193801045479,0.0011705277427419044,-0.00027373738801494176,-0.0034716071770026433
2021-03-02,0.0025135333335465334,0.002389209877053228,0.0011652684765081922,0.0008612765644085032,0.0030165935394257273
2021-03-03,0.0018485442800950547,0.0011849373494024235,-0.001141156164522645,-0.0003313260527132976,-0.003182604463325687
2021-03-04,0.0014540381193265143,0.0007143628768657413,0.0006978309372431203,0.0,-0.006596286035606653
2021-03-05,-0.0010573043084128612,-0.00032740781453942196,0.0009133071148017616,9.234889418760264e-05,-0.004556121784255916
2021-03-08,-0.0016426520303382906,-0.0005901446025510292,0.0005557380090993322,-0.0009446933401612057,-0.00635066965686068
2021-03-09,-0.0009586438447543523,-0.000899874330627863,-0.0005040957888725692,-0.00010096335880009752,0.0038656748844007878
2021-03-10,-8.407141025637078e-06,-0.00010089035748978637,-0.000554743067330288,0.0003782513903809955,0.002308897834833727
2021-03-11,0.002285217818040685,0.0007276651054389365,8.359107252204266e-05,0.001437093975918311,0.004735419850863124
2021-03-12,0.0021882855850049085,0.00048607561946961665,0.0005202826426882743,0.0010379696907263142,-0.002774947034005299
2021-03-15,0.0001676769205034055,0.0003859643282631936,0.00030183870304388533,-0.0005115025288347209,-0.0019852328697302075
2021-03-16,0.0005297122441145153,0.0010681200842244075,0.0012147361537266563,-8.406257623120755e-05,-0.0020395922851292126
2021-03-17,-0.0003612792686003952,-0.00024362480220964508,0.0005456980242626527,0.00017645501913259859,0.0067407988289891725
2021-03-18,0.0010227178358104608,0.0012076890997864819,-4.18716633580795e-05,-0.0012743661334795604,-0.005447735011617326
2021-03-19,0.001168455208364035,0.0006302018114705028,0.0002522216537253534,0.0004115762167050269,-0.0012006466461955028
2021-03-22,0.0004023740120680277,-0.00016762913768932192,0.00033609491636721794,0.0004692318091189629,0.004089744822089301
2021-03-23,-0.0004633861816909852,-2.528263883482071e-05,-0.00042902750219577174,-0.00024441738182093454,-0.0077907830599825666
2021-03-24,0.00032122810853073644,-0.00032110324590177176,-0.0008285284794480811,-0.000735595675399204,-0.002274621207929916
2021-03-25,-0.0013239527008381633,-0.00014429463291438323,0.00022011886507563704,-0.0010196192605742467,-0.003145629875149833
2021-03-26,0.0007800246272813647,-0.00043226750402933743,-0.000687136576338534,-0.0001525656459029931,0.001374780633547166
2021-03-29,-0.0012898081501635616,-0.0005943233803454437,-0.0013334184620016512,-0.0011894547752868238,-0.001986738752167608
2021-03-30,0.00010234279728875485,1.706644821637969e-05,0.0006047674597976147,1.7056114617516728e-05,-0.004130424918134185
2021-03-31,0.0013888003595465355,0.0007754085129586199,0.0009201592183778535,0.0005702977193702863,0.000818924013794392
2021-04-01,-0.001250718049583076,-0.0007147598200861271,-2.555398919203596e-05,0.0011996989429164577,0.004016650650436693
2021-04-02,0.00012759604809809132,-0.0003569637719680768,0.0005517475682697996,0.00010206511763359805,-0.0012237095217300586
2021-04-05,0.0018144824377945476,0.0011190709488831112,0.0007832187283166363,-0.0005762077218731648,0.004862555671247222
2021-04-06,0.0004815673843843699,7.603117281730336e-05,-0.0013042338629016752,-4.223347510338554e-05,0.004948540317285936
2021-04-07,-3.3626443838632316e-05,0.0006727890723723654,0.00010103646583046795,0.00042024929806500945,-0.00016848915812128724
2021-04-08,0.0014374159254127784,0.0009915717222950275,-0.00045457224693254834,-0.0003276498712413036,0.0038764790286997175
2021-04-09,0.00036180211501996403,0.0005132368953292061,-0.000840979285787487,0.00030280345763767746,-0.0014781844542652086
2021-04-12,8.396023648134545e-05,-0.00038624303563391903,0.0006735084148480944,-0.00017632463930622252,0.001470051128497916
2021-04-13,0.000351915007779534,0.0,-5.0414236991176096e-05,-0.0010561167739115314,0.0030591700407326993
2021-04-14,-0.0006771980979556548,-0.0005015883736661949,0.001187033058647264,0.0010114478357569374,0.0024489637581717604
2021-04-15,0.0006846684635311638,0.0008183306512319301,0.00045074749721846436,-0.0007264317077059542,-0.0010524030839523806
2021-04-16,0.00031705506177004893,2.5033482283786464e-05,-0.0007763035820192107,-0.0007009931022259592,0.0011859623552512054
2021-04-19,-0.0009565597851384752,-0.00023289471600602694,0.0008484586843817487,0.0002163457546422982,0.005164096100618733
2021-04-20,0.0002656704042194092,-9.132003111230793e-05,3.314441019833677e-05,0.00019090701641258972,-0.00021602399612071998
2021-04-21,0.000283220047208487,-0.00022486414552682594,0.00016651957476081043,0.0017225816348352629,9.970918163621502e-05
2021-04-22,-0.001797244709292251,-0.00013302405260771517,-0.000780789301321943,0.001181885661143814,-0.00161318522581757
2021-04-23,-0.0008872048242264376,-0.0005553828761551858,0.0003649816720178184,-0.0003484638586979344,0.0064371852311380035
2021-04-26,-0.0006542145311613585,0.00024027208858169396,0.0003803287409010162,0.0009025383466911445,-0.000736154741533355
2021-04-27,0.0009020005990463693,0.0007448111834269349,-0.0006464874408766338,-0.0006536623942485753,0.00033092311303539355
2021-04-28,0.0015813552443652964,0.0007290018796422122,8.281779262194681e-05,0.00020679871527622037,0.002973390366482201
2021-04-29,-0.0005197226612941279,-0.0007676592960407259,-0.0002146188460094434,-0.000503481045495655,-0.0003629404817456536
2021-04-30,-0.0016068518279333697,-0.0014078677273675134,-7.438723518470292e-05,-0.002190799521935148,-0.008625493138315213
2021-05-03,0.0015751951524316649,0.0013683012397090989,0.0005398603969110169,0.0002733338043962902,0.0029390053451142676
2021-05-04,0.00034108540360371764,-8.315282241618109e-06,0.00027463039498858534,0.0009228429203209352,-0.004228582001953907
2021-05-05,-0.0009582814997554541,-0.0006833048888840242,-0.0002751937840250623,0.0006917214555276902,-0.00041634747295651013
2021-05-06,0.0009785710327772674,4.972732849226848e-05,0.0014462039673096064,-0.0005886864585571583,0.004653219527261908
2021-05-07,0.002227760455334308,0.001328947726923777,0.0008690434861744573,0.0008156036124480351,0.008157177355010724
2021-05-10,4.92942703725291e-05,0.0,0.001891556821347261,-0.0009781238065247764,-0.0028644116678662335
2021-05-11,0.0013568690483008626,0.0006822319935499027,0.0012098418393754673,-0.0006000846874884633,0.0014579243226356205
2021-05-12,-0.0009347225257971859,-0.0008844474227041148,-3.2969569090730116e-05,-0.0006539978957476458,-0.006482188484253043
2021-05-13,0.0006121267458899576,0.0008519473300544301,-0.0011755746767451508,-0.0015475843811720298,0.0010350124918449748
2021-05-14,0.000988484240028931,0.00032945944240487157,0.0008746452468607178,-0.001021450548464453,0.004837906849508844
2021-05-17,-0.0007657945492305743,-4.9398979097966904e-05,0.0006177949858561808,0.0004529601019604243,0.0011525765475264898
2021-05-18,-0.0007697032109789355,-0.0005568248029165124,0.0012284913216509602,0.0008761049102326538,0.00580848455234554
2021-05-19,0.00037646905214346884,-0.00017169417222203946,-0.0013590740740392151,-0.00042558416159809185,-0.003999972546598429
2021-05-20,-0.00022109129113204816,0.00026200945021459353,-0.0008199410101878651,0.0003357119786542933,0.004392549574434375
2021-05-21,-0.001321172178405161,4.1036920923434426e-05,0.0002127624760487096,0.0008700363337532298,-0.004220089763302119
2021-05-24,0.0009738015442026205,0.0005236973149279877,-0.0005248741242745401,-0.0004990571196718012,0.003091015157166487
2021-05-25,0.00011430810946836234,-0.0002856641506838701,-0.00021214791685036604,-0.00019596475963128994,0.002779482680480981
2021-05-26,0.00043348996904197867,8.176380888470818e-06,-0.000514804732864476,-0.0010390546356652266,-0.004573895901480501
2021-05-27,0.0010906333724219832,0.0011565673390123835,-0.0007621233287696659,-3.2783660626499733e-05,4.920493034385396e-05
2021-05-28,0.0018428483796404452,0.0005425846894048237,0.0009677446565671726,0.0011172175875164172,-0.00030346898082776665
2021-06-01,0.0015444018513739856,0.0008009022837030404,-0.0011772786604518429,-0.0001224844752459642,0.0012124987148488938
2021-06-02,0.0010415087234972261,0.000245913734701447,-0.0010743209644255315,0.0005654046276169197,-0.00024565799617480154
2021-06-03,-0.0014243785161708817,0.0002963792358645082,0.0008698578413065505,0.0,-0.006894793783275555
2021-06-04,-0.00022997757819971274,-0.0004024756412829146,0.00022291481856638094,-0.000854665787324791,0.00310402001307199
2021-06-07,0.000320250948093162,0.0,-0.00047695015952750743,0.000492493587017655,0.0022337202356530294
2021-06-08,0.0007306251274212082,0.001009889613768425,-4.107096652886109e-05,-7.385918339710042e-05,-0.001485853879846276
2021-06-09,-0.0010729482942781635,-4.9138036945217206e-05,0.00019695054963614564,-0.0015336105585490143,0.0005256371417952686
2021-06-10,0.0031806721014422394,0.0008539079119436952,0.0005261859859956457,-0.0011823243901563983,-0.0004188447338125417
2021-06-11,-0.0011550393997483614,7.424915545018995e-05,-0.0011581728450473497,-0.00021465428358989259,-0.005485784524581488
2021-06-14,-0.00026394364956339227,-0.0002474941232778932,-0.0003962096000587173,0.00015672494392026827,0.0008502313884347618
2021-06-15,0.0007671463769740602,0.0008577886077179172,-0.0009227372995667206,-0.00012369348769565992,0.000709348583827469
2021-06-16,0.0009902625004636527,0.001048006202412551,-0.00039570985091913995,-0.0005940398181353715,-0.011143562321361577
2021-06-17,-0.0018013871359168349,-0.00043564954359376286,-0.0007865582625956269,0.0014748647222756327,-0.007330638104830251
2021-06-18,-0.0005054376776599018,-7.584408145915438e-05,-9.232564099424485e-05,-0.0009272997697117667,-0.003946936153567761
2021-06-21,0.0009236634827197636,0.0012762814925158061,0.0004206452760466698,-0.00043653459390330504,0.004600106505209136
2021-06-22,-7.559118610382308e-05,0.0003863987683315232,-1.6809547823684587e-05,-0.0005545100289953318,0.0017604310056630707
2021-06-23,0.0007943310269455346,0.00010029419639310848,-0.0002428963305280516,-0.0014972128713265926,-0.0010139651511681383
2021-06-24,0.0002177043917899827,6.695849412828868e-05,-0.0002765799648020947,-0.001499771963924171,0.00015090290265212778
2021-06-25,-0.00024236042456478218,0.0005848832906831274,-0.00027628819546061196,-0.0011122680959866206,0.00046933012368477716
2021-06-28,0.00039418121943374517,0.0013755275722645355,-0.0003601898155482826,-8.385216862815092e-06,-0.0008968272197239942
2021-06-29,8.410393564278609e-06,-0.0006728060469935783,-0.0006971421654372016,0.0011263534241717054,-0.002291817204510594
2021-06-30,-0.0007415397400605088,0.00028647742501065795,-0.0005886013320971136,-0.00035411063797996696,-0.003443387516454512
2021-07-01,-0.0007501148701682675,0.00013479246193555516,-0.0005825267472734801,0.00048047542702508896,-0.0007255486224927229
2021-07-02,-0.00033797200223687434,0.00015208739985194604,0.00045656310241411923,0.0008616029726151266,0.0011302772069142026
2021-07-05,-0.000413169139613585,-0.00039623158989951344,-7.580830609959211e-05,0.00045531965912501757,-0.00042985196054878686
2021-07-06,0.000777296231229744,0.0005746349536165751,-0.0016612910447001627,-0.0010055305020187607,-0.00346240264829501
2021-07-07,-0.0014743641299082304,-0.00016943552595196845,-0.00041452180428344084,0.0005679723117841141,-0.0023714756604068096
2021-07-08,0.00027827084364921294,0.000539701827847757,-0.00037240480832588296,-0.0007253527978427945,0.004323718189418489
2021-07-09,0.00011796725579688925,-0.0003624455844498106,-0.00016893461425966983,-0.0003455148416140005,0.002268597774145345
2021-07-12,0.0009020059705601945,6.741383671547947e-05,-0.0006569638400832521,-0.00014325500679676417,-0.0012048752558229195
2021-07-13,0.0012614132038362405,0.0010498777518212219,5.906998529184905e-05,0.0004821335772548472,-0.00706459613773949
2021-07-14,-2.537802685974542e-05,-0.00029610954577401476,0.0004242897453420018,-0.00018612521204318294,0.004920882135480868
2021-07-15,0.0002538865817652959,9.306457419080047e-05,0.0011739023462198274,-3.384782020365688e-05,-0.0020213218203251736
2021-07-16,-0.000821724057098204,-0.00035590807778589117,0.001295814193897491,0.00085559509313167,-0.0006182066277247841
2021-07-19,0.0007194092690884841,0.0001607615021970448,-0.0003736698670242202,-0.0011428330803009462,-0.0009743162553842462
2021-07-20,0.0008924511975343622,0.00013602319216395772,0.0006447672274411711,-0.0006713890781788769,-0.0014080805780527555
2021-07-21,0.0017665298236943137,0.0003648814387960791,0.001164218681664636,0.0003223945458406834,0.0012215814209968537
2021-07-22,-0.0030824755325891116,-0.00046545283052837225,0.0006021618640332368,2.544388986314288e-05,-0.002138747781126917
2021-07-23,-0.0008246301321261135,-0.0002975216468943783,0.00022919328309356176,0.00018708914852479908,-0.0001444454359878106
2021-07-26,0.001949037538530053,-0.0002371554904141965,-7.640359779761755e-05,-0.00030481609664982943,0.002647210098428093
2021-07-27,-0.0008378576724616018,0.0011348624138833002,-0.0006622123226707278,0.0012100136439394157,0.0013040571568501537
2021-07-28,-0.00029677490689209075,0.00033073971510181997,0.0006519263808108423,0.0005680349112682045,0.002332894860661778
2021-07-29,0.0005133664749791376,-0.0002609548436663066,0.0009435393532471574,-8.414037985932885e-05,0.0036742440040987683
2021-07-30,8.42059171515535e-06,-0.00042922970760209464,0.0004202916886143628,-0.0013481974117575727,-0.0018101533469452153
2021-08-02,0.0002861880611773638,8.41534791171933e-06,-0.00022723925445484794,4.207957247775221e-05,0.0004887132614395899
2021-08-03,-0.0001094907418251099,-8.426161551352101e-05,0.0004376957074691403,-0.0011124315358509466,-0.0006657200766640256
2021-08-04,-0.0034608375069006135,-0.00248319761265891,-0.0023270726497514414,-0.0008185412702232716,-0.0022870462778459637
2021-08-05,0.0006500770612437711,-0.00015204115276483963,-0.001165422555310309,-0.0008865735360148122,-0.00019434457353963248
2021-08-06,-0.0011804722409993,-0.0006879711493347595,-0.0009308466298503713,-0.0007225587393317951,-0.006264563934554029
2021-08-09,-0.0006123907244083052,-0.0006548426698154091,0.0002721319856917163,-0.0009278057210637897,-0.0017704844515186759
2021-08-10,-0.00044391327346688113,-0.00021345719623903304,0.0005709781351195215,0.0006401966902819897,-0.001585880879761122
2021-08-11,-0.0009115188493444658,-0.0007072286730903075,-5.976903538825968e-05,0.0004430849006104539,0.0017732919665271014
2021-08-12,-3.409042485521078e-05,0.0006565064714106883,0.00028952926150885067,-0.0004177020481245967,-0.0007924774707797272
2021-08-13,0.00121434985646767,0.00025486581452903364,0.000519721747569167,0.0005769361457798173,0.005322236674739733
2021-08-16,5.941644564091785e-05,-0.00031415168690362717,0.0008315726535426708,0.00048368825962414545,-0.001450929570525386
2021-08-17,-0.0008098305339506725,-0.0004685935888422998,0.0003821867071025933,-0.0010153454539690936,-0.005688219976337393
2021-08-18,0.00011951715085352492,0.0004268141801246865,-0.00033270347470160805,-0.00032443693401398225,-8.539928440590233e-05
2021-08-19,-0.00034206453380904286,0.00022230962692230423,0.0005989663731111897,-0.0009584036468369488,-0.0027708903386766998
2021-08-20,-0.0006166812467388998,-0.00048800744109631637,-0.0007708449698642609,0.0005824311525478672,0.0015659834022705315
2021-08-23,-0.0008691651449572225,-0.001108080577068114,0.0007590392122453864,0.0007669496234411078,0.004479701677647772
2021-08-24,-0.00025536261630080843,0.0011492835270195364,-0.00046015015340738477,0.0012081406315679645,0.000842499464765119
2021-08-25,0.0010216418671993297,0.0014899516180817683,0.0015667444728719479,-5.95671172668042e-05,0.0011902030701014658
2021-08-26,0.0008844139633559328,0.00016165328808221812,-0.0002634810967557359,-0.0008248615423197492,-0.0012837790772814647
2021-08-27,0.00504686832126592,0.0033747487156301006,-0.0008335885617601675,-0.0011278116986924696,0.003091875254631984
2021-08-30,-0.0002713658197485407,-0.00021195691419222224,4.238132171010773e-05,0.0006274217412441451,0.0002543062539136117
2021-08-31,0.0005159195110863013,-0.00011838722784769681,0.00019447274694870184,-0.0017433549603041222,0.0008556893268666492
2021-09-01,8.445339650656594e-06,-0.0006164369297358163,0.0007959222109901346,0.0011057232851540502,0.002638702478277168
2021-09-02,0.00010967641251016701,-0.0006325884464139341,0.00013503933041006752,0.0011382368677014892,0.002833914382695804
2021-09-03,-0.001009175169115287,-0.00010940965088211628,0.0004798888770507558,-0.00031978456891223057,0.0003452558927793933
2021-09-06,-8.426303554147287e-05,2.5279656198005912e-05,-1.6858999756046582e-05,-0.00045514312508167866,-0.0008336737281958705
2021-09-07,-0.0004895878274838784,-0.00027843989464188814,-0.0006907764770457939,0.00010131370107629403,-0.002116777723430092
2021-09-08,0.00019463237813356106,0.0002200890523045992,-0.0008711280813074486,-0.0005332137255359083,-0.0023835697194911224
2021-09-09,-0.001209501925753752,-0.0008039912247946796,0.00076933811130395,0.00010155291338662857,0.0006344828965925524
2021-09-10,0.0006932116263734404,0.0005663160448373758,0.0003799311948102285,-3.380405479967992e-05,-0.0012100955590340766
2021-09-13,0.0008899625531778092,0.0005763151586318946,4.242447383692406e-05,0.000558999912920061,-0.0004063836147872192
2021-09-14,-0.00134387605855183,-0.0002960143800027558,-0.0001522211607266831,-0.0003045247322990536,-0.0003896059946968608
2021-09-15,-6.769449477112772e-05,6.77019422251234e-05,0.0007190319602258476,4.2309596245836976e-05,0.0009314141232209675
2021-09-16,0.0001786283896297698,2.5519860832979668e-05,-0.000407515266237195,0.0005016900256158755,-0.003977261105945854
2021-09-17,-0.0009018897753366379,0.00011059641253530124,0.00067087024574187,-0.0009453044200710957,-0.003805474423248159
2021-09-20,0.0003328880630621708,0.0001536242524508155,8.540621330215584e-06,0.0006057426291018514,1.7054369329837166e-05
2021-09-21,-0.0006138212267955125,-0.00014492568321596404,0.0007416785291589764,-0.00013645589937081093,-0.0001705567830302474
2021-09-22,0.0010482672592361365,0.0004604090901284997,-8.525912379325688e-06,-0.0005793940382253652,-0.0027585282007810473
2021-09-23,0.001695384955941108,0.00045144228055110376,0.0009044446388266094,0.00014469870775264627,0.0038836657652443585
2021-09-24,-0.0002732473759635819,0.0002390710393901631,-9.372670152776698e-05,0.0003073980487351233,-0.0017393829577407633
2021-09-27,0.00037600089315928864,0.0007008607198060097,-0.0003848341198659797,-0.0002563489093576828,-0.0021095883024934
2021-09-28,0.00014549624944884955,0.0004710497215837761,-0.0005306856240268288,-0.001018918578954932,-0.0010864219721692149
2021-09-29,-0.0013239341686234177,-0.00011173904646649933,0.00015429717666774775,-0.0007401033040066015,-0.007413964073193865
2021-09-30,-0.00028485724960092707,-0.000957966078412598,-0.00031889816645240245,0.0006041461872260102,-0.0014583237042376498
2021-10-01,-0.0002758787185689416,-0.0010004485603489705,-7.773195434991109e-05,-4.3112925692817074e-05,0.0010443414478142094
2021-10-04,0.0005157918378538526,0.00026657838207201173,-0.0002928333368613195,-0.0010060406274265017,0.002076289272469983
2021-10-05,-0.00035384024913614256,-0.00022439714937164235,0.00027590250470334993,0.000595415319763907,-0.002102162382117438
2021-10-06,-0.00019062142642559913,-0.0010223355190302106,-0.00017310172365981994,0.00018195760438036155,-0.0035249939303615267
2021-10-07,0.0005971001877839745,0.00010379814729636557,-0.00032860033847487456,6.055546666333653e-05,0.00011250784321352461
2021-10-08,0.0005014655001722958,0.000657155233333736,0.0002857229459291814,0.0003975352864915897,0.0014441684490318924
2021-10-11,0.000915758891135094,1.7273394654239006e-05,0.0001209680904933425,-0.0007601935404102181,-0.0014615523593161353
2021-10-12,-0.0006326399060118811,0.00043336194200322976,0.0006660755852753851,0.0012389052436070206,-0.0021312917972958955
2021-10-13,-0.0006745479487481902,-0.0002767208596005334,0.0008568276266894399,0.0012881641985830904,0.005888957312347696
2021-10-14,-0.0006380630691748419,0.0003880866085522722,0.0008525847180393162,-0.00040546778165059013,-2.5866640226669795e-05
2021-10-15,-0.0009485866770865266,-0.0008362898533330361,-0.00035320925430859377,0.0012846878208399748,4.311069533907242e-05
2021-10-18,-0.0005514674343146184,-0.00024126283979997317,-0.0009493234626238578,-0.00012067405091577843,0.000904809771629969
2021-10-19,0.0007897199479932243,0.0007638075747984888,6.864478044944642e-05,-0.0008412450922750391,0.0017641773399553905
2021-10-20,0.0006786271376267841,0.0005153311116366606,0.0002666150653303452,3.434862133557568e-05,0.0015378868689347306
2021-10-21,0.0004808600618167579,9.44599254470515e-05,7.731327773484948e-05,-0.00021464109944310073,-0.0019506835724228014
2021-10-22,0.0008417436614677301,-0.00015459269150888463,0.00010308392758909424,-0.00012020572365447076,0.001194923009479015
2021-10-25,-8.612188830759846e-06,8.614303194366403e-05,-0.0008496213688800027,0.00012917504528304954,-0.0023999701846140714
2021-10-26,-0.00039627502004613014,-5.169249856852274e-05,0.0005344413060690066,-0.0010086251226850116,-0.0016290649410491656
2021-10-27,0.0001377090382337927,0.00013768889216614813,-0.0006551385507499143,-0.0020848776440783325,0.0008105544981156522
2021-10-28,0.003114131482804546,0.0019733518196634486,-0.0014826310792815348,9.421639800556531e-05,0.006829072749942186
2021-10-29,-0.002487681241611316,-0.0015580148365455457,-0.0011746902783999304,-0.0026321368718177905,-0.011044224145732619
2021-11-01,0.00044011236520034706,-0.00016391391967837614,0.00013833889593034356,0.000241547978641427,0.003739904254185962
2021-11-02,-0.0011650637572046306,-0.0007508965798636413,1.724554202781065e-05,-0.00026772490131023207,-0.001768881104926934
2021-11-03,-0.0005093737834443082,-6.0453487536951354e-05,6.0397154449640616e-05,0.00018133227461933956,0.003121472557205063
2021-11-04,0.0017849256543335558,0.0010569360238186117,-0.0006235386016524466,-0.0006581454392542434,-0.005179033086339348
2021-11-05,0.0007535240596458735,0.0006233010919111403,-0.0006587387125840701,0.001228671459038488,0.0006834412830962275
2021-11-08,-0.00039688703045518656,0.00018121335333136295,0.000778263991825773,0.00015532238054159474,0.0016842363811866204
2021-11-09,-0.0008809203595897655,-4.3187776138439974e-05,-0.00029327031107088285,0.00115712768947133,0.0005435321960940845
2021-11-10,0.0,0.0008158164691944313,-2.5909980093910387e-05,-0.0008418860479460808,-0.009393646086193953
2021-11-11,0.00011335940611815623,-0.0005579141131353692,0.0,-0.0002965055965351813,-0.0033314468521640924
2021-11-12,-0.0006115460073175415,0.0002446333569779196,0.00038452127575539657,6.990990364035766e-05,-0.0005330141200172418
2021-11-15,-0.0009104120242954301,-0.00041157128864255637,0.0002620133117751722,6.130375575009539e-05,-0.006524049797598524
2021-11-16,0.00030847196454807953,0.0008284201444963212,-0.00022010626819436323,-0.0012521053756925796,-0.004311282559843533
2021-11-17,-0.00010611862303364285,0.0013536171507829116,-3.536099152593954e-05,0.001431652123351767,-8.835600401239613e-06
2021-11-18,-0.00025547172111052243,8.81092201909405e-06,0.00035294533243268247,0.0007486118004962881,0.004390496089755281
2021-11-19,0.0010870863182954626,0.0005743952438937871,3.5398543353765324e-05,-0.00026503405842767056,-0.0077891505215183605
2021-11-22,0.0008796442894975052,0.0009421301725214484,0.00047863854840391715,8.880994677235376e-05,-0.002975545009929994
2021-11-23,0.0014036960371633244,0.0005506608068661296,0.00025754770325437493,0.0,0.000249041635711984
2021-11-24,-0.00041093076394976786,-0.0005002054519502156,0.0008296127611739679,0.0004019992818149295,-0.0037421525382418668
2021-11-25,0.0002586687493516086,0.00022300223540649676,-0.000338641693592963,-0.00016054514028674422,0.0005889807234462438
2021-11-26,0.001724511926337231,0.0008395897992544244,0.0013130114202048499,-0.001724511926337106,0.008704898591281424
2021-11-29,0.0003639478618292107,0.0004082647031997621,0.00022147903791450748,-0.0007724373444652238,0.0
2021-11-30,-0.00817758471482291,-0.004727806307894916,0.0008446689576056197,0.0010103607137921535,0.0033064603290111723
2021-12-01,-0.0013407783814575517,-0.0017644935630464628,-0.00036207087270478597,-0.0006357335431101934,-0.000989023684727254
2021-12-02,-0.001386919891399844,-0.0005476451396457121,0.0004414582319775607,-0.000919784269320011,-0.0011492018732623846
2021-12-03,0.0016135470498419317,0.0004078122701626357,0.001397896305565641,0.0016021034349173238,0.0005305649757043543
2021-12-06,-0.0008951798269437257,-0.0005852724344138186,4.4253074489621704e-05,0.0004787106817305005,-0.0018240262900090225
2021-12-07,-0.0010134865691523158,0.00025783622208271485,-0.0010560553324985287,0.00028459116892237495,-0.0009842302297029095
2021-12-08,0.000803095933695823,0.0011918794699358312,0.000735303921824116,-0.0005029626369501745,0.006349396121125373
2021-12-09,7.085916743441566e-05,0.0002481125734914451,-0.0005390573696398176,-0.00043409122798604736,-0.0044615913957871045
2021-12-10,0.000831262594183234,0.00026545618801521696,-0.0010375790754599385,8.839153921937797e-05,0.0018577335691965782
2021-12-13,-0.0003190047080246474,-0.00037228432315229487,-0.0003195171767665276,0.001204595321965472,-0.002407720026567116
2021-12-14,-0.001418226214295859,-0.0002571913828457204,0.0012115264502488112,-0.0004258603774669764,-0.002298045898627699
2021-12-15,0.00042638999340171234,-0.00030200478107695624,-0.0005324482985393646,0.0001598493866963549,0.0029005196029269456
2021-12-16,0.0005218260491916419,-0.00015925398389808018,-0.0006454779192142968,0.00010610079585533058,0.0038366722864873726
2021-12-17,-0.0013739492559248386,-0.0010995053334169988,-0.0003619078763290334,0.00020399565471325513,-0.00855986015723888
2021-12-20,-0.0004248614838467194,2.656195354466845e-05,0.0006837546386527581,0.00011508447655909889,0.003046197054460761
2021-12-21,-0.0007806747910304663,-0.0009313754426496544,1.770851779754766e-05,-0.00012425447332088533,0.0008863598669304975
2021-12-22,0.0018098753478181047,0.0016420219977192933,0.0011072677751561442,-0.0010855320834569535,0.0034846322450556915
2021-12-23,-8.835327177916838e-05,-0.00024748756059397246,0.0006534966718788944,0.0002827029958843331,-0.00032672091701846796
2021-12-24,-0.00077783183309175,-0.0006983086188980461,-0.0004144931557735964,0.00024755758050458155,-0.0011134185747966251
2021-12-27,-4.4153034424315e-05,8.831659739563564e-05,0.0009279922891380192,0.00038847981276485065,0.0005562300110303899
2021-12-28,0.0008494222670029769,0.000734705110923285,-0.00021180083740507337,0.0007868412268693907,-0.0014486099413410823
2021-12-29,-0.0004404471490587382,-0.001461846942554574,0.0007178274066325663,-0.001110787980177086,0.004101891295520248
2021-12-30,0.000326709377257527,0.0008390262489174103,0.0009021599380700979,-0.0009009168762832646,-0.0032889980578542084
2021-12-31,0.0007036926560984707,-0.0008359328396816409,-0.00016772969075550272,0.0005538096530796073,0.004089768952585191
2022-01-03,3.540888409274164e-05,-0.000460315501285312,-0.0001056886940502792,-0.0006552673991004726,-0.006262589709248584
2022-01-04,-0.0008930032467467753,-0.0010783292246790129,0.00025657018883622966,-0.0008229761226232562,-0.001682577751237303
2022-01-05,0.00015876936137513024,3.5283636335235705e-05,0.0004067916575374535,-0.00037932418999372025,0.002460918686154313
2022-01-06,-0.0011234614405775886,-0.0017341300519151913,0.0008399683958423702,0.0007697514613841903,-0.0013802014099677914
2022-01-07,-1.762922219907152e-05,0.0006875154521066291,-0.0008664362606276173,0.0011364488521761601,0.005685495270337235
2022-01-10,0.0014848600066054277,-0.0003622084151460559,0.00033550232959089744,0.0004679808478158676,-0.0020720096641638677
2022-01-11,0.0021941717877079236,0.0006962346327471147,-0.0002382622749434514,0.00013202540187915395,0.003163597504517515
2022-01-12,0.00014009281171662634,0.0003239518653374583,-0.0007921489654206387,0.0007701598462283192,0.006454690643632306
2022-01-13,0.0007593180467208407,0.00091621044344692,-0.0007937719848926955,-7.852341092290366e-05,0.0014849887860674052
2022-01-14,7.874739153341222e-05,0.0006911243292773649,2.6184065252165855e-05,-0.0014622125790076648,-0.0041460081956184265
2022-01-17,0.0001929452216962665,0.00030690851298198116,-0.00035022896576395975,0.0004822002451828193,-0.00010516537264517851
2022-01-18,-0.0015598633655967767,-0.0009781934165911002,-0.00044760990228511594,-0.0004587277443108709,-0.007159662223579897
2022-01-19,0.0006787220893702545,0.0008639918722725391,0.0007228873492148656,-0.0003613401351598155,0.001261495877765924
2022-01-20,0.0007493377527567891,0.00040543995196544154,-8.81321277431012e-05,-0.0009786591388628975,-0.002657169516740575
2022-01-21,8.814921905496918e-05,0.0012253229024405197,-0.00019403603839300598,-7.051875361029147e-05,0.0025601878506075963
2022-01-24,1.7680026874016687e-05,-0.0009281809646743315,-0.000918687401745151,-0.00020333918371905651,-0.0015266168113030945
2022-01-25,-9.754237558869797e-05,-0.00016852113871487822,-0.00016836732473070898,0.0005585230314299895,-0.0018385607837920794
2022-01-26,7.97649592956683e-05,0.0002925415230362829,-0.000451993431633909,-0.00041662050464113984,-0.0055271551727076925
2022-01-27,0.0007983889116125091,0.002108087310924451,-2.6797318483233975e-05,-0.001022770181205696,-0.00857722479781643
2022-01-28,0.0020891903247051012,0.0009951007800297726,0.0004939180825034295,-0.0004569176059962945,4.486417372159836e-05
2022-01-31,0.0003122755544846608,0.00044607012961983035,-0.0001789645118150661,0.00024975025104829096,0.006907641480282165
2022-02-01,-0.0011287635905727126,0.00046229208792499904,-0.00034641263420175566,-0.000435848064929572,0.003892957605582542
2022-02-02,-0.0003452503763439977,-0.0006636316822403383,0.000743001228290179,0.0004603073517999587,0.00232144068953597
2022-02-03,0.0014543927846453366,-0.0005254124608594489,-0.0006027407156542993,0.00022760498378087963,0.011990625171346636
2022-02-04,0.0008651237710186345,0.000559714560194179,7.849259339186671e-05,0.0004803011143623262,0.0010662845367702977
2022-02-07,-0.0002885258534806807,0.00027097546963693737,6.12871170295299e-05,-0.00029735615615161283,-0.001170540940976836
2022-02-08,0.0005082948570093841,-8.760671593212053e-06,0.00106907832855565,0.00018397410397373926,-0.0017934086122551492
2022-02-09,-0.0005683780829031907,-0.000559675402884022,0.0010059878992651288,3.4986442756822125e-05,5.253572430451084e-05
2022-02-10,0.0027289666486419576,0.0003487145545201637,-0.00018352552585698844,-1.7413866662432196e-05,-0.0008671925842267062
2022-02-11,7.894840725695191e-05,0.0005614971063730873,0.0007989359652018548,0.000368343510794662,-0.00570362965532336
2022-02-14,-0.00030971395951398295,0.0010354578843356703,0.0005922207123284745,0.00042472614650900566,-0.005178684616028022
2022-02-15,0.0017966766324370065,0.0008454947087790262,-7.932695490011973e-05,-0.00023761017083313225,0.004368804029140713
2022-02-16,-0.00036942563530368807,-0.00014079549477675303,0.0002724592097080802,0.0012484615653603852,0.0015575573263107187
2022-02-17,0.0005366765772714078,0.001108354998141739,0.0007127552691453926,-0.0008183270508978957,-0.000800475049889753
2022-02-18,-0.001773542917401159,-0.0003972370012289764,-0.00046623943558709875,0.00030905213955556023,-0.0038264902975948855
2022-02-21,0.0006527760857053124,-0.0002910604764832985,1.7604858941578934e-05,0.0006876003021311454,-0.0006364472317233159
2022-02-22,0.00035288617140651817,-0.0006436737237441502,0.0017383558829141038,0.0002469462463491031,0.00172277506508347
2022-02-23,-0.0014758976267598227,-0.0004592300911737517,0.00037875285067938023,0.0007691525997716842,-0.002067686519120654
2022-02-24,0.0019115745793017798,-0.0012048952569526025,-0.0022428646572043966,0.00012551551029565323,-0.010206438230349698
2022-02-25,0.0011554324379866707,-0.0002134187016237422,-0.0003667541848850469,0.0001598777826582399,0.007247698938880188
2022-02-28,0.0007218254476161137,0.0008910671117546834,0.0007242975301552704,-0.0003831264052139094,0.003045447359415332
2022-03-01,-0.0013474548620246165,-1.7958318742588486e-05,-0.0019933412933400532,-0.001835457220105017,-0.007330105360614923
2022-03-02,0.0002255350829379738,0.00040662712401712216,0.0014696139724812614,0.0012980927074290273,-0.0017892067979732925
2022-03-03,-0.0016559366384260514,-0.0003073668628481967,0.0011365892724410358,0.0010680763875283536,-0.004211405861000598
2022-03-04,0.0007787912637597963,0.001328952568686656,-0.000971848268354403,-0.000641313431843675,-0.012229259503083376
2022-03-07,-0.0003405289275413189,4.597003673834323e-05,-0.003007132670386913,-0.0003774783570194515,-0.0006991849260898774
2022-03-08,0.00018367496929160907,-0.00028474981247358775,-0.000983668426800024,-0.0010749774784602835,0.002922285871984382
2022-03-09,0.004411418851098195,0.001393640159683316,0.0009746722639331797,0.00044278376158870023,0.015975871276394236
2022-03-10,0.0009631898682882194,0.00019069152978755152,-0.001041869661235026,-0.0003542733119368495,-0.005433171932005286
2022-03-11,-0.0003924521464110723,0.0003742019730337156,0.0015033554986454954,-0.0017542261236817302,-0.009432999445573976
2022-03-14,0.0013664066547484292,0.0004735409109444528,-0.001895666055632147,-0.0007831781037600786,0.0010057511522470316
2022-03-15,-0.002117078857986429,-0.000665508888138138,-0.00035461476932931917,0.00046577682826110173,0.0021999798916583443
2022-03-16,0.0002907848485236754,0.00032731141245220146,0.0008006988344512753,-0.0007543980398047036,0.00497542878566139
2022-03-17,0.0018466394167818477,0.0009726225550608713,0.0005526889362801309,0.0019779732229886645,0.007016176771906098
2022-03-18,0.0028519840607027403,0.0007876190322923036,-0.00220888532096606,-0.00022605102519981322,-0.004496987017001528
2022-03-21,-5.431240496665066e-05,-8.146897620620969e-05,-0.0007237854292266796,-0.0004798877335909488,-0.002330105183615399
2022-03-22,-0.0013610876282325235,0.00023591325760462798,0.000309203349134942,0.00031775285450556166,0.0011430646259572496
2022-03-23,0.0008638523804381594,0.00023633570688021547,0.0003363621106161945,0.00013632955418622466,-0.002132961403350575
2022-03-24,-0.0002999113920645966,-0.00017264173702306805,-0.0005096376222862958,-0.0013643683727524083,0.000227127160387898
2022-03-25,-0.0014640159382794528,-0.001718987039749744,0.00012720449957651306,-0.000282137512053553,-0.002528561341400221
2022-03-28,0.0009118597097464265,-0.0003191174151218843,0.0018523508702352608,0.00012759403241788153,0.0001274523193494667
2022-03-29,-0.0010520022729576509,-0.00011684605545502891,-9.093058365518036e-05,-0.0010711216747067323,0.00917021957471966
2022-03-30,0.0009686794428753181,0.00025102201953521687,0.0005029051860323078,0.0007258942932769037,0.0063838230089203665
2022-03-31,0.000144328781213566,-0.0001532919448084878,-0.002451961224682764,0.003682350058383842,-0.008144283530489264
2022-04-01,0.0002806839652814026,6.33951738371889e-05,0.0010582920878636404,-0.0007426258503385872,-0.0021890952042680494
2022-04-04,8.192878572453496e-05,-0.0003094143902375314,0.00014508129111543927,0.0010189971039678554,-0.006005969488191204
2022-04-05,-0.0010127599484273647,-0.0008114848337498799,-0.0013123600665973275,-0.0015987797866444465,-0.0061339510280335316
2022-04-06,-0.0018869139908306168,-0.0009252177440712265,0.0022925063455755523,0.0010629720229682132,-0.000733837267833185
2022-04-07,-0.00252809895303352,-0.0025095495067971145,-0.0014052234367059233,0.0006509551391727485,-0.0017174481295437068
2022-04-08,0.0004335173544011225,0.00032287674230322154,0.0,0.0026247580262029535,-0.000413730336472201
2022-04-11,0.0002662981361095064,0.0002755959780430665,-0.00010084942730638199,0.00028458512729883484,-0.00231281881396265
2022-04-12,0.0004320389086060788,0.0006803096590551095,-0.0009111785665923359,-0.0008182742226717366,-0.005131121724094445
2022-04-13,0.0017827210145282108,-0.00010164808517625651,-0.00040610636852971764,0.0010238578193363364,0.005645543929082046
2022-04-14,-0.003840694749697375,-0.0010759072047739654,0.00022917593019665218,-0.0008348717101656324,-0.005590131010469486
2022-04-15,0.00019430501321795598,-2.7754263750556716e-05,0.0006842728481230219,-0.00020355857468268092,-0.00207083434301215
2022-04-18,-0.0003887880968733301,0.00021291860572482897,2.780158932622913e-05,-0.0008521596277114127,-0.002770303030421505
2022-04-19,-0.0004075810123674179,0.00025919686146632504,0.0001666496934725808,-0.0007136667479333665,0.0010478730528793003
2022-04-20,0.0017701404139024925,0.001208492806178061,0.00241196673642978,0.0008102683536323097,0.0056562073163203145
2022-04-21,-0.002085698109458454,-0.001443685049297852,0.00044853106829570487,-0.002431141899696132,-0.0013556823140105736
2022-04-22,-0.0016830661663350508,0.00038849320625524775,-0.0008426277519373271,-0.0027247973261851424,-0.003809422745878372
2022-04-25,-2.7972940843910534e-05,3.7303689339227835e-05,0.00013957967928634454,-0.0015117019787500897,-0.00878311491876289
2022-04-26,-0.0007774338519078941,-0.0009931138681039753,0.0011701217793557278,-0.002326542383058429,-0.006960248053187924
2022-04-27,-0.0004933446017159926,-0.00038869375687871613,-0.0019039904708497636,-0.0012439288861332103,-0.007842437269178569
2022-04-28,-0.00028565443625143725,0.0007711899080233137,-0.0024382272798701143,0.001436966440491696,-0.005281719143716326
2022-04-29,0.000294362019929685,0.0009497127832876432,0.0022409131876116916,0.0016411408186638341,0.003973389258006999
2022-05-02,0.0017307294302914935,0.00038961718229450066,-0.0006741904036056366,-0.0003801233546042093,-0.003838448053072071
2022-05-03,-0.0013361321441758642,-0.0004266515033077344,-0.0012363762440808239,-0.0005501332789156507,0.001683510087309989
2022-05-04,-0.002077789752316868,-0.0018320325967032057,0.0006080009307310143,0.0018597771730756124,0.009580854976746394
2022-05-05,-0.0012887943030046377,-0.00018009222666358343,-0.000944189059012735,-0.0015278551794668872,-0.007852738478046989
2022-05-06,-0.0006239364921643146,0.0006339024475593244,0.00399327082066935,0.0008601744510332109,0.00041733852450567875
2022-05-09,-0.0011959112654556434,-0.0006453327483573325,-0.0006089612641442915,2.849070490953328e-05,0.001450409070477276
2022-05-10,-0.0007486129689081578,-3.793734647693828e-05,0.000530107264470398,-0.0006068824446391852,-0.0025894586568538254
2022-05-11,-0.0007104324938024047,0.00015140188713512402,0.0012501303847095439,-0.0007678344130057275,-0.0014636838015260622
2022-05-12,0.00014406661665266647,-0.0011827777420426906,-0.0005547478908811985,-0.00037461638280133054,-0.012865730521947954
2022-05-13,0.001360288475097586,0.0003566282284940874,-0.0012682066186140495,0.0020898850465515674,0.003107131099284404
2022-05-16,-0.0009506571292645018,-0.0011431262381879847,0.0023607550022057694,-0.0005573707620751101,0.003648342612556193
2022-05-17,-0.00036080516912501164,0.00047467604251993613,0.002749798839675571,0.00060759687817612,0.010989069207237556
2022-05-18,-0.0005991127604778253,-0.0017487506595001798,-0.000732541523622424,5.7073825008151985e-05,-0.008414449311919946
2022-05-19,0.001667535560976193,-0.00021761859116338874,0.001295559081512353,0.0022316583100476725,0.011499732321097167
2022-05-20,-0.0008618853089599554,-0.0011272196287787787,0.0004728311324450491,0.0003031652368487482,-0.0020431721669150952
2022-05-23,0.0007507648769462494,0.0003472173380791389,0.00089483778795311,0.00046894198171401684,0.012311902508462794
2022-05-24,0.0009516168874422002,0.002031233227926695,-0.0019591020520786174,0.00027039249033042844,0.003995972005058297
2022-05-25,7.501664435318419e-05,-6.560972525941162e-05,-0.001179874845418625,0.0014336113995917945,-0.004866371461024726
2022-05-26,0.0013542607573687622,0.0001493150176352149,-0.0003743425652488352,0.0004945483148520044,0.004717276282113707
2022-05-27,0.0020870026488540713,0.0017418767299479184,-8.385002031296345e-05,-0.0034309508851495273,0.00010250532337770198
2022-05-30,0.0010772760818578244,0.001049381379236703,0.0012093587222127156,0.000296975492424377,0.004081922960131932
2022-05-31,-0.00046688393179985377,-0.000579385120403578,-8.383205649594955e-05,0.0006442426870195674,-0.004203054327247553
2022-06-01,-0.005657207904493395,-0.003327541252921104,0.000643797869712328,8.439174653721613e-05,-0.007445061840337255
2022-06-02,0.0008684244246196177,-0.00017755267053169788,0.00034616806337200735,0.00016799507253978133,0.008897670738784412
2022-06-03,0.0011552186417810298,0.0012295541621319985,0.00010225946954849123,-0.0017892926818421956,-0.0028140160201910844
2022-06-06,-0.00028943695378269167,0.0007095642079838173,0.0005957367764386309,0.0008773895425461376,-0.002325549863593776
2022-06-07,0.0006090562159741557,0.0005053955763794472,0.00014972441378096943,0.002731500935944011,0.0009999954104570206
2022-06-08,0.0006053184392538222,-0.00035370224225038757,-0.0008239237962121763,-0.0008848198106299953,0.0010269912861494597
2022-06-09,-0.0038310813682026277,-0.0019662191271422537,0.0012237673940659812,-0.0006102054704159178,-0.009243440301559647
2022-06-10,-0.0022036901716171774,-0.0018056035619787658,-0.0010075282983737029,0.0014253544418356106,-0.00985266943899751
2022-06-13,-0.0022118077372334267,-0.0005169047095987347,0.0009839652680375226,-0.0008438819066200411,-0.010132573738543005
2022-06-14,-0.002175549417373349,-0.0002777498449526411,0.0011457489199159332,-0.0007390380365070772,0.0006819087947141592
2022-06-15,0.0011324160055463117,0.0016600858804515868,0.0029659321267670397,-0.0016030336278169586,0.002924048772274593
2022-06-16,-0.0018079987323399843,-0.000861161664548676,0.0006925541094216542,0.005052276387090449,0.01021947720596449
2022-06-17,-0.0025297980585541127,-0.0010594181826864902,0.0007129989512005155,-0.0003728507349633084,-0.005692119119008041
2022-06-20,0.0009312845747249288,0.0,0.00027577156779737906,0.0005127864356906306,0.0022572405543943874
2022-06-21,-2.843777104935211e-05,-0.00020838266710503897,0.001543159048037101,0.001515553656512651,0.002204695371787331
2022-06-22,0.0018296705536133611,-0.0001893742134795782,-0.00030470386828770164,0.003573829783075165,0.0027963826419224423
2022-06-23,0.0006838971001463463,0.0021274987129588155,-0.0016187550550079061,-0.00043688030174807006,-0.004069191256085553
2022-06-24,0.002720522652963659,0.001990654065647129,0.0007219325306664387,-0.0019709294382135546,0.0029136692483676023
2022-06-27,-0.0005863050656382503,-0.0005481109211292744,-0.00015112874308553402,0.0026262355087911917,0.0030279540933502635
2022-06-28,-0.0008358583706793788,-0.0010354180356331418,0.0010010199906637012,-0.0007319496327202706,-0.0059700538362682555
2022-06-29,-0.00045746962913621443,0.0002003100042466908,-0.0006659753454719442,-0.0010968730682398326,-0.007690217177867787
2022-06-30,0.000921207999049818,0.0006624328808937326,-0.0003829730242316046,0.002940263102326384,0.003690288033851384
2022-07-01,-0.0020114244100692034,-0.0020110373238560663,0.0007559628120116764,0.0008570342327146264,-0.005070471127175278
2022-07-04,-0.001436272832291209,-0.0008994957689053063,5.754126189571514e-05,-0.0010929486731037566,2.87876098146094e-05
2022-07-05,0.00022406344011621605,-0.0017052960871635804,-0.004163673907110942,-0.002584648634532636,-0.015150706273287792
2022-07-06,-0.0020924517308477004,-0.001994057781146488,-0.0015803647882795234,0.002494722111021667,-0.008010880457418348
2022-07-07,0.00011791641704995349,-0.00043209695356523917,-0.0004121849787491494,-0.0008453750626336946,-0.002133339385654718
2022-07-08,0.00018694255506544627,-0.0010140441042804393,0.0013749513761696236,0.0006491079910832703,0.0020842352898721907
2022-07-11,0.001221674441660102,0.0010930700454354634,0.0014328702838415559,0.0009722994654385893,-0.014057777419441489
2022-07-12,0.0010849928648586549,0.0004477589738542102,-4.996677210703009e-05,-0.000278601422669341,-0.00025906477760708635
2022-07-13,0.00118661236133987,0.001815027324769184,-0.0009266317600972461,0.007337605962121664,0.0021303079083314345
2022-07-14,-0.000882347100379722,0.0008233180179323392,-0.0013263593385965512,0.0030248117533080957,-0.0037759391298024373
2022-07-15,-0.000705888230538515,0.002524676562427559,-0.0007880967871479604,0.0023245659358889447,0.006348153694105616
2022-07-18,0.002510869439484465,0.001141878514024924,-0.0018058651101283388,0.0025536275368173923,0.006169014433363672
2022-07-19,0.0004783031068631844,-0.001835794594161593,-0.0009966486075561793,-3.903657727784597e-05,0.007961286202973261
2022-07-20,-0.001114870927375842,-0.0009589604821232853,0.001495711108083974,-0.0008712464759039964,-0.004733794643415827
2022-07-21,0.0006679830109184097,0.00320986596870861,-0.0017280148824771547,0.0007264160523611178,0.004704461244895083
2022-07-22,0.005647271880257256,0.00239603058322581,0.0017342126982755684,-0.0015921003944189792,-0.0014873528844016604
2022-07-25,-0.0003709198855583054,0.0005761015660373979,0.0029503895623460446,-0.002473059103600512,0.0003033757919601672
2022-07-26,-0.00195329903177267,8.87946131849834e-05,-0.0005579073724862469,0.0007403349613357803,-0.010030667547133167
2022-07-27,-0.0015688599384543482,3.946446718558428e-05,0.0003451080962100804,-0.0005037410285053879,0.0081011954963893
2022-07-28,-0.0016834109282157096,-0.0005322556924235706,0.00040154546572816454,0.00045312608515908837,-0.0005295415666767806
2022-07-29,0.0005513059198278792,0.001220148340341609,-0.0017114332782215925,0.0037918275652846253,0.002938355460913055
2022-08-01,0.001989119008386613,0.0005754104834703411,0.0021280757738335442,0.0007692345522178575,0.003750187509594216
2022-08-02,-0.0030743948863725785,-0.0035272713963005607,0.0005472972449236471,0.0005685940195930515,-0.009362612340254867
2022-08-03,-0.0027858873048692313,-0.0020974380550615804,-7.856308128433063e-05,-0.0015883746180687577,0.000600030511355769
2022-08-04,0.0013542956789374283,-1.9621308741824706e-05,0.0006384974898038668,0.0014210185702576276,0.0074848008968613116
2022-08-05,0.0029897152538242914,0.0008166599065559652,-0.0003519474461482289,-0.001877362611972249,-0.006177784589294125
2022-08-08,0.00048038510161414587,-0.0011462105285747323,-0.0015789038236619327,0.0014397722358441755,0.0015905590927271294
2022-08-09,-0.0007227056851627531,-0.00021485843841517836,0.0027469456300165977,-0.0013491452572879656,0.0019503786877836677
2022-08-10,0.0015593601067726663,0.00147323964847896,0.00187008362173385,0.0022910403316216063,0.008404721770771457
2022-08-11,0.0006572144011869106,0.0009271242431043585,0.0003680423096490207,-0.0006765507767771665,0.0022597345457911
2022-08-12,-0.001216918232119235,-0.001549081334503083,0.0006799417454769953,-0.001901354434261009,-0.006180297201292366
2022-08-15,-0.0026849073472273756,-0.0008723480927828143,-0.0016723147848443755,0.00011773824838707696,-0.009628786172768664
2022-08-16,0.0014855116186486264,-9.836468707711498e-06,-0.0016652629100166998,0.0006486040499798388,0.0007280885047525426
2022-08-17,0.0016808296047980443,0.0022902536660802377,0.0014746075301395735,-0.0019760035135678415,0.0008258369441484933
2022-08-18,-0.0030376873831555588,-0.0011062603605444534,0.0009245417292445274,0.0004542671563967534,-0.008784800651810644
2022-08-19,-0.001024799234030649,-0.0008754738563691977,-0.000376786019747232,-0.0004281397394005811,-0.005377933664761813
2022-08-22,-0.0029233639480805654,-0.002193938998942698,0.0011292830253678094,-0.0007121114404244506,-0.009659493039015154
2022-08-23,0.005637378007904264,0.0020714403912462484,0.00024158966113752963,-0.0012310896697047525,0.0025916899658701784
2022-08-24,-0.00033262608599147233,-0.0008874546770427545,-0.0009548267212516656,0.007622546912835155,-2.0064809334880126e-05
2022-08-25,0.000922685078849475,0.00043143019777550643,6.994928679563603e-05,0.0005712367430484338,0.0008624234632354364
2022-08-26,0.0005957818820229844,-0.0038709404755284645,0.0011127988035357056,-0.005574483367771775,-0.0013942876597380705
2022-08-29,0.0013884382302898992,0.0013283862063368814,-0.00126809058678927,-0.0033895795482686737,0.004149383546811397
2022-08-30,-0.0020357053661737615,-0.0024653294517128573,-0.00050873072783338,-0.001879718595767497,0.0017987233917027474
2022-08-31,0.0013091426986281101,-0.00014988384030464945,-0.001510430759842873,0.0041658421816414765,0.0033887863708758313
2022-09-01,-0.005069859316096352,-0.003221422719538641,0.0003089973062078441,0.00019121324864166452,-0.010512672398401968
2022-09-02,0.0003598560614602295,-0.00042992047133589775,-0.000731239483452658,0.0020666630758964743,0.0006533812712026048
2022-09-05,-3.0227157087899438e-05,-0.00030231574085985653,8.073794485935315e-05,-0.0005744896523095293,0.0007959658054210049
2022-09-06,-0.0016682763500979001,-0.0019319572886687074,-0.002419424835334859,0.0022843290875355937,-0.0025311490907242774
2022-09-07,0.0009686989920186918,0.00010090002833762328,-0.0005443932670010391,0.003282554073738094,0.010426177735402721
2022-09-08,-0.0009144396680000066,-0.003824979439678833,0.0004005246926948126,0.0007135355990167587,-0.0011097615151944534
2022-09-09,-0.00023873233245455815,0.0008455902972474165,0.0005544444806495843,-0.001055083409643832,0.004581052070359252
2022-09-12,0.0016094238676930784,0.0011660426037326827,0.002347315171001345,-0.00046380130399725696,0.0027610521407463767
2022-09-13,0.00037890874735382716,-0.00038906042399536463,0.00022664229537870925,-0.0014865440594468956,-0.015296056044189564
2022-09-14,-0.0006309559191180011,-0.0016323264270850985,0.0013412609862132104,0.0016016500415805793,0.00138386119296173
2022-09-15,0.0016910911565496914,0.0005701853256734939,0.0011018181111669867,-0.0006500812830514241,0.0016521068114850415
2022-09-16,0.0026352324584217462,0.0015744955090187512,-0.00012052912299520564,0.003466311852305969,0.0019090365166292472
2022-09-19,0.0010416876280005003,-0.00014018644820526908,0.000360851613714786,0.00235981231019548,0.0013174049032517996
2022-09-20,0.002346571473874318,0.0009220100470770636,-0.0023955454332215925,0.000931084780956056,-0.005721331509270867
2022-09-21,-0.0007469541778017495,-0.00020191822380570952,-0.0006660813471005692,-0.0026896142565061053,-0.013075249255246809
2022-09-22,-0.0014098008836337936,-0.0003351938315090842,0.0048738323561924885,-0.0038133635801778543,-0.0005082798901754395
2022-09-23,-0.0031691196584269278,-0.0013555982111664558,-0.0021202181421400693,-0.003292556658586789,-0.014967164782732363
2022-09-26,-0.0003104786570866998,0.000652298858827414,0.0012395415284023178,-0.0013154285066045315,-0.006493529310548231
2022-09-27,-0.0010402364354994355,-0.002516614092225259,-0.0013384174435933525,0.0016119055689827145,-0.00147885884065596
2022-09-28,0.001230345903211735,-0.0009579941170429683,-0.003271683025348663,0.003463936431818049,0.014341836436684057
2022-09-29,-3.082598219526428e-05,0.0008728020063762577,0.0,0.003600206977045021,0.008511473262263793
2022-09-30,0.0010251574514373507,-0.00020476487944342669,-0.0011281348860164072,0.0037533473871942664,-0.0015699870693483085
2022-10-03,0.002044488772341852,0.003128932888029229,0.0005502736221515384,0.0023052531195766565,0.0025997476066747876
2022-10-04,0.003956613351732528,0.0033826330187123766,-0.0002836103617823898,0.00046209329079268795,0.016319967958061305
2022-10-05,-0.003050961492890087,-0.002260827330508845,-8.048856563652555e-05,0.00024360783319656804,-0.00993600660436322
2022-10-06,0.00021361761511052175,-0.0015158068977278623,-0.0032037866416077406,0.0011994796916699711,-0.00937170161380039
2022-10-07,-0.0010348096515234587,-0.00037931794987517906,0.0009384308493988695,0.003417967080739855,-0.005458031357250035
2022-10-10,-2.061728140603927e-05,-3.0920025356861564e-05,-0.0021140893831687302,0.0,-0.0032312533259865996
2022-10-11,-0.0007933114987742644,-0.001524484751687498,0.0005565117165672954,0.0007006192524144811,9.2761032187633e-05
2022-10-12,-0.0008764649124447522,-0.0005568101112092421,0.000792903044790005,0.0006496888425329738,8.24470278313732e-05
2022-10-13,0.0026444930446910624,0.003263926216065618,0.00020611969443583736,0.0022258642138937843,0.00754596588079232
2022-10-14,-0.002598164262651895,-0.00047269178293692457,-0.001116786231039874,0.0029980719815860405,-0.006042500419283727
2022-10-17,0.0011133526851642775,-0.00028607333889425464,-0.0011601108026167704,0.002060006031474654,0.011962354326987714
2022-10-18,-0.0022216257432051646,-0.0005173699462604898,-0.0014926664124089843,-2.0311579632302326e-05,0.0022435760425035616
2022-10-19,-0.00028618444782866324,-0.0007772868988958437,-0.0009866698660800288,0.0006948773514565057,-0.009066060528335005
2022-10-20,0.002630668156584777,0.0008065710449466754,-0.0006438854106465351,0.0022580720378526683,0.0011760917275312347
2022-10-21,0.003915459803294171,0.0016546487136758993,-0.0018512936211694028,3.060896536821756e-05,0.007879828201392802
2022-10-24,0.0036639186006849783,0.0012575301334699718,0.00012206534579988401,0.001184600335960279,-0.0014073030200393948
2022-10-25,0.0016191403992874339,0.00142601803674911,0.00035483102811998334,0.00038177525957233205,0.009679348818541654
2022-10-26,0.002225849710982789,0.0014859510575345556,0.0,0.0017930434735733464,0.011453210446910162
2022-10-27,0.0035137140733559093,8.97984026463796e-05,-0.00041734568752346406,-0.004203931519244405,-0.011553555634439286
2022-10-28,-0.0018273280920836532,-0.000732112176234399,-0.00044233998569867013,-0.00029147632966287484,-0.00020072058758085926
2022-10-31,0.0004452404878101882,0.0010624896647869297,-0.0009561240468923715,-0.0009311835812891699,-0.006925465812092842
2022-11-01,-0.0012250498892142749,0.001275665341259498,0.0,-0.0009730092088622652,-0.0008500820233820525
2022-11-02,-0.0007293207511138602,-0.0005668590090042472,-0.0010805953414414868,-0.00016214353792176508,-0.00643951237474188
2022-11-03,-0.00014333101298141855,-0.00047115700642165194,-0.0023294366013537748,-0.001485709289492143,-0.006645357897626911
2022-11-04,5.0486436829414584e-05,-0.0001516108657358863,0.0013289446048197226,0.0012512488892959766,0.02103118399325271
2022-11-07,0.0010708621462791799,0.0012411295870991984,0.00017020339346555287,-0.00027010939594690215,0.00894447789397699
2022-11-08,0.0027336408718964564,-0.0002483398493917239,-0.00020998425195276738,0.001507757298689943,0.006279346127858871
2022-11-09,0.0006470977890975398,0.0013361520813644256,-0.0003583622881958348,-0.0007765676103609815,-0.006109654118448041
2022-11-10,-0.0014668605421150115,-0.0003244056278419079,-0.0021799304425030126,0.002361671192051069,0.01706093711806583
2022-11-11,0.0005137824680545558,0.001114821913619982,-0.0001752780108486531,0.001423639430231472,0.015809374691660386
2022-11-14,5.8092812967049954e-05,0.0011033148953727057,-0.002426266973098108,0.0009000073188746945,-0.0006780909095349194
2022-11-15,-0.0015108577711985816,-0.0005684528120470508,0.002783885988347585,-0.001696418651041536,0.0036369304191572424
2022-11-16,0.0019249654638029015,0.001914225972534001,0.0008059951117107652,-0.0005289962179903552,0.003469816111387178
2022-11-17,-0.002225383829397428,-0.00031960175956160576,-0.0015933796048351843,0.0021287309195862957,-0.003131944026543062
2022-11-18,0.00143821724493116,0.00017377704448996357,-0.0002312539757082983,-0.0019309684976488873,-0.0035969522735222474
2022-11-21,-5.853373007857845e-05,-0.0001561310723522788,-0.000254179295532282,-0.0014058383648988555,-0.008301222859441761
2022-11-22,-0.0007297459348610387,8.755587773054325e-05,0.0009150022053330915,8.75976349199825e-05,0.006363312869600326
2022-11-23,0.0010326242599891578,-0.0007424370595342037,-0.0016868805442678532,-0.0005210041991152294,0.010333989754008035
2022-11-24,-0.00035547357620449517,-0.000950337729373806,-0.001325623140849149,-0.0001537574479294401,-0.0009699927290802844
2022-11-25,0.0006445561684466122,0.001085979915193175,0.0021816547896537884,0.00037499820151864994,-0.0014230771632386876
2022-11-28,-0.0024994965955154936,-0.0011446656469852453,0.002734227324837226,-0.00014439251686808256,-0.00225013252896865
2022-11-29,-0.0024248525331784596,-0.001574309150458553,0.0016001699979840017,0.001324253850927935,-0.0019161172564676001
2022-11-30,-0.002653960217999153,-0.0018137471449410105,-0.00010615045389269016,0.0012019348718873904,0.00958245870161718
2022-12-01,0.0004672429414513051,-0.000467033630144338,-0.0013223459190195872,0.0004765535736395919,0.010014068897616281
2022-12-02,0.002780048506753931,0.0002768245379672108,-0.0004846595836517665,0.0032098781233320783,0.0004463374290039766
2022-12-05,9.497893842197231e-06,-0.0001804462726120361,-0.002446565599144434,-0.0035394562217311923,-0.0044677729786249
2022-12-06,0.0029223782477087144,0.0005043992283994644,0.0007907134456956723,-0.0022743394951856297,-0.002785809447365504
2022-12-07,-0.0027787576286332776,0.0003425993809621369,0.002030825374872612,0.0009144164089084576,0.00425191785925529
2022-12-08,-0.00010433017664983126,-9.485056300921676e-05,0.000476322040804893,0.0005689414997154401,0.004158128570346712
2022-12-09,0.001110800032567311,0.0005029823160662484,6.630263365956518e-05,0.0009484247377218391,-0.0022667896708271707
2022-12-12,-0.0031121636611413234,-0.0015471283927726252,0.000511324910769441,0.0017375539049014962,0.0019371201848940938
2022-12-13,0.0026973066798695426,0.0007989435571914053,-0.0008163420736601826,-0.0021986497502012757,0.00783354269213894
2022-12-14,-0.000563417328718226,-0.000507008939851501,-0.0006004935486649109,0.00046014791280289495,0.004835712877225154
2022-12-15,0.0011653150958307796,0.0006011873631133267,-9.415885540591041e-06,-0.0010054738084860518,-0.0034906342036788436
2022-12-16,-0.0009793028899943706,0.0005461290883559162,0.0014598336498837011,-0.0007916761327308713,-0.005145517987349543
2022-12-19,-0.0014242799655362819,-0.0003494241619861122,-0.0010923816888145149,0.0023946461900315294,0.0026325364438912666
2022-12-20,-0.0018793818608499767,-0.00034796838541101976,-0.00021625585973112795,0.0005077812888268643,0.0012148552850024526
2022-12-21,-0.0003202622409936132,-0.0020716613652492586,3.768039489495381e-05,-0.0013764108024646327,-0.0016295623098624152
2022-12-22,0.000688844985223684,0.0009056860718900041,-0.0010338249621457457,-0.0014253958830254534,-0.0006318162096575161
2022-12-23,-0.0008659231563711042,-0.0007252690642169701,0.0008100980096382679,0.00013181929476945348,0.0015269912761494099
2022-12-26,1.882547840286346e-05,3.764422443925705e-05,4.707100662197046e-05,-0.0002258164686255596,0.0019380215673205376
2022-12-27,-0.00019722476643492585,0.00015964165178500127,0.0008913367356402849,0.0005352338958993686,-0.0002631999488794366
2022-12-28,-0.0018152666042548858,-0.0012139863999938846,0.0003572469460478432,-0.00016946758972918868,-0.0007617901495571088
2022-12-29,0.0005161387307772514,0.0008719826906077058,-0.0017755569719103213,0.0007315220673779221,0.0029405016278979687
2022-12-30,0.0005059069426519441,0.0008899089601601921,0.0017065330586240543,0.0018808518970382527,0.004240487503782089
2023-01-02,-0.00014061862845000608,-0.0002719264127628029,0.0002434616513107115,-0.0008441272694748884,-0.002245404882227128
2023-01-03,-0.002141125571660313,-0.0012974408146249963,-0.0007207822696135687,0.001194290297591249,-0.012345835822299266
2023-01-04,0.00014153146503959163,0.0003018810988756254,0.0008759495900132165,0.0018004180701028509,0.005730078652263174
2023-01-05,-0.000579624780458286,-6.649094063384203e-05,-0.0008099454200549073,-0.0001045582651885616,-0.00807505725017754
2023-01-06,0.0015007435743369065,-0.0009055322978816089,4.755541395514085e-05,0.0017998073128596601,0.01138840685558469
2023-01-09,9.30561501481673e-05,-0.00015821533139558265,5.622715773192986e-05,0.0009486784319828149,0.006534168597803475
2023-01-10,0.0004099353477573026,0.0009041381244060738,-0.0007914376178363377,-0.00032607126343405,0.0005216387025153402
2023-01-11,-0.0015048212845837066,-0.0008733462722493129,0.0003909376969572346,-0.0018050546417302535,0.0025112321018205103
2023-01-12,0.0021479500897878963,0.001175441735790393,9.291521493316321e-05,0.0010260535279901,0.008721563559137568
2023-01-13,-0.001737732327440995,-0.0007389617923556456,-0.00029510767033007944,-4.625753420399365e-05,-0.0027017448671729474
2023-01-16,0.0006284832503514252,0.00033267414874246705,0.00036028213251794574,0.0,0.0006373574821222233
2023-01-17,-0.0025627873452825915,0.0005833306492696088,-0.0005546722029573747,-0.00032428576345398265,-0.0037097555346957173
2023-01-18,-0.0014301072249675738,-0.001282790937969103,-0.0006445019604189463,-0.0005171872517800857,0.000731938975998142
2023-01-19,-0.0007686359868531897,0.0001112377987185779,-0.0003325604413056403,0.0017586572097570664,0.0033378824823481427
2023-01-20,-0.0007194178559887271,0.0008125202422914687,0.0005169151358928297,-0.0005906783743497933,0.001991867203508205
2023-01-23,2.761477390584611e-05,0.0008649882753695507,-0.0012745221121858398,-5.523031040829328e-05,0.000625707391799109
2023-01-24,0.0014626946542479944,0.0002299453200164369,0.00026692070312607464,-0.0004413427925885743,0.0017094963907288748
2023-01-25,-0.0032042040093491755,-0.0006702074680617322,-0.001269222449834979,0.0021862148625267468,0.0028335255062359585
2023-01-26,-0.0017008761311980735,-0.0006809669994163469,0.0008164052024579245,-0.00037734286648495705,-0.0025305327619714536
2023-01-27,-0.0010220007242529975,0.0004792626819845769,0.0005970286521457637,-5.527304887536547e-05,-0.0025829712998948293
2023-01-30,-0.001011215383098161,-0.0010207601410492384,0.00018336175491901822,-0.0005796114925340092,-0.0020072192950078634
2023-01-31,0.0018520144793563538,0.0009764816119566311,0.0,-0.0006538024368334383,0.0009856982442914132
2023-02-01,0.0015858541496381897,0.0011360930619290265,0.0003398501936329144,-2.7478944260650712e-05,0.01388034903240552
2023-02-02,0.002828856200477623,0.0010888811679193773,-0.0010096830362348254,-0.0021231819086003838,-0.009864703775745477
2023-02-03,-0.00015657019211836267,-0.0007366211522358437,0.00019206760838851755,-0.0028317003116771233,-0.010268696319322042
2023-02-06,-5.590339894116055e-05,0.0005311738600980425,-9.29087403911943e-06,-0.0011000690983147302,-0.005595330147812291
2023-02-07,0.0027704478512763256,0.000991887193339034,0.0005598320650062915,0.00033642344814909875,0.00011184118563328166
2023-02-08,0.0008207730650298457,3.730647267731464e-05,-0.0009488461069647787,0.0007921530667490973,-0.0013989146705279446
2023-02-09,-0.0012264354081667646,-0.0013472770784823855,0.0004922928405795716,-0.00011156874970902594,0.0022280132829359885
2023-02-10,-0.0015340869580507041,-0.0002059288803811086,-0.00014011816654956838,-0.0011802285018205564,-0.005939945737406117
2023-02-13,0.00034528292545707635,-9.332188591634965e-05,0.00038397243362421076,-1.866089423053997e-05,0.005016850100221635
2023-02-14,-0.003064016068776969,0.0,-0.0011897791946632755,0.00017720491929926465,0.0003913201514591224
2023-02-15,0.0006837094782147191,0.0009553514452770879,-0.00048498415425523553,0.0,-0.0040884581504438584
2023-02-16,-0.0003560519498664605,0.0003279041799688344,0.0007940623242324595,0.00120818772511348,-0.002425492257392573
2023-02-17,3.7502343900777065e-05,-0.0003749461058907576,0.00019740645583214982,0.0011993330148505228,0.0025844888954163624
2023-02-20,-9.35729424469953e-06,-0.00019652156887446572,0.0007206937691141156,0.00013099415223407398,-0.0005333258606996824
2023-02-21,0.0005616925817026263,-0.0003181524725761203,,0.0,-0.00314960890289622
2023-02-22,-0.0014951129526458288,-0.001231984732505711,0.0004983099873232452,,-0.004356403406494674
2023-02-23,-0.0006419030758001748,-0.00019819080176435591,0.0005664706200439036,-0.0007462581171273193,-0.0009056518953748557
2023-02-24,0.00016123907521641475,-1.897101229366008e-05,0.0008593783729469791,-7.587397336651366e-05,-0.004578528682013826
2023-02-27,-0.0008964590470371506,0.00012261085687327198,0.0012883425741400426,0.00023598820168533683,0.0056828811226476575
2023-02-28,0.000706923639274693,0.00037708812996330626,0.0001414033816617568,-0.0011879173248958465,-0.002539593991617747
2023-03-01,0.002307736628977702,-9.370183140323431e-06,,0.0,0.008434102482573634
2023-03-02,0.0006034661770631412,0.0006600598065218126,-0.0005365791794820435,0.0,-0.006649104487787605
2023-03-03,8.491807769449373e-05,9.43569807648354e-06,0.001252938209421804,0.001602655093492502,0.0035134522100659714
2023-03-06,0.00044023361192058695,-0.0002060002254560863,,0.0,0.005630962567206645
2023-03-07,,,0.0005816026129687108,0.0,-0.01269559338504071
2023-03-08,,,,0.0,-0.0007775091654188282
2023-03-09,0.000520323369054701,-3.7852262623332785e-05,,0.00023642115228319507,0.004089365789707173
2023-03-10,-0.0013580150719433052,-0.0007677543563305919,0.0010767008662077603,-0.0010877414498600116,0.0048250998317568945
2023-03-13,-0.0005127034029969697,0.0017250949583343586,-0.00011241323115557383,0.0013697292034879148,0.0026894790407448878
2023-03-14,-0.00021452522385891456,-0.00048507916136932607,,-0.0002892155282249396,0.0003636448442133878
2023-03-15,0.00018038802462307308,0.0012253797597848847,-0.004006253980352201,0.0,-0.013959587767709737
2023-03-16,-0.000866624645653819,-0.0007441212413193116,-0.000998972837508573,0.0007159612556309976,0.0032279100428776538
2023-03-17,0.0010514951914691662,-0.00015969863961311383,-0.001541846384085539,0.0009472761830638738,0.004934939445791092
2023-03-20,-0.0003078659781102186,0.00027979593732311615,0.0024331595335113604,0.0007275305324072451,0.004908317983633614
2023-03-21,-0.00013928417243623645,-0.00025072548012944443,0.0010601693543905567,-0.00011144130769319676,0.004401624444981843
2023-03-22,0.00019462194748246121,0.00012047578682960227,,0.0,0.00915966382776863
2023-03-23,-0.001504863561660114,-0.0009912622883783727,,0.0,-0.003160812278026282
2023-03-24,0.001329744150486755,0.0010134209399596356,,0.0,-0.007002168152399211
2023-03-27,-0.0005190520002712294,-0.000296598389420512,0.0010778766874893514,-0.0004265657810560257,0.002903244302288564
2023-03-28,-0.0003602388699747503,-0.00043411798530576274,-0.0005083108938807925,0.0,0.0039932389936897265
2023-03-29,0.0008762423601207844,0.00025818111548550475,-0.0004245853434159973,0.0,7.379869564166955e-05
2023-03-30,0.00013741108379424334,8.24443844390989e-05,0.0019148804908470474,0.0,0.005877148986685004
2023-03-31,0.00015604132373058443,-0.0003856182794120484,-0.00020219101605528446,-0.0026284122437415444,-0.006070882179783289
2023-04-03,,,0.0,0.0,0.005353755348132305
2023-04-04,,,-0.0009341087725330859,0.0,0.004987541511038968
2023-04-05,-0.0005666602840525339,-0.00019186755715533554,-0.00039286090031875903,-0.002572283930005871,-0.0045839532389724555
2023-04-06,0.0016419385898114398,0.0008992146241967327,-0.0003302237295755023,0.001227398618926484,0.0012097884346024676
2023-04-10,,,-0.00015578393715837992,0.0,-0.003676711282957164
2023-04-11,0.0001830797683661001,0.00010985188315488648,0.0004312183820899019,-0.0012914277565015224,0.004841245394655868
2023-04-12,,,-0.0004027791817618584,0.0,0.007259145716928423
2023-04-13,0.000976571408009991,-0.0001988143442061973,0.0006809546338789102,0.0,0.004900858382067686
2023-04-14,-0.0008894052462216117,-0.0017603561553297578,-0.00047008200180395334,-0.0006902878592703703,-0.0048371748346906565
2023-04-17,-0.0013437729126515349,-0.0009782992089846605,,0.0,-0.006132245342400231
2023-04-18,0.00027371763459901573,-0.00017339326091205884,0.0007837562372619932,4.561232263296877e-05,0.004192610168732232
2023-04-19,0.0016507899721710908,0.0011400897801416268,-0.00043804813754302636,-0.0014956273934227634,-0.0015325114288868098
2023-04-20,,,0.0011400689836434815,0.0,0.0011951956388538366
2023-04-21,-0.002506986685909483,-0.0012679533377051543,0.0003467469694384102,0.0,0.0018492797180733977
2023-04-24,0.0005081208711083647,0.000489969250622101,0.00035485999326007294,0.0,0.005273943481645681
2023-04-25,-0.001290193798873023,0.00038192582009978347,0.0005166155453032981,0.0,-0.006485154157233528
2023-04-26,-0.0012999794195174233,-0.00019849862920684095,0.0011790635974169936,-0.0024058040292520046,0.005842151766838157
2023-04-27,0.0007359655791286101,0.0013178525458229975,0.00026243512799547917,0.0,-0.0010060864542066467
2023-04-28,-0.0007815411297579522,7.273256240024853e-05,-0.0012096463941867527,0.0,-0.0007257355194114052
2023-05-01,-0.002379504696533691,-0.002052176844146039,-0.00036373887587426196,-0.0014650284024033513,-0.00400098739650821
2023-05-02,-0.0008494663944021041,-0.001269365989800409,-0.0002095089754931159,0.0,0.002275251714168272
2023-05-03,0.0014579308118497312,0.0005073474895470477,0.0008152617441608147,0.00014477148750833866,0.005403409308244047
2023-05-04,-0.0009248429786320247,0.0009438586364952552,-0.0007148771665927489,0.0,-0.004267721800030572
2023-05-05,0.00023655072758658427,-3.6397386671737913e-05,3.6269664962997935e-05,0.001300029729221936,0.00030868400989594364
2023-05-08,-0.001232230220518785,-0.00037132131946843275,-0.0002171591966405652,-0.0013063714673931693,-0.0011898653949545435
2023-05-09,-0.00059315500879022,-0.0004653688131764271,0.00013664749068166362,6.389513897076733e-05,-0.003879150359658958
2023-05-10,-2.731257881005463e-05,0.0006097866390845891,-0.0003924521464110723,-0.0010657728544468095,0.0019232440380676438
2023-05-11,-0.0009437636710122133,-0.0004585094854235506,-0.00014633923289476627,0.0008155374064340487,-0.005982381286395644
2023-05-12,,,0.00017417689999975653,0.0,-0.0062856877205369165
2023-05-15,-0.0004412251422833715,-0.00012867055759676848,8.276280644226748e-05,-0.0010763025908960674,0.0018317467922993108
2023-05-16,5.517342849079134e-05,-0.0010109737456479367,0.0005875656590029696,0.0,-0.0011778239226828684
2023-05-17,-0.0010904622607025589,-0.0005823439043883375,0.0005629046025359818,0.0,-0.0018984781018212386
2023-05-18,0.00032464972898637847,7.421494506862819e-05,0.00041599453335993346,-0.0012435157830654742,-0.006533914334885387
2023-05-19,-0.0004725700951081612,-0.0004725700951081612,0.0016228726546790768,-0.00033371339890899554,0.002966838508825883
2023-05-22,0.000120242890784034,-0.0003513963416961693,0.00039784056370475947,0.0,0.0009345838312521342
2023-05-23,0.0007046367240382514,0.0004729031239465516,5.553961364392324e-05,-0.0010107520762581265,-0.003660037906345013
2023-05-24,-0.00022279985238846136,0.00023203040630527777,-1.855373625932278e-05,-0.0007708990643374635,-0.0021652573080371052
2023-05-25,-0.000606538503461795,9.334235642794263e-06,0.0010905888862150477,0.0,-0.0022911651185488525
2023-05-26,,,-0.000437732552404165,0.0,0.0004288284658655435
2023-05-29,-0.0002520831887867776,5.602711713928616e-05,-0.00020507848984946118,0.0,-0.0019031631828949692
2023-05-30,-4.6606358047952914e-05,-0.00023305351480276272,0.001299290246953675,-3.7286650451115924e-05,0.0023783885744649343
2023-05-31,0.00043034091148006816,-0.0006264697699476965,-0.0010121837790125693,0.0,-0.004444244278682371
2023-06-01,-0.000987866103337029,-0.0008200464531268225,0.0010959829112064327,0.0006058826730463094,0.00697497256207326
2023-06-02,-0.0022595727585818285,-0.0011071776941514904,0.0009381778674398198,0.0,-0.005142596973415308
2023-06-05,-0.000430610818729795,-0.0006645606890187902,0.0006548604913471982,0.0,0.0004202249666127991
2023-06-06,,,-0.000906029830194482,0.0,-0.0016258494905590113
2023-06-07,-0.0013419568487331788,-0.00032600444586197784,0.00022462655929129537,-0.0014838390284454878,0.0004394268822315891
2023-06-08,,,0.0006718298283860271,0.0,0.007765546761616504
2023-06-09,-8.356274406353527e-05,-0.0001485608173577047,-0.0011236530116327458,-0.0012356864044164352,-0.0034842431476469083
2023-06-12,-0.001171080036805442,-0.00024176376079011803,0.0007517994813059046,0.0,0.0011720604487700152
2023-06-13,-0.0006118249259210298,0.0002779785418467007,0.0004907611989733396,0.0016492174589588585,0.0033689908660567243
2023-06-14,-2.7663665160782197e-05,-0.00013832597922278347,0.00110250019274098,0.0010414699491142069,0.003265331677406939
2023-06-15,0.0008895696262121926,0.0007520590262200457,0.0008217268728493486,0.00013749169342679236,0.010710615410596981
2023-06-16,0.0001917414235826615,0.00015521641307762412,0.0005666084978363411,0.0,-0.000886658589434278
2023-06-19,-0.0003113581651358688,-0.0004029156495664017,3.659351014515527e-05,0.0,-0.0012170071365618959
2023-06-20,0.00012825563197222515,0.0002840167314108786,-0.0005210071093646782,0.0,-0.0003479885382050247
2023-06-21,0.0006222889451689524,0.00023797973623334554,0.0014013878779013625,0.0021749668164273905,0.006199829025351348
2023-06-22,0.0005192084465236461,9.106970481485083e-05,-0.0005184811348087161,0.0,-0.0028440444682760095
2023-06-23,0.0009828461994018697,0.0010838317264254436,-0.0011687350924747752,-0.0008817613753642538,-0.005740013105128179
2023-06-26,-0.00013744759831945457,0.00014663159753910943,-0.0007894688937034439,0.0,0.0004494237820824736
2023-06-27,-0.0006381446616966662,-0.0008112851109274303,-0.00021028283118176605,0.0,0.004985123586627775
2023-06-28,-0.0010798741806402402,-0.00030188127147457274,0.0005841814779800404,-0.0020898457637709574,-0.004325112012466335
2023-06-29,0.0013510348498913564,0.00041377598758684527,-2.748120972454903e-05,0.00015612444067982837,-0.004518785414965268
2023-06-30,0.0007790910693205363,0.00032072869834583455,-0.0013459076305531537,0.0,0.004243833529812783
2023-07-03,0.00016491218463570725,0.00040289720256753896,0.0013141632832056002,-0.0008340016521906589,0.00021996755567264717
2023-07-04,0.00015595543375746662,-3.669893114774775e-05,-0.0006880955164544133,3.669186174897834e-05,-0.003010419418216058
2023-07-05,-7.346661404876524e-05,1.8365810208099075e-05,0.0011205820850753458,-0.001396892142635127,-0.0021900774360400915
2023-07-06,-0.0002113106320078355,0.0008824746631437888,-0.00031322548806041634,0.0,0.003026194044911585
2023-07-07,0.00017402853195898452,0.00013739346303529357,0.00011955397186322871,0.002542854854272725,0.007256720031335867
2023-07-10,0.0009841354527177866,0.0007108616306490389,0.0007575031962878022,-0.0004463858761109482,0.003286975712153777
2023-07-11,-0.0007281067726146039,-6.373979596317317e-05,-0.00013627010572920075,0.0005916271283415534,0.0005180099446509575
2023-07-12,0.0007750401426157261,-0.00025246833009067625,0.0001995555360605445,0.0019080024868377706,0.01104134965682934
2023-07-13,0.00045593317345989163,-0.000527225865938643,0.0012452576559764026,0.0006522487175094676,0.00868734354844104
2023-07-14,0.0009257281868822518,0.0006140893648480312,0.0007393254660257732,0.0,8.908011420094034e-06
2023-07-17,-6.237941837669305e-05,0.0014804247776501855,8.003948618915366e-05,0.0,0.0009171004244414532
2023-07-18,0.0008458994418376209,-1.7808011824920007e-05,-0.0008893949143677144,0.00012459839284206293,-0.0005430355821742984
2023-07-19,-0.0001694257807669956,-0.0003299079408446592,-0.00031185262988579255,0.0,-0.0026838951291574967
2023-07-20,-0.0016825227485120367,-0.00028618700727449863,-0.0004908720216732426,-0.0015776974273428248,-0.006341493404655802
2023-07-21,-0.00032386333250577717,-0.00021589723375571907,0.00043117775072226087,-8.098222444592192e-05,-0.000341502434276852
2023-07-24,-0.0006584733578771046,-0.0005411792427492697,-0.0003520411653717109,-0.00031586024800441735,-0.006118982923577105
2023-07-25,0.0009788727431432115,-5.435373411491794e-05,0.00021692758319285816,0.0,-0.0008681576613062461
2023-07-26,-0.00011750722004990888,0.00043375323735864873,0.00022580193653376886,9.039139480082464e-05,0.0029179956111505395
2023-07-27,-0.0012528485782960783,0.0009815862493555594,0.0008803608251088195,0.0,-0.010018079914100477
2023-07-28,0.0014141068556621813,0.000290236272501512,0.0010767603332562138,-0.00035333928639730766,0.0034201439598859585
2023-07-31,0.0019486381564346109,9.961918311460899e-05,2.72310143116605e-05,-0.0017581386389108492,-0.0019804685101457056
2023-08-01,-0.0010391884327322336,0.0003007039228071909,-3.644680134161983e-05,0.0013489128715552716,0.0019441649396856311
2023-08-02,-0.002474875807171024,-0.000922328167626164,-0.0005552748980919406,-0.0007043123413172492,-0.007259907184457297
2023-08-03,-0.00026546687998887155,0.0006315992026635104,-0.00022895135799483026,0.0008510755637327066,0.0009138012021839402
2023-08-04,-0.0007533162151316011,-0.0015338887988515712,-0.0005117941237112587,0.0008984685800092983,0.0049746813477962734
2023-08-07,-0.0006908525940856671,-0.00089103875549098,-0.001074329102930541,0.0005181841851594192,-0.0007631299599047004
2023-08-08,-0.0008955415426124702,9.143107931616998e-05,0.0006193247736595875,0.0007767913426528508,-0.0044723649153745266
2023-08-09,0.0003639838067393584,0.0012379055493415966,-0.0005919342306260507,-0.0008555721933051348,0.002033716609993785
2023-08-10,0.0014517873141255396,0.0008973284688120953,0.0008080808520535348,-0.0011067969341198064,0.0006102198346856488
2023-08-11,0.0006748007770059196,0.0005197292054348959,0.0008548796868296987,0.000118499072655699,-0.003621225959973533
2023-08-14,0.0011199340225965212,0.0005053358983303834,0.0005111634556416499,0.00047696796046500117,-0.003917015633575962
2023-08-15,-0.0011707996617629577,-0.00015544491566410706,0.0007871853953399093,0.0011525164548881017,-0.00023844460861316403
2023-08-16,0.0006870302700950412,-3.663506892366137e-05,0.0004027238833077846,-0.0012920076018976471,-0.0019279857609091823
2023-08-17,-0.0008989836586803496,-0.001220133265140863,8.27376985601479e-05,-0.0006518097130084289,-0.0012781904772478912
2023-08-18,0.0009755739172701654,0.0006258744037600224,-0.0004783104694009465,0.00022994955008226282,0.0
2023-08-21,-0.0006980418373746546,0.00038581665001844855,-0.00018373065138269792,0.0002572300017857808,0.0020211121155497805
2023-08-22,-0.0008660641613046559,-0.00032258510766046335,-0.0011447254596067965,0.0001198195334923782,-0.0047100036476952845
2023-08-23,0.001199726975330897,-0.00014760692303261938,0.00018480189289729173,0.0002489936519484279,0.0015663297653854648
2023-08-24,0.0014857129770560467,0.0007011458486032343,0.00031314182817571156,-0.0004427145854530649,-0.004549132392471127
2023-08-25,0.002468144183373957,0.001969806199546009,0.0015401890239766607,-0.005192941509559088,-0.002036736002555737
2023-08-28,-0.00012032636226270121,-0.0002961290403925404,-0.0004996668991366989,0.00023138400129163667,0.0022207426404058967
2023-08-29,0.004874155864885187,0.004480480485483848,-0.0007672788325527035,-0.0009138279408820129,0.005466030744690177
2023-08-30,0.0010519143522648973,0.0006768189767673056,0.000929894326060572,-0.0009237960439834103,0.004054828225968783
2023-08-31,-0.0013725952953449103,-0.0001474138092556818,-0.0007163521452499696,0.0010135073747949172,-0.007434158615123137
2023-09-01,-0.003648428590970444,-0.0018256929793552675,-0.00030410402434984677,-0.0024767127845910846,-0.006486709306864505
2023-09-04,-0.0011578417273565482,-0.0013709545100755213,-8.336691172102156e-05,-0.00052842119178757,0.0018915867146458787
2023-09-05,-0.0023574477813619365,-0.0011558108739821017,-0.00023247920578223875,-0.0009239945217729068,-0.0067108731505948075
2023-09-06,-0.0004941195217143276,-0.0021730116874883187,0.0007268119368015674,-0.001558541259844901,0.0001398816603437853
2023-09-07,-0.0001402517989590789,-0.0009353400174956847,-0.0002987443424168545,0.000831872930318217,-0.0025395653441595742
2023-09-08,0.002470529716597774,0.0020045972578656927,0.00022411056214831558,-0.0024051918967108164,4.674142178907324e-05
2023-09-11,0.0016199160069065035,0.0010244184993184289,0.0001957540030952891,-0.0005117588331932933,0.0031960072489047838
2023-09-12,-4.667161386608625e-05,-2.800140007178186e-05,0.000513224883075811,9.334104959460535e-05,0.0009019774373271427
2023-09-13,-0.001750286730361849,-0.0014343730338254694,-0.00029792939293817766,0.0006241238017044428,-0.002708376677085457
2023-09-14,-0.0012379953561952384,-0.001546718219818163,0.00026077805141697536,0.0009286401717945377,-0.008225800760509215
2023-09-15,0.0008248737379875843,0.002248876510015973,1.8755392175835808e-05,-0.0005342155827455832,0.0014648165026002833
2023-09-18,-0.00029998219080700964,-0.0007407511930534213,8.440836773295794e-05,0.0008247345853182023,0.002697287491417438
2023-09-19,-0.00041161888415024915,-0.00043954194826219885,-0.0006174110095283697,0.00013098802413946274,-0.0011510765707375844
2023-09-20,0.0011763389212190848,0.0012597104332217396,0.0004395419482623244,0.000102630609202832,-0.0015180766451591574
2023-09-21,3.75541013817883e-05,-0.0018499134314080158,-0.0002721611961861682,0.0006663507222128038,-0.00045024342045122323
2023-09-22,0.0013610233240218574,0.0012477895575649708,-0.000356911405229638,-0.00034711961433618854,-0.0015586564910221258
2023-09-25,-0.0015376273576402106,0.00024531310566762785,-0.0012602633172723926,-0.0012752874667272683,-0.004953628813873061
2023-09-26,-0.0005193211173534037,-5.6644921326075966e-05,0.0011804202722000782,-0.00040620262511979136,-0.002031858336693292
2023-09-27,-0.0018627819754602798,-0.0011881961255908683,0.00011357613399044223,9.512394657395145e-05,-0.00619661217673062
2023-09-28,0.0006161050037780853,0.0009766783285303912,0.0008466313616605529,0.0008524422986572959,0.005609913193248518
2023-09-29,-0.0010584211613876573,-0.0011623567853609547,0.0005751651401059724,0.001266193745598162,0.00046370997192220827
2023-10-02,-0.0018262760469178207,-0.00014260249578524695,-0.0008989530169106004,-0.0004666155696191168,-0.008381529984911953
2023-10-03,-0.000152846771409426,-0.002541661664860225,-1.9081420421387464e-05,0.0007162674180134304,-0.0014228896605498983
2023-10-04,-0.0023706958952619778,-0.001656811873843103,0.0,0.00010484827986937421,0.004034205569552524
2023-10-05,-0.0009787107455947468,-0.0004184140267777538,0.000589903158816453,0.0008362396313720117,0.003970596245696395
2023-10-06,0.0004946257115968302,-0.00011412051138367045,-0.0002274838401499727,0.0021943269801429034,0.003265332202713481
2023-10-09,0.00035076576317008464,9.477280589264513e-06,0.0010637389524170817,-0.0005593875326602713,0.0009848299123662687
2023-10-10,0.0012455887016287366,0.0012930568434183682,0.00274929197080817,-0.0006320367357697028,0.003741076803995405
2023-10-11,0.00045192208879261286,0.0015532850388043625,0.0014900883606653115,-0.0001506180047843611,0.001394595228101522
2023-10-12,-0.0008801526165957745,7.578700067099421e-05,5.648813279981022e-05,-0.0006345688696460953,-0.008453871115686358
2023-10-13,-0.0010649527007498946,0.00046573741806320534,-0.00015161565460665712,-0.0006756917770341435,-0.002196058436392199
2023-10-16,-0.00042723885675158627,-0.0006456820240466128,0.000341692138710688,0.0018216150994061096,0.0035484581532543424
2023-10-17,0.0021308743223746106,0.0007866441504490562,-0.0012237058941604506,0.0005958320308304942,0.001485849218365022
2023-10-18,-0.00019899648978993146,-0.0006160816455629281,0.00043478261554466877,-0.001327656218309326,-0.003638090227781375
2023-10-19,0.0003500721468208718,-0.0002459000901413555,-9.490637493241185e-05,-0.000245983841994068,0.004384912721996526
2023-10-20,-0.0009923776763914982,0.0007367804916450652,0.0021169629499041645,0.0012096242190118534,0.0010011901775161688
2023-10-23,0.001696864978508766,0.0013865376044072397,0.00030189533895352003,0.0011672786790887528,0.007017506645154619
2023-10-24,-0.0006216913973525298,0.0010092674236114245,-0.0010042847193235899,-0.0014049382582413561,-0.0071119103911655495
2023-10-25,0.00025533967407963135,0.00047274619137922303,-0.00025488891229633314,0.0011057191371659342,-0.002353531618468478
2023-10-26,-0.0017828866615396959,-0.0019248006473572875,-0.00016118556760360626,0.0007400941585728272,-0.0006721034724337963
2023-10-27,0.000812547285824362,0.0007367735321527803,8.52543184195417e-05,-0.0008787139217950641,1.893867656567144e-05
2023-10-30,-0.000207173866699461,-0.00047084083624821535,-0.0008035431958667237,-0.0010459414189886264,0.004911322892828938
2023-10-31,-0.001843998309719257,-0.00018911814266698142,0.00018758030836940455,0.00014196680839855745,-0.003378668546885054
2023-11-01,-0.0002656496097290793,-0.0008251647240820067,0.00045493318953530713,-0.0004270847733269845,0.0008126778179902578
2023-11-02,-0.0003954765072587941,-0.0006871396905266282,0.0005457590891434185,-0.00034852559896511695,0.0027261467400336386
2023-11-03,0.0005684492206430512,0.0004381324441903123,-9.393861111897438e-06,0.0008101803792840549,0.010681760032599104
2023-11-06,0.00105219550745472,0.0010241228352769255,0.0005301758540727956,2.7919313186602162e-05,-0.001221473845895119
2023-11-07,0.0003556021411033066,0.000870472777812975,-6.552251870902694e-05,-0.0002620103696235141,-0.0021107891538222757
2023-11-08,0.001420123004545425,0.001485905203516273,9.375849693235432e-05,2.8008458556363827e-05,0.001457481058497967
2023-11-09,0.0001400475230216129,-0.00013999524039034095,-0.0007667493012047858,-0.00024276150668695525,-0.004144434108670399
2023-11-10,0.0003374261912229815,0.0007869884981211878,0.0001404882437063683,-4.6857940789613146e-05,0.0016766818748359972
2023-11-13,0.0009076915782123749,0.00043987104064890036,0.000149661391382151,0.000729299157165807,0.0010003880843839276
2023-11-14,0.001511576751460462,0.0005443080733494722,0.0002985046803445242,0.000184182414783755,0.01635893730918317
2023-11-15,0.0014832765620985489,0.0010315546072876618,0.0002948384859288042,-0.0009671047022818839,-0.002171933229400563
2023-11-16,-0.001571236592164647,0.0006159928482182421,-0.00034107512740717035,-0.0023753198974939553,-0.00011056341283655858
2023-11-17,0.0007074377726857777,-0.0004317174614093394,0.0012616671333275317,-0.0008269247142839159,0.005595718129861471
2023-11-20,0.0009418564411018159,0.0008502663308531153,-0.0007136322352265677,0.00021933432121709024,0.0035789348090167396
2023-11-21,-0.0003565535028015244,-0.00011881097644632876,0.000602921446639759,-0.0012077406655840637,-0.0025341367082556522
2023-11-22,0.00018408917331517218,-0.00036814446404392665,-0.00024772574134754435,0.0004140767757496814,-0.0026691508965119085
2023-11-23,-0.00047672745844513605,-3.667672220551674e-05,-0.0003204732043157154,6.418808946355594e-05,0.0014684559991141892
2023-11-24,0.0003565665422939321,0.0001371146509152365,0.0006510566144866173,-0.0005303245161643821,0.002774993881645298
2023-11-27,-0.0004755024870586551,-0.0004390658943783365,0.0004748815168558555,0.0004206483533288975,0.0017626782653740287
2023-11-28,0.0005555479803909537,-0.000436875979680274,-0.0005021524183726137,0.0021646014399965916,0.004097843897062176
2023-11-29,0.00035563985912157915,0.0008021293316653236,-9.112821283862319e-06,-6.382348250441187e-05,-0.0027938190178754484
2023-11-30,0.0006507761422338023,9.16523078693273e-05,-0.0004668213669276746,-0.0005590919026901992,-0.007464086462738251
2023-12-01,0.0014928401747702547,0.00011071847072199364,-0.000936501592555724,0.0014078612499729486,-0.0011759087086084703
2023-12-04,0.00011093648897391959,0.00028673039677376994,-0.0008462883404553419,0.0006745986163188733,-0.004456113804692991
2023-12-05,-0.0015076472002156787,0.00026828873579512973,0.00020310004593419598,-0.0015006533435984767,-0.004077581295207442
2023-12-06,0.0006949045249223827,-0.00026858691031832275,0.00012047132102102063,-0.0008710236931683233,-0.00251399760410405
2023-12-07,0.0003430007032696813,2.7808547422256253e-05,-0.001122964744623671,0.0005003845652374248,0.002171130396919945
2023-12-08,-0.002172722978431859,-0.0003343208210854511,0.0008812493902968198,-0.0011439680192503188,-0.0028122364661812573
2023-12-11,0.00013029315979343884,-9.305225349471513e-06,0.0006684181947203538,9.30561501481673e-05,1.8578382194951134e-05
2023-12-12,0.00038002549408812163,0.0003430197826254482,0.0010557120553789455,-6.48721786622316e-05,0.0030514550540208843
2023-12-13,-0.00022245703890194836,8.339085763047014e-05,-0.0011780257837995755,0.0004078001094550524,0.00777654087124036
2023-12-14,0.0016381958030824693,0.0019303619047861941,0.0009536210812723744,-4.546921961952364e-05,0.010120905382710852
2023-12-15,-0.0010263084040986331,0.00011002209621537884,0.0001459534411114857,-0.00011002411372911707,-0.00922996308347007
2023-12-18,-0.00035707582747195244,8.244967139326859e-05,-0.00047634315928391717,-0.00014652953970145644,0.0025942016299738517
2023-12-19,-0.00022768152007457114,0.0005829576154528626,-0.00017370078711854067,-0.0004190694896755587,0.005122760868444968
2023-12-20,0.0010305095550118043,0.0001002629624899542,-0.0009033383068536483,-0.0014046739635657616,-0.003284314888896066
2023-12-21,-0.00047344174819561767,0.00014558027412991712,0.00013704825490500205,0.0005917671705506508,0.005685975371551272
2023-12-22,-0.0009074657827568741,-0.00033597116412222537,0.0013258626859424978,-0.0007174806746947016,0.0007175588774264332
2023-12-26,0.0003082334620889103,0.00013600446115598935,0.00025418266792635256,7.251171520574661e-05,0.002139542446574422
2023-12-27,0.0005489141087267026,0.0005580759128064986,0.00019900497578101,-0.0004229071781788003,0.005959277965305362
2023-12-28,-0.0019551757551739724,-0.0008105771752988256,-0.0003775247008909865,-0.0014801847517796048,-0.003652617934600112
2023-12-29,-0.00201553748846728,-0.0014742528526091954,0.0012299457118734325,0.0007777737974833733,-0.0028592388212114856
