date,fix_return,fix_return_narrow,control_return,post_fix_return,daily_log_return
2011-01-03,0.0002576655515414727,0.0011606165465565521,0.0010286743867104816,-0.00038652322841588663,-0.00593014500519499
2011-01-04,0.0,0.0010438414308981804,0.0013015750893853807,-0.00026082420596482847,-0.0076578997118444845
2011-01-05,-0.0005259006169065614,-0.001446321992969157,-0.001699902338080843,0.0014455617209424181,-0.012323176399093961
2011-01-06,-0.0011894536524284884,-0.0013224016738016967,0.0003962750200458959,0.003168737797966084,-0.0034355213494640193
2011-01-07,0.0011818004133003531,0.0,-0.000792916653146419,-0.00513125262438801,0.006201774842354056
2011-01-10,0.0,-0.0005263850628188217,-0.0006598482588475423,0.003020555189072446,0.005256253888827123
2011-01-11,0.0018447758558964716,0.002371855111153473,0.00039648450925791563,0.0002632618153943183,-0.005388014874589841
2011-01-12,0.0005271481408312712,0.00026353933477070337,-0.004081907043702423,0.0006585446401975427,0.004207764262204531
2011-01-13,0.0003903454606847277,-0.0007808433504500534,0.0019545253469556764,0.0010401769238474012,0.012388500359502263
2011-01-14,0.0002607222019722056,-0.0010427529620552702,0.0003917727768035372,0.000521240564316214,-0.0074146681160260665
2011-01-17,0.00038812342812071193,0.00038817364788362014,0.0009086779362181122,0.00025866528856064585,0.004024150299725327
2011-01-18,-0.0012971852902115923,-0.00038928178004103605,-0.0020714663026018534,0.0,-0.0007776050158547843
2011-01-19,-0.0033661347164939295,-0.0031080056098671954,-0.0009034007196332387,0.0006482141926589247,-0.008463041202761944
2011-01-20,-0.0005295909034143013,0.0005300119376757575,-0.0013087294107198785,0.001323451754844229,-0.01302907159161234
2011-01-21,-0.00013212657745318712,-0.00039596120097629367,0.0,0.00105652413420009,0.0064699506079461035
2011-01-24,0.004065312791835195,0.0015708865646922483,-0.0006588917679238651,-0.00013088148700049937,0.007224041398722347
2011-01-25,-0.0005235602213837249,0.0,0.0,0.00013091575589814684,0.00404885291570738
2011-01-26,0.0,-0.000913063390897634,-0.00026051843315263784,-0.00013053978218390835,0.007790223764947303
2011-01-27,-0.0011640691995462105,-0.0020682530640589573,0.0012968488395167534,-0.0018134719995847968,-0.0016827393783676071
2011-01-28,-0.0023237810611845796,-0.00012919062094065282,-0.000776196675451442,-0.002458752451890465,0.0020706620573124465
2011-01-31,-0.001294331011658958,-0.0006467050603712693,0.0003897875707119283,0.0015529963002197302,0.004411008708892354
2011-02-01,0.0024426315416694756,0.003212750948233659,-0.0015469901241688486,0.0010266941353610753,0.012222731773410737
2011-02-02,-0.002304738536200882,-0.001153180984991937,0.000511836223586057,-0.0012827092574550325,-0.010541298278898483
2011-02-03,0.002853809175130379,0.0007788162387432369,-0.0003883746569626973,0.001682521590213644,-0.0016814334945121478
2011-02-04,-0.005842275624228291,-0.0023373598487048154,-0.0011655767686234266,0.0005206977467293873,-0.0036311802316286593
2011-02-07,0.0003898382220770514,0.0007798284772636154,-0.0011701229964102909,0.0010388262198986527,0.0033722470349462803
2011-02-08,0.00038617494204593495,-0.002187762277922453,-0.001677961026161016,0.0005146680504751836,0.0038769756496952346
2011-02-09,-0.0029763852448395226,-0.0015525944379026198,0.0007782101560057254,-0.0009076175663573781,-0.005302307928577491
2011-02-10,0.002481877049556372,0.0013059947004507271,0.0018248180246291173,0.0009128252573596817,-0.012657570961119424
2011-02-11,0.0,0.0007889546760323217,-0.0002641658977189257,-0.0015797791595183908,-0.0014455617209423416
2011-02-14,-0.0010584811784760723,0.0003969566707765743,-0.000661594466738773,0.00158730192057241,-0.0025123980157655055
2011-02-15,0.0010636884396074602,-0.0001328815363062294,0.0014580160313684115,-0.001862197931064651,-0.0046446901893246
2011-02-16,-0.0005322688083083199,-0.0005317027906733809,-0.0003976406706249899,0.0017288387842220407,0.004512283701213207
2011-02-17,0.0015854145215402392,-0.00039622268232817676,-0.00039753528649170213,0.002373418835663855,0.004492014423507743
2011-02-18,0.0007877117382494081,0.0002625361002213983,0.001182732249049394,0.001442528608941209,0.003684214693598213
2011-02-21,0.0001313111419392021,-0.0013137153754869046,0.0013102727241456483,-0.00013131114193922259,-0.0009176116525101605
2011-02-22,0.0,-0.0006664445431604477,0.000534973932780371,-0.0009345171229474069,-0.019734432900158857
2011-02-23,0.0004021717327481336,0.0014760150281204576,0.000535833904314317,-0.0012070007500353387,-0.003618094399177154
2011-02-24,-0.003344261026040589,0.0005350454916298838,0.0006685832969513923,0.0020078984056716804,0.008022505923607665
2011-02-25,0.0,-0.00013311148106174336,0.0012029674644587472,-0.000532410501062991,0.0007987220871908307
2011-02-28,0.0,0.0002661343994417663,0.00159723180502448,-0.0006648494360981637,0.0014626689663077388
2011-03-01,0.0023974438760794646,0.0011984820663518134,0.0014644214825028322,-0.0018641816317402377,-0.00746869302651966
2011-03-02,-0.00026928773557095863,-0.0004036870134886424,0.0016176870607860282,-0.0010778766874893428,-0.005907643389837584
2011-03-03,0.00040504962411611365,-0.000539665420544914,0.0016079328132718013,-0.0009453711285489483,-0.0041832595921252325
2011-03-04,0.0012204218749842734,0.0,0.0,-0.0017633100533559728,-0.0013531801794199703
2011-03-07,-0.0010863662122208519,0.00013582342975039323,-0.00027096599542570526,0.00013586033578399733,-0.00013565760042508204
2011-03-08,0.0002704895878003486,0.0004054876043934021,0.0002703067998617609,0.0017564011811151245,0.0035211303985789606
2011-03-09,-0.002840334634222545,-0.00081157856476804,-0.0002702337538401868,0.0016240360857348011,-0.005014579864945776
2011-03-10,0.0016362152545950318,0.001091107582334557,-0.0004080244871297678,0.0014975157655262514,-0.0023124542713115325
2011-03-11,-0.0014849817106184788,-0.00202497537977139,0.00027210884521640405,0.006732218775377828,0.011105206219290086
2011-03-14,-0.001899335803652405,0.0,-0.0010835704703711698,0.0016282228834612474,-0.0005412720023894752
2011-03-15,-0.0013678021555284905,0.00013680826343246007,-0.0031453017383156335,0.0,-0.012530809564963287
2011-03-16,-0.0009558272046066732,-0.004100607167500844,-0.0023187625474915667,-0.0034211459984711426,-0.013939912432699075
2011-03-17,-0.008613557006377892,-0.003747662100239873,-0.0035946395681506513,0.00445497047538369,-0.0009733714180186287
2011-03-18,0.006313498874223687,0.004110721053035981,0.0008270158982740148,-0.002054373111766107,0.01655666959444761
2011-03-21,-0.0005445140346898722,0.0012255737899534971,0.0020429016298001094,-0.002453988961566703,0.0062773131892876555
2011-03-22,-0.0022959021497042167,-0.0009447331831616363,-0.00026928773557095863,0.0018911257831169595,0.006238154213780106
2011-03-23,-0.0013524481369033598,0.00013529053663327185,-0.00013518080453161086,0.0012172856037517249,0.003778172083032717
2011-03-24,0.0014673516939497444,0.0013329780699402236,0.0005359775017764525,0.0013320902462661312,0.011649057217198324
2011-03-25,0.002381898704533674,0.0003966942200782858,0.0013313808383898342,-0.001984521389549103,0.0027916269375957503
2011-03-28,0.0010652464389480092,-0.0003994407882148663,-0.0029259230875397545,0.0009311606924888994,-0.0010655302020382848
2011-03-29,0.003460671628980818,0.0025308038816115345,0.001860712923882822,0.001725855058319156,0.008096135536395708
2011-03-30,-0.0002626740230495519,-0.0005250032933292602,0.0010529087574464727,0.00039398516498875797,0.006850244150332042
2011-03-31,0.0018351034118326058,0.00026219192599063654,-0.00013136289017248067,-0.0017034663098492778,-0.0009194195170566268
2011-04-01,-0.0015731518713695389,-0.0006557807304331053,0.0018392017796165293,0.00445085169898467,0.008635406271858981
2011-04-04,-0.00013042060664066954,-0.0013042913026798829,-0.0018217311479272929,0.00039121080240730875,-0.00039090494992525355
2011-04-05,0.0018217311479271686,-0.0007803355838811978,0.0005198856368720565,0.0014290356442954195,-0.00026068821836885145
2011-04-06,0.0024467206848923675,0.0020602634122560046,0.0025839807659250678,0.00218410827493615,0.013337847452872172
2011-04-07,0.0006429627946056122,0.00012850992756875058,0.0009013069560128885,-0.000642962794605693,0.0009000322047618042
2011-04-08,0.0,-0.0002559181076027471,-0.0014094435032336043,-0.00038385260531452556,0.005766659153427636
2011-04-11,-0.00012762427431016043,0.0005107252409277149,-0.0011489118516626413,-0.0017884521885097396,-0.002047869652079096
2011-04-12,-0.002414385822435851,-0.003052272495578181,-0.0002554278430235109,-0.0017827586537543997,0.002942495566434521
2011-04-13,-0.001771255523815452,-0.0013926697193012742,0.0010131713126070245,0.0026557081684948666,0.006747749837682571
2011-04-14,0.0010117618164211392,0.0006321512316210798,-0.0005042864453816688,0.001137009787075102,0.006576474948353249
2011-04-15,0.0012565973003096948,0.0017594575357092366,0.0010059098044221313,0.0008786795268158682,0.007659985969265896
2011-04-18,-0.0034331523325954877,-0.0016536288192282196,-0.0008841175189101593,0.0002547121766190813,-0.013100073976471931
2011-04-19,-0.00038054164218967977,-0.0007611315856476181,-0.0008907552920841787,-0.00038068650926084886,-0.0008879305460660092
2011-04-20,0.004142351997421222,0.0017574696966461256,0.002385287679182494,-0.0013788783131135761,0.011231110545823297
2011-04-21,-0.0006241807830141408,0.0006248047688419562,-0.0011236657652748242,-0.0003746955642413706,0.005006894925934028
2011-04-22,0.00024953212855605253,0.0001247582809927814,0.0006243366625980136,-0.0007488767199711709,0.0009983777192693946
2011-04-25,-0.0017489073789453116,-0.0009998750989252242,0.0006241028724075961,-0.0013762904893746782,-0.0029947614096816097
2011-04-26,-0.0003734362401025293,0.00012450974304821478,0.0031142971293587804,0.0016172174949731215,0.007966186016133065
2011-04-27,-0.004727552970167307,-0.000870484417337196,0.001859773643723079,-0.0007485030289580179,-0.005345279679657381
2011-04-28,0.001746071783099716,0.001494768589229283,-0.0017408609221207761,-0.0026202522945926172,0.0003738550732060263
2011-04-29,0.0022329745043123913,0.00024813895908971017,-0.00012446325238549093,0.00012390806037774254,0.008930845765244468
2011-05-02,0.0009900990907835108,0.0021035706575218134,0.0002477700706431044,0.0029644290483788753,-0.005324100981031671
2011-05-03,0.0016212512125077323,0.0028683688681735405,-0.00049844237792081,0.0002491901333601691,-0.008978735965275871
2011-05-04,-0.003027247518725111,-0.0005047955685183422,0.001386001607877153,-0.002403087224875368,-0.010957978532481379
2011-05-05,0.0012703253740817383,0.000761904798761809,0.00012638230664519757,-0.0013974467115694406,-0.0030441423812281325
2011-05-06,0.0012616706190400285,-0.0002523977802393822,0.0012708096766803282,0.003649868755109177,0.004056800695614469
2011-05-09,0.0002529724273546392,-0.001517834847435125,-0.001260398452714471,-0.000885683615814107,0.005429649048616312
2011-05-10,0.0022741639618107127,0.001769240951840781,0.0007567158893062981,0.0017652255245691492,0.00012592079598581918
2011-05-11,0.00025255714239576503,-0.0010107391890161847,0.000879783881293565,-0.000757862863102028,-0.005555569844602105
2011-05-12,-0.00012663838426342776,-0.0001269438275268984,-0.004062465914645888,0.001139168530254801,0.006184936093584657
2011-05-13,-0.002150674495875833,-0.002280213807836581,0.00025182573792111035,-0.0032982397018685057,-0.009482339208089953
2011-05-16,0.0038471450373562485,0.0017939523006973576,-0.0005097489596807786,0.0026842222290321947,-0.0070220524737199235
2011-05-17,0.0019256697651009905,-0.0005133470338604851,0.0,0.00025647602089812503,0.004984354366704587
2011-05-18,0.0017771012546886143,0.001268713694666669,0.00025383932107368474,0.0003803968853325053,0.006354068906555431
2011-05-19,0.001394258417131546,0.002279058975837433,-0.0016438013437764137,-0.003425747180792735,0.0017719280677151582
2011-05-20,-0.005672164952466418,-0.0037807228399060443,0.0015103841763699985,0.0,0.006428458515341973
2011-05-23,0.0007614213565840547,0.00038030044192902005,-0.0006335931277027863,-0.0008883813008920766,-0.0054275930022751745
2011-05-24,0.0012537614480855835,0.00037643516348920535,0.0021315286109338653,-0.00137922409174816,0.008444186541700689
2011-05-25,0.0020125792956771143,0.0001256834036720111,0.002141463311285633,0.0030112946218052985,0.0
2011-05-26,-0.0016062275647080685,-0.002595959180821643,0.00037140204698048396,-0.000989731616113547,0.016060102421680218
2011-05-27,0.0011012543174758718,-0.0011004464031591627,-0.0002450680075984147,-0.002081166203824623,0.011420275161000689
2011-05-30,0.00024476808346425447,0.00012237655280528201,0.00012233164123155808,0.00012237655280528201,-0.0026917916657114146
2011-05-31,-0.0008496692870220338,-0.0012144767098770633,0.00012133713537898776,-0.0006073489406252517,0.008175263639961907
2011-06-01,-0.002187386945800511,-0.0020662419991800598,0.00012148454124154246,0.0004864996447207225,-0.011242938909055642
2011-06-02,-0.000981836112256813,0.0012278979931784329,0.0006147415205582948,0.00036830152033769255,0.0028226072614954047
2011-06-03,0.0033351893061382525,0.0003700277563033139,-0.0006149683485121981,0.0018480877557181753,-0.000612932903038335
2011-06-06,-0.0012257907884452004,-0.0011023333837166386,0.0007346639243129929,0.00036789503143493997,-0.002821914638709662
2011-06-07,0.00012182493771539316,0.000730638123102283,0.002556145266178098,-0.0004873888240748461,0.00832012630267029
2011-06-08,0.0014689683140982136,-0.0003675344604924633,0.0006131583980196259,-0.001714006296211266,0.0002436647185544349
2011-06-09,0.0032729285535044368,0.001819395249893823,-0.00036485254281293206,-0.0006052902551488621,0.005709095373077767
2011-06-10,-0.0010919018373293247,-0.00012132241446480922,0.0009705205177653528,-0.0012146242231782353,-0.005221943981151601
2011-06-13,0.0011061268257404034,0.00012290296826143792,-0.003934108836065308,-0.0006143638455819573,-0.005132603226520202
2011-06-14,0.0019598242431668866,0.0011020634189564096,0.0008549618841397407,0.002566454204301988,0.002691791665711353
2011-06-15,0.0,-0.0002463661012707611,-0.0003680304280024576,-0.0004929143661106215,-0.015763873233064173
2011-06-16,0.001746071783099716,-0.0002495321285560947,-0.0006230918015786354,-0.0003739016682184396,0.0
2011-06-17,0.0012338064489285658,0.0011106313229007415,0.0016188285709470248,-0.002345535301618953,0.008651642149273935
2011-06-20,0.00012360175530230945,-0.0002471271481748188,-0.0007454342499486196,0.002098895764050931,-0.0012342633015927863
2011-06-21,-0.00012326656410062452,-0.0004930358783467688,-0.0009843731568837312,0.0008625470314820199,0.0029596765962966167
2011-06-22,0.0007359254594374421,0.000612707573852216,0.001718635335869468,0.002571482467631541,0.002459723291566935
2011-06-23,-0.00024703557437879273,-0.00012347965688348106,0.0,0.0002470355743787114,0.0006139866343801551
2011-06-24,-0.0020916648659494276,-0.0008612735075622476,0.0013522652500137541,-0.0014791078747393076,-0.003936044441965273
2011-06-27,0.0017452011410305827,0.0007472911046484048,0.0009967606108092957,0.002860520574998116,-0.001983143932054021
2011-06-28,0.003477832346590858,0.0016140049440804864,-0.00136518792533997,0.0022293791745351295,0.006307608569670645
2011-06-29,-0.0004878048877217187,-0.0012210013726947598,0.0042763825937288695,-0.00036600988635281594,0.016870815790386982
2011-06-30,0.0004829168269632927,0.0007233273371430259,0.0,-0.0029010052981580394,0.0036302072780741487
2011-07-01,0.0019389245046740051,-0.00024265954984397598,0.00012102874447449606,0.0006051437401008658,-0.0009667674468994137
2011-07-04,-0.00036164185795860043,-0.00012057635512281048,0.0,-0.0014478767008140687,0.006506831006710427
2011-07-05,0.0,0.0002408767926858047,0.00024145840996221528,-0.0008437293334854303,-0.007958561239897076
2011-07-06,-0.001813017962022357,-0.0010882051735860254,0.0004841442844509083,0.00036286665048900667,0.0008470987376519031
2011-07-07,0.0009639716374857084,0.001084794899365313,-0.001329867813718042,-0.00024090580699517045,0.00699134959596902
2011-07-08,0.00024003840729768227,-0.00035999280403174733,-0.00060056454870964,0.0015588467692910996,0.006107437701728145
2011-07-11,-0.0012017787770172502,-0.0006007810333903306,-0.00023980815462645177,-0.004700786092507821,-0.0057706339505639356
2011-07-12,-0.0030545567155178797,-0.0025680234229044294,0.0035641898482143574,0.0014673516939497444,-0.014084739881739085
2011-07-13,0.006379798948698802,0.003975669353212715,-0.0009694620245481195,0.002636310694057519,0.028924648405928455
2011-07-14,0.002366584940780835,0.0017746233583684796,0.0011835721585240213,-0.0022481225820568415,0.00023755790585654814
2011-07-15,0.0,0.00035635802479622587,0.0010721306643753127,0.0008316008795259878,0.0027278674331276008
2011-07-18,-0.0020145767315955473,-0.0013027774685607815,0.002129674255000771,0.0001186169267744975,-0.0013027774685607815
2011-07-19,0.00035085667864750476,0.00035089771691706973,0.0020020026706729687,0.0009350164309066464,0.013419860020597078
2011-07-20,-0.0015221594180726183,-0.0008196241896697426,0.0009351257256544006,0.0007028230346701664,0.0012854223213108564
2011-07-21,0.0009298001599665274,0.001974105036390721,0.00011684290484751799,0.0017410485507588019,0.007562132482855053
2011-07-22,0.0012739592897938776,0.0010425717712386133,0.0008107952028119801,0.0003471619545369235,0.0019683906083439937
2011-07-25,0.000925390465112536,0.00011560025444921074,0.000925069446172812,0.00023121387386248443,-0.0015038466597278135
2011-07-26,-0.000114896306210163,0.0009200690700807469,0.00011476444610049549,-0.00022983222348924175,0.009448163382378897
2011-07-27,-0.0017177215789531985,-0.000915855816736648,0.0005708088516191839,-0.002409777974904172,0.0005732301676026934
2011-07-28,0.0011461319306225416,0.000803535599683173,-0.000686341825158251,-0.0006875215121282104,-0.0018354943778883651
2011-07-29,0.0018411972980448838,0.001612160643970402,-0.0010395611678331842,0.004817075491997355,0.00948524339071777
2011-08-01,-0.0025051254276204494,-0.0025068381405084035,-0.0022714376603120185,-0.002854371978515678,-0.002963978458108477
2011-08-02,0.001377568809286547,0.0008029825495981353,-0.0004579803148518753,0.00022941041623889767,-0.013910668642442532
2011-08-03,-0.0009250694461728294,0.0005777341428244218,0.00046274873569872554,-0.0031284423870097037,0.0005786702319917684
2011-08-04,-0.0005872335596553643,-0.0004697040950611159,0.0011743982559416616,-0.00011748810446453754,-0.039049490973574706
2011-08-05,-0.0021405644991109884,-0.0033337332935044106,-0.0014347204756602941,-0.0021451563463882467,0.014333738002080081
2011-08-08,0.0004821019739030915,-0.0001204166417253862,-0.000964785410099001,-0.00289610435318432,-0.026009894897782965
2011-08-09,-0.0003658759721284712,0.0023217460175920797,-0.0008580009106368183,-0.0009763242171678142,0.024344417472596386
2011-08-10,-0.0085651045361174,-0.00398527186481075,0.0010775218043447047,-0.012066695257412859,-0.0355081229373732
2011-08-11,-0.0025758983884318345,-0.0006128577748971145,0.0021932505441113227,0.0057559402072640264,0.02365098659643531
2011-08-12,0.0019356405753213042,-0.0019314346902366537,0.0013371423617520412,0.0008456660123431427,0.0025269251157405783
2011-08-15,0.0006009976741990699,-0.0012019232216164766,-0.0004778972611863072,-0.0026470957581973538,-0.0007193382398661839
2011-08-16,0.005874260133456209,0.001199760191904095,-0.0021681531018225503,-0.001076362000707559,0.001198609756349153
2011-08-17,0.002974953107421747,0.0013082002222479959,-0.002394923908446091,-0.0017839096126440613,0.0025124138357826937
2011-08-18,-0.007007398493903073,-0.0030202378742160245,0.0018042947097309829,0.003389013168637845,-0.018085855884374075
2011-08-19,-0.0032689659233375704,-0.00024251242995048904,0.0006082355275404126,0.0016963532481783338,-0.005490162024277349
2011-08-22,-0.0008479196195744993,-0.0007270964934967395,0.0,0.0008479196195744085,0.0064583177016334275
2011-08-23,0.001442307942337997,0.00276625349289011,-0.001080497133754252,0.00024018253988396297,0.014111070546475103
2011-08-24,0.002409930073455189,0.0012042390665333092,0.0009665338435171385,-0.0008428150519971643,-0.00853935070609532
2011-08-25,-0.0007220216920165875,-0.0014440435722336913,-0.00012059089553354033,-0.0020485637097309196,-0.0006041201174489594
2011-08-26,-0.0015599691169730897,-0.001440749438799174,0.002522675372311516,0.0021593098601161253,0.01487551422278165
2011-08-29,-0.0007093875918201362,0.00035488259673355655,-0.0009469697677360357,0.00047298097133384215,0.00818073209019405
2011-08-30,0.0014101059915861678,-0.0017600473889360546,0.00011762630137646402,0.00035221602947030264,0.006590585230118652
2011-08-31,0.0008192404928910547,0.0004682744173606188,-0.00023402761632670667,-0.0008192404928910044,0.00011729517343799234
2011-09-01,-0.0002354048975089384,0.0015287825638785088,0.00035325287385302496,0.0008236748127029346,-0.0008213552823152149
2011-09-02,0.0009406232321984352,0.0,-0.0005883391356387608,-0.0003526300359784574,-0.004706444738837531
2011-09-05,-0.005643288075024743,-0.0022859902874457125,-0.0008326890387754402,0.0026455041884239534,-0.012533736147256468
2011-09-06,0.000604412227526626,0.0019340027785754359,-0.0016790601210263222,-0.0037532582349140042,-0.01014134008526103
2011-09-07,-0.0007228915977453436,-0.0010832281254182627,0.0,-0.0018095185587726785,0.010861801211525593
2011-09-08,0.00035947517012817906,-0.0014371259958479577,0.0022794083410146234,0.003587662303072833,-0.0022832431958457505
2011-09-09,-0.0024263022942582137,0.001578149037705708,0.0009598081120760304,-0.0013369798406023124,-0.011373383335708356
2011-09-12,0.0026770519760013363,0.0017023350414562296,0.002578745212423515,-0.0015810279973187068,0.004986934862351496
2011-09-13,0.0018198367169858993,0.0031549595396794523,-0.0021969983205421635,-0.0014556043327005389,-0.0020647362651900654
2011-09-14,-0.00413726557532943,-0.0026809667532577126,-0.002564260517370384,-0.00012194378406688193,-0.0062199115093500386
2011-09-15,0.00121197445449871,0.004237037995450146,0.0010993710262581656,-0.002789740422917869,0.007192083174203469
2011-09-16,0.0006001320470582356,-0.0013204491445035188,0.002059233966119139,-0.002763594429372516,0.006778866293100087
2011-09-19,-0.002074562950401617,0.001341218270921202,0.0004859676927131001,0.0008547530894663643,-0.0008497724335336279
2011-09-20,0.0012140343848771656,0.0012143292324019804,0.0,0.0006064649345926211,0.00012144028189072152
2011-09-21,-0.0012214487899451477,-0.0003664569759448492,-0.0020690082230219483,-0.004777957022212522,-0.024710827692513156
2011-09-22,-0.0005130178386212191,-0.0006422195327021867,-0.0026567160923201038,0.00012827913557460552,-0.02814953930893016
2011-09-23,0.0015398437535121398,0.0007669692310009007,0.005104656311683052,-0.001796715062399417,-0.005906540027509879
2011-09-26,-0.008412655581708886,-0.003367006547904184,0.0027221482879846303,-0.0010403121874512074,0.008112851142357595
2011-09-27,0.002779183193583382,0.0020235241506932388,-0.0012709711929511324,-0.0005047318719139059,0.011603572972871323
2011-09-28,-0.00025419420574098795,-0.0016517378763217763,-0.003176824579127504,-0.0033104180983204723,-0.01868256514487784
2011-09-29,-0.00025611474080317384,-0.0014078200315855445,0.0005114435605666166,-0.004235391045493632,-0.0055696018595438705
2011-09-30,0.004841357182782927,0.0019645085225743287,-0.0006552650781605919,-0.002221497156657325,-0.011364500862009458
2011-10-03,0.003938046570033743,-0.00052610812735271,-0.00013139741166002841,-0.005517617781702087,-0.012940891012884577
2011-10-04,-0.00053276506321428,-0.0032047029697207107,0.0046483913967696,0.0005327650632142595,0.010181906145119502
2011-10-05,-0.0002632964733485047,0.0023702934458039756,0.0015770801008255907,0.0015787399674280674,0.00877600759949482
2011-10-06,0.003263497446427876,-0.003913899321136329,0.0036349514254222525,-0.0005214444128059555,0.004034625112514485
2011-10-07,0.0006444544915965033,0.00025776517735190044,-0.0015505882419335744,0.0002576655515414727,0.000519413074916194
2011-10-10,0.002170721659372889,0.0024245529646597735,0.002314815848451318,-0.0005103342800222219,0.020746830089204124
2011-10-11,-0.0020554991820961105,-0.0005142049219869427,-0.0021779523054159733,0.0032098634480380974,-0.005883874739045097
2011-10-12,0.0036517071367070213,-0.00012614317266807634,0.008766970579141092,0.0016326534238853118,0.018178851851133757
2011-10-13,-0.0010115059656210105,-0.0005065214746766917,-0.004283201307607517,0.0001264942130583125,0.00037785755220026294
2011-10-14,-0.0006230918015786354,-0.0004983181864673733,0.0026367018854094515,0.0004985044968636923,0.013881295864471116
2011-10-17,-0.00225168971793337,-0.001503194570912564,0.0008702679731206224,-0.001629379316427474,-0.014289538707333235
2011-10-18,-0.0003795786722363379,-0.002787634851325712,-0.0011416250367831528,0.0016438013437763744,0.004157486303356296
2011-10-19,-0.0011285975240202255,-0.0007528231221294263,0.0006262133087096772,0.0006271558687844634,-0.004031247585773934
2011-10-20,0.0015094342488543404,-0.0007557627264880854,0.00226671800869101,-0.006557400546159052,0.0008832250905369997
2011-10-21,0.0010002501459114624,-0.0004996877055876007,-0.000631273299166077,0.0013737123608902485,0.012533062912284969
2011-10-24,0.0036013699278280528,0.0012411569174290223,-0.0008705926798242966,0.00012395413712800466,0.0029876780595589313
2011-10-25,-0.0023819982428006483,-0.0023867858827772556,-0.0019893081283678393,0.0007528231221294553,-0.01011939424239668
2011-10-26,-0.0033819785476291277,-0.0007518797346694315,-0.0018843043072988988,-0.0052836957744368815,0.004135085147803017
2011-10-27,-0.0015895338677225316,-0.0007340347772697893,0.0014814817524428803,0.0012229425518312444,0.02786863463900559
2011-10-28,0.001590117147474733,-0.00024458848110196627,-0.00012219710408069206,0.004268559441843804,-0.0018258175603447905
2011-10-31,-0.0019697162591460495,-0.0012307693861325125,-0.0018483154790632447,0.0003696174501513241,-0.015000896073371447
2011-11-01,-0.0011315774137611587,-0.0008808910152455918,-0.0012532900499995878,-0.0013847802301020673,-0.018505154215003334
2011-11-02,-0.00025176233768425967,-0.0007552870449683757,-0.00427351077738205,-0.002647338451270087,-0.007600745991439058
2011-11-03,-0.0017752984627142604,-0.004185964125870518,-0.0011455483974048542,0.0015218772753468046,0.009113987137706144
2011-11-04,0.0016462993650554136,0.0016462993650554136,0.0018916709090135051,0.0029060605454050373,0.00037795276040477076
2011-11-07,0.0005020710535992857,0.0010038901583466447,0.000630875044581994,-0.0022613074962646975,-0.0013825176587790185
2011-11-08,0.0006296039998950029,-0.0007547170169559026,0.0007542426504639742,0.0,0.00238678588277726
2011-11-09,0.0015310031058905803,0.0010207988636834191,-0.0021605142800719735,0.001146716058637701,-0.02181720224171813
2011-11-10,0.0003871717154900075,0.000258164452189213,-0.003598975607041954,0.0011606165465565521,-0.0032111003123230886
2011-11-11,0.002555258832534222,0.0008933699783759381,-0.0009013069560127757,0.003439274774138003,0.010112086166131979
2011-11-14,0.0,0.0006408202718493312,-0.0007650134250442453,-0.0019244344896158629,-0.016839280413352753
2011-11-15,-0.0007794232662705696,-0.0019464094901234493,-0.0023373598487048154,-0.0002599428140448881,-0.010865454198038771
2011-11-16,0.002086594392953424,0.0006512536863199927,-0.004678371106100613,0.0009115177400443469,-0.00783396094195144
2011-11-17,-0.0009188161045433988,-0.00196785894924054,-0.0010469834747784405,0.0006563833514298344,-0.006047875389293911
2011-11-18,-0.0017135705768163113,-0.0005273566371394327,-0.0007896815361672846,-0.0014522413272498634,-0.0025087489225873866
2011-11-21,0.0008035355996833948,-0.0008043974156760012,-0.0007992540721199257,0.00040152580342717143,-0.008638501456740779
2011-11-22,-0.0024135168594253934,-0.0010728175898205203,0.0008024609230938132,0.0012074865624897334,-0.001068376169998939
2011-11-23,0.0,0.0008110300525660223,-0.0035031024775985845,0.00135171688599832,-0.012369074072460119
2011-11-24,0.00013488905395787462,0.0,-0.0025539364644714185,0.0004045580258805629,0.002567048629838823
2011-11-25,-0.00040401320326003396,-0.0012108982307037954,-0.0018921481520380377,-0.0016176870607860264,-0.0004048856253435033
2011-11-28,-0.0022509112449764774,-0.0017208290698289843,-0.0009266001060087354,0.0007950179297771195,0.006512083615222984
2011-11-29,-0.0010500066590116595,-0.0019699264365043217,0.006965006144702673,0.0011811800047758336,0.010803794150008317
2011-11-30,-0.0037186681309033386,-0.005131505808142132,0.0002634351964654088,-0.002572679576940147,0.020236778287352916
2011-12-01,-0.0043758113580269885,-0.0012870014646474486,-0.00038538121101285234,0.0032193704967335454,0.0005135447538721854
2011-12-02,-0.0043707486985997595,-0.0012845216923566276,-0.0002561475423842198,0.0010301314328415951,-0.002570365121615975
2011-12-05,-0.0014573348696239304,-0.0009847492562897312,-0.0004989158278993741,-0.0006782567781756647,-0.00012821499107232336
2011-12-06,-0.0011941373135922122,-0.0004495854255908564,0.003552538778908305,-0.0006811682941785083,0.00014103558607644564
2011-12-07,0.0018924891873700438,0.0015582244548851265,-0.0015648853259552819,0.0005529088934165535,0.00014101569784457643
2011-12-08,-0.0030737464469025727,-0.0011090907883001867,-0.0007042298897312076,-0.0007375538133979769,-0.01017840162224684
2011-12-09,0.0012560456935466007,0.0019429302901082476,0.0012243251460977902,0.00010352100838711671,0.0041611804377035275
2011-12-12,0.001651225033466294,0.0024762379096777017,0.0018001570214780575,-0.0028060808048627484,-0.017425265418296403
2011-12-13,-0.0028157043125657793,-0.0011809630156550178,-0.0005760293410569679,0.001572533412771767,-0.007397429480790268
2011-12-14,-0.0014790241138779884,-0.0018776097292602426,-0.000992792409245301,0.0006531722407418431,-0.008332993922032596
2011-12-15,-0.0026022665012267786,0.0013153263971780232,0.001402365552672303,0.0024829228909408556,0.008385932685130779
2011-12-16,0.0006022992299814407,0.00048484849434672227,0.0021415113059158005,-0.0027525839222009396,0.007974891831264529
2011-12-19,-0.003844082615722295,-0.0022247535948956934,1.312982110647721e-05,-0.0022580377878760496,-0.006627470846744122
2011-12-20,-0.0002857736692004163,-0.0008696160609287584,-0.00034079142584019997,-0.000415816630859773,0.015153295956828254
2011-12-21,-0.001642186300991176,-0.0010686267860846698,-0.0008635746078640773,0.0007432278596190444,-5.208468971729941e-05
2011-12-22,0.0019396139784867894,0.00023257015971283706,-0.0014507398725857868,0.0009038673221731021,0.007601639946399955
2011-12-23,0.0012540159235632634,0.00020687336837746386,-0.0004909941437760187,-0.0005815644246495384,0.0006975933313940011
2011-12-26,0.00027140023300231117,0.0002713791894664071,-0.00021969927135276826,-6.461242240682352e-05,-0.0005296097158621976
2011-12-27,-0.0013351915649844977,-0.000946153567787202,-6.46216081958557e-05,0.0011926832895469118,-0.0029373156992247565
2011-12-28,0.00022058012662511044,0.0012469801319680025,0.0003223165563239139,-0.0028062900059079464,-0.005978857915346917
2011-12-29,-0.00269025238770978,-0.0013500183783612299,-0.002435451990120023,0.0033130466781328177,0.005836301621569084
2011-12-30,0.0032537919917257634,0.003754038066476915,0.0021489237764160977,0.0013472854240780539,0.007540481699296119
2012-01-02,0.0001156344155006452,0.00011563590122157587,-0.0009386472597258997,-0.00025698352877033363,0.004043729073514688
2012-01-03,0.0007851779084542863,0.0008988309473810885,0.0008639089875655225,-0.0001645830040112628,0.01192006371085797
2012-01-04,0.000623056940856078,0.0011958528236393996,2.5348863738565255e-05,0.0008640077789948027,-0.004644147975829293
2012-01-05,-0.0017164307586685955,-0.00010253124007707936,-0.0006398935435524823,0.0005254894542403028,-0.007109382508062705
2012-01-06,0.0026659846602950753,0.0014481890559105849,-0.0009470788447077277,0.0002687673195119081,-0.00035872141823392606
2012-01-09,-0.0022429534814911623,0.00044628342287790057,-0.00010189265617487783,0.0014024353672369518,0.01093074330774028
2012-01-10,-0.00042772676460382385,-0.0010571623728655442,0.0010446757106436213,-0.0002642756032370911,0.007229739016315376
2012-01-11,0.0009830487904909863,0.00050377200345013,-0.0012072587892174476,0.0012463257040789906,0.004824372390395633
2012-01-12,-0.00011352384328244559,0.0022727569474533444,-0.0012682469130472235,-0.0006056782519543705,-0.005542478133974539
2012-01-13,0.004152482893968087,0.003024074679890454,-0.0021533955770890794,0.0001894884449302244,0.00149861815180643
2012-01-16,0.002629875118223401,0.002164257888056473,-0.001715590848798979,-7.540246066940192e-05,0.0011594350313958262
2012-01-17,0.0009999500858206528,0.0004249946939632354,-0.000785982112586058,-0.0003248741141392829,0.008253521339573043
2012-01-18,-0.002319107625287171,-0.0011902106589898817,0.0031949901927620845,0.0004220561645611256,0.0031927790557428576
2012-01-19,-0.0003371523148722985,-0.00014980338333985688,0.0012604126087549892,0.0014726440361090725,-0.0007100105554218814
2012-01-20,-0.00043487715405964147,-0.0006835227785988985,0.00185972257620045,0.0011675279545631573,0.0044758379872881756
2012-01-23,-0.0022179788527072,-0.0008502720766604098,0.0019037499723262553,-0.00022206869416163373,0.007834634823362153
2012-01-24,0.0028344935768714564,-0.0003586645350147427,0.0008414071793284785,0.00017302748708379845,-7.397452813783992e-05
2012-01-25,0.0018999962251845263,0.0016511999778798614,0.00044596955758148624,-0.0010302688919858706,0.007566302340821764
2012-01-26,-9.732715313593739e-05,-7.300602302937023e-05,-0.00019463773113844783,-0.000742431191869184,0.003969010333394123
2012-01-27,0.00017019828140828858,0.0009970696707646074,-0.0006921297837453633,0.001154152342571132,0.005081707103758921
2012-01-30,0.0013094693625760098,0.0012472793810497746,0.0016873926457073364,0.0024186171931862882,-0.0049441751044365795
2012-01-31,-0.00268768548817261,0.0007386374292196792,-0.0015446814149651944,-0.0005456827535955186,0.0067889253727259164
2012-02-01,0.0012591816983776015,0.0004556300362993407,-0.0008203050064310217,0.0006709158252336917,0.010145757627209963
2012-02-02,0.0009578544793649559,2.392144198574988e-05,-0.00021619024825979036,-0.0006225010376516395,-0.0019704203128834514
2012-02-03,0.0011243213394027634,0.0014238965713516422,0.0003603387222942706,-0.0006935808180079429,0.00507435665159431
2012-02-06,0.0015482944851929492,0.0019214839763658574,2.409638554333078e-05,0.0004556300362993407,-0.00046785871520477906
2012-02-07,0.0017962785947443082,0.0012215131514173114,-0.0006338234714907525,0.0005860858604111452,0.001810237323667479
2012-02-08,-0.004100448664855993,-0.002034174826733687,-0.0003340491560530531,-0.0017864962457048905,-0.001774240419397391
2012-02-09,0.0022142041206115546,0.0011730487442117405,-0.0007294949468145967,0.00040640203282254605,-0.0005641004248316062
2012-02-10,0.00031420319537288935,0.0005438362341043124,-0.00027741425966594166,0.0005315036847195926,-0.0076890081861653164
2012-02-13,0.00044350416961617966,0.0009115005608360781,0.0005142341313636327,8.388407226143907e-05,0.0018055978423388698
2012-02-14,0.0013597994887146452,0.0002167003764619966,0.0021621370328589904,0.00032463433834265513,0.0041525208788139424
2012-02-15,-0.0007411303772343193,-0.00034632862155072644,-0.0021416851343576894,0.001959215507183853,-0.0032269121047949273
2012-02-16,-0.0007581912088092837,-0.0006137664390236678,-0.0006542679096904494,0.003257351446476303,0.0040050896523398235
2012-02-17,-0.0018108668924903155,-0.0015581741355411081,0.0006570891189502594,-0.000744485438870116,-0.0041012169249227
2012-02-20,-0.0004997501353385638,-0.0008560524617090594,0.0009641537917398263,-0.0003333055609558792,-0.005645762224082013
2012-02-21,0.00019138527109537092,0.0005859526980965194,-0.00025140818645640826,0.00013155612980856078,-0.0025354619270857312
2012-02-22,0.0023763725077632666,0.003113688250586999,0.00033631210079635327,-0.0009281638091825957,-0.008055542340897755
2012-02-23,0.0022555769080151006,0.0008405682736116618,-0.0008765557924619977,-0.0018112578796483007,0.010519334236776192
2012-02-24,-0.0006813740110249149,0.0004543498093369612,-1.1929544112535673e-05,-0.0002750719091188988,-0.0015541133326806593
2012-02-27,0.003151150269810021,-0.0007515254530344321,-8.398471483127878e-05,0.0012981523995835079,0.005430093600347333
2012-02-28,0.00010755579467218378,-0.0005260829658500362,-0.001455239715276193,0.0008719698110375269,-0.00013092978016545663
2012-02-29,-0.002646273327059603,-0.0002731542804227697,0.0014821229080690026,-0.001974428235829986,-0.0062090493092252
2012-03-01,0.00016701262177053682,0.0011932178918794684,-0.0006224712308056806,0.0007035325972101963,0.004362304713312439
2012-03-02,-0.00026411832654498456,-0.0004679934566332741,0.0004557666553658741,-0.002139526754900304,-0.01144212922390858
2012-03-05,0.00014619526840695785,-4.870505437659414e-05,-0.0016163043628606882,0.0004993392992430052,-0.009052577316941033
2012-03-06,0.0006527214404417018,0.0001231663609591849,7.363679879617535e-05,-0.0016017746155112846,-0.00994643531020484
2012-03-07,0.0026056176167669667,0.0014323931368127182,0.0006357434744774083,0.0011355381900159352,0.0011919318692316032
2012-03-08,0.0009487551342352177,0.00041343921208585494,0.0022892035941342722,0.0019312176921010252,0.01162335288558995
2012-03-09,0.00029169756031671625,-0.00021856596529246653,-0.00013346194231195262,-0.001593218820778556,-0.0031123509981420576
2012-03-12,0.0016684254428436635,0.0011528933992173062,0.00044018390615853826,0.0018002466423067591,-8.544348224003812e-05
2012-03-13,0.0013387208697821368,-1.217278044577383e-05,0.0016315600843239905,0.0004134241304021432,0.0039471811883723
2012-03-14,-0.0013075605992881065,-0.0018248405246480853,-0.0023804568463823596,-0.001531772213723846,-0.01684709839229513
2012-03-15,0.00157851297728056,-0.00019572823197564512,0.00113084641145893,0.0013196321608100602,0.012240536265446274
2012-03-16,0.0016007182395168453,-0.00021840949440097706,-0.0007451883777836491,-0.0009819551393053627,0.00731427103310712
2012-03-19,0.0008485054692208194,-0.00036347775916312615,0.002159435018867142,0.00012115631602700698,-0.0017792629832393617
2012-03-20,0.00040449356119718255,0.001053431097687107,-0.004530005243552418,0.0015184544075041125,-0.010705840601840252
2012-03-21,-0.0018689066191523787,-0.001304599513041657,-0.001634824559507673,0.0013774276261292802,-0.005611680113950785
2012-03-22,-0.0007061840956050428,-0.001859496984164782,0.0012255737899534971,0.0016222411532649168,-0.0023917557510766997
2012-03-23,0.004457741796620745,0.0021480966924497793,-0.001264308021238355,0.0012123068988204098,0.00964292089573715
2012-03-26,0.0011065243500385559,-0.00015801532781545882,-0.002403847311394443,-0.0009727035845058031,0.007057089090430908
2012-03-27,-0.0011801995541893709,-0.0013516230664631652,0.0005337538793546879,-0.0006941696122865725,-0.0037600204920521163
2012-03-28,-0.0017511101979624016,0.0021401107573267904,-0.001207015465881177,0.001971312540337049,-0.003468324516300883
2012-03-29,-0.001069183651174028,-0.0003686454778228571,-0.001382660679244913,-0.00024595103238958933,-0.0005996267808997481
2012-03-30,-0.0013271402080625746,-0.00021922346265996752,-0.00015840619035779863,-0.0015119188394922482,0.0019077673908170056
2012-04-02,0.0032040571490747705,0.00181504834124686,-0.0027450925863175763,3.648902592942994e-05,-0.0005219365176658046
2012-04-03,-0.0003643828003053049,0.0009591162297755265,-0.0016410285027861887,0.001772081688170271,-0.005234403118677062
2012-04-04,0.0008600777057442996,-0.0005891160974523592,-0.0026161788026742732,-0.0006142657260889251,-0.006231693964925918
2012-04-05,0.0009452898876547578,-4.9068315371941735e-05,-0.003039031810200303,0.0018511599551367438,0.001963070380736503
2012-04-06,0.00014659353304449324,-0.0005129207283571881,0.0007829416986080629,-0.00036652413360843705,0.004085532642407448
2012-04-09,0.0013796726382215925,0.00019538643836033824,-0.0001956683916186534,0.002546778606655857,0.0038906995616108607
2012-04-10,-0.0017774949363123162,-0.0008696345021288886,-0.0008672232910485176,-0.0010311683804908277,-0.0072814669563660275
2012-04-11,0.0007436712097009675,-0.0004147606036889822,0.0015561344846453126,-0.001353650489319123,0.0033174428603330954
2012-04-12,0.00328586707200957,0.001806509987591207,0.002315718663551498,0.0005203826745291719,0.011180769083662353
2012-04-13,-0.0019086741721026366,-0.0015714150801572084,-0.0008088222420379798,-0.0025061304318155374,-0.0056719862162015675
2012-04-16,-0.0020156002010878007,-0.0013299577960099395,7.31573492981487e-05,0.0015151332916448167,-0.003980601371677412
2012-04-17,-0.0003294832634005932,0.00024437927785342644,-0.0003669365730155729,0.0029006016534336137,0.0018888048265808628
2012-04-18,0.0009057306437884418,0.00030604437882320745,-0.0008769473053873339,0.0011493410895229124,-0.0070493807619908585
2012-04-19,-0.001411432838407736,-0.001459630445281306,0.0007578813911724112,0.0014236974348106313,-0.0015460125778726224
2012-04-20,0.001324958482182386,0.00011052098374919133,-0.00031965379307799134,0.0017026910300286678,0.004924187416337839
2012-04-23,-3.703497954239966e-05,-0.001135340045195279,0.0003447511669498121,0.0002715580039894211,-0.005164229944451075
2012-04-24,0.00216099489823502,0.0013865968636528362,-0.0007011199755833517,-0.0021364118875524503,-0.00024599640969290526
2012-04-25,-0.00020885675573952523,0.0005407797191913815,0.0008746589695831013,-0.0012171509109820979,0.004247229118309236
2012-04-26,0.0007978838090769425,0.0009084325254303233,0.0004036178894208622,-0.001977462492264702,-0.004111923604402936
2012-04-27,-0.0012580077505951273,-0.0011846823200808172,4.9157562286362955e-05,0.0003787901975288508,0.010789887416522035
2012-04-30,0.0018047464840501655,0.000658994690873399,0.00012179822920419729,-0.003062677414884562,-0.0051677182086979885
2012-05-01,-0.0004793068577336009,0.00014759602993467684,0.0004917871644311455,0.002639479529592818,-0.004298290365627992
2012-05-02,-0.0011974349168313086,-0.0013330702082759293,0.0009096385428890282,0.00041988268600822945,-0.007786263141846181
2012-05-03,-0.0016468713174223654,-4.9906425462729236e-05,-0.0030848865145140635,2.4972842035504556e-05,-0.010293605230179153
2012-05-04,-0.0004780415483974772,-0.0005033219353286429,0.0004385278065577232,-0.0003775627113581414,-0.005701948466483405
2012-05-07,-0.0009428566739302079,0.0002639633483365956,0.0001386534233859374,-0.0007423391572489539,0.0024927622123724433
2012-05-08,-0.0017502921621241057,-0.0017126658970087443,-0.0010625111677820685,-0.000787361617431285,-0.00983075898068041
2012-05-09,-0.001392944769420875,-0.0007530937830004523,-0.0021367257732062945,0.001175824170847626,-0.0047987363367848574
2012-05-10,-0.001280434254771124,-0.0003549740779424402,-0.0008001168851447839,-0.0015488526354518408,1.275925205285849e-05
2012-05-11,0.0023985722139916003,0.0008289918021961152,0.003002487291085841,0.0031044861821120017,-0.0013789407325403217
2012-05-14,-0.0017378659523438714,0.000450824694795513,-0.0024293539458051625,0.0026634943529444052,-0.005237428693367111
2012-05-15,0.001759402257238618,0.0005051126573355361,-0.0034641100401302705,-0.0013969192446606684,-0.010245752685831435
2012-05-16,0.0012259538542317573,0.0013825488050657902,0.001033078206969563,-0.0020484457899151466,-0.006326451885019784
2012-05-17,0.0010588028674885276,0.0007204280964173676,0.0005616253323092946,6.53214796854825e-05,-0.0013094148787227693
2012-05-18,-0.00030320807556745693,0.00034276373367977194,0.0018632191500701492,-0.0007518251899003986,-0.009293575914018339
2012-05-21,0.0008715057793686881,-0.0005547630511592053,0.0009095163713796099,0.0033469085544353735,0.010517832491560773
2012-05-22,0.001376354451530467,0.0010226826641958242,-0.002157921386674247,-0.0004323644506558777,-0.01360206894113465
2012-05-23,-0.0016264935326328782,-0.0007862840489587649,-0.0030474788341449447,-0.0027925327964633774,-0.0037855437607742415
2012-05-24,-0.0032747140690675153,-0.001313807775886221,0.0005874813243096701,-0.0003187632014878917,0.0038253154711618193
2012-05-25,0.001814221607463717,0.00022476218272593043,-0.00015863153892634458,-0.0015491664744445913,-0.0009151497704249471
2012-05-28,-0.0006175556817580088,-0.0002757371061136019,-0.00045946532173377855,-0.0007889235547842114,0.003947113867411357
2012-05-29,0.0019029001995300979,-0.00038061489451189927,-0.002923422877676531,6.555270767808222e-05,-1.3131200388836807e-05
2012-05-30,-0.0005293175896718973,0.000953314162710028,-0.0009351642158030897,-0.0003839305265305964,-0.011556394418885327
2012-05-31,-0.0038342943921004405,-0.0015396870575543062,0.002445942609386749,-0.001862743027769904,0.00021252009058976288
2012-06-01,0.0,0.0003578979498837847,-0.0029477496418900194,-0.004291880595697235,0.0013935434751275444
2012-06-04,0.000382517630152985,-0.0018210374386195786,1.3266910335632706e-05,-0.0011611951056697102,0.0007943653438950108
2012-06-05,0.0021204418462456255,0.0005564240624734916,-0.003244627695040262,-0.0016562108365622736,0.0009391845658771699
2012-06-06,0.0014915026380426602,0.0003661040037753413,0.0003533869558459788,0.0012151066673123936,0.018159448781741052
2012-06-07,-0.00435882704493409,-0.0015126933345876168,7.793017460300791e-05,-0.0005056627855667085,-0.004176512247922214
2012-06-08,0.0030722392009605737,0.0021720081288078975,0.0011403929692630106,0.0014869697258921703,0.00430634191158609
2012-06-11,-0.001576533246350281,0.0003104545597077342,-0.0007992987224224804,-0.000853915772993561,-0.011795230976294037
2012-06-12,-0.0033704632391339945,-0.0006457195477032923,0.0020845614110368,0.0014348039301033278,0.011499142559555652
2012-06-13,0.000539346633168819,-8.993903424390537e-05,-0.002131485141859175,0.000718676639292483,-0.0007857028258005522
2012-06-14,0.001398467046404379,0.002463371444037429,-1.287258075957948e-05,0.001742138402577125,0.00786774002096116
2012-06-15,0.0017033397195666117,0.0010933965032657602,0.0016566422383995085,0.00015239643421839524,0.0069433664305642824
2012-06-18,0.0021630108425021374,0.0010872039704570241,-0.0016423061664710243,-0.000960760591702656,0.000681990428050229
2012-06-19,-0.00035159095266638245,-0.0009924312236934652,0.0018166684278683061,0.0006528562692652264,0.0075590713044285315
2012-06-20,0.0004898174585978817,-0.00011313425905987295,0.0021109248157220543,0.00018832746435074342,-0.0029112102074584415
2012-06-21,-0.0029716958642269035,-0.0014176125016336005,0.0008398674255351833,-0.0017218522330388923,-0.01034537720586472
2012-06-22,0.0003419041561998156,0.0024692777566515216,0.0020355205236957537,-0.0005192338251846819,0.0036501479039028947
2012-06-25,-0.0002291184043017126,6.361849264479169e-05,0.0013084767008051275,0.000763523954479319,-0.0021061988373491875
2012-06-26,0.000569595033341993,0.0005054078749047384,-2.5265285499119462e-05,-0.0012281980588580578,0.004258561568942498
2012-06-27,0.00024046219480667255,0.00020259832419185477,-0.00032953105494652654,0.00015184107330196007,0.0012891974636590944
2012-06-28,-0.0005965640626505876,0.0011681947642347417,-0.00032855662842642947,-0.0018427094306017596,-0.005052530360169037
2012-06-29,0.0011589147376416082,0.0,-0.0006520948778281223,0.00018679601307090415,0.017018045107690002
2012-07-02,-0.0012203323806675103,-0.001793074731118518,0.001458316713119321,-0.0011469749795650788,0.002417928739891507
2012-07-03,0.0013071165007854958,0.0013313344548602178,0.00027382938111404696,0.0007088626782175894,0.0004853734670682163
2012-07-04,0.0008082416211892226,0.000634009009247265,0.001928856910672993,-0.0008331209564146598,0.00029857430989885193
2012-07-05,-0.0005738022036762176,-0.0009731510898748119,0.0010336046946737168,0.0030772130053694875,-0.00038567527864118503
2012-07-06,-0.0007267169005847405,5.011400938184011e-05,0.0007350971842889775,0.00013786620733097934,-0.007494133471131425
2012-07-09,0.0009318374240318485,0.0003148475848861927,-0.00012605412780932447,0.002162543590716119,0.0009922816381703482
2012-07-10,-0.001793385023693162,-0.00016304722761763824,0.003518564036208978,-0.0014697110330118266,-0.0033198390693046234
2012-07-11,0.0012162172133175209,0.0015919278846874252,0.001794375179519867,-0.0010907655872997584,0.004311137060599507
2012-07-12,-0.0013079449988086093,0.0001524719518092488,0.0004686065374040231,0.001079495409024264,-0.009602856331711257
2012-07-13,0.0036519370646286367,0.0002137249117091374,0.00023981572170095244,-0.00091802542964035,0.007619276702246167
2012-07-16,-0.0015455468091291043,-0.000452426142867039,-0.00033929615224387647,0.0016083234185849705,7.525115075090407e-05
2012-07-17,-0.0037533387856866552,-0.0037041962507242693,0.0009257869850039395,-0.002089891230254215,-0.0006774643022156515
2012-07-18,0.0035307975940912072,0.0015314899868884503,0.00028917541204701524,0.0018671567632771533,0.00373289005573284
2012-07-19,-0.0010590911496769155,-0.0008099638451294052,-0.0005363033859531342,0.0012707748452195078,0.0039307490947821325
2012-07-20,-6.252618285938065e-05,1.2503672954136676e-05,-0.0001744243999239205,-0.0006379904768025867,-0.004305913233491162
2012-07-23,-0.002577435546756906,0.0006346788738057481,-0.0013020588271588274,0.0031098696706137576,-0.012575926184198621
2012-07-24,-0.0033008965149162344,-0.0014545089170798903,0.00040472517184140556,-0.0010393166795257748,-0.0044270938768234515
2012-07-25,-0.00167644632725226,-0.0016390426072137743,0.0017199976210771017,-0.0019212057336583685,0.008050837135752373
2012-07-26,0.0014482623386371449,0.0005494985963700927,-0.0016418083782931859,-0.0006115101370523847,0.012468268556216936
2012-07-27,0.0021704761861845437,0.0022326698350580744,0.0003115788974126881,0.0008544945070672964,0.011500089483966948
2012-07-30,-0.0006677713996812993,-0.0001607806522500462,-0.0010884354816047366,0.0003092088606789998,-0.0026699975070141406
2012-07-31,0.0004079992638427898,-0.0012361399400926932,0.000617764453712649,0.0029376209133037917,0.0008042215878221725
2012-08-01,-0.001441552690728098,0.0012325290588334184,9.837920271602954e-05,0.0013799903619288916,-0.0005690745270050172
2012-08-02,0.0033469010685710805,-0.0007408871226978102,0.001777295523504028,-0.001270750098519118,0.0017309598782877676
2012-08-03,0.0013481550704180344,-0.0004412792265869344,-0.0013871756019183997,0.002031053786996211,0.01154520315845265
2012-08-06,0.0010009033377156584,0.0006705477406909957,0.001578570926006417,0.0018039765499781235,0.0013916527509384871
2012-08-07,6.102509964234817e-05,-0.000926795427484472,-0.0015836280566289597,-0.0023338088928186126,-0.005087700234029571
2012-08-08,0.0017682819122225302,6.141261294163979e-05,-0.0006390247716656962,2.4537468715930762e-05,-0.0002943124147504129
2012-08-09,0.0009986623687031633,-0.0003820533565490599,-0.0005905947953245841,0.0007267934563600998,-0.004474390393331072
2012-08-10,0.00131889552389625,-6.165874353759752e-05,0.0001111969113115088,0.001009566341611302,0.0018708618803992467
2012-08-13,-0.0009626896810043493,0.0001480348378021278,0.000357942942780216,-0.0017549718394546127,-0.003689107756416618
2012-08-14,-0.0014375118653644637,-0.0003223646716240042,-0.001888598000021328,-0.000707121486879278,-0.004546785753309608
2012-08-15,1.2404100795789308e-05,-0.0011529951252218615,0.0009697271848374658,0.0005456281679492768,0.00222022479494165
2012-08-16,-0.0010015518707500496,-0.00016091996742045606,0.0018967692434756066,0.001458717329360064,0.0045983912519596765
2012-08-17,-0.0020192391978009804,-9.914487553040443e-05,0.000284556619408058,0.0009172152008319156,-0.004623171021756842
2012-08-20,-0.0007176441782879114,-0.0005689970961489923,0.0003583542926561791,0.001175182752442719,0.002128845410711415
2012-08-21,-0.0016980439665134999,-0.0008239511998389521,-0.0004794541690641341,0.0004678650664019949,0.00258071032463989
2012-08-22,0.00016061974545417764,0.0005680625515517707,0.0016429797211647667,-0.0003212652937553983,0.0035576055101220897
2012-08-23,-0.0006377238381449504,7.359525068638871e-05,-0.0005140696065524007,0.0013363003637445125,-0.0015741256401726417
2012-08-24,-0.0015190345321129573,-0.0007043167492235646,-0.0002592992760322766,0.0009141671832964645,-0.0018108470964219154
2012-08-27,-3.706197380143869e-05,-0.00019769927533472178,0.00023428878048890837,-0.0007415280760971125,-0.00450542955710506
2012-08-28,0.00024818514739300464,-4.965551487583565e-05,-0.00037135147605710846,2.4815127302679756e-05,-0.005085219203866901
2012-08-29,-0.000833545915056714,-0.0006594213505761488,-0.00013711009338728575,-0.001818793869015173,-0.004786308355826936
2012-08-30,-0.000624867236048828,-0.0005248163263360552,-0.0007862077116382155,-0.0013009759152947066,-0.0021638397195982884
2012-08-31,-0.0016227285366342595,-0.0029084847086345194,0.000649658951911556,0.0030560274253601566,0.005929993719720557
2012-09-03,0.0006395987049832121,0.0006520049382116838,-0.0012023748348695268,-0.0005266986151706866,-0.0035293270846718495
2012-09-04,-0.0005040322687352213,0.0011086615308802752,-0.0009526914251293909,-0.0013116740857495317,-0.003919356816722615
2012-09-05,-0.0008689574946539702,0.00032780271613328123,-0.0004166640422399989,0.0004912426648564071,0.0009184065663688703
2012-09-06,0.00259400267010003,0.0020681493681125305,-0.0003513438939950419,0.002574808311986192,0.007841212594026752
2012-09-07,0.0028218189741280055,-2.4757377699736657e-05,-0.0003232785445805889,0.001494316319732738,0.013360467428334605
2012-09-10,0.0006172382488632814,-0.00022222771024062702,-0.0007161289832047224,0.0009498024015028061,-0.0019273303800277529
2012-09-11,0.001225850893922081,2.4496895019755213e-05,0.0012439267810450613,0.0016280567907352788,0.01043226703894281
2012-09-12,-0.0004397161458887179,-0.0005009010214378723,0.001910615446287586,-0.0007088385122766161,0.0033110792469633445
2012-09-13,-0.0002916550227871407,0.0015547757817586344,0.000548382589800158,0.00109326800811773,0.01324410326785506
2012-09-14,0.0018368123872786412,0.0008282269815242485,-7.191571481320076e-05,-0.002546028012536726,-0.0026155149814274113
2012-09-17,-0.00044695437581558146,-0.0011843474180649974,-0.0009403709129787665,-0.00024168016165214895,-0.003925149515001358
2012-09-18,0.00015715002419828012,0.0006889008678250413,0.00029053931564443613,0.0007129091222016407,0.0008829915842803186
2012-09-19,0.0011232360036699499,0.00021751740224962884,-2.4152547491179934e-05,-0.0005433437507269134,-0.0013550465450843541
2012-09-20,0.0018341608392457131,0.0008376277416746735,0.0016034988858513596,0.00241207852564947,0.003203174483197515
2012-09-21,-0.0009854704014734734,-0.0008294715299678977,0.001684170403018048,-0.0017449806161973925,0.0006514658210861205
2012-09-24,0.000609644596093645,0.00029254735818976397,-0.0010328257204688118,0.0011816516477554328,-0.00866864999546543
2012-09-25,0.002176937426206124,0.0017782083495304565,-0.00047297093323261843,0.00019327639792965462,-0.0012532321031896332
2012-09-26,0.0012072362466384683,0.00030499893486812834,0.0007682599291331592,2.4373598519306377e-05,0.0034759815744594027
2012-09-27,-0.00047058540485085443,-0.0007119971820896417,-0.00039977467778154404,0.0006877040007051862,0.008649486154544736
2012-09-28,-0.001939280665107113,-0.00044577508373602146,0.0003478365203440904,0.0012170069160443062,-0.0017817591153111525
2012-10-01,0.0013958079901977205,0.0013836502896301343,0.0012648242075043756,-0.002853859159787095,-0.0011953563645261962
2012-10-02,-0.0015877219530114701,-0.0012271711638943454,0.0003976790059822535,-0.0002648655822662423,-0.0016444389036353317
2012-10-03,-0.00078004074792658,-0.0006225396154550113,-0.0006703679352025392,-0.0007806496865230516,-0.008568095439066269
2012-10-04,-0.00039068700363867066,-0.0005871775279718586,-0.0009381149452305764,0.0005005402276360567,0.002852025773202837
2012-10-05,-0.00035141505508665816,-0.0003878035823483396,-0.0003884956768016755,-0.0008244923170916592,-0.004586716346118327
2012-10-08,0.00030566270969545106,0.00012232116660703906,0.0006124148934730948,0.001771003644587974,0.00227275602175025
2012-10-09,0.0019379969134028468,0.0002558183460066105,0.0003414467620120607,-0.003574198848698608,-0.0023828592130187513
2012-10-10,-0.000330564349808834,0.0006976957962262225,1.2229050108717656e-05,0.0009301984686002077,-0.0011874377837464529
2012-10-11,-0.0014307816096849775,-0.0006482348059995268,0.0011367874148505847,0.001235239958690423,0.0014198636378872959
2012-10-12,0.0005858159485056702,0.0013917546898622377,-0.0013780742072486384,-0.0009765506568238641,-0.00039148520196589
2012-10-15,-0.0016193540845177315,-0.0013734076151147082,0.0002086439988668805,0.002072793800124802,-0.0017879234241519049
2012-10-16,-0.0012672011931755857,-0.0005163892213994419,-0.0002697202282001182,-0.0007142769481401593,0.0014085630701013284
2012-10-17,0.0017042415382618275,0.001801429458518344,0.000342935531481721,-0.0009004515033891598,0.005456256784715708
2012-10-18,0.00020744482957147368,-0.0008779524762503128,0.0008770754968943826,0.0005733000894993943,-0.0035242434667052806
2012-10-19,-0.0030048760196440217,-0.0012217771043824806,-0.002148464552788268,0.00041584619182689236,-0.0037328774842303137
2012-10-22,0.00039115023112077713,0.0005744211642703428,-0.00011018137089019548,-0.0013329829603182916,0.002558626349177653
2012-10-23,-0.0006650656073701461,0.0005665094549224761,0.001090505968006685,-0.00022178686373388476,-0.007449212521312162
2012-10-24,-0.0008587693137452391,0.0002576861029419805,0.002067464032805044,0.0003558653394041585,0.008964160704177411
2012-10-25,-0.00013354457677106313,-9.716992598437488e-05,0.00024281274400572833,-0.0024555401760155515,-0.00024419130067742696
2012-10-26,0.0016896310535724514,-0.00040136952684638905,0.0007695173795958176,-0.001494995690145388,0.0045443824817950965
2012-10-29,8.544869726449886e-05,-0.00025630229164709685,0.001132785738409589,-0.00046395214799619067,-0.002683615706862195
2012-10-30,0.0006211747710472118,-4.8734130958212195e-05,0.00012160124534649192,-0.0008161326729429067,0.004594347416672932
2012-10-31,0.00010972866550468985,-0.0001463218351368587,0.00041355990518036103,0.0021677188993583078,-0.0014966328560625177
2012-11-01,-0.0007011266666985288,-0.0006527494278455638,0.00010943380177862554,-0.00038703903529877464,0.007630059761403201
2012-11-02,-0.0009674338364737929,-8.466837218015514e-05,0.001247116960784422,-0.000641440722010742,-0.0030741325268516697
2012-11-05,0.0011765920221042212,0.0001939064892033628,7.279433178021419e-05,2.4245069160262064e-05,0.002593123620634678
2012-11-06,-0.0011731767218234757,-0.0008710380420063846,0.0002539344741785596,0.0013665582399874914,0.0009555778041237745
2012-11-07,-0.0006174296961905559,-0.0008473653498829993,0.00022921253531001622,-0.00058145875098276,-0.009499470130668524
2012-11-08,-0.000281805764180149,-3.6755021658961655e-05,-3.6766282871772514e-05,0.0013470489423621703,-0.007719207599958535
2012-11-09,-0.00013495856179193748,-0.0002577367049743474,-0.0009185379971366682,0.0,0.0010572514907338786
2012-11-12,-0.0006970303123525378,-0.0008070433306707376,-0.00018365810259337068,-0.0002446872297709045,0.0034921584535910584
2012-11-13,0.0008304532553524166,0.0008300072491832001,-0.0005623334540986068,0.00021971047130833909,-0.0015914018709504672
2012-11-14,-4.93577325156611e-05,9.88178910595806e-05,-0.0005508192044672201,0.0013071574889404265,-0.00739027138962799
2012-11-15,-0.0009373574608062791,-0.00025904978218157365,-0.00011091188062463794,-0.0013706159420752752,8.639148925791748e-05
2012-11-16,-0.0007426478210420872,0.0007426202457754709,-0.00038318675878787063,0.0016825440069794227,0.0026621327561079516
2012-11-19,0.0002933196471861782,-0.0011602700455879851,0.002831769172524657,-0.0006111797180801051,0.006277145884005536
2012-11-20,-0.0011527944274658452,-0.00038027245139030645,0.0013587707053719952,0.00012270089218938035,-0.0019451331942617863
2012-11-21,4.9254411358308256e-05,-0.00011082720203434387,-0.0009214722090996989,-0.0006651393342552515,-0.0011639947157851462
2012-11-22,-0.00143444783039179,-0.0011766726040798624,0.00015969436988430962,-0.0002699552136156665,-0.0002084367861689435
2012-11-23,0.0003280939593309282,1.2159902720797974e-05,-0.0001467979695584431,0.0009108077064626821,0.009762008433216124
2012-11-26,-0.0010098983051263584,-0.0007541570220355187,0.0004497687413615875,0.00042598509696355105,-0.0017011353102348303
2012-11-27,0.0007196307019592109,0.0007437709528446807,-0.0014708477042528873,0.0009384007659604131,-0.002435224269903168
2012-11-28,0.0003649057975366883,-0.00021897011145475618,0.0003165250446431663,0.0004741785553450385,0.0042334799609263256
2012-11-29,0.0007048586928678984,-0.00037657692028532277,0.0004964612105432224,-0.0020673727416850337,-0.0015793761103981806
2012-11-30,0.0014389544456465352,0.0012684475417039927,0.0001949056540990739,-0.0009875339886342598,-0.0027516362801383136
2012-12-03,-4.87186982460956e-05,0.0008039173129010323,0.0010604002480636974,0.0008035551659019066,0.002731276008082511
2012-12-04,-0.00043689851299939396,-0.00014562046478658455,0.000254713721349597,0.0002791516236229556,0.003888927548156951
2012-12-05,-0.001042727675835075,-0.00010921601117587898,0.00021836180210977018,0.0014667824943032592,0.005262374158241305
2012-12-06,-0.00016802890136635203,-0.0008517223900064254,0.00012041954182868531,-0.0009727218362436289,0.0031922930287048724
2012-12-07,0.0007683996055828751,0.0,-1.2025807382816319e-05,-0.0006603077273812791,0.0010217882181261222
2012-12-10,-0.000443387246099828,-0.000730919733223109,0.0005524994735659817,-0.00014384349852194725,0.0009716133743436059
2012-12-11,-2.385410827477289e-05,-0.0005606952768141969,0.0015648614229800857,-0.0007755684410258954,0.006179388698201019
2012-12-12,-0.0006306183242974085,-0.0002617832211906578,0.00040414606864272657,0.0006900900960383651,0.0038888112037773277
2012-12-13,-0.0011843010455964752,-0.001077465101426425,-0.00014221210960084873,-0.00016591412796841462,0.000830505707038854
2012-12-14,0.002419384711727688,0.0014833892818769648,-0.0006774947218438652,0.0004381835585480676,0.003480611554778504
2012-12-17,0.0007341709527035436,0.0001777093272454538,-0.0006990148914144662,-0.0010422095784436427,-0.0013612288670125337
2012-12-18,0.0019108323866765602,0.0003324310236246687,-0.0006404022893849614,-0.0016851403128555818,-0.005034862737274035
2012-12-19,0.002021519698472249,0.0013511495793038016,-0.001777163328610181,-0.00032269052466237376,-0.006161728533436946
2012-12-20,0.0008404471673376594,0.0012732428568698326,-0.00038321059088192774,-0.00015602964594912846,-0.0012465093364271897
2012-12-21,0.0014693295337516571,0.0013960463812346816,-0.0017722537747063632,0.00014560102917122544,-0.013450410445721416
2012-12-24,-0.00014585409754325947,0.0010698048626621459,-0.0009485820626642002,-0.0004984954053197868,-0.0010213139360898183
2012-12-26,0.0003550027886639029,0.0006611003889073791,,-0.0016168944456970906,-0.0032776727426457467
2012-12-27,-0.0006114562632419906,-0.00041594793910281017,0.0,-0.0004404801304564322,0.0019386585437966572
2012-12-28,-0.0009256440585409255,-0.0021434669027557583,0.000766623911187199,0.0,-0.0014993877262785764
2012-12-31,0.0015274581706613613,0.0027763482811071108,-0.00023111122026201088,0.0013315903575164077,0.006892360321352916
2013-01-02,-0.004178720976125717,-0.0018806116929911973,-0.0012534695884188116,-0.0007321742901818557,0.007915942416925921
2013-01-03,-0.0005283635263897281,-0.0002161201636518186,-0.00047999616924646797,-0.00022824330835635783,-0.00862988674749575
2013-01-04,0.0010270849214549101,0.001341414244903265,-0.001033755238032559,0.0003139565799689746,0.006575597547689425
2013-01-07,-7.185026408053414e-05,-0.0007664854623265705,0.002036929016386751,-0.0003473490713391629,0.006832265154277017
2013-01-08,-0.0007309109752349798,0.0005514926407611462,-0.00017939257721624893,0.0005751878506353241,0.0004299482933986854
2013-01-09,-0.001596188546165975,-0.00020265477827991857,-0.0007766619461636474,0.001119981053566176,0.0014318273753570713
2013-01-10,-0.0012097493024929506,0.00034408500425503133,0.001103091733695829,-0.00011868168399498835,0.005967682950780219
2013-01-11,0.00019095585397383146,-0.00044132469689398825,-0.0015953713812045514,-0.0013255078575375291,-0.00900081082843371
2013-01-14,-0.00044046308857704353,-0.0007855272958080056,-0.0006055029718107679,5.953337740557914e-05,0.006350665046616975
2013-01-15,0.00016699270042160172,0.0016698875513822078,-0.00029669892990663533,3.5780522280241976e-05,-0.00011877895250928273
2013-01-16,-3.569070435990866e-05,-0.0003093985792347306,0.0006796597193626867,0.00017844078489929284,-0.0027953745862132084
2013-01-17,-8.332589356961642e-05,4.7617347008451374e-05,-0.0010006791157035296,0.0008091578061136345,-0.003245284066174194
2013-01-18,-0.0005750362551084475,-0.001197848807026768,-0.0007908927913757901,0.0004792198392878564,-0.0002868548773047221
2013-01-21,-0.00028731504291877174,-8.377564886151487e-05,3.588109007129806e-05,0.0017107006678199585,-0.0003828804622195179
2013-01-22,-0.0012847967506105238,-0.0013686975113842356,-0.0003801061967439217,-0.00015476282627823615,0.006239395111101471
2013-01-23,-1.1862185133211869e-05,0.0015194865160746585,7.119211194413561e-05,2.372422955666945e-05,0.0019010509028395848
2013-01-24,0.0016812237542734286,0.0007273898354974398,-0.00014261435913070968,-0.0006673817432788014,-0.007506379894297796
2013-01-25,-0.00029835249972188734,0.0007158025645042227,-0.0007514178892828106,-0.0008119694285885014,0.0017087791170011057
2013-01-28,0.00038522192870642745,-0.0003370205012580931,-0.0014585432825747985,-0.0006140176813287344,-0.0019408874268284494
2013-01-29,9.559087114450152e-05,-0.0001911977348894121,-4.7870367055149154e-05,0.0006449994848618118,0.004880976313115072
2013-01-30,0.0010234367897709424,1.2027687737439392e-05,-0.0008273728985765065,-4.813825307217945e-05,-0.002712700559902161
2013-01-31,0.00027401666907618587,-0.0003808345082088864,0.0007639784547685434,-0.00017869800680138918,0.00459650162490088
2013-02-01,-0.0008171821882689302,0.000853444649023351,0.0003212660288809809,0.0024850025212899947,0.006766648561868872
2013-02-04,-0.0005908210220549213,-0.0006029901398735239,0.0009697715883728883,-0.0005675167747111238,-0.0035414199124260215
2013-02-05,-0.0006764414691058008,-0.00023729859393282639,-0.0012442307816252934,0.0019450182843795552,0.0034823018358744904
2013-02-06,0.002076622142581613,0.0010921567618130928,-0.0002496270466036706,-0.0010911722881211943,-0.009098422446561389
2013-02-07,-0.000947964048358367,-0.001836503718048914,1.1953643769700914e-05,-0.003282811493116628,-0.005923868904007776
2013-02-08,-0.0021291619387853863,-0.0005857635714968846,0.0005615527678587434,-0.00014370224918744542,0.0029483697469209575
2013-02-11,0.0017363506281421733,0.0009222717282764312,-0.0003967323731550187,0.0010762204181338235,0.0005626081223821035
2013-02-12,0.0018212014246895987,0.0015828719929200626,0.0006837279029411904,0.001437951464385132,0.0058705080955109065
2013-02-13,-0.0002736385014546659,-0.0007017418948358329,-0.0006062227162568674,0.00013087992974972294,0.005907210193432659
2013-02-14,-0.0003064917330165559,4.717092385127623e-05,-0.0037243990909824397,-0.001427602519544942,0.006048869102765365
2013-02-15,-0.0009221493826014059,0.00010639492624465744,0.00048222530264953106,4.7310403566513045e-05,-0.0059779102115867355
2013-02-18,0.00030736857280136984,0.00023641220942758728,9.485078792552687e-05,-0.0010170414434064285,-4.730928445599843e-05
2013-02-19,0.0003188869690833805,-0.000295349430055131,0.00035508001509332554,0.0014514218809825031,0.0007212235100428383
2013-02-20,-0.001207606873483923,-0.0007173344161834993,-0.001574484145055384,0.0007414760496139227,-0.013996729376748271
2013-02-21,-0.0005149484865928581,0.0006467840685409654,-0.0019189259906095444,4.791337263149123e-05,0.0005991037587232149
2013-02-22,0.00035919540616085693,0.0005746644955636188,0.000740652285679765,0.0027137383134116285,0.0035871046319385495
2013-02-25,-0.0008468764484082572,-0.0004178381117205413,0.0005721574065709117,-0.000214815080844617,-0.004552323552826983
2013-02-26,0.00040027898766564654,0.0016859421918999256,-0.0011655643190946231,-9.702261847409532e-05,-0.00818624251039342
2013-02-27,-0.0006309454684171818,-0.00032759635569056396,-0.0005101359258460862,-0.0010079115834113134,-0.0001694956298397703
2013-02-28,-0.0016760622498986466,0.00010856650010360499,-0.0004333485875649758,-0.00027760511454471084,-0.0020604569382146618
2013-03-01,0.0014320564590110671,0.0008126088221037348,-0.0003513682193307537,-0.00010915243147885394,0.0012489013111994026
2013-03-04,0.00019442723014594673,0.00014578853399013457,0.0010710418121574266,-0.0003038091615753254,0.004773394411466851
2013-03-05,0.0018242338144618612,-0.0011221923746396892,-0.0018728067965223412,0.0012665482227467763,0.005508261231745416
2013-03-06,-0.001105264535016181,-0.0011780263413061788,0.0005653353370874794,-0.00396254771600352,-0.005532434213604846
2013-03-07,-0.0008943679590605782,-0.0005558240839084734,-0.0006393823543213646,-0.0003144273819592793,0.0009181627725993168
2013-03-08,-0.0017208872306178943,-0.00038996807630620016,0.0009787869865647474,0.001159788438116532,-0.007283865366083575
2013-03-11,0.0011556124510809962,0.0005355599772592213,0.0005241633315394998,0.002719537412513308,0.007667994383301225
2013-03-12,0.000714887253957352,0.0006789607312319191,-0.0001699379730488057,-8.479041631118163e-05,-0.00298243495442459
2013-03-13,-0.0005830549815950618,-0.0013120651111444381,0.0007029451265095579,0.0008137536961692767,-0.008486613877318694
2013-03-14,-0.002279891016387826,-0.0006341386293164653,-0.00022001931369400223,0.0013539311807428905,0.00595792161372389
2013-03-15,0.0003638745400749092,0.0007646420209555057,0.0007792144938547974,0.0029183312369337965,0.006926487131060939
2013-03-18,-0.0008857665189120475,-0.0003397687178508524,-0.0006308383079519379,0.0016374457085447291,0.0035648068015254357
2013-03-19,0.0003274970160329681,-0.0004973766517481322,-0.0005218731723930931,-0.001079933367507814,-0.0017808149206623596
2013-03-20,0.0001336224439103822,-0.00031591353952251306,0.00048615078923911045,-0.0013735347579049088,0.001139117912802326
2013-03-21,-0.0009719981325310821,-0.0009359588861383983,0.0035485854980710136,-0.00036023920272374436,0.007036120678178143
2013-03-22,0.0005523468878796089,0.00018003852873137434,-0.0011168824531485706,0.0017390995849625797,0.0049546327505743965
2013-03-25,-0.0014361284452075126,-1.1971818339816903e-05,0.0009219846071030007,-0.000563046214612557,0.0001437039700695765
2013-03-26,-0.00019099232507659077,0.000585057179161123,-0.0018437378017053833,0.0004058150971163505,0.005135811398605005
2013-03-27,0.000107768298263247,-0.0004907681817388331,-0.0015527767957911598,0.0003830821398889785,-0.0028990887585284104
2013-03-28,0.0001554159471843429,-0.000430200049654781,0.0005968866570105497,0.0008244959391643781,-3.5843792755035285e-05
2013-03-29,-0.00031075202238883186,3.5856216575388025e-05,0.00040659157241402426,-0.000873012606497642,0.00010752752416288107
2013-04-01,1.1961364792012743e-05,-0.00026311068739956576,0.00011961579421198333,0.0008966948431127813,0.0020789531479360676
2013-04-02,-8.305697119735497e-05,0.000617056895610019,0.0007016834744126671,-0.0007122000158599251,0.004525271795368388
2013-04-03,0.0002842423184886729,-0.00022504515803717964,-0.0006528461354888736,-0.00040270046736324335,-7.12927756955217e-05
2013-04-04,0.001430666576869376,0.0008219912902890774,-0.0011230720782817929,-0.0005958623495969112,0.00016634190428531224
2013-04-05,-0.0005007033794791702,0.0006322734017578426,0.0006897536188220085,0.0025723793198493576,0.0016263158042960117
2013-04-08,0.00044928942088049844,0.0003188643731511284,-7.113640408485496e-05,-0.0006740098518700366,0.005914126358732225
2013-04-09,-0.002093551921408264,-0.0013414607457509985,0.001461488856992016,0.0007179469380764116,0.0069595603535757035
2013-04-10,0.0007134878746571403,0.00036266005696993913,0.001100084372715378,0.0012269438372040865,0.007889933100933456
2013-04-11,0.00038164187421480444,0.0005438524558229548,0.005528006768443994,-0.0005551636140321036,0.004831712807597969
2013-04-12,-0.0013030833722890323,-0.0009194974837900207,-0.0002091588336561908,-0.003043255014492698,-0.005041305151258361
2013-04-15,0.00016525608829233958,-0.000601851596847324,-0.0009542941010146406,8.261780418376889e-05,-0.017575806909230628
2013-04-16,-0.0011317953130438629,0.00021219408765421843,-0.00011834179490976545,-0.00023595200845635093,0.008278976230562752
2013-04-17,-5.907267713179583e-05,0.0005552700586295418,0.0008386834343697501,-0.0013832977891682998,-0.0053735315217354265
2013-04-18,-0.0015181708960170016,-0.0016607358502629323,-0.0017149112744876465,0.0010914182401177024,-0.004081880482191039
2013-04-19,-0.002239271099502566,0.00016594952801748386,0.0024185805880038223,0.0007351285027346688,0.0009745199478219755
2013-04-22,-0.0019005766842377912,-0.0009744157247888517,-0.0017014597390500282,-0.00013079744844708124,0.0025793889147300835
2013-04-23,0.00046447648976248254,-0.0009290802774225943,-0.0001434137249392792,0.0008569286774255382,0.0009848301370860258
2013-04-24,-0.0017881995468773326,-0.0010654419039888478,0.00113444347630899,0.0012319503092124982,0.005098460807924467
2013-04-25,-0.001055260571386192,-0.0010549142395397352,0.0018408761669583141,-0.00018771851663628808,0.0029454755260186097
2013-04-26,0.0005751950245745563,-0.0011148600245237295,-0.0022444324605883277,-0.0006104217969252726,-0.0024264423316314094
2013-04-29,-0.00029262183518820225,-0.00016387685861321655,-0.0003166096991098807,0.0013804239390990043,0.007626996514247229
2013-04-30,-0.0007706049630001726,-0.001506455269335848,-9.354427574311992e-05,0.002030315396221908,0.0009814116757858684
2013-05-01,-0.0026962604271907743,0.0017517978038364627,-0.0007002964874537929,0.0011900765527889515,-0.006843161891739859
2013-05-02,0.0013223142422606644,-0.0006723323698198803,-0.000389539109339811,0.0005897547970561403,-0.001423722273469436
2013-05-03,0.001089331106215408,-0.0013350042384182206,0.0001645490771333473,-0.0009955785425999114,0.0046050548934073844
2013-05-06,-0.0004234945420734326,-0.0006940482700950076,-0.0018069396071810867,-0.0005531657107705435,-0.0029327254288808325
2013-05-07,-0.0017656438816774575,-0.000674951624489079,-0.000871675320818172,0.0012564155883713446,-0.0081629254549629
2013-05-08,-0.00021463065723606616,0.00023854392899558434,0.0004883946802501586,0.00042921525803805516,-0.0039757708685774894
2013-05-09,-0.0003792907308888687,0.00085350535065839,-0.00017753895547216025,0.0003674400728808581,-0.0012017730571536398
2013-05-10,-0.0013742558278262687,-0.001567058350046021,-0.002038345569722336,-0.0019561443641054354,-0.011820709266600886
2013-05-13,0.0004715412837124612,6.04562025225864e-05,0.00027726711247219983,-0.0017058553675973905,-0.004449772157704025
2013-05-14,0.0020056529651605276,0.0011903895679661611,0.0,-0.001263700379597757,-0.005736455492011544
2013-05-15,-0.00010922396384630573,-0.0008735532330999547,-0.0012819966714579982,-0.0027709938611551635,0.0031882815169735537
2013-05-16,-2.4452568132190184e-05,0.00180882707804679,-0.0021930505043555554,0.002356921951044609,-0.007194100188051123
2013-05-17,-0.00022317277384801775,-0.001995328372893818,-0.0018882949869131265,0.0012268343639641795,-0.013366465503459306
2013-05-20,0.0007735329352057133,-0.0005035525121295236,0.0008728417698724895,0.00012272799809219623,0.008824273465706148
2013-05-21,6.153884025832132e-05,-0.0006767773353344021,-0.0011250108184858703,0.0004183637118201393,-0.0007466751881569781
2013-05-22,0.007938688692652565,0.004942218110678991,-0.0021154137863593375,-0.01394671332806668,-0.013486730225439808
2013-05-23,-0.0017532383832408647,-0.001594394004677851,0.001655474957834553,0.0014571321776524276,0.00831818904957648
2013-05-24,0.0009022538417126394,0.0011121959599775895,0.0011993448317181765,0.000345854077731856,-0.004045392788794172
2013-05-27,0.00012389424403190066,0.0003592421268605495,-0.00025932809471269404,0.0013865678482697353,-0.002186576286422342
2013-05-28,-0.004146362453074238,-0.0029711475560783756,0.00012330608284516871,-0.001138318134324339,0.00028440179983112905
2013-05-29,0.0015741256401725998,-0.0005415251449225905,0.0007801906289903901,-0.00230053432007108,0.0015072151499257687
2013-05-30,0.003471020492878962,0.0011426443521068267,-0.0007773315710397267,0.0022003297009140165,-0.002967177796660189
2013-05-31,-0.004802667621897879,-0.002914062403270789,-0.00041126876993427726,0.002046775161255581,-0.017385443320705258
2013-06-03,0.007339757336322554,0.004392805877459186,0.0015682735271669633,0.002347812582748195,0.017587579363931058
2013-06-04,0.00019988007262233625,0.0005862066982958424,-0.000972411032454745,-0.001912990787127359,-0.010250899527901501
2013-06-05,-0.0006758194567825172,0.00103771412164025,-0.0011870030818894447,-0.004668097321180446,-0.005578989490218026
2013-06-06,-0.0006553823508221198,0.0008816010444927928,-0.00010052271821899839,0.004515929759284586,0.0012034902666120295
2013-06-07,0.004024303077294165,-0.0008349463462781063,-0.0036161863569877744,-0.002086060190212569,-0.01234155580105321
2013-06-10,-0.0009154715317429427,0.00029216923157724273,0.00010164409329507311,0.00374558427731742,0.008660485117307628
2013-06-11,0.0026492454910910356,0.004387627042901768,0.0007800262535457835,0.0035978604771374893,-0.0027515217288495114
2013-06-12,-0.0035487933113076257,-0.0007159680004383347,0.0007929465931745378,0.00010049241290755962,0.009704274990959662
2013-06-13,0.001448786894602975,-0.0007121573044103151,-0.0004658688222859672,0.00013727606862899098,0.017920822553383925
2013-06-14,0.004525982753009933,0.002135236520293652,0.00016145758978883997,-0.005107086991022567,-0.0065055588453495706
2013-06-17,-0.0006949529325004167,0.00029786653317410587,-0.00012367665989850964,-0.003943060914852142,-0.006142823948830007
2013-06-18,-0.00012503907487379628,-0.0010007756846182572,-8.780567355733811e-05,-0.0021781864576340963,-0.0012130839453389243
2013-06-19,-0.0010229541810210057,-0.0008608375607231603,0.0010872758564886209,0.003351881872488172,-0.013340501561609965
2013-06-20,-0.0012393975016958823,-0.00233589183019684,-0.001231953957544914,-0.002392763359247702,-0.015566804216602954
2013-06-21,-0.0019127631033732974,-0.002533348475143986,-0.0010423973506960159,-0.0002587623411729143,-0.0020759334646687946
2013-06-24,0.0016400750103962357,-7.74523345812058e-05,-0.002308182100284112,5.161223727303208e-05,-0.0005545203219036357
2013-06-25,-0.0056681571119853655,-0.004644822396454467,0.0006295328175224815,0.002100187455217057,-0.001071223555778013
2013-06-26,0.00135323200490134,0.0009315324381114853,0.0012622849029774459,-0.001046679441509362,0.004882174338469833
2013-06-27,-0.001752355575338142,-0.003999366455212109,0.00014052748932422927,-0.0032056652274011924,0.0018743907300574967
2013-06-28,-0.0038218745277425704,-0.004171542737554375,-0.002089248822916505,-0.00020700451602508553,-0.007066530458207412
2013-07-01,0.0025590755004280645,0.0017752625746819937,0.001689048023672058,0.002219415011368387,0.010839970614162243
2013-07-02,0.0015601934709770777,0.0003347280365982571,0.0007184369175044077,-0.0009538787492711013,-0.007419707727396648
2013-07-03,0.0038846527824355557,0.00042574877595271716,0.0011514255012629304,-0.0004251563802067983,0.0008242749423474454
2013-07-04,0.002540194497168121,0.0007792987983103437,0.0035688190182095285,0.001197650709491714,0.007911869904416486
2013-07-05,-0.0038236024572427087,-0.002404872963848295,0.0007413941104768072,-0.004358096601779639,-0.0157051745714668
2013-07-08,0.0022469755545824763,0.0009631870675873871,0.0004913750842396752,0.0017939523006973576,0.01255559445343059
2013-07-09,-0.0006989230516114068,-0.00033056590640867826,-0.00030531632280120225,-0.0026858639228071707,0.0053148800866453395
2013-07-10,-0.0018788469154749617,6.398157332870334e-05,-0.0010045715203193305,-0.0004606643885529658,0.006629437538726596
2013-07-11,-0.0011497190842348526,-0.0029895770426539535,-0.0015839529899886828,-0.0009591100194932972,-0.006884315262518982
2013-07-12,-0.00033370554645909857,0.0018965611302772644,-0.0002418087304734171,0.00033370554645914573,-0.008794726118656719
2013-07-15,0.001360177802702419,0.000884485037440776,-0.0018829623142874378,0.0012174572029770426,0.0018830346751931494
2013-07-16,-7.630966465602655e-05,8.905229283726372e-05,0.002206338056501077,0.0013218772579156257,0.009286276901857755
2013-07-17,-0.0029312195647761517,-0.002578884924415951,-0.00010191602128684585,-0.0009241033374681183,0.00238089319937288
2013-07-18,0.0002662423708762211,-0.000988568177640926,0.0010042395001591989,-3.803028478800484e-05,-0.0005820353687523482
2013-07-19,-0.0005401229853145461,5.024368186751647e-05,0.001801813640706352,-0.0014333675269152851,0.0033988496858441846
2013-07-22,0.0015348231676408147,0.0017350856179166767,6.31165700140489e-05,0.0004021868966422302,0.007671270496651269
2013-07-23,-0.0005645854524568114,-0.000577497693504788,0.00025039437244280243,-7.530214991184901e-05,0.003007068872465838
2013-07-24,-0.001987347043537755,-0.0012965354115066774,0.0009812062074870322,0.0024521682527787665,-0.0020663881265624495
2013-07-25,0.0007959605424837097,0.0007958021856907194,0.0008731446232659919,0.0005592806553898574,0.010698890023456338
2013-07-26,0.0007056508064256209,0.0015105743053668514,-0.000519140216596074,-0.0025650094916756442,0.002403311282886026
2013-07-29,-0.0030679252238366202,-0.0007194780373380298,0.0020172400363111676,-0.0020796112272385863,-0.004867337669703566
2013-07-30,-0.0034554457598514883,5.002751514358479e-05,-0.0009633249213967524,0.0002633344425317723,-0.0057420487060748674
2013-07-31,0.0004904950954502732,0.0007051032135094094,0.00010010636309425285,8.801212058319989e-05,-0.002695132219871905
2013-08-01,-0.004268666034017261,-0.0026495118976131203,-0.0010698755559617416,-0.002096663262596895,-0.008939494545084392
2013-08-02,0.0011348350925598602,0.0007392113716333449,-0.0007119971820897528,-0.0019006198678930904,-0.0075132406590269684
2013-08-05,6.446663531513258e-05,-0.0002579580058673133,-0.0021032389927035117,0.003680590989822146,0.010619251412696491
2013-08-06,0.0024570506126284516,-2.5428793023777957e-05,0.000597588050765664,0.003541264465768565,0.006933008952296275
2013-08-07,0.005284959011177144,0.0009436752444528188,0.00015195259108404451,-0.00021337349856593628,0.006734456808874661
2013-08-08,0.002164543632373975,0.0012514863031326015,0.0008668396701061499,0.004053714070726603,0.005340098432329303
2013-08-09,0.0035118779789559693,0.0026648750578358612,0.0015855283317054158,-0.0005098266078261137,0.00477685075530094
2013-08-12,0.0014202601213800267,0.0007715953738630075,0.0004999625132265944,0.00022406732071886463,-0.0036572696152134634
2013-08-13,0.0013445337939005431,-0.00011314848235940643,-0.0004380393429365459,-0.0029553264506544615,-0.004047294905940256
2013-08-14,-0.0002865525874750376,0.0002493143867313573,7.510984818823689e-05,0.0010710372648830206,0.008140546764897595
2013-08-15,-0.0023816808958825653,-0.0009973197859625073,0.00028460239381847453,0.0023194054765932185,0.005130286709615452
2013-08-16,-6.170135313019028e-05,0.0004567027376627445,-0.00290728448097896,0.00014807685215666017,0.0038336018458098578
2013-08-19,-0.0023580985648529295,-0.001914301648568691,0.001559708270086858,-0.0009274775133258316,-0.0050203515813160736
2013-08-20,0.0007382336531870173,0.0005380885473176287,0.003120518357228713,-0.0021035241773394407,-0.013390689470496037
2013-08-21,0.0001903299692970528,-0.0011919103674435532,0.0005193061679817691,-0.00021571003579418926,-0.013878130050305219
2013-08-22,0.0009459771114258285,-0.0013793986477381526,2.5489396412275417e-05,0.0008940203410356553,-0.0018106014356401318
2013-08-23,0.0019395658114694733,0.0009646861338132916,0.0019471458696707585,0.0008978618665596244,-0.004233257164310906
2013-08-26,-0.0001525843985413564,-0.00021618459705361143,0.0011493226647307665,0.0001907268606418421,0.004722950789193614
2013-08-27,0.000256699867925715,-0.002026811033136805,-6.425702813450055e-05,-0.00043642899094624194,-0.008517437959148843
2013-08-28,0.0017928432969238936,0.0004128499607085858,-0.001431085741928421,0.00470540703361713,0.0015785120350601525
2013-08-29,0.0012479015648663666,-7.71366862461688e-05,3.850176787752986e-05,-0.0024329189635735682,-0.005567964594821883
2013-08-30,-0.0006062208764327901,-0.0007479624819973054,-0.0007976944481450942,-0.0015882344886403634,-0.0036688755499249648
2013-09-02,-0.0020745035676086082,-0.001946397858799331,-0.0011265010536115868,0.0018058290907072558,0.008810855678337531
2013-09-03,0.0022255486719550397,-0.0017427411571413404,-6.40028673502489e-05,-0.0030069438222297762,-0.004414961710078994
2013-09-04,0.0015453212782867267,-0.0003673373781750397,0.0003178983133656375,0.0013786389075134532,0.012414444788904392
2013-09-05,0.002002180256754831,-0.0005567576603093551,-0.0015753836902798648,-0.001038605828492449,-0.0012294590028520728
2013-09-06,0.000625257939261799,0.0009882227182275573,3.7792656891250765e-05,-0.0019896768647492836,0.014267157995290493
2013-09-09,0.0002991287896371782,-9.975186731297921e-05,0.0004371202587414505,-0.0016463167389708423,0.0018479446879981092
2013-09-10,0.0015874790946528718,0.0005329730726874218,0.0012966936134389448,-0.0010911211110917437,0.005808726910978854
2013-09-11,0.00014892956900012415,0.0006572217119724611,0.0024965700672636704,0.0016119835844345864,0.007352292858233398
2013-09-12,0.0020163775981218443,0.0009342118881824898,0.001671069996289884,-0.000282539664920285,0.0014271129225991407
2013-09-13,-0.0001839937692635302,0.0009444550767355992,0.0003448955493392416,-0.0018172223607716188,-0.0005656804302447487
2013-09-16,-0.0020231819598471646,-0.0005483491781168228,-0.00018283875501176245,-0.0015384054900340809,-0.0059906354618292175
2013-09-17,0.0002919352897512097,-0.001287924069016584,0.0013317940253882873,0.0014583994223439064,0.007425007137020916
2013-09-18,-0.0006453302061930877,1.2176485988050758e-05,0.00046139463415212573,0.0005966405661216417,0.013249222458629677
2013-09-19,0.0012038931300476139,0.0001073633355239087,0.0010100110771574136,-0.0009296117752861112,0.004449289115779043
2013-09-20,-0.00022694290094602386,0.00011943293257869208,-0.0017762099881817814,-0.0010756930292512795,-0.001612373822784356
2013-09-23,-0.0020298999184895053,-0.0002867554831765533,0.0009550757026507537,0.0003585171768127755,0.0029912915958290463
2013-09-24,-0.003144770786001724,-0.002333300137970648,-0.0032537205442221824,0.0025286910868768447,-0.011390657478906944
2013-09-25,-0.00041264139621395,0.0009460853395354123,0.0002672984646253478,0.001419257251121714,-0.004202017577970694
2013-09-26,0.00033816425443017334,0.0011339374171828165,-0.0006031581542857575,-0.0004227231890380371,0.0056148650624667715
2013-09-27,0.0009561676563466218,0.00041137326653944013,-0.0005791505953386338,-0.0003993006242212474,-0.0008692083508357856
2013-09-30,0.0016393248689992785,0.0009414832676894209,0.0015589032830547562,0.001660690169628176,0.0038030893080979256
2013-10-01,0.0008708905405652947,-0.00032699329955104275,-0.001383433903044649,-0.001851549840077105,-0.0033193548688671085
2013-10-02,-0.0016993595078082133,-2.426242236149393e-05,-0.0001094937133454072,0.0030809936915493254,0.005197447953080753
2013-10-03,0.0008435666496068825,0.0017348147858587332,-0.0007096933580686299,-0.0015792554261480226,-0.0024325638199542655
2013-10-04,0.0011556659004503768,0.0009036852898606164,0.00016871535349727738,0.0030992504926971435,0.0025408078019952996
2013-10-07,0.001266120595278957,-0.0003973246857118462,-0.0013289680708190594,0.0015292640237781984,-0.00210621410794252
2013-10-08,0.0005768329627696118,0.0012254609025748107,0.000566807981841709,-0.0008172782686323032,-0.0018812865826934454
2013-10-09,-0.0011201379061130494,-0.0009508278333984148,0.0016640343399165038,0.0005903365692173591,0.00185718990682892
2013-10-10,0.002612546540279003,0.001960073222812741,0.001151857345558939,0.001376097171633053,-0.0015675307370909134
2013-10-11,0.00028832638746585177,0.00044451653552533333,-0.0006483371580205448,-0.0007089514424898821,0.00411855252869618
2013-10-14,-0.00017944837617462134,0.0006218236373757256,-0.0002869509094512751,-0.0003111201547191664,0.005038881954376957
2013-10-15,0.0013851079255114214,3.5818543263690315e-05,0.000536132354132018,-0.0005132214305013109,0.004811174047961256
2013-10-16,0.0005105463550437811,-0.0007722329200524901,-0.0011166549033917745,-0.0018653507692953757,0.0031867231096626173
2013-10-17,0.0026810928572072656,0.0021516889647077877,0.0002246221333179071,-0.0011044921047140726,0.006449306720147379
2013-10-18,0.00020027449453446464,0.00042409321261868737,0.0017800835798859145,0.0008124672957862338,0.0026622390298329294
2013-10-21,0.001347677234356546,0.0018321193283438767,-0.00016532829513336682,1.1813697982929558e-05,-0.00476031067189681
2013-10-22,0.0018082975231525885,0.002018377300207681,-0.0006038468780487321,5.8656186778053794e-05,0.007737256267312474
2013-10-23,0.0003700321731477848,-0.00037011611323014665,-0.0008581236224526014,0.0008112042054846814,-0.013377295203030753
2013-10-24,-0.0022325188714282154,-0.0016568619470488832,-0.0008000143712838982,0.0019327389076750322,-0.0069062203212895325
2013-10-25,-0.0008421458372378335,0.0008780212612206086,-0.00019263647149544858,-0.00214465665297159,-0.007352753090659226
2013-10-28,-0.000325955081447152,0.0011462010726115827,0.0014315705809066642,-0.00010867530847314512,0.0012790811667604696
2013-10-29,0.0002662535717911906,0.00031452627763405206,0.0013322999887486287,3.6301813279749105e-05,-0.004459733885987114
2013-10-30,-0.0005457489326594065,1.2129371880693403e-05,0.00014492578617406678,-0.00010918553666442204,-0.0016851246312130845
2013-10-31,0.00014504315059160985,0.0017764247787885063,0.001644001579100213,-0.00047146717829816816,0.0022905907980971785
2013-11-01,-0.0013742697555439685,-0.0002795146186113449,-0.0020190669584411983,0.001119017327740511,0.0006534919695729653
2013-11-04,-0.0005676568606413752,-0.00097818415774981,0.0010976221301853,0.0006159532070319814,0.00328586048066799
2013-11-05,-0.0009148360553779588,-3.611520751603784e-05,0.0029622158789322024,-0.0010723861617527048,0.008227533424593654
2013-11-06,-0.0029659650699700476,-0.001858138822998515,0.0010235780895822722,-0.00031020700600731303,0.0015418729037613985
2013-11-07,-0.001524619290638894,-0.0006954770293279398,0.0009557945769449669,0.002519769514544609,-0.006710710752294561
2013-11-08,0.003772422156881293,0.0027039332609958226,-0.0013577897752496983,-0.000702459849395211,-0.008355215648840248
2013-11-11,-0.0013105207554567242,-0.0009220951624583873,0.00019381723095852386,-0.0008138723155677808,0.0015394035731124567
2013-11-12,-0.0005707936007489697,-0.00010926374457727638,0.00041392744686449335,-0.0031756680680862627,-0.005489647851280581
2013-11-13,0.002438803647587444,0.0010923259129878955,0.000523334014658141,0.0009448018436018355,0.009213191450087548
2013-11-14,0.002889074907247266,3.626845913843875e-05,-0.0008117719487890179,-0.0011715472404577832,-0.0019930310926924784
2013-11-15,0.0003126315182077854,-0.0004928743690907115,0.0008446761772605704,0.0012495496038917946,0.00809233480895721
2013-11-18,-0.00014355955951868643,-0.00045442044238927943,-0.00039365617624044773,0.0010642433218764399,-0.003577563631833194
2013-11-19,-0.002193154166108671,-0.0008026019106309807,-0.001426867309634312,0.00040783524021824243,0.007034897753197026
2013-11-20,-0.0016828342894136985,0.0008300003483737135,0.0005396233560012585,-0.003181070509122288,-0.012921241102855243
2013-11-21,0.0018900946405986474,0.0008655106748207346,-0.0011932013298973465,-0.00010964979086152551,-0.005215610100782154
2013-11-22,0.0008096073846622572,-8.583427858479898e-05,-0.005287002891762554,0.0017029413537984072,-0.0036793862096676806
2013-11-25,-0.0017084008645815243,-0.0005976739683553312,-0.00026820764308731985,-0.00025651204831148033,0.005514686291152197
2013-11-26,0.0015276227665690614,0.0016015554401039376,-0.0005240547330563437,7.326723004307869e-05,-0.005746652449550785
2013-11-27,0.0017595132042530505,-0.0003810905382003563,0.0013302337192615146,-0.0014639940118248561,-0.004896030539380554
2013-11-28,-0.0006405439915491333,-0.0001354638098190075,0.001176744720925485,1.2322023769266484e-05,-0.004759834582611786
2013-11-29,-7.359344531039277e-05,-0.0007115342450012088,-0.001083277018595208,-0.00026988897912706754,0.0013798543486429377
2013-12-02,-0.001636581620322846,-0.002148543235812534,-0.0010748617761161337,-0.0010884654325054512,0.0035348475788121087
2013-12-03,0.0016745950908782945,9.700379534946536e-05,-0.0003525943074311611,-0.00042445079736668656,0.005697882367877528
2013-12-04,-0.0007824152578904574,0.0009049331700773573,0.0005985866205276567,-0.0006851158847838385,-0.0035756456616561354
2013-12-05,0.0013207618312080388,0.00012239153065894388,0.0014895490154004916,0.0034648124747338215,0.0012176413359400956
2013-12-06,0.0023874313743742783,0.0007983839198929065,0.0003418636485726939,0.0014756579635754185,0.007806289489979962
2013-12-09,-0.0007859116677121196,-0.0012929812264817957,-7.249003265222418e-05,0.00010885538572761338,-0.0011350053742641628
2013-12-10,-0.00025252069902053194,-0.0006495303162071609,0.0009171766087117379,-0.0001322982003359688,0.0036058238691482267
2013-12-11,0.0013281913572997911,0.0004991326152869936,-0.002165589759496926,0.0016060937663486782,-0.0041858983283007065
2013-12-12,0.00014564520853002337,0.001019454680085535,0.0013506182336519908,-0.0005219935415608147,-0.0067560038888917215
2013-12-13,0.0003999297146543303,0.0007515516257550157,-0.002896753525700261,0.001089905165050318,0.005861062665495034
2013-12-16,-0.0019107053653169331,-0.0015963432624826134,-0.0006424359451731655,0.0003388722847004078,0.000338942019949739
2013-12-17,0.0009218155566273905,-0.00032742155817760304,0.0006407040710462021,-0.0003152623372501055,0.0015359035521219687
2013-12-18,-0.0025125793847241176,-0.0013963175915911396,0.000327350103856079,-0.0006200118122429675,-0.00850728124019922
2013-12-19,0.0013968365154565703,0.00023259087981363126,0.0005004485832507689,0.0002081331079949031,-0.0014880047629634427
2013-12-20,0.002571619769560826,0.0001827451988783647,0.0007835455836724321,-0.0005722530488619076,4.882216527280103e-05
2013-12-23,-0.0004387247803627357,-0.001340319440325471,4.882276118078409e-05,0.00023157317511090118,-0.0019019757013855924
2013-12-24,0.0002932945553781197,0.0007697712449019335,-0.0016865265225820916,-0.00043997409751199835,-0.001208902061323303
2013-12-26,-0.00046599466175698104,-0.00036782737050313364,,0.00038016985465684066,-0.0034270500965974753
2013-12-27,-0.0007452885283430858,-0.00019548431300637952,-3.666921314388278e-05,-0.0006357667928198732,-0.0009567735384696878
2013-12-30,0.003612403244893226,0.0013428883880544802,0.00019607362627460952,0.0007184826929470055,0.008029717495732632
2013-12-31,-0.0004249506817628809,-0.0009229910420743603,0.0007912307702458173,-0.0007775199934907109,0.000985515437378567
2014-01-02,-0.001959842135778766,-0.0010222087899527676,-7.332722276432921e-05,-0.0007435533659248873,-0.002330989162533064
2014-01-03,-0.0015901318823027324,-0.0017584433880236442,-0.0012330010628283966,-0.0003135060857915232,0.010658503357590096
2014-01-06,0.0009298787601013866,0.0013530820920549598,0.0014254481098366224,0.0005189069281899363,0.002779323634574663
2014-01-07,0.000495309669268604,-0.0004348613947854297,-0.000495076414891245,0.0007364704084651347,-0.001098722091610898
2014-01-08,-0.004222113224023237,-0.002193459071164659,0.00012084154063506875,0.0004834304316914841,-0.002176858444764312
2014-01-09,-0.0012971506937717043,0.0006062369844725689,-0.0009200969172113389,4.8521901582713283e-05,-0.002011756116896862
2014-01-10,9.657170456555293e-05,-0.0003137254927691798,-0.00010931284740488831,0.0006757409273447543,0.006987371425110451
2014-01-13,-0.0002151874530109686,5.9798240753545185e-05,0.00010799460037498342,-0.00033482810477236143,0.008767724937972149
2014-01-14,-0.0005353860558693392,0.0001783156310261577,0.0025454083420837067,-0.0008810363461605867,-0.0011351078077532079
2014-01-15,0.0010782705586640875,-1.1976693354962827e-05,0.0010643705970908302,-0.000527009234858963,-0.004145108484426005
2014-01-16,-0.0006967553109142394,0.0005405438002115026,0.00020455926574398245,-0.00015623591655124255,0.0018590375542299868
2014-01-17,-0.0011497244953590873,0.00030258468063089545,0.0013307043808245982,-0.0004966055297946113,-0.010746055607009709
2014-01-20,-0.00024203991356320262,0.00039951816220363536,-0.00015756334382022218,-9.683237113726815e-05,0.007281014071846749
2014-01-21,-0.0010815358862332229,-0.0015989904521959977,0.001023276620742697,-0.0008299703972537612,-0.00031284970233636753
2014-01-22,-0.0008189120970188435,-0.001119477212773218,-0.00030018671839164015,6.023697226697278e-05,-0.0007705088146964119
2014-01-23,-0.0012492494117165222,0.0006968390223467983,7.209632071563285e-05,-0.0003846986174251505,-0.002411673663766505
2014-01-24,0.0002183644511353492,0.00064285673180459,-0.003330409690673075,0.0005941950953646344,-0.007963533658474383
2014-01-27,0.0015275322418377112,0.0012366785848479268,-0.00010941517599411717,-0.003349070609193582,-0.0011427739037858035
2014-01-28,-0.0010161987784883164,-9.684409319125828e-05,0.0002899251047126056,-0.0009808849336620281,0.005192736999794072
2014-01-29,0.0005564089991505342,-2.4189939405377084e-05,-0.0008332880941569128,0.0007011181913074018,-0.0068849804779143025
2014-01-30,-0.0027726677068426585,-0.0017792616465291415,0.0006880536953307805,-0.0008111696034975396,-0.0035520547084745948
2014-01-31,0.002696152815596049,0.0014836064241492176,-0.001436667179824269,3.7052361165821625e-05,-0.011437269570318466
2014-02-03,0.0005914535142103536,0.00013542044992588266,-0.000789207627220946,-0.0016890333993311657,-0.003586671336157832
2014-02-04,-0.00014682131871919795,0.0003305886344350354,-0.00040492040186369577,0.0029689383120502064,0.018365808762745534
2014-02-05,0.00120703018208615,0.0002803356733313002,-0.001387790106477838,-0.00017060271543419776,0.00037703034324622906
2014-02-06,0.00048376369087597997,-0.0012449012032302478,-0.00042558625147630564,9.672466123691274e-05,0.0022955986833582413
2014-02-07,0.001159686531438027,0.0,-0.0002184280470295625,-0.00032602592798646016,0.00624064721908789
2014-02-10,0.0006651469312874868,0.0008101327488821413,-0.0005805445186696108,-0.00018135983654783846,-0.0014385273896916028
2014-02-11,0.0006729717966362992,7.205908848374812e-05,-0.0007930214531380961,0.0012726008392646014,0.004959615328604006
2014-02-12,-0.001633241626413112,9.615153489284591e-05,-0.00044281945060009213,-0.00033658701091910894,0.0011428916399382643
2014-02-13,0.0007663294394069041,0.0005507465148849934,0.0013085000336396282,-0.002156800145905132,0.0031691942686055863
2014-02-14,-0.0007894453958318313,-0.0008373206230835611,0.0007049279532980195,0.000729660740143868,0.0029560503828138626
2014-02-17,-0.0004905215778293993,-0.00011967591775805629,-0.0009089713701879584,0.00041875295982296416,-0.001648942899613301
2014-02-18,0.00016854270791713581,-0.00018057386422977762,0.0005771658910899348,0.0005896758758774321,-0.008056668081975185
2014-02-19,-0.0018154607659003788,3.607308407229437e-05,0.0007079306523648955,-0.0008547677899785125,-0.0027524282189065746
2014-02-20,0.001351938789277409,0.001194231641900172,-2.41370987218367e-05,-0.0009775584748935042,0.003644134207836951
2014-02-21,-0.0012082403451382918,-0.00021753054577173516,0.0005905001949111323,0.0010754053441278451,-0.0024601445079625163
2014-02-24,0.003896905452274142,0.0020702196770690674,0.00016903109004913066,0.0005040443665748883,0.006371097588027198
2014-02-25,0.001955996711631847,0.00037216003310784596,0.0009489547195887055,-0.000947520625489282,-0.0003241977634735493
2014-02-26,-0.0013494790890641174,-0.0008314205116820869,-0.0005635931007101501,-0.00018087216607548214,-0.0023204795647926526
2014-02-27,0.0022560843245915405,0.0018159666647308557,-0.002433309961145269,-0.0007753279130694249,0.0066942844919155396
2014-02-28,-0.0008816136482481538,-0.00016673812624968932,-0.0015925841255322484,-0.00025032930354397867,0.0022811563764879015
2014-03-03,0.001410538629202756,0.0011474333416941326,-0.0008606778368848172,-0.0005137794565394587,9.569492465345002e-05
2014-03-04,-0.0008108753127348343,2.384102802620248e-05,0.0008709918522294692,-0.0007757165324208874,0.00373689389546725
2014-03-05,-0.0008550257028596352,-0.0006531484957429098,0.00014269067065054384,9.503896604758898e-05,0.0023091674646158857
2014-03-06,0.0006367924743486773,0.0006015747284129976,-0.000366471416375975,0.0005303508100198593,0.007273448557405989
2014-03-07,0.0003431445086177004,0.00023673682078319852,-0.0002586774541750255,-3.54922479052009e-05,-0.0006966214144479978
2014-03-10,-0.0006034753261166082,0.0004973651591663891,-0.0007324795942068808,0.0015611882391738234,0.0003188304852567397
2014-03-11,0.0004710204745476314,0.00035319880750502117,-0.0008013859691377465,-0.0007066139355627733,-0.0015360441619759386
2014-03-12,0.0016178080463007454,0.0009565592939918643,-0.001275344693014295,0.0011674460792586376,0.00709331468662767
2014-03-13,-0.0015247187753218234,-0.0011516784949367458,-0.0005951860131937181,-0.0021805427344823327,0.002755387937034559
2014-03-14,-0.0013336766992394352,-0.0009123768047023427,-0.0011594204197348191,0.0005383643217901721,-0.0006207652008639051
2014-03-17,0.0012022388767373242,0.0005952832731945918,0.0017510890408577635,4.6659745479495844e-05,0.004225910732014102
2014-03-18,0.0005793675785751676,-9.276222728755731e-05,0.00046715329316731496,5.79183004614676e-05,0.006717568293587797
2014-03-19,0.0,0.000498871748102183,-0.00031367811074449264,4.642310014282449e-05,-0.010321934878891496
2014-03-20,-0.0011732821563937364,-0.0007035977587510063,1.1706106490610229e-05,0.0019234609451062301,8.2061862967539e-05
2014-03-21,0.0008427854556511701,0.0006318745822219634,0.0002920373127624119,-0.00022233273941164,0.0003281801269508077
2014-03-24,-0.0003630593056258914,-0.001335176230770121,-0.0016063318711234996,0.0004801470981864004,0.0012295299475723795
2014-03-25,0.0004442522022630453,1.168640695586991e-05,-0.0006780612385396869,-0.00022210143112939192,0.002886375865276773
2014-03-26,0.0001394197815692548,6.969936344070093e-05,5.809866316611065e-05,-0.00020913696223464137,0.0030293167594465345
2014-03-27,0.00040345124262694657,-4.610525831287663e-05,-0.0003805767513541813,-0.0005187529296183055,0.008191306525280929
2014-03-28,-0.00027701790405347624,-0.0006572688985212167,0.00019565305022224445,-0.0011550679886593296,-0.0010621227288332015
2014-03-31,0.0010063214021637373,0.0012718970321918893,-0.0001617095007855515,0.0025863377346926415,0.0018354241922271825
2014-04-01,-0.0016973913905781726,-0.0005424464467158454,0.0007373527068869878,0.0010164715454628504,-0.005725173369060821
2014-04-02,-0.00011678968526769427,-0.0005604268731254384,-0.003030058141259969,-0.0008062207962593077,-0.005559834732801689
2014-04-03,-0.0002344500983706628,-0.0003516174438478537,-0.0009857304590880271,0.0009257578105487806,-0.004055567931961681
2014-04-04,0.0003608028484369519,0.000605376224874937,-2.3424415269076617e-05,-0.0005470746194889143,0.007316123950149648
2014-04-07,0.0018031542626766061,0.0015008641510563393,-0.0001975400460766073,5.811216812323491e-05,0.0023733636102860915
2014-04-08,-0.0009917775541071882,-0.0005998592817754485,0.00245835068149273,-0.0020674408643803445,0.007155707022649319
2014-04-09,-0.0016042197874114766,-0.0008423288003303041,0.00012648548595922256,-0.0005892445708698447,0.005155481049985723
2014-04-10,0.0009198786408927921,-0.0003219167872912169,-0.0013745549179735935,0.00025281835136210535,-0.004820949938356817
2014-04-11,0.0017850669533349102,0.00040307953304826176,0.0003804275821290533,-0.0005869929441652257,0.00207390071222285
2014-04-14,-0.00019619270803098053,5.7700407957870576e-05,-0.0024876354270831737,0.0003692719614530113,-0.0005182689932021813
2014-04-15,0.0017024829086505712,9.262475403158018e-05,0.00021982217631491473,-3.4715592511780344e-05,-0.0038898203981054228
2014-04-16,-0.0002676862035386263,2.3278822092676116e-05,0.002175013797024098,0.0010005468939363125,-0.0023504494619791647
2014-04-17,-0.0008845335244608003,-0.0010120457563960426,-6.954425335455031e-05,-0.0001746714725170471,-0.0063611152785225415
2014-04-18,0.0004077804566559311,0.00046597780458964097,-0.00012817151696892993,-0.00018639329038129177,0.0010843648492420625
2014-04-21,-0.0002100693236489825,0.0004083894925636641,-0.00030319992768901424,0.0007233864132127705,-0.00021001295157062807
2014-04-22,0.0011146849266766687,0.0009288070142481092,0.00017475897868728034,-0.0018468727481218891,0.0043313296878739645
2014-04-23,0.00046675535865727625,3.499174778302621e-05,0.0005356311259871576,0.0012475007884509615,0.001439617589056676
2014-04-24,0.0011679924707521387,0.0009107043409184609,-0.00045399252274160154,1.167303820003673e-05,-0.006354548110535793
2014-04-25,-2.3302690296694312e-05,0.00011650937913680654,0.0002215937263053886,0.00022135363663721268,0.0011202129575837408
2014-04-28,-0.001077649423147451,-3.5160301678986956e-05,0.0007583049332368138,0.00035153503994540635,-0.004686093474096028
2014-04-29,0.00033954466216615204,-0.0002223821822515732,0.00014077237130853237,0.0001287626496449116,0.0013110457466231735
2014-04-30,0.00043177641654574026,0.00043200831995979754,0.0007243244822911495,0.0015272251194931102,0.007888415166670309
2014-05-01,0.0018233874755231823,0.0007318305964626368,0.0004521450883063137,6.9617682919515e-05,0.0014613103361244863
2014-05-02,0.002344149984911761,0.00037153572395018977,-6.948706964246857e-05,0.002766445610749074,0.003955683059423081
2014-05-05,-0.00014996914124621222,-0.0001730532950781312,-0.00012702151877070988,0.0005997416677275453,0.002041087673899745
2014-05-06,0.00012538113030413953,-0.0006616850392579589,0.000149025317384522,-0.001916627323663977,0.002990673634809401
2014-05-07,-0.00019602303910008908,-8.074888830477064e-05,-0.001668594567776781,0.00012684282461370423,-0.0060134273323959936
2014-05-08,-0.0016781537307557297,-0.0016448134181303844,0.0011320058502178446,0.0008799352194489825,-0.0014338080460127424
2014-05-09,-0.00047534303850843714,-0.0003130380366773734,-0.0009950825235331725,-0.001752604690842492,-0.0031639544500030523
2014-05-12,-0.0009849534681573898,-0.0003244495972842136,-0.0014964939597868218,-0.0018218217449337824,-0.00025523522384631684
2014-05-13,-0.0008542076012887838,-0.0001732151625335795,0.0003824778817944437,-0.002312326883265129,0.0025609989140634574
2014-05-14,0.0005884287392228784,-2.3077899450681513e-05,0.0005781483227075735,-0.001893437037423209,0.0027045161072436663
2014-05-15,-0.0021640646555086303,-0.0009259795788674126,-0.0008301721930971667,0.0005211922680394179,-0.0022879603232444155
2014-05-16,-2.31717490045529e-05,-0.0008805061161593268,-0.00033605071205566206,0.00027802555697302884,-0.002142481580641233
2014-05-19,0.0003008702114901013,-0.0003586489385992423,0.0001736462829588638,-0.0006597184283347238,-0.0008576230461341361
2014-05-20,0.0007232429594935045,0.00017490161828578174,-0.0003379815540865254,5.8303258585639366e-05,-0.006175694910695395
2014-05-21,2.3405226388113433e-05,-0.001216715953368388,0.001842824007021527,0.001087738488624005,1.1666229183320139e-05
2014-05-22,-0.0008170125807534991,-0.0010618994994042077,-0.00026821375630886065,0.00045527506988050735,-0.0009570830708287428
2014-05-23,0.001135053978412366,0.00022237697670652456,-0.0007364502264570607,-0.0003392110451568626,-0.002139238288717399
2014-05-26,0.00047976504135256655,-0.0001052970254563892,-0.00035119758737035687,0.0006081515888271272,0.0011231618182577252
2014-05-27,-0.00014042807180223826,-0.00035119758737035687,-0.0006425271396700466,-0.0014756865790467222,0.001273729218487325
2014-05-28,-0.00021229419337164365,-0.00044780693199254876,-0.001941051482616984,0.00011794678254860798,-0.007866901858562893
2014-05-29,-0.003071799771335766,-0.0022802332645093224,0.0019549197172080974,0.0023401499865142285,-0.0007300301756021037
2014-05-30,0.000601227228946836,0.0,0.00025918333831849243,0.00041239786373249715,0.0009183385782441507
2014-06-03,-0.0006385922805441717,-0.0007689077748690457,0.000590611654579795,-0.0027363687359818006,-0.002002216138072905
2014-06-04,-0.0003089316929074655,-0.0005467273749459039,-0.0002614658742507476,0.0007840249388915729,-0.0015666543272699488
2014-06-05,3.5493927584280735e-05,-0.0002484134085040115,5.9263824786130356e-05,0.000792369640482862,0.008927838884305529
2014-06-06,-0.0022188185974455423,-0.0008233744701548858,0.0005044787258036659,-0.0011171411758206138,0.0005649119240721695
2014-06-09,-0.00032971432907451703,-0.0003296832715601632,-0.0007983282492137221,-0.0008483363690974313,-0.0007767996247681415
2014-06-10,-0.0005522817011996639,-0.0007638207860327443,-0.0008811970750505562,0.0003995534455881122,0.0037020321166463736
2014-06-11,-0.0013103248438125316,0.0007955542975897253,0.0005495501427410505,0.0006787754216235246,0.010235312761532814
2014-06-12,0.0002074019457128301,-0.00048374279648270716,-0.000888514566049338,0.00018432118017723702,0.008486581169430296
2014-06-13,-0.00041612243847138116,-0.0001271595449402728,-0.00021917302644560197,0.0002889922859173445,-0.001855341551964976
2014-06-16,0.001497937735441305,0.0017979604912650245,0.0005534289676837254,-0.0009330669202071001,0.0008532915661357821
2014-06-17,0.0002197408223679195,-6.937218178285153e-05,-0.0009239796457877143,0.0006358197954150498,-0.0025736178131977394
2014-06-18,0.0001729714774346654,0.00019608182441985492,-0.0002076771320330443,-0.00042671711033445085,0.008423234272675297
2014-06-19,0.0003094041702570885,0.00021780124003526046,0.001077944670505236,-0.0007564903793630224,-0.0017776966885454414
2014-06-20,-0.0002763703380095614,0.0,-0.0009530098031622106,0.0004835979783133717,-0.0017578634427525392
2014-06-23,-0.00022930520623285023,-2.2936831965838024e-05,-0.0007097232377398738,-0.0009636564622388321,0.002077988429057055
2014-06-24,-0.0011396537377206459,-0.0010239124701668433,0.001400849924800521,3.4554051178041224e-05,-0.005716240096444938
2014-06-25,0.0008255745091208966,-0.00025224729541204534,0.001555380488805124,0.00022920534607215594,0.0069540909788773425
2014-06-26,-0.0007878646422260709,-7.995933500941867e-05,0.0002281438228548296,0.0,0.0052210490986178484
2014-06-27,2.283496032526791e-05,-0.0003653969164616111,0.0005707436945068742,0.0010612502065837695,0.0
2014-06-30,0.0004803128987735273,-0.0002630901670927137,5.7224934063809954e-05,0.0006057800746455434,-0.0015057666853822175
2014-07-01,0.0005807829344747197,0.0007287966069141394,-0.0004681995529148405,-0.00201710619449205,0.0011409404868150624
2014-07-02,0.0002855951536778332,0.0005141476402486585,-5.702652305130348e-05,0.0007535795382996291,0.00022803197107035297
2014-07-03,0.0019356876874112388,0.0007101134189136257,2.2831571498156418e-05,0.0022859242798292157,-0.0029570451117697915
2014-07-04,0.00048052171853046297,6.863496496576064e-05,-4.578702167672842e-05,-0.0006178560591981406,-0.0008121479470678301
2014-07-07,0.0004684509783172639,-0.0003883761357416879,0.0009958279070975758,0.0002512735011050699,0.0004916336627977107
2014-07-08,-0.0007847910185950982,-0.0005571189138160297,0.0029263592291641823,-0.0006715420108388491,0.004129314835614102
2014-07-09,0.0004659594017741407,0.00021590295814106561,0.0004656947738936014,0.0005679494904815932,0.003817535738909512
2014-07-10,0.0003180228094589274,-0.0005677366762767079,-0.0001021062245976642,0.0005903455963647886,-0.000317571938383374
2014-07-11,-0.0003290313460403444,-0.00048784639479030153,0.00018135654746829325,-0.001124061271823839,-0.000555993682803018
2014-07-14,0.00014765428479798995,0.00012494391738148087,-0.000124823403415355,-1.1357247911788142e-05,-0.0006813381744806375
2014-07-15,0.00017042259163116468,0.0012262974172164592,0.0001706222597940167,-0.005193870166049228,-0.004748168581781625
2014-07-16,-8.03494051705076e-05,-0.0005279406992738588,-0.0012074032525823408,0.0009064259330610905,-0.00579200813373632
2014-07-17,-0.0012317469914684186,-0.0007368772857119181,-0.00018410908515266688,0.0003685319800781833,-0.0054216896262051055
2014-07-18,0.00032308686702157296,0.00040376307731465106,-0.00010365021516694669,0.000426776173912262,0.002835377241006203
2014-07-21,-0.000494602516452467,1.1502780797488441e-05,-0.0003449306723555838,-0.0003452164541429717,-0.001081678317705168
2014-07-22,-0.0011764300169993984,-0.00042698302525700046,0.0003000646315563283,-0.000369361470564324,-0.002051495544661142
2014-07-23,-0.00028795042844430904,0.00012669089167039016,6.905362016353407e-05,-0.0006683644909378481,-0.005773641331485004
2014-07-24,0.00029124460675245803,-0.00045439982139827895,-0.0003145185271513443,-6.98909701150538e-05,-0.006250784237883437
2014-07-25,0.00037423399416985486,-4.67710440550643e-05,-3.5083821099638026e-05,-3.507848812067949e-05,-0.0015892866748401652
2014-07-28,0.0002340221395624803,0.00030426794537888725,0.0005624626637932477,0.00031584304033385594,-0.0006315346501387458
2014-07-29,-3.525036572620016e-05,-0.00046991930000911267,-0.0003289087307931307,0.0001879875933725081,-0.004960868648779791
2014-07-30,0.00037730065414049,-8.252819226675663e-05,-0.0003056486240217378,-0.001321175566411249,-0.0024366569838247614
2014-07-31,0.001143483741542158,-0.00047140905035541314,-0.0002708862117817372,-0.00041244646145884413,0.0014956575730878912
2014-08-01,-0.00036406983496370583,-0.00109319818343275,-0.0001650126120525514,0.0010566109602620402,0.001317151380565997
2014-08-04,0.0001761607530144193,0.00021141649127360664,0.00032912136647373394,0.0006339218844894291,0.0019140334986627126
2014-08-05,-0.0030641250565721224,-0.001943108760067058,0.00030504974893967465,0.00020063376733586835,-0.007099116822601946
2014-08-06,-0.0011830260817343888,-0.0001419698316493263,-0.000544778430773736,0.00036688778971092137,0.0009919581356842603
2014-08-07,0.0005194498670607163,0.0,0.0005672619129389034,0.000648933117770803,-0.000767500524742826
2014-08-08,0.001735670823661588,0.00031891333505194315,0.0013006516915232708,-0.00011797739566782092,-0.0006735240330471466
2014-08-11,0.00016548854620611076,-1.1821937970510389e-05,-0.001169597685445128,0.00015364341756820535,-0.0007092366547091548
2014-08-12,0.0004623948578715352,0.00027258774827596026,0.0004986465411771982,-0.0001185424027562236,-0.0030673235913261806
2014-08-13,-0.00022442844665696886,0.0003662030105010802,5.929615466191336e-05,-0.00048446464651119114,0.0030909729190952097
2014-08-14,-0.000952845963973377,-0.0011879908475151903,0.0013779865912946624,-0.0008124003343199166,0.003552862844561722
2014-08-15,0.000906826581519019,0.0002590948183754174,0.0007185643159173601,-0.002121141497626906,-0.00010604891221426094
2014-08-18,-0.0012389747595122564,-0.0009084313667801182,-0.0007075889203774049,0.0001652853537327545,-0.0012495433720220524
2014-08-19,-0.0007699825653614169,-0.0001539892092144868,0.000675127500370603,0.0010778096636803237,-0.0066630225264319096
2014-08-20,-0.00041695208633356595,-1.191263275157329e-05,0.0001190944062765182,0.0020354605559920326,-0.0066001335640584365
2014-08-21,0.00046505805120301586,0.00046505805120301586,0.0005732575516467078,0.00213172720791734,0.004591348916049898
2014-08-22,-0.0005227329547706695,-0.0014975756340769894,0.0002139113702049701,-0.0033567463967621477,0.0
2014-08-25,0.0009466690541083548,0.0013295564714226092,0.0003230379956665133,0.00035925992841950486,-0.0008628748647840599
2014-08-26,-0.0010916704239806142,-0.00025187255382008315,2.400873918232648e-05,0.0005639785837630993,-0.0009236213809207654
2014-08-27,-0.0003105219181765381,0.00035855574133091624,-9.55680325658098e-05,-0.0007886812702679134,0.004884306934015428
2014-08-28,7.16717434459063e-05,-3.5822820334580596e-05,0.0005481868262600249,0.00047768039313792593,0.0008833290139144248
2014-08-29,0.0012056463903349014,0.000644922452516612,-0.00021458715897427208,-0.0010026140418072083,-0.0027001856354257818
2014-09-01,-9.542440009155448e-05,-0.0001192634292035075,0.00021468697528881985,-0.00047725863550866554,0.0028568545043503664
2014-09-02,-0.00434054030357943,-0.0016209696945956185,-0.0014983790345271745,0.0005300502467161973,-0.007103400076406508
2014-09-03,0.0002882709767124633,0.0008408408903813198,0.0009367794689676135,-0.0008049643907539742,0.0006969981294981457
2014-09-04,-0.0007198474234370827,7.198128489695465e-05,0.0005165940946843506,-0.0009606033327137056,-0.002646363398322039
2014-09-05,0.001956701123076818,0.002171162784389784,-0.00010864644646274284,-0.001788490523009323,0.0031267688697714435
2014-09-08,-0.00047015425541907155,-0.00030130828283372256,-0.00024042507268461693,0.0005545175237021243,-0.0034129931765641704
2014-09-09,-0.0026567529259399277,-0.0004850601569689001,0.0012960351622452676,0.003480246765998171,-0.0038611722252736157
2014-09-10,0.00046209597825934824,0.00031601721341346386,-9.741129491678784e-05,0.0013121607578442987,-0.005740571820150685
2014-09-11,-0.001966905324756437,-0.0006721456976036685,-0.0025555915916079296,0.0008800880656072492,-0.0016968502481417387
2014-09-12,0.0015203906898944599,0.0005029224808083237,-0.0016873307502687904,-0.0011523422014861869,-0.004948261673560972
2014-09-15,-0.00011015574809937802,0.0006486314715758082,-0.0006392997426947992,-0.0006734378028618826,0.0032954206366699545
2014-09-16,-0.0010910407035199026,-0.001238314334483528,-0.0013971104151282348,0.00011038407536958924,0.001991582255092595
2014-09-17,0.0005995093990542391,-0.00022026970891093995,0.0003421477133920149,-0.00221630482247447,-0.012244173722695383
2014-09-18,-0.00014781055640638202,0.0007759433334888331,0.0015635487115857668,0.0035291622599121063,0.008587862519585
2014-09-19,-0.002849389677942152,-0.0007124694737978315,-0.0012423355042254225,-0.0012183792142895168,-0.004432364693543183
2014-09-22,0.001134290203975472,0.00036997299619164533,-0.0015761220816840292,-0.0007272772417776253,-0.004686038425403
2014-09-23,-0.002663975357007862,-0.0007435313121367046,0.0009234349973168109,-0.0007447033322109893,-0.005687101932611258
2014-09-24,0.0008686804050763876,-0.0019249045043941142,-0.0006563996099123672,0.0013016073587179186,0.0011028570068072428
2014-09-25,0.0025952116560162353,0.001209570875861496,0.0010687187081115956,-0.0008181503964976377,-0.01779335228496319
2014-09-26,-0.0011410171503024467,0.0006470726533084768,-0.000303482463572025,0.00031707982433090036,-0.008546248958989514
2014-09-29,-0.0008488418962989074,0.00019282064526108525,-0.001870449388550409,-0.0008881966974034741,-0.012500242732042727
2014-09-30,0.0008732727734297681,0.00014122027176285788,-0.0038606608493117274,0.0005903112138054455,0.005840950642065861
2014-10-01,0.0032212733977838013,0.004860292382523773,0.0015937077634844733,-0.007146821408111182,-0.003937290667854947
2014-10-02,-0.0024761131345792937,-5.079687600308848e-05,0.0028663853730450817,-0.0012849138903745067,0.014783715364534333
2014-10-03,-0.0014666720757999753,-0.00027017117437932027,0.00026709911443729533,-0.0019073153882523508,-0.01685476198296955
2014-10-06,0.002379866178468558,0.0010422498096596974,-0.000964016552912269,0.0009760358312155515,0.008924852469928623
2014-10-07,-0.001539704960832595,-0.001808203622649358,-0.001224162048285252,-0.0006751635617209182,-0.0014052481936383547
2014-10-08,-0.001370293034466792,0.0009988475667182172,0.0007808050368205321,-0.000538385625290056,0.009516974511702143
2014-10-09,0.0016554725983723175,-0.0003916935742840733,-0.0029023220086545633,-0.0005178304284247004,-0.004378262925232551
2014-10-10,-0.002016541422572997,-0.0014171089523714135,0.00099675424205634,0.00012774981493653226,-0.006174749155558262
2014-10-13,-0.00057044705579958,-0.0007224563830188452,0.0005725008902908473,-0.0034677049477391452,0.010079535872867687
2014-10-14,-0.0008142286905656796,-0.0008527048439954926,2.5422651583938767e-05,-0.00030550676171316556,-0.006270250939366983
2014-10-15,-0.003914591252421994,-0.005662593558829543,0.0007785726986653917,0.0028301428907179602,0.01717768463971501
2014-10-16,0.0008346929194258876,-0.0008840058667494957,-0.0019382534103507783,0.003986783307934502,-0.004714054701123053
2014-10-17,-0.0005550019693668674,-0.0017413253611413442,-0.0009695596818328823,0.0016892747701295584,-0.002561176260141639
2014-10-20,0.0018089320930446686,0.0017074491599728026,0.0009186145925495447,0.00015059673986516945,0.004617609191255782
2014-10-21,-0.0006381261829497449,-0.0006377511361172557,-0.0011137461184682535,-0.0011521604280188137,-0.0009042273240619795
2014-10-22,0.0009315207118706431,0.001156854491114929,0.0009284119804700402,0.00025161347271270826,-0.011067426490809846
2014-10-23,-0.0018629583032510582,-0.001504449884698903,-0.0014764095390199688,0.00019155987262370146,-0.00747252300764372
2014-10-24,-1.2710275622487287e-05,0.0012320825656620018,0.0008548917551503391,-0.0017937680926506491,0.004724639437489744
2014-10-27,-0.0005199845390059838,-0.00016497357287695533,0.0006346385946334037,0.0004565862646858149,0.003849994908191609
2014-10-28,-0.00039100191584550396,0.000580544213387406,-8.871483888239366e-05,0.00015137371676591588,0.0037594267171995183
2014-10-29,-0.0009541146916759623,-0.0009289247736840313,0.0011336584367968416,-8.792478668207104e-05,-0.013047478352376199
2014-10-30,-0.002604733402351845,-0.0012898695955216844,0.0011398785790792914,0.002069019103825434,0.0029141869853165922
2014-10-31,0.00017972220131040292,-0.0006678568465959692,-0.0013362265682924366,-0.0015158135625975072,-0.005990954706586922
2014-11-03,6.472785176991532e-05,0.000530534882171821,-0.001197165564210424,0.0005176720404467533,-0.0056746521799316465
2014-11-04,6.433143557814909e-05,0.0010806361366543006,0.0007986294912645278,0.00043734404237000225,0.011547442726496129
2014-11-05,0.000959680526001112,-2.5934618827381325e-05,-0.0006972060397075401,0.0014377961454392141,-0.014215319721703003
2014-11-06,0.0003885054245372309,0.0008806465550496848,-0.0002969485332551949,-0.0014122923589469309,-0.0024279892735615933
2014-11-07,-0.000814990698590504,-0.0006213351137718693,0.0013252434800408107,0.0010347950735824475,0.007421208366590735
2014-11-10,-0.00023165426990932102,-0.00041198357798227466,-0.0007683639349440027,-0.0010817633796279657,-0.0010310873728877166
2014-11-11,0.0022214384275715177,0.000732116169439627,0.0007884448012411438,0.0004744654338358521,0.008653838431735885
2014-11-12,-0.0002660669617545087,5.0664336117964876e-05,0.001068036567342394,0.0007220171191039395,0.0051387771119078786
2014-11-13,0.00016447888697533361,0.0006073182027852602,0.0016290453484227206,-0.0007466984254956657,0.0008390755405968015
2014-11-14,0.001801733704006745,-0.0004562448593178843,0.0003936932926145541,0.0031894723911830535,0.0043493490658565
2014-11-17,0.0016914497481489315,5.047764472391396e-05,-0.00021485399489902299,0.0007564392246625116,-0.0007567349770866017
2014-11-18,-2.519145505982472e-05,0.0006930574822043043,-0.0004399444483980909,-3.778837252222543e-05,-0.002589840435378204
2014-11-19,0.0015270869971106844,0.0015655331418420687,0.0024056372217661198,-0.0010305278868254525,-0.008371119784008821
2014-11-20,0.0014113431079418202,0.0008773324571771296,0.0008290129481952422,-0.0025061872656829765,0.002624305619660394
2014-11-21,-0.001874913454468235,-0.0010390269561215593,0.008009979203029503,-0.00012681021600100526,0.0022620706312397112
2014-11-24,-0.00096628192434323,-0.00043242143957933566,0.0009398138844373635,-0.0011709603211501364,-0.004076998579227361
2014-11-25,0.0018448771471398964,0.0021124739795796584,0.00017960000561418994,-0.0010629511338985374,-0.003557111910998796
2014-11-26,0.0017145365109938115,0.0011677943978290956,-0.0010881324242550136,-6.344895850666626e-05,0.005972295685517423
2014-11-27,-0.001322549661213645,-0.0015503682052206925,-0.001039738383932441,0.0009793634920610313,-0.0023133741076029127
2014-11-28,-0.00014015327694930126,0.00014020865620214837,0.001018122669905394,-0.001236748147923088,-0.003441817616191588
2014-12-01,-0.0006213818972010536,-0.0005967003915946364,0.00043269109076925655,0.0019895964642257327,0.008955379067307026
2014-12-02,-0.0006661201312100067,0.0005506361266778496,-0.0007528055118930849,-0.0005511654725417345,-0.007865209085220112
2014-12-03,0.0013498314760455336,0.00019276613030274912,0.00011581595570760517,-0.0009511202084565825,-0.006468602361226789
2014-12-04,0.004315167551256853,0.0017709113269700814,0.0007486382877982906,0.0010502857230044278,0.0035931189935306403
2014-12-05,1.2952780638224993e-05,-0.0006733745382188314,-0.0007860369326618294,-0.000829316379879811,-0.00948070288267707
2014-12-08,0.00016961647147067447,0.0015394453210517114,0.0007855665647904583,-0.00048283017713085513,-0.00317027773861346
2014-12-09,-0.0012416898923138073,-0.00042695510504124786,0.000990770274508029,-0.0003753972458860189,0.004966217836116202
2014-12-10,0.000777252451850669,0.0008418435574855486,0.00023349634943737184,-0.00027196964468393086,0.015802396647497927
2014-12-11,-0.0011019708452215103,-0.001205468354959625,0.0022065718583740928,0.00016665491574434566,-0.003448743474253191
2014-12-12,0.0016585564078914542,0.0011200588236211582,-0.0008447027404763029,-2.5693070580114577e-05,-0.0017867362119780412
2014-12-15,-0.0002453243135153591,-0.0005038011254774898,-0.0009662147680738421,0.000903528987300467,-0.0018327788501134863
2014-12-16,-0.001026891817342195,-0.001232017198738857,0.0008093785571124225,-0.0002954266689008718,0.0062845501816094695
2014-12-17,-0.00014237547024145188,-0.0004398163191006741,0.0009574455052206374,9.060491732031915e-05,-0.012101947470610048
2014-12-18,-0.0013288009850631246,-0.0007093525198941711,0.0018346021347039486,0.0013674774755634213,0.010637366926692295
2014-12-19,-0.0022935494340707886,-0.0025910924794610296,-0.00041214276178103295,-0.0010196114744235646,-0.005039612138106502
2014-12-22,-0.0010722060696103989,5.16929439244662e-05,-0.0006312196274124182,0.0003489161021409035,-0.00309043311570503
2014-12-23,-0.0023841929013335146,-0.0012831731127818779,0.00029677228106666863,0.00041505078482696994,-0.0012440391403310339
2014-12-24,-0.0006863818235839708,-0.0009063366495555515,0.0,7.772725510112966e-05,0.0004537352208778641
2014-12-26,0.0007606965252296801,0.0003870218715662541,-0.00018070345321826353,0.0,0.003113033973728657
2014-12-29,-0.0006935525579830887,0.0005520358064794184,-0.0009237994472656283,0.0004367373222919529,0.00416084899230418
2014-12-30,0.0013010371865448617,0.0004718755866442487,-0.0005244274587610507,-0.00019122287083792733,0.006726267311942552
2014-12-31,-1.2800737322640657e-05,0.00029442449824492204,-0.00017859648722667477,-0.0017808987352765661,-0.005005162811667679
2015-01-02,-0.0006992373418648988,-0.0006862218578460767,-0.0014465801241330227,-0.001464802870038801,-0.012461502047328684
2015-01-05,0.0008567645979339309,0.0009087487156435209,-0.0012520869749291408,-0.0007528752400066164,0.00477812609583832
2015-01-06,0.0022231798044730763,0.0015682849779554483,-6.462494913034151e-05,0.0018595589869082746,0.005659867072151332
2015-01-07,-0.001913900932085066,-0.001593212992038484,-0.00025804121061293224,-0.00010355853007923169,0.003403775800790576
2015-01-08,0.0014848572913274515,-0.00014081171576749924,-0.003076688835733782,0.0006776930565671782,0.004994393305727413
2015-01-09,0.0021827520266114587,0.0020049427900919324,-0.00011522286034286118,-0.0013141863825321533,0.0024559351288837034
2015-01-12,0.0002705226901300232,0.0016364612286627657,0.0010295216208027612,0.001132823683875241,-0.009722058630095839
2015-01-13,0.0010347816887439389,0.0013448161956441348,-0.0018069650493442474,-0.0009959580451402842,-0.0035588602801455735
2015-01-14,0.0005819329389543612,0.0003879678294015632,0.0011905687665599261,0.0012403262614150796,-0.0038179099665100282
2015-01-15,-0.002461855327243191,-0.0033732468353099222,-0.004366734791245367,-0.00026963349268101217,0.016448521870684053
2015-01-16,0.001700242565292811,0.002461008451179629,0.00028225030657593077,0.0010933250386474158,-0.007271362768222593
2015-01-19,-0.0005015206468002716,-0.001208443825872181,-0.001014023127032196,-0.0002701537963390758,-0.004167047815976565
2015-01-20,0.001131847308452116,0.0001300491587652069,5.169160787897888e-05,0.00014301594652177833,-0.014605243488261218
2015-01-21,-0.006510063679535732,0.0015617723381048183,0.0027473263571330866,-0.002491843472707866,-0.010041617419680801
2015-01-22,0.0013507252268806678,-0.0007287905712310062,0.0009522802539550675,-0.0014037320382683822,-0.008836581800498
2015-01-23,0.0014178328262646608,0.0012844357608034881,0.0011904046774859174,-0.0015383074966110633,-0.0070614962024052414
2015-01-26,-0.0002962484199308242,0.0009701805027083135,-0.0013140606358689687,-0.00014815712763904224,0.0026930240065839157
2015-01-27,0.001380539970095842,-0.00016068559220436433,-0.00013444655097628324,-0.0010050588805440475,0.0019747586667155904
2015-01-28,0.0017431652241098564,0.0009381115164389885,-0.0014999333199161044,-0.0019310720765518207,-0.017464027542387277
2015-01-29,-0.0027172810988466377,4.1214169437211354e-05,-0.00298814559948453,-0.0022838284673990412,-0.006095867535167868
2015-01-30,0.004087838864665217,0.0035460785422117558,-0.002868532258925047,-0.0008548541064109926,-0.004696493155494322
2015-02-02,-0.002369361038865916,-0.002872307478630213,0.001019101351059839,0.0011374460768209809,0.005149589457723732
2015-02-03,0.0016627392300201085,0.0012253300630649985,0.0033023021227179244,0.0009743713674448022,0.00457798043189602
2015-02-04,0.0003121119828841468,-0.0011537862431975582,0.0007988031916552592,-6.784214492323317e-05,0.0030766322919534347
2015-02-05,-8.135482913187596e-05,-0.0007049509537643719,-0.00039232929106067157,0.001693526393607041,0.006408671578839578
2015-02-06,-0.0002713041607570526,-0.0007596929035636362,-0.0009711750631815758,-0.0013983832626380084,-0.0054169112589833686
2015-02-09,0.0,-5.383145373130839e-05,-0.00017538297615893428,-0.0015632162307885806,0.006251673116586099
2015-02-10,0.001581412652426473,0.0005676673081468506,0.0015821397340905646,0.0010528874383213267,0.002902328623301352
2015-02-11,0.003173959938194459,0.0013151563474077547,-0.003535050567928054,-0.0005689438118277669,-0.005962256814417912
2015-02-12,0.0011331445971688972,-1.349974013017837e-05,0.00010855700610425065,0.006745252184800535,0.0075515897639605424
2015-02-13,0.0012066447359451152,0.0008978646167803795,-0.00032318009491904035,0.0005893857164213205,0.0022718575141158393
2015-02-16,-9.32245714010053e-05,-0.000612647187667062,-0.001051545802529111,-0.0010927069567988044,0.0011094255517147362
2015-02-17,0.0028760139125239724,0.0007056364667474356,0.0018609107879831584,2.6591147808494407e-05,0.006962546348535824
2015-02-18,0.0010771206020075274,0.00013295220387860417,-0.001327316361579534,-0.0009440799578946066,0.00121977104644124
2015-02-19,0.0010768198962651156,-0.0009034744519432157,0.0002793277530281478,0.0018319156601269457,-0.0038233856946949803
2015-02-20,-0.0008638390872811551,-0.0014205585050112738,-0.001074121081118841,0.0011162050192200493,1.3300967645602548e-05
2015-02-23,0.0007569168616022513,0.0014747207678764915,0.00105338258858712,-6.637329671968315e-05,0.00030551995083659975
2015-02-24,0.0018316615077475235,0.0008812690844348491,0.0019343405096457363,-0.004364071664265428,-0.006448970399204205
2015-02-25,-0.0006492517270921742,-0.0018680079357337076,-0.0009269804938493907,-3.9763803015329015e-05,0.011734275943731038
2015-02-26,0.0023313739166772006,0.00010600659901011831,0.00010523961755115739,-0.0005690954844330685,-0.00426315668642541
2015-02-27,0.0007801808034897067,-0.0003967414355892751,0.000476366917387102,-0.0013624070412886773,0.0038270842386325756
2015-03-02,0.0003991591101189585,0.0014758580271099324,-0.0013541502786183748,0.000425594175783816,-0.005541505599462198
2015-03-03,-0.0004759890083521775,-0.00018519008492308295,-0.0003583492084986381,0.001414081578352775,0.007448008143014112
2015-03-04,0.001042512152589029,0.0002637339467248252,-0.0006723664254670905,5.2756528632790355e-05,0.0036835371880556875
2015-03-05,-0.0017254643973274573,2.676981970684136e-05,-0.000266031739155251,-0.0014468680515625962,-0.013332734861709463
2015-03-06,-0.0023826618552777895,-0.0018957094951547035,-0.0002545944257572958,-0.0017499953594162024,-0.017120223112940317
2015-03-09,0.00020345190128149356,-0.0003935592052046861,-0.0015849688695006173,-0.0018189721038535907,-0.0029234817028136718
2015-03-10,-0.0009876950471659472,-0.0004253246594635026,0.0008524212026593036,-0.001662076879351035,-0.008712178908034735
2015-03-11,-0.0031466836796148483,-0.0035652639919747,9.651245362823492e-05,0.0015815105331516708,0.004057801745882956
2015-03-12,-0.0009846702487742644,-0.0017682515793896948,0.001949371133079306,-0.0006749915882333652,0.011372415525334651
2015-03-13,-6.817980380496366e-05,-0.0015411370638694106,-0.003578746360990575,-0.0012280320285786225,-0.008298915533940271
2015-03-16,0.0001083555689049,-0.00046077953869957147,-0.0003667357166982221,0.0007310931521654793,0.006105996437208695
2015-03-17,-0.0011737250736719555,-0.00046376496132180756,-0.00018961197320963198,-0.0015169636309529692,-0.009125145036210536
2015-03-18,0.002692267480651021,0.0019448776301791736,-0.00017824945372609978,-0.000448208193414739,0.022564976734787703
2015-03-19,-0.001014288023015801,0.0002435954703286743,0.0025506258809390937,-0.0020859019604446897,-0.007600004355173166
2015-03-20,0.0018903597311687712,0.002328940453670272,-0.0018402729334039995,0.005186754260758259,0.01946137236023417
2015-03-23,-0.0030878619099385853,-0.0027300545904099926,0.001963381599096019,0.0028910489668840787,0.012912548515111023
2015-03-24,0.0003146385615511871,0.0001572842260270114,-0.002914672790585397,2.6215412042272947e-05,-0.004730983640188403
2015-03-25,-0.0030113406191128794,-0.0015589488769766132,0.0001046380831259156,0.0006554110972871071,-0.005240599622700574
2015-03-26,0.00043487715405968446,0.0008304389280819798,0.0021834783495627195,-0.0017406444777839894,-0.00047418960569248924
2015-03-27,-0.0017043994798082752,-1.3208730971342667e-05,0.0001456712467398441,-0.0009393212441430095,-0.003497499226384754
2015-03-30,-0.0001993103867240291,-0.000877181380257578,0.0013556440719960738,-0.0020086070882189074,-0.008174921408203717
2015-03-31,-0.00038822734545196835,-0.0005889439335001834,-0.0012462396670882448,0.003955532204676824,-0.0032619913685455956
2015-04-01,-0.00018817204356604602,-0.002315657294440871,-0.00446681581165968,0.0010479364673541827,-0.0015813458133176312
2015-04-02,0.0024157663784907107,0.0005600970981367041,0.00025399541607996407,-0.0013206076713692346,0.007575743197749643
2015-04-03,0.00015790304785692855,0.0010920550796833478,0.0004526272425745976,-0.0004211302144202097,0.00997299818087821
2015-04-06,0.0009071010856458446,0.0009865501145452607,-0.0005654583979873759,0.000538612625752195,-0.005931912892315247
2015-04-07,0.0005449772507195559,-0.0002791272639059928,-0.001980711975504492,-0.0003854409691718238,-0.006554000714293797
2015-04-08,-0.002191998764917479,0.0005278716338791804,0.00029027959406353757,0.00019826976649293753,0.007057398660992615
2015-04-09,-0.002811419109682912,-0.0016638938946952695,0.0012941053992814968,-0.002845855908524961,0.001098646657382296
2015-04-10,0.002068061135038791,0.0012322533905907709,0.0007950916761969666,-0.0007816485232004621,-0.004215835489745225
2015-04-13,-0.0015991510439460645,-0.0008328184668556171,-0.0005105331151303396,0.0006722237413665039,-0.00998913249889432
2015-04-14,-0.0010892668452147664,0.00037193486255393966,-0.00042983599732278056,0.0037013248939740005,0.009164938367824954
2015-04-15,0.0018416333466203208,0.002319248808138671,-0.0017043264714294605,-0.0015631833829423502,0.008844459730029813
2015-04-16,-0.002498545995636949,-0.002314921809865535,0.00013156336768559862,-0.0004978383438339379,0.009955290341328088
2015-04-17,0.0015770098736026372,0.0005207655370913539,0.00046739286518803175,-0.00044287557223079987,0.0025677970821580457
2015-04-20,-0.0028304797448226162,-0.001472667945008198,-0.0007522990873242331,0.0010705241368070982,-0.004531375758058945
2015-04-21,0.00022128645621945288,-0.0010677918560202005,0.00196903079102356,0.0014566644964641641,0.000900095940547984
2015-04-22,-0.0031474787647264666,-0.0031096939438830804,0.0013740183117294316,-0.0016296522018451332,-0.0027157963655726415
2015-04-23,-0.00022495252934889834,0.0005686589720334109,0.0014007640417617823,0.0032106997965101157,-0.006756117660098475
2015-04-24,-1.3187131996779185e-05,-0.0017140676374699435,-0.002826203677264128,0.0012124887814618955,-1.3163177328007088e-05
2015-04-27,0.0015627773334191187,0.0018125940812673046,-0.0012234026585922367,0.003170571393161621,0.004528131322002619
2015-04-28,0.0035275235001667148,0.0011666797621082393,0.0016869474835361838,0.00010356255187372834,0.01241556812339788
2015-04-29,0.0014647459081521855,0.0027739268827252244,-0.0006359383224384779,0.0007250974667370957,-0.01633876261654753
2015-04-30,0.00355422536702715,0.0015531632363848993,0.0006564781497251979,0.00026277410775163375,-0.0002892719571011268
2015-05-01,-0.003584683631436608,-0.002313943527691881,-0.0011870533457518848,-0.0006495271273364132,-0.009420632394860686
2015-05-04,0.0013122752623825576,-0.0003979413221718798,0.0013813624553368595,-0.0013653326970681388,0.0009162921355268996
2015-05-05,-0.0010373169002070462,-0.0014503651740414537,-0.0009845139425408973,0.0054802655685716834,0.004159221838006873
2015-05-06,0.00321283284210989,0.001980685645510777,-0.001466139119308137,-0.0018308462825603082,-0.00902916692946932
2015-05-07,-0.003744443078288118,-0.002817470167269056,-0.0015236570710310793,-0.0007801781354004818,-0.006275317465601525
2015-05-08,-0.0034252107343334033,-0.002569353856373894,-0.0018558619616801562,0.0006833026559616468,0.005234387474236092
2015-05-11,-0.0015880236518799925,0.00033945022967278723,0.00032519884840989156,-0.00020377527733003178,-0.013204548214116164
2015-05-12,0.0005708693679745056,4.075394804432047e-05,0.0005975662933143132,-0.00025821006211407184,0.008610864859167677
2015-05-13,0.002765403513778239,0.001736876998161167,0.00044447138942127614,-0.0026583858290037624,0.011638418245950709
2015-05-14,-0.002257637081094784,0.00014586054431846244,-0.0015886687229690745,-0.0012105975310959841,-4.0038704085910904e-05
2015-05-15,0.004867625216882635,0.0030352297708043526,-0.0008052394680325771,0.0012967136147138286,-0.002672869311074928
2015-05-18,0.00010819583456593039,0.0006632781070370864,0.0006200296734555502,-0.0002705115389666167,-0.006939185579142086
2015-05-19,-0.00010857321238096154,-0.0012079017232428761,0.0003106324095612579,-0.0029087173229125738,-0.006701783277541299
2015-05-20,-0.002009693685546382,-0.00224141795129996,-0.00013618968520370963,-0.00017792254941523806,-0.0063496611795185835
2015-05-21,0.0012036658545289795,0.00015038724744495015,-0.0009558533083399868,-0.0009162957677771069,0.005982071677547469
2015-05-22,6.837279585858674e-05,0.0005061455755339409,-0.0005695687704831646,-0.0007660424707399272,-0.006173870891758723
2015-05-25,0.0001230929147903406,-0.00042399251125837086,0.000793781177060131,2.735192352582656e-05,0.000396882425371186
2015-05-26,-0.004068494134054115,-0.003379523324652484,-0.0004533870147941134,0.00136720524539004,-0.010564059729650955
2015-05-27,0.0019758073729432787,0.0008982305463351823,0.0007591704702241892,-0.0019619769751116657,0.00486947887743629
2015-05-28,0.001874991804014016,0.0024368053511838973,-0.0010352039240822068,0.0007406320864542732,-0.01382868094931377
2015-05-29,0.001166410329197735,0.0001543112460889451,-0.0021768295712595257,-0.0009273961910766401,-0.00898387973817201
2015-06-01,-0.004585459393097044,-0.0028335386266300235,0.0018863414802732304,-0.002152732197217681,0.0014654701285465748
2015-06-02,0.0009500259177451706,0.0035316242377921186,-0.0013926109481675812,-0.0010898117660535671,0.010797743713274263
2015-06-03,0.003283386931022763,0.002276362435657458,-0.0033538789665877155,0.0003765506609722667,-0.0037680597231329557
2015-06-04,4.204654553203991e-05,0.0012473984952781503,0.005432969564070382,-0.002455676299122897,-0.005046268067624272
2015-06-05,0.002897646980740133,0.0019754566672086286,0.0003369319569716602,-0.0005249306715511505,-0.010567159613908554
2015-06-08,-0.0020313168220478144,-0.0010578354853537691,-0.0017284129825319529,-0.0005649877265465147,0.01162311728256059
2015-06-09,-0.0035442401232937946,-0.00023786037708076492,0.0019568238134743156,-0.000491300482232756,0.0018354670530614404
2015-06-10,0.0009440773733909333,0.0020679086109170793,-0.003497526153508275,-0.001485935961560758,-0.010497676050163671
2015-06-11,0.0019418313567784533,0.0021717396734066722,0.000698438519480304,-0.00453204295543955,-0.007839278944751154
2015-06-12,0.0017669245035121042,0.0009765205055459596,-0.002524927817284533,0.0021648909164218803,-0.005016912192855971
2015-06-15,-0.0006712511945382405,-0.0006142462463412199,0.0001003634591825392,-0.0009147692989572674,0.001043968318139291
2015-06-16,-0.00027160899907518413,0.0004718971065901395,-0.0008883158403473031,-0.0022758349179822133,-0.0021033511120576746
2015-06-17,-0.0015736098818721824,-0.0007364036402124743,-0.0018575188032909124,-0.001735283069600264,0.0005011993088128172
2015-06-18,-0.0005893472072376554,-0.0007761520497721689,0.0017467253349418002,-0.0027068291932569096,-0.008164953505197104
2015-06-19,8.689984797992121e-05,-0.0009265157880928132,0.0003185036148130233,-0.0015218386744778214,-0.0036294531321528875
2015-06-22,-0.001148247595292708,-0.0016857283866359386,-2.900147907747579e-05,0.0008140836920544692,-0.005636600431029405
2015-06-23,0.003584207010167007,0.00033676689460489825,0.00023351868985389525,-0.00016064843584883142,-0.001632986686622512
2015-06-24,-0.0013843051178584645,-0.0004808077662943568,0.002485881914265027,0.000510230124850479,0.0041210749804759155
2015-06-25,-0.00023140113489817605,-0.000593167022839049,0.0016240360857345795,-0.000955096088695856,-0.0013378512036610214
2015-06-26,0.0006134073509119424,0.0008176734726310721,-0.0005379979336873011,-0.004433753486177504,-0.00501831860314979
2015-06-29,4.396989528548119e-05,-0.000659017209554811,1.4640538186407076e-05,-0.0017749878137344206,0.0030015323016915896
2015-06-30,0.000826543912919972,0.00022126667887860187,-0.003917069271847956,-0.00220070836394927,-0.009902525677232557
2015-07-01,-0.0027713780511199205,0.00013322576606029463,-0.0017982170075137665,0.001216202336109573,-0.005745355119627741
2015-07-02,0.0006251023436520491,7.44474141033766e-05,0.0007789212335283187,0.0007287925420553649,-0.0019919140847042497
2015-07-03,0.0,-0.001331687624324212,-0.0023901299060322075,0.001406617317832905,-0.005071988198351889
2015-07-06,0.000999515243768719,0.0004029640297201203,-0.0003587765757383549,0.00016400408556024998,0.001185003101175569
2015-07-07,0.001447112810761026,0.0009643056993384157,-0.0006640006280332291,0.0019111976382041834,-0.004311743769206771
2015-07-08,0.0008644846421646156,-0.0014608335310122818,0.0004054267171673933,0.0014292309896175473,0.012314892168796507
2015-07-09,-0.0015434392069956168,-0.0013789526594759596,0.0015026298845350965,-0.0014863260762442321,0.0027029853238325335
2015-07-10,0.0007153929004284098,0.001996781971196329,-0.0005778334370738782,-0.0014462180942229586,-0.0036998831202235435
2015-07-13,-0.0008219444678877207,-0.0005225557573912692,-0.00011947966619658062,-0.0009124019987848727,-0.0021203215302124977
2015-07-14,-0.0016689021903668658,-0.00016382577909725599,0.0005985067435852418,-0.0007011733751889725,0.0027615049082521997
2015-07-15,-0.004960178514841858,-0.0054555836985488776,-0.0008818935871971481,-0.0015683202587241211,-0.01709391934350286
2015-07-16,0.000336242342191958,0.0014818778253170004,1.532743227218558e-05,-0.0013609501225166432,-0.012942003484408509
2015-07-17,-0.001958474852170566,-0.0006580004675087456,0.001774731961183023,0.0013927472272814447,-3.072243813517393e-05
2015-07-20,-0.0016001100632131921,-0.0021956918386281054,-0.0020223068785442146,0.0021785671212963373,0.006239315567456852
2015-07-21,0.004700840749167442,0.003536296018724846,0.0011960908940905253,0.002650524126342829,0.00961881401568888
2015-07-22,-0.0012005989238601399,-0.001916729369692001,-0.0008927288588719674,-0.0008062737660007697,0.0020061397601072463
2015-07-23,0.0020015206194292823,-0.00043621814607081033,0.002320134560719743,-0.0014744161426503211,-0.005666764943317267
2015-07-24,-0.0005021952123074606,0.0002586751283073818,-7.600112485322674e-05,0.0009889316541389112,-0.0046327672077500605
2015-07-27,-0.000648327563814034,0.0009960611137284719,-0.00030241630859198753,-0.0004676598237222924,0.004707034306132292
2015-07-28,0.0003593944242701536,0.0024386789365896267,0.00021004621093864755,-0.0008987283599492401,0.01677909356522226
2015-07-29,0.0002243712006539749,-5.9805035601851e-05,-0.001451172787114702,-0.0009876100641131734,-0.010361700851412995
2015-07-30,-0.00044000395196182334,-0.001046033128799431,0.0008446710810208407,-0.0008957785141499228,-0.005297046197628303
2015-07-31,-0.004337552171701541,-0.0003163436723751881,-0.001769749950815248,0.0031947464596079984,-0.003531831809194416
2015-08-03,0.00101466732920363,0.0003026588603783658,-0.000212481788074803,-0.00010596186896381945,-0.00613657276224741
2015-08-04,0.0006978155622971284,0.0007587368912833354,-0.0010905787206328436,-0.0017910271316730183,-0.002379682306727747
2015-08-05,-0.005417910680227441,-0.0030727156539676,-0.0006121730804424403,0.00026085422233057494,-0.005482570626163068
2015-08-06,0.0003669837039260774,-0.0004432658062445786,0.0006431065328530028,0.0007488404784902908,0.006215383898450044
2015-08-07,0.0005195202194930453,-0.0003358676102533476,0.0005336952421948247,0.00847275776938491,0.010324239582250113
2015-08-10,0.0001977592363811115,-0.000273755933088325,-0.0036169702507410435,0.0031133511870660526,0.0001665140291917192
2015-08-11,0.00041198416732488903,0.0012361601256704012,-0.003138906703519708,-0.0035149421074443855,-0.010315486970547492
2015-08-12,0.0013031292093346662,0.0026060225957594916,-0.00022846872743297124,0.004231019639490166,0.011827980452664266
2015-08-13,-0.0005791447109172184,-4.572090436762125e-05,-0.0010185699855215927,-0.0005489729768686197,-0.007722514729753623
2015-08-14,0.0023171448521198735,0.0019357844064003915,0.002202105122816324,-0.0026071658425136594,-0.005023486534652439
2015-08-17,-0.001065659972666155,-0.00019797607599931715,0.0005652091042200757,0.001491606188184678,0.004744442580561374
2015-08-18,0.0013402173767076255,0.0007005574286700753,0.0004709492753149455,0.0012168227222001966,0.0034033276035313025
2015-08-19,0.00019803337688768823,-0.00038071163076995216,-0.001031866555896475,-0.0010515488453246462,0.0008641798031690474
2015-08-20,-0.0012852597615603232,-0.00303972286775025,-0.002018164156237236,0.002689595311391052,0.004354999246711691
2015-08-21,-0.0014072279935368115,-0.0022591441321667114,0.0007091824329460509,0.002184844637826625,0.007695698649933001
2015-08-24,0.0024923473262548138,-0.0005056967612921753,-0.002329698646852145,-0.0011838596741021782,-0.03387879581708107
2015-08-25,-0.002203014736315762,-0.0007958006633349289,-0.0032728726751109294,-0.001962318003864075,0.006371911009686001
2015-08-26,-0.0018713708996052926,-0.0010353647494682893,0.00020023257850942377,-0.005899905326677626,-0.005239943669345871
2015-08-27,0.0035585023781025725,0.001963771380183475,-0.002904149720151245,-0.002768349806567352,0.003758850475444647
2015-08-28,0.0005276062317853739,0.000325558684828035,-0.0007878212516751074,0.003499972599651132,-0.00320109141289383
2015-08-31,-0.0017083438708735985,-0.0014907224917475217,-0.00021829975761867708,-0.006546874285770729,-0.01799486232550705
2015-09-01,-0.002113965575537165,-0.0010087637196145162,-0.00582431164617305,0.0011837402835885118,-0.0013248795351429525
2015-09-02,0.00047232937979577313,0.00023617398259747588,-0.001718335372006112,-0.0014491842999972675,0.0028840945738005854
2015-09-03,0.006217766451128798,-0.0007356797151165408,-0.0005983027275292142,-0.003503507087167038,0.004741428796673258
2015-09-04,-0.0026092127868728504,-0.0007280554909929846,9.418856557797398e-05,-0.0025842880245566732,-0.017475007036163316
2015-09-07,4.792523664006113e-05,-0.00011179162053603837,-0.0023268426014840696,-0.0010388947095685847,-0.00343982248276557
2015-09-08,-0.0028632237924861247,-0.001472159828979687,-0.0006837607104005313,0.0011874135572878422,0.011120655878976829
2015-09-09,-0.001356693618776617,-0.0008269943908039429,0.0009269515742400559,-0.0009054860580584166,-0.007664935776879387
2015-09-10,-0.0017693618177946437,-0.0016881135363196902,-0.007083854888404932,0.0012117928041861588,0.0009057467865345915
2015-09-11,1.5877174180901718e-05,-0.0002064557120128498,-0.002622066577163334,-0.0013345621757712102,0.0016980492388145765
2015-09-14,0.0007291518385410389,0.0005073245083127375,0.0007907889322076243,0.0037956711709997725,0.00036362774406043614
2015-09-15,-0.0017879610146002082,-0.0007116481279570233,0.0016152022513928484,-0.0025529836981160515,0.0037077692543108134
2015-09-16,0.004659958054811624,0.0022040311189197516,-0.0012411530175155722,-0.00020420505399934574,0.0036469999865603115
2015-09-17,-0.00017376880893601304,0.00020522049435453416,-0.0011333051220078435,-0.0008692972674595354,-0.003095953377690797
2015-09-18,-0.004008768711598754,-0.002175704465264658,0.0024041099984916177,-0.0016516824422739493,0.00605720083143555
2015-09-21,0.0012172471170613555,9.481968463754663e-05,-0.001102188743291533,-0.0024359777306320607,-0.011349001482859052
2015-09-22,-0.001432322994933059,-6.363043445827197e-05,0.0009484667166921689,-0.0007488071215715406,-0.004887657311726233
2015-09-23,-0.0032140554963621445,-0.0017827586537543997,0.002424011648442021,-0.002073928283523549,-0.002532554214681555
2015-09-24,0.0041912204012965115,0.0018823013917215953,-0.0010806173282876738,0.0019709100155843712,0.0077367674011626485
2015-09-25,0.00028342439843932353,-0.0008028904485905129,0.0006803528603877738,0.0009756251855713359,0.009763857094891562
2015-09-28,0.0001105644315351724,-0.0011682613181849726,-0.0005329404330099689,0.0004579224612030048,-0.007722046093910278
2015-09-29,0.001756202038233242,0.002042933733754978,0.0011356468097503771,-0.0021015330100045337,0.004498646156789437
2015-09-30,9.391288022068817e-05,0.0015494051976338234,0.001519031244304553,0.0012669614176675594,0.007875044620008017
2015-10-01,-0.0009347833541441387,-0.0006233442620414392,0.0003736455392829189,-0.0006704659989677983,-0.0007659541583591949
2015-10-02,0.003175791946199745,0.0008869594214037518,0.001700455164388481,-0.0005441500122607333,0.0067949019345735885
2015-10-05,0.000569419130939257,0.00012317736015700077,-0.00029194613033021885,-0.0006771835580062163,0.004543635919284102
2015-10-06,0.0010782502585022762,-0.0006926540470103262,0.0006771210304725359,0.0037647464849113015,0.009163322062056629
2015-10-07,0.003316152687727458,0.0011309062779379707,-0.0009676883589252827,-0.0011443371622480898,0.010351130946255662
2015-10-08,-0.0011502430399614263,-0.0011814424057911468,0.0003028054952053315,0.0017097512921822667,0.00784743037421249
2015-10-09,-0.0008821836859782558,-0.0010158655150722374,-0.0005521358095872835,0.0029276474277786075,0.003982935564077854
2015-10-12,-0.0002079774203441279,7.43234706429666e-05,-0.0010256334928551143,0.0009207146583683136,0.004359256873419291
2015-10-13,0.003134117178074667,0.001812802474046078,-0.000568700534640712,0.0024225759930282947,-0.012184763369924625
2015-10-14,-0.0017580279164282047,-0.001993135417881063,-0.0006089817567948221,-0.0004288957479357798,0.025355504998313808
2015-10-15,0.002551300724202649,0.0015481914085995459,-0.00016008033156251445,-0.0017925199900107644,0.0090008291245736
2015-10-16,-0.00207260053173433,-0.002072235006890615,-0.003141794286497868,0.0016907417560920004,-0.008780330060801119
2015-10-19,-0.0005584703935401894,0.0006470303006491331,0.00044059333948181015,0.00013229749315554358,-0.0030583311835644896
2015-10-20,-0.004670392801643558,-0.00029396634297084074,-0.0010395087427570611,-0.0029875049950545515,-0.0062634077278309235
2015-10-21,0.0010560526925406126,0.00041693346048235025,0.0010417907835915704,0.00010405749929494695,-0.005289366763180089
2015-10-22,0.0002799077795807762,-0.002101906452673442,0.0016711159694653007,-0.0001473101175252777,0.010005345492901956
2015-10-23,0.00103748286343518,0.0007411360472055608,-0.004348565020063264,0.0006367776306392415,-0.004449280452789988
2015-10-26,-0.00042717732190732913,-0.00013260743063070015,-0.0013450298747207233,0.000589162375458943,0.004286776705063095
2015-10-27,-0.0008395996928597079,-4.417253794045001e-05,0.00035400318972564197,0.0020020910866958433,-0.00137272433491356
2015-10-28,0.0030240982414923194,0.0010573265517676866,0.0007279372215637946,-0.0006249256244326501,-0.012036343060482665
2015-10-29,-0.0023313865864588567,-0.0012415765126981477,0.00013494366122611073,-0.0009131122040932582,0.0005978001134509371
2015-10-30,0.0023868659639965056,-4.444411523604059e-05,-0.0007397763253875037,0.0019822491697828364,0.011512393281976625
2015-11-02,-0.001362034972059412,0.0003254871239399566,0.0009045681304269146,-0.0010227450476844094,-0.0021148692005551993
2015-11-03,0.0014090632062592962,0.0010191541903094327,0.0005805428983282927,5.991611745365727e-05,-0.013894288728209386
2015-11-04,-0.00154768257886709,0.0011692977194633178,-0.0007686685081217976,0.00033401655210708035,-0.011034490617717815
2015-11-05,-0.0004076979467726201,-0.0006496400769338075,0.0004239533714799337,0.0006039376919887298,0.0028949283224032223
2015-11-06,-0.0014439548431242474,-0.0002762939785489376,-0.00012110752849491633,0.00035350081442772424,-0.013423429380202018
2015-11-09,0.0008112597164692314,0.0007807178407865027,0.0025214913072989656,-0.00010710979529318293,0.000336633363545043
2015-11-10,0.0008423374595414577,0.0007814475563723695,0.0016357483372405866,-0.0001224777245169854,0.001834189802557499
2015-11-11,-1.5253319503924693e-05,-0.0005950610113109561,-0.00035112091896421827,0.0008538277921250604,0.0006564334528258885
2015-11-12,0.0012252838830589458,0.001058079454664523,0.0008092282999678507,-0.0008422213702346485,-0.000809154172742608
2015-11-13,0.00010736937375607768,0.0004753471273502426,0.0006587060494454287,0.0012415792641767335,-0.0019415849121553618
2015-11-16,0.0013575849418491776,0.0005862931016216804,-0.005245399239524502,3.083279376200353e-05,-0.007851733983515448
2015-11-17,-0.0009287926364283495,0.00030950649436929667,0.0009729655364818233,0.0003096934060057095,-0.0009723048246876009
2015-11-18,-0.002419881427818256,-0.0007608991399373606,-0.0010342619456855683,-0.00013978736810920246,0.0024058863257468816
2015-11-19,0.0019654902910736212,0.0010198879007456026,-0.0003991525736927837,0.0015817734366158388,0.010298152461855333
2015-11-20,0.000396262940883823,-0.0005487386769810485,-0.00015220005204181415,-0.0009146899838905184,0.00028963194080566725
2015-11-23,0.00033791567789483087,0.0006914301354863861,-0.0012453588934557534,-0.0003379156778948787,-0.004781838161373843
2015-11-24,0.000428704858586246,0.0006582522874670647,-0.0003220537857654539,0.000979207226454621,0.007209969007318782
2015-11-25,0.0008850098233896507,0.0004574914300152363,0.001326674739971403,0.002193885426780554,0.0027721523243907664
2015-11-26,-0.0003955455537482977,-0.00025861216686181177,0.0,-6.086705116237254e-05,-1.5210629188091553e-05
2015-11-27,0.00047477927484831256,-0.00044405994007548405,0.0007649354002604723,0.0002755748815627278,-0.007297296671112839
2015-11-30,0.0012461060802471558,0.000394746835764368,0.0010070033349706023,-0.0015198495235200149,0.011007718900043909
2015-12-01,-0.001048909230668569,-0.0014986215489082868,-0.000917327783414055,0.0010039785362571205,0.011262755597392581
2015-12-02,-0.0003312305244152833,-0.0007076874726004235,0.0,-0.0018689903851871344,-0.004267025720974492
2015-12-03,-0.002130376794425318,-0.0009671472933276143,-0.0009016997650368607,0.002854577188176934,0.005360896408674927
2015-12-04,-0.001331420230115285,-0.0007256088398390149,-0.0017679231513160563,-0.0003109199554226894,0.009346350019801176
2015-12-07,0.0004967149184332941,0.0008726791802972748,-0.00038975835475701216,0.00025578718645665453,-0.014339845769458829
2015-12-08,0.0013870464170469652,0.0008581688409175648,-6.030544710766484e-05,-0.000210948212996149,0.0007836636675641479
2015-12-09,-0.002439539805789708,-0.001476192896144618,0.00046900413129464196,-0.0006937950868025339,0.012753327464657118
2015-12-10,0.000960934397778222,0.0,0.0010553620053351256,-0.0007095239096788839,0.005724810224722383
2015-12-11,-0.0022748063958902146,-0.0008037628439384132,-0.001276305417977804,0.0009670533153654025,-0.007764578964172938
2015-12-14,0.002779709920497213,0.0004579059009545864,0.001189043109131689,0.0005609187405354981,0.009633271977103303
2015-12-15,-0.0013175525040883167,-0.0007105006367748252,0.001470912966534978,-0.0003111364654811389,-0.0021704954147987645
2015-12-16,0.0012857176296211578,0.0014632742998036449,0.00019265110204130638,-0.00025110226640950346,-0.0002956699162617882
2015-12-17,-0.001582042657063722,-0.002342497993839704,0.0024420397978129308,-0.0005079782575019661,-0.009418335708842103
2015-12-18,-0.0005191299498821267,-0.00016321080194993713,0.0017589367442229307,0.0014973280685225635,0.0034270081518113543
2015-12-21,0.0004429090337263767,-0.0005608525104952754,0.00044468820678549844,-0.001166749259142667,0.0064408884520718145
2015-12-22,-0.0003960192781136569,0.0007922186937816738,-0.0007625528290675764,-0.0009980773164183876,0.004432637898906058
2015-12-23,0.0004718372249142162,0.000427529988894789,-1.4698209023439918e-05,7.37044598903186e-05,-0.002324316623743684
2015-12-24,0.00021962093515021387,-0.00032220269757356565,0.000586579087677701,0.0009218815815651411,0.005449204550791345
2015-12-28,0.0004235957499269604,0.0019728628245118166,-7.312988602311173e-05,0.0005839757232066,0.0022347357195924614
2015-12-29,-0.0011637719157007794,-0.0009171708109145892,-0.0003349376391997335,-0.00013100913443522995,0.0011665039744469582
2015-12-30,-0.00016094459882732152,0.0007460776413076789,-0.0007002903573177924,0.0002487216451859656,-0.003050362497457309
2015-12-31,-0.0012404505155056708,-0.001488312645228945,-0.0014002131778237112,-0.0011396512147837433,-0.002282905548505053
2016-01-04,-0.0035207380887462,-0.0015740317759121174,0.0009162110881797326,0.0022000573753392255,-0.012453644613278015
2016-01-05,-0.00014964683375238823,0.001839679248129318,-0.00020889598548028967,0.0022722186321506637,-0.006740745872911003
2016-01-06,-0.000888333529769434,-0.0007834275353614324,-0.0013998120818200792,3.012592637447532e-05,-0.008531745720845104
2016-01-07,0.0010402612144267897,0.0006475464991460342,-0.0007683095309360699,0.0021223920241507334,-0.0026839986558463837
2016-01-08,0.0015259723403060533,0.0010221907809670637,-0.0007096107252708478,-0.000106742301312705,-0.012397229664577982
2016-01-11,-0.001341852262151507,-0.0015865996707284443,-0.003992873006835042,-4.577671644412399e-05,0.005830474154277607
2016-01-12,-0.00016843394749458188,0.0007198046117925561,-0.0010543124644408475,-0.0012871592337949146,-0.0023678774268323117
2016-01-13,0.00032030994073560103,0.0013890269124875298,0.0003351717024582584,9.149828447107018e-05,-0.008401410221956453
2016-01-14,0.000634984572626019,-0.0012991031830140627,-0.004119948829942595,0.0017634506317901779,0.0011407079791612904
2016-01-15,-0.0003573620503999634,0.00046607010537916645,-0.0015158502992460305,-0.00045076903513739647,-0.005561663674127491
2016-01-18,-0.0010234304417924608,-0.0010079629923050528,-1.5493426914064185e-05,-0.00038793672462741164,0.0014118050951426487
2016-01-19,-0.000755420951833412,4.626024472487777e-05,0.004005674919130329,0.0004625703574886965,-0.008422708457670349
2016-01-20,-0.0004857145190949664,0.00031339120880762586,-0.00018831505163699849,0.0015033828940316872,0.011101205456828743
2016-01-21,0.003945144473144732,0.0012386970492558036,-0.00048263676293599795,0.006663562179565577,0.011407435450734254
2016-01-22,-0.0003234875061904734,6.16475302651909e-05,0.0015559649734942364,-0.000971090857886948,-0.008581898765090286
2016-01-25,-0.0022550013416924447,-0.000818690912690355,-0.0008475033829565873,0.000633767459479025,-0.004663891252655268
2016-01-26,1.541984379721357e-05,0.00021583621198734154,-0.0012559796352700997,0.0009863757658128752,0.010889736207390591
2016-01-27,0.00012308639141615142,-0.00035352798234733354,0.000138432787257644,0.00385416104089482,-0.01303529277604442
2016-01-28,0.0012979991005733528,0.0026285287650530042,-0.0008812275915227201,0.0002161694777117606,0.008076248546877348
2016-01-29,-0.00043197211366107895,0.0017454033145236393,-0.002617399492728432,-0.0022863861901293125,-0.00020072725094215355
2016-02-01,0.00032240978562672016,-0.0016578151342392944,-0.000726772312585895,-0.000552766147936367,0.011417280489966946
2016-02-02,0.0015096900300888558,-0.0002618789056105124,0.0006322233655202251,-9.236453208547813e-05,-0.004471471242084515
2016-02-03,0.0016702659003339103,0.001172227365971788,0.001442399187257429,0.0009467491897140934,0.01987575116126887
2016-02-04,0.0013543180252138152,0.0008338297088237626,0.003041237920557343,0.0003866113563196718,0.011592815220852449
2016-02-05,-0.0013879671530003489,-0.0003470467114434751,5.954330288458097e-05,-0.0008609036999294859,-0.015436799603660144
2016-02-08,0.0009222373222384563,0.0002872629155772821,0.0009651782558683242,0.0027917593377687613,-0.0016613306545668143
2016-02-09,0.004167518989508608,0.0027519435098712452,0.002467174975307023,-0.0008862119527665536,0.004027731891497158
2016-02-10,-0.002356420833273155,-0.00063128468525676,-0.001441182018495792,-0.0001803372311100617,0.005899102223488566
2016-02-11,-0.0009430785474995369,-0.0002245962891160734,0.0005110169347986149,0.00040428543101699905,0.004271213183954807
2016-02-12,0.0005128127893259365,0.0012685757409837733,0.0007498838031558616,-0.0005128127893259453,-0.013125418121808409
2016-02-15,0.0003906778309972197,7.51681888578668e-05,0.0005550014017499034,-0.0014282173016989168,0.0017009750836621733
2016-02-16,-0.0009922680242912317,-0.0005494673357816639,0.001151323391482031,0.0024407370935305263,-0.010462275858920997
2016-02-17,0.00456463058854566,0.0017514197012354503,0.0011364068043695174,-0.000844849486013701,0.0074648116665748665
2016-02-18,0.001344827528365952,0.0009520140347748831,-0.00048242176657741826,0.0003019597208679386,0.0014772610051721291
2016-02-19,0.0013961819732421984,0.0005769289322871324,-9.07248919484609e-05,0.0028621421987256503,-0.0018091911821813494
2016-02-22,0.00101312602715184,1.49001318664669e-05,0.0006753360053172163,0.00044664126516687653,0.013078747785683624
2016-02-23,-0.0002400024011760856,-0.0007197481192403954,0.0011054511814256012,-0.0015313708759336839,-0.011208460664330297
2016-02-24,-0.0007241457659732761,-0.00010550987657579141,-0.0019975188991086636,0.0005280747272999409,0.004060339127221675
2016-02-25,-0.00047826867654058956,-0.0002839274659121757,0.00040506177745850753,0.0013296185655332473,0.012587036465025623
2016-02-26,-0.009143178209327198,-0.0013470232826733868,-0.0011403945223284742,0.0017480150922536371,-0.018623347817383725
2016-02-29,0.0025799024841695914,0.0012436680706339593,9.08251465179888e-05,0.00016670581766140458,0.0016526799155431554
2016-03-01,0.0026698234966076395,0.00012134265664301866,0.0017121605431167457,0.00246627906192255,0.005469200355791501
2016-03-02,0.0015083186617980593,0.0017654386116192427,-6.060238775255702e-05,0.00042192186030430177,0.0037596856077001238
2016-03-03,0.0025713259461347575,0.0013962541073820208,0.0008215024995055994,0.0013647221497176969,0.009070119783589771
2016-03-04,0.0017956497127103383,0.0016797563883039252,0.0,-0.0002500202235263161,0.013562835330353075
2016-03-07,0.001148274769910435,-5.885209000187049e-05,0.00028135851924491253,0.0008088889983584787,-0.00036853316847064275
2016-03-08,0.0010804331663540159,0.0008581786425922662,-0.00047391260161616216,0.0015076939577209785,-0.006152409373620497
2016-03-09,0.0012071784409450205,-0.0009866799024449864,0.0016234248968213533,0.0012351126404723798,-0.015473357955272386
2016-03-10,-0.0011995982784802908,-0.0016507597241616691,0.0001799181377328148,0.0004650151213705523,0.006861734241590462
2016-03-11,-0.00014817009954517312,0.002490292117366089,0.0017335429881192167,0.0017913855454182608,0.00878962828293603
2016-03-14,-0.0018084403771884007,-0.0019289292950176742,0.00022309643063877558,0.0006579931447210215,-0.008956887969289205
2016-03-15,-0.001757656103516148,0.00013636880206000337,0.0015929552682420528,0.0027563246285942423,-0.00850838271648735
2016-03-16,0.000667728987553289,-0.0001365923252412366,-0.0007258540444805073,0.0015764983786274358,0.01795557966453879
2016-03-17,-0.000761648126108372,-0.000248750760338307,-0.0019217092985011211,0.0013617696321278517,0.014408259932236163
2016-03-18,-0.0012496050669378652,-0.0012784437058629516,0.0003824260567002633,0.0017930633845767558,-0.00577081401510301
2016-03-21,0.0002365429262518594,0.0017310641487336155,0.0008107371518453444,-0.0011388764810595124,-0.002065689641787836
2016-03-22,0.00032530423625977905,5.9181227731931526e-05,0.00145303606260499,-0.0007542761155959389,-0.0037735056208296805
2016-03-23,0.0015679484744094117,0.00014916022819345156,-0.0021613250623458754,-0.0003432451624939154,-0.004442833777728554
2016-03-24,-0.001553537597347312,-0.00038834371894010063,0.00031427011026150437,0.0009563087214971628,-0.003281625856695664
2016-03-25,-0.0011511007736635392,-0.0015999644542649576,0.0011342946202892107,-0.00031416667548427496,-0.0014503265776465246
2016-03-28,-0.00020813201591530196,-0.0006686627737120241,0.00037311484161308344,0.0005648290056076416,0.006728807717268656
2016-03-29,0.0025142735166619806,0.0024545695388754362,-0.0004452558068128476,0.004700967269647209,0.02092422061810877
2016-03-30,0.004283094120287302,0.0012125237855491358,-0.00262346274375754,-0.0019590055672322536,0.00682071489690891
2016-03-31,0.0023891434919005774,0.0006618610045788677,0.003706120782053318,-0.001582529211425679,0.00018799846764298866
2016-04-01,-0.0025658983053837904,-0.004051243500160699,0.0006807401501252104,0.0007879646115481028,-0.0017946570365231262
2016-04-04,-0.0006860262564615516,-8.745208360157196e-05,0.0009326591661329371,-0.0010956983981398707,-0.009269446808820853
2016-04-05,-0.0008860143227914183,-0.0011380180502964438,0.0004866072512021799,0.004731068007062009,-0.003623218943577346
2016-04-06,-0.0006315403184017245,-0.0007346027598804345,-0.002075437727506037,-0.000558437565029191,0.002319199008019468
2016-04-07,0.0006787564262894096,-0.000250410601041895,-7.322091485485085e-05,0.0005456221333517275,-0.00653097167247802
2016-04-08,0.0008224288548631361,-2.9381950669825605e-05,0.00035307617985303656,0.0013643267404441584,0.004006014370938685
2016-04-11,0.002215485980829979,0.0013841034313562927,-1.4664799349186415e-05,-0.0006262516134040316,0.006765985127674704
2016-04-12,-0.003628872355979667,-0.0021642357731856054,0.002220884476127874,0.0012352947021681017,0.009948307704591134
2016-04-13,-0.0010112831154122004,-0.00033242518932766516,0.0015607616215123515,-0.0013306721857051726,-0.00043362627876494987
2016-04-14,-0.0009609645328254853,0.0009753186935260108,0.00018950851751735535,7.283268151311176e-05,-0.010624559453187287
2016-04-15,-0.00017374936697590095,0.0006373301875686416,-0.0009698268823178223,-0.00015929677747352432,0.010263060530132442
2016-04-18,0.0010109179995581958,-0.0007948953685931317,0.0022793512277713293,0.0018747121318967034,0.010094896070655102
2016-04-19,0.0006821670436786537,0.0010371897352925658,-0.001953585163760918,-0.0010945352516678697,0.012310220577313366
2016-04-20,0.0011311003661418674,0.00045805242638239117,0.0004563930764521955,0.0013727819575903957,-0.009970769639854313
2016-04-21,-0.002579084918425476,0.0004037607484050753,-0.00047408004220855413,0.00015868321814002691,-0.008956788224848989
2016-04-22,0.002571423762125154,0.0007701194065642521,0.00011624696681154486,-0.0037940779470104417,-0.0089501658105251
2016-04-25,-1.4580979113102238e-05,-0.0009763135470338949,0.0021546712272716433,0.0003644607115255193,0.0007002392770225249
2016-04-26,-0.0006664155782230001,-1.4490758519076827e-05,0.0002613240432989614,-0.0017550862103923683,0.005395788097643889
2016-04-27,-0.00016046096092183138,8.752352200235814e-05,-0.0018797134965315798,-0.0005545178755212645,0.002621916948866719
2016-04-28,0.002894107978886847,0.0020144761262306816,-0.001710421769950244,0.001565946029092424,0.007236067609652466
2016-04-29,-0.0019342227233660125,-0.0014473545320320368,-0.00014366164833346534,0.0026496531568120005,0.001851041918673733
2016-05-02,-0.0010141771393867194,0.0009278888341238393,0.0005710533233446726,0.0004572212458917143,0.005056792434091822
2016-05-03,-0.0035461030067504774,-0.003643253578020686,-0.0018366262503912315,0.0010391860645080303,-0.01455353997134903
2016-05-04,-0.0011164194546607591,-0.0018836490391669677,-0.0001596435598098548,0.00044961747013628226,-0.005058458321204598
2016-05-05,-0.0013176090924481112,-0.0016088941962996573,0.0013066773060025922,-0.0012613175915242188,7.265171497560284e-05
2016-05-06,0.001961789663659228,0.0015076446278803714,0.00032143066140804123,-0.0012146846606603643,-0.008199278533412522
2016-05-09,0.0012399074610180232,-0.001047931906534074,0.0019201600658116911,0.00023599864410321853,-0.009461448881630589
2016-05-10,0.0029641507927093483,0.0002223457485536118,-0.0007416857372664382,-0.0006661682987421323,0.004528532280896689
2016-05-11,0.00017631501661907308,-0.0004701664769762855,-0.0015173056745849758,0.0027289149698222987,0.0031886235863758314
2016-05-12,-0.0009067111868798156,-1.4624266044856126e-05,-0.0007468752406584825,-0.00010242228717920995,0.00042536027923081084
2016-05-13,-0.001063311428880618,-0.0011976846198466006,-0.0004556712778109376,0.0007828251524161874,-0.008970783783447976
2016-05-16,0.001470307412039278,0.0007647284116323159,0.0004123772131667344,-0.0014850214087288494,0.0024648549433722014
2016-05-17,0.0020868550449516824,0.0008084966079301447,-0.0017193876163541773,0.002829395327172495,0.003722645461462667
2016-05-18,0.0013019294062928397,-0.0015538868789438892,-0.0014921737531177902,0.0010934938213715115,-0.010615857970048182
2016-05-19,0.00011873311777427841,-0.0014237622349620796,-0.00222242068538571,1.4840648536792827e-05,0.000267145551389207
2016-05-20,-0.0023347234058960645,-0.0011529423475720492,0.00048773639554231007,0.00038456987812737146,0.002771131638553464
2016-05-23,0.002338178470760635,0.0018788516426639036,0.0009279922891380192,-0.0010352273987925139,-0.0011677668158779845
2016-05-24,2.9747739174094493e-05,-0.0004311209955799323,0.00041689000663341116,0.0028220075762287493,-0.0034521365651002094
2016-05-25,0.000991439666286682,0.001095647133590821,-0.00017792011433820457,-0.0012135385011808283,-0.0027494797028248157
2016-05-26,-0.0013028160430978018,2.9611643300320702e-05,0.0022476769832265545,-0.0008151227952081673,0.0036247532816799095
2016-05-27,-0.0007592732185010421,-0.0008933490759848558,-7.430579811565655e-05,0.0003276003305301155,-0.00806960279281039
2016-05-30,-0.00022386222120036422,-0.00037313711729298436,-0.0005680714128817987,0.00019401682037435025,-0.0008217111475526458
2016-05-31,0.0027692439303108646,0.0028568276100140767,0.0011318957481561414,0.0004287689223009036,0.010940442684745583
2016-06-01,-0.0013523845184616023,-0.0014123257169362756,0.0005585853237303465,0.001440520012150687,0.00754075858131428
2016-06-02,0.0032447301648890294,0.0017902743020134133,0.0010578746523645013,-0.00013193289032795605,-0.0012038819300834044
2016-06-03,0.001931337258256784,0.001425804416703116,7.308178585909729e-05,-0.0011381728513863276,0.02116358058790269
2016-06-06,0.00014411921566450278,0.0009650911463745239,-0.0007794120164208137,0.0006482795608412046,-0.004401320283731139
2016-06-07,0.00172337076445925,0.001895326865028458,0.00017296798693950218,0.0008749095170229851,0.007693232204322981
2016-06-08,0.001226049423655781,0.000897979606363324,0.0005008622089694024,0.0001852023340787002,0.01692001061724615
2016-06-09,0.00026684456462558215,0.0010661580045881267,0.000533707877837166,0.0024824523095616164,0.002424106945723713
2016-06-10,-0.0003529702482731194,0.0011714809280415372,-0.0004230357105222849,0.0002259153109589811,-0.00764457336345427
2016-06-13,0.0006798674520394162,0.00014157087061407745,-0.0004534183570419357,0.000721853070558458,0.0010924698706521801
2016-06-14,-0.002038911101217859,-0.001981087680363725,-0.0028778638203663495,-0.00048538839161618334,-0.010305181740806453
2016-06-15,-0.0003416905171415464,0.000583243848018765,0.0011810660848826922,0.0017499310895545926,0.008474264280575274
2016-06-16,-0.005025064464927413,-0.0024120643398238017,0.0013065770963898659,-0.0007158401405209197,0.0020435974414663273
2016-06-17,0.000736033098098384,-0.0001699524137333332,5.673758866766537e-05,-0.0020112181727070383,-0.0007942361568018523
2016-06-20,0.00026678086918172534,0.0002387456036506015,0.0009838232160634256,-0.0019674256968044567,0.005968734869140748
2016-06-21,-0.0020162426320752148,-2.8033584235655152e-05,0.0013024755876534326,-0.0008974143852040042,0.0018833985440247628
2016-06-22,0.0018809176060915912,0.0020901561291633,0.0012735378779417518,-0.0027598913562555207,0.007414695413820449
2016-06-23,-0.0015931180683480637,9.688112002144048e-05,0.0010278206941200484,0.0012608507562409425,0.010013120024057773
2016-06-24,0.0014017973334356818,0.0012053091114561825,-0.00043947632142635396,0.0011620012927502593,-0.017807020936688515
2016-06-27,-0.0012873747118348176,-0.0009478338463803145,-0.0010730978254674562,-0.004981171293082101,-0.010790627807518875
2016-06-28,-0.0017836419326245569,-0.00021229168957767608,-0.0010881778336526877,-0.0034204565093689096,0.008341329163318407
2016-06-29,0.002287704241929414,0.0017120168086122408,0.00046549353734019077,-0.0027514968084807016,0.007639499709092592
2016-06-30,-0.0015625773030095113,-0.0013096287736982313,0.0016617849700744135,0.0036983694818029152,0.0026130950525161648
2016-07-01,0.000528879622627197,-0.0004309236428296508,0.0018014122912796558,-0.0026471996956377196,0.005526769862323046
2016-07-04,0.0004573709566018753,-0.0007344128145631986,-0.0006404723005827496,0.0021316362144512308,0.007528545275218488
2016-07-05,-0.0019653902606917156,-0.0009478673695460842,-0.0010404601159208708,-0.0003628345793245005,-0.010628630147580415
2016-07-06,-0.0031247826115687084,-0.0013924934207800372,-0.001423828929986,0.002857728011371552,-0.0035728084522097716
2016-07-07,0.000872437271016748,9.680207440567442e-05,0.002106635291859643,-0.00146834768035834,0.013163038473254677
2016-07-08,0.00020584461548851408,0.0016227295665887298,-0.00024820054731526057,0.00038412995039642555,0.010486595247787747
2016-07-11,-0.0008843566191482163,-0.0005940990938571893,6.90269274316983e-05,1.3824088474581723e-05,-0.00933664666498356
2016-07-12,-9.60305103387934e-05,0.000370134280715994,-0.0005068319686591414,-0.0009196160222050668,0.010255934624623214
2016-07-13,-0.002026121219921508,5.480428022800319e-05,0.0036759432591174815,0.00016443311720022955,-0.002595388808149639
2016-07-14,-0.0003758378095312843,0.0010860636832450662,-0.0015516766759749168,0.0024473689107499634,-0.011074892149997176
2016-07-15,0.0002945735368020194,-0.0005046115999537619,0.0006265271804470188,-0.00018234481454852336,-0.011859947132012402
2016-07-18,0.0009859433458759095,0.00039424404216521823,-0.0003372918308978326,0.0003659600862847292,-0.011416936324706166
2016-07-19,-8.537643900047087e-05,-0.0015091978489591863,0.0016245799617078502,0.000910306437850442,0.00014174746295778385
2016-07-20,0.0003556870844837717,-0.00021344261676303956,0.000553258208362924,0.0003271204187866004,-0.012565685037615633
2016-07-21,-0.00014343498116904755,-0.0008318036275839859,0.001273347860353563,0.0025500715804584444,0.00431093796631728
2016-07-22,0.0,0.0001430574234937364,0.0006291646617015993,-0.000644242286006893,-0.0003430482731145045
2016-07-25,-1.4327160715296772e-05,-4.299441789796151e-05,-0.0006157150722529567,-0.0005015799874429951,4.2894215721642426e-05
2016-07-26,-0.0036383496280951682,-0.002236314129080922,0.0006235827866468619,-0.0009365023742277311,0.009675521191815355
2016-07-27,-0.000666794375396818,-0.00011353476304717255,0.0014913398544284934,-0.0007950593163894545,0.001301880835385608
2016-07-28,-0.0009031002349444771,0.00019750578474007644,-0.0011675588798294436,-0.0026858936135431308,0.0006503053836957344
2016-07-29,-0.00034821124238448853,0.000543656311090952,0.00155130622863492,0.0051689036702491946,0.01759469373741346
2016-08-01,-6.956279784376047e-05,0.0006961364708554241,-0.0010417463387162925,-0.0006123613680006337,-0.004802514885596385
2016-08-02,0.00045543940338017776,0.0009379181664379382,-0.0016632712055207645,-0.0022792741058341175,0.00962353719005676
2016-08-03,-0.0008790473367910015,-0.0004323178579740306,-0.0006817344143383483,-0.0007540846607861141,-0.011858643240337178
2016-08-04,2.7853601472490394e-05,-0.0005153670014546904,0.0004186728133166726,0.00048731248136215147,0.002918609239835807
2016-08-05,-0.0018760155583293296,0.0006727211824505548,0.0005963236133639158,-0.0015707176639334043,-0.0055091935697948406
2016-08-08,0.0036890835270858456,0.0005464213044108852,0.00037879585461044835,-0.0011066984395995015,0.004626522384327199
2016-08-09,0.0030875217497181385,0.0015226550217503647,0.0007710587017464699,0.00012553439310133082,0.0019981980951562558
2016-08-10,-0.00030411103051550226,-0.0015749775298453462,0.0026206882862386586,-0.00027654485042328186,0.014702377308984563
2016-08-11,-0.001199247512621979,0.00015161434852112746,-0.001216124857944243,0.001612447893135921,-0.0087871356653678
2016-08-12,-0.0015331600597085692,0.0004830551259819097,-0.0002777662059719218,-0.00012441335662533243,-0.0019029765787186357
2016-08-15,-0.00012496442001518792,-0.0015826522441098527,0.0002637295538130875,0.002011417200895087,0.003304227693550216
2016-08-16,0.0015610864461573432,0.0009524138888957536,-0.0005633454624489741,0.0009106589108126556,0.009243612580017284
2016-08-17,-0.001038903565457894,-0.00026330559537930264,-0.002452906820572453,0.0019107492348154217,-0.003811258130576538
2016-08-18,0.0010031124807967798,0.0004670137304500925,0.0010844127046714443,-0.0005083011175294191,0.0044290463312510265
2016-08-19,-0.0002894655246098968,0.0008539239700225939,-0.0007028617787853142,0.0018593894165644291,-0.002459687801834145
2016-08-22,-0.0014569247725259938,-2.7494810356207025e-05,-0.00048319517192755147,0.0026922723367726704,0.004937942016655511
2016-08-23,0.002031952805066556,0.0007229819910461113,-0.00039588012174992306,-0.002332322808553712,0.0005761079950295994
2016-08-24,-0.0009017256359502078,0.00021844792834397892,0.004611235208831966,-0.0008751778263454965,0.0018495309520095238
2016-08-25,-6.851708476185213e-05,4.109954996565664e-05,0.0005062078980758432,0.0005343088020909474,-0.0011504171530494216
2016-08-26,0.002541055701011801,-0.0036266502815296667,0.00031424843646734425,-0.003779951744568997,-0.008933239495859696
2016-08-29,0.0018940839750575171,0.0008983919389624701,0.0022798094835343604,0.00046950950928773927,0.004518236043493323
2016-08-30,-0.00117644629943346,-0.0005949622097784165,5.530132309839804e-05,-0.00023545543422195746,-0.0044074542005238925
2016-08-31,0.0015878827198787147,-0.0001517105365876652,0.0014765649783759999,0.001144472530036445,0.0033315623480035016
2016-09-01,0.004014269131871174,0.004564612246067324,0.002368005512128514,0.002900644711710247,0.0067945135267345105
2016-09-02,-0.005717505897996859,0.00010921203527479041,0.0,-0.0007410152247192192,-0.0011246435242890747
2016-09-05,0.0009449013692005349,0.0007395133243993166,0.0003820074537908963,0.0002874015498409999,0.0026044537147755695
2016-09-06,0.006922697353874226,0.005530168381170636,-0.0009533668187780092,0.0021079949430753823,0.014379936817280363
2016-09-07,0.0008020211361457615,9.365738796389329e-05,0.0008059425261961077,-0.004526470124072177,0.00536980881047849
2016-09-08,-0.004091251248741541,-0.0027437442398655074,0.0011104942840271153,0.0023168425886377236,-0.006449941231701771
2016-09-09,0.0013355685646351675,0.0003276226908016511,0.0008679967452596037,0.0006126742058398741,-0.012259919237014485
2016-09-12,0.0025734402463105962,0.002586155255969152,-0.000671292674554511,-0.000369182811213061,0.0033391287967743087
2016-09-13,-0.002371179641549022,-0.0028629960446842424,0.0016241192042883322,-0.0019642458737473526,-0.013892918144911379
2016-09-14,0.0028452649688729525,0.001334002824575969,0.0003299604077452361,0.0004802843375547663,0.006230464056724758
2016-09-15,-9.615979017102677e-05,0.000619344203123599,0.0009791416055495588,0.0018391693239233789,0.004350628672937781
2016-09-16,-0.001375799900578468,-0.0010590817239274654,0.0011901587599022713,0.0003854148074523419,-0.008720268054376002
2016-09-19,0.0011478704166940678,0.0002731456839478673,0.0015459654074018502,-0.000778768355784877,0.006306048717953843
2016-09-20,-0.0026317060589360927,0.0010746618910385758,-0.001483689895195108,-0.0008058953728388663,0.0017378101129781622
2016-09-21,-0.00017769880100063366,0.0005743511357735898,0.0001366530926721346,-0.0006153551819055219,0.0033984623631307873
2016-09-22,-0.002129461068413706,-0.0012966010401373094,8.180851358508463e-05,5.465824930993659e-05,-0.0035762097572065647
2016-09-23,-0.00042803786717446736,0.0004695289606096267,-0.001310317905041751,-0.00013811582414950042,-0.010101304221424513
2016-09-26,8.253549030764231e-05,0.0004679135271093041,-0.00030420354216893726,-0.00027514479668413994,0.006139347544321853
2016-09-27,0.0012613454193645206,0.001986832752571093,0.00038246664127804036,-0.0010144352248344197,0.0035559620366207973
2016-09-28,0.0003721186688014433,-0.00030300109036753275,-0.00044068030734502605,-0.0020138493385058907,-0.0032396695321791186
2016-09-29,0.00048081216968938755,0.0015782290060622332,-0.0007979967953256616,4.120171674390577e-05,-0.002602070732773622
2016-09-30,-0.0013458028095874098,-0.0011125228630912561,0.0005650068020023618,-0.00013742870907350817,0.003783844079787165
2016-10-03,-0.000620086694206285,-0.0006335564765815401,0.000755188524072268,0.0009506424440655183,-0.0013462650053782802
2016-10-04,-0.0031813607512728988,-0.002669640633826138,0.0004256458553496382,0.0007032494550076241,-0.01212907209702646
2016-10-05,-0.0036279447042703323,-0.0030553118489148805,0.0006542088829910839,0.0007825163889322062,-0.0028007124587984124
2016-10-06,-0.0004758838933132092,-0.0001959796187470228,0.0013131611347350454,0.000293955026997937,-0.0001953670115061586
2016-10-07,-0.002645320025021631,-0.0010854440253023289,-0.00025253233951083825,-0.0031416928134444773,0.00032093993814807893
2016-10-10,0.0008274024943508921,0.0007711451887630695,-0.0006295335364559694,0.0,-0.0021263804998705536
2016-10-11,-0.0030713293832749927,-0.0008783985377004755,-0.002220258999398233,7.087423370206052e-05,-0.012244332057418384
2016-10-12,0.0013029686864929767,0.0017559018374607937,-0.000367366551168642,5.66123188557941e-05,-0.0009361038907821619
2016-10-13,0.0013019361060125937,0.0003681780890666412,-0.0004827762567854367,2.8284142497351296e-05,0.005744621386943196
2016-10-14,0.0022106924806966667,0.0012799866716031215,0.00021115905282124303,-0.002281177062223509,-0.0007480434778574829
2016-10-17,0.0006446911311979652,0.000854742823506974,0.001560029830457938,-0.0015844419560159851,0.011471489459494399
2016-10-18,0.0005282253142743415,-0.0006119951231404907,0.0007506986019764005,0.0008612427430902189,0.0031463202900930505
2016-10-19,0.0013734455520822237,-0.0003189328257441912,0.0007768391362691942,0.0015238414829170665,0.004410425722920179
2016-10-20,-0.0031331039174078744,-0.001495928031195793,0.000554101054501786,-0.001458992164876622,-0.00534215247455905
2016-10-21,0.0005448259136620371,0.0003074858860252721,-0.00025113709426851375,-0.0006985484447965635,-0.004070826756488095
2016-10-24,-0.0024767554587408172,-0.0018471360657555617,-0.0005997085317426866,-0.001289780075055943,-0.0054369283641472425
2016-10-25,0.0005468503659254678,0.0004484682083180391,0.000769343787728555,0.0014008155035561247,0.006316945741915876
2016-10-26,-0.0015488627329821297,-0.0009079924911230029,-0.0011703240625231654,0.0002094460160553125,-0.00202659803668075
2016-10-27,-0.00040700326866179395,0.0006034368012914909,-0.002251229688199726,-0.00016846361225824108,-0.00405151153868455
2016-10-28,0.0016950699947755113,-0.00016805075172245711,0.000925900012837631,-0.00016797782732182683,0.00581278905964575
2016-10-31,-0.0006295071167321862,2.7997872163517503e-05,-0.00019580967362334216,0.0010769156501243115,-0.0008667207744739148
2016-11-01,0.0009620144486396896,0.0011426183922726486,0.0006692507430298105,-0.00015330262665291214,0.007704187619735642
2016-11-02,0.00035629128559547946,0.0004386506081218502,0.0005242174794825346,-0.00015072312874945718,0.011480421930115598
2016-11-03,0.0006831254620581443,-0.00046423354511421737,0.00046600878036328263,-0.0003278419831019771,0.00548651300686373
2016-11-04,0.002175862479120508,0.0022287102537097057,0.00042339605235227387,-0.0011762937166264937,-0.0006961174672171423
2016-11-07,4.102872695265237e-05,-0.0005334464183839267,0.00120420940424772,0.0013256891765841665,0.0023198067224960484
2016-11-08,-0.00025813989967187867,-0.0005708616087504557,-0.0006541113857818987,-0.0007612212530807719,0.004352149619849469
2016-11-09,-0.0006026489341562058,-0.0023291829621095213,0.0030570373310589553,0.0001780931705976424,-0.010737753848590761
2016-11-10,-0.0019718942122470802,-0.000791870174677183,0.0008250825550578739,0.0009447725607230174,-0.011090074764778397
2016-11-11,-0.0022867734907199514,-8.412669485196094e-05,-0.00013901632073989832,0.001866287402613902,-0.01402375135208874
2016-11-14,-0.00048043635849008315,-0.0008764366346070338,-0.000875063568513253,0.0012147752041203176,0.002050764136481491
2016-11-15,0.0007332619201579995,-0.0008460714588975876,0.0007590239878630528,-0.001227106510250366,-0.004965581771239275
2016-11-16,-0.00011333371123364509,-0.0007088679675867078,-0.0033380984051213,0.0027871131825366415,0.00028199596932639877
2016-11-17,-5.6549891156620194e-05,0.0004949410060663753,-1.4090162953013076e-05,-0.00239215939121459,-0.010259261597822355
2016-11-18,-0.003486927567896538,-0.001238178754774873,0.00029867091665087886,0.0017094021256488796,-0.0020388529607791596
2016-11-21,-0.00043845072021363,-0.00028284142684070523,0.0006979212202079396,-0.001968323383777224,0.011453869712259793
2016-11-22,0.0013487327507903592,0.0007526966065069787,-0.000848152492109585,-0.0001560759667463678,-0.0012583330869955216
2016-11-23,0.00011414547853615077,-0.0005998457719350175,0.0006093802225036641,-0.00027111678878389786,-0.010209829179558455
2016-11-24,0.0005281149986076369,-0.00041389252230366263,-9.988940823834774e-05,-0.0004424557794820173,0.001770720745982589
2016-11-25,0.0006956324502010788,-0.0008517404410214723,0.00032679971020972736,-0.0007240358927003022,0.0038447893571241475
2016-11-28,4.242231414353003e-05,-0.0005942611528101674,-0.0013280214435192333,-0.001584988232131136,0.005378640001541276
2016-11-29,-0.0010542518951446244,-0.0021217856245541937,0.0003243296627902914,0.0010963988616229988,0.007131483873368267
2016-11-30,-0.0032587793614786164,-0.0031880405052120715,-0.001007035345325346,0.0004379428060191256,-0.008148375662030197
2016-12-01,0.001176062310984869,0.0013025628346001602,-0.0006070745546911439,0.0014151079258448585,0.002709416875353207
2016-12-02,-0.0008828908942051302,0.000378556861657546,-0.0002960561118442199,0.0007848303907958493,0.005032411975624205
2016-12-05,0.0036417619112532177,0.000913518021183624,-0.0019608817551801916,0.0009399222099761842,0.0073231567917978755
2016-12-06,-0.0016151802330221753,-0.0009271095917546732,0.00023864840885649098,-0.0005342856868237781,-0.002467856041681358
2016-12-07,-0.00022346680912545126,-0.00036329086024411563,-0.000280308341008433,-2.7936862692201663e-05,0.008430020355292335
2016-12-08,-0.0004611096055375643,-0.0004471272151398547,-0.0006521844941885216,0.0013129043605520218,-0.0004316556847150597
2016-12-09,-0.0011048565859420325,-0.0007683979282058355,-0.0015332081893975882,-0.0015404439523890963,-0.006721610538852856
2016-12-12,-0.0010991228993625288,-0.0012787725527769762,-0.0006284784743502035,0.0006401425231471031,0.010193910539215189
2016-12-13,0.001788029001660049,9.708535891068643e-05,-8.349568610469327e-05,-0.0023153453898277507,0.00022226852908065526
2016-12-14,0.001148050170012316,0.0007328489483900953,0.0008458888229981045,-0.001023499072763862,-0.011581819494917309
2016-12-15,-0.0014505947136628347,-0.0012379144858762304,-0.0018088042803491176,-0.0018090786469914058,-0.009757414832791312
2016-12-16,-0.0009052960433203551,0.0002879396498392349,0.0005545562625678521,0.003329748322252644,-0.013054344435198099
2016-12-19,-0.0007627710545627178,0.0006911546877675371,-0.0006177406691340757,0.0003166925805243853,-0.00457956704113423
2016-12-20,0.0009265828579139844,0.0007095639375855335,-0.0007965992875281903,0.001301556266347012,-0.0005197655396965628
2016-12-21,-0.0009838533116086887,-0.0007086506287551468,-0.0007231390332914806,-0.0007530120837743013,-0.003341606066265558
2016-12-22,-0.0014317636999090367,-0.0010994894269087973,7.238875660982534e-05,-0.0002750175521955604,0.00039115412695482903
2016-12-23,0.0004368274746573423,0.0007863352814420413,-0.0006515742988998053,-0.00010190934444713381,-0.003991152208501439
2016-12-27,-0.0011318291856161865,-0.0011315008097759894,-0.0001596435598098548,2.903726933707612e-05,0.002017783301193219
2016-12-28,0.0010132593073510225,0.0008537424097768448,-0.0009247352881954751,-0.0005644035200731233,0.004124492999539108
2016-12-29,0.0012531961739513106,0.00046081622888558866,-0.0014369676712118397,0.0016541173304133482,0.005975582759943856
2016-12-30,0.0012779003971775803,4.304376834519016e-05,0.0,-0.0018527699894741508,-0.00623557438390076
2017-01-02,-0.000950365098097328,-0.000820633949751782,0.001661886117009354,5.7623602643736306e-05,0.0010106990565677961
2017-01-03,0.0030566665597282407,0.0016970175732468277,-0.0004042620828352622,0.002124017357192456,-0.0014152648762743997
2017-01-04,0.001194493957283472,0.0007628259471644512,0.002217583168120895,-0.0005466996740873354,0.00674062756740606
2017-01-05,0.002563373662250734,0.0007976072207495132,-0.00035853860052069214,-0.0015514802665186924,0.007536412632443354
2017-01-06,-0.001130808935083033,-0.0005580157676935796,-7.117792348532242e-05,-0.001447582718403424,-0.00934673194410831
2017-01-09,0.0005568445619525163,4.282441277682621e-05,0.00015793818906425147,0.002566041295686435,0.006537981357213445
2017-01-10,0.0021013366224426682,0.00044343678534038253,0.00048572817321163817,-0.0007856974897592646,-0.004315710429684013
2017-01-11,0.0003586723423169678,-0.00030125883382465694,-0.0022860418585486848,0.0024498755080899024,0.011575966663343273
2017-01-12,0.0019764930002965945,-0.0003228047550505368,-0.001545660515404284,-0.00040619376000578433,0.006729946744212684
2017-01-13,0.0010707242499414427,-2.8145625468058625e-05,0.00021064013615024063,0.0001830354319464743,0.0017842220539831474
2017-01-16,-0.0019870496042573814,-0.000310042562871432,-0.0004937122322272413,0.0010715243457597077,-0.004133341092526785
2017-01-17,-0.0005006118693937112,-0.0008483593101663461,-2.787417597148477e-05,-0.0007513880159270205,0.01440644802273454
2017-01-18,-0.00043054061287961455,-0.001416411162607624,0.00012496789035760334,-0.0030607867851226442,-0.010132817091170662
2017-01-19,0.0010736571603408211,0.001491653292996227,-0.0003203454186661983,-0.0010597061701691304,0.00892395473340601
2017-01-20,-0.0011751211447128401,-0.0002656321011039768,-0.0004478092407499874,0.00011197581334138319,-0.0037051524446645658
2017-01-23,-0.000915179563855226,-0.001192027419168523,0.0010437470070042605,0.0006102127612864124,0.006545488000069866
2017-01-24,-0.0007982603853656009,-0.00019265701606356833,-0.00048421126391371544,-0.0002478656030315466,0.0024021879734980327
2017-01-25,-0.00045477410225196576,0.0002480192916608345,0.00041376457386384913,0.0017490587776784077,0.006487371048570378
2017-01-26,-0.001949817044589812,-0.0012308034273770022,-1.3781413008538818e-05,0.0008163435183926616,-0.007673938146037799
2017-01-27,-0.0023921482990239317,-0.0010310909167039859,-0.002068452708033831,-0.001239567136654661,0.001958459236304299
2017-01-30,0.001127271846847764,-0.00026094062375536505,0.0011847689708998914,6.86950010917902e-05,0.0028833499765193262
2017-01-31,-0.001091107582334568,0.0002862575928925261,0.00019229712712422114,0.00010916434703265557,-0.0002468187814197051
2017-02-01,-6.892321267602016e-05,-0.0010609057271281962,0.0016477182834865006,-0.0004963874129831573,-0.004935430250743878
2017-02-02,-0.0015461769416090386,0.0003419949281286732,1.368410249404167e-05,0.00035596933563197055,0.003947545478499356
2017-02-03,-0.0006146239719269759,-0.0005053436785931305,-4.12765459845059e-05,0.001215224590581667,0.0036995465724349343
2017-02-06,0.0006717528202321381,-0.00038391927197822156,-0.0007250987067541222,0.0006165186075634293,0.0005058203625349478
2017-02-07,0.0020270092129561147,0.0009584840256194971,0.00042511468451498027,0.000683872935711575,-0.002792036303605315
2017-02-08,0.0020215824396096075,0.0014619586014086405,0.0006711639467094325,-0.0011742058393675741,-0.008630532789540103
2017-02-09,0.0016973680963152037,0.0008624647550072884,-0.00038797284676771524,-0.0016973680963152692,-0.0062125782244452955
2017-02-10,-0.0006946084771452136,0.00013894871425337458,-0.0001670169386893568,0.001541377963528755,0.0014873198324295773
2017-02-13,0.0006979438857284378,0.0013542664948257592,-4.1712724472558655e-05,0.0012411361473850877,-0.0015171447189783096
2017-02-14,-0.0016358720956881254,8.403596744356707e-05,0.00030623181987900926,0.0005036303459791421,-0.0010313014822695094
2017-02-15,0.000417397117671981,0.000877553493053144,-0.0016023969708698765,0.0014317389731066043,0.006878418548658562
2017-02-16,0.0010242640728274656,0.0004431519252691838,-0.00013837574572008653,-0.00042895591406132757,-0.0009975615990186367
2017-02-17,0.0001530700994465149,0.0002087987813738328,0.000570319742261651,-0.0006820380674586523,-0.004849555467370268
2017-02-20,-0.00043130135415485045,-0.0002504278154913867,0.0001809816169382062,-0.00019484224798260497,-0.0008917872563820877
2017-02-21,9.784530664844887e-05,-0.0003214602709780127,0.0003363558676757101,0.0013548718087310818,-0.0016183942368285654
2017-02-22,0.0004749996596665747,0.00046101297939349915,-0.0003488234221459802,0.00012569744641219866,0.002538037034376078
2017-02-23,0.0001797877126855873,0.0003317574883208866,-0.0012222902794037694,0.0003456547772795512,0.006925821756243225
2017-02-24,-0.0008325701921276294,-0.0010408355378811328,0.00041515022114870924,0.00022208650360566599,-0.005144679127949978
2017-02-27,0.0010806468306665319,0.0009426508592727052,-8.335301395435503e-05,0.00045684542114839805,-0.0010159703041534769
2017-02-28,-0.001065146973391302,-0.0001521322723890226,0.0005285265359895411,0.0004981320152814772,-0.0014352502655376952
2017-03-01,-0.0008136811099736419,0.0,-0.0002102946235414889,0.0006313618684777118,-0.007684969616320633
2017-03-02,0.0005509213946281446,-0.00015536832918486296,0.0013374538284426285,-0.0016819673084201392,-0.008056083130676073
2017-03-03,0.0004277952922202891,0.0006415511500651339,-0.00011385145244048062,-0.000442058287592086,-0.003334495218115006
2017-03-06,-0.0011849949632362039,-0.0008274721200323131,-0.0019635469662987602,-0.00028575102707616807,-0.006072027550202326
2017-03-07,0.0006020038308716308,0.0004586235640910716,0.0018611581772921943,0.0005730002448779152,-0.004700428539333419
2017-03-08,-0.00056360419137057,-0.0016326770132331218,-0.00024477865652348084,-0.00018793867471811714,-0.006658428312389227
2017-03-09,-0.00026110418205155917,-0.0006670630621924557,0.00015941913498166303,0.001580088320803784,-0.0028527384619946965
2017-03-10,-0.0004331442004742268,-0.0006639435603223592,-0.0002747034304600924,-0.0010114000081934962,0.0031852693868200397
2017-03-13,0.00047639327887208165,-0.00010102103410841446,0.00030253917032504584,-0.00023095021682057005,-0.0011850226107477043
2017-03-14,-1.4437827107156522e-05,0.000317785901647367,-7.23856126672772e-05,0.001024568075485603,0.000838332057481747
2017-03-15,-0.0006328932060167613,-5.7544849032665804e-05,-0.0001152937108557099,0.0007047875501197259,0.013061949191616474
2017-03-16,-0.000229272347893479,-0.0007736500908809875,0.0003285127685318681,0.00015763038573286396,-0.0043589244609900666
2017-03-17,1.426502999249814e-05,0.0001284292392332482,0.0015296096760284963,-0.00031387767588729286,0.004458742649372954
2017-03-20,-0.00017034566014642415,4.260486122099104e-05,-0.00015632660923884392,0.0006812086038940667,0.004493111497490275
2017-03-21,-0.0027567894520800153,-0.0022739319850916284,0.0014465625395198305,-0.0004814500234600849,-0.0008373724028687191
2017-03-22,0.0011911515872363215,7.090840763952541e-05,-1.4237003395809488e-05,-0.00035436112604070427,0.00029812818312948075
2017-03-23,-0.000610097847401463,2.836959913953508e-05,-0.0010228145335810387,-0.0003974732112802957,-0.00281446078520001
2017-03-24,0.0007546471670868543,0.00022767374450903855,0.0008416848458666175,0.0004126792189200872,0.0
2017-03-27,-0.0029220707903419574,-0.00011351543112593073,-0.0003828402539475097,0.0007810004301986484,0.0008665327161107093
2017-03-28,-0.0012513154662921082,-0.0006256309834518091,0.0,0.0012513154662922397,-0.003955217357595575
2017-03-29,0.00017085985262199518,0.00014234267599792113,0.00017090608752104094,-0.00045569116320496325,0.003443911812993966
2017-03-30,0.0012667508116628403,-0.00011381419844404787,-1.4253846757201737e-05,9.956405177018251e-05,-0.005584537407423632
2017-03-31,-0.000586791484030627,-0.0003148975177744668,0.0003721675942243853,0.0013162226316159663,-4.285928582811767e-05
2017-04-03,-0.00017140898225034235,-0.0005859612432827634,-0.00025742234568100914,-0.0005429890249581648,0.0017406444777841182
2017-04-04,-2.8675068463758638e-05,-0.0008460662013708242,0.0,-0.00020074850581465803,-0.005847426430437469
2017-04-05,0.0,0.0006180159012414937,-0.0003152043123123325,-0.00018687155509944416,-0.0007315446676050881
2017-04-06,-0.00020072547990609345,0.0008313863128136273,0.0005736000730869952,0.00045874190838329337,1.4349158063519146e-05
2017-04-07,0.001624789170846185,0.0003162600834260684,0.0007028364760223354,-0.0001867883190889513,-0.005842752057812554
2017-04-10,0.000920293983823139,0.0005606549746854844,0.0005330068192596334,0.00021557144480408575,0.003957038970777907
2017-04-11,-0.00204619867638831,-0.000489821801100502,0.00027332820413708103,0.001801451736302888,-0.0010057616618161297
2017-04-12,-0.00040476466378908837,0.00014456507622060238,-0.0003458911053999668,0.001661381929251364,0.004074260362910239
2017-04-13,-0.000813663887524903,-0.0005142857256210543,0.0,0.0003426760174598908,0.0021023584182818596
2017-04-14,-0.000714398007208451,-0.00045714939580997443,-1.4307891517731036e-05,0.00044298688197161133,0.0001142873470865645
2017-04-17,0.0007258185345433233,0.0005552273371426994,0.0003281940084109032,0.0003982647090547416,0.0014702001691839718
2017-04-18,-0.0011809988637807394,-4.2679413591449116e-05,-0.0008558957470941486,-0.00044145395711408055,0.004014183124383499
2017-04-19,-0.0015546002888480626,-0.0002281542332506313,-0.001738932562827417,0.0005565108342173362,-0.0052130186849879846
2017-04-20,-0.00032798808128655803,-4.278349413449758e-05,-0.0007255603849362093,0.0011831031463624968,0.0011132520952779202
2017-04-21,-0.000813315589861167,-2.8526194179725668e-05,-4.276885572579422e-05,-0.0008854107741691063,0.0019665689720408473
2017-04-24,0.00019923437143431677,9.964200060925042e-05,2.8451525714917117e-05,-0.0007259735125004542,-0.003671556707371586
2017-04-25,0.0007761966754514978,4.312172545059594e-05,-0.00014380212851924224,-0.00010058410635909486,-0.009785248459144066
2017-04-26,-0.00013069143045858287,-0.0004936335887221206,0.0014624225242067562,-0.0005955883063063884,-0.007427672477658722
2017-04-27,-0.0018963988703333129,0.00023352209808963334,-0.0011742450302222604,0.0015903009603411298,-0.0024106545125547915
2017-04-28,0.00023339605958358785,-0.00018955549293810423,-1.4561233628024743e-05,0.001603124978990652,-0.002212454688404478
2017-05-01,0.0028216927161547277,0.0018820946023672892,0.00033508402909701585,-0.000881827898328142,0.00579417122936792
2017-05-02,0.0001445462695125103,0.00017342042936114966,-0.0007087121262223413,0.000939041813021203,0.0040749734870887165
2017-05-03,-0.00034723729677415275,-0.0007090402930629611,-0.00010089144809406331,-0.00030393157431719505,-0.007134875956511884
2017-05-04,-0.0007745197999322655,0.0009781522463489316,0.0012229746009997432,0.0013440665875314214,-0.00202089293351306
2017-05-05,0.0008981212487874765,0.0004199885651059585,8.704230261412757e-05,0.001041968256355806,0.006469885483048632
2017-05-08,-0.0004476631337532002,0.00018784091374811622,0.0015722479889463835,-0.0008091901315754577,0.0006805725760268636
2017-05-09,0.00018843720385964193,0.00026100574360797817,-0.0001884809168651648,0.001665399899785402,-0.001173190560749542
2017-05-10,0.00017288575176322227,0.001080403743893183,0.0019950563931832397,0.0004896807091641145,-0.007199559856252551
2017-05-11,0.0011552326738641838,0.0012572733447648767,1.4600351868594214e-05,0.0008765010640909327,-0.0010223157801229552
2017-05-12,0.00043797539278441925,-0.00021895093397058908,-0.0001460344351792368,1.4595876665102033e-05,0.001766488287380458
2017-05-15,-0.000695591715726146,-0.0002174559116709837,0.00043582480532943895,-0.0016539720854323833,0.004090937957531652
2017-05-16,-0.00013079969498709532,-0.0004501463051479327,-0.0013516559841150798,0.0018296406811726888,0.00021790765159996104
2017-05-17,0.00298745780887285,0.0014223308300512997,-0.0004934831299890849,0.0032384009796413873,0.00857679124611701
2017-05-18,-0.0015169577077350609,-0.0004767924959386521,2.8872527791741332e-05,-0.0006652975282276533,-0.006646750957829786
2017-05-19,-2.8943978930698304e-05,-0.000275013571481874,0.0009134870463327836,-0.00024605765110142244,0.0037767291572555
2017-05-22,0.002392774107589095,0.0013750431867473672,-0.001467752875234353,0.0002718693898968132,0.010667457895420696
2017-05-23,-0.0014350568315539354,-0.00031253551794351166,0.00012803095521450063,-0.0006827298077616033,0.0027418796185140473
2017-05-24,0.0007113893733890021,9.956263564741053e-05,0.0008839464504851907,-0.002991242170525598,0.004425384126307723
2017-05-25,-0.0005963114057979358,-0.00015616238080002004,0.00011383849176305781,0.00029820015130997414,-0.0037553386949706136
2017-05-26,-0.00035444151022878684,0.0009927952253586353,0.0006245298486953347,-0.0006950699959962443,0.0062652484789312195
2017-05-29,0.00012708902603366228,0.00011300073462488673,0.0,-0.0008334334406697688,-0.00026937554658276893
2017-05-30,0.00012714468375739227,-0.0007201711776810625,-0.00046757774331720217,0.0009883516512280374,0.006163260582810375
2017-05-31,-0.0004226364121911476,-0.000380284372782725,2.8187276265406733e-05,9.863114074907986e-05,-0.0018195800240052914
2017-06-01,0.0013873161907975203,0.0009479947792050889,-0.0008478408828026243,0.00031117397705127635,-0.00285593294639609
2017-06-02,0.001233771852658838,0.0019904967392951434,2.8235825617400103e-05,-0.0005886557795176352,0.010899060238657507
2017-06-05,0.00016808606045824783,-5.602162436169036e-05,0.0002244070753745949,0.0,0.000490604925701611
2017-06-06,-0.001433791789041355,8.346432600429532e-05,0.00011155422941560976,0.0031710735891295784,0.0062864294870133034
2017-06-07,0.0008200652341910988,5.5588754409098136e-05,0.001098481008709463,4.168027064993947e-05,0.002072827925428749
2017-06-08,-0.0019409405788333308,-0.00018036642181102827,0.0002775464908184497,0.0015530537261048136,0.0001667523592375306
2017-06-09,0.00015291688996845322,-0.00038914291764556417,-0.0007072087045686152,0.0008197917632370099,0.0011109723538500844
2017-06-12,-0.0004308697380672631,6.947483971475357e-05,0.0007234279669983901,0.0012920526676416925,-0.0017782722107624299
2017-06-13,4.157514361331948e-05,-0.0004295026840669702,0.0005403945011269969,0.0009695963083872315,0.0030544549335569642
2017-06-14,0.0018754925241493286,0.0002329995967311726,0.0010219866097783109,5.470609153694667e-05,0.00619128566972222
2017-06-15,-0.0005561658073589851,-0.0012098878505407448,-0.00019365637120820564,0.00216729964383263,-0.00703726834286199
2017-06-16,0.002264037302117454,0.0003035278234143527,0.0007881583085109241,0.0007994707378459746,0.005313641129597093
2017-06-19,0.0006486829892978622,-0.0005243838609936707,0.000798689090777932,-0.0007177165879778582,-0.002666170929468598
2017-06-20,5.5245566557420374e-05,-0.000774047338466463,-0.0004962163605107003,-0.00020718661372344537,0.0012994375541115952
2017-06-21,-0.0012729161179166094,-0.0012041440614560897,0.0006358070125313593,0.00034606147781391907,0.0005662475205334697
2017-06-22,0.0005506911312691269,6.88169675387015e-05,0.0004133597942456791,-0.00031661034479039425,0.003005406475265036
2017-06-23,0.00021968968919895774,1.372127964667116e-05,-2.7457440968271956e-05,0.00046668040103050245,0.0012656314025207007
2017-06-26,0.0004790484820232948,-2.736876676510098e-05,-0.00149796291349632,-0.0005885775073244175,0.000782864913386042
2017-06-27,-0.00037056099240293015,6.862523077936365e-05,-0.00040969055280376917,-0.0007827466566459493,-0.002859737423401622
2017-06-28,-0.00017828367723015078,-0.00017838887449620372,0.0009906439995633497,0.00012343054647380686,0.006217721952283705
2017-06-29,0.002401290989542517,9.59923206880123e-05,0.0002600050647212138,0.0003836720199436661,-0.0012459354683829512
2017-06-30,0.0008048180386269056,0.001501378820502523,0.00028664050699588495,-0.00130986510746326,0.0036103097034533914
2017-07-03,-0.0011661168947287347,-0.001427551991185446,-0.0006985392596006962,-0.00035696633911907663,-0.004282896197418715
2017-07-04,0.002236845746411957,0.0011525322681325725,-0.0011821469713014779,-0.00017821524335849987,-0.0011525322681326577
2017-07-05,-0.0009226680908784021,-0.00031671061864952527,2.749821261785845e-05,0.0007574766749500097,0.00039804819653837235
2017-07-06,-0.0006196341602896849,-0.0003029176500230311,0.0003021106571912733,-0.0007302840853946972,-0.0016068893674133114
2017-07-07,-0.0013888604640332443,-0.0011965096357434788,-0.0003022559306390146,0.0007152977731839568,0.00012369858793231172
2017-07-10,0.0001926040067587241,0.00023380713768416053,-5.496090906720742e-05,-0.00031644046024091545,-0.0003439002448072795
2017-07-11,-0.0018289393096477403,-0.0011908225004882516,0.0006087353711032751,-0.0010267796101202042,-0.006182826524700226
2017-07-12,-0.000675428888545091,0.0001929570676514103,-0.0005806558809388005,0.0020524412651489986,0.004888702218310526
2017-07-13,-0.0009019227964258149,-0.0005602662094231929,-0.00012320750212365243,6.835597057884884e-05,0.008272730177578973
2017-07-14,-0.0011029187613392844,-0.0008300505990969082,-0.0007515663679381393,-0.0006541559577481547,0.0032736825395556974
2017-07-17,0.0013076348658894188,0.0014169325785450756,0.0008743169955869156,-0.002616981879830116,-0.003572649876277782
2017-07-18,0.00033961623692020453,0.00042118707442488987,-0.0006532478899674948,-0.0003124426930807338,0.0033412235402891562
2017-07-19,-0.0005429250218195087,-0.0006781960246383871,-0.0002308825836510977,-0.0005703886946071937,0.0015101119127952155
2017-07-20,-0.0007745881141490855,0.0002038694427156853,-0.0004360385963237828,0.004557361367572171,0.0061258424833493105
2017-07-21,-9.41284046602586e-05,0.0003092125188487641,-0.0006996300319016249,-0.00010758616990162213,0.006665838483648603
2017-07-24,-4.0299560068588297e-05,0.0006720611022061527,0.0008603770057266981,-0.0014115087336500306,-0.0016264646805116709
2017-07-25,-0.001385237359313054,-0.0005380032140960044,-0.0005651922476893824,-0.0008616975974812309,-0.001966039334616393
2017-07-26,0.00020185572766888025,0.00028254478859187374,0.00029644002696406393,-0.00018839741143846168,0.013522222830399723
2017-07-27,0.00023964213555961318,0.00093175562799413,-0.0008229251469836033,-0.0020387910239595135,-0.004758771702230877
2017-07-28,0.0004942922703823272,0.00038734064422197336,-0.0013769043221801413,0.0025743816697634675,0.0034014318794813162
2017-07-31,-0.00014707357047591285,-0.0002408800161527678,-0.00010676489046719225,0.0024973136822887946,0.0012523983730360207
2017-08-01,0.002354421645977303,0.0016720957926602519,-1.3327558058489381e-05,0.0009749257892168018,-0.005407186691287931
2017-08-02,0.0019250320613341061,0.00037685568219451024,-4.038745027859542e-05,9.413726565097664e-05,-0.005544270929318216
2017-08-03,0.0009569056291346186,0.0023584439818097117,0.0006081697656791632,0.001991737641494828,0.0010629066786544791
2017-08-04,-0.0037233942053287988,-0.003413594264035693,-2.6861502096687546e-05,0.0008511271192482468,-0.004055871406456264
2017-08-07,0.0010193750075711513,0.0006659011314971464,-0.001601346558675977,-0.0008698016313530186,-0.006028154070443148
2017-08-08,-0.001688591517060902,-0.0014437485482468075,0.0003534769936880469,-0.001882597448371716,-0.004207322034148677
2017-08-09,-0.000710052737591411,-9.56016416895659e-05,0.0003961667503983883,-0.0009566370838750574,0.0032965565884331754
2017-08-10,-0.0014561842310501388,-2.7466868092112843e-05,0.0007018847958511308,0.0005634925692492717,-0.011723399546503404
2017-08-11,0.0015353826392454056,0.0005211476337163681,0.00032942597821728625,-0.0005891985015719563,0.006460085969698845
2017-08-14,0.0005077709650389606,-0.00012355763636238428,-0.0005208547618334133,0.0017272345244632077,-0.003985787948796647
2017-08-15,-0.001366789982562458,-0.0012415678456204756,0.001111698336462194,-0.00017961631240726936,-0.00645745364794408
2017-08-16,0.001501160582410827,0.001472946916728262,0.0013665824457302935,-0.00041293875328690996,0.010087768677299224
2017-08-17,0.001409462790209272,0.000971637833464214,-0.0009159575472064881,-0.002231425683766727,-0.003795018974386959
2017-08-18,-0.0012015621752028936,-0.0004232804296002726,0.0005329507146748816,0.00039612886999767767,0.0029468425028432257
2017-08-21,0.0013775891644137888,0.0008321794713658972,-1.3679609857711656e-05,-0.0006271815214314989,0.002076673697651792
2017-08-22,9.597652695737103e-05,-0.0007952613812427633,-0.0005206335405595148,0.00013709334707459017,-0.006297939765252827
2017-08-23,0.000637401640026274,0.0006097392168065651,-0.0017874839347819676,-0.0006789854278995206,-0.008108599780966903
2017-08-24,0.0004159503138003577,0.0003049752577805891,0.00041665509894170394,0.0005127672218507108,-0.00202359076108493
2017-08-25,0.002833979211099792,0.0029728798659817346,0.000692463257872547,0.000317458129249255,0.0038357994534789918
2017-08-28,-1.3812440865806429e-05,0.0002209975284895021,0.0015473035801472743,0.001242356219039363,0.0009806427448301055
2017-08-29,-0.0008788674162605288,-0.0014837205634405412,0.003789005407999195,0.0005631133448713541,0.0010762184382223712
2017-08-30,-0.0003603353929918793,-0.0004570542242817219,-0.0009925148658108788,-0.00101240552017795,-0.00679404020603759
2017-08-31,-0.00012582221337859665,-0.0006429879591399523,-0.0003213928915994605,0.0007546959213305042,-0.003658243812708721
2017-09-01,-0.004529971715842275,-0.0024561464822548604,-8.382815233686384e-05,0.001744726136815121,-0.0033640221282083232
2017-09-04,-0.0003208414443067964,-0.00022323297243698802,0.001840824986054292,0.0013106161771205974,0.0008383401357281631
2017-09-05,0.0026125013995025553,0.0012854804697748725,0.0017822834649119219,0.0012692282865495392,0.011111225425070849
2017-09-06,-0.0009574623817390992,0.0017737872226484999,0.0010375669296794785,0.0018308672603967382,-0.00573464372683157
2017-09-07,0.0013031485353796682,0.0016921416559496768,0.0013766158287760284,0.0012045942182266837,0.0041588171286718
2017-09-08,-0.0014563042677117352,-0.0019378386114059874,0.0002192952408013407,-0.0011142675532302547,0.004251800993884998
2017-09-11,0.0013900073114650109,0.00022010372476843678,0.001058906949521843,-0.002354513559075531,0.00012397975013292997
2017-09-12,-2.7453671930405538e-05,0.0009201464643340504,-0.0002462953093195401,0.001769220153318622,0.0032730102380005457
2017-09-13,-0.0009499749452952099,-0.0003166495748246544,-0.00045211363892711534,0.00042691198687342486,-0.006100812852079045
2017-09-14,0.0031105519921392063,0.0011801377271263291,-0.00011050029017564502,-0.0005270019260460017,-0.0019911511003344587
2017-09-15,-0.001990979464060468,-0.00043918641424000156,0.00022079320046654096,0.0006183144944409788,0.008970276550905295
2017-09-18,-0.000480772542038896,-0.0004257276917759428,0.002765761114593487,-0.002352246378383325,-0.003960891426713506
2017-09-19,-0.0009440997889473924,-0.0006022447485613783,-0.0008369751385607051,0.0014909961657178412,0.007988183793599902
2017-09-20,0.0004607358303605298,0.0005553636758815521,0.00044903763825942535,0.0009072997622896445,0.0054805863153807146
2017-09-21,0.0007519773940805107,-0.00025967103925494,0.0012698587793954657,-0.00024603944956598446,-0.006095958327169352
2017-09-22,-2.7284757372038113e-05,0.000982599874350418,-0.0002323944153777681,0.0007909558704439186,0.0028957812886857373
2017-09-25,0.0014169082136938765,0.00048137426402504533,-0.00041168076111123994,-0.000783866150304655,-0.010415259949616267
2017-09-26,-0.0013054288242688617,-0.0003055725341850687,-6.926598834949558e-05,-0.0016133073511171556,-0.005324863036488916
2017-09-27,0.0010548963432266858,-6.941793067947686e-05,-0.0010563772804899718,0.0001387193432475942,-0.0012211030296488744
2017-09-28,0.0028171182738329754,-1.3877420742863074e-05,-0.0006533449407036127,-0.0008179505942543746,0.004115260655673794
2017-09-29,-0.0010931155570590022,-0.0014940861878762594,-9.70153908749459e-05,0.000415247908964894,-0.004268003430195891
2017-10-02,0.001484781267579224,-0.0023338530264527756,0.00019511651305063519,-0.0007906838439664394,-0.0022909835558593593
2017-10-03,0.0005718549875840466,0.0006136424052093355,-0.0011432396750293244,-0.0024291509920594772,-0.005701595577956837
2017-10-04,-0.0012844499573976102,-0.0013404453401986004,-0.000892570802462679,0.0008239130749075545,0.0011876071115358615
2017-10-05,0.0009675723804822927,-0.0006030644269584654,0.0011874246158309336,-0.0006309192702749324,-0.006303424709239766
2017-10-06,-0.0004102680239479208,-0.0004955226095092692,-0.0008165334387671396,0.002797797501152417,-0.005043258653739289
2017-10-09,-0.0005657868831799079,-0.0006084403597799984,5.6525917147944476e-05,0.00021220759641360645,-0.0010338992373615445
2017-10-10,0.0011743484070422263,0.001373130741009714,0.00038195746589982506,0.0010882239705871924,0.001826303518187098
2017-10-11,-0.0016520410695916767,-0.0003954187960180487,-0.001202050701571757,-0.001244361647579842,0.0025004427648969204
2017-10-12,-0.00021093931354183206,-0.0006888165981937229,0.0010253169899962875,0.0013773332512444438,0.006034579892907493
2017-10-13,-8.3524744254072e-05,-0.0003197530977257404,-0.0001119241155665117,0.001474577717284825,0.005817140563100188
2017-10-16,-0.0008212523863792939,-0.0005148076889610414,-0.0005430128994563779,0.0003202294540999821,0.002032662512275707
2017-10-17,-0.0009217234085979302,-0.0006566584703890774,-0.00019497521091244328,0.00040510431990113053,-0.002673947334408748
2017-10-18,-0.0011497799858888507,-0.0023551192650378082,-0.0009682784346304968,0.001570101117416894,-0.0018844095162477595
2017-10-19,0.0016097442843576656,0.001210197125057228,-0.002640696633622123,-0.00025624599755851875,-0.018458331261528137
2017-10-20,-0.0014490365009724973,-0.00014348231605071558,-0.00035798412364745414,-0.00043081165581010275,-0.010414972540797193
2017-10-23,0.00040191772711103,0.00031578796536124384,-0.0021245755253363687,-0.000962001036190841,0.004194926275764692
2017-10-24,0.00033294972043041706,-5.785363033149042e-05,0.0023526196361566072,-0.0022604446470219828,-0.011071181267572101
2017-10-25,-0.0015554702617952617,-0.0016728858265785762,-0.00011616931690977822,-0.000640335324729167,-0.0013490091181927258
2017-10-26,-0.0002188710639305062,-0.0001896688824706189,0.0005527031688416224,-0.0012850093763201657,-0.007737461646864575
2017-10-27,0.0032534112891622184,0.0025958888720499927,0.0011549962174940687,-0.0004807797465803464,0.004859301681129634
2017-10-30,0.0009923096820208276,0.00011666059072659153,2.91630212911009e-05,0.0017196156962682705,0.0015873134781240145
2017-10-31,-0.00020474721103456506,-8.777961470375793e-05,-0.0006431902456822795,0.002133162710036051,0.003384638729134947
2017-11-01,-0.0004928893563203009,-0.0007102427444331534,-0.0008527922233400111,-4.350190321528536e-05,-0.0011027439124423194
2017-11-02,-0.0016757682116367739,-0.0005925326608267572,0.0009696444191106538,0.00036139440810245755,0.003362468202767487
2017-11-03,-0.0024016910181474758,-0.0010713769665324873,0.00036108644079459114,0.0008542739553329967,-0.0010423151920108005
2017-11-06,1.4494539182527892e-05,-0.00031894227415251765,0.00047886119019638796,0.0020271646917692913,0.004650499427039093
2017-11-07,-7.252420498515035e-05,-0.0004060737079570901,-7.225903421722771e-05,0.0005365546073024261,-0.004317602716023736
2017-11-08,-0.001184577518869491,-0.0010976156847842648,0.0023120729354027592,0.00037574969731787123,0.006634767314333395
2017-11-09,-0.0011232720075073494,-0.0011522397933320806,2.874761035693359e-05,0.001583736797282276,-0.0018849875718757075
2017-11-10,-0.002737201697462246,-0.0008924330907679014,-0.0008496972564828727,-0.0004040112600945402,-0.002798051844265883
2017-11-13,-0.0006808782142990857,-0.00023180679007923512,0.0004921259941841614,-0.0005218374594771182,-0.0039650433980048735
2017-11-14,0.00026176487846512773,0.0005963766658936509,0.000568144586224105,0.0006686435506981017,-0.0027587426022492928
2017-11-15,-0.0009158241967038231,-8.724227184405843e-05,0.0012325183356696752,-0.0004946030184330088,-0.000494473541197805
2017-11-16,0.0011956665806718608,0.0008019772814116325,-0.00043802655141212077,-0.000437273171513498,-0.0027531573069042507
2017-11-17,0.0018378168973695623,0.0005738458866318831,-0.0013109733275393225,0.00041120837094740163,-0.006292181897545899
2017-11-20,0.0010707502874829553,0.0008509889591555052,-0.0008783101877700244,-0.0016432651848377747,0.0015723851320805775
2017-11-21,-0.0007316680894768866,-0.0012149869383113645,0.0014665339637865362,0.0004098000818407988,0.005228368053435217
2017-11-22,0.0006420545966953233,0.0005546635669860959,-0.0006299028253600076,0.0005833284888034427,0.003834299034362182
2017-11-23,-0.0006821629182437611,-0.00020312817457601292,0.000768812367877823,-0.00013068004461703103,0.0024125814684415317
2017-11-24,-0.0002468759315767749,-2.904654709365458e-05,0.00018921889043207793,-0.0003050485559270027,-0.0025872107454835754
2017-11-27,0.0013441736441223847,0.0008094708526590842,0.0013056157832204828,-0.0021833911954021105,0.007004342887958072
2017-11-28,-0.0006353607329777104,-0.0014438350761212947,0.00021658304239452125,0.0011981841006745162,-0.0029088929822318863
2017-11-29,0.0005950955594255204,-8.706251093767875e-05,-0.0008675159227176863,0.0006817473302396788,-0.0025249973508781574
2017-11-30,-0.0017356937285357959,-0.001763244826472184,-0.00024878716386568414,-0.00018979626158332564,-0.007613472594162168
2017-12-01,0.0050318596033926055,-0.00043703110900270524,0.00119653893542073,-0.00026114964022730245,0.007410034489503821
2017-12-04,0.0002336482727958646,0.0003067148671214294,0.00045188517055031157,-0.0005403945011269715,0.001895210060812892
2017-12-05,-0.001540026455758467,-0.00014530237449663378,0.0004932826609613936,-0.00010178339049264063,0.0011208560436895385
2017-12-06,0.0003197720924353719,0.0007555943399302448,1.4494749277421665e-05,-0.00013080349700002997,0.001816900577581601
2017-12-07,0.00035077975775875246,-0.0005114379554598575,-0.0001754976092955103,0.00032144005419806697,-0.008766036545365516
2017-12-08,-0.00021913325580916396,-0.000554995705726688,1.4626191120764658e-05,-8.766674951929222e-05,0.0012298323707566026
2017-12-11,0.000636012799514503,0.00046244780222103754,-0.0012712723101276245,-0.0004336012093141946,0.009688334949516975
2017-12-12,-0.000735691908114686,-0.0008225405420644898,-0.0014252707187398356,-0.0005051999616684831,0.0042615650242506745
2017-12-13,-0.0005148078879303689,-2.860575547980542e-05,0.00021623335988357674,-0.000772709099176613,0.01155170927327559
2017-12-14,-0.00035813284246025156,-0.0003581277121686068,-0.00034318071661206234,0.0011455739145535462,-0.004226826610348485
2017-12-15,-0.000627764323655097,-0.0003996004049178119,0.0009116809748272716,-0.0007138472384568715,-0.0007300785516575453
2017-12-18,-0.0004139043369183431,-0.00041378031709496263,-0.001156044743507406,0.00064219203748318,-0.000514631263770515
2017-12-19,-0.0004724510993624689,-0.0002862704702934199,8.558346532666015e-05,0.0002147781707724637,-0.003452008383934942
2017-12-20,0.0001434185241824518,-0.0001290590877314111,0.00014343703855802724,0.0013328080508318793,0.006478809284172753
2017-12-21,0.00035649353341786645,0.00025662959935540436,0.00021425357706887296,0.0006698639856546607,-0.0003136762886447696
2017-12-22,0.0009980894546306467,0.0008557980838960213,0.00022806317448761303,-0.0005131787257495903,0.0009692271173089707
2017-12-26,0.0006407746472496792,0.00018510739841685764,-0.0013529970945070087,0.0012518851038910619,0.0007541102923484128
2017-12-27,-0.00014156085016775794,-0.00024067899908776554,0.0006929958202593538,0.0007217509140611381,0.005305353248325134
2017-12-28,0.0006492681846735804,0.0007058358801186241,-0.00014117115614382882,7.054723493030435e-05,0.0035730211649718916
2017-12-29,-0.0005208663391755979,-0.00040816614335941896,0.0006460946612945633,-0.0003943495396370893,-0.0011143162566669904
2018-01-02,0.0010416520979584032,0.0009287795660696416,0.0006599779778834384,-0.0003095670307693789,0.0015509781319278612
2018-01-03,0.0008884564711937875,-0.0003099945071252712,0.0001548586917535223,0.0012960121272529435,-0.0015792000123536977
2018-01-04,0.0005179715231475964,0.0005178627779403054,0.0008002864610094405,-0.00016796136928002334,0.00961971228741941
2018-01-05,-0.000823361174100726,-0.000544331637014064,8.387737133217959e-05,0.0007536110886286999,0.0015222297316233003
2018-01-08,0.0008361087985868164,2.7861361865124626e-05,0.0008926953014962202,0.00027854765434054033,0.0004740526008298239
2018-01-09,0.0016449894275842518,-0.00012542767369000832,0.0004882301753476915,-0.00020895875926662977,-0.0041346038143799495
2018-01-10,-0.001193831089775624,-0.0007358300981066269,0.004676374832818224,-0.0018212535533230765,0.008460393477905585
2018-01-11,0.00020737852877039014,-0.00020727250189931065,0.0009708334673733382,0.0012019481293672326,0.007797418260029955
2018-01-12,0.00022115025867970584,0.0001381387191212458,0.000688951993520112,0.0002625524256269591,-0.0015987654323349769
2018-01-15,0.0012455602866832075,0.00019162856966845144,-8.229436699692866e-05,-2.7358284090193296e-05,0.006546398117598225
2018-01-16,5.5031987356669625e-05,-0.0005087694078076642,-0.0002063713728956296,0.0006601477320238003,-0.004038300613199452
2018-01-17,0.001085366211527012,0.001086291521681441,0.001086231776644247,0.0014681771859063662,0.0008529723851455322
2018-01-18,-0.0007526668709792333,0.0007255851203752199,0.0016867457356525008,0.0008757766234787278,0.003048238639793381
2018-01-19,-0.0013727780314960285,-0.00041196342347482503,-0.0007121629510630099,0.0007003522646040631,-0.0032132732974459646
2018-01-22,0.00013653368307153994,-0.0004368183314745254,0.0004242594341610517,-0.002049965185172691,0.004340956211089222
2018-01-23,-0.001332680789059898,-0.0013730570344396246,4.094305503997546e-05,-0.000544462152914086,0.005831238082577291
2018-01-24,-0.001617752486231934,-0.0014693693119084783,0.0012169399522291657,-0.0004993353545453802,-0.003224777774687576
2018-01-25,0.0005967477426081563,0.001261983924534638,-0.0008014181454347015,-0.0007866967283090574,-0.003809632451940994
2018-01-26,0.001349095697413898,0.000435967309357611,0.00025785263186492424,0.0007623196666477741,0.00597423859701212
2018-01-29,-0.003020881906372709,-0.0012026459657603415,0.0016235873925149196,0.0003285016249309982,-0.00531104854470474
2018-01-30,-0.0003815961668633181,0.00042249010843181835,0.001105160940673816,-0.0006135847859861815,0.002086928812970585
2018-01-31,-0.0035691147556875563,-0.0019731335968855425,0.00041906899705555664,-0.0018164816772030733,0.0046356483527467615
2018-02-01,0.002017836183670111,-0.0005550929923271517,-0.0007210737508273421,0.0006626950290200587,0.003479582982584256
2018-02-02,0.0003691828112131664,0.0006703926152174103,-0.0003943459008534486,-0.0014501678442628311,-0.013881929014445212
2018-02-05,-0.0009459247118693818,-0.0008770608063831674,-0.002268194342748873,1.3715445649483275e-05,-0.001952293189003233
2018-02-06,0.0005348803846999242,0.00017830813063733416,-0.0008073841876555843,0.0017534971683405432,0.008700890034830745
2018-02-07,-0.0004251438353037499,-0.00016459099175801615,-0.00010943912459624309,-0.0018672859763648685,-0.01387499249016279
2018-02-08,-0.00066577898597761,-0.0011916970620192292,0.0023727766361879704,-0.0006523383785468131,-0.00044276563201714074
2018-02-09,-0.0005104187613832454,-0.0003863134705881179,0.000650262549113842,0.0004138730296641665,0.0031366397373482975
2018-02-12,-0.00013812536279870653,0.00016581227325153323,0.0004416107824798277,-0.00020722382319220454,0.0022470525518590986
2018-02-13,-0.0002470559182459818,-0.00021960827462438268,0.0007541943847769302,2.7453671930402163e-05,0.0026815750716972916
2018-02-14,0.001992440305954902,-0.001226559246665902,0.0007110625214136073,-0.00017724815469727536,0.012636803485579386
2018-02-15,-0.00012198179775620403,-0.0001899103357626098,-0.00029741787430266343,0.0004471938659901697,0.0030465330348935097
2018-02-16,0.00122922324526158,0.00040526302124375095,-0.0015089055216513287,-0.001607749969712156,-0.0026397919741996856
2018-02-19,0.0012762550440463024,0.0006652502061205203,0.0007988897212408596,0.00029846291819838466,-0.003470813430311712
2018-02-20,-0.00017680700201792298,-0.00012236823335937672,0.00010880800837680034,0.0003263885140220334,-0.003128615760155537
2018-02-21,-0.0002043443618284277,-0.00019067854379375374,-0.0009121914328326887,-0.0002452683656982251,-0.0034528206152951144
2018-02-22,-0.0013598043977277412,-0.00024481469010403196,0.0007229819910461113,-0.00027218290859380625,0.0008335896079022874
2018-02-23,0.0001646790820118058,-0.00017832525201400432,-0.0010962509319746116,0.0005075898508703267,-0.004243500817056461
2018-02-26,0.0012181186365961228,0.0006843222055871394,-0.00016355012847884214,-0.0005746576156608589,0.0012902164960993255
2018-02-27,-0.0020948765895939256,-0.000248436919003882,0.0005217343666693969,-0.0009662236593086365,-0.007572873113209085
2018-02-28,0.0008865371610274723,0.001011129434522346,-0.0002355141492547214,0.0006367134727743758,-0.004002304240876252
2018-03-01,-0.0002902898080282489,-0.0016432268933619584,0.00165086360993008,0.0021544291502484697,0.007548040314984838
2018-03-02,-0.000497705037094749,-0.0018246162310829577,-0.0014077122863460699,0.00011062252839075903,-0.003918976147836538
2018-03-05,0.0011619222819380846,0.0002765104400308943,0.0006091651856657137,-0.0003594983653888889,-0.0010100521796544068
2018-03-06,0.001095365345366382,-8.219403275961764e-05,0.0002483923507927357,-0.0005749172003839403,0.007955864398987926
2018-03-07,-0.0007698970643018787,-0.00028880469439604396,0.0008104451710433256,-0.0009494390079497136,0.0007825102503143108
2018-03-08,0.00013781887864802565,0.00085501915211241,0.0012946055327672068,0.0004684421628489782,-0.0038498074524431552
2018-03-09,0.0001508781798722261,0.0005625956389428454,0.00020614731359975018,0.0005073323341209667,0.00260024497994856
2018-03-12,0.000685513750830039,0.0006029710208449894,0.00019147393961424825,-0.0006169412250712176,-0.0001644984856140604
2018-03-13,-1.3647498754835184e-05,0.00010908991747269875,-0.0006685085006290525,0.0021812340795480953,0.0040907126853458806
2018-03-14,-0.0003004192236274115,-0.0008598042086885824,6.823190663072791e-05,0.0003823360780661744,-0.0016397478462972727
2018-03-15,0.0005620249495100212,0.00016448044775767132,-0.0009433382566953934,-0.0012341279025729604,-0.005554084176584236
2018-03-16,-0.0020228898188683164,-0.0004991957505628697,0.0005238778105919429,0.00088724999928562,-0.00882632892554299
2018-03-19,0.00027685492978604676,0.0,0.0011933672407721126,5.536178930709086e-05,0.0027116034433968196
2018-03-20,0.0005144140312113296,0.0003335603427683167,-0.00042941939003571776,1.389940997024775e-05,-0.008365927661235463
2018-03-21,0.0007390622612853812,0.00033481208984399865,-0.0004743634550060291,0.0005295576923554278,0.006582077252847014
2018-03-22,-0.0012315187287463576,-9.687843839515896e-05,-0.003131836200163646,-0.0007202415890731398,-0.0007615250252059648
2018-03-23,-0.0002618107674296275,-0.0005235313687304243,-0.00016586727891294067,-0.0005514047174533399,0.0006507937836573168
2018-03-26,0.0002880125099627223,-1.3709052773338027e-05,0.0003294983417603929,-0.0007544944216679596,0.008700255865332022
2018-03-27,0.0007427990107413887,0.0003024803410842495,-0.00048064709756185324,-0.00020627771929980908,-0.0038864866647111028
2018-03-28,-5.522039842912942e-05,0.0011182363404761162,-4.13613395619765e-05,-0.0028618256399808306,-0.008581608538338404
2018-03-29,0.0004718748786432474,0.00016656256544866988,-2.7768136065712577e-05,0.0012618648151223398,0.0035189352060067355
2018-03-30,0.0003317666604939891,-0.0003042161617554688,0.0010079741265591794,-5.528680029058069e-05,0.0007327071089333483
2018-04-02,-0.000871520027496084,-0.0014396658032760747,-0.00015206497350896678,-0.0003598964644412522,-0.0027554139128338566
2018-04-03,-0.0006895030335496981,-0.0008128569612739497,-0.000785865492007362,0.0012545409819221275,0.006054676297763741
2018-04-04,-0.0003289699159268513,-0.00024682893508925114,0.000590403894593308,-2.7419045270534208e-05,0.007346159156698062
2018-04-05,-0.0012214622007649726,-0.0009740238239798552,-0.00024701523386205473,-0.001456724551916234,-0.00540482536052249
2018-04-06,-0.00020650206231269532,-0.000922363242451274,-1.3793769354540108e-05,0.00024779735809621247,-0.0006879850565824663
2018-04-09,0.00028784275760220055,-0.00015074378381744528,-6.856594332278621e-05,0.0013421717803171807,0.0055160819356917905
2018-04-10,0.0012365224047614838,0.00024464499415271986,-1.3627227200063915e-05,0.00021725257054514693,0.007633728914545661
2018-04-11,0.0006788774343905412,0.0002443593723978002,4.0750626546491136e-05,0.001275043239354383,-0.0013317028738011557
2018-04-12,-0.0003935592052046861,0.0008415223907217477,0.0005823993663416213,0.001695271954606608,0.002946390090703697
2018-04-13,-0.0003125233568705572,-0.0006794124702530635,-1.3534088986818403e-05,0.00046195652995432545,-0.0024433959053150214
2018-04-16,0.0007605699208123953,0.0012090339390918635,-0.0006796248732436669,-0.00031230693235754516,0.0015765585368841064
2018-04-17,0.00040917646987867316,-0.00039548061637666426,0.00050353496208878,-2.7273223151237023e-05,-0.003537129908821758
2018-04-18,-0.00010914051852589283,-0.0005456207252983376,0.00013674465691561316,0.0009273149443998475,-0.0031394628644296945
2018-04-19,0.0005617323424663802,0.00026039703842720374,-0.0007931624347442726,-0.0006850816885287097,-0.00607479464843389
2018-04-20,0.0001664909266292209,0.000846510968458609,0.0001521701541929803,0.0019403487626739248,-0.009286067253466028
2018-04-23,-0.0011164453543271572,-0.001339921480098261,-0.00012507209032620143,-0.0008940545968806903,-0.008685056262743419
2018-04-24,0.0007861525259944441,0.00019651329335295742,0.0009559558176724691,-0.0015026509866724036,-0.005565109859542622
2018-04-25,-0.0007498320303224767,-0.0010746151508521824,0.0012567161828791922,-0.00035388960429348556,-0.0066145549293192205
2018-04-26,-0.0028527466422685337,-0.001412050673064092,0.0007081651737069971,-0.0008347659249433513,-0.0010759996507613276
2018-04-27,-0.0011627578519994197,-0.0007936733317215955,7.096275168153416e-05,0.0028619214229545064,0.002588934112573698
2018-04-30,0.0001419789021736112,7.09869313357877e-05,-0.0012178372152467536,0.00039743371896548707,-0.006730024906040197
2018-05-01,-0.0017565786943780234,0.00025686031221331117,-0.00119670066850902,-0.0001143559616438043,-0.0038315041710088593
2018-05-02,-0.0007560681962744945,-2.853840556121308e-05,-0.00014230621475270675,-0.0009137505811312212,-0.0017139678256445899
2018-05-03,4.263755943256976e-05,0.0010088739124004067,0.0010964210785327263,-0.0019489717166750263,0.006511710562222512
2018-05-04,0.0011571512516265875,0.0005427176002274575,-0.0005273773079178957,0.0018258592314293722,-0.004055934688181315
2018-05-07,0.0003851887829295764,0.0005706052850215067,5.7023921550524814e-05,0.0014253341257686653,-4.276275934480789e-05
2018-05-08,-0.0010489184888831731,-0.000359409709368728,-0.0031862404346477934,0.000934022182672946,-0.006406519931495299
2018-05-09,0.0022331662968307557,0.00025758074583255775,0.0004452775517233177,-0.0010730152038514692,-0.004370774574202205
2018-05-10,-0.003190391301218797,-0.002157125820281096,-0.00037520203626504803,-0.0014404450584198135,0.0034234786025704954
2018-05-11,-0.0006459902177688102,0.0006023837366440659,0.0008753615012470272,-0.00015797221158053606,-0.0005170853736965254
2018-05-14,-0.0011664495897133456,-0.0016277616114903917,-0.00023006024804200084,-0.0008072305225505092,-0.0065718598756801935
2018-05-15,-0.00040776501649957215,0.00042257113302308105,1.4467278632675482e-05,0.000975446489667202,-0.007693015558548866
2018-05-16,-2.8964518466722004e-05,0.0012160520347368586,-0.0005953634433942185,-0.0014638001990549619,0.00556521659259763
2018-05-17,-0.00037776422150333845,0.0001453256022669727,-0.0014796979474388692,-0.0002761487441881325,-0.003469176466244129
2018-05-18,0.00028975009257396696,-0.0013044803496371784,0.0004633383611212983,0.0016499743221059108,0.003150340504643967
2018-05-21,0.00031766659714117074,0.0011839276010766544,0.0010158473039369126,-0.0006787739004881785,0.0030119853580865236
2018-05-22,-0.0010228558737165774,-0.0004897724096752409,-0.0014928803875076525,-0.0007065252948778728,-0.0016417763671613664
2018-05-23,0.0011298126871736708,0.0002897878773032349,0.0013630697275891653,-4.3430738836012853e-05,-0.0017888576281310312
2018-05-24,0.0013276764729156793,0.0005486176417109034,0.0011282275008870541,-0.002454697644384064,0.0007505557351278608
2018-05-25,0.0008965627543721858,0.0008684199645506417,0.0010109764003766843,5.7815164933967676e-05,-0.0029043115455212533
2018-05-28,-0.0004606503889021456,-0.00041748544805831435,2.879976960381907e-05,-0.0007490097577395241,0.002062644521365294
2018-05-29,0.00013004183030522563,0.000722543384035998,-0.0019077631488944914,-0.0006648359834420947,-0.006345740102369187
2018-05-30,0.00048760201169731614,-0.0004589985306569559,8.661258197517747e-05,0.00030104721651179035,0.01249394805214373
2018-05-31,0.00025668449338781533,-0.0009266453963708372,0.0,0.00021385342567768165,0.001874280703491315
2018-06-01,-0.0007322694217072098,0.00015776150795344165,-0.0016306916886519357,0.002295520441010204,-0.0031209760479919517
2018-06-04,-0.0001420454547843042,-0.00018464204351792226,0.0017238313204910015,-0.0011513124099703897,0.005823263772450645
2018-06-05,-0.0020548832094771834,-0.0012277822942876767,0.0005965655049588231,0.0009280743125540331,5.6923295874268415e-05
2018-06-06,-0.0005674241931686223,-0.00022691816860958154,-2.843494085728338e-05,-0.0014341805975566647,0.0011804277932082345
2018-06-07,-0.0021866932860622745,-0.0009083039468653789,-0.0008228935101074296,0.0012927148097168126,-0.0010239054350929722
2018-06-08,-0.0008116132325543311,-0.00014240348627792712,-0.0014681464796703159,0.0013523229984245238,-0.00015652235811541013
2018-06-11,-0.0004258399757748113,-0.0011775974120042615,-0.0011087578784451375,-0.0010511812550826418,-0.000498394468170172
2018-06-12,-0.0006685775905706971,-0.0006970574501078775,-0.00011370904709867478,0.0007396765674862207,-0.0020817003311321886
2018-06-13,-0.0004545325495146419,-0.00017055387411831779,0.0006133788091632238,0.00017047391790351245,0.0024092446771562036
2018-06-14,-0.0018098262804573987,-0.0003134572940106307,-0.00036946513237873024,0.001140429780474952,-0.008019999956761444
2018-06-15,-0.0012659322115298193,-0.0006911646398864774,8.64067743449374e-05,0.0009064553184279702,-0.00353717998603264
2018-06-18,0.00038878849675789056,5.7575495884828334e-05,0.001714883152547827,-0.00014397811557518002,-0.00015865117687558037
2018-06-19,0.0005508603708290786,0.0008410551386865459,-0.0014632700170438672,-0.0006088633289964044,-0.004756784482742574
2018-06-20,0.0004073319811922855,0.0008577264960008775,-0.0015827498131140262,-0.001076880643091436,-0.005537040283927068
2018-06-21,-0.0007713859859268477,0.0006989646870559311,-0.0016812746557270568,0.00098959478351677,0.0014562614523653662
2018-06-22,-8.69338433998575e-05,-0.00010145001059438946,0.0008981863036471457,-0.0015806153188172728,0.005196098660091322
2018-06-25,-0.0008561085313898464,-0.0003339261763814771,-2.896703551559021e-05,5.8064422493102344e-05,-0.003144314935262613
2018-06-26,-0.0012834725523629379,0.0006126646727897074,-0.0006689255270006731,0.0007294478403538763,-0.0054133632392658875
2018-06-27,0.0012485588114045873,0.0005137049245174664,-0.001143846086792916,-0.000998722306052451,-0.007204916431265329
2018-06-28,-0.0001035847731310329,-0.0002664298417180997,-0.0007099121781865359,-0.0009919974755048268,-0.0071387786762647535
2018-06-29,-0.0002514737112281783,0.00029586236698599556,0.0010637984514348241,0.001581752526871035,0.0017008190214010683
2018-07-02,-0.0001342051700828902,0.0008651809961207048,0.0006218445292995044,-0.0002982982109311639,-0.009193421809150044
2018-07-03,8.909215104052253e-05,-0.00013361342686347023,0.0017237028206477248,0.0009053199291522579,0.0063406480296521375
2018-07-04,0.00019224939241858742,0.00029587549774980385,-0.0002513324328164387,-0.0007396231217915447,0.001331321755171829
2018-07-05,0.0006044567813170796,-0.0005452201277077522,0.0009148726456708526,-0.00022110034360621776,0.0032911029801827485
2018-07-06,0.0007176175406634169,0.00026358564489478725,0.00014675021671981371,-0.00033677675680145663,0.00669625692257159
2018-07-09,-0.0010665888434886325,0.0001461795965122102,8.770391165074511e-05,-0.00042402930824032473,-2.9258159371307014e-05
2018-07-10,0.0008348896453321717,0.00029314337852452395,-0.002211887963720684,-0.0002489292394887366,-0.0022261286287571804
2018-07-11,0.0007945032565887163,0.000441384187957057,-0.0019667998883919837,-0.0003236103171674606,-0.010420061709549077
2018-07-12,-0.0004134672238467008,0.0003839395194760362,-0.0007239899548662885,0.0,0.003578932507762721
2018-07-13,0.0005488515049480502,0.0011423909851134924,-0.0013952593140896354,0.002710169230142113,-0.004201376063338483
2018-07-16,0.0005159388358413428,0.0011639643873965384,0.00014761454915801893,-0.0024050709874947106,0.0022607561733463894
2018-07-17,-1.4714213194420083e-05,-0.000956930828041387,0.00011711487518677862,-0.0008832492367351215,0.0004131804624426947
2018-07-18,0.00019189466517901348,4.425464121276017e-05,-0.0008001897172864914,0.0008409498802632414,0.0023430430477304944
2018-07-19,0.0006539639363889367,-0.00044604360072252036,-0.00016299073211501817,-0.0003715179523052576,-0.006749248425809117
2018-07-20,-0.0005000956169356724,-0.00013232667063360428,0.0007691056568203522,0.0006765402578874593,0.008249447262862041
2018-07-23,-0.0011778737797853776,0.0008247423147902964,-0.0005721285538179029,-0.00023574133391443455,-0.0019290953226870546
2018-07-24,0.001439800439722319,0.0002789748426835921,-0.0005300977860027154,-0.000631493944692442,0.0032669668366635514
2018-07-25,-0.0007191130271221087,-0.0006018569670465211,0.0008967094306990879,-0.001675042267694955,0.0038711996260194876
2018-07-26,-0.0006618182594550733,-0.00041166784867435556,-0.0003660509730242399,-0.0007211450329083317,-0.007786942657659955
2018-07-27,0.001870687470611348,0.0015170821912976308,-0.0020670010755155974,-0.000500471042005281,0.00017698070956458846
2018-07-30,0.0017600473889360564,0.0004839809728627465,-0.0012195929834899488,0.0008202965245816941,0.004083796844016461
2018-07-31,-0.0005875095639291238,-0.0007782730075142069,-0.00013207616411323734,-7.346297102249061e-05,-0.0010120493394457366
2018-08-01,-0.0011466542477111326,0.00019113290411121395,0.0006766298210609071,-5.883823898839672e-05,-0.0031895140619488233
2018-08-02,-0.00028118779830218105,-0.0003552608243888341,-0.0005173267625038966,-0.0006366644919266506,-0.007506721816943719
2018-08-03,0.0006972828506152854,-8.903133909025848e-05,0.002303686171919835,0.0014819647633573464,-0.0007419058416687859
2018-08-06,0.0004903381202396133,-0.00013377827014906526,-0.0006825027342483688,8.912655977365588e-05,-0.0023311937503381493
2018-08-07,-0.0005044660185916911,-0.0001335301668886629,0.0009630985846050081,-0.00013357773130669542,0.0010400571483125582
2018-08-08,-0.0009352801697226907,-0.0004898068329499894,-0.0013192711829491922,0.0012468459385835968,-0.004390443342803873
2018-08-09,-0.0004820220919695894,0.0007082633528696465,-0.0006765645813421073,-0.0021115828120108066,-0.013257954790769685
2018-08-10,0.0027560324545580195,0.0003632456034251342,-0.0019121045039078451,0.0002872802892561033,-0.005015503994457089
2018-08-13,-6.073950347334348e-05,-0.00028836595356799107,0.0006081430539846899,0.0008955337751766555,0.0008517888078892742
2018-08-14,-0.0007425199040980743,-0.00015151515180502102,-0.0009097939944293441,0.0006970753426682032,-0.0009430949422030552
2018-08-15,-0.002288924137299711,-0.0006105751807711405,-0.0001831781412540839,0.0016180492303032165,-0.0010353859259822104
2018-08-16,0.00013640807253818358,0.0003029660398246485,0.0007291730286015283,-0.00013640807253821057,0.0033914576979959176
2018-08-17,0.00037832071454465437,0.0007564640208228792,0.001544425235821847,-0.00013617896963813702,0.00680892326452587
2018-08-20,-0.0014796922524660482,-7.5503039033182e-05,-9.064265649607616e-05,0.0002870502584278057,0.0024706621585693
2018-08-21,0.0005095846995061675,0.00044974814862199257,0.0007799142489699484,-4.49529118323635e-05,0.007450247699042258
2018-08-22,-0.0014035928302137276,-0.00040310240093173173,-0.0003889071757517698,0.0009259951374840739,-0.0003136786313482377
2018-08-23,-0.0010512247735551996,-0.0006306685295228736,0.00023974706799281492,0.00042062252753295064,-0.008838261381744882
2018-08-24,0.002502305073377901,0.002442369562199823,0.00033113579880537475,0.0007629305878869564,0.0041662653422124005
2018-08-27,0.000807633677353756,-0.0001645314969346029,0.00035950747863160024,0.0007024098925073438,0.0019120464716256631
2018-08-28,-0.0004914261135511492,0.00026797278747843836,0.001448528951321068,-0.0005214735470352568,0.00034318370363442953
2018-08-29,0.001432515353529796,0.0006723091082193824,0.0006116892511042486,-0.001208549514849378,0.0019375229621481154
2018-08-30,0.00037560943071001106,0.0009472046895692268,-0.0022977640710415918,-6.0088028980559195e-05,-0.009845662487641767
2018-08-31,0.0006182566866868586,-0.0001357312523292375,-0.0009166798799530619,-7.537669506914364e-05,-0.004808317538330632
2018-09-03,-0.0002421783958435424,0.0,-0.00048374175181050213,0.00045403639124870715,-0.002542643598905771
2018-09-04,0.00024437927785364843,-0.00039695869097384085,-0.001876731377287425,-0.00035131399431124355,-0.006613831000872815
2018-09-05,0.00013683738418686855,-0.00027357286327844203,0.0008394704198103506,0.0008054405663196514,0.004763326893143461
2018-09-06,0.00040961534658034537,-0.00039434569460849105,0.0018964829728511225,0.0010763366182486903,0.00048570952490180265
2018-09-07,0.0005031830243780411,0.0007929368048397075,0.0003039375127876127,-0.0009150666349453472,-0.009161858944519383
2018-09-10,0.00042782710326050527,0.0004126642118213172,-0.000811296971521456,-0.0013299195601020144,-0.0006282995509767913
2018-09-11,0.0009374160277687134,-6.15081806074896e-05,-0.0004746193565374856,-0.0008912930485234717,-0.00039863850149209653
2018-09-12,0.0016701785150418991,0.0017153976423114662,0.001134865011535158,0.0012087552059677012,0.0061458686034426115
2018-09-13,-7.592495581015784e-05,0.00021268515082075956,0.0005642867641477523,-0.003696918124170903,0.0015229743581236257
2018-09-14,-0.000654953681633364,-0.00044157842160425653,-0.0006524592634104197,-0.0004724421536748699,-0.0003805261962094385
2018-09-17,-7.593072084677732e-05,-0.0006378326057572819,0.0001219251990414256,-0.00036454773700598055,0.005115567929305907
2018-09-18,-0.0013663278275601967,-0.0007441436996262947,9.103598962400464e-05,0.0008048412391667874,0.00027331116646245925
2018-09-19,-0.0005149720665736086,-0.0010297258507891787,0.0006207559795691249,0.002088536514004225,0.0028198499605686504
2018-09-20,-0.000134820352085238,0.000659087188136228,7.510495921584884e-05,-0.0009142617973340425,0.012113334937994788
2018-09-21,0.0013934987308564957,0.0003146373830148637,-0.000283825673190456,0.000957840143872055,-0.0007331543169299614
2018-09-24,-0.0005851067986803326,-0.0005701168894012981,0.0002549203387749647,-0.0008858127911048455,-0.004825299293248943
2018-09-25,-0.00010519118507575176,-0.0003756771624957907,0.00012045834414471573,-0.00025551038337807866,0.0008284193480406875
2018-09-26,0.00046658289089332157,-7.524171404172612e-05,0.0004957374195489038,0.0005566044265883531,0.0030366830310826222
2018-09-27,0.0009046090444554643,0.0004975086978188133,-0.0003464142395830577,-0.0013874020110909155,-0.007835967823986774
2018-09-28,0.0005291925401515073,0.0005291205384416558,0.000408561641745437,0.0023402065531638555,0.000877060391924495
2018-10-01,-0.00013625112617499213,0.00010588813684594412,7.563667172003439e-05,0.0011046130060253575,-0.0034664703240652804
2018-10-02,0.0015172898051002454,0.0006675871525000774,-0.0017614995519491003,0.0006820300509153995,-0.0012290139848983761
2018-10-03,-0.0002748259452989728,0.00015266942519073405,-0.000791452356311516,-0.000519321838462488,-0.010454359715731767
2018-10-04,0.00019997077416874514,0.00013846686433140767,-0.0022027967470003057,-0.00012305420553264412,-0.006325482226388037
2018-10-05,-0.00035535230464562814,0.0003089900684278097,-0.00020117455055040614,-0.003079854168265199,-0.006350211070643398
2018-10-08,0.0012248918122561995,0.0004806760568574672,0.0016614781657680881,-0.0021872512190863514,0.0015206296473675488
2018-10-09,0.0013666508315871005,0.0016935857560633452,0.00031050115134878764,0.0008687154417538549,0.004069480684765113
2018-10-10,0.0003245574070080889,-0.00047925669750939053,-0.001824451238175258,0.0008495324221375047,-0.0022725350080633243
2018-10-11,0.002058815218823953,0.0010289725772925043,7.713966139523149e-05,-0.0007984400135510074,0.010622511633212954
2018-10-12,-0.0010592814764225438,-0.0002915250617122105,1.5336600029398577e-05,-0.00041480708224929223,-0.004404651181441512
2018-10-15,0.0003516255071735833,-0.00024456978767914883,0.0013180886560258361,0.0015121086100577208,0.014331577132777744
2018-10-16,-0.002079776073208618,-0.000607201427363173,0.0008215927188261559,0.001746088826065658,-0.0012902737929092684
2018-10-17,0.0009431810237502186,0.0010041689064593667,0.00039460304963475116,-0.0009888413867580048,-0.005529041479145762
2018-10-18,-4.573763369526991e-05,-0.0009908310834019585,0.0006245953663086273,0.0007772554132413124,-0.0014061690330965599
2018-10-19,-0.0005757663153951742,0.00010604534205783748,0.002023753153822717,-0.0008187649237593205,0.00746670135653685
2018-10-22,-0.000669955564372826,9.137287754790944e-05,-0.0007438612814061995,-0.0015395523096994488,-0.007115952664408966
2018-10-23,-0.0016642876798383605,-0.0007325560427712354,-0.0005180005295831919,-0.0002903888939013389,-0.0004578824543132111
2018-10-24,0.00033620637274937864,0.0005958883878777244,-0.000641760278730106,-0.0014373091159410201,-0.004099745684207556
2018-10-25,-0.0014236621131092728,-0.00027552426318499623,0.0013045114920397496,-0.0011956039990120154,-0.00021462846362418957
2018-10-26,0.0019269759386997306,0.0003237767818662422,-0.000957958077615655,0.002983332470439193,-0.0017186880822764195
2018-10-29,6.127544847883968e-05,0.00027562129808371964,0.0004584982733804987,0.00012253963406618079,-0.0003679288712362914
2018-10-30,-0.0008679564739409479,0.0,-0.00015280706609606932,-0.0007772317227473889,0.0051082163535854114
2018-10-31,-0.0006890585436443697,0.00010718688042854852,-0.0012543790174852527,-3.0635847007058086e-05,-0.004878244945683615
2018-11-01,0.0005117091195879997,0.0004665407592919802,0.0002571335671786253,-0.000858013826017405,0.017716520269185947
2018-11-02,-0.0009764818887394593,-0.0007213706354299179,0.001139669619201128,0.00015029006009835912,0.0021964144105017644
2018-11-05,-0.0008099838446082604,-0.0009896240236678324,-0.0007208398095548036,-0.0009007521889291935,0.0012626074517766532
2018-11-06,-0.00037465251417945824,-0.00040467323189215086,-0.00022487575709231097,-0.0002698367504042013,0.012257269230140432
2018-11-07,0.000854612750380691,-0.0002211101211110378,-0.0008997780662954466,1.4728299691591993e-05,0.005976879644297626
2018-11-08,-0.0007813249013575391,-0.0004570822016576785,1.4753070483132288e-05,-0.0003097505058210556,-0.00440522834591963
2018-11-09,-0.0002963182479643223,0.00026660742215235824,0.00043020643154546785,-0.0024776909331949656,-0.0019278400821974428
2018-11-12,-0.0016327261241531497,-0.0014389238740654304,0.0014282528649743173,0.00022280150705983578,-0.0017701094205757335
2018-11-13,0.002294580617575574,5.923030224004026e-05,4.448827363991972e-05,0.00025134358060361706,0.007682420212615827
2018-11-14,0.000220986336577457,-0.0011046551285692188,0.0007677997010685583,0.0006037802717829008,0.0030830302999198607
2018-11-15,-0.00036635673297156737,-0.0006010540616492747,-0.0004849054896681476,-0.0003225049869632401,0.0050245455809413446
2018-11-16,0.0005544612383967161,0.0006709745427278173,-7.351049365604491e-05,0.0009622815561683493,0.007387973449339969
2018-11-19,1.4623624465665818e-05,0.0001315779857309571,-0.0003069928611724317,-0.000789981900759663,-0.0030071259376797514
2018-11-20,0.0011736229616753652,0.001656126947636155,4.382729126126428e-05,0.00014660606975379096,-0.007439778987468398
2018-11-21,0.00013144346854422463,-0.0001607423376856978,-0.001393197025396244,-0.0016662285710632625,0.00555206102843614
2018-11-22,0.000573095391981463,-4.40706599652118e-05,0.001425873221287283,0.0006755367837011154,-0.0026253085881172864
2018-11-23,-0.0005755905496408725,-0.0007231245196049883,-0.0014730797390149657,-0.00019193716331516024,-0.00528614835006185
2018-11-26,-0.0008103071507304971,-0.0008839779581154826,-0.0008665320902049092,-7.369685538857747e-05,0.0006053671145709617
2018-11-27,-0.001223007424178498,-0.0010168068722124887,0.0013851029990174458,-0.0007964954622597524,0.003212641105549632
2018-11-28,-0.0005005447208709621,-0.0006918734589235458,-0.00010294950335955649,0.002368013814394945,0.010290279992244376
2018-11-29,-0.0010344954115309815,0.000860077168407733,-0.0010488747410712386,-0.0007145721985489898,-0.0003349961798069941
2018-11-30,0.000976697818846814,0.0009329718744326104,-0.0004227374499001299,0.002502984513480333,0.00046605109928649844
2018-12-03,0.0005626041507013612,0.0009082587287390307,-0.0002456487668501917,-0.0003606072665378925,0.002355849881671237
2018-12-04,-0.00018740764822222604,0.00037475857338498917,-0.0007178957349441569,2.883423200217575e-05,0.0016443576287668421
2018-12-05,-0.00015931061983795146,0.00011589164144505767,2.890925385401992e-05,-1.4484042206858082e-05,-0.006854888877246643
2018-12-06,-0.002076120289555007,-0.0017276050840569323,-0.0009900702593793056,-0.0008432929634066628,-0.001466733731338562
2018-12-07,-0.0006843481123539708,-0.00043696108828569194,-0.0010463140186976405,-0.0014430332433894187,-0.0018182484372201502
2018-12-10,-0.002077809603657798,-0.0012209126383974788,0.0004790002051131279,0.0003054034621588512,0.004476563881046337
2018-12-11,-0.0010748472282645079,-0.0011037047839068074,-0.001092013125313285,-1.4532877001367792e-05,0.0017443639676718954
2018-12-12,0.0005689651552923086,0.0009485105448568719,-0.0009916584841119212,-0.00026255907730035225,-0.004045760386471423
2018-12-13,0.0007149997021442723,0.0007440530809319546,-0.00021831360107659706,0.0007436408120302719,-0.00032086809679650227
2018-12-14,0.0008526653658228753,0.0004115710312093541,0.0013410457744228482,1.46947532387832e-05,-0.009526952516740975
2018-12-17,0.0006320230090375114,0.0004263483330407991,-0.0008957218868666478,-0.0007790623717398456,0.0023093509516837214
2018-12-18,-0.0014590661648542476,-0.0011530238960862581,-0.00032019561314489527,0.0001752003858891205,0.006604357092205537
2018-12-19,-0.0010059116374954741,-0.0011374906435608037,-0.0003352403194315485,-0.000700361882252066,-0.01139078164688685
2018-12-20,-0.001447220998060488,-0.00033995758248045715,0.00020660547282854542,-4.4335739786017786e-05,0.0006345973840282494
2018-12-21,-0.0020335015133903407,-0.00095010473143797,1.4857847544079339e-05,-0.0008918883352508762,-0.010753828501991594
2018-12-24,-0.001903148202185224,-0.0013984351709218849,-0.0008168903667616106,0.0014128392234230656,0.0014879183794960275
2018-12-26,0.0005344338839516451,0.0006981736359123065,-0.00014860386694609293,0.000667640952672133,0.0014405907427262282
2018-12-27,0.00037292004280726153,2.9823593447079623e-05,0.0008495987275193501,-0.0012087659376147893,-0.005745003820007198
2018-12-28,-0.00038808287548969917,-0.000134407598711794,0.001163745002655132,0.0007909326701878108,0.000746034859507101
2018-12-31,0.0006415181821866752,0.001731188684164807,0.0004321038308421223,0.00044732722732048933,0.0013115146891688975
2019-01-02,0.00019493908215434096,-0.0005698603996271432,-0.0004920416098077705,-0.0002699257720519476,-0.012292164967133931
2019-01-03,0.0017838008672312472,0.00035977694217898025,-0.0005573086655117485,0.0009879648728878926,0.008560538874070326
2019-01-04,0.002557812384183933,0.001738626923040219,-0.0010602792066045639,0.0013951143584904702,0.006365223068201008
2019-01-07,0.00041430537857906123,0.0006662965265935627,-0.00011840625198835747,-0.0001479465028145502,0.0016747071324780703
2019-01-08,0.0013400835835122862,0.0007146366823414058,0.00011877542550416779,7.439645876279941e-05,-0.0015560515006460408
2019-01-09,-0.0006920466450581299,0.0014582737509907906,0.0008730329569538839,0.0005595641435947435,0.006887507089443494
2019-01-10,0.0006333075803554739,0.000397746110646384,2.9479828429486946e-05,-0.0004565302309661488,-0.000692515701368728
2019-01-11,0.0005867081442044096,0.0009535476359374477,0.0002634082110790875,0.000864766676830562,0.0064204970534176955
2019-01-14,0.0005716254103896362,0.0005129821228302192,0.0013509943609663596,0.0004541359409446214,0.0010554245398425388
2019-01-15,-0.0006597805369502428,-0.0004837043048717888,0.0007912088324843377,-0.0011887030596310563,-0.0007621393031854888
2019-01-16,0.0008550537140838855,-0.0005012531433272989,-0.0014603387925487858,1.47358959059177e-05,-0.007033164180596734
2019-01-17,-0.000237346467618752,0.0006533327626336844,-0.0003859628336018744,0.0006970450024546677,-0.0015072261032259586
2019-01-18,-0.001346223750392531,0.00011829419780772315,0.0008875608931645489,-0.0007256410764678592,-0.004104652015081629
2019-01-21,0.0016512823502098733,0.0008775257313743495,0.0006094977778491488,0.0006240991628637403,-0.0016633502513269806
2019-01-22,0.0011898566139418437,0.00014865467546328043,0.00041726898061590005,5.945568323780404e-05,0.003264679103089583
2019-01-23,0.0012972464818222416,-0.00010318472285630702,0.0005890842855400361,-0.00010312847607339598,0.00627674282906229
2019-01-24,-0.0010474681000509879,4.4291883519804545e-05,-0.0011227324939925112,-0.0011372280924640112,-0.004470913359210764
2019-01-25,2.9271005607484974e-05,-0.00011706860233451738,0.0002215150159319021,0.0007168721275512684,0.010913317415041772
2019-01-28,-0.0005557912123296498,-0.0005706885731831671,0.0007587364484515089,-0.0002780114880546566,-0.0008046759419130415
2019-01-29,-0.0007318073038966238,-5.8545438595341146e-05,-0.0002919921182876148,-5.856772627125295e-05,-0.0014060785912332603
2019-01-30,0.0012881129465247413,0.00011710973195246,-0.0001461838703320902,-0.00019018499205156495,0.010628239100685177
2019-01-31,-0.00111091084463772,-0.0001297886609796167,-0.0011442560326141472,-0.0007220321184741037,0.0025491005055143057
2019-02-01,0.0007238613976783217,-0.0003473026198373865,0.0003755597328556999,-0.0004921687369549242,-0.0034631441966000457
2019-02-04,0.001236067137666805,0.0010614708910424504,0.00024670754397159084,0.00011625710271322143,-0.0030640348672048303
2019-02-05,-0.00015971077863906482,-0.00018866966175261864,0.00043543260917015684,0.00042100068127098693,0.0035423962711124656
2019-02-06,-0.000701744155345399,-0.00013152030180949904,-0.0006859862050089692,0.0007309728111217375,-0.01890161018687995
2019-02-07,0.0003399023183030389,0.0009163735897995039,0.0007549795699944024,-0.001685867215811796,-0.003951082807572067
2019-02-08,0.0006814209371009477,0.00017774091346377382,0.0006076910152401823,0.00014807356321675365,-0.0008603554688594503
2019-02-11,-0.0012767033102457,0.00016340233404582238,0.00013337186318013544,8.912523586943009e-05,-0.0034383138726738396
2019-02-12,0.0012922489154293222,0.0009210702892940233,0.0008620305811517386,8.905909076557853e-05,0.0004749536267390244
2019-02-13,-0.001026603791802516,-0.0009971260137565234,-0.00013200061619454836,1.4673191346048413e-05,0.009981036365199317
2019-02-14,-0.00019041341739755313,0.0004834279530150663,0.00023422975117720434,5.8592605629760444e-05,0.003651485546833386
2019-02-15,0.00029195801851110995,7.295382755508352e-05,0.0007163167010722178,0.0005253097259320568,0.004381743931175333
2019-02-18,-0.0022318344578881157,-0.0012106097554262275,7.278603093714871e-05,-0.0011250978341503326,-0.0013703425084513232
2019-02-19,0.0009046473222198994,-1.4590765504877619e-05,0.0004834491996387211,-0.0007148953858158675,0.0031606187327475875
2019-02-20,-0.0004073082798076687,-0.00033472316524043693,-0.0002475553917828874,8.729431283098781e-05,-0.0028980673149204992
2019-02-21,-0.0006756757013815937,-0.00016149041002272609,0.00046959380999121177,-0.00023512469064522156,-0.006511154111180034
2019-02-22,0.000497505168219376,-0.0006432466634087101,0.0006329067556963775,0.0014472099883629345,0.004028748701002644
2019-02-25,5.8080441427806945e-05,-8.713078336074579e-05,0.0015974444291570774,-0.00062454159951914,0.002836551203320333
2019-02-26,0.00268756835288388,0.0009150659703848482,0.00011629259229285447,-0.0004933900348236543,0.0017125777022495002
2019-02-27,0.000292273745668908,0.00033584242005388684,0.00036348568630097545,-0.0005700129503427628,-0.006576003911393829
2019-02-28,0.0019991187019459586,8.812254914857889e-05,-0.0004971414469777571,-0.0004406386393873666,-0.004593875120157331
2019-03-01,-0.0024351971193424258,-0.0011150563084972283,0.0012616076900386966,-0.0005142030333743507,-0.003981815294783745
2019-03-04,1.4707937138555344e-05,1.4706855600948648e-05,-0.0001029010754070502,0.0011318620336833308,7.330249744890071e-05
2019-03-05,0.0014758843224504724,0.0005753867421452445,-0.0010592130449663011,0.0009286899506607611,-0.003186282603780119
2019-03-06,0.0006649869833720386,0.00038401891026554477,-0.0013422127873278739,0.0006497821981559404,-0.004495648274224457
2019-03-07,-0.0007533624694350271,-0.0010335613009798017,0.00011798017946661622,0.0005023047026780634,-0.0006945727548604938
2019-03-08,0.0005146566985880986,0.0001617658956903527,0.0002946375978887117,0.0008082114721037463,0.005381390471966987
2019-03-11,-0.001040163589904261,-0.0006445375666252353,-0.0006168216259364457,0.0005861407198569061,0.004590898153247062
2019-03-12,-0.00046612577499809794,-0.00011656540060690677,-2.921499313658526e-05,0.0006554273256518242,0.0027035930391554647
2019-03-13,0.0010513559077741355,0.0010217487387218648,-0.000263257965073921,-0.000510937727807671,0.0006127719367123773
2019-03-14,0.00044023773548355314,-0.0005427090112890152,-0.002214580464963109,1.4671253878978198e-05,-0.0030529914521636907
2019-03-15,-0.0010216294417291884,-0.0010656079717358473,1.461037775150155e-05,-0.0004527695699358698,0.0009066448913054868
2019-03-18,-0.00029165573164421314,-1.458863691105181e-05,-0.00045157578864498185,-0.0012404867216841914,0.00018996266560133027
2019-03-19,-0.0005972454054893734,-0.0004805417108018003,-2.915791929295379e-05,-0.0004809689430513416,0.0011973950789598853
2019-03-20,-0.0009202118597137332,-1.460973739015424e-05,-7.304015020298679e-05,0.00027761340320466303,0.009426701129069263
2019-03-21,-0.001425268206193742,-0.001032494583874653,-0.0013024603867296907,-0.00034935515217474934,-0.005261606126288594
2019-03-22,0.0006974615589109468,0.00040671664031675936,0.0008728288936770782,-0.0012935954304252987,-0.001236067137666702
2019-03-25,-0.00018814811654106298,-0.00026041290059071183,-0.00015991045048855158,-0.00010132518880484441,0.005106196541934577
2019-03-26,-0.0007230972013048846,-0.0005496651520512435,0.0002173519298539738,0.00026037523110752616,-0.000593415994777143
2019-03-27,-0.00016201845572925324,0.00019142842476070659,-0.001350974522279025,0.001589591456554165,-0.016127380927381394
2019-03-28,-0.0007514089270266585,0.000545244231340598,-0.00020569178627666786,2.9477655938949498e-05,-0.0022684096987179046
2019-03-29,0.0005725401117973768,-4.400665968157102e-05,-0.00011784635794735068,-0.000925035488945547,0.0026655882651231808
2019-04-01,-0.0015969646421141951,-0.0012748095007328471,-7.321448185723634e-05,0.0003225286272112579,-0.005029940156460074
2019-04-02,-0.0017324996004170021,-0.0004442206961432173,-0.0008861582667686533,-0.00040023421647363623,-0.0039445451767638464
2019-04-03,0.0005302383250868535,0.0009873342043898892,-4.420247681944603e-05,-0.00020617038582697818,0.0031922939188818366
2019-04-04,4.443687372506903e-05,0.00042943559496341007,-0.0015771362775015064,0.0008883230526567509,-0.002999876639216606
2019-04-05,0.0012481613531456132,0.0005948751681205238,-0.0023718472977079055,-0.001441468466705717,-0.004420126154073263
2019-04-08,5.928297246546066e-05,-4.4458605340873483e-05,-0.0004158436487828547,-0.0008154490981535585,0.0017664833029458014
2019-04-09,-0.0007261464912024664,-0.00034107676782260996,0.0006368247836382928,0.0002223457485536118,7.415372069696887e-05
2019-04-10,0.0,-0.0005337128751488155,0.00011851149575367051,-0.0001630946471504631,0.0032425497950507296
2019-04-11,0.00019304016037717466,0.0001633538024230954,0.0003256557551428149,-0.000341557953081792,-0.005499283834742544
2019-04-12,0.0006799503602596161,0.00042858515830176324,0.0015294269116373604,-0.00010344088731948621,0.0047746943421197435
2019-04-15,-0.0006509838963437112,-4.439675904385424e-05,-0.00029550827638205726,1.4799795763120422e-05,-0.00042878794136441207
2019-04-16,0.0007395903007047365,0.00013312132549331767,5.921714930380107e-05,-0.0002513993343763928,0.0006652819192606126
2019-04-17,-0.003285393374006205,-0.0009958161684373073,-0.0005195923543833407,0.00017866980378957825,-0.00586972707287203
2019-04-18,-0.00034407701680605143,-0.0001944463147331351,0.00016400164038400254,-0.0007783499375114386,-0.007326040092072898
2019-04-19,0.00022436113261877863,0.00022435442109704036,-8.96673342503448e-05,0.00014954612778177262,1.497532814705608e-05
2019-04-22,0.00034452025895205865,0.00029947292988551696,2.994460248756367e-05,-0.0002995761020592122,-0.0003143500837957877
2019-04-23,-0.0011141894672279473,-0.0005868324009601719,0.0006905766589316598,0.0004367897529286712,-0.003734845610709141
2019-04-24,-0.0009083065250479656,-0.000348113004022432,0.0003019323694435441,0.0012108921212566294,-0.00930000513034247
2019-04-25,0.002599131057008114,0.0014347963163132487,0.0006671822413099059,-0.0008454872623722206,0.0049023414517774646
2019-04-26,0.0003748997187174489,-0.000479976010414489,0.0001654048286944212,-0.0008999955607715176,0.004292466170146116
2019-04-29,-0.001410860859011116,-0.0004355041028743748,0.0002400168023282068,0.0010058173112928192,0.001080610650111929
2019-04-30,-0.00046488262551142327,-0.0005994575089217784,0.0008546176106581053,0.0,0.0008096923611557521
2019-05-01,0.0008423333129437074,0.0011579035722536599,-6.010699046102664e-05,6.0139523712983816e-05,-0.007628054530658459
2019-05-02,0.0005139600735935252,-6.0480517731726635e-05,6.0298174491134565e-05,-0.00043836114101438595,-0.0005740788458542891
2019-05-03,0.0030572543184322824,0.0018375436315337167,-0.0003172852496530764,-0.0007371026184976257,0.0039062844245214305
2019-05-06,0.00043898489234585667,-0.0002875280927187468,-0.0003020783009920321,6.05345198285709e-05,-0.0020275389000635785
2019-05-07,-0.00043981043362977586,0.0004398704728242484,0.000151356915029563,9.101113375835452e-05,-0.000181771362422472
2019-05-08,-0.0005766925326386563,-0.0003035269858792425,-0.0002730085559637886,0.0003035638418065377,-0.0039008890964361775
2019-05-09,0.0022952698657390655,0.001671682101097819,-0.0003496742743780332,-0.0008506114282147376,0.0028398971210723254
2019-05-10,-0.000666272984565209,-7.566643213677668e-05,3.0324165329728203e-05,-0.000878947744044196,6.0658447465576197e-05
2019-05-13,-0.0005617423268728665,-0.0006984724994708113,0.001200562432869435,-0.0009420059344054636,-0.004677163358441992
2019-05-14,0.0008514520812407451,0.00039524490496604264,-0.00042560954007830594,-4.559513044795853e-05,0.0009584738180425365
2019-05-15,0.0005641491027942818,-0.0003508102991172077,0.0002133138311632287,-0.0002896584337534103,-0.0019635755549840418
2019-05-16,-0.001662409350711016,-0.0005490650780041726,0.0024349796687668443,3.052782611588597e-05,-0.004290639717995116
2019-05-17,-0.0008275735710096675,-0.0007817709809302914,-0.0010708113183018088,0.00039854684219290743,-0.0033567622700011006
2019-05-20,0.0005353278245936041,1.5296250124496653e-05,-0.00029036670462065584,-0.0004741329955376992,0.0006122667837561307
2019-05-21,-0.00032296016336451637,0.00018456711374060633,-0.00039958198109581866,0.0015062558563922128,-0.004432080744664306
2019-05-22,-0.0004462877398809602,-0.0002769955236768654,0.0012764224999270565,-0.0006467010772773085,-0.0016459389796145902
2019-05-23,0.003371282662867214,0.002124679403150456,0.0006624710411212344,0.0009216590514174618,0.004178771194299438
2019-05-24,0.000626178878523915,-0.00036646257147691084,-0.0001378475867366455,1.5267758311573536e-05,0.004069773059173348
2019-05-27,-0.000183346066212654,1.5277554980418812e-05,,-0.00015281407141698754,-0.0007178915681121722
2019-05-28,-0.0005802235550308516,-0.0005954971431789961,-0.00027467077828216796,1.527335486903721e-05,-0.00025978987729688495
2019-05-29,-0.00021486893077947813,-0.00015355322184827782,-0.0001533319025359299,-0.0010750377298526228,-0.004503546106232375
2019-05-30,-0.0012446699774441758,-0.0004919822370655522,-0.000367979642612332,-0.0008152529658360146,-0.0009369552713343283
2019-05-31,0.002271472521869234,0.0014890663850745348,-0.0005521303167778374,-0.0003986690639613673,0.0036966350603334515
2019-06-03,0.0019806512150369543,0.0003502707019142286,0.0005951154928551331,-4.566314300197957e-05,0.01018979336706226
2019-06-04,0.0024393027511353054,0.0003789572657350638,-0.0005919809524659504,-0.002348290236851951,0.0013478009415355218
2019-06-05,-0.001790403017931091,-0.0006616541594768783,7.530404009731118e-05,-0.001145130308357151,0.001723747308193551
2019-06-06,0.0010857764367454036,0.0008899414583571215,0.00013578859245811758,-0.00018088089042720646,0.0006041201174490945
2019-06-07,0.0016363053183001404,0.0010506882974299092,0.00039267806944497607,0.0014089787236885938,0.005675973715043776
2019-06-10,-0.0013439137086013022,-0.000966898898431748,0.00012088974869667745,-0.00016622717248083156,-0.007343826594934671
2019-06-11,-0.0005469213025442516,-0.00016708818497573877,-0.0006222539452103384,0.0002734980416354022,-0.00386695152301366
2019-06-12,0.0014284414184646127,0.0008965135343402063,-0.0005164112570906679,-3.0371135275222604e-05,-0.0008664260469814685
2019-06-13,0.0007316181279883714,0.0006247286062225549,-0.0002891955057863942,-0.00024381324026676742,-0.001034614013933095
2019-06-14,7.679017089575051e-05,0.000659929273396027,-0.0009019407623644757,-0.0002303882051429571,-0.012407107047053643
2019-06-17,-0.0004766627547563699,0.0005074385992867449,0.0001843487884287705,1.5379764843653024e-05,-3.079102134044994e-05
2019-06-18,0.0012891148329939052,0.0011355267608555918,0.0018614387677324627,0.0003373508787782056,0.005021779229496067
2019-06-19,0.0002607821946561363,-0.00012276717221246247,-0.0003985835008541394,0.0006286656395956959,0.0014083215749597765
2019-06-20,0.00042502163696336463,-0.0005315877130977995,-0.000819883743907071,-0.00191402154741801,0.006875289097110997
2019-06-21,-0.0005945076813237837,-0.0011119320582376746,0.00038061309616274755,0.001219122078426097,0.0006378713538677977
2019-06-24,0.001226445959211687,0.00039368886974657294,0.0004388055480957717,0.0008016759994632196,0.004861399386464882
2019-06-25,0.0006167129396820761,0.00028593142355402715,-0.00012044746246811715,-0.0004963488381299568,0.0023088251098363328
2019-06-26,-0.00034419029573518474,0.00035934061384736724,-0.0003299983530029112,0.00010476610975579831,0.006685069175313201
2019-06-27,-0.00017927304827137757,-0.0004332917540652738,0.0002542493302261423,0.0009856042850305462,0.002795949939373465
2019-06-28,0.001087499082992129,0.0005362968829657843,-0.0004621244389538942,-0.00020846983219209497,0.002639251805997542
2019-07-01,-0.0013600462419698564,-0.0008067046554097991,0.0011042469859940936,-0.0013618984871751924,-0.007496824335152612
2019-07-02,-0.0008247794182736896,-0.0006297229427242255,-0.0001201056931543492,0.0010496012479214371,0.0006443637131505281
2019-07-03,0.0013427627118220934,0.0009250004389384963,0.0010477160750061141,0.00013417715877626582,0.0044094747948117494
2019-07-04,0.0003588355823980343,-2.9906542058368543e-05,-0.0016756938598930186,-0.00019435329004127496,-0.0024041165256101435
2019-07-05,-0.0023871768630054366,-0.0008159195412079075,0.00022478476953058802,0.0008467401013949446,-0.0101427605614101
2019-07-08,-0.0004368160697267472,0.0008586083541343656,-0.00045108034505674384,-0.0016133534858117637,-0.0004226351363266347
2019-07-09,-0.0010440072667017549,-0.0001059730980711613,-0.0011043623430532139,0.0003481235419645923,-0.002721213525557246
2019-07-10,-6.021738477705817e-05,-0.00108453345570409,0.0010911571894177958,-0.0006023733692175152,0.006292888095832727
2019-07-11,-0.0006593736189744747,-0.0006597691047546118,5.99709141247601e-05,-0.0005548099918142142,0.0018636532988121892
2019-07-12,0.000419827876739643,-0.00014992503776203127,-0.00044889348511574864,0.0014829797122965216,0.004569262112687645
2019-07-15,-0.0004316471872272516,-0.0003126046692868257,-0.0006694585817989293,-0.00019355751324134842,0.004101392017817863
2019-07-16,-0.0010130354683853587,0.0005511242328800502,0.00010408844553310799,0.00019374790477531793,-0.0027871155020384518
2019-07-17,4.46398678734307e-05,8.929102928714573e-05,0.00023819803301508056,0.0009518427798569195,0.004928061904117118
2019-07-18,0.0010086327948757303,0.00031150568749767647,-1.4836244946821466e-05,0.0006076549892413064,0.007590085041080829
2019-07-19,0.0011219866243374647,0.0005901620165980792,-0.0007823051831848545,-0.0007232419264197635,-0.0038840161950805118
2019-07-22,-0.0020061962769532034,-0.0013129266130876933,0.0009001365568855797,0.0012690918843442675,-0.0009762447895423304
2019-07-23,-0.001757600583534204,-0.0004470539221476916,-0.0014863702608698618,0.0,-0.008500950327442861
2019-07-24,0.0009084478825744401,0.0011907243987164078,-0.0004330394208199304,-0.0006849825299472729,-0.00017911784509416705
2019-07-25,-0.001929852718422049,-0.00047912799622943064,-0.0009115975256004037,0.00026950545911678334,-0.005673710382535847
2019-07-26,-0.0015817901626685883,-0.000331515026694333,-0.00024071733882872345,0.0002562691744822167,-0.00419735686678823
2019-07-29,-0.000845780962956021,-0.0002416918440769055,0.0003320053151347268,-1.5109734446846356e-05,-0.0006784516486541753
2019-07-30,-0.0005752172360475278,-0.0002271367903222931,-0.00036241732751492606,0.0003936054307810915,-0.00267305136018584
2019-07-31,-0.0006368750878682406,-0.001167276966640619,7.569850801852573e-05,0.0011066895198124948,-0.008184258806516274
2019-08-01,0.0018017197551020486,0.001588101789025682,0.0010222999585757714,0.0007777058071825193,-9.148293849565307e-05
2019-08-02,0.0028974640649696106,0.0010572040239120145,-0.0011795615543851608,0.00024490295842725414,-0.0038039414323856116
2019-08-05,0.0019744249589779897,0.0,0.0003838742168119942,-0.0012239903608887285,-0.0024390443065740426
2019-08-06,0.00032124582465498493,0.0004896859986449793,0.0010999084518604864,-0.0012090326916776109,0.002515647418229855
2019-08-07,0.0008701597913713017,0.0007299893932098975,0.0012466692175782238,0.002915725258063582,-0.012812682507051315
2019-08-08,0.0031227802639602676,0.001158524941318847,-0.0002631232747716528,-0.0010810477949283275,0.00472169991176487
2019-08-09,-0.0015267060818308937,-0.0016802451869353187,-0.0007710457303673057,0.0006325550032337148,-0.002071706496915141
2019-08-12,0.0005423707934570928,-0.00018590240177475455,-0.0006042249449850469,0.001532543625265304,-0.002541454955414453
2019-08-13,0.00547615060389823,0.002234291076876243,0.0012097713767049022,-0.0010525665017346699,0.002200902948284142
2019-08-14,0.0011351886331755388,0.0010413186831866941,-0.000992109709490315,0.0002175602184184851,-0.0038314520280110383
2019-08-15,0.0004966476387162208,0.0003725551114188656,4.6573364701055044e-05,-0.0009158860284598219,0.0014908918603853602
2019-08-16,-0.00012447874541498337,0.00024883746376409724,0.00043556717756618684,0.00042005367970120904,-0.00348221161173663
2019-08-19,0.0015591141155455015,0.0005765889470250768,-0.001356101494561327,0.0011988635587950876,-0.002774445721905579
2019-08-20,0.00179254815786028,0.0014337143442959,1.5602449584769414e-05,-0.00015574625851092234,0.000780116432929431
2019-08-21,-0.001185203806632225,7.796602244686359e-05,0.0006402798710175771,-7.802320414050658e-05,-0.0013734122082682276
2019-08-22,-0.0009725796085712359,0.00012532702537039773,-0.0010964741625782834,0.0009882586276922683,-0.005465478600294233
2019-08-23,0.0018484004072182435,0.001926737596454505,0.0003447303302809892,0.002204210776990225,0.004105816587167664
2019-08-26,0.0006586995627270236,0.0001725043718452697,0.001082786161389119,0.0021299596156090362,0.0014089580739346675
2019-08-27,-0.0004712165327121509,-6.281209763048777e-05,-0.0006436976727298201,0.00037699098809729063,-0.004594248816009047
2019-08-28,-0.0014354107186472912,-0.0008675421499198373,0.0001891640530885619,0.0010728091271102146,-0.0040314380359325434
2019-08-29,-0.0012319162591525568,-0.0006003444261387506,0.0003159557688212009,-0.0016924090811098753,-0.004348829904203068
2019-08-30,0.0017273214180099515,0.0012676281209400252,0.000619032899937441,-0.0012833209667154183,-0.0005548465991535484
2019-09-02,0.00012691160623663474,-0.0003173092204951462,0.00011097107629560485,0.001585037580221948,0.0011262780876324797
2019-09-03,0.0030955108098408663,0.0022061224853912875,-0.0011918289626775419,0.0015362567461034379,0.0031500077491536118
2019-09-04,0.0004096294486317731,0.0001733334388176856,0.0011023449565906633,0.0008344945887859332,0.004557037774917646
2019-09-05,-0.0013160576577945031,-0.0012537417994190271,-0.00043908482883315035,-0.0011765168618565304,0.002027425942986819
2019-09-06,0.0015702129231898155,0.0003726939604604242,0.000109295590031649,-0.00046614252374574096,0.00800654805679168
2019-09-09,-0.0007305453768185593,-0.00029534061536719064,0.0014335356242140328,-0.0005599278461530374,0.0005759248032548125
2019-09-10,-0.00048309556102050556,0.0001091745624352387,-0.0009185524882399175,0.00035844807951710626,-0.00045137241324491703
2019-09-11,1.5596609297472737e-05,-0.00034300503930052953,-0.0004517943322135207,0.0003430638756202658,-0.001745146754729202
2019-09-12,0.0018829027154041251,0.0009342302622686369,-4.656469000396923e-05,-0.0016025769126932967,-0.0010142067822602355
2019-09-13,-0.000611232593024433,1.5671156453517997e-05,0.0006250781551197129,0.0013316937192890297,-0.00491393790047929
2019-09-16,-0.0006609489578878685,-0.0012900791569292417,0.0006264290617353114,0.0001416687001117012,-0.004547643932191623
2019-09-17,0.0010263780024505197,0.0011053214452360423,-0.0006163425795454123,0.001450921273966462,0.0026303991477101755
2019-09-18,-0.0004894955924709723,-0.0007739021636978328,-0.0007261018124293941,-1.5794170371920346e-05,-0.0064069401256062865
2019-09-19,-0.0002218559846826974,-0.000348603213849012,0.0011250110122471768,-0.0004438596842207758,-0.002504479252251843
2019-09-20,-0.0010379656806383088,-0.0005269419128562476,-0.00082769602815244,0.0005750064048030033,-0.006768026726456107
2019-09-23,0.0012743116460250145,0.00015927371221059815,0.00017562486573916778,0.0008274326194095199,0.00484085086795925
2019-09-24,0.0006009045375160142,0.0012810072681591206,-0.00025419420574076585,-0.0004427367528005306,0.0038368895371635307
2019-09-25,-0.0010982103460138533,-0.0009542744262934557,-0.0004111256995655182,0.0001751578415476769,-0.007672610969925723
2019-09-26,-0.0010918845586210138,-0.0012656827674100103,-0.0008891147543680887,-0.002234956587834742,0.0032795788234666885
2019-09-27,0.0015871255732125289,0.0005553043607162284,0.000174834900670385,0.00022199670267512695,0.00028605482912580474
2019-09-30,0.00102073374093758,0.0,-0.0008144558368403333,-0.0006697389863010208,-0.005227770026587602
2019-10-01,0.0019782400121057205,0.0029768391883030175,-0.000915434774965373,0.0013166558847466812,-0.003104946397430184
2019-10-02,0.0005117134516393946,0.0,-0.0034946013570520138,-0.000655680051636952,0.005052615398633684
2019-10-03,0.0030664392191287384,0.0034611999497474143,0.0042527161181577155,0.0003330874861277152,0.004646286562506816
2019-10-04,1.5809401851534942e-05,-0.0002687258459300055,0.0010912111152770972,-0.00020554172174024694,0.0027267844030148375
2019-10-07,0.0010805658130705262,-0.0002064950647074203,-0.0034763871096978012,4.764513901362372e-05,-0.004363250954541691
2019-10-08,-0.0003960490202030861,-0.00025340513281000106,0.0016779058610991767,-0.0013160087202027946,0.0010012635828272253
2019-10-09,-0.0010610752696029657,-0.0007285167089178592,0.0008235536804776219,-0.0014588357274548402,-0.001128479930299378
2019-10-10,0.0004591913562702265,0.0006178266955074573,0.00033240208294802495,-0.0005225446459108783,0.004838706324132151
2019-10-11,-0.0012779352832132352,-0.001797824171355004,0.0006155837585580945,0.0006312832619729554,0.0022606024724027207
2019-10-14,-0.00042970708961711477,-0.00015916217067134554,-6.349609501142583e-05,0.0014316394714378922,-0.005366696697512251
2019-10-15,-0.0005428448395401666,0.00022351006686596945,0.00015918243932933383,0.004509428826286928,0.001950539395288474
2019-10-16,0.0013280320679489074,0.0017442376584786768,0.0009723208149295077,0.0017094430900371394,-0.0032530158727630686
2019-10-17,0.0007093596356566503,0.0005362437829593273,0.002265473113926647,-0.0009301519655973636,0.008435930216511128
2019-10-18,0.0004235526719684918,-0.0002665934857205549,-0.00017267226063047338,0.0003136270999521168,0.005704826843843909
2019-10-21,-0.00012489267052367042,0.0007806401645459201,0.0023594313937102,-0.003064753075137553,0.003834210508052819
2019-10-22,-0.00029628012722858395,-0.00017140497583847825,-0.0017129691493928349,-0.000218367857119297,0.00028111822768304154
2019-10-23,0.00042110845724570257,0.0006079927851740603,0.0001718602311843559,-0.00015594541941938288,0.002588816517117228
2019-10-24,-0.0011268488554462591,-0.00037567504550775063,-0.0009854297974883713,-0.0001252838463778527,-0.0061084872683156615
2019-10-25,-0.00034579777462191805,0.0006289011731896332,-0.00025118133854738306,0.0005029390606753974,-0.005263459473861717
2019-10-28,1.5770258869017774e-05,-0.0005044533881705106,-0.0001730879684579673,-7.88537814739859e-05,-0.0006136948555695573
2019-10-29,-0.0007550969399805916,0.0002989324985483603,-0.0003626816404580279,-0.0008029157291161927,-0.00036209923488904225
2019-10-30,0.00032996300000058716,0.0004714905474911768,0.0003932889229741426,-0.0005028442231728219,0.008872922297661661
2019-10-31,-0.0011070485815157644,-0.0021981285791407997,0.0010468178477484364,-0.0015144303095074793,0.000904808024038892
2019-11-01,0.0001242081730576093,0.00018627755409343587,0.00037376191801215085,-1.552517795779613e-05,0.0018694214912894917
2019-11-04,4.676138445720731e-05,-0.0006229850529334003,-0.001428327702425289,-0.0002806011117743892,-0.005157501869185719
2019-11-05,0.0009562103450647334,0.0003920369505829444,-0.0009025692712124766,-0.0010189446183871984,-0.0045720091541171255
2019-11-06,-7.836315055223998e-05,0.00017240433561250044,0.00017238812445219477,-0.001756945876836244,-0.0012248360565222775
2019-11-07,-0.0022185692253747146,-0.0014645325956495361,-0.00047024892709314616,-0.00022055232693323154,0.0015700315661321507
2019-11-08,-0.0003790571000137664,-0.0009473286043823292,-0.0014189990556041192,-4.7392241898838664e-05,-0.008001428756135348
2019-11-11,0.0008333399329740844,0.000534507165688921,0.0004713497974047523,-4.715164756596923e-05,0.0050735136481039715
2019-11-12,-0.00017379900978322155,0.0002686578973924533,-0.0004736792332858597,0.0007739632832783459,-0.004189312371562877
2019-11-13,-0.00039057923396185814,0.0006875215121281927,-0.00042230060609921993,0.00014062609887314427,0.012188290584001083
2019-11-14,0.0005809252575389573,0.0,0.0004535182931613467,0.0002040287844607861,-0.005252392059731365
2019-11-15,-0.0006244926200581194,-0.00039038406479586824,3.136221793841603e-05,-0.00020304410031410933,0.002864098241579838
2019-11-18,0.0008280280127830208,0.00014064587735423238,-0.00040607234892978356,0.00046839139640704453,-0.0006721428322043404
2019-11-19,0.0007790953539293446,0.0003426631187835967,-0.0002497463526600586,0.0007784888368627727,0.00561334952817242
2019-11-20,-0.0011519124575047294,-0.0003424124547073614,-0.00032695257143625247,-0.0013715712873369095,-0.0035202528564798716
2019-11-21,0.00023405135193485212,0.0009981285919118026,0.0006688391224673377,0.0002651919927560714,-0.0007024171241517744
2019-11-22,-0.0009052316762491647,0.00024980484126794627,6.233442420586422e-05,0.0001249082706511829,-0.0005466657431392793
2019-11-25,-0.00040611040513149096,-0.00040607869113460694,-0.00020264214246499597,-0.00018749121189867317,0.0008578804640844452
2019-11-26,0.0013250506627065972,1.5584213192524468e-05,0.00012463000483483092,-0.00010905550156865809,0.0019003120983446104
2019-11-27,-0.0003425830797465522,-0.0004358519417711243,-0.00021780391510856613,0.0010585141319285883,-0.002103017435646442
2019-11-28,0.00014037386261729135,9.358184519035296e-05,-3.112792019054801e-05,3.119151590994919e-05,0.0010131160416731175
2019-11-29,-0.0013871897608555386,-0.0012627740611204212,-0.00034197600283539746,0.0010600487367905963,-0.0005765709770540677
2019-12-02,1.5373144654022677e-05,0.0006616250058636675,0.0006960072665722259,0.0,0.010133052877676171
2019-12-03,-0.00026087824039802834,0.0003377548545988006,-0.0021917229118251003,0.000153466030595362,0.0032118049815961953
2019-12-04,0.00039812575174450924,0.0007660370217254975,-0.00036882223186723525,-0.0004900234390508608,0.0046075623973017565
2019-12-05,0.0015465065057379951,0.0007809569415898333,-0.0003827165265436414,0.0016204981226144233,-0.0007639069627286229
2019-12-06,-0.000518616830062416,0.0003662388834025161,-6.092081818547781e-05,0.001478872972134358,0.0028692672534241974
2019-12-09,-7.618641295199086e-05,-0.00041142544256204673,-0.0003204272390565627,-0.001479166142133747,-0.0014192083811058681
2019-12-10,0.00030569821710309063,0.0005503998181972611,0.0001375021964323164,-0.000703245660451498,-0.0008402655733444795
2019-12-11,0.0015991352849245453,0.0005941816085168506,0.00036675937939768566,-0.0004566349131066823,0.005684734387899443
2019-12-12,-0.001228659777928619,6.069065972612564e-05,0.0003191853201853039,-0.0009414766692931292,0.00575837690035602
2019-12-13,-0.001683285077293127,0.0006822885738757572,-0.00010575376002243794,-0.00015178652771927716,-0.00392118773773583
2019-12-16,-0.0003785670525311821,-3.0286051761166734e-05,0.00033289955819954306,-0.00115172468329055,-0.00022759170147165393
2019-12-17,3.0420564303835583e-05,-0.0007146930545611572,-0.0006086149633264628,-0.0013546115934854966,-0.003374427497834598
2019-12-18,0.00016710595315861504,-0.0006224428806008691,0.0003807754156479681,-0.0010334661547812692,0.002311647469158373
2019-12-19,0.0002577182850227732,1.5160588534337219e-05,-0.0008957921146818441,0.0013481480157207027,0.004123342106197599
2019-12-20,-0.0002118355558770558,0.00018161730257422757,0.0002880424503524269,-0.0003783894277735729,-0.0019079640549286275
2019-12-23,7.548822009913638e-05,-0.000784858312997522,0.0008454234414085849,0.000588612626887612,0.0038972270290487426
2019-12-24,0.0009937215687421577,0.00021077988635710855,-0.0010556000557963587,-0.0006171956932012834,-0.0007993545261127017
2019-12-26,0.0005401998870898519,0.00052519039358488,-0.0005115705326576567,-0.00028506913119434124,0.004521190418882594
2019-12-27,0.0003578617797081806,0.0003876431346249638,0.001136007057790609,-0.0010739697635844124,0.003515678294072551
2019-12-30,0.0011439863969265158,0.0013522652500135325,0.00014885604159723214,-4.4546406226056e-05,0.004391227592305914
2019-12-31,-0.0011861869931684994,0.00016310190198134015,-0.00032680224298931856,0.0005784419309197103,-0.0007280561964925102
2020-01-02,0.0002833473783226747,0.0004920196012513149,-0.0006411164591415049,-0.002209252887649065,-0.005612848323255024
2020-01-03,-0.0006148355508638109,-0.0008396432009895987,-0.0001052449577360487,0.0006747992728299752,-0.005299254938798954
2020-01-06,0.0,-0.00017997750329802048,0.00043470766594482624,0.00012002640595344609,0.0021168795203819865
2020-01-07,-6.03381956046597e-05,0.00015080454251862688,-0.0015948486769974527,-0.00033192516901003037,-0.005624836234601415
2020-01-08,-0.0007540227468889679,-0.0002864746301076314,-0.000917065754739579,0.0022001545968886745,0.0034778977987427657
2020-01-09,-0.0009085953741554963,-0.0010750816810412944,1.5096048609435103e-05,0.0009994095230622293,-0.007089019129525626
2020-01-10,0.0011005330403799838,0.0004823417786414348,-0.00040816018586162196,0.00010546695504059572,0.0033848650417784634
2020-01-13,0.000512905621526599,7.542445113438636e-05,-0.0005732042272370716,0.0004975687086709496,-0.0018098460538643957
2020-01-14,-7.563667171995278e-05,0.0005751214724232198,-0.0007855815973632222,0.00022689285460480334,-0.0027663371256181914
2020-01-15,0.0008327214573867706,0.0005150422751476054,0.0005903500644491889,0.0014064806280911495,0.0019206200279713568
2020-01-16,-0.0003917904875165376,9.040365236901702e-05,-6.018838967769313e-05,-0.0001507295312150675,0.0026706314485677677
2020-01-17,-0.0010284176886815389,0.0,-0.0017030515860522902,0.0003025855962087607,-0.004258281380231249
2020-01-20,0.0005607887564836872,0.0009247118514202794,-0.0004994664893715871,0.0,-0.0017846074820017925
2020-01-21,0.00010593781460206847,0.0006811834690407197,4.5459022487425834e-05,-0.00010593781460196883,-0.0017574696966459748
2020-01-22,-0.0005305562627770877,-0.0006062167713652547,-0.0005006106036783102,-0.0013503981174065479,-4.549280077221564e-05
2020-01-23,-0.0019577051029396057,-0.0005007929325930655,-0.0003487675651194458,0.0001974618563272278,0.0035573489123117493
2020-01-24,0.0003027413249892669,0.0007871513099250791,0.000287284633004182,-0.0008933506540973564,-0.0026175846936350037
2020-01-27,-0.001556919446285944,-0.0011598273768003182,0.00045721950380457686,0.00027492668794859527,-0.004284555495114755
2020-01-28,-0.0005975042883997754,-0.000842776308110088,-0.0005975042883997754,0.0009497113285249228,-0.0008407665228177758
2020-01-29,0.00027606938719208654,0.0005366575563684657,-0.0010724683117731774,-4.600627219648338e-05,-0.0018368570426676879
2020-01-30,0.00010791228283491596,0.00010791727380615944,-0.000461474573249928,0.0001849653965844126,-0.006748732368440505
2020-01-31,-0.0006646521254644132,0.0005257379781220279,0.0005109743462703261,-0.000433034340203181,-0.0032135490992727116
2020-02-03,0.0004797981844235467,0.001609508828326757,0.00029387427032929705,-0.0004797981844234961,0.00030966463567677643
2020-02-04,0.0013287601225779773,0.0005410711795177068,0.0004645257275938778,0.0005865646006655212,0.004957041490934572
2020-02-05,-0.00020070245927878441,-0.00024703938859873626,-0.0005543066689522183,-0.00013897145703059267,-0.0017422010095833511
2020-02-06,1.548335152642286e-05,0.0002012243735940539,0.00041757205657825283,0.00047986502782231775,-0.0032767657375865856
2020-02-07,-0.00042122014055038793,-0.0006080875833470577,-0.00034294087723674366,-0.0007961224575783693,-0.009129358802512038
2020-02-10,-0.0011112068692263816,-0.0004851823833116958,-0.0002807849517713624,-0.000344568353239942,-0.0015799892218333026
2020-02-11,-0.000623995777075892,0.0002653451453504394,-0.00017207799868806744,-0.0011710425958246081,0.002751635518723976
2020-02-12,0.00018559475438762444,0.0004484131661203512,0.0,0.0008192983863637716,0.006256732368579396
2020-02-13,-0.0005581482028340295,-0.0003409055724588811,0.00012396181991813362,-0.0007446825359264967,-0.000682911713643
2020-02-14,-4.663635304559868e-05,-0.000575172761995622,-0.0006062820329821631,0.0004351880702814457,-0.001989308128367728
2020-02-17,0.00048198391728732944,0.00023316001877652073,-6.216199417670429e-05,0.0007924361610169191,-0.0012420433206717155
2020-02-18,0.0002503598936527782,0.0007349434658923916,0.0,7.822461419690601e-05,-0.006780743801393055
2020-02-19,0.000940365244438929,0.00036068530598416516,-0.00024991409333149526,-0.0008462889171094882,-0.0008136569633200842
2020-02-20,-0.001387312620033987,0.0005045567891092684,-0.0013558255269464552,0.00012619888961724882,-0.008820465188846738
2020-02-21,0.0016540516211908433,0.00014179145651465146,-3.16947164934432e-05,-0.0005510466088694482,0.0016252853743808084
2020-02-24,0.00036241875519796,1.5753613485632656e-05,-0.00042756360659909767,-0.00025210348981717043,0.0032535762729551075
2020-02-25,0.0014065700190981452,0.0009485116982843476,0.00022144890947831274,-0.0012642426500955525,-0.0033326783067095835
2020-02-26,-0.0009364411162937783,-0.0005236059112560344,-0.0010788343290656865,7.939343420458336e-05,-0.005345952118133003
2020-02-27,-0.0018508124336387556,-0.0009015635619805286,0.00047463098332747405,0.0002533048378938148,0.00365166715219772
2020-02-28,-0.0014458995209203985,-0.0016089590290402364,-0.0013769696040144917,0.001943447901713809,-0.01035453297558072
2020-03-02,-0.0001596806390618264,-0.0008472206077640536,0.002568214589247725,-0.002078171957269276,0.006275534883356641
2020-03-03,-0.0017117321198568567,-0.0009812300980365694,0.0005265803515728077,-0.0003173092204951462,0.000542455101211481
2020-03-04,-0.0002386729793741733,0.0005884083723753501,0.0006513778459994358,-0.0010349083437715542,0.004821280213369485
2020-03-05,0.000396771869318989,0.0015554571100058672,-0.00042690784972941994,0.0002697149763690871,0.0019980660300156885
2020-03-06,0.002770346490854721,0.0011176967168270568,-0.0012746773723931735,-0.0008649091205233265,0.006489889270611342
2020-03-09,-0.004456224264266446,-0.004677131160373787,0.0021175065590447887,-0.0049939440800622036,0.0016426589491013784
2020-03-10,-0.005937947768079428,-0.004744929608087354,-0.002471053513794519,-0.002734055057112156,-0.011603581069232462
2020-03-11,-0.0028390861041014425,0.00031747543800479374,-0.0005220982137850666,-0.0001588461419611793,3.193153878340283e-05
2020-03-12,-0.004805658338150977,0.00024588350163630396,-0.0012027423973248695,0.009523415583684485,-0.024239693700001834
2020-03-13,-0.011661987703745475,-0.0069853164644572835,0.000276429508171015,-0.0011422423954330265,-0.009218775490416187
2020-03-16,0.0016722137772109634,0.004747025659713789,0.0016545064246387272,-0.0019019517128774845,-0.0013728427439618676
2020-03-17,-0.0026156956563417387,-0.0038454804275180553,-0.0044038550422445125,-0.006079353196454308,-0.015865801640207493
2020-03-18,-0.002675898669628901,-8.648499058384354e-05,-0.00349516574217791,-0.006590724032196902,-0.0399878320539492
2020-03-19,-0.004730815631442516,-0.007245046471809754,0.0013777756405547275,-0.0007906497489914861,-0.005334937104499544
2020-03-20,0.00034892444395245913,0.0019578372159536773,0.004228699532073348,-0.004195150273306792,0.003320131990348355
2020-03-23,-0.002640009981355423,-0.0011994427557621562,-0.0016504728889741263,0.005378246934774411,0.02024004327267078
2020-03-24,-0.002516765390442793,-3.449167888596128e-05,-0.0010318498542265602,0.0005176608746731597,0.014374798858573179
2020-03-25,0.0027012860431064756,0.004180471444596978,-0.0031665529787596636,0.0008930872212328506,-0.00318233301157359
2020-03-26,0.0012942157095556313,0.001462123700669666,0.0016720414739850459,0.0023488367284979442,0.028835416080188
2020-03-27,0.006449861113837516,0.004748940415408677,0.0015794340845354518,0.0,0.009977014228159203
2020-03-30,-0.0008981588348900975,-0.00016631186839822037,0.0015626301907994125,-0.001848752618906388,-0.003306721966898637
2020-03-31,0.0017482815823552014,-0.001631554964343106,0.00016700903557687936,-0.004123439568797488,-0.006026679120406596
2020-04-01,0.0008120179090116785,-0.0008804158840375748,-0.0016103745481263368,0.004488019816227359,-0.009911651092197427
2020-04-02,0.0023397772627569736,0.0018853668885532714,-6.71681891707868e-05,-0.00013548988080675498,0.0001860103325646231
2020-04-03,-0.0014317858858333768,-0.00037528573331181697,0.0003229287970072212,0.0009036273578518303,-0.01125651646983374
2020-04-06,0.0009425230016936629,0.0007574036565968882,-0.0015236679320736678,-0.0016331482133809117,0.0113198829400702
2020-04-07,-0.002648611028386769,-0.0008658153357268711,-0.003406418709614271,-0.0038605247114255367,0.007448103901789012
2020-04-08,-0.0006342741946214383,-0.002602126537068664,-0.0011423772766928097,0.0028344217585781176,0.005962090859132601
2020-04-09,0.001650900941216123,-0.0006931608410623691,-0.0031080960108206736,0.000329853383163149,0.010287082890399393
2020-04-10,-4.9326285165170206e-05,-0.0001644168958505329,-0.0021844290165419066,-6.577216524345216e-05,-0.00041209584283973026
2020-04-13,0.0007566038717457214,0.0004440533923813823,-0.0008063919336991205,-0.0005591737531398079,0.001282135753257404
2020-04-14,0.0014958620021286043,0.0012660831222212536,-0.001162667059650005,-0.0004107282269100933,0.0029197579957671235
2020-04-15,-0.0016265483040429224,-0.0006374555674491748,-0.00028260092781440564,0.008306153661675619,-0.017897902218102717
2020-04-16,-0.0019086531376923477,-0.0027308459971011143,0.002564125454845758,-0.0010060194339525962,-0.0003502364131567231
2020-04-17,-0.0004807094701162125,0.0009107393348562215,0.002124510447206758,0.00044756451063312374,0.005257303273045261
2020-04-20,0.002805884290920051,0.0006924294658089738,0.00039624884945895785,0.001268314547269084,-0.0006297751248107624
2020-04-21,0.005067720140363939,0.0047317906297481985,-8.369811767823388e-05,-0.0014405121333205268,-0.011555232076809158
2020-04-22,-0.0021453121443371554,0.0003519621928380536,-0.0003173198192850759,-0.002200368735533874,-0.001762499512056979
2020-04-23,0.0013626470692820185,-0.0007650982526477809,0.0007706225671187641,0.0020570677459485695,0.009713764989849537
2020-04-24,-0.0027983228334420396,-0.001984508151565254,-3.3396787232153736e-05,0.00010007505637565495,0.0001330959790342537
2020-04-27,-0.0027252248659138845,-0.0017182702572103804,-0.00037975415502908456,0.0013057313536488958,0.004862636229680208
2020-04-28,-0.0007595647729000519,0.0013371303217935095,0.001159286009732677,-0.00044610034692996723,0.0025298259976727026
2020-04-29,0.000442946090860677,-0.0002787822155003638,-0.0009180629517894638,0.0015242031615700362,0.012961625270132383
2020-04-30,0.001581595131622866,0.0015989300366891625,-0.0019436352085711256,0.004340587997651652,-0.00239915899742226
2020-05-01,-0.0008244023550179157,-0.00024731457715728583,0.00014791562262470883,0.0014175514999847797,-0.01052943899217336
2020-05-04,0.0007304723492404341,0.0017748588504657669,0.0007605066001567566,-0.0001991668194663333,-0.0006613210127770056
2020-05-05,0.0003463774724335397,-0.0008237232755710675,-0.0034528652582015967,-0.001287150130677261,-0.00023156571607662793
2020-05-06,-0.003358789361826878,-0.0015693533356634438,-0.0023303292011205177,0.000480518306222748,-0.0062726301714961215
2020-05-07,-0.0005465521803534334,-0.0008943951835123467,0.0008108622888618098,0.0004306418286013103,0.013015655119158968
2020-05-08,0.0019440797477518247,1.634507727174916e-05,0.0006373538591810731,0.002933461467021826,0.008067925248042474
2020-05-11,-1.6442095052100823e-05,0.0007551258628269025,-0.0027835559046702155,-0.00021377184048518362,-0.008580932356426325
2020-05-12,-0.0013754484656057038,0.0006879832534501141,-6.576027095605487e-05,0.001277264862188645,0.00026310596744554275
2020-05-13,-0.002009717073889573,0.0003655152975616693,0.001579214544455167,3.325131343008046e-05,-0.01454125421732405
2020-05-14,0.0005018988611873723,-0.0013062046569557373,0.0005347414986552223,-0.0007362045642559418,0.0016335787333668465
2020-05-15,0.0012901822286803693,-0.0014750006864550844,-0.0005172572135050625,-0.006922768515209861,-0.012671551670592644
2020-05-18,0.002064534048879023,-0.0016283942317517766,-0.0014952080536434597,0.0018444824478365128,0.018027244047087023
2020-05-19,0.0023474381855196234,0.0014944371956511031,4.9340887981560914e-05,0.00018034412987740558,0.005932087754271205
2020-05-20,0.001155589682718102,0.0012211107110842111,0.0031331275681494753,-6.506815891934049e-05,0.011157008513634036
2020-05-21,0.0014512015721792433,-0.0007980911387599914,0.0009316694718585279,-0.004507233889907088,-0.003263763728779282
2020-05-22,-0.0003449437036807446,0.0006904034202635168,0.0009510536094411138,-0.00016430073643691957,-0.0038649922828619594
2020-05-25,-1.6400836442952867e-05,0.0003937976915275961,0.001296942517111641,-9.841066779585167e-05,0.0006397690487986885
2020-05-26,-0.00019340489374665188,6.438528154684443e-05,0.0030367272177427673,0.002221901121797416,0.01574963814608467
2020-05-27,-0.0005987103634371064,-0.0002918051410834853,0.0011926444271514668,-0.003080117858392614,-0.0021169501211636774
2020-05-28,0.00032191086566186105,0.0006768298837035065,-0.0012623403521245173,0.0017686598172618202,0.0024881663427333603
2020-05-29,0.0020311121675968286,0.00017735213312424248,-0.0005960387762742902,-0.0028705530201706075,0.0003549474876329407
2020-06-01,0.004849056895680419,0.001680470927217204,-0.003986716243821345,0.0036969797023511594,0.015892275678260855
2020-06-02,0.004575872664987526,0.004007768433080179,0.004601442683844125,0.0019344951576026833,0.010817574516158788
2020-06-03,0.0016868678247173663,0.002264228514401149,-0.0017512317820902804,0.002369299982937451,0.008523867463323386
2020-06-04,0.00045154811700924937,0.00038930804879985537,0.0004522381968834788,0.006656089117563352,0.005404998791736197
2020-06-05,-0.004764621773639556,-0.003181999041685026,-0.0009217298448103761,0.0019547038384138556,0.007545924530968355
2020-06-08,-0.000627885806672324,-0.0011332834268044305,0.001532590837769476,0.001041156389985065,0.005924469087264755
2020-06-09,0.004060357167949543,0.0006756653256849063,-0.004913636342706414,0.0017482521935291916,-0.006800038455264387
2020-06-10,-0.0028440821018123367,-0.0008418861807993655,0.0005346409249853167,-0.0012717482120697622,0.003528314519855994
2020-06-11,0.001912282366713567,0.0010651190003819664,0.0020039469032021376,-0.0024835918389685676,-0.016957149633753353
2020-06-12,-0.0014252740642630576,-0.0020898325678343215,0.0015616426703459422,-0.0060645828718377485,0.0035604101760801036
2020-06-15,0.0019708415041699147,0.0024806983480343933,0.0018529048408520402,-0.001318637185819657,0.006213943211868853
2020-06-16,0.0013600187553372972,0.001173292299784863,0.0029626893709170004,-0.009060365748518718,-0.004738317939254133
2020-06-17,-0.001765280193314215,-0.00105380619719929,1.54816735690942e-05,0.002878590550760352,0.0015974320417324588
2020-06-18,-0.0010251950321637105,-0.002376054229635871,0.0022955355728799475,0.0004816618982036293,-0.005080293371634703
2020-06-19,-3.1029881778510076e-05,0.00010862565283063552,-0.0010122167630841092,-0.002127842131124552,-0.002354685115883387
2020-06-22,0.0014358612615220966,0.0015283559257889218,0.0006047590064683665,-0.0009724549076515053,0.013811966548285681
2020-06-23,0.0018095944086698255,-0.00024547783918652227,-0.0014329188538612881,-0.000613055025561056,0.0014801569201473763
2020-06-24,0.000264400085526148,-0.002753344250543568,-0.00040358257691980955,-0.00026440008552625045,-0.012604915764553457
2020-06-25,0.00040449928208410445,0.0009648154371935069,0.001833636863267953,-0.0019150383021644217,0.002882272913257729
2020-06-26,-0.0015715811626283614,-0.0007787192020725888,0.00032592247989584423,-0.002557147369045451,-0.0013544125555526277
2020-06-29,-0.0004361506658131381,0.0002027211421702823,0.00037317494563342973,-0.0014500099987463872,0.0018551290269654534
2020-06-30,0.00034263643494943487,-0.0006080022636612673,-0.0022482094058382143,0.0023485689974545743,0.004987076589486486
2020-07-01,0.002470967405007665,0.0008185771116504138,0.001268917876307141,-0.0014046138464256551,0.0045921642960185085
2020-07-02,0.0007360383072193845,0.0012560891330128828,0.00043007450167553647,-0.002947409336457549,0.004125748639943769
2020-07-03,0.00019911318118455963,3.0631154950166974e-05,0.0005823487207316833,-0.00010720986341014963,0.001351019611047656
2020-07-06,-0.0006262458295841806,-0.0013129371981607596,-4.5841069021712686e-05,0.0009468540719622442,0.004161127059108453
2020-07-07,0.0021336917900772645,0.0014181047046821727,-0.0017451744245292687,-0.0003806826447075435,-0.0007788935524168461
2020-07-08,0.002013085732681297,0.0002742021496348212,0.00039711632975464556,0.00022850353137385845,0.004284032927003945
2020-07-09,-0.0003035085612712498,0.001637803283818893,-0.0007592784183030402,-0.0037864145053158136,-0.0009132003739504915
2020-07-10,-0.00095704689998379,-0.002037589659409921,-0.0001676484264026891,-0.00022800337543765688,0.0006545449243879206
2020-07-13,0.0010629736927878252,-6.0773648564788554e-05,-0.0013109757975158667,-0.0002732281927774948,-0.005412795004115689
2020-07-14,0.0032080581939106126,-0.0005828131635347398,0.0015490206693839633,0.001454813006875339,-0.0013003803532114604
2020-07-15,-0.0015667189575802635,-0.0013993887564233156,-0.0004880950662024633,0.001308303347839321,0.006150390622838627
2020-07-16,0.0021211181205230754,0.000838996609329138,-0.001679210250014161,-0.0003049198846633623,-0.005890179237887586
2020-07-17,0.0007643624061267197,0.0010547798551928777,0.0006109388792961263,6.11237603526322e-05,0.0031630363990735023
2020-07-20,-0.0002895348414451059,0.0012047918616450582,0.0006705783989759146,0.0012794152990378738,0.004039424121159463
2020-07-21,0.0017969185425347376,0.0013588804917510709,0.00034945644684924575,0.00010560060353019134,0.010080455881816469
2020-07-22,-0.0007654267627699954,-0.0007351011095003857,-0.0012503108575574278,0.001200408282914194,0.00249680508742558
2020-07-23,0.0004819059473109893,0.0008729812863449192,1.4959646354098438e-05,0.000301073328682961,-0.003822945310107944
2020-07-24,0.0009650618237732589,0.0014791562451757162,-0.0008447857612941221,0.000467117217242158,0.0013261402226824005
2020-07-27,0.0019008140306760158,0.0008970890065314225,-0.0003151426046356963,0.0004634301387273009,0.004792785453999092
2020-07-28,-0.0003001831139521919,-0.0006007900569722681,0.00031607703511957153,-9.007250843001368e-05,-0.002446108083034397
2020-07-29,0.00033015187285910795,0.0010200714934508505,-0.0003597284089334635,-0.0016668797924812935,0.0021612868064586964
2020-07-30,-0.0001957639695137461,-0.0017904568942383842,-0.0015989625237056906,-0.0006478001386552673,0.002724960512332804
2020-07-31,0.0005554763352280346,0.0012915823677303354,-0.0018248999126088533,-0.00045036254945829917,-0.00910216864268474
2020-08-03,0.0006678708828876061,0.0010181675385125353,0.0007842782779874686,-0.00025798814915188747,-0.0018583855529354777
2020-08-04,0.0019702648043283056,0.001106203184411497,-0.0006055009948698536,0.0007567617015967925,0.0007256345841387212
2020-08-05,0.00189155163587118,0.00018003150599977432,-0.000661554677563301,-0.0008102269078457868,0.0049444603801279225
2020-08-06,0.0005710507488677973,0.0006306022460221359,-0.00027143589755579476,0.0005857395128604319,0.005518496422226065
2020-08-07,-0.0006653460801013268,-0.0004992700171035946,-0.0012614887237861654,0.0009374055721213747,-0.013808276856907461
2020-08-10,0.0001817218146896058,0.00018167779493127417,0.0006072475175595645,-0.001970414121207246,-0.0022584150681758796
2020-08-11,-0.00042466709771574044,-0.0008646386121959102,0.0007260626547977149,0.00021235609162588662,-0.002491683022368542
2020-08-12,-0.000197735172407814,-0.0014769139755922713,0.0005042517698356991,0.0028860925657985723,0.00010647926326422389
2020-08-13,0.0010659520721823747,0.0002892043096378842,-0.00016748250988837503,-0.00047192431818865075,-0.004359696544243635
2020-08-14,-0.000687700128729756,0.0006107150135616987,-0.0003978516066006175,0.00193962780258787,-0.0008864571336573584
2020-08-17,0.001773483830785761,4.583476567769977e-05,-0.0015461040500189679,-0.0007793339381772528,0.0013281329474402446
2020-08-18,-0.0018366035595524096,-0.0018050683318472562,0.0006409865307067289,-7.59653294602109e-05,0.0072052116049564074
2020-08-19,-0.0018233193975809659,-0.001159926919086592,0.0008444545476561133,-0.0029302943707740134,-0.006442714236753913
2020-08-20,0.0011853723379714313,-0.0012927255220605046,-0.0029043126498724866,0.0004153175316003362,-0.004231565804316826
2020-08-21,-0.0013320984047745358,-0.001225828353677547,-0.0007045165929372718,0.0009188784204740373,0.000566264430004054
2020-08-24,-0.001053314603357732,-0.0005649588264756315,1.5308660875077773e-05,-0.0021099634761999326,-0.0011476753185905905
2020-08-25,-0.003669111758688245,-0.000443536985255041,-0.0007203783063835165,0.00038282787760731394,0.0021718192162403314
2020-08-26,0.0032418392710277647,0.0007909828373642121,0.0029570938399185406,0.0022463733567539817,0.010531932214957785
2020-08-27,-0.006684446264384755,-0.0005742783896681783,0.000451861677769247,0.0013011576084914313,0.003968109493989767
2020-08-28,-0.0012948646294513872,-0.0013091148981379376,0.0010479356628341565,0.00255834501663685,0.014456065837073064
2020-08-31,0.002477690933194912,8.909215104052253e-05,0.00031209363062170605,0.0007998578457012278,0.0003711704531547309
2020-09-01,-0.0012272207949874366,-0.0017310129265940102,-0.0010346000715941185,0.0009168614407038452,0.003275168723657257
2020-09-02,-0.0009635268791181335,-0.00034077860832804963,0.0009176485162326787,0.001422728321080757,0.0007542872712998837
2020-09-03,-0.003002558888140425,-0.000936475798110487,0.0005184532434283051,0.0011902106589900294,-0.00861191086189337
2020-09-04,-0.003441674553053986,-0.0019016394263907416,0.0009235811769281144,0.0014229973716589107,0.0015794496071665403
2020-09-07,-4.480320194307664e-05,-0.00029866794320336276,0.0010597569521529808,-1.4934846731352127e-05,-0.003565278892004281
2020-09-08,-0.0007983190536875463,-0.00016579373789802016,-0.002213316689869114,6.02727341400428e-05,-0.012239097883051282
2020-09-09,0.0007794115837406045,0.0005095999750564767,-0.0002261744115913102,-1.4982956886790331e-05,0.010324420100727774
2020-09-10,-0.0020476955641361054,-0.0005971397185767506,0.0008542717852998086,-0.0019919281105323884,-0.005058589731735858
2020-09-11,0.000778548047290754,-0.0003145384174692726,0.00124267325454535,-0.0015577027039486181,0.0024799549785432654
2020-09-14,0.001222767483588502,0.00028324177856485803,-0.0001195278650759012,0.00022351530055303562,0.005477825566115604
2020-09-15,-0.0010412019384785896,-0.0007881334286543396,0.0006993475521437435,-0.001325381241068682,0.001446757353766151
2020-09-16,0.0002522049401030579,5.9350703323247474e-05,0.0016772923830460883,0.0011563608540999693,0.003006133581166891
2020-09-17,0.0010555345924234923,0.0014426046716929243,0.00262080412090928,-0.0007729583879213046,0.0024636403081289312
2020-09-18,0.0014773233592461454,0.0003990098697044496,0.0008408010230924681,-0.0001623987779370826,0.0011407155152043972
2020-09-21,-0.0021569164468928374,-0.0013480320776006814,-0.0008164174573046189,-0.0016357650847450477,-0.014465693846050972
2020-09-22,-0.0007502551219216935,-0.0004655668360220767,0.0034838008626312937,-0.0036090807457136763,-0.005416805300225212
2020-09-23,-0.0019765256084971605,-0.0013977304352408534,-0.0003184013248133766,0.0003956177775273603,-0.011349619600345145
2020-09-24,0.0006584236351636655,0.002145660460269628,-0.001133179301388675,-0.0013172810776555049,-0.0015424206840676151
2020-09-25,-0.0034088249644965312,-0.0024291695481050957,-0.0007602366222408544,0.0007500210816681763,6.113123349465468e-05
2020-09-28,0.0005947706114652572,-0.0004118710444238522,0.0012529415201445546,-0.0021367203379835755,0.0008093518755297581
2020-09-29,-0.0010623929120788746,-0.0003944952787593841,0.0012332241234697676,-0.0007747404627319538,0.005191732313435039
2020-09-30,0.0018219919406721465,0.002112350432501388,0.0007597860808003414,0.002409037323331213,0.004363907767871345
2020-10-01,-0.0007836636675641594,-0.0008737967020255317,0.0010713182009504422,0.0016720774557546806,0.005743979730844845
2020-10-02,0.0023075367115391876,0.0006030181238916124,-0.0009050593431632539,-0.001100317394284132,-0.0021068163275877825
2020-10-05,0.0010390080667277521,3.0085593515774523e-05,0.00042168040262809413,0.00033105109022542854,0.00019579935147532454
2020-10-06,6.0162136977131634e-05,0.0003610488508223995,1.5072839497182286e-05,-0.00012032789365489638,-0.008530126285325053
2020-10-07,-0.0006368750878682406,-0.00016675888977213553,-0.0008489994445683958,-0.0002427258120475184,-0.0007445394455999629
2020-10-08,-0.0016587158649490296,-0.0012632702109961513,0.000622131198701362,0.0014154068613155325,0.00110900967697304
2020-10-09,9.033015678413611e-05,0.0009334116872395049,0.0003781090057676461,0.002165479507227569,0.011773543192403492
2020-10-12,-0.0004513789703950661,0.00024077529761771957,-0.0010964995728768795,0.0003009419505695347,-0.000977348156556921
2020-10-13,-0.0012802074178083816,0.0001506568642117392,0.002599296799019656,0.000994185602931694,0.000225626679055471
2020-10-14,0.00042040780175358304,0.00019511170206788946,0.0009607446509468656,0.0025636618915040386,0.0018181959794416904
2020-10-15,0.00018232925675376875,-0.000288431617140836,-0.004094743756324996,0.00075934760505641,-0.00926058229589012
2020-10-16,-4.541772957547903e-05,0.0002725827229720047,0.0002573710320401767,-0.00018169154881460028,9.09104684030901e-05
2020-10-19,-0.0007233382373585841,-0.0011748050873736902,0.0005734723909485092,-0.000271386788144443,-0.0002877196721672467
2020-10-20,0.001538520429911651,0.0010512764834773375,-0.00041091200212923324,0.0020223683800612204,-0.0039607618190033115
2020-10-21,0.0028886535199286346,0.0022240264028534316,-0.0007858546573389804,0.0015312099548011925,0.011339532764026586
2020-10-22,-0.0008095831089400356,-0.0002849836153708547,-0.0004199727079473136,0.0009294656242187898,0.0024025478551736616
2020-10-23,-0.0019771140584562653,-0.0010191847405003555,0.0008972768252182866,-0.001365290336228459,0.002351902454062689
2020-10-26,0.001541928014539767,0.00038913418136781645,-8.963250678235356e-05,-0.0007631817565958909,-0.0011678571151729324
2020-10-27,0.0006699569244983437,-5.954064394968503e-05,0.0009121154981736773,-0.00014884053252851956,0.00364876586176011
2020-10-28,0.0018795160893703726,0.0010073143897903446,-0.00040476423036525216,-0.00034556586754127866,-0.007701912594926259
2020-10-29,-0.0016176462999441374,-0.0009993035988908197,-0.0002109609278049088,-0.00036319612990031596,-0.00296769649051629
2020-10-30,-6.0431176462392195e-05,0.0006955996046391614,-0.0005125808557752572,0.0004078395887505019,-0.0027647071990357566
2020-11-02,-0.0009060981018010699,-4.532988826956868e-05,0.0012387082764593884,0.0009815692303566132,0.005125541350635401
2020-11-03,0.003297255525494057,0.0020729414099662532,-0.0016335097858834683,-0.0016099702353542034,0.014433332860266655
2020-11-04,-0.0009738193211243998,1.4966587094586268e-05,7.5313114308089e-05,0.004337428277807806,-0.004290253716732282
2020-11-05,0.0016724763202581898,0.0008872721401926352,0.00044611656278420236,-0.00039936398119813854,0.009627315886340209
2020-11-06,0.0007517190398867546,0.00044213877982540495,0.0016057634139578516,-0.000707484626980721,0.0011969236062893155
2020-11-09,-0.002054986264886984,-0.0002643404720654224,0.0011171050505419525,0.00035258341166519126,0.004082297626631296
2020-11-10,0.0006746549982368735,0.001495886591582708,-0.00048305997470083603,-0.0004106053553698944,0.00041024439419664883
2020-11-11,-0.00030566573506803785,0.0001601642414913454,-0.000246893858680168,0.0004802899296937806,0.01079610990243277
2020-11-12,0.0010770217027591268,0.0004655764502420088,0.0010032643279599622,-0.0003782808634994636,-0.009186062863275047
2020-11-13,-0.0007314968213470803,-0.0008190727384931193,0.00010246426567694556,0.0006876220982991356,0.001037837298888081
2020-11-16,0.001203867023827712,0.001189181490296337,-0.0009894076002103867,-0.0003914603696370882,0.0053573501152261145
2020-11-17,0.0009002599745519205,0.0005952942889614621,0.00047840301291546885,-0.00045002867877659265,-0.0023049334308484727
2020-11-18,-0.00014430222683368689,0.00025976650024110666,8.6646352964708e-05,0.0010385115602342281,0.004040994744744016
2020-11-19,2.900442317639562e-05,-0.001694216178835217,-5.809731301569788e-05,0.00026100195899651573,-0.002011214278956487
2020-11-20,0.00031670625759574436,-1.4395842480837965e-05,0.0013411883783967999,-4.318131113539046e-05,0.0026181244026388275
2020-11-23,-0.0010855799871978154,-0.00147580146875375,0.0008196073533277683,0.0005067506533316081,-0.0022489089300197986
2020-11-24,0.0017949072544285747,0.0011332583822352394,-0.0015307913745592093,0.00020082913811394278,0.007032610402121374
2020-11-25,0.001443506971535828,-0.0005144180045421413,-0.0006019175554706114,0.0005568366114024844,0.0035478278179877764
2020-11-26,0.00044296789207176,0.00010002500633508514,0.0011000236828576401,0.0004427717583957699,-8.56861317519438e-05
2020-11-27,-0.001251084199067631,-0.0001563599409016604,0.0002848840541175588,-0.0006261295438855579,0.0017836126442160297
2020-12-01,0.0011618846507239625,0.0001984351973854555,-0.000554737687314784,-0.0008642002082077277,0.00521972193027428
2020-12-02,0.0007236146996696451,-0.0002979420737527694,-0.0014726291919636373,0.0008222985123227662,0.0002546148963468449
2020-12-03,-0.0014948318277599084,-0.0010575669896753992,0.0005665481788299114,-0.0008329980645022874,-5.657548585713466e-05
2020-12-04,0.0010930281513780765,0.0003547986554869275,-0.0006810056446155473,-0.000652834174927524,-0.004593276952153491
2020-12-07,0.001884934549973434,0.0006519921424960474,0.00027086942121156153,-0.0007223745188455279,-0.00025572540913353705
2020-12-08,0.0008237583729322861,0.0012356288720860836,-0.0013198699076933705,8.517766646734305e-05,0.00019890319163115523
2020-12-09,-0.0016597278736094887,-0.0007660987507070073,-0.0002542085653729432,-0.0004260153429953597,-0.0034580198536739303
2020-12-10,-0.00042405824368591606,-0.0008761393904619702,-0.0003549850588569328,0.0005936312028576774,0.010888473470265404
2020-12-11,-1.4109048838807434e-05,-0.0007201305018179718,-0.00032464553932797104,-0.0006351133185040842,-0.0012698772747649146
2020-12-14,-0.002509376228677782,-0.0015237023263969377,-0.0007877117382493169,-0.0008472781697297063,-0.0020168263692497807
2020-12-15,9.889869249866539e-05,-0.00012720937974299208,-8.489324679313479e-05,0.0011719109841816756,0.00042344771759247603
2020-12-16,0.0007912063483197486,0.0003530898932924867,-0.0005060728852946998,-0.0004096537070913127,0.0030576108250720243
2020-12-17,-0.00208267888119542,-0.0013978587084264493,0.00037712921312693204,0.00018188304970080508,0.005345918062814222
2020-12-18,-0.0007724882228566379,0.0003230178319883691,0.0009552038260174376,0.0007584483073766403,-0.0015825558072626092
2020-12-21,0.0023228156158026023,0.002308047327119945,-0.0008550175799481084,0.0025291251268314296,-0.0011409496473186972
2020-12-22,-0.00036902464367917997,-0.0009373269826906998,0.0009508064831872725,-0.0005111821197575862,-0.005781057394653692
2020-12-23,0.00015505515060844596,0.0004087241521260627,0.0009740741772350665,0.0005354601562409057,0.0063587378125587925
2020-12-24,-0.0009426728990219678,1.407707196928702e-05,0.0007453189395863134,0.0005066212692270189,-0.001903379424574608
2020-12-28,-0.0021262971730256833,1.4100096585743317e-05,-0.0017686200955078105,-0.0005358074605423136,-0.0012516086208875946
2020-12-29,0.0015649674131720517,0.00012573783677642263,0.0001542009241092678,-0.00043291555331721943,0.005948723979335474
2020-12-30,0.0006248741776204147,0.0007358709642222168,0.002156357566529497,1.3881658858438669e-05,0.009023622750870057
2020-12-31,-0.005060914970674609,-0.0032193633489182,0.0018263834393065026,-0.00018072498572103455,-0.0044041611947386
2021-01-04,0.0,0.00018098665620881128,0.0012319278457996832,-0.0030248352087168893,-0.0024490376117373815
2021-01-05,0.0008866722664588918,0.0006921948389453965,0.00020797948010774735,0.0027243639837520144,0.010449966204232893
2021-01-06,-0.00275054152753005,-0.0017474944419881326,0.0006021705693190381,0.002269742567783304,0.00699317960811939
2021-01-07,0.003148956403598698,0.0006350083040548469,-0.001558438291655996,-0.0005655289570505231,-0.005381375899185867
2021-01-08,0.0005803269337836512,0.0021805142506595813,-0.0007161844205470194,0.001297607890416318,-0.004013660089713787
2021-01-11,0.0006139677859788397,0.0005721742077629503,0.0009460607019192437,0.00207632300787612,-0.0037570488777121766
2021-01-12,0.0010304972364371242,0.001268001256751882,-0.0009603541521827726,-0.00012527403711975855,0.007624560404201444
2021-01-13,-0.0009047066236143804,0.00015315321616872566,-0.0014733684417814691,0.00044549631810165096,-0.005340818532673389
2021-01-14,0.0022361275715372846,0.000555509277402379,-0.0004445741192161471,0.0027016746023273697,0.0037346371596897678
2021-01-15,0.002088693083756998,-0.00012613433323196518,-0.0002642026310482626,0.001930610560484719,-0.012129303287052765
2021-01-18,9.843973035471334e-05,0.00022499402454550775,0.0003519218488287534,7.030816069718152e-05,-0.00029511583510636094
2021-01-19,0.0004078561590076277,0.0001827626691249008,-7.021042065947513e-05,7.030321780733202e-05,0.001993850616305997
2021-01-20,-0.00076791514821133,-0.002177616092662381,0.00021013553819485754,0.0005306225164299264,0.007671438945699086
2021-01-21,-0.002027074626771341,-0.0005694325966523696,-0.0002356153382624925,-0.0010707309108371542,0.004084133146214657
2021-01-22,-0.001016140008508987,0.0006963012759044356,0.00038964111763324974,0.0006543455038388168,-0.004822166251951448
2021-01-25,-0.002296084447027068,-0.002421915331165618,0.0004995906236385578,0.0017538491731557378,0.002712460193744525
2021-01-26,-0.001105079332826871,-0.0009529268693785563,2.7787426191319768e-05,-0.000525340792351473,0.005375314264484224
2021-01-27,0.0009471808151863204,0.0006128304601389024,0.001549894446954624,-0.0008217671240273801,-0.013492853295082584
2021-01-28,0.0005860110951699929,0.0001954379211627393,0.0021348322714668704,0.0006553674126545948,0.004541111781078024
2021-01-29,-0.0035663029465426103,-0.00020833478085616964,0.0006279259811844488,0.0005142210012758296,0.0007107370363225408
2021-02-01,-0.0026375481919881927,-0.00110345224099843,-0.001421741733430014,0.0008659944111898844,0.0
2021-02-02,0.0008108939850984466,0.0008396776131506611,-0.0014218606463099308,-0.0002935236132865021,0.003984346531177834
2021-02-03,0.0013204257858673682,0.001028692261532618,0.0007362185095591646,-0.00045847661530416036,0.003982382895247453
2021-02-04,-0.0005449020359074272,0.0005726857020018601,-0.0011400131919087773,0.00027947403169475195,-0.008790654007134194
2021-02-05,-2.7795536038711852e-05,0.0003057636470848251,-0.0007963396739513608,-0.00045873792273348226,0.005753266874142807
2021-02-08,-0.0008720749706567943,-9.686771337498503e-05,-0.0013492181451008444,5.53924555616788e-05,0.0022027813815486295
2021-02-09,-0.0007471050029987642,-0.0004424962390882227,-0.0015192114072962832,0.0006917830290965718,0.0019769819455402555
2021-02-10,5.542315580869331e-05,0.0013872898747016218,0.0009565730462889172,-1.3855500980556156e-05,-0.0032232433231955235
2021-02-11,-0.0006357894369053641,-0.000594353657912732,-4.152795177812035e-05,-0.0002627266897030543,0.00184114950781294
2021-02-12,0.002718749940762861,0.0008879023890766065,0.0008760281723549008,0.0011352467611788382,-0.002215330990195616
2021-02-15,0.0009823523283779647,0.00033206043805043443,0.00013818644136624297,0.0006912187844330933,0.0020347013449108823
2021-02-16,-0.0004573836350258114,0.0006787690991252049,0.000729660740143868,-0.0006517865421880909,-0.00618613010667194
2021-02-17,0.00044675891119618356,0.0006560443553766311,-0.00015300196846010556,0.0018268411197098727,0.0007371298168974128
2021-02-18,0.0017793104307886347,8.334722458577725e-05,-0.0010677465324662213,-9.72242478039734e-05,0.00344200975485245
2021-02-19,0.0007124166294383302,0.0003563156994762472,0.0010468608906692067,0.0010539932945266355,0.01010464681368819
2021-02-22,-0.0015285514494902215,-0.0008873660147736262,0.0008073731391752946,0.001283048918217109,0.002664973595031553
2021-02-23,0.0006406106465031799,-0.00028612498406907006,0.0002459722063809733,-0.0015954730142700422,0.0014184206085108217
2021-02-24,0.0016119095131899837,0.0008668211234454765,-0.0001354334549789453,0.0018930436320576528,0.013980563212119624
2021-02-25,-0.0010891562805620946,-0.0002690957055110378,-0.002375792208945152,-0.000794083447402676,-0.010701358711589557
2021-02-26,-0.0024347814191930544,-0.0022106132123863686,-0.001339566618204122,-0.001819636023570097,-0.017955772368176897
2021-03-01,0.0013885358679050922,0.00012368668803422087,-2.7637288231011612e-05,-0.000852140022427024,0.0005225881986495893
2021-03-02,0.0026677316738603187,0.003094678938587031,0.0026652872674200866,0.0010705904367468283,0.002471713880596156
2021-03-03,0.003034108438583307,0.003075037413678838,-0.001494696848017399,-0.00022035228911249118,-0.008885396273272466
2021-03-04,0.0023858295865110536,0.001584513438196685,-0.0006211308922443072,0.0005645944365296759,-0.007012310641881322
2021-03-05,-0.0030788201660334807,-0.0016371081418994262,-0.0009670299621889936,0.0010646644511220363,-0.0024554954019759944
2021-03-08,-0.0010218866595162824,-0.00022408649832578,0.0014192272513072846,-0.0019346433253803039,-0.006331921774030121
2021-03-09,-0.0007267746899169842,0.0,-0.0008933931384175584,4.194366965782832e-05,0.006499110907125763
2021-03-10,0.00048820293472958337,0.0003067399148447326,-0.0010470254964875109,0.0008084976324876783,0.0020040923579618336
2021-03-11,0.0016532488709223633,0.0008604538730872557,-5.5336515197154015e-05,0.0015257860756818984,0.004439211007963142
2021-03-12,0.0029177128535477935,0.0005162010508403574,-5.5761563568801676e-05,0.001671402695635809,-0.007446857704801779
2021-03-15,0.0018919638936601806,0.0018383894205791255,-0.0001806421137260936,-0.0013768838708569568,0.0020573564675131916
2021-03-16,0.0010432243530547447,0.0017945958282080488,0.0016855071306138914,-0.0004449759508304376,-0.0012088791551057515
2021-03-17,-0.00037728730875762523,0.00019560175545059756,0.0005707166825057606,0.00020962163372014367,0.008197221198030485
2021-03-18,5.558489204065867e-05,0.0004448151310484337,6.917016555170246e-05,-0.00204477714327534,-0.01188847017447489
2021-03-19,0.001997611912369242,0.0003629308098297613,0.0008795873487674581,0.0009206305574220531,-0.0010332021806561398
2021-03-22,6.968981068089362e-05,-0.00018112282266736176,-0.0003630220226683498,-1.3937573608013399e-05,-0.0028146745650218527
2021-03-23,0.0,0.00041284959337023426,-0.0015915424265531717,-0.0014668919480374165,-0.019713164035021574
2021-03-24,0.0017908955680281753,0.0005297254857398356,-0.0011161833416540065,-0.0009165378427023856,-0.003438448064563287
2021-03-25,0.0002732810280868575,0.0012231185287585168,0.0008311480351790134,-0.0008344603827808698,-0.0004593543281610617
2021-03-26,0.0011871305020633616,-0.000571730787553211,-0.0004006295660967461,-0.00020014009873677683,0.004383961176035648
2021-03-29,-0.0006856359541822224,-0.00020015440549479496,-0.0008882013076041492,-0.000614614991654282,0.0008580499911512477
2021-03-30,1.4324492734092608e-05,7.16542824489448e-05,0.00029983081200354633,0.0002291639821540669,-0.002074882511900552
2021-03-31,0.001997974148680198,0.0016414856986953481,0.0004720793753226328,-0.0016266198438441481,-1.4324492734098357e-05
2021-04-01,0.00038532621194473657,0.00037105751817198264,-0.000889335208870445,0.0005135374281928026,0.004530617952957315
2021-04-02,-0.00047037695165014806,-0.001338040397774175,0.0008961275092063831,4.277068497903318e-05,0.00037068720127915103
2021-04-05,0.0017139664094059264,0.0011895659487561432,0.002033662785900249,-0.001033694274328072,0.005016388353550217
2021-04-06,4.265574680191289e-05,-0.00018477588869375986,-0.0016080491287338808,0.001846670127189187,0.0005668452380899678
2021-04-07,-0.0007399502294218499,-2.847866947847309e-05,0.00024154074696699078,0.0014793533373192475,-0.007222917143698687
2021-04-08,0.0008225550724729721,0.0009639784701915491,-0.0009675721809517635,-0.0010779684177897484,0.006967876548354901
2021-04-09,-0.001122310656867777,-0.0009800093104060394,0.0004694935957683912,0.0012500889475098816,-0.003904563355060397
2021-04-12,-0.0006114164433986846,-0.0006540687574105361,0.00045511435533532053,0.0001564444447637055,-0.00035564154552585785
2021-04-13,-0.0008529997673876273,-0.00039796470009882445,0.0024193445418294046,-0.00021336367919924207,0.003465666418868653
2021-04-14,0.000997212102554356,-0.0005894902483754061,0.0031677451748085817,0.0025096930738608037,0.011699831805294316
2021-04-15,0.0004323540349495326,-0.000153544433966844,-0.00011150602841011803,5.5774003751264685e-05,0.0047255631377135805
2021-04-16,-0.00041952175136346657,-0.0008670722870340423,-0.0007405492978358156,-0.001483721332632806,-0.0038710717532047297
2021-04-19,-0.0005015254838270409,0.00027848947489766355,0.002102962329819022,0.001309010074119005,0.006138548685589112
2021-04-20,0.0009297743538649278,0.0001248725261251752,-0.000983645246634667,-0.001735352330150564,-0.0006833030296333666
2021-04-21,0.0020752530132878296,0.0010996583815659161,0.00015323642320437119,0.003125632011717744,0.005162001959237083
2021-04-22,-0.000251207191429026,0.00044649709821024497,-0.0006819526376812958,0.0008650036813696909,-0.0064322333539875215
2021-04-23,-0.0009470488995075855,-0.0006543546139244972,-0.00047332007064665265,-0.001143223736262381,0.00472379282760195
2021-04-26,-0.00029071578583813186,0.0007757844816594381,0.00011093546340815674,0.0015356841999504347,0.006254137216741589
2021-04-27,0.0009564934849014228,0.0003604602839528571,-0.0005965138796992505,-0.0009564934849012925,-0.003878228634430098
2021-04-28,0.0022134615110394867,0.001328536038196182,0.0010823563118673928,5.5273812663600494e-05,0.0071216015461650186
2021-04-29,-0.002167955170185031,-0.0014506672158082457,-0.001241002889477151,0.0003317116350626109,-0.0021380645563684533
2021-04-30,-0.00264948587147105,-0.0028020159543274874,0.0005528527341168376,-0.0035343101061702568,-0.011834786426142448
2021-05-03,0.002057756937611364,0.0020171814999107576,-0.0008097279477449423,0.00030552161108659084,0.004439966930585235
2021-05-04,0.0007559425843648361,0.0001399305946535574,0.00025164970494053433,0.0005456033599018459,-0.007275699031376092
2021-05-05,-2.77959223398933e-05,-0.0004861550096794,0.0009069282962350063,0.002318302431377314,0.00859414567609032
2021-05-06,0.0011249454337934014,-0.000568666492435883,-0.0009719928004660349,0.002079896477691222,0.002576357128375102
2021-05-07,0.00222039961862239,0.002829559027682288,0.0014811023768252236,0.0022979500572834297,0.007085287067157163
2021-05-10,0.0005071098275540788,-0.00035680957726073377,0.0021545669354371823,-0.0006030784595948611,-0.002214566141902656
2021-05-11,0.002436323047344657,0.0017737937012905264,0.002600459641406943,-0.0011967729829757974,0.0015960816839431344
2021-05-12,-0.0025135236568764015,-0.0020395004051894945,-0.0016187613786972368,-0.0023665355236342106,-0.015783274022679684
2021-05-13,0.0028824282466597953,0.002185975822261823,0.001076584395639639,-0.0012661311650041189,0.0030958913554138784
2021-05-14,0.002071595039827236,6.905266649607554e-05,0.0018903860069824623,-0.0013805864161844578,0.008789010774037242
2021-05-17,-0.000681033251014731,-0.0003472969910366333,0.00029116319902900475,0.001875195882335762,-0.004427112180742403
2021-05-18,-0.0030758008566518957,-0.0018485568590863547,0.0,0.0009389153456799767,0.0037090387959325117
2021-05-19,-0.0005152880504521635,-0.0009875994487642643,-0.001276590013379629,0.00020893256429286604,-0.009633210261262758
2021-05-20,0.001762408432813016,0.0005269434628405813,-0.0022121902043513763,-0.0009293874341648268,0.003411380599695952
2021-05-21,-0.0034901622686132256,-0.0004448460489010612,0.0003481482032422178,-0.0008361087985868771,-0.004150886280848242
2021-05-24,0.0013044505811623847,0.0003608054326482663,-0.0029413630925307363,0.0,0.006175348905988562
2021-05-25,0.000538714970656512,-0.0004418790980237744,0.0004566304900946898,-0.0017138438516101128,0.0018147442520667773
2021-05-26,0.0004390297513168977,-0.0005622947258163845,-0.0015751809578210007,-0.0006586169283082942,0.007761969664232485
2021-05-27,0.0009456524678372881,0.0013987166999818346,-0.0010825255416361578,-0.00026030784975151507,0.0016877872729675544
2021-05-28,0.003759870622315054,0.0017248163897462324,0.0013367972608770615,6.898311985781725e-05,-0.0070029935293843895
2021-06-01,0.00041349653252089935,0.0004964079472051881,-0.0023233604303284764,0.00015157256565573828,0.00031709049063137555
2021-06-02,0.0009398367034584547,-0.00022097616309577918,-0.0001521764696612068,0.0007319077570614466,-0.0025257243826686837
2021-06-03,-0.002790141456566441,0.00040468599013092685,0.0017604052091072578,0.0004748736087451923,-0.012655228139287074
2021-06-04,0.00015271308711417456,-0.0007080629222276549,-0.00030762777282388295,-0.0008888395674340538,0.008778341957521443
2021-06-07,-0.000663597552451163,-0.0004841978665384851,0.00012485347074193476,-0.00023512977197004436,0.002869084485413675
2021-06-08,-0.0007492923700737325,0.0009721412870157035,-0.00022181556127109838,-0.00022212041794437368,-0.004174676492864928
2021-06-09,-0.0031108543822050403,-0.0009299421191355373,-0.00015274913761145338,-0.002130400777905765,-0.0026023742203082866
2021-06-10,0.0035037019325180174,0.0004028141483901381,0.0009053114541313122,-0.0019867050165681263,0.00247728126913286
2021-06-11,-0.0036677767098503176,-0.0004619422654322893,-0.0004860874914295253,-0.0002103949120244855,-0.010212937959346288
2021-06-14,-0.000601773149689534,-0.00047589055415589963,-0.0008685785278698575,0.0005318181307381688,0.001807571271165326
2021-06-15,-0.00040707182572353643,0.0003086289883229534,-0.0012596751704181423,-0.0011659842999998781,-0.0026915275237837477
2021-06-16,-0.0005181310987564443,0.0002379969071635646,0.00015409507696709663,-0.0002381502739476945,-0.009945558197899862
2021-06-17,-0.002793895164790293,-0.001709913638524909,-0.0017984470234415054,0.0019394498613856585,-0.007242541921035531
2021-06-18,-0.0008928314869761345,-0.0004465797110946701,0.0001287360269550309,-0.0016437411781282465,-0.01105697651911035
2021-06-21,0.0008593649822046884,0.0020347927807082664,-0.000689714657913487,-0.0006158032488467898,0.0076263340435959535
2021-06-22,0.00034345574051817705,0.0005722051511536334,1.434277805282292e-05,0.00021459995075032991,0.005037865927363829
2021-06-23,0.0024792991328497485,0.00043881068854253715,0.0016628652007864072,-0.0022949111232214783,0.0024171429777747433
2021-06-24,0.0004813068990580155,0.00038197908067967064,0.0007936508353095939,-0.0026926309084901296,0.0020287291937709034
2021-06-25,-0.0011002032253992794,-2.8218694887112942e-05,-0.0004097231600349273,-0.0006070402738804294,0.0008924714257817834
2021-06-28,0.0005113345944034665,0.00157676086504646,-0.00168379984174489,0.00017038677839826353,-0.003856355707070263
2021-06-29,-0.0008725567179027496,-0.000758361689001396,-0.0026981707364569073,0.00044352560656684954,-0.006655906903870735
2021-06-30,0.000702443528772677,0.0006590069290963903,-0.002132975306033989,0.001102843873192376,-0.000572164226737915
2021-07-01,-0.0015576883629232782,-0.00011423838707818804,-0.0017313048487105536,-0.0009443682020528236,-0.003511667349042824
2021-07-02,0.0007293789876074423,0.0003002251711317115,0.0014946826582639065,0.0001858350790500705,0.009133266755650883
2021-07-05,-0.00027078835205485456,-0.0004986429890828865,8.537886878173248e-05,0.0007836600171655863,-0.0009822414398745838
2021-07-06,-0.00227914680237265,-0.0005381978998562965,-0.0004800090446807771,-0.006940126837747967,-0.0012541152294303537
2021-07-07,-0.003801879886483356,-0.0026040754955699323,-0.0014518748813944467,-0.0005422684076027408,-0.00031377471233273187
2021-07-08,-0.0015359332376637563,0.0022101359475163607,-0.0015654287659586815,-0.003266307447281104,-0.009603330311357721
2021-07-09,0.0017471255643532007,0.000343809991066853,0.0003165239937223325,-0.0007872607313029166,0.007832938221186891
2021-07-12,0.00180671113097445,0.0006161915260850842,0.000100402326549595,0.0008735063240229771,-0.0010157731836587646
2021-07-13,0.0018278777964776708,0.0008920093820824254,0.0004868688700578008,0.0013507689940010178,-0.005828409097598529
2021-07-14,-0.0009803434828643306,-0.0013080446600153414,0.00022829747259699387,-0.00044075725652565224,0.013158837393135787
2021-07-15,0.0005720087673303589,0.0004860128460234527,0.0021511052292674045,-0.0005863131795264682,-0.008103679569119596
2021-07-16,-0.002840769060290719,0.00017134290039777796,0.003207529746670871,0.0021848256190213056,0.002003492470159114
2021-07-19,-0.0015263880852536174,-0.0028625081578985546,-0.001204491176466562,-0.000490090099899646,-0.007848128835155978
2021-07-20,0.0032623617964186963,0.0014631640267254824,0.0008548309331826206,-0.0009703465767351625,-0.0036797905803699293
2021-07-21,0.0031999566050915237,0.0006624328808937326,0.001229807798615704,0.0007193002957160499,0.006427183365830994
2021-07-22,-0.003932323269213587,-0.0019101105197910126,0.0011351309852329458,0.0020111481811807973,0.0009619596000923016
2021-07-23,-0.001060460683207393,4.299688273248909e-05,0.00015775472041996928,-0.00031548908239248467,0.0010470529287972086
2021-07-26,0.0025178119793071137,7.14975154918648e-05,0.0005747374326633702,0.0010139164459017423,0.004124307722151232
2021-07-27,-0.0028903624444792443,0.0004893001666260912,-0.0007764087175259208,0.002919080334290501,-0.005718437069298699
2021-07-28,-0.000938729895269973,0.000996829010807639,-0.0007199113380194004,0.00024559908240507993,5.7490262602620544e-05
2021-07-29,0.0015736770057350133,0.00040075571613243003,0.002275444084975718,0.002099146118774042,0.006846398738339265
2021-07-30,0.0015581337000283634,7.14147986049839e-05,0.0012410577686159593,-0.0028894726078523276,-0.005898286272901672
2021-08-02,0.002421395419019659,0.0005583433097326881,-0.00030102995475356263,-0.0008733187380829317,0.0014202000708663175
2021-08-03,-0.0007147350066975217,-0.0005007547193465696,-0.0005993150864315345,0.0011433309330251354,0.006116751478519695
2021-08-04,-0.0032678611877336615,-0.002559698193742349,-0.001469819505111875,-0.002425963239801086,0.0033426531938098203
2021-08-05,0.0012456827385103554,0.000283398516888457,-0.0010901652609098627,-0.0008208438168756311,0.0019293796505609894
2021-08-06,-0.0029852465805401706,-0.0017919367662075582,0.0004823584584282226,-0.0020949877616407136,-0.006997511165678608
2021-08-09,-0.0006412129117737057,-0.0009969806557022173,-0.00012838893305043835,-0.0025261008031066405,-0.0023721752242581865
2021-08-10,0.0009151617185987979,-0.0003004528275897567,0.0008159701549997822,0.0007715167830405287,0.002286531900102891
2021-08-11,-0.0017167629763606182,-0.0011070740315443038,-2.8583678721387233e-05,0.0013055758449778746,0.004671108907743601
2021-08-12,-0.0006281227901018838,0.0001570699321402774,0.0009523742555374783,-0.000328494000797398,-0.005485086518321746
2021-08-13,0.0022061396537938773,9.97342794668805e-05,-0.0004424936731372493,0.0007816553014042834,0.0051724621765497315
2021-08-16,-0.0009817103889365945,-0.0003702596131787749,0.001280482774624809,0.00015656914338847637,-0.0029163041957880964
2021-08-17,0.0014175782041766789,0.0007082613925044987,0.0004186969922204352,-0.00026022090009798565,-0.014565906989562089
2021-08-18,0.00011622670030947042,0.0012051255587538054,-0.0009978525307899817,0.0002905076641827258,-0.005682739521337211
2021-08-19,0.0022509035038211327,0.0012131400618163725,-0.0020654354643313026,-0.0018851524299219524,-0.007163782925652662
2021-08-20,0.0012446281267292133,0.0006437642874638888,0.0001466834866359999,-0.001845532432482559,-0.00013179185691846712
2021-08-23,7.274790671098833e-05,-0.001091472796072235,0.0012267252359837255,0.001032449541677993,0.007871301791145728
2021-08-24,-1.4395013567624543e-05,0.0009940430273895063,0.000475953538613003,0.0018983524555061,0.008774585588889511
2021-08-25,0.0013092679322808279,0.0009066770908021486,0.0017696955131923497,0.0004599948331693688,0.003605988980664613
2021-08-26,0.00034454541880099565,-0.00034468397129952305,-0.0007044531794036478,-0.0019108514847767024,-0.003749923577032623
2021-08-27,0.009096972080971788,0.005287292672526059,-0.00011506817802237832,0.0001999485853157481,0.00852825567768008
2021-08-30,-0.0013572884892572377,-2.8577144002154257e-05,0.0008858788639992427,0.001657072218956083,-0.0015994976418601604
2021-08-31,-0.00045404240400898923,-0.0006242551703774261,0.0005667890137988361,-0.0008092740402066623,0.006993184891549497
2021-09-01,0.0001132358562548249,4.2469156781173686e-05,5.666203928210204e-05,0.001032685285473914,0.002763822635396934
2021-09-02,0.00012670256589627967,-0.0011401787515050931,0.0008755084156169273,0.0019548148799814987,0.005969240243866472
2021-09-03,0.0005462452777061452,0.0007988956044151435,0.00018243693696884904,-0.00023807023184248548,0.0055840984679914
2021-09-06,1.401237292546683e-05,0.00033623334910975463,7.002457865564778e-05,-0.0008270661353330716,-0.0029255954292310192
2021-09-07,-0.003264436055473639,-0.0012941161727875303,-0.0013202434536135497,-7.047166689550487e-05,-0.005369480030311356
2021-09-08,-0.0006619858407766441,-0.0004788058111471437,0.0001975615269462914,-0.0014945999793033193,0.0009438548009659351
2021-09-09,-0.00039301555724552927,-0.0009122103487780141,-5.624534219747887e-05,-0.0004353046147837865,0.0007741409182264658
2021-09-10,-0.0016936938463643827,-0.0007138308524065064,0.0005457178774076918,-0.0004483990826898528,-4.221041894483581e-05
2021-09-13,-0.0005482571885218502,0.0007313540219941994,-0.0004639099254487043,0.0009557408421222588,0.000829158311331198
2021-09-14,-0.003997789009319994,-0.0014047708319731883,-0.000308915008705091,-0.0012094960970408207,-0.0030670986521030303
2021-09-15,4.223954044024653e-05,0.0013647077493527812,0.0009293811835616252,-0.0003943051127681755,0.001802005217888377
2021-09-16,-0.002868753071469093,-0.0015269121175035282,-0.0004921432939352536,-0.00039633672153842076,-0.005642082220470744
2021-09-17,-0.002283186958049003,-0.0009640604702158174,0.0010029170185289816,-0.0011506582039377048,-0.005659870562856611
2021-09-20,0.00017082580080551036,-0.0013930350511413662,-0.0007263871107949222,0.0005123023834493783,-0.00200644691531627
2021-09-21,-0.0003564427056095639,-0.00042744785787036363,0.002059850004181631,-0.002570144914466511,-0.0024673234939582515
2021-09-22,0.001725650577620227,0.001568941001618071,0.000227868293113012,0.0003704125868656638,-0.0010286596900998624
2021-09-23,0.002414692664676136,-0.00038109487606333804,0.002317135750410656,-0.0005643181775558335,0.009687337932786148
2021-09-24,-0.0010266502163675131,-9.97641291775283e-05,-0.0002128429439957316,-0.0009277431530727481,-0.008415954596642138
2021-09-27,0.001098297749062592,0.0016830218486639996,-0.00035688539361383774,-0.0004420267712048285,-0.000313953822825915
2021-09-28,-0.0018382358117511204,-0.0005750100785194736,-0.0007877230200439545,-0.0006182913787155981,-0.007219523987655357
2021-09-29,-0.0026399400313425977,-0.0006530778338050856,-0.00023037825331195984,-0.0018899474986639017,-0.01241155814141718
2021-09-30,0.0022648093304542547,0.0007837104736210349,-0.001991757402444302,0.0003334807445777989,0.00373386845155421
2021-10-01,0.0012833362732048543,2.8862527782053883e-05,0.002351712607241501,-0.0011967674292776799,0.005971289131997755
2021-10-04,-2.867095775535931e-05,0.0004013991681855037,-0.001627081907423885,-0.002454411635397108,0.0046202755036682235
2021-10-05,-8.624159149819339e-05,0.00031637378388083335,0.0007909174335033827,0.0002730728618476466,-0.0004883654219441166
2021-10-06,0.0007526633055645309,-0.002330412929639767,0.00030481830887662333,0.00021700918033981244,-0.007050354687298671
2021-10-07,0.0008526320109011906,0.0009391096486590521,-0.0007943557831566563,0.000765304318002649,0.0024278170253495164
2021-10-08,-0.000936700720576914,0.0016143216870089414,0.00013018102412976315,0.0005333064404238712,-0.0001443480522737054
2021-10-11,0.0028914434915584823,0.0010212081347172781,0.0003166150994283798,-0.0006753601578680599,0.0024831820573167087
2021-10-12,-0.00135446706586298,0.0008503585710414998,0.0013091172522384478,0.0003171674093826416,-0.0009232545375956181
2021-10-13,-4.321988115200446e-05,-0.0010940762625928978,0.0015683343622279653,0.002259335105089317,0.004751423564719662
2021-10-14,-0.0013790066230940199,0.0008107474254819714,0.0026231766866660605,-0.00044111474678835445,0.009777093320610096
2021-10-15,0.0005383732756872534,0.00015572685541084436,-8.508707248871519e-05,0.0013871001926802585,0.005305804840330294
2021-10-18,0.0014282585454298779,0.0004946961606458623,-0.001260168236371248,-0.000183720914316328,-0.0008471705013622507
2021-10-19,0.0018721364582820895,0.002067935177824407,0.0012317513419960395,-0.00026523903078024084,0.009643438945390092
2021-10-20,0.0020193727311550768,0.0002784235675691875,0.0006694094106748314,0.001543113641623608,0.006331341662344264
2021-10-21,0.000558144741417448,-0.0003208369687504633,1.39338837219549e-05,0.002048509972976607,-0.005688011989651993
2021-10-22,0.0020972282339885564,-0.00044716470379837093,0.000640534729134096,-0.0007684730818798658,-0.0002097359432173313
2021-10-25,6.982801363081967e-05,0.0005028705633356868,-0.0017016532455379372,0.0010747361301355742,0.001817623050119662
2021-10-26,-0.0005155177932973411,-0.00041829920157048856,0.001717649616891232,-0.0012411188395463474,8.381058811997019e-05
2021-10-27,0.0010043943091700821,0.0007250721903893334,-0.0031624340696285685,-0.0011439733390432199,0.0011028514711505862
2021-10-28,0.0025304853401214864,0.0015293924342530134,-0.0005294322659368251,0.0012489766954796749,0.00406583867909554
2021-10-29,-0.0015811386090412156,-0.0005318925702432094,-0.0012665717271332791,0.0020563905714116796,-0.00461013233197343
2021-11-01,0.0004728263980838974,-0.000347504573182123,0.0003483762219693379,-0.0006675846202788662,0.00040410515644644286
2021-11-02,-0.0011397776557010258,-0.0005488204017493326,-0.0025768878748909183,-0.0009296691892660261,-0.007411273837475575
2021-11-03,0.00036437531059717505,0.00043465764384800065,0.0005461075967662896,-0.0005325933215354958,0.007007168681029098
2021-11-04,0.0017740736528594797,0.0017454959386703748,8.415855476658784e-05,-0.0010133709523086776,-0.009339777059698623
2021-11-05,0.00022494973874152464,0.0003372965712051907,-0.0008052838354154387,0.0015311249734082928,0.0008718518966618639
2021-11-08,-0.0013111829025550415,4.184304673783559e-05,0.0009933335549171629,0.0009207975314714608,0.0075688916947649005
2021-11-09,0.00014054616261834877,0.0011104318471488533,8.384455224950722e-05,0.0004777092527586485,-0.005404510368613295
2021-11-10,1.4104073962037072e-05,0.00025385006059470424,-0.0005486968587593726,-0.0007619047987618025,-0.00811946778918918
2021-11-11,0.00027016074728697403,0.0005119308436366983,-0.00034208501146046534,-0.001066848843373005,-0.006588967476924366
2021-11-12,0.0001278799635151498,0.00017051025234208567,0.00011408850428102862,0.00017048118355231302,0.002831190492413452
2021-11-15,-0.0007084160114912209,-5.666605279967346e-05,-2.8303355364657714e-05,0.00024091775609519014,4.260244112650021e-05
2021-11-16,-0.00015713949019129314,0.00014284898030128562,-0.0005552431466904198,-0.0009862568068587766,-0.007554736237868951
2021-11-17,-0.0011290957715053725,0.0006434040584837107,-0.0008144079204808591,0.0010576717915880655,0.00190118202112223
2021-11-18,0.0010392569537008305,0.0002564942944082619,0.0004825159040029901,0.0003272134954966377,0.005440523859115198
2021-11-19,0.0,8.554441899182417e-05,-0.00017132577638208108,9.977408305202667e-05,-0.007098496081975566
2021-11-22,0.00012903503319057922,0.001434473507396336,0.0009284587538564414,-0.0013772328408888973,-0.005912252103887751
2021-11-23,0.0012545877008807496,-0.0003889060984840624,-0.0004039121834434453,0.0007203158175857417,0.00047484406581725343
2021-11-24,-0.00036382423325172106,0.0001601152833459643,0.00017374433564776924,-0.00040764035039202813,-0.011255254515337985
2021-11-25,8.752990610701857e-05,0.0006855159505052917,-0.0005690315674242491,0.0002333756337260586,-0.0044618195393776264
2021-11-26,0.0010707816995355784,0.0010115745506026424,-0.0011587401831881575,-0.0001612773166949641,-0.004202948246441519
2021-11-29,-0.0012649850918291267,-0.0005589550627996054,0.00048305997470090813,-0.0009424238659529979,0.0008056424701710101
2021-11-30,-0.008413387847314784,-0.004088661881085842,0.00013193095632443446,0.00026491235971092924,-0.0009375366911968666
2021-12-01,-0.0017508539883698843,-0.0013727239038056624,-0.0007303215199798139,-0.0017539248554843674,-0.001584089040218957
2021-12-02,-0.000571793026508906,-0.0001760408419298356,-0.0010706560623818945,-0.0009243568675423912,-0.0002495760889700891
2021-12-03,0.0003257666651052924,0.0011842379333490236,-8.855304333091337e-05,-0.0005183150434802777,-0.0100937918898298
2021-12-06,-0.001704044924952311,-0.0009932180336933141,0.00013340744878040378,0.0008153403014817843,-0.0011848693586810634
2021-12-07,0.00042777594043914185,0.0012238910937684149,0.00011818410142149073,-0.0006638686079074433,0.005541981656801038
2021-12-08,0.0010582322631344544,0.0020450957949949573,-0.001032981719537686,-0.00014690975360275222,0.003148913726150672
2021-12-09,-0.0003832434232221104,0.0004273976705567064,-5.881833957528457e-05,-0.00017693113001926737,-0.0018675514776739512
2021-12-10,-0.0008542225621795569,-0.0004714896212288961,-0.0006644273250228286,0.0015753251445107927,-0.0006331117653705114
2021-12-13,0.00016297141369318212,-0.0007852957486418468,-0.0006053224264852065,0.0006072050243951365,-0.006526416668617231
2021-12-14,-0.0004442009638166235,0.0004443325457823788,0.0003847975420437963,-0.0009927618113130842,-0.0023581943312046758
2021-12-15,0.0006834965571210306,0.00019314054005690716,0.00020761040499276426,0.00028217752123498903,0.006231933188714977
2021-12-16,-0.00013221586462714026,8.816268960690919e-05,7.337241640666691e-05,0.0005581258865598036,0.002696829545909481
2021-12-17,0.001096134015839264,-0.0004442601660558152,-0.001211888477246447,-0.0002220922580364995,-0.009671484099723593
2021-12-20,-0.0005063819121357417,-0.0005062085091569018,0.0009534309335899967,0.0005361610994639535,-0.0027526707110826954
2021-12-21,-0.0002518723761176641,0.00011849043203622686,0.001273753449169019,0.0006665827513015717,0.007865876115724176
2021-12-22,0.0016005524587476498,0.00048451391722989355,0.001623976144906456,8.802946058284521e-05,0.0058517195141673225
2021-12-23,-0.0004103646440515524,-0.0008499788017045179,-0.0003951036466784362,0.0004103646440516203,0.0007198842619514456
2021-12-24,-0.0004549891101263509,-0.0003522780684623702,0.0002785576595711385,-0.0002349141106090952,-0.0014697023559355185
2021-12-27,-0.00024962739570018067,-0.00030841307034699955,0.0008533930245426938,-4.405836265163663e-05,0.0002788438272506251
2021-12-28,-0.0005592347459950013,0.0004269886323939134,-0.0003522470462345767,0.0010593377187927936,-0.0015419524168873576
2021-12-29,0.0010678838630664522,0.0002486197958036305,0.0012511501172117567,-0.0024299925590142418,0.004969773835244754
2021-12-30,-0.0006427392598967009,-0.00026310789036943074,0.00046894692966424086,-0.0008771289210844551,-0.0013755764223649285
2021-12-31,0.0007162748170203366,4.3841381887324913e-05,-0.0004531799421179113,0.0005259159824367848,0.0014486924062826795
2022-01-03,0.00010328368348312828,0.0001622885641761531,-0.0006002884492966495,0.0010027724547001153,-0.007426684950431514
2022-01-04,-0.0015262473428391836,-0.0014960621162633677,-0.0005445941804146335,-0.0002790854827565901,0.003500055044426159
2022-01-05,-0.0003661474736454362,-8.785287577389955e-05,0.0005140066934037316,-0.0003516277470520213,-0.002984572135997507
2022-01-06,0.001363690475769674,-0.0005632884333875314,0.00290134168441185,-0.0005926804144451606,-0.007760284316328461
2022-01-07,-0.0005179238767694758,0.0007105427068638646,0.00032583421251257085,0.0031182828912049124,0.004973514500183601
2022-01-10,0.0011115970345973603,0.0008008899204510773,0.0010485045005139816,0.00037025792589802755,-0.001403301681597424
2022-01-11,0.0016562660909668803,0.001050272649667759,-0.0014918872182689317,0.0006942239372484831,0.002583503928198485
2022-01-12,-0.0004240417086621016,0.0007896930844279842,-0.0008407762186872069,0.001081681681798974,0.009245736540723751
2022-01-13,-1.4541330095684333e-05,-0.00011629935466962472,-0.00029077375099467967,0.00010178487049393076,0.002188823287419234
2022-01-14,-0.0013638265508417904,-0.00024930890235234525,1.4596728873179233e-05,-0.0009690065505477169,-0.008490133703828515
2022-01-17,-0.0005591442296321364,-0.00038240355807130403,0.00030840854095520335,0.00035318009608662545,-0.0016468170167924841
2022-01-18,-0.0007976838050009602,-0.0009155075799659614,-1.4769194414489394e-05,-0.00016256918463031624,-0.003744825760174175
2022-01-19,-0.000971717218434474,4.417579020165345e-05,0.0005887981328565228,0.0004565302309662281,0.0013432628541086141
2022-01-20,0.0006913544202117272,0.0004557315672981066,0.00019185218585868514,-0.0011917812653082685,-0.004405553975158499
2022-01-21,0.0005204499779184438,0.001605852785096375,0.002484473327661744,-0.00013380412582690609,-0.005705725647006858
2022-01-24,-0.0007491871670039799,-0.0013928934741629794,-0.0022699112235856646,-0.0005697578683254546,-0.0026817656120081885
2022-01-25,-0.0010043246761312016,-0.0008991862970414515,-0.00023961781074031692,7.498444076358745e-05,-0.0020310033563769366
2022-01-26,0.0010622144427604803,0.0007032717387591318,0.0010760724398086346,-4.485947769368165e-05,-0.004449745526749605
2022-01-27,-0.0007576217102797252,0.0015458061727798803,0.0001509889780914579,-0.0013955254445319172,-0.01155348918332805
2022-01-28,0.0019221680644788968,-0.0007325336835213086,-0.0019693911178030065,-0.0013420773708798142,-0.007103796699353162
2022-01-31,-0.0030541334281400496,-0.0009122284852570208,-0.000577718332779545,0.0008974544840017218,0.0039613063151077675
2022-02-01,0.001541903800466662,0.0017230959523288124,-0.000303329038497716,-0.0001057409800153681,0.008976544309590374
2022-02-02,-0.0005731350644052315,-0.0003766960785279372,0.00034621608745342747,-0.00037724176362767195,-0.003804811933935126
2022-02-03,0.0006748195113960863,-4.498729109781671e-05,0.0005876636021123801,-0.0012600316674981937,0.008195532328320685
2022-02-04,0.00030328304122077056,0.0007734832153039168,-0.0015208441356032425,0.0006668990956055261,-0.007938402650357923
2022-02-07,-0.0007998974143083069,-0.00018108014354794455,-0.001284599343930867,-0.0007249879486230142,0.0027311496097064446
2022-02-08,3.0146360582934963e-05,-0.0003164723904254068,-0.0007076235437062169,0.0009039684829268967,0.0018216449518682599
2022-02-09,-0.001300030816001963,-0.0007772563244428954,0.0023226725659965305,-0.0001944026983235937,0.004442317306644831
2022-02-10,0.0013987473077966505,0.00011898210820582067,0.002001434531168111,0.00037167813102092074,-0.0019785958429003156
2022-02-11,-0.00170561697891512,0.00011968701858962154,0.00031584884639346744,0.00019464720256101185,-0.004029232380779565
2022-02-14,0.0005147459690959557,0.0004239790496726902,-0.00012110752849491633,0.0007262494078005238,-0.004328260299219592
2022-02-15,-0.0006486503021908381,-0.0003167731402867605,-0.0012676185562428932,0.0019446900278823013,0.0033044413654994735
2022-02-16,-0.00030036795299807396,1.502460278726505e-05,-0.0010530592341068735,0.0018008558930114878,0.006127249301187299
2022-02-17,0.0007609044686075336,0.0011490909269972448,0.0014473402059536633,-0.0013730320789991013,0.0014661662386174568
2022-02-18,-0.002015422390539322,-0.001523752909105145,-0.000729313212801897,0.00023907716329302393,-0.00028408878713212326
2022-02-21,-7.435884092860105e-05,-0.000758482773444284,-0.0006249814197062724,0.00023792883066125217,0.0009265763668616995
2022-02-22,0.001795878867566147,0.0011724809701935757,0.00284067861593324,0.0005929703540335299,0.006847914335892958
2022-02-23,-0.0006346348479935065,2.950853534606512e-05,-0.0003385863317075352,0.001490016429806926,0.004293186359924712
2022-02-24,0.0009172036459056418,0.00013548197734096216,-0.00022382213694361954,-0.000165335217529447,-0.012187297864879298
2022-02-25,0.000949231045867769,-0.0003709171339473381,0.0003279323892431631,-0.0010827889545494396,0.008294600997458575
2022-02-28,-0.0007096812646310012,0.0007541199703818433,0.0014879405188406012,0.001566541368173309,0.011057719233698146
2022-03-01,-0.0012713056245345982,-0.0003252080621132115,-0.0007237974569478718,-0.0006362594081400235,5.9120872641145904e-05
2022-03-02,1.4793884208528636e-05,0.0003259404150519436,0.00045846798552126713,0.0026150758426177973,0.002273499953245025
2022-03-03,-0.0035511453280900928,-0.0007364095948212971,0.0007376481163004373,0.0016518934155595605,0.003988261270731274
2022-03-04,0.0003219952021263091,8.784644447155689e-05,0.0019895263884222194,0.0017399064255236274,0.0071127802505534165
2022-03-07,-0.002179112106658087,-0.0014332726402419445,-0.0007994012184173389,-0.0009081455414611598,-0.005354276871930591
2022-03-08,-0.003019821692100877,-0.0018748815382119053,0.00046834980731701647,-0.00019087752328285232,-0.0048684731172231235
2022-03-09,0.0006722001655966465,0.0002337950796786598,0.0011686681436472734,0.0004089441994218893,0.00498549377150204
2022-03-10,-8.743296811360896e-05,-5.8264023438631e-05,-0.0011969406462003585,0.00030598194945239576,0.00526635643881527
2022-03-11,-0.0017998117251563114,-0.0011261344800034304,-0.000365595962043192,-0.0016563454261340777,-0.01104595622107783
2022-03-14,-0.001016237798715107,-0.0006482886879672009,-0.0003824710619006352,-0.0017550720913534388,-0.009366610013369777
2022-03-15,-0.0021422617171159494,-0.001698257110734771,0.0012003824881436178,-0.00013311935649060663,0.0017176283189318754
2022-03-16,0.0007197362257217938,0.0006905519547425618,0.0010753877219478775,-0.0001468428783843128,0.010302844913993891
2022-03-17,0.0024412584599212534,0.0013070188764320984,0.0006721314123782704,0.0008994371870794128,0.009008544640374656
2022-03-18,0.0013624375241398218,0.0005653771868696839,0.0003631213954711086,4.345149727312379e-05,0.0017978054223887377
2022-03-21,0.0008695652721844555,0.0006810854155975701,-0.000580500988640538,-0.002030163110279838,-0.0027585423361154065
2022-03-22,0.00011527211436228057,0.0009218449072717558,0.0033067428420286383,0.0011807736878614464,0.01225342615268573
2022-03-23,-0.0011197566417361826,-0.0006888337456476,-0.00037367059934657106,0.0008184070236765392,0.0016789000693424397
2022-03-24,-0.001236076334169419,-0.0006466028431535884,0.0006764196074181652,-0.0013672116054425079,-0.0016358161202610936
2022-03-25,-0.0006324747220957485,-0.001423283135712302,0.0006889326123248295,0.0008767328610572556,-0.0009051529679868575
2022-03-28,-0.0010728214781375272,-0.0009424866393324701,0.0007922618047271747,0.0004930609030093,-0.008665440338644902
2022-03-29,0.0015067007558799601,0.0014484359426862224,-0.0011906837673200377,0.0021113529173781872,0.005915080410337392
2022-03-30,0.0011034760612116947,-4.2989489076656924e-05,0.0010627909313121083,0.0012453212605436277,0.005708262262957436
2022-03-31,-0.0008214263015647239,-0.00031688873149583665,-0.002146897550239705,0.0028361053540068323,-0.006083242436669189
2022-04-01,-0.0014312669153358176,-0.000997967988756952,0.0021074519188841274,-0.0007670765354020098,-0.0020938182273918787
2022-04-04,0.0005611147626881167,0.00010069262147356698,-0.0007645315453140836,0.001336773687827067,0.004399796484799019
2022-04-05,-0.003552655027474094,-0.00017082336905227262,0.000428724551046896,-0.001730958109563183,-0.000791976598889698
2022-04-06,-0.001369043972792896,-0.0005623283424679031,0.00015823353864784952,-0.0008078943252047831,-0.0035210795863117473
2022-04-07,-0.0012336990033299262,-0.0015382162630151552,-0.0008115942474472803,0.00045011362498838063,-0.0034319757390613576
2022-04-08,8.788633373156897e-05,0.00035171019442838727,1.457949103014124e-05,0.0022238812951891752,-0.006330010004310834
2022-04-11,-0.0005998493241363949,-0.0001756157531843449,-0.0006585639154754466,-0.00027810101100635094,-0.0033498908602001523
2022-04-12,0.001149935715769078,0.0006991377586104715,0.0008346329198081623,0.0004217967147848644,0.003831702481180868
2022-04-13,0.0016835518050372404,-0.0004284838386787395,-0.0016046759863889346,-0.000147566626599557,-0.00782524765071592
2022-04-14,-0.002236018466717624,-8.834052332795866e-05,-0.0002200526668259882,-0.0007955801524605826,-0.0021207041614184035
2022-04-15,-0.001579510975322624,-0.0011955279826971253,0.0008857919558747806,0.0007531622091403072,-0.0033522141955501456
2022-04-18,-0.0006685237017784461,-7.42759947753885e-05,0.0003118711551886282,-0.0001486215355341451,-0.005617034783844595
2022-04-19,0.0009058576937944591,0.00013357971389258281,0.000740170569083332,-0.0005790603052651769,0.0005497567093627497
2022-04-20,0.00025034053806691355,-0.0006777463720061572,0.0028627945060263255,0.0021767915640613393,0.010594148982897608
2022-04-21,-0.0023147305271568404,-0.0013571725692065112,-0.0009117915864492922,-0.003104536591628839,-0.010311958888867677
2022-04-22,-0.0026455837214570247,-0.0010673241995468137,-0.0013024051422222277,-0.0017173593048998457,-0.015308139152192868
2022-04-25,-0.0005460088407076599,-0.0011982316143829906,-3.0204636414001743e-05,0.0005460088407076133,-0.0027910854312712986
2022-04-26,-0.001406714646257524,-0.0014520376450872642,0.0009056194300745868,-0.0030774619329457242,-0.009029920597837793
2022-04-27,7.636560802183033e-05,-0.0009155553482347196,-0.0006849054717720968,-0.0024006678349187587,-0.0028396098589729083
2022-04-28,-0.001391638027661502,0.0005103974250664562,-0.000964829736466895,0.0010516386425667784,-0.007950924464664805
2022-04-29,-0.001825223866510237,0.0005671932518097071,-0.0005514790501139889,-0.003460184458272339,-0.006136742990374447
2022-05-02,0.00015557906559479694,-0.0002021222846700412,0.0005438033741059995,0.00021777003570395135,-0.004669897014460781
2022-05-03,-0.0018631809880202425,-0.00024859389208544276,-0.0018362620120539663,-0.00020205317175657283,0.000419785915350974
2022-05-04,-0.0037448280511118083,-0.002532374559884941,0.001629132343283385,0.0017731604222754513,0.016770847476836787
2022-05-05,-0.005154610693355259,-0.0027403003609046193,-0.0009987785001951228,-0.0007296720680818745,-0.018357630840536716
2022-05-06,0.0007002420011166482,0.0022915945957318086,0.0029937807899763735,0.0014145483188459766,-0.003306097453396359
2022-05-09,-0.001463495496984035,-0.0014012550608559487,-0.0006781960246381648,-0.001765336818084098,-0.012920035749490957
2022-05-10,-0.00047454089060197305,0.0014096667443532097,0.0019624917274277624,-0.004503512099175658,-0.004916196843575844
2022-05-11,0.0018110098571035517,-9.419300152973317e-05,0.0026862621826139878,-0.003041216308386484,0.00017485991381035828
2022-05-12,-0.0011855555876112477,-0.0009783559589999153,-0.001296300923297118,0.0024496669977355453,-0.00991981298399949
2022-05-13,0.0038320059077210826,0.002628712163210993,-0.000960092242597501,0.0016309565495709652,0.008886106098908525
2022-05-16,0.00082714306336738,-0.0002864736702543919,0.002203488149655835,-0.001272811334388608,0.005100552096510592
2022-05-17,0.0010542134106179598,0.0006924118238429745,0.0025027756081266814,-0.0026139688925415554,0.008050556503300403
2022-05-18,0.00034700315805610864,-0.0009455520364092178,-0.0012911151043285846,0.0009300053475694778,-0.010271898154510338
2022-05-19,0.0028125458000308953,0.002154634858046973,0.00047367923328591474,-0.0021712143113554326,0.013583757155164307
2022-05-20,-0.0006875752306259882,-0.0007027791298363277,0.0008432362029344209,-0.001940259414181613,0.0036288596413896054
2022-05-23,0.0008968194437769412,-0.000402128191511575,-0.0010825357134062379,-0.0013610073553749723,0.008628449505456789
2022-05-24,-0.0014287491559532416,0.0017676889749715322,-0.0028085765333323363,-0.00020205317175657283,-0.00046450415018045783
2022-05-25,0.0019052788166890257,0.00037171267038906,-0.0022536090420853046,0.00018568665430525856,0.0026911255550251404
2022-05-26,0.002536776871231273,0.0010980769293157356,-0.0024557703610010645,-0.001886501255327332,0.0008491389469867082
2022-05-27,0.0024162358255655015,0.001820532740776164,0.002240398684444568,-0.002462170246532157,0.008130563436832392
2022-05-30,0.0014068571302294924,0.0009480557922205747,0.0011621507210496998,0.0014201402675388074,0.0036065262130734674
2022-05-31,6.148832492347782e-05,0.0008462124805871155,0.00015315108384326593,0.0006300374389168226,-0.0067499050941464
2022-06-01,-0.00790942883200172,-0.003652047208427498,-0.0008919921234893078,0.0007860605671356467,-0.004432822404152789
2022-06-02,0.0022502707523179887,-0.0006740609361170584,0.0010777024429215435,-0.0005659179875876603,0.011304754985142076
2022-06-03,0.00030644296570165165,0.000658978607043024,0.0005185614611521778,-0.001747984130558435,-0.008193566066230552
2022-06-06,-0.0004597208043329213,0.0005514874982753457,0.001731230754973525,-0.001748869050489504,-0.0026469291088574037
2022-06-07,0.0021729691296888546,0.0016738740133707118,0.0024024128668468955,0.003961259164322437,-0.0002774096124809346
2022-06-08,0.0005878349281332811,0.0002783060456758776,-0.0013653997466509713,-0.0002474673278425189,-0.006743093027267686
2022-06-09,-0.00322477904652806,-0.0002336539595504323,0.0011798861847272277,-0.0007180319988816588,-0.009197832436942456
2022-06-10,-0.0011152388316523494,-0.001381822969702307,0.0005603025780427431,-0.0001257387151159911,-0.005480842597383622
2022-06-13,-0.0019410993986832485,0.0003180863949460832,-0.0004911786008263109,-0.003062496412130797,-0.01342259438778477
2022-06-14,-0.0026014081536255237,-0.0002567929781230965,-0.0022494326080544774,0.00016077687420075002,-0.007262033052920795
2022-06-15,0.0029111170769119494,0.002014550205665137,0.0028895722672596705,-0.0029431544966208372,0.011120025626497656
2022-06-16,-0.002053012999383567,-0.0015596406439920398,0.0027013003439184907,0.0029747013432996224,0.01209873924245098
2022-06-17,-0.003032542592498792,-0.002109588302493511,0.0007264572894143724,-0.002643103202604611,-0.008208023604800952
2022-06-20,1.5776727749218902e-05,-0.0010253418046753822,0.0009454626379901409,-6.31084044827644e-05,0.002610822942402633
2022-06-21,-4.734885850671404e-05,-0.0002995593346958219,0.00047189845621123356,0.0019237143068093635,0.0005687293791429039
2022-06-22,0.003427855050089647,7.959312001279704e-05,-0.002383448168615349,0.0028925640002917304,-0.007402920458711778
2022-06-23,-0.0005720096762042256,0.0028434156006737375,-0.00023982540825305727,0.0010484345927099614,-0.0013374094465775515
2022-06-24,0.0031058878325375895,0.00417067025950324,-0.0004926773936898371,-0.0013774433982598798,0.0056716783356061335
2022-06-27,-0.0008568844841100287,-0.0005389468475253389,0.0012981669175789806,0.0025842880245568263,-0.0019977809086228504
2022-06-28,-0.0013078777563315617,-0.00046257527642241123,0.0024462318009228897,-0.002028997780401787,-0.010305751348797933
2022-06-29,0.0007234552536949111,0.0018507645719679825,-0.0026493909858938416,-0.0005948027279075279,-0.0026493909858938416
2022-06-30,-0.0010575907148629342,-0.00024030951981644625,0.001637896793303988,-0.0033725219863058203,0.003514942107444592
2022-07-01,0.001395379250293497,-0.0013626632437536749,0.0010366220011843476,0.00045388968018122137,-0.006542222123804036
2022-07-04,-0.0030536828615474075,-0.0019281450796553286,-0.0014443448396134306,-0.0006118571665458561,0.00124094488885965
2022-07-05,0.0002280984743585009,-0.0031947867434196737,-0.0023812427726300775,-0.00013033561439127232,-0.0064957327632012484
2022-07-06,-0.00561817474899516,-0.003729290569160988,-0.0010038210803416426,-0.0003908731177920838,-0.003556555355464572
2022-07-07,0.0010202347424654594,-0.00021050074967412727,-0.00034022698328151226,-0.0005180843945821492,0.004463967026114837
2022-07-08,0.0015382251917829184,-0.001490337383623813,0.0014134048345490911,0.0024562493159675856,0.00114928586969482
2022-07-11,0.0006715421972663978,0.0005897772123774679,0.0010058404482022145,0.0028449521322313448,-0.012542562122573863
2022-07-12,-4.895281765233337e-05,0.00011416176734809619,-0.0003275466783296563,0.0007992627634675606,0.00287704124957282
2022-07-13,-0.0026394106980835073,-0.0007037585907600464,-0.0003584871879223296,0.010597315160452361,0.00032641337278978104
2022-07-14,-6.586964399846982e-05,0.0013346627015206921,-0.0033903612005623225,0.0030255219080171972,-0.000979559929433973
2022-07-15,0.0007310713770011369,0.003217997543692618,-0.00014697116942020776,0.00024357173713982703,0.005944207260537941
2022-07-18,0.00019430995737748866,-0.0001294749791412975,-0.000987878328394149,0.000517975375377776,0.000325071112167586
2022-07-19,-0.0005614958396296957,-0.0016850014818904112,0.0010932652739267497,0.0005133799766222336,0.011327491828416445
2022-07-20,-0.003313726168302545,-0.002131120766192265,0.00014411183103010065,0.0017782909067110162,0.0007870158853397036
2022-07-21,0.0021941508891478063,0.003191800755960436,-0.0011453369106792712,0.002559130970718735,0.00370189764189119
2022-07-22,0.0037731988757037467,0.00012724872370796904,0.0009308447284974308,-0.0020997717055779145,-0.0007841066786769558
2022-07-25,-0.00033514471383534625,0.0005427235276158971,0.0025926236815700617,-0.0018533021233463666,0.0018066274548957332
2022-07-26,-0.0016035152482589596,6.414882529658885e-05,-0.0006073877718180499,0.0023722902112467623,-0.004771444485988445
2022-07-27,-0.0002736969226181587,-9.657325893963796e-05,0.0009790783001413358,-0.0011438975928525267,0.004931165932126542
2022-07-28,-0.0032186133585789616,-0.0015628740921409558,0.0007951780822631567,0.0011962391671572173,0.0045413700544298915
2022-07-29,0.0014106635663031339,0.002149675970199014,-0.002584615847649,0.004889829011580014,-0.0010021076911306576
2022-08-01,0.002066980342242182,0.0009939809753161174,0.0019932615398330555,0.0005357705769508148,0.007928369446190492
2022-08-02,-0.0004932496500076289,-0.0015124140210074487,-0.0014968394011180008,0.0008590519141086274,-0.012891713208128546
2022-08-03,-0.002660300612209311,-0.0018902688848320588,-0.0008793036482101782,0.00019254837837468454,0.0032425294560662963
2022-08-04,0.0013997139234526047,0.00047700821358585865,-4.7630766308622565e-05,-0.00033384470172637105,0.003931216815150765
2022-08-05,0.004557498059458477,0.0004975084558688517,-0.00036538966036081316,0.0004001953006453779,-0.009255779086620822
2022-08-08,-0.00017477101070068,0.0003493061545154054,-0.001133633095754489,0.0007941676746441148,0.006993482119901791
2022-08-09,-0.0008438214465140394,-0.0009867270113382974,0.0014477653649219988,0.0006050762899172186,9.546235608359072e-05
2022-08-10,0.0039722930421019825,0.001878346355724899,0.0016506630206167253,0.0020269750449853447,0.017927589179726252
2022-08-11,0.0015040278211804715,0.001099777831831249,-0.0010437519933726403,-0.001705770568825012,0.004303764634567777
2022-08-12,-0.0005746278666259077,-0.0015708723125150363,-0.0005581222432560432,-0.000559414494100341,0.002377826730944314
2022-08-15,-0.0011460959422034847,0.0001412928296239366,-0.0010021923795294429,0.0018832988397021445,-0.0132377830707587
2022-08-16,0.0013577948974155616,1.579317261201049e-05,-0.00029963964614388946,0.00031550220324485953,-0.0033054759284122724
2022-08-17,-0.0005888110166377032,0.0013849866501135823,0.00036415741502335747,-0.0013539884988374425,-0.010571877992434716
2022-08-18,-0.0038044346007057887,-0.0008439961326843385,0.0023624823426285145,0.0010361125985693133,-0.0034476738432928935
2022-08-19,-0.002308109263656492,-0.0007104337173544137,-0.00036937407574581213,-0.0015686785081558245,-0.013991871920013593
2022-08-22,-0.0032341031730355823,-0.0023767381983496355,0.0005976272760511457,-0.0004212027019245019,-0.001344576134660649
2022-08-23,0.009294001680940318,0.001962803899351429,0.0017459064555472045,-0.0013155574565849846,0.007236108586686698
2022-08-24,0.001361713375262831,-0.0009241920058553219,-0.0002097840039324038,0.004348289764493961,-0.004387103810612005
2022-08-25,0.001061485858068633,0.0007722877799257267,0.0016019226493334323,-0.0001607587817946295,0.005930909597738683
2022-08-26,-0.0006106576007721845,-0.005786092489794105,0.00043595851011388236,-0.007162822822874399,-0.014567607330330188
2022-08-29,0.002958005017312259,0.0019020220808839592,-0.0007366965225504374,-0.0032673127402618463,0.004381292891470828
2022-08-30,-0.002502316759940984,-0.002780240956479986,0.004080646906083008,-0.002900111194061067,-0.004054884845878756
2022-08-31,-0.0016987084103789092,-0.0014036464463257157,-0.0014021589019145894,0.0021066219383683547,-0.002025449476355119
2022-09-01,-0.004701017895167515,-0.003960856843563222,-0.0008028115216838315,1.6475686006949418e-05,-0.006495979274038437
2022-09-02,0.0007519166053791985,0.0005399965767801003,0.0012008456711551138,0.0023338756993022724,0.004122294939822978
2022-09-05,0.0001805305963233351,-0.0005582281327748721,0.0005918132673144304,-0.0002461861672220963,0.0015774947401723
2022-09-06,-0.003503209346514848,-0.002759351733876166,-0.003240427544943202,0.0013234079681730532,-0.008210416248465241
2022-09-07,-8.316769106335052e-05,-0.0006145209836385865,0.00046436805318933314,0.003056023903441559,0.005464629796158527
2022-09-08,0.00023190710567899434,-0.002599188596490886,-0.00011582021406577909,0.00117527305517151,-0.00346352107681715
2022-09-09,0.000998191882981903,0.0017509556998033132,0.00249411241941172,-0.0013420623945619996,0.008062967396680313
2022-09-12,0.0017574696966461256,0.0021962834712031037,0.0010734501063303992,1.6258444229754648e-05,0.004607399582735245
2022-09-13,0.00021524069787980275,-0.0033930037434130637,-0.00016286644987139958,-0.002436579718836609,-0.02255176924798183
2022-09-14,0.0006167643405688998,-0.0014328082155330758,0.0012833655936134185,0.002662718543065204,0.0009665378702051869
2022-09-15,0.0028836957933855286,0.0014824071005348914,-0.0010323698798883829,-0.004353743834674411,-0.006634548931472719
2022-09-16,0.0029682320577781476,0.0015949368344472898,0.0005211529365562495,0.0010209120475671624,0.005501272140682293
2022-09-19,8.428221060371287e-05,-0.0017185898317667123,0.0005376344215525319,0.0021888478566658666,-0.004154875383543837
2022-09-20,0.0013407216447387134,0.0011534809258312074,-0.002985454462843227,0.0017284038599777259,-0.010870589635272154
2022-09-21,0.0009858246030743588,0.00130975788206351,-0.00020381127146885104,-0.0016152208287626884,-0.006914431989322864
2022-09-22,-0.0006151532950897457,0.00018843198945729558,0.008468839032819055,-0.0023787328640235183,-0.0013681062416089896
2022-09-23,-0.0035527692027064067,0.0003107144731633877,-0.0016349293308182413,-0.0046410224264795295,-0.018062378055098725
2022-09-26,0.001819391006057402,0.001485949314109128,0.0024594251065848255,-0.0024674734928556282,-0.018562996770774047
2022-09-27,-0.001819097487760611,-0.0037271622243360454,-0.0001579099740975376,0.0010070939126945817,-0.0003016725101623365
2022-09-28,-0.000318077401515336,-0.0012718153342944553,-0.0012693873782467864,0.0007243624602302259,0.016161470013664084
2022-09-29,-0.004224763360308382,0.0010037951339913302,0.0026145191285015653,0.0025369992465886526,-0.00012225259147065614
2022-09-30,-0.0016200894592534344,5.27569925121212e-05,-0.0005937516546263015,-0.0031950318880519363,-0.023342550620204523
2022-10-03,0.0037596010622965755,0.005057255984755533,0.0010610080570943254,0.0019970226484531343,0.02126028845475752
2022-10-04,0.005634409208660945,0.005871595797777841,-0.0015520777410531626,0.0011509688590761779,0.0008564562463655834
2022-10-05,-0.0029238756871424808,-0.004453879855133232,-0.0003666745280862579,0.003732595843737297,0.002774072072876849
2022-10-06,-0.002253323724314052,-0.0036232560964503846,-0.0032912810840726213,-0.0006170282353952432,-0.01371831003962544
2022-10-07,-0.0023593912010339935,-0.0023971671649890823,0.0020529527244316044,0.0017744973957542615,-0.011369007239655749
2022-10-10,-0.000698405336268729,0.0004658329535630603,-0.000537239675535197,-0.004416603527546296,-0.007484770022088727
2022-10-11,-0.0026286863665565584,-0.004578631550096606,7.191786982359726e-05,0.0015565876307936514,0.003588220147631459
2022-10-12,0.0019853519788228715,0.0005896806067679089,-5.362457436774739e-05,0.0018565797860120778,0.004716821323292734
2022-10-13,0.004469442272841298,0.00540181733781815,0.0005525502114612977,0.0010783222352522106,0.0041445490990611004
2022-10-14,-0.007792965174236638,-0.003286949850156493,-0.003666154205920672,-0.00025066695445552056,-0.013492587301771681
2022-10-17,0.0020599890078498843,-0.00047936511672594834,-0.0012695916660590196,-0.0014202278301936847,0.013295576378560938
2022-10-18,-0.0038107995225019693,-0.0017735638346700732,-0.0025147070782467417,-0.001567163842814543,0.007752592845306588
2022-10-19,0.0009701802650191209,0.0004766486395420661,-0.00026397993905768357,0.0026060023200224565,-0.0032597137412382917
2022-10-20,0.0057284660929529125,0.00334773814724151,-0.0004594045491170821,0.0020591219365015414,0.0020275578408632624
2022-10-21,0.009541821950506636,0.002388941746382678,-0.003167555581086351,-0.0007010902239708017,0.014287331316287321
2022-10-24,0.0005467613346670692,-0.0019027154663050264,-0.003206282148622685,0.0015504698562119044,-0.01673737597328582
2022-10-25,0.0021062717217198977,0.0026419176210568615,-0.0009992375072138502,0.0011296392438737866,0.010876324670530449
2022-10-26,0.0024487415019508255,-0.00022396995450545522,0.0006888119987867757,0.003318634669058951,0.013714224304959412
2022-10-27,0.0034212630449891516,0.0025670879376752396,-0.0006511755662272271,-0.001657850814257462,-0.000549092295617685
2022-10-28,6.888712846723643e-05,-0.00032658112823226405,-0.001257352663561094,0.000757445379646361,-0.002509066603554141
2022-10-31,0.005558734771989185,0.004954821223855391,-0.003169520163238314,0.0002926165968913689,0.004043329292732483
2022-11-01,-0.0008731008472467295,0.002790261578359981,-8.50969680464258e-05,-0.00032546786292188506,0.003787591184051394
2022-11-02,-0.0004605818765692596,-0.00042624656451274723,-0.0007817678547744695,5.118624114949924e-05,-0.00585022727578149
2022-11-03,0.0006054996854747273,-0.000397858488715336,-0.0027250101476650446,-0.00017296250216084974,-0.007720979032573389
2022-11-04,0.0016980527419841766,-0.00013593420805267322,0.0008757695740434873,0.0007970898165583653,0.02736570008424516
2022-11-07,0.0017904200445269258,0.0011483190210964621,-0.000726910072664292,-0.0014523594946634767,0.007708861058716044
2022-11-08,0.00337860761611498,-0.0005683812988403008,-0.0004381604074212304,0.0010347130429169487,0.003932910377184215
2022-11-09,0.0004063182543585424,0.0009000060041865993,-0.001863712375719494,-0.0013211384035424312,-0.013017345870129928
2022-11-10,-0.0001667611650464678,0.0010648387941929627,-0.002050021218154198,0.0018328450878728171,0.022134427455895035
2022-11-11,0.00037728111991495853,0.0024268274598188305,-0.0022662430608224285,0.0011309900645820187,0.01612565858058728
2022-11-14,-0.00018043287535939658,0.0010980997423976823,-0.0030448939296998444,-4.9214616751102677e-05,-0.0020509125542880857
2022-11-15,0.0043374853769537,0.003605363223302632,0.001055923421832375,-0.0005026388645658936,0.012275300231421732
2022-11-16,-0.000617283970217942,0.0006655790377280894,-0.000194046021856958,-0.0015937035832700006,-0.0024853208377711047
2022-11-17,-0.0006575594917275748,0.0010861695492184362,-0.0038133316260214236,0.0032670915032479812,-0.003666141219781332
2022-11-18,0.0014602095561221987,0.0003732281846829865,0.0029620059692557635,-0.001443973285917896,0.0032594552977095173
2022-11-21,-0.0018844586940243544,-0.0005577702459350027,0.0005400937930486598,-0.00045936280625321675,-0.010897156821156785
2022-11-22,-0.0018720652713438706,-8.137159972922134e-05,0.0002928162436330979,0.0001629274813387131,0.009484624012805839
2022-11-23,0.0029734899312662774,-0.0003210891371023541,-0.0007126429636577401,-0.0022493944155708543,0.015685142111865384
2022-11-24,-0.001578935105262988,-0.0015783058014867631,0.0005116070969170943,-0.00011173630244276326,0.00092725825988378
2022-11-25,0.00022447049109001067,0.0007854137851156584,0.0019718338827209177,0.000817288091453391,-0.004051084360185399
2022-11-28,-1.6116165320065996e-05,-0.0004996575032429478,0.000577904790219415,-0.00033849948339357525,-0.008499687593467437
2022-11-29,-0.0038171981119743655,-0.0008857039912313922,0.0026301455326268,-4.8412474290310914e-05,0.005340942017824486
2022-11-30,0.004055429687903326,0.0007898194303184593,-0.00035278459659352163,0.0011075531433377664,0.01878867860782802
2022-12-01,0.00226098794681642,0.0020259930758955193,-0.00026809017452385036,-0.0013968126697253746,0.0087376746684769
2022-12-02,0.002858895147129528,0.0003768134190161889,-0.0012190930208528829,0.0028976674489684775,0.006308477854051153
2022-12-05,-9.482118312343997e-05,-0.0009793855928576104,-0.00064029986960968,-0.003641606962980464,-0.012684162607962747
2022-12-06,0.0031457751658958977,0.0014546147046015387,0.00045880632059045167,-0.0013740713362214176,0.0001265342276773646
2022-12-07,-0.0013346000928964959,0.0005177892086030341,0.0015331487074963805,-7.856138397770088e-05,0.00451311302396497
2022-12-08,-0.0019452207056149325,-0.0006590303078631821,0.00015754978605813456,0.0006592889336995157,0.0038186278929808444
2022-12-09,0.002999252435769583,0.00020290782591467094,0.0009566452281774536,0.0016364192572426957,0.005193760404112209
2022-12-12,-0.0032307165468618807,-0.0006739759347922207,-0.0006703405736898343,0.0015068754028596076,-0.0008139626339670238
2022-12-13,0.002543648035834377,-9.244422538333209e-05,0.000500633624874562,-0.002435604169919651,0.010220226994400235
2022-12-14,-0.0006978637898082621,-0.00038769608214715755,-0.0020466075332903136,0.0001706339053710311,9.2997303145208e-05
2022-12-15,-0.0006611882738279742,-0.0003145692786127532,-0.0017571388267494147,-0.0012763846959418215,-0.017195715324502533
2022-12-16,0.0001412307477375161,0.0007692006187509699,0.0016534004758667806,-0.00018831209647010764,0.006177565132469636
2022-12-19,-0.003160553919121682,-0.0017955305575174105,-0.000672752757453859,0.003129154773175753,-0.0015081537404755397
2022-12-20,-0.0029675017435905294,-0.0021953212168253477,-0.0008184336896028653,0.0008374746679363855,-0.002786635408174071
2022-12-21,-0.002747581714051041,-0.0023331307057773147,0.0008100317308255737,-0.0005249636225331333,-0.008947507294737521
2022-12-22,0.0011358456471257717,0.0015353370361298098,-0.0013649712459735143,-0.0005277677944260684,-0.005903110682042916
2022-12-23,0.00017488215372192523,-0.0003180863949460389,0.0018276165822001828,1.5896861165035595e-05,0.005011901761893308
2022-12-26,0.001402770701708603,-0.000492841879277254,-0.002472346877317396,0.0030696581477098026,0.0067789317870656516
2022-12-27,-0.002544247401040748,-0.0017019385525248287,0.00047561672530797687,0.00031838515320612034,-0.005295098118987067
2022-12-28,-0.002357577376981949,-0.0003002599641702397,0.0033743408097550737,-0.0008716531055782487,0.007117241621758187
2022-12-29,-0.00011044406413833652,-0.0015284379034194032,-0.0006181008652090212,0.001938886299843651,0.004343883938268665
2022-12-30,0.002909552969707225,0.0027984871659414287,-7.895713421287189e-05,0.0012150765651784104,0.0009924933663873073
2023-01-02,-0.00047462347429387384,0.0001265963003924122,-0.00026884909030007817,-0.0007123353025895168,-0.0040391345541948885
2023-01-03,0.00024019023181741112,0.0001599846418157206,-0.003915343823043308,-0.00011208159551880406,-0.012664438843080291
2023-01-04,0.000761977368041783,-0.0004916771841888737,0.0002212878964552764,0.001585590488850375,0.006097677201074003
2023-01-05,0.000626470821327451,0.0005464744498469977,0.000541280619449895,-0.0007228857914332,-0.009465709766930407
2023-01-06,0.00499759093799826,0.0009672790878417809,0.00022538113655314146,0.0024184190908261467,0.019347025321837474
2023-01-09,0.00042210914493028874,-0.000531765160017453,-0.002099129788899564,4.689001946791096e-05,0.001288518225384626
2023-01-10,0.0010218439668907044,0.002060704986710575,-1.567287573790234e-05,-0.0010061153793961824,0.00039251089721653826
2023-01-11,0.0,-0.00033061234429792544,-0.0016819011014622917,-0.0011653177596629286,-0.0006752141706045701
2023-01-12,0.0005969117847394691,0.0001884629283294166,-0.0015898629927907633,0.0009888325519475216,0.0031366670427210217
2023-01-13,-0.0015725498986902267,-0.00044006475948686255,-0.0001876465994560584,0.0006764995341579619,-3.1318018824703305e-05
2023-01-16,0.0006106487941549975,0.00023475096942566888,4.6923756724642046e-05,-0.00020350816842432945,0.0011120422782265424
2023-01-17,0.0,0.0010583493851807394,-0.0034454170929024562,0.00015567594526737135,0.006708607465135551
2023-01-18,-0.0031029796496732393,-0.001805737177212171,-0.0008331276709987751,-0.001810655503000176,0.001957282178252557
2023-01-19,-0.0006418736668624854,-0.00040763213332731875,-0.0010180509121576824,-0.0010341262555512928,-0.0077583775722168385
2023-01-20,-0.001935030054932433,0.0011779659752031123,0.0009817290125818876,0.00018592544443266304,0.01220238200590607
2023-01-23,0.002393878993659617,0.0034706992427378787,-0.0007240962594046622,-0.0008024691788653335,0.00013871656375086272
2023-01-24,0.0006769543468208376,-0.00015390534851464336,0.00010793058531974878,-0.0003845769316627551,0.0008626931966341473
2023-01-25,-0.0022147374213340697,-0.0011305123353572517,-0.0007102821353846726,0.0017040793577010034,-0.0020655431704878348
2023-01-26,-0.0025175119286655868,-0.0012211995550800783,0.001326976386297263,0.00012370687671396636,0.0013107273328122689
2023-01-27,-0.0007559337298133294,-0.00010804720129675027,0.0014330513342887903,0.0002468983408629371,0.0002003127968052126
2023-01-30,0.0005703583392249178,0.00032389163794456055,0.00186241290105156,-0.0007862544631860918,-0.003642372801309244
2023-01-31,0.0014556944993215695,-0.0010517850378760844,-0.0007163993453880644,6.18974668659044e-05,-0.004820257475189177
2023-02-01,-0.0002950883345040093,0.0,0.001009042659449159,-0.000590438028930777,0.012122483661982956
2023-02-02,0.004357976360610965,0.001307883646324617,-0.0012738561958322101,-0.002939164531528363,-0.006297705760788446
2023-02-03,-0.0017240032481004443,-0.0014884569019640575,0.0007564939185120197,-0.005095312023954387,-0.02341061110345706
2023-02-06,0.0006053461809093539,0.0014341260664379554,-0.0013962050881436371,0.0006845553443745496,-0.00273909876049316
2023-02-07,0.004150406288613794,0.001525771525673068,-0.0011698311402549518,0.00028560095394443793,0.0022171904621660597
2023-02-08,0.0006820146659598378,0.0012058708323593606,-0.0015301739022829627,0.0007449262154328523,-0.0013138838232458424
2023-02-09,-0.0011013043702124557,-0.0013067266786389014,1.571104250650575e-05,-0.0007401283751902832,0.001962274335180192
2023-02-10,-0.0019931354178809517,0.0003483437871693761,-0.001075592074718008,-0.0013943909722451888,-0.003357195780021345
2023-02-13,1.5727103303866357e-05,-0.0006291880536003703,0.000300212521116946,-0.00015728216452676715,0.007687427855068269
2023-02-14,-0.002446050061663766,0.002354448069130038,-0.0013730954406781409,-0.0010591797880649637,-0.004017873099117133
2023-02-15,0.0017868258291821853,0.0020112380678284033,-0.001098122956875152,1.5939430165859602e-05,-0.008864701760248101
2023-02-16,0.00039994561272858995,0.0004317409621331934,0.0008895243220159674,0.0021888664184695683,-0.005414440520061114
2023-02-17,-0.00019256691759873877,-0.00036917842170167603,3.2259105135297546e-05,0.0008662592581744267,-0.00035239468569069326
2023-02-20,0.00025573403799580727,-6.39437295396766e-05,0.0014922861218797253,-0.00043158913385028846,0.002754955052405013
2023-02-21,-0.0021846345411430856,-0.0012041713947142487,-0.00012823184334812224,-0.0010136195933291012,-0.006305929676997421
2023-02-22,0.00022462896203552792,-0.0005773857417822655,,0.0,0.0016244082926681104
2023-02-23,-0.0012549879366305923,-0.00035381151864745413,0.0005296992876605789,-0.0006764156670968895,0.0011082291152957747
2023-02-24,0.0004059463069978892,0.00019487479356231793,-4.827924717499509e-05,0.0006329473647809596,-0.010569984722697278
2023-02-27,-0.0016049156000999582,-0.0005839037373541151,,0.0,-1.6225205857766e-05
2023-02-28,0.0034560757914969434,0.0019852324641370794,,-0.0017749956251304525,0.0036440533000271645
2023-03-01,-0.0012000097440803628,-0.0007998464721275447,-0.00038388330419133327,0.002286775285507904,0.010549265637667516
2023-03-02,-0.0001768616705174624,-0.00038583968839822375,,0.0,-0.005228560427870942
2023-03-03,8.068224914207687e-05,-6.455048657160856e-05,-0.0005776080769004802,0.0018055784366874366,0.000835838217532992
2023-03-06,-0.00024236744639111722,-0.000145427516758158,-0.0005821569077234789,0.0,-0.0026442245583226105
2023-03-07,-0.00081398760721419,-6.51433969255756e-05,,0.0,-0.013670675113552697
2023-03-08,-0.0018950228662877626,-0.0008826125903945971,,0.0,0.0005890341646493149
2023-03-09,-0.0005218185494442545,-0.000570725080921377,0.0008811723425164859,0.0,-0.0021614903042860016
2023-03-10,0.0005511160238691527,-3.2409132896516085e-05,-0.00026198585426249875,0.0,0.004856799650298292
2023-03-13,-0.0037915495568202795,-0.0006889866561078725,,0.0,0.00877801286248426
2023-03-14,,,0.0005473718240185538,0.0,0.0034544568684082024
2023-03-15,-0.0012449375501410549,0.0011655012974354135,,0.0,-0.011956480021933133
2023-03-16,,,,0.0,0.006891224010111034
2023-03-17,0.0012158445216999892,0.0001600640259519682,-0.0019396160512734407,0.0002557790083324659,0.009626103112189817
2023-03-20,-0.0003682916911789243,0.00012813325876422335,0.0012020869674769267,0.0,-0.00449252136522106
2023-03-21,0.0005669714965224839,0.0002592268573538032,-0.0003230756832883004,-0.0002591470836160306,-0.00776949691058879
2023-03-22,0.0007398710388496195,0.0009007850306685296,,0.0,0.005892977703010395
2023-03-23,0.00036609338973618875,-3.1840542565619243e-05,-0.0010830785972116635,-0.000541228921202918,0.002485230200791948
2023-03-24,-0.00030615780256695017,-0.0002900418969735875,-0.00037048671101372815,-3.223259037499153e-05,-0.007232316444421339
2023-03-27,-0.0005169795585109697,-0.00011306644280796009,0.0004033266435785429,0.00014542751675824468,-0.0008714034987985723
2023-03-28,-0.0006259178326111543,-0.0013964128909317523,-0.0008996996252988698,0.0018285059468548194,0.009160074976709174
2023-03-29,0.0015264112222580911,0.0012852439716017473,-0.0008664955612750511,0.0,-0.004521339731588328
2023-03-30,-0.0012317341011967354,-0.0008956561279445173,-1.601652905843303e-05,0.0009759141970132938,0.006263486528493996
2023-03-31,1.5956979982234438e-05,-6.38304663032704e-05,0.0015670224988203942,-0.0011974806441206543,-0.0023182021141446205
2023-04-03,-0.0005564963136612475,-0.001972983503702216,-0.0008502787982695945,0.0005406007159467358,0.007542391745191504
2023-04-04,6.366284161254441e-05,-7.957285296745661e-05,-0.0019072146152143445,0.0,0.002395894806499823
2023-04-05,-0.0002691214783096731,-0.00039574182320272383,-0.00341604924877083,0.0,0.001235369738511844
2023-04-06,0.0002400710621869685,0.00036827400001526733,-0.001049701885651028,-0.0002560778490649918,-0.01187817484497864
2023-04-10,,,0.0005283592966048473,0.0,-0.004687082209545323
2023-04-11,9.66728430626092e-05,0.0009832921733963105,0.0006110012570899519,-0.0011929520526187574,-0.0044667047310846765
2023-04-12,-0.0004175365405128505,0.0014953333922222223,0.00033924864827852494,-0.002331771835409266,0.003645812165571364
2023-04-13,-0.00011118788381210094,-0.0008898494199328388,0.0007695884685041786,-0.0007309709526175588,0.01334014248695167
2023-04-14,,,-0.001698992922007466,0.0,-0.01437123650451497
2023-04-17,-0.001295861524176722,-0.0011824065778245254,-0.0005486791494337003,-1.620890030744092e-05,-0.00394082815070676
2023-04-18,0.00045111086814409915,-0.0008694252680977063,0.0002899811532573798,,0.004263159252001842
2023-04-19,0.0010775603149535116,0.000627317274209338,-0.0011304545630723727,-0.00135115592625523,-0.0011124816741442738
2023-04-20,0.0008083813413121697,0.00011313405589571001,0.0011845362627995906,0.0,-0.0037010442330565594
2023-04-21,0.0012058010260071474,-0.0006034461852057702,-0.00035855145597462387,-0.0008308692836435126,-0.0067585388532868315
2023-04-24,-1.626770129288357e-05,-0.00029285912058729646,-0.0012370195919687171,0.0006342443354235853,0.005089400502599693
2023-04-25,-0.0006667696883094166,0.00011379430878150799,0.00035724145030234034,-0.0006346571843852277,-0.004877503288255344
2023-04-26,0.0006191244474938295,0.0004398647893996887,-0.0011741875808852407,0.0,-0.0034448170029668553
2023-04-27,0.0007168809470057603,-8.149627159072805e-05,0.0008461476381500915,-0.0019889797551231603,0.005317339511534641
2023-04-28,0.001396761689460303,0.0011857484191888906,-0.001435328904059812,0.0021886636007600203,0.004803644420368415
2023-05-01,-0.00072655061199021,-0.0010170231159691715,-0.000631348922181465,0.0,-0.001685138774558847
2023-05-02,-0.0016131117190026768,-3.22367466703812e-05,0.0004358810920836398,0.0008875334416183684,0.006465818465655406
2023-05-03,0.000449683623034156,-9.63870906302623e-05,-0.00024061018859611397,0.0007222824438238672,0.0033136581867494116
2023-05-04,-0.0008299947803738571,0.0003668934534723565,-0.00048074612723406264,0.0011490401991950123,0.0084116082937103
2023-05-05,0.0027066201305872024,0.0014479266155660892,-0.00011118964994663782,0.0,0.0034338072656515855
2023-05-08,-0.0001887534413783038,-0.0001101018443171601,0.0003795846756634103,-0.0008655760948974296,0.006580219883598391
2023-05-09,-0.0007270083926173595,-0.0009325631143795515,0.0006159142968373541,0.0001264742152380603,-0.0014041511532653414
2023-05-10,-0.0016344752102513769,0.00048771663057793955,-6.316221638318585e-05,0.0,0.004945203475912659
2023-05-11,-0.004544418749584855,-0.0018222589955819274,0.00039442442156237506,0.0008090551154002008,-0.010613363046618913
2023-05-12,-0.0033423350307583946,-0.000835515899304911,0.0003041776420869655,-0.0024979666658269937,-0.0165700558129753
2023-05-15,-0.0010297833538069432,-8.045893782447165e-05,-0.0003856660822349449,0.0006920025703217795,0.0072381329662480785
2023-05-16,9.613535865882919e-05,-0.0016488841753024162,8.002752951279875e-05,0.0,-0.0018608237908245152
2023-05-17,-0.0010885574488499778,-0.001136609344906931,0.0013141659342819291,-0.0009935420588776786,0.0030781093945764348
2023-05-18,0.0006599650940955011,0.0003863738859322619,-0.0008646087383752799,-0.0011431424779099707,-0.0037045097812618507
2023-05-19,-4.77901058641207e-05,-0.00038238481123639836,0.0017238081265342705,-7.96552521111919e-05,0.007060378504313859
2023-05-22,4.778553851247777e-05,4.778553851247777e-05,0.0024385785456192185,-0.0005257665558338824,0.0028357062859956338
2023-05-23,0.0007682581725198813,0.001697358293819788,0.00022347795642603006,0.0,-0.006223589863943066
2023-05-24,-0.0008830022648780608,-8.172672223188496e-05,0.0008475543675589379,-0.0006873189921520485,-0.022141842639426697
2023-05-25,,,9.855615244760491e-05,0.0,-0.007820754899082318
2023-05-26,0.0015016876176954165,0.0010893606860808021,0.0009226308813181144,-0.0040150411242289435,-0.0034202189563996804
2023-05-29,-0.00016523190335174058,-3.3044196616041195e-05,0.0006107172816480624,0.0006772773709619713,0.0009917192264183123
2023-05-30,-0.0009919159668616122,-3.307972213336573e-05,1.6532341393090552e-05,0.0,-0.0018189038680981116
2023-05-31,,,0.0003169175623873704,0.0,-0.004378915255645953
2023-06-01,-0.002102493138481131,-0.0016551362645066661,0.001617246532371365,0.0034246325523384514,0.008837605514216897
2023-06-02,-0.002020252479482272,-0.0010681216044793934,0.0014270836609629413,0.0,-0.001649049696762497
2023-06-05,0.0005931100557743158,0.001992114522113246,0.000578488508343522,-6.58837481501639e-05,0.002144649099711658
2023-06-06,,,-8.216859356643078e-05,0.0,0.0014162442259160843
2023-06-07,-0.0025309396059937468,-0.0005253825562499703,0.0011204113740441535,-0.003544203174250039,-0.00675337964047299
2023-06-08,0.0010846166286529572,0.00024640050061840743,0.0009382330633525876,0.0,0.009464989449943263
2023-06-09,-0.0015817756687830028,-0.0005220995044444163,-0.0015250529754902411,,0.005172707556034467
2023-06-12,-0.0002452803976030363,-0.0004415480418764076,0.0017752303096165473,-0.0002126250202234295,-0.0004737439747507624
2023-06-13,,,8.136365490020988e-05,0.0,0.004353255914891424
2023-06-14,0.0005155137530797693,-8.05250231944755e-05,0.0006327214533302613,0.0,0.009246655089254508
2023-06-15,0.004192540205489186,0.001529852546858481,0.0002750697804651271,0.0,0.004278528667362745
2023-06-16,-0.0012386093771427353,0.0012530726011895784,0.0008991218112907716,0.0019135684231120242,0.0007540813000226044
2023-06-19,-0.0006127154773349863,-0.00046756472189292956,-4.817535831353733e-05,0.0001774036178863227,-0.004410540920960444
2023-06-20,-0.0012184721868196652,-0.0002600653428828563,-0.0005814047548263753,,-0.005256827769362484
2023-06-21,0.0014252399406624867,0.00025928566943743034,0.00019468825604599668,0.0011969269524395327,0.005660056833124876
2023-06-22,,,-0.0005475833993585184,0.0,-0.004120585296938545
2023-06-23,0.0004403885276567847,0.0010272717058458654,-0.000456063205233717,0.0002119697706432741,-0.005830068074503819
2023-06-26,-0.00029225998357048646,-0.00022732070177622747,0.0006820728783194135,0.0,0.0037411192156035496
2023-06-27,-0.0027218395690056527,-0.001100804669786256,-0.0025081933938943435,0.0016696253706374815,0.0003084240367934197
2023-06-28,9.876055511457316e-05,0.0007244229629592563,-0.0016738328106368796,0.0005923585917114312,-0.014303355390254307
2023-06-29,-0.00026423569978035316,0.0006443671793973366,-6.576459565349802e-05,0.0,-0.0013344867913961855
2023-06-30,0.0013091577440917704,0.00071982465562723,-0.0009860637138706069,0.0,0.011816419703897924
2023-07-03,,,0.0014172961344197117,0.0,0.002719273496968429
2023-07-04,0.000870546564731955,4.838358507180629e-05,-0.00045388232259185917,-0.0007576551741933615,0.006386380185018803
2023-07-05,-0.001306715249456141,0.000403652250998123,-0.0005975114633508684,0.0,-0.0020864847080013073
2023-07-06,-0.0014100602827406977,-0.00014596054225932053,-0.0007908902769593471,,-0.0033896963081242464
2023-07-07,0.0013727946598136062,0.0007754568313756948,0.0012305900288362595,0.0012097263461669234,0.007912982751254415
2023-07-10,0.002116710679879666,0.0008722057666259586,4.84922937758795e-05,-0.0002744347871385885,0.000708945634230545
2023-07-11,,,-0.0012926369975182442,0.0,-0.001821714365754239
2023-07-12,,,-0.0011774479775129732,0.0,0.014672461326370309
2023-07-13,0.0031019435503729146,9.385705577291669e-05,0.0011488555987693187,0.0,0.015509813039143689
2023-07-14,0.001300298625201286,0.0011748949820610758,-0.00020376654694037943,0.0,-0.0034189139838092524
2023-07-17,-0.0002846524886777071,0.0022167340763973157,0.0005042546592822797,0.0,-0.006794007706040495
2023-07-18,-4.7737633972749955e-05,0.0002863779572187475,-0.0009519881403136615,0.0018283139299121937,-0.008242917541873325
2023-07-19,-0.0019062423175219534,0.0004799923293384515,-0.0015830505004981639,0.0005610368107152502,-0.001564121298851797
2023-07-20,0.00020786530403193182,0.0010717686005983164,0.0022124783201265363,0.0,-0.005204716802584216
2023-07-21,0.000372093027548991,-0.00029129984669984887,-0.002338578726735479,-0.0013434226922363107,-0.010231836729996908
2023-07-24,-0.0009191399432857081,-0.0007739564068437162,-0.00020991950471483506,0.0010964206193503924,0.006080717369663877
2023-07-25,-0.0003703375749791241,-0.0008853618085962523,0.0008211965778010207,0.0,0.0027532480742625993
2023-07-26,0.0004508421162892921,0.0005313282525957887,-0.00033760701257114196,-0.0004669473802952953,-0.0019474202843956779
2023-07-27,-0.002169843256490826,9.654684138417967e-05,0.00031975443132315086,0.0,-0.004310664655762157
2023-07-28,-0.0002439440892247821,0.0005206130335920087,0.001991252208521658,0.0,-0.0035983505882210536
2023-07-31,0.003206912914626748,0.000466714419486266,4.84781888644177e-05,0.0007880664635270415,0.008527766753875064
2023-08-01,8.130411809826258e-05,0.0006662171301718213,-0.001574483951443971,0.00021135977576982286,-0.008251539368235774
2023-08-02,-0.0017253424154303704,-0.0015441988842174986,-3.2736974779114644e-05,-6.578622767683941e-05,-0.012851923980656014
2023-08-03,0.0002965990003286849,0.0010879600176400676,-0.0014332668576590647,0.0009880284697253335,0.0002139125434954486
2023-08-04,-0.0014556638515486134,-0.003204711702848159,-0.0015284868493636106,0.0004418298372468665,0.0024977418293270956
2023-08-07,-0.0021946354905730686,-0.002426469367734897,-0.0030666067538573615,-0.00013117549660530875,0.0006722358653232181
2023-08-08,-0.0006619886379710285,0.0003146919771234796,0.0002805813002720423,0.0010589715729185435,-0.006313837380827061
2023-08-09,0.0012204375298519434,0.0011048904891371497,-0.0010192340188611732,-0.003053891129355894,-0.0017168803226831606
2023-08-10,0.001382602475205933,0.001018698126280526,0.000576858117144432,-0.002701146334754263,-0.0050521471370879485
2023-08-11,0.002653606036558388,0.0018191381636581223,0.00018307854953063208,0.0007164338563175957,-0.007183064925126298
2023-08-14,0.0022149518242490216,0.0008569340769212611,0.0001169073009940552,0.002076252776069454,-0.0016389059792591035
2023-08-15,-0.0010717755656363774,-0.00030144189935684405,0.001056683621607541,0.002393166396105019,-0.0037225879731483005
2023-08-16,0.00033570565643602316,-0.0009731381113934065,-0.0005176891142062041,-0.00043643933346809136,-0.002708410339354579
2023-08-17,-0.0017992421134476596,-0.0015316645115163291,0.0014677477771816284,-0.0006902880121900982,-0.0022429285510726245
2023-08-18,0.0010963711217729351,0.0005734815546718375,-0.0013666851581027098,0.0005224616488749735,-0.0007093396683173177
2023-08-21,-0.002098246027613882,-0.00020303881495084281,-0.0007781574977363061,-0.0005930444533536872,0.00042193025275113366
2023-08-22,-0.0004378283782725781,0.0006068984305772039,-0.0009061923761592611,0.000690334502887738,0.002847588636585213
2023-08-23,0.004670001263915197,0.00031877322910380223,1.681364595542113e-05,-0.00021789596392026626,0.005018262534722916
2023-08-24,0.001416096531193017,0.0008429287212860896,0.0006385588951459633,-0.0013823566320721595,-0.008524140150172855
2023-08-25,0.0023454186523092723,0.002972222064795054,0.001100659660184412,-0.006051916028496018,-0.003602936989528831
2023-08-28,0.0002708421514650676,-0.0005414826604038738,0.0001864612208443661,-0.00044015575452443335,0.0009992802626852511
2023-08-29,0.006835898024117444,0.007044721541640658,-8.443164840918659e-05,0.0006068779687274167,0.010390709934838819
2023-08-30,0.0009004653012186016,0.0005670636263899097,-0.0005549903019154235,-0.003523099961569789,-0.003457191373458868
2023-08-31,-0.0021703843705232913,-0.0010759196788023742,-0.0008896424392254575,0.003027145697321722,0.002736531016295982
2023-09-01,-0.004511738152612169,-0.00197585503238995,-0.0006204254305141821,-0.00313677069435879,-0.004789643379650443
2023-09-04,-0.0012126113046105147,-0.0015322318856324174,-0.0005381135885814377,-0.0001516798546782063,-0.0005891214686339434
2023-09-05,-0.0021268096526138817,-0.0012764112457374277,-0.0002041858097954616,0.0009023197036981753,-0.009609439693046317
2023-09-06,-0.001343137873532019,-0.00413241296531421,0.0009520248245492148,-0.0016345993763888114,-0.0023998173360286553
2023-09-07,-0.0023977768292336335,-0.002228782833755771,0.0005267137432641156,0.0013101367308510344,0.0012431775853702794
2023-09-08,0.0017252465292115343,0.0018785386774480364,-0.00023726802924639202,-0.002995711775012738,0.0008165904402320085
2023-09-11,-0.0009446694359738987,-0.00030393084118889426,3.377750756085969e-05,-0.0008611010806202672,0.004605650052583058
2023-09-12,0.0006274004631520615,5.086599355087312e-05,0.0005584748704543377,-0.0002373484795410085,-0.0029946474063615876
2023-09-13,-0.0013020504904400348,-0.0019952661337057946,0.0008979322749212089,0.0006935106292047667,0.0025553172088625506
2023-09-14,-0.002537127980493171,-0.0034806151553376727,-0.00015200520224856347,0.001962609546305826,-0.0012006935023861375
2023-09-15,0.0006266990948599395,0.002454487440582552,-0.001165905017888527,-0.0006436423603359888,-0.002778956291487866
2023-09-18,-0.0004743431283777766,-0.000711985112294078,6.77575634639398e-05,0.0007114303437135268,0.002556355455640272
2023-09-19,-0.0001347686193309821,-0.00129646017233148,-0.00045500122961234006,-0.0001684863193094544,0.0036622968236137915
2023-09-20,0.0011563697984538033,0.00030130061659799104,0.0007575821707630183,0.00021771715278462374,-0.0008426588067721912
2023-09-21,-0.0004898938379801487,-0.0014882716812897859,-0.001284651968426155,0.0018232161171761456,-0.00021920764953861364
2023-09-22,0.001672548851993279,0.000618465389831669,0.0006551153825255485,-0.0009530099951359928,0.004391839260949645
2023-09-25,0.0016596401217713803,0.0003521215358697613,-0.0007902546880758627,-0.0027340065168707218,0.0012078106547816596
2023-09-26,0.00011741912771076078,-0.0005197636031001175,0.0014437526640313164,-0.00015096998242207344,-0.0035773406305382614
2023-09-27,-0.0003710700352927429,-0.0009784241405391815,0.0015661710327448761,0.0017192560869176774,-0.003775942992507527
2023-09-28,0.0017471655011468293,0.0017482521935294133,0.000673423373037268,-0.0003189658817490671,0.006732785359818029
2023-09-29,-0.0024425311436355127,-0.0023091053759264216,0.00038149896379816885,-0.0004992095951912801,0.0053037208456835
2023-10-02,-0.0011407100478692124,-0.0005537423897043706,-0.0015868114272770534,-0.00043649795035352536,-0.007234758244582649
2023-10-03,-0.0011868028926832876,-0.0032019544014475075,0.0007276358080936527,0.001440934652896981,-0.006796609320323044
2023-10-04,-0.003098887389355408,-0.001845971987848501,1.69596445263461e-05,-0.0015955193064785163,0.00016921046437909365
2023-10-05,-0.0010254600759087604,-0.00033645111682696274,-0.0004047831935317771,-0.000790826454817873,0.008843577863128865
2023-10-06,0.001396096204152319,0.0003701335888011554,8.383002628791614e-05,0.0009072581267479414,0.0037830011135668584
2023-10-09,0.0015837427978378726,-0.00046686898503656057,0.0004017207090833469,-0.0007832224168680186,0.008795777347084569
2023-10-10,0.0027758172820303707,0.001911712728240931,0.0036764441492877784,0.00016597234938769943,0.004327683156918429
2023-10-11,6.637682123818374e-05,0.0015265405257577063,0.0005978279097977405,0.0002820523474669277,-0.00406184501754921
2023-10-12,-0.001911084870521268,-0.0006210606908761516,0.0011497414348597918,-0.0015785588016300508,-0.015418531096597675
2023-10-13,-0.0009313589198898201,0.0003557121479328658,-0.0010979823567790242,-0.001356254234273164,-0.00782484557498125
2023-10-16,-0.0006932878182944666,-0.0010826539610144918,-0.0004557000559876376,0.0011833720718951862,0.00018625915475254978
2023-10-17,0.002174948182858703,-5.098355781362276e-05,-0.001646957322180229,0.0011365661661668343,-0.0017963061939103527
2023-10-18,-0.000935557192506161,-0.0007144923155800929,-0.00044050625045216884,-0.0022830282175877303,-0.006756494979627576
2023-10-19,0.0008910976512879948,-0.0005140947761241895,0.0002577386029372,-0.000839666581767599,-0.0020341713495390314
2023-10-20,-0.0003089651408913296,0.0006000806002567147,0.001905498194687756,0.0004290924760109138,-0.0036513596011026666
2023-10-23,0.0016988566836339657,0.0020785564098362128,-0.0007562736695968696,6.8580050090274e-05,0.002466895191729993
2023-10-24,0.0006159110545429932,0.001147663261144429,-0.0002047956317423232,-0.001334953731600039,0.00022240661152546633
2023-10-25,-0.0004984916433984644,0.0016506761201874791,0.0005305176093691824,0.0014432248265602453,-0.007710376749040461
2023-10-26,-0.0018058462715210355,-0.002457024801171189,0.0008962581823348343,0.001891757662565299,0.002995044926832079
2023-10-27,-0.0004795834567119657,0.00020562381196179502,0.0011335532953281621,-0.0019549677826220285,-0.0019612572092010615
2023-10-30,-0.00046254658411728404,-0.000839307021512808,-0.0004456786388007516,-0.0008571331138129016,0.005375295230874963
2023-10-31,0.00036150489716406587,0.0012048816370634505,-0.00027354168261914695,5.1632890162506325e-05,-0.00547861880596247
2023-11-01,-0.0012174108378533563,-0.0013884486747615964,0.0010136151707506652,-0.0004633483003364262,0.012340236182493433
2023-11-02,0.0006971307402418825,-0.0008156330103828737,0.0003049142028942095,-0.0004930421650921076,0.0027518745389418777
2023-11-03,0.0003672849337603375,-0.00021712443820837293,0.00042240790023945646,0.0008175592142973848,0.01682125449014325
2023-11-06,0.0008032397767793783,0.000568580904310797,-0.00098603679722439,-0.0001338284989785411,-0.005671140139874762
2023-11-07,-0.0003540151252004689,0.0005229111085947867,0.0008953081386934077,-0.0006071748006608915,-0.004472550079283259
2023-11-08,0.000996276709587297,0.0014532430148939555,0.00038831345825223926,6.750826978853071e-05,-0.00378193565635026
2023-11-09,-0.00020180955973106505,-0.0011764114090551461,0.00040443531271486586,-0.0002691427818695426,-0.003966106893813484
2023-11-10,0.0008839178531961218,0.0017162718640585193,-0.0001698052338052381,-0.0005778578630495518,-6.793362887061518e-05
2023-11-13,0.0014113848365948673,0.001020477672067394,-6.796479426261251e-05,0.000628530194387004,-0.0019363063374636185
2023-11-14,0.0014047529777966809,0.0004183435330720617,-0.0009703367148551139,1.6711369580734905e-05,0.020446480519891962
2023-11-15,0.002606264807477879,0.0017423486283250056,0.0006127704869496455,-0.0007629157016528091,0.004072783680008096
2023-11-16,-0.0019494645148253394,0.00046701693785187147,-0.0008172047052133575,-0.003341244045326677,-0.010640704811006546
2023-11-17,0.0007363031223911141,0.00010042177152438895,0.0037778157027769997,-0.0015234080405658631,0.003581773625212929
2023-11-20,0.0014796714172132836,6.648494118513614e-05,-0.0014751832150681952,0.0012618088705764056,0.0075125839488066
2023-11-21,0.0002969513021687905,-0.00021435343665889158,0.0011708734238383726,-0.0004949678371964772,0.0023320250386685668
2023-11-22,0.0005328449047893605,0.000316268697861517,0.0004146521542539616,0.0007654674717294427,-0.005466485915840811
2023-11-23,-0.00016547798353195236,-0.00033089026326425536,-0.00046313143836185987,0.0008601866473618709,0.004507871535939503
2023-11-24,0.000558971507008081,-0.00046020841678737993,0.0015351224097068746,-0.0006411995583318298,0.005145893824701877
2023-11-27,-0.0011002456135321588,-0.0003613606911745624,0.002252493903061577,0.0001807204177916432,0.004351795617285486
2023-11-28,0.00306913962246335,0.0011743599457630768,-0.0001312917468610964,0.001628691381053411,0.006874899500892398
2023-11-29,0.0007483690784791883,0.0013983514741809488,-0.0008293425090567835,-0.00043919221871775477,0.0014473312279739308
2023-11-30,0.00266009369860936,0.0012648376856520753,-0.0011054754669836424,-0.001621166297605554,0.0004061771475594527
2023-12-01,0.0033173430210130072,0.0004373638369829901,-0.001554580657356906,0.000484543085359616,0.008250204519734081
2023-12-04,0.00040540650665113964,0.00014603870051506298,6.461722374350335e-05,3.242542153340144e-05,-0.008142999078281485
2023-12-05,-0.0003583762337176534,0.0014823384563005205,-3.2519796428968244e-05,-0.0010595897934037785,-0.005139559813881072
2023-12-06,0.00030831893403632097,-0.00064897140313903,9.760858963328262e-05,-0.0017213105693698228,0.0011082139334982093
2023-12-07,0.0012659667670357534,0.001639783786138023,-0.0005367381090920126,0.0007134287036071125,0.0033497600309815335
2023-12-08,-0.0029857830487957046,-0.00013063570619023656,0.0009594510724878766,-0.0005884179898777208,-0.006743465360269578
2023-12-11,-0.00047414674912409544,0.00013071254695674886,0.001193795675674443,0.0006049062988436385,-0.00029398314708359616
2023-12-12,0.001240816485730026,0.0015178100755484875,0.000731202047446257,-0.0003590254130639096,0.002349448797358736
2023-12-13,0.0007354443640987925,-0.00016336132293657673,-0.0006891346710560966,0.0003920159470020089,0.008826211268808193
2023-12-14,0.0014506538544345649,0.002742954750748867,-0.0004667519780866484,0.0021077536101085192,0.0036118003113321862
2023-12-15,0.0012389481789802878,0.0011752490707060146,-0.0005786014079998707,0.00019294465763950577,-0.0012400855154427585
2023-12-18,-0.000482990687669427,-0.0008053475509773356,-0.0025976956063417157,-0.0006604647656622723,0.000853276714654265
2023-12-19,-0.00012762427431016043,1.5959526640667742e-05,-0.0009141281538500381,-0.0002393394243344577,0.00823762210681533
2023-12-20,0.00036578481128621325,-0.0007789957708147314,-0.00034996739297427315,-0.0014480187749192261,-0.00196509229670117
2023-12-21,0.001337026271185159,0.0015915207153536343,-0.0002560532604769726,-0.000811552735793915,0.006408234644078541
2023-12-22,-0.00019028590514577802,-0.0006185518155045824,0.0011287310923738256,-0.001904853188003386,0.0002700920712622178
2023-12-26,0.0006014466555691127,-0.0002216031413399649,0.0007925563526126733,-0.0003323336977390574,0.004179800578775084
2023-12-27,0.00040998471015940596,0.0002840147075593616,-0.00045850890547695285,-0.00039421295894278614,0.0028871431835514488
2023-12-28,-0.0020460526205506794,-0.0012429300131440956,0.0017523507290295316,-0.0007249917573931738,-0.0021922051472128687
2023-12-29,-0.0011521011335511094,0.000489921069292944,4.7532658906719976e-05,0.0010416832015667692,-0.002576852450705727
