date,account_balance
2011-02-21,100373.86
2011-02-22,100373.86
2011-02-23,100373.86
2011-02-24,100373.86
2011-02-25,100373.86
2011-02-26,100373.86
2011-02-27,100373.86
2011-02-28,100373.86
2011-03-01,100373.86
2011-03-02,100373.86
2011-03-03,100373.86
2011-03-04,100373.86
2011-03-05,100373.86
2011-03-06,100373.86
2011-03-07,100373.86
2011-03-08,100373.86
2011-03-09,100373.86
2011-03-10,100373.86
2011-03-11,100373.86
2011-03-12,100373.86
2011-03-13,100373.86
2011-03-14,101753.39
2011-03-15,101753.39
2011-03-16,101753.39
2011-03-17,101753.39
2011-03-18,101753.39
2011-03-19,101753.39
2011-03-20,101753.39
2011-03-21,101753.39
2011-03-22,101753.39
2011-03-23,101753.39
2011-03-24,101753.39
2011-03-25,101753.39
2011-03-26,101753.39
2011-03-27,101753.39
2011-03-28,101753.39
2011-03-29,101753.39
2011-03-30,101753.39
2011-03-31,101753.39
2011-04-01,102198.2
2011-04-02,102198.2
2011-04-03,102141.28
2011-04-04,102141.28
2011-04-05,102141.28
2011-04-06,102141.28
2011-04-07,102141.28
2011-04-08,102141.28
2011-04-09,102141.28
2011-04-10,102141.28
2011-04-11,102141.28
2011-04-12,102141.28
2011-04-13,102141.28
2011-04-14,102141.28
2011-04-15,102141.28
2011-04-16,102141.28
2011-04-17,101072.57
2011-04-18,101072.57
2011-04-19,101072.57
2011-04-20,101072.57
2011-04-21,101072.57
2011-04-22,101072.57
2011-04-23,101072.57
2011-04-24,101072.57
2011-04-25,101072.57
2011-04-26,101072.57
2011-04-27,101072.57
2011-04-28,101072.57
2011-04-29,101072.57
2011-04-30,101072.57
2011-05-01,101072.57
2011-05-02,101072.57
2011-05-03,102495.69
2011-05-04,102495.69
2011-05-05,102495.69
2011-05-06,102495.69
2011-05-07,102495.69
2011-05-08,102495.69
2011-05-09,102495.69
2011-05-10,102495.69
2011-05-11,102495.69
2011-05-12,102495.69
2011-05-13,102495.69
2011-05-14,102495.69
2011-05-15,102495.69
2011-05-16,102495.69
2011-05-17,102495.69
2011-05-18,102495.69
2011-05-19,102495.69
2011-05-20,102495.69
2011-05-21,102495.69
2011-05-22,102495.69
2011-05-23,102495.69
2011-05-24,102495.69
2011-05-25,102495.69
2011-05-26,102495.69
2011-05-27,102495.69
2011-05-28,102495.69
2011-05-29,102495.69
2011-05-30,102495.69
2011-05-31,102495.69
2011-06-01,102495.69
2011-06-02,102495.69
2011-06-03,102495.69
2011-06-04,102495.69
2011-06-05,102495.69
2011-06-06,102495.69
2011-06-07,102495.69
2011-06-08,102495.69
2011-06-09,102495.69
2011-06-10,102495.69
2011-06-11,102495.69
2011-06-12,102495.69
2011-06-13,102495.69
2011-06-14,102495.69
2011-06-15,102495.69
2011-06-16,102495.69
2011-06-17,102495.69
2011-06-18,102495.69
2011-06-19,102495.69
2011-06-20,102495.69
2011-06-21,102495.69
2011-06-22,102495.69
2011-06-23,102495.69
2011-06-24,102495.69
2011-06-25,102495.69
2011-06-26,102495.69
2011-06-27,102495.69
2011-06-28,102495.69
2011-06-29,102495.69
2011-06-30,102495.69
2011-07-01,102495.69
2011-07-02,102495.69
2011-07-03,102495.69
2011-07-04,102495.69
2011-07-05,102495.69
2011-07-06,102495.69
2011-07-07,102495.69
2011-07-08,102495.69
2011-07-09,102495.69
2011-07-10,102495.69
2011-07-11,102495.69
2011-07-12,102495.69
2011-07-13,102495.69
2011-07-14,102495.69
2011-07-15,102495.69
2011-07-16,102495.69
2011-07-17,102495.69
2011-07-18,102495.69
2011-07-19,102495.69
2011-07-20,102495.69
2011-07-21,102495.69
2011-07-22,102495.69
2011-07-23,102495.69
2011-07-24,102495.69
2011-07-25,102495.69
2011-07-26,102495.69
2011-07-27,102795.15
2011-07-28,102795.15
2011-07-29,102795.15
2011-07-30,102795.15
2011-07-31,102795.15
2011-08-01,102795.15
2011-08-02,102795.15
2011-08-03,102795.15
2011-08-04,102795.15
2011-08-05,102795.15
2011-08-06,102795.15
2011-08-07,102795.15
2011-08-08,102795.15
2011-08-09,102795.15
2011-08-10,102795.15
2011-08-11,102795.15
2011-08-12,102795.15
2011-08-13,102795.15
2011-08-14,103169.63
2011-08-15,103169.63
2011-08-16,103169.63
2011-08-17,103169.63
2011-08-18,103169.63
2011-08-19,103169.63
2011-08-20,103169.63
2011-08-21,103169.63
2011-08-22,103169.63
2011-08-23,103169.63
2011-08-24,103169.63
2011-08-25,103169.63
2011-08-26,103169.63
2011-08-27,103169.63
2011-08-28,103169.63
2011-08-29,103169.63
2011-08-30,103169.63
2011-08-31,102044.81
2011-09-01,102044.81
2011-09-02,102044.81
2011-09-03,102044.81
2011-09-04,102044.81
2011-09-05,102044.81
2011-09-06,102044.81
2011-09-07,102044.81
2011-09-08,102044.81
2011-09-09,102044.81
2011-09-10,102044.81
2011-09-11,102044.81
2011-09-12,102044.81
2011-09-13,102044.81
2011-09-14,102044.81
2011-09-15,102044.81
2011-09-16,102044.81
2011-09-17,102044.81
2011-09-18,102044.81
2011-09-19,102044.81
2011-09-20,102044.81
2011-09-21,102044.81
2011-09-22,102044.81
2011-09-23,102044.81
2011-09-24,102044.81
2011-09-25,102044.81
2011-09-26,102044.81
2011-09-27,102044.81
2011-09-28,102044.81
2011-09-29,102044.81
2011-09-30,102044.81
2011-10-01,102044.81
2011-10-02,102044.81
2011-10-03,102044.81
2011-10-04,102044.81
2011-10-05,102044.81
2011-10-06,102044.81
2011-10-07,102044.81
2011-10-08,102044.81
2011-10-09,102044.81
2011-10-10,102044.81
2011-10-11,102044.81
2011-10-12,102044.81
2011-10-13,102044.81
2011-10-14,102044.81
2011-10-15,102044.81
2011-10-16,102044.81
2011-10-17,102044.81
2011-10-18,102044.81
2011-10-19,102044.81
2011-10-20,102044.81
2011-10-21,102044.81
2011-10-22,102044.81
2011-10-23,102044.81
2011-10-24,102044.81
2011-10-25,102044.81
2011-10-26,102044.81
2011-10-27,102044.81
2011-10-28,102044.81
2011-10-29,102044.81
2011-10-30,102044.81
2011-10-31,102044.81
2011-11-01,102044.81
2011-11-02,102044.81
2011-11-03,102044.81
2011-11-04,102044.81
2011-11-05,102044.81
2011-11-06,102044.81
2011-11-07,102044.81
2011-11-08,102044.81
2011-11-09,102044.81
2011-11-10,102044.81
2011-11-11,102044.81
2011-11-12,102044.81
2011-11-13,102044.81
2011-11-14,102044.81
2011-11-15,102044.81
2011-11-16,102044.81
2011-11-17,102044.81
2011-11-18,102044.81
2011-11-19,102044.81
2011-11-20,102044.81
2011-11-21,102044.81
2011-11-22,102044.81
2011-11-23,102044.81
2011-11-24,102044.81
2011-11-25,102044.81
2011-11-26,102044.81
2011-11-27,102044.81
2011-11-28,102044.81
2011-11-29,102044.81
2011-11-30,102044.81
2011-12-01,102044.81
2011-12-02,102044.81
2011-12-03,102044.81
2011-12-04,102044.81
2011-12-05,102044.81
2011-12-06,102044.81
2011-12-07,102044.81
2011-12-08,102044.81
2011-12-09,102044.81
2011-12-10,102044.81
2011-12-11,102017.04
2011-12-12,102017.04
2011-12-13,102017.04
2011-12-14,102017.04
2011-12-15,102017.04
2011-12-16,103013.34
2011-12-17,103013.34
2011-12-18,103013.34
2011-12-19,103013.34
2011-12-20,103013.34
2011-12-21,103013.34
2011-12-22,103013.34
2011-12-23,103013.34
2011-12-24,103013.34
2011-12-25,103013.34
2011-12-26,103013.34
2011-12-27,103013.34
2011-12-28,103013.34
2011-12-29,103013.34
2011-12-30,103013.34
2011-12-31,103013.34
2012-01-01,103013.34
2012-01-02,103013.34
2012-01-03,103013.34
2012-01-04,103013.34
2012-01-05,103013.34
2012-01-06,103013.34
2012-01-07,103013.34
2012-01-08,103013.34
2012-01-09,103013.34
2012-01-10,103013.34
2012-01-11,103013.34
2012-01-12,103013.34
2012-01-13,103013.34
2012-01-14,103013.34
2012-01-15,103013.34
2012-01-16,103013.34
2012-01-17,103013.34
2012-01-18,103013.34
2012-01-19,103013.34
2012-01-20,103013.34
2012-01-21,103013.34
2012-01-22,103013.34
2012-01-23,103013.34
2012-01-24,103013.34
2012-01-25,103013.34
2012-01-26,103013.34
2012-01-27,103013.34
2012-01-28,103013.34
2012-01-29,103013.34
2012-01-30,103013.34
2012-01-31,103013.34
2012-02-01,103013.34
2012-02-02,103013.34
2012-02-03,103381.23
2012-02-04,103381.23
2012-02-05,103381.23
2012-02-06,103381.23
2012-02-07,103381.23
2012-02-08,103381.23
2012-02-09,103381.23
2012-02-10,103381.23
2012-02-11,103381.23
2012-02-12,103381.23
2012-02-13,103381.23
2012-02-14,103381.23
2012-02-15,103381.23
2012-02-16,102342.1
2012-02-17,102342.1
2012-02-18,102342.1
2012-02-19,102342.1
2012-02-20,102342.1
2012-02-21,102342.1
2012-02-22,102342.1
2012-02-23,102342.1
2012-02-24,102342.1
2012-02-25,102342.1
2012-02-26,102342.1
2012-02-27,102342.1
2012-02-28,102342.1
2012-02-29,102342.1
2012-03-01,102342.1
2012-03-02,102342.1
2012-03-03,102342.1
2012-03-04,102342.1
2012-03-05,102342.1
2012-03-06,102342.1
2012-03-07,102342.1
2012-03-08,102342.1
2012-03-09,102342.1
2012-03-10,102342.1
2012-03-11,102342.1
2012-03-12,102342.1
2012-03-13,102342.1
2012-03-14,102342.1
2012-03-15,102342.1
2012-03-16,102342.1
2012-03-17,102342.1
2012-03-18,102342.1
2012-03-19,102342.1
2012-03-20,102342.1
2012-03-21,102342.1
2012-03-22,102342.1
2012-03-23,102342.1
2012-03-24,102342.1
2012-03-25,102342.1
2012-03-26,102342.1
2012-03-27,102342.1
2012-03-28,102342.1
2012-03-29,102342.1
2012-03-30,102342.1
2012-03-31,102342.1
2012-04-01,102342.1
2012-04-02,102342.1
2012-04-03,102342.1
2012-04-04,102342.1
2012-04-05,102342.1
2012-04-06,102342.1
2012-04-07,102342.1
2012-04-08,102342.1
2012-04-09,102342.1
2012-04-10,102342.1
2012-04-11,102342.1
2012-04-12,102342.1
2012-04-13,102342.1
2012-04-14,102342.1
2012-04-15,102342.1
2012-04-16,102342.1
2012-04-17,102342.1
2012-04-18,102342.1
2012-04-19,102342.1
2012-04-20,102342.1
2012-04-21,102342.1
2012-04-22,102342.1
2012-04-23,102342.1
2012-04-24,102342.1
2012-04-25,102342.1
2012-04-26,102342.1
2012-04-27,102342.1
2012-04-28,102342.1
2012-04-29,102342.1
2012-04-30,102342.1
2012-05-01,102342.1
2012-05-02,102342.1
2012-05-03,102342.1
2012-05-04,102342.1
2012-05-05,102342.1
2012-05-06,102342.1
2012-05-07,102342.1
2012-05-08,102342.1
2012-05-09,102342.1
2012-05-10,102342.1
2012-05-11,102342.1
2012-05-12,102342.1
2012-05-13,102342.1
2012-05-14,102342.1
2012-05-15,102342.1
2012-05-16,102342.1
2012-05-17,102342.1
2012-05-18,102342.1
2012-05-19,102342.1
2012-05-20,102342.1
2012-05-21,102342.1
2012-05-22,102342.1
2012-05-23,100721.31
2012-05-24,100721.31
2012-05-25,100721.31
2012-05-26,100721.31
2012-05-27,100721.31
2012-05-28,100721.31
2012-05-29,100721.31
2012-05-30,100721.31
2012-05-31,100721.31
2012-06-01,100721.31
2012-06-02,100721.31
2012-06-03,100721.31
2012-06-04,100721.31
2012-06-05,100721.31
2012-06-06,100721.31
2012-06-07,100721.31
2012-06-08,100721.31
2012-06-09,100721.31
2012-06-10,100721.31
2012-06-11,100721.31
2012-06-12,100721.31
2012-06-13,100721.31
2012-06-14,100721.31
2012-06-15,100721.31
2012-06-16,100721.31
2012-06-17,100721.31
2012-06-18,100721.31
2012-06-19,100721.31
2012-06-20,100721.31
2012-06-21,100721.31
2012-06-22,100721.31
2012-06-23,100721.31
2012-06-24,100721.31
2012-06-25,100721.31
2012-06-26,100721.31
2012-06-27,100721.31
2012-06-28,100721.31
2012-06-29,100721.31
2012-06-30,100721.31
2012-07-01,100721.31
2012-07-02,100721.31
2012-07-03,100721.31
2012-07-04,100721.31
2012-07-05,100721.31
2012-07-06,100721.31
2012-07-07,100721.31
2012-07-08,100721.31
2012-07-09,100721.31
2012-07-10,100721.31
2012-07-11,100721.31
2012-07-12,100721.31
2012-07-13,100721.31
2012-07-14,100721.31
2012-07-15,100721.31
2012-07-16,100721.31
2012-07-17,100721.31
2012-07-18,100721.31
2012-07-19,100721.31
2012-07-20,100721.31
2012-07-21,100721.31
2012-07-22,100721.31
2012-07-23,100721.31
2012-07-24,100721.31
2012-07-25,100721.31
2012-07-26,100721.31
2012-07-27,100721.31
2012-07-28,100721.31
2012-07-29,100721.31
2012-07-30,100721.31
2012-07-31,100721.31
2012-08-01,100721.31
2012-08-02,101112.42
2012-08-03,101112.42
2012-08-04,101112.42
2012-08-05,101112.42
2012-08-06,101112.42
2012-08-07,101112.42
2012-08-08,101112.42
2012-08-09,101112.42
2012-08-10,101112.42
2012-08-11,101112.42
2012-08-12,101112.42
2012-08-13,101112.42
2012-08-14,101112.42
2012-08-15,101112.42
2012-08-16,101112.42
2012-08-17,101112.42
2012-08-18,101112.42
2012-08-19,101112.42
2012-08-20,101112.42
2012-08-21,101112.42
2012-08-22,101112.42
2012-08-23,101112.42
2012-08-24,101112.42
2012-08-25,101112.42
2012-08-26,101112.42
2012-08-27,101112.42
2012-08-28,101112.42
2012-08-29,101112.42
2012-08-30,101112.42
2012-08-31,101112.42
2012-09-01,101112.42
2012-09-02,101112.42
2012-09-03,101112.42
2012-09-04,101112.42
2012-09-05,101112.42
2012-09-06,101112.42
2012-09-07,101112.42
2012-09-08,101112.42
2012-09-09,101112.42
2012-09-10,101112.42
2012-09-11,101112.42
2012-09-12,101112.42
2012-09-13,101112.42
2012-09-14,101112.42
2012-09-15,101112.42
2012-09-16,101112.42
2012-09-17,101112.42
2012-09-18,101112.42
2012-09-19,101112.42
2012-09-20,101112.42
2012-09-21,101112.42
2012-09-22,101112.42
2012-09-23,101112.42
2012-09-24,101112.42
2012-09-25,101112.42
2012-09-26,101112.42
2012-09-27,101112.42
2012-09-28,101112.42
2012-09-29,101112.42
2012-09-30,101112.42
2012-10-01,101112.42
2012-10-02,101112.42
2012-10-03,101112.42
2012-10-04,101112.42
2012-10-05,101112.42
2012-10-06,101112.42
2012-10-07,101112.42
2012-10-08,101112.42
2012-10-09,101112.42
2012-10-10,101112.42
2012-10-11,101112.42
2012-10-12,101112.42
2012-10-13,101112.42
2012-10-14,101112.42
2012-10-15,101112.42
2012-10-16,101112.42
2012-10-17,102076.41
2012-10-18,102076.41
2012-10-19,102076.41
2012-10-20,102076.41
2012-10-21,102076.41
2012-10-22,102076.41
2012-10-23,102076.41
2012-10-24,102076.41
2012-10-25,102076.41
2012-10-26,102076.41
2012-10-27,102076.41
2012-10-28,102076.41
2012-10-29,102076.41
2012-10-30,102076.41
2012-10-31,102076.41
2012-11-01,102076.41
2012-11-02,102076.41
2012-11-03,102076.41
2012-11-04,102076.41
2012-11-05,102076.41
2012-11-06,102076.41
2012-11-07,102076.41
2012-11-08,102076.41
2012-11-09,102076.41
2012-11-10,102076.41
2012-11-11,102076.41
2012-11-12,102076.41
2012-11-13,102076.41
2012-11-14,102076.41
2012-11-15,102076.41
2012-11-16,102076.41
2012-11-17,102076.41
2012-11-18,102076.41
2012-11-19,102076.41
2012-11-20,102076.41
2012-11-21,101034.51
2012-11-22,101034.51
2012-11-23,101034.51
2012-11-24,101034.51
2012-11-25,101034.51
2012-11-26,101034.51
2012-11-27,101034.51
2012-11-28,101034.51
2012-11-29,101034.51
2012-11-30,101034.51
2012-12-01,101034.51
2012-12-02,101034.51
2012-12-03,101312.95
2012-12-04,101312.95
2012-12-05,101312.95
2012-12-06,101312.95
2012-12-07,101312.95
2012-12-08,101312.95
2012-12-09,101312.95
2012-12-10,101312.95
2012-12-11,101312.95
2012-12-12,101312.95
2012-12-13,101312.95
2012-12-14,102276.99
2012-12-15,102276.99
2012-12-16,102276.99
2012-12-17,102276.99
2012-12-18,102276.99
2012-12-19,102276.99
2012-12-20,102276.99
2012-12-21,102276.99
2012-12-22,102276.99
2012-12-23,102276.99
2012-12-24,102276.99
2012-12-25,102276.99
2012-12-26,102276.99
2012-12-27,102276.99
2012-12-28,102276.99
2012-12-29,102276.99
2012-12-30,102276.99
2012-12-31,103112.37
2013-01-01,103112.37
2013-01-02,103112.37
2013-01-03,103112.37
2013-01-04,103112.37
2013-01-05,103112.37
2013-01-06,103112.37
2013-01-07,103112.37
2013-01-08,103112.37
2013-01-09,103112.37
2013-01-10,103112.37
2013-01-11,103112.37
2013-01-12,103112.37
2013-01-13,103112.37
2013-01-14,103112.37
2013-01-15,103112.37
2013-01-16,103112.37
2013-01-17,103112.37
2013-01-18,103112.37
2013-01-19,103112.37
2013-01-20,103112.37
2013-01-21,103112.37
2013-01-22,103112.37
2013-01-23,103112.37
2013-01-24,103112.37
2013-01-25,103112.37
2013-01-26,103112.37
2013-01-27,103112.37
2013-01-28,103112.37
2013-01-29,103112.37
2013-01-30,103112.37
2013-01-31,103112.37
2013-02-01,103112.37
2013-02-02,103112.37
2013-02-03,103112.37
2013-02-04,103112.37
2013-02-05,103112.37
2013-02-06,103112.37
2013-02-07,103112.37
2013-02-08,103112.37
2013-02-09,103112.37
2013-02-10,103112.37
2013-02-11,103112.37
2013-02-12,103112.37
2013-02-13,103112.37
2013-02-14,103112.37
2013-02-15,103112.37
2013-02-16,103112.37
2013-02-17,103112.37
2013-02-18,103112.37
2013-02-19,103112.37
2013-02-20,103112.37
2013-02-21,103112.37
2013-02-22,103112.37
2013-02-23,103112.37
2013-02-24,103112.37
2013-02-25,103112.37
2013-02-26,103112.37
2013-02-27,103112.37
2013-02-28,103112.37
2013-03-01,103112.37
2013-03-02,103112.37
2013-03-03,103112.37
2013-03-04,103112.37
2013-03-05,103112.37
2013-03-06,103112.37
2013-03-07,103112.37
2013-03-08,103112.37
2013-03-09,103112.37
2013-03-10,103112.37
2013-03-11,103112.37
2013-03-12,103112.37
2013-03-13,104122.91
2013-03-14,104122.91
2013-03-15,104122.91
2013-03-16,104122.91
2013-03-17,104122.91
2013-03-18,104122.91
2013-03-19,104122.91
2013-03-20,104122.91
2013-03-21,104122.91
2013-03-22,104122.91
2013-03-23,104122.91
2013-03-24,104122.91
2013-03-25,104122.91
2013-03-26,104122.91
2013-03-27,104122.91
2013-03-28,104122.91
2013-03-29,104122.91
2013-03-30,104122.91
2013-03-31,104122.91
2013-04-01,104122.91
2013-04-02,104122.91
2013-04-03,104122.91
2013-04-04,104122.91
2013-04-05,104122.91
2013-04-06,104122.91
2013-04-07,104122.91
2013-04-08,104122.91
2013-04-09,104122.91
2013-04-10,104122.91
2013-04-11,104122.91
2013-04-12,104122.91
2013-04-13,104122.91
2013-04-14,104122.91
2013-04-15,104464.17
2013-04-16,104464.17
2013-04-17,104464.17
2013-04-18,104464.17
2013-04-19,104464.17
2013-04-20,104464.17
2013-04-21,104464.17
2013-04-22,105132.48
2013-04-23,105132.48
2013-04-24,105132.48
2013-04-25,105132.48
2013-04-26,105132.48
2013-04-27,105132.48
2013-04-28,105132.48
2013-04-29,105132.48
2013-04-30,105132.48
2013-05-01,105132.48
2013-05-02,105132.48
2013-05-03,105132.48
2013-05-04,105132.48
2013-05-05,105132.48
2013-05-06,105132.48
2013-05-07,105132.48
2013-05-08,105132.48
2013-05-09,105132.48
2013-05-10,105132.48
2013-05-11,105132.48
2013-05-12,105132.48
2013-05-13,105132.48
2013-05-14,105132.48
2013-05-15,105132.48
2013-05-16,105132.48
2013-05-17,105132.48
2013-05-18,105132.48
2013-05-19,105132.48
2013-05-20,105132.48
2013-05-21,105132.48
2013-05-22,105132.48
2013-05-23,105132.48
2013-05-24,105132.48
2013-05-25,105132.48
2013-05-26,105132.48
2013-05-27,105132.48
2013-05-28,105132.48
2013-05-29,105132.48
2013-05-30,105132.48
2013-05-31,105132.48
2013-06-01,105132.48
2013-06-02,105132.48
2013-06-03,105132.48
2013-06-04,105132.48
2013-06-05,105132.48
2013-06-06,105132.48
2013-06-07,105132.48
2013-06-08,105132.48
2013-06-09,105132.48
2013-06-10,105132.48
2013-06-11,105132.48
2013-06-12,105132.48
2013-06-13,105132.48
2013-06-14,105132.48
2013-06-15,105132.48
2013-06-16,105132.48
2013-06-17,105132.48
2013-06-18,105132.48
2013-06-19,105132.48
2013-06-20,105132.48
2013-06-21,105132.48
2013-06-22,105132.48
2013-06-23,105132.48
2013-06-24,105132.48
2013-06-25,105132.48
2013-06-26,105132.48
2013-06-27,105132.48
2013-06-28,105132.48
2013-06-29,105132.48
2013-06-30,105132.48
2013-07-01,105132.48
2013-07-02,105132.48
2013-07-03,105132.48
2013-07-04,105132.48
2013-07-05,105132.48
2013-07-06,105132.48
2013-07-07,105132.48
2013-07-08,105132.48
2013-07-09,105132.48
2013-07-10,105132.48
2013-07-11,105132.48
2013-07-12,105132.48
2013-07-13,105132.48
2013-07-14,105132.48
2013-07-15,105132.48
2013-07-16,105132.48
2013-07-17,105132.48
2013-07-18,105132.48
2013-07-19,105132.48
2013-07-20,105132.48
2013-07-21,105132.48
2013-07-22,105132.48
2013-07-23,105132.48
2013-07-24,105132.48
2013-07-25,105132.48
2013-07-26,105132.48
2013-07-27,105132.48
2013-07-28,105132.48
2013-07-29,105132.48
2013-07-30,105132.48
2013-07-31,105132.48
2013-08-01,105685.46
2013-08-02,105685.46
2013-08-03,105685.46
2013-08-04,105685.46
2013-08-05,105685.46
2013-08-06,105685.46
2013-08-07,105685.46
2013-08-08,105685.46
2013-08-09,105685.46
2013-08-10,105685.46
2013-08-11,105685.46
2013-08-12,105685.46
2013-08-13,105685.46
2013-08-14,105685.46
2013-08-15,105685.46
2013-08-16,105685.46
2013-08-17,105685.46
2013-08-18,105685.46
2013-08-19,105685.46
2013-08-20,105685.46
2013-08-21,105685.46
2013-08-22,105685.46
2013-08-23,105685.46
2013-08-24,105685.46
2013-08-25,105685.46
2013-08-26,105685.46
2013-08-27,105685.46
2013-08-28,105685.46
2013-08-29,105685.46
2013-08-30,105685.46
2013-08-31,105685.46
2013-09-01,105685.46
2013-09-02,105685.46
2013-09-03,105685.46
2013-09-04,105685.46
2013-09-05,105685.46
2013-09-06,105685.46
2013-09-07,105685.46
2013-09-08,105685.46
2013-09-09,105685.46
2013-09-10,105685.46
2013-09-11,105685.46
2013-09-12,105685.46
2013-09-13,105685.46
2013-09-14,105685.46
2013-09-15,105685.46
2013-09-16,105685.46
2013-09-17,105685.46
2013-09-18,105685.46
2013-09-19,105685.46
2013-09-20,105685.46
2013-09-21,105685.46
2013-09-22,105685.46
2013-09-23,105685.46
2013-09-24,107104.54
2013-09-25,107104.54
2013-09-26,107104.54
2013-09-27,107104.54
2013-09-28,107104.54
2013-09-29,107104.54
2013-09-30,107104.54
2013-10-01,107104.54
2013-10-02,107104.54
2013-10-03,107104.54
2013-10-04,107104.54
2013-10-05,107104.54
2013-10-06,107104.54
2013-10-07,107104.54
2013-10-08,108196.67
2013-10-09,108196.67
2013-10-10,108196.67
2013-10-11,108196.67
2013-10-12,108196.67
2013-10-13,108196.67
2013-10-14,108196.67
2013-10-15,108196.67
2013-10-16,108196.67
2013-10-17,108196.67
2013-10-18,108196.67
2013-10-19,108196.67
2013-10-20,108196.67
2013-10-21,108196.67
2013-10-22,108196.67
2013-10-23,108196.67
2013-10-24,108196.67
2013-10-25,108196.67
2013-10-26,108196.67
2013-10-27,108196.67
2013-10-28,108196.67
2013-10-29,108196.67
2013-10-30,108196.67
2013-10-31,108196.67
2013-11-01,108196.67
2013-11-02,108196.67
2013-11-03,108196.67
2013-11-04,108196.67
2013-11-05,108196.67
2013-11-06,108196.67
2013-11-07,108196.67
2013-11-08,108196.67
2013-11-09,108196.67
2013-11-10,108196.67
2013-11-11,108196.67
2013-11-12,108196.67
2013-11-13,108196.67
2013-11-14,108196.67
2013-11-15,108196.67
2013-11-16,108196.67
2013-11-17,108196.67
2013-11-18,108196.67
2013-11-19,108196.67
2013-11-20,108196.67
2013-11-21,108196.67
2013-11-22,108196.67
2013-11-23,108196.67
2013-11-24,108196.67
2013-11-25,108196.67
2013-11-26,108196.67
2013-11-27,108196.67
2013-11-28,108196.67
2013-11-29,108196.67
2013-11-30,108196.67
2013-12-01,108196.67
2013-12-02,108196.67
2013-12-03,108196.67
2013-12-04,108196.67
2013-12-05,108196.67
2013-12-06,108196.67
2013-12-07,108196.67
2013-12-08,108196.67
2013-12-09,108196.67
2013-12-10,108196.67
2013-12-11,108196.67
2013-12-12,108196.67
2013-12-13,108196.67
2013-12-14,108196.67
2013-12-15,108196.67
2013-12-16,108196.67
2013-12-17,108196.67
2013-12-18,108196.67
2013-12-19,108196.67
2013-12-20,108196.67
2013-12-21,108196.67
2013-12-22,108196.67
2013-12-23,108196.67
2013-12-24,108196.67
2013-12-25,108196.67
2013-12-26,108196.67
2013-12-27,108196.67
2013-12-28,108196.67
2013-12-29,108196.67
2013-12-30,108196.67
2013-12-31,108196.67
2014-01-01,108196.67
2014-01-02,108196.67
2014-01-03,108196.67
2014-01-04,108196.67
2014-01-05,108196.67
2014-01-06,108196.67
2014-01-07,108196.67
2014-01-08,108196.67
2014-01-09,108196.67
2014-01-10,108196.67
2014-01-11,108196.67
2014-01-12,108196.67
2014-01-13,108753.45
2014-01-14,108753.45
2014-01-15,108753.45
2014-01-16,108753.45
2014-01-17,108753.45
2014-01-18,108753.45
2014-01-19,108753.45
2014-01-20,108753.45
2014-01-21,108753.45
2014-01-22,108753.45
2014-01-23,107515.76
2014-01-24,107515.76
2014-01-25,107515.76
2014-01-26,107515.76
2014-01-27,107515.76
2014-01-28,107515.76
2014-01-29,107515.76
2014-01-30,107515.76
2014-01-31,107515.76
2014-02-01,107515.76
2014-02-02,107515.76
2014-02-03,107515.76
2014-02-04,107515.76
2014-02-05,107515.76
2014-02-06,107515.76
2014-02-07,107515.76
2014-02-08,107515.76
2014-02-09,107515.76
2014-02-10,107515.76
2014-02-11,107515.76
2014-02-12,107515.76
2014-02-13,107515.76
2014-02-14,107515.76
2014-02-15,107515.76
2014-02-16,107515.76
2014-02-17,107515.76
2014-02-18,107515.76
2014-02-19,107515.76
2014-02-20,107515.76
2014-02-21,107515.76
2014-02-22,107515.76
2014-02-23,107515.76
2014-02-24,107515.76
2014-02-25,107515.76
2014-02-26,107515.76
2014-02-27,107515.76
2014-02-28,107515.76
2014-03-01,107515.76
2014-03-02,107515.76
2014-03-03,107515.76
2014-03-04,107515.76
2014-03-05,107515.76
2014-03-06,107515.76
2014-03-07,107515.76
2014-03-08,107515.76
2014-03-09,107515.76
2014-03-10,109149.61
2014-03-11,109149.61
2014-03-12,109149.61
2014-03-13,109149.61
2014-03-14,109149.61
2014-03-15,109149.61
2014-03-16,109149.61
2014-03-17,109149.61
2014-03-18,109149.61
2014-03-19,109149.61
2014-03-20,109149.61
2014-03-21,109149.61
2014-03-22,109149.61
2014-03-23,109149.61
2014-03-24,109149.61
2014-03-25,109149.61
2014-03-26,109149.61
2014-03-27,109149.61
2014-03-28,109149.61
2014-03-29,109149.61
2014-03-30,109149.61
2014-03-31,109149.61
2014-04-01,109149.61
2014-04-02,109149.61
2014-04-03,109149.61
2014-04-04,109149.61
2014-04-05,109149.61
2014-04-06,109149.61
2014-04-07,109149.61
2014-04-08,109149.61
2014-04-09,109149.61
2014-04-10,109149.61
2014-04-11,109149.61
2014-04-12,109149.61
2014-04-13,109149.61
2014-04-14,109149.61
2014-04-15,109149.61
2014-04-16,109149.61
2014-04-17,109149.61
2014-04-18,109149.61
2014-04-19,109149.61
2014-04-20,109149.61
2014-04-21,109149.61
2014-04-22,109149.61
2014-04-23,109149.61
2014-04-24,109149.61
2014-04-25,110555.39
2014-04-26,110555.39
2014-04-27,110555.39
2014-04-28,110555.39
2014-04-29,110555.39
2014-04-30,110555.39
2014-05-01,110555.39
2014-05-02,110555.39
2014-05-03,110555.39
2014-05-04,110555.39
2014-05-05,110555.39
2014-05-06,110555.39
2014-05-07,110555.39
2014-05-08,110555.39
2014-05-09,110555.39
2014-05-10,110555.39
2014-05-11,110555.39
2014-05-12,110555.39
2014-05-13,110555.39
2014-05-14,110555.39
2014-05-15,110555.39
2014-05-16,110998.44
2014-05-17,110998.44
2014-05-18,110976.18
2014-05-19,110976.18
2014-05-20,110976.18
2014-05-21,110976.18
2014-05-22,110976.18
2014-05-23,110976.18
2014-05-24,110976.18
2014-05-25,110976.18
2014-05-26,110976.18
2014-05-27,110976.18
2014-05-28,110976.18
2014-05-29,110976.18
2014-05-30,110976.18
2014-05-31,110976.18
2014-06-01,110976.18
2014-06-02,110976.18
2014-06-03,110976.18
2014-06-04,110976.18
2014-06-05,110976.18
2014-06-06,109848.03
2014-06-07,109848.03
2014-06-08,109848.03
2014-06-09,109848.03
2014-06-10,109848.03
2014-06-11,111440.35
2014-06-12,111440.35
2014-06-13,111829.26
2014-06-14,111829.26
2014-06-15,113300.59
2014-06-16,113300.59
2014-06-17,113300.59
2014-06-18,113300.59
2014-06-19,113300.59
2014-06-20,113300.59
2014-06-21,113300.59
2014-06-22,113300.59
2014-06-23,113300.59
2014-06-24,113300.59
2014-06-25,113300.59
2014-06-26,113300.59
2014-06-27,113300.59
2014-06-28,113300.59
2014-06-29,113300.59
2014-06-30,113300.59
2014-07-01,113300.59
2014-07-02,113300.59
2014-07-03,113300.59
2014-07-04,113300.59
2014-07-05,113300.59
2014-07-06,113300.59
2014-07-07,113300.59
2014-07-08,113300.59
2014-07-09,113300.59
2014-07-10,111582.45
2014-07-11,111582.45
2014-07-12,111582.45
2014-07-13,111582.45
2014-07-14,111582.45
2014-07-15,111582.45
2014-07-16,109759.37
2014-07-17,109759.37
2014-07-18,109759.37
2014-07-19,109759.37
2014-07-20,109759.37
2014-07-21,109759.37
2014-07-22,109759.37
2014-07-23,109759.37
2014-07-24,109759.37
2014-07-25,109759.37
2014-07-26,109759.37
2014-07-27,109759.37
2014-07-28,109759.37
2014-07-29,109759.37
2014-07-30,109759.37
2014-07-31,109759.37
2014-08-01,109759.37
2014-08-02,109759.37
2014-08-03,109759.37
2014-08-04,109759.37
2014-08-05,109759.37
2014-08-06,109759.37
2014-08-07,109759.37
2014-08-08,108344.35
2014-08-09,108344.35
2014-08-10,108344.35
2014-08-11,108344.35
2014-08-12,108344.35
2014-08-13,108344.35
2014-08-14,108344.35
2014-08-15,108344.35
2014-08-16,108344.35
2014-08-17,108344.35
2014-08-18,108344.35
2014-08-19,108344.35
2014-08-20,108344.35
2014-08-21,108344.35
2014-08-22,108344.35
2014-08-23,108344.35
2014-08-24,108344.35
2014-08-25,108344.35
2014-08-26,107137.84
2014-08-27,107137.84
2014-08-28,107137.84
2014-08-29,107137.84
2014-08-30,107137.84
2014-08-31,107137.84
2014-09-01,107137.84
2014-09-02,107803.89
2014-09-03,107803.89
2014-09-04,107803.89
2014-09-05,107803.89
2014-09-06,107803.89
2014-09-07,107803.89
2014-09-08,107803.89
2014-09-09,107803.89
2014-09-10,107803.89
2014-09-11,107803.89
2014-09-12,107803.89
2014-09-13,107803.89
2014-09-14,107803.89
2014-09-15,107803.89
2014-09-16,107803.89
2014-09-17,107803.89
2014-09-18,107803.89
2014-09-19,107803.89
2014-09-20,107803.89
2014-09-21,107803.89
2014-09-22,107803.89
2014-09-23,107803.89
2014-09-24,107803.89
2014-09-25,107803.89
2014-09-26,107803.89
2014-09-27,107803.89
2014-09-28,107803.89
2014-09-29,107803.89
2014-09-30,107803.89
2014-10-01,107803.89
2014-10-02,108864.45
2014-10-03,108864.45
2014-10-04,108864.45
2014-10-05,108864.45
2014-10-06,108864.45
2014-10-07,108864.45
2014-10-08,108864.45
2014-10-09,109245.78
2014-10-10,109245.78
2014-10-11,109245.78
2014-10-12,109245.78
2014-10-13,109245.78
2014-10-14,109245.78
2014-10-15,109245.78
2014-10-16,109245.78
2014-10-17,109245.78
2014-10-18,109245.78
2014-10-19,109245.78
2014-10-20,109245.78
2014-10-21,109245.78
2014-10-22,109245.78
2014-10-23,109245.78
2014-10-24,109245.78
2014-10-25,109245.78
2014-10-26,109245.78
2014-10-27,110837.6
2014-10-28,110837.6
2014-10-29,110837.6
2014-10-30,110837.6
2014-10-31,110837.6
2014-11-01,110837.6
2014-11-02,110837.6
2014-11-03,110837.6
2014-11-04,110837.6
2014-11-05,110837.6
2014-11-06,110837.6
2014-11-07,110837.6
2014-11-08,110837.6
2014-11-09,110837.6
2014-11-10,110837.6
2014-11-11,110837.6
2014-11-12,110837.6
2014-11-13,110837.6
2014-11-14,110837.6
2014-11-15,110837.6
2014-11-16,110837.6
2014-11-17,110837.6
2014-11-18,110837.6
2014-11-19,110837.6
2014-11-20,110837.6
2014-11-21,110837.6
2014-11-22,110837.6
2014-11-23,110837.6
2014-11-24,110837.6
2014-11-25,110837.6
2014-11-26,110837.6
2014-11-27,110837.6
2014-11-28,110837.6
2014-11-29,110837.6
2014-11-30,110837.6
2014-12-01,110837.6
2014-12-02,110837.6
2014-12-03,110837.6
2014-12-04,110837.6
2014-12-05,110837.6
2014-12-06,110837.6
2014-12-07,110837.6
2014-12-08,110837.6
2014-12-09,110837.6
2014-12-10,110837.6
2014-12-11,110837.6
2014-12-12,110837.6
2014-12-13,110837.6
2014-12-14,110837.6
2014-12-15,108989.18
2014-12-16,108989.18
2014-12-17,108989.18
2014-12-18,108989.18
2014-12-19,108989.18
2014-12-20,108989.18
2014-12-21,108989.18
2014-12-22,108989.18
2014-12-23,108989.18
2014-12-24,108989.18
2014-12-25,108989.18
2014-12-26,108989.18
2014-12-27,108989.18
2014-12-28,108989.18
2014-12-29,108989.18
2014-12-30,108989.18
2014-12-31,108989.18
2015-01-01,108989.18
2015-01-02,108989.18
2015-01-03,108989.18
2015-01-04,108989.18
2015-01-05,108989.18
2015-01-06,108989.18
2015-01-07,108989.18
2015-01-08,108989.18
2015-01-09,108989.18
2015-01-10,108989.18
2015-01-11,108989.18
2015-01-12,108989.18
2015-01-13,108989.18
2015-01-14,108989.18
2015-01-15,108989.18
2015-01-16,108989.18
2015-01-17,108989.18
2015-01-18,108989.18
2015-01-19,108989.18
2015-01-20,110449.24
2015-01-21,110449.24
2015-01-22,110449.24
2015-01-23,110449.24
2015-01-24,110449.24
2015-01-25,110449.24
2015-01-26,110449.24
2015-01-27,110449.24
2015-01-28,110449.24
2015-01-29,110449.24
2015-01-30,110449.24
2015-01-31,110449.24
2015-02-01,110449.24
2015-02-02,110449.24
2015-02-03,110449.24
2015-02-04,110449.24
2015-02-05,110449.24
2015-02-06,110449.24
2015-02-07,110449.24
2015-02-08,110449.24
2015-02-09,110449.24
2015-02-10,110449.24
2015-02-11,110449.24
2015-02-12,110449.24
2015-02-13,110449.24
2015-02-14,110449.24
2015-02-15,110449.24
2015-02-16,110449.24
2015-02-17,110449.24
2015-02-18,110449.24
2015-02-19,110449.24
2015-02-20,110449.24
2015-02-21,110449.24
2015-02-22,110449.24
2015-02-23,110449.24
2015-02-24,110449.24
2015-02-25,110449.24
2015-02-26,110449.24
2015-02-27,110449.24
2015-02-28,110449.24
2015-03-01,110449.24
2015-03-02,110918.96
2015-03-03,111525.96
2015-03-04,111525.96
2015-03-05,111525.96
2015-03-06,111525.96
2015-03-07,111525.96
2015-03-08,111525.96
2015-03-09,111525.96
2015-03-10,111525.96
2015-03-11,111525.96
2015-03-12,111525.96
2015-03-13,111525.96
2015-03-14,111525.96
2015-03-15,111525.96
2015-03-16,111525.96
2015-03-17,111525.96
2015-03-18,111525.96
2015-03-19,111525.96
2015-03-20,111525.96
2015-03-21,111525.96
2015-03-22,111525.96
2015-03-23,111525.96
2015-03-24,111525.96
2015-03-25,111525.96
2015-03-26,111525.96
2015-03-27,111525.96
2015-03-28,111525.96
2015-03-29,111525.96
2015-03-30,111525.96
2015-03-31,111525.96
2015-04-01,111525.96
2015-04-02,111525.96
2015-04-03,111525.96
2015-04-04,111525.96
2015-04-05,111525.96
2015-04-06,111525.96
2015-04-07,111525.96
2015-04-08,111525.96
2015-04-09,111525.96
2015-04-10,111525.96
2015-04-11,111525.96
2015-04-12,111525.96
2015-04-13,111525.96
2015-04-14,111525.96
2015-04-15,111525.96
2015-04-16,111525.96
2015-04-17,111525.96
2015-04-18,111525.96
2015-04-19,111525.96
2015-04-20,111525.96
2015-04-21,111525.96
2015-04-22,111525.96
2015-04-23,111525.96
2015-04-24,111525.96
2015-04-25,111525.96
2015-04-26,111525.96
2015-04-27,111525.96
2015-04-28,111525.96
2015-04-29,111525.96
2015-04-30,111525.96
2015-05-01,111525.96
2015-05-02,111525.96
2015-05-03,111525.96
2015-05-04,113759.8
2015-05-05,113759.8
2015-05-06,113759.8
2015-05-07,113759.8
2015-05-08,113759.8
2015-05-09,113759.8
2015-05-10,113759.8
2015-05-11,113759.8
2015-05-12,113759.8
2015-05-13,113759.8
2015-05-14,113759.8
2015-05-15,113759.8
2015-05-16,113759.8
2015-05-17,113759.8
2015-05-18,113759.8
2015-05-19,113759.8
2015-05-20,113759.8
2015-05-21,113759.8
2015-05-22,113759.8
2015-05-23,113759.8
2015-05-24,113759.8
2015-05-25,113759.8
2015-05-26,113759.8
2015-05-27,113759.8
2015-05-28,113759.8
2015-05-29,113759.8
2015-05-30,113759.8
2015-05-31,113759.8
2015-06-01,113759.8
2015-06-02,113759.8
2015-06-03,113759.8
2015-06-04,113759.8
2015-06-05,113759.8
2015-06-06,113759.8
2015-06-07,113759.8
2015-06-08,113759.8
2015-06-09,113759.8
2015-06-10,113759.8
2015-06-11,113759.8
2015-06-12,113759.8
2015-06-13,113759.8
2015-06-14,113759.8
2015-06-15,113759.8
2015-06-16,113759.8
2015-06-17,113759.8
2015-06-18,113759.8
2015-06-19,113759.8
2015-06-20,113759.8
2015-06-21,113759.8
2015-06-22,113759.8
2015-06-23,113759.8
2015-06-24,113759.8
2015-06-25,113759.8
2015-06-26,113759.8
2015-06-27,113759.8
2015-06-28,113759.8
2015-06-29,113759.8
2015-06-30,113759.8
2015-07-01,113759.8
2015-07-02,113759.8
2015-07-03,113759.8
2015-07-04,113759.8
2015-07-05,113759.8
2015-07-06,113759.8
2015-07-07,113759.8
2015-07-08,113759.8
2015-07-09,113759.8
2015-07-10,113759.8
2015-07-11,113759.8
2015-07-12,113759.8
2015-07-13,113759.8
2015-07-14,113759.8
2015-07-15,113759.8
2015-07-16,113759.8
2015-07-17,113759.8
2015-07-18,113759.8
2015-07-19,113759.8
2015-07-20,113759.8
2015-07-21,113759.8
2015-07-22,113759.8
2015-07-23,113759.8
2015-07-24,113759.8
2015-07-25,113759.8
2015-07-26,113759.8
2015-07-27,113759.8
2015-07-28,113759.8
2015-07-29,113759.8
2015-07-30,113759.8
2015-07-31,113759.8
2015-08-01,113759.8
2015-08-02,113759.8
2015-08-03,113759.8
2015-08-04,113759.8
2015-08-05,113759.8
2015-08-06,113759.8
2015-08-07,113759.8
2015-08-08,113759.8
2015-08-09,113759.8
2015-08-10,113759.8
2015-08-11,113759.8
2015-08-12,113759.8
2015-08-13,113759.8
2015-08-14,113759.8
2015-08-15,113759.8
2015-08-16,113759.8
2015-08-17,113759.8
2015-08-18,113759.8
2015-08-19,113759.8
2015-08-20,113759.8
2015-08-21,113759.8
2015-08-22,113759.8
2015-08-23,113759.8
2015-08-24,113759.8
2015-08-25,113759.8
2015-08-26,113759.8
2015-08-27,113759.8
2015-08-28,113759.8
2015-08-29,113759.8
2015-08-30,113759.8
2015-08-31,113759.8
2015-09-01,113759.8
2015-09-02,113759.8
2015-09-03,113759.8
2015-09-04,113759.8
2015-09-05,113759.8
2015-09-06,113759.8
2015-09-07,113759.8
2015-09-08,113759.8
2015-09-09,113759.8
2015-09-10,113759.8
2015-09-11,113759.8
2015-09-12,113759.8
2015-09-13,113759.8
2015-09-14,113759.8
2015-09-15,113759.8
2015-09-16,113759.8
2015-09-17,113759.8
2015-09-18,113759.8
2015-09-19,113759.8
2015-09-20,113759.8
2015-09-21,113759.8
2015-09-22,113759.8
2015-09-23,113759.8
2015-09-24,113759.8
2015-09-25,113759.8
2015-09-26,113759.8
2015-09-27,113759.8
2015-09-28,113759.8
2015-09-29,113759.8
2015-09-30,115419.84
2015-10-01,116104.85
2015-10-02,116104.85
2015-10-03,116104.85
2015-10-04,116104.85
2015-10-05,116104.85
2015-10-06,116104.85
2015-10-07,116104.85
2015-10-08,116104.85
2015-10-09,116104.85
2015-10-10,116104.85
2015-10-11,116104.85
2015-10-12,116104.85
2015-10-13,116104.85
2015-10-14,116104.85
2015-10-15,116104.85
2015-10-16,116104.85
2015-10-17,116104.85
2015-10-18,116104.85
2015-10-19,116104.85
2015-10-20,116104.85
2015-10-21,116104.85
2015-10-22,116104.85
2015-10-23,116104.85
2015-10-24,116104.85
2015-10-25,116104.85
2015-10-26,116104.85
2015-10-27,116104.85
2015-10-28,117039.47
2015-10-29,117039.47
2015-10-30,117039.47
2015-10-31,117039.47
2015-11-01,117039.47
2015-11-02,117039.47
2015-11-03,117039.47
2015-11-04,117039.47
2015-11-05,117039.47
2015-11-06,117039.47
2015-11-07,117039.47
2015-11-08,117039.47
2015-11-09,117039.47
2015-11-10,117039.47
2015-11-11,117039.47
2015-11-12,117039.47
2015-11-13,117039.47
2015-11-14,117039.47
2015-11-15,117039.47
2015-11-16,117039.47
2015-11-17,117039.47
2015-11-18,117039.47
2015-11-19,117039.47
2015-11-20,117039.47
2015-11-21,117039.47
2015-11-22,117039.47
2015-11-23,117039.47
2015-11-24,117039.47
2015-11-25,117039.47
2015-11-26,117039.47
2015-11-27,117039.47
2015-11-28,117039.47
2015-11-29,117039.47
2015-11-30,117039.47
2015-12-01,117039.47
2015-12-02,117039.47
2015-12-03,117039.47
2015-12-04,117039.47
2015-12-05,117039.47
2015-12-06,117039.47
2015-12-07,118583.65
2015-12-08,118583.65
2015-12-09,118583.65
2015-12-10,118583.65
2015-12-11,118583.65
2015-12-12,118583.65
2015-12-13,118583.65
2015-12-14,118583.65
2015-12-15,118583.65
2015-12-16,118583.65
2015-12-17,118583.65
2015-12-18,118583.65
2015-12-19,118583.65
2015-12-20,118583.65
2015-12-21,118583.65
2015-12-22,116641.6
2015-12-23,116641.6
2015-12-24,116641.6
2015-12-25,116641.6
2015-12-26,116641.6
2015-12-27,116641.6
2015-12-28,116641.6
2015-12-29,116641.6
2015-12-30,116641.6
2015-12-31,116641.6
2016-01-01,116641.6
2016-01-02,116641.6
2016-01-03,116641.6
2016-01-04,116641.6
2016-01-05,116641.6
2016-01-06,116641.6
2016-01-07,116641.6
2016-01-08,116641.6
2016-01-09,116641.6
2016-01-10,116641.6
2016-01-11,116641.6
2016-01-12,116641.6
2016-01-13,116641.6
2016-01-14,116641.6
2016-01-15,116641.6
2016-01-16,116641.6
2016-01-17,116641.6
2016-01-18,116641.6
2016-01-19,116641.6
2016-01-20,116641.6
2016-01-21,116641.6
2016-01-22,116641.6
2016-01-23,116641.6
2016-01-24,116641.6
2016-01-25,116641.6
2016-01-26,116641.6
2016-01-27,116641.6
2016-01-28,116641.6
2016-01-29,116641.6
2016-01-30,116641.6
2016-01-31,116641.6
2016-02-01,116641.6
2016-02-02,118366.96
2016-02-03,118366.96
2016-02-04,118366.96
2016-02-05,118366.96
2016-02-06,118366.96
2016-02-07,118366.96
2016-02-08,118366.96
2016-02-09,118366.96
2016-02-10,118366.96
2016-02-11,118366.96
2016-02-12,118764.11
2016-02-13,118764.11
2016-02-14,118764.11
2016-02-15,118764.11
2016-02-16,118764.11
2016-02-17,118764.11
2016-02-18,118764.11
2016-02-19,118764.11
2016-02-20,118764.11
2016-02-21,118764.11
2016-02-22,118764.11
2016-02-23,118764.11
2016-02-24,118764.11
2016-02-25,118764.11
2016-02-26,118764.11
2016-02-27,118764.11
2016-02-28,118764.11
2016-02-29,118764.11
2016-03-01,118764.11
2016-03-02,118764.11
2016-03-03,118764.11
2016-03-04,118764.11
2016-03-05,118764.11
2016-03-06,118764.11
2016-03-07,118764.11
2016-03-08,118764.11
2016-03-09,118764.11
2016-03-10,118764.11
2016-03-11,118764.11
2016-03-12,118764.11
2016-03-13,118764.11
2016-03-14,118764.11
2016-03-15,118764.11
2016-03-16,118764.11
2016-03-17,118764.11
2016-03-18,118764.11
2016-03-19,118764.11
2016-03-20,118764.11
2016-03-21,118764.11
2016-03-22,118764.11
2016-03-23,118764.11
2016-03-24,118764.11
2016-03-25,118764.11
2016-03-26,118764.11
2016-03-27,118764.11
2016-03-28,118764.11
2016-03-29,118764.11
2016-03-30,118764.11
2016-03-31,118764.11
2016-04-01,118764.11
2016-04-02,118764.11
2016-04-03,118764.11
2016-04-04,118764.11
2016-04-05,118764.11
2016-04-06,118764.11
2016-04-07,118764.11
2016-04-08,118764.11
2016-04-09,118764.11
2016-04-10,118764.11
2016-04-11,118764.11
2016-04-12,118764.11
2016-04-13,118764.11
2016-04-14,118764.11
2016-04-15,118764.11
2016-04-16,118764.11
2016-04-17,118764.11
2016-04-18,118764.11
2016-04-19,118764.11
2016-04-20,118764.11
2016-04-21,119275.94
2016-04-22,119275.94
2016-04-23,119275.94
2016-04-24,119275.94
2016-04-25,119275.94
2016-04-26,119275.94
2016-04-27,119275.94
2016-04-28,119275.94
2016-04-29,119275.94
2016-04-30,119275.94
2016-05-01,119275.94
2016-05-02,119275.94
2016-05-03,119275.94
2016-05-04,119275.94
2016-05-05,119275.94
2016-05-06,119275.94
2016-05-07,119275.94
2016-05-08,119275.94
2016-05-09,119275.94
2016-05-10,119275.94
2016-05-11,119275.94
2016-05-12,119275.94
2016-05-13,119275.94
2016-05-14,119275.94
2016-05-15,119275.94
2016-05-16,119275.94
2016-05-17,119275.94
2016-05-18,119275.94
2016-05-19,119275.94
2016-05-20,119275.94
2016-05-21,119275.94
2016-05-22,119275.94
2016-05-23,119275.94
2016-05-24,119275.94
2016-05-25,119275.94
2016-05-26,120489.41
2016-05-27,120489.41
2016-05-28,120489.41
2016-05-29,120489.41
2016-05-30,120489.41
2016-05-31,120489.41
2016-06-01,120489.41
2016-06-02,120489.41
2016-06-03,120489.41
2016-06-04,120489.41
2016-06-05,120489.41
2016-06-06,120489.41
2016-06-07,120489.41
2016-06-08,120489.41
2016-06-09,120489.41
2016-06-10,120489.41
2016-06-11,120489.41
2016-06-12,120489.41
2016-06-13,120489.41
2016-06-14,120489.41
2016-06-15,120489.41
2016-06-16,120489.41
2016-06-17,120489.41
2016-06-18,120489.41
2016-06-19,120489.41
2016-06-20,120489.41
2016-06-21,120489.41
2016-06-22,120489.41
2016-06-23,120489.41
2016-06-24,120489.41
2016-06-25,120489.41
2016-06-26,120489.41
2016-06-27,120489.41
2016-06-28,120489.41
2016-06-29,120489.41
2016-06-30,120489.41
2016-07-01,120489.41
2016-07-02,120489.41
2016-07-03,120489.41
2016-07-04,120489.41
2016-07-05,120489.41
2016-07-06,120489.41
2016-07-07,120489.41
2016-07-08,120489.41
2016-07-09,120489.41
2016-07-10,120489.41
2016-07-11,120489.41
2016-07-12,120489.41
2016-07-13,120489.41
2016-07-14,120489.41
2016-07-15,120489.41
2016-07-16,120489.41
2016-07-17,120489.41
2016-07-18,120489.41
2016-07-19,120489.41
2016-07-20,120489.41
2016-07-21,120489.41
2016-07-22,120489.41
2016-07-23,120489.41
2016-07-24,120489.41
2016-07-25,120489.41
2016-07-26,118586.46
2016-07-27,118586.46
2016-07-28,118586.46
2016-07-29,118586.46
2016-07-30,118586.46
2016-07-31,118586.46
2016-08-01,118586.46
2016-08-02,118586.46
2016-08-03,118586.46
2016-08-04,118586.46
2016-08-05,118586.46
2016-08-06,118586.46
2016-08-07,118586.46
2016-08-08,118586.46
2016-08-09,118586.46
2016-08-10,118586.46
2016-08-11,118586.46
2016-08-12,118586.46
2016-08-13,118586.46
2016-08-14,118586.46
2016-08-15,119224.13
2016-08-16,119224.13
2016-08-17,119224.13
2016-08-18,119224.13
2016-08-19,119224.13
2016-08-20,119224.13
2016-08-21,119224.13
2016-08-22,119224.13
2016-08-23,119224.13
2016-08-24,119224.13
2016-08-25,119224.13
2016-08-26,119224.13
2016-08-27,119224.13
2016-08-28,119224.13
2016-08-29,119224.13
2016-08-30,119224.13
2016-08-31,119224.13
2016-09-01,119224.13
2016-09-02,119224.13
2016-09-03,119224.13
2016-09-04,119224.13
2016-09-05,119224.13
2016-09-06,119224.13
2016-09-07,119224.13
2016-09-08,119224.13
2016-09-09,119224.13
2016-09-10,119224.13
2016-09-11,119224.13
2016-09-12,119224.13
2016-09-13,119224.13
2016-09-14,119224.13
2016-09-15,119224.13
2016-09-16,119224.13
2016-09-17,119224.13
2016-09-18,119224.13
2016-09-19,119224.13
2016-09-20,119224.13
2016-09-21,119224.13
2016-09-22,119224.13
2016-09-23,119224.13
2016-09-24,119224.13
2016-09-25,119224.13
2016-09-26,119224.13
2016-09-27,119224.13
2016-09-28,119224.13
2016-09-29,119224.13
2016-09-30,119224.13
2016-10-01,119224.13
2016-10-02,119224.13
2016-10-03,119224.13
2016-10-04,119224.13
2016-10-05,119224.13
2016-10-06,119224.13
2016-10-07,119224.13
2016-10-08,119224.13
2016-10-09,119224.13
2016-10-10,119224.13
2016-10-11,119224.13
2016-10-12,119224.13
2016-10-13,119224.13
2016-10-14,119224.13
2016-10-15,119224.13
2016-10-16,119224.13
2016-10-17,119224.13
2016-10-18,119224.13
2016-10-19,119224.13
2016-10-20,119224.13
2016-10-21,119224.13
2016-10-22,119224.13
2016-10-23,119224.13
2016-10-24,119224.13
2016-10-25,119224.13
2016-10-26,119224.13
2016-10-27,119224.13
2016-10-28,119224.13
2016-10-29,119224.13
2016-10-30,119224.13
2016-10-31,119224.13
2016-11-01,119224.13
2016-11-02,119224.13
2016-11-03,119224.13
2016-11-04,119224.13
2016-11-05,119224.13
2016-11-06,119224.13
2016-11-07,119224.13
2016-11-08,119224.13
2016-11-09,119224.13
2016-11-10,119224.13
2016-11-11,119224.13
2016-11-12,119224.13
2016-11-13,119224.13
2016-11-14,119224.13
2016-11-15,119224.13
2016-11-16,119224.13
2016-11-17,119224.13
2016-11-18,119224.13
2016-11-19,119224.13
2016-11-20,119224.13
2016-11-21,119224.13
2016-11-22,119224.13
2016-11-23,119224.13
2016-11-24,119224.13
2016-11-25,119224.13
2016-11-26,119224.13
2016-11-27,119224.13
2016-11-28,119224.13
2016-11-29,119224.13
2016-11-30,119224.13
2016-12-01,119224.13
2016-12-02,119224.13
2016-12-03,119224.13
2016-12-04,119224.13
2016-12-05,119224.13
2016-12-06,119224.13
2016-12-07,119224.13
2016-12-08,119224.13
2016-12-09,119224.13
2016-12-10,119224.13
2016-12-11,119224.13
2016-12-12,119224.13
2016-12-13,119224.13
2016-12-14,119224.13
2016-12-15,119224.13
2016-12-16,119224.13
2016-12-17,119224.13
2016-12-18,119224.13
2016-12-19,119224.13
2016-12-20,119224.13
2016-12-21,119224.13
2016-12-22,119224.13
2016-12-23,119224.13
2016-12-24,119224.13
2016-12-25,119224.13
2016-12-26,119224.13
2016-12-27,119224.13
2016-12-28,120381.97
2016-12-29,120381.97
2016-12-30,120381.97
2016-12-31,120381.97
2017-01-01,120381.97
2017-01-02,122094.4
2017-01-03,122094.4
2017-01-04,122094.4
2017-01-05,122094.4
2017-01-06,122094.4
2017-01-07,122094.4
2017-01-08,122094.4
2017-01-09,122094.4
2017-01-10,122094.4
2017-01-11,122094.4
2017-01-12,122094.4
2017-01-13,122094.4
2017-01-14,122094.4
2017-01-15,122094.4
2017-01-16,122094.4
2017-01-17,122976.23
2017-01-18,122976.23
2017-01-19,122976.23
2017-01-20,122976.23
2017-01-21,122976.23
2017-01-22,122976.23
2017-01-23,122976.23
2017-01-24,122976.23
2017-01-25,122976.23
2017-01-26,122976.23
2017-01-27,122976.23
2017-01-28,122976.23
2017-01-29,122976.23
2017-01-30,122976.23
2017-01-31,122976.23
2017-02-01,122976.23
2017-02-02,122976.23
2017-02-03,122976.23
2017-02-04,122976.23
2017-02-05,122976.23
2017-02-06,122976.23
2017-02-07,122976.23
2017-02-08,122976.23
2017-02-09,122976.23
2017-02-10,122976.23
2017-02-11,122976.23
2017-02-12,122976.23
2017-02-13,122976.23
2017-02-14,122976.23
2017-02-15,122976.23
2017-02-16,122976.23
2017-02-17,122976.23
2017-02-18,122976.23
2017-02-19,122976.23
2017-02-20,122976.23
2017-02-21,122976.23
2017-02-22,122976.23
2017-02-23,122976.23
2017-02-24,122976.23
2017-02-25,122976.23
2017-02-26,122976.23
2017-02-27,122976.23
2017-02-28,122976.23
2017-03-01,122976.23
2017-03-02,122976.23
2017-03-03,122976.23
2017-03-04,122976.23
2017-03-05,122976.23
2017-03-06,122976.23
2017-03-07,122976.23
2017-03-08,122976.23
2017-03-09,122976.23
2017-03-10,122976.23
2017-03-11,122976.23
2017-03-12,122976.23
2017-03-13,122976.23
2017-03-14,122976.23
2017-03-15,122976.23
2017-03-16,122976.23
2017-03-17,122976.23
2017-03-18,122976.23
2017-03-19,122976.23
2017-03-20,122976.23
2017-03-21,122976.23
2017-03-22,122976.23
2017-03-23,122976.23
2017-03-24,122976.23
2017-03-25,122976.23
2017-03-26,122976.23
2017-03-27,122976.23
2017-03-28,122976.23
2017-03-29,122976.23
2017-03-30,122976.23
2017-03-31,121002.03
2017-04-01,121002.03
2017-04-02,121002.03
2017-04-03,121002.03
2017-04-04,121002.03
2017-04-05,121002.03
2017-04-06,121002.03
2017-04-07,121002.03
2017-04-08,121002.03
2017-04-09,121002.03
2017-04-10,122147.89
2017-04-11,122147.89
2017-04-12,122147.89
2017-04-13,122147.89
2017-04-14,122147.89
2017-04-15,122147.89
2017-04-16,122147.89
2017-04-17,122147.89
2017-04-18,122147.89
2017-04-19,122147.89
2017-04-20,122147.89
2017-04-21,122147.89
2017-04-22,122147.89
2017-04-23,122147.89
2017-04-24,122147.89
2017-04-25,122147.89
2017-04-26,122147.89
2017-04-27,122147.89
2017-04-28,122147.89
2017-04-29,122147.89
2017-04-30,122147.89
2017-05-01,122147.89
2017-05-02,122147.89
2017-05-03,122147.89
2017-05-04,122147.89
2017-05-05,122147.89
2017-05-06,122147.89
2017-05-07,122147.89
2017-05-08,122147.89
2017-05-09,122147.89
2017-05-10,122147.89
2017-05-11,122147.89
2017-05-12,122147.89
2017-05-13,122147.89
2017-05-14,122147.89
2017-05-15,122147.89
2017-05-16,122147.89
2017-05-17,122147.89
2017-05-18,122147.89
2017-05-19,122147.89
2017-05-20,122147.89
2017-05-21,122147.89
2017-05-22,122147.89
2017-05-23,122147.89
2017-05-24,122147.89
2017-05-25,122147.89
2017-05-26,122147.89
2017-05-27,122147.89
2017-05-28,122147.89
2017-05-29,122147.89
2017-05-30,122147.89
2017-05-31,122147.89
2017-06-01,122147.89
2017-06-02,122147.89
2017-06-03,122147.89
2017-06-04,122147.89
2017-06-05,122147.89
2017-06-06,122147.89
2017-06-07,122147.89
2017-06-08,122147.89
2017-06-09,122147.89
2017-06-10,122147.89
2017-06-11,122147.89
2017-06-12,122147.89
2017-06-13,122147.89
2017-06-14,122147.89
2017-06-15,122147.89
2017-06-16,122147.89
2017-06-17,122147.89
2017-06-18,122147.89
2017-06-19,122147.89
2017-06-20,122147.89
2017-06-21,122147.89
2017-06-22,122147.89
2017-06-23,122147.89
2017-06-24,122147.89
2017-06-25,122147.89
2017-06-26,122147.89
2017-06-27,122147.89
2017-06-28,122147.89
2017-06-29,122147.89
2017-06-30,122147.89
2017-07-01,122147.89
2017-07-02,122147.89
2017-07-03,122147.89
2017-07-04,122147.89
2017-07-05,124017.91
2017-07-06,124017.91
2017-07-07,124017.91
2017-07-08,124017.91
2017-07-09,124017.91
2017-07-10,124017.91
2017-07-11,124017.91
2017-07-12,124017.91
2017-07-13,124017.91
2017-07-14,124017.91
2017-07-15,124017.91
2017-07-16,124017.91
2017-07-17,124017.91
2017-07-18,124017.91
2017-07-19,124017.91
2017-07-20,124017.91
2017-07-21,124017.91
2017-07-22,124017.91
2017-07-23,124017.91
2017-07-24,124017.91
2017-07-25,124017.91
2017-07-26,124300.89
2017-07-27,124300.89
2017-07-28,126129.05
2017-07-29,126129.05
2017-07-30,126129.05
2017-07-31,126129.05
2017-08-01,126129.05
2017-08-02,126129.05
2017-08-03,126129.05
2017-08-04,126129.05
2017-08-05,126129.05
2017-08-06,126129.05
2017-08-07,126129.05
2017-08-08,126129.05
2017-08-09,126129.05
2017-08-10,126129.05
2017-08-11,126129.05
2017-08-12,126129.05
2017-08-13,126129.05
2017-08-14,126129.05
2017-08-15,126129.05
2017-08-16,126129.05
2017-08-17,126129.05
2017-08-18,126129.05
2017-08-19,126129.05
2017-08-20,126129.05
2017-08-21,126129.05
2017-08-22,126129.05
2017-08-23,126129.05
2017-08-24,126129.05
2017-08-25,126129.05
2017-08-26,126129.05
2017-08-27,126129.05
2017-08-28,126129.05
2017-08-29,126129.05
2017-08-30,126129.05
2017-08-31,126129.05
2017-09-01,126129.05
2017-09-02,126129.05
2017-09-03,126129.05
2017-09-04,126129.05
2017-09-05,126129.05
2017-09-06,126129.05
2017-09-07,126129.05
2017-09-08,126129.05
2017-09-09,126129.05
2017-09-10,126129.05
2017-09-11,126129.05
2017-09-12,126129.05
2017-09-13,126129.05
2017-09-14,126129.05
2017-09-15,127976.78
2017-09-16,127976.78
2017-09-17,127976.78
2017-09-18,129857.2
2017-09-19,129857.2
2017-09-20,129857.2
2017-09-21,129857.2
2017-09-22,129857.2
2017-09-23,129857.2
2017-09-24,129857.2
2017-09-25,129857.2
2017-09-26,129857.2
2017-09-27,129857.2
2017-09-28,129857.2
2017-09-29,129857.2
2017-09-30,129857.2
2017-10-01,129857.2
2017-10-02,129857.2
2017-10-03,129857.2
2017-10-04,129857.2
2017-10-05,129857.2
2017-10-06,129857.2
2017-10-07,129857.2
2017-10-08,129857.2
2017-10-09,129857.2
2017-10-10,129857.2
2017-10-11,129857.2
2017-10-12,129857.2
2017-10-13,129857.2
2017-10-14,129857.2
2017-10-15,129857.2
2017-10-16,129857.2
2017-10-17,129857.2
2017-10-18,129857.2
2017-10-19,129857.2
2017-10-20,129857.2
2017-10-21,129857.2
2017-10-22,129857.2
2017-10-23,129857.2
2017-10-24,129857.2
2017-10-25,129857.2
2017-10-26,129857.2
2017-10-27,129857.2
2017-10-28,129857.2
2017-10-29,129857.2
2017-10-30,129857.2
2017-10-31,129857.2
2017-11-01,129857.2
2017-11-02,129857.2
2017-11-03,129857.2
2017-11-04,129857.2
2017-11-05,129857.2
2017-11-06,129857.2
2017-11-07,129857.2
2017-11-08,129857.2
2017-11-09,129857.2
2017-11-10,129857.2
2017-11-11,129857.2
2017-11-12,129857.2
2017-11-13,129857.2
2017-11-14,129857.2
2017-11-15,129857.2
2017-11-16,129857.2
2017-11-17,129857.2
2017-11-18,129857.2
2017-11-19,129857.2
2017-11-20,129857.2
2017-11-21,129857.2
2017-11-22,129857.2
2017-11-23,129857.2
2017-11-24,129857.2
2017-11-25,129857.2
2017-11-26,129857.2
2017-11-27,129857.2
2017-11-28,129857.2
2017-11-29,129857.2
2017-11-30,129857.2
2017-12-01,129857.2
2017-12-02,129857.2
2017-12-03,129857.2
2017-12-04,127670.42
2017-12-05,127670.42
2017-12-06,127670.42
2017-12-07,127670.42
2017-12-08,127670.42
2017-12-09,127670.42
2017-12-10,127670.42
2017-12-11,127670.42
2017-12-12,127670.42
2017-12-13,127670.42
2017-12-14,127670.42
2017-12-15,127670.42
2017-12-16,127670.42
2017-12-17,127670.42
2017-12-18,127670.42
2017-12-19,127670.42
2017-12-20,127670.42
2017-12-21,127670.42
2017-12-22,127670.42
2017-12-23,127670.42
2017-12-24,127670.42
2017-12-25,127670.42
2017-12-26,127670.42
2017-12-27,127670.42
2017-12-28,127670.42
2017-12-29,127670.42
2017-12-30,127670.42
2017-12-31,127670.42
2018-01-01,127670.42
2018-01-02,127670.42
2018-01-03,127670.42
2018-01-04,127670.42
2018-01-05,127670.42
2018-01-06,127670.42
2018-01-07,127670.42
2018-01-08,127670.42
2018-01-09,128215.33
2018-01-10,128139.91
2018-01-11,128139.91
2018-01-12,128139.91
2018-01-13,128139.91
2018-01-14,128139.91
2018-01-15,128139.91
2018-01-16,128139.91
2018-01-17,128139.91
2018-01-18,128139.91
2018-01-19,128139.91
2018-01-20,128139.91
2018-01-21,128139.91
2018-01-22,128139.91
2018-01-23,128139.91
2018-01-24,128139.91
2018-01-25,128139.91
2018-01-26,128139.91
2018-01-27,128139.91
2018-01-28,128139.91
2018-01-29,128139.91
2018-01-30,128139.91
2018-01-31,128139.91
2018-02-01,130091.76
2018-02-02,130091.76
2018-02-03,130091.76
2018-02-04,130091.76
2018-02-05,130091.76
2018-02-06,130091.76
2018-02-07,130091.76
2018-02-08,130091.76
2018-02-09,130091.76
2018-02-10,130091.76
2018-02-11,130091.76
2018-02-12,130091.76
2018-02-13,130091.76
2018-02-14,130091.76
2018-02-15,130091.76
2018-02-16,127925.37
2018-02-17,127925.37
2018-02-18,127925.37
2018-02-19,127925.37
2018-02-20,127925.37
2018-02-21,127925.37
2018-02-22,127925.37
2018-02-23,127925.37
2018-02-24,127925.37
2018-02-25,127925.37
2018-02-26,127925.37
2018-02-27,127925.37
2018-02-28,127925.37
2018-03-01,127925.37
2018-03-02,127925.37
2018-03-03,127925.37
2018-03-04,127925.37
2018-03-05,127925.37
2018-03-06,127925.37
2018-03-07,127925.37
2018-03-08,127925.37
2018-03-09,127925.37
2018-03-10,127925.37
2018-03-11,127925.37
2018-03-12,129752.93
2018-03-13,129752.93
2018-03-14,129752.93
2018-03-15,129752.93
2018-03-16,129752.93
2018-03-17,129752.93
2018-03-18,129752.93
2018-03-19,130866.98
2018-03-20,130866.98
2018-03-21,130866.98
2018-03-22,130866.98
2018-03-23,130866.98
2018-03-24,130866.98
2018-03-25,130866.98
2018-03-26,130866.98
2018-03-27,130866.98
2018-03-28,130866.98
2018-03-29,130866.98
2018-03-30,130866.98
2018-03-31,130866.98
2018-04-01,130866.98
2018-04-02,130866.98
2018-04-03,130866.98
2018-04-04,130866.98
2018-04-05,130866.98
2018-04-06,130866.98
2018-04-07,130866.98
2018-04-08,130866.98
2018-04-09,130866.98
2018-04-10,130866.98
2018-04-11,130866.98
2018-04-12,130866.98
2018-04-13,130866.98
2018-04-14,130866.98
2018-04-15,130866.98
2018-04-16,130866.98
2018-04-17,130866.98
2018-04-18,130866.98
2018-04-19,130866.98
2018-04-20,130866.98
2018-04-21,130866.98
2018-04-22,130866.98
2018-04-23,130866.98
2018-04-24,128738.69
2018-04-25,128738.69
2018-04-26,128738.69
2018-04-27,128738.69
2018-04-28,128738.69
2018-04-29,128738.69
2018-04-30,128738.69
2018-05-01,128738.69
2018-05-02,128738.69
2018-05-03,128738.69
2018-05-04,128738.69
2018-05-05,128738.69
2018-05-06,128738.69
2018-05-07,128738.69
2018-05-08,128738.69
2018-05-09,128738.69
2018-05-10,128738.69
2018-05-11,128738.69
2018-05-12,128738.69
2018-05-13,128738.69
2018-05-14,128738.69
2018-05-15,128738.69
2018-05-16,128738.69
2018-05-17,128738.69
2018-05-18,128738.69
2018-05-19,128738.69
2018-05-20,128738.69
2018-05-21,128738.69
2018-05-22,128738.69
2018-05-23,128738.69
2018-05-24,128738.69
2018-05-25,128738.69
2018-05-26,128738.69
2018-05-27,128738.69
2018-05-28,128738.69
2018-05-29,128738.69
2018-05-30,128738.69
2018-05-31,129926.81
2018-06-01,129926.81
2018-06-02,129926.81
2018-06-03,129926.81
2018-06-04,129926.81
2018-06-05,129926.81
2018-06-06,129926.81
2018-06-07,129926.81
2018-06-08,129926.81
2018-06-09,129926.81
2018-06-10,129926.81
2018-06-11,129926.81
2018-06-12,129926.81
2018-06-13,128509.26
2018-06-14,128509.26
2018-06-15,128509.26
2018-06-16,128509.26
2018-06-17,128509.26
2018-06-18,128509.26
2018-06-19,128509.26
2018-06-20,128509.26
2018-06-21,128509.26
2018-06-22,128509.26
2018-06-23,128509.26
2018-06-24,128509.26
2018-06-25,128509.26
2018-06-26,128509.26
2018-06-27,128509.26
2018-06-28,128509.26
2018-06-29,128509.26
2018-06-30,128509.26
2018-07-01,128509.26
2018-07-02,128509.26
2018-07-03,128509.26
2018-07-04,128509.26
2018-07-05,129174.67
2018-07-06,129174.67
2018-07-07,129174.67
2018-07-08,129174.67
2018-07-09,129174.67
2018-07-10,129174.67
2018-07-11,129174.67
2018-07-12,129174.67
2018-07-13,129174.67
2018-07-14,129174.67
2018-07-15,129174.67
2018-07-16,129174.67
2018-07-17,129174.67
2018-07-18,127043.72
2018-07-19,127043.72
2018-07-20,127043.72
2018-07-21,127043.72
2018-07-22,127043.72
2018-07-23,127043.72
2018-07-24,127043.72
2018-07-25,127043.72
2018-07-26,127043.72
2018-07-27,127043.72
2018-07-28,127043.72
2018-07-29,127043.72
2018-07-30,127043.72
2018-07-31,127043.72
2018-08-01,127043.72
2018-08-02,127043.72
2018-08-03,127043.72
2018-08-04,127043.72
2018-08-05,127043.72
2018-08-06,127043.72
2018-08-07,128992.9
2018-08-08,128992.9
2018-08-09,128992.9
2018-08-10,128992.9
2018-08-11,128992.9
2018-08-12,128992.9
2018-08-13,128992.9
2018-08-14,128992.9
2018-08-15,128992.9
2018-08-16,128992.9
2018-08-17,128992.9
2018-08-18,128992.9
2018-08-19,128992.9
2018-08-20,128992.9
2018-08-21,128992.9
2018-08-22,128992.9
2018-08-23,128992.9
2018-08-24,128992.9
2018-08-25,128992.9
2018-08-26,128992.9
2018-08-27,128992.9
2018-08-28,128992.9
2018-08-29,128992.9
2018-08-30,128992.9
2018-08-31,128992.9
2018-09-01,128992.9
2018-09-02,128992.9
2018-09-03,128992.9
2018-09-04,128992.9
2018-09-05,128992.9
2018-09-06,128992.9
2018-09-07,128992.9
2018-09-08,128992.9
2018-09-09,128992.9
2018-09-10,128992.9
2018-09-11,128992.9
2018-09-12,128992.9
2018-09-13,128992.9
2018-09-14,128992.9
2018-09-15,128992.9
2018-09-16,128992.9
2018-09-17,128992.9
2018-09-18,128992.9
2018-09-19,128992.9
2018-09-20,128992.9
2018-09-21,128992.9
2018-09-22,128992.9
2018-09-23,127000.2
2018-09-24,127711.14
2018-09-25,127711.14
2018-09-26,127711.14
2018-09-27,127711.14
2018-09-28,127711.14
2018-09-29,127711.14
2018-09-30,127711.14
2018-10-01,127711.14
2018-10-02,127711.14
2018-10-03,127711.14
2018-10-04,127711.14
2018-10-05,127711.14
2018-10-06,127711.14
2018-10-07,127711.14
2018-10-08,127711.14
2018-10-09,127711.14
2018-10-10,129612.61
2018-10-11,129612.61
2018-10-12,129612.61
2018-10-13,129612.61
2018-10-14,129612.61
2018-10-15,129612.61
2018-10-16,129612.61
2018-10-17,129612.61
2018-10-18,129612.61
2018-10-19,129612.61
2018-10-20,129612.61
2018-10-21,129612.61
2018-10-22,129612.61
2018-10-23,131485.08
2018-10-24,131485.08
2018-10-25,131485.08
2018-10-26,131485.08
2018-10-27,131485.08
2018-10-28,131485.08
2018-10-29,131485.08
2018-10-30,133363.46
2018-10-31,133363.46
2018-11-01,133363.46
2018-11-02,133363.46
2018-11-03,133363.46
2018-11-04,133363.46
2018-11-05,133363.46
2018-11-06,133363.46
2018-11-07,133363.46
2018-11-08,133363.46
2018-11-09,133363.46
2018-11-10,133363.46
2018-11-11,133363.46
2018-11-12,133363.46
2018-11-13,133363.46
2018-11-14,133363.46
2018-11-15,133363.46
2018-11-16,133363.46
2018-11-17,133363.46
2018-11-18,133363.46
2018-11-19,133363.46
2018-11-20,133363.46
2018-11-21,133363.46
2018-11-22,133363.46
2018-11-23,133363.46
2018-11-24,133363.46
2018-11-25,133363.46
2018-11-26,133363.46
2018-11-27,133363.46
2018-11-28,133363.46
2018-11-29,133363.46
2018-11-30,133363.46
2018-12-01,133363.46
2018-12-02,133363.46
2018-12-03,133363.46
2018-12-04,133363.46
2018-12-05,133363.46
2018-12-06,133363.46
2018-12-07,133363.46
2018-12-08,133363.46
2018-12-09,133363.46
2018-12-10,133363.46
2018-12-11,133363.46
2018-12-12,133363.46
2018-12-13,133363.46
2018-12-14,133363.46
2018-12-15,133363.46
2018-12-16,133363.46
2018-12-17,133363.46
2018-12-18,133363.46
2018-12-19,133363.46
2018-12-20,133363.46
2018-12-21,133363.46
2018-12-22,133363.46
2018-12-23,133363.46
2018-12-24,133363.46
2018-12-25,133363.46
2018-12-26,134155.09
2018-12-27,134155.09
2018-12-28,134155.09
2018-12-29,134155.09
2018-12-30,134155.09
2018-12-31,134155.09
2019-01-01,134155.09
2019-01-02,134155.09
2019-01-03,134155.09
2019-01-04,134155.09
2019-01-05,134155.09
2019-01-06,134155.09
2019-01-07,134155.09
2019-01-08,134155.09
2019-01-09,134155.09
2019-01-10,134155.09
2019-01-11,134155.09
2019-01-12,134155.09
2019-01-13,134155.09
2019-01-14,134155.09
2019-01-15,136044.73
2019-01-16,136044.73
2019-01-17,137910.69
2019-01-18,137910.69
2019-01-19,137910.69
2019-01-20,137910.69
2019-01-21,137910.69
2019-01-22,137910.69
2019-01-23,137910.69
2019-01-24,137910.69
2019-01-25,137910.69
2019-01-26,137910.69
2019-01-27,137910.69
2019-01-28,137910.69
2019-01-29,137910.69
2019-01-30,137910.69
2019-01-31,137910.69
2019-02-01,137910.69
2019-02-02,137910.69
2019-02-03,137910.69
2019-02-04,137910.69
2019-02-05,137910.69
2019-02-06,137910.69
2019-02-07,137910.69
2019-02-08,137910.69
2019-02-09,137910.69
2019-02-10,137910.69
2019-02-11,137910.69
2019-02-12,137910.69
2019-02-13,137910.69
2019-02-14,137910.69
2019-02-15,137910.69
2019-02-16,137910.69
2019-02-17,137910.69
2019-02-18,137910.69
2019-02-19,137910.69
2019-02-20,137910.69
2019-02-21,137910.69
2019-02-22,137910.69
2019-02-23,137910.69
2019-02-24,137910.69
2019-02-25,137910.69
2019-02-26,137910.69
2019-02-27,137910.69
2019-02-28,137910.69
2019-03-01,137910.69
2019-03-02,137910.69
2019-03-03,137910.69
2019-03-04,137910.69
2019-03-05,137910.69
2019-03-06,137910.69
2019-03-07,137910.69
2019-03-08,137910.69
2019-03-09,137910.69
2019-03-10,137910.69
2019-03-11,137910.69
2019-03-12,137910.69
2019-03-13,137910.69
2019-03-14,137910.69
2019-03-15,137910.69
2019-03-16,137910.69
2019-03-17,138811.79
2019-03-18,138617.86
2019-03-19,138617.86
2019-03-20,139443.46
2019-03-21,139443.46
2019-03-22,139443.46
2019-03-23,139443.46
2019-03-24,139443.46
2019-03-25,139443.46
2019-03-26,139443.46
2019-03-27,139443.46
2019-03-28,139443.46
2019-03-29,139443.46
2019-03-30,139443.46
2019-03-31,139443.46
2019-04-01,139443.46
2019-04-02,139443.46
2019-04-03,139443.46
2019-04-04,139443.46
2019-04-05,139443.46
2019-04-06,139443.46
2019-04-07,139443.46
2019-04-08,139443.46
2019-04-09,139443.46
2019-04-10,139443.46
2019-04-11,139443.46
2019-04-12,139443.46
2019-04-13,139443.46
2019-04-14,139443.46
2019-04-15,139443.46
2019-04-16,139443.46
2019-04-17,139443.46
2019-04-18,139443.46
2019-04-19,139443.46
2019-04-20,139443.46
2019-04-21,139443.46
2019-04-22,139443.46
2019-04-23,139443.46
2019-04-24,139443.46
2019-04-25,139939.01
2019-04-26,139939.01
2019-04-27,139939.01
2019-04-28,139939.01
2019-04-29,139939.01
2019-04-30,141953.13
2019-05-01,141953.13
2019-05-02,141953.13
2019-05-03,141953.13
2019-05-04,141953.13
2019-05-05,141953.13
2019-05-06,141953.13
2019-05-07,141953.13
2019-05-08,141953.13
2019-05-09,141953.13
2019-05-10,141953.13
2019-05-11,141953.13
2019-05-12,141953.13
2019-05-13,142819.53
2019-05-14,142819.53
2019-05-15,144074.66
2019-05-16,144074.66
2019-05-17,144074.66
2019-05-18,144074.66
2019-05-19,144074.66
2019-05-20,144074.66
2019-05-21,144074.66
2019-05-22,144074.66
2019-05-23,144074.66
2019-05-24,144074.66
2019-05-25,144074.66
2019-05-26,144074.66
2019-05-27,144074.66
2019-05-28,144074.66
2019-05-29,144074.66
2019-05-30,144074.66
2019-05-31,144074.66
2019-06-01,144074.66
2019-06-02,144074.66
2019-06-03,144074.66
2019-06-04,144074.66
2019-06-05,144074.66
2019-06-06,144074.66
2019-06-07,144074.66
2019-06-08,144074.66
2019-06-09,144074.66
2019-06-10,144074.66
2019-06-11,144074.66
2019-06-12,144074.66
2019-06-13,144074.66
2019-06-14,144074.66
2019-06-15,144074.66
2019-06-16,144074.66
2019-06-17,144074.66
2019-06-18,144074.66
2019-06-19,144074.66
2019-06-20,144074.66
2019-06-21,144074.66
2019-06-22,144074.66
2019-06-23,144074.66
2019-06-24,144074.66
2019-06-25,144074.66
2019-06-26,144074.66
2019-06-27,144074.66
2019-06-28,144074.66
2019-06-29,144074.66
2019-06-30,144074.66
2019-07-01,144074.66
2019-07-02,144074.66
2019-07-03,144074.66
2019-07-04,144074.66
2019-07-05,144074.66
2019-07-06,144074.66
2019-07-07,144074.66
2019-07-08,144074.66
2019-07-09,144074.66
2019-07-10,144074.66
2019-07-11,144074.66
2019-07-12,144074.66
2019-07-13,144074.66
2019-07-14,144074.66
2019-07-15,144074.66
2019-07-16,144074.66
2019-07-17,144074.66
2019-07-18,144074.66
2019-07-19,144074.66
2019-07-20,144074.66
2019-07-21,144074.66
2019-07-22,144074.66
2019-07-23,144074.66
2019-07-24,144074.66
2019-07-25,144074.66
2019-07-26,144074.66
2019-07-27,144074.66
2019-07-28,144074.66
2019-07-29,144074.66
2019-07-30,144074.66
2019-07-31,144074.66
2019-08-01,144074.66
2019-08-02,144074.66
2019-08-03,144074.66
2019-08-04,144074.66
2019-08-05,144074.66
2019-08-06,144074.66
2019-08-07,144074.66
2019-08-08,144074.66
2019-08-09,144074.66
2019-08-10,144074.66
2019-08-11,144074.66
2019-08-12,144074.66
2019-08-13,144074.66
2019-08-14,144074.66
2019-08-15,144074.66
2019-08-16,144074.66
2019-08-17,144074.66
2019-08-18,144074.66
2019-08-19,144601.17
2019-08-20,144601.17
2019-08-21,144601.17
2019-08-22,144601.17
2019-08-23,144601.17
2019-08-24,144601.17
2019-08-25,144601.17
2019-08-26,144601.17
2019-08-27,144601.17
2019-08-28,144601.17
2019-08-29,144601.17
2019-08-30,144601.17
2019-08-31,144601.17
2019-09-01,144601.17
2019-09-02,144601.17
2019-09-03,144601.17
2019-09-04,144601.17
2019-09-05,144601.17
2019-09-06,144601.17
2019-09-07,144601.17
2019-09-08,144601.17
2019-09-09,144601.17
2019-09-10,144601.17
2019-09-11,144601.17
2019-09-12,144601.17
2019-09-13,144601.17
2019-09-14,144601.17
2019-09-15,144601.17
2019-09-16,144601.17
2019-09-17,144601.17
2019-09-18,144457.69
2019-09-19,144457.69
2019-09-20,144457.69
2019-09-21,144457.69
2019-09-22,144457.69
2019-09-23,144457.69
2019-09-24,145242.51
2019-09-25,145242.51
2019-09-26,145242.51
2019-09-27,145242.51
2019-09-28,145242.51
2019-09-29,145242.51
2019-09-30,145242.51
2019-10-01,145242.51
2019-10-02,145242.51
2019-10-03,145867.9
2019-10-04,145867.9
2019-10-05,145867.9
2019-10-06,145867.9
2019-10-07,145867.9
2019-10-08,145867.9
2019-10-09,145867.9
2019-10-10,145867.9
2019-10-11,145867.9
2019-10-12,145867.9
2019-10-13,145867.9
2019-10-14,145867.9
2019-10-15,145867.9
2019-10-16,146588.36
2019-10-17,146588.36
2019-10-18,146588.36
2019-10-19,146588.36
2019-10-20,146588.36
2019-10-21,146588.36
2019-10-22,146588.36
2019-10-23,146588.36
2019-10-24,146588.36
2019-10-25,146588.36
2019-10-26,146588.36
2019-10-27,146588.36
2019-10-28,146588.36
2019-10-29,146588.36
2019-10-30,146588.36
2019-10-31,146588.36
2019-11-01,146588.36
2019-11-02,146588.36
2019-11-03,146588.36
2019-11-04,146588.36
2019-11-05,146588.36
2019-11-06,146588.36
2019-11-07,146588.36
2019-11-08,146588.36
2019-11-09,146588.36
2019-11-10,146588.36
2019-11-11,146588.36
2019-11-12,146588.36
2019-11-13,146588.36
2019-11-14,146588.36
2019-11-15,146588.36
2019-11-16,146588.36
2019-11-17,146588.36
2019-11-18,146588.36
2019-11-19,146588.36
2019-11-20,146588.36
2019-11-21,146588.36
2019-11-22,146588.36
2019-11-23,146588.36
2019-11-24,146588.36
2019-11-25,146588.36
2019-11-26,146588.36
2019-11-27,146588.36
2019-11-28,146588.36
2019-11-29,146588.36
2019-11-30,146588.36
2019-12-01,146588.36
2019-12-02,144919.6
2019-12-03,144919.6
2019-12-04,144919.6
2019-12-05,144919.6
2019-12-06,144919.6
2019-12-07,144919.6
2019-12-08,144919.6
2019-12-09,144919.6
2019-12-10,145829.87
2019-12-11,143580.26
2019-12-12,143580.26
2019-12-13,143580.26
2019-12-14,143580.26
2019-12-15,143580.26
2019-12-16,143580.26
2019-12-17,143580.26
2019-12-18,143580.26
2019-12-19,143580.26
2019-12-20,143580.26
2019-12-21,143580.26
2019-12-22,143580.26
2019-12-23,143580.26
2019-12-24,143580.26
2019-12-25,143580.26
2019-12-26,143580.26
2019-12-27,143580.26
2019-12-28,143580.26
2019-12-29,143580.26
2019-12-30,143580.26
2019-12-31,143580.26
2020-01-01,143580.26
2020-01-02,143580.26
2020-01-03,143580.26
2020-01-04,143580.26
2020-01-05,143580.26
2020-01-06,143580.26
2020-01-07,143580.26
2020-01-08,143580.26
2020-01-09,143580.26
2020-01-10,143580.26
2020-01-11,143580.26
2020-01-12,143580.26
2020-01-13,143580.26
2020-01-14,143580.26
2020-01-15,143580.26
2020-01-16,143378.82
2020-01-17,143378.82
2020-01-18,143378.82
2020-01-19,143378.82
2020-01-20,141158.09
2020-01-21,141158.09
2020-01-22,141158.09
2020-01-23,141158.09
2020-01-24,141158.09
2020-01-25,141158.09
2020-01-26,141158.09
2020-01-27,141158.09
2020-01-28,141158.09
2020-01-29,141158.09
2020-01-30,141158.09
2020-01-31,141158.09
2020-02-01,141158.09
2020-02-02,141158.09
2020-02-03,141158.09
2020-02-04,141158.09
2020-02-05,141158.09
2020-02-06,141158.09
2020-02-07,141158.09
2020-02-08,141158.09
2020-02-09,141158.09
2020-02-10,141158.09
2020-02-11,141158.09
2020-02-12,141158.09
2020-02-13,141158.09
2020-02-14,141158.09
2020-02-15,141158.09
2020-02-16,141158.09
2020-02-17,141158.09
2020-02-18,141158.09
2020-02-19,141158.09
2020-02-20,141158.09
2020-02-21,141158.09
2020-02-22,141158.09
2020-02-23,141158.09
2020-02-24,141158.09
2020-02-25,141158.09
2020-02-26,141158.09
2020-02-27,141158.09
2020-02-28,141158.09
2020-02-29,141158.09
2020-03-01,141158.09
2020-03-02,141158.09
2020-03-03,141158.09
2020-03-04,141158.09
2020-03-05,141158.09
2020-03-06,141158.09
2020-03-07,141158.09
2020-03-08,141158.09
2020-03-09,141158.09
2020-03-10,141158.09
2020-03-11,141158.09
2020-03-12,141158.09
2020-03-13,141158.09
2020-03-14,141158.09
2020-03-15,141158.09
2020-03-16,141158.09
2020-03-17,141158.09
2020-03-18,141158.09
2020-03-19,141158.09
2020-03-20,141158.09
2020-03-21,141158.09
2020-03-22,141158.09
2020-03-23,141158.09
2020-03-24,141158.09
2020-03-25,141158.09
2020-03-26,141158.09
2020-03-27,141158.09
2020-03-28,141158.09
2020-03-29,141158.09
2020-03-30,141158.09
2020-03-31,141158.09
2020-04-01,141158.09
2020-04-02,141158.09
2020-04-03,141158.09
2020-04-04,141158.09
2020-04-05,141158.09
2020-04-06,141158.09
2020-04-07,141158.09
2020-04-08,141158.09
2020-04-09,141158.09
2020-04-10,141158.09
2020-04-11,141158.09
2020-04-12,138890.29
2020-04-13,138890.29
2020-04-14,138890.29
2020-04-15,138890.29
2020-04-16,138890.29
2020-04-17,138890.29
2020-04-18,138890.29
2020-04-19,138890.29
2020-04-20,138890.29
2020-04-21,138890.29
2020-04-22,138890.29
2020-04-23,138890.29
2020-04-24,138890.29
2020-04-25,138890.29
2020-04-26,138890.29
2020-04-27,138890.29
2020-04-28,138890.29
2020-04-29,138890.29
2020-04-30,138890.29
2020-05-01,138890.29
2020-05-02,138890.29
2020-05-03,138890.29
2020-05-04,138890.29
2020-05-05,138890.29
2020-05-06,138890.29
2020-05-07,138890.29
2020-05-08,138890.29
2020-05-09,138890.29
2020-05-10,138890.29
2020-05-11,138890.29
2020-05-12,138890.29
2020-05-13,138890.29
2020-05-14,138890.29
2020-05-15,138890.29
2020-05-16,138890.29
2020-05-17,138890.29
2020-05-18,138890.29
2020-05-19,138890.29
2020-05-20,138890.29
2020-05-21,138890.29
2020-05-22,138890.29
2020-05-23,138890.29
2020-05-24,138890.29
2020-05-25,138890.29
2020-05-26,138890.29
2020-05-27,138890.29
2020-05-28,138890.29
2020-05-29,138890.29
2020-05-30,138890.29
2020-05-31,138890.29
2020-06-01,138890.29
2020-06-02,138890.29
2020-06-03,138890.29
2020-06-04,141016.49
2020-06-05,141016.49
2020-06-06,141016.49
2020-06-07,141016.49
2020-06-08,141016.49
2020-06-09,142030.4
2020-06-10,142030.4
2020-06-11,142030.4
2020-06-12,142030.4
2020-06-13,142030.4
2020-06-14,142030.4
2020-06-15,144124.49
2020-06-16,144124.49
2020-06-17,144124.49
2020-06-18,144124.49
2020-06-19,144124.49
2020-06-20,144124.49
2020-06-21,144124.49
2020-06-22,144124.49
2020-06-23,144124.49
2020-06-24,144124.49
2020-06-25,144124.49
2020-06-26,144124.49
2020-06-27,144124.49
2020-06-28,144124.49
2020-06-29,144124.49
2020-06-30,144124.49
2020-07-01,144124.49
2020-07-02,146178.27
2020-07-03,146178.27
2020-07-04,146178.27
2020-07-05,146178.27
2020-07-06,146178.27
2020-07-07,146178.27
2020-07-08,146178.27
2020-07-09,146178.27
2020-07-10,146178.27
2020-07-11,146178.27
2020-07-12,146178.27
2020-07-13,146178.27
2020-07-14,146178.27
2020-07-15,146178.27
2020-07-16,146178.27
2020-07-17,146178.27
2020-07-18,146178.27
2020-07-19,146178.27
2020-07-20,146178.27
2020-07-21,146178.27
2020-07-22,146178.27
2020-07-23,146178.27
2020-07-24,146178.27
2020-07-25,146178.27
2020-07-26,146178.27
2020-07-27,146178.27
2020-07-28,146178.27
2020-07-29,146178.27
2020-07-30,146178.27
2020-07-31,146178.27
2020-08-01,146178.27
2020-08-02,146178.27
2020-08-03,146178.27
2020-08-04,146178.27
2020-08-05,146178.27
2020-08-06,146178.27
2020-08-07,146178.27
2020-08-08,146178.27
2020-08-09,146178.27
2020-08-10,146178.27
2020-08-11,146178.27
2020-08-12,146178.27
2020-08-13,146178.27
2020-08-14,146178.27
2020-08-15,146178.27
2020-08-16,146178.27
2020-08-17,146178.27
2020-08-18,146178.27
2020-08-19,146178.27
2020-08-20,146178.27
2020-08-21,146178.27
2020-08-22,146178.27
2020-08-23,146178.27
2020-08-24,146178.27
2020-08-25,146178.27
2020-08-26,146178.27
2020-08-27,146178.27
2020-08-28,146178.27
2020-08-29,146178.27
2020-08-30,146178.27
2020-08-31,146178.27
2020-09-01,146178.27
2020-09-02,146178.27
2020-09-03,146178.27
2020-09-04,146178.27
2020-09-05,146178.27
2020-09-06,146178.27
2020-09-07,146178.27
2020-09-08,146178.27
2020-09-09,146178.27
2020-09-10,146178.27
2020-09-11,146178.27
2020-09-12,146178.27
2020-09-13,146178.27
2020-09-14,146178.27
2020-09-15,146178.27
2020-09-16,146178.27
2020-09-17,146178.27
2020-09-18,146178.27
2020-09-19,146178.27
2020-09-20,146178.27
2020-09-21,146178.27
2020-09-22,146178.27
2020-09-23,146178.27
2020-09-24,146178.27
2020-09-25,146178.27
2020-09-26,146178.27
2020-09-27,146178.27
2020-09-28,146178.27
2020-09-29,146178.27
2020-09-30,146178.27
2020-10-01,146178.27
2020-10-02,146178.27
2020-10-03,146178.27
2020-10-04,146178.27
2020-10-05,146178.27
2020-10-06,146178.27
2020-10-07,146178.27
2020-10-08,146178.27
2020-10-09,146178.27
2020-10-10,146178.27
2020-10-11,146178.27
2020-10-12,146178.27
2020-10-13,146178.27
2020-10-14,146178.27
2020-10-15,146178.27
2020-10-16,146178.27
2020-10-17,146178.27
2020-10-18,146178.27
2020-10-19,146178.27
2020-10-20,146178.27
2020-10-21,146178.27
2020-10-22,146178.27
2020-10-23,146178.27
2020-10-24,146178.27
2020-10-25,146178.27
2020-10-26,146178.27
2020-10-27,146178.27
2020-10-28,146178.27
2020-10-29,146178.27
2020-10-30,146178.27
2020-10-31,146178.27
2020-11-01,146178.27
2020-11-02,146178.27
2020-11-03,146178.27
2020-11-04,146178.27
2020-11-05,146178.27
2020-11-06,146178.27
2020-11-07,146178.27
2020-11-08,146178.27
2020-11-09,146178.27
2020-11-10,146178.27
2020-11-11,146178.27
2020-11-12,146178.27
2020-11-13,146178.27
2020-11-14,146178.27
2020-11-15,146178.27
2020-11-16,146178.27
2020-11-17,146178.27
2020-11-18,146178.27
2020-11-19,146178.27
2020-11-20,146178.27
2020-11-21,146178.27
2020-11-22,146178.27
2020-11-23,146178.27
2020-11-24,146178.27
2020-11-25,146178.27
2020-11-26,146178.27
2020-11-27,146178.27
2020-11-28,146178.27
2020-11-29,146178.27
2020-11-30,146178.27
2020-12-01,146178.27
2020-12-02,146178.27
2020-12-03,146178.27
2020-12-04,146178.27
2020-12-05,146178.27
2020-12-06,146178.27
2020-12-07,146178.27
2020-12-08,146178.27
2020-12-09,146178.27
2020-12-10,146178.27
2020-12-11,146178.27
2020-12-12,146178.27
2020-12-13,146178.27
2020-12-14,146178.27
2020-12-15,146178.27
2020-12-16,146178.27
2020-12-17,146178.27
2020-12-18,146178.27
2020-12-19,146178.27
2020-12-20,146178.27
2020-12-21,146178.27
2020-12-22,146178.27
2020-12-23,146178.27
2020-12-24,146178.27
2020-12-25,146178.27
2020-12-26,146178.27
2020-12-27,146178.27
2020-12-28,146178.27
2020-12-29,146178.27
2020-12-30,146178.27
2020-12-31,146178.27
2021-01-01,146178.27
2021-01-02,146178.27
2021-01-03,146178.27
2021-01-04,146178.27
2021-01-05,146178.27
2021-01-06,146178.27
2021-01-07,146178.27
2021-01-08,146178.27
2021-01-09,146178.27
2021-01-10,146178.27
2021-01-11,146178.27
2021-01-12,146178.27
2021-01-13,146178.27
2021-01-14,146178.27
2021-01-15,146178.27
2021-01-16,146178.27
2021-01-17,146178.27
2021-01-18,146178.27
2021-01-19,146178.27
2021-01-20,146178.27
2021-01-21,146178.27
2021-01-22,146178.27
2021-01-23,146178.27
2021-01-24,146178.27
2021-01-25,146178.27
2021-01-26,146178.27
2021-01-27,146178.27
2021-01-28,146178.27
2021-01-29,146178.27
2021-01-30,146178.27
2021-01-31,146178.27
2021-02-01,143534.99
2021-02-02,143534.99
2021-02-03,143534.99
2021-02-04,143534.99
2021-02-05,143534.99
2021-02-06,143534.99
2021-02-07,143534.99
2021-02-08,143534.99
2021-02-09,143534.99
2021-02-10,143534.99
2021-02-11,143534.99
2021-02-12,143534.99
2021-02-13,143534.99
2021-02-14,143534.99
2021-02-15,143534.99
2021-02-16,143534.99
2021-02-17,143534.99
2021-02-18,143534.99
2021-02-19,144789.97
2021-02-20,144789.97
2021-02-21,144789.97
2021-02-22,144789.97
2021-02-23,144789.97
2021-02-24,144789.97
2021-02-25,144789.97
2021-02-26,144789.97
2021-02-27,144789.97
2021-02-28,144789.97
2021-03-01,144789.97
2021-03-02,144789.97
2021-03-03,144789.97
2021-03-04,144789.97
2021-03-05,144789.97
2021-03-06,144789.97
2021-03-07,144789.97
2021-03-08,144789.97
2021-03-09,144789.97
2021-03-10,144789.97
2021-03-11,144789.97
2021-03-12,144789.97
2021-03-13,144789.97
2021-03-14,144789.97
2021-03-15,144789.97
2021-03-16,144789.97
2021-03-17,144789.97
2021-03-18,144789.97
2021-03-19,144789.97
2021-03-20,144789.97
2021-03-21,144789.97
2021-03-22,144789.97
2021-03-23,144789.97
2021-03-24,144789.97
2021-03-25,142267.08
2021-03-26,142267.08
2021-03-27,142267.08
2021-03-28,142267.08
2021-03-29,142267.08
2021-03-30,142267.08
2021-03-31,142267.08
2021-04-01,142267.08
2021-04-02,142267.08
2021-04-03,142267.08
2021-04-04,142267.08
2021-04-05,142267.08
2021-04-06,142267.08
2021-04-07,142267.08
2021-04-08,142267.08
2021-04-09,142267.08
2021-04-10,142267.08
2021-04-11,139790.05
2021-04-12,139790.05
2021-04-13,139790.05
2021-04-14,139790.05
2021-04-15,139790.05
2021-04-16,139790.05
2021-04-17,139790.05
2021-04-18,139790.05
2021-04-19,139790.05
2021-04-20,139790.05
2021-04-21,139790.05
2021-04-22,139790.05
2021-04-23,139790.05
2021-04-24,139790.05
2021-04-25,139790.05
2021-04-26,139790.05
2021-04-27,139790.05
2021-04-28,139790.05
2021-04-29,139790.05
2021-04-30,139790.05
2021-05-01,139790.05
2021-05-02,139790.05
2021-05-03,139790.05
2021-05-04,139790.05
2021-05-05,139790.05
2021-05-06,139790.05
2021-05-07,139790.05
2021-05-08,139790.05
2021-05-09,139790.05
2021-05-10,139790.05
2021-05-11,138341.28
2021-05-12,138341.28
2021-05-13,138341.28
2021-05-14,138341.28
2021-05-15,138341.28
2021-05-16,138341.28
2021-05-17,138341.28
2021-05-18,138341.28
2021-05-19,138341.28
2021-05-20,138341.28
2021-05-21,138341.28
2021-05-22,138341.28
2021-05-23,138341.28
2021-05-24,138341.28
2021-05-25,140141.26
2021-05-26,140141.26
2021-05-27,140141.26
2021-05-28,140141.26
2021-05-29,140141.26
2021-05-30,140141.26
2021-05-31,140141.26
2021-06-01,140141.26
2021-06-02,140141.26
2021-06-03,140141.26
2021-06-04,140141.26
2021-06-05,140141.26
2021-06-06,140141.26
2021-06-07,140141.26
2021-06-08,140141.26
2021-06-09,140141.26
2021-06-10,140141.26
2021-06-11,140141.26
2021-06-12,140141.26
2021-06-13,140141.26
2021-06-14,140141.26
2021-06-15,140141.26
2021-06-16,140141.26
2021-06-17,140141.26
2021-06-18,140141.26
2021-06-19,140141.26
2021-06-20,140141.26
2021-06-21,140141.26
2021-06-22,140141.26
2021-06-23,140141.26
2021-06-24,140141.26
2021-06-25,140141.26
2021-06-26,140141.26
2021-06-27,140141.26
2021-06-28,140141.26
2021-06-29,140141.26
2021-06-30,140141.26
2021-07-01,140141.26
2021-07-02,140141.26
2021-07-03,140141.26
2021-07-04,140141.26
2021-07-05,140141.26
2021-07-06,140141.26
2021-07-07,140141.26
2021-07-08,140141.26
2021-07-09,140141.26
2021-07-10,140141.26
2021-07-11,140141.26
2021-07-12,140141.26
2021-07-13,141041.22
2021-07-14,141041.22
2021-07-15,141041.22
2021-07-16,141041.22
2021-07-17,141041.22
2021-07-18,141041.22
2021-07-19,141041.22
2021-07-20,141041.22
2021-07-21,141041.22
2021-07-22,141041.22
2021-07-23,141041.22
2021-07-24,141041.22
2021-07-25,141041.22
2021-07-26,141041.22
2021-07-27,141041.22
2021-07-28,141041.22
2021-07-29,138622.59
2021-07-30,138622.59
2021-07-31,138622.59
2021-08-01,138622.59
2021-08-02,138622.59
2021-08-03,138622.59
2021-08-04,138622.59
2021-08-05,138622.59
2021-08-06,138622.59
2021-08-07,138622.59
2021-08-08,138622.59
2021-08-09,138622.59
2021-08-10,138622.59
2021-08-11,136391.59
2021-08-12,136391.59
2021-08-13,136391.59
2021-08-14,136391.59
2021-08-15,136391.59
2021-08-16,136391.59
2021-08-17,136391.59
2021-08-18,136391.59
2021-08-19,136391.59
2021-08-20,136391.59
2021-08-21,136391.59
2021-08-22,136391.59
2021-08-23,136391.59
2021-08-24,136391.59
2021-08-25,136391.59
2021-08-26,136391.59
2021-08-27,136391.59
2021-08-28,136391.59
2021-08-29,136391.59
2021-08-30,136391.59
2021-08-31,136391.59
2021-09-01,136391.59
2021-09-02,136391.59
2021-09-03,136391.59
2021-09-04,136391.59
2021-09-05,136391.59
2021-09-06,136391.59
2021-09-07,137139.49
2021-09-08,137139.49
2021-09-09,137139.49
2021-09-10,137139.49
2021-09-11,137139.49
2021-09-12,137139.49
2021-09-13,137139.49
2021-09-14,137139.49
2021-09-15,137139.49
2021-09-16,137139.49
2021-09-17,137139.49
2021-09-18,137139.49
2021-09-19,137139.49
2021-09-20,137139.49
2021-09-21,137139.49
2021-09-22,137139.49
2021-09-23,137139.49
2021-09-24,137139.49
2021-09-25,137139.49
2021-09-26,137139.49
2021-09-27,137139.49
2021-09-28,137139.49
2021-09-29,137139.49
2021-09-30,137139.49
2021-10-01,137139.49
2021-10-02,137139.49
2021-10-03,137139.49
2021-10-04,137139.49
2021-10-05,137139.49
2021-10-06,137139.49
2021-10-07,137139.49
2021-10-08,137139.49
2021-10-09,137139.49
2021-10-10,137139.49
2021-10-11,137139.49
2021-10-12,137139.49
2021-10-13,137139.49
2021-10-14,134639.11
2021-10-15,134639.11
2021-10-16,134639.11
2021-10-17,134639.11
2021-10-18,134639.11
2021-10-19,134639.11
2021-10-20,134639.11
2021-10-21,134639.11
2021-10-22,134639.11
2021-10-23,134639.11
2021-10-24,134639.11
2021-10-25,134639.11
2021-10-26,134639.11
2021-10-27,134639.11
2021-10-28,134639.11
2021-10-29,134639.11
2021-10-30,134639.11
2021-10-31,134639.11
2021-11-01,134639.11
2021-11-02,134639.11
2021-11-03,134639.11
2021-11-04,134639.11
2021-11-05,134639.11
2021-11-06,134639.11
2021-11-07,134639.11
2021-11-08,134639.11
2021-11-09,134639.11
2021-11-10,134639.11
2021-11-11,134639.11
2021-11-12,134639.11
2021-11-13,134639.11
2021-11-14,134639.11
2021-11-15,134639.11
2021-11-16,134639.11
2021-11-17,134639.11
2021-11-18,134639.11
2021-11-19,134639.11
2021-11-20,134639.11
2021-11-21,134639.11
2021-11-22,134639.11
2021-11-23,134639.11
2021-11-24,134639.11
2021-11-25,134639.11
2021-11-26,134639.11
2021-11-27,134639.11
2021-11-28,134639.11
2021-11-29,134639.11
2021-11-30,134639.11
2021-12-01,134639.11
2021-12-02,136689.79
2021-12-03,136689.79
2021-12-04,136689.79
2021-12-05,136689.79
2021-12-06,136689.79
2021-12-07,136689.79
2021-12-08,136689.79
2021-12-09,136689.79
2021-12-10,136689.79
2021-12-11,136689.79
2021-12-12,136689.79
2021-12-13,136689.79
2021-12-14,136689.79
2021-12-15,136689.79
2021-12-16,136689.79
2021-12-17,136689.79
2021-12-18,136689.79
2021-12-19,136689.79
2021-12-20,136689.79
2021-12-21,136689.79
2021-12-22,136689.79
2021-12-23,136689.79
2021-12-24,136689.79
2021-12-25,136689.79
2021-12-26,136689.79
2021-12-27,136689.79
2021-12-28,136689.79
2021-12-29,136689.79
2021-12-30,136689.79
2021-12-31,136689.79
2022-01-01,136689.79
2022-01-02,136689.79
2022-01-03,136689.79
2022-01-04,136689.79
2022-01-05,136689.79
2022-01-06,136689.79
2022-01-07,136689.79
2022-01-08,136689.79
2022-01-09,136689.79
2022-01-10,136689.79
2022-01-11,136689.79
2022-01-12,136689.79
2022-01-13,138021.64
2022-01-14,138021.64
2022-01-15,138021.64
2022-01-16,138021.64
2022-01-17,138021.64
2022-01-18,138021.64
2022-01-19,138021.64
2022-01-20,138021.64
2022-01-21,138021.64
2022-01-22,138021.64
2022-01-23,138021.64
2022-01-24,138021.64
2022-01-25,138021.64
2022-01-26,138021.64
2022-01-27,138021.64
2022-01-28,138021.64
2022-01-29,138021.64
2022-01-30,138021.64
2022-01-31,138021.64
2022-02-01,138021.64
2022-02-02,138021.64
2022-02-03,138021.64
2022-02-04,138021.64
2022-02-05,138021.64
2022-02-06,138021.64
2022-02-07,138021.64
2022-02-08,138021.64
2022-02-09,138021.64
2022-02-10,138021.64
2022-02-11,138021.64
2022-02-12,138021.64
2022-02-13,138021.64
2022-02-14,138021.64
2022-02-15,138021.64
2022-02-16,138021.64
2022-02-17,138021.64
2022-02-18,135635.49
2022-02-19,135635.49
2022-02-20,135635.49
2022-02-21,135635.49
2022-02-22,135635.49
2022-02-23,135635.49
2022-02-24,135635.49
2022-02-25,135635.49
2022-02-26,135635.49
2022-02-27,135635.49
2022-02-28,135635.49
2022-03-01,135635.49
2022-03-02,135635.49
2022-03-03,135635.49
2022-03-04,135635.49
2022-03-05,135635.49
2022-03-06,135635.49
2022-03-07,135635.49
2022-03-08,135635.49
2022-03-09,135635.49
2022-03-10,135635.49
2022-03-11,135635.49
2022-03-12,135635.49
2022-03-13,135635.49
2022-03-14,135635.49
2022-03-15,135635.49
2022-03-16,135635.49
2022-03-17,135635.49
2022-03-18,135635.49
2022-03-19,135635.49
2022-03-20,135635.49
2022-03-21,135635.49
2022-03-22,135635.49
2022-03-23,135635.49
2022-03-24,135635.49
2022-03-25,135635.49
2022-03-26,135635.49
2022-03-27,135635.49
2022-03-28,135635.49
2022-03-29,135635.49
2022-03-30,135635.49
2022-03-31,135635.49
2022-04-01,135635.49
2022-04-02,135635.49
2022-04-03,135635.49
2022-04-04,135635.49
2022-04-05,135635.49
2022-04-06,135635.49
2022-04-07,135635.49
2022-04-08,135635.49
2022-04-09,135635.49
2022-04-10,135635.49
2022-04-11,135635.49
2022-04-12,135635.49
2022-04-13,135635.49
2022-04-14,135635.49
2022-04-15,135635.49
2022-04-16,135635.49
2022-04-17,135635.49
2022-04-18,135635.49
2022-04-19,135635.49
2022-04-20,135635.49
2022-04-21,135635.49
2022-04-22,135635.49
2022-04-23,135635.49
2022-04-24,135635.49
2022-04-25,135635.49
2022-04-26,135635.49
2022-04-27,135635.49
2022-04-28,135635.49
2022-04-29,135635.49
2022-04-30,135635.49
2022-05-01,135635.49
2022-05-02,135635.49
2022-05-03,135635.49
2022-05-04,135635.49
2022-05-05,135635.49
2022-05-06,135635.49
2022-05-07,135635.49
2022-05-08,135635.49
2022-05-09,135635.49
2022-05-10,132936.37
2022-05-11,132936.37
2022-05-12,132936.37
2022-05-13,132936.37
2022-05-14,132936.37
2022-05-15,132936.37
2022-05-16,132936.37
2022-05-17,132936.37
2022-05-18,132936.37
2022-05-19,132936.37
2022-05-20,132936.37
2022-05-21,132936.37
2022-05-22,132936.37
2022-05-23,132936.37
2022-05-24,132936.37
2022-05-25,132936.37
2022-05-26,132936.37
2022-05-27,132936.37
2022-05-28,132936.37
2022-05-29,132936.37
2022-05-30,132936.37
2022-05-31,132936.37
2022-06-01,132936.37
2022-06-02,132936.37
2022-06-03,132936.37
2022-06-04,132936.37
2022-06-05,132936.37
2022-06-06,132936.37
2022-06-07,132936.37
2022-06-08,132936.37
2022-06-09,132936.37
2022-06-10,132936.37
2022-06-11,132936.37
2022-06-12,132936.37
2022-06-13,132936.37
2022-06-14,132936.37
2022-06-15,132936.37
2022-06-16,132936.37
2022-06-17,132936.37
2022-06-18,132936.37
2022-06-19,132936.37
2022-06-20,132936.37
2022-06-21,132936.37
2022-06-22,132936.37
2022-06-23,132936.37
2022-06-24,132936.37
2022-06-25,132936.37
2022-06-26,132936.37
2022-06-27,132936.37
2022-06-28,132936.37
2022-06-29,132936.37
2022-06-30,132936.37
2022-07-01,132936.37
2022-07-02,132936.37
2022-07-03,132936.37
2022-07-04,132936.37
2022-07-05,132936.37
2022-07-06,132936.37
2022-07-07,132936.37
2022-07-08,132936.37
2022-07-09,132936.37
2022-07-10,132936.37
2022-07-11,132936.37
2022-07-12,132936.37
2022-07-13,132936.37
2022-07-14,132936.37
2022-07-15,132936.37
2022-07-16,132936.37
2022-07-17,132936.37
2022-07-18,132936.37
2022-07-19,132936.37
2022-07-20,132936.37
2022-07-21,132936.37
2022-07-22,132936.37
2022-07-23,132936.37
2022-07-24,132936.37
2022-07-25,132936.37
2022-07-26,132936.37
2022-07-27,132936.37
2022-07-28,132936.37
2022-07-29,132936.37
2022-07-30,132936.37
2022-07-31,132936.37
2022-08-01,132936.37
2022-08-02,132936.37
2022-08-03,132936.37
2022-08-04,132936.37
2022-08-05,132936.37
2022-08-06,132936.37
2022-08-07,132936.37
2022-08-08,132936.37
2022-08-09,132936.37
2022-08-10,132936.37
2022-08-11,132936.37
2022-08-12,132936.37
2022-08-13,132936.37
2022-08-14,132936.37
2022-08-15,132936.37
2022-08-16,132936.37
2022-08-17,132936.37
2022-08-18,132936.37
2022-08-19,132936.37
2022-08-20,132936.37
2022-08-21,132936.37
2022-08-22,132936.37
2022-08-23,132936.37
2022-08-24,132936.37
2022-08-25,132936.37
2022-08-26,132936.37
2022-08-27,132936.37
2022-08-28,132936.37
2022-08-29,132936.37
2022-08-30,132936.37
2022-08-31,132936.37
2022-09-01,132936.37
2022-09-02,132936.37
2022-09-03,132936.37
2022-09-04,132936.37
2022-09-05,132936.37
2022-09-06,132936.37
2022-09-07,132936.37
2022-09-08,132936.37
2022-09-09,132936.37
2022-09-10,132936.37
2022-09-11,132936.37
2022-09-12,132936.37
2022-09-13,132936.37
2022-09-14,132936.37
2022-09-15,132936.37
2022-09-16,132936.37
2022-09-17,132936.37
2022-09-18,132936.37
2022-09-19,132936.37
2022-09-20,132936.37
2022-09-21,132936.37
2022-09-22,132936.37
2022-09-23,132936.37
2022-09-24,132936.37
2022-09-25,132936.37
2022-09-26,132936.37
2022-09-27,132936.37
2022-09-28,132936.37
2022-09-29,132936.37
2022-09-30,132936.37
2022-10-01,132936.37
2022-10-02,132936.37
2022-10-03,132936.37
2022-10-04,132936.37
2022-10-05,132936.37
2022-10-06,132936.37
2022-10-07,132936.37
2022-10-08,132936.37
2022-10-09,132936.37
2022-10-10,132936.37
2022-10-11,132936.37
2022-10-12,132936.37
2022-10-13,132936.37
2022-10-14,132936.37
2022-10-15,132936.37
2022-10-16,132936.37
2022-10-17,132936.37
2022-10-18,132936.37
2022-10-19,132936.37
2022-10-20,134544.56
2022-10-21,134544.56
2022-10-22,134544.56
2022-10-23,134544.56
2022-10-24,134544.56
2022-10-25,134544.56
2022-10-26,134544.56
2022-10-27,134544.56
2022-10-28,136392.41
2022-10-29,136392.41
2022-10-30,136392.41
2022-10-31,136392.41
2022-11-01,136392.41
2022-11-02,136392.41
2022-11-03,136392.41
2022-11-04,136392.41
2022-11-05,136392.41
2022-11-06,136392.41
2022-11-07,136392.41
2022-11-08,136392.41
2022-11-09,136392.41
2022-11-10,136392.41
2022-11-11,136392.41
2022-11-12,136392.41
2022-11-13,136392.41
2022-11-14,136392.41
2022-11-15,136392.41
2022-11-16,136392.41
2022-11-17,136392.41
2022-11-18,136392.41
2022-11-19,136392.41
2022-11-20,136392.41
2022-11-21,136392.41
2022-11-22,136392.41
2022-11-23,136392.41
2022-11-24,136392.41
2022-11-25,136392.41
2022-11-26,136392.41
2022-11-27,136392.41
2022-11-28,136392.41
2022-11-29,136392.41
2022-11-30,136392.41
2022-12-01,136392.41
2022-12-02,136392.41
2022-12-03,136392.41
2022-12-04,136392.41
2022-12-05,136392.41
2022-12-06,136392.41
2022-12-07,136392.41
2022-12-08,136392.41
2022-12-09,136392.41
2022-12-10,136392.41
2022-12-11,136392.41
2022-12-12,136392.41
2022-12-13,136392.41
2022-12-14,136392.41
2022-12-15,136392.41
2022-12-16,136392.41
2022-12-17,136392.41
2022-12-18,136392.41
2022-12-19,136392.41
2022-12-20,136392.41
2022-12-21,136392.41
2022-12-22,136392.41
2022-12-23,136392.41
2022-12-24,136392.41
2022-12-25,136392.41
2022-12-26,136392.41
2022-12-27,136392.41
2022-12-28,136392.41
2022-12-29,136392.41
2022-12-30,137116.4
2022-12-31,137116.4
2023-01-01,137116.4
2023-01-02,137116.4
2023-01-03,137116.4
2023-01-04,137116.4
2023-01-05,137116.4
2023-01-06,137116.4
2023-01-07,137116.4
2023-01-08,137116.4
2023-01-09,137116.4
2023-01-10,137116.4
2023-01-11,137116.4
2023-01-12,137116.4
2023-01-13,137116.4
2023-01-14,137116.4
2023-01-15,137116.4
2023-01-16,137116.4
2023-01-17,137116.4
2023-01-18,137116.4
2023-01-19,137116.4
2023-01-20,137116.4
2023-01-21,137116.4
2023-01-22,137116.4
2023-01-23,137116.4
2023-01-24,137116.4
2023-01-25,137116.4
2023-01-26,137116.4
2023-01-27,137116.4
2023-01-28,137116.4
2023-01-29,137116.4
2023-01-30,137116.4
2023-01-31,137116.4
2023-02-01,137116.4
2023-02-02,137116.4
2023-02-03,138477.48
2023-02-04,138477.48
2023-02-05,138477.48
2023-02-06,138477.48
2023-02-07,138477.48
2023-02-08,138477.48
2023-02-09,138477.48
2023-02-10,138477.48
2023-02-11,138477.48
2023-02-12,138477.48
2023-02-13,138477.48
2023-02-14,138477.48
2023-02-15,138477.48
2023-02-16,138477.48
2023-02-17,138477.48
2023-02-18,138477.48
2023-02-19,138477.48
2023-02-20,138477.48
2023-02-21,138477.48
2023-02-22,138477.48
2023-02-23,138477.48
2023-02-24,138477.48
2023-02-25,138477.48
2023-02-26,138477.48
2023-02-27,138477.48
2023-02-28,138477.48
2023-03-01,138477.48
2023-03-02,138477.48
2023-03-03,138477.48
2023-03-04,138477.48
2023-03-05,138477.48
2023-03-06,138477.48
2023-03-07,138477.48
2023-03-08,138477.48
2023-03-09,138477.48
2023-03-10,138477.48
2023-03-11,138477.48
2023-03-12,138477.48
2023-03-13,138477.48
2023-03-14,138477.48
2023-03-15,138477.48
2023-03-16,138477.48
2023-03-17,138477.48
2023-03-18,138477.48
2023-03-19,138477.48
2023-03-20,138477.48
2023-03-21,138477.48
2023-03-22,138477.48
2023-03-23,138477.48
2023-03-24,138477.48
2023-03-25,138477.48
2023-03-26,138477.48
2023-03-27,138477.48
2023-03-28,138477.48
2023-03-29,138477.48
2023-03-30,138477.48
2023-03-31,138477.48
2023-04-01,138477.48
2023-04-02,138477.48
2023-04-03,138477.48
2023-04-04,138477.48
2023-04-05,138477.48
2023-04-06,138477.48
2023-04-07,138477.48
2023-04-08,138477.48
2023-04-09,138477.48
2023-04-10,138477.48
2023-04-11,138477.48
2023-04-12,138477.48
2023-04-13,138477.48
2023-04-14,138477.48
2023-04-15,138477.48
2023-04-16,138477.48
2023-04-17,138477.48
2023-04-18,138477.48
2023-04-19,138477.48
2023-04-20,138477.48
2023-04-21,138477.48
2023-04-22,138477.48
2023-04-23,138477.48
2023-04-24,138477.48
2023-04-25,138477.48
2023-04-26,138477.48
2023-04-27,138477.48
2023-04-28,138477.48
2023-04-29,138477.48
2023-04-30,138477.48
2023-05-01,138477.48
2023-05-02,138477.48
2023-05-03,138477.48
2023-05-04,138477.48
2023-05-05,138477.48
2023-05-06,138477.48
2023-05-07,138477.48
2023-05-08,138477.48
2023-05-09,138477.48
2023-05-10,138477.48
2023-05-11,138477.48
2023-05-12,138477.48
2023-05-13,138477.48
2023-05-14,138477.48
2023-05-15,138477.48
2023-05-16,138477.48
2023-05-17,138477.48
2023-05-18,138477.48
2023-05-19,138477.48
2023-05-20,138477.48
2023-05-21,138477.48
2023-05-22,138477.48
2023-05-23,138477.48
2023-05-24,138477.48
2023-05-25,138477.48
2023-05-26,138477.48
2023-05-27,138477.48
2023-05-28,138477.48
2023-05-29,138477.48
2023-05-30,138477.48
2023-05-31,138477.48
2023-06-01,138477.48
2023-06-02,138477.48
2023-06-03,138477.48
2023-06-04,138477.48
2023-06-05,138477.48
2023-06-06,138477.48
2023-06-07,138477.48
2023-06-08,138477.48
2023-06-09,138477.48
2023-06-10,138477.48
2023-06-11,138477.48
2023-06-12,138477.48
2023-06-13,138477.48
2023-06-14,139387.92
2023-06-15,139354.4
2023-06-16,139354.4
2023-06-17,139354.4
2023-06-18,139354.4
2023-06-19,139354.4
2023-06-20,139354.4
2023-06-21,139354.4
2023-06-22,139354.4
2023-06-23,139354.4
2023-06-24,139354.4
2023-06-25,139354.4
2023-06-26,139354.4
2023-06-27,139354.4
2023-06-28,139354.4
2023-06-29,139354.4
2023-06-30,139354.4
2023-07-01,139354.4
2023-07-02,139354.4
2023-07-03,139354.4
2023-07-04,139354.4
2023-07-05,139354.4
2023-07-06,139354.4
2023-07-07,139354.4
2023-07-08,139354.4
2023-07-09,139354.4
2023-07-10,139354.4
2023-07-11,139354.4
2023-07-12,139354.4
2023-07-13,139354.4
2023-07-14,139354.4
2023-07-15,139354.4
2023-07-16,139354.4
2023-07-17,139354.4
2023-07-18,139354.4
2023-07-19,139354.4
2023-07-20,139354.4
2023-07-21,139354.4
2023-07-22,139354.4
2023-07-23,139354.4
2023-07-24,139354.4
2023-07-25,139354.4
2023-07-26,139354.4
2023-07-27,139354.4
2023-07-28,139354.4
2023-07-29,139354.4
2023-07-30,139354.4
2023-07-31,139354.4
2023-08-01,139354.4
2023-08-02,139354.4
2023-08-03,139354.4
2023-08-04,139354.4
2023-08-05,139354.4
2023-08-06,139354.4
2023-08-07,139354.4
2023-08-08,139354.4
2023-08-09,139354.4
2023-08-10,139354.4
2023-08-11,139354.4
2023-08-12,139354.4
2023-08-13,139354.4
2023-08-14,139354.4
2023-08-15,139354.4
2023-08-16,139354.4
2023-08-17,139354.4
2023-08-18,139354.4
2023-08-19,139354.4
2023-08-20,139354.4
2023-08-21,139354.4
2023-08-22,139354.4
2023-08-23,137198.62
2023-08-24,137198.62
2023-08-25,137198.62
2023-08-26,137198.62
2023-08-27,137198.62
2023-08-28,137198.62
2023-08-29,134986.4
2023-08-30,134986.4
2023-08-31,134986.4
2023-09-01,134986.4
2023-09-02,134986.4
2023-09-03,134986.4
2023-09-04,134986.4
2023-09-05,134986.4
2023-09-06,134986.4
2023-09-07,134986.4
2023-09-08,136961.6
2023-09-09,136961.6
2023-09-10,136961.6
2023-09-11,136961.6
2023-09-12,136961.6
2023-09-13,136961.6
2023-09-14,136961.6
2023-09-15,136961.6
2023-09-16,136961.6
2023-09-17,136961.6
2023-09-18,136961.6
2023-09-19,136961.6
2023-09-20,139081.85
2023-09-21,139081.85
2023-09-22,139081.85
2023-09-23,139081.85
2023-09-24,139081.85
2023-09-25,139081.85
2023-09-26,139081.85
2023-09-27,139081.85
2023-09-28,139081.85
2023-09-29,139081.85
2023-09-30,139081.85
2023-10-01,139081.85
2023-10-02,139081.85
2023-10-03,139081.85
2023-10-04,139081.85
2023-10-05,139689.19
2023-10-06,139689.19
2023-10-07,139689.19
2023-10-08,139689.19
2023-10-09,139689.19
2023-10-10,141808.43
2023-10-11,141808.43
2023-10-12,141808.43
2023-10-13,141808.43
2023-10-14,141808.43
2023-10-15,141808.43
2023-10-16,141808.43
2023-10-17,141808.43
2023-10-18,141808.43
2023-10-19,141808.43
2023-10-20,141808.43
2023-10-21,141808.43
2023-10-22,141808.43
2023-10-23,141808.43
2023-10-24,141808.43
2023-10-25,141808.43
2023-10-26,141808.43
2023-10-27,141808.43
2023-10-28,141808.43
2023-10-29,141808.43
2023-10-30,141808.43
2023-10-31,141808.43
2023-11-01,139130.32
2023-11-02,139130.32
2023-11-03,139130.32
2023-11-04,139130.32
2023-11-05,139130.32
2023-11-06,139130.32
2023-11-07,139130.32
2023-11-08,139885.1
2023-11-09,139885.1
2023-11-10,139885.1
2023-11-11,139885.1
2023-11-12,139885.1
2023-11-13,139885.1
2023-11-14,139885.1
2023-11-15,139885.1
2023-11-16,139885.1
2023-11-17,139885.1
2023-11-18,139885.1
2023-11-19,139885.1
2023-11-20,137590.3
2023-11-21,137590.3
2023-11-22,137590.3
2023-11-23,137590.3
2023-11-24,137590.3
2023-11-25,137590.3
2023-11-26,137590.3
2023-11-27,137590.3
2023-11-28,137590.3
2023-11-29,137590.3
2023-11-30,137590.3
2023-12-01,137590.3
2023-12-02,137590.3
2023-12-03,137590.3
2023-12-04,137590.3
2023-12-05,137590.3
2023-12-06,137590.3
2023-12-07,137590.3
2023-12-08,137590.3
2023-12-09,137590.3
2023-12-10,137590.3
2023-12-11,137590.3
2023-12-12,137590.3
2023-12-13,137590.3
2023-12-14,137590.3
2023-12-15,137590.3
2023-12-16,137590.3
2023-12-17,138514.64
2023-12-18,139538.56
2023-12-19,139538.56
2023-12-20,139538.56
2023-12-21,139538.56
2023-12-22,139538.56
2023-12-23,139538.56
2023-12-24,139538.56
2023-12-25,139538.56
2023-12-26,139538.56
2023-12-27,139538.56
2023-12-28,139538.56
2023-12-29,139538.56
2023-12-30,139538.56
2023-12-31,139538.56
2024-01-01,139538.56
2024-01-02,139538.56
2024-01-03,139538.56
2024-01-04,139538.56
2024-01-05,139538.56
2024-01-06,139538.56
2024-01-07,139538.56
2024-01-08,139538.56
2024-01-09,139538.56
2024-01-10,139538.56
2024-01-11,139538.56
2024-01-12,139538.56
2024-01-13,139538.56
2024-01-14,139538.56
2024-01-15,139538.56
2024-01-16,139538.56
2024-01-17,139538.56
2024-01-18,139538.56
2024-01-19,141392.9
2024-01-20,141392.9
2024-01-21,141392.9
2024-01-22,141392.9
2024-01-23,141392.9
2024-01-24,141392.9
2024-01-25,141392.9
2024-01-26,141392.9
2024-01-27,141392.9
2024-01-28,141392.9
2024-01-29,141392.9
2024-01-30,141392.9
2024-01-31,141392.9
2024-02-01,141392.9
2024-02-02,141392.9
2024-02-03,141392.9
2024-02-04,141392.9
2024-02-05,141392.9
2024-02-06,141392.9
2024-02-07,143225.39
2024-02-08,143225.39
2024-02-09,143225.39
2024-02-10,143225.39
2024-02-11,143225.39
2024-02-12,143225.39
2024-02-13,145085.34
2024-02-14,145085.34
2024-02-15,145085.34
2024-02-16,145085.34
2024-02-17,145085.34
2024-02-18,145085.34
2024-02-19,145085.34
2024-02-20,145085.34
2024-02-21,145085.34
2024-02-22,145085.34
2024-02-23,145085.34
2024-02-24,145085.34
2024-02-25,145085.34
2024-02-26,145085.34
2024-02-27,145085.34
2024-02-28,145085.34
2024-02-29,145085.34
2024-03-01,145085.34
2024-03-02,145085.34
2024-03-03,145085.34
2024-03-04,145085.34
2024-03-05,145085.34
2024-03-06,143362.42
2024-03-07,143362.42
2024-03-08,143362.42
2024-03-09,143362.42
2024-03-10,143362.42
2024-03-11,143362.42
2024-03-12,143362.42
2024-03-13,141857.11
2024-03-14,141857.11
2024-03-15,141857.11
2024-03-16,141857.11
2024-03-17,141857.11
2024-03-18,141857.11
2024-03-19,141857.11
2024-03-20,141857.11
2024-03-21,141857.11
2024-03-22,141857.11
2024-03-23,141857.11
2024-03-24,141857.11
2024-03-25,141857.11
2024-03-26,141857.11
2024-03-27,141857.11
2024-03-28,141857.11
2024-03-29,141857.11
2024-03-30,141857.11
2024-03-31,141857.11
2024-04-01,141857.11
2024-04-02,141857.11
2024-04-03,141857.11
2024-04-04,141857.11
2024-04-05,141857.11
2024-04-06,141857.11
2024-04-07,141857.11
2024-04-08,141857.11
2024-04-09,141857.11
2024-04-10,141857.11
2024-04-11,141857.11
2024-04-12,141857.11
2024-04-13,141857.11
2024-04-14,141857.11
2024-04-15,141857.11
2024-04-16,141857.11
2024-04-17,141857.11
2024-04-18,141857.11
2024-04-19,141857.11
2024-04-20,141857.11
2024-04-21,141857.11
2024-04-22,141857.11
2024-04-23,141857.11
2024-04-24,141857.11
2024-04-25,141857.11
2024-04-26,141857.11
2024-04-27,141857.11
2024-04-28,141857.11
2024-04-29,141857.11
2024-04-30,141857.11
2024-05-01,141857.11
2024-05-02,141857.11
2024-05-03,141857.11
2024-05-04,141857.11
2024-05-05,141857.11
2024-05-06,141857.11
2024-05-07,141857.11
2024-05-08,141857.11
2024-05-09,141857.11
2024-05-10,141857.11
2024-05-11,141857.11
2024-05-12,141857.11
2024-05-13,141857.11
2024-05-14,141857.11
2024-05-15,141857.11
2024-05-16,141857.11
2024-05-17,141857.11
2024-05-18,141857.11
2024-05-19,141857.11
2024-05-20,141857.11
2024-05-21,141857.11
2024-05-22,141857.11
2024-05-23,141857.11
2024-05-24,141857.11
2024-05-25,141857.11
2024-05-26,141857.11
2024-05-27,141857.11
2024-05-28,141857.11
2024-05-29,141857.11
2024-05-30,141857.11
2024-05-31,141857.11
2024-06-01,141857.11
2024-06-02,141857.11
2024-06-03,141857.11
2024-06-04,141857.11
2024-06-05,141857.11
2024-06-06,141857.11
2024-06-07,141857.11
2024-06-08,141857.11
2024-06-09,141857.11
2024-06-10,141857.11
2024-06-11,141857.11
2024-06-12,141857.11
2024-06-13,141857.11
2024-06-14,141857.11
2024-06-15,141857.11
2024-06-16,141857.11
2024-06-17,141857.11
2024-06-18,141857.11
2024-06-19,141857.11
2024-06-20,141857.11
2024-06-21,141857.11
2024-06-22,141857.11
2024-06-23,141857.11
2024-06-24,141857.11
2024-06-25,141857.11
2024-06-26,141857.11
2024-06-27,141857.11
2024-06-28,141857.11
2024-06-29,141857.11
2024-06-30,139433.97
2024-07-01,139433.97
2024-07-02,139433.97
2024-07-03,139433.97
2024-07-04,139433.97
2024-07-05,139433.97
2024-07-06,139433.97
2024-07-07,139433.97
2024-07-08,139433.97
2024-07-09,139433.97
2024-07-10,139433.97
2024-07-11,139433.97
2024-07-12,139433.97
2024-07-13,139433.97
2024-07-14,139433.97
2024-07-15,139433.97
2024-07-16,139433.97
2024-07-17,139433.97
2024-07-18,139433.97
2024-07-19,139433.97
2024-07-20,139433.97
2024-07-21,139433.97
2024-07-22,139433.97
2024-07-23,139433.97
2024-07-24,139433.97
2024-07-25,139433.97
2024-07-26,139433.97
2024-07-27,139433.97
2024-07-28,139433.97
2024-07-29,139433.97
2024-07-30,139433.97
2024-07-31,139433.97
2024-08-01,139433.97
2024-08-02,139433.97
2024-08-03,139433.97
2024-08-04,139433.97
2024-08-05,139433.97
2024-08-06,139433.97
2024-08-07,139433.97
2024-08-08,139433.97
2024-08-09,139433.97
2024-08-10,139433.97
2024-08-11,139433.97
2024-08-12,139433.97
2024-08-13,139433.97
2024-08-14,139433.97
2024-08-15,139433.97
2024-08-16,139433.97
2024-08-17,139433.97
2024-08-18,139433.97
2024-08-19,139433.97
2024-08-20,139433.97
2024-08-21,139433.97
2024-08-22,139433.97
2024-08-23,139433.97
2024-08-24,139433.97
2024-08-25,139433.97
2024-08-26,139433.97
2024-08-27,139433.97
2024-08-28,141220.14
2024-08-29,141220.14
2024-08-30,141220.14
2024-08-31,141220.14
2024-09-01,141220.14
2024-09-02,141220.14
2024-09-03,141220.14
2024-09-04,141220.14
2024-09-05,141220.14
2024-09-06,141220.14
2024-09-07,141220.14
2024-09-08,141220.14
2024-09-09,141220.14
2024-09-10,142593.51
2024-09-11,142593.51
2024-09-12,142593.51
2024-09-13,142593.51
2024-09-14,142593.51
2024-09-15,142593.51
2024-09-16,142593.51
2024-09-17,142593.51
2024-09-18,142593.51
2024-09-19,142593.51
2024-09-20,142593.51
2024-09-21,142593.51
2024-09-22,142593.51
2024-09-23,142593.51
2024-09-24,142593.51
2024-09-25,142593.51
2024-09-26,142593.51
2024-09-27,142593.51
2024-09-28,142593.51
2024-09-29,142593.51
2024-09-30,142593.51
2024-10-01,142593.51
2024-10-02,142593.51
2024-10-03,142593.51
2024-10-04,142593.51
2024-10-05,142593.51
2024-10-06,142593.51
2024-10-07,142593.51
2024-10-08,142593.51
2024-10-09,142593.51
2024-10-10,142593.51
2024-10-11,142593.51
2024-10-12,142593.51
2024-10-13,142593.51
2024-10-14,142593.51
2024-10-15,142593.51
2024-10-16,142593.51
2024-10-17,142593.51
2024-10-18,142593.51
2024-10-19,142593.51
2024-10-20,142593.51
2024-10-21,142593.51
2024-10-22,142593.51
2024-10-23,142593.51
2024-10-24,142593.51
2024-10-25,144602.25
2024-10-26,144602.25
2024-10-27,144602.25
2024-10-28,144602.25
2024-10-29,144602.25
2024-10-30,144602.25
2024-10-31,144602.25
2024-11-01,144602.25
2024-11-02,144602.25
2024-11-03,144602.25
2024-11-04,144602.25
2024-11-05,144602.25
2024-11-06,144602.25
2024-11-07,144602.25
2024-11-08,144602.25
2024-11-09,144602.25
2024-11-10,144602.25
2024-11-11,144602.25
2024-11-12,144602.25
2024-11-13,144602.25
2024-11-14,144602.25
2024-11-15,144602.25
2024-11-16,144602.25
2024-11-17,144602.25
2024-11-18,144602.25
2024-11-19,144602.25
2024-11-20,144602.25
2024-11-21,144602.25
2024-11-22,144602.25
2024-11-23,144602.25
2024-11-24,144602.25
2024-11-25,144602.25
2024-11-26,144602.25
2024-11-27,144602.25
2024-11-28,144602.25
2024-11-29,144602.25
2024-11-30,144602.25
2024-12-01,144602.25
2024-12-02,146081.44
2024-12-03,146081.44
2024-12-04,146081.44
2024-12-05,146081.44
2024-12-06,146081.44
2024-12-07,146081.44
2024-12-08,146081.44
2024-12-09,146081.44
2024-12-10,147549.38
2024-12-11,147549.38
2024-12-12,147549.38
2024-12-13,147549.38
2024-12-14,147549.38
2024-12-15,147549.38
2024-12-16,147549.38
2024-12-17,147549.38
2024-12-18,147549.38
2024-12-19,147549.38
2024-12-20,149523.93
2024-12-21,149523.93
2024-12-22,149523.93
2024-12-23,149523.93
2024-12-24,149523.93
2024-12-25,149523.93
2024-12-26,149523.93
2024-12-27,149523.93
2024-12-28,149523.93
2024-12-29,149523.93
2024-12-30,149523.93
2024-12-31,149523.93
2025-01-01,149523.93
2025-01-02,149523.93
2025-01-03,149523.93
2025-01-04,149523.93
2025-01-05,149523.93
2025-01-06,149523.93
2025-01-07,149523.93
2025-01-08,149523.93
2025-01-09,149523.93
2025-01-10,149523.93
2025-01-11,149523.93
2025-01-12,149523.93
2025-01-13,149523.93
2025-01-14,149523.93
2025-01-15,149523.93
2025-01-16,149523.93
2025-01-17,149523.93
2025-01-18,149523.93
2025-01-19,149523.93
2025-01-20,149523.93
2025-01-21,149523.93
2025-01-22,149523.93
2025-01-23,149523.93
2025-01-24,149523.93
2025-01-25,149523.93
2025-01-26,149523.93
2025-01-27,149523.93
2025-01-28,149523.93
2025-01-29,149491.88
2025-01-30,149491.88
2025-01-31,149491.88
2025-02-01,149491.88
2025-02-02,149491.88
2025-02-03,149491.88
2025-02-04,149491.88
2025-02-05,149491.88
2025-02-06,149491.88
2025-02-07,149491.88
2025-02-08,149491.88
2025-02-09,149491.88
2025-02-10,149491.88
2025-02-11,149491.88
2025-02-12,149491.88
2025-02-13,149491.88
2025-02-14,149491.88
2025-02-15,149491.88
2025-02-16,149491.88
2025-02-17,149491.88
2025-02-18,149491.88
2025-02-19,149491.88
2025-02-20,149491.88
2025-02-21,149491.88
2025-02-22,149491.88
2025-02-23,149491.88
2025-02-24,149491.88
2025-02-25,149491.88
2025-02-26,149491.88
2025-02-27,149491.88
2025-02-28,149491.88
2025-03-01,149491.88
2025-03-02,149491.88
2025-03-03,149491.88
2025-03-04,149491.88
2025-03-05,149491.88
2025-03-06,149491.88
2025-03-07,149491.88
2025-03-08,149491.88
2025-03-09,149491.88
2025-03-10,149491.88
2025-03-11,149491.88
2025-03-12,149491.88
2025-03-13,149491.88
2025-03-14,149491.88
2025-03-15,149491.88
2025-03-16,149491.88
2025-03-17,149491.88
2025-03-18,149491.88
2025-03-19,149491.88
2025-03-20,149491.88
2025-03-21,149491.88
2025-03-22,149491.88
2025-03-23,149491.88
2025-03-24,149491.88
2025-03-25,149491.88
2025-03-26,149491.88
2025-03-27,149491.88
2025-03-28,149491.88
2025-03-29,149491.88
2025-03-30,149491.88
2025-03-31,149491.88
2025-04-01,149491.88
2025-04-02,149491.88
2025-04-03,149491.88
2025-04-04,149491.88
2025-04-05,149491.88
2025-04-06,149491.88
2025-04-07,149491.88
2025-04-08,149491.88
2025-04-09,149491.88
2025-04-10,149491.88
2025-04-11,149491.88
2025-04-12,149491.88
2025-04-13,149491.88
2025-04-14,149491.88
2025-04-15,149491.88
2025-04-16,149491.88
2025-04-17,149491.88
2025-04-18,149491.88
2025-04-19,149491.88
2025-04-20,149491.88
2025-04-21,149491.88
2025-04-22,149491.88
2025-04-23,149491.88
2025-04-24,151721.41
2025-04-25,151721.41
2025-04-26,151721.41
2025-04-27,151721.41
2025-04-28,151721.41
2025-04-29,151721.41
2025-04-30,151721.41
2025-05-01,151721.41
2025-05-02,151721.41
2025-05-03,151721.41
2025-05-04,151721.41
2025-05-05,151721.41
2025-05-06,151721.41
2025-05-07,151721.41
2025-05-08,151721.41
2025-05-09,151721.41
2025-05-10,151721.41
2025-05-11,151721.41
2025-05-12,151721.41
2025-05-13,151721.41
2025-05-14,151721.41
2025-05-15,151721.41
2025-05-16,151721.41
2025-05-17,151721.41
2025-05-18,151721.41
2025-05-19,151721.41
2025-05-20,151721.41
2025-05-21,151721.41
2025-05-22,151721.41
2025-05-23,151721.41
2025-05-24,151721.41
2025-05-25,151721.41
2025-05-26,151721.41
2025-05-27,151721.41
2025-05-28,151721.41
2025-05-29,151721.41
2025-05-30,151721.41
2025-05-31,151721.41
2025-06-01,151721.41
2025-06-02,151721.41
2025-06-03,151721.41
2025-06-04,151721.41
2025-06-05,151721.41
2025-06-06,151721.41
2025-06-07,151721.41
2025-06-08,151721.41
2025-06-09,151721.41
2025-06-10,151721.41
2025-06-11,151721.41
2025-06-12,151721.41
2025-06-13,151721.41
2025-06-14,151721.41
2025-06-15,153794.44
2025-06-16,153794.44
2025-06-17,153794.44
2025-06-18,153794.44
2025-06-19,153794.44
2025-06-20,153794.44
2025-06-21,153794.44
2025-06-22,153794.44
2025-06-23,153794.44
2025-06-24,153794.44
2025-06-25,153794.44
2025-06-26,153794.44
2025-06-27,153794.44
2025-06-28,153794.44
2025-06-29,153794.44
2025-06-30,153794.44
2025-07-01,153794.44
2025-07-02,153794.44
2025-07-03,153794.44
2025-07-04,153794.44
2025-07-05,153794.44
2025-07-06,153794.44
2025-07-07,153794.44
2025-07-08,153794.44
2025-07-09,153794.44
2025-07-10,153794.44
2025-07-11,153794.44
2025-07-12,153794.44
2025-07-13,153794.44
2025-07-14,153794.44
2025-07-15,153794.44
2025-07-16,153794.44
2025-07-17,153794.44
2025-07-18,153794.44
2025-07-19,153794.44
2025-07-20,153794.44
2025-07-21,153794.44
2025-07-22,153794.44
2025-07-23,153794.44
2025-07-24,153794.44
2025-07-25,153794.44
2025-07-26,153794.44
2025-07-27,153794.44
2025-07-28,153794.44
2025-07-29,153794.44
2025-07-30,153794.44
2025-07-31,153794.44
2025-08-01,153794.44
2025-08-02,153794.44
2025-08-03,153794.44
2025-08-04,153794.44
2025-08-05,153794.44
2025-08-06,152235.65
2025-08-07,152235.65
2025-08-08,152235.65
2025-08-09,152235.65
2025-08-10,152235.65
2025-08-11,152235.65
2025-08-12,152235.65
2025-08-13,150451.71
2025-08-14,150451.71
2025-08-15,150451.71
2025-08-16,150451.71
2025-08-17,150451.71
2025-08-18,150451.71
2025-08-19,148179.21
2025-08-20,148179.21
2025-08-21,148179.21
2025-08-22,148179.21
2025-08-23,148179.21
2025-08-24,148179.21
2025-08-25,148179.21
2025-08-26,148601.39
2025-08-27,148601.39
2025-08-28,148601.39
2025-08-29,148601.39
2025-08-30,148601.39
2025-08-31,148601.39
2025-09-01,148601.39
2025-09-02,148601.39
2025-09-03,148601.39
2025-09-04,150704.42
2025-09-05,150704.42
2025-09-06,150704.42
2025-09-07,150704.42
2025-09-08,150704.42
2025-09-09,150704.42
2025-09-10,150704.42
2025-09-11,150704.42
2025-09-12,150704.42
2025-09-13,150704.42
2025-09-14,150704.42
2025-09-15,150704.42
2025-09-16,150704.42
2025-09-17,150704.42
2025-09-18,150704.42
2025-09-19,150704.42
2025-09-20,150704.42
2025-09-21,150704.42
2025-09-22,150704.42
2025-09-23,150704.42
2025-09-24,150704.42
2025-09-25,150704.42
2025-09-26,150704.42
2025-09-27,150704.42
2025-09-28,150704.42
2025-09-29,150704.42
2025-09-30,150704.42
2025-10-01,150704.42
2025-10-02,150704.42
2025-10-03,150704.42
2025-10-04,150704.42
2025-10-05,150704.42
2025-10-06,150704.42
2025-10-07,150704.42
2025-10-08,150704.42
2025-10-09,150704.42
2025-10-10,150704.42
2025-10-11,150704.42
2025-10-12,150704.42
2025-10-13,150704.42
2025-10-14,147787.68
2025-10-15,147787.68
2025-10-16,147787.68
2025-10-17,147787.68
2025-10-18,147787.68
2025-10-19,147787.68
2025-10-20,145467.74
2025-10-21,145467.74
2025-10-22,145467.74
2025-10-23,145467.74
2025-10-24,145467.74
2025-10-25,145467.74
2025-10-26,145467.74
2025-10-27,145467.74
2025-10-28,145467.74
2025-10-29,145467.74
2025-10-30,145467.74
2025-10-31,145467.74
2025-11-01,145467.74
2025-11-02,145467.74
2025-11-03,145467.74
2025-11-04,146198.42
2025-11-05,146198.42
2025-11-06,146198.42
2025-11-07,146198.42
2025-11-08,146198.42
2025-11-09,146198.42
2025-11-10,146198.42
2025-11-11,146198.42
2025-11-12,146198.42
2025-11-13,146198.42
2025-11-14,146198.42
2025-11-15,146198.42
2025-11-16,146198.42
2025-11-17,147142.74
2025-11-18,147142.74
2025-11-19,147142.74
2025-11-20,147142.74
2025-11-21,147142.74
2025-11-22,147142.74
2025-11-23,147142.74
2025-11-24,147142.74
2025-11-25,147142.74
2025-11-26,147142.74
2025-11-27,147142.74
2025-11-28,147142.74
2025-11-29,147142.74
2025-11-30,147142.74
2025-12-01,147142.74
2025-12-02,147142.74
2025-12-03,147142.74
2025-12-04,147142.74
2025-12-05,147142.74
2025-12-06,147142.74
2025-12-07,147142.74
2025-12-08,147142.74
2025-12-09,147142.74
2025-12-10,147142.74
2025-12-11,147142.74
2025-12-12,144337.5
2025-12-13,144337.5
2025-12-14,144337.5
2025-12-15,144337.5
2025-12-16,144337.5
2025-12-17,144337.5
2025-12-18,144337.5
2025-12-19,144337.5
2025-12-20,144337.5
2025-12-21,145189.58
2025-12-22,145801.49
2025-12-23,145801.49
2025-12-24,145801.49
2025-12-25,145801.49
2025-12-26,145801.49
2025-12-27,145801.49
2025-12-28,145801.49
2025-12-29,145801.49
2025-12-30,145801.49
2025-12-31,145801.49
2026-01-01,145801.49
2026-01-02,145801.49
2026-01-03,145801.49
2026-01-04,145801.49
2026-01-05,145801.49
2026-01-06,145801.49
2026-01-07,145801.49
2026-01-08,145801.49
2026-01-09,145801.49
2026-01-10,145801.49
2026-01-11,145801.49
2026-01-12,145801.49
2026-01-13,145801.49
2026-01-14,145801.49
2026-01-15,145801.49
2026-01-16,145801.49
2026-01-17,145801.49
2026-01-18,145801.49
2026-01-19,145801.49
2026-01-20,145801.49
2026-01-21,147999.87
2026-01-22,147999.87
2026-01-23,147999.87
2026-01-24,147999.87
2026-01-25,147999.87
2026-01-26,147999.87
2026-01-27,147999.87
2026-01-28,147999.87
2026-01-29,147999.87
2026-01-30,147999.87
2026-01-31,147999.87
2026-02-01,147999.87
2026-02-02,147999.87
2026-02-03,147999.87
2026-02-04,146469.89
2026-02-05,146469.89
2026-02-06,146469.89
2026-02-07,146469.89
2026-02-08,146469.89
2026-02-09,146469.89
2026-02-10,146469.89
2026-02-11,146469.89
2026-02-12,146469.89
2026-02-13,146469.89
2026-02-14,146469.89
2026-02-15,146469.89
2026-02-16,146469.89
2026-02-17,146469.89
2026-02-18,146469.89
2026-02-19,146469.89
2026-02-20,146469.89
2026-02-21,146469.89
2026-02-22,146469.89
2026-02-23,146469.89
2026-02-24,146469.89
2026-02-25,148513.97
2026-02-26,148513.97
2026-02-27,148513.97
2026-02-28,148513.97
2026-03-01,148513.97
2026-03-02,148513.97
2026-03-03,148513.97
2026-03-04,148513.97
2026-03-05,148513.97
2026-03-06,148513.97
2026-03-07,148513.97
2026-03-08,148513.97
2026-03-09,148513.97
2026-03-10,148513.97
2026-03-11,148513.97
2026-03-12,148513.97
2026-03-13,148513.97
2026-03-14,148513.97
2026-03-15,149776.75
